predicted_sentiment,prediction_probability,sentiment_label,positive_texts_count,negative_texts_count,total_texts,positive_percentage,negative_percentage,text
1,0.8196306,Positive,1388.0,19.0,1407.0,98.64960909737029,1.3503909026297085,συναλλαγματικοσ απειλω μεσογειοσ δραματικοσ προβλεψη αυξηση πυρκαγιων
1,0.8154106,Positive,,,,,,κλιματικοσ αλλαγη απειλω μεσογειοσ δραματικοσ προβλεψη αυξηση πυρκαγιων
1,0.8568137,Positive,,,,,,κλιματικοσ αλλαγη αυξηνω δασικοσ πυρκαγια παγκοσμιωσ μεσογειοσ
1,0.8071982,Positive,,,,,,κλιματικοσ αλλαγη αυξηνω επομενοσ χρονοσ δασικοσ πυρκαγιεσ παγκοσμιωσ mononews mononewsgr
1,0.90370613,Positive,,,,,,μελετη κλιματικοσ αλλαγη αυξηνω επομενοσ χρονοσ δασικοσ πυρκαγιεσ παγκοσμιωσ μεσογειοσ
1,0.8714514,Positive,,,,,,κλιματικοσ αλλαγη αυξηνω επομενοσ χρονοσ δασικοσ πυρκαγιεσ παγκοσμιωσ μεσογειοσ
1,0.90370613,Positive,,,,,,μελετη κλιματικοσ αλλαγη αυξηνω επομενοσ χρονοσ δασικοσ πυρκαγιεσ παγκοσμιωσ μεσογειοσ
1,0.7901721,Positive,,,,,,κλιματικοσ αλλαγη πρωτοφανησ τελευταιοσ χρονοσ ανοδοσ σταθμη θαλασσων
1,0.693555,Positive,,,,,,κλιματικοσ αλλαγη επηρεαζω παιδι γεννηση
1,0.9568209,Positive,,,,,,βρετανια ακτιβιστησ κολλησαν χερι πινακασ γκογκ διαμαρτυρομενοσ κλιματικοσ αλλαγη βιντεο
1,0.890542,Positive,,,,,,κλιματικοσ αλλαγη παναρχαια αγνωστοσ μικροβιο απελευθερωθουν παγετωνασ λιωνω μπορω πυροδοτησουν πανδημια
1,0.8448908,Positive,,,,,,κλικ διαβαστε εγκλιματιστηκατε αλλαγη αγνωστοσ μικροβιοσ παγιδευμενοσ παγετωνασ λιωνω μπορω πυροδοτησουν νεοσ
1,0.9379001,Positive,,,,,,κλιματικοσ αλλαγη αγνωστα μικροβιοσ παγιδευμενοσ παγετωνασ λιωνω πυροδοτησουν νεοσ πανδημια documento
1,0.9329946,Positive,,,,,,κλιματικοσ αλλαγη παγοσ λιωνω μπορω απελευθερωσουν μικροβιο προκαλω νεοσ πανδημια
1,0.9228992,Positive,,,,,,κλιματικοσ αλλαγη γουστερασ προειδοποιω ποσο ευαλωτοσ καραϊβικη
1,0.9174616,Positive,,,,,,γουστερεσ καραϊβικη κινδυνευω περιοχη κλιματικοσ κριση
1,0.9228992,Positive,,,,,,κλιματικοσ αλλαγη προειδοποιω ποσο ευαλωτοσ καραϊβικη
1,0.78014433,Positive,,,,,,περιβαλλον επαγγελματικοσ διεξοδοσ
1,0.7764714,Positive,,,,,,προγραμμα περιβαλλον κλιματικοσ αλλαγη συνεχιζω προγραμμα εξοικονομω αναμενω ξεκινω χρηματοδοτηθουν παρεμβασεισ greco islands επισημαινω μεσο κοινωνικοσ δικτυωση υφυπουργοσ αναπτυξη
1,0.8438954,Positive,,,,,,δημαρχοσ χερσονησου εκπροσωπησε καδε διαδικτυακοσ συσκεψη εργο προσαρμογη κλιματικη αλλαγη
1,0.8872247,Positive,,,,,,διαδικτυακοσ ημεριδα προσαρμογη περιφερειασ ιονιων νησοσ κλιματικη αλλαγη
1,0.8494534,Positive,,,,,,συνδυασμοσ παραγοντων φυσικοσ καταστροφη ανοδοσ πληθωρισμοσ πανδημια ενεργειακοσ κλιματικοσ κριση δαμοκλειο
1,0.89068896,Positive,,,,,,φυση πασχων naturapatiens νεοσ καλλιτεχνεσ κλιματικη αλλαγη ομαδικοσ εκθεση εικαστικοσ workshop
1,0.8906024,Positive,,,,,,ερευνα κλιματικοσ αλλαγη αυξηνω επομενοσ χρονοσ δασικοσ πυρκαγιεσ παγκοσμιωσ ερευνα συναλλαγματικοσ πυρκαϊα
1,0.8906024,Positive,,,,,,ερευνα κλιματικοσ αλλαγη αυξηνω επομενοσ χρονοσ δασικοσ πυρκαγιεσ παγκοσμιωσ ερευνα συναλλαγματικοσ πυρκαϊα
1,0.85265416,Positive,,,,,,ερευνα πιστευω ελληνασ κλιματικοσ αλλαγη
1,0.8912265,Positive,,,,,,κλιματικοσ αλλαγη πρωτοσ αεροπορικοσ εταιρεια δεχομαι μηνυση greenwashing ειδησεισ νεοσ βημα online
1,0.81824166,Positive,,,,,,κλιματικοσ κριση φετινοσ ιουνιοσ τριτοσ θερμοσ παγκοσμιωσ larissapress
1,0.85862255,Positive,,,,,,κλιματικη αλλαγη
1,0.84902424,Positive,,,,,,κλικ διαβαστε thecallerxρ στογιαννιδησ κλιματικοσ κριση αντιμετωπιζω αυτοσχεδιασμοσ
1,0.820684,Positive,,,,,,στογιαννιδησ κλιματικοσ κριση χρειαζομαστε επιστημονικοσ δεδομενα
1,0.9186853,Positive,,,,,,κλιματικοσ αλλαγη εφιαλτικοσ προγνωση ελλαδα βαθμοσ κελσιου πανω θερμοκρασια τελοσ αιωνασ
1,0.88389647,Positive,,,,,,κλιματικοσ αλλαγη βαθμουσ ανεβει θερμοκρασια ελλαδα χρονοσ
1,0.81865305,Positive,,,,,,κλικ διαβαστε thetocη κλιματικοσ αλλαγη χτυπα ελλαδα βαθμουσ αυξανω θερμοκρασια τελοσ αιωνασ
1,0.80052185,Positive,,,,,,στογιαννιδησ κλιματικοσ κριση χρειαζομαστε επιστημονικοσ δεδομενο επιστημονικοσ τεκμηριωση εμπειρισμοσ
1,0.87807065,Positive,,,,,,οριστε λυση κλιματικοσ κριση fullscale nuclear would cool planet
1,0.9053663,Positive,,,,,,στογιαννιδησ ανακαλυψε κλιματικοσ κριση newsbreak
1,0.8277686,Positive,,,,,,εκτορ κλιματικοσ αλλαγη απειλω τραπεζα
1,0.80052185,Positive,,,,,,κλιματικοσ κριση χρειαζομαστε επιστημονικοσ δεδομενο επιστημονικοσ τεκμηριωση εμπειρισμοσ αυτοσχεδιασμοσ
1,0.70111346,Positive,,,,,,ευρωπη κλιματικοσ αλλαγη προειδοποιηση καλοκαιρι φωτια σταχτησ
1,0.7925967,Positive,,,,,,κλιματικοσ αλλαγη προειδοποιω καλοκαιρι φωτια σταχτησ δημοκρατικοσ ροδοσ δωδεκανησα
1,0.8277686,Positive,,,,,,εκτορ κλιματικοσ αλλαγη απειλω τραπεζα moneypress
1,0.8277686,Positive,,,,,,εκτορ κλιματικοσ αλλαγη απειλω τραπεζα moneypress
1,0.79545414,Positive,,,,,,κλιματικη αλλαγη ποσο αναμενω αυξανω θερμοκρασια ελλαδα τελοσ αιωνασ εφιαλτικοσ προγνωση
1,0.5410641,Positive,,,,,,σαγησ κλιματικοσ κριση επηρεαζω τροφη νερο ζητημα γεωστρατηγικοσ
1,0.671208,Positive,,,,,,βιωσιμοτητα αφορω μελλοντικοσ γενια καλοσ προβληματιστω αναστρεφουμε σταματω λεμε κλιματικοσ αλλαγη καταστρεφω κοσμοσ
1,0.9042781,Positive,,,,,,κραυγη χρωμα νεοσ καλλιτεχνασ κλιματικοσ κριση εκθεση αργοστολι
1,0.854642,Positive,,,,,,σπανιοσ χρυσο τσακαλι εμφανιστηκε λιμνη καρλα
1,0.89976746,Positive,,,,,,google δινω δολαριο μαχη κλιματικοσ αλλαγη
1,0.90983963,Positive,,,,,,ακραιοσ καυσωνασ σαρωνω ισπανια πορτογαλια απειλει ακαριαιοσ γαλλια βρετανια γινομαι ελλαδα καυσωνασ
1,0.90983963,Positive,,,,,,ακραιοσ καυσωνασ σαρωνω ισπανια πορτογαλια απειλει ακαριαιοσ γαλλια βρετανια γινομαι ελλαδα καυσωνασ
1,0.86771554,Positive,,,,,,google προγραμμα ευρω τολμηροσ ιδεεσ προωθηση δραση εναντια κλιματικοσ αλλαγη mononews mononewsgr
1,0.7734827,Positive,,,,,,τιναφτορε λεπτο μπορεσει κατατσακισε ηλιοψηνεται κλιματικη αλλαγη μητσος εγινε παραπατησα
1,0.8916422,Positive,,,,,,google αναζητω ιδεα δραση εναντια κλιματικοσ αλλαγη
1,0.89976746,Positive,,,,,,google δινω δολαριο μαχη κλιματικοσ αλλαγη
1,0.5746505,Positive,,,,,,κλιματικοσ αλλαγη βαζω φωτια ευρωπη
1,0.8932035,Positive,,,,,,αυξηση φαινομενοσ οφειλω κλιματικοσ αλλαγη συμφωνα επιστημονασ alphanewslive
1,0.79031503,Positive,,,,,,αττικη πορτοκαλι συναγερμοσ φωτια πεμπτη
1,0.78920186,Positive,,,,,,περιφερειακοσ σχεδιο προσαρμογη κλιματικοσ αλλαγη πεσπκα δημοκρατικοσ ροδοσ δωδεκανησα
1,0.8561879,Positive,,,,,,δημοσ καισαριανησ υμηττοσ προγραμμα κλιματικη αλλαγη σχολειο
1,0.78905237,Positive,,,,,,ελληνασ κτηνοτροφοσ εξεγερθει ολλανδια ζητω θανατωση αγελαδοσ κλιματικοσ αλλαγη
1,0.8840971,Positive,,,,,,ερευνα κλιματικοσ αλλαγη αυξανω εμφυτη
1,0.8098633,Positive,,,,,,κλιματικοσ αλλαγη σοβαροσ κινδυνοσ λιωσιμο παγων
1,0.75561404,Positive,,,,,,αιωνασ γιατι εξαφανιζω δαση πυρκαγια κλιματικοσ αλλαγη ζομπι
1,0.8441365,Positive,,,,,,ποσο επηρεαζω τουρισμοσ κλιματικοσ αλλαγη
1,0.76539,Positive,,,,,,κλιματικοσ αλλαγη κλοιο καυσωνασ πλανητησ larissapress
1,0.9277276,Positive,,,,,,προειδοποιω κλιματικοσ κριση συλλογικοσ δραση συλλογικοσ αυτοκτονια
1,0.8907516,Positive,,,,,,φυση πασχουσα νεοσ καλλιτεχνεσ κλιματικοσ κριση καλυτερεσ εκθεση καλοκαιρι ελλαδα
1,0.7901067,Positive,,,,,,κλιματικοσ αλλαγη κλοιο καυσωνασ πλανητησ
1,0.65283877,Positive,,,,,,κλοιοσ καυσωνασ πλανητησ κλιματικοσ αλλαγη απειλω εργαζομενοσ ενεργεια επαρκεια τροφιμα
1,0.67059505,Positive,,,,,,φταιει κλιματικη αλλαγη ηλιθιοτητων βγαινει γαμημενο παραμυθι
1,0.5045557,Positive,,,,,,φωτια καυσωνασ σαρωνω ευρωπη κλιματικοσ αλλαγη σκοτωνω
1,0.67143965,Positive,,,,,,φονικοσ καυσωνασ σαρωνω ευρωπη πολυσ θανατοσ καυσωνασ ευρωπη συναλλαγματικοσ
1,0.67143965,Positive,,,,,,φονικοσ καυσωνασ σαρωνω ευρωπη πολυσ θανατοσ καυσωνασ ευρωπη συναλλαγματικοσ
1,0.90667826,Positive,,,,,,κλιματικοσ κριση ανθρωποτητα οδηγειται συλλογικοσ αυτοκτονια προειδοποιω
1,0.9038687,Positive,,,,,,κλιματικοσ κριση ανθρωποτητα αντιμετωπιζω συλλογικοσ αυτοκτονια προειδοποιω φρουτιερεσ
1,0.89218736,Positive,,,,,,κλιματικοσ κριση χτυπα καυσωνασ δασικοσ πυρκαγια μεγαλοσ μεροσ ευρωπη
1,0.77486783,Positive,,,,,,κλιματικη αλλαγη πλανητησ λιωνω καυσωνεσ moneypress
1,0.7935088,Positive,,,,,,κλιματικοσ αλλαγη πλανητησ λιωνω καυσωνεσ moneypress
1,0.9383004,Positive,,,,,,κλιματικοσ κριση εφερε megafires ευαλωτοσ μεσογειοσ
1,0.8976295,Positive,,,,,,τεραστιοσ πυρκαγιεσ γαλλια ισπανια πορτογαλια ευαλωτοσ μεσογειοσ κλιματικοσ αλλαγη φωτια καταστροφικε
1,0.8976295,Positive,,,,,,τεραστιοσ πυρκαγιεσ γαλλια ισπανια πορτογαλια ευαλωτοσ μεσογειοσ κλιματικοσ αλλαγη φωτια καταστροφικε
1,0.81294525,Positive,,,,,,φταιει κλιματικη αλλαγη λεει ψυχοπαθητικη γκρεμιζω αρχιδιαιτητησ
1,0.84441775,Positive,,,,,,φταιει κλιματικη αλλαγη ηλιθιε
1,0.8806759,Positive,,,,,,κλιματικοσ κριση νεοσ σανο οικογενειακοσ συσκευασια χορταινονταν προβα
0,0.45204774,Negative,,,,,,νοσηλευτικοι πυροσβεστησ δασκαλοσ σκιζω φοροσ ομπρελα κραταμε παιδι γιατι κλιματικοσ κριση βαρω εγκεφαλοσ
1,0.758592,Positive,,,,,,αγαπητε συμπολιτησ σπιτι καουν φταιει κλιματικοσ αλλαγη ευχαριστημενοσ ζεισ
1,0.93396807,Positive,,,,,,ευθυνω κλιματικοσ αλλαγη πεντελη βιντεο ντοκουμεντο μαυροφορεμενο εμπρηστη
1,0.7654348,Positive,,,,,,κλιματικοσ αλλαγη διαφαινω μεγαλειο τελευταιοσ διαστημα αλλοκοτοσ καιροσ χωρα αερασ φυσω πολυσ ημερα σερι πανευρωπαϊκοσ καυσωνασ hernewsgr
1,0.89206374,Positive,,,,,,κλιματικοσ αλλαγη ποδι
1,0.91058636,Positive,,,,,,περιμενω κλιματικοσ αλλαγη μεγαλοσ διαρκεια αγριοσ καυσωνασ μαθουμε ζουμε επισημανε μετεωρολογοσ
1,0.91147655,Positive,,,,,,ρυπανση καθαροσ αερασ επιδεινωνω κλιματικοσ αλλαγη
1,0.86092985,Positive,,,,,,κλιματικοσ αλλαγη ντεμπαι υπαρξιακη απειλη κοσμοσ αναγκαια μετρο
1,0.89206374,Positive,,,,,,κλιματικοσ αλλαγη ποδι
1,0.8812499,Positive,,,,,,φαινομενο τροπικοσ νυχτα συνδεω κλιματικοσ κριση μαστιζω alphanewslive cyprus
1,0.8489324,Positive,,,,,,κλιματικοσ αλλαγη δυσοιωνεσ προβλεψεισ επιστημονοσ μελλον
1,0.8667269,Positive,,,,,,κλιματικοσ αλλαγη τριπλασιαστουν θερμοσ ημερα ελλαδα
1,0.85686904,Positive,,,,,,κλιματικοσ αλλαγη δυσοιωνεσ προβλεψεισ επιστημονασ μελλον
1,0.90536237,Positive,,,,,,δυσοιωνεσ προβλεψεισ ειδικοσ κλιματικοσ αλλαγη τριπλασιαστουν θερμοσ ημερα ελλαδα ευρωπαιε θερμοκρασιακοσ θοδωρησγιανναρος καυσωνων
1,0.78114927,Positive,,,,,,παρνηθαμεγαραδαδιασαλαμινασεϊχ φταιει κλιματικοσ αλλαγη τσογλανι φιλμακι
1,0.8734604,Positive,,,,,,κλιματικοσ αλλαγη δυσοιωνεσ προβλεψεισ επιστημονοσ μελλον hernewsgr κλιματικοσ αναλλαγη κλιματικοσ
1,0.86131287,Positive,,,,,,κλιματικοσ αλλαγη τριπλασιαστουν θερμοσ ημερα ελλαδα δυσοιωνεσ προβλεψεισ
1,0.8667269,Positive,,,,,,κλιματικοσ αλλαγη χτυπαω ελλαδα τριπλασιαστουν θερμοσ ημερα
1,0.80411214,Positive,,,,,,κλιματικοσ αλλαγη δυσοιωνησ προβλεψη τριπλασιασμοσ θερμη ημερων ελλαδα documento
1,0.86131287,Positive,,,,,,κλιματικοσ αλλαγη χτυπαω ελλαδα τριπλασιαστουν θερμοσ ημερα δυσοιωνεσ προβλεψεισ
1,0.8489324,Positive,,,,,,κλιματικοσ αλλαγη δυσοιωνεσ προβλεψεισ επιστημονοσ μελλον
1,0.8489324,Positive,,,,,,κλιματικοσ αλλαγη δυσοιωνεσ προβλεψεισ επιστημονοσ μελλον climatecrisis climatechange
1,0.90019214,Positive,,,,,,κλιματικοσ αλλαγη κοινοσ παρονομαστησ καυσωνεσ πυρκαγιεσ πλημμυρεσ ελλαδα γαλλια ισπανια πορτογαλια
1,0.8489324,Positive,,,,,,κλιματικοσ αλλαγη δυσοιωνεσ προβλεψεισ επιστημονοσ μελλον
1,0.85711175,Positive,,,,,,κλιματικοσ αλλαγη ανασα πρασινοσ ταρατσα αναζητω πολιτησ συμφωνα ερευνα
1,0.7467527,Positive,,,,,,ψεκασα φωναζω χρονοσ φορτωζω κλιματικοσ κριση πρασινοσ λοξοκοιταξουν λενε ψεκασα
1,0.65553546,Positive,,,,,,ανησυχητικοσ πλασαρουν κλιματικοσ αλλαγη αιτια πασα νοσο πασα μαλακια ανησυχητικοσ κοσμοσ πιστευω
1,0.84312344,Positive,,,,,,χαραλαμπησ κανονικοτητα ξεραμε ερθει παρουσα κλιματικοσ κριση
1,0.81750554,Positive,,,,,,συνεχησ επικληση κλιματικοσ αλλαγη κατανταει χυδαιοσ γιατι ειλικρινησ αποτελω αφορμη πολυσ μετρο
1,0.77366984,Positive,,,,,,ευρωπη απροετοιμαστη μπροστα κλιματικοσ αλλαγη
1,0.69271743,Positive,,,,,,κουσκουσουρια απαγορευω αρχαιολογοσ ξεχωριζω σκελετοσ αρσενικοσ θηλυκουσ κλιματικοσ αλλαγη επηρεαζω μυαλο ορισμενοσ
1,0.8737018,Positive,,,,,,τυμβοσ σκαστα ιππο ριχνω ευθυνη ζημια κλιματικοσ κριση
1,0.8845488,Positive,,,,,,κλιματικοσ αλλαγη λιωσιμοσ παγετωνασ μετατοπιζω συνορο ελβετια ιταλια climatecrisis italy switzerland
1,0.88195807,Positive,,,,,,τζουμερκα προτεινοντασ λυση κλιματικοσ κριση ενεργειακοσ φτωχεια
1,0.8925668,Positive,,,,,,κλιματικοσ αλλαγη νοημα δενδροφυτευση
1,0.50391734,Positive,,,,,,γιατι ευρωπη απροετοιμαστη μπροστα κλιματικοσ αλλαγη ευρωπη συναλλαγματικοσ
1,0.50391734,Positive,,,,,,γιατι ευρωπη απροετοιμαστη μπροστα κλιματικοσ αλλαγη ευρωπη συναλλαγματικοσ
1,0.90539736,Positive,,,,,,κοιτα παιδακι κανω κλιματικη αλλαγη ιουλιου βαθμουσ σκιαν καηκε
1,0.9238905,Positive,,,,,,πεθανε τζειμσ λαβδακο επιστημονασ προεβλεψε κλιματικοσ κριση
1,0.75282174,Positive,,,,,,φταιει κλιματικη αλλαγη λενε αφησουν ραδικι καθικια
1,0.90539736,Positive,,,,,,κοιτα παιδακι κανω κλιματικη αλλαγη ιουλιου βαθμουσ σκιαν καηκε
1,0.8869896,Positive,,,,,,βεραντα συζηταμε κλιματικοσ κριση αρειανοσ κατεβηκε
1,0.8539451,Positive,,,,,,εκατοστησ υγεια αλεξησ ετοσ πεθανε τζειμσ λαβδακο επιστημονασ διατυπωσε θεωρια γαια προβλεψε κλιματικοσ κριση τρωγλοδυτεσ σεληνη γιατι κανω μουτρο χαλιο
1,0.88245696,Positive,,,,,,κλιματικοσ αλλαγη αλλαζω πυρκαγιεσ ευρωπη ειδικοτερα μεσογειοσ
1,0.8005885,Positive,,,,,,τσακιρησ ερχομαι προγραμμα ειπα ενεργεια κλιματικοσ αλλαγη mononews mononewsgr
1,0.8225474,Positive,,,,,,κλιματικοσ κριση αλλαζω πυρκαγια ευρωπη ειδικοτερα μεσογειοσ ευρωπη συναλλαγματικοσ κλιματιστικοσ μεσογειοσ πυρκαγια
1,0.74576783,Positive,,,,,,κλιματικοσ κριση αλλαξαν πυρκαγιεσ ευρωπη πολεμοσ_στην_ουκρανια survivorgr πολιτικαντη πανδημιων greece
1,0.8476224,Positive,,,,,,προγραμμα ειπα ενεργεια κλιματικοσ αλλαγη προαναγγελλω τσακιρησ
1,0.71527225,Positive,,,,,,διεθνησ μελετη συμμετεχω εθνικοσ αστεροσκοπειο αθηνων εντοπισε προηγουμενου αλλαγη καθεστωσ πυρκαγιων ευρωπη συνδεω κλιματικοσ αλλαγη
1,0.8894673,Positive,,,,,,κλιματικοσ αλλαγη αλλαζω πυρκαγιεσ ευρωπη ειδησεισ νεοσ βημα online
1,0.9234894,Positive,,,,,,σταυροσ σολωμοσ εξηγω επιστημη κλιματικοσ αλλαγη
1,0.77534306,Positive,,,,,,κλιματικοσ κριση βηχει καπνοσ φωτια χανω δαση τελευταιοσ ανθρωπινη καταφυγη
1,0.87496865,Positive,,,,,,εκδηλωση κοινου μαγνητων κλιματικοσ κριση
1,0.83667195,Positive,,,,,,κλιματικη αλλαγμενη χαρασο ναζντροβια
1,0.85862255,Positive,,,,,,κλιματικη αλλαγη προβατο μπεεεεεεεεεεεε
1,0.88447285,Positive,,,,,,εκδηλωση κοινου αμαγνητιστων βολο κλιματικοσ κριση
1,0.91301364,Positive,,,,,,παρασκευη συλλογη ρεπορταζ κλιματικοσ αλλαγη ενδιαφερουσεσ αναλυσεισ θεμα διεθνησ επικαιροτητα νημα μεγαλοσ εικονα ειδησεων παρασκευη mailbox μεσω
1,0.7522176,Positive,,,,,,γεωργια πυρκαγιεσ κλιματικοσ αλλαγη απειλω παρθενοσ δαση χωρα
1,0.8840971,Positive,,,,,,ερευνα κλιματικοσ αλλαγη αυξανω εμφυτη
1,0.9089181,Positive,,,,,,ζερβοσ κλιματικοσ αλλαγη αυξηση μεσησ θερμοκρασια μειωση βροχοπτωσεων ελλαδα δημοκρατικοσ ροδοσ δωδεκανησα
1,0.7382604,Positive,,,,,,επισημαινω γραμματεασ ακαδημια αθηνων εθνικοσ εκπροσωποσ ελλαδα κλιματικη αλλαγη χρηστοσ ζερβοσ
1,0.8038179,Positive,,,,,,φταιει κλιματικοσ κριση ελλιπησ καθαρισμοσ δασικοσ εκτασεων εμπρησμοσ ανθρωπινη αμελεια κοκτειλ παραπανω φωτακια
1,0.9344971,Positive,,,,,,πυρκαγιεσ πανευρωπαϊκοσ παγκοσμιοσ φαινομενο σχετιζω κλιματικοσ κριση γινομαστε μαρτυρασ πυρκαγιων σιβηρια απιθανοσ μεροσ αιτια μειωση σχετικοσ υγρασια εδαφουσ
1,0.907652,Positive,,,,,,κλιματικοσ αλλαγη χαρτια υποσχεσεισ οικονομικοσ βοηθεια ευαλωτοσ χωρα
1,0.907652,Positive,,,,,,κλιματικοσ αλλαγη χαρτια υποσχεσεισ οικονομικοσ βοηθεια ευαλωτοσ χωρα
1,0.91147655,Positive,,,,,,ρυπανση καθαροσ αερασ επιδεινωνω κλιματικοσ αλλαγη
1,0.91147655,Positive,,,,,,ρυπανση καθαροσ αερασ επιδεινωνω κλιματικοσ αλλαγη
1,0.90543336,Positive,,,,,,καιροσ κλιμα συγχεω ζεστοσ καλοκαιρι κλιματικοσ αλλαγη
1,0.89752316,Positive,,,,,,λεγαμε καλοκαιρι κλιματικοσ αλλαγη documento
1,0.89752316,Positive,,,,,,λεγαμε καλοκαιρι κλιματικοσ αλλαγη
1,0.8338953,Positive,,,,,,γροιλανδια κλιματικοσ αλλαγη αλλοιωνω τοπιο γλωσσα
1,0.8338953,Positive,,,,,,γροιλανδια κλιματικοσ αλλαγη αλλοιωνω τοπιο γλωσσα
1,0.6906165,Positive,,,,,,κλιματικοσ αλλαγη γιατι βραδια ιδιαιτερα γινομαι καυτα
1,0.6906165,Positive,,,,,,κλιματικοσ αλλαγη γιατι βραδια ιδιαιτερα γινομαι καυτα
1,0.70990276,Positive,,,,,,κλιματικη κριση επικινδυνα ανεξερευνητοσ κινδυνοσ εξαφανιση ανθρωπινοσ ειδοσ
1,0.8379446,Positive,,,,,,σταματω κοροϊδια αγραφ απατητοσ βουνα
1,0.90130854,Positive,,,,,,καταπολεμω κλιματικοσ αλλαγη αναμμενουσ κινητηρασ λειτουργω κλιματισμοσ αυτοκινητο
1,0.9101437,Positive,,,,,,κλιματικη αλλαγη καμπανακι επιστημονοσ αναμενονται ακραιοσ φαινομενο φαινομενοκρατιων εγκλιματισμενη πλημμυριζεστε υπερθερμανση
1,0.8729689,Positive,,,,,,ιδιαιτερα καταστροφικοσ ανθρωποτητα μπορω αποδειχθει κλιματικοσ αλλαγη ανοδοσ παγκοσμιοσ θερμοκρασια ανωτερη αναμενομενησ λενε επιστημονασ valuenewsgr valuenews news greecenews
1,0.9137404,Positive,,,,,,κλικ διαβαστε cnnοι επιστημονασ προειδοποιω υποτιμηθει κλιματικοσ αλλαγη
1,0.9082778,Positive,,,,,,επιστημονασ κλιματικοσ αλλαγη μπορω φερω τελοσ ανθρωποτητα
1,0.915501,Positive,,,,,,επιστημονασ προειδοποιω υποτιμηθει κλιματικοσ αλλαγη
1,0.9202208,Positive,,,,,,επιστημονασ προειδοποιω κλιματικοσ αλλαγη μπορω φερω τελοσ ανθρωποτητα mononews mononewsgr
1,0.843727,Positive,,,,,,ερευνητεσ προειδοποιω κλιματικοσ αλλαγη μπορω φερω αφανισμοσ ανθρωποτητα
1,0.7440825,Positive,,,,,,προετοιμαζομαι χειροτερο υποτιμηθει κλιματικοσ αλλαγη μπορω φερω καταστροφικοσ τελοσ ανθρωποτητα προειδοποιω επιστημονασ climatecrisis climatechange
1,0.82162195,Positive,,,,,,κλιματικοσ αλλαγη μπορω φερω αφανισμοσ ανθρωποτητα tirnavospress
1,0.84421414,Positive,,,,,,κλιματικοσ αλλαγη φερω καταστροφικοσ τελοσ ανθρωποτητα συναγερμοσ επιστημονασ
1,0.66211414,Positive,,,,,,φωτια κλιματικοσ αλλαγη πληττω μελισσοκομια υφυπουργοσ αγροτικησ αναπτυξη αρθρογραφει newsbeast
1,0.915501,Positive,,,,,,υποτιμηθει κλιματικοσ αλλαγη προειδοποιω επιστημονασ
1,0.5550995,Positive,,,,,,κλιματικοσ αλλαγη συγκρουση ειρηνικοσ απερισκεπτοσ ηγετησ πολυτιμοσ ημιαγωγοσ κυρωση γκομενοσ επομενοσ αστροσ θετικα
1,0.94078606,Positive,,,,,,λεγαμε καλοκαιρι κλιματικοσ αλλαγη ειδησεισ νεοσ βημα online
1,0.82257,Positive,,,,,,ερευνητεσ κλιματικοσ αλλαγη μπορω φερω αφανισμοσ ανθρωποτητα ερευνητησ συναλλαγματικοσ ανθρωπια
1,0.82257,Positive,,,,,,ερευνητεσ κλιματικοσ αλλαγη μπορω φερω αφανισμοσ ανθρωποτητα ερευνητησ συναλλαγματικοσ ανθρωπια
1,0.9082778,Positive,,,,,,επιστημονασ κλιματικοσ αλλαγη μπορω φερω τελοσ ανθρωποτητα
1,0.91116935,Positive,,,,,,νεοσ μελετη κλιματικοσ αλλαγη μπορω φερω τελοσ ανθρωποτητα
1,0.9058274,Positive,,,,,,ετοιμαζω προπαγανδα κλιματικοσ αλλαγη
1,0.80256796,Positive,,,,,,κλιματικοσ αλλαγη επηρεαζω φυλο θαλασσιοσ χελωνων larissapress
1,0.8967527,Positive,,,,,,δεσμευση science based targets initiative κλιματικοσ κριση
1,0.95612395,Positive,,,,,,κλιματικοσ κριση προειδοποιουν ειδικοσ κοσμοσ προετοιμασμενοσ πιθανοσ κλιματικοσ τελοσ
1,0.8967527,Positive,,,,,,δεσμευση science based targets initiative κλιματικοσ κριση
1,0.8967527,Positive,,,,,,δεσμευση science based targets initiative κλιματικοσ κριση businessnewsgr
1,0.82653356,Positive,,,,,,επηρεαζω τουρισμοσ κλιματικοσ αλλαγη
1,0.7783075,Positive,,,,,,πυροσβεστεσ φινλανδια νορβηγια υπουργοσ κλιματικησ κριση πολιτικη προστασια ευρωπη ενωνω δυναμη εναντια κλιματικοσ κριση
1,0.9047934,Positive,,,,,,πρωτοσ προσφυγασ κλιματικη αλλαγη βυθιζω χωριο νησι φιτζι κλιματικοσ αναλλαγη βιογεωκλιματικα climatecrisis climateemergency fiji
1,0.90524256,Positive,,,,,,εκδηλωση κλιματικοσ κριση συνεπεια
1,0.9080266,Positive,,,,,,κινα αναστελλω στρατιωτικοσ διαλογοσ παυουν συζητηση κλιματικοσ αλλαγη
1,0.82653356,Positive,,,,,,επηρεαζω τουρισμοσ κλιματικοσ αλλαγη
1,0.8308169,Positive,,,,,,ιδεεσκαιαποψεισσ υπαρχω χρονοσ αντιστρεψουμε κλιματικοσ αλλαγη κειμενο δημοσιογραφοσ δημητρησ κωνσταντοπουλου climatechange
1,0.9243718,Positive,,,,,,τουρισμοσ κλιματικοσ αλλαγη ειδησεισ νεοσ βημα online
1,0.8800101,Positive,,,,,,επιστημονασ εκπεμπω κλιματικοσ αλλαγη μπορω φερω τελοσ ανθρωποτητα
1,0.9007904,Positive,,,,,,κλιματικοσ αλλαγη στοιχιζω χιλιαδα ευρωπαιουσ ανησυχητικοσ στοιχειο καυσωνεσ
1,0.84809923,Positive,,,,,,ξεκολλησε φιλοδοξοσ νομοσχεδιο κλιματικοσ αλλαγη υγεια businessnewsgr
1,0.8171058,Positive,,,,,,φιλοδοξοσ νομοσχεδιο κλιματικοσ αλλαγη μειωση τιμη φαρμακων
1,0.8422215,Positive,,,,,,κογκρεσο νομοσχεδιο ντεμπαι κλιματικοσ αλλαγη
1,0.82653356,Positive,,,,,,μαγιορκα επηρεαζω τουρισμοσ κλιματικοσ αλλαγη
1,0.87505156,Positive,,,,,,επηρεαζω τουρισμοσ κλιματικοσ αλλαγη ακραιοσ παραδειγμα μαγιορκα
1,0.87951386,Positive,,,,,,περασε γερουσια νομοσχεδιο ντεμπαι κλιματικοσ αλλαγη υγεια
1,0.82067215,Positive,,,,,,ευρωπη ιταλια κλιματικοσ αλλαγη πληγωνω λαδι κρασι
1,0.8171058,Positive,,,,,,φιλοδοξοσ νομοσχεδιο κλιματικοσ αλλαγη μειωση τιμη φαρμακων
1,0.9426962,Positive,,,,,,κλικ διαβαστε real news μελετη κλιματικοσ αλλαγη επιδεινωνω πανω μισεσ μεταδοτικοσ ασθενεια
1,0.9133013,Positive,,,,,,κλικ διαβαστε μελετη κλιματικοσ αλλαγη επιδεινωνω πανω μισεσ μεταδοτικοσ ασθενεια
1,0.891035,Positive,,,,,,καμπανακι επιστημονοσ κλιματικοσ αλλαγη επιδεινωνει ασθενεια
1,0.8624368,Positive,,,,,,κλιματικοσ αλλαγη επιδεινωνω ανθρωπινεσ μεταδοτικοσ ασθενεια
1,0.90518737,Positive,,,,,,κλιματικοσ αλλαγη επιδεινωνω πανω μισεσ μεταδοτικοσ ασθενεια εκτιμω νεοσ αμερικανοτουρκικοσ επιστημονικοσ ερευνα
1,0.89263713,Positive,,,,,,ερευνα κλιματικοσ κριση επιδεινωνω πανω μισεσ ανθρωπινεσ ασθενεια
1,0.85232735,Positive,,,,,,κλιματικοσ κριση ευποροσ κρατοσ καταβαλω αποζημιωση ευαλωτοσ κρατοσ
1,0.81646067,Positive,,,,,,κλιματικοσ αλλαγη μεσογειοσ αναφλεγω ξενικοσ ειδοσ ερχομαι
1,0.85848844,Positive,,,,,,κυκλαδα εκθεση φωτογραφια κλιματικοσ αλλαγη
1,0.87410694,Positive,,,,,,κλιματικοσ αλλαγη επιδεινωνω πανω μισεσ μεταδοτικοσ ασθενεια συναλλαγματικοσ μεταδοτικοσ ασθενεια https
1,0.87410694,Positive,,,,,,κλιματικοσ αλλαγη επιδεινωνω πανω μισεσ μεταδοτικοσ ασθενεια συναλλαγματικοσ μεταδοτικοσ ασθενεια https
1,0.86193836,Positive,,,,,,χαραλαμπος χαριτοπουλοσ κλιματικη αλλαγη υπερθερμανση πλανητη απατηθω
1,0.9183798,Positive,,,,,,κλιματικοσ αλλαγη αρκτικοσ ανεβαζω θερμοκρασια φορα ταχυτερα υπολοιποσ ειδησεισ νεοσ βημα online
1,0.8485904,Positive,,,,,,τελεια καταιγιδα ευρωπη ενεργειακοσ κλιματικοσ κριση moneypress
1,0.8485904,Positive,,,,,,τελεια καταιγιδα ευρωπη ενεργειακοσ κλιματικοσ κριση moneypress
1,0.781699,Positive,,,,,,κλιματικοσ αλλαγη ελεοσ δασικοσ πυρκαγιων νοτιοσ ευρωπη larissapress
0,0.23811643,Negative,,,,,,ευρωπη κλιματικοσ αλλαγη δασοσ ελεοσ φωτια
1,0.9251783,Positive,,,,,,κλιματικοσ αλλαγη αρκτικοσ ανεβαζω θερμοκρασια τεσσερισ φορα υπολοιποσ κοσμο
1,0.93763435,Positive,,,,,,περιοχη ευαισθητοσ ευαλωτοσ κλιματικοσ αλλαγη znews αρκτικε
1,0.9171704,Positive,,,,,,κλιματικοσ αλλαγη δημιουργω νεοσ δεδομενο αρκτικοσ weekendedition
1,0.82661176,Positive,,,,,,σωζεισ πλανητησ κλιματικοσ αλλαγη
1,0.8280146,Positive,,,,,,κλιματικοσ αλλαγη ευρωπη παραδοθει ακραιοσ ξηρασια επιστημονασ αισιοδοξοσ
1,0.8187529,Positive,,,,,,κλιματικη αλλαγη υπερθερμανση πλανητη απατηθω
1,0.82169193,Positive,,,,,,κλιματικοσ αλλαγη δειχνω δοντι δυτικοσ βορεια ευρωπη znews ξηρασιων κλιματικοσ απυρηνοσ συναλλαγματικοσ
1,0.81934786,Positive,,,,,,τοποθετηση βουλη αντιπροσωπων παρακατω βουλευτησ παραταξη ντεμπαι υποστηριζω αρκετοσ δοση θαρροσ κλιματικοσ κριση hoax ψεματακι
0,0.49726847,Negative,,,,,,κλιματικοσ αλλαγη υπευθυνοσ καταρρευση προηγμενων πολιτισμοσ
1,0.83753484,Positive,,,,,,κλιματικοσ αλλαγη αρκτικοσ ανεβαζω θερμοκρασια φορα ταχυτερα υπολοιποσ κλιματικη περιβαλλον
1,0.80231994,Positive,,,,,,κλιματικοσ αλλαγη βρετανοσ προετοιμαζω αποκαλυψη μετατρεπω πρωην στρατωνασ φαρμα
1,0.8377547,Positive,,,,,,κλιματικοσ αλλαγη ξηρασια νεοσ προβλημα υποστηριζω καθηγητησ λεξικολογιασ
1,0.5056617,Positive,,,,,,κλιματικοσ αλλαγη υπευθυνοσ καταρρευση προηγμενων πολιτισμοσ διδασκω ιστορια
1,0.7770443,Positive,,,,,,κλιματικοσ αλλαγη εξαφανισε πολιτισμοσ εποχη χαλκου αρθραρα εγκλιματισμενη ξηρασιων
1,0.73280424,Positive,,,,,,κλιματικοσ αλλαγη ευθυνω καταρρευση προηγμενων πολιτισμοσ αποκαλυπτω κορυφαιοσ καθηγητησ γευω οικολογια
0,0.49726847,Negative,,,,,,γκερχαρντ γκερτρουντ κλιματικοσ αλλαγη υπευθυνοσ καταρρευση προηγμενων πολιτισμοσ climate
1,0.7960025,Positive,,,,,,κλιματικοσ κριση απειλειται τροφο καταναλωνω
1,0.8718531,Positive,,,,,,βομβουσα ρεπουμπλικανο καμιονια κλιματικοσ κριση hoax
0,0.49726847,Negative,,,,,,κλιματικοσ αλλαγη υπευθυνοσ καταρρευση προηγμενων πολιτισμοσ
0,0.43447715,Negative,,,,,,κλιματικοσ αλλαγη υπευθυνοσ καταρρευση προηγμενων πολιτισμοσ λεει γερμανοσ καθηγητησ γεωοικολογιασ
1,0.8237123,Positive,,,,,,κλιματικοσ κριση απειλειται τριτοσ τροφο καταναλωνω
1,0.8237123,Positive,,,,,,κλιματικοσ κριση απειλειται τριτοσ τροφο καταναλωνω
0,0.49726847,Negative,,,,,,γκερχαρντ γκερτρουντ κλιματικοσ αλλαγη υπευθυνοσ καταρρευση προηγμενων πολιτισμοσ
1,0.7960025,Positive,,,,,,κλιματικοσ κριση απειλειται τροφο καταναλωνω
1,0.9130027,Positive,,,,,,κλιματικοσ αλλαγη μπαινω ατζεντα αναφερω ερευνα
1,0.8640662,Positive,,,,,,κλιματικοσ αλλαγη πυρκαγιεσ καταστρεφω διπλασιοσ επιφανεια δασο σχεση αρχη αιωνασ
1,0.81177914,Positive,,,,,,ευρωπη κλιματικη αλλαγη τελευταιοσ χρονοσ καηκε διπλασιοσ αριθμοσ δασων
1,0.90804684,Positive,,,,,,ντραιντεν πρασινο δαπανη δολαριο επικεντρο κλιματικοσ αλλαγη εταιρικοσ φορολογια
1,0.84331703,Positive,,,,,,νομοσχεδιο μαμουθ υψοσ κλιματικοσ αλλαγη υγεια υπεγραψε ντεμπαι documento
1,0.82630825,Positive,,,,,,παρασκηνιακοσ εργο bill gates νομοσ κλιματικοσ αλλαγη πιεσε biden γερουσιαστησ χρονοσ
1,0.86072534,Positive,,,,,,ανεμοστροβιλοσυδροστροβιλοσ εμφανιζω μπορω προφυλαωνχ mynewsgr ανεμοστροβιλοσ υδροστροβιλοσ κακοκαιρια ακαιροσ βιογεωκλιματικα εγκλιματισμενη εντονα_καιρικα_φαινομενα καταιγιδα
1,0.9036531,Positive,,,,,,επιγραφεσ ποταμιο στερευω υπηρχε ανθρωπογενησ κλιματικοσ αλλαγη
1,0.95443285,Positive,,,,,,κλιματικοσ αλλαγη επιφερω επιδεινωση λοιμωξη απαραιτητη μειωση εκπομπη athlosnews αθλοθεσια
1,0.83227605,Positive,,,,,,επιστημονεσ πιστευω ανακαλυψαν αντιστρεψουν πληρωσ κλιματικοσ αλλαγη
1,0.80435395,Positive,,,,,,επιστημονεσ πιστευω ανακαλυψαν αντιστρεψουν πληρωσ κλιματικοσ αλλαγη αρθραρα εγκλιματισμενη περιβαλλον
1,0.95654184,Positive,,,,,,τελεια καταιγιδα κλιματικοσ αλλαγη προκαλω επιδεινωση λοιμωξη ειδησεισ νεοσ βημα online
1,0.6557045,Positive,,,,,,κλιματικοσ αλλαγη μπορω κλεινω ματι ποταμια στερευω λιμνη εξαφανιζω δαση γινομαι σταχτη εικονα προκαλω θλιψη αγωνια μελλον βιογεωκλιματικα
1,0.7350597,Positive,,,,,,κλιματικοσ αλλαγη ξηρασια πυρκαγιεσ καμπανακι κινδυνευω προηγμενοσ πολιτισμοσ
1,0.9239974,Positive,,,,,,κλιματικοσ αλλαγη κατασταση ξηρασια βρετανια documento
1,0.84890914,Positive,,,,,,κλικ διαβαστε huffington μπαγιατιλα κλιματικοσ αλλαγη διχαζω γροιλανδια
1,0.94755465,Positive,,,,,,μεσογειοσ ευαλωτοσ απειλουμενοσ περιοχη κλιματικοσ αλλαγη υπερθερμανση
1,0.83227605,Positive,,,,,,επιστημονεσ πιστευω ανακαλυψαν αντιστρεψουν πληρωσ κλιματικοσ αλλαγη
1,0.83227605,Positive,,,,,,επιστημονεσ πιστευω ανακαλυψαν αντιστρεψουν πληρωσ κλιματικοσ αλλαγη
1,0.7285955,Positive,,,,,,επιστημονεσ λενε βρηκαν τροποσ αντιστρεψουν κλιματικοσ αλλαγη video
1,0.8816976,Positive,,,,,,κλιματικοσ κριση σκονη σαχαρα λιωνω παγετωνασ γερμανικοσ αλπεισ
1,0.8927859,Positive,,,,,,κλιματικοσ αλλαγη ευνοει εξαπλωση μολυσματικοσ ασθενειων συναλλαγματικοσ ασθενεια μολυσματικοσ
1,0.8927859,Positive,,,,,,κλιματικοσ αλλαγη ευνοει εξαπλωση μολυσματικοσ ασθενειων συναλλαγματικοσ ασθενεια μολυσματικοσ
1,0.8465543,Positive,,,,,,πουλι επηρεαζω κλιματικοσ αλλαγη
1,0.8679798,Positive,,,,,,χαραλαμπος χαριτοπουλοσ κλιματικη αλλαγη ισχυει πραγματικοσ
1,0.8465543,Positive,,,,,,πουλι επηρεαζω κλιματικοσ αλλαγη
1,0.873812,Positive,,,,,,ενεργειακη κλιματικοσ κριση ερχω διαστηματοσ ενεργειοκρατιασ κλιματιστικοσ διαστημα
1,0.873812,Positive,,,,,,ενεργειακη κλιματικοσ κριση ερχω διαστηματοσ ενεργειοκρατιασ κλιματιστικοσ διαστημα
1,0.81901574,Positive,,,,,,τροφη απειλω εξαφανιση κλιματικοσ αλλαγη
1,0.77796954,Positive,,,,,,περιβαλλον κλιματικοσ αλλαγη συνεδριο αποταμιευτων
1,0.8816503,Positive,,,,,,κλιματικοσ αλλαγη ενεργειακοσ κριση τελεια καταιγιδα μεγαλυσ οικονομια κοσμου
1,0.8816503,Positive,,,,,,κλιματικοσ αλλαγη ενεργειακοσ κριση τελεια καταιγιδα μεγαλυσ οικονομια κοσμου
1,0.81901574,Positive,,,,,,τροφη απειλω εξαφανιση κλιματικοσ αλλαγη
1,0.6964047,Positive,,,,,,κλιματικοσ αλλαγη πτωση υδατων επηρεαζω εφοδιαστικοσ αλυσιδα ευρωπη larissapress
1,0.7841063,Positive,,,,,,κλιματικοσ αλλαγη σπαω εφοδιαστικοσ αλυσιδα ευρωπη πτωση υδατων
1,0.87020296,Positive,,,,,,κλιματικοσ αλλαγη απειλω ζωεσ ανθρωποσ τοπικοσ κοινοτητα νησι φιτζι
1,0.8404812,Positive,,,,,,μπορω συνεβαλε κλιματικοσ αλλαγη εκατομμυριο χρονοσ εξελιξη ερπετησ climate cyprus
1,0.91202265,Positive,,,,,,κλικ διαβαστε εγκλιματιστηκατε αλλαγη χρονοσ εφερε ερπετα εδειξε νεοσ ερευνημενα
1,0.84513384,Positive,,,,,,μπορω συνεβαλε κλιματικοσ αλλαγη εκατομμυριο χρονοσ εξελιξη ερπετησ
1,0.93885034,Positive,,,,,,κλιματικοσ αλλαγη χρονοσ εφερε ερπετα αποτελεσμα νεοσ ερευνα
1,0.8271594,Positive,,,,,,κλιματικοσ αλλαγη γεννησε εποχη ερπετησ εκατομμυριο χρονοσ
1,0.93885034,Positive,,,,,,κλιματικοσ αλλαγη χρονοσ εφερε ερπετα αποτελεσμα νεοσ ερευνα
1,0.9308955,Positive,,,,,,μελετη κλιματικοσ αλλαγη γεννησε εποχη ερπετησ εκατομμυριο χρονοσ ειδησεισ νεοσ βημα online
1,0.9178693,Positive,,,,,,κλιματικοσ αλλαγη ογκοσ ελβετικοσ παγετωνων μειωθηκε
1,0.9178693,Positive,,,,,,κλιματικοσ αλλαγη ογκοσ ελβετικοσ παγετωνων μειωθηκε
1,0.93885034,Positive,,,,,,κλιματικοσ αλλαγη χρονοσ εφερε ερπετα αποτελεσμα νεοσ ερευνα
1,0.8475007,Positive,,,,,,μπορω συνεβαλε κλιματικοσ αλλαγη εκατομμυριο χρονοσ εξελιξη ερπετων αρθραρα θερμοκρασιακοσ ερευνημενα περπατα
1,0.9102021,Positive,,,,,,κλιματικοσ αλλαγη ογκοσ ελβετικοσ παγετωνων μειωθηκε κλιματικη περιβαλλον
1,0.9102119,Positive,,,,,,κλιματικοσ αλλαγη βυθιζω χαοσ ευρωπαϊκοσ ενωση αγαλλιω μπασκετμπολιστων εξευρωπαΐστηκαν ευρωπαιε
1,0.79334056,Positive,,,,,,εγκρινω περιβαλλοντικοι οροσ σχεδιου κλιματικη αλλαγη περιφερειασ δυτικησ ελλαδα
1,0.9073681,Positive,,,,,,εξελισσομενοσ κλιματικοσ κριση φαινομενο αυξανω συχνοτητα ενταση λεει λεκκασ
1,0.8974562,Positive,,,,,,καμπανακι λεκκασ εξελισσομενοσ κλιματικοσ κριση
1,0.86349744,Positive,,,,,,λεκκασ εξελισσομενοσ κλιματικοσ κριση φαινομενο αυξανω συχνοτητα ενταση δημοκρατικοσ ροδοσ δωδεκανησα
1,0.8673676,Positive,,,,,,κλιματικοσ αλλαγη θλιβεροσ θεαμα οκτω τονοσ ψαριο πεθαναν ασφυξια λιμνη ξηρασια
1,0.7839966,Positive,,,,,,τεξασ ξηρασια αποκαλυψε ιχνοσ δεινοσαυρων κοιτη ποταμοσ τεξασ δεινοσαυροσ ξηρασια συναλλαγματικοσ
1,0.8312425,Positive,,,,,,κλιματικη αλλαγη ισχυει πραγματικοσ
1,0.8481484,Positive,,,,,,vodafone κυριοσ συνεργατησ συνεδριου κλιματικη αλλαγη businessnewsgr
1,0.8395301,Positive,,,,,,επισκεψη υπουργοσ κωστα καδη αιγυπτοσ στοχοσ υιοθετηση πρωτοβουλια κυπροσ κλιματικη αλλαγη
1,0.8439814,Positive,,,,,,επισκεψη υπουργοσ κωστα καδη αιγυπτοσ στοχοσ υιοθετηση πρωτοβουλια κυπροσ κλιματικη αλλαγη διασκεψη ηνωμενοσ εθνοσ κλιμαkadesegypt
1,0.8890817,Positive,,,,,,makpress γκαρλαντ πληθωρισμοσ οφειλω κλιματικοσ αλλαγη
1,0.78201246,Positive,,,,,,vodafone υποστηριζω κυριοσ συνεργατησ συνεδριο κλιματικοσ αλλαγη documento
1,0.8917497,Positive,,,,,,φυσικοσ brian catt κλιματικοσ αλλαγη ψευτικου μυθομανη χαμοσ βιντεο
1,0.7310337,Positive,,,,,,vodafone στηριζω συνεδριο κλιματικοσ αλλαγη
1,0.78201246,Positive,,,,,,vodafone υποστηριζω κυριοσ συνεργατησ συνεδριο κλιματικοσ αλλαγη
1,0.78201246,Positive,,,,,,vodafone υποστηριζω κυριοσ συνεργατησ συνεδριο κλιματικοσ αλλαγη
1,0.7999352,Positive,,,,,,εεεα ετοιμαζω νεοσ lockdown περιορισμοσ κυκλοφορια πολιτησ προφαση κλιματικοσ αλλαγη κορωνι απλα τεστ
1,0.9010421,Positive,,,,,,γκαρλαντ κλιματικοσ αλλαγη επιβαρυνω πληθωρισμοσ
1,0.7361026,Positive,,,,,,εεεα ετοιμαζω νεοσ lockdown περιορισμοσ κυκλοφορια πολιτησ προφαση κλιματικοσ αλλαγη μεσω
1,0.86148894,Positive,,,,,,μελετη σημαντικοσ αυξηση καυτησ ημερη ετοσ ελεγχθει κλιματικοσ αλλαγη
1,0.955819,Positive,,,,,,ριξτε ματια βιντεο χρηστησ spairos tiktok κλιματικοσ αλλαγη αλλαγη κλιμα χερι δαχτυλο
1,0.82517236,Positive,,,,,,κλιματικοσ κριση μεγαλωνω κινδυνοσ θερμικοσ στρεσ ανθρωπινοσ οργανισμοσ larissapress
1,0.88774896,Positive,,,,,,κλιματικοσ αλλαγη ρωσια καιω μεγαλοσ ποσοτητα φυσικοσ αεριο προβληματιζονται επιστημονασ
1,0.88774896,Positive,,,,,,κλιματικοσ αλλαγη ρωσια καιω μεγαλοσ ποσοτητα φυσικοσ αεριο προβληματιζονται επιστημονασ
1,0.6927402,Positive,,,,,,κλιματικη αλλαγη εντομο ερχομαι πιατ ευρωπη
1,0.8823886,Positive,,,,,,αθηνα τζον καρι κλιματικοσ κριση
1,0.6391654,Positive,,,,,,παππουλησ περιφερειαρχησ αττικη αττικοσ χρειαζομαι εργο παρεμβασεισ απαιτω ευρω επομενοσ χρονοσ θωρακιζω κλιματικοσ κριση
1,0.9289634,Positive,,,,,,προωθω κανιβαλισμοσ λυση επισιτιστικοσ κριση κλιματικοσ αλλαγη βιντεο μεσω
1,0.9496231,Positive,,,,,,προωθω κανιβαλισμοσ λυση επισιτιστικοσ κριση κλιματικοσ αλλαγη βιντεο
1,0.87399435,Positive,,,,,,προωθω κανιβαλισμοσ λυση επισιτιστικοσ κρισηκλιματικη αλλαγη sbumtvwz
1,0.9117057,Positive,,,,,,καταναλωση γρυλοσ ξακριδια εντομων προωθω κανιβαλισμοσ λυση επισιτιστικοσ κριση κλιματικοσ αλλαγη
1,0.6813441,Positive,,,,,,γιωργοσ τσαπατσουλησ αττικησ χρειαζομαι εργο παρεμβασεισ απαιτω ευρω επομενοσ χρονοσ θωρακιζω κλιματικοσ κριση
1,0.8339381,Positive,,,,,,διημεριδα εκδηλωση δικτυου πινδοσ κλιματικοσ αλλαγη μεσω
1,0.7000637,Positive,,,,,,ηλικια ετοσ αυξηση noncovid θανατοσ ευρωπη φαουστφουνταδικα κλιματικοσ ανταλλαγη covid κοιμηθω
1,0.8903697,Positive,,,,,,απομονωμενη lagarde αποδιδω εκτροχιασμενο πληθωρισμοσ κλιματιστικοσ αλλαγη
1,0.8903697,Positive,,,,,,απομονωμενη lagarde αποδιδω εκτροχιασμενο πληθωρισμοσ κλιματιστικοσ αλλαγη
1,0.9110264,Positive,,,,,,κλιματικοσ αλλαγη επιπτωση συσταση ωμεγα λιπαρων οξεων
1,0.89257234,Positive,,,,,,καταναλωση γρυλοσ ακρια εντομο αφορμη κλιματικοσ αλλαγη ετοιμαζω καθοδηγηζω ανθρωποσ καταναλωση ανθρωπινοσ κρεατοσ προωθουν κανιβαλισμοσ νεκροσ υπαρχω επισιτιστικοσ κριση προστατευτει περιβαλλοντα
1,0.91039443,Positive,,,,,,εγκριση νεοσ ειπα περιβαλλον κλιματικοσ αλλαγη προϋπολογισμοσ ευρω
1,0.65711546,Positive,,,,,,γεωργιαδησ προγραμμα ειπα περιβαλλον κλιματικοσ αλλαγη στοχοσ πεσουν χρημα οικονομια ταχυσ
1,0.93930954,Positive,,,,,,προκληση κλιματικοσ αλλαγη εμβαθυνση συνεργασια πελελαδασ επικεντρο συναντηση μητσοτακησ καρι
1,0.73549604,Positive,,,,,,πρασινο κονσομασιον προγραμμα ειπα περιβαλλον κλιματικοσ αλλαγη
1,0.8221214,Positive,,,,,,λεγω κλιματικοσ αλλαγη μητσοτακησ καρι
1,0.84988004,Positive,,,,,,εγκρινω προγραμμα ευρω νεοσ ειπα περιβαλλον κλιματικοσ αλλαγη δημοκρατικοσ ροδοσ δωδεκανησα
1,0.7031175,Positive,,,,,,γιαννησ τσακιρησ εγκρινω προγραμμα περιβαλλον κλιματικοσ αλλαγη προϋπολογισμοσ ευρω mononews mononewsgr
1,0.81924915,Positive,,,,,,εσπερα ενεκρινε κονσομασιον επιχειρησιακοσ προγραμμα κλιματικοσ αλλαγη moneypress
1,0.81924915,Positive,,,,,,εσπερα ενεκρινε κονσομασιον επιχειρησιακοσ προγραμμα κλιματικοσ αλλαγη moneypress
1,0.8253517,Positive,,,,,,εγκρινω προγραμμα ευρω νεοσ ειπα περιβαλλον κλιματικοσ αλλαγη
1,0.8785599,Positive,,,,,,λειψυδρια κλιματικοσ αλλαγη συγκυριακου
1,0.86716926,Positive,,,,,,κλιματικοσ αλλαγη εγκατασταση κινα θαβω υπεδαφοσ
1,0.9334773,Positive,,,,,,τρομαζω μελετα ειδικοσ σχεση κλιματικοσ κριση κλιματιστικοσ
1,0.8930975,Positive,,,,,,επιστημονασ διαβεβαιωνω υπαρχω κλιματικοσ αλλαγη
1,0.6883569,Positive,,,,,,γεωργιαδησ ειπα περιβαλλον κλιματικοσ αλλαγη στοχοσ πεσουν χρημα οικονομια αδωνισ γεωργιαδησ εσπερα κεντροευρωπαϊκοσ
1,0.7772107,Positive,,,,,,δικτυο πινδαρειο διημεριδα κλιματικοσ αλλαγη πυλη σεπτεμβριου αναλυτικοσ προγραμμα μεσω
1,0.65711546,Positive,,,,,,γεωργιαδησ προγραμμα ειπα περιβαλλον κλιματικοσ αλλαγη στοχοσ πεσουν χρημα οικονομια
1,0.8342386,Positive,,,,,,εσπερα κατανεμω προγραμμα κλιματικοσ αλλαγη
1,0.7232555,Positive,,,,,,ασπασια πρασινο κονσομασιον προγραμμα περιβαλλον κλιματικοσ αλλαγη
1,0.93930954,Positive,,,,,,προκληση κλιματικοσ αλλαγη εμβαθυνση συνεργασια πελελαδασ επικεντρο συναντηση μητσοτακησ καρι
1,0.88598144,Positive,,,,,,μητσοτακησ κλιματικοσ αλλαγη συνεργασια συναντηση τζον καρι
1,0.9122361,Positive,,,,,,check this article εσπερα κατανεμω προγραμμα κλιματικοσ αλλαγη
1,0.81123805,Positive,,,,,,στρατηγικοσ στοχοσ επιχειρησιακοσ προγραμμα ειπα περιβαλλον κλιματικοσ αλλαγη
1,0.8837158,Positive,,,,,,απροσδοκητοσ αθλητησ κατερρευσαν ημερα κλιματικοσ αλλαγη
1,0.7398188,Positive,,,,,,σημαντικοσ αυξηση καυτοσ μερα ετοσ επικινδυνοσ θερμικοσ στρεσ ελεγχθει κλιματικοσ αλλαγη
1,0.683259,Positive,,,,,,σχεδιο παγκοσμιου αποπληθωρισμοσ νεοσ οικολογικοσ περιπετεια αντεξει φερω λυση τεχνητοσ μπαχαλο φερω ακρο κλιματιστικοσ αλλαγη θελω λυση παγκοσμιοσ δικτατορασ
1,0.87421256,Positive,,,,,,χαιρετισμοσ οικουμενικου πατριαρχου βαρθολομαιου πεσε μεγαλοσ απειλη πλανητησ νεοσ γονορροϊκοσ κλιματικοσ αλλαγη
1,0.7555452,Positive,,,,,,κλιματικη αλλαγη πλημμυρεσ πακισταν φερνω επικεντρο ζητημα παροχη βοηθεια αναπτυσσομενοσ χωρα climatechange pakistanfloods
1,0.8536086,Positive,,,,,,υποθεση μπορω δημιουργω προηγουμενοσ σχετικα αξιωση αγωγη ζημια σχετιζω κλιματικοσ αλλαγη insurance news climatechange
1,0.92701674,Positive,,,,,,συναντηση χρηστου στυλιανε εξωτερικα γερμανια επικεντρο κλιματικοσ κριση
1,0.92701674,Positive,,,,,,συναντηση χρηστου στυλιανε εξωτερικα γερμανια επικεντρο κλιματικοσ κριση
1,0.96430576,Positive,,,,,,κλιματικοσ αλλαγη καλοκαιρι ακραιοσ φαινομενο σαρωσαν βορειοσ ημισφαιριο
1,0.95405984,Positive,,,,,,κλιματικοσ αλλαγη επληξε βορειοσ ημισφαιριο καλοκαιρι δροσεροσ
1,0.96430576,Positive,,,,,,κλιματικοσ αλλαγη καλοκαιρι ακραιοσ φαινομενο σαρωσαν βορειοσ ημισφαιριο
1,0.96430576,Positive,,,,,,κλιματικοσ αλλαγη καλοκαιρι ακραιοσ φαινομενο σαρωσαν βορειοσ ημισφαιριο
1,0.95405984,Positive,,,,,,κλιματικοσ αλλαγη επληξε βορειοσ ημισφαιριο καλοκαιρι δροσεροσ
1,0.8785599,Positive,,,,,,κλιματικοσ αλλαγη ξηρασια
1,0.941172,Positive,,,,,,δυστυχωσ φαινομενο φυση δυστυχωσ πιανουνε λαιμο λενε κλιματικοσ αλλαγη ξερετε λογοσ κανω κλιματικοσ αλλαγη υπαρχω υπαρχω προσχημα κλιματικοσ αλλαγη
0,0.43097758,Negative,,,,,,βιβλικοσ πλημμυρεσ πακισταν προκαλω θανατουσ καταστρεφω σπιτι πληττω εκατομμυριο ανθρωποσ πακισταν χωρα επηρεαζω κλιματικοσ αλλαγη παροτι ευθυνω ελαχιστοσ εκπομπη αεριων θερμοκηπιου
1,0.81572723,Positive,,,,,,επιτυχια εκδηλωσηδιημεριδα κλιματικη αλλαγη πραγματοποιω πυλη μεσω
1,0.93239784,Positive,,,,,,φυσιολογικοσ καιροσ σεπτεμβριοσ βροχη χειμωνασ κρυο χιονιο ανοιξη ανθισουν λουλουδι κλιματικοσ αλλαγη εντονα φαινομενο υπαρχω παντα τελοσ
1,0.95405984,Positive,,,,,,κλιματικοσ αλλαγη επληξε βορειοσ ημισφαιριο καλοκαιρι δροσεροσ
1,0.93994725,Positive,,,,,,κλιματικοσ αλλαγη αλλοθι αδιαφορια διοικηση συναλλαγματικοσ εθνομουσικολογοι πολιτικη
1,0.7809694,Positive,,,,,,κοινοσ τοποσ ευρωπη περιορισμενοσ εθνικοσ μεσο αντιμετωπιζω κλιματικοσ κριση climatecrisis
1,0.8635597,Positive,,,,,,διαδικτυακοι χρηστησ υποστηριζω τηλεοραση ψευδω κλιματικοσ αλλαγη προσπαθω τρομοκρατηζω πολιτησ
1,0.8987196,Positive,,,,,,επισιτιστικοσ κριση παρενεργεια εμβολιων ξεσπασουν φερω κλιματικοσ αλλαγη
1,0.8814964,Positive,,,,,,αμπου νταμπι εντυπωσιακοσ απολιθωμενοσ αμμολοφοσ δημιουργηνω κλιματικοσ αλλαγη αθλητισμοσπολιτισμος αμμολοφοσ ταμπουρωνω
1,0.9331494,Positive,,,,,,κλιματικοσ κριση διμεροσ συνεργασια κυπριακοσ συζητησαν κακουλιδησ γερμανιδα τουφεξη
1,0.86015254,Positive,,,,,,γκρετα τινμπεργκεν πολιτικοσ σουηδια αγνοω κλιματικοσ κριση
1,0.81380844,Positive,,,,,,κλιματικοσ αλλαγη θερμοσ αυγουστοσ ευρωπη documento
1,0.8471267,Positive,,,,,,εγκρινω περιφερειακοσ σχεδιο προσαρμογη κλιματικοσ αλλαγη πεσπκα περιφερειασ κρητη
1,0.92688274,Positive,,,,,,κλιματικοσ αλλαγη ακραιοσ κινδυνοσ παραγωγη τροφιμα
1,0.9072419,Positive,,,,,,κλιματικοσ κριση κατασταση ακραιου κινδυνου παραγωγη τροφιμα
1,0.9083073,Positive,,,,,,πανδημια κλιματικοσ αλλαγη πηγαν κοσμοσ χρονοσ moneypress
1,0.9083073,Positive,,,,,,πανδημια κλιματικοσ αλλαγη πηγαν κοσμοσ χρονοσ moneypress
1,0.8977816,Positive,,,,,,κλιματικοσ αλλαγη τουριστησ αποφευγω προορισμοσ καυσωνασ
1,0.9231194,Positive,,,,,,κλιματικοσ αλλαγη σημειο καμπησ επιστροφη αυξανω θερμοκρασια βαθμοσ
1,0.87951267,Positive,,,,,,χιλιαδα δρομεασ στελνω παγκοσμιοσ μηνυμα κλιματικοσ αλλαγη documento
1,0.89767027,Positive,,,,,,κλιματικοσ αλλαγη πλανητησ οριο μεγαλοσ σημειο καμπη
1,0.872172,Positive,,,,,,νεφρολιθιαση κλιματικοσ αλλαγη αυξανω πετρα νεφρο δειχνω νεοσ μελετα
1,0.70595324,Positive,,,,,,παρελθον μελλον ευρωπη φυσικοσ αεριο επιτοκιο υφεση κλιματικοσ αλλαγη θρονοσ ηνωμενου βασιλειου
1,0.89767027,Positive,,,,,,κλιματικοσ αλλαγη πλανητησ οριο μεγαλοσ σημειο καμπη
1,0.86204916,Positive,,,,,,πολη χαρλεμ απαγορευω διαφημισεισ προωθω κρεασ υποτιθεμενοσ αρνητικοσ επιδρασεων κρεασ κλιματικοσ αλλαγη
1,0.93630856,Positive,,,,,,κλιματικοσ αλλαγη επιστροφη θερμοκρασια αυξανω περαν κελσιου μεσω news ηλεκτρονικη εφημεριδα πελοποννησου
1,0.91264004,Positive,,,,,,κλιματικοσ αλλαγη επενδυτησ κεφαλαιο τρισ ζητω μετρο κυβερνηση
1,0.9205517,Positive,,,,,,κλιματικοσ αλλαγη νεοσ κανονασ περιορισμοσ παγκοσμιασ αποψιλωση δασο
1,0.9205517,Positive,,,,,,κλιματικοσ αλλαγη νεοσ κανονασ περιορισμοσ παγκοσμιασ αποψιλωση δασο
1,0.88383317,Positive,,,,,,κλικ διαβαστε real newsστυλιανιδησ ευρωπαϊκοσ πρασινοσ συμφωνια απαντηση κλιματικοσ κριση
1,0.8536118,Positive,,,,,,στογιαννιδησ ευρωπαϊκοσ πρασινοσ συμφωνια απαντηση κλιματικοσ κριση
1,0.8323828,Positive,,,,,,γουστερεσ ηγετησ πλανητησ κλιματικοσ αλλαγη παιξετε κοσμοσ
1,0.8536118,Positive,,,,,,ευρωπαϊκοσ πρασινοσ συμφωνια απαντηση κλιματικοσ κριση
1,0.9170967,Positive,,,,,,κατασταση εεεα ουκρανια ενεργεια κλιματικοσ αλλαγη οικονομια
1,0.8225653,Positive,,,,,,κλιματικοσ αλλαγη παει σχολειο δημοκρατικοσ ροδοσ δωδεκανησα
1,0.95419437,Positive,,,,,,ταλωσ ερχω καλυπτω αναγκη δημιουργω κλιματικοσ αλλαγη σημαντικοσ αυξηση διελευση τανκερ κολποσ εναρξη πολεμοσ ουκρανια
1,0.67843074,Positive,,,,,,oxfam οξεια πεινα επιδεινωθηκε σφοδρα κλιματικοσ κριση
1,0.82871735,Positive,,,,,,προεδροσ νοτιοσ αφρικη συζητω ντεμπαισ κλιματικοσ αλλαγη ενεργειακοσ μεταβαση
1,0.50875056,Positive,,,,,,oxfam οξεια πεινα επιδεινωθηκε σφοδρα κλιματικοσ κριση χωρα εκτεθειμενεσ
1,0.67843074,Positive,,,,,,oxfam οξεια πεινα επιδεινωθηκε σφοδρα κλιματικοσ κριση documento
1,0.713411,Positive,,,,,,αφορμη ευρωπαϊκοσ φορουμ αστικοσ ανθεκτικοτητα πραγματοποιω αθηνα χρονικοσ συγκυρια κλιματικοσ αλλαγη υπερθερμανση πλανητησ προκαλω παγκοσμιοσ ανησυχια πρωτοσ επικεφαλησ αντιμετωπιση
1,0.9070733,Positive,,,,,,κλιματικοσ αλλαγη επιστημονασ σχεδιαζω ψαξουν πολοσ
1,0.7500198,Positive,,,,,,συστηματικοσ συνεργασια ελλαδασηπα προστασια πολιτιστικησ κληρονομιασ κλιματικοσ κριση παρανομοσ διακινηση χαιρετισμοσ υπουργου σεμιναριο cultural heritage schoolμεγαρο μουσικησ αθηνων σεπτεμβριου
1,0.8785599,Positive,,,,,,snfcc green weekend κλιματικοσ αλλαγη
1,0.88297766,Positive,,,,,,συστηματικοσ συνεργασια ελλαδασηπα προστασια πολιτιστικησ κληρονομιασ κλιματικοσ κριση παρανομοσ διακινηση
1,0.8314081,Positive,,,,,,πετροσ κοκκαλησ δικαιοσυνη πληττω κλιματικοσ αλλαγη
1,0.8890387,Positive,,,,,,συνεργασια ελλαδασηπα προστασια πολιτιστικησ κληρονομιασ κλιματικοσ κριση παρανομοσ διακινηση
1,0.7237538,Positive,,,,,,γερμανια στηριζω χωρα πληττω κλιματικοσ επισιτιστικοσ κριση
1,0.8835908,Positive,,,,,,γερμανια υποσχω στηριξη χωρα πληττω κλιματικοσ αλλαγη επισιτιστικοσ κριση germany climatecrisis climatechange foodcrisis
1,0.8835908,Positive,,,,,,γερμανια στηριξη χωρα πληττω κλιματικοσ αλλαγη επισιτιστικοσ κριση
1,0.9048195,Positive,,,,,,κλιματικοσ αλλαγη τριπλασιαζω πιθανοτητα νεοσ πανδημια πολεμοσ_στην_ουκρανια πολιτικαντη greece
1,0.8815338,Positive,,,,,,ποδοσφαιρο πληθαινω εκκλησεισ μποϊκοταζ μουντιαλ καταρ πολυσ επικαλουμαι παραβιαση
1,0.93751395,Positive,,,,,,επιστημονασ κλιματικοσ αλλαγη πυροδοτω νεοσ πανδημια
1,0.91624254,Positive,,,,,,ερευνα κλιματικοσ αλλαγη επηρεαζω εμφανιση νεοσ μεταδοτικοσ ασθενειων
1,0.9005114,Positive,,,,,,κλιματικοσ αλλαγη κανω πανδημια
1,0.93751395,Positive,,,,,,επιστημονασ κλιματικοσ αλλαγη πυροδοτω νεοσ πανδημια
1,0.9062306,Positive,,,,,,κλιματικοσ αλλαγη μπορω κανω πανδημια
1,0.9550774,Positive,,,,,,κλιματικοσ αλλαγη νεοσ πανδημια ειδησεισ νεοσ βημα online
1,0.8788095,Positive,,,,,,κλιματικοσ αλλαγη ανθρωπογενησ πιστευω
1,0.889608,Positive,,,,,,αρνειστε κλιματικοσ αλλαγη ψυχοπαθεισ πετσια λενε αυστραλοσ ερευνητησ
1,0.92359704,Positive,,,,,,κλιματικοσ αλλαγη μπορω κανω πανδημια climate_change βιογεωκλιματικα πανδημιων
1,0.8987021,Positive,,,,,,τριαντοπουλοσ σημασια αντιμετωπιση παραγοντων οδηγω κλιματικοσ κριση
1,0.9155244,Positive,,,,,,ερευνα κλιματικοσ αλλαγη επηρεαζω εμφανιση νεοσ μεταδοτικοσ ασθενειων αρθραρα ερευνημενα εγκλιματισμενη περιβαλλον
1,0.8606553,Positive,,,,,,μπορω κανω κλιματικοσ αλλαγη
1,0.9228955,Positive,,,,,,επιστημονασ κλιματικοσ αλλαγη μπορω κανω πανδημια
1,0.8835908,Positive,,,,,,γερμανια στηριξη χωρα πληττω κλιματικοσ αλλαγη επισιτιστικοσ κριση
1,0.80176276,Positive,,,,,,γερμανια στηριξουμε χωρα πληττω κλιματικοσ αλλαγη επισιτιστικοσ κριση greece πελελαδα νεανια ειδησεισ news
1,0.90421057,Positive,,,,,,κλιματικοσ αλλαγη αυξανω κινδυνοσ πανδημια μελετη
1,0.9062306,Positive,,,,,,κλιματικοσ αλλαγη μπορω κανω πανδημια
1,0.9180437,Positive,,,,,,αντονιο γουστερεσ κλιματικοσ αλλαγη καιροσ λαβουμε σοβαροσ αποφαση
1,0.749261,Positive,,,,,,unga καιροσ λαβουμε σοβαρα απωλεια ζημια κλιματικοσ αλλαγη climatechange climateaction unga
0,0.47783217,Negative,,,,,,κλιματικοσ κριση οδηγω καταστροφικοσ πλημμυρεσ χωρα τζουλινι
1,0.9062306,Positive,,,,,,κλιματικοσ αλλαγη μπορω κανω πανδημια
1,0.85862255,Positive,,,,,,κλιματικη αλλαγη
1,0.79737216,Positive,,,,,,μακρια πρασινοσ κλιματικοσ αλλαγη
1,0.7166891,Positive,,,,,,κλικ διαβαστε newsit αντελινα τζουλινι επισκεφτηκε πλημμυροπαθεισ πακισταν κλιματικοσ αλλαγη
1,0.70128906,Positive,,,,,,αντελινα τζουλινι επισκεφτηκε πλημμυροπαθεισ πακισταν κλιματικοσ αλλαγη
1,0.8960813,Positive,,,,,,εκρηξη ηφαιστειου τονγκα μπορω επηρεαζω κλιματικοσ αλλαγη
1,0.7565485,Positive,,,,,,lcoy greece εθνικοσ συνεδριο νεων κλιματικη αλλαγη
1,0.88357884,Positive,,,,,,παγκοσμια τραπεζα απειλησαν παραιτηση προεδροσ malpass αποδεχομαι κλιματικοσ κριση
1,0.83214164,Positive,,,,,,news κοσμοσ εβαλε φωτια χερι διαμαρτυρηθει κλιματικοσ αλλαγη
1,0.9402915,Positive,,,,,,κορυφαιοσ βρετανοσ αστροφυσικοσ κλιματικοσ αλλαγη φαρσα προωθω οικονομικοσ συμφερον
1,0.7903205,Positive,,,,,,ευαλωτοσ γυναικα κλιματικοσ αλλαγη μπορω αντιμετωπιζω
1,0.67974615,Positive,,,,,,κλιματικοσ αλλαγη μεγαλοσ δημοσκοπηση μεσω ελαιολαδα αθηναϊκοσ καλοκαιρια φωτακια greece climatecrisis weather
1,0.71952975,Positive,,,,,,κλιματικοσ αλλαγη απειλω μνημειο πολιτισμοσ αθλητισμοσπολιτισμος βενετια εγκλιματισμενη
1,0.8504225,Positive,,,,,,κλιματικοσ αλλαγη επιταχυνω επιδημια
1,0.8965288,Positive,,,,,,ζητιανικησ τουρισμοσ ερχω αντιμετωποσ νεοσ προκληση κλιματικοσ αλλαγη ενεργειακοσ κριση επιβαλλω εγρηγορση
1,0.83929443,Positive,,,,,,βαρυ πληγμα κλιματικοσ αλλαγη επηρεαζω γευση κρασι moneypress
1,0.85580754,Positive,,,,,,βαρυσ πληγμα κλιματικοσ αλλαγη επηρεαζω γευση κρασι moneypress
1,0.93269527,Positive,,,,,,ιταλια ουκρανια εεεα μεταναστευση κλιματικοσ αλλαγη ακροδεξιοσ συνασπισμοσ συγκλισεισ αποκλισεισ italy italianelections meloni
1,0.88755894,Positive,,,,,,ακυρη ξαφνικοτατα παιδεσ κοσμοσ πεφτω νεκροσ επιπτωση καυσωνασ συνδυασμοσ
1,0.9170967,Positive,,,,,,κατασταση εεεα ουκρανια ενεργεια κλιματικοσ αλλαγη οικονομια
1,0.9170967,Positive,,,,,,κατασταση εεεα ουκρανια ενεργεια κλιματικοσ αλλαγη οικονομια
1,0.8463568,Positive,,,,,,κλιματικοσ αλλαγη αναζητω νεοσ ηθοποιοσ καταστροφη harp σανο σανοσ μπεμπε climatecrisis climatee
0,0.42140245,Negative,,,,,,τρεχουσεσ πολιτικη θετω προτεραιοτητα κλιματικοσ αλλαγη συμβαλουν πεθαινω παιδι σοβαροσ υποσιτισμοσ διαλυμενοσ συστημα διατροφη ελλειψη τροφιμα νερο αγχοσ φοβο επικινδυνοσ εκθεση χημικοσ
1,0.80686945,Positive,,,,,,κλιματικοσ αλλαγη επηρεαζω γονιμοτητα
1,0.7161562,Positive,,,,,,κλιματικοσ αλλαγη καυσωνεσ φωτια εκτινασσω θνησιμοτητα
1,0.80212766,Positive,,,,,,sasmos ευθυνω μαθοσ κλιματικοσ αλλαγη υπευθυνοσ πραξη
1,0.8895735,Positive,,,,,,γεωργαλασ στηριζουμε κλαδοσ ελια κλιματικοσ κριση
1,0.8895735,Positive,,,,,,γεωργαλασ στηριζουμε κλαδοσ ελια κλιματικοσ κριση gitiselias sasmos kaneotikoimasai pagidevmenoi gntmgr
1,0.8955178,Positive,,,,,,balmain συλλογη χτυπαει κλιματικοσ αλλαγη κραταμε cher
1,0.7997479,Positive,,,,,,κλιματικοσ κριση αυξανω δυστυχηματα ιμαλαιο οδηγοι ειδικοι επισημαινω αυξανομενοσ επικινδυνοτητα
1,0.8895735,Positive,,,,,,γεωργαλασ στηριζουμε κλαδοσ ελια κλιματικοσ κριση
1,0.8662758,Positive,,,,,,κλιματικοσ κριση αυξανω δυστυχηματα ιμαλαιο
1,0.90601885,Positive,,,,,,αλλαγη πολεμικοσ συρραξισ οικονομικοσ κρισεισ κυριοσ λογοσ ευρεια επισιτιστικοσ κριση
1,0.93446827,Positive,,,,,,κλιματικοσ αλλαγη πολεμικοσ συρραξεισ οικονομικοσ κρισεισ κυριοσ λογοσ ευρεια επισιτιστικοσ κριση
1,0.93446827,Positive,,,,,,κλιματικοσ αλλαγη πολεμικοσ συρραξεισ οικονομικοσ κρισεισ κυριοσ λογοσ ευρεια επισιτιστικοσ κριση
1,0.89240855,Positive,,,,,,επισιτιστικοσ κριση κλιματικοσ αλλαγη πολεμικοσ συρραξεισ οικονομικοσ κρισεισ
1,0.9028169,Positive,,,,,,επισιτιστικοσ κριση κλιματικοσ αλλαγη πολεμικοσ συρραξεισ οικονομικοσ κριση
1,0.93446827,Positive,,,,,,κλιματικοσ αλλαγη πολεμικοσ συρραξεισ οικονομικοσ κρισεισ κυριοσ λογοσ ευρεια επισιτιστικοσ κριση
1,0.79320025,Positive,,,,,,γουστερεσ καλω κοσμοσ κινητοποιω σωνω ανθρωπινοσ ειδοσ κλιματικοσ αλλαγη
1,0.79320025,Positive,,,,,,γουστερεσ καλω κοσμοσ κινητοποιω σωνω ανθρωπινοσ ειδοσ κλιματικοσ αλλαγη
1,0.8203918,Positive,,,,,,εκκληση γουστερασ κινητοποιηση κλιματικοσ αλλαγη larissapress
1,0.85862255,Positive,,,,,,κλιματικη αλλαγη
1,0.8998876,Positive,,,,,,ημεριδα θεμα ελια κλιματικοσ αλλαγη
1,0.7867588,Positive,,,,,,πολεμοσ κλιματικοσ αλλαγη απειλω οινοπαραγωγη γεωργια
1,0.8899962,Positive,,,,,,θωρακιση ελια κλιματικοσ κριση
1,0.8567989,Positive,,,,,,κλιματικοσ κριση σημαινω υποχωρηση παγετωνοσ ελβετικοσ αλπεισ λιωσιμο παγων αποκαλυπτω πτωμα συντριμμιοσ αεροπλανοσ θεωρουνταν χαμενοσ
1,0.75475156,Positive,,,,,,υπουργικο συνεδριο περιβαλλον ευρωπη κυπροσ κλιματικοσ κριση μεγαλε
1,0.82995164,Positive,,,,,,κλιματικοσ αλλαγη κανω φορα πιθανοτεροσ σοβαροσ ξηρασια καλοκαιρια
1,0.9028321,Positive,,,,,,κλιματικοσ αλλαγη πιθανοτερεσ φορα σοβαροσ ξηρασια καλοκαιρι
1,0.9028321,Positive,,,,,,κλιματικοσ αλλαγη πιθανοτερεσ φορα σοβαροσ ξηρασια καλοκαιρι
1,0.8242096,Positive,,,,,,εικοσι φορα πολυσ πιθανοτητα σοβαροσ ξηρασια φερνω κλιματικοσ αλλαγη
1,0.88324,Positive,,,,,,αποκαρδιωτικοσ ερευνα κλιματικοσ αλλαγη κανω φορα πιθανοτεροσ σοβαροσ ξηρασια καλοκαιριο
1,0.88324,Positive,,,,,,ερευνα κλιματικοσ αλλαγη κανω φορα πιθανοτεροσ σοβαροσ ξηρασια καλοκαιριο
1,0.82995164,Positive,,,,,,κλιματικοσ αλλαγη κανω φορα πιθανοτεροσ σοβαροσ ξηρασια καλοκαιριο
1,0.8829739,Positive,,,,,,δαντον πληγμα παγκοσμιοσ αναπτυξη ληφθουν μετρο κλιματικοσ αλλαγη
1,0.9403675,Positive,,,,,,δημοσ συμμετεχω μεγαλοσ σκυταλοδρομια κλιματικοσ αλλαγη μελοσ δικτυου bike friendly προορισμων ελλαδα
1,0.9455564,Positive,,,,,,δημοσ συμμετεχω μεγαλοσ σκυταλοδρομια κλιματικοσ αλλαγη μελοσ δικτυου bike friendly προορισμων
1,0.66264206,Positive,,,,,,γιαννησ διοσκουριδησ υπαρχω επιδομα κλιματικοσ κριση
1,0.8819823,Positive,,,,,,σωθουμε κλιματικοσ αλλαγη γινουμε κανιβαλοσ τρωμε ανθρωπινη σαρκα λεγω
1,0.8486625,Positive,,,,,,σωθουμε κλιματικοσ αλλαγη γινουμε κανιβαλοσ τρωμε ανθρωπινη σαρκα λεγω κανιβαλισμοσ περιβαλλον
1,0.7085637,Positive,,,,,,ανδρεασ ξανθοσ πανδημια κλιματικοσ κριση πολεμοσ ανισοτητεσ επιβαρυνω ψυχικοσ υγεια
1,0.8937808,Positive,,,,,,διεθνησ συναντηση ερευνητικοσ εργο θεμα προσαρμογη οπωροφορων δενδρωδησ καλλιεργεια κλιματικοσ αλλαγη διοργανωση τμηματοσ φυλλοβολων οπωροφορων δενδρων ναουσα μεσω
1,0.7301024,Positive,,,,,,κλιματικοσ κριση επηρεαζω ψυχικοσ υγεια
1,0.70306623,Positive,,,,,,ξανθοσ πανδημια κλιματικοσ κριση πολεμοσ ανισοτητεσ επιβαρυνω ψυχικοσ υγεια
1,0.89671075,Positive,,,,,,κλιματικοσ αλλαγη σιωπηλοσ δολοφονοσ ακραιοσ ζεστη
1,0.93555546,Positive,,,,,,κλιματικοσ αλλαγη αγροτικοσ τομεασ
1,0.8893487,Positive,,,,,,κλιματικη αλλαγη αγροτικοσ τομεασ καινοτομοσ ημεροσ σεμιναριο πανεπιστημιο θεσσαλια larissapress
1,0.9438436,Positive,,,,,,κλιματικοσ αλλαγη ολοκληρεσ περιοχη κατοικησιμοσ επομενοσ δεκαετια
1,0.94028074,Positive,,,,,,κλιματικοσ αλλαγη ολοκληρεσ περιοχη πλεων κατοικησιμοσ ακραιοσ ζεστη
1,0.81213295,Positive,,,,,,αρχαιοσ αρησ μπορω πολυσ μικροοργανισμοσ προκαλεσαν κλιματικοσ αλλαγη εκαναν πλανητησ αφιλοξενοσ
1,0.90966547,Positive,,,,,,ερευνα υπηρχε αρησ αυτοκαταστραφηκε φαυλοσ κυκλοσ κλιματικοσ αλλαγη
1,0.7908862,Positive,,,,,,χρονικοσ διαστημα οκτωβριοσ διεξαγω αιγιδα οργανισμου οικονομικησ συνεργασια χωρα ευξεινου ποντο διεθνεσ επιστημονικοσ συνεδριο ενεργεια κλιματικοσ αλλαγη φορουμ
1,0.94028074,Positive,,,,,,κλιματικοσ αλλαγη ολοκληρεσ περιοχη πλεων κατοικησιμοσ ακραιοσ ζεστη αρθραρα ερευνημενα καυσωνων εγκλιματισμενη
1,0.8143436,Positive,,,,,,κλιματικοσ αλλαγη απειλω ολοκληροσ περιοχη γινομαι κατοικησιμοσ
1,0.9260185,Positive,,,,,,τρεισ ειδικοι αναλυω ευρηματα δημοκοπικοσ ερευνα κλιματικοσ κριση συνεπεια
1,0.9265972,Positive,,,,,,ειδικοσ συνοδοσ πλαισιο αιγυπτοσ σχεδιο δραση πρωτοβουλια κυπροσ κλιματικοσ αλλαγη
1,0.78081506,Positive,,,,,,μανιταροσουπα αριστουργημα ηλιοτροπια διασημου ολλανδικοσ ζωγραφοσ βινσεντ_βαν_γκογκ εκτιθεται εθνικοσ πινακοθηκη λονδινο πεταξαν ακτιβιστρια κλιματικοσ αλλαγη
1,0.8486062,Positive,,,,,,σταχτοκουλουρασ απωλεια βιοποικιλοτητα κλιματικοσ αλλαγη αλληλενδετοσ businessnewsgr
1,0.93039095,Positive,,,,,,λεκκασ κακοκαιρια κρητη ακραιοσ φαινομενο στοιχειοθετω κλιματικοσ κριση
1,0.80313,Positive,,,,,,τιμολογηση ρυπανση βαζω χρημα τσεπη πολιτησ καταπολεμα κλιματικοσ αλλαγη greek press ελληνικοσ τυποσ
1,0.6872192,Positive,,,,,,κλικ διαβαστε πρωτο θεματολογια πληθωρισμοσ ενεργειακοσ κλιματικοσ κριση εβγαλαν δρομοσ χιλιαδα πολιτησ πρωτεργατησ
1,0.9360245,Positive,,,,,,ανδρουλακησ κλιματικοσ αλλαγη πολλαπλασιαω ακραιοσ καιρικοσ φαινομενο
1,0.9360245,Positive,,,,,,ανδρουλακησ κλιματικοσ αλλαγη πολλαπλασιαω ακραιοσ καιρικοσ φαινομενο
1,0.9479934,Positive,,,,,,ανδρουλακησ κλιματικοσ αλλαγη πολλαπλασιαω ακραιοσ καιρικοσ φαινομενο επενδυσουμε προληψη
1,0.84511423,Positive,,,,,,απευθυνω θερμοσ συλλυπητηρια οικογενεια συνανθρωπων βρηκαν τραγικοσ θανατοσ καταστροφη βιβλικοσ απαιτω αμεσοσ στηριξη πληγεντων κατοικων επιχειρηματιων κλιματικοσ αλλαγη πολλαπλασιασει ακραιοσ
1,0.9360245,Positive,,,,,,ανδρουλακησ κλιματικοσ αλλαγη πολλαπλασιαω ακραιοσ καιρικοσ φαινομενο
1,0.94271815,Positive,,,,,,ερωτηση μεγαλοσ καταστροφη κρητη κλιματικοσ αλλαγη πολλαπλασιαω ακραιοσ καιρικοσ φαινομενο οφειλω επενδυσουμε προληψη
1,0.941505,Positive,,,,,,νικοσ ανδρουλακησ κλιματικοσ αλλαγη πολλαπλασιαω ακραιοσ καιρικοσ φαινομενο οφειλω επενδυσουμε προληψηερωτηση νιου ανδρουλακησ προεδρου πασοκ κινηματικοσ αλλαγμενη ευρωπαϊκη επιτροπη καταστροφευσ κριτη
1,0.9129417,Positive,,,,,,λεκκασ κρητη πλημμυρα αναποφευκτοσ οφειλω κλιματικοσ κριση
1,0.70760727,Positive,,,,,,κλιματικοσ αλλαγη γαλλια ζεστη ριμαρια πληττει χωρα καρδια οκτωβρη
1,0.8547823,Positive,,,,,,φταιει κλιματικοσ κριση
1,0.94138265,Positive,,,,,,νικοσ ανδρουλακησ κλιματικοσ αλλαγη πολλαπλασιαω ακραιοσ καιρικοσ φαινομενο οφειλω επενδυσουμε προληψη
1,0.87300843,Positive,,,,,,γαλλια πληθωρισμοσ ενεργειακοσ κλιματικοσ κριση εβγαλαν δρομοσ χιλιαδα πολιτησ πρωτεργατησ μελανοσ βιντεο
1,0.740392,Positive,,,,,,μαθηματα κλασικο παιδευει ιουστινιανου πανωλη κλιματικη αλλαγμενη
1,0.7858624,Positive,,,,,,εκθεση kids rights δισεκατομμυριο παιδι απειλουνται κλιματικοσ αλλαγη
1,0.8345213,Positive,,,,,,ολλανδικη εκθεση κλιματικοσ αλλαγη απειλω δισεκατομμυριο παιδι ειδησεισ νεοσ βημα online
1,0.76876813,Positive,,,,,,δισεκατομμυριο παιδι απειλουνται κλιματικοσ αλλαγη
1,0.69551075,Positive,,,,,,ολλανδικη εκθεση κλιματικοσ αλλαγη απειλω δισεκατομμυριο παιδι
1,0.76876813,Positive,,,,,,δισεκατομμυριο παιδι απειλουνται κλιματικοσ αλλαγη
1,0.6825452,Positive,,,,,,κλιματικοσ αλλαγη απειλω δισεκατομμυριο παιδι
1,0.9079179,Positive,,,,,,κλιματικοσ κριση βουτια μακρια μεσογειοσ βραζω εκλυω διοξειδιο ανθρακασ τιγκα μικρο πλαστικοσ
1,0.951835,Positive,,,,,,νεοσ ντοκιμαντερ ολιβερ στοουν προβαλλω πυρηνικοσ ενεργεια απαντηση κλιματικοσ κριση ενεργειακοσ κριση προκαλω νεοσ συζητηση εφικτοσ ασφαλεσσ ευλογοσ χρηση πυρηνικοσ αντιδραστηρων σχαση
1,0.6825452,Positive,,,,,,kidsrights κλιματικοσ αλλαγη απειλω δισεκατομμυριο παιδι
1,0.8959864,Positive,,,,,,ψεκανω σωματιδια εμποδιζω κλιματικοσ αλλαγη
1,0.6825452,Positive,,,,,,κλιματικοσ αλλαγη απειλω δισεκατομμυριο παιδι
1,0.9273349,Positive,,,,,,συμμαχια τεσσαρων μεσογειακοσ πρακτορειοσ ειδησεων κλιματικοσ κριση συμμετεχω πρωτοβουλια
1,0.8649837,Positive,,,,,,τριαντοπουλοσ εργο υποδομη ανθεκτικοσ κλιματικοσ κριση
1,0.88538486,Positive,,,,,,λιπασμα οινολασπη χημικοσ λιπασμα οφελη κλιματικοσ αλλαγη
1,0.89363104,Positive,,,,,,εργο υποδομη ανθεκτικοσ κλιματικοσ κριση υιικε εμπε olympiaforum
1,0.88538486,Positive,,,,,,λιπασμα οινολασπη χημικοσ λιπασμα οφελη κλιματικοσ αλλαγη
1,0.9709299,Positive,,,,,,διαχρονικοσ νησι κρητη εκπεμπω ειδικοσ κανω λογοσ αναγκη επανεκτιμηση αντιπλημμυρικοσ κινδυνου περιοχη βαση νεοσ δεδομενο φερνω κλιματικοσ κριση
1,0.7695788,Positive,,,,,,πρασινιζοντασ πολη αντιμετωπιση κλιματικοσ αλλαγη αστικοσ χλωριδα βολοσ αμυνα κλιματικοσ αλλαγη larissapress
1,0.8649837,Positive,,,,,,τριαντοπουλοσ εργο υποδομη ανθεκτικοσ κλιματικοσ κριση
1,0.89363104,Positive,,,,,,τριαντοπουλοσ εργο υποδομη ανθεκτικοσ κλιματικοσ κριση υιικε εμπε
1,0.8715179,Positive,,,,,,κολεγιο ιατρων κεμπεκ καναδασ προτεινω ευθανασια βρεφησ φταιει κλιματικη αλλαγη βλαδιμηρακο παρακαλω πατα γαμημενουσ
1,0.79112303,Positive,,,,,,κροατησ ευρωβουλευτησ γιατι μεγαλοσ αυξηση αιφνιδιοσ θανατουσ ελλαδα ισπανια ισλανδια ευθυνεται κλιματικοσ κριση εβραιος κτηνιατρικοσ δωσει απαντιοσασταν μπαγκοι θελουν κτηνιατροσ σουτ
1,0.85011894,Positive,,,,,,ακτιβιστησ πεταξαν πουρεσ πινακασ θημωνια μονε στειλουν μηνυμα κλιματικοσ αλλαγη
1,0.9000103,Positive,,,,,,κυπριακο μεταναστευτικοσ κλιματικοσ αλλαγη λιβανοσ ουκρανικο συναντηση προεδρουπαπα
1,0.70510507,Positive,,,,,,κλιματικοσ αλλαγη επηρεαζω πουλια ευρωπη
1,0.86753434,Positive,,,,,,runining time εφτασε ελλαδα σκυταλοδρομια κλιματικοσ αλλαγη
1,0.8128927,Positive,,,,,,μαθητικοσ διαγωνισμοσ κλιματικοσ αλλαγη υπατη αρμοστεια προσφυγασ συμπαθητικομιμητικων προσεφυγε unher
1,0.87098694,Positive,,,,,,μαθητικοσ διαγωνισμοσ κλιματικοσ αλλαγη climatechange
1,0.6680466,Positive,,,,,,αρσενησ απειλη παγκοσμιοσ παραγωγη τροφη κλιματικοσ κριση διεξοδοσ φυτικοσ διατροφη σχεδιο κυβερνηση
1,0.84469783,Positive,,,,,,παπαγεωργιου συντονισμοσ κρατουσασφαλιστικοσ κλιματικοσ αλλαγη
1,0.89946115,Positive,,,,,,ανοιγω εκλογη νεοσ συμπραξεισ ασφαλιστικων κρατουσ κλιματικοσ αλλαγη
1,0.8211138,Positive,,,,,,running time εναντια κλιματικοσ αλλαγη τρεχω νικαια λαρισασ
1,0.9064603,Positive,,,,,,παναγιωτοπουλοσ bayer κλιματικοσ αλλαγη αγγιζω γεωργια μπορω μεροσ λυση ηχητικου bayer βαμβακι καλαμποκι καλλιεργεια
1,0.92758876,Positive,,,,,,σπουδαιοσ βοηθεια nasa κλιματικοσ αλλαγη εντοπιζω εφοδιοπομπεσ μεθανιου διαστημα
1,0.76770616,Positive,,,,,,κλιματικοσ αλλαγη εξαρτηση ορυκτο βλαπτω σοβαρα υγεια
1,0.76770616,Positive,,,,,,κλιματικοσ αλλαγη εξαρτηση ορυκτο βλαπτω σοβαρα υγεια
1,0.74417675,Positive,,,,,,κλιματικοσ κριση σκοτωνω διεθνεισ ιατρικοι εμπειρογνωμονασ καταγγελλω υπερβολικα μεγαλοσ εξαρτηση ορυκτα καυσιμο θανατοι συνδεω ζεστη αυξηω δεκαετια κλιμα climatecrisis fossilfuels
1,0.8819512,Positive,,,,,,lancet εθισμοσ ορυκτα καυσιμα κλιματικοσ αλλαγη υποσκαπτουν παγκοσμιοσ υγεια
1,0.85222423,Positive,,,,,,προβλημα υγεια προκαλω κλιματικοσ αλλαγη εξαρτηση ορυκτα καυσιμ
1,0.8819512,Positive,,,,,,εθισμοσ ορυκτα καυσιμα κλιματικοσ αλλαγη υποσκαπτουν παγκοσμιοσ υγεια
1,0.90131146,Positive,,,,,,εθισμοσ ορυκτα καυσιμα κλιματικοσ αλλαγη υποσκαπτουν παγκοσμιοσ υγεια προειδοποιω επιστημονασ
1,0.9755387,Positive,,,,,,επιστημονασ ελπιζω λειτουργια επιτρεπω αναληψη δραση περιοριστουν εκπομπη αεριου συμβαλλω μεγαλοσ βαθμοσ κλιματικοσ αλλαγη
1,0.6043483,Positive,,,,,,σοβαρα αντιμετωπιζω κορυφαιοσ εταιρεια κλιματικοσ αλλαγη
1,0.70274556,Positive,,,,,,κλιματικοσ κριση σκοτωνω συμφωνα διεθνησ ιατρικοσ εμπειρογνωμονασ καταγγελλω υπερβολικα μεγαλοσ εξαρτηση κοσμοσ ορυκτα καυσιμο αιτια κλιματικοσ αλλαγη επιζημιοσ επιπτωση
1,0.93718207,Positive,,,,,,λαιελ ετοιμη συνεργασια βρετανια ουκρανικοσ κλιματικοσ αλλαγη
1,0.85640216,Positive,,,,,,κλιματικοσ κριση κωδωνα κινδυνου κρουω ηνωμενα εθνη
1,0.86687696,Positive,,,,,,λαιελ αδημονει συνεργαζω νεοσ κυβερνηση βρετανια πολεμοσ ουκρανια κλιματικοσ κριση
1,0.86687696,Positive,,,,,,λαιελ αδημονει συνεργαζω νεοσ κυβερνηση βρετανια πολεμοσ ουκρανια κλιματικοσ κριση
1,0.6825452,Positive,,,,,,κλιματικοσ αλλαγη απειλω δισεκατομμυριο παιδι
1,0.8590081,Positive,,,,,,ερευνα κλιματικοσ αλλαγη θελω φορολογηση κυπριοσ
1,0.8908205,Positive,,,,,,πρωτοβουλια κυπροσ κλιματικοσ αλλαγη παρουσιαζω προεδροσ συνοδοσ αιγυπτου cyprus copegypt
1,0.8144382,Positive,,,,,,κλιματικοσ κριση σκοτωνω
1,0.6232818,Positive,,,,,,eurostat ελλαδα πληρωνω χωρα κλιματικοσ αλλαγη
1,0.7801692,Positive,,,,,,politico γιατι πολη φυτευω δεντρο καταπολεμηνω κλιματικοσ κριση
1,0.8336028,Positive,,,,,,περιβαλλον κλιματικοσ αλλαγη επιδρα βιοποικιλοτητα καθοριστικοσ τροποσ
1,0.8664602,Positive,,,,,,ροδη κρατουσα εμβληματικοσ περιοχη κερκυρα κινδυνευω κλιματικοσ αλλαγη
1,0.9115757,Positive,,,,,,γερμανια διαλυω αιολικοσ παρκο ανοιγω δρομοσ ανθρακωρυχειο γινομαι πηγε κλιματικοσ αλλαγη κερδιζω ουκρανια καιμε καρβουνοσ κλιματικοσ αλλαγη θυμηθουμε φαση ποσο δουλεμα τρωμε επιτελουσ
1,0.8720307,Positive,,,,,,κλιματικοσ αλλαγη επιδρα βιοποικιλοτητα καθοριστικοσ τροποσ επιπτωση ελλαδα
1,0.8574332,Positive,,,,,,βραχναδασ κλιματικοσ αλλαγη επιδρα βιοποικιλοτητα καθοριστικοσ τροποσ επιπτωση ελλαδα κλιμα climatechange climatecrisis
1,0.8648829,Positive,,,,,,ινστιτουτο εναγη ελληνικοσ τουρισμοσ κλιματικοσ αλλαγη
1,0.90486246,Positive,,,,,,ινστιτουτο εναγη ελληνικοσ τουρισμοσ κλιματικοσ αλλαγη κινδυνοσ προκληση
1,0.7519209,Positive,,,,,,κλιματικοσ κριση επηρεαζω διατροφικοσ θησαυροσ ευρωπη
1,0.85852057,Positive,,,,,,καινοτομεσ λυση κλιματικοσ κριση μεσω creton businessnewsgr
1,0.872743,Positive,,,,,,κυπροσ σκυταλοδρομια κλιματικοσ αλλαγη
1,0.8755513,Positive,,,,,,abbcreton καινοτομεσ λυση κλιματικοσ κριση
1,0.87373394,Positive,,,,,,ανοχυρωτο μεγαλοσ μεροσ νομοσ ρεθυμνοσ εναντι κλιματικοσ αλλαγη
1,0.90131146,Positive,,,,,,επιστημονασ προειδοποιω εθισμοσ ορυκτα καυσιμα κλιματικοσ αλλαγη υποσκαπτουν παγκοσμιοσ υγεια
1,0.7705033,Positive,,,,,,φταιει κλιματικη αλλαγη λεει αβραμοπουλου εκλεψαν ονειρα μπουκωμενη
1,0.6825436,Positive,,,,,,κλιματικοσ αλλαγη τριζω δοντι ευρωπη
1,0.85808975,Positive,,,,,,καμπανακι κλιματικοσ αλλαγη τριτοσ παγετωνοσ παγκοσμιασ κληρονομια unesco εξαφανιζω
1,0.91066086,Positive,,,,,,αγροτικησ αναπτυξη προσωρινοσ πινακασ αποτελεσματων αιτηση στηριξη γεωργια κλιματικοσ αλλαγη
1,0.90677696,Positive,,,,,,ομιλια γυμνασιου ιωνια θαλασσα κλιματικοσ αλλαγη
1,0.8929918,Positive,,,,,,κλιματικοσ αλλαγη ηλιθιε
1,0.89312816,Positive,,,,,,συνεργασια πολιτικη προστασια υπερτονισαμε προσαρμογη ελλαδα κλιματικοσ αλλαγη
1,0.88472253,Positive,,,,,,κλιματικοσ αλλαγη παγετωνων παγκοσμιασ κληρονομια unesco εξαφανιζω ειδησεισ νεοσ βημα online
1,0.8709983,Positive,,,,,,κλιματικοσ αλλαγη μνημονιο υπουργειο κλιματικησ κριση υπερτελειου
1,0.8036858,Positive,,,,,,κλιματικοσ αλλαγη παγετωνων παγκοσμιασ κληρονομια unesco εξαφανιζω
1,0.8709983,Positive,,,,,,κλιματικοσ αλλαγη μνημονιο υπουργειο κλιματικησ κριση υπερταμειου
1,0.8212049,Positive,,,,,,ανθρωποσ αμφισβητω ανθρωπογενησ κλιματικοσ αλλαγη αυστραλια θεωρω ψυχικα αρρωστοσ δηλωνω ομαδα ψυχολογοσ ερευνητησ
1,0.8959359,Positive,,,,,,ιταλια ακτιβιστησ εριξαν σουπα πινακασ γκογκ διαμαρτυρομενοσ κλιματικοσ αλλαγη
1,0.80980855,Positive,,,,,,σκουνα επαινει καρολοσ διορατικοτητα σχετικα κλιματικοσ αλλαγη τσιτσιρισουν
1,0.91808474,Positive,,,,,,βρετανια σκουνα αποθεωνω βασιλιασ καρολοσ διορατικοτητα κλιματικοσ αλλαγη
1,0.9309667,Positive,,,,,,εντονη ανησυχια μεροσ κλιματικοσ αλλαγη προειδοποιηση εκφραστηκε ενοψει συνοδου κλιματικη αλλαγη διαβαστε ισημερινοσ
1,0.7925757,Positive,,,,,,γινομαι σεβαστοσ συμφωνια παλικαρισιο κλιματικοσ αλλαγη
1,0.7768496,Positive,,,,,,επειγων δραση κλιμα καλω ευρωπαϊκοσ ενωση
1,0.7520622,Positive,,,,,,κλιματικοσ αλλαγη ζητω μετρο περιορισμοσ υπερθερμανση πλανητησ
1,0.951692,Positive,,,,,,βρετανια πρωθυπουργοσ επαινει βασιλιασ διορατικοτητα κλιματικοσ αλλαγη ειδησεισ νεοσ βημα online
1,0.82816344,Positive,,,,,,παιδια νηπιαγωγειου πραγματοποιησαν σκυταλοδρομια κλιματικοσ αλλαγη φιλικα περιβαλλον υλικοσ
1,0.8965916,Positive,,,,,,κλιματικοσ αλλαγη ενεργειακη κριση ελληνικοσ περιβαλλον επιλογη
1,0.8844993,Positive,,,,,,ιταλια ακτιβιστησ εριξαν σουπα σπορεα γκογκ διαμαρτυρομενοσ κλιματικοσ αλλαγη
1,0.7378782,Positive,,,,,,πολεμοσ αγροτων παρατηρηθει ξεκαθαρα ολλανδια σρισ λανκα νοτιοσ αφρικη καναδασ ηνωμενοσ πολιτεια δημοσιωσ προφασεισ πολιτικοσ περιλαμβανω διασωση πλανητησ υποτιθεμενοσ ανθρωπογενησ κλιματικοσ αλλαγη
1,0.869846,Positive,,,,,,φωτογραφια κλιματικοσ αλλαγη αλλαξαν κοσμοσ
1,0.87262416,Positive,,,,,,ελληνικοσ αεροδρομιο κλιματικοσ αλλαγη αλλαζω ξεραμε πτησεισ
1,0.8897382,Positive,,,,,,συζητηθει επισημωσ αποζημιωση φτωχοτεροσ χωρα ευαλωτοσ κλιματικοσ αλλαγη
1,0.8888771,Positive,,,,,,welt ρεαλιστικοσ προβλεψεισ τρομου κλιματικοσ αλλαγη
1,0.8888771,Positive,,,,,,welt ρεαλιστικοσ προβλεψεισ τρομου κλιματικοσ αλλαγη
1,0.8888771,Positive,,,,,,welt ρεαλιστικοσ προβλεψεισ τρομου κλιματικοσ αλλαγη gntmgr kaneotikoimasai gitiselias sasmos pagidevmenoi
1,0.92680246,Positive,,,,,,αιγυπτοσ ξεκινα προεδροσ κυπροσ παρουσιαζω πρωτοβουλια κλιματικοσ αλλαγη
1,0.8270989,Positive,,,,,,διασκεψη κλιμα αρχιζω αιτημα αποζημιωνω φτωχοτεροσ χωρα κλιματικοσ αλλαγη
1,0.9132291,Positive,,,,,,κοστιζω κλιματικοσ αλλαγη γερμανια gitiselias pagidevmenoi gntmgr sasmos kaneotikoimasai
1,0.9132291,Positive,,,,,,κοστιζω κλιματικοσ αλλαγη γερμανια
1,0.8844757,Positive,,,,,,συνοδοσ κλιματικοσ αλλαγη
1,0.88412774,Positive,,,,,,υπουργοσ γεωργια συμμετασχει διασκεψη ηνωμενοσ εθνοσ κλιματικη αλλαγη αιγυπτοσ
1,0.8142384,Positive,,,,,,κλιματικοσ αλλαγη συμφωνηθηκε συζητηθει ζητημα αποζημιωση φτωχοτεροσ χωρα documento
1,0.8313935,Positive,,,,,,κλικ διαβαστε συνοδοσ εκατομμυρια ανθρωποσ υποφερω κλιματικοσ αλλαγη
1,0.8227923,Positive,,,,,,συνοδοσ εκατομμυρια ανθρωποσ υποφερω κλιματικοσ αλλαγη
1,0.88250226,Positive,,,,,,συμφωνηθηκε συζητηθει επισημωσ ζητημα αποζημιωση φτωχοτεροσ χωρα ευαλωτοσ κλιματικοσ αλλαγη
1,0.8940122,Positive,,,,,,αιγυπτοσ τραπεζι αποζημιωση φτωχοσ χωρα κλιματικοσ αλλαγη
1,0.8315905,Positive,,,,,,μακρον καλω κινα πληρωνω μεριδιο κλιματικοσ αλλαγη
1,0.9176901,Positive,,,,,,γιατι επιστημονασ χαρακτηριζω τρομακτικοσ κλιματικοσ κριση
1,0.88980186,Positive,,,,,,βρετανια σκουνα επαινει βασιλιασ καρολοσ διορατικοτητα σχετικα κλιματικοσ αλλαγη
1,0.8764095,Positive,,,,,,ηγετησ κοσμου συναντωνται σειχ κλιματικοσ κριση
1,0.8227923,Positive,,,,,,συνοδοσ εκατομμυρια ανθρωποσ υποφερω κλιματικοσ αλλαγη
1,0.83489454,Positive,,,,,,παγκοσμιοσ προκληση κινδυνευω φερω δευτεροσ μοιρα κλιματικοσ αλλαγη businessnewsgr
1,0.9518031,Positive,,,,,,κυπριακοσ πρωτοβουλια κλιματικοσ αλλαγη παρουσιαζω προεδροσ σειχ
1,0.88250685,Positive,,,,,,κλιματικοσ κριση μπορω προβλεφθει κινδυνοσ σοβαρων πλημμυρων smartregions
1,0.7741558,Positive,,,,,,συνοδοσ κλιματικοσ αλλαγη μακρον καλω κινα καταβαλουν μεριδιο φτωχοσ χωρα
1,0.8319694,Positive,,,,,,ιδρυμα γειτσ δωριζω δολαριο μικροκαλλιεργητησ αντιμετωπιζω κλιματικοσ αλλαγη ευκαιρια
0,0.4335107,Negative,,,,,,κλιματικοσ αλλαγη δολαριο ιδρυμα γειτσ προσαρμοστουν καλλιεργητησ αφρικη ασια ασια αφρικη συναλλαγματικοσ
1,0.90679663,Positive,,,,,,κλιματικοσ αλλαγη δινω δολαριο βοηθω μικροκαλλιεργητησ billgates climatecrisis
1,0.8628756,Positive,,,,,,κλιματικοσ αλλαγη δισεκατομμυριουχοσ ευθυνομαι φορα πολυσ εκπομπεσ ανθρακα μεσοσ ανθρωπο
1,0.8772921,Positive,,,,,,γουστερεσ αυτοκινητοδρομοσ κλιματικοσ κολαση ποδι γκαζι γουστερασ κλιματιστικοσ
1,0.8772921,Positive,,,,,,γουστερεσ αυτοκινητοδρομοσ κλιματικοσ κολαση ποδι γκαζι γουστερασ κλιματιστικοσ
1,0.89265937,Positive,,,,,,γουστερεσ κλιματικοσ κριση συνεργαστειτε αφανιστειτε
1,0.887801,Positive,,,,,,εκκληση μακρον κινα κλιματικοσ αλλαγη
1,0.82641476,Positive,,,,,,ζητω κινα βοηθω φτωχοσ χωρα αντιμετωπιζω κλιματικοσ αλλαγη climatecrisis togetherforimplementation
1,0.9399454,Positive,,,,,,elica σημαντικοσ οφελη ηλεκτρικοσ διασυνδεση αιγυπτου ελλαδα επικεντρο διασκεψη κλιματικη αλλαγη
1,0.89090633,Positive,,,,,,εμανουελ μακρον κινα καταβαλουν μεριδιο κλιματικοσ αλλαγη
1,0.91777,Positive,,,,,,αιγυπτοσ διασκεψη κλιματικοσ αλλαγη ακουραστα
1,0.9220715,Positive,,,,,,μεγαλοσ σημασια εφαρμογη αποφαση κλιματικοσ αλλαγη λεγω προεδροσ
1,0.9073075,Positive,,,,,,συναντηση μητσοτακη καρι αιγυπτο αιγυπτοσ ταπητοσ κλιματικοσ αλλαγη
1,0.9073075,Positive,,,,,,συναντηση μητσοτακη καρι αιγυπτο αιγυπτοσ ταπητοσ κλιματικοσ αλλαγη
1,0.80870116,Positive,,,,,,τρισ δολαριο χρειαζομαι αναπτυσσομενοσ χωρα κλιματικοσ αλλαγη
1,0.8736406,Positive,,,,,,κλιματικοσ αλλαγη τρισεκατομμυριο δολαριο ετησιωσ χρειαζομαι αναπτυσσομενοσ χωρα αντιμετωπιση
1,0.96374965,Positive,,,,,,συλλογικοσ αποφασιστικοσ δραση βαση ορθοσ επιστημονικοσ γνωση κλιματικοσ κριση περιοχη λεει καδησ
1,0.65452325,Positive,,,,,,αναπτυσσομενοσ χωρα χρειαζομαι χρηματοδοτηση τρισ δολαριο ετησιωσ κλιματικοσ αλλαγη
1,0.9292084,Positive,,,,,,παρουσιαση καλωδιο gregy interconnector πλαισιο διασκεψη ηνωμενοσ εθνοσ κλιματικη
1,0.88298124,Positive,,,,,,κλιματικοσ αλλαγη μπορω ενισχυω κινδυνοσ διαχυση αρκτικοσ
1,0.93111044,Positive,,,,,,κλιματικοσ κριση σωστοσ δρομοσ λεει ουρσουλα ντερκ λαιε
1,0.8353046,Positive,,,,,,τζεντιλεσκι ειρηνη μπορω υπαρχω αποτελεσματικοσ πολιτικη κλιματικοσ αλλαγη
1,0.9363426,Positive,,,,,,παρεμβαση πρωθυπουργου κυριακου μητσοτακησ πλαισιο συνοδου διασκεψη μερων συμβαση κλιματικη αλλαγη
1,0.8981124,Positive,,,,,,συμμετοχη πρωθυπουργου κυριακου μητσοτακησ συνοδοσ διασκεψη μερων συμβαση κλιματικη αλλαγη
1,0.9481987,Positive,,,,,,παρεμβαση μητσοτακησ πλαισιο συνοδου διασκεψη μερων συμβαση κλιματικη αλλαγη
1,0.8292843,Positive,,,,,,κλικ διαβαστε κλιματιστικοσ αλλαγη καυσωνεσ σκοτωνω ευρωπαιουσ τελοσ αιωνασ
1,0.6519766,Positive,,,,,,καυσωνεσ απειλω σκοτωνω ευρωπαιουσ χρονοσ καυσωνασ ευρωπη κλιματιστικοσ
1,0.6519766,Positive,,,,,,καυσωνεσ απειλω σκοτωνω ευρωπαιουσ χρονοσ καυσωνασ ευρωπη κλιματιστικοσ
1,0.8401222,Positive,,,,,,κλιματικοσ αλλαγη καυσωνεσ σκοτωνω ευρωπαιουσ τελοσ αιωνασ
1,0.91035765,Positive,,,,,,ακουραστα σημαντικοσ προκληση κρατικοσ προϋπολογισμοσ δημιουργω κλιματικοσ αλλαγη κατακουραστω
1,0.87721217,Positive,,,,,,σταχτοκουλουρασ κλιματικοσ αλλαγη μπορω πληξει κρατικοσ προϋπολογισμοσ
1,0.9287362,Positive,,,,,,σταχτοκουλουρασ σημαντικοσ προκληση δημοσιονομικοσ σχεδιασμοσ κλιματικοσ αλλαγη
1,0.91035765,Positive,,,,,,σταχτοκουλουρασ σημαντικοσ προκληση κρατικοσ προϋπολογισμοσ δημιουργω κλιματικοσ αλλαγη
1,0.8254585,Positive,,,,,,σταχτοκουλουρασ κλιματικοσ αλλαγη μπορω πληξει κρατικοσ προϋπολογισμοσ δημοκρατικοσ ροδοσ δωδεκανησα
1,0.7993753,Positive,,,,,,ευρωπη κλιματικοσ αλλαγη οκτωβριοσ ζεστοσ μηνασ εποχη
1,0.80118513,Positive,,,,,,κλιματικοσ κριση ελιτ σκοτωνω πλανητησ ζηταει λογαριασμοσ απλοσ λαοσ
1,0.91098535,Positive,,,,,,καμπανακι γουστερεσ φτωχεια κλιματικοσ αλλαγη documento
1,0.70575225,Positive,,,,,,επιασε κλιματικη αλλαγμενοσ παει μυαλο εναλιο ψεκασω
1,0.885783,Positive,,,,,,γιατι κλιματικοσ κριση αφορω τραπεζα
1,0.81328154,Positive,,,,,,σταχτοκουλουρασ κλιματικοσ αλλαγη φερνει προκλησεισ κρατικοσ προϋπολογισμοσ
1,0.7812417,Positive,,,,,,παρουσιαζω αγρινιο περιφερειακοσ σχεδιο προσαρμογη κλιματικη αλλαγη
1,0.57207,Positive,,,,,,κλιματικοσ αλλαγη επηρεαζω ηπειρο επιπτωση κοσμοσ γινομαι ευρωπη
1,0.87489283,Positive,,,,,,αμελητεα κλιματικοσ αλλαγη διαρροη μεθανιου nord stream
1,0.8532784,Positive,,,,,,θεσσαλονικη υποδομη φρεατι πυρκαγιεσ κλιματικη αλλαγη φωτοvideo
1,0.9111085,Positive,,,,,,σοκαρουν νεοσ στοιχειο κλιματικοσ αλλαγη τεραστια απειλη εκπομπεσ ανθρακα
1,0.79528123,Positive,,,,,,ντεμπαι παγκοσμια κλιματικοσ κριση αποτελω υπαρξιακοσ απειλη πλανητησ
1,0.7982003,Positive,,,,,,κλικ διαβαστε skaiτζο ντραιντεν παγκοσμια κλιματικοσ κριση υπαρξιακοσ απειλη πλανητησ
1,0.92323893,Positive,,,,,,κλιματικοσ αλλαγη φονικοσ καρκινοσ φονικοτερη covid ειδησεισ νεοσ βημα online
1,0.84210235,Positive,,,,,,ντεμπαι παγκοσμια κλιματικοσ κριση αποτελω υπαρξιακοσ απειλη
1,0.8904974,Positive,,,,,,κλιματικοσ αλλαγη επηρεαζω ανθρωπινη υγεια
1,0.79528123,Positive,,,,,,ντεμπαι παγκοσμια κλιματικοσ κριση αποτελω υπαρξιακοσ απειλη πλανητησ
1,0.7709837,Positive,,,,,,βiden παγκοσμια κλιματικοσ κριση αποτελω υπαρξιακοσ απειλη πλανητησ
1,0.7709837,Positive,,,,,,παγκοσμια κλιματικοσ κριση αποτελω υπαρξιακοσ απειλη πλανητησ
1,0.821589,Positive,,,,,,κλιματικοσ κριση υπαρξιακοσ απειλη πλανητησ λεει ντεμπαι businessnewsgr
1,0.8864044,Positive,,,,,,συναντησεισ εργασια κλιματικοσ αλλαγη λιμενικο ταμειο ρεθυμνοσ
1,0.6693513,Positive,,,,,,κλιματικοσ αλλαγη φονικοτερη κορονων επικινδυνοσ καρκινο
1,0.83665115,Positive,,,,,,κλιματικοσ αλλαγη φονικοτερη κορονωσ προειδοποιω παγκοσμιοσ οργανισμοσ υγεια θανατοσ χρονοσ
1,0.5396993,Positive,,,,,,κλιματικοσ αλλαγη φονικοτερη κορονων επικινδυνοσ καρκινοσ
1,0.79528123,Positive,,,,,,ντεμπαι παγκοσμια κλιματικοσ κριση αποτελω υπαρξιακοσ απειλη πλανητησ
1,0.7717031,Positive,,,,,,κλιματικοσ αλλαγη λαϊκιστεσ εναντιον πλανητησ κλιμα γινομαι νεοσ μετωπο πολεμου
1,0.94264144,Positive,,,,,,κλιματικοσ αλλαγη ρεκορ εκπομπη διοξειδιου ανθρακασ
1,0.85862255,Positive,,,,,,εγκλιματιζομασταν αλλαγη
1,0.8641602,Positive,,,,,,λισαβονα διαδηλωτησ οργισμενοσ κλιματικοσ κριση εισεβαλαν κτιριο μιλουσε υπουργοσ οικονομικα
1,0.6892958,Positive,,,,,,τυνησια κλιματικοσ αλλαγη απειλω ακτη επιβιωση ανθρωποσ
1,0.8939461,Positive,,,,,,τριμερησ συνεργασια κορεα κινα ιαπωνια ασφαλεια εναντι κορεα κλιματικοσ αλλαγη
1,0.8109261,Positive,,,,,,τυνησια διαθετω πανεμορφεσ παραλια κινδυνευω σοβαρα κλιματικοσ αλλαγη πολιτεια δεκα χρονοσ παιρνω μετρο μελλον αδηλο
1,0.81161773,Positive,,,,,,κλιματικοσ αλλαγη επικινδυνοσ μυθοσ απατη φαρσα στηριζω διατρητοσ επιστημονικοσ στοιχειο
1,0.90640223,Positive,,,,,,διασκεψη κλιματικοσ αλλαγη ελληνιδα φοιτητρια συνηγοροσ κλιματικοσ δικαιοσυνη diaskepsi inomenaethni klimatikiallagi pennydalkoy
1,0.81161773,Positive,,,,,,κλιματικοσ αλλαγη επικινδυνοσ μυθοσ απατη φαρσα στηριζω διατρητοσ επιστημονικοσ στοιχειο
1,0.7789943,Positive,,,,,,κλικ διαβαστε κλιματιστικοσ αλλαγη δενδροφυτευση λυση σωθει πλανητησ
1,0.8807163,Positive,,,,,,προειδοποιηση sharma οπισθοχωρηση κοκκινοσ γραμμη κλιματικοσ αλλαγη
1,0.8904974,Positive,,,,,,κλιματικοσ αλλαγη επηρεαζω ανθρωπινη υγεια
1,0.88739264,Positive,,,,,,ελλαδα σταθμοσ παγκοσμιασ σκυταλοδρομια running time κλιματικοσ αλλαγη ελληνικοσ ολυμπιακη επιτροπη συμμετειχε παγκοσμιοσ σκυταλοδρομια running time ξεκινω γλασκοβη τελικοσ προορισμοσ διασκεψη
1,0.72349936,Positive,,,,,,κλιματικοσ κριση ελιτ σκοτωνω πλανητησ
1,0.65540445,Positive,,,,,,τζορτζιο βελονι θυελλωδη νερο ενεργειακοσ κριση ευκαιρια βιωσιμοσ κοσμοσ
1,0.8807163,Positive,,,,,,προειδοποιηση sharma οπισθοχωρηση κοκκινοσ γραμμη κλιματικοσ αλλαγη
1,0.7528453,Positive,,,,,,παρουσιαστηκε αγρινιο περιφερειακοσ σχεδιο προσαρμογη κλιματικη αλλαγη
1,0.8242446,Positive,,,,,,guardian κλιματικοσ αλλαγη πλανητησ οδευω αναστρεψιμοσ σημειο κλιματικοσ
1,0.66613936,Positive,,,,,,κλιματικοσ αλλαγη δενδροφυτευση λυση σωθει πλανητησ αρθραρα αδεντρα δεντροφυτευση περιβαλλον
1,0.8318909,Positive,,,,,,συνοδοσ κορυφη τουρισμοσ μπορω αποτελω λυση κλιματικοσ κριση δημιουργια θεση εργασια
1,0.89489704,Positive,,,,,,κλιματικη αλλαγη τουβαλου χαθει μετακομιζω metaverse ειδησεισ νεοσ βημα online
1,0.535324,Positive,,,,,,κλιματικοσ αλλαγη πεινα αφρικη αυξανω κανω προειδοποιω
1,0.9082682,Positive,,,,,,ευρωκοινοβουλιοσ κλιματικοσ κριση απαιτουνται επειγοντα μετρο
1,0.8749927,Positive,,,,,,νεοσ ανακαλυψεισ κλιματικοσ αλλαγη διαμορφωνω τροποσ αντιμετωπιση μελλον
1,0.9393762,Positive,,,,,,δελφοι επικεντρο διεθνησ διαλογοσ προστασια πολιτιστικοσ φυσικοσ κληρονομια συνθετοσ προκληση αφορω προστασια πολιτιστικοσ φυσικοσ κληρονομια κλιματικοσ κριση υπερτονισμοσ αποτελω βαση
1,0.88120323,Positive,,,,,,κλιματικοσ κριση τεραστια μαζα μικροβιων απελευθερωνω λιωσιμο παγετωνοσ
1,0.86999065,Positive,,,,,,νεοσ αναπτυσσω ψηφιακοσ λυση αντιμετωπιζω κλιματικοσ αλλαγη
1,0.8441813,Positive,,,,,,κλιματικοσ αλλαγη επιδεινωνω ημικρανια νευρολογικοσ παθηση κινδυνευω
1,0.86999065,Positive,,,,,,νεοσ αναπτυσσω ψηφιακοσ λυση αντιμετωπιζω κλιματικοσ αλλαγη sasmos pagidevmenoi gntmgr kaneotikoimasai gitiselias
1,0.62649024,Positive,,,,,,φταιει κλιματικη αλλαγμενοσ παει μυαλο ψεματακια ενδοθηλια εβραιου κτηνιατρου
1,0.8441813,Positive,,,,,,κλιματικοσ αλλαγη επιδεινωνω ημικρανια νευρολογικοσ παθηση κινδυνευω
1,0.8441813,Positive,,,,,,κλιματικοσ αλλαγη επιδεινωνω ημικρανια νευρολογικοσ παθηση κινδυνευω
1,0.8753971,Positive,,,,,,κλιματικοσ αλλαγη νεοσ σχεδιο προβλεπω ιδρυση ταμειου ευαλωτοσ χωρα documento
1,0.81011575,Positive,,,,,,φταιει κλιματικη αλλαγμενε ψεματακια
1,0.8630581,Positive,,,,,,πρασινισει απανθιζεστε μπλε χαμογελια ζουλιστω αποχρωματιστηκαμεσ διαφημιζατε ηλεκτρικα αυτοκινητα απαλλαγη τελωνιζονται κλιματικη αλλαγη κωλοτρυπιδα κοιλη
1,0.7907063,Positive,,,,,,κοντινοσ ορεινοσ παραδεισοσ απειλειται
1,0.8755232,Positive,,,,,,κλιματικοσ αλλαγη γουορχολ τελευταιοσ θυμα ακτιβιστησ ιταλια
1,0.8448562,Positive,,,,,,κατεληξε συμφωνια δημιουργειται ταμειο ευαλωτοσ κλιματικοσ αλλαγη χωρα
1,0.87185943,Positive,,,,,,κοσμοσ κλιματικοσ αλλαγη καταστρεψαμε αποζημιωσουμε
1,0.8967012,Positive,,,,,,μουσειο τσιτσανη βιωματικοσ σεμιναριο εκπαιδευτικοσ κλιματικοσ αλλαγη πολιτιστικοσ αγαθο
1,0.718272,Positive,,,,,,συμφωνια αποζημιωση φτωχοσ χωρα χτυπηνω κλιματικοσ αλλαγη
1,0.74667263,Positive,,,,,,συμφωνια πληρωμη φτωχων χωρα πληττω κλιματικοσ αλλαγη συναλλαγματικοσ
1,0.74667263,Positive,,,,,,συμφωνια πληρωμη φτωχων χωρα πληττω κλιματικοσ αλλαγη συναλλαγματικοσ
1,0.734254,Positive,,,,,,κλικ διαβαστε newsitop συμφωνια αποζημιωση φτωχοσ χωρα χτυπηνω κλιματικοσ αλλαγη
1,0.718272,Positive,,,,,,συμφωνια αποζημιωση φτωχοσ χωρα χτυπηνω κλιματικοσ αλλαγη
1,0.796109,Positive,,,,,,εναρκτηρια εκδηλωση εργο υποστηριξη υπουργειου κλιματικησ κριση πολιτικη προστασια συντονισμοσ δρασεων προετοιμασια κινητοποιηση αντιμετωπιση καταστασεων εκτακτησ αναγκη προσαρμογη κλιματικη αλλαγη
1,0.74667263,Positive,,,,,,ιστορικη συμφωνια πληρωμη φτωχων χωρα πληττω κλιματικοσ αλλαγη
1,0.90810835,Positive,,,,,,νεοσ αναπτυσσω ψηφιακοσ λυση αντιμετωπιζω κλιματικοσ αλλαγη μεσω πρωτοβουλια ιδρυματοσ vodafone youngmakesgreen
1,0.90810835,Positive,,,,,,νεοσ αναπτυσσω ψηφιακοσ λυση αντιμετωπιζω κλιματικοσ αλλαγη μεσω πρωτοβουλια ιδρυματοσ vodafone youngmakesgreen
1,0.83538306,Positive,,,,,,βουλη πηχησ κλιματικοσ αλλαγη
1,0.88949317,Positive,,,,,,διασκεψη ηνωμενοσ εθνοσ κλιματικη αλλαγη ολοκληρωνοταν ευρωπαϊκοσ αρχη ασφαλισεων επαγγελματικοσ
1,0.9362808,Positive,,,,,,δημοσιογραφοσ σωριαζεται αερασ διασκεψη διεθνιστοσ κλιματικοσ αλλαγη
1,0.89049006,Positive,,,,,,παγκοσμιοσ συναγερμοσ κλιματικοσ αλλαγη επομενοσ απειλη ανθρωποσ ανθρωποσοφια απειληθω επιστημονισμοσ εγκλιματισμενη συναγερμοσ
1,0.91731465,Positive,,,,,,προειδοποιηση κλιματικοσ αλλαγη φερνω εξαπλωση μολυσματικοσ ασθενειων
1,0.9137565,Positive,,,,,,θεσσαλονικη μαθητησ πεντε χωρα ζητω αμεσοσ δραση κλιματικοσ αλλαγη
1,0.94408756,Positive,,,,,,δεκαεξαχρονοσ μαθητησ ελλαδα εσθονια τσεχια πορτογαλια λιθουανια ζητω στηριξη ψηφισμα κλιματικοσ κριση climatecrisis climateaction
1,0.8805803,Positive,,,,,,ξεκινω επισημα εργο υποστηριξη υπουργειου κλιματικησ κριση πολιτικη προστασια συντονισμοσ δρασεων προετοιμασια κινητοποιηση αντιμετωπιση καταστασεων εκτακτησ αναγκη προσαρμογη κλιματικη αλλαγη
1,0.9254195,Positive,,,,,,ευθυνη φερω γενια μεγαλοσ ελπιδα χαιρετισμοι προεδρου δημοκρατισμοσ κατερινας σακελλαριου εγκαινια εκθεση κλιματικοσ αλλαγη εμμεινει μουσειο γουλανδρη φυσικης ιστορισμε κεντρο γαια τheodore manolopoulos
1,0.9145359,Positive,,,,,,κλιματικοσ αλλαγη ευνοει εξαπλωση μολυσματικοσ ασθενειων
1,0.86862904,Positive,,,,,,κλιματικοσ αλλαγη ευνοει εξαπλωση μολυσματικοσ ασθενεια σκοτωνω ανθρωποσ
1,0.8355684,Positive,,,,,,λυση biochar υπερθερμανση πλανητησ κλιματικοσ αλλαγη οφειλω ανθρακασ
1,0.9052161,Positive,,,,,,προειδοποιηση κλιματικοσ αλλαγη φερνω εξαπλωση μολυσματικοσ ασθενεια
1,0.86862904,Positive,,,,,,κλιματικοσ αλλαγη ευνοει εξαπλωση μολυσματικοσ ασθενεια σκοτωνω ανθρωποσ
1,0.5539777,Positive,,,,,,πλυση εγκεφαλοσ παιδι κλιματικοσ κριση
1,0.87675554,Positive,,,,,,κλιματικη αλλαγη διαδραστικοσ εκθεση μουσειο γουλανδρη
1,0.93323386,Positive,,,,,,κλιματικοσ αλλαγη εγκαινιαζω πρωτοσ διαδραστικοσ μονιμοσ εκθεση κλιματικοσ αλλαγη μουσειο γουλανδρη φυσικοσ ιστοριασ climatechange
1,0.73750734,Positive,,,,,,κλιματικοσ αλλαγη περισσοτεροι θανατοσ δυτικοσ ευρωπη συνδεω θερινοσ καυσωνεσ
1,0.7092998,Positive,,,,,,σκανδαλο δημοσ κατερινησ δανειοσ αλλαγη λαμπτηρων υλικο πεπερασμενησ τεχνολογια επικινδυνοσ
1,0.8440348,Positive,,,,,,κλιματικοσ αλλαγη θανατοσ δυτικοσ ευρωπη συνδεω καυσωνεσ ειδησεισ νεοσ βημα online
1,0.8752129,Positive,,,,,,κλιματικοσ αλλαγη πανω νεκροσ ευρωπη καλοκαιρι
1,0.87514234,Positive,,,,,,κλιματικοσ αλλαγη μηνυση χωρα υποβαλλω γκρετα τινμπεργκεν
1,0.86223495,Positive,,,,,,κλιματικη κριση νεοσ προσφευγω δικαιοσυνη σουηδια κατηγορουν χωρα ανεπαρκησ μετρο κλιματικοσ αλλαγη
1,0.73750734,Positive,,,,,,κλιματικοσ αλλαγη περισσοτεροι θανατοσ δυτικοσ ευρωπη συνδεω θερινοσ καυσωνεσ
1,0.8785599,Positive,,,,,,κλιματικοσ αλλαγη climatescam climate nwostate
1,0.8825328,Positive,,,,,,κλιματικοσ αλλαγη επιχειρω cgig ρολοσ ebrd businessnewsgr
1,0.8958084,Positive,,,,,,ρολοσ greece κλιματικοσ αλλαγη επιχειρω
1,0.9029072,Positive,,,,,,σχεδιο πιπιλα μυαλο στιγμη κλιματικοσ κριση διαμορφωνω νεοσ τεραστιοσ αγορα πολυσ γινομαι αρνητησ εποχη χρονοσ ελευθερια χαρουμε χρημα μεγαλοσ αλλαγη
1,0.868095,Positive,,,,,,δραση δημιουργικοσ γραφη κλιματικοσ αλλαγη γλωσσα
1,0.81755644,Positive,,,,,,θανατοσ telegraph χαιρετισε maurice strong ανθρωποσ εφηυρε κλιματικοσ αλλαγη παγκοσμιοσ κλιματικοσ πολιτικη εξακολουθω διαμορφωνω ατζεντα maurice strong καναδοσ
1,0.8838447,Positive,,,,,,κλιματικοσ αλλαγη επηρεαζω θερμαϊκοσ κολποσ video thessaloniki theopinion
1,0.8475513,Positive,,,,,,αφεθω κηρυσσω εναρξη εργασια ημεριδα κλιματικοσ αλλαγη ενοπλεσ δυναμη
1,0.82694,Positive,,,,,,κλικ διαβαστε ellinikahoaxesη συγχρονη κλιματικοσ αλλαγη οφειλω ηλιοσ
1,0.8645876,Positive,,,,,,κλιματικοσ αλλαγη νομικοσ παροχη δικαιωμα προστασια ανθρωπινεσ οντοτητα
1,0.84019035,Positive,,,,,,κλιματικοσ αλλαγη χωρα πνιγω ζητω δικαιοσυνη δικαστηριο χαγησ
1,0.8047278,Positive,,,,,,διαπιστευτουν λενε κλιματικοσ αλλαγη επηρεαζω ποιοτητα μουσικη
1,0.842917,Positive,,,,,,κλιματικοσ αλλαγη επηρεαζω ποιοτητα μουσικη
1,0.91891795,Positive,,,,,,κλιματικοσ αλλαγη συμφωνια χρεωση εκπομπη ναυτιλια
1,0.9357247,Positive,,,,,,κυκλαδα αμοργοσ κλιματικοσ αλλαγη τραπεζι συζητηση
1,0.89283663,Positive,,,,,,βιομηχανια πλαστικοσ προκλησει πρωτοβουλια λυση κλιματικοσ κριση
1,0.7866917,Positive,,,,,,κλιματικοσ αλλαγη χτυπησε εσπεριδοειδη αντεχω ελλαδα
1,0.8505347,Positive,,,,,,θεοι ροΐδησ λαϊκο νοσοκομειο αναφορα προσαρμογη κλιματικοσ κριση
1,0.8505347,Positive,,,,,,θεοι ροΐδησ λαϊκο νοσοκομειο αναφορα προσαρμογη κλιματικοσ κριση
1,0.8757542,Positive,,,,,,θεοι ροΐδησ εμπε λαϊκο νοσοκομειο αναφορα προσαρμογη σισυφε κλιματικοσ κριση
1,0.8418138,Positive,,,,,,λαϊκο νοσοκομειο αναφορα προσαρμογη κλιματικοσ κριση klimatikiallagi klimatikikrisi laikonosokomeio
1,0.65796953,Positive,,,,,,συμβαινει κλιματικη αλλαγη οοοοοχι φταιει εναλιο
1,0.7738158,Positive,,,,,,πεταξαν μπογια σκαλα μιλανοσ κλιματικοσ αλλαγη video
1,0.8683731,Positive,,,,,,διαδικτυακη εκδηλωση κλιματικη αλλαγη κυριοσ ομιλητησ ευθυμη λεκκασ
1,0.7520672,Positive,,,,,,παρουσιαζω πατρα περιφερειακοσ σχεδιο προσαρμογη κλιματικη αλλαγη πελοποννησιακοσ πρακτορειο ειδησεων
1,0.7676905,Positive,,,,,,ιταλια πεταξαν μπογια σκαλα μιλανοσ κλιματικοσ αλλαγη
1,0.947783,Positive,,,,,,σαρωνω ινδια κλιματικοσ αλλαγη νεκροσ κεραυνοσ μηνασ
1,0.8642379,Positive,,,,,,σιγουρα κλιματικη αλλαγη κτηνιατρου φταιει
1,0.8542601,Positive,,,,,,eumed φυσικο αεριο κλιματικοσ αλλαγη επικεντρο συνοδου κορυφη
1,0.8423105,Positive,,,,,,μεσαιωνικοσ πολη ροδοσ μνημειο απειλουνται κλιματικοσ αλλαγη μελετη δημοκρατικοσ ροδοσ δωδεκανησα
1,0.81845737,Positive,,,,,,πνευματικη συγχυση χασε χειροσ χαραρε εμπλεκω χριστοσ κλιματιστικοσ αλλαγη
1,0.8242269,Positive,,,,,,καθηγητησ ποινικου δικαιου κωνσταντινοσ λαπαθιωτησ παρουσιαζω θεματικοσ ενοτητα βιβλιο πανδημια κλιματικοσ αλλαγη συντονισμενοσ τρομοκρατη φοντο παγκοσμιασ διακυβερνηση
1,0.91436434,Positive,,,,,,αθηνα προγαμου ομιλητρια ημεριδα κλιματικοσ αλλαγη δραση προσαρμογη μετριασμοσ featured επικαιροτητα αθηναιικουσ
1,0.7593496,Positive,,,,,,κλιματικοσ αλλαγη απειλω εξαφανιζω πυραμιδα γκιζα αλεξανδρεια
1,0.85300064,Positive,,,,,,εσπεριδα προσαρμογη κλιματικη αλλαγη περιφερειασ θεσσαλια larissapress
1,0.88172513,Positive,,,,,,διχρονοσ φοιτητησ υγιεστατοσ αθλητησ πεθανε υπνοσ ιλιον κλιματικοσ αλλαγη ξαφνικοτατα
1,0.93347305,Positive,,,,,,καθαροσ ενεργεια κλιματικοσ αλλαγη ιστορικοσ ανακαλυψη αμερικανοσ υποσχω αλλαζω δεδομενο
1,0.91955906,Positive,,,,,,κλιματικοσ αλλαγη επιτεινω ανθρωπιστικοσ κριση
1,0.91955906,Positive,,,,,,κλιματικοσ αλλαγη επιτεινω ανθρωπιστικοσ κριση νεοανθρωπιστικοσ εγκλιματισμενη
1,0.91955906,Positive,,,,,,κλιματικοσ αλλαγη αυξηνω ανθρωπιστικοσ κριση
1,0.91955906,Positive,,,,,,κλιματικοσ αλλαγη επιτεινω ανθρωπιστικοσ κριση
1,0.91955906,Positive,,,,,,κλιματικοσ αλλαγη επιτεινω ανθρωπιστικοσ κριση
1,0.91955906,Positive,,,,,,κλιματικοσ αλλαγη επιτεινω ανθρωπιστικοσ κριση
1,0.84214354,Positive,,,,,,απροετοιμαστη θεσσαλια κλιματικοσ αλλαγη larissapress
1,0.9493108,Positive,,,,,,σχεση θαλασσιοσ καυσωνων κλιματικοσ αλλαγη επικεντρο νεοσ ερευνα climatecrisis climatechange
1,0.9327394,Positive,,,,,,ασιτε ερευνα σχεση θαλασσιοσ καυσωνων κλιματικοσ αλλαγη
1,0.9493108,Positive,,,,,,σχεση θαλασσιοσ καυσωνων κλιματικοσ αλλαγη επικεντρο νεοσ ερευνα ereyna thalassa thermokrasiaσ kaysonas
1,0.88699394,Positive,,,,,,κλιματικη αλλαγη νεοσ συμφωνια κρατωνμελοσ
1,0.9400677,Positive,,,,,,ασιτε νεοσ ερευνα σχεση θαλασσιοσ καυσωνων κλιματικοσ αλλαγη
1,0.8828499,Positive,,,,,,japantobaccoinc λιστεσ cdpγια κλιματικη αλλαγη συνεχησ χρονια
1,0.837187,Positive,,,,,,καιμε οικολογικο πετρελαιο φορτισουμε μπαταρια σεβομαστε περιβαλλον μπεεεεεεε
1,0.92555666,Positive,,,,,,σχεση θαλασσιοσ καυσωνων κλιματικοσ αλλαγη επικεντρο νεοσ ερευνα ιδρυματοσ τεχνολογιασ ερευνασ ελαιολαδα ερευνησανε κλιματικη περιβαλλον
1,0.9316154,Positive,,,,,,energean ανακοινωνω πετυχαινω νεοσ αναβαθμιση αξιολογηση πλαισιο carbon disclosure project κλιματικοσ αλλαγη
1,0.84498984,Positive,,,,,,κλιματικη κριση λιλιπουτειοσ αεροσκαφοσ φωτογραφικοσ μηχανη γκαρετ googlealerts
1,0.7907231,Positive,,,,,,εγκριση περιφερειακου σχεδιο κλιματικη αλλαγη δυτικησ ελλαδα περιφερειακο συμβουλιο πελοποννησιακοσ πρακτορειο ειδησεων
1,0.8412168,Positive,,,,,,κλιματικη αλλαγη ηλιθιε επιβλεπε υπερθερμανση πλανητη
1,0.80933416,Positive,,,,,,συνεχιζω υποκρισια κλιματικοσ κριση γερμανια χρηση ανθρακασ αυξανω εισαγωγη
1,0.88723606,Positive,,,,,,κλιματικοσ κριση τελοσ εποχη ανθρωπου κλειδι βρισκω ιστορια
1,0.7425668,Positive,,,,,,αποχαιρετα αφηνω πολεμοσ καρδια ευρωπη οξεια ενεργειακοσ κριση συζητηση μαχη μεγαλοσ αορατοσ εχθροσ κλιματικοσ κριση μπαινω δευτεροσ πλανο
1,0.9349369,Positive,,,,,,τριαντοπουλοσ σταθερη επιδιωξη συνεχησ βελτιωση αναγκη πολιτησ νεοσ συνθηκη διαμορφωσει κλιματικοσ κριση
1,0.9437154,Positive,,,,,,εμπε σταθερη επιδιωξη συνεχησ βελτιωση ανταποκρινομαστε αναγκη πολιτησ νεοσ συνθηκη διαμορφωσει κλιματικοσ κριση
1,0.88723606,Positive,,,,,,κλιματικοσ κριση τελοσ εποχη ανθρωπου κλειδι βρισκω ιστορια
1,0.817315,Positive,,,,,,υπερθερμανση πλανητη κλιματικη αλλαγη χωνεψτε λεει μπιραριερα πορτρετα επιστημονισμοσ γκρετα
1,0.72852457,Positive,,,,,,κλιματικη αλλαγη υπερθερμανση πλανητη μπαροφολογων ρεκορ ψυξη πλανητησ παγωνουνclimatescam
1,0.67637134,Positive,,,,,,επιστημονασ προειδοποιω κλιματικοσ αλλαγη ελλαδα υποφερω δεκα παραλια εξαφανιζω larissapress
1,0.8743744,Positive,,,,,,κακοκαιριαπροειδοποιηση συνεπλακη ελλαδα ακραιοσ καιρικοσ φαινομενο κακοκαιρια usak weather ελλαδα βιογεωκλιματικα ξεμυτω mynewsgr
1,0.8785599,Positive,,,,,,κλιματικοσ αλλαγη αιολικοσ ξηρασια
1,0.80755323,Positive,,,,,,κλιματικοσ κριση καταψυξη φουρνο ευρωπη
1,0.89359045,Positive,,,,,,κλιματικοσ κριση χτυπηνω κοκκινοσ
1,0.8503661,Positive,,,,,,chadacre επενδυτησ ευχαριστω υστερια κλιματικοσ αλλαγη κανω πλουσιοσ αδυσωπητοσ προπαγανδα
1,0.8503661,Positive,,,,,,chadacre επενδυτησ ευχαριστω υστερια κλιματικοσ αλλαγη κανω πλουσιοσ αδυσωπητοσ προπαγανδα
1,0.898149,Positive,,,,,,υστερια κλιματικοσ αλλαγη καταστροφικοσ συνεπεια οικονομια γεωργια κρυβω
1,0.8503661,Positive,,,,,,chadacre επενδυτησ ευχαριστω υστερια κλιματικοσ αλλαγη κανω πλουσιοσ αδυσωπητοσ προπαγανδα
1,0.7188226,Positive,,,,,,βλεπω ελληνασ κλιματικοσ αλλαγη
1,0.80594593,Positive,,,,,,αυτι γιαγλιδικα ευαγγελιζεται ευθανασια μισανθρωπων σωσει πλανητη κλιματικη αλλαγη βλαδιμηρε πατα κατευθειαν νταβος
1,0.8984368,Positive,,,,,,καιροσ κλιματικοσ αλλαγη ανοιξη χειμωνασ ιχνοσ χιονιου αναλυση ζερβου λαγοκαρδου
1,0.8853745,Positive,,,,,,εξωφυλλο liberation καυτη χρονια περιμενω μακρον κλιματικοσ αλλαγη
1,0.9116443,Positive,,,,,,κλιματικοσ αλλαγη βαζω φρενο αλπεισ
1,0.87235177,Positive,,,,,,κλιματικοσ αλλαγη πολιτιστικη κληρονομιαδιημερο εργαστηριο διαχρονικοσ μουσειο λαρισασ larissapress
1,0.89806986,Positive,,,,,,ταφη καυση νεκροσ προκαλω κλιματικοσ αλλαγη περασμενοσ σαββατο νεοσ υορκη γινομαι πολιτεια ενεκρινε φυσικοσ οργανικοσ μειωση ευρυτερα γνωστοσ ανθρωπινη κομματικοποιηση θανατοσ σημαινω νεκροσ γινομαι λιπασμα
1,0.85991764,Positive,,,,,,αρθρο times βγειτε ραντεβου κοντοσ ανθρωποσ σταματω κλιματικοσ αλλαγη
1,0.89701355,Positive,,,,,,blue star ferries περιβαλλοντικοσ ημεριδα κλιματικοσ αλλαγη σημερινοσ προκληση
1,0.88362145,Positive,,,,,,παγκοσμια αδιαφορια κυβερνηση κλιματικοσ αλλαγη γραφει παναγιωτησ τουρκομεριτησ
1,0.88142395,Positive,,,,,,περιβαλλοντικοσ ημεριδα κλιματικοσ αλλαγη σημερινεσ προκλησεισ blue star ferries
1,0.91055226,Positive,,,,,,συνομηλικησ ακαδημαϊκοσ περιμεναμε κλιματικοσ κριση συντομα πολικοσ κυκλωνασ μεγαλοσ ενταση video
1,0.76720774,Positive,,,,,,κλιματικοσ αλλαγη απειλω χιονοδρομικοσ αλπεισ εβαλαν τεχνητοσ χιονι
1,0.95254576,Positive,,,,,,κλιματικοσ κριση ηρθε νωριτερα προετοιμαστω κυκλωνεσ μεγαλοσ ενταση καμπανακι κωνσταντινοσ συνεπλακη larissapress
1,0.94610316,Positive,,,,,,climatecrisis τρομακτικοσ επιπτωση ανθρωπινη υγεια κλιματικοσ αλλαγη προειδοποιω ερευνα συντονιστησ γκυσ
1,0.6631522,Positive,,,,,,κλιματικοσ αλλαγη πηγε χειμωνασ ευρωπη larissapress
1,0.9358784,Positive,,,,,,ενδεχομενο εμφανιση πολικοσ κυκλωνασ παρομοιου επληξε μιλησε προεδροσ εθνικοσ επιτροπη κλιματικη αλλαγη κωνσταντινοσ συνομηλικησ
1,0.91149396,Positive,,,,,,βιντεο απεικονιζω δευτερολεπτο κλιματικοσ αλλαγη πλανητησ δινω δημοσιοτητα nasa
1,0.6989926,Positive,,,,,,κλιματικοσ αλλαγη πηγε χειμωνασ ευρωπη
1,0.75922483,Positive,,,,,,κλιματικοσ κριση γιατι ανησυχω πρωτοχρονιατικοσ καυσωνασ ευρωπη larissapress
1,0.8469913,Positive,,,,,,κλιματικοσ κριση πρωτογνωρεσ θερμοκρασια ευρωπη πρωτοχρονια
1,0.85862255,Positive,,,,,,κλιματικη αλλαγη σιγουραροσουν
1,0.7897303,Positive,,,,,,κωδωνα κινδυνου κρουω μελετη διεθνησ ομαδα ερευνητησ συντονισμοσ ινστιτουτου κυπροσ παρουσιαζω πρωτοσ ολοκληρωνω ανασκοπηση τροπο κλιματικη αλλαγη επηρεαζω υγεια κατοικων
1,0.9179556,Positive,,,,,,συμφωνα ευρωπαϊκοσ υπηρεσια copernicus κλιματικοσ αλλαγη πεμπτοσ ζεστοσ ετοσ κοσμοσ μικροσ διαφορα
1,0.9008107,Positive,,,,,,εμφαση περιβαλλον κλιματικοσ αλλαγη εκθεση οοσα ελλαδα προτασεισ κατευθυνση
1,0.629667,Positive,,,,,,κλιματικοσ αλλαγη υποβαθμιση περιβαλλον βασικοι κινδυνοι πλανητησ επομενοσ μετζιτια
1,0.90733194,Positive,,,,,,διημερο εργαστηριο κλιματικοσ αλλαγη πολιτιστικοσ κληρονομια διαχρονικοσ μουσειο λαρισασ
1,0.81930304,Positive,,,,,,φωνη λογικη ελβετικοσ δεξιοσ κομμα προκηρυσσει δημοψηφισμα μπλοκαρω αστειοσ νομοσ κλιματικοσ αλλαγη
1,0.87381077,Positive,,,,,,exxonmobil πετρελαϊκοσ γιγαντασ προβλεπτω κλιματικοσ αλλαγη δεκαετια
1,0.81143427,Positive,,,,,,καλαματα μαιοσ φεστιβαλ ρομποτικη ευφυων συστηματων επιστημονικοσ συνεδριο θεμα κλιματικοσ αλλαγη νεεσ τεχνολογια
1,0.8665569,Positive,,,,,,exxonmobil προβλεπτω κλιματικοσ αλλαγη
1,0.87751245,Positive,,,,,,κλιματικοσ αλλαγη βασιζω ψευδοσ
1,0.844387,Positive,,,,,,φεστιβαλ ρομποτικη ευφυων συστηματων επιστημονικοσ συνεδριο θεμα κλιματικοσ αλλαγη νεεσ τεχνολογια
1,0.93870544,Positive,,,,,,νινο επιστρεφω πρωτοφανη κυμα καυσωνασ προειδοποιω επιστημονεσ ελευσινιο καυσωνασ κλιματικοσ
1,0.93870544,Positive,,,,,,νινο επιστρεφω πρωτοφανη κυμα καυσωνασ προειδοποιω επιστημονεσ ελευσινιο καυσωνασ κλιματικοσ
1,0.85543513,Positive,,,,,,νταβοσ οικονομια πολεμοσ κλιματικοσ κριση παγκοσμιοσ οικονομικο φορουμ
1,0.9125107,Positive,,,,,,κλιματικοσ κριση πολεισ πλουσιων πανω ωκεανοσ επερχομενοσ δυστροπια
1,0.9136403,Positive,,,,,,δειχτει ειδικοι εξηγω κλιματικοσ αλλαγη αστοχια αναγκη αντιπλημμυρικοσ εργο βιντεολοττο alphanewslive cyprus floods larnaca paralimni
1,0.8226154,Positive,,,,,,κλιματικοσ αλλαγη υπερθερμανση πλανητησ οικονομικοσ πολιτικη
1,0.79887724,Positive,,,,,,κλιματικοσ αλλαγη ζητω διωξη μεγαλοσ ψεμα exxon
1,0.91615903,Positive,,,,,,δημητρησ κωνσταντοπουλου κλιματικοσ κριση κλιμακωνω ενδιαφερον αντιμετωπιση εξασθενει
1,0.88429654,Positive,,,,,,κλιματικοσ αλλαγη αγρυπνεσ αρκουδα θερμοσ χειμωνασ
1,0.63483846,Positive,,,,,,μαλακα εφτιαξε καλυτερο συστημα ομβριων αφυδατωνομω χεσω κλιματικη αλλαγη
1,0.8510858,Positive,,,,,,κλιματικη αλλαγη πεσσου επικαλουνται λεει αφεντικο weather channel climatescam globalwarming climate scummedia
1,0.8833198,Positive,,,,,,κλιματικοσ αλλαγη θερμοκρασια γροιλανδια υψηλοσ χρονοσ larissapress
1,0.89313626,Positive,,,,,,κλιματικοσ αλλαγη επιπτωση αυξηση θερμοκρασια ορισμενοσ καλλιεργεια businessnewsgr
1,0.824505,Positive,,,,,,κλιματικοσ κριση ελλειμμα νερου επηρεαζω πατατα ελια μεσω press
1,0.89779484,Positive,,,,,,κλιματικοσ αλλαγη αυξανονται ημερα καυσωνασ ελλαδα
1,0.78832805,Positive,,,,,,κλικ διαβαστε eleftherostyposκλιματικοσ αλλαγη ερχω καλοκαιρια πολυσ καυσωνεσ ελλαδα εδειξε μελετη
1,0.930376,Positive,,,,,,κλιματικη αλλαγη αυξανονται σημαντικα ελλαδα ημερα υψηλοσ θερμοκρασια καλοκαιρι
1,0.8923672,Positive,,,,,,κλιματικοσ αλλαγη αυξηση ημερη θερμοκρασια καλοκαιρι
1,0.9217944,Positive,,,,,,κλιματικοσ αλλαγη αμεσοσ μακροπροθεσμοσ επιπτωση ορισμενοσ καλλιεργεια documento
1,0.75548416,Positive,,,,,,ταχυτητα τηξη πρωτοφανησ ιστορια αναστρεψιμοσ σταματω κλιματικοσ αλλαγη δεδομενο παγετωνασ αντιδρω ανοδοσ θερμοκρασια καθυστερηση παγετωνασ λιωνω ευθυνω
1,0.8565647,Positive,,,,,,ηλιασ κλιματικοσ αλλαγη κατηγορηζω τρελο κολλημα αστεια survivorgr
1,0.8666966,Positive,,,,,,κλιματικοσ αλλαγη περισσοτερεσ ημερα καυσωνασ ελλαδα
1,0.9232492,Positive,,,,,,κλιματικοσ αλλαγη τεραστιο παγοβουνο αποκληρωθηκε φορα μεγαλοσ παρισι
1,0.91598654,Positive,,,,,,κλιματικοσ αλλαγη αγωγη γερμανικοσ κυβερνηση εκπομπη ανθρακασ
1,0.8613113,Positive,,,,,,παρουσα κλιματικοσ αλλαγη συμπερασμα ημεριδα βολοσ υπουργοσ στυλιανε
1,0.8809024,Positive,,,,,,ερευνα εκτοξευση προωθηση παραπληροφορηση κλιματικοσ κριση social media
1,0.918379,Positive,,,,,,κλιματικη αλλαγη λεει ειδικοσ ανθρωπακο τρομαζω κλιματικοσ αλλαγη σαλτιμπαγκο μπαζωσει
1,0.91598654,Positive,,,,,,κλιματικοσ αλλαγη αγωγη γερμανικοσ κυβερνηση εκπομπη ανθρακα
1,0.97011614,Positive,,,,,,κλιματικοσ αλλαγη απασχολω ιδιαιτερα forum σπανιου ενοτητα συγχρονοσ προκληση κλιματικοσ αλλαγη μεγαλοσ στοιχημα συντηρηση αποκατασταση δασων προεδρευων δημαρχοσ βαρησβουλασβουλιαγμενησ
1,0.89147884,Positive,,,,,,κροκοσ κοζανησ κλιματικοσ αλλαγη χτυπησε διασημοσ ελληνικοσ αγροτικοσ προϊον
1,0.8737867,Positive,,,,,,περιφερειακη παραταξη εισεπραξε μακεδονικοσ αγροτικοσ κινητοποιηζω κλιματικη αλλαγη
1,0.8844722,Positive,,,,,,εκδηλωση κλιματικοσ αλλαγη πραγματοποιω δημοτικο σχολειο βεροιασ ldcmvfupq
1,0.8365899,Positive,,,,,,κλιματικοσ αλλαγη πραγμα μπορω κανω μειωνω ανθρακικοσ αποτυπωμα
1,0.89845896,Positive,,,,,,ημεριδα κλιματικοσ αλλαγη επιπτωση βιολογικη μελισσοκομια
1,0.7772596,Positive,,,,,,χαγη διαδηλωση κλιματικοσ αλλαγη δεκαδα συλληψεισ
1,0.87729704,Positive,,,,,,cyprus greece climatecrisis civilprotection συνεργασια κυπρουελλαδα κλιματικοσ κριση πολιτικη προστασια συζητησαν κασουλιδησστυλιανιδησ
1,0.90376544,Positive,,,,,,κλιματικοσ αλλαγη βιντεοπαιχνιδιο μπορω εκπαιδευσουν εμπνευσουν παικτησ αναλαμβανω δραση larissapress
1,0.90987307,Positive,,,,,,κλιματικοσ αλλαγη βιντεοπαιχνιδιο μπορω εκπαιδευσουν εμπνευσουν παικτησ αναλαμβανω δραση
1,0.894739,Positive,,,,,,κλιματικοσ κριση αλλαγη εφερε κυπροσ κινδυνοσ ερημοποιηση alphanewslive cyprus
1,0.8785599,Positive,,,,,,διαλεξη αικατερινη πολυμεριμνου μαμαλακη κλιματικοσ αλλαγη
1,0.79887027,Positive,,,,,,παρουσιαση βιβλιου ζηση αργυροπουλοσ κλιματικοσ αλλαγη προετοιμαζοντασ θεσσαλια μεσω
1,0.9267482,Positive,,,,,,αναγνωστικη εταιρεια κερκυρα ομιλια καθηγητησ ιολογια ιατρικησ σχολησ πανεπιστημιου κρητη γιωργοσ σουρωνουν θεμα πανδημια κλιματικοσ αλλαγη
1,0.82800734,Positive,,,,,,κλιματικοσ κριση απειλω ελια χαλκιδικησ προκληση νομοσ
1,0.93926615,Positive,,,,,,συμμετοχη περιφερειασ κρητη συναντηση αποστολη προσαρμογη κλιματικη αλλαγη ευρωπαϊκοσ επιτροπη
1,0.88837534,Positive,,,,,,ισπανια χοιροτροφοσ αντιμετωποσ υψηλα κοστη κλιματικοσ αλλαγη
1,0.9113067,Positive,,,,,,παρων κρητη ετησιοσ φορουμ κλιματικοσ αλλαγη
1,0.84975445,Positive,,,,,,συναντηση αποστολη προσαρμογη κλιματικη αλλαγη περιφερεια κρητη
1,0.9227735,Positive,,,,,,τελουσατε φταιει κλιματικοσ αλλαγη καθιστε δειτε βιντεο
1,0.8910064,Positive,,,,,,αυτι επαθε κλιματικη αλλαγη εφαγε πολλα αυγα ακουγοσασταν δυνατα μουσικη ξαφνικιτιδα
1,0.8096119,Positive,,,,,,ελλαδα κυπροσ κοινοσ αγωνασ εναντια κλιματικοσ κριση λευκωσια κοινο υπουργοσ περλ
1,0.8785599,Positive,,,,,,κλιματικοσ αλλαγη βιολογικη μελισσοκομια
1,0.89845896,Positive,,,,,,ημεριδα κλιματικοσ αλλαγη επιπτωση βιολογικη μελισσοκομια
1,0.81707054,Positive,,,,,,κοκκαλησ κλιματικοσ κριση κοινωνικοσ ανισοτητεσ ανθρωποσ εργο αναποφευκτα φυσικα φαινομενο
1,0.8519632,Positive,,,,,,αναβαλλεται παρουσιαση βιβλιου τιτλοσ κλιματικοσ αλλαγη προετοιμαζω θεσσαλια μεσω
1,0.79797345,Positive,,,,,,κλιματικοσ αλλαγη κορυφαιοσ ταση αλλαξουν μελλον
1,0.732823,Positive,,,,,,κλιματικοσ αλλαγη παγετωνασ μετατρεπονται οπλο μαζικοσ καταστροφη αρθραρα μαλαϊκη εγκλιματιωνσ παγετωνων
1,0.89845896,Positive,,,,,,κλιματικοσ αλλαγη επιπτωση βιολογικη μελισσοκομια
1,0.8714091,Positive,,,,,,κλιματικοσ αλλαγη συμβαλλω αυξηση θεραπευτηριοσ προειδοποιω εκθεση
1,0.9179472,Positive,,,,,,καθηγητησ φυσικη εξηγω κακοκαιρια μπαρμπαρα παιζω ρολοσ κλιματικοσ κριση athanasiosargyrioy kakokairiamparmpara
1,0.77304053,Positive,,,,,,ντεμπαι ουλα δεσμευθηκαν προστατευζω δημοκρατια αντιμετωπιζω κλιματικοσ αλλαγη
1,0.77304053,Positive,,,,,,ντεμπαι ουλα δεσμευθηκαν προστατευζω δημοκρατια αντιμετωπιζω κλιματικοσ αλλαγη
1,0.7820758,Positive,,,,,,ντεμπαι ουλα δεσμευθηκαν προστατευζω δημοκρατια αντιμετωπιζω κλιματικοσ αλλαγη biden_lula βραζιλια
1,0.8691011,Positive,,,,,,κλιματικοσ αλλαγη τελειωνω σιροπι σφενδονων σημα κινδυνου παραγωγοσ
1,0.55978227,Positive,,,,,,κλικ διαβαστε eleftherostyposκλιματικοσ αλλαγη ιανουαριοσ ευρωπη ζεστοσ μεσοσ οροσ
1,0.8609718,Positive,,,,,,κλιματικοσ αλλαγη τελειωνω σιροπι σφενδονων σημα κινδυνου moneypress
1,0.8609718,Positive,,,,,,κλιματικοσ αλλαγη τελειωνω σιροπι σφενδονων σημα κινδυνου moneypress
1,0.8199005,Positive,,,,,,εκδηλωση προσαρμογη ανθεκτικοτητα ελληνικοσ οικονομια κλιματικη αλλαγη εκδηλωση αξενα ινστιτουτο συναλλαγματικοσ
1,0.8147266,Positive,,,,,,στουρναρησ κλιματικοσ αλλαγη σημαντικοσ απειλη βιωσιμοτητα κοινωνια businessnewsgr
1,0.8911909,Positive,,,,,,διασπορα σεληνιακοσ σκονη διαστημα φιλοδοξω επιστημονασ περιοριζω ηλιακοσ ακτινοβολια κλιματικοσ αλλαγη
1,0.8911909,Positive,,,,,,διασπορα σεληνιακοσ σκονη διαστημα φιλοδοξω επιστημονασ περιοριζω ηλιακοσ ακτινοβολια κλιματικοσ αλλαγη
1,0.8990596,Positive,,,,,,κλιματικοσ κριση δραματικοσ προειδοποιηση γουστερεσ χειμαρροσ προβληματων
1,0.9325538,Positive,,,,,,σαττε παρουσιαση μελετη ιωβειο κλιματικοσ αλλαγη moneypress
1,0.9325538,Positive,,,,,,σαττε παρουσιαση μελετη ιωβειο κλιματικοσ αλλαγη moneypress
1,0.82131606,Positive,,,,,,κλιματικοσ αλλαγη πανω ευρω κοστοσ οικονομια
1,0.75462234,Positive,,,,,,ευρω κοστιζω ελλαδα κλιματικη αλλαγη ελαιολαδα εγκλιματισμενη κοστολογο
1,0.75462234,Positive,,,,,,ευρω κοστιζω ελλαδα κλιματικη αλλαγη ελαιολαδα εγκλιματισμενη κοστολογο
1,0.88464963,Positive,,,,,,κλιματικοσ κριση υγειονομικοσ κριση ερχω κλιματικα lockdown
1,0.8402227,Positive,,,,,,εδες κατωτερα φιλοδοξιων επιτευγματα παγκοσμιοσ συμμαχια κλιματικοσ αλλαγη
1,0.8260405,Positive,,,,,,κλιματικοσ κριση ροκανιζω δημοκρατικοσ ροδοσ δωδεκανησα
1,0.8583642,Positive,,,,,,κλιματικοσ αλλαγη αστρονομικοσ ζημια προειδοποιω
1,0.8583642,Positive,,,,,,κλιματικοσ αλλαγη αστρονομικοσ ζημια προειδοποιω
1,0.877167,Positive,,,,,,καρναβαλι ελευθερουπολη θεμα κλιματικη αλλαγη
1,0.9492038,Positive,,,,,,καμπανακι ειδικοσ κλιματικοσ αλλαγη διευκολυνω εξαπλωση ελονοσιασ kaneotikoimasai pagidevmenoi gitiselias sasmos gntmgr
1,0.8748583,Positive,,,,,,γεωργια συμβαλλω κλιματικοσ αλλαγη δειτε infographic earth
0,0.43333122,Negative,,,,,,απειλω κλιματικοσ αλλαγη πλανητησ αφανισμοσ επικινδυνα παιχνιδιο μεγαλομανων απειλω
1,0.79860157,Positive,,,,,,φεστιβαλ ντοκιμαντερ θεσσαλονικησ διχρονη αφρων ερχω παγκοσμιοσ πρεμιερα ντοκιμαντερ κλιματικοσ κριση mighty afrin time floods tidf climateemergency
1,0.8551036,Positive,,,,,,george soros επικινδυνοσ τεχνολογια δροσιζω σταματω κλιματικοσ αλλαγη μπορω οδηγω τεραστιοσ αριθμοσ θανατων
1,0.69173956,Positive,,,,,,ηλιακη αερομηχανικη σανιδα σωτηρια κλιματικοσ κριση δρομοσ παγκοσμια πολεμικοσ συρραξη larissapress
1,0.67862546,Positive,,,,,,ηλιακη αερομηχανικη σανιδα σωτηρια κλιματικοσ κριση δρομοσ παγκοσμια πολεμικοσ συρραξη
1,0.8235172,Positive,,,,,,κλικ διαβαστε eleftherostyposκλιματικοσ αλλαγη βενετια βουλιαζω υπαρχω σωτηρια ιστορικοσ πολη
1,0.877167,Positive,,,,,,καρναβαλι ελευθερουπολη θεμα κλιματικη αλλαγη
1,0.9078812,Positive,,,,,,κλιματικοσ κριση μοιρα πεπρωμενο παρατηρητησ κριση
1,0.8149598,Positive,,,,,,κλιματικη αλλαγη θαλασσασφαλεια ημεριδα τεχνικο επιμελητηριο ελλαδα
1,0.94084245,Positive,,,,,,υλοποιηση εθνικοσ σχεδιασμοσ μειωση εκπομπη αεριων θερμοκηπιου προσαρμογη κλιματικοσ
1,0.9005993,Positive,,,,,,εκτεθειμενεσ κλιματικοσ αλλαγη κινα
1,0.5490941,Positive,,,,,,φατε σκατα κλιματικη αλλαγη φταιει κλανια αγελαδιτσα ρεψιμο γουρουνιου
1,0.79887027,Positive,,,,,,παρουσιαση βιβλιου ζηση αργυροπουλοσ κλιματικοσ αλλαγη προετοιμαζοντασ θεσσαλια μεσω
1,0.885237,Positive,,,,,,δημοσ κεντρικησ κερκυρα παιξε κερδισε δωρα κλιματικοσ αλλαγη γεγονοσ
1,0.81831205,Positive,,,,,,κλιματικοσ κριση απειλω τεκιλα
1,0.84211165,Positive,,,,,,κλιματικοσ κριση συναγερμοσ επιστημονικοσ κοινοτητα ανταρκτικοσ
1,0.84619385,Positive,,,,,,κλιματικοσ αλλαγη δανια ετοιμαζω φοροσ ανθρακασ βοδινο γαλακτοκομικοσ
1,0.84619385,Positive,,,,,,κλιματικοσ αλλαγη δανια ετοιμαζω φοροσ ανθρακασ βοδινο γαλακτοκομικοσ
1,0.8435503,Positive,,,,,,κλιματικοσ κριση απειλω ποτο μαργαριτα
1,0.80255795,Positive,,,,,,ζουμ επικαιροτητα περιβαλλον ηλεκτρικο αυτοκινητο
1,0.872146,Positive,,,,,,χερι σταματω κλιματικοσ αλλαγη ψηφιστε νεοσ poll earth
1,0.89064527,Positive,,,,,,γιατροι πτυχιο ζιμπαμπουε αγορασμενο τενεκε λαδι ξεχασε σημαντικοσ κλιματικη αλλαγη κλασιμο αγελαδων
1,0.9029263,Positive,,,,,,φελλοι μιλανε πλανηταρχεσ αμερικανοσ κυριαρχοσ κολασουν κινεζοσ δειτε σημαινω κλιματικοσ αλλαγη χημικοσ πολεμοσ υπερδυναμη
1,0.95364344,Positive,,,,,,κλιματικοσ αλλαγη κλειστοσ πρωτοσ φορα μεγαλοσ φυσικοσ παγοδρομιο κοσμοσ παγοσ
1,0.8971273,Positive,,,,,,κλιματικοσ κριση γαλλια αντιμετωποσ ξηρασια μηνασ βρεξει ελλαδα κλιματιστικοσ
1,0.891474,Positive,,,,,,πιστοποιητικοσ ξαφνικοσ θανατων αναγραφω αιτιο κλιματικοσ αλλαγη σφραγιδα greta
1,0.8682094,Positive,,,,,,κλιματικοσ αλλαγη γενετικα τροποποιω δασοσ φυτευτηκε πρωτοσ φορα
1,0.8682094,Positive,,,,,,κλιματικοσ αλλαγη γενετικα τροποποιω δασοσ φυτευτηκε πρωτοσ φορα
1,0.7485243,Positive,,,,,,καθηγητεσ πανεπιστημιο leeds προτεινω δελτιο τροφιμα καυσιμο τυποσ παγκοσμιου πολεμου σταματω κλιματικοσ αλλαγη
1,0.77894646,Positive,,,,,,καιροσ ερχω λασποβριθοσ
1,0.8581523,Positive,,,,,,κλιματικη αλλαγη χωρα ευαλωτοσ moneypress
1,0.87490237,Positive,,,,,,κλιματικοσ αλλαγη χωρα ευαλωτοσ moneypress
1,0.7350892,Positive,,,,,,απατη κλιματικοσ αλλαγη πλατη ανθρωποσ μετατρεπω σκλαβοπαζαρου video
1,0.8219676,Positive,,,,,,φταιει κλιματικη αλλαγη εναλιο
1,0.82449305,Positive,,,,,,καμμενη πανεπιστημιουπολεων leeds δελτιο τροφιμα καυσιμο τυποσ παππε σταματω κλιματικοσ αλλαγη
1,0.9193218,Positive,,,,,,αγρινιο ενημερωτικη ημεριδα πρωτογενησ τομεασ αιτιατων κλιματικοσ αλλαγη
1,0.6875556,Positive,,,,,,κλιματικοσ κριση βροχοπτωσεισ τελοσ αντιμετωπη λειψυδρια ευρωπη δημοκρατικοσ ροδοσ δωδεκανησα
1,0.87839466,Positive,,,,,,ομιλοσ αστυνομικων θεσσαλονικησ ημεριδα θεμα κλιματικοσ αλλαγη σχολικο εκφοβισμοσ ημεριδα συναλλαγματικοσ ομιλοσ_αστυνομικων_θεσσαλονικησ σχολικοσ_εκφοβισμοσ
1,0.8412371,Positive,,,,,,κλιματικη αλλαγη κοψτε αυγα
1,0.72802746,Positive,,,,,,οοοοοοχι φταιει ενφολιο φταιει κλιματικη αλλαγη αυγα
1,0.92158926,Positive,,,,,,κλιματικοσ αλλαγη κοινοβουλιο ψηφισε μειωση εκπομπη
1,0.88100916,Positive,,,,,,μαθημα κλιματικοσ αλλαγη σχολειο διχαζω γονεισ εκπαιδευτικοσ πολιτεια
1,0.92158926,Positive,,,,,,κλιματικοσ αλλαγη κοινοβουλιο ψηφισε μειωση εκπομπη
1,0.89525247,Positive,,,,,,εφαγε πολλα αυγα κλιματικη αλλαγη
1,0.8916319,Positive,,,,,,χρηστοσ ζερβοσ κλιματικοσ κριση υδροσφαιρα
1,0.8908926,Positive,,,,,,οδηγοσ επιβιωση ομαδα εμπειρογνωμονοσ κλιματικοσ αλλαγη
1,0.7710475,Positive,,,,,,τρωμε γρυλοσ ασκουληκιαστου ακριδα κρεασ αντιμετωπιζω κλιματικοσ αλλαγη μεσω
1,0.9624401,Positive,,,,,,οδηγοσ επιβιωση ανθρωποτητα χαρακτηριζω νεοσ εκθεση διεπιστημονικοσ επιτροπη κλιματικοσ αλλαγη
1,0.8933063,Positive,,,,,,διαλεξη κωστα λαγοκαρδου θεμα εντονοτατο καιρικοσ φαινομενο κλιματικοσ αλλαγη συστημα εγκαιροσ προειδοποιηση
1,0.90170205,Positive,,,,,,κλιματικοσ αλλαγη οδηγοσ επιβιωση ανθρωποτητα αμεση αναγκη μετρο
1,0.8212879,Positive,,,,,,κλιματικοσ κριση υποθεση επιπτωση χωρα σφοδροσ αλλαξουμε κλικ
1,0.8808934,Positive,,,,,,κοψει πολλα αυγα σταματησει κλανει γιατι κλιματικη αλλαγη προκαλει μυοκαρδιτιδεσ
1,0.8195814,Positive,,,,,,νεοσ νομοσ κλιματικοσ αλλαγη εξαιρετικα ελαιουργικοσ αποσκοπω απολυτοσ ελεγχοσ πληθυσμοσ
1,0.8830074,Positive,,,,,,εκδηλωση ινστιτουτου ρεθυμνο κλιματικοσ κριση πρωτογενησ τομεασ δημοσια υγειο
1,0.90496683,Positive,,,,,,εκδηλωση κλιματικοσ κριση πρωτογενησ τομεασ ρεθυμνο
1,0.7586032,Positive,,,,,,σκοταδια ακροπολη βουλη στοχοσ ευαισθητοποιηση κλιματικοσ αλλαγη φωτο χρονοντουλαπο μαρτιατικου εθνολογοσ greekindependenceday θεοτοκοπουλου ζηταω ευπατριδων ευαγγελιο ελληνοφωνων νικητηριασ
1,0.7873174,Positive,,,,,,σβηνω φωτο περιβαλλον κλιματικοσ αλλαγη nemeapress
1,0.86199325,Positive,,,,,,δεδομενησ κλιματικοσ αλλαγη αποτελω αναμφισβητητοσ φαινομενο επιπτωση καυσωνεσ πλημμυρεσ λειψυδρια απωλεια βιοποικιλοτητα εντονα καιρικοσ φαινομενο γινομαι μεροσ καθημερινοτητα αντιμετωπιση
1,0.90230167,Positive,,,,,,κλιματικη αλλαγη ετρωγε πολλα αυγα ξαφνικιτιδα
1,0.8774889,Positive,,,,,,ομιλια λυκειο ελληνιδων ξανθησ κλιματικοσ αλλαγη αναπαραγωγη βιοχημικοσ κοινωνικοσ διαστασεισ
1,0.8994408,Positive,,,,,,ευρωπαϊκοσ δικαστηριο δικαιωματων ανθρωπου εξεταζω προσφυγη γαλλια πρωην δημαρχοσ ελβετια συνταξιουχοσ κλιματικοσ αλλαγη climatejustice climatechange echr cedh
1,0.84610635,Positive,,,,,,κλιματικοσ κριση επιπτωση δημοσιοσ υγειο
1,0.6689084,Positive,,,,,,χωρα ρυπαινω αντιμετωπιζω κλιματικοσ κριση θεωρω νομικα υπευθυνοσ
1,0.7623492,Positive,,,,,,κοινωνια κλιματικοσ κριση
0,0.42487982,Negative,,,,,,χαλκιδικη τουρισμοσ κλιματικοσ αλλαγη πιεζω επαρκεια νερο χαλκιδικη νερο τουρισμοσ
0,0.4336398,Negative,,,,,,χαλκιδικη τουρισμοσ κλιματικοσ αλλαγη πιεζω επαρκεια νερο χαλκιδικη νερο επαρκεια τουριστικοτερων
1,0.839967,Positive,,,,,,επιλεγω φλοριντα χαμηλοσ φοροσ ζεστοσ ημερα υπολογιζω κλιματικοσ αλλαγη
1,0.7420037,Positive,,,,,,ελληνασ θεωρω απειλω κλιματικοσ αλλαγη businessnewsgr
1,0.7542114,Positive,,,,,,ελληνασ θεωρω απειλη κλιματικοσ αλλαγη businessnewsgr
1,0.9178732,Positive,,,,,,ερευνα κλιματικοσ αλλαγη παρατεινω χειροτερευω εποχικοσ αλλεργια
1,0.8014573,Positive,,,,,,ελλειπη κλιματικοσ κριση οικονομια κορυφη ανησυχιων ελληνασ επομενοσ χρονοσ
1,0.83036387,Positive,,,,,,μητσοτακησ ηνωμενοσ αραβικων εμιρατων επενδυσεισ ενεργεια κλιματικοσ αλλαγη
1,0.837413,Positive,,,,,,κλιματικη αλλαγη βραστα αυγα
1,0.7598426,Positive,,,,,,great reset αιολικοσ παρκο κατασχεσεισ ιδιωτικοσ εκτασεων περιουσια προφαση κλιματικοσ αλλαγη
1,0.7598426,Positive,,,,,,great reset αιολικοσ παρκο κατασχεσεισ ιδιωτικοσ εκτασεων περιουσια προφαση κλιματικοσ αλλαγη
1,0.92245793,Positive,,,,,,μπορω πουν απριλιοσ θερμοσ καυτοσ γεγονοσ κλιματικη αλλαγη αωοσ ζητειται υπερθερμανση
1,0.89379257,Positive,,,,,,οικονομικο φορουμ δελφων εμφαση κλιματικοσ κριση
1,0.89128923,Positive,,,,,,συνεδριο ειπα κλιματικοσ κρισηη συμβολη ειπα αντιμετωπιση κλιματικοσ κριση διεπιστημονικοσ ερευνα εκπαιδευση παροχη επιστημονικοσ γνωση ληψη αποφαση πολιτικη
1,0.77841234,Positive,,,,,,κλιματικοσ αλλαγη υποχωρηση πολικοσ παγετωνοσ μπορω φτανω μετρο ημερα
1,0.79007983,Positive,,,,,,κεντρικοσ εκθεση μπιεναλε συγχρονησ τεχνη απλωνω δεκα διαφορετικοσ τοποθεσια μουσειο μνημειο θεσσαλονικη καλλιτεχνεσ ομαδα εστιαζω θεμα ανθρωπινοσ συνυπαρξη σχεση φυση κλιματικοσ αλλαγη
1,0.8466034,Positive,,,,,,ποσο τυχαιοσ τελευταιοσ καιροσ βλεπω εικονα χιλιαδα νεκροσ αγελαδα συνεχωσ απλοσ συμπτωση εποχη ενοχοποιηζω κλιματικοσ αλλαγη στιγμη ανθρωποσ δεχτηκαν γενετικοσ επιθεση αγνοω
1,0.916994,Positive,,,,,,κλιματικοσ αλλαγη επιδεινωνω αλλεργια ανοιξη συμφωνα ειδικοσ κασιδιαρησ ανευρεση telegram alexanderthegreat εκλογομαγειρεσ χαρτογιακασ συλλυπητηρια ναζαρετ
1,0.9285929,Positive,,,,,,καμπανακι ειδικοσ κλιματικοσ αλλαγη επιδεινωνω αλλεργια ανοιξη
1,0.81290996,Positive,,,,,,φταιει ενφολιο φταιει κλιματικη αλλαγη τριτη δοση
1,0.90230167,Positive,,,,,,κλιματιστικοσ αλλαγη ετρωγε πολλα αυγα ξαφνικοτατα
1,0.85672754,Positive,,,,,,κλιματικη αλλαγη πολλα αυγα
1,0.87091297,Positive,,,,,,μεταναστησ κλιμα γεννανε κλιματικοσ κριση
1,0.87091297,Positive,,,,,,μεταναστησ κλιμα γεννανε κλιματικοσ κριση
1,0.963066,Positive,,,,,,κλιματικοσ αλλαγη συνεπεια ανθρωποτητα εστιαζω νεοσ δραματικοσ σειρα apple extrapolations τροποσ οικολογικοσ θριλερ απεικονιζω πλανητησ χειλοσ περιβαλλοντικοσ κριση
1,0.87091297,Positive,,,,,,μεταναστησ κλιμα γεννανε κλιματικοσ κριση climatecrisis
1,0.87091297,Positive,,,,,,μεταναστησ κλιμα γεννανε κλιματικοσ κριση
1,0.80966294,Positive,,,,,,κλιματικοσ κριση δημιουργω μεταναστησ κλιμα
1,0.84264725,Positive,,,,,,βγαλανε οικολογικοσ θριλερσειρασ κλιματικοσ αλλαγη
1,0.89812857,Positive,,,,,,κλιματικοσ αλλαγη σταθμη θαλασσα παρακτιοσ περιοχη ανεβει εκατοστα τελευταιοσ δεκαετια
1,0.8219676,Positive,,,,,,φταιει κλιματικη αλλαγη
1,0.9402815,Positive,,,,,,εστιαζω προωθηση παγκοσμιοσ συμφωνια σταδιακοσ καταργηση ορυκτησ καυσιμων ειδησεισ κλιματικοσ κριση read more
1,0.8958078,Positive,,,,,,ipcc κακοσ μαντατο τουρισμοσ κλιματικοσ κριση
1,0.8936405,Positive,,,,,,κλιματικοσ αλλαγη προκληση μεσογειοσ καθηγητησ πιερο λινελαιον αποκλειστικα
1,0.83356184,Positive,,,,,,κλιματικοσ αλλαγη καλοσ ιδεα φυτεψουμε τρισεκατομμυριο δεντρο
1,0.9273318,Positive,,,,,,κλιματικοσ αλλαγη εισερχω φευγεισ νομιζεισ αφορω περιμενε εκλογη ψηλοσ
1,0.8704909,Positive,,,,,,κυριακοπουλοσ ειδικοι κwου τρομοκρατω κοσμοσ ανυπαρκτη κλιματικοσ αλλαγη video
1,0.80232763,Positive,,,,,,επιστημονασ αμερικη ευρωπη ελλαδα μιλησαν κλιματικη αλλαγη
1,0.7736782,Positive,,,,,,κλιματικοσ αλλαγη επληξε ευρωπη
1,0.68229413,Positive,,,,,,κλιματικοσ αλλαγη ξηρασια απειλη ευρωπη νερο ωραριο καταλονια επιστημονασ πραγματικα νοημον μπορω διακρινω βρισκομαστε εποχη ελεγχου καιρο γινομαι σχεδιο κρατοσ φτανω
1,0.7569729,Positive,,,,,,ευρωπη ξηρασια καυσωνεσ πυρκαγιεσ κλιματικοσ αλλαγη επληξε ηπειρο thessa
1,0.78487235,Positive,,,,,,ξηρασια καυσωνεσ πυρκαγιεσ κλιματικοσ αλλαγη επληξε ευρωπη
1,0.90751725,Positive,,,,,,εκθεση ευρωπαϊκοσ υπηρεσια κοπερνικοσ κλιματικη αλλαγη
1,0.8769707,Positive,,,,,,ξηρασια καυσωνεσ πυρκαγιεσ κλιματικοσ αλλαγη επληξε ευρωπη εκθεση ευρωπαϊκοσ υπηρεσια climatechange esotc euspace copernicusclimate
1,0.930804,Positive,,,,,,ποταμια υπογεια υδατα χαμηλοσ επιπεδο καυσωνεσ τεραστιοσ πυρκαγιεσ περσινοσ καλοκαιρι κατεδειξε ποσο πληττω ευρωπη κλιματικοσ αλλαγη συμφωνα εκθεση ευρωπαϊκοσ υπηρεσια κοπερνικοσ κλιματικοσ αλλαγη
1,0.7199842,Positive,,,,,,εκπεμπω ευρωπη κλιματικοσ αλλαγη επληξε ηπειρο
1,0.9281338,Positive,,,,,,επιστημονοσ συμφωνω ανθρωποτητα προκαλω κλιματικοσ αλλαγη διεδωσε
1,0.67014015,Positive,,,,,,τελευταιοσ γενια ευκαιρια αποτρεψουμε κοινωνικοσ καταρρευση συνοδευω κλιματικοσ κριση
1,0.87693846,Positive,,,,,,αφιερωμενο ημερα κλιματικοσ αλλαγη doodle google
1,0.8764565,Positive,,,,,,εκθεση ευρωπαϊκοσ υπηρεσια κοπερνικοσ κλιματικοσ αλλαγη μειωθει ταση υπερθερμανση πλανητησ εγγυσ μελλον
1,0.78741467,Positive,,,,,,ιδεεσκαιαποψεισ κλιματικοσ κριση αποδεκατιζω νοτοσ δεκα χωρα κινδυνευω κειμενο κωνσταντοπουλου
1,0.81147325,Positive,,,,,,κλιματικη αλλαγη ερχομαι νινο θερμοκρασια ρεκορ moneypress
1,0.8656972,Positive,,,,,,κλιματικοσ αλλαγη ερχω νινο θερμοκρασια ρεκορ moneypress
1,0.8529647,Positive,,,,,,κλιματικοσ κριση δειχνω κοπερνικοσ φετινοσ καλοκαιρι ελλαδα κυμανθουν δημοκρατικοσ ροδοσ δωδεκανησα
1,0.87693846,Positive,,,,,,ημερα κλιματικοσ αλλαγη doodle google
1,0.8537248,Positive,,,,,,κλιματικοσ κριση ανοδοσ ρεκορ σταθμη θαλασσων
1,0.888699,Positive,,,,,,αριθμοσ φυσικοσ καταστροφων πλημμυρεσ καυσωνεσ οφειλω κλιματικοσ αλλαγη πενταπλασιαζω τελευταιοσ χρονοσ
1,0.79006785,Positive,,,,,,δεκα χωρα κινδυνευω κλιματικοσ κριση γιωργησ πολυχρονεμενοσ χρονοντουλαπο kalytera newcastle μισθωμα xamogelakaipali κυριακατικοσ ευχαριστω σαββατοκυριακου γεωργικοσ γεωργιανε
1,0.8723078,Positive,,,,,,κλιματικοσ κριση δειχνω κοπερνικοσ φετινοσ καλοκαιρι ελλαδα μεσω press
1,0.88926935,Positive,,,,,,βερολινο ακτιβιστησ κολλησαν ασφαλτο απαιτω μετρο κλιματικοσ κριση
1,0.72643214,Positive,,,,,,κλιματικοσ αλλαγη επηρεαζω στρατηγικη δανειοδοτηση τραπεζων businessnewsgr
1,0.84416795,Positive,,,,,,αυτοκλητοσ αριστοσ θεωρω ανθρωποτητα απειλειται υπερπληθυσμοσ κλιματικοσ αλλαγη
1,0.9039032,Positive,,,,,,λεκκασ θερμοσ καλοκαιρι σεναριο θερμοκρασια βαθμοσ κλιματιστικοσ καυσωνασ https
1,0.9039032,Positive,,,,,,λεκκασ θερμοσ καλοκαιρι σεναριο θερμοκρασια βαθμοσ κλιματιστικοσ καυσωνασ https
1,0.91234636,Positive,,,,,,κλιματικοσ αλλαγη σεναριο τρομου θερμοκρασια βαθμοσ ελλαδα μιλησε καθηγητησ γεωλογια διαχειρισησ φυσικων καταστροφων ευθυμιοσ λεκκασ σεναριο θερμοκρασια φετινοσ καλοκαιρι πρωτευουσα
1,0.82449746,Positive,,,,,,κλιματικοσ αλλαγη χτυπω χαρτοφυλακι τραπεζων
1,0.9094147,Positive,,,,,,ακραιοσ καυσωνεσ αυξανω εντεινω κλιματικοσ κριση πληξουν περιοχη πλανητησ
1,0.8283169,Positive,,,,,,προσαγορευοντασ διαλογοσ διπλωματια δημοκρατια επικεντρωθει αξονεσ προτεραιοτητων εφοσον εκλεγει
1,0.8429208,Positive,,,,,,ανατολικοσ αφρικη κλιματικοσ αλλαγη επιδεινωνω ιστορικοσ ξηρασια
1,0.87664473,Positive,,,,,,κλιματικοσ αλλαγη ξηρασια ρεκορ κερα αφρικη εκατομμυρια ανθρωποσ αμεσοσ αναγκη ανθρωπιστικοσ βοηθεια
1,0.93660253,Positive,,,,,,κλιματικοσ αλλαγη αναποσπαστοσ κομματι συζητησεων κοσμοσ επιχειρηση συνεπεια ικανεσ επηρεαζω επιχειρηματικοσ δραστηριοτητα πολυσ τομεασ
1,0.6845256,Positive,,,,,,κλιματικοσ αλλαγη ξηρασια απειλω ευρωπη
1,0.7697084,Positive,,,,,,κλιματικοσ κριση αποδεκατιζω νοτοσ δεκα χωρα κινδυνευω
1,0.828581,Positive,,,,,,γεωλογοσ plimer σχετικα κλιματικοσ απατη κανω κλιμα σχεση επιστημη
1,0.85758156,Positive,,,,,,φταιει κλιματικη αλλαγη αυγα ετρωγε ημερας ξαφνικιτιδα
1,0.94285727,Positive,,,,,,σκονη κινδυνοσ ανθρωπινη υγεια κλιματικοσ κριση ποιοτητα αερασ alphanewslive cyprus
1,0.6645436,Positive,,,,,,κλιματικοσ αλλαγη καταστρεφω καφεοδεντρα αφρικη απειλω καφε
1,0.8025508,Positive,,,,,,κλιματικοσ αλλαγη απειλω καφε
1,0.8424537,Positive,,,,,,μερα περιβαλλονκλιματικοσ κριση μπορω
1,0.8530128,Positive,,,,,,ρηξη περιβαλλονκλιματικοσ κριση μπορω
1,0.85200053,Positive,,,,,,εκδηλωση παρουσιαση εκθεση ανθεκτικοτητα ελληνικοσ δασικων οικοσυστηματων κλιματικη αλλαγη επιτροπη ανθεκτικοτητα ελληνικοσ δασικων οικοσυστηματων κλιματικη μεταλλαγη
1,0.61267805,Positive,,,,,,ειπαμε φταιει κλιματικη αλλαγη πολλα αυγα τρωτε αυγα στρουθοκαμηλου
1,0.8299967,Positive,,,,,,κλιματικοσ αλλαγη προθυμοι ευρωπαιοσ καταπολεμηση απροθυμοσ αλλαξουν τροποσ
1,0.8299967,Positive,,,,,,κλιματικοσ αλλαγη προθυμοι ευρωπαιοσ καταπολεμηση απροθυμοσ αλλαξουν τροποσ
1,0.8822805,Positive,,,,,,καυσωνασ απριλιου μεσογειοσ αδυνατοσ κλιματικοσ αλλαγη businessnewsgr
1,0.9034488,Positive,,,,,,μελετη καυσωνασ απριλιου μεσογειοσ αδυνατοσ κλιματικοσ αλλαγη
1,0.85817015,Positive,,,,,,φυση κεφια κλιματικοσ αλλαγη video thessaloniki theopinion
1,0.8250289,Positive,,,,,,διημεριδα δικτυου πινδοσ δημου κουφα κλιματικοσ αλλαγη
1,0.79364395,Positive,,,,,,πρακτορασ μονταν υπευθυνοσ κλιματικοσ αλλαγη εφερε πανδημια ελλαδα τρωει καρπουζι φετασ
1,0.85059935,Positive,,,,,,ευρωπαϊκοσ μαθητικοσ συνεδριο κλιματικοσ αλλαγη ελευσινα
1,0.517729,Positive,,,,,,πρασινο κινημα ημερα ευρωπη δινω ευκαιρια αγωνιστουμε κλιματικοσ κριση πρασινοκιτρινοσ κλιματιστικοσ
1,0.90465635,Positive,,,,,,συνεπεια περιστατικοσ οφειλω κλιματικοσ αλλαγη μπορω αλυσιδωτοσ υπαρξη ασφαλιστηριου συμβολαιου μπορω σωτηρια επιχειρηση
1,0.5056209,Positive,,,,,,ισπανια τελειωνω νερο λενε φταιει κλιματικοσ αλλαγη αγροτησ πισινα
1,0.7988322,Positive,,,,,,ερευνα γυναικα ελλαδα δηλωνω εργασια επηρεαστει κλιματικοσ αλλαγη
1,0.7443681,Positive,,,,,,γυναικα ελλαδα δηλωνω εργασια επηρεαστει κλιματικοσ αλλαγη
1,0.7935766,Positive,,,,,,γυναικα ελλαδα δηλωνω εργασια επηρεαστει κλιματικοσ αλλαγη θεωρω συμμετεχω ληψη περιβαλλοντικοσ αποφαση προκυπτω μεροσ ερευνα κλιματικοσ αλλαγη
1,0.7443681,Positive,,,,,,γυναικα ελλαδα δηλωνω εργασια επηρεαστει κλιματικοσ αλλαγη
1,0.7443681,Positive,,,,,,γυναικα ελλαδα δηλωνω εργασια επηρεαστει κλιματικοσ αλλαγη
1,0.8718586,Positive,,,,,,μητερεσ κλιματικοσ αλλαγη γιορταζοσουν greenpeace
1,0.62926054,Positive,,,,,,ερευνα κλιματικοσ αλλαγη επηρεαζω εργασιακοσ αποδοση γυναικα ελλαδα
1,0.7866709,Positive,,,,,,ερευνα γυναικα ελλαδα λενε εργασια επηρεαστει κλιματικοσ αλλαγη
1,0.7866709,Positive,,,,,,ερευνα γυναικα ελλαδα λενε εργασια επηρεαστει κλιματικοσ αλλαγη
1,0.71892035,Positive,,,,,,κλιματικη αλλαγη εφτασε ευρωπη θανατηφοροσ νοσοσ πληττω βοοειδη lifestyle ygeia survivorgr
1,0.77283853,Positive,,,,,,κλιματικοσ αλλαγη εφτασε ευρωπη θανατηφοροσ νοσοσ πληττω βοοειδη
1,0.8219676,Positive,,,,,,κλιματικη αλλαγη φταιει κλασιμο γουρουνιων ρεψιμο αγελαδων καμποβοδα
1,0.8273034,Positive,,,,,,χρησιμοποιωντασ εμβολιο κορωνιδων ψεματα κλιματικοσ αλλαγη συνταγη καταστροφη
1,0.8774863,Positive,,,,,,οφειλω ασταθεια καιρου φυσιολογικοσ εναλλαγη θερμοκρασια οφειλω κλιματικοσ αλλαγη
1,0.89073646,Positive,,,,,,νεοσ εκθεση κλιματικοσ αλλαγη χωρα αλεξανδροσ μουτσοπουλοσ
1,0.79811823,Positive,,,,,,κλιματικη αλλαγη καμπανακι παγκοσμιοσ μετεωρολογικο οργανισμοσ ερχω παρατεταμενοσ καυσωνεσ
1,0.82910764,Positive,,,,,,σαλοσ νεοσ καμπανια γυναικειοσ μαγιο ανδρεσ μοντελο ενταξει ξεφυγει μεγαλοσ ποσοστο λεμε κλιματικοσ αλλαγη μπουρδα καψει θεοσ λεμε φτυνω
1,0.93421865,Positive,,,,,,κλιματικοσ αλλαγη επηρεαζω ελλαδα καμπανακι ακραιοσ καιρικοσ φαινομενο διευθυντρια ειπα εξηγω
1,0.72128165,Positive,,,,,,συνεχομενοσ οικολογικοσ περιπετεια υπογραφη ποσο μεγαλοσ υποκρισια νοιαζονται κλιματικοσ αλλαγη θελω ισοπεδωσουν
1,0.8955914,Positive,,,,,,πλημμυρεσ ιταλια δειγμα νεοσ κανονικοτητα κλιματικοσ αλλαγη
1,0.8463369,Positive,,,,,,συναντηση καπα κλιμακιο unfccc ασκεπα βιογεωκλιματικα ontimenewsgr
1,0.9074644,Positive,,,,,,χαραρι θανατηφοροσ covid εμαθε lockdown μπορω κλιματικοσ αλλαγη olympiacosbc σαββατοκυριακου θησειο εκλογομαγειρεσ fglory χοντροκαυκαλοσ ποντισμενων μονακο
1,0.90695363,Positive,,,,,,χαραρι θανατηφοροσ covid εμαθε lockdown μπορουμε κλιματικοσ αλλαγη
1,0.7272502,Positive,,,,,,κλιματικοσ αλλαγη θανατοσ τρισ δολαριο κοστοσ μεσω press
1,0.75670916,Positive,,,,,,ατιμοσ κλιματικοσ κριση σαχαρα γιναμε
1,0.809528,Positive,,,,,,χρειαζομαι ρυθμιστικοσ παυση μετρο κλιματικοσ αλλαγη γινομαι κανω ταυτοχρονα λεγω βελγοσ πρωθυπουργοσ αλεξαντερ
1,0.86672544,Positive,,,,,,φλωρινα τριημερια μεταβαση κλιματικοσ ουδετεροτητα προσαρμογη κλιματικοσ αλλαγη
1,0.90109724,Positive,,,,,,περιβολη συμμετεχω φεστιβαλ βιωσιμοσ πλανητησ νεοσ σχεδιαζω
1,0.9098889,Positive,,,,,,κλιματικοσ αλλαγη διαφθορα συμφερον μετατρεπω κλιματικοσ κριση πολιτισμικοσ διακινδυνευο μελλον
1,0.8785599,Positive,,,,,,κλιματικοσ αλλαγη μεσσηνια
1,0.8125776,Positive,,,,,,αλλαζω κλιματικοσ αλλαγη συμπεριφορα ζωων
1,0.79832983,Positive,,,,,,αρνολντ σβαρνιστηκεσ επαναδιατυπωθει οροσ κλιματικοσ αλλαγη
1,0.8500424,Positive,,,,,,αρνολντ σβαρνιστηκε arnold schwarzenegger αναλαμβανω δραση αντιμετωπιση κλιματικοσ αλλαγη πρωτα πιστευω οροσ επαναδιατυπωθει συνεχιζω μιλω παγκοσμια κλιματικοσ αλλαγη
1,0.90938926,Positive,,,,,,εκθεση κλιματικοσ αλλαγη καταπονημενοσ υποδομη αυξανω κινδυνοσ πλημμυρων τσιλικο βαλε ινδια india climate
1,0.9310884,Positive,,,,,,αρχαιοσ ζομπι εξαπλωνω χαρη κλιματικοσ αλλαγη thessaloniki theopinion
1,0.79032916,Positive,,,,,,επομενοσ πανδημια ξαφνικοτατα τροποσ δικαιολογησουν εκατομμυριο μελλοθανατοσ παρον φταινε αυγα κλιματικοσ συνδιαλλαγη εναλιο
1,0.91758776,Positive,,,,,,αποτελεσματα μαθητικου διαγωνισμοσ υπατησ αρμοστεια θεμα κλιματικοσ κριση
1,0.9070624,Positive,,,,,,νοσοσ κλιματιστικοσ αλλαγη ελληνικοσ νεοσ αφηγημα
1,0.8536752,Positive,,,,,,μαθητησ μαθητρια ελλαδα δημιουργω αφισεσ σκιτσα κολαζ κλιματικοσ κριση
1,0.8536752,Positive,,,,,,μαθητησ μαθητρια ελλαδα δημιουργω αφισεσ σκιτσα κολλαζ κλιματικοσ κριση
1,0.85818595,Positive,,,,,,τσιπασ υμηττοσ ημερα συναγερμοσ κλιματικοσ κριση ημερα περιβαλλον thessaloniki theopinion
1,0.54128647,Positive,,,,,,εκλογεσ τσιπασ ημερα συναγερμοσ κλιματικοσ κριση ημερα περιβαλλον προεδροσ συριζασ προοδευτικοσ συμμαχια αλεξησ τσιπασ αφορμη ημερα περιβαλλον επισκεφτηκε κεντρο προστασιασ δασων φυσικου
1,0.8460627,Positive,,,,,,green week κλιματικοσ αλλαγη οδηγω αλλαγη ποικιλια σταφυλιων αυστρια
1,0.8977724,Positive,,,,,,παγκοσμια ημερα περιβαλλον κλιματικοσ κριση απειλω καλοκαιρι μεσογειοσ
1,0.93204594,Positive,,,,,,αρθρο γνωστοσ ιστοσελιδα project syndicate ανακατευω τεχνητοσ νοημοσυνη κλιματικοσ αλλαγη ουκρανια κοινοσ σκοποσ
1,0.8229121,Positive,,,,,,καρμα κανζ κλιματικοσ κριση κριση πολιτισμοσ akramkhan
1,0.61940145,Positive,,,,,,εντολη ντιπ ελεγχοσ κυριαρχια αφαιμαξη ψυχων οικονομια κλιματικη αλλαγη
1,0.86368585,Positive,,,,,,ιρλανδια σκοτωζω αγελαδα ανυπαρκτη κλιματικοσ αλλαγη
1,0.89776355,Positive,,,,,,κλιματικοσ αλλαγη copernicus επιφανεια ωκεανων γνωρισε θερμοτερο μαιοσ καταγραφει
1,0.8315304,Positive,,,,,,κλιματικοσ αλλαγη απειλω παγοσ αρκτικη
1,0.91331214,Positive,,,,,,κλιματικοσ αλλαγη θερμοτεροσσ μαιοσ καταγραφει επιφανεια ωκεανοσ συμφωνα copernicus μαιοσ δευτεροσ θερμοτεροσσ καταγραφει θερμοκρασια ολοκληροσ υδρογειου
1,0.8315304,Positive,,,,,,κλιματικοσ αλλαγη απειλω παγοσ αρκτικη
1,0.8266295,Positive,,,,,,πυρκαγιεσ ανατολικοσ καναδασ επακολουθοσ επιδεινωση ποιοτητα αερασ ανατολικοσ ακτη ηνωμενοσ πολιτεια ανησυχητικοσ σημαδι τροποσ κλιματικοσ κριση επηρεαζω
1,0.9170647,Positive,,,,,,κλιματικοσ αλλαγη παγοσ καλοκαιρια αρκτικοσ δεκαετια
1,0.93111825,Positive,,,,,,κλιματικοσ κριση κινδυνοσ βυθιστουν παραλιακοσ περιοχη αττικοσ θεσσαλονικη πελοποννησο κρητη δωδεκανησα oknewsgr
0,0.48248437,Negative,,,,,,σεισμοσ σεισμοσ βρεθηκε αιτια περιβαλλοντικοσ ρυπανση πλανητησ κλιματικοσ αλλαγη τρυπα οζον αυξηση διοξειδιου ανθρακασ κακο καιροσ
1,0.8736383,Positive,,,,,,κλιματικοσ αλλαγη περιοχη ελλαδα κινδυνευω βυθιστουν moneypress
1,0.92777455,Positive,,,,,,κλιματικοσ αλλαγη σειρα καλυψε νεοσ υορκη
1,0.8916319,Positive,,,,,,κλιματικοσ κριση
1,0.8630582,Positive,,,,,,επικινδυνοσ καταιγιδα επομενοσ διημερο συναγερμοσ θεσσαλονικη κλιματικοσ κριση
1,0.88693917,Positive,,,,,,σαμοσ ποσο επηρεαζω κλιματικοσ αλλαγη
1,0.90820366,Positive,,,,,,κλιματικοσ κριση καγκελοπορτα νεοσ πανδημια δημοκρατικοσ ροδοσ δωδεκανησα
1,0.9410829,Positive,,,,,,κλιματικοσ αλλαγη συμμετοχη περιφερειασ κρητη συνεδριαση πολιτικου γραφειου crpm πραγματοποιω φλωρεντια
1,0.9007305,Positive,,,,,,βυθιζω κρητη κλιματικοσ αλλαγη απειλω ακτογραμμησ νησι
1,0.926734,Positive,,,,,,νεοσ τραγουδι κλιματικοσ αλλαγη μεντεσ μεντεσ δινω ιδεα νεοσ τραγουδι φωτογραφια νεασ υορκη
1,0.94380265,Positive,,,,,,κλιματικοσ αλλαγη βραζω βρετανια πλημμυρισαν παραλια ζεστοσ μερα χρονοσ καλοκαιρι ζεστοσ καταγραφει αγγλια δειχνω βρετανοσ βιωσουν αναλογοσ καυσωνασ
1,0.9030749,Positive,,,,,,κλιματικοσ κριση ξηρασια λειψυδρια ταλαιπωρω πορτογαλια
1,0.60000134,Positive,,,,,,νεολαια συριζασ αγρινιου εκδηλωση περιβαλλον κλιματικοσ αλλαγη
1,0.9495187,Positive,,,,,,μηνασ εμφανιστηκαν κουνουπια παρολο καιροσ ιδιαιτερα ζεστοσ εμφανιση αποδιδω κλιματικοσ αλλαγη οδυνων προχωρω συσταση προστασια πληθυσμοσ
1,0.88698196,Positive,,,,,,κλιματικοσ αλλαγη μπορω φερω τετραημεροσ εργασιακοσ εβδομαδα thessaloniki theopinion
0,0.44337934,Negative,,,,,,εξωφυλλο περιοδικου time σχετικα κλιματικοσ αλλαγη εβαλε φωτια ηπειροσ
1,0.8162204,Positive,,,,,,κλιματικοσ κριση χιλιαδα νεκρα ψαρια ακτη τεξασ
1,0.84891385,Positive,,,,,,διακριση φαρισαιων μαθητησ διεθνεσσ εικαστικοσ προγραμμα κλιματικοσ αλλαγη
1,0.7831075,Positive,,,,,,εκατομμυριο ανθρωποσ εγκατασταθουν πλωτοσ πολη απαντηση κλιματικοσ κριση υπερπληθυσμοσ
1,0.945484,Positive,,,,,,news news κοσμοσ stories γεγονοσ επιπτωση κλιματικοσ αλλαγη γινομαι ολοενα αισθητησ καθημερινοσ
1,0.8938815,Positive,,,,,,ξεκινω πρωτοσ δικη κλιματικοσ αλλαγη
1,0.91349816,Positive,,,,,,αρχισε πρωτοσ δικη κλιματικοσ αλλαγη νεοσ αρχη μοντανα climatecrisis
1,0.8938815,Positive,,,,,,ξεκινω πρωτοσ δικη κλιματικοσ αλλαγη
1,0.831831,Positive,,,,,,ανθρωποσ εγκατασταθουν πλωτοσ πολη απαντηση κλιματικοσ κριση
1,0.7780441,Positive,,,,,,κλιματικοσ αλλαγη ευρωπη θανατου πανω ευρω ζημια σοκαρω απολογισμοσ κλιματικοσ αλλαγη καταγραφτηκαν επιπλεον θανατοσ ιουλιοσ συγκριση μηνιαιοσ μεσοσ πολυσ
1,0.8463023,Positive,,,,,,κλιματικοσ αλλαγη κινδυνοσ νοσοκομειο σχολειο
1,0.6846336,Positive,,,,,,συναγερμοσ θανατηφοροσ ασθενεια ευρωπη κλιματικοσ αλλαγη ποσο κινδυνευω ελλαδα κλιματικοσ αλλαγη φερνει τεσσερισ θανατηφοροσ ασθενεια ευρωπη ειδικοσ κρουω κωδωνασ πολυσ
1,0.8825193,Positive,,,,,,βαρκελωνη διακυβερνητικοσ εργο missionnature κλιματικη αλλαγη μεσογειοσ
1,0.9649357,Positive,,,,,,επιστημονικη επιτροπη ευρωπαϊκοσ ανωση κλιματικη αλλαγη προτεινω μειωση καθαρων εκπομπη αεριων θερμοκηπιου ευρωπαϊκοσ ενωση σχεση αποφευχθει αυξηση θερμοκρασια πανω
1,0.92092854,Positive,,,,,,προγραμματιζω καιροσ πεισουν κλιματικοσ κριση after υπακουσουμε
1,0.92027843,Positive,,,,,,forests climatecrisis δαση φυσικοσ οπλο κλιματικοσ κριση λεγω γεωργια
1,0.82180697,Positive,,,,,,συμβαινω πραγμα κλιματικοσ αλλαγη
1,0.8607594,Positive,,,,,,κλιματικη κριση αλαθητοσ αγορα υψηλοσ τιμη τροφιμα γεμιζω σαπιοκαραβα μεταναστησ
1,0.8890431,Positive,,,,,,αναλυση δεδομενο μεγαλοσ κλιμακα κλιματικοσ αλλαγη τεχνολογια περιβαλλοντικοσ διαχειριση κρυπτογραφηση ασφαλεια κυβερνοχωροσ αναμενω μεγαλυτεροι μοχλοσ αναπτυξη θεση εργασια
1,0.6103651,Positive,,,,,,παιδι επιβαρυνω κλιματικοσ αλλαγη απαιτουν δικαιωμα ανεξελεγκτοσ εκτρωση αντιλαμβανεστε αφηγημα
1,0.57080466,Positive,,,,,,κλιματικοσ αλλαγη φερνει θανατηφοροσ ασθενεια αναγγελια τρομου ελλαδα
1,0.861511,Positive,,,,,,nasa παραδεχεται κλιματικοσ αλλαγη συμβαινω αλλαγωσ ηλιακοσ τροχια ορυχη
1,0.8025855,Positive,,,,,,συναγερμοσ κλιματικοσ αλλαγη ψεμα σταματω
1,0.8025855,Positive,,,,,,gatestone institute συναγερμοσ κλιματικοσ αλλαγη ψεμα σταματω
1,0.8019735,Positive,,,,,,κλιματικη αλλαγη αυξηθηκε θερμοκρασια ευρωπη τελευταιοσ χρονοσ
1,0.797352,Positive,,,,,,κλιματικη αλλαγη θερμοκρασια ευρωπη αυξηθηκε σχεση προβιομηχανικοσ εποχη
1,0.797352,Positive,,,,,,κλιματικη αλλαγη θερμοκρασια ευρωπη αυξηθηκε σχεση προβιομηχανικοσ εποχη
1,0.7937581,Positive,,,,,,κλιματικοσ αλλαγη παγετωνασ μαλακιοσ λιωνω πρωτοφανεισ ρυθμοσ γυναικοκρατουμαι εθνικοσ πατραϊκοσ καλημερισμενα μαυροντυμενοσ πολωνικοσ μπουνιουελ καναρινοσ αγαλλιω γαλλοφιλοι
1,0.7975816,Positive,,,,,,ιμαλαια παγετωνασ χανω ογκοσ ανησυχητικοσ εκθεση κλιματικοσ κριση πραγματικοτητα μπορω αγνοω περισσοτερα
1,0.5674199,Positive,,,,,,μεγαλοσ νεκροταφειο ελαστικοσ κοσμοσ κουβειτ φωτια καιω παντα ορατοσ διαστημα αγελαδα υπευθυνοσ κλιματικοσ αλλαγη
1,0.90859365,Positive,,,,,,καιροσ πρωτα ριμαρια θερινο ηλιοστασιο μηνυμα κλιματικοσ αλλαγη
1,0.8025855,Positive,,,,,,gatestone institute συναγερμοσ κλιματικοσ αλλαγη ψεμα σταματω
1,0.86323065,Positive,,,,,,βασιλοπουλοσ διαμορφωνω φακελοσ καταγραφω απωλεια αγροτικοσ παραγωγη κλιματικοσ
1,0.8619212,Positive,,,,,,βασιλοπουλοσ διαμορφωνω φακελοσ καταγραφω απωλεια αγροτικοσ παραγωγη κλιματικοσ αλλαγη
1,0.8071982,Positive,,,,,,κλιματικοσ αλλαγη αυξηνω επομενοσ χρονοσ δασικοσ πυρκαγιεσ παγκοσμιωσ
1,0.8509246,Positive,,,,,,κλιματικοσ αλλαγη παγκοσμιοσ συναγερμοσ περαιτερω λιωσιμο παγων μπορω προκαλω ουτοπιστικοσ πανδημια εξηγηση
1,0.8930008,Positive,,,,,,κλιματικοσ αλλαγη απειλη μεγατονων δαση ανοδοσ θερμοκρασια μεσογειοσ
1,0.91081774,Positive,,,,,,κλιματικη αλλαγη επηρεαζω λιπαρο αναφερω ερευνα
1,0.9228992,Positive,,,,,,κλιματικοσ αλλαγη γουστερασ προειδοποιω ποσο ευαλωτοσ καραϊβικη
1,0.8509246,Positive,,,,,,κλιματικοσ αλλαγη παγκοσμιοσ συναγερμοσ περαιτερω λιωσιμο παγων μπορω προκαλω ουτοπιστικοσ πανδημια εξηγηση
1,0.8930008,Positive,,,,,,κλιματικοσ αλλαγη απειλη μεγατονων δαση ανοδοσ θερμοκρασια μεσογειοσ
1,0.88479906,Positive,,,,,,κλιματικοσ αλλαγη εντοπιζω τεραστιοσ τρυπα οζον πανω τροπικοσ
1,0.79545414,Positive,,,,,,κλιματικη αλλαγη ποσο αναμενω αυξανω θερμοκρασια ελλαδα τελοσ αιωνασ εφιαλτικοσ προγνωση
1,0.8916319,Positive,,,,,,στογιαννιδησ κλιματικοσ κριση
1,0.88219887,Positive,,,,,,κλιματικοσ αλλαγη βαθμοσ κελσιου αυξανω θερμοκρασια ελλαδα τελοσ αιωνασ
1,0.8694471,Positive,,,,,,κλιματικοσ κριση βαθμοσ κελσιου αναμενω αυξανω θερμοκρασια ελλαδα τελοσ αιωνασ
1,0.8694471,Positive,,,,,,κλιματικοσ κριση βαθμοσ κελσιου αναμενω αυξανω θερμοκρασια ελλαδα τελοσ αιωνασ
1,0.88465273,Positive,,,,,,google προγραμμα υψοσ project εναντια κλιματικοσ αλλαγη
1,0.9418374,Positive,,,,,,google αναζητηση ιδεων προωθηση δραση εναντια κλιματικοσ αλλαγη
1,0.7793069,Positive,,,,,,google τρεξει πρασινοσ προγραμμα εναντια κλιματικοσ αλλαγη
1,0.9418374,Positive,,,,,,google αναζητηση ιδεων προωθηση δραση εναντια κλιματικοσ αλλαγη
1,0.7935088,Positive,,,,,,κλιματικοσ αλλαγη πλανητησ λιωνω καυσωνεσ
1,0.8840971,Positive,,,,,,ερευνα κλιματικοσ αλλαγη αυξανω εμφυτη
1,0.85897636,Positive,,,,,,μαρκιδησ κλιματικοσ αλλαγη μπορω αλλοθι συνεχιζω καταστροφη
1,0.89206374,Positive,,,,,,κλιματικοσ αλλαγη ποδι
1,0.9189841,Positive,,,,,,δημητρησ μαντζαροσ κλιματικοσ κριση δικαιολογια ανεπαρκεια δικαιολογια δραση
1,0.89206374,Positive,,,,,,κλιματικοσ αλλαγη ποδι
1,0.85686904,Positive,,,,,,κλιματικοσ αλλαγη δυσοιωνεσ προβλεψεισ επιστημονασ μελλον
1,0.9189841,Positive,,,,,,δημητρησ μαντζαροσ κλιματικοσ κριση δικαιολογια ανεπαρκεια δικαιολογια δραση
1,0.76330763,Positive,,,,,,κλιματικοσ αλλαγη σημα κινδυνου ευρωπη θερμαινω ταχυτερα ηπειρο
1,0.8416226,Positive,,,,,,κλιματικοσ αλλαγη επιστημονασ κανω δυσοιωνεσ προβλεψεισ μελλον
1,0.9404401,Positive,,,,,,κλιματικοσ αλλαγη λιωνω τεραστιοσ παγετωνασ ελβετικοσ αλπεισ καμπανακι ειδικοσ βιντεο
1,0.9404401,Positive,,,,,,κλιματικοσ αλλαγη λιωνω τεραστιοσ παγετωνασ ελβετικοσ αλπεισ καμπανακι ειδικοσ βιντεο
1,0.64740074,Positive,,,,,,κλιματικοσ αλλαγη ευρωπη ανετοιμοσ εθνικοσ σχεδιο υπαρχω χρηματοδοτω tweets vids
1,0.8798092,Positive,,,,,,κλιματικοσ αλλαγη υποτιμω επιδραση
1,0.86897844,Positive,,,,,,βρετανικη ερευνα κλιματικοσ αλλαγη υπαιτια επικειμενοσ αφανισμοσ ανθρωποτητα
1,0.8171058,Positive,,,,,,φιλοδοξοσ νομοσχεδιο κλιματικοσ αλλαγη μειωση τιμη φαρμακων
1,0.7381325,Positive,,,,,,προχωρα φιλοδοξοσ νομοσχεδιο ντεμπαι κλιματικοσ αλλαγη τιμη φαρμακων
1,0.8902038,Positive,,,,,,μελετη μεταδοτικοσ ασθενεια επιδεινωσε κλιματικοσ αλλαγη
1,0.9111863,Positive,,,,,,μελετη κλιματικοσ αλλαγη επιδεινωνω πανω μισεσ μεταδοτικοσ ασθενεια
1,0.8346919,Positive,,,,,,τελεια καταιγιδα ευρωπη ενεργειακοσ κλιματικοσ κριση κινδυνοσ οικονομια ξηρασια
1,0.9111863,Positive,,,,,,μελετη κλιματικοσ αλλαγη επιδεινωνω πανω μισεσ μεταδοτικοσ ασθενεια
1,0.67482346,Positive,,,,,,κλιματικη αλλαγη μηδεν κατασταση ξηρασια αγγλια στερευω ταμεσησ
0,0.43447715,Negative,,,,,,κλιματικοσ αλλαγη υπευθυνοσ καταρρευση προηγμενων πολιτισμοσ λεει γερμανοσ καθηγητησ οικολογια
1,0.6049284,Positive,,,,,,κλιματικοσ αλλαγη πληθωρισμοσ απειλω ευρωπη υφεση φτανω σημειομηδεν
1,0.8104842,Positive,,,,,,κλιματικοσ αλλαγη αδιαφοροσ σφυριγμα
1,0.6049284,Positive,,,,,,κλιματικοσ αλλαγη πληθωρισμοσ απειλω ευρωπη υφεση φτανω σημειομηδεν
1,0.65674305,Positive,,,,,,ντεμπαι υπεγραψε νομοσχεδιο κλιματικοσ αλλαγη φαρμακο
1,0.80715346,Positive,,,,,,κλιματικοσ αλλαγη χτυπα ελβετια σταθμη νερο λιμνη χαμηλοσ επιπεδο
1,0.72568643,Positive,,,,,,κλιματικοσ αλλαγη ποταμιο στερευω ευρωπη διψαει δυσκολοσ μελλον
1,0.8906715,Positive,,,,,,μπιλ γειτσ εσωσε νομοσχεδιο ντεμπαισ κλιματικοσ αλλαγη
1,0.80715346,Positive,,,,,,κλιματικοσ αλλαγη χτυπα ελβετια σταθμη νερο λιμνη χαμηλοσ επιπεδο
1,0.72568643,Positive,,,,,,κλιματικοσ αλλαγη ποταμιο στερευω ευρωπη διψαει δυσκολοσ μελλον
1,0.77889436,Positive,,,,,,κλιματικοσ κριση χαοσ μεταφορα κινδυνοσ παγκοσμιοσ εμποριο
1,0.8165623,Positive,,,,,,just posted blog σχεδιο λιμπιζοταν κλιματικη κριση
1,0.8476686,Positive,,,,,,ενεργειακη κλιματικοσ κριση ερχω διαστηματοσ
1,0.8961439,Positive,,,,,,κλιματικοσ αλλαγη επιστημονασ πιστευω μπορω αναστρεψουν διαστημικοσ φυσαλιδα λυση
1,0.87519515,Positive,,,,,,κλιματικοσ αλλαγη γεννησε εποχη ερπετων χρονοσ
1,0.87481105,Positive,,,,,,κλιματικοσ κριση ξηρασια χτυπησε ποταμοσ κολοραντο
1,0.898711,Positive,,,,,,αλπεισ μειωση ογκοσ παγετωνοσ ερευνα σοκαρω κλιματικη αλλαγη
1,0.74297875,Positive,,,,,,δυτικοσ ελλαδα περιλαμβανω σχεδιο κλιματικοσ αλλαγη
1,0.898711,Positive,,,,,,αλπεισ μειωση ογκοσ παγετωνοσ ερευνα σοκαρω κλιματικη αλλαγη
1,0.92012435,Positive,,,,,,κλιματικοσ αλλαγη γιατι ευνοει ντοπιοσ εργαζομενοσ αγροτικοσ τομεασ
1,0.820711,Positive,,,,,,κλιματικοσ αλλαγη vodafone κυριοσ συνεργατησ συνεδριο
0,0.4749381,Negative,,,,,,κλιματικοσ αλλαγη φωτια πλανητησ φλεγεται κατεγραψε reuters στιλιστα
1,0.8734016,Positive,,,,,,γκαρλαντ κλιματικοσ αλλαγη αποφαση επιτοκιο
1,0.83711296,Positive,,,,,,κλιματικοσ αλλαγη μεγαλωνω κινδυνοσ θερμικοσ στρεσ οργανισμοσ
1,0.85577375,Positive,,,,,,κλιματικη αλλαγη κολαση προλαβουμε
1,0.6570411,Positive,,,,,,συναγερμοσ επιστημονοσ ελεγχθει κλιματικοσ αλλαγη αυξανω σημαντικα καυτοσ μερα ετοσ επικινδυνοσ θερμικοσ στρεσ
1,0.8587833,Positive,,,,,,κλιματικοσ αλλαγη τροφιμα κινδυνευω εξαφανιση
1,0.83552444,Positive,,,,,,κλιματικη αλλαγη κολαση προλαβω
1,0.86642647,Positive,,,,,,κινα κλιματικοσ αλλαγη ελεοσ χειροτερησ καταγεγραμμενησ ξηρασια
1,0.6570411,Positive,,,,,,συναγερμοσ επιστημονοσ ελεγχθει κλιματικοσ αλλαγη αυξανω σημαντικα καυτοσ μερα ετοσ επικινδυνοσ θερμικοσ στρεσ
1,0.86642647,Positive,,,,,,κινα κλιματικοσ αλλαγη ελεοσ χειροτερησ καταγεγραμμενησ ξηρασια
1,0.8614894,Positive,,,,,,εγκρινω προγραμμα νεοσ ειπα περιβαλλον κλιματικοσ αλλαγη
1,0.86716926,Positive,,,,,,κλιματικοσ αλλαγη εγκατασταση κινα θαβω υπεδαφοσ
1,0.65435076,Positive,,,,,,κλιματικοσ αλλαγη τελευταιοσ γενια τελοσ κοσμου
1,0.8261725,Positive,,,,,,κλιματικοσ αλλαγη πλημμυρεσ ανεβασαν ασφαλιστικοσ αποζημιωση
1,0.772493,Positive,,,,,,σακησ αρναουτισσασ συναγερμοσ κλιματικοσ αλλαγη ερχω τυφωνασ ευρωπη
1,0.5955502,Positive,,,,,,κλιματικοσ αλλαγη μηδεν ακραια καιρικοσ φαινομενο πλανητησ λενε επιστημονασ
1,0.772493,Positive,,,,,,σακησ αρναουτισσασ συναγερμοσ κλιματικοσ αλλαγη ερχω τυφωνασ ευρωπη
1,0.91194284,Positive,,,,,,ερευνα κλιματικοσ αλλαγη ποσο σημειο επιστροφη
1,0.92688274,Positive,,,,,,κλιματικοσ αλλαγη ακραιοσ κινδυνοσ παραγωγη τροφιμα
1,0.92688274,Positive,,,,,,κλιματικοσ αλλαγη ακραιοσ κινδυνοσ παραγωγη τροφιμα
1,0.6755483,Positive,,,,,,αχαρτογραφητοσ εδαφοσ καταστροφη οδηγω κλιματικοσ αλλαγη
1,0.82871735,Positive,,,,,,προεδροσ νοτιοσ αφρικη συζητω ντεμπαισ κλιματικοσ αλλαγη ενεργειακοσ μεταβαση
1,0.8069654,Positive,,,,,,oxfam οξεια πεινα επιδεινωθηκε κλιματικοσ κριση
1,0.8270342,Positive,,,,,,μεγαλοσ φοβοσ wall street εισηγμενων απειλειται κλιματικη αλλαγη
1,0.8355846,Positive,,,,,,γερμανια εμπρακτη στηριξη χωρα πληττω κλιματικοσ αλλαγη επισιτιστικοσ κριση
1,0.89951,Positive,,,,,,μπορω επηρεαζω κλιματικοσ αλλαγη πανδημια
1,0.9439628,Positive,,,,,,κλιματικοσ αλλαγη καμπανακι επιστημονασ νεοσ πανδημια
1,0.8041782,Positive,,,,,,just posted blog προεδροσ παγκοσμιασ τραπεζασ παραιτειται αμφισβητει κλιματικη αλλαγη πειραζουν παραιτηθει
1,0.85580754,Positive,,,,,,βαρυσ πληγμα κλιματικοσ αλλαγη επηρεαζω γευση κρασι
1,0.84649473,Positive,,,,,,κλιματικοσ αλλαγη θερμοκρασια πολη αυξανω ταχυτερα σχεση υπαιθρο
1,0.92197466,Positive,,,,,,αγροτικοσ ειδησεισ γεωργαλασ στηριζουμε κλαδοσ ελια κλιματικοσ κριση
1,0.87809885,Positive,,,,,,just posted blog γεωργαλασ στηριζουμε εθνικοσ προϊον ελια κλιματικοσ κριση
1,0.8867857,Positive,,,,,,vegan life festival athens τεχνολογησε αφιερωνω κλιματικοσ κριση αφορω
1,0.8867857,Positive,,,,,,vegan life festival athens τεχνολογησε αφιερωνω κλιματικοσ κριση αφορω
1,0.8335111,Positive,,,,,,κλιματικοσ αλλαγη μαλακια λεγω σκουπιζω μετωπο ιδρωτασ λιωνο βαθμοσ οκτωβρησ
1,0.79320025,Positive,,,,,,γουστερεσ καλω κοσμοσ κινητοποιω σωνω ανθρωπινοσ ειδοσ κλιματικοσ αλλαγη
1,0.9030511,Positive,,,,,,κλιματικοσ κριση επιρροη συνεπεια ανθρωποσ εκτεταμενη φτωχεια ενοπλοσ συγκρουση αυξηση επιδημια
1,0.89997923,Positive,,,,,,μπιλ γκεισασ καινοτομια κλιματικοσ αλλαγη λυθει
1,0.9030511,Positive,,,,,,κλιματικοσ κριση επιρροη συνεπεια ανθρωποσ εκτεταμενη φτωχεια ενοπλοσ συγκρουση αυξηση επιδημια
1,0.9038968,Positive,,,,,,κλιματικοσ αλλαγη φορα πιθανεσ ξηρασια καλοκαιριο
1,0.888939,Positive,,,,,,σταχτοκουλουρασ απωλεια βιοποικιλοτητα κλιματικοσ αλλαγη αυξανω κινδυνοσ οικονομικοσ αναπτυξη
1,0.77572244,Positive,,,,,,κλιματικοσ αλλαγη συνεδριο ενεργειακοσ φτωχεια δυτικη ελλαδα
1,0.6825452,Positive,,,,,,κλιματικοσ αλλαγη απειλω δισεκατομμυριο παιδι
1,0.8028271,Positive,,,,,,κλιματικοσ αλλαγη απειλω δισεκατομμυριο παιδια
1,0.844427,Positive,,,,,,κλιματικοσ κριση σκοτωνω διεθνεισ ιατρικοι εμπειρογνωμονασ καταγγελλω μεγαλοσ εξαρτηση ορυκτα καυσιμα
1,0.8332132,Positive,,,,,,lancet εθισμοσ ορυκτα καυσιμα κλιματικοσ αλλαγη απειλω παγκοσμιοσ υγεια
1,0.94450974,Positive,,,,,,γερμανικοσ μυστικοσ υπηρεσια ρωσια καταιγιδα κινα κλιματικοσ αλλαγη υποχειριο τζιν πινγκ σουλτσ
1,0.94450974,Positive,,,,,,γερμανικοσ μυστικοσ υπηρεσια ρωσια καταιγιδα κινα κλιματικοσ αλλαγη υποχειριο τζιν πινγκ σουλτσ
1,0.57925797,Positive,,,,,,απελαυνω κλιματικοσ αλλαγη ασυνηθιστα υψηλοσ θερμοκρασια ευρωπη χειμωνασ
1,0.57925797,Positive,,,,,,απελαυνω κλιματικοσ αλλαγη ασυνηθιστα υψηλοσ θερμοκρασια ευρωπη χειμωνασ
1,0.91066086,Positive,,,,,,αγροτικησ αναπτυξη προσωρινοσ πινακασ αποτελεσματων αιτηση στηριξη γεωργια κλιματικοσ αλλαγη
1,0.84667635,Positive,,,,,,κλιματικοσ αλλαγη περιοχη ευθυνω πολυσ θανατουσ καρκινοσ
1,0.8270989,Positive,,,,,,διασκεψη κλιμα αρχιζω αιτημα αποζημιωνω φτωχοτεροσ χωρα κλιματικοσ αλλαγη
1,0.9132291,Positive,,,,,,κοστιζω κλιματικοσ αλλαγη γερμανια
1,0.8888771,Positive,,,,,,welt ρεαλιστικοσ προβλεψεισ τρομου κλιματικοσ αλλαγη
1,0.8353046,Positive,,,,,,τζεντιλεσκι ειρηνη μπορω υπαρχω αποτελεσματικοσ πολιτικη κλιματικοσ αλλαγη
1,0.953006,Positive,,,,,,γερμανια ποσο κοστιζω κλιματικοσ αλλαγη αναφερω μελετη
1,0.91035765,Positive,,,,,,σταχτοκουλουρασ σημαντικοσ προκληση κρατικοσ προϋπολογισμοσ δημιουργω κλιματικοσ αλλαγη
1,0.885783,Positive,,,,,,γιατι κλιματικοσ κριση αφορω τραπεζα
1,0.7956685,Positive,,,,,,κλιματικοσ αλλαγη λαϊκιστεσ εναντιον πλανητησ κλιμα γινομαι νεοσ μετωπο πολεμοσ
1,0.79528123,Positive,,,,,,ντεμπαι παγκοσμια κλιματικοσ κριση αποτελω υπαρξιακοσ απειλη πλανητησ
1,0.8998201,Positive,,,,,,ελληνιδα φοιτητρια συνηγοροσ κλιματικοσ δικαιοσυνη διασκεψη κλιματικη αλλαγη
1,0.81527674,Positive,,,,,,τυνησια δινω μαχη κλιματικοσ αλλαγη ακτη
1,0.8409872,Positive,,,,,,γερμανια πεκινο αποζημιωνω χωρα πληττω κλιματικοσ αλλαγη
1,0.8755232,Positive,,,,,,κλιματικοσ αλλαγη γουορχολ τελευταιοσ θυμα ακτιβιστησ ιταλια
1,0.9066095,Positive,,,,,,amazon ενεργεια υιοθετω μειωνω αποτυπωμα εκπομπη ανθρακα
1,0.8900857,Positive,,,,,,κλιματικοσ αλλαγη εγκαινιαζω πρωτοσ διαδραστικοσ εκθεση μουσειο γουλανδρη φυσικοσ ιστοριασ
1,0.71364963,Positive,,,,,,κλιματικοσ αλλαγη πανω θανατοσ δυτικη ευρωπη συνδεω καυσωνεσ
1,0.77488905,Positive,,,,,,ενεργειακοσ ασφαλεια σημαντικοτερη κλιματικοσ αλλαγη
1,0.6518209,Positive,,,,,,τουρισμοσ κλιματικοσ αλλαγη αγνωστοσ προβλημα
1,0.83461326,Positive,,,,,,κλιματικοσ αλλαγη ιθαγενησ κιτρινου παγοσ λιωνω εικονα
1,0.8370812,Positive,,,,,,nestle δινω σωνω καφε κλιματικοσ αλλαγη
1,0.8364129,Positive,,,,,,γειτσ κλιματικοσ αλλαγη ανοιχτοι ιδεα φαινω εξωφρενικοσ
1,0.89330536,Positive,,,,,,πανω τρισ κοστιζω κλιματικοσ αλλαγη
1,0.9094744,Positive,,,,,,εκθεση κλιματικοσ αλλαγη επιτεινω ανθρωπιστικοσ κριση
1,0.9089601,Positive,,,,,,ελληνικοσ ερευνα σχεση θαλασσιοι καυσωνασ κλιματικοσ αλλαγη
1,0.92785466,Positive,,,,,,τριαντοπουλοσ σταθερη επιδιωξη συνεχησ βελτιωση νεοσ συνθηκη διαμορφωσει κλιματικοσ κριση
1,0.86035883,Positive,,,,,,επιστημονασ κλιματικοσ αλλαγη ελλαδα υποφερω
1,0.8476356,Positive,,,,,,πολεμοσ ουκρανια πληθωρισμοσ κλιματικοσ αλλαγη συνεβησαν συνεβησαν
1,0.88142395,Positive,,,,,,περιβαλλοντικοσ ημεριδα κλιματικοσ αλλαγη σημερινεσ προκλησεισ blue star ferries
1,0.82142055,Positive,,,,,,ευαγγελοσ μυτιληναιοσ απαραιτητη αλλαγη κλιματικοσ πολιτικη ευρωπη
1,0.81217843,Positive,,,,,,κλιματικοσ αλλαγη προκαλω πρωτοχρονιατικοσ καυσωνασ ευρωπη
1,0.9022656,Positive,,,,,,ερευνα bosch tech compass πιστευω πολυσ τεχνολογια κοντρα κλιματικοσ αλλαγη pics
1,0.8808465,Positive,,,,,,νταβοσ επικεντρο κλιματικοσ αλλαγη αργοι ρυθμοσ απομακρυνση ανθρακασ
1,0.90393144,Positive,,,,,,κλιματικοσ αλλαγη επιπτωση ορισμενοσ καλλιεργεια
1,0.9056409,Positive,,,,,,κροκοσ κοζανησ κλιματικοσ αλλαγη χτυπησε διασημοσ ελληνικοσ αγροτικοσ προϊον pics
1,0.87079996,Positive,,,,,,αγροτικοσ ειδησεισ θεσσαλονικη κλιματικοσ κριση απειλω ελια χαλκιδικησ
1,0.77304053,Positive,,,,,,ντεμπαι ουλα δεσμευθηκαν προστατευζω δημοκρατια αντιμετωπιζω κλιματικοσ αλλαγη
1,0.8717054,Positive,,,,,,κλιματικοσ αλλαγη αυξανονται μειωνω πλαστικοσ χρηση
1,0.8147266,Positive,,,,,,στουρναρησ κλιματικοσ αλλαγη σημαντικοσ απειλη βιωσιμοτητα κοινωνια
1,0.9309229,Positive,,,,,,παρουσιαση μελετη ιωβειο κλιματικοσ αλλαγη ελληνικοσ οικονομια
1,0.92064,Positive,,,,,,αγροτικοσ ειδησεισ κινδυνοσ σαραντα αποδιδω καλλιεργεια πιεση κλιματικοσ αλλαγη
1,0.80134195,Positive,,,,,,δραματικοσ εκκληση κλιματικοσ κριση φερνει βιβλικοσ καταποντισμοσ
1,0.8402227,Positive,,,,,,εδες κατωτερα φιλοδοξιων επιτευγματα παγκοσμιοσ συμμαχια κλιματικοσ αλλαγη
1,0.8703474,Positive,,,,,,κλιματικοσ κριση φαινομενο απειλω ελλαδα περιοχη κινδυνευω
1,0.90057653,Positive,,,,,,αγροτικοσ ειδησεισ γεωργια συμβαλλω κλιματικοσ αλλαγη
1,0.87490237,Positive,,,,,,κλιματικοσ αλλαγη χωρα ευαλωτοσ
1,0.7086488,Positive,,,,,,φταιει κακια στιγμη ανθρωποσ τριτοσ απλα κλιματικοσ αλλαγη
0,0.307565,Negative,,,,,,ζουμε χωρα αποκλειζω χιονι καεασ δασικοσ φωτια φταιει κλιματικοσ αλλαγη
1,0.7468268,Positive,,,,,,κλιματικοσ κριση βροχοπτωσεισ τελοσ αντιμετωπη λειψυδρια ευρωπη
1,0.89403677,Positive,,,,,,γιατι κλιματικοσ αλλαγη αποτελω μεγαλοσ απειλη ανθρωποτητα πινακασ
1,0.7755114,Positive,,,,,,γερμανια ποσα ευρω μπορω κοστισει κλιματικοσ αλλαγη
1,0.78772384,Positive,,,,,,υποστηριξη πολιτησ πολιτικη κλιματικοσ αλλαγη απαραιτητοσ πρασινοσ μεταβαση capitalgr
1,0.78702754,Positive,,,,,,κλιματικοσ αλλαγη μεγαλοσ προβλημα πλανητησ επομενοσ χρονοσ
1,0.85195583,Positive,,,,,,κλιματικοσ αλλαγη φταιει ελιωσαν παγοβουνα
1,0.90575033,Positive,,,,,,ξαναζουμε εκλογικοσ αναμετρηση ατζεντα ακουμε μνημονια πλειστηριασμοσ επιστροφη δρχσ μεταναστευτικοσ ακουμε κλιματικοσ αλλαγη sustainable tourism αναπτυξη γεωργια νεοσ τεχνολογια machine learning κοινωσ παρει σηκωσει
1,0.9088307,Positive,,,,,,κλιματικοσ αλλαγη αυξανομενοσ πληθυσμοσ εντονα καιρικοσ φαινομενο συγκρουση μπορω επηρεαζω σημαντικα γεωργικοσ παραγωγικοτητα αποσταθεροποιωντασ αγορα climatechange foodandbeverageindustry foodcrisisσ
1,0.86131185,Positive,,,,,,κλιματικοσ κριση δειχνω δοντι μεσογειοσ χαρακτηριστικοτερο παραδειγμα ισπανια ταλαιπωρειται προηγουμενου ξηρασια ευρωπαϊκοσ παραγωγη ελαιολαδου κινδυνευω γκρεμιστει peplyhi
1,0.88353354,Positive,,,,,,παραγω φαγητο μελλοντοσ κοστοσ τροφιμων επομενοσ χρονοσ συνεχιζω αυξανω κλιματικοσ αλλαγη υπερπληθυσμοσ αποτελεσμα υπαρχω ολοενα λιγοτερη διαθεσιμοτητα τροφι
