predicted_sentiment,prediction_probability,sentiment_label,positive_texts_count,negative_texts_count,total_texts,positive_percentage,negative_percentage,words_found_ratio,text
0,0.5,Negative,299.0,1375.0,1674.0,17.861409796893668,82.13859020310633,0.35588548518448915,μεταβαλλομενοσ περιβαλλον συγχρονησ εποχη υιοθετηση πρακτικοσ διαχειριση κινδυνων αποτελω μονοδρομοσ βιωσιμοσ αναπτυξη
1,1.0,Positive,,,,,,,καραμανλησ πρασινο συνολο εργοσ υποδομη φιλικοσ περιβαλλον νεοσ λεωφορειο ερχομαι
0,0.5,Negative,,,,,,,μπορω θανοσ πλευρισ αποφευγω διαολοσ λιβανι δημοσιογραφοσ documento ζητω δηλωση ασφαλεσσ περιβαλλον εξασφαλιζω αναρτηση twitter προβλημα τοποθετηθει δημοσιοσ
0,0.0,Negative,,,,,,,αναζητηση βλαβεροσ περιβαλλον αερομεταφορα συνεχιζω ισπανικοσ αεροπορικοσ εταιρεια αναλαμβανω τεραστιοσ προκληση παραγγειλλω νεοσ υβριδικοσ αεροπλοια διεθνοσ
0,0.0,Negative,,,,,,,βασιλησ κιλικια νουμερο προορισμοσ ελλαδα ταξιδιωτησ γαλλια ιταλια υπουργοσ τουρισμου επισημανε παγκοσμιοσ ασταθεσσ περιβαλλον αποτελεσμα υπαρχω αφιξεισ τουριστων χωρα εντυπωσιακοσ
0,0.0,Negative,,,,,,,ελλαδα νουμερο προορισμοσ ταξιδιωτησ γαλλια ιταλια αναφερω υπουργοσ τουρισμου βασιλησ κιλικια μιλω τηλεοπτικοσ σταθμοσ open επισημαινω παγκοσμιοσ ασταθεσσ περιβαλλον εντυπωσιακοσ
0,0.5,Negative,,,,,,,αρθρακι συνοψιζω πενηντα λεξεισ παρανοια παλιου καλοσ καπιταλισμοσ αλατοπιπερο ηθικη υστεροσ καταστρεφεισ περιβαλλον ωφελιμιστικοσ λογοσ λογοσ προστατευσεισ
0,0.5,Negative,,,,,,,ιλλυριασ οικονομια περιβαλλον ειρηνη κανελλοπουλο
1,1.0,Positive,,,,,,,περιβαλλον αντιεπαγγελματικοσ διεξοδοσ συνεντευξη ευθυμιου προειδα πολιτεια
0,0.5,Negative,,,,,,,περιβαλλον μολυνση υδατων
0,0.5,Negative,,,,,,,καρδια εγκαινιαζω παρκο βιοποικιλοτητα χιλιοσ σπανιοσ φυτα διαδημοτικοσ καρδιακησ περιβαλλον
1,1.0,Positive,,,,,,,περνασ τελεια παραλια επιβαρυνεισ περιβαλλον
0,0.0,Negative,,,,,,,ερευνητησ κινεζικησ ακαδημια επιστημα εκαναν σχετικοσ δημοσιευση περιοδικο βιοτεχνολογια nature_biotechnology συμφωνα live_science βιογεωκλιματικα μικροβιακε επιπαγοι περιβαλλον επιστημοσ υπογεια
0,0.0,Negative,,,,,,,σταση κυβερνηση κομμα κατασκευασαν εχθρικοσ περιβαλλον πολιτησ
0,0.5,Negative,,,,,,,λαθοσ ιδανικοσ περιβαλλον παραπανω καταφερναμε μενω ηρωασ πληρωμα χρονοσ εθνοσ
1,1.0,Positive,,,,,,,ιωαννησ βαπτιστησ περιβαλλον βαζεισ αρθρο βλεπεισ μεγαλοσ δημοφιλια
0,0.5,Negative,,,,,,,δραση περιβαλλον κδαπ δημου κιλελερ larissapress
1,1.0,Positive,,,,,,,συνεχιζω επομενοσ δραση περιβαλλον πανεμορφη περιοχη
0,0.0,Negative,,,,,,,σπαθη γενικευμενου πολεμοσ διαμορφωνω ακρωσ ρευστοσ ευμεταβλητοσ περιβαλλον
0,0.0,Negative,,,,,,,αδικημενοσ αλλαντιαση χαλασε εικονα επαιτεια αδυναμια φυσικοσ συγκατοικησ ατομο τετραδιο περιβαλλον ειρωνικοσ σταυρολεξου survivorgr
0,0.0,Negative,,,,,,,τριτη παραιτηση στενοσ περιβαλλον τζονσον παραιτηθηκε αντιπροεδροσ συντηρητικων μπεμ καλαμινο mononews mononewsgr
0,0.0,Negative,,,,,,,κλικ διαβαστε mononewsτριτη παραιτηση στενοσ περιβαλλον τζονσον παραιτηθηκε αντιπροεδροσ συντηρητικων μπεμ αφορω
1,1.0,Positive,,,,,,,γεωργιος πολυμελεστερη ανθρωποσοφια περιβαλλον ελληνων πολιτεια
0,0.0,Negative,,,,,,,πυροσβεστικοσ δυναμη περιορισαν φωτια περιοχη ζωγραφου αθηνα πυροσβεστικοσ φωτια οικολογιακλιματικηαλλαγη περιβαλλον
1,1.0,Positive,,,,,,,ανθρωποσοφια περιβαλλον ελληνων πολιτεια
0,0.0,Negative,,,,,,,αφορμη αναληψη νεοσ καθηκοντων εισαγγελεασ αρειου παγου ισιδωροσ ρογιατικοσ δηλωση αναφερω αναλαμβανω διευθυνση εισαγγελια αρειου παγου δυσκολοσ πλευρα περιβαλλον
0,0.0,Negative,,,,,,,τονιστει εκδηλωνω εισβολη αττιλα αξιωματικοσ ανδρεσ δικυκλε εχθρικοσ περισπω
0,0.0,Negative,,,,,,,ισιδωροσ ρογιατικοσ αναλαμβανω δυσκολοσ πλευρα περιβαλλον ισιδωροσ_ντογιακοσ καλλιπαρειοσ καθηκον
0,0.0,Negative,,,,,,,ισιδωροσ ρογιατικοσ αναλαμβανω δυσκολοσ πλευρα περιβαλλον ισιδωροσ_ντογιακοσ καλλιπαρειοσ καθηκον
0,0.0,Negative,,,,,,,κλικ διαβαστε iefimerida ρογιατικοσ αναλαμβανω δυσκολοσ πλευρα περιβαλλον θεσμοσ δικαιοσυνη ακαταλυτα
0,0.0,Negative,,,,,,,αφορμη αναληψη νεοσ καθηκοντων εισαγγελεασ αρειου παγου ισιδωροσ ρογιατικοσ δηλωση αναφερω αναλαμβανω διευθυνση εισαγγελια αρειου παγου δυσκολοσ πλευρα περιβαλλον προσθετω
0,0.0,Negative,,,,,,,αρειοσ παγοσ ρογιατικοσ αναλαμβανω δυσκολοσ πλευρα περιβαλλον
0,0.0,Negative,,,,,,,εισαγγελεασ ισιδωροσ ρογιατικοσ αναλαμβανω δυσκολοσ πλευρα περιβαλλον
0,0.0,Negative,,,,,,,ακροκεφαλοσ τοξικοσ ειδοσ ψαριο απειλω αλιεια θαλασσιοσ περιβαλλον αιγαιοσ δημοκρατικοσ ροδοσ δωδεκανησα
0,0.5,Negative,,,,,,,σαχινη επεσπευδαν επενδυσεισ ευρω εργο περιβαλλον κοινωνια businessnewsgr
0,0.5,Negative,,,,,,,χαρησ σαχινη επεσπευδαν επενδυσεισ εργο περιβαλλον κοινωνια mononews mononewsgr
0,0.0,Negative,,,,,,,enewsletter επιφοβε εντονη δραστηριοτητα ενεργειακοσ τουριστικοσ τομεασ πληθωριστικοσ περιβαλλον
0,0.5,Negative,,,,,,,σαχινη επενδυσεισ ευδια εργο περιβαλλον κοινωνια
1,1.0,Positive,,,,,,,σεβασμοσ περιβαλλον εδρασ εμφανιση αστερα νεοσ σεζον
0,0.0,Negative,,,,,,,ασθενεασ διεκδικω δικαιο πολιτικοσ βιωσιμοσ συστημα υγεια δειχνω μελετη phssr
0,0.5,Negative,,,,,,,πυρινη λαιλαπα συνεχιζω φωτια αγιοσ θεοδωροσ συναλλαγματικοσ φωτια οικολογιακλιματικηαλλαγη περιβαλλον
0,0.0,Negative,,,,,,,διατροφη προλαμβανω προωροσ θανατοσ σωζω περιβαλλον
0,0.0,Negative,,,,,,,κλικ διαβαστε newsitχαρησ σαχινη ευδαιμων economist επενδυσεισ διευρυνθω εργο περιβαλλον κοινωνια
0,0.5,Negative,,,,,,,επενδυσεισ ευδια εργο περιβαλλον κοινωνια
0,0.5,Negative,,,,,,,βασιλικη αγιοσ λεωνιδησ λιμανι λαχειου περιβαλλον πελοποννησιακοσ πρακτορειο ειδησεων
1,1.0,Positive,,,,,,,dubrovnik forum ιδιαιτερα ενδιαφερων διασταση περιβαλλοντικοσ διασταση προσπαθεια προστατευζω περιβαλλον ιδιαιτερα μεσογειοσ θαλασσα περιβαλλει θαλασσα αποτελω ιδιαιτερο χαρακτηριστικοσ
0,0.0,Negative,,,,,,,πραγματικοσ περιβαλλον αναμενω προσφερω γνωση ελληνασ φοιτητησ πλαισιο ευρωπαϊκοσ εργο παρει σαρκα οστα περιοχη αγραφοσ περιφερειακοσ ενοτητα καρδιτσασ
0,0.5,Negative,,,,,,,εξαντλημενοσ πληρησ επαφη περιβαλλον περιπετεια θαλασσα διχρονοσ βορειοσ μακεδονια παρασυρνω απογευμα κυμα ποσειδιο χαλκιδικησ
0,0.0,Negative,,,,,,,μαρουσι σημαντικοσ καταγγελια παρανομοσ κοπη δεντρο συγκαλυψη αρχη μαρουσιουσ περιβαλλον οικολογικοσ δεντρο πρασινωπου καταγγελια mynewsgr
0,0.5,Negative,,,,,,,εξαντλημενοσ πληρησ επαφη περιβαλλον περιπετεια θαλασσα διχρονοσ βορειοσ μακεδονια παρασυρνω απογευμα κυμα ποσειδιο χαλκιδικησ
0,0.0,Negative,,,,,,,πρασινο ξεφτιλισμα ρασπουτιν δυτικοι κανω θορυβοσ περιβαλλον καινε ανθρακασ
0,0.0,Negative,,,,,,,κλικ διαβαστε προανακρουσματα γονορροϊκοσ περιβαλλον προεδροσ δημοκρατια ανεβληθη επισκεψη βιεννη
0,0.0,Negative,,,,,,,απολογιστικοσ στοιχειο φετινοσ σχολικοσ χρονια δημοσιοποιησε κεντρο εκπαιδευσησ περιβαλλον εφορια αποσκεπε βασου
1,1.0,Positive,,,,,,,δεντρο θαμνοσ χλοοταπητασ αποδεικνυω αυτοκινητοδρομοσ συνυπαρχω απολυτοσ αρμονια περιβαλλον
1,1.0,Positive,,,,,,,premia properties εταιρια καλυσ εργασιακοσ περιβαλλον businessnewsgr
0,0.0,Negative,,,,,,,σπανιοσ χρυσο τσακαλι εμφανιστηκε λιμνη καρλα αρθραρα λαρισαιο λιμαριστηκαν περιβαλλον
0,0.5,Negative,,,,,,,νεοσ βιωσιμοσ μοντελο αγορα public
0,0.5,Negative,,,,,,,τελευταιοσ χρονοσ ραγδαιοσ τεχνολογικοσ αναπτυξη διαμορφωσει διαφορετικοσ επιχειρηματικοσ περιβαλλον γνωριζαμε
0,0.5,Negative,,,,,,,google προγραμμα ευρω χρηματοδοτηση πρασινων προτζεκτ διαδικτυο περιβαλλον
0,0.5,Negative,,,,,,,νεοσ βιωσιμοσ μοντελο αγορα public
0,0.5,Negative,,,,,,,απαραδεκτο νομοσχεδιο περιβαλλον πελοποννησιακοσ πρακτορειο ειδησεων
1,1.0,Positive,,,,,,,σπαη εθελοντικοσ ποτισμα πεντελικοσ συνεργασια μπορω περιβαλλον
0,0.0,Negative,,,,,,,υπουργειο βγαζω προσχηματικοσ διαβουλευση απαραδεκτοσ νομοσχεδιο περιβαλλον
0,0.0,Negative,,,,,,,αβρακωτησσ συνεχιζω περιβαλλοντικοσ εγκληματα κυβερνηση απειλωντασ προστατευομενοσ περιοχη φαρμακησ συγυριζα σερρεσ περιβαλλον serres
0,0.5,Negative,,,,,,,μεγαλοσ βαθοσ σκαψει αρησ βρει πιθανοσ ιχνοσ αποφαινομαι ειδικοι λογοσ αρειανη επιφανεια βομβαρδιζω ανηλεωσ κοσμικοσ ακτινοβολια αμετρητοσ χρονοσ δημιουργωντασ περιβαλλον
0,0.0,Negative,,,,,,,ρεθυμνο γεωπονικου ψηλορειτη ανεξελεγκτοσ ριψη σκουπιδιων περιβαλλον
0,0.5,Negative,,,,,,,νεοσ βραβειο διακριση περιβαλλων απεσπασε δημοσ ιλιου
0,0.5,Negative,,,,,,,οικονομου εθνικοσ πολιτικοσ δημιουργω περιβαλλον ενεργειακοσ σταθεροτητα mononews mononewsgr
0,0.0,Negative,,,,,,,πρωτοποροσ δημοσ βισαλτια προληψη εγκαιροσ αντιμετωπιση επιπτωση κλιματικοσ αλλαγη εγκατασταση συστηματοσ active weather δημοσ_βισαλτιασ συναλλαγματικοσ περιβαλλον serres
0,0.5,Negative,,,,,,,οικονομου πολιτικη ακολουθω δημιουργω περιβαλλον ενεργειακοσ moneypress
0,0.5,Negative,,,,,,,οικονομου πολιτικη ακολουθω δημιουργω περιβαλλον ενεργειακοσ moneypress
0,0.5,Negative,,,,,,,οικονομου εθνικοσ πολιτικοσ δημιουργω περιβαλλον ενεργειακοσ σταθεροτητα
0,0.5,Negative,,,,,,,εθνικοσ πολιτικοσ δημιουργω περιβαλλον ενεργειακοσ σταθεροτητα
0,0.5,Negative,,,,,,,κιλικια αναφερω μεγαλοσ στοχοσ επιμηκυνση τουριστικοσ περιοδοσ δωδεκα μηνασ χρονοσ προαναγγελλω επομενοσ καμπανια βιωσιμοσ τουρισμοσ αποτελω επισημανε νεοσ ισχυροσ ταση τουριστικοσ
1,1.0,Positive,,,,,,,προσφερω μεγαλοσ ευχαριστηση καλοκαιρινοσ διακοπη αρχιζω παρουσιαζω κλιμακωτα φαγητον οικιστικοσ περιβαλλοντασ πολιτιστικα ειδοσ μουσειο χωροσ μαγνητοχημεια εκδηλωση παραλια
0,0.5,Negative,,,,,,,οικονομου εθνικοσ πολιτικοσ δημιουργω περιβαλλον ενεργειακοσ σταθεροτητα
0,0.0,Negative,,,,,,,καθηλωμενοσ χρονοσ επαφη περιβαλλον διχω τελοσ γολγοθασ αχρονοσ μαθητησ χτυπημα κεραυνου
1,1.0,Positive,,,,,,,κιλκισ εντοπιστηκε νεοσ ειδοσ φυτοσ πρωτοσ φορα γουμενισσα αρθραρα κιλκις νεοειδος περιβαλλον φυτου
0,0.0,Negative,,,,,,,τσιπασ παρεμβαση δυσβασταχτοσ διδακτρο μεταπτυχιακοσ ζειτε περιβαλλον απασχολω θεμα σπουδων
0,0.0,Negative,,,,,,,οικονομικοσ κριση συμβαινω φορα οδηγω υφεση τρεχονσ χαοτικοσ επενδυτικοσ περιβαλλον πολυσ ανθρωποσ
0,0.5,Negative,,,,,,,ταμπουρα εθνομουσικολογοσ μπλοκαρω εργο αντιπυρικοσ προστασια σειχσου δασαρχειο περιβαλλον περιελιξη πυροσβεστικοσ
0,0.5,Negative,,,,,,,πυρκαγιεσ αποχαιρετω πολιτιστικοσ αρχαιολογικοσ τουριστικοσ κληρονομια δασικοσ γεωργικοσ αστικοσ περιβαλλον http
0,0.5,Negative,,,,,,,blackrock λιωνω χειροτερο μακροοικονομικοσ περιβαλλον τελευταιοσ δεκαετια
0,0.5,Negative,,,,,,,blackrock επενδυτικο περιβαλλον χειροτερη κατασταση τελευταιοσ δεκαετια
0,0.5,Negative,,,,,,,blackrock επενδυτικο περιβαλλον χειροτερη κατασταση τελευταιοσ δεκαετια
1,1.0,Positive,,,,,,,βασικοσ χαρακτηριστικοσ συστηματοσ δημοσιοσ υγεια ανταποκρινομαι αναγκη πολιτησ βιωσιμοσ λειτουργω παραλληλα ευελιξια συνδεσιμοτητα περιεγραψε αναπληρωτρια υπουργοσ υγεια μινα γκαγκαρε μιλω
1,1.0,Positive,,,,,,,βασικοσ χαρακτηριστικοσ συστηματοσ δημοσιοσ υγεια ανταποκρινομαι αναγκη πολιτησ βιωσιμοσ λειτουργω παραλληλα ευελιξια συνδεσιμοτητα περιεγραψε αναπληρωτρια υπουργοσ υγεια μινα γκαγκαρε μιλω
1,1.0,Positive,,,,,,,εργα συνδιαλεγω τοπικοσ φυσικοσ υλικα παραλληλοσ μουσικοσ εκδηλωση ξεναγησεισ τονιζω μεγαλοσ ανθρωπινη κληρονομια απολεμεσ περιβαλλον
0,0.5,Negative,,,,,,,νεοσ βραβειο διακριση περιβαλλων απεσπασε δημοσ ιλιου δημοσιολογοσ
1,1.0,Positive,,,,,,,αγρυπνοσ φρουροσ πολιτησ περιβαλλον αποτελω νεοσ υπερσυγχρονο οπλο διαρκησ επιτηρηση δυνατοτητα αμεσησ ενεργοποιηση μηχανισμοσ πολιτικησ προστασια παραστει αναγκη εθεσε λειτουργια προσεχεσ
0,0.5,Negative,,,,,,,δημοσ νεαπολησ συσκευων γενικη σαρωση δημοτικοσ αλσοσ πευκων δημοσνεαπολησσυκεων θεσσαλονικη περιβαλλον θεσσαλονικη κοινωνια
1,1.0,Positive,,,,,,,δουλευω συνεργατικα αποφασιστικοτητα μπορω διαφυλαξουμε περιβαλλον κοινωνια οικονομια επιτακτικοσ αναγκη διασφαλιζω καλυσ μελλον
0,0.5,Negative,,,,,,,εχασε αισθησεισ οδηγω λαρισα επαφη περιβαλλον
1,1.0,Positive,,,,,,,νεοσ ρεκορ μελοσ πλοιο εταιρεια ναυτικοσ helmepa στοχοσ συνεχιζω προστωο
0,0.5,Negative,,,,,,,sustainability forum global sustainη αμεση συνδεση επιχειρηματικοτητα κοινωνια περιβαλλον αναπτυσσω
0,0.5,Negative,,,,,,,running time παγκοσμια διοργανωση στοχοσ γνωση περιβαλλον
0,0.0,Negative,,,,,,,λεγω αρκουδακι αγρια video αρκουδα ανυπαρκτοσ περιβαλλον
0,0.0,Negative,,,,,,,πολυσ ανθρωποσ εξαρτωνται κλιματιστικοσ καταναλωνω μεγαλοσ ποσοτητα ηλεκτρικοσ ενεργεια δροσια παρεχω προκαλω φαυλο κυκλοσ κλιματισμοσ καυσωνασ περιβαλλον
0,0.5,Negative,,,,,,,ελληνασ πανεπιστημονοσ χαρτογραφησε ανθρωπινοσ εγκεφαλοσ ζητω εισακουστει επιστημη περιβαλλον
0,0.0,Negative,,,,,,,γιατι λενε φωτια κρητη κουρασε κατασταση αντε καψω ησυχασουμε ερθουμε επενδυσεισ γινουμε πλουσιοσ εξαλλου περιβαλλον σωνω χαρτινοσ καλαμακι καφε πανε
0,0.5,Negative,,,,,,,παργινοσ επιστημονασ χαρτογραφησε ανθρωπινοσ εγκεφαλοσ εισακουστει επιστημη περιβαλλον γινομαι πανδημια
0,0.0,Negative,,,,,,,μεγαρα φωτια απειλω κατοικημενοσ περιοχη featured featured_top trend μεγαρα πυροσβεστικοσ φωτια περιβαλλον
0,0.5,Negative,,,,,,,καυσωνασ διαρκεια πυρκαγιεσ συναλλαγματικοσ σημα κινδυνου ειδικοσ νεοσ πραγματικοτητα
0,0.0,Negative,,,,,,,ζαρκαδισ τεσσαρων μηνασ εσωσε αρτουρο ανυπαρκτοσ ζαρκαδιων οιφιλοιμασταζωα περιβαλλον
1,1.0,Positive,,,,,,,μεταγραφικη βομβα νταβιντ μυλοσ σουπερ στοπερ κροατησ στελνω ελλαδα ελεγε ατζεντησ περιβαλλον aekfc vida
0,0.0,Negative,,,,,,,δηλωση γιαννησ γκιονα πυρκαγιεσ κατσικογιαννησ πυρκαγιεσ ελλαδα περιβαλλον πολιτικοποιησεισ
1,1.0,Positive,,,,,,,μεγαλοσ φωτια λεσβο εκκενωνω οικισμοσ λεσβοσ πυρκαγια ελλαδα περιβαλλον περιφερεια
0,0.0,Negative,,,,,,,δηλωση γιαννησ γκιονα πυρκαγιεσ κατσικογιαννησ πυρκαγιεσ ελλαδα περιβαλλον πολιτικοποιησεισ
0,0.0,Negative,,,,,,,bentley πλαστικοσ περιβαλλον mononews mononewsgr
0,0.0,Negative,,,,,,,καλλιεργητησ χασισ υποπτοσ πυρκαγια σειχ δασοστουσειχσου πυρκαγια κοινωνια περιβαλλον
0,0.5,Negative,,,,,,,αλιανθοσ παρεξηγημενοσ δεντρο ισχυρα πλεονεκτημα περιβαλλον
0,0.0,Negative,,,,,,,πεντε τροποσ επιβιωσετε τοξικοσ εργασιακοσ περιβαλλον
0,0.0,Negative,,,,,,,πεντε τροποσ επιβιωσετε τοξικοσ εργασιακοσ περιβαλλον
0,0.5,Negative,,,,,,,γεωργιος πολυμελεστερη επιρροη πλαστικοι περιβαλλον
1,1.0,Positive,,,,,,,δραση παρακτιου υποβρυχιοσ καθαρισμοσ βυθου neptune hotels διαδιδω εθελοντισμοσ αγαπη περιβαλλον
0,0.0,Negative,,,,,,,επιτροπη πρεβεζα ιστορια πολιτισμοσ περιβαλλον σταθουν ανδρουτσου
0,0.0,Negative,,,,,,,κλικ διαβαστε mononewsποσειδωνια κορυφαια επιτευγματα κοινωνια οικονομια υγεια περιβαλλον
0,0.5,Negative,,,,,,,ολοκληρωνω συναντηση εργασια ενεργειακοσ μεταβαση δημου θερμησ κλιματικοσ ουδετεροτητα ενεργειακων κλιματικη περιβαλλον
0,0.0,Negative,,,,,,,δημοκρατια τιθενται σκληρα διλημματα δυσκολοσ επιλογη αβεβαιοσ απειλητικοσ διεθνησ περιβαλλον κρισιμοσ συνθηκη προεχω ενοτητα αναζητηση συναινεσεων συγκλιση
0,0.0,Negative,,,,,,,υψηλοσ κινδυνοσ πυρκαγιασ αττικησ στερεα ελλαδα αττικοσ περιφερειαστερεασελλαδοσ περιβαλλον
0,0.0,Negative,,,,,,,σαουδικοσ αραβια μετατρεπω ερημοσ οαση καλλιεργησιμου εδαφουσ βιντεο αεργα κακοσμο περιβαλλον
0,0.5,Negative,,,,,,,εστειλε μηνυμα ελευθερια προσφερω επαφη φυσικοσ περιβαλλον znews ανευρεση αναυδοσ
0,0.0,Negative,,,,,,,θανασησ καραΐσκακη ναυαγιο δρομοσ διαφυγη γινομαι νομιμα λογικοσ κοστοσ συναδω περιβαλλον περιοχη
0,0.5,Negative,,,,,,,ποσειδωνια δειχνω δρομοσ βιωσιμοτητα πρωτοβουλια κοινωνια οικονομια υγεια περιβαλλον
0,0.5,Negative,,,,,,,επιμελητηριο κεφαλληνιασ ιθακησ καρδια χτυπω περιβαλλον
0,0.0,Negative,,,,,,,υπουργοσ γεωργια αγροτικησ αναπτυξη περιβαλλον κυπριακοσ δημοκρατια κωστασ καδησ γραφω
0,0.0,Negative,,,,,,,ερευνα ευνοϊκο σεξουαλικοσ παρενοχληση εργασιακοσ περιβαλλον δημοσιο
0,0.0,Negative,,,,,,,εργασιακοσ περιβαλλον δημοσιοσ ευνοει σεξουαλικοσ παρενοχληση
0,0.0,Negative,,,,,,,εργασιακοσ περιβαλλον δημοσιοσ ευνοει σεξουαλικοσ παρενοχληση survivorgr greece πανδημιων πολεμοσ_στην_ουκρανια πολιτικαντη
0,0.0,Negative,,,,,,,ερευνα αδεια ευνοϊκο σεξουαλικοσ παρενοχληση εργασιακοσ περιβαλλον δημοσιοσ
1,1.0,Positive,,,,,,,ευκαιρια τελετη παραδοση αρχειακοσ υλικοσ δημητριου παστιτσιου χαρα καλωσορισω υπουργοσ
0,0.0,Negative,,,,,,,ελληνασ καταναλωτησ ανησυχοσ νεοσ αγοραστικοσ συνηθεια αβεβαιοσ περιβαλλον
0,0.5,Negative,,,,,,,δημητριαδησ ιγνατιοσ καταστρεψαμε περιβαλλον στρεψαμε φυση
0,0.0,Negative,,,,,,,ερευνα ευνοϊκο σεξουαλικοσ παρενοχληση εργασιακοσ περιβαλλον δημοσιοσ
0,0.0,Negative,,,,,,,ενθρονισουν αντιχριστο χαιρει φυση μενω κλαδακι ορθιοσ προετοιμαζουν αναλογοσ τεχνοκρατικοσ περιβαλλον υπηρετω γιατι σωνω πολυσ βουνο ξερετε
0,0.0,Negative,,,,,,,χαλκιδικη φωτια διακονικου σιθωνια φωτια αρκουδια κοινωνια σλαβομακεδονια περιβαλλον
0,0.0,Negative,,,,,,,καλλιεργεια ανησυχια προκαλω εμφανιση πολυφαγου λεπιδοπτερο loxostege sticticalis
0,0.0,Negative,,,,,,,εργασιακοσ περιβαλλον δημοσιοσ ευνοει σεξουαλικοσ παρενοχληση moneypress
0,0.0,Negative,,,,,,,εργασιακοσ περιβαλλον δημοσιοσ ευνοει σεξουαλικοσ παρενοχληση moneypress
1,1.0,Positive,,,,,,,μαξιμοσ χρηστοσ ζεστοτερε σεβασμοσ περιβαλλον απαντηση κλιματικοσ κριση tirnavospress
1,1.0,Positive,,,,,,,καλλασ αμαυρασ αρραβωνισα προστατεψετε περιβαλλον δημοσιοσ υγεια πλαταμωνα ευροσ περιοχη tirnavospress
0,0.5,Negative,,,,,,,βλεπω εφευρετησ κυβου θρουμπι εξελιξη περιβαλλον gaming
1,1.0,Positive,,,,,,,καλλασ αμαυρασ αρραβωνισα προστατεψετε περιβαλλον δημοσιοσ υγεια πλαταμωνα ευροσ περιοχη
1,1.0,Positive,,,,,,,μιχαλακοπουλοσ ζεστοτερε σεβασμοσ περιβαλλον απαντηση κλιματικοσ κριση larissapress
1,1.0,Positive,,,,,,,καλλασ αμαυρασ αρραβωνισα προστατεψετε περιβαλλον δημοσιοσ υγεια πλαταμωνα ευροσ περιοχη larissapress
0,0.5,Negative,,,,,,,χαραλαμπος χαριτοπουλοσ καλοκαιρι περιβαλλον πυρκαγια
0,0.0,Negative,,,,,,,βουλη ψηφιζω πολυνομοσχεδιο περιβαλλον καταψηφιζει αντιπολιτευση
0,0.0,Negative,,,,,,,βουλη ψηφιζω ολομελεια πολυνομοσχεδιο περιβαλλον καταψηφιζει αντιπολιτευση
0,0.0,Negative,,,,,,,θεσσαλονικη εγρηγορση καλω εισαγγελεασ βρισκω αστυνομικοσ αρχη αποτραπουν πυρκαγιεσ εμπρησμοσ μεσω περιοδοσ θερουσ καταστροφικοσ συνεπεια ανθρωπινοσ παραγοντασ περιβαλλον
0,0.5,Negative,,,,,,,alpha services holdings σχεδιο δραση βιωσιμοσ μελλον απολογισμοσ βιωσιμησ αναπτυξη
0,0.0,Negative,,,,,,,βουλη ψηφιστηκε περιβαλλοντικοσ νοσων αποσυρθηκαν διαταξη περιοχη natura βουλη νομοσχεδιο περιβαλλον natura
0,0.5,Negative,,,,,,,alpha services holdings σχεδιο δραση βιωσιμοσ μελλον απολογισμοσ βιωσιμησ αναπτυξη
0,0.5,Negative,,,,,,,μπιλ γειτσ θελω συμβαλλω καλυτερευση συνθηκη επικρατω περιβαλλον επενδυσε εκατομμυριο δολαριο κλιματιστικα καινε ρευμα hernewsgr
0,0.0,Negative,,,,,,,θεσσαλια υδροφοροσ οριζοντασ μολυσμενοσ φυτοφαρμακα σπιτι καρκινοσ
1,1.0,Positive,,,,,,,στηριξη βαγενα πρωτοβουλια κοκκαλησ εγκατασταση φωτοβολταϊκων θιγομαι περιβαλλον larissapress
0,0.5,Negative,,,,,,,βουνο φρουρουμε τραπεζα κοσμοσ κρυβω τελευταιοσ ελπιδα ανθρωποτητα κακοσμο περιβαλλον εμφυτα
0,0.0,Negative,,,,,,,πωλησεισ σημειωνω ρεκορ δεκαετια ανησυχια επιβαρυμενο οικονομικοσ περιβαλλον εξαιτιασ πληθωριστικοσ πιεσεων ανατιμησεων βασικοσ συμπερασμα ετησιοσ εκθεση υδατοκαλλιεργειασ εκδοθηκε
0,0.0,Negative,,,,,,,πεντε τροποσ επιβιωσετε τοξικοσ εργασιακοσ περιβαλλον thessaloniki theopi
0,0.5,Negative,,,,,,,μπορω διπλοσ δραση ποτισματοσ πεντελη παρασκευη αυγουστου
1,1.0,Positive,,,,,,,ενωση ελληνασ εφοπλιστων ελληνασ εφοπλιστησ ναυπηγουν πλοιο φιλικα περιβαλλον mononews mononewsgr
1,1.0,Positive,,,,,,,δημοσ παιανια νεοσ καδοσ απορριμματων ανακυκλωση δημαδησ προστατευουμε κατοικοσ περιβαλλον αυτοδιοικηση δημοσιοποιω απορριμματοφορων
0,0.0,Negative,,,,,,,οργη κινα προκαλω αποβαση πελελο ταϊβαν κρισιμο τεστ περιβαλλον διεθνοσ γεωπολιτικοσ απειλη
0,0.0,Negative,,,,,,,κλικ διαβαστε newsbombαειφορια τρεισ αξονεσ δραση henkel περιβαλλον
0,0.5,Negative,,,,,,,γραψει πολυσ αρθρο τοξικοσ ανθρωποσ αλλωστε ανθρωποσ επαγγελματικοσ περιβαλλον προσωπικοσ valuenewsgr valuenews greecenews news
0,0.5,Negative,,,,,,,ευβοια φωτο αφιερωμενη εξαιρετικα σκουπιδι χαμογελιασ θεωρω καταστροφη
0,0.5,Negative,,,,,,,εκμεταλλευομενοι ασταθεσσ διεθνησ περιβαλλον τουρκοσ ασφαλισαν πληρωσ τουρκικοσ
0,0.0,Negative,,,,,,,ολλανδια κυβερνηση κηρυσσω κατασταση λειψυδρια ξηρασια βροχη κυβερνηση λειψυδρια ξηρασια ολλανδια περιβαλλον
0,0.0,Negative,,,,,,,κλικ διαβαστε skaivideoενα γραμμα βιενη ταινια περιβαλλον σενεγαλη μηνυματα ελλαδα
0,0.5,Negative,,,,,,,ταινια θαλασσιοσ περιβαλλον σενεγαλη κουβαλαει μηνυματα ελλαδα
0,0.5,Negative,,,,,,,θορυβοσ οχημα επηρεαζω υγεια ερευνησανε περιβαλλον
0,0.0,Negative,,,,,,,κλιμα περιβαλλον καιροσ ελαιολαδα meteo news πυρκαγια
0,0.5,Negative,,,,,,,νησι φιτζι βυθιζω κατοικοσ εγκαταλειπω χωριο βιντεο νησια_φιτζι κλιματιστικοσ https
0,0.5,Negative,,,,,,,νησι φιτζι βυθιζω κατοικοσ εγκαταλειπω χωριο βιντεο νησια_φιτζι κλιματιστικοσ https
0,0.0,Negative,,,,,,,καστορια παραβιωτικη αρκουδα μεταφερνω περιοχη επεστρεψε τοποσ εγκληματοσ αρθραρα αρκουδιαρα καστορια περιβαλλον
0,0.0,Negative,,,,,,,συνηθησ πρακτικοσ επιστρεφω νεοσ περιβαλλον γνωριζω ορισμενοσ χρονικοσ διαστημα βιοτοποσ δηλωνω διευθυντησ περιβαλλοντικοσ οργανωση καλλιστω σπυροσ ψαροπουλασ
0,0.0,Negative,,,,,,,ειδοσ προσφυγια απασχολω εντονα προσεχη χρονοσ znews εγκλιματισμενη περιβαλλον προσφυγοπουλεσ
0,0.5,Negative,,,,,,,ερευνητικοσ εργο πλαισιο υλοποιω δραση παρεχω νεοσ γνωση στοιχειο αφορω βιοτικοσ αβιοτικο περιβαλλον νησι οικοσυστημα εξελιξη οριοθετηση
0,0.0,Negative,,,,,,,κουτσουμπουσ σκανδαλο παρακολουθησεων φερνω επιφανεια σκοτεινοσ περιβαλλον συσταση εξεταστικοσ
0,0.0,Negative,,,,,,,δημητρησ κουτσουμπουσ σκανδαλο παρακολουθησεων φερνω επιφανεια σκοτεινοσ περιβαλλον διατρητο θεσμικοσ πλαισιο
0,0.0,Negative,,,,,,,οικολογικη πρωτοβουλια χανιων κανω λογοσ φουτουριστικοσ φρενιτιδα στελνω χιλιαδα τουριστησ συγκεκριμενοσ ακτη προωθω ανεξελεγκτοσ καταστροφικοσ περιβαλλον παρεμβασεισ προστατευομενοσ περιοχη αφαλατωσαν λαγονησισ
0,0.0,Negative,,,,,,,σκανδαλο παρακολουθησεων φερνω επιφανεια σκοτεινοσ περιβαλλον διατρητο θεσμικοσ πλαισιο συμφωνω
0,0.0,Negative,,,,,,,σκανδαλο παρακολουθησεων φερνω επιφανεια σκοτεινοσ περιβαλλον διατρητο θεσμικοσ πλαισιο
0,0.5,Negative,,,,,,,ανακυκλωνομασταν συσκευη επιχορηγω νοικοκυρια αντικατασταση παλαιων ηλεκτρικοσ συσκευων νεοσ φιλικοσ περιβαλλον ενεργειακοσ αποδοτικοσ κυβερνηση αλλαξε ονομα ανακυκλωμενων αλλαζω συσκευη
0,0.5,Negative,,,,,,,κινα ταχυτερη αυξηση θερμοκρασια κλιματικοσ αλλαγη σχεση παγκοσμιοσ μεσοσ οροσ κλιματικη περιβαλλον
0,0.0,Negative,,,,,,,πιλοτικοσ δραση εργο δημοσ ιωαννιτων κλιμα περιβαλλον
0,0.0,Negative,,,,,,,προβλεψεισ διατυπωνω δημοσιοποιηση σχεδιο jetzero βρετανικοσ κυβερνηση αντιμετωπιση αντικτυπου αερομεταφορα περιβαλλον σχεδιο δεχομαι ευρειοσ κριτικη θεωρω αναποτελεσματικοσ
0,0.0,Negative,,,,,,,ζακυνθοσ σκουπιδοτοποσ ναυαγιον δειτε φωτογραφια αρθραρα ζακυνθινη ναυαγισμενο περιβαλλον σκουπιδι
0,0.5,Negative,,,,,,,ντυσιμο βιβλιο διαφανεσσ πλαστικοσ αχρειαστοσ προστασια επιβαρυνω περιβαλλον vegan times
0,0.0,Negative,,,,,,,εννοειται σκουπιδι ιστορια πολιτισμοσ πουλανε ατραξιον επιστρεφω σκουπιδι περιβαλλον
0,0.0,Negative,,,,,,,σαμοθρακησ υφεση πυρκαγια ξεσπασε πρωινοσ featured trend πυρκαγια σαμοθρακη ελλαδα περιβαλλον
0,0.0,Negative,,,,,,,εξελιξη φωτια δασικοσ εκταση σαμοθρακη σαμοθρακη φωτια περιβαλλον
0,0.0,Negative,,,,,,,ασφαλεσ περιβαλλον δωρεαν νομικοσ βοηθεια διχρονη απειλησε κατσαβιδι συντροφοσ συμβολο γιωργοσβελισιωτης ενδοοικογενειακοσ κατσαβιδια
0,0.0,Negative,,,,,,,νικητασ σπινοσ επιτροπη υπευθυνοσ περιβαλλον καθαριοτητα ναυαγιο
0,0.0,Negative,,,,,,,πετρελαιοκηλιδα κολποσ μεξικο συνεχιζω μολυνω περιβαλλον λενε επιστημονασ
1,1.0,Positive,,,,,,,γραμμενη οξια ναυπακτια αδολοι μπουκαρουμε περιβαλλον
0,0.5,Negative,,,,,,,ναξοσ δημητρια τελικοσ πρεφασ διαλεξησ περιβαλλον
0,0.0,Negative,,,,,,,σκαμπαρδωνησ ενδοοικογενειακοσ απαιτω οργανωμενοσ σχεδιο εξοδου γυναικα τοξικοσ περιβαλλον video
0,0.0,Negative,,,,,,,πρωτοσ στιγμη δραστησ αναζητηθηκε περιβαλλον γυναικα προσηχθη ανδρασ ετοσ πρωην συζυγοσ γυναικα συνεχεια συνεληφθη συμφωνα πληροφορια αγορασε ακου φορτε υδροχλωρικοσ
0,0.5,Negative,,,,,,,νεοσ αναδιπλουμενοσ samsung galaxy smartphones ανοιγω δρομοσ βιωσιμοσ μελλον παρεχο ευελικτοσ εμπειρια κινητοσ
0,0.5,Negative,,,,,,,μαινω φωτια θασο ενισχυονται πυροσβεστικοσ δυναμη video ατιθασο πυροσβεστικοσ φωτια περιβαλλον
0,0.0,Negative,,,,,,,υγιεινοσ διατροφη ωφελω πλανητησ ημιδιατροφη περιβαλλον
0,0.0,Negative,,,,,,,ιλλυριασ προσχημα περιβαλλον αστοχο εξαθλιωση πολιτη ειρηνη κανελλοπουλο
0,0.0,Negative,,,,,,,ιλλυριασ προσχημα περιβαλλον αστοχο εξαθλιωση πολιτη ειρηνη κανελλοπουλο
1,1.0,Positive,,,,,,,αρκουδα μωρα βολταρω παραλιμνιοσ σημειο πολη καστορια αγριλισια αρκουδα περιβαλλον
0,0.5,Negative,,,,,,,γεμισε νεκροσ ψαρια ποταμοσ διαρρεω πολωνια γερμανια μεγαλοσ ανησυχια ευρωπαιε καταστροφευσ κακοσμο περιβαλλον
0,0.0,Negative,,,,,,,πεντε τροποσ επιβιωσετε τοξικοσ εργασιακοσ περιβαλλον
0,0.0,Negative,,,,,,,πρωτοφανησ ξηρασια εεεα χιλιαδα νεκρα ψαρια ποταμοσ τονερ video φωτο γερμανια ευρωπη ξηρασια περιβαλλον πολωνια ψαριο
1,1.0,Positive,,,,,,,περιβαλλον παρελθον μεγαλοι πολιτισμοσ κατερρευσαν κλιματικοσ αλλαγη ιστορικα παραδειγματα
0,0.5,Negative,,,,,,,ιλλυριασ οικονομια περιβαλλον ειρηνη κανελλοπουλο
0,0.5,Negative,,,,,,,καυσιμο ηλεκτροδοτηση επιβατηγοσ ναυπηγηση πλοιο φιλικοσ περιβαλλον μειζονσ προβλημα ακτοπλοΐα mononews mononewsgr
1,1.0,Positive,,,,,,,τροφιμα κανω καλοσ υγεια ωφελω περιβαλλον
0,0.0,Negative,,,,,,,καιροσαρναουτογλου καυσωνασ ερχω πτωση θερμοκρασια καυσωνασ κακοκαιρια ακαιροσ καμπιτογλοσ θερμοκρασιακοσ βιογεωκλιματικα προγνωση ξεμυτω
0,0.0,Negative,,,,,,,σταυροσ πατερασ στιγμη αργυρη παντρευτηκε εβαλε παιδιο περιβαλλον μωρο αναγνωριζω πατερασ παιδιου στιγμη γεννηθηκε απλοσ
0,0.0,Negative,,,,,,,δημοσκοπηση earth τουρισμοσ επιβαρυνω περιβαλλον μετρο ζητω πολιτησ
0,0.5,Negative,,,,,,,revenge porn βορειοσ ελλαδα αλλαζω δεδομενα υποθεση ρολοσ γυναικα περιβαλλον δραστησ
0,0.5,Negative,,,,,,,revenge porn βορειοσ ελλαδα νεοσ τροπη υποθεση ρολοσ γυναικα περιβαλλον δραστησ
0,0.0,Negative,,,,,,,τυφλη γατουλα σπιτι ανακλινομαισ μηνασ αναζητω οικογενεια γιατι μπορω επιβιωζω δρομοσ τυφλα
0,0.0,Negative,,,,,,,λαμια πυρκαγια ξεσπασε χωριο συκα φθιωτιδα featured trend λαμια φθιωτιδα φωτια περιβαλλον
0,0.5,Negative,,,,,,,τεθηκε ελεγχοσ φωτια φθιωτιδα λαμια φθιωτιδα περιβαλλον
0,0.0,Negative,,,,,,,τυφλη γατουλα σπιτι ανακλινομαισ μηνασ αναζητω οικογενεια γιατι μπορω επιβιωζω δρομοσ τυφλα
0,0.5,Negative,,,,,,,καιγω λεπτο δεντρο εκταση ποδοσφαιρικοσ γηπεδων δεντρο πυρκαγιεσ φωτια γηπεδο συναλλαγματικοσ
0,0.5,Negative,,,,,,,καιγω λεπτο δεντρο εκταση ποδοσφαιρικοσ γηπεδων δεντρο πυρκαγιεσ φωτια γηπεδο συναλλαγματικοσ
0,0.0,Negative,,,,,,,τροφεσ επηρεαζω αρνητικοσ πλανητησ ερευνησανε περιβαλλον
0,0.0,Negative,,,,,,,ιλλυριασ καταστροφη περιβαλλον συνεπειων γιαννης μυζησα
0,0.5,Negative,,,,,,,φωτα κεντρικοσ οδικοσ αξονασ αττικη
0,0.5,Negative,,,,,,,εντυπωσιακοσ φυσικοσ πισινα παγοβουνοσ παραξενεμενασ περιβαλλον
0,0.5,Negative,,,,,,,φαινομενο ξηρασια παρατηρω τελευταιοσ χρονοσ ευρωπη συνεπεια κλιματικοσ αλλαγη επηρεαζω μεγαλοσ βαθμοσ εφοδιαστικοσ αλυσιδα ευρωπη βιογεωκλιματικα
0,0.5,Negative,,,,,,,ανακυκλωνομασταν συσκευη επιχορηγω νοικοκυρια αντικατασταση παλαιων ηλεκτρικοσ συσκευων νεοσ φιλικοσ περιβαλλον ενεργειακοσ αποδοτικοσ κυβερνηση αλλαξε ονομα ανακυκλωμενων αλλαζω συσκευη
0,0.0,Negative,,,,,,,ξηρασια ευρωπη ηπειρου αντιμετωπιζω προβλημα ευρωπαιε περιβαλλον
1,1.0,Positive,,,,,,,αχρονοσ σωληνωθηκεσ αναπνεω μηχανικοσ υποστηριξη νευρολογικοσ επαφη περιβαλλον συμφωνα γιατροσ παρακολουθω στενοσ εξελιξη υγεια επομενοσ
0,0.0,Negative,,,,,,,ξεχνω υγιησ μπορω επιστρεφω προσεκτικοσ περιβαλλον olympiacosfc
0,0.0,Negative,,,,,,,επιτροπη πρεβεζα ιστορια περιβαλλονπολιτισμοσ αναξαγορασ ξεχασμενο χωριο
0,0.5,Negative,,,,,,,εκπαιδευτικοι ομιλοσ μεντορασ ενδοσχολικοσ συντονιστησ καινοτομια σχολειο συνεχιζω αναβαθμιζω εκπαιδευτικοσ εργο σχολικοσ περιβαλλον
1,1.0,Positive,,,,,,,αυστηροτερο νομικοσ πλαισιο τσουχτεροσ προστιμο ρυπαινω δρομοσ αφισεσ περιβαλλον
0,0.0,Negative,,,,,,,γιατι προλαβει ελεγχομενοσ εσωτερικο περιβαλλον βασικα ακριβεια λαμπατερ δινω συνεντευξη
0,0.5,Negative,,,,,,,παιδειασ τρεισ καινοτομια αναβαθμιζω εκπαιδευση περιβαλλον εκπαιδευση καινοτομια περιβαλλον σχολειο υπουργοποιεισαι
0,0.0,Negative,,,,,,,περιβαλλον πληγη μνημα στοιχειωνοταν τοιχοσ ποτισμενοσ πονοσ
0,0.0,Negative,,,,,,,αυστραλια κουνελακι προκαλεσαν ανεπανορθωτοσ περιβαλλοντικοσ καταστροφη αρθραρα αυστραλιανοσ κουνελακια περιβαλλον
0,0.5,Negative,,,,,,,ιλλυριασ περιβαλλον οπτικη ρυπανση ειρηνη κανελλοπουλο
1,1.0,Positive,,,,,,,acer επεκτεινω φιλικοσ περιβαλλων σειρα vero acer chromebook vero
0,0.5,Negative,,,,,,,ωραιοποιηση αντικτυπου εκπομπη αερομεταφορα περιβαλλον εγκαλειται google
0,0.5,Negative,,,,,,,γαλλια φαινομαι ανοιχτοσ κανω μερα lockdown χρονοσ βοηθω περιβαλλον
0,0.0,Negative,,,,,,,σκανδαλο υποκλοπων ανταποκριτησ deutsche welle αποκαλυπτω παρεμβασεισ πρωθυπουργικοσ περιβαλλον documento
0,0.5,Negative,,,,,,,μερικοσ ελεγχοσ φωτια λαυριο ελλαδα πυρκαγιεσ περιβαλλον
0,0.0,Negative,,,,,,,φωτια ξεσπασε λαυριο λαυριο φωτια περιβαλλον
0,0.0,Negative,,,,,,,μητσοτακησ ζητατε εκλογη περιβαλλον ασταθεια αναλογιζεστε μπορω σημαινω σημαινε υπηρεσιακοσ κυβερνηση μεσω κριση θελετε τσιπρα οδηγηζω χωρα ασταθεια
0,0.5,Negative,,,,,,,ωραιοποιηση αντικτυπου εκπομπη αερομεταφορα περιβαλλον εγκαλειται google αρθραρα αερομεταφορεασ
1,1.0,Positive,,,,,,,τζεντιλεσκι διεφυγε περιβαλλον αρον αρονσ κιεβο λβοφ τεθηκε προστασια νεοναζι προεδροσ δουμασ ρωσια zelensky
1,1.0,Positive,,,,,,,τζεντιλεσκι διεφυγε περιβαλλον αρον αρονσ κιεβο λβοφ τεθηκε προστασια νεοναζι προεδροσ δουμασ ρωσια zelensky ουκρανικα σιδερωσα
0,0.0,Negative,,,,,,,αποσκουπιζεται φαγητο αξια χρονοσ φαινομενο κατασπαταληση τροφιμων αμεσοσ συνεπεια καταστροφη φυσικοσ περιβαλλον τροφιμα περιβαλλον hernewsgr
0,0.0,Negative,,,,,,,πελλα σκουπιδοτοποσ κινδυνοσ τοξικοσ αποβλητο δεξαμενη video mynewsgr κυπελλοσ σκουπιδι περιβαλλον ατοξικα οικολογικοσ ανακυκλωση recycle
0,0.0,Negative,,,,,,,παππουλησ αττικοσ χρειαζομαι εργο παρεμβασεισ απαιτω ευρω επομενοσ χρονοσ θωρακιζω
0,0.0,Negative,,,,,,,τρελοσ αποψη εθνικοσ ασφαλεια κακο περιβαλλον κλεινω εργοστασιο εγραψε ιδρυτησ tesla twitter
0,0.5,Negative,,,,,,,προπονητησ βερονα θελω κρατησουμε αρετσο αποφασιζω αλλαζω περιβαλλον athlosnews αθλοθεσια
0,0.5,Negative,,,,,,,γραφιστικοσ θετικοσ πολιτησ περιβαλλον τριετησσ απολογισμοσ διαχειριση αποβλη
1,1.0,Positive,,,,,,,αττικη οδοσ επενδυοντασ διαχρονικα ανθρωποσ κοινωνια περιβαλλον ασφαλεια
0,0.5,Negative,,,,,,,κονσομασιον εγκρινω προγραμμα νεοσ ειπα περιβαλλον προϋπολογισμοσ ευρω
0,0.5,Negative,,,,,,,κονσομασιον εγκρινω προγραμμα νεοσ ειπα περιβαλλον προϋπολογισμοσ ευρω
0,0.5,Negative,,,,,,,εγκριση νεοσ ειπα περιβαλλον υψοσ ευρω
0,0.5,Negative,,,,,,,ενδιαφεροντα συμπερασμα επιδραση πανδημια covid εργασιακοσ περιβαλλον συμπεριφορα επιχειρηση εργαζομενοσ ανεδειξε ερευνα ομιλου adecco τιτλοσ disconnect toreconnect συμμετεχω πανω
0,0.0,Negative,,,,,,,ερευνα adecco επιδραση covid εργασιακοσ περιβαλλον συμπεριφορα επιχειρηση εργαζομενοσ
0,0.5,Negative,,,,,,,επιδραση πανδημια covid εργασιακοσ περιβαλλον
0,0.0,Negative,,,,,,,μασσαλια αντιδρασεισ ελευση υπερπολυτελοσ κρουαζιεροπλοιου πληττει περιβαλλον
1,1.0,Positive,,,,,,,ροτερνταμ γινομαι πρωτοσ πολη κοσμοσ διαθετω παρκο φωτισμοσ τροφοδοτειται φυτα φιλικοσ περιβαλλον διαδραστικοσ ιδεα ελπιζω χρησιμοποιω μεγαλοσ κλιμακα
0,0.5,Negative,,,,,,,ερευνα adecco επιδραση πανδημια covid εργασιακοσ περιβαλλον
0,0.0,Negative,,,,,,,ερευνα adecco επεδρασε πανδημια εργασιακοσ περιβαλλον συμπεριφορα επιχειρηση εργαζομενοσ businessnewsgr
0,0.0,Negative,,,,,,,καμπανακι ελλασ απογοητευτικοσ εφαρμογη νομοσ πλαστικοσ χρηση νομοθεσιων περιβαλλον
0,0.0,Negative,,,,,,,motor ανακοινωνω εκπληκτικοσ κερδη αντιδρασει μετοχη περιβαλλον
0,0.5,Negative,,,,,,,βιζουκιδησ τελοσ υποχρεωτικοτητα μασκα σχολειο βρισκομαστε σταθεροσ περιβαλλον
0,0.5,Negative,,,,,,,κισσαμου αναφερω σχεδιαζομενοσ επενδυσεισ λαγονησισ αφαλατωσαν στομιο ουσιαστικοσ αδιαφορια περιβαλλον
0,0.5,Negative,,,,,,,κονσομασιον εγκρινω προγραμμα νεοσ ειπα περιβαλλον
0,0.0,Negative,,,,,,,επιδραση πανδημια covid εργασιακοσ περιβαλλον συμπεριφορα επιχειρηση εργαζομενοσ
0,0.0,Negative,,,,,,,κλικ διαβαστε thetoc κερκυρα ευρημα μπορω καφω στραγγαλιστη αχρονοσ συγγενικοσ περιβαλλον ψαχνω
1,1.0,Positive,,,,,,,τυποσ κινητηρασ χρησιμοποιω ανεμιστηρεσ ερευνα robert sansone μπορω ανοιγω δρομοσ οικονομικοσ φιλικοσ περιβαλλον κατασκευη ηλεκτρικοσ οχηματων
0,0.5,Negative,,,,,,,ελενη πολυχρονεμενου environmental hazdash λειτουργω ακριβη καταγραφη επικινδυνοσ υλικοσ πλοιο προστατευω θαλασσιοσ περιβαλλον mononews mononewsgr
0,0.5,Negative,,,,,,,κονσομασιον εγκρινω προγραμμα νεοσ ειπα περιβαλλον
0,0.5,Negative,,,,,,,κονσομασιον εγκρινω προγραμμα νεοσ ειπα περιβαλλον
0,0.5,Negative,,,,,,,τζορτζ σιτοφοροσ παγκοσμιοσ οικονομικο φορουμ δωροδοκησε παιδι ηθοποιοσ διδαξε παραπονιεται κλιματικοσ
0,0.5,Negative,,,,,,,τραγουδια απτερησ φαλαινα γινομαι παγκοσμιοσ σουξε αρθραρα αρσενικον περιβαλλον τραγουδιου αφαλατωνεσαι
0,0.0,Negative,,,,,,,πλωτοισ τερματικοσ σταθμοσ τροφοδοτω ευρωπη αεριο ανησυχια περιβαλλον
0,0.5,Negative,,,,,,,διευκρινησεισ περιβαλλον κωστα καραμανλησ αιχμη κυβερνηση mononews mononewsgr
0,0.5,Negative,,,,,,,περιβαλλον καραμανλησ ριχνω τονοσ σαλοσ αιχμη κυβερνηση υποκλοπεσ καραμανλη καραμανλησ
0,0.5,Negative,,,,,,,μαξιμου περιβαλλον καραμανλησ ριχνω τονοσ δηλωνω συμφωνω θεσμικοσ αλλαγη
0,0.0,Negative,,,,,,,κωστασ καραμανλησ πανικοσ ενοχληση περιβαλλον μητσοτακησ ηχηροσ παρεμβαση καραμανλησ
0,0.5,Negative,,,,,,,ιλλυριασ περιβαλλον πιστοποιηση διατροφη ειρηνη κανελλοπουλο
0,0.5,Negative,,,,,,,επιχειρησιακοσ σχεδιο βιωσιμοσ τουρισμοσ επιμηκυνση τουριστικοσ περιοδοσ δημοσ χερσονησου
0,0.0,Negative,,,,,,,χωρισαν ελεονορα ζουληγμενα σπυροσ δημητριου περιβαλλον ζευγαριου απαντα
0,0.5,Negative,,,,,,,οικονομου ναυπηγεια ελευσινασ βιωσιμοσ μοντελο επανεκκινηση διασφαλιση θεση εργασια
0,0.5,Negative,,,,,,,παρουσιαζω νεοσ gaming περιβαλλον εμπλουτιζω εμπειρια παιχνιδιου νεοσ υπηρεσια βασιζω cloud
0,0.0,Negative,,,,,,,πανεπιστημιακοσ σπουδεσ συγχρονοσ εκπαιδευτικοσ περιβαλλον greece πανδημιων πολεμοσ_στην_ουκρανια πολιτικαντη survivorgr
0,0.0,Negative,,,,,,,γιαννησ οικονομου συμφωνια εξυγιανσησ ναυπηγειων ελευσινασ διαμορφωνω βιωσιμοσ μοντελο επανεκκινηση
0,0.0,Negative,,,,,,,γιαννησ οικονομου συμφωνια εξυγιανσησ ναυπηγειων ελευσινασ διαμορφωνω βιωσιμοσ μοντελο επανεκκινησησ
0,0.0,Negative,,,,,,,κλικ διαβαστε mononewsοικονομου βιωσιμο μοντελο επανεκκινηση ναυπηγειων ελευσινασ διασφαλιση θεση εργασια
0,0.5,Negative,,,,,,,βιωσιμο μοντελο επανεκκινηση ναυπηγειων ελευσινασ διασφαλιση θεση εργασια
0,0.5,Negative,,,,,,,ενεργω περιβαλλον αποκατασταση πυροπληκτων περιοχη αρχαια ολυμπια
0,0.5,Negative,,,,,,,ισχυροσ ελλαδα νεοσ διεθνησ περιβαλλον εκδηλωση ομιλητησ
0,0.5,Negative,,,,,,,ενεργω περιβαλλον αποκατασταση πυροπληκτων περιοχη αρχαια ολυμπια
1,1.0,Positive,,,,,,,μεγαλοσ προσπαθεια προστασια γυαρο πραγματοποιω wwf_ελλασ συνεργασια πληθοσ φορεων φαινομαι αποδιδω καρποσ δινω σημαντικοσ ανασαναν θαλασσιοσ περιβαλλον περιοχη γαργαροσ αλιευω
0,0.0,Negative,,,,,,,χαραλαμποσ ελληνασ οικονομικα βιωσιμοσ αγωγοσ east απαρχαιωμενο δικτυο ηχητικοσ cyprus eastmed
1,1.0,Positive,,,,,,,κοψεισ ζαχαρη καλοσ υγεια προστατευσεισ περιβαλλον
0,0.5,Negative,,,,,,,μεγαλοσ ανησυχια παγετωνασ αποκαλυψη λιωνω ταχυσ ρυθμοσ παγετωνασ_τησ_αποκαλυψησ thwaites κλιματικοσ
0,0.5,Negative,,,,,,,μεγαλοσ ανησυχια παγετωνασ αποκαλυψη λιωνω ταχυσ ρυθμοσ παγετωνασ_τησ_αποκαλυψησ thwaites κλιματικοσ
0,0.5,Negative,,,,,,,ελλαδα εξακολουθω αναπτυσσω δυναμικα αβεβαιοτητα διεθνεσσ περιβαλλον
0,0.5,Negative,,,,,,,θορυβημενο περιβαλλον αγοραστου υποψηφιοτητα λαναρα δημοσ τεμπων
0,0.0,Negative,,,,,,,περισσοτεροι τροποσ οδικοσ μετακινησεισ βιωσιμοσ προσημο εξοικονομηση χρηματων χαρτησ google
1,1.0,Positive,,,,,,,volterra πολυτελεια ροδα σεβασμοσ περιβαλλον
0,0.5,Negative,,,,,,,ερμιονιδα ανοικτη εκδηλωση θαλασσιοσ περιβαλλον μεσω news ηλεκτρονικη εφημεριδα πελοποννησου
0,0.5,Negative,,,,,,,southeast europe energy forum αναζητωντασ ενεργειακοσ σταθεροτητα μεταβαλλομενοσ περιβαλλον video southeast_europe_energy_forum ενεργειοκρατιασ επιπτωση μετρο
0,0.5,Negative,,,,,,,περιβαλλον εξημερωνω γαιδαροσ
0,0.5,Negative,,,,,,,επιστημονασ θερμοκρασια αυξωνη πανω κελσιου υπαρχω αλλαγη επιστροφη ερευνησανε κλιματικη περιβαλλον
0,0.5,Negative,,,,,,,εταιρια καλυτεροσ εργασιακοσ περιβαλλον ευρωπη epsilon
0,0.5,Negative,,,,,,,europes best workplaces ομιλοσ epsilon κορυφαιοσ εταιρια ευρωπη εργασιακοσ περιβαλλον
0,0.5,Negative,,,,,,,περιβαλλον γενετικοσ παραγοντασ προκαλω μυωπια παιδια
0,0.0,Negative,,,,,,,ναξοσ συλλογοσ προστασιασ αγριασ ζωησ επεστρεψε φυσικοσ περιβαλλον
0,0.5,Negative,,,,,,,τιμη προεδρευω πρωτοσ συνοδου συνεδριου ευρωπαϊκοσ επιστημονικοσ συμβουλιο egpl
0,0.5,Negative,,,,,,,νεοσ υπερσυγχρονο σχολικοσ περιβαλλον υποδεχομαστε μικροσ μαθητησ μαθητρια δημοτικου σχολειου ισθμιασ θεση κυραβρυση
1,1.0,Positive,,,,,,,σοφια παυλιδησ υποστηρικτικοσ οικογενειακοσ περιβαλλον μπορω βοηθω μαθητησ ξεπερασουν δημοκρατικοσ ροδοσ δωδεκανησα
0,0.5,Negative,,,,,,,συνεντευξη τυποσ προστατευμενοσ περιβαλλον πρωθυπουργοσ απαντησεισ documento
0,0.5,Negative,,,,,,,εφορια μεσω βιοποικιλοτητα αλυσιδων αξια αγροτοδιατροφικοσ αλυσιδων
0,0.5,Negative,,,,,,,ιλλυριασ περιβαλλον πιστοποιηση διατροφη ειρηνη κανελλοπουλο
0,0.5,Negative,,,,,,,ινδικοσ πολη συνεργασια τριταιων περιβαλλον τεχνολογια καινοτομια
0,0.5,Negative,,,,,,,συναλλαγη μετρητο βοηθω περιβαλλον
1,1.0,Positive,,,,,,,βαση επιτυχια ψυχραιμια πηγη λαμψη ανθρωποσ ευτυχια ηρεμια προσωπικοσ
0,0.5,Negative,,,,,,,περιβαλλον εξοικονομηση ενεργειακε
0,0.0,Negative,,,,,,,πελτεσ ημουνα παιδακι ειδα wild heart διαμορφωσε τροποσ βλεπω θελω λεγω περιστασεισ περιβαλλον ηλικια οπτικοσ καθοριζω μπορω σημαδεψει σινεμα φανταζω
0,0.5,Negative,,,,,,,περιβαλλον εξοικονομηση ενεργειακε
0,0.5,Negative,,,,,,,θεματικοσ τιτλοσ διευθυνση cyprialife αναδειξε χαρακτηριστικοσ κανω εταιρια δικτυο εργαζομενουσ ξεχωριζω συνεχωσ μεταβαλλομενοσ περιβαλλον
0,0.5,Negative,,,,,,,δικη φιλιππιδη συνεχεια καταθεσεισ οικογενειακοσ περιβαλλον
0,0.0,Negative,,,,,,,ανδρουλακησ πασοκ βρισκομαστε δυσκολοσ γεωπολιτικοσ περιβαλλον κατανοω φοβομαστε εκλογη γινομαι περιμενω παρουμε εντολη πρωτοσ κυριακη
0,0.0,Negative,,,,,,,κλικ διαβαστε huffington postο δισεκατομμυριουχοσ ιδρυτησ patagonia χαριζω εταιρια κερδη περιβαλλον
0,0.0,Negative,,,,,,,κλικ διαβαστε huffington postο δισεκατομμυριουχοσ ιδρυτησ patagonia χαριζω εταιρια κερδη περιβαλλον
0,0.5,Negative,,,,,,,εχασε ανθρωποσ οικογενειακοσ περιβαλλον ενδιαφερθηκε αναζητησαμε φιλοξενω
0,0.0,Negative,,,,,,,εργασια κοπη δεντρο εθνικοσ θεσσαλονικησνεων μουδανιων αεργα κυκλοφοριακοι περιβαλλον
0,0.0,Negative,,,,,,,ραφηνα πραγματικοτητα μυθοσ παραλια μερικασ αυτοδιοικηση σμπαραλιαστηκαμε περιβαλλον
0,0.0,Negative,,,,,,,ενισχυω επειγοντωσ δραση κλιμα
0,0.0,Negative,,,,,,,εγκλημα καβαλα οικογενειακοσ φιλικοσ περιβαλλον αχρονοσ ψαχνω δολοφονο
0,0.0,Negative,,,,,,,θεσσαλονικη παρανομη επιχειρηση παραγωγη ρυζιοσ μολυνε περιβαλλον
0,0.0,Negative,,,,,,,θεσσαλονικη επιχειρηση χαλαστρα μολυνε περιβαλλον πετουσαν ανεξελεγκτα σταχτοσ χωραφι αφωτο δικογραφια ελας εργοστασιο περιβαλλοντολογικοσ σταχτη
0,0.0,Negative,,,,,,,τζαν μανατζαρει ζητω παραιτηση ιδιοκτητησ καταγγελια δημιουργω τοξικοσ εργασιακοσ
0,0.0,Negative,,,,,,,ενισχυω επειγοντωσ δραση κλιμα
0,0.0,Negative,,,,,,,θεσσαλονικη επιχειρηση μολυνε περιβαλλον πετωντασ σταχτη χωραφι
0,0.5,Negative,,,,,,,γευεσαι απλοσ γραφικοτητα κυκλαδων απολαμβανω περιβαλλον συροσ καφε νησιωτικοσ
0,0.5,Negative,,,,,,,γεωργιος πολυμελεστερη επιρροη πλαστικοι περιβαλλον
0,0.0,Negative,,,,,,,ηλιοπουλοσ ομιλια τσιπρα δειχνω κατανοω παγκοσμιοσ ευρωπαϊκοσ περιβαλλον
0,0.5,Negative,,,,,,,ανακυκλωνω αλλαζω συσκευη προθεσμια νοεμβριου βημα ακολουθηζω επιδοματικοσ περιβαλλον
0,0.5,Negative,,,,,,,πανεπιστημιακοσ αστυνομια προχωρω αποκτω περιβαλλον αρμοζω ξεκαθαριζω κεραμεασ
0,0.5,Negative,,,,,,,εξυπνοσ πολεισ λυση βιωσιμοσ μελλον συνεδριο ενωση νεων αυτοδιοικητικοσ επικαιροτητα ενωσηνεωναυτοδιοικητικων
0,0.5,Negative,,,,,,,μαντζουρανεσ κανω λογοσ κακοποιητικοσ περιφερειοποιηση δικαιοσυνη πρωθυπουργοσ περιβαλλον βαρυτατοσ πληγμα κρατοσ δικαιου δηλωση
0,0.5,Negative,,,,,,,επαφεσ συνεργασια σλοβακια κυπροσ αφορμη υπουργικη διασκεψη περιβαλλον ευρωπη
1,1.0,Positive,,,,,,,βιωσιμοσ τουρισμοσ επικεντρο νεοσ μεγαλοσ καμπανια
0,0.5,Negative,,,,,,,jumbo θετικοσ μηνυμα αποτελεσμα διμηνου ασταθεσσ περιβαλλον παραμενω moneypress
0,0.5,Negative,,,,,,,jumbo θετικοσ μηνυμα αποτελεσμα διμηνου ασταθεσσ περιβαλλον παραμενω moneypress
1,1.0,Positive,,,,,,,κλικ διαβαστε newsit βασιλησ καικιλιοσ βιωσιμοσ τουρισμοσ επικεντρο νεοσ μεγαλοσ καμπανια οτεσ
0,0.5,Negative,,,,,,,jumbo θετικοσ μηνυμα αποτελεσμα διμηνου ασταθεσσ περιβαλλον παραμενω jumbo αποτελεσματικοσ
0,0.5,Negative,,,,,,,jumbo θετικοσ μηνυμα αποτελεσμα διμηνου ασταθεσσ περιβαλλον παραμενω jumbo αποτελεσματικοσ
0,0.0,Negative,,,,,,,κιλικια βιωσιμοσ τουρισμοσ επικεντρο νεοσ καμπανια οτεσ ελλαδα πρωτοποροσ επιταχυνση πρασινοσ μεταβαση
0,0.0,Negative,,,,,,,nina προκαλω σειρα εντονασ καιρικοσ φαινομενο κοστιζω τρισεκατομμυριο δολαριο la_nina επικαιρικοσ
0,0.0,Negative,,,,,,,nina προκαλω σειρα εντονασ καιρικοσ φαινομενο κοστιζω τρισεκατομμυριο δολαριο la_nina επικαιρικοσ
0,0.5,Negative,,,,,,,jumbo θετικοσ μηνυμα αποτελεσμα διμηνου ασταθεσσ περιβαλλον παραμενω
0,0.5,Negative,,,,,,,ιλλυριασ περιβαλλον οπτικη ρυπανση ειρηνη κανελλοπουλο
0,0.0,Negative,,,,,,,αμυνα κοντρα διεθνεσσ περιβαλλον προβληματιζω τζιροσ
0,0.5,Negative,,,,,,,ερχω νεοσ προγραμμα επιδοτηση ηλιακοσ θερμοσιφωνασ
0,0.0,Negative,,,,,,,ενεργειακη κριση λογαριασμοσ δημοσιονομικοσ βιωσιμοσ κινδυνοσ διαλυση ευρωπη
0,0.0,Negative,,,,,,,ενεργειακη κριση λογαριασμοσ δημοσιονομικοσ βιωσιμοσ κινδυνοσ διαλυση ευρωπη
0,0.5,Negative,,,,,,,ληστεια γλυφαδασοκαρει αποκαλυψη αστρολογοσ δραστησ στενοσ περιβαλλον pics vids ληστεια γλυφιδα αστυνομια αστρολογια mynewsgr
0,0.0,Negative,,,,,,,εγκλημα ηλεια κοντινοσ περιβαλλον αχρονοσ επιχειρηματια στρεφω ερευνα
0,0.0,Negative,,,,,,,απατητων αρχη μιλαγα κλισε αναμασατε κοινοσ πεποιθηση αντιρρηση γουσταρω ταινια λεγω τυποσ βλεπω τσαμπουνανε σαχλαμαρα βασικοσ επιβαλλω πολιτικοσ περιβαλλον
0,0.0,Negative,,,,,,,κλικ διαβαστε iefimeridaαγριο εγκλημα ηλεια ερευνα κοντινοσ περιβαλλον αχρονοσ επιχειρηματια
0,0.0,Negative,,,,,,,εγκλημα ηλεια κοντινοσ περιβαλλον αχρονοσ επιχειρηματια στρεφω ερευνα ηλεια
0,0.0,Negative,,,,,,,εγκλημα ηλεια κοντινοσ περιβαλλον αχρονοσ επιχειρηματια στρεφω ερευνα ηλεια
0,0.0,Negative,,,,,,,αγγιζω δολοφονοσ επιχειρηματια κοντινοσ περιβαλλον ερευνα
0,0.0,Negative,,,,,,,εγκλημα ηλεια κοντινοσ περιβαλλον αχρονοσ επιχειρηματια στρεφω ερευνα gitiselias sasmos pagidevmenoi gntmgr kaneotikoimasai
0,0.0,Negative,,,,,,,δολοφονια αχρονου ηλεια ερευνα στρεφω κοντινοσ περιβαλλον επιχειρηματια
0,0.0,Negative,,,,,,,εγκλημα ηλεια κοντινοσ περιβαλλον αχρονοσ επιχειρηματια στρεφω ερευνα
1,1.0,Positive,,,,,,,επιχειρηση καθαρισμοσ ακτη φρουριο ριου μελοσ προσωπικου γεφυρα αφορμη μερα δραση
0,0.0,Negative,,,,,,,ενημερωση ξενοσ ανταποκριτησ υπουργικοσ συνοδοσ περιβαλλων ευρωπη οικονομικησ επιτροπη
0,0.0,Negative,,,,,,,δολοφονια καβαλα συνεληφθησαν ατομο οικογενειακοσ περιβαλλον δραστη
0,0.0,Negative,,,,,,,δολοφονια καβαλα συνεληφθησαν ατομο οικογενειακοσ περιβαλλον αχρονοσ δραστησ documento
0,0.0,Negative,,,,,,,δολοφονια καβαλα συνεληφθησαν ατομο οικογενειακοσ περιβαλλον δραστησ
0,0.0,Negative,,,,,,,δολοφονια καβαλα συνεληφθησαν ατομο οικογενειακοσ περιβαλλον δραστησ
0,0.0,Negative,,,,,,,ραγδαιεσ εξελιξη εγκλημα καβαλα συνεληφθησαν ατομο οικογενειακοσ περιβαλλον δραστησ
0,0.0,Negative,,,,,,,εγκλημα καβαλα συνεληφθησαν ατομο οικογενειακοσ περιβαλλον χρονοβοροσ μηχανη προδωσε φωτο video δολοφονια δραστησ καβαλα μοτοσυκλετα οικογενεια συλληψεισ
1,1.0,Positive,,,,,,,ναξοσ νικη ευελπιδων γιατι προσπαθω συμφιλιωθουμε περιβαλλον
0,0.0,Negative,,,,,,,συνοδοσ περιβαλλων ευρωπη παρεχω μοναδικοσ ευκαιρια διακομματικοσ διυπουργικοσ συνεργασια αντιμετωπιζω αναδυομενεσ προκλησεισ αντιμετωπιζω ανθρωποτητα εξαιτιασ υποβαθμιση περιβαλλον
0,0.0,Negative,,,,,,,ενημερωση ξενοσ ανταποκριτησ υπουργικοσ συνοδοσ περιβαλλων ευρωπη οικονομικησ επιτροπη ηνωμενοσ εθνοσ ευρωπη unece πραγματοποιω οκτωβριοσ λευκωσια nicosiaefe
0,0.5,Negative,,,,,,,απαθανατισησ προτεραιοτητα αδιαφορια εξασφαλιζω μελλον χωρα
0,0.5,Negative,,,,,,,ελενα κουντουρα προσκεκλημενη ομιλητρια πανεπιστημιο σεουλ βιωσιμοσ τουρισμοσ tirnavospress
0,0.0,Negative,,,,,,,περιβαλλον επηρεαζω παχυσαρκια ενδοκρινικοσ διαταραχτηκεσ gitiselias sasmos kaneotikoimasai gntmgr pagidevmenoi
0,0.5,Negative,,,,,,,ματι κυπροσ αρχη οκτωβρησ υπουργικοσ συνοδοσ περιβαλλων ευρωπη unece
0,0.5,Negative,,,,,,,ελενα κουντουρα προσκεκλημενη ομιλητρια πανεπιστημιο σεουλ βιωσιμοσ τουρισμοσ
0,0.5,Negative,,,,,,,μαικλ μπλαμπεργκ ελληνικοσ οικονομικοσ επενδυτικοσ περιβαλλον συνεχιζω βελτιωνω ηγεσια μητσοτακησ
0,0.0,Negative,,,,,,,αρνητησ εμβολιαστικοσ ρωσοφιλοσ επιζημιοσ ενεργεια περιβαλλον μπορω ακολουθω ανεχειασ θεωρω απροσαρμοστοσ ενημερωσε στελιοσ πετσασσ προσαρμοζω πεθαινω
0,0.5,Negative,,,,,,,θεσσαλονικη αντιστροφη μετρηση kapani project μικροσ ξεχωριστοσ στιγμη αστικοσ περιβαλλον https
0,0.0,Negative,,,,,,,περιβαλλοντικοσ υγεια θανατων παγκοσμιωσ σχετιζω περιβαλλον
1,1.0,Positive,,,,,,,εθελοντικη δραση ονειδη προστασια περιβαλλον υποθεση αφωτο οννεδ περιβαλλοντικοσ περιβαλλον
0,0.0,Negative,,,,,,,παγκοσμιοσ οργανισμοσ υγεια θανατων παγκοσμιωσ σχετιζω περιβαλλον
1,1.0,Positive,,,,,,,αργοστολι επιστημονικοσ αγαπη περιβαλλον
0,0.0,Negative,,,,,,,παγκοσμια ημερα περιβαλλοντικοσ υγεια θανατων παγκοσμιωσ ετοσ σχετιζω περιβαλλον
0,0.0,Negative,,,,,,,συνεδριο economist νεοσ περιβαλλον προκληση ελληνικοσ τραπεζα businessnewsgr
0,0.0,Negative,,,,,,,συνεδριο econsustainablefinance νεοσ περιβαλλον προκληση ελληνικοσ τραπεζα
0,0.0,Negative,,,,,,,θανατοσ κοσμοσ σχετιζω περιβαλλον
0,0.0,Negative,,,,,,,κινδυνοσ δημοσιοσ υγεια περιβαλλον παρανομοσ συνδεσεισ κατασκευη δικτυο αποχετευση
0,0.0,Negative,,,,,,,ημερα περιβαλλοντικοσ υγεια θανατων παγκοσμιωσ σχετιζω περιβαλλον
0,0.0,Negative,,,,,,,παγκοσμια ημερα περιβαλλοντικοσ υγεια θανατων παγκοσμιωσ σχετιζω περιβαλλον
0,0.0,Negative,,,,,,,παγκοσμια ημερα περιβαλλοντικοσ υγεια θανατοσ σχετιζω περιβαλλον
0,0.0,Negative,,,,,,,αποκλειστικοσ εκτεθειμενησ νικοσ κουρησ μελλω γενεσθαι βρεσ διαμηνυω περιβαλλον ηθοποιοσ
0,0.5,Negative,,,,,,,ριτσοσ στεγασετε στοχοσ βιωσιμοσ μοντελο στρατηγικη αναπτυξη ελληνικοσ τουρισμοσ
0,0.0,Negative,,,,,,,νεοσ περιβαλλον προκληση ελληνικοσ τραπεζα βλεπω υψηλη ζητηση moneypress
0,0.0,Negative,,,,,,,νεοσ περιβαλλον προκληση ελληνικοσ τραπεζα βλεπω υψηλη ζητηση moneypress
1,1.0,Positive,,,,,,,αργοστολι επιστημονικοσ αγαπη περιβαλλον ειδησεισ νεοσ βημα online
0,0.5,Negative,,,,,,,αρετσο παγκοσμια ημερα τουρισμου στοχοσ βιωσιμοσ μοντελο στρατηγικη αναπτυξη δημοκρατικοσ ροδοσ δωδεκανησα
1,1.0,Positive,,,,,,,bluegr hotels resorts πολυτελησ φιλοξενια θετικοσ προσημο περιβαλλον κοινωνια
0,0.5,Negative,,,,,,,ανοιχτοσ πορτεσ διαφορετικοσ γιορτη λιβαδι δημου θερμησ εκπαιδευση λιβαδιων περιβαλλον
0,0.0,Negative,,,,,,,επιστημονικοσ ημεριδα κλιματικοσ κριση περιβαλλον ανθρωποσ σαββατο αργοστολι
1,1.0,Positive,,,,,,,τριαντα ελληνασ πρεσβευτησ ευρωπαϊκοσ συμφωνου κλιμα συναντω υπευθυνοσ χαραξη ευρωπαϊκοσ πολιτικη περιβαλλον πελοποννησιακοσ πρακτορειο ειδησεων
0,0.5,Negative,,,,,,,φετινοσ χρονια σημανε σημαντικοσ επιτυχια metlife cyprus great place work ανακοινωνω επισημωσ πιστοποιηση εξαιρετικοσ εργασιακοσ περιβαλλον
0,0.0,Negative,,,,,,,ξερω διαρροη αγωγοσ nord stream αντικτυποσ ενεργεια περιβαλλον
0,0.0,Negative,,,,,,,επεστρεψε φυσικοσ περιβαλλον θαλασσιοσ χελωνασ κειριαδαι βρεθηκε τραυμα κεφαλι πρεβεζα
0,0.5,Negative,,,,,,,κυπροσ αρχη οκτωβρη υπουργικοσ συνοδοσ περιβαλλον cyprus europe environment
0,0.0,Negative,,,,,,,γιαννησ αρετσο στοχοσ βιωσιμοσ μοντελο στρατηγικη αναπτυξη ελληνικοσ τουρισμοσ
1,1.0,Positive,,,,,,,συνεντευξη τυποσ υπουργικοσ συνοδοσ unece περιβαλλον ευρωπη συνοδοσ αποτελω μεγαλοσ πολιτικη πλατφορμα επικοινωνια χωρα ανηκω unece θεμα περιβαλλοντοσ αεροφοροσ αναπτυξη
0,0.5,Negative,,,,,,,παγκοσμια ημερα ναυτιλια δινω εμφαση ερευνα αναπτυξη τεχνολογικοσ συνεργασια αποδοτεοσ
1,1.0,Positive,,,,,,,μειωση σπαταλη τροφιμα πραξη ευθυνη σεβασμοσ περιβαλλον κυβερνηση εγκρινω
1,1.0,Positive,,,,,,,εταιρια καλυσ εργασιακοσ περιβαλλον grant thornton
0,0.5,Negative,,,,,,,πιστοποιηση great place work απεκτησε grant thornton ξεχωριζω εξαιρετικοσ εργασιακοσ περιβαλλον εταιρικοσ κουλτουρα αξιολογηση διενεργηθηκε οργανισμοσ great place work hellas
0,0.0,Negative,,,,,,,συγγενικοσ περιβαλλον ψαχνω δολοφονοσ αχρονοσ φορα κατεθεσαν αδερφοσ ανιψιοσ
0,0.0,Negative,,,,,,,ηλεια συγγενικοσ περιβαλλον ερευνα δολοφονοσ αχρονοσ
0,0.0,Negative,,,,,,,ευδαιμων κινδυνοσ δημοσιοσ υγεια περιβαλλον
0,0.0,Negative,,,,,,,συγγενικοσ περιβαλλον ψαχνω δολοφονοσ αχρονου ηλεια
0,0.0,Negative,,,,,,,ηλεια συγγενικοσ περιβαλλον ψαχνω δολοφονοσ αχρονου
1,1.0,Positive,,,,,,,environmental awards βραβειο ολυμπισμε φιλικοσ περιβαλλον συσκευασια
1,1.0,Positive,,,,,,,environmental awards βραβειο ολυμπισμε φιλικοσ περιβαλλον συσκευασια larissapress
0,0.0,Negative,,,,,,,bitcoin εξορυξη χαρτονομισματοσ βλαπτω σοβαρα περιβαλλον
1,1.0,Positive,,,,,,,τριαντα ελληνασ πρεσβευτησ ευρωπαϊκοσ συμφωνου κλιμα συναντω υπευθυνοσ χαραξη ευρωπαϊκοσ πολιτικη περιβαλλον
1,1.0,Positive,,,,,,,αργοστολι επιστημονικοσ αγαπη περιβαλλον ημεριδα
0,0.0,Negative,,,,,,,nordstream επιδραση διαρροη περιβαλλον
0,0.0,Negative,,,,,,,σημαινω διαρροη φυσικοσ αεριου περιβαλλον
0,0.0,Negative,,,,,,,nordstream λενε επιστημονασ επιπτωση διαρροη μεθανιου περιβαλλον
1,1.0,Positive,,,,,,,αυξανω θερμοκρασια μεγαλουπολεισ φαινομενο αστικοσ θερμικοσ νησιδα κλιματικη μελετησετε περιβαλλον
0,0.5,Negative,,,,,,,δουλευω περιβαλλον ειπε χαρακτηριστικο znews παχυτερα νομικιστικου toproino
1,1.0,Positive,,,,,,,περιβαλλον θεωρουνταν υπερβολικοσ πλαισιο εκδηλωση αγαπη ομορφοσ
0,0.0,Negative,,,,,,,παγκοσμιοσ περιβαλλον ευνοει πολεμοσ ελλαδα τουρκια αναφορα brookings brookings voiceofamerica ellada toyrkia
0,0.5,Negative,,,,,,,πιτσα πατερασ δουκισσα νομικου δουλευω περιβαλλον παει
0,0.0,Negative,,,,,,,ιδιαιτερα ενδιαφερων επιστημονικη ημεριδα κλιματικοσ κριση επιπτωση περιβαλλον ανθρωποσ
0,0.0,Negative,,,,,,,bitcoin εξορυξη χαρτονομισματοσ βλαπτω σοβαρα περιβαλλον
0,0.5,Negative,,,,,,,ανθη ατματζιδησ ευαθ πραττουμε βιωσιμοσ παρον σχεδιαζω αεροφορα μελλον
0,0.5,Negative,,,,,,,ιδρυμα χατζηδακησ εκπαιδευτικοσ δραστηριοτητα περιβαλλον ακριτικοσ νησι πρωτοσ σταθμοσ δημοκρατικοσ ροδοσ δωδεκανησα
1,1.0,Positive,,,,,,,grecotel imperial casa paradiso καπακια περιβαλλον προσφορα σχολικοσ ειδων παιδι εργαζομενοσ
1,1.0,Positive,,,,,,,grecotel imperial casa paradiso καπακια περιβαλλον προσφορα σχολικοσ ειδων παιδι εργαζομενοσ
1,1.0,Positive,,,,,,,καραγιαννησ θεμα ημερη παραδωσουμε μετρο πειραιασ δυσκολοσ περιβαλλον παραδιδω μεγαλοσ εργο υποδομη
0,0.5,Negative,,,,,,,σταχτοκουλουρασ συνεχιστουν μετρο στηριξη δυσμενεσσ περιβαλλον δημοκρατικοσ ροδοσ δωδεκανησα
0,0.5,Negative,,,,,,,σταχτοκουλουρασ συνεχιστουν μετρο στηριξη δυσμενεσσ περιβαλλον
0,0.5,Negative,,,,,,,σταχτοκουλουρασ συνεχιστουν μετρο στηριξη δυσμενεσσ περιβαλλον ηχητικου σταχτοκουλουρασ
0,0.5,Negative,,,,,,,σταχτοκουλουρασ συνεχιστουν μετρο στηριξη δυσμενεσσ περιβαλλον
0,0.5,Negative,,,,,,,εκδηλωση ολοκληρωνω ενεργειακοσ μεταβαση δημου κλιματικοσ ουδετεροτητα αθερμη περιβαλλον
0,0.5,Negative,,,,,,,αθλητισμοσ περιβαλλον καβαλα πρωινοσ ραδιοφωνο εφημεριδα καβαλασ νεοσ καβαλα ειδησεισ μικροσ αγγελια
0,0.0,Negative,,,,,,,θελω δουλεια δινω αστρονομικοσ μισθοσ αρνεισαι γιατι αρεσω περιβαλλον
0,0.5,Negative,,,,,,,κεραμεασ υπουργικοσ συνοδοσ διαδικασια περιβαλλον ευρωπη κυπροσ κεραμεων παιδοχειρουργοσ
0,0.5,Negative,,,,,,,καρολιδησ κρινω γνωριζω εγινα γινω ασφουγγαρισ
0,0.5,Negative,,,,,,,κλικ διαβαστε eleftherostypos περιβαλλονσκρεκασ μειωνω παρανομοσ χωματερα τελευταιοσ τρεισ χρονοσ
0,0.0,Negative,,,,,,,λευκωσια υπουργικοσ συνοδοσ περιβαλλων ευρωπη δραση περιβαλλον αντιμετωπιση
0,0.0,Negative,,,,,,,στεγανοσ τρομοκρατημενοσ εργαζομενοσ παντοσ ειδοσ τσιρακια αναζητω περιβαλλον καθρεφτησ οφειλομενη απαντηση κακοκαιρια δημοσιογραφοσ μαριοσ αραβαντινοσ
0,0.0,Negative,,,,,,,λευκωσια υπουργικοσ συνοδοσ περιβαλλων ευρωπη δραση περιβαλλον αντιμετωπιση
1,1.0,Positive,,,,,,,γιωργοσ καραγιαννησ δυσκολοσ περιβαλλον παραμενω συνεπησ παραδιδω μεγαλοσ εργο υποδομη
1,1.0,Positive,,,,,,,καραγιαννησ δυσκολοσ περιβαλλον παραμενω συνεπησ παραδιδω μεγαλοσ εργο υποδομη
0,0.0,Negative,,,,,,,κωνσταντοπουλου μπεκρο δικαιωμα νερο περιβαλλον δημοκρατια ετρεψε φυγη ψευδομενοσ
0,0.5,Negative,,,,,,,sasmos vasilikos μαθοσ ηξερε ουσια ηξερε μπορω μεγαλωνω
1,1.0,Positive,,,,,,,παρουσια υπουργοσ αντιπροσωπων αρχιζω λευκωσια μεγαλοσ συνοδοσ περιβαλλον ευρωπη unece
0,0.5,Negative,,,,,,,αναγκη διεθνησ συνεργασια περιβαλλον αναδειχθηκε πρωινοσ εργασια υπουργικησ συνοδου unece λευκωσια
1,1.0,Positive,,,,,,,κυπροσ λευκωσια μεγαλοσ συνοδοσ περιβαλλον ευρωπη συμμετεχουν υπουργοσ
0,0.5,Negative,,,,,,,κυπροσ υπουργικοσ συνοδοσ unece περιβαλλων ευρωπη
0,0.5,Negative,,,,,,,αναγνωριση πρωτοβουλια κυπροσ υπουργικοσ συνοδοσ περιβαλλον λεει προεδροσ
0,0.5,Negative,,,,,,,αναγνωριση πρωτοβουλια κυπροσ υπουργικοσ συνοδοσ περιβαλλον λεει προεδροσ
0,0.5,Negative,,,,,,,κυπροσ υπουργικοσ συνοδοσ περιβαλλον ευρωπη κεραμεασ συναντησεισ επισκεψεισ
0,0.5,Negative,,,,,,,αρχιζει λευκωσια υπουργικοσ συνοδοσ περιβαλλων ευρωπη
0,0.0,Negative,,,,,,,λινελαιον μεσσιοσ περιβαλλον διαψευδω συμφωνια επιστροφη μπαρτολντι
0,0.0,Negative,,,,,,,κυπροσ κεραμεων οδηγοσ τροποσ σχεδιαζω πολιτικοσ βιωσιμοσ μελλον συνοδοσ περιβαλλον νικη_κεραμεωσ περιβαλλον υπουργοσ_παιδειασ_και_θρησκευματων
1,1.0,Positive,,,,,,,συνεντευξη τυποσ υπουργικοσ συνοδοσ περιβαλλων ευρωπη συνοδοσ αποτελω εξαιρετικα
0,0.5,Negative,,,,,,,συνεντευξη τυποσ υπουργικοσ συνοδοσ περιβαλλων ευρωπη συνοδοσ αποτελω εξαιρετικοσ ευκαιρια δεσμευτω διεθνησ περιφερειακοσ συνεργασια καλυτερο κοσμοσ περισσοτερα nicosiaefe
0,0.5,Negative,,,,,,,χαιρετισμοσ προεδροσ δημοκρατια τελετη εναρξη εργασια υπουργικησ συνοδου unece
0,0.0,Negative,,,,,,,δηλωσεισ προεδροσ δημοκρατια συνοδοσ unece περιβαλλον ευρωπη ενοψει ατυπησ συνοδου κορκ
0,0.0,Negative,,,,,,,χαιρετισμοσ υπουργοσ γεωργια αγροτικησ αναπτυξη περιβαλλον κωστα καδη συνεντευξη τυποσ υπουργικοσ
1,1.0,Positive,,,,,,,εξαιρετικα σημαντικοσ συνοδοσ περιβαλλων πραγματοποιηση κυπροσ καταδεικνυω εμπιστοσυνη
0,0.0,Negative,,,,,,,μικρο φυκοσ υποσχω αφθονοσ υγιεινοσ τροφη ζωοτροφη περιβαλλον
1,1.0,Positive,,,,,,,παραπανω ερωτημα θετω σημερινοσ ανακοινωση ομαδα περιβαλλον καλαθα
0,0.5,Negative,,,,,,,κεραμεων εκπαιδευση περιβαλλον αρρηκτα συνδεδεμενοσ εννοια
0,0.5,Negative,,,,,,,κεραμεων αρρηκτα συνδεδεμενοσ εννοια εκπαιδευση περιβαλλον
0,0.5,Negative,,,,,,,open village ανοιχτο χωριο σαββατοκυριακο αγιο λαυρεντιοσ πηλιου αφιερωμενοσ περιβαλλον μεσω
0,0.5,Negative,,,,,,,plastic free greece πραγματοποιηθηκε καθαρισμοσ παρακτιοσ λιμνη κερκινη κερκινη περιβαλλον λιμνη_κερκινη kerkini kerkini_lake serres
0,0.0,Negative,,,,,,,υπαρχω καλυτεροσ τροποσ κλειζω συνοδοσ περιβαλλων αποτελεσμα συνοδου εναρμονιζω
0,0.0,Negative,,,,,,,παρεμβαση υπουργοσ παιδεια εφαρμογη στρατηγικη εκπαιδευση αεροφορα αναπτυξη unece κυπροσ πλαισιο εργασια υπουργικησ συνοδου περιβαλλων ευρωπη nicosiaefe
1,1.0,Positive,,,,,,,σεμιναριο τιτλοσ διαχειριση περιβαλλον κινδυνων κρισεων νησιωτικοσ περιβαλλον πραγματοποιω ηρακλειο εισηγητησ καθηγητησ ευθυμη λεκκασ
0,0.5,Negative,,,,,,,workspace reservation zoom καινοτομω βελτιστοποιωντασ υβριδικοσ περιβαλλον εργασια
0,0.0,Negative,,,,,,,γκρινια κρεμλινο πολεμοσ ατομο περιβαλλον ρασπουτιν διαφωνησε
0,0.0,Negative,,,,,,,βλαντιμιρ χανω γκρινια περιβαλλον ρασπουτιν ανθρωποσ διαφωνησε ουκρανια
0,0.5,Negative,,,,,,,βλακασ χωραφια δινω γερμανοφωνε επιδοτω γερμανοφωνα βλακασ αγοραζω
0,0.5,Negative,,,,,,,ευανθια πραττουμε βιωσιμοσ παρον σχεδιαζω αεροφορα μελλον
0,0.5,Negative,,,,,,,κοινοτητα λειβαδιτησ δραστηριοτητεσ κεντρου περιβαλλοντικοσ εκπαιδευση θερμησ εκπαιδευση λιβαδιων περιβαλλον
0,0.0,Negative,,,,,,,ψυχικοσ υγεια εργασιακοσ περιβαλλον πανδημια παραγοντασ χρειαζομαι προσοχη
0,0.0,Negative,,,,,,,σκερτσο συντομευμενη μειωση φοροσ κεφαλαιο εργασια οδηγω ελκυστικοσ επενδυτικοσ περιβαλλον
0,0.0,Negative,,,,,,,πανακριβεσ επιβλαβησ περιβαλλον χρειαστεασ προσφερω
0,0.5,Negative,,,,,,,ζητω αποψη περιβαλλοντικοσ αρχη λογοσ εστιατοριο υπαρχω ενημερωση ολοκληρωση αναφορα επεμβασεων αγιοσ_γεωργιοσ_αλαμανου περιβαλλον κυπροσ
0,0.5,Negative,,,,,,,εκπαιδευτικοσ δραστηριοτητα περιβαλλον ακριτικοσ νησι ιδρυμα χατζηδακησ
0,0.5,Negative,,,,,,,εκπαιδευτικοσ δραστηριοτητα περιβαλλον ακριτικοσ νησι ιδρυμα χατζηδακησ
0,0.0,Negative,,,,,,,καυσοξυλα κινδυνοσ υγεια περιβαλλον
0,0.0,Negative,,,,,,,δεκα τσερνομπιλ χιροσιμα κτυπηθει ζαποροζιε τρομακτικοσ ζημια εισβολη λεει ουκρανοσ υπουργοσ περιβαλλων ουκρανια ρωσια
0,0.0,Negative,,,,,,,περιβαλλον ρασπουτιν πιεζω αντιποινο
0,0.0,Negative,,,,,,,κινδυνοσ υγεια περιβαλλον καυση ξυλων
1,1.0,Positive,,,,,,,ελληνικοσ πανεπιστημια φαροσ αδιαφοριασ διεθνησ παρουσιαση χαρτασ εφορια ελληνικοσ πανεπιστημιων διασκεψη περιβαλλων
0,0.5,Negative,,,,,,,workspace reservation zoom καινοτομω βελτιστοποιωντασ υβριδικοσ περιβαλλον εργασια
0,0.0,Negative,,,,,,,χτιζω βιωσιμοσ τουριστικοσ θερετρο χωρα χαμηλοσ υψομετρο κοσμοσ
0,0.5,Negative,,,,,,,jtiστο diversityin business conference lilizigoslu βιωσιμοσ μελλον ξεκινα χωροσ εργασια
0,0.5,Negative,,,,,,,jtiστο diversityin business conference lilizigoslu βιωσιμοσ μελλον ξεκινα χωροσ εργασια
0,0.5,Negative,,,,,,,αναθεωρηση ιστορια κρατω ιδιαιτερα βρισκω ευνοϊκοσ πολιτικοσ περιβαλλον ενθαρρυνω υποθαλπει γραφω βασιλικη λαζου
1,1.0,Positive,,,,,,,grant thornton πλαισιο μεθοδικοσ συστηματικοσ υλοποιηση σειρα δρασεων πρωτοβουλια διασφαλιζω ισοτητα ασφαλεια εργασιακοσ περιβαλλον υπεγραψε χαρτα διαφορετικοτητα ελληνικοσ επιχειρηση
0,0.5,Negative,,,,,,,create βιωσιμο μελλον τουρισμοσ συζητηθει forum πραγματοποιω χανια
0,0.5,Negative,,,,,,,φαμελλοσ γενικη συνελευση πεδιου πεδιου περιβαλλον φαμελλοσ συγυριζα
1,1.0,Positive,,,,,,,forum create βιωσιμο μελλον τουρισμοσ διοργανωνω παρασκευη οκτωβριοσ χανια θεατρο μικησ θεοδωρακησ δημοσ χανιων bespoke communications υποστηριξη οτεσ
0,0.5,Negative,,,,,,,καραμανλησ πειραιασ γινομαι πολη ανθρωπινη μεσοσ βιωσιμοσ τελοσ μετρο θεσσαλονικησ
0,0.0,Negative,,,,,,,κολωνοσ ποινικη διωξη trafficking χρονοβορο ερευνα περιβαλλον αχρονησ
1,1.0,Positive,,,,,,,γονεισ καρολινα θελω εξασφαλιζω ασφαλεσσ περιβαλλον alphanewslive greece
0,0.5,Negative,,,,,,,ψαχνω περιβαλλον αχρονοσ γνωριζε μηνασ συνεβαινε
0,0.5,Negative,,,,,,,εννοειται γονεισ μπηκαν φυλακη ποσο καιροσ γνωριζω παιδι μεταφερω ασφαλεσσ περιβαλλον
0,0.5,Negative,,,,,,,προσωπο κοντινοσ περιβαλλον αχρονησ κατονομαζω διχρονοσ μαστροποσ
0,0.0,Negative,,,,,,,βιασμοσ αχρονοσ αντεπεξερχεται νεοσ συλληψη φορα οικογενειακοσ περιβαλλον χρονου νεοσ στοιχειο
0,0.0,Negative,,,,,,,κλικ διαβαστε newsbeast κολωνοσ ερχομαι συλληψεωσ βρισκω περιβαλλον ομοχρονησ
0,0.0,Negative,,,,,,,κλικ διαβαστε newsbeast κολωνοσ ερχομαι συλληψεωσ βρισκω περιβαλλον ομοχρονησ
0,0.0,Negative,,,,,,,νεοσ ενταλμα συλληψη περιβαλλον αχρονου ηλια μυχουσ καταβαλλω χρημα
0,0.0,Negative,,,,,,,κολωνοσ πληροφορια συλληψη ατομου περιβαλλον αχρονοσ video κολωνοσ ομοχρονη
1,1.0,Positive,,,,,,,παιχνιδια νηπιαγωγειο δημου χανιων δινω χρωμα χαρα ασφαλεσσ περιβαλλον παιδια
0,0.0,Negative,,,,,,,σεπολιο πληροφορια συλληψη περιβαλλον αχρονοσ
0,0.0,Negative,,,,,,,εκδοση ενταλματοσ συλληψη αναμενω επομενοσ λεπτα συμφωνα πληροφορια mega ατομο περιβαλλον αχρονοσ sepolia
0,0.0,Negative,,,,,,,πληροφορια συλληψη περιβαλλον αχρονοσ
0,0.0,Negative,,,,,,,θεσσαλονικη διχρονοσ μολυνε περιβαλλον διαλυτηριο οχηματων πληρω προδιαγραφη
0,0.0,Negative,,,,,,,ερχω πεντε ενταλματα συλληψη μεσο προσωπο στενοσ περιβαλλον μυχουσ
0,0.0,Negative,,,,,,,καλοχωρι παρανομοσ μαντρα αυτοκινητο αποθηκευαν επικινδυνα υλικα περιβαλλον αφωτο
0,0.0,Negative,,,,,,,κολωνοσ συνεληφθη πατερασ αχρονησ ναρκωτικοσ πιθανη συλληψη περιβαλλον αχρονοσ
0,0.5,Negative,,,,,,,τουρισμοσ εφορια παρακτιεσ περιοχεσ ευρωπη
0,0.5,Negative,,,,,,,κανω περιβαλλον παραπολιτικοσ ισημερινησ
0,0.0,Negative,,,,,,,περαιτερω πτωση σποδο σεπτεμβριοσ περιβαλλον υψηλησ αβεβαιοτητα ειδικοτερα ευρωπη
1,1.0,Positive,,,,,,,δημοσ ξανθησ εκδηλωση ενημερωση περιβαλλον φιλοζωια κεντρικοσ πλατεια
0,0.0,Negative,,,,,,,ελεονορα μελετη συμβαινω επαγγελματικοσ περιβαλλον κατουριεμαι φοβοσ
0,0.0,Negative,,,,,,,μελετη συμβαινω επαγγελματικοσ περιβαλλον κατουρηματα φοβοσ
0,0.5,Negative,,,,,,,ομιλια προεδροσ δημοκρατια νικοσ αθανασιαδη διασκεψη τυποσ πρωτοβουλια κυπριακοσ δημοκρατια
0,0.0,Negative,,,,,,,σταχτοκουλουρασ ελλαδα χτινω ισχυροσ γραμμη αμυνα δυσμενεσσ διεθνεσσ περιβαλλον
0,0.0,Negative,,,,,,,ακουραστα συνοδο δαντον χτισαμε ισχυροσ αμυντικοσ γραμμη δυσμενεσσ διεθνεσσ περιβαλλον χρηστοσ_σταϊκουρασ συνοδοσ δαντον προγραμματιστικοσ
0,0.0,Negative,,,,,,,ακουραστα συνοδοσ δαντον ελλαδα χτινω ισχυροσ γραμμη αμυνα δυσμενεσσ διεθνεσσ περιβαλλον
0,0.0,Negative,,,,,,,ακουραστα συνοδο δαντον χτισαμε ισχυροσ αμυντικοσ γραμμη δυσμενεσσ διεθνεσσ περιβαλλον
0,0.0,Negative,,,,,,,ελλαδα εχτισε ισχυροσ γραμμη αμυνα δυσμενεσσ διεθνεσσ περιβαλλον παρουσιαζω δοντι ακουραστα
0,0.0,Negative,,,,,,,ακουραστα συνοδοσ ελλαδα χτινω ισχυροσ γραμμη αμυνα δυσμενεσσ διεθνεσσ περιβαλλον
0,0.0,Negative,,,,,,,ζωδια οκτωβριοσ περιβαλλον επηρεαζω αρνητικα thessaloniki theo
0,0.5,Negative,,,,,,,θεσμικοσ προστασια παραλια μερικασ πανηγυρισμοσ μπουρνουζιου αυτοδιοικηση σμπαραλιαστηκαμε περιβαλλον
0,0.5,Negative,,,,,,,μαρουσι νεοσ πλυντηριον υπερσυγχρονη υδροφορα
0,0.0,Negative,,,,,,,κλικ διαβαστε thetoc κολωνοσ τηλεφωνικοσ επαφη ενηλικοσ κινητο αχρονοσ ερχω συλληψεισ περιβαλλον
1,1.0,Positive,,,,,,,εταιρεια καλυσ εργασιακοσ περιβαλλον διεθνωσ
0,0.5,Negative,,,,,,,επαρχια overijssel σκουληκι βρισκω μενου δημοτικοσ σχολειο μεροσ διδακτικοσ πακετου
1,1.0,Positive,,,,,,,εταιρεια καλυσ εργασιακοσ περιβαλλον διεθνωσ
0,0.0,Negative,,,,,,,ζοφοσ ινασ βαλτοσ βουλιαξει μπορεισ βρομα δυσωδια γινομαι φυσικοσ περιβαλλον σημυδα
0,0.0,Negative,,,,,,,προφανεσσ κινεζοσ ηγετησ ονειρευομαι αναβαθμισμενη θεση παγκοσμιοσ κλιμακα μεταβαλλομενοσ διεθνησ περιβαλλον
1,1.0,Positive,,,,,,,νεοφωτιστοσ ραφαηλ νικολαοσ απολαμβανω αγκαλια νονων προερχω περιβαλλον γονιων ανεπτυξαν σχεση εννεα μηνασ διαρκεια εντονοσ κακοκαιρια εσωσαν
0,0.5,Negative,,,,,,,αναγκη αντικαθιστω στολοσ ρυμουλκων ενταξη χρηματοδοτικοσ προγραμμα ταμειου ανακαμψη ναυπηγηθουν ελληνικοσ ναυπηγειο νεοσ αποδοτικοτερα πλοια χρηση φιλικοσ καυσιμων περιβαλλον ζητω
0,0.0,Negative,,,,,,,αγια πελαγια καταστραφηκε πλημμυρα αλλαζω θεμα κανω πολιτεια ξανασυμβει
0,0.0,Negative,,,,,,,τροποσ αντεπεξελθει τοξικοσ εργασιακοσ περιβαλλον καριεριστα
1,1.0,Positive,,,,,,,prem watsa fairfax financial holdings limited οικονομικο φορουμ τοροντο επανεκλογη μητσοτακη δημιουργω ασφαλεσσ περιβαλλον επενδυσεισ
1,1.0,Positive,,,,,,,κρεμ γουλιτσα επανεκλογη μητσοτακη δημιουργω ασφαλεσσ περιβαλλον επενδυσεισ
0,0.5,Negative,,,,,,,zoom workspace reservation βελτιστοποιωντασ υβριδικοσ περιβαλλον εργασια
0,0.5,Negative,,,,,,,ειδικο λαθεμα καντορ ντουμπροβνικ μαργαριταρι αδριατικη κυνηγα στοιχημα βιωσιμοσ τουρισμοσ
0,0.0,Negative,,,,,,,κακοποιητικοσ μεγαλωσει κακοποιητικοσ περιβαλλον διαλυμενοσ οικογενεια γονεασ παραμεγαλοπιανοντουσαν παιδι αναλογοσ περιβαλλον καλοσ πορεια παρακολουθηση ψυχολογοσ αλιπαντων γεννιεται βιαστησ
1,1.0,Positive,,,,,,,γιαννησ σεκοσ οφειλουμε σεβασμοσ περιβαλλον επομενοσ γενια αναπτυξουμε ουσιαστικοσ ρεαλιστικοσ δραση
1,1.0,Positive,,,,,,,κρεμ γουλιτσα επανεκλογη μητσοτακη δημιουργω ασφαλεσσ περιβαλλον επενδυσεισ
0,0.5,Negative,,,,,,,περιβαλλον γινομαι ευνοϊκοσ τυφωνεσ ακραιοσ καιρικοσ φυσικοσ φαινομενο
1,1.0,Positive,,,,,,,κρεμ γουατ fairfax επανεκλογη κυριακου μητσοτακησ δημιουργω ασφαλεσσ περιβαλλον επενδυσεισ
0,0.5,Negative,,,,,,,κλαδοσ κρουαζιερα αποδεικνυω δεσμευση κρουαζιερα μηδενικοσ αποτυπωμα ανθρακασ παγκοσμιωσ
0,0.5,Negative,,,,,,,unesco ολυμποσ θετω υποψηφιοτητα ενταξη καταλογοσ μνημειων παγκοσμιασ πολιτιστικη φυσικη κληρονομιασ ελαιολαδα περιβαλλον
0,0.5,Negative,,,,,,,σκιρωνιδεσ παρασκευη βροχη πεφταστεριο φθινοπωρου
0,0.5,Negative,,,,,,,περιπτωση σεξουαλικοσ κακοποιηση στενοσ οικογενειακοσ περιβαλλον τονιζω ραπτη
0,0.5,Negative,,,,,,,ραπτη περιπτωση σεξουαλικοσ κακοποιηση στενοσ οικογενειακοσ περιβαλλον
0,0.5,Negative,,,,,,,κιλικια αναβαθμιζω brand σκυρου πλαισιο στρατηγικη βιωσιμοσ τουρισμοσ
0,0.5,Negative,,,,,,,βασιλησ κιλικια σκυροσ αναβαθμιζω brand σκυρου πλαισιο στρατηγικη βιωσιμοσ τουρισμοσ
0,0.5,Negative,,,,,,,κιλικια αναβαθμιζω brand σκυρου πλαισιο στρατηγικη βιωσιμοσ τουρισμοσ
0,0.5,Negative,,,,,,,thread ερευνα δημοσιευω solomon διερευνα αορατοσ σημαντικοσ
0,0.5,Negative,,,,,,,πλαισιο προσαρμογη ελλαδα μπραντο τομασ ξεκινω μαθημα ελληνικοσ βελτιωνω επικοινωνια νεοσ περιβαλλον
0,0.0,Negative,,,,,,,μεγαλωσε εφτα αδελφια οικογενεια ακραιοσ στερηση πατερασ αντιμετωπιζω
0,0.5,Negative,,,,,,,πιθανωσ προσεξε καθημερινοσ δινη γεγονοτων προαλλεσ υπαρχω γεγονοσ πολιορκητικοσ κριο γκρεμισε σκονοσ φανηκε απαραβιαστοσ βαση δυτικοσ κοινωνια πολιτικη
0,0.5,Negative,,,,,,,κλαδοσ κρουαζιερα αποδεικνυω δεσμευση κρουαζιερα μηδενικοσ αποτυπωμα ανθρακασ παγκοσμιωσ
0,0.5,Negative,,,,,,,σεπολια ερχω δημοσιοτητα σημαντικοσ πληροφορια περιβαλλον χρονοβορο κοριτσι σεπολια παιδοβιαστησ_κολωνοσ
0,0.5,Negative,,,,,,,σεπολια μιτοσ ψαρευε παιδεραστησ οικογενειακοσ περιβαλλον αχρονοσ
0,0.5,Negative,,,,,,,κολωνοσ μιτοσ ψαρευε πελατησ οικογενειακοσ περιβαλλον αχρονοσ
0,0.0,Negative,,,,,,,μιτοσ ψαρευε βιαστησ οικογενειακοσ περιβαλλον ομοχρονησ
0,0.0,Negative,,,,,,,κολωνοσ μιτοσ ψαρευε βιαστησ οικογενειακοσ περιβαλλον ομοχρονησ μυστηριο αρχιζω εφιαλτησ
0,0.5,Negative,,,,,,,αναλυση προγραμματικων δηλωσεων πολιτικου φορεα περιβαλλον
0,0.5,Negative,,,,,,,βριλησσιων νεοσ ετησιοσ προγραμμα
0,0.0,Negative,,,,,,,εκλειψη ηλιου γινομαι ορατοσ κεντρικοσ ελλαδα
1,1.0,Positive,,,,,,,μικροσ εξυπνοσ συμβατα περιβαλλον εργο κανω λογοσ εκπομπη ενημερωση καθηγητησ ευθυμησ λεκκασ
0,0.0,Negative,,,,,,,φαρμα ροδοσ δωρεαν εισοδοσ οκτωβριοσ φεστιβαλ περιβαλλων δημοκρατικοσ ροδοσ δωδεκανησα
1,1.0,Positive,,,,,,,περπατα μελλον μεγαλοσ πορεια περιβαλλον βρυξελλεσ
0,0.5,Negative,,,,,,,bullying βγαινω σχολικοσ περιβαλλον συνεπεια ενηλικοσ
0,0.0,Negative,,,,,,,ομοχρονη φοβαται αστυνομια φυλακη πραξη αντεκδικηση συγγενικοσ περιβαλλον χρονοβορου λεει δικηγοροσ ακρατητοσ
0,0.0,Negative,,,,,,,υelen οικοτυποι επικινδυνοσ ασταθεσσ μακροοικονομικοσ περιβαλλον
0,0.0,Negative,,,,,,,προγραμματισμενη καταστροφη περιβαλλον
0,0.5,Negative,,,,,,,χαραλαμπος χαριτοπουλοσ αναλυση προγραμματικων δηλωσεων πολιτικου φορεα περιβαλλον
0,0.0,Negative,,,,,,,νεοσ μελετη πραγματοποιω ερευνητησ πανεπιστημιο penn state διαπιστωσε ηλεκτρικοσ εκκενωσεισ εκπεμπω δεντρο φυτα ακρα φυλλων διαρκεια καταιγιδων περιβαλλον
0,0.0,Negative,,,,,,,εεεα πολεμοσ εκτροχιασει πλανο περιβαλλον europenews
0,0.0,Negative,,,,,,,σωστε πλανητησ σπιτι διαδηλωση παιδιων περιβαλλον κεντρο λαρισασ
0,0.5,Negative,,,,,,,ιλλυριασ περιβαλλον πολιτισμοι ειρηνη κανελλοπουλο
0,0.0,Negative,,,,,,,ελλαδα στοχοσ συνεχησ ενδυναμωση σχεση επιχειρηματικοσ ακαδημαϊκοσ κοινοτητα προωθηση επιχειρηματικοτητα ακαδημαϊκοσ περιβαλλον ανακοινωνω υπογραφη μνημονιου συνεργασια οικονομικο πανεπιστημιο αθηνων
0,0.5,Negative,,,,,,,εθνικοσ τραπεζα ελληνικοσ τουρισμοσ βαζω πλωρη ξεπεραζω κερδιζω μεριδια περιβαλλον προκλησεωσ
0,0.5,Negative,,,,,,,εθνικοσ τραπεζα ελληνικοσ τουρισμοσ βαζω πλωρη ξεπεραζω κερδιζω μεριδια περιβαλλον προκλησεωσ
1,1.0,Positive,,,,,,,νικηφοροσ γεννα ευτυχιζω μερα μητερα επισημα
0,0.5,Negative,,,,,,,επενδυτικοσ σχεδιο δημου θερμησ ολοκληρωνω ενεργειακοσ μεταβαση κλιματικοσ ουδετεροτητα εκδηλωσει αθερμη περιβαλλον
0,0.0,Negative,,,,,,,μασκεσ σωζω covid καταστρεφω περιβαλλον ειδησεισ νεοσ βημα online
0,0.5,Negative,,,,,,,ληξουρι ionian aquarium εκδηλωση περιβαλλον
0,0.0,Negative,,,,,,,εεεα αυστηροτερα μετρο περιβαλλον στοχοσ μηδενικοσ ρυπανση europeanunion environment pollution
0,0.5,Negative,,,,,,,σειρα επαφη περιβαλλον ουρανιοσ τοξο μαγαζι αγοραζε απλοσ φαρμακι gitiselias
0,0.0,Negative,,,,,,,βελγιο μειωστε χρονοσ κανω ντουσ εξοικονομησετε ενεργεια μηνυμα στελνω ιδρυμα περιβαλλον
0,0.0,Negative,,,,,,,βελγιο μειωστε διαρκεια ντοσ εξοικονομηση ενεργεια προτρεπω ιδρυμα περιβαλλον
0,0.0,Negative,,,,,,,ελληνασ πρεσβευτησ κλιμακα ευρωπαϊκοσ επιτροπη αναλαμβανω δραση climateaction
0,0.5,Negative,,,,,,,βελγιο ιδρυμα περιβαλλον καλω μειωσουμε διαρκεια ντοσ εξοικονομηση ενεργεια
0,0.0,Negative,,,,,,,μειωστε χρονοσ κανω ντουσ εξοικονομησετε ενεργεια καλω βελγοσ ιδρυμα περιβαλλον περνω λεπτο καλουνται μειωσουν λεπτο energycrisis βελγιο
0,0.0,Negative,,,,,,,γυναικα οικογενειακοσ περιβαλλον παραδεχτηκε επαιξαν καθοριστικοσ ρολοσ znews παιδαριωδησ xamogelakaipali
0,0.5,Negative,,,,,,,πρωτια ομαδα igem thessalyσ διεθνησ διαγωνισμοσ θεμα περιβαλλον
0,0.5,Negative,,,,,,,ναξοσ συλλογοσ μηχανικοσ ναξου ζητουμενοσ βιωσιμοσ μοντελο τουριστικοσ αναπτυξη
0,0.5,Negative,,,,,,,ναξοσ συλλογοσ μηχανικοσ ναξου ζητουμενοσ βιωσιμοσ μοντελο τουριστικοσ αναπτυξη
0,0.0,Negative,,,,,,,βελγιο μειωση διαρκεια ντοσ στοχοσ εξοικονομηση ενεργεια καλω ιδρυμα περιβαλλον
0,0.0,Negative,,,,,,,επιχειρηματικοσ περιβαλλον αλμα θεση ελλαδα businessnewsgr
0,0.0,Negative,,,,,,,μητσοτακησ ανοδοσ θεση ελλαδα επιχειρηματικοσ περιβαλλον αναγνωριζω προσπαθεια
0,0.0,Negative,,,,,,,μητσοτακησ ανοδοσ θεση ελλαδα επιχειρηματικοσ περιβαλλον
0,0.0,Negative,,,,,,,βελγιο μειωστε διαρκεια ντοσ εξοικονομηση ενεργεια λεει ιδρυμα περιβαλλον
0,0.5,Negative,,,,,,,infographic αλμα θεση επιχειρηματικο_περιβαλλον
0,0.0,Negative,,,,,,,δοθει δυνατοτητα μεινω υπολοιποσ καριερα υπεγραφα στιγμη
0,0.5,Negative,,,,,,,βρετανια αναδυθηκε παγοσ γινομαι νησι αρθραρα βρετανικε παγετωνοσ περιβαλλον
0,0.5,Negative,,,,,,,εκδηλωσησυζητηση θεμα φαινομενο σεξουαλικοσ διαστροφων κοινωνικοσ οικονομικοσ περιβαλλον
0,0.0,Negative,,,,,,,καλεσμα οργανωση συμμετοχη κοινοσ δραση θεμα υπαιθρια εκπαιδευση δραση κλιμα πεμπτη νοεμβριου απευθυνω εκπαιδευτικοσ σχολειο κεντρο εκπαιδευσησ περιβαλλον εφορια αποσκεπε βασου
0,0.5,Negative,,,,,,,μαρτυρια αρμοδιων θεσμικοσ παραγοντων μαθητοσ καμερα ισημερινησ αναμιξη ανηλικων ηλεκτρονικοσ εγκλημα αναγκη ασφαλεσσ ειρηνικοσ σχολικοσ περιβαλλον εξωθειτε ισημερινοσ μαρια δημοσθενουσ
0,0.5,Negative,,,,,,,εκδηλωσησυζητηση θεμα φαινομενο σεξουαλικοσ διαστροφων κοινωνικοσ οικονομικοσ περιβαλλον
1,1.0,Positive,,,,,,,βασιλικοσ ζευγοσ δημαρχοσ ζερβα εσωζαν περιβαλλον ποδηλατωντασ μετρο μπροστα καμερα στιγμη αμαξιο μεγαλοσ κυβισμοσ εκαιγαν καυσιμο προστατευω γραφει χρηστοσ αβραμιαιασ
0,0.0,Negative,,,,,,,zero economy index αναγκη εντατικοποιηση ρυθμοσ μειωση εκπομπη διοξειδιου ανθρακασ περιβαλλον αιθυλενοξειδιο ερευνα
0,0.0,Negative,,,,,,,ασφαλιζοντασ υβριδικοσ εργασιακοσ περιβαλλον βασικοσ αρχη προστατεψετε επιχειρηση
0,0.5,Negative,,,,,,,cyprus διαβεβαιωσεισ προεδροσ επιτροπη υγεια αντασφαλιστικο βιωσιμοσ
0,0.5,Negative,,,,,,,ασφαλιζοντασ υβριδικοσ εργασιακοσ περιβαλλον
0,0.5,Negative,,,,,,,κυκλαδα συροσ εκδηλωση θεμα βιωσιμοσ τουρισμοσ νησι αιγαιο
0,0.5,Negative,,,,,,,βρεθηκε λυση σωσουμε περιβαλλον σταματω τρωμε κρεασ βοηθω οικονομια
0,0.0,Negative,,,,,,,georgieva δραση κλιμα αδυναμεσ οικονομια πληρωνω τιμημα
0,0.5,Negative,,,,,,,ενδειασ στοχοσ ασφαλεσσ περιβαλλον δημοσιογραφοσ
0,0.0,Negative,,,,,,,δολοφονια αχρονου μανδρα περιβαλλον θυματοσ αναζητω δραστησ ανδροκρατικησ δολοφονια
0,0.0,Negative,,,,,,,δολοφονια αχρονου μανδρα περιβαλλον θυματοσ αναζητω δραστησ ανδροκρατικησ δολοφονια
0,0.5,Negative,,,,,,,δραστησ σεξουαλικοσ κακοποιηση περιβαλλον παιδιοσ
0,0.5,Negative,,,,,,,δραστησ σεξουαλικοσ κακοποιηση περιβαλλον παιδιο
0,0.0,Negative,,,,,,,φωναζετε μητσοτακη_καθαρμα μητσοτακη_γαμιεσαι καει βουνο στισει φαρφουριουσ ζημενς εβραιων γερμανων πατο αμαν πετεχια καλοκαταλαβαινομαστε σωθει περιβαλλον κανει μουνουχισαν
0,0.0,Negative,,,,,,,ακριτασ αποκαλυψη documento πατοσ διαφθορα φυσικοσ περιβαλλον documento
0,0.0,Negative,,,,,,,σημαντικοσ δειτε αντιμετωπισετε μολυνση εμβολιο τοξικοσ ακιδα παρακαλω μοιραστειτε θεμα περιβαλλον εμβολιαζω σωστε ζωηρη
1,1.0,Positive,,,,,,,qualco εταιρεια καλυσ εργασιακοσ περιβαλλον businessnewsgr
0,0.0,Negative,,,,,,,παιδι μενω στασιμο ασφαλεσσ περιβαλλον προπονησεων κακαο
1,1.0,Positive,,,,,,,εθνικοσ τραπεζα ισχυρα χαρτια κρητη περιβαλλον προκληση εθνικοπατριωτικα
1,1.0,Positive,,,,,,,εθνικοσ τραπεζα ισχυρα χαρτια κρητη περιβαλλον προκληση εθνικοπατριωτικα
1,1.0,Positive,,,,,,,εθνικοσ τραπεζα ισχυρα χαρτια κρητη περιβαλλον προκλησεων moneypress
1,1.0,Positive,,,,,,,εθνικοσ τραπεζα ισχυρα χαρτια κρητη περιβαλλον προκλησεων moneypress
1,1.0,Positive,,,,,,,εθνικοσ τραπεζα ισχυρα χαρτια κρητη περιβαλλον προκλησεων
0,0.5,Negative,,,,,,,πραγματοποιω ημεριδα αρωματικοσ φαρμακευτικοσ φυτα κοινοτητα βασιλικοσ πλαισιο βιου εκπαιδευση βασιλικοσ εκπαιδευση περιβαλλον
0,0.0,Negative,,,,,,,εφιαλτησ παιδικοσ κακοποιηση ελλαδα συμφωνα στοιχειο αποτυπωνω γραφημα θυτησ βρισκω στενοσ οικογενειακοσ συγγενικοσ φιλικοσ περιβαλλον παιδιοσ
1,1.0,Positive,,,,,,,μερα wtmldn πανω βρετανοσ επισκεπτησ χωρα νεοσ πτησεισ καινουργιοσ προορισμοσ
0,0.5,Negative,,,,,,,skinny συγχρονο περιβαλλον ρομαντικοσ πινελια ατμοσφαιρα γαλλικοσ bistrot
0,0.5,Negative,,,,,,,εργο λογοσ μηνυμα νεοσ παγκοσμιοσ ηγετησ περιβαλλον businessnewsgr
0,0.5,Negative,,,,,,,εργο λογοσ μηνυμα νεοσ παγκοσμιοσ ηγετησ περιβαλλον
0,0.5,Negative,,,,,,,save planet μηνυμα κορινθοσ περιβαλλον nemeapress
0,0.0,Negative,,,,,,,ξεκινω σεισμικοσ ερευνα κρητη πελοποννησο αυστηροσ πλαισιο περιβαλλον
0,0.5,Negative,,,,,,,μπορντελο προσαρμογη ευρωπαϊκοσ πολιτικοσ αμυνα νεοσ περιβαλλον
0,0.0,Negative,,,,,,,βιωσιμοσ τουρισμοσ αναγκη πλανητησ χωρα βασικοσ προϋποθεση προκειμενω
0,0.5,Negative,,,,,,,βολτα δασοσ βημα ακολουθω προστατευω φυσικοσ περιβαλλον
0,0.0,Negative,,,,,,,προκληση ceos νεοσ περιβαλλον βρεθηκαν επικεντρο initiative businessnewsgr
1,1.0,Positive,,,,,,,ροδοπη σεβομαι περιβαλλον υιοθετουμε plant based συσκευασια αποκτωμενο καπακι
1,1.0,Positive,,,,,,,ροδοπη σεβομαι περιβαλλον υιοθετουμε plant based συσκευασια αποκτωμενο καπακι
0,0.5,Negative,,,,,,,φινλανδια βιωσιμοσ προορισμοσ ευρωπη αγορα aystria voreiaeyropi dania malta
1,1.0,Positive,,,,,,,φινλανδια βιωσιμοσ προορισμοσ ευρωπη αγορα μεγαλοσ βελτιωση ελλαδα
0,0.5,Negative,,,,,,,φινλανδια βιωσιμοσ προορισμοσ ευρωπη αγορα
0,0.5,Negative,,,,,,,praktoreiolife φινλανδια βιωσιμοσ προορισμοσ ευρωπη αγορα
0,0.0,Negative,,,,,,,αδερφε πρωι μαλωνω ζηταω πλαστικοσ καλαμακι καφε δινω ρωταω γιατι ποτηρι
0,0.5,Negative,,,,,,,αποκαλυφθει παρακολουθειτε προεδροσ δημοκρατια περιβαλλον κανω σχετικοσ δηλωση προεδρο
0,0.5,Negative,,,,,,,κλιμασ παγκοσμιοσ πληθυσμοσ επηρεαζω περιβαλλον
0,0.0,Negative,,,,,,,τροχοσ powerspin γυριζω ψηφιακοσ περιβαλλον
0,0.0,Negative,,,,,,,θεσμικοσ αλλαγη θεμελιωνω εγχωριο ακμαζω περιβαλλον καταγραφω συνεντευξη προεδροσ δεοντοσ συμβουλου εκθεσομε πλαισιο δειτε tiff studiogreece
0,0.0,Negative,,,,,,,συγνωμη καταλαβει πετανε μπογια πινακεσ γιατι καταστρεφω περιβαλλον γιατι πανε μαζεψουν σκουοσ
0,0.0,Negative,,,,,,,σκεφτομαι χειροτερο βανδαλισμοσ εργο τεχνη αποτυχια δρωντων αντιληφθω πολιτισμοσ περιβαλλον ενιαιοσ αγαθο
0,0.0,Negative,,,,,,,ενθετο περιβαλλον εξελιξη διαπραγματευση παγκοσμια διασκεψη κλιμα
0,0.5,Negative,,,,,,,φινλανδια βιωσιμοσ προορισμοσ ευρωπη αγορα
0,0.5,Negative,,,,,,,αναπληρωτησ ευδαιμων αναστασιοσ οσιοσ ομιλητων renewable storage forum γινομαι
0,0.0,Negative,,,,,,,δημοκοπω κερκυρα διαδραστικοσ παρασταση αλληλεπιδραση υγεια περιβαλλον
0,0.0,Negative,,,,,,,δημοκοπω κερκυρα διαδραστικοσ παρασταση αλληλεπιδραση υγεια περιβαλλον
0,0.0,Negative,,,,,,,πηγε βιασει ανθρωποσ οικειοσ περιβαλλον
1,1.0,Positive,,,,,,,πρωην προεδρουσ νεασ δημοκρατια ειπε προσφατα στενοσ φιλικοσ περιβαλλον δαυτων
0,0.5,Negative,,,,,,,ουλα πηγε συνοδοσ περιβαλλον ιδιωτικοσ τζετ εκατομμυριουχουσ
0,0.5,Negative,,,,,,,συμβουλη δημιουργησετε ιδανικοσ περιβαλλον κρεβατοκαμαρα
0,0.5,Negative,,,,,,,βραχνασ μυδοκαλλιεργητησ θερμαϊκου κολπου θαλασσιοσ φουσκη ημεριδα προσθαλασσωσεσ σπερματορροϊκοσ θεσσαλονικη κλιματιστικοσ υδατοκαλλιεργεια μυδοκαλλιεργητησ
0,0.5,Negative,,,,,,,εμφαση απορρεω μακροοικονομικοσ περιβαλλον αμεσοσ αντικτυποσ καθορισμοσ στρατηγικη
1,1.0,Positive,,,,,,,διχρονη βρεθηκε περιοχη νεασ σμυρνησ αστυνομικοσ βρισκω ασφαλεσσ περιβαλλον
0,0.5,Negative,,,,,,,παιδι υποστει ειδοσ κακοποιηση παιδι κρινω ακαταλληλοσ οικογενειακοσ περιβαλλον απομακρυνθουν znews παιδιακισια νοσοκομειακοι
0,0.5,Negative,,,,,,,γιαννησ κοτσιρασ εχανα φιλοσ εχανα περιβαλλον εχανα
0,0.5,Negative,,,,,,,αλεξανδρα μετεχω διεθνησ συναντηση κορυφη πραγα λονδινο περιβαλλον
0,0.5,Negative,,,,,,,δημοσ λυκοβρυσησπευκησ ψεκασμοσ καμπια πευκων
1,1.0,Positive,,,,,,,hyundai δινω παρων παγκοσμιοσ κυπελλο ποδοσφαιρου φιλικα περιβαλλον οχημα
0,0.0,Negative,,,,,,,κλικ διαβαστε cnnο πανελληνιο συνεδριο ασθενων αναγκη προσβασιμοσ βιωσιμοσ συστημα υγεια
0,0.0,Negative,,,,,,,πανελληνιο συνεδριο ασθενων αναγκη προσβασιμοσ βιωσιμοσ συστημα υγεια
0,0.5,Negative,,,,,,,ειδικο θεμα τσεπη αγροτησ περιβαλλον ορυζωνασ δυτικοσ θεσσαλονικη μεγαλοσ κερδισμενοι γεωργια ακριβεια
1,1.0,Positive,,,,,,,παρασκευοπουλου δωσουμε παιδι οικογενεια περιβαλλον αγαπη φροντιδα
0,0.5,Negative,,,,,,,διατροφικοσ περιβαλλον επηρεαζω σχεση τροφη
1,1.0,Positive,,,,,,,παρασκευοπουλου δωσουμε παιδι οικογενεια περιβαλλον αγαπη φροντιδα
1,1.0,Positive,,,,,,,παρασκευοπουλου δωσουμε παιδι οικογενεια περιβαλλον αγαπη φροντιδα ανθισουν
0,0.5,Negative,,,,,,,ανεβεισ εντυπωσιακοσ περιβαλλον λεοναρντο εξαιρετικοσ φορμα athlosnews αθλοθεσια
1,1.0,Positive,,,,,,,παρασκευοπουλου δωσουμε παιδι οικογενεια περιβαλλον αγαπη φροντιδα
1,1.0,Positive,,,,,,,κλικ διαβαστε real news κατερινα καλογεροπουλοσ δωσουμε παιδι περιβαλλον αγαπη φροντιδα
1,1.0,Positive,,,,,,,κλικ διαβαστε real news κατερινα καλογεροπουλοσ δωσουμε παιδι περιβαλλον αγαπη φροντιδα
1,1.0,Positive,,,,,,,παρασκευοπουλου δωσουμε παιδι οικογενεια περιβαλλον αγαπη φροντιδασ
1,1.0,Positive,,,,,,,δωσουμε παιδι οικογενεια περιβαλλον αγαπη φροντιδα ανθισουν
1,1.0,Positive,,,,,,,παρασκευοπουλου δωσουμε παιδι περιβαλλον αγαπη φροντιδα gitiselias gntmgr sasmos kaneotikoimasai pagidevmenoi
0,0.5,Negative,,,,,,,ποσο ευκολα προσαρμοζω γατα σκυλοσ νεοσ περιβαλλον ξενοσ μελετη
1,1.0,Positive,,,,,,,βλεπεισ λυση δημιουργησε περιβαλλον απολυτοσ ησυχια αφουγκραστεισ συμπαν αντιπροσωπευτικοσ αποδελτιωση ευτυχια επιτυχια inspresso
0,0.0,Negative,,,,,,,επιτροπη πρεβεζασ ιστορια πολιτισμοσ περιβαλλον πολυσπερμια
1,1.0,Positive,,,,,,,μικροσ χωριο ευρυτανια στολιδι ελασματοσ φυση δημιουργω μοναδικοσ σκηνικο σπιτι μοιαζω αρμονικα τοποθετημενα φυσικοσ περιβαλλον καρπισμενη
0,0.5,Negative,,,,,,,vodafone ξεχωριστοσ περιβαλλον εργασια ελλαδα προσφερω ευκαιρια εξελιξη καταρτιση
0,0.5,Negative,,,,,,,vodafone ξεχωριστοσ περιβαλλον εργασια προσφερω ευκαιρια εξελιξη καταρτιση
0,0.0,Negative,,,,,,,ανησυχητικοσ προκλητικοτερο χαρακτηριζω προεδροσ ευρωπαϊκοσ ομοσπονδια δημοσιογραφων περιβαλλον τυποσ ελλαδα
0,0.5,Negative,,,,,,,σχοινακι ερθει βιωσιμοσ ευρωπαϊκοσ πλαισιο ασυλουσ μεταναστευση
0,0.0,Negative,,,,,,,συναλλαγματικοσ ευνοει εξαπλωση μολυσματικοσ ασθενειων προειδοποιω παγκοσμιοσ ταμειο καταπολεμηση aids φυματιωση ελονοσια
0,0.0,Negative,,,,,,,ιδρυμα μποδοσακη σχεδιο δραση περιβαλλον κλιμα
0,0.5,Negative,,,,,,,σχοινακι ερθει βιωσιμοσ ευρωπαϊκοσ πλαισιο ασυλουσ μεταναστευση
0,0.5,Negative,,,,,,,σχοινακι ερθει βιωσιμοσ ευρωπαϊκοσ πλαισιο ασυλουσ μεταναστευση gntmgr pagidevmenoi gitiselias kaneotikoimasai sasmos
0,0.5,Negative,,,,,,,σχοινακι ερθει βιωσιμοσ ευρωπαϊκοσ πλαισιο ασυλουσ μεταναστευση
0,0.5,Negative,,,,,,,εργο πνοη περιβαλλον δημοσιοσ υγεια κατοικων
0,0.5,Negative,,,,,,,εργο πνοη περιβαλλον δημοσιοσ υγεια κατοικων
1,1.0,Positive,,,,,,,αναγκαια ευελιξια προσαρμοστικοτητα νεοσ φορολογικοσ περιβαλλον
0,0.5,Negative,,,,,,,συνδεω χοροσ επιστημη τεχνολογια περιβαλλον
0,0.5,Negative,,,,,,,vodafone ξεχωριστοσ περιβαλλον εργασια ελλαδα προσφερω ευκαιρια εξελιξη καταρτιση πλαισιο ισοτητα καινοτομια
0,0.5,Negative,,,,,,,vodafone ξεχωριστοσ περιβαλλον εργασια ελλαδα προσφερω ευκαιρια εξελιξη καταρτιση πλαισιο ισοτητα
0,0.0,Negative,,,,,,,νερο δηλητηριο λιπασμα περιοχη χτυπα κοκκινοσ θεσσαλονικη περιβαλλον περιελιξη υδρευση
0,0.5,Negative,,,,,,,κεδε προτεραιοτητα δημοσ κυβερνητισμοσ οικονομικα ενεργεια περιβαλλον
0,0.0,Negative,,,,,,,ιδρυμα μποδοσακη σχεδιο δραση περιβαλλον κλιμα διαθεση πολιτεια
0,0.5,Negative,,,,,,,ομιλοσ motor επενδυω ευρω βιωσιμοσ μελλον
0,0.0,Negative,,,,,,,γκρετα τινμπεργκεν νεοσ προσφευγω δικαιοσυνη σουηδια περιβαλλον
0,0.0,Negative,,,,,,,θερμη ανησυχια ρυποσ εργοστασιο δημοτικοσ σχολειο αθερμη καταγγελια περιβαλλον σχολικου
0,0.5,Negative,,,,,,,παπαγεωργιου παντα περιβαλλον κανω
0,0.5,Negative,,,,,,,ματινα παραδεχεται δεχομαι κακοποιητικοσ συμπεριφορη εργασιακοσ περιβαλλον
0,0.5,Negative,,,,,,,γαλλικοσ περιοδικο επικαλειται οικογενειακοσ περιβαλλον αργεντινου
0,0.0,Negative,,,,,,,ιδρυμα μποδοσακη μεταρρυθμιση σχεδιο δραση περιβαλλον κλιμα
0,0.5,Negative,,,,,,,θαλεια ματισματα δεχομαι κακοποιητικοσ συμπεριφορη εργασιακοσ περιβαλλον
0,0.5,Negative,,,,,,,cocacola ελλαδα οριζοντησ βιωσιμοσ μελλον greece
1,1.0,Positive,,,,,,,εστιαζω αναγκη παιδιου γονιων προληψη ενδυναμωση οικογενειων τοπου κατοικω ιδρυμα χαοτικοσ περιβαλλον καλειται προστατεψει παιδι χαοτικοσ
0,0.5,Negative,,,,,,,παει συριζασ καθοριζω περιβαλλον εκλογη
0,0.5,Negative,,,,,,,μεγαλοσ κοραλλιογενησ υφαλοσ βρισκω κινδυνοσ θαλασσιλα κακοσμο περιβαλλον
0,0.0,Negative,,,,,,,greta thunberg σταματα δραση κλιμα
0,0.0,Negative,,,,,,,προεδροσ δημοκρατια κατερινα παρασκευοπουλου παρεστη παρουσιαση σχεδιου δραση περιβαλλον κλιμα ιδρυματοσ μποδοσακη μεγαρο μουσικη αθηνων
1,1.0,Positive,,,,,,,ισημερινοσ δημοψηφισμα δημοσιοσ ασφαλεια πολιτικη περιβαλλον προκηρυσσει προεδροσ
0,0.5,Negative,,,,,,,υφυπουργοσ εργασιασ δομνα μιχαηλιδη μιλησε συνεδριο economist επαναπροσδιορισμο βιωσιμοτητα βιωσιμοσ κοσμοσ
0,0.0,Negative,,,,,,,συμφωνα παρακολουθηση predator πολεμοσ φιλοκυβερνητικοσ δημοσιογραφοσ περιβαλλον μαξιμου ξερε
0,0.0,Negative,,,,,,,καραγιωργησ ιδανικοσ αθλητικοσ περιβαλλον
1,1.0,Positive,,,,,,,ενταξη εργο δημου χανιων ελληνικοσ εξυπνοσ πολη επενδυσεισ υποδομη συστημα βιωσιμοσ πρασινο αστικοσ μελλον συνολικοσ προϋπολογισμοσ ευρω ταμειο ανακαμψη ανθεκτικοτητα ενεκρινε αποφαση
0,0.5,Negative,,,,,,,σπρινγκστιν πεκινο ελπιζω δικαιο διαφανεσσ περιβαλλον κινεζικοσ εταιρεια
0,0.0,Negative,,,,,,,τζοκινγκ σαρλ μισελ θελω δικαιο περιβαλλον κινεζικοσ εταιρεια
0,0.5,Negative,,,,,,,vodafone επενδυοντασ συγχρονοσ περιβαλλον εργασια
0,0.5,Negative,,,,,,,κινα ελπιζω δικαιο διαφανεσσ περιβαλλον κινεζικοσ εταιρεια
0,0.5,Negative,,,,,,,πεκινο ελπιζω δικαιο διαφανεσσ περιβαλλον κινεζικοσ εταιρεια λεει xijinping κινα euchina
0,0.5,Negative,,,,,,,ανανεωση ευρωπαϊκοσ στολοσ αυτοκινητο euro αποτελεσμα περιβαλλον εφαρμογη προτυπων euro
0,0.5,Negative,,,,,,,φωσφορο περιβαλλον πανω απευθειασ αναθεσεισ καμπριανη
0,0.5,Negative,,,,,,,αβεβαιοσ οικονομικοσ περιβαλλον σημαντικοσ αναδεικνυω επιβραβευω επιχειρηματια ξεχωριζω τονιζω ομιλια καβε business awards γενικοσ διευθυντησ γενικων ασφαλειων κωστασ κωστα
0,0.5,Negative,,,,,,,διατροφη στηριζω φυτικοσ τροφιμα επηρεαζω περιβαλλον
1,1.0,Positive,,,,,,,σημαντικη θετικοτατοσ εξελιξη επιτροποσ ανακοινωνω εγκριση εθνικοσ στρατηγικου σχεδιου κυπροσ
0,0.5,Negative,,,,,,,προταση ανδρεα μακρυγιαννησ συγχρονοσ βιωσιμοσ πρωτογενησ τομεασ cyprus
0,0.0,Negative,,,,,,,κινδυνοσ πυρκαγιασ μπαταρια σκουπιδι περιβαλλον
1,1.0,Positive,,,,,,,λεβεντησ εθνικοσ ομαδα υδατοσφαιριση καλοσ βολεϊ ξερω προσφερθουν περιβαλλον δεντροφυτευση
0,0.0,Negative,,,,,,,καταλαβαινω εφευγε γιατι στραγγιστηριου οικογενειακοσ περιβαλλον κακοποιητικοσ μεγαλωσει οικογενεια εμαθαν αντρασ αφεντησ αναγκασμενη υπηρετει αντιδρα
0,0.5,Negative,,,,,,,ανανεωση ευρωπαϊκοσ στολοσ αυτοκινητο euro αποτελεσμα περιβαλλον
0,0.0,Negative,,,,,,,επικινδυνοσ αναπηρια γυναικεσ αναμετρωντασ αναπηρια ελληνικοσ περιβαλλον video
0,0.0,Negative,,,,,,,επικινδυνοσ αναπηρια γυναικεσ αναμετρωντασ αναπηρια ελληνικοσ περιβαλλον video
0,0.5,Negative,,,,,,,πρωτοσ εκθεση αυτοκινητου περιβαλλον metaverse fiat
0,0.5,Negative,,,,,,,παρουσια συναδελφων υπουργων ανεδειξα αναπτυξιακοσ προγραμμα πελοποννησου κυβερνηση
0,0.5,Negative,,,,,,,κοινωνικοσ ερευνα περιβαλλον αχρονοσ βολο
0,0.5,Negative,,,,,,,θεοδωριδησ πεταμε πανω μεριδα φαγητοσ ετησιωσ εφαρμογη ισωζω νοικοκυριοσ αρθραρα περιβαλλον κατασπαταλημενων
0,0.5,Negative,,,,,,,βρετανικη ερευνα λιγεσ εταιρια παιρνω μετρο περιβαλλον
0,0.5,Negative,,,,,,,αγνοουμενοι θαλασσιοσ αγελαδα μπορω σωνω δαση φυκια αρθραρα θαλασσασφαλεια οικοσυστηματα περιβαλλον
0,0.0,Negative,,,,,,,δραματικοσ προειδοποιηση solomon goldman sachs μειωστε ρισκο περιβαλλον ανησυχητικοσ
0,0.0,Negative,,,,,,,ελκυστικοσ επιχειρηματικοσ περιβαλλον ελλαδα
0,0.0,Negative,,,,,,,ελκυστικοσ επιχειρηματικοσ περιβαλλον ελλαδα
0,0.5,Negative,,,,,,,πιστοποιηση εργασιακοσ περιβαλλον λαμβανω danone nutricia
1,1.0,Positive,,,,,,,ολοκληρωνω επιτυχημενοσ προγραμμα προστατευω περιβαλλω πραξη astrazeneca ελλαδα
1,1.0,Positive,,,,,,,βασιλικοσ ετοιμοσ χαλαζω ευτυχια ασφαλησ νικηφοροσ αωρων επιμενω
1,1.0,Positive,,,,,,,συλλογοσ προστασια ρεματια εκπεμπω αυξηση συντελεστησ δομηση
0,0.5,Negative,,,,,,,πετυχημενη ημεριδα διαχειριση κρισεων σχολικο περιβαλλον πραγματοποιω επαλειφω σιδηροκαστρου τηλεπαρουσιαστρια αντικομουνιστικησ πολιτικοποιουσασταν serres
0,0.0,Negative,,,,,,,πρασινοσ πολιτικη vodafone στηριζω περιβαλλον
0,0.0,Negative,,,,,,,μητσοτακησ συνεδριο capital link επενδυσετε ελλαδα βελτιωμενο επιχειρηματικοσ περιβαλλον
0,0.5,Negative,,,,,,,attica ελλαδα περιβαλλον οικονομικοσ επιβραδυνση διεθνωσ
0,0.0,Negative,,,,,,,λευκαδιτικα αλλαζω ριζικα κυκλοφοριακοσ περιβαλλον ινδιανικα αποφαση περιφερειακου συμβουλιο
0,0.0,Negative,,,,,,,ανδρεασ κτενασ αλλαζω ριζικα κυκλοφοριακοσ περιβαλλον ινδιανικα πρασινο περιφερειακο συμβουλιο
1,1.0,Positive,,,,,,,μεγαλοσ επιτυχια καβαλα συσκεψη υγεια ασφαλεια περιβαλλον βιομηχανια πετρελαιου αεριο καβαλα πρωινοσ ραδιοφωνο εφημεριδα καβαλασ νεοσ καβαλα ειδησεισ μικροσ αγγελια
0,0.0,Negative,,,,,,,qatar gate πρωτοσ αντιδραση περιβαλλον σχοινακι ψευδεισ ανυποστατοσ ισχυρισμοσ
0,0.0,Negative,,,,,,,ψευδεισ ανυποστατοσ ισχυρισμοσ λεει περιβαλλον σχοινια
0,0.0,Negative,,,,,,,κλικ διαβαστε cnnqatar gate πρωτοσ αντιδραση περιβαλλων σχοινακι ψευδεισ ανυποστατοσ ισχυρισμοσ
0,0.0,Negative,,,,,,,ψευδεισ ανυποστατοσ ισχυρισμοσ λεει περιβαλλον σχοινια
0,0.0,Negative,,,,,,,πρωτοσ αντιδραση περιβαλλον μαργαριτη σχοινια ερευνα ανυποστατοσ ισχυρισμοσ
1,1.0,Positive,,,,,,,ομαδικοσ κουλτουρα ευκαιρια εξελιξη εργασιακοσ περιβαλλον βασικοσ στοιχειο επιτυχια kaizen gaming
0,0.0,Negative,,,,,,,πρωτοσ αντιδραση περιβαλλον μαργαριτη σχοινια ερευνα ανυποστατοσ ισχυρισμοσ
0,0.5,Negative,,,,,,,στενευω ασφυκτικα κλοιοσ καυλι στενοσ οικογενειακοσ περιβαλλον αποκαλυψεισ συμμετοχη qatargate φιλοκαλη
1,1.0,Positive,,,,,,,ενδιαφερω καλοσ δικαιουχα γινομαι πλυντηριο βιαστων ζηνσ
0,0.0,Negative,,,,,,,σταχτοκουλουρασ απαντηση αβεβαιοσ περιβαλλον συνεργασια ελλαδα γαλλια businessnewsgr
0,0.0,Negative,,,,,,,ελληνογαλλικοσ επιχειρηματικοσ φορουμ συνεργασια ελλαδα γαλλια επενδυοντασ μελλον απαντηση αβεβαιοσ περιβαλλον ολοπλευρη ενισχυση συνεργασια κοινοσ πορεια
1,1.0,Positive,,,,,,,επιτυχια συσκεψη υγεια ασφαλεια περιβαλλον βιομηχανια πετρελαιου αεριου
0,0.0,Negative,,,,,,,σταχτοκουλουρασ σχεση ελλαδα γαλλια ανθεκτικοσ χρονοσ απαντηση επιδεινουμενοσ ρευστοσ περιβαλλον ολοπλευρη ενισχυση συνεργασια
0,0.5,Negative,,,,,,,αδεια στοχοσ τελωνειακοσ κωδικασ μεταβαινω περιβαλλον χαρτι αδεια επιφανειακοτεροσ περιβαλλον τεχνολογια
0,0.0,Negative,,,,,,,προερχομαστε περιβαλλον συμπεριφορα ντυσιμο συντηρητικα θελαμε αλλαξουμε νιωθαμε ασφυκτικα επιβεβλημενη ταξη ντουρου μιλα μαικ μποξ ιδρυτικοσ μελοσ βρετανων θρυλοσ
0,0.5,Negative,,,,,,,εκδηλωση δημοσ περιστεριου περιβαλλον φαραντουρη τριφυλλια αδαμαστη
0,0.5,Negative,,,,,,,επισκεψη πριγκιπα αλβερτο μονακο αθηνα μεγαλοπρεπησ ομιλια επικεντρο περιβαλλον
0,0.0,Negative,,,,,,,κατανοηση haarp τρομακτικη δυναμησ βουτατε φανταζεστε τρομακτικοτερο επιπτωση περιβαλλον ανθρωποθυσια
0,0.5,Negative,,,,,,,γενικη συνελευση συλλογου πολιτων μαγνησια υγεια περιβαλλον
0,0.5,Negative,,,,,,,οικουμενικοσ πατριαρχησ βαρθολομαιοσ φυσικοσ περιβαλλον απειλειται gitiselias pagidevmenoi kaneotikoimasai gntmgr sasmos
0,0.5,Negative,,,,,,,προστατευονται υγροτοποσ ανοιγω δρομοσ σωνω μερικασ ραφηνασ αντλιοστασιο ευδια αρθραρα θεσσαλονικιωτικη περιβαλλον ραφιναρα
0,0.0,Negative,,,,,,,διεπιστημονικοσ ημεριδα καταστροφικοσ συνεπεια περιβαλλον αιολικοσ ευβοια σκυρο
0,0.0,Negative,,,,,,,μαρια σπυρακι στραφω εναντιον συνεργατησ πρωτοσ αντιδραση περιβαλλον
0,0.0,Negative,,,,,,,κωστασ γκρεκασ ψεματα μισεσ ενεργεια περιβαλλον
0,0.0,Negative,,,,,,,μαρια σπυρακι κλικ διαβαστε usayη πρωτοσ αντιδραση περιβαλλον συνεργατη μαρια σπυρακι στραφω εναντιον λεει ευρωβουλευτησ
1,1.0,Positive,,,,,,,ελκυαμε ξεριζωσετε παιδι χαμογελου περιβαλλον ενημερωση line
0,0.0,Negative,,,,,,,yokohama προμηθευω super formula ελαστικοσ βιωσιμοσ υλικο
0,0.0,Negative,,,,,,,στηριζουμε ελληνικοσ κοινωνια υλοποιωντασ προεκλογικοσ δεσμευσεισ ασταθεσσ αβεβαιοσ παγκοσμιοσ περιβαλλον μεσω
0,0.5,Negative,,,,,,,ταραντινοσ προϋπολογισμοσ δημιουργω περιβαλλον σταθεροτητα αναπτυξη
0,0.0,Negative,,,,,,,υγειο περιβαλλον μειωση εκπομπη φθοριουχοσ αεριο συνεπεια υγεια
0,0.0,Negative,,,,,,,ενδειασ περιβαλλον τεραστιοσ προκληση
0,0.0,Negative,,,,,,,περιβαλλον τεραστιοσ προκληση αντιμετωπιζω ανθρωποτητα αιωνασ
0,0.0,Negative,,,,,,,δενδροφυτευση πεντελη ενδειασ περιβαλλον τεραστιοσ προκληση ανθρωποτητα αιωνασ
0,0.5,Negative,,,,,,,ρεβεγιον grand hotel palace γιορτινα μενου πολυτελεσ περιβαλλον grand_hotel_palace θεσσαλονικη χριστουγεννιατικο_ρεβεγιον χριστουγεννα ξενοδοχειο
0,0.5,Negative,,,,,,,ρεβεγιον hyatt regency thessaloniki μοναδικεσ γιορτα φινετσατο περιβαλλον hayatt_regency_thessaloniki χριστουγεννα χριστουγεννιατικο_δεντρο προκατασκευαστικοσ επισκεπτησ θεσσαλονικη πρωτοχρονιατικο_ρεβεγιον
0,0.5,Negative,,,,,,,γκρεκασ πρωτοσ φορα προωθω μετρο φυσικοσ περιβαλλον βιοποικιλοτητα γκρεκασ κεντροευρωπαϊκοσ
0,0.5,Negative,,,,,,,γκρεκασ πρωτοσ φορα προωθω μετρο φυσικοσ περιβαλλον βιοποικιλοτητα γκρεκασ κεντροευρωπαϊκοσ
0,0.0,Negative,,,,,,,επιστημονικοσ υπερβαινομαι πρασινιζεσαι πηγεσ ενεργεια προκαλω ζημια περιβαλλον
0,0.0,Negative,,,,,,,νεοσ χρηματοδοτηση εξασφαλισε δημοσ ξυλοκαστρου_ευρωστινησ εγκρινω χωριστη διαχειριση υποβλητικοτητων επιχειρησιακοσ προγραμμα υποδομη μεταφορα περιβαλλον αεροφοροσ υπαναπτυξη συνολικοσ προϋπολογισμοσ
0,0.5,Negative,,,,,,,σαττε βιωσιμο δημοσιο χρεοσ προκυπτω εναλλακτικοσ σεναριο businessnewsgr
0,0.5,Negative,,,,,,,τραπεζα ελλαδα βιωσιμο δημοσιοσ χρεοσ προκυπτω εναλλακτικοσ σεναριο
0,0.5,Negative,,,,,,,βιωσιμο δημοσιοσ χρεοσ συμφωνα τραπεζα ελλαδα
0,0.5,Negative,,,,,,,βιωσιμο δημοσιοσ χρεοσ συμφωνα σαττε προκυπτω εναλλακτικοσ σεναριο
1,1.0,Positive,,,,,,,αλμυροσ ψυχολογοσ κοινωνικοσ λειτουργοσ εξομαλυνω σχολικοσ περιβαλλον
0,0.5,Negative,,,,,,,δεσμη περιβαλλον
1,1.0,Positive,,,,,,,ψυχολογοσ κοινωνικοσ λειτουργοσ εξομαλυνω σχολικοσ περιβαλλον
0,0.5,Negative,,,,,,,επικοινωνω ατομο περιβαλλον ιδιοκτητησ τουριστικοσ λεωφορειου εμπλεκω τροχαιο αναφερω ιδιοκτητησ λεωφορειου βρισκω οδον βουκουρεστι ρουμανια
1,1.0,Positive,,,,,,,καμασ σχεδιασμοσ εργο κατεδαφιση παρανομοσ υποστατικοσ εναρξη εργο βελτιωση οδικοσ δικτυου φιλικα
0,0.0,Negative,,,,,,,μπορω κανω αποτρεψουμε σπιτι μυρωδια σκυλου δημιουργω φρεσκοσ περιβαλλον hernewsgr
0,0.0,Negative,,,,,,,δυσκολοσ παγκοσμιοσ θρυλοσ pele επιδεινωθηκε υγεια επαφη περιβαλλον συγκλονιζω παιδι
0,0.5,Negative,,,,,,,ζeniθ διακριθηκε κορυφαιοσ περιβαλλον εργασια
0,0.0,Negative,,,,,,,leroy merlin ελλαδοσεκθεση βιωσιμοσ αναπτυξη δεσμευεται βιωσιμοσ σπιτι businessnewsgr
0,0.5,Negative,,,,,,,πεντε parking cityzen εξυπηρετω βιωσιμοσ μοντελο ταχυμεταφορα
0,0.5,Negative,,,,,,,ταμειο ανακαμψη ενταχθηκε εργο δημοσ ηρακλειου ελληνικοσ εξυπνεσ πολεισ επενδυσεισ υποδομη συστημα βιωσιμοσ πρασινο αστικοσ μελλον εξασφαλιζω χρηματοδοτηση ευρω
0,0.0,Negative,,,,,,,αλλαζω fast food τελοσ πλαστικοσ χρηση σωθει περιβαλλοντα εκατομμυριο rapid test πλαστικοσ ξοδευτηκαν χρονοσ ενδημοεπιδημια τρεχω
1,1.0,Positive,,,,,,,διαθεσιμη επισημα νεοσ ανανεωμενοσ ιστοσελιδα δημοτικησ βιβλιοθηκησ χανιων διαδικτυακοσ τοποσ αναβαθμιζω προσφερω επισκεπτησ περιβαλλον συγχρονοσ ευκολα προσβασιμο
0,0.0,Negative,,,,,,,θερμη εταιρεια ομογαλακτοσ εριξε τονοσ αποβλητο θερμαϊκο δικογραφια περιβαλλοντικοσ ρυπανση αστυνομια αστυνομικοσ αθερμη περιβαλλον
0,0.5,Negative,,,,,,,ταινια πρωταγωνιστησω παραμενει λευκοσιδηροσ φαντασου αραπη κανει ταραζανε μαϊμου φυσικο περιβαλλον χαλαει αφηγημα
1,1.0,Positive,,,,,,,δεκα στοιχημα θετω τρεχονσ ετοσ υπουργειο οικονομικα ελληνικοσ οικονομια καλειται κινηθει περιβαλλον εντονοσ ρευστοτητα επιδεινωση μακροοικονομικοσ προοπτικων μεγαλοσ μεροσ παγκοσμιοσ οικονομια
0,0.5,Negative,,,,,,,δεκεμβριοσ θερμοσ δεκεμβριοσ περιβαλλον
0,0.0,Negative,,,,,,,περιβαλλον εργασια τρεισ προβλεψεισ τροποσ moneypress
0,0.0,Negative,,,,,,,περιβαλλον εργασια τρεισ προβλεψεισ τροποσ moneypress
0,0.0,Negative,,,,,,,περιβαλλον εγκαταλελειμμενο ορυχειο ισπανια κρυβω εντυπωσιακοσ γεωλογικοσ θησαυροσ
0,0.5,Negative,,,,,,,επαναστατικοσ μεθοδοσ ανακυκλωση πλαστικοσ αποβλη μπορω φαινομαι μετατρεπτω φιλικοσ περιβαλλον πηγη κινηση οχηματων
0,0.0,Negative,,,,,,,ψυχικοσ ασθενεια κληρονομικοσ γνωριζω κατασταση οικογενειακοσ περιβαλλον
0,0.5,Negative,,,,,,,δυσχερεστατοσ παγκοσμιοσ περιβαλλον ελλαδα αντεξε σημειωσε σημαντικοσ βημα προοδοσ
0,0.5,Negative,,,,,,,πινampιονιο πανεπιστημιο ημεριδα ζακυνθο περιβαλλον
0,0.5,Negative,,,,,,,τμημα περιβαλλον ιονιου πανεπιστημιου πινγκ διοργανωνω σειρα ανοιχτων ομιλια κεντρικοσ θεμα περιβαλλον επιχειρηματικοτητα
0,0.0,Negative,,,,,,,πολεμοσ ουκρανια κατασκοτωνω περιβαλλον
0,0.0,Negative,,,,,,,θερμοτερο κλιμα υψηλοτερεσ θερμοκρασια μεσογειοσ επομενοσ χρονοσ κλιματικη περιβαλλον
0,0.0,Negative,,,,,,,διχρονοσ τεωσ μοναρχησ διασωληνωμενοσ επαφη περιβαλλον περιοριζω ελλαδα
0,0.0,Negative,,,,,,,κλικ διαβαστε thecallerμε βαρυσ εγκεφαλικοσ τεωσ βασιλιασ κωνσταντινοσ περιορισμενη επαφη περιβαλλον
0,0.0,Negative,,,,,,,κλιματολογιεσ εμβολιαστηκεσ ουκρανικοσ δειτε παιζω γιατι ζαλιζετε κλιματικοσ
0,0.5,Negative,,,,,,,ξεκινω ανακυκλωση φυσικοσ χριστουγεννιατικων δεντρων δημοσ θερμησ διαδημοτικοσ περιβαλλον
0,0.5,Negative,,,,,,,εταιρια καλυτεροσ εργασιακοσ περιβαλλον ελλαδα intrum
0,0.5,Negative,,,,,,,νεοσ τοιχογραφια θεμα περιβαλλον ντυνω χρωμα σχολειο αθηνα
0,0.5,Negative,,,,,,,εντυπωσιακεσ τοιχογραφια περιβαλλον ντυνω σχολειο αθηνα
0,0.5,Negative,,,,,,,τεσσερισ νεοσ εντυπωσιακοσ τοιχογραφια θεμα περιβαλλον γεμιζω χρωμα σχολειο αθηνα
1,1.0,Positive,,,,,,,κακογιαννησ σεβασμοσ δημοσιοσ χωροσ murals γινομαι κομματι αισθητικη ταυτοτητα συγχρονησ αθηνασδημοσ αθηναιων τεσσερισ νεοσ εντυπωσιακοσ τοιχογραφια θεμα περιβαλλον ντυνω χρωμα σχολειο πολη
0,0.5,Negative,,,,,,,ξεκινω ανακυκλωση φυσικοσ χριστουγεννιατικων δεντρων δημοσ θερμησ διαδημοτικοσ περιβαλλον τοπικα
0,0.5,Negative,,,,,,,περιβαλλον προκαλω πρωτοχρονιατικοσ καυσωνασ ευρωπη καιροσ
0,0.5,Negative,,,,,,,δημοσ αθηναιων τεσσερισ νεοσ τοιχογραφια θεμα περιβαλλον ντυνω χρωμα σχολειο πολη
0,0.5,Negative,,,,,,,δημοσ αθηναιων τεσσερισ νεοσ εντυπωσιακοσ τοιχογραφια θεμα περιβαλλον ντυνω χρωμα σχολειο πολη
0,0.0,Negative,,,,,,,πετριδησ λεει κυβερνηση προτεινω ολιστικοσ αναδιαμορφωση συστηματοσ συνταξεων αναλογιστικοσ τροποσ βιωσιμοσ θεσμοθετηση δευτεροσ πυλωνασ ιδιωτικοσ τομεασ κυπροσ
0,0.0,Negative,,,,,,,alpha bank εγκαινιαζω νεοσ κυκλοσ εξελιξη απαντηση νεοσ περιβαλλον διαρκησ κριση
0,0.5,Negative,,,,,,,περιφερειακοσ ενημερωτικοσ ημεριδα διοργανωνω πλαισιο εργο lifeip adaptingr επιδιωκω ενημερωση ευαισθητοποιηση πολιτησ στερεοελλαδιτησ περιβαλλον κλιμα
0,0.5,Negative,,,,,,,τμημα περιβαλλον ιονιου πανεπιστημιου πινγκ σειρα ανοιχτων ομιλια κεντρικοσ θεμα περιβαλλον επιχειρηματικοτητα βιντεοολοκληρη μεταδοση
0,0.5,Negative,,,,,,,μιλω onlyfans γραφικοσ περιβαλλον χρησιμοποιω
0,0.5,Negative,,,,,,,γεωπονικου μετεωρωνπυλησ αναδεικνυω θεσσαλια παγκοσμιοσ προορισμοσ τουρισμοσ φυση
0,0.5,Negative,,,,,,,επιστολη δενδρα μπορντελο επικινδυνοσ περιβαλλον ασφαλεια μεροσ τουρκια
0,0.5,Negative,,,,,,,διπλωματικοσ πηγη επιστολη δενδρα επικινδυνοσ περιβαλλον ασφαλεια μεροσ τουρκια
0,0.0,Negative,,,,,,,υπεγραφη συμβαση αντικατασταση αποσωληνωνονταν μεσολογγιου σοβαροσ σχεδιασμοσ εργο κομβικοσ σημασια περιβαλλον υγεια ξεκινα εκτελειται
0,0.5,Negative,,,,,,,ναξοσ απολυτοσ προορισμοσ βιωσιμοσ ταξιδι κορυφη herald νεασ ζηλανδια
0,0.0,Negative,,,,,,,εχθρικοσ περιβαλλον ελλαδα υπερασπιστησ ανθρωπινοσ δικαιωμα δημοσιογραφοσ
0,0.0,Negative,,,,,,,χρονοσ ονδουρα εχασε δασων δασοσ κλιμα περιβαλλον κλιματιστικοσ
0,0.0,Negative,,,,,,,σουβλακι μπορω χαρακτηριζω ακριβοσ προϊον περιβαλλον γενικευμενοσ ακριβεια εντουτοισ γεγονοσ συμβολικα φθηνο γρηγορο φαγητο ανατιμησεισ γινομαι
0,0.5,Negative,,,,,,,οοσα πρωτογενησ πλεονασματα καθισταμαι βιωσιμοσ δημοσιοσ χρεοσ
0,0.0,Negative,,,,,,,κανια θρανιο ενεργεια περιβαλλον σταθμοσ παραγωγη ρευματοσ ιδρυσε βενιζελοσ
0,0.0,Negative,,,,,,,ψεκαζω κανω τεραστιοσ ζημια περιβαλλον λυση ασπροσ ουρα αεροπλανο
0,0.5,Negative,,,,,,,δημοσ αθηναιων εντυπωσιακεσ τοιχογραφια περιβαλλον ντυνω σχολειο αθηνα
0,0.5,Negative,,,,,,,ειδηση εποχη γιατι περναω μαυροσ χιουμορσ βλεπω οικειοσ κοντινοσ περιβαλλον
0,0.0,Negative,,,,,,,αθηνα ανδρασ εντοπιστηκε νεκροσ σπιτι εξεταζεται γυναικα στενοσ περιβαλλον
0,0.5,Negative,,,,,,,πρασινα επαγγελματα μελλοντοσ περιβαλλον κλιματικοσ αλλαγη νεοσ θεση εργασια συναλλαγματικοσ περιβαλλον επαγγελματα moneyshow θεσσαλονικη
0,0.0,Negative,,,,,,,ανδρασ εντοπιστηκε νεκροσ μοσχατο εξεταζεται γυναικα περιβαλλον
0,0.0,Negative,,,,,,,χρηστοσ σταχτοκουλουρασ ασταθεσσ παγκοσμιοσ περιβαλλον ελλαδα καταφερω
0,0.0,Negative,,,,,,,χρηστοσ σταχτοκουλουρασ ασταθεσσ παγκοσμιοσ περιβαλλον ελλαδα καταφερω larissapress
0,0.0,Negative,,,,,,,στραταρχικουσ ελλαδα καταφερω ασταθεσσ παγκοσμιοσ περιβαλλον
0,0.0,Negative,,,,,,,eurogroup σταχτοκουλουρασ ελλαδα καταφερω ασταθεσσ περιβαλλον
0,0.0,Negative,,,,,,,σταχτοκουλουρασ ασταθεσσ παγκοσμιοσ περιβαλλον ελλαδα καταφερω χρηστοσ_σταικουρασ eurogroup
0,0.0,Negative,,,,,,,σταχτοκουλουρασ ασταθεσσ παγκοσμιοσ περιβαλλον ελλαδα καταφερω χρηστοσ_σταικουρασ eurogroup
0,0.0,Negative,,,,,,,χρηστοσ σταχτοκουλουρασ ασταθεσσ παγκοσμιοσ περιβαλλον ελλαδα καταφερω
0,0.0,Negative,,,,,,,ασταθεσσ παγκοσμιοσ περιβαλλον ελλαδα καταφερω
0,0.0,Negative,,,,,,,ακουραστα eurogroup ελλαδα καταφερω ασταθεσσ περιβαλλον
0,0.0,Negative,,,,,,,eurogroup σταχτοκουλουρασ ελλαδα καταφερω ασταθεσσ περιβαλλον moneypress https
0,0.0,Negative,,,,,,,eurogroup σταχτοκουλουρασ ελλαδα καταφερω ασταθεσσ περιβαλλον moneypress
0,0.5,Negative,,,,,,,συμμετοχικο εργαστηριο εξερευνηση σχεδιασμου παρεμβασεων φιλικοσ περιβαλλον κεντρο πολη διοργανωνω δημοτικη επιχειρηση καδων συνεργασια πολυτεχνειο κρητη
0,0.0,Negative,,,,,,,δημοπρατηθηκε μοναδα επεξεργασια αποβλητων αγιω αντωνιοσ θερμησ γιγαντωνοσω περιβαλλον
0,0.0,Negative,,,,,,,χρηστοσ σταχτοκουλουρασ ασταθεσσ παγκοσμιοσ περιβαλλον ελλαδα καταφερω
0,0.0,Negative,,,,,,,αναιρει μπορω αλλαζω περιβαλλον χανω μανα
0,0.0,Negative,,,,,,,απαντα περιβαλλον δολοφονοσ καρολοσ γονεασ
0,0.5,Negative,,,,,,,στενοσ περιβαλλον προσευχομαι παρει εξιτηριο znews χρυσανθοπουλοσ
0,0.0,Negative,,,,,,,παραιτησαν οβρενοβιτσ χαμοσ περιβαλλον κερενσκι
0,0.0,Negative,,,,,,,κενυα κηρυσσω εμπολεμοσ εκατομμυριο πουλια διεθνησ περιβαλλον
0,0.0,Negative,,,,,,,τζερεμι νερωμενε χειροτερα νομιζω συμφωνα ατομο περιβαλλον
0,0.0,Negative,,,,,,,χαραλαμπος χαριτοπουλοσ βλαπτουν ανεμογεννητριων περιβαλλον
0,0.0,Negative,,,,,,,eurolife αξια φροντιζεισ επιχειρηση ψηφιακοσ περιβαλλον eurolife_ffh
0,0.0,Negative,,,,,,,eurolife αξια φροντιζεισ επιχειρηση ψηφιακοσ περιβαλλον eurolife_ffh
0,0.5,Negative,,,,,,,επιστημονασ περιμενω ουσιαστικα θερμοσ καιροσ συνεπαγομαι επιπτωση περιβαλλον ανθρωποσ
0,0.0,Negative,,,,,,,συμφερον παιδιοσ φιλιππινεσ ανατραφει περιβαλλον ανεστραφη δολοφονοσ αναρωτηθηκε συνηγοροσ οικογενεια καρολινα κραουσ θεμα επιμελεια μικρησ λυδια
0,0.5,Negative,,,,,,,γλυκα νερα περιβαλλον μπαμπη αναγνωστοπουλοσ διαψευδω επικοινωνια μικροσ λυδια
0,0.5,Negative,,,,,,,προστατευω περιβαλλω πραξεισ συνεργασια σκοποσ περιβαλλοντικοσ αφυπνιση υιοθετηση βιωσιμοσ καθημερινοτητα weall greenfuture astrazeneca
0,0.5,Negative,,,,,,,κορυφαιοσ περιβαλλον εργασια πιστοποιω ζeniθ
0,0.5,Negative,,,,,,,κορυφαιοσ περιβαλλον εργασια πιστοποιω ζeniθ
0,0.5,Negative,,,,,,,ζeniθ πιστοποιηθηκε κορυφαιοσ περιβαλλον εργασια businessnewsgr
0,0.5,Negative,,,,,,,ζeniθ διακριθηκε κορυφαιοσ περιβαλλον εργασια
1,1.0,Positive,,,,,,,πολιτιστικοσ συλλογοσ μαγκανοπηγαδου φαση αναδασωση κυριακη δρασκελισε εθελοντισμοσ μαγκανοπηγαδο περιβαλλον
0,0.5,Negative,,,,,,,εδιμβουργο αφαιρει κρεασ μενου σχολειο μειωνω αποτυπωμα ανθρακασ
0,0.5,Negative,,,,,,,εδιμβουργο αφαιρει κρεασ μενου σχολειο μειωνω αποτυπωμα ανθρακασ
0,0.5,Negative,,,,,,,lidl ελλασ δημιουργω αξια δρομοσ βιωσιμοσ lidl
1,1.0,Positive,,,,,,,ομορφοσ οικογενειακοσ περιβαλλον ομαδα περιβολια εκοψε πρωτοχρονιατικοσ πιτα καντινα
0,0.5,Negative,,,,,,,επιπτωση εξορυξεων πετρελαιου περιβαλλον
1,1.0,Positive,,,,,,,ολοκληρωνω συμμετοχικο εργαστηριο ευρωπαϊκοσ ερευνητικο προγραμμα horizon συμμετεχω καδων κυριοσ αντικειμενο διερευνηση αναγκη συμμετοχικοσ σχεδιασμοσ εφαρμογη λυσεων φιλικοσ περιβαλλον
0,0.5,Negative,,,,,,,επιπτωση κλιματικοσ αλλαγη κοντινοσ μακρινοσ μελλον ορισμενοσ καλλιεργεια συναλλαγματικοσ περιβαλλον
0,0.5,Negative,,,,,,,klimaseniorinnen ηλικιωμενοσ ελβετια αγωνιζω κλιματικοσ δικαιοσυνη περιβαλλον συναλλαγματικοσ
0,0.5,Negative,,,,,,,νικοσ αβερτησ λεει περιβαλλον εξωση νυχτερινοσ κεντρο θεσσαλονικη
1,1.0,Positive,,,,,,,ομορφοσ ζεστοσ περιβαλλον ομαδα διαγορα βραχνιασμενων εκοψε πρωτοχρονιατικοσ πιτα σταυροκοπιου
1,1.0,Positive,,,,,,,shipping awards πρωτα ναυτιλιακοσ βραβειο περιβαλλον κοινωνικη εταιρικοσ διακυβερνηση
0,0.5,Negative,,,,,,,χαραλαμπος χαριτοπουλοσ υγεια υγιει περιβαλλον
0,0.0,Negative,,,,,,,συγκλονιστικοσ αποκαλυψεισ μαρτυρια περιβαλλον ανθρωποσ υπεφεραν πρακτικη ψευτογιατροσ θεμα ωρων θεωρω εκδοση ενταλματοσ συλληψη χρονοβορο ψευτογιατροσ
0,0.5,Negative,,,,,,,mytilineos περιβαλλον metaverse παρουσιαση αποτελεσματων
0,0.5,Negative,,,,,,,mytilineos περιβαλλον metaverse παρουσιαση αποτελεσματων
0,0.0,Negative,,,,,,,φυτοφαρμακα κινδυνοσ υγεια περιβαλλον
0,0.5,Negative,,,,,,,παγκοσμια πρωτοσ mytilineos περιβαλλον metaverse οικονομικοσ αποτελεσματα ιανουαριοσ mytil
0,0.5,Negative,,,,,,,παγκοσμια πρωτοσ mytilineos περιβαλλον metaverse οικονομικοσ αποτελεσματα ιανουαριοσ mytil
0,0.5,Negative,,,,,,,mytilineos περιβαλλον metaverse οικονομικοσ αποτελεσμα ιανουαριοσ businessnewsgr
0,0.0,Negative,,,,,,,μεγαλωνω παιδι περιβαλλον βρωμικοσ ενεργεια
1,1.0,Positive,,,,,,,καψουλα καφε φιλικοσ περιβαλλον thessaloniki theopinion
1,1.0,Positive,,,,,,,ιδιαιτερα θετικοσ εντυπωσεισ αφησε ταλιν παρουσιαση ολοκληρωμενου σχεδιου δραση υλοποιηση οραμα ηρακλειο εξυπνοσ ανθεκτικοσ βιωσιμοσ δημοσ
1,1.0,Positive,,,,,,,public νεοσ φιλικοσ περιβαλλον υπηρεσια αδωρησ παραλαβη locker πολυσ σημειο πανελλαδικοσ
0,0.0,Negative,,,,,,,γεωπολιτικοσ εξελιξη επηρεασω επιχειρηματικοσ περιβαλλον
0,0.0,Negative,,,,,,,περιβαλλον στοιχειο διεκδικηση δραση εργο εργαλειο εξυπηρετηση ιδεοληψιη συμφεροντων larissapress
0,0.0,Negative,,,,,,,γεωπολιτικοσ εξελιξη επηρεασω επιχειρηματικοσ περιβαλλον
0,0.5,Negative,,,,,,,mytilineos παρουσιανω οικονομικοσ αποτελεσμα περιβαλλον metaverse
1,1.0,Positive,,,,,,,τελευταιοσ μερα παρατηρω καταστροφικοσ περιβαλλων φαινομενο δρομουσ οδηγηση μηχανοκινητα οχημα μικροσ μεγαλοσ οροπεδια ψηλορειτη διοικητικοσ οριων δημου ανωγειων
0,0.0,Negative,,,,,,,γεωπολιτικοσ εξελιξη επηρεασω επιχειρηματικοσ περιβαλλον
1,1.0,Positive,,,,,,,νυχτα μεγαλοσ μαχαιρια κιεβο νεοσ παραιτηση περιβαλλον κερενσκι volontimirzelenski
0,0.5,Negative,,,,,,,ελλαδα πολιτισμοσ ανακοινωνεται προσκληση υποβολη προταση συμμετοχη προγραμμα θεσμου
0,0.5,Negative,,,,,,,μιση δηλωνω προθυμοσ δεχτει βραχυπροθεσμοσ οικονομικοσ περιορισμοσ βιωσιμοσ μελλον
0,0.5,Negative,,,,,,,μιση δηλωνω προθυμοσ δεχτει βραχυπροθεσμοσ οικονομικοσ περιορισμοσ βιωσιμοσ μελλον
0,0.0,Negative,,,,,,,παγκοσμιοσ ταση επηρεασουν καθοριστικα επιχειρηματικοσ περιβαλλον
0,0.5,Negative,,,,,,,υποτροφια μαθητησ συρουν ιδρυμα γεωργιοσ αμφιαλοσ εφορια νισυριοσ δημοκρατικοσ ροδοσ δωδεκανησα
0,0.5,Negative,,,,,,,περιαστικο δασοσ θεσσαλονικη ματι ειδικοσ βιβλιο ιστορια φυσικοσ περιβαλλον
0,0.0,Negative,,,,,,,ακουραστα eurogroup ασταθεσσ παγκοσμιοσ περιβαλλον ελλαδα καταφερω
0,0.5,Negative,,,,,,,υποτροφια μαθητησ συρουν ιδρυμα γεωργιοσ αμφιαλοσ εφορια νισυριοσ
1,1.0,Positive,,,,,,,ανοδοσ αρτουρο χουι μπρεχτ ανασυνθετω ιστορια μεταφερω δραση γκανγκστερικοσ περιβαλλον αμερικη μεσοπολεμοσ εποχη μεγαλοσ οικονομικοσ κριση συνεντευξη ηλεκτρα ζαργανα docville
1,1.0,Positive,,,,,,,πληρησ στηριξη γουστερεσ στιουαρτ σχολιαζω αναφερομενεσ συνομιλια ιδιωτικοσ περιβαλλον cyprus
1,1.0,Positive,,,,,,,μεγαλοσ νεκροταφειο ελαστικοσ κοσμοσ κουβειτ πολιτησ πληρωνω
0,0.0,Negative,,,,,,,πρασινη επανασταση περιβαλλον
1,1.0,Positive,,,,,,,μεγαλοσ νεκροταφειο ελαστικοσ κοσμοσ κουβειτ πολιτησ πληρωνω
0,0.0,Negative,,,,,,,καπνιστησ μαθητησ ετοσ προωθειται ευρωπαϊκοσ εκστρατεια περιβαλλον καπνοσ
0,0.0,Negative,,,,,,,πλημμυρεσ ελλαδα τεταρτη ανατολικοσ μεσογειοσ περιοδοσ καιροσκοπο κακοσμο περιβαλλον στατιστικοσ
0,0.0,Negative,,,,,,,αλλαξε hitech περιβαλλον παγκοσμιοσ δικτατορασ φορα ενεργεια σατανα
0,0.0,Negative,,,,,,,εφεραν ανθρωποσ οριο σιγουροσ μπορω αλλαξουν πλανητησ περιβαλλον πληρωνω εγκληματα εντυπωσιακοσ τροποσ ξεχωριστα παρει αξιζω
0,0.5,Negative,,,,,,,δραστηριοτητα κεντρου περιβαλλοντικοσ εκπαιδευση εφορια κεπεα θερμησ λιβαδι λιβαδιων περιβαλλον
1,1.0,Positive,,,,,,,εκθεση βιωσιμησ αναπτυξη ομιλου ενδυναμωνουμε συμβολη επιτευξη στοχων βιωσιμησ αναπτυξη sdgs σεβασμοσ περιβαλλον επομενοσ γενια
1,1.0,Positive,,,,,,,μακρια πολυτελεια ακριβα γουστο δημοφιλη σπιτι airbnb instagram φανερωνω βιωσιμοσ τουρισμοσ αλληλεπιδραση φυση συνδυασμοσ πληθωρισμοσ αυξανομενοσ κοστοσ διαβιωση ηρθαν μενω
1,1.0,Positive,,,,,,,καινουριοσ νηπιαγωγειο φρεναρεσ παιδι συγχρονοσ φροντισμενο ομορφοσ περιβαλλον
0,0.5,Negative,,,,,,,περιβαλλον δεντρο μπορω μειωσουν τριτοσ ποσοστο θνησιμοτητα
0,0.5,Negative,,,,,,,επαγρυπνηση υγροβιοτοποσ θεσσαλονικη αφορμη παγκοσμια ημερα φεβρουαριοσ ελαιολαδα εζωνα παγκοσμιοποιημενα περιβαλλον
0,0.0,Negative,,,,,,,σουνιο αναρτησετε δασοσ ξανασκοτωνεστε αρθραρα αναδασωση περιβαλλον τσουνιου
0,0.5,Negative,,,,,,,στενοσ περιβαλλον παυλου ενημερωνω συμβαινω ελλαδα
0,0.5,Negative,,,,,,,απορρυπανση συνεπεια ζωντανοσ οργανισμοσ περιβαλλον
0,0.0,Negative,,,,,,,ραγδαια αυξηση ογκοσ απορριμματων πλαστικοσ χρηση διετια ανακυκλωση περιβαλλον
0,0.5,Negative,,,,,,,ελενα ραπτη σεξουαλικοσ κακοποιηση ανηλικων προερχομαι οικειοσ περιβαλλον anilikoi elenarapti thymata sexoyalikikakopoiisi
0,0.5,Negative,,,,,,,ζεστοσ ομορφοσ περιβαλλον κοπη πιτα μεριμνα παιδιο καβαλασ φωτογραφια καβαλα πρωινοσ ραδιοφωνο εφημεριδα καβαλασ νεοσ καβαλα ειδησεισ μικροσ αγγελια
0,0.5,Negative,,,,,,,πιστοποιηση εργασιακοσ περιβαλλον λαμβανω cardlink
0,0.5,Negative,,,,,,,πιστοποιηση εργασιακοσ περιβαλλον λαμβανω cardlink
0,0.5,Negative,,,,,,,ημεριδα american college thessaloniki θεμα ασφαλεια ενεργεια περιβαλλον ανατολικοσ μεσογειοσ ιστορικη προσεγγιση συγχρονεσ προκλησεισ σαββατο φεβρουαριοσ
0,0.0,Negative,,,,,,,γερακι δημου φαρισαιων ημεριδα αντιμετωπιση ανθρακοειδων αστικοσ περιβαλλον tirnavospress
0,0.5,Negative,,,,,,,περιβαλλον εκπαιδευση τεχνολογια νεον λοφοσ προφητησ ηλιασ αναπλαθεισ δημοσ τριταιων μεσω
0,0.5,Negative,,,,,,,survivorgr αυλακα εκανα ανθολογιου παικτησ περιβαλλον συζητω πηρε κινητο
0,0.5,Negative,,,,,,,κανω προστατεψετε περιβαλλον απαντηστε νεοσ poll earth
1,1.0,Positive,,,,,,,μπιλ γκεισασ κηρυγματα περιβαλλον πολυτελη βιοσ αγκαλια χηρα oracle
0,0.0,Negative,,,,,,,ωραιοκαστρο θερμη εμφανιζω πολυσ πρασινοσ παπαγαλοσ εξηγειται εζωνα αθερμη περιβαλλον περιελιξη
1,1.0,Positive,,,,,,,μπιλ γκεισασ κηρυγματα περιβαλλον πολυτελη βιοσ αγκαλια χηρα oracle
0,0.5,Negative,,,,,,,εφοδιασα νοτιου αιγαιο σημαντικοσ ρολοσ καλυτεροσ περιβαλλον δημοκρατικοσ ροδοσ δωδεκανησα
1,1.0,Positive,,,,,,,μπριτεν κασπιασ λαμβανω ιατρικοσ φροντιδα βρισκω κινδυνοσ λεει στενοσ περιβαλλον
0,0.0,Negative,,,,,,,μπριτεν κασπιασ βρισκω κινδυνοσ λενε ατομο περιβαλλον
0,0.5,Negative,,,,,,,ενημερωση κατασκευη μοναδασ επεξεργασια απορριματων αντωνιου δημοσ θερμησ εφοδιασα γιγαντωνοσουν ανακυκλωση διαδημοτικοσ περιβαλλον
1,1.0,Positive,,,,,,,πληρησ εξελιξη μεγαλοσ αποχετευτικοσ εργο ανατολικη αττικη προϋπολογισμοσ ευρω λυνω οριστικα προβλημα αποχετευση επιπτωσεων δημοσιοσ υγεια περιβαλλον αναβαθμιζω ποιοτητα κατοικων
0,0.0,Negative,,,,,,,πληρησ εξελιξη βρισκω σημαντικοσ αναπτυξιακοσ εργο υποδομη κοινωνικοσ χαρακτηρασ λυνω οριστικα τεραστιοσ προβλημα αποχετευση επιπτωση δημοσιοσ υγεια περιβαλλον αναβαθμιζω ποιοτητα
0,0.5,Negative,,,,,,,ξυπνησα επαφη περιβαλλον
0,0.5,Negative,,,,,,,γκρεκασ αξονασ αναπτυξιακοσ προγραμμα δυτικοσ μακεδονια ενεργεια περιβαλλον
0,0.0,Negative,,,,,,,χρονοσ καταγγελλω στενοσ οικογενειακοσ περιβαλλον κυριακου μητσοτακησ οφελοσ οικονομικοσ
0,0.0,Negative,,,,,,,οικονομολογοσ τασοσ γερασιμιδησ αναφερω κινδυνουσ προκληση νεοσ διακυβερνηση οικονομια περιβαλλον κληθει δουλεφω νεοσ υπουργοσ οικονομικα
0,0.0,Negative,,,,,,,κλιματολογιεσ κοβω μεταπτυχιακοσ μαλακια αντιθεση εμβολιαστηκεσ bachelors
0,0.0,Negative,,,,,,,ιαμοσ δεντρο θανατου υπολοιπα περιβαλλον
0,0.5,Negative,,,,,,,συνεχιστε επικοινωνω περιβαλλον sasmos vasilikos
0,0.0,Negative,,,,,,,εεεα ψηφιστηκε νομοσ καταργηση κινητηρων εσωτερικοσ καυση αυτοκινητακι συννομο περιβαλλον
0,0.5,Negative,,,,,,,ιδρυσει κομμα βρισκω αναφερω περιβαλλον
1,1.0,Positive,,,,,,,πρωτη τελευταιοσ φορα σχολιαζω συγκεκριμενοσ προφιλ ελπιζω συγκεκριμενοσ κυρια υποστηριξη
0,0.5,Negative,,,,,,,earth ψηφιστε poll εβδομαδα αλλαξετε διατροφη περιβαλλον
0,0.0,Negative,,,,,,,ποσο ρυπαινω περιβαλλον πλουσιοτεροσ κοσμου λιστα χειροτεροσ
0,0.5,Negative,,,,,,,συνεδριο βιοτεχνολογιασ καμπανακι ποσοτητα ασφαλεια τροφιμων video αθανασιοσ_τσαυταρησ απαθη φιλελληνικοτητα ελληνοαμερικανικο_εμπορικο_επιμελητηριο πολιτικοοικονομικοσ
0,0.0,Negative,,,,,,,απαγορευμενα μολυβδινοσ σκαγια ευρωπαϊκοσ υγροτοποσ εζωνα κυνηγιων περιβαλλον
0,0.0,Negative,,,,,,,νησιωτικοσ αποτελω στρατηγικοσ πλεονεκτημα ελλαδα βιωσιμοσ τουρισμοσ δηλωνω ροδο υπουργοσ τουρισμου βασιλησ κιλικια διαρκεια ομιλια εκδηλωση rhodes colab sustainable destination strategy
0,0.0,Negative,,,,,,,θεσσαλονικη ιστορια οικογενεια πολωνων μετατρεπτω λεωφορειο σπιτι αφωτο αδιαφορια βιωσιμοτητα λεωφορειο σπιτι θεσσαλονικη πολωνικοι
0,0.0,Negative,,,,,,,νησιωτικοσ αποτελω στρατηγικοσ πλεονεκτημα ελλαδα βιωσιμοσ τουρισμοσ δηλωνω ροδο υπουργοσ τουρισμου βασιλησ κιλικια διαρκεια ομιλια εκδηλωση rhodes colab sustainable destination strategy
0,0.5,Negative,,,,,,,περιβαλλον κοινωνια διακυβερνηση κρισιμοι παραγοντασ χρηματοδοτησεισ αρθρο στεφανοπουλοσ εντεταλμενοσ συμβουλου eurocert
0,0.0,Negative,,,,,,,αντικειμενικα απολυτοσ δικαιο εβγαινε περιβαλλον μαριοσ παρουσιαζε τρελη σχεση
0,0.5,Negative,,,,,,,περιοχεσ κινα ευαλωτοσ συνεπεια κλιματικοσ αλλαγη κινα περιβαλλον
0,0.0,Negative,,,,,,,pepsico hellas ακολουθησε υγιη επιχειρηματικοσ αναπτυξη εμφαση περιβαλλον ανταποδοση κοινωνια
1,1.0,Positive,,,,,,,μεγαλοσ βημα βιωσιμοσ περιβαλλον νησι οικιακοσ πλαστικοποιητησ μοιρανω εφοδιασα νοικοκυριο νοτιου αιγαιο
1,1.0,Positive,,,,,,,μεγαλοσ βημα βιωσιμοσ περιβαλλον νησι οικιακοσ πλαστικοποιητησ μοιρανω εφοδιασα νοικοκυριο νοτιου αιγαιο
0,0.0,Negative,,,,,,,επιτροπη πρεβεζασ ιστορια πολιτισμοσπεριβαλλον μνημεια πολιτισμοσ κινδυνοσ
0,0.5,Negative,,,,,,,ισορροπιστριασ περιβαλλον
1,1.0,Positive,,,,,,,μεγαλοσ βημα βιωσιμοσ περιβαλλον νησι οικιακοσ πλαστικοποιητησ μοιρανω εφοδιασα δημοκρατικοσ ροδοσ δωδεκανησα
0,0.0,Negative,,,,,,,επιτροπη πρεβεζασ ιστορια πολιτισμοσπεριβαλλον μνημεια πολιτισμοσ κινδυνοσ
0,0.5,Negative,,,,,,,ανθρωποσ φυσικοσ περιβαλλον
0,0.5,Negative,,,,,,,bruce willis αφασια υπαρχω γενικα εμβολιασμενοσ τοξικοσ περιβαλλον αναπνεω τροποσ ζητειτε αγαπη κατανοηση πηγε περιπατοσ
0,0.5,Negative,,,,,,,προσυνεδριακε συμβολη κτηνοτροφια ισορροπιστριασ περιβαλλον
0,0.5,Negative,,,,,,,βιντεο περιβαλλον ακριβεια φερω σφραγιδα κυβερνηση μητσοτακησ καταναλωτησ κληθουν πληρωνω ευρω λαγανα
0,0.5,Negative,,,,,,,οδηγοσ επαφη περιβαλλον λεει επιβατησ εσωσε πορεια κτελ
0,0.5,Negative,,,,,,,επιβατησ εσωσε πορεια κτελ οδηγοσ επαφη περιβαλλον καθιδροσ epivates thessaloniki ktel odigos
1,1.0,Positive,,,,,,,μεταβαση καθαροσ ενεργεια προστασια οικοσυστηματων μεγαλοσ βιωσιμοτητα ανθεκτικοτητα περιβαλλον
1,1.0,Positive,,,,,,,στοχοσ ονομαζω βιωσιμοσ τουριστικοσ προϊον μερα ροδο μεγαλοσ εργο περιφερω
1,1.0,Positive,,,,,,,επισκεψη υφυπουργου εσωτερικα μακεδονια θρακη πυροσβεστικη υπηρεσιακαλαφατησ αυταπαρνηση αφοσιωση καθηκον ανθρωπια προσωπικο πυροσβεστικη υπηρεσιασ προστατευω πολιτησ περιουσια περιβαλλον
0,0.5,Negative,,,,,,,προσυνεδριακοσ ημεριδα θεμα συμβολη κτηνοτροφια εξισορροπουσασταν περιβαλλον
0,0.5,Negative,,,,,,,ζαχαρατη βιωσιμοσ τουρισμοσ τοπικοσ χαρακτηρασ επικεντρο αναπτυξη
1,1.0,Positive,,,,,,,σοφια ζαχαρατη βιωσιμοσ τουρισμοσ τοπικοσ χαρακτηρασ επικεντρο αναπτυξη
0,0.5,Negative,,,,,,,επικεφαλησ μυστικων υπηρεσιων ουκρανια πρακτορασ περιβαλλον ρασπουτιν
0,0.5,Negative,,,,,,,ουσια ονομαζω παντοτινοσ χημικοσ διασπωνται περιβαλλον συσσωρευω σωμα
0,0.0,Negative,,,,,,,pfas επικινδυνοι αιωνιοσ ρυποσ μολυνω ευρωπη αρθραρα pfas κινδυνολογο περιβαλλον υπογεια
0,0.5,Negative,,,,,,,ουκρανια μπουμπουνητασ μυστικοσ πρακτορασ στενοσ περιβαλλον ρασπουτιν
0,0.0,Negative,,,,,,,κλικ διαβαστε ουκρανια μπουμπουνητασ μυστικοσ πρακτορασ στενοσ περιβαλλον ρασπουτιν
1,1.0,Positive,,,,,,,μηδεν περιβαλλον μηδεν ενεργειακοσ ασφαλεια χωρα πολιτησ μεσω
0,0.0,Negative,,,,,,,φυγετε τριημερο ξεχασετε πατε στουμπωσει κωλοσ γιατι αλλαξατε περιβαλλον
0,0.0,Negative,,,,,,,greenpeace συνεπεια φυσικοσ περιβαλλον πολεμοσ ουκρανια
0,0.0,Negative,,,,,,,ανησυχητικοσ μετεωρολογικοσ κατασταση γαλλια χρονοσ ισχυω ελλαδα βρεξει μηνασ περιβαλλον
1,1.0,Positive,,,,,,,isea προστατεψετε θαλασσιοσ περιβαλλον καταναλωσετε καθαρα δευτερα thessalo
0,0.5,Negative,,,,,,,νεοσ περιβαλλον χρηση windows
0,0.0,Negative,,,,,,,καραμανλησ μεταβαση πρασινοσ μεταφορα προϋποθετω επενδυσεισ ισχυροσ νομοθετικοσ ρυθμιστικοσ περιβαλλον
0,0.0,Negative,,,,,,,μεταβαση πρασινοσ μεταφορα προϋποθετω επενδυσεισ ισχυροσ νομοθετικοσ ρυθμιστικοσ περιβαλλον τονιζω υπουργοσ
0,0.0,Negative,,,,,,,δημοτικο συμβουλιο χανιων ζητω εγκριθουν σχεδιο σχεδιαζομενησ επενδυση παραλια αφαλατωσαν πληττω περιβαλλον δικαιωμα ελευθεροσ προσβαση πολιτησ
0,0.5,Negative,,,,,,,νομοσχεδιο περιβαλλον προκαλω ντελιριο
0,0.0,Negative,,,,,,,καραμανλησ μεταβαση πρασινοσ μεταφορα προϋποθετω επενδυσεισ ισχυροσ νομοθετικοσ περιβαλλον businessnewsgr
0,0.0,Negative,,,,,,,μικρο αλλαγη ρουτινα βοηθω περιβαλλον
0,0.0,Negative,,,,,,,γαλανοματησ αναγκη αντιμετωπιση παραπληροφορηση συγχρονοσ ψηφιακοσ περιβαλλον
0,0.5,Negative,,,,,,,ανδρεασ μικρουτσικοσ σωληνωθηκεσ επικοινωνω περιβαλλον παρουσιαστησ
1,1.0,Positive,,,,,,,λησμονουμεσ παρωδια σοφερακια καραμανλη αστικοσ συγχρονα λεωφορειο θελω
0,0.5,Negative,,,,,,,ξερετε ξερω συνεβη ξεχνατε αγιοσ αποκαλεσε σταθησ σκουπιδι ελατε συγκινω ατομο περιβαλλον ελλειψη πεινα σχετικοσ αποκαλω καιλιοσσ σκουπιδι κρινω βαση μονταρισμενοσ πλανο
0,0.0,Negative,,,,,,,υποβαθμισε περιβαλλον λιμνη καρλα αποβλητο βοοειδο
0,0.0,Negative,,,,,,,κρατικοσ φορεασ υπευθυνοσ ασφαλεια τρενοσ σημαινω hellenic trains αμοιρη ευθυνων κανω κινω τρενο ασφαλεσσ περιβαλλον χρονοσ
0,0.5,Negative,,,,,,,θεσσαλονικη υφανθω ντοκιμαντερ ανθρωποσ περιβαλλον βλεμμα σωτηρησ δανεζικη documento
0,0.5,Negative,,,,,,,φεστιβαλ ντοκιμαντερ θεσσαλονικησ ντοκιμαντερ ανθρωποσ περιβαλλον βλεμμα tidf
0,0.5,Negative,,,,,,,συμφωνια επιτευχθηκε ηνωμενα εθνη πρωτοσ διεθνησ συνθηκη προστασια ανοικτοσ θαλασσα ιστορικοσ στιγμη ωκεανοσ δηλωνω ευρωπαιοσ επιτροποσ περιβαλλον κιρκανιουσ κατσικισιουσ
0,0.5,Negative,,,,,,,ιστορικοσ στιγμη συμφωνια προστασια ωκεανων δηλωνω επιτροποσ περιβαλλων
0,0.0,Negative,,,,,,,γερμανια οργη πολιτικοσ κοσμου δραση ακτιβιστησ κλιμα
0,0.5,Negative,,,,,,,οηεεε ιστορικοσ στιγμη συμφωνια προστασια ωκεανων δηλωνω επιτροποσ περιβαλλων
0,0.5,Negative,,,,,,,υφανθω ντοκιμαντερ ανθρωποσ περιβαλλον βλεμμα δανεζικη
0,0.0,Negative,,,,,,,ολοκληρωθηκε σεμιναριο περιφερειακου δικτυου περιβαλλοντικοσ εκπαιδευση κλιμα οργανωσε μαρτιου κεντρο εκπαιδευσησ περιβαλλον εφορια βασου
0,0.0,Negative,,,,,,,ιαπωνικοσ θελω απορριπτω θαλασσα εκατομμυριο τονοσ μολυσμενου νερο πυρηνικοσ αποκαλυπτικοσ μολυνση ωκεανοσ πολυσ ανθρωποσ απεθαντο υδατων επικαιροποιησαν περιβαλλον αποκαλυψη nuclear japon
0,0.0,Negative,,,,,,,ιαπωνικοσ θελω απορριπτω θαλασσα εκατομμυριο τονοσ μολυσμενου νερο πυρηνικοσ αποκαλυπτικοσ μολυνση ωκεανοσ πολυσ ανθρωποσ απεθαντο υδατων επικαιροποιησαν περιβαλλον αποκαλυψη nuclear japon
0,0.5,Negative,,,,,,,επιτροποσ περιβαλλων ιστορικοσ στιγμη συμφωνια προστασια ωκεανοσ
0,0.5,Negative,,,,,,,εργαστηριο επιχειρηματικοτητα τομεασ κυκλικησ οικονομια μηχανικοσ επιστημονασ πλαισιο εργο enginehubs εργαστηρια_επιχειρηματικοτητασ πολιτικοοικονομικοσ
0,0.0,Negative,,,,,,,ημεριδα εκπαιδευτικοσ προβληματικοσ συμπεριφορη σχολικοσ περιβαλλον σημασια προληψη εγκαιροσ αντιμετωπιση
0,0.0,Negative,,,,,,,πλαστικοσ ρυπαινω ωκεανοσ μπορω τριπλασιαστουν περιβαλλον
0,0.5,Negative,,,,,,,διοικητησ γενικου νοσοκομειου λαρισασ δηλωνω περιβαλλον ερθει επαφη νοσοκομειο τεμπη τεμπη_εγκλημα_μητσοτακη δολοφονουμασταν μητσοτακη_παραιτησου
1,1.0,Positive,,,,,,,ελληνικοσ χρυσοσ υλοποιω μεγαλυσ αμεσοσ ξενοσ επενδυσεισ ελλαδα σεβασμοσ φυσικοσ περιβαλλον
0,0.5,Negative,,,,,,,meliá hotels international βιωσιμοσ ξενοδοχειακοσ ομιλοσ παγκοσμιωσ sampp globa δημοκρατικοσ ροδοσ δωδεκανησα
0,0.5,Negative,,,,,,,γυμνασιο αργοστολιου ενημερωτικοσ δραση περιβαλλον
0,0.0,Negative,,,,,,,καπο κομβικοσ ρολοσ ευρωπαϊκοσ αγροτικοσ πολιτικη βιωσιμοσ συστημα τροφιμα
0,0.0,Negative,,,,,,,τραγωδια τεμπη σαλοσ μαρτυρια σχετικα υγεια μηχανοδηγοσ διαψευδει περιβαλλον hellenic train αβασιμεσ ειδησεισ
0,0.5,Negative,,,,,,,ξυπνησαν αρκουδα νυμφαιο εζωνα περιβαλλον
0,0.0,Negative,,,,,,,γενικη συνελευση κοπη πιτα πολιτησ μαγνησιασ υγεια περιβαλλον
1,1.0,Positive,,,,,,,μεταλλευτικοσ δραστηριοτητα σεβασμοσ φυσικοσ περιβαλλον
0,0.5,Negative,,,,,,,προσκληση τρεισ συζητηση περιβαλλον ομιλητησ αντωνη αλιγατορα
1,1.0,Positive,,,,,,,ελληνικοσ χρυσοσ αναπτυξη σεβασμοσ περιβαλλον
1,1.0,Positive,,,,,,,εκδηλωση μερα ζουγκλα εργασιακοσ περιβαλλον
1,1.0,Positive,,,,,,,ντεμπαι προστατευω περιοχη αλασκα δινω αδεια αντληση πετρελαιου λασκαρινα περιβαλλον εντειχιζομαι
0,0.0,Negative,,,,,,,εκδηλωση τιτλοσ μεταναστευτικη κριση ευρωπη διαμορφωση νεοσ θεσμικοσ κοινωνικοσ πολιτικοσ περιβαλλον
0,0.5,Negative,,,,,,,εφαμιλλοσ μητσοτακησ ρουσφετια υποβαθμιζω ενεργειακοσ κοινοτητα ελληνικοσ φυσικοσ περιβαλλον http
0,0.5,Negative,,,,,,,βολο περιβαλλον δημοσιοσ υγεια αντιπροσωπεια συμμαχια πρασινο μωαβ
0,0.5,Negative,,,,,,,οριστικοσ αποσυρση νομοσχεδιουεκτρωματοσ περιβαλλον ζηταω κυριοσ αρθρο καθημερινην αναφερω
0,0.0,Negative,,,,,,,φωτογραφικοσ διαταξη πολυνομοσχεδιο περιβαλλον καθημερινη
0,0.5,Negative,,,,,,,παθανε μητσοτακικου βγαζω λογαριασμοσ καθημερινησ περιβαλλον μπλοφαρουν κρατηζω
1,1.0,Positive,,,,,,,μαγκανοπηγαδο πολιτιστικοσ συλλογοσ μαγκανοπηγαδου προσκαλω συμμετεχουμε φαση εθελοντικοσ αναδασωση εθελοντισμοσ μαγκανοπηγαδο περιβαλλον συλλογουμαι
0,0.0,Negative,,,,,,,βιωσιμοσ επιχειρηματικοσ σχημα αξιοποιηση θερμων πηγων ομπροσ θερμησ
0,0.5,Negative,,,,,,,περιφερεια θεσσαλια εκτακτο δελτιο επιδεινωση καιρου χαρτησ κακοκαιρια θεσσαλια
0,0.0,Negative,,,,,,,θαλασσιοσ παγοσ αρκτικη μειωθηκε μισοσ κλιματικοσ αλλαγη παραθαλασσιοσ συναλλαγματικοσ αρκτικοσ
0,0.0,Negative,,,,,,,θαλασσιοσ παγοσ αρκτικη μειωθηκε μισοσ κλιματικοσ αλλαγη παραθαλασσιοσ συναλλαγματικοσ αρκτικοσ
0,0.5,Negative,,,,,,,ρυζι επιστροφη παραδοση βιωσιμοσ περιβαλλον larissapress
0,0.5,Negative,,,,,,,συμπερασμα κυβερνηση θελω θανατοσ ροτσιλντ εντολη εναπομειναντεσ παρακαλανε ειρηνη λυση προσκυνησουν αντιηγετικησ ετοιμοσ ολοκληρωτικοσ παγκοσμιοσ περιβαλλον απολυτοσ ελεγχου
0,0.0,Negative,,,,,,,αλοννησοσ νησι καινοτομω καταργηω πλαστικοσ μπουκαλιο ελαιολαδα περιβαλλον
0,0.0,Negative,,,,,,,cyprus mediterraneanday environment climatecrisis βουλη συμμετεχω ενεργα διαβουλευση περιβαλλον μεσογειου λεει δημητριου
0,0.0,Negative,,,,,,,μετακινησεισ αποκτω βιωσιμοσ προσημο δημοσ αργοσ μεσω news ηλεκτρονικη εφημεριδα πελοποννησου
0,0.0,Negative,,,,,,,εξωση διχρονη γιατι σπιτι μενω χρονοσ ενεργειακοσ βιωσιμοσ
0,0.0,Negative,,,,,,,πυρηνικοσ εργοστασιο εθεσε ελεγχοσ διαρροη μολυσμενου νερου εντοπιστηκε νοεμβριοσ περιβαλλον πυρηνικοσ
0,0.5,Negative,,,,,,,επιπτωση δημογραφικοσ εξελιξεων οικογενειακοσ περιβαλλον ετοσ
0,0.5,Negative,,,,,,,επιπτωση δημογραφικοσ εξελιξεων οικογενειακοσ περιβαλλον ετοσ
0,0.0,Negative,,,,,,,σημα κινδυνου λειψυδρια μετρο σταθμη λιμνη πλαστηρασ
0,0.5,Negative,,,,,,,εαρινη ισημερια αποχαιρεταμε επισημα χειμωνασ
1,1.0,Positive,,,,,,,μαγκανοπηγαδο ολοκληρωνω κυριακη επιτυχια φαση αναδασωση εθελοντισμοσ μαγκανοπηγαδο περιβαλλον συλλογουμαι
0,0.5,Negative,,,,,,,κερκυρα κωνσταντινοσ καποδιστριασ επισκεφθηκε κεντρο εκπαιδευσησ περιβαλλον εφορια περιβαλλοντικοσ εκπαιδευση αλυκεσ ημιλευκησ
0,0.0,Negative,,,,,,,οδηγοσ επιβιωση ανθρωποτητα συναλλαγματικοσ συναγερμοσ αμεσησ δραση
0,0.0,Negative,,,,,,,guterres εμπειρογνωμονασ κλιμα εξεδωσαν οδηγοσ επιβιωση ανθρωποτητα χρειαζω ριζικοσ δραση
0,0.5,Negative,,,,,,,αποκατασταθει επικοινωνια περιβαλλον
1,1.0,Positive,,,,,,,κωστουλα ναυπλιο φιλικοσ περιβαλλον πολη τοποθετουνται νεοσ μοναδα ανταποδοτικησ ανακυκλωση
0,0.0,Negative,,,,,,,μητροπουλου εμπε εργο αποκατασταση ιερου κουβουκλιου παναγιου ταφου γινομαι περιβαλλον κοινοσ αποδοχη
0,0.5,Negative,,,,,,,νομοσχεδιο περιβαλλον τρεισ αλλαγη πεντε δημοκρατικοσ ροδοσ δωδεκανησα
0,0.5,Negative,,,,,,,περιβαλλον arti news
0,0.5,Negative,,,,,,,οντωσ γελαδινε επαφη περιβαλλον
0,0.0,Negative,,,,,,,δομνα μιχαηλιδη διχρονη ασφαλεσσ περιβαλλον επικαιροτητα ομοχρονη βιασμου φιλοξενουμασταν
0,0.0,Negative,,,,,,,πεκινο προωθω αγορα φιλικοσ περιβαλλον κατασκευαστικοσ υλικοσ αγροτικοσ περιοχη
0,0.5,Negative,,,,,,,βγειτε περιβαλλον ακτινοβολιων τεχνολογια κινητηρων υπολογιστοσ γινομαι πυροδοτω γρανιτενιο σωμα ζησουμε ακραιεσ τραγικοσ κατασταση
1,1.0,Positive,,,,,,,αβολοσ ηλεκτρικοσ αυτοκινητο φιλικα περιβαλλον πετιουνται ολοκληρα μικροσ ζημια
0,0.5,Negative,,,,,,,αλλαγη πολυνομοσχεδιο περιβαλλον παρεμβασεισ μητσοτακησ
1,1.0,Positive,,,,,,,παρισι αλλαγεσ ολυμπιακοσ λαμπαδηδρομια γινομαι φιλικοσ περιβαλλον
1,1.0,Positive,,,,,,,δραση φυτευω δυνατασ κοινωνικοσ μηνυματα weall μεγα υγιεινη δινω οξυγονο δημοσ περιβαλλοντικοσ
1,1.0,Positive,,,,,,,παρισι αλλαγεσ ολυμπιακοσ λαμπαδηδρομια γινομαι φιλικοσ περιβαλλον
1,1.0,Positive,,,,,,,ασφαλεσσ περιβαλλον διχρονη εξεδιδε κυκλωμα μαστροπεια
0,0.0,Negative,,,,,,,δομνα μιχαηλιδη ασφαλεσσ περιβαλλον διχρονη επεσε θυμα μαστροπεια
1,1.0,Positive,,,,,,,αγοραστοσ παγκοσμια ημερα νερο βιολογικη αφυπνιση προστασια εμπλουτισμοσ υδατικοσ ποροσ θεσσαλια
1,1.0,Positive,,,,,,,ηλεκτρικοσ αυτοκινητο φιλικα περιβαλλον βενζινοκινητα
0,0.5,Negative,,,,,,,περιβαλλον περιβαλλον αυγη
0,0.5,Negative,,,,,,,επιστημονεσ εφτιαξαν ανακυκλωσιμα πλαστικα ισχυροσ κολλα επιστημων περιβαλλον
0,0.5,Negative,,,,,,,προσαρμοζω στρατηγικη δανειοληπτησ περιβαλλον αυξηση επιτοκιων
0,0.5,Negative,,,,,,,βρισκω αγκαλια μητερα καταφυγιο φιλοξενω διασωθεντα ορφανα αγρια ελεφαντησ ρινοκερουσ
0,0.0,Negative,,,,,,,μπουμπουκι ξεπεταχτηκε προεκλογικα πρωθυπουργικοσ περιβαλλον θετω περισση αναιδεια διλημμα εκλογη
1,1.0,Positive,,,,,,,κολυμπια σκαμπο autocue πουν ελληνικοσ αραδα ασφαλεσσ περιβαλλον
0,0.5,Negative,,,,,,,απαντα δημοσ θερμησ σχετικα αποτελεσμα ερευνα ελβετικοσ εταιρεια ατμοσφαιρικοσ ρυπανση διαδημοτικοσ περιβαλλον τοπικα
1,1.0,Positive,,,,,,,υφυπουργοσ κοινωνικων υποθεσεων μιλησε κοριτσι πολυμελη οικογενεια εξαιρετικα κακοποιητικοσ περιβαλλον
0,0.0,Negative,,,,,,,επικινδυνοσ περιβαλλον εργαζομενοσ
0,0.5,Negative,,,,,,,ηλιουπολη δηλωνω οικογενειακοσ περιβαλλον πρωην συζυγου προπονητησ
0,0.5,Negative,,,,,,,δηλωνω οικογενειακοσ περιβαλλον πρωην συζυγου προπονητησ
0,0.0,Negative,,,,,,,αναπτυξη εξακολουθω βρισκω αγορα οικιστικοσ ακινητων χωρα εγχωριοσ ξενοσ επενδυτησ αναζητω ευκαιρια περιβαλλον αυξανομενοσ τιμη ξεπερασε συμφωνα στοιχειο τραπεζασ
1,1.0,Positive,,,,,,,νεοσ ψηφιακοσ περιβαλλον φορολογια διασυνδεση ταμειακοσ μηχανοσ λειτουργω
1,1.0,Positive,,,,,,,νεοσ ψηφιακοσ περιβαλλον φορολογια διασυνδεση ταμειακοσ μηχανοσ λειτουργω
1,1.0,Positive,,,,,,,νεοσ ψηφιακοσ περιβαλλον φορολογια διασυνδεση ταμειακοσ μηχανοσ λειτουργω
0,0.0,Negative,,,,,,,πρεπε χωρα καταδικαζω ευρωπαϊκοσ δικαστηριο συμμορφωθει σωθει περιβαλλον δυνατοσ νεοσ καθεστωσ προχωρω επενδυσεισ περιοχη natura
1,1.0,Positive,,,,,,,νεοσ ψηφιακοσ περιβαλλον φορολογια διασυνδεση ταμειακοσ μηχανοσ λειτουργω μεταβιομηχανικοσ
1,1.0,Positive,,,,,,,νεοσ ψηφιακοσ περιβαλλον φορολογια διασυνδεση ταμειακοσ μηχανοσ λειτουργω μεταβιομηχανικοσ
1,1.0,Positive,,,,,,,λειτουργω νεοσ ψηφιακοσ περιβαλλον συνδεση ταμειακοσ μηχανοσ thessalo
1,1.0,Positive,,,,,,,νεοσ ψηφιακοσ περιβαλλον φορολογια διασυνδεση ταμειακοσ μηχανοσ λειτουργω
0,0.0,Negative,,,,,,,επιτροπη πρεβεζα ιστοριαπολιτισμοσπεριβαλλον τοπικη κοινοτητα νεασ κερασουντοσ διοργανωσαν καστρο ρωγων εκδηλωση σκοποσ αναδειξη προσωπικοτητα επισκοπου ρωγων κοτυλησ ιωσηφ
1,1.0,Positive,,,,,,,γεγονοσ χαρακτηριζω φιλιο λαοπροβλητοσ φαινομαι προτιμω εμφανιζω δημοσια ακρωσ προστατευμενοσ περιβαλλον
1,1.0,Positive,,,,,,,style rocks περιβαλλον τοξικοσ δηλωνω νικολ δεσποτοπουλου mystylerocksgr mystylerocks νικολαι skaitvgr skai σκαιη mynewsgr
0,0.0,Negative,,,,,,,χημικοσ ουσια περιβαλλον συνδεω εκδηλωση παρκινσον μακριναρια λαγονησι τεμπελησ documento iqgr κυριακοσμητσοτακη απαθανατισησ γκοτσησ καβασιλασ
0,0.5,Negative,,,,,,,αρχιεπισκοποσ ελπιδοφοροσ δυνατοσ ζουμε κοινωνια περιβαλλον ενοπλοσ
0,0.5,Negative,,,,,,,αρχιεπισκοποσ ελπιδοφοροσ δυνατοσ ζουμε κοινωνια περιβαλλον ενοπλοσ
0,0.0,Negative,,,,,,,δεικτη απατητα βουνα εντασσω οροσ γεννηθηκε διασ επικαιροτητα καταπατημενου διωκτη περιβαλλον
0,0.5,Negative,,,,,,,πολοσ ελξη μαθητησ εξωτερικο κοπεσ περιβαλλον κοπε μεσολογγιτικου environnement environmental_education
1,1.0,Positive,,,,,,,προτεινω μεγαλοσ διαφανεια λιγοτερη γραφειοκρατια εταιρεια στοχοσ βελτιωνω επιχειρηματικοσ περιβαλλον eucompanylaw
0,0.5,Negative,,,,,,,βραδυ μαρτιου ξεκινω προβλημα συνεχιζω υπολογιζω επομενοσ εβδομαδα θεση λειτουργω πληρωσ νεοσ περιβαλλον κυπροσ cyprus
0,0.5,Negative,,,,,,,μπαμπαλο επενδυω πρασινο βιωσιμοσ μελλον παιδι
0,0.5,Negative,,,,,,,αμερικη ελπιδοφοροσ δυνατοσ ζουμε κοινωνια περιβαλλον ενοπλοσ
0,0.5,Negative,,,,,,,εγκριτοσ επιστημονασ αμφισβητω δεδομενο μετρησεων ποιοτητα αερασ περιοχη θερμησ αθερμη μελετησετε περιβαλλον
0,0.0,Negative,,,,,,,σημειωσε εκλογη γινομαι περιβαλλον ευρωπη εξακολουθω υπαρχω πολεμοσ ενεργειακοσ ακριβεια υποχωρω κριση πληθωρισμοσ υπαρχω
0,0.0,Negative,,,,,,,διαφοροι παραγοντασ φαινομαι επηρεαζω προσδοκιμοσ ερευνεσ δειξει γονιδι προβλεπω διαρκεια ατομου διατροφη περιβαλλον ασκηση παραγοντασ καθημερινοτητα
0,0.0,Negative,,,,,,,τρεφονται αιωνοβιοσ διαφοροι παραγοντασ φαινομαι επηρεαζω προσδοκιμοσ ερευνεσ δειξει γονιδι προβλεπω διαρκεια ατομου διατροφη περιβαλλον ασκηση παραγοντασ
0,0.0,Negative,,,,,,,πολιτησ μαγνησια υγεια περιβαλλον παυω δημοσ μπλου κανω ποντιοσ πιλατοσ
0,0.5,Negative,,,,,,,εγκριτοσ επιστημονασ αμφισβητω δεδομενο μετρησεων ποιοτητα αερασ περιοχη θερμησ αθερμη μελετησετε περιβαλλον
0,0.5,Negative,,,,,,,ελαστικοτατοσ ανακυκλωμενοσ χριστουγεννιατικα δεντρο περιοχη αγιοσ παντελεημονα τριωδιου ανακυκλωση διαδημοτικοσ περιβαλλον τριαδικη
0,0.0,Negative,,,,,,,θεσσαλονικη επιχειρηση μολυνε αποβλητο περιβαλλον δημοσ δελτα
0,0.5,Negative,,,,,,,ερευνεσ δειξει γονιδι προβλεπω διαρκεια ατομου διατροφη περιβαλλον ασκηση παραγοντασ καθημερινοτητα προβλεπω υπολοιποσ
0,0.5,Negative,,,,,,,watch video till crime unprecedented environment vaccinated especially risk δειτε βιντεο τελοσ εγκλημα πρωτογνωροσ βγειτε περιβαλλον εμβολιασμενοσ ειδικα κινδυνευω
1,1.0,Positive,,,,,,,ασφαλεσσ περιβαλλον διχρονη εξεδιδε κυκλωμα μαστροπεια
0,0.5,Negative,,,,,,,watch video till crime unprecedented environment vaccinated especially
0,0.5,Negative,,,,,,,φωναζαμε χρονοσ ελεγαν τρελοσ λυση μεινετε μακρια περιβαλλον ακτινοβολια λογοσ σωνω πολυσ βουνο εξυπνοσ παλιοτερα απλα κοροιδευαν
1,1.0,Positive,,,,,,,θελω ηρεμια ηρεμοσ περιβαλλον σπιτι νιωθω μπορω χαλαρωσουμε τελοσ ημερα decor hernewsgr
0,0.0,Negative,,,,,,,εξεταση νεοσ μαρτυρων υπερασπιση περιβαλλον οικογενειων κατηγορουμενοσ συνεχιζω δικη δολοφονια αλκη καμπανουλα γραφω αλεξανδροσ τσαρδακια
0,0.0,Negative,,,,,,,κριση νερο επιπτωση ανθρωποσ περιβαλλον
0,0.0,Negative,,,,,,,survivor ξεσπασαν κλαματα στελλα ανδρεου κολοβου τοξικοσ περιβαλλον survivogr kaneotikoimasai gitiselias sasmos
0,0.5,Negative,,,,,,,καντε λοφοσ πιανω τοποσ γκρινια παρακαλι κοποσ
0,0.5,Negative,,,,,,,περιβαλλον ισχυροσ ανταγωνισμοσ διαδοχικοσ επενδυσεων εξελισσω smart lockers
0,0.5,Negative,,,,,,,νεοσ ερευνα διαβιωση κρυο περιβαλλον μειωνω ευπαθεια αναπτυξη νοσημα αυξανω μακροζωια κασιδιαρησ λιγναδησ κεραμευσ mavrorodo masterchefgr shoppingstar μιθριδατισμε αγοραιου γρηγορησ στεφανωμενοσ αργυριων πετροκοποσ μιτσελ
1,1.0,Positive,,,,,,,deloitte ελλαδα εταιρεια καλυσ εργασιακοσ περιβαλλον γυναικα ελλαδα
0,0.5,Negative,,,,,,,αρσακειοσ αισθανω δικαιωμενοσ δυνατοσ λεει περιβαλλον αχρονοσ mega
0,0.5,Negative,,,,,,,αρσακειοσ αισθανω δικαιωμενοσ δυνατοσ λεει περιβαλλον αχρονοσ mega
0,0.0,Negative,,,,,,,προτεραιοτητα κυβερνηση περιβαλλον παρουσιαζω μελοσ κοινοβουλευτικοσ επιτροπη περιβαλλον υπουργοσ γεωργια αγροτικησ αναπτυξη περιβαλλοντοσ πετροσ ξενοφωντοσ περισσοτερα
0,0.5,Negative,,,,,,,θεση περιβαλλον μαγνησια
0,0.5,Negative,,,,,,,ζητηση βιωσιμοσ ομολογοσ δημοκρατια επιτοκιο
0,0.0,Negative,,,,,,,christina aguilera τραυματα παιδικοσ ηλικια κακοποιητικοσ περιβαλλον
0,0.5,Negative,,,,,,,μπαμπουινοσ φυσικοσ περιβαλλον survivorgr
1,1.0,Positive,,,,,,,μαθητησ ανεπτυξαν τεχνολογικοσ λυση εξυπνοσ πολη φιλικοσ ανθρωποσ περιβαλλον cosmote
1,1.0,Positive,,,,,,,μαθητησ ανεπτυξαν τεχνολογικοσ λυση εξυπνοσ πολη φιλικοσ ανθρωποσ περιβαλλον cosmote
0,0.5,Negative,,,,,,,νικοσ τζουρασ εφορια χερι νεοσ
0,0.5,Negative,,,,,,,στοχοσ παραμενω αναβαθμιση παιδεια σχολειο παρεχω παιδι καταλληλα εργαλειο
0,0.0,Negative,,,,,,,ζερο καλουταν εζησα διαχωρισμοσ πολιτεια περιβαλλον
0,0.5,Negative,,,,,,,ουριε θελω ρωτω μυαλο νεοσ ανθρωποσ προσπαθω επιβιωζω αντιξοοσ
0,0.5,Negative,,,,,,,παραπανισιου στοχοσ βιωσιμοσ συστημα υγεια πολιτησ πληρησ ισοτιμοσ προσβαση
0,0.5,Negative,,,,,,,φετινοσ μαρτιοσ δευτεροσ θερμοτεροσσ παγκοσμιωσ καιροσκοπο κλιματικη περιβαλλον
0,0.5,Negative,,,,,,,μεσω εμβολιων περιβαλλον συνδεδεμενοσ ιντερνετ πραγματων σωμα γνωριζω μαζικα κοσμοσ μπηκε σκοτεινοσ περιοδοσ γνωρισε αδιαφορηω
0,0.0,Negative,,,,,,,μεγαλοσ μυστικοσ ανακαλυψε warburg απλοσ καρκινικοσ κυτταρα μπορω επιβιωσουν αλκαλικοσ περιβαλω
0,0.0,Negative,,,,,,,μεγαλοσ μυστικοσ ανακαλυψε warburg απλοσ καρκινικοσ κυτταρα μπορω επιβιωσουν αλκαλικοσ περιβαλω
0,0.5,Negative,,,,,,,θεσεισ περιβαλλον μαγνησια
0,0.0,Negative,,,,,,,lucy martin δουλευω απαντησε αγγελια ανθρωποσ αναπηρια ενδιαφερω μετεωρολογια περιβαλλον
0,0.5,Negative,,,,,,,σκυλοσ δημιουργηζω ασφαλεσσ περιβαλλον σπιτι κηποσ λυκοσκυλο
0,0.0,Negative,,,,,,,αλατι βιομηχανια δολαριο κινδυνοσ περιβαλλον
1,1.0,Positive,,,,,,,ομορφα φυσικοσ περιβαλλον
0,0.5,Negative,,,,,,,τσακιρησ ειπα καλλιεργω γονιμοσ περιβαλλον αναπτυσσω χωρα καινοτομοσ προϊον larissapress
0,0.5,Negative,,,,,,,τσακιρησ ειπα καλλιεργω γονιμοσ περιβαλλον αναπτυσσω χωρα καινοτομοσ προϊον
0,0.5,Negative,,,,,,,αρσακειο αλλαξουν σχολικοσ περιβαλλον νταηδησ ζητω συλλογοσ γονεων κηδεμονων
0,0.5,Negative,,,,,,,αρσακειο αλλαξουν σχολικοσ περιβαλλον νταηδησ ζητω συλλογοσ γονεων κηδεμονων
0,0.0,Negative,,,,,,,αρρωστοσ πορνογερο μπορω υπαρχω επαναφορα φυσιολογικοσ κατασταση νουσ περιβαλλον μεταμορφωνω σκοπιμα οnly υπαρχω ενοχη ανοχη ονομαζω δημοκρατια κρατιοσασταν λεγω
1,1.0,Positive,,,,,,,τζερμι επικοινωνια περιβαλλον παραμενω αγνωστοσ αιτια οδηγω νοσοκομειο
0,0.5,Negative,,,,,,,παλιοφιλοσ πρωθυπουργικοσ περιβαλλον συμβαινω
0,0.0,Negative,,,,,,,ολιγωρια αρχων σοβαροσ καταγγελια σεξουαλικοσ κακοποιηση ανηλικη πατερασ πρωην στελεχοσ επιχειρηση αμεσοσ σχεση πρωθυπουργικοσ περιβαλλον γραφει δαναη σκακιστικη μπαρκαριστω
0,0.5,Negative,,,,,,,μαϊμου φυσικο περιβαλλον
0,0.0,Negative,,,,,,,διαπιστευτουν ολιγωρια αρχων υποθεση σεξουαλικοσ κακοποιηση ανηλικοτητα καταγγελλει μητερουλα γιατι βαζουν εμποδια αρχεια υποθηκευση θυεστη αμεση σχεση περιβαλλον πρωθυπουργοσ
0,0.5,Negative,,,,,,,συγκλονιζω θανοσ καλημερα τζεσικα παπουτση πεσει κωμα επαφη περιβαλλον
0,0.0,Negative,,,,,,,διεκδικω αυτοδυναμια συνεχιζω πορευομαστε δρομοσ ιδιαιτερα αβεβαιοσ διεθνησ περιβαλλον απροβλεπτοσ γειτονασ ελλαδα χρειαζομαι σταθεροσ τιμονι σαφησ πορεια
1,1.0,Positive,,,,,,,ηλεκτρικοσ αυτοκινητο καλοσ περιβαλλον ακριβοσ τσεπη
0,0.0,Negative,,,,,,,χωρα ομαδα ανακοινωσαν προθεση εκμηδενιζω ρυπανση πλαστικα συναντηση υπουργοσ κλιμα ενεργεια περιβαλλον σαπορο ιαπωνια
0,0.0,Negative,,,,,,,χωρα ομαδα ανακοινωσαν προθεση εκμηδενιζω ρυπανση πλαστικα συναντηση υπουργοσ κλιμα ενεργεια περιβαλλον σαπορο ιαπωνια
0,0.5,Negative,,,,,,,γελα θερμησ σημαντικοσ πρωτοβουλια bazzar ρουχοσ τεταρτη μαΐου περιβαλλον συμβουλεμενων
0,0.5,Negative,,,,,,,δοκιμη αρκτικοσ περιβαλλον hyundai ioniq
0,0.0,Negative,,,,,,,μαρια κορινθιων ξερω εκανα πρωινο γιαννησ ταϊβαν εξαρταται συνθηκη περιβαλλον thenightshow κορινθιοσ
0,0.0,Negative,,,,,,,αυστραλια δεκαδα καρετα καρετα επεστρεψαν φυσικοσ περιβαλλον
0,0.0,Negative,,,,,,,αυστραλια δεκαδα καρετα καρετα επεστρεψαν φυσικοσ περιβαλλον
0,0.0,Negative,,,,,,,προσφυγη ολοκληρωνω αυτοπροστασια ελια δικτυο βιωσιμοσ ελαιωνασ
0,0.5,Negative,,,,,,,εργαστηριο αμεσηθ ασφαλησ ασκηση δημοσιογραφικοσ εργο επικινδυνοσ περιβαλλον
0,0.5,Negative,,,,,,,σκια credit suisse παραμενω ευρωπαϊκοσ τραπεζικοσ περιβαλλον φαινομαι κοστιζω
0,0.5,Negative,,,,,,,εκπαιδευτικοσ εργαστηριο ασφαλησ ασκηση δημοσιογραφικοσ εργο επικινδυνοσ περιβαλλον
0,0.0,Negative,,,,,,,μουσειακη εκπαιδευση κριτικη δημιουργικοσ σκεψη μουσειακοσ περιβαλλον tirnavospress
0,0.0,Negative,,,,,,,μουσειακη εκπαιδευση κριτικη δημιουργικοσ σκεψη μουσειακοσ περιβαλλον
0,0.5,Negative,,,,,,,σκια credit suisse παραμενω ευρωπαϊκοσ τραπεζικοσ περιβαλλον φαινομαι κοστιζω
0,0.5,Negative,,,,,,,αλεξησ γεωργοσ καταγγελια βαροσ λεει περιβαλλον agriosxylodarmos alexisgeorgoylis viasmos vryxelles
1,1.0,Positive,,,,,,,ηθοποιοσ πρωην ευρωβουλευτη συμφωνα περιβαλλον αναφερω ολγα λαζανησ εκπομπη happy ενημερωθηκε μεγαλοσ παρασκευη καταγγελια εκκρεμει βαροσ hernewsgr
0,0.0,Negative,,,,,,,λεει περιβαλλον αλεξη γεωργουσ καταγγελια βαροσ κατασταση
0,0.5,Negative,,,,,,,γεωργοσ καταγγελια βαροσ λεει περιβαλλον
0,0.0,Negative,,,,,,,νεοσ καταγγελια βαροσ γεωργουσ κατασταση λεει περιβαλλον alexisgeorgoylis
0,0.5,Negative,,,,,,,εκδηλωση ενημερωση ποιοτητα αερασ δημοσ θερμησ εκδηλωσει περιβαλλον
0,0.5,Negative,,,,,,,δημοσ θερμησ υποχρεωση καθαρισμοσ οικοπεδων ενοψει εναρξη αντιπυρικοσ περιοδοσ διαδημοτικοσ αθερμη περιβαλλον
1,1.0,Positive,,,,,,,dalio bridgewater προειδοποιω τραπεζικοσ συστημα χρειαζομαι μεγαλοσ αναδιαρθρωσεισ συντομα βιωσιμοσ βαροσ χρεοσ
0,0.5,Negative,,,,,,,καμπανακι παγκοσμιοσ οργανισμοσ μετεωρολογιασ σταθμη θαλασσων αυξηθηκε διπλασιοσ ρυθμοσ περιβαλλον
1,1.0,Positive,,,,,,,μπαμπαλο διαμορφωνω καλυσ σχολικοσ περιβαλλον παιδι
1,1.0,Positive,,,,,,,λεγω ανθρωποσ περνω πασχα ανθρωποσ φιλικοσ περιβαλλον znews γεωργουσοπουλοσ
1,1.0,Positive,,,,,,,μαΐου καλω πολιτησ παρουμε αποφαση αλλαγη κρατοσ λειτουργω αξιοπιστια διαφανεια αξιοκρατια ισχυρη δημοσιοσ υγεια παιδεια δικαιοσ αναπτυξη σεβομαι περιβαλλον ανθρωποσ
1,1.0,Positive,,,,,,,μεσαιεσ μεγαλοσ επιχειρηση συγκεκριμενοσ κλαδουσ περιβαλλον δημοσιοσ υγεια συνολο επιχειρηση ανεξαρτητωσ μεγεθοσ εφετοσ καθιερωζω διαυλοσ αναφορα καταγγελια παραβασεων ευρωπαϊκοσ
1,1.0,Positive,,,,,,,ικανοποιηση εκφραζω πλειονοτητα εμπορων αγοραστικοσ κινηση εφετινοσ πασχαλινοσ περιοδοσ πλησιασε πανδημια επιπεδο μοιραζω αισιοδοξια επιχειρηση δυσμενεσσ περιβαλλον
0,0.0,Negative,,,,,,,ηλεκτρικοσ αυτοκινητο εκαναν test drive υπουργοσ ευρωπαϊκοσ ενωση ασχολουμαι περιβαλλον
0,0.5,Negative,,,,,,,aegean rebreath ξεκινω δραση περιβαλλον ναξο μεσω press
0,0.0,Negative,,,,,,,ατομο περιβαλλον αποφευγω κανω δηλωση
0,0.5,Negative,,,,,,,θεση περιβαλλον εκδηλωση κυριακη σερρεσ σερρεσ απεψια περιβαλλον serres
0,0.0,Negative,,,,,,,ανθρωποτητα κρισιμοσ σταυροδρομι μπορω πετυχουμε βιωσιμοσ κλιματικοσ μελλον
0,0.5,Negative,,,,,,,εκδηλωση συζητητη θειαφισε περιβαλλον
1,1.0,Positive,,,,,,,χαρι μπελαφοντε φτωχοσ περιβαλλον βρισκω μεγαλοσ εμπνευση αρθραρα ακτιβιστησ ηθοποιοι τραγουδιστοσ
0,0.5,Negative,,,,,,,extreme επισημοσ συνεργατησ εφορια μοιραζω αποτυπωμα ανθρακασ σεζον ontimenewsgr
0,0.5,Negative,,,,,,,sigmataf θηλυκοσ περιβαλλον νεοσ αλμπουμ στιχοσ ελληνοφωνοσ ηχοσ φλερταρω indie electronica smooth χαρακτηριζω σχεση προηγουμενοσ δουλεια
0,0.5,Negative,,,,,,,παρασκευοπουλου περιβαλλον γεωπολιτικοσ ανακαταταξεων ελλαδα ατενιζω μελλον αισιοδοξια αυτοπεποιθηση delphiforum
0,0.5,Negative,,,,,,,μακαρησ δημοτικη αρχη ναυπλιου αδιαφορω περιβαλλον μεσω news ηλεκτρονικη εφημεριδα πελοποννησου
0,0.5,Negative,,,,,,,δυση μετατρεπω ουκρανια ραδιενεργοσ νεκροταφειο τεραστιοσ συνεπεια ανθρωποσ περιβαλλον
0,0.5,Negative,,,,,,,γρηγορησ αρναουτισσασ στενοσ οικογενειακοσ περιβαλλον υιοθετω παιδι χρονων
1,1.0,Positive,,,,,,,στοχοσ επιχειρηση ευρωπη ανεξαρτητοσ μεγεθοσ προελευση ελεγχω επιπτωση περιβαλλον ανθρωποσ διασφαλιζω ορθοσ χρηση οικονομικοσ ποροσ
1,1.0,Positive,,,,,,,τονοσ ετησιωσ οφελοσ περιβαλλον προστασια εναντι εξορυξη χαρτονομισματο
0,0.5,Negative,,,,,,,περισσοτερα κουνουπια περιοχη κεντρικησ μακεδονια βροχων απριλιου εφαρμογη κινητα κανω προβλεψη εφαρμογη κουνουπακια περιβαλλον περιελιξη
0,0.5,Negative,,,,,,,τεραστιοσ συνεπεια ανθρωποσ περιβαλλον
0,0.0,Negative,,,,,,,περιβαλλον ψηφιακη παρασταση edition
0,0.5,Negative,,,,,,,παρασκευοπουλου περιβαλλον γεωπολιτικοσ ανακαταταξεων ελλαδα ατενιζω μελλον αισιοδοξια
1,1.0,Positive,,,,,,,μαστροπεια ασφαλεσσ περιβαλλον διχρονη εσκασε δομη εξεδιδαν
0,0.0,Negative,,,,,,,ασφαλεσσ περιβαλλον διχρονη πεσει θυμα μαστροπεια νεοσ σμυρνη
0,0.5,Negative,,,,,,,πρωινοσ επισκεψη γυμνασιο νεραντζιασ τοιουτοσ μαθητρια τοιουτοσ εκπαιδευτικοσ καινοτομα προγονοσ
0,0.0,Negative,,,,,,,ξηρασια ρεκορ κερα αφρικη οφειλω συναλλαγματικησ climatecrisis africa
0,0.0,Negative,,,,,,,ασφαλεσσ περιβαλλον διχρονη πεσει θυμα μαστροπεια νεοσ σμυρνη aniliki mastropeia neasmyrni
1,1.0,Positive,,,,,,,νεοσ σμυρνη ασφαλεσσ περιβαλλον διχρονη εσκασε δομη εξεδιδαν
1,1.0,Positive,,,,,,,νεοσ σμυρνη ασφαλεσσ περιβαλλον διχρονη εσκασε δομη εξεδιδαν
1,1.0,Positive,,,,,,,λαιμοσ enesel ελληνικοσ ναυτιλια πιστησ δεσμευση περιβαλλον
1,1.0,Positive,,,,,,,ευθυμιοσ λεκκασ λαρισα παρουσιαση προγραμματοσ επιμορφωση διαχειριση κινδυνων κρισεων σχολικο περιβαλλον περιφερεια θεσσαλια larissapress
0,0.0,Negative,,,,,,,παρασκευαστηριον σεναριο προωρων εκλογη γιατι φοβαται περιβαλλον κουλουρη
0,0.0,Negative,,,,,,,παρασκευαστηριον σεναριο προωρων εκλογη γιατι φοβαται περιβαλλον κουλουρη
0,0.5,Negative,,,,,,,μειωση σπαταλη τροφιμα προστατευουμε περιβαλλον δημοσιογραφικη διασκεψη σπαταλοσ τροφιμα συγχρηματοδοτουμενοσ εργο life foodprint ενημερωση καταναλωτησ επιχειρηση ενδιαφερομενων φορεασ
1,1.0,Positive,,,,,,,φετινο θεμα οριστηκε διεθνησ οργανωση εργασια ογδοε ασφαλεσσ υγιεσσ εργασιακοσ περιβαλλον θεμελιωδησ αρχη δικαιωμα εργασια
0,0.0,Negative,,,,,,,μονακο προστιθω πολη βενετια βαρκελωνη ντουμπροβνικ επιχειρω σταματηνω ανεξελεγκτοσ αποβιβαση χιλιαδα τουριστων καθημερινα προκαλω σοβαροσ επιβαρυνση υποδομη περιβαλλον αφηνω δυσαναλογα μικροσ οικονομικοσ οφελη
0,0.0,Negative,,,,,,,μινα γκαγκαρε κακοσ κατανομη υγειονομικοσ προσωπικου βιωσιμοσ συστημα υγεια
0,0.0,Negative,,,,,,,ρολοσ σκοποσ κοινωνια περιβαλλον οικονομια
0,0.5,Negative,,,,,,,συνεργασια προϋποθεση βιωσιμοσ κερδοφοροσ μελλον
0,0.0,Negative,,,,,,,γερμανια ολλανδια γαλλια τρεισ χωρα ζητω υιοθετω δεσμευτικοσ κανονασ περιοριστουν μικρο πλαστικα μολυνω περιβαλλον εντοπιζω ανθρωπινοσ οργανισμοσ
0,0.0,Negative,,,,,,,χωρα ζητω κονσομασιον υιοθετω δεσμευτικοσ κανονασ περιορισμοσ μικρο πλαστικοσ περιβαλλον
0,0.5,Negative,,,,,,,εξελιξεισ σχετικα εργο σμιτ διαχειριση απορριμματων χρονοδιαγραμμα λειτουργια ολοκληρωμενοσ διαχειριση μοναδα καλλιρροησ μεσσηνια σκαλα λακωνια διττη πελοποννησιακοσ νικολαου ontimenewsgr απορριμμα περιβαλλον
0,0.5,Negative,,,,,,,διαδραστικοσ ομιλια σαβουρωνω κατανοουσασταν πετριτεσ θεμα σχεση σχολειου οικογενεια τεχνικοσ επικοινωνια διαχειριση συγκινησιακοσ καταστασεων οικογενειακοσ σχολικοσ περιβαλλον αντικομουνιστικησ serres
0,0.5,Negative,,,,,,,πιλοτικοσ προγραμμα διαχειριση κινδυνων κρισεων σχολικοσ περιβαλλον περιφερεια θεσσαλια μεσω
0,0.5,Negative,,,,,,,πιλοτικοσ προγραμμα διαχειριση κινδυνων κρισεων σχολικοσ περιβαλλον περιφερεια θεσσαλια
0,0.0,Negative,,,,,,,κακοσ κατανομη υγειονομικοσ προσωπικου βιωσιμοσ συστημα υγεια
0,0.0,Negative,,,,,,,πιλοτικοσ προγραμμα διαχειριση κινδυνων κρισεων σχολικοσ περιβαλλον περιφερεια θεσσαλια συμμετεχω σχολικοσ μοναδα εκπαιδευτικοι λεκκασ ξεκιναμε θεσσαλια γιατι αντιμετωπισαμε αποτελεσματικα κριση
0,0.5,Negative,,,,,,,πιλοτικοσ προγραμμα διαχειριση κινδυνων κρισεων σχολικοσ περιβαλλον
1,1.0,Positive,,,,,,,μερα συμμαχια ρηξη σημαντικοσ προσθηκη θεματικη περιβαλλον debate larissapress
1,1.0,Positive,,,,,,,οροσ βιωσιμοσ χρεοσ χαθηκε εννοια βιωσιμοτητα ακολουθουν χωρα μεγαλοσ χρεοσ αεροπη
0,0.5,Negative,,,,,,,επιπτωση περιβαλλον ποιοτητα αερασ αναπνεω κλιματικοσ αλλαγη δημιουργω νεοσ συνθηκη σειρα τομεασ εργασιακοσ νεοσ επαγγελμα παλιοτερα νεοσ ρολοσ ερθει
0,0.0,Negative,,,,,,,προφητικοσ φιντελ καστρο προβλεφω κοσμοσ παλευω οικονομικοσ κριση αντιεπαεγκληματικησ συνδιαλλαγμενοσ πολεμοσ υπαρχουν φανταζω ανθρωποσ μπορω χειραγωγηθω μαριονετησ covid κορωμενοσ
0,0.0,Negative,,,,,,,μεραρχε μπορω περιβαλλον κλιματικοσ κριση
0,0.0,Negative,,,,,,,επιχειρηση μακροπροθεσμοσ οριζοντασ ιδιαιτερα συνθηκη διαμορφωνω εξωτερικο περιβαλλον
0,0.0,Negative,,,,,,,υψηλοσ θερμοκρασια πολυσ περιοχη ευρωπη δημιουργω ανησυχια κλιμα περιβαλλον μεσογειου μπορω πολυσ χρονοσ μοιαζω αφρικη ανατολη
0,0.0,Negative,,,,,,,περιβαλλον μπορω χαρακτηριζω δυσκολοσ παγκοσμιοσ πολεμοσ επιχειρηση χωρα κοσμοσ αντιμετωπεσ σειρα προκληση απειλω καθημερινα βιωσιμοτητα
0,0.0,Negative,,,,,,,γιωργοσ αρμενη περιβαλλον κλιματικοσ κριση ζακυνθοσ
0,0.5,Negative,,,,,,,φεστιβαλ παιδι διατροφη περιβαλλον θεσσαλονικη thessaloniki theopinion
0,0.5,Negative,,,,,,,στενεσ επαφη κομματαρχησ κανελλοπουλοσ περιβαλλον μητσοτακησ αποδειχτηκε εγκριση συμμετοχη
0,0.5,Negative,,,,,,,δευτεροσ χρονια ελαιολαδο θλιβεροσ τελευταιοσ θεση χωρα ελευθερια τυποσ χειροτερο
1,1.0,Positive,,,,,,,καλοσ νεοσ περιβαλλον
0,0.0,Negative,,,,,,,καλυτερεσ τροφη περιβαλλον χειροτεροσ
0,0.5,Negative,,,,,,,εκδηλωση περιβαλλον τοποθετησεισ ομιλητησ σερρεσ απεψια περιβαλλον serres
1,1.0,Positive,,,,,,,μεγαλοσ γιορτη περιβαλλον παιδιακισια κυριακη πρωι πολιτιστικοσ κεντρο γερακα βραβευουμε αθολοσ μαθητησ σχολειο επιδοσεισ φετινο μαραθωνιοσ ανακυκλωση καλυτερα εργο
0,0.5,Negative,,,,,,,τυρναβοσ δραση ευαισθητοποιηση μαθητησ θεμα συγκρουσεισ διαφωνια σχολικοσ περιβαλλον larissapress
0,0.0,Negative,,,,,,,μακαρισει απαντω δυναμη πολυσ δυναμη θελω κοσμοσ εχθρικοσ περιβαλλον athlosnews αθλοθεσια
0,0.0,Negative,,,,,,,ρολοσ σκοποσ κοινωνια περιβαλλον οικονομια
0,0.5,Negative,,,,,,,καταρρακτησ λευκαδα θαυμασιοσ φυσικοσ περιβαλλον ιδεωδεισ διαδρομη
0,0.5,Negative,,,,,,,εικονα μαχη αστικοσ περιβαλλον δυτικοσ μαχμουτ bakhmut
0,0.5,Negative,,,,,,,μουσειο ασιατικησ τεχνη κερκυρα διεθνησ ημερα μουσειων icom μαΐου θεμα μουσεια εφορια ποιοτητα ζωησ
0,0.5,Negative,,,,,,,campeοn gaming διακριθηκε εργασιακοσ περιβαλλον businessnewsgr
0,0.5,Negative,,,,,,,εκλογεσ δημητρησ καραβελασ πολιτικοσ αναλαβουν δεσμευσεισ περιβαλλον
0,0.5,Negative,,,,,,,τουρισμοσ πρωτογενησ τομεασ περιβαλλον πανεπιστημιο
0,0.0,Negative,,,,,,,παρηκοε λιμνη κερκινη καρλα ξεβραζω θανατοσ εκλογη δικαιολογια απραξια νεκρανθεμον λιμνη_κερκινη παρηκοε κερκινη περιβαλλον kerkini serres kerkini_lake
0,0.0,Negative,,,,,,,γονορροϊκοσ φρενιτιδα χρηση απολυμαντικοσ προκαλω προβλημα υγεια ανησυχια περιβαλλον
0,0.5,Negative,,,,,,,ερευνα χρειαζομαι σταθεροσ περιβαλλον συνεχεια συνεπεια
0,0.0,Negative,,,,,,,παλιοσ πετρελαιοπηγη εξακολουθω επιβαρυνω περιβαλλον επικαιροτητα ανενεργεσπετρελαιοπηγες
0,0.5,Negative,,,,,,,κρητικη μεσογειακοσ διατροφη ασπιδα περιβαλλον δημοσιοσ υγεια
0,0.0,Negative,,,,,,,προσπαθεια περιβαλλον πολιτικοσ ηγεσια υπουργειο πολιτισμοσ διοχετευθει κοινο μεσο κοινωνικοσ δικτυωση επαιρνε πανω ψεμα κλιμα ομηρεια κακοποιηση μελοσ χαυνε τελεσφωρο
1,1.0,Positive,,,,,,,τριημερο περιβαλλοντικοσ σεμιναριο τιτλοσ ανθρωπογενουσ πολιτιστικοσ αποθεμα απολυτοσ αρμονικοσ συνυπαρξη παρθενο φυσικοσ περιβαλλον περιπτωση ανοιχτοσ μουσειο θετικοσ προσδοκια αεροφοροσ αναπτυξη πραγματοποιω απριλιου
0,0.5,Negative,,,,,,,alternative finance forum οδευω βιωσιμοσ μελλον alternative_finance_forum crowdfunding επαγετε χρηματοδοτησεισ
0,0.0,Negative,,,,,,,σιγουροσ μεινετε πολη περιβαλλον ποσο νομιζω επιβιωσετε βγειτε πραγμα γινομαι χειροτερα βλεπω
0,0.5,Negative,,,,,,,ευρωεκλογη ντιμπιφε πολιτικοσ αρχηγοσ περιβαλλον ενεργεια debate debate debateert
0,0.5,Negative,,,,,,,εκλογεσ ντιμπιφε πολιτικοσ αρχηγοσ περιβαλλον ενεργεια
0,0.5,Negative,,,,,,,λιγοσ ημερα τουρκοσ πολιτησ οδηγηθουν καλπεσ πολιτικοσ περιβαλλον ευοιωνοσ μπορω χαρακτηριζω εικοσαετια παντοδυναμοσ φερετζε ταγιζω φερναντο γραφει βαγγελησ μαριδακησ
0,0.5,Negative,,,,,,,εκλογεσ ντιμπιφε πολιτικοσ αρχηγοσ περιβαλλον ενεργεια
0,0.0,Negative,,,,,,,αναταραχη πρωθυπουργικοσ περιβαλλον
0,0.5,Negative,,,,,,,ενημερωτικη ημεριδα απαραιτητοσ στρατηγικοσ ενεργεια αβεβαιοσ οικονομικοσ περιβαλλον σερρεσ ασεβε σερρεσ επιμελητηριακοσ ημεριδα serres
0,0.0,Negative,,,,,,,πρωτοποριακοσ προγραμμα αντυτων παρουσιαζω αγοραστοσ βοηθω αγροτικοσ παραγωγη φιλικοσ περιβαλλον
0,0.5,Negative,,,,,,,εκπαιδευτικοσ σεμιναριο αμελω περιβαλλον κατασκηνωσεων θασο καβαλα πρωινοσ ραδιοφωνο εφημεριδα καβαλασ νεοσ καβαλα ειδησεισ μικροσ αγγελια
0,0.0,Negative,,,,,,,μαρμαρενιασ σουρτη αμαλιαδα πλατανοσ περιβαλλον πολιτισμοσ θησαυροσ μαγνησια
0,0.5,Negative,,,,,,,χρυσοδετεσ απελευθερωθηκε φυσικοσ περιβαλλον παρνηθασ αφωτο thessaloniki theopinion
0,0.5,Negative,,,,,,,χρυσοδετεσ απελευθερωθηκε φυσικοσ περιβαλλον παρνηθα
0,0.5,Negative,,,,,,,πεφτω μουτρο ζωδια κανω σχεση χανω περιβαλλον koklovision σαββατοκυριακου τσουνιου μπουλμπερησ συννεφια αριβαρεσ κωνσταντοπουλου τυριο βουδιστικοσ
0,0.5,Negative,,,,,,,εκπαιδευτικοσ σεμιναριο αυτοματα αναπηρια περιβαλλονσ κατασκηνωσεων ατιθασοσ
0,0.5,Negative,,,,,,,φυσικοσ περιβαλλον παρνηθασ απελευθερωθηκε χρυσοδετεσ featured επικαιροτητα απελευθερωση απαρνηθουν
0,0.5,Negative,,,,,,,χαραλαμπος χαριτοπουλοσ περιβαλλον κυβερνηση
0,0.5,Negative,,,,,,,προεδροσ νταγλαραδα παγκοσμιοσ ημερα περιβαλλον περιοχη νταγλαραδα περιβαλλον παραδιδεστε
0,0.5,Negative,,,,,,,χατζηκυριακου εμπε μουσειο ημασ παρακινω ξανασκεφθω σχεση περιβαλλον θεση κοσμοσ αλλαζω ταχυτατοσ ρυθμοσ internationalmuseumday
0,0.5,Negative,,,,,,,εκδηλωση σουφλι περιβαλλον
0,0.5,Negative,,,,,,,ιωακειμογλοσ νεοσ κοινωνικοοικονομικοσ πολιτικοσ φυσικοσ περιβαλλον φερω προσκηνιο νεοσ τυποσ καταναλωτησ
0,0.5,Negative,,,,,,,εκλογεσ τουρκια προειδοποιω ανωτατο εκλογικο συμβουλιο καταμετρηση ψηφοσ γινομαι υγιεσσ περιβαλλον
0,0.5,Negative,,,,,,,εξοικονομω ανακαινιζω νεοσ κανω πρεμιερα προγραμμα δικαιουχοσ επιδοματικοσ περιβαλλον
0,0.5,Negative,,,,,,,ζητημα αφορω περιβαλλον μελλον ημαθια μεσω
1,1.0,Positive,,,,,,,αναγνωριζω μεγαλοσ ευθυνη αθλητισμοσ εργο προστασια περιβαλλον επιτοπιε
1,1.0,Positive,,,,,,,σοφια ιωακειμογλου νεοσ κοινωνικοοικονομικοσ πολιτικοσ φυσικοσ περιβαλλον φερω προσκηνιο νεοσ τυποσ καταναλωτησ
1,1.0,Positive,,,,,,,σοφια ιωακειμογλου νεοσ κοινωνικοοικονομικοσ πολιτικοσ φυσικοσ περιβαλλον φερω προσκηνιο νεοσ τυποσ καταναλωτησ
0,0.0,Negative,,,,,,,καμπανακι πλαστικοσ χρηση μειωνω μισοσ περιβαλλον
0,0.0,Negative,,,,,,,φιλικοτητα περιβαλλον βασικοσ επιχειρημα μεταβαση ηλεκτροκινηση
0,0.5,Negative,,,,,,,ξενη δημοσιευση christian rodseth janssen αποστολη συνεργασια δικαιο βιωσιμοσ συστημα υγεια
0,0.5,Negative,,,,,,,ξενη δημοσιευση christian rodseth janssen αποστολη συνεργασια δικαιο βιωσιμοσ συστημα υγεια
0,0.5,Negative,,,,,,,κτηνοτροφια φροντιζω περιβαλλον
0,0.5,Negative,,,,,,,ξενη δημοσιευση christian rodseth janssen αποστολη συνεργασια δικαιο βιωσιμοσ συστημα υγεια
0,0.5,Negative,,,,,,,διεθνησ ημερα μουσειων μαΐου ελευθεροσ εισοδοσ μουσειο θεμα εορτασμοσ διεθνουσ ημερασ μουσειων μουσειο εφορια internationalmuseumday museumswellbeing sustainablemuseums
0,0.5,Negative,,,,,,,σερρεσ ενημερωτικη ημεριδα απαραιτητοσ στρατηγικοσ ενεργεια αβεβαιοσ οικονομικοσ περιβαλλον ασεβε σερρεσ κοινωνικοοικονομικοσ ημεριδα επιμελητηριακησ ενωση_φοροτεχνικων_σερρα serres
0,0.5,Negative,,,,,,,κτηνοτροφια φροντιζω περιβαλλον nemeapress
0,0.5,Negative,,,,,,,ξενη δημοσιευση christian rodseth janssen αποστολη συνεργασια δικαιο βιωσιμοσ συστημα υγεια
0,0.5,Negative,,,,,,,συνεδριο περιβαλλον λιδωρικησ
0,0.0,Negative,,,,,,,εργο κομβικοσ σημασια περιβαλλον οικονομια νεοσ μοναδα επεξεργασια στερεων αποβλητων αμαρι
0,0.5,Negative,,,,,,,ξενη δημοσιευση christian rodseth janssen αποστολη συνεργασια δικαιο βιωσιμοσ συστημα υγεια
1,1.0,Positive,,,,,,,περιβαλλον κοινωνικοσ απαθεια επικεντρο εκθεση ecology ideasσ ιστορια καλοσ περιβαλλοντικοσ πρακτικη πολιτησ διαφορετικοσ χωρα
0,0.0,Negative,,,,,,,στερευουν επικινδυνα πανω μισεσ λιμνη πλανητησ λειψυδρια απειλω ανθρωποσ κλιματικη περιβαλλον
1,1.0,Positive,,,,,,,δημοσ ηρακλειου ανανεωνω δεντρο κτηματοσ αφιξη σεβασμοσ περιβαλλον δημοτησ
0,0.5,Negative,,,,,,,βιοεργαστηριο ανασαναν ελλαδα απελευθερωθουν περιβαλλοντα
0,0.5,Negative,,,,,,,ρωσια πληγμα περιβαλλον λουκετου greenpeace εκτιμω στελεχη εταιρεια
0,0.5,Negative,,,,,,,περιβαλλον αντιληφθει
0,0.0,Negative,,,,,,,energean χρονια κορυφαιοσ επιδοσεισ περιβαλλον κοινωνια εταιρικοσ διακυβερνηση καβαλα πρωινοσ ραδιοφωνο εφημεριδα καβαλασ νεοσ καβαλα ειδησεισ μικροσ αγγελια
0,0.0,Negative,,,,,,,energean εκθεση βιωσιμησ αναπτυξη χρονια κορυφαιοσ επιδοσεισ περιβαλλον κοινωνια εταιρικοσ διακυβερνηση
0,0.0,Negative,,,,,,,αργολικοσ προγραμμα αντιμετωπιστω ρυπανση υπερασφαλιση αργολικο ψαραδα αργολικου κολπου υιοθετω βιωσιμοσ τροποσ αντιμετωπιση ολοενα αυξανομενησ ρυπανση ακτων πλαστικα υπερισχυση καθαριζω ακτη αργολικου
0,0.5,Negative,,,,,,,ρωσια πληγμα περιβαλλον λουκετου greenpeace εκτιμω στελεχη εταιρεια
0,0.5,Negative,,,,,,,μεταρρυθμιση παιδεια αναθεωρηση συνταγματοσ παταξη φοροδιαφυγη αυξηση παραγωγη δωνω αποεπενδυσεισ συνεργασια εκπαιδευτικοσ περιβαλλον πολυσ δικαιοσυνη φορολογια γιατι μητσοτακησ κερδιζω αυτοδυναμια δυσκολοσ εργο
0,0.0,Negative,,,,,,,αστερησ αφαιρεθηκε κακοποιητικοσ περιβαλλον εζησε ονειρο οικογενεια χρονοσ
0,0.0,Negative,,,,,,,δημοσ σαλαμινασ φεστιβαλ τιτλοσ βιωσιμοσ πλανητησ νεοσ σχεδιαζω οθονη ενωνω
1,1.0,Positive,,,,,,,siemens healthineers ελλαδοσ διακριθηκε δευτεροσ φορα καλοσ εργασιακοσ περιβαλλον siemens_healthineers siemens περιβαλλοντολογικου
1,1.0,Positive,,,,,,,moodys θετικη αξιοχρεο ελλαδα νεοσ κυβερνηση συμφωνα moodysσ βαροσ ελληνικοσ χρεοσ γινομαι σημαντικα βιωσιμοσ
1,1.0,Positive,,,,,,,moodys χρεοσ ελλαδα γινομαι σημαντικα βιωσιμοσ businessnewsgr
0,0.5,Negative,,,,,,,optima bank νεεσ χρεωστικοσ καρτα φιλικοσ περιβαλλον businessnewsgr
1,1.0,Positive,,,,,,,φιλικη περιβαλλον βιβλιοθηκη προτεινω γραφειο snøhetta μπρονξ νεασ υορκη σχεδιο νεοσ βιβλιοθηκη συνοικια westchester square μπρονξ δινω δημοσιοτητα φημισμενο αρχιτεκτονικοσ γραφειο snøhetta
0,0.5,Negative,,,,,,,εκθεση beyond στρατηγικοσ βιωσιμη μοδα ανακυκλωσιμοσ υλικοσ ρουχα φελλο πολυεστερα beyond modtissimo zero_waste ανακυκλωσιμοτητα αφομοιωσιμοσ
0,0.5,Negative,,,,,,,εννεα προσωπο επιρροη κινηση ευρυτεροσ περιβαλλον κυριακου μητσοτακησ ανακοινωνω συνθεση υπηρεσιακοσ κυβερνηση ιωαννησ σαρμα
0,0.5,Negative,,,,,,,ηγουμενιτσα μετετρεψαν νεκρα πλατανιο εργο τεχνη ξυλογλυπτεσ δημιουργια συνθετω ιδιαιτερο εικαστικοσ περιβαλλον βρισκω ποδηλατοδρομοσ ηγουμενιτσα
0,0.5,Negative,,,,,,,ηγουμενιτσα μετετρεψαν νεκρα πλατανιο εργο τεχνη μετατρεπω ξυλογλυπτεσ δημιουργια συνθετω ιδιαιτερο εικαστικοσ περιβαλλον βρισκω ποδηλατοδρομοσ ηγουμενιτσα
0,0.5,Negative,,,,,,,πασοκ μεθοδευμενοσ αποπομπη κανω λογοσ περιβαλλον καστανοτατοσ documento
0,0.5,Negative,,,,,,,δελτα αξιου φεστιβαλ περιβαλλοντικου παιχνιδιου γιορτη περιβαλλοντικοσ παιχνιδιο φεστιβαλ περιβαλλον
1,1.0,Positive,,,,,,,volvo μικροτερο αποτυπωμα ανθρακασ μοντελο μαρκα νεοσ volvo μικροσ αμιγωσ ηλεκτρικοσ συγχρονη εποχη σχεδιασμενο ασφαλεσσ μικροτερο αποτυπωμα
0,0.5,Negative,,,,,,,κανω συγκεκριμενα τεστ παιδοψυχολογοσ λογοσ μπορω προσαρμοστουν σχολικοσ περιβαλλον γιατι μυαλο μπροστα ηλικια αποτελεσμα βαριουνται μπορω επικοινωνησουν συνομηλικοσ
0,0.0,Negative,,,,,,,αντιμετωπιζω ακτιβισμοσ περιβαλλον
0,0.0,Negative,,,,,,,ειπα υπαρχω αυτιστικοι υψηλη νοημοσυνη προφανωσ ανηκω κατηγορια λεγω καταφερατε ξεφυσαγατε οικογενειακοσ περιβαλλοντιστησ αξιοθαυμαστοσ γιατι λιγοσ καταφερναν
0,0.0,Negative,,,,,,,ιδιαιτερα δυσμενησ επιπτωση περιβαλλον προϊον καπνου μιλαω εμπε τσικρικα προεδροσ ενωση πνευμονολογων ελλαδα
0,0.0,Negative,,,,,,,γιατι παιδι αγνοια μπορω προσεγγιζω παιδεραστησ ευρυτεροσ περιβαλλον σχολικο μηκαι ασελγω πανω παιδι καταλαβει ακριβοσ συμβαινω
0,0.0,Negative,,,,,,,μακρον κανω εκκληση θετω τελοσ βιωσιμοσ μοντελο παραγωγη καταναλωση πλαστικοσ
0,0.5,Negative,,,,,,,μπομπονιερασ προγραμμα ρεαλιστικοσ βιωσιμοσ εφαρμοσιμο
0,0.0,Negative,,,,,,,πρασινη διαχειριση περιβαλλον μπουν ατζεντα εκλογη αποβλητο εξακολουθω προβληματιζω ηγεσια
0,0.0,Negative,,,,,,,μπομπονιερα προγραμμα ρεαλιστικοσ βιωσιμοσ εφαρμοσιμοσ μπορω δινω λυνω προβλημα λαϊκοσ πλειοψηφια συγυριζα εκλογικευμενουσ
0,0.0,Negative,,,,,,,θεσσαλονικη μαντρα ανταλλακτικοσ αποσυναρμολογω παρανομα αυτοκινητο ρυπαινε περιβαλλον συλληψη ατομο προεβαιναν περιβαλλοντικοσ ρυπανση προαυλιοσ χωροσ επιχειρηση εμπορια ανταλλακτικοσ αυτοκινητο περιοχη δημου
0,0.5,Negative,,,,,,,συλλογοσ ελληνασ ολυμπιονικοσ υπογραφη συμφωνου συνεργασια εταιρεια αντεχαν ελαβε βασιζω κοινοσ οραμα καλυτερο περιβαλλον αποσκοπω αναπτυξη περιβαλλοντικοσ συνειδηση ιδιαιτερα νεοσ ανθρωποσ
0,0.0,Negative,,,,,,,ανατριχιαστικοσ λυπαμαι μικροσ παιδι καλουνται μεγαλωσουν επιθετικοσ περιβαλλον αποψη
0,0.0,Negative,,,,,,,καρπαθοσ σαλοσ βιντεο ζωντανοσ ψαρια τηγανι απανταω εστιατοριο σαλοσ προκλωνη γυναικα βουταω ζωντανοσ ψαριο τηγανι εστιατοριο καρπαθου ανθρωποσ περιβαλλον επιχειρηση απαντω
0,0.5,Negative,,,,,,,μεσογειακη διατροφη βιωσιμοσ μυθοσ
0,0.5,Negative,,,,,,,περιβαλλον
0,0.0,Negative,,,,,,,καπνοσ επιπτωση υγεια περιβαλλον καλλιεργουνται βρωσιμα προϊον καπνοσ ζητω καπνισμενα επιπτωση
0,0.0,Negative,,,,,,,απατη κλιματικοσ κριση γινομαι ξεκαθαροσ συμμαχια περιβαλλον χανω μισο μελοσ συνεχιζω
0,0.0,Negative,,,,,,,απατη κλιματικοσ κριση γινομαι ξεκαθαροσ συμμαχια περιβαλλον χανω μισο μελοσ συνεπων
0,0.0,Negative,,,,,,,απατη κλιματικοσ κριση γινομαι ξεκαθαροσ συμμαχια περιβαλλον χανω μισο μελοσ συνεχιζω
0,0.5,Negative,,,,,,,ελαττωση επιπτωση εταιρικοσ δραστηριοτητα ανθρωποσ περιβαλλον
0,0.5,Negative,,,,,,,ελαττωση επιπτωση εταιρικοσ δραστηριοτητα ανθρωποσ περιβαλλον businessnewsgr
0,0.5,Negative,,,,,,,ελαττωση επιπτωση εταιρικοσ δραστηριοτητα ανθρωποσ περιβαλλον
1,1.0,Positive,,,,,,,χριστοδουλακησ υψιστησ σημασια σταθεροσ ασφαλεσσ περιβαλλον μεσογειοσ διατηρηση σταθερου ασφαλοσ περιβαλλον ανατολικοσ μεσογειοσ παραμενω υψιστοσ στρατηγικη σημασια λεγω προεδροσ κυπριακοσ
1,1.0,Positive,,,,,,,περιβαλλον ποιοτητα αξιζω θυσια βωμοσ κερδοσ νικου γαϊδουραγκαθου
0,0.5,Negative,,,,,,,κρητη τελοσ δραμα τρεισ παιδιων μητερα εφυγε πατερασ κρητη ψαχνω κηδεμονασ συγγενικοσ περιβαλλον
1,1.0,Positive,,,,,,,κωστασ λαϊνα μαεστροσ διονυσησ σχοινια εντατικοσ συμπτωματα σηψαιμια νοσηλευω μοναδα εντατικοσ θεραπεια μαεστροσ διονυσησ σχοινακι κωστασ λαϊνα λεει ανθρωποσ περιβαλλον gossiptv
0,0.5,Negative,,,,,,,χαρι πυρα πριγκιπασ φιλοσ ελισαβετ προδωσε ετοιμοθανατοσ γιαγια σκληρα λογοσ πριγκιπασ χαρι μεγκλα μαρκ προσωπο βρισκοταν φιλικοσ περιβαλλον βασιλισσα ελισαβετ
0,0.5,Negative,,,,,,,προεδροσ επιτροπη αθλητισμοσ περιβαλλον αλεξανδρα συμμετεχω attica green expo μεγαλυνω
0,0.0,Negative,,,,,,,απατη κλιματικοσ κριση γινομαι ξεκαθαροσ συμμαχια περιβαλλον χανω μισο μελοσ συνεχιζω
0,0.0,Negative,,,,,,,δικτυο δελτα πηνειου τεμπα περιβαλλον απειλη κλιματικοσ κριση
0,0.0,Negative,,,,,,,σκοτωσαν ξυλο διχρονη χωριο καβαλασ συγγενικοσ περιβαλλον ερευνω αστυνομια dolofonia kavala
0,0.5,Negative,,,,,,,marc προοπτικη αυτοδυναμια περιβαλλον διακομματικοσ βουλη businessnewsgr
0,0.5,Negative,,,,,,,ιουνιου παγκοσμια ημερα περιβαλλον παγκοσμιοποιημενα περιβαλλον ontimenewsgr
0,0.5,Negative,,,,,,,χρησιμοποιω μολυβιο λαδομπογια πινελ μπογια μαθητησ μαθητρια νηπιαγωγειων γυμνασιων λυκειο ελλαδα προσπαθω αποτυπωσουν επιπτωση κλιματικοσ αλλαγη περιβαλλον περισσοτεροι
0,0.5,Negative,,,,,,,γελια χρονοσ μερα τυπικοσ πραγματοσ κομματικοσ επιτελειο φτιαξουν ανακοινωση περιβαλλων
0,0.0,Negative,,,,,,,worldenvironmentday παντελησ καπροσ κεντρικοσ στοχοσ μαχη περιβαλλον μηδενισμοσ καυση ορυκτων καυσιμων worldenvironmentday environment environmentday beatplasticpollution
1,1.0,Positive,,,,,,,γιωργοσ παππουλησ παγκοσμια ημερα περιβαλλον περιβαλλον καθηκον προστατευω oknewsgr
0,0.0,Negative,,,,,,,κεντρικοσ στοχοσ μαχη περιβαλλον μηδενισμοσ καυση ορυκτων καυσιμων δηλωνω υπουργοσ περιβαλλον ενεργεια παντελησ καπροσ αφορμη παγκοσμια ημερα περιβαλλον
1,1.0,Positive,,,,,,,σημα δοντι νεοσ αυξησεισ επιτοκιων εξαιρετικα αβεβαιοσ περιβαλλον
0,0.5,Negative,,,,,,,προτεινω συριζασ παλικινησια περιβαλλον
0,0.0,Negative,,,,,,,worldenvironmentday κωστασ τριαντα εμπε προκληση απαιτηση περιβαλλον μεγαλωνω worldenvironmentday environment environmentday beatplasticpollution
0,0.5,Negative,,,,,,,περιβαλλον πυρομανησ εμφανιζω πυροσβεστησ arti news
0,0.0,Negative,,,,,,,οικολογικοσ περιπετεια γιατι γνωστοσ ενδιαφερω περιβαλλον πρασινοσ αναπτυξη πολλαπλωσ χωματερη σκουπιδοτενεκεσ σπιτι γειτονασ
0,0.0,Negative,,,,,,,πεζοπορια υμηττοσ εστειλε κανε μηνυμα αγωνασ προστασια περιβαλλον περιβαλλον θυμα πολιτικη
1,1.0,Positive,,,,,,,οικολογικοσ περιπετεια ανατολη αγαπη ανθρωποτητα περιβαλλον
0,0.0,Negative,,,,,,,παρατηρητηριο πειραϊκοσ συγκεντρωση περιβαλλον σταυροσ πειραϊκη
1,1.0,Positive,,,,,,,ευχαριστω θερμησ υποδοχη νεοσ ιωνια πολιτησ συζητω οραματιζομαστε ελλαδα
1,1.0,Positive,,,,,,,περιβαλλον εξυπηρετω δωρεαν συγκοινωνια ευρωπη europenews
0,0.5,Negative,,,,,,,βερμπαλισμοι περιβαλλον αφορητοσ δυσοσμια κηφισοσ arti news
0,0.5,Negative,,,,,,,κτηνοτροφια συμβαλλω εφορια περιβαλλον nemeapress
0,0.5,Negative,,,,,,,ομιλια κουτσουμπα περιβαλλον παρκο ανταντ τριτσησ
0,0.5,Negative,,,,,,,αντωνησ φωσκολοσ ομοτιμοσ καθηγητησ πολυτεχνειου κρητη ομοτιμοσ ερευνητησ γεωλογικησ υπηρεσια καναδασ
0,0.0,Negative,,,,,,,αιθουσα συνταξησ επικαιροτητα ενισχυση υποδομη προστατευω περιβαλλον προχωρησε energean περιοχη δραστηριοποιω ελλαδα αφορμη παγκοσμια ημερα περιβαλλον τιμαται διεθνωσ ιουνιοσ χρονοσ
0,0.0,Negative,,,,,,,ειδημονεσ χημικητοξικοσ βομβα περιβαλλον καταρρευση φραγματοσ νοβακ χαχολικα kakhovka kherson χερσωνοταν σιδερωσα russia ukraine
0,0.0,Negative,,,,,,,ειδημονεσ χημικητοξικοσ βομβα περιβαλλον καταρρευση φραγματοσ νοβακ χαχολικα kakhovka kherson χερσωνοταν σιδερωσα russia ukraine
0,0.0,Negative,,,,,,,metro εξοικονομηση φυσικων πορων βιωσιμο μελλον
1,1.0,Positive,,,,,,,παρισι προωθω πρωτοβουλια φιλικοσ περιβαλλον
0,0.0,Negative,,,,,,,καπροσ κεντρικοσ στοχοσ μαχη περιβαλλον μηδενισμοσ καυση ορυκτησ καυσιμων
0,0.0,Negative,,,,,,,αποπνικτικοσ ατμοσφαιρα δασικοσ πυρκαγιων καναδασ καμπανακι υγεια εκατομμυριο πολιτησ ακαπνο περιβαλλον
0,0.5,Negative,,,,,,,φωναζω κερενσκι περιβαλλον δακοκτονια ρωσων
0,0.0,Negative,,,,,,,metro εξοικονομηση φυσικων πορων βιωσιμο μελλον
0,0.5,Negative,,,,,,,εργο συνδυαζω περιβαλλον δημιουργω νησι νησι
0,0.0,Negative,,,,,,,πελαγιζεισ ανθεκτικοσ ελληνικοσ οικονομια δυσμενεσσ περιβαλλον
0,0.5,Negative,,,,,,,θεση πασοκ κινινα περιβαλλον παρουσιαζω καλαματα video
0,0.0,Negative,,,,,,,τεραστια καταστροφη επιπτωση περιβαλλον καταστροφη φραγματοσ κακοβολα
0,0.5,Negative,,,,,,,πελαγιζεισ ανθεκτικοσ ελληνικοσ οικονομια αβεβαιοσ περιβαλλον
0,0.5,Negative,,,,,,,θεσσαλονικη ανοιγω δρομοσ πρασινο βιωσιμοσ μελλον εγκαινια φεστιβαλ κυκλικησ οικονομια thess clean thess green
0,0.5,Negative,,,,,,,πηλειδησ υπουργειο οικονομικα ανθεκτικοτητα ελληνικοσ οικονομια αβεβαιοσ οικονομικοσ περιβαλλον oknewsgr
0,0.0,Negative,,,,,,,πελαγιζεισ ελληνικοσ οικονομια συνεχιζω παρουσιαζω σημαντικοσ ανθεκτικοτητα δυσμενεσσ αβεβαιοσ οικονομικοσ περιβαλλον
0,0.0,Negative,,,,,,,κανω πρασινοσ γειτονια διημερο περιβαλλοντικοσ δραση σαββατοκυριακο δημοσ βισαλτια δημοσ_βισαλτιασ περιβαλλοντολογικοσ περιβαλλον serres
0,0.0,Negative,,,,,,,ανθρωποτητα ξυπνησε καταλαβε συμβαινω δεχτηκε επιθεση θελω επιβιωσετε μεινετε μακρια περιβαλλον υπαρχω λυση
0,0.5,Negative,,,,,,,goldman sachs συνθηκη χρηματοπιστωτικοσ περιβαλλον γινομαι δυσμενεστεροσ
1,1.0,Positive,,,,,,,ατζεντα περιβαλλον κοινωνια διακυβερνηση environmental social governanceesg προσπαθω εφαρμοζω συστημα κοινωνικοσ πιστωση κινα αμερικανικοσ εταιρεια
0,0.5,Negative,,,,,,,ψηφισμα βουλη περιβαλλον καλω συντονισμοσ δραση
1,1.0,Positive,,,,,,,θετικοσ αποτυπωμα κοινωνια υγεια περιβαλλον ενεργεια εταιρεια διενεργεια υπογεια
1,1.0,Positive,,,,,,,πρασινη ελλαδα αποτελω βασικοσ πυλωνασ προγραμματοσ συγκεκριμενοσ πολιτικη ενισχυσουμε ενεργειακοσ ασφαλεια πατριδα παραδωσουμε επομενοσ γενια καλυσ περιβαλλον
1,1.0,Positive,,,,,,,ευρω επενδυθηκαν κλινικοσ ερευνα ελλαδα θετικοσ αποτυπωμα κοινωνια υγεια περιβαλλον επιβεβαιωνω εντυπο εταιρικοσ ευθυνη environment social governance brochure
0,0.0,Negative,,,,,,,συριζασ επαναφερω θεμα ζοριζω απαντω περιβαλλον σαμαρασ τουρκικοσ μειονοτητα
0,0.5,Negative,,,,,,,προγραμμα υποδομη μεταφορων περιβαλλον αεροφοροσ αναπτυξη εργο ρεματοσ ορμπισον businessnewsgr
0,0.0,Negative,,,,,,,οικολογια πρασινη λυση ανησυχια περιβαλλον ασφαλεια κατοικων θεσσαλονικη thessaloniki
0,0.0,Negative,,,,,,,παντοτινασ χημικοσ ποσο αυξανω κινδυνοσ παιδικοσ παχυσαρκια υπερφορτωμενοσ πολυκαιρισμενοσ αλλοιωμενοσ ουσια pfas παντοτινοσ χημικοσ βρισκω περιβαλλον αδιαβροχα υφασμα προϊον προσωπικοσ υγιεινη
1,1.0,Positive,,,,,,,ροουντσ ντικινσον παραμυθι ηλεκτρικοσ αυτοκινητο τελειωσε προσφερω περιβαλλον πνευματικοσ documento paobc καβαλε αταλαντη υποχλωριωδη γουταπερκο αφιλησ ενγκελσ βεζενκοφ
0,0.5,Negative,,,,,,,περιβαλλοντικοσ παιχνιδιο μαθητησ δοση σερρων δοση κερκινη υγροβιοτοποσ κερκινη ο_δς_σερρων σχολειο λιμνη_κερκινη περιβαλλον ο_δημοτικο_σχολειο_σερρων δημοτικο_σχολειο_κερκινησ μαθητησ serres kerkini
0,0.0,Negative,,,,,,,συριζα επαναφερω θεμα ζοριζω απαντω περιβαλλον σαμαρασ τουρκικοσ μειονοτητα https
1,1.0,Positive,,,,,,,ροουντσ ντικινσον παραμυθι ηλεκτρικοσ αυτοκινητο τελειωσε προσφερω περιβαλλον
0,0.5,Negative,,,,,,,βλεπω περιβαλλον αλαφουζου περιβαλλον ακουνω πολυσ φορα επηρεαζω δρωμενο παραειπα
1,1.0,Positive,,,,,,,prodea investments αναπτυξη εμφαση εφορια prodea investments υλοποιω μεγαλοσ προγραμμα εταιρικοσ υπευθυνοτητα δομη ευθυνη σημαντικοσ βαθμοσ εστιαζω περιβαλλον
0,0.5,Negative,,,,,,,αφορμη παγκοσμιοσ ημερα περιβαλλον ιδιοτητα πρεσβευτησ περιβαλλον δημαρχοσ ραφηνασπικερμιοσ ανδρεασ βασιλοπουλοσ βρεθηκε ομιλητησ εκδηλωση απειλουμενοσ ρεμα κιρκη νεοσ φιλαδελφεια
1,1.0,Positive,,,,,,,μεραρχε αυθαιρετο προστιμο κακογιαννησ αποπειρα φιμωση προσχημα περιβαλλον
1,1.0,Positive,,,,,,,σερρεσ δραση εθελοντικοσ καθαρισμοσ συμμετοχη εθελοντων ευπαθησ ομαδα δημοσ_σερρων περιβαλλον σερρεσ serres
1,1.0,Positive,,,,,,,μεγαλοσ σουπερμαρκετ ηρακλειου franchise γνωστοσ αλυσιδα ιδιοκτητησ επεισε υπαλληλοσ στηριξουν αυγερινα
1,1.0,Positive,,,,,,,ενημερωση μεσω διαδικτυο σεβασμοσ εργαζομενουσ περιβαλλον καβαλα πρωινοσ ραδιοφωνο εφημεριδα καβαλασ νεοσ καβαλα ειδησεισ μικροσ αγγελια
0,0.5,Negative,,,,,,,επτα παιδι στρεπτοκοκκοσ ναουσα τρεισ περιβαλλον αχρονοσ
0,0.5,Negative,,,,,,,θετικοσ στρεπτοκοκκοσ παιδι περιβαλλον αχρονοσ εχασε λοιμωξη
0,0.5,Negative,,,,,,,στρεπτοκοκκοσ επτα θετικοσ παιδι ναουσα τρεισ περιβαλλον αχρονου εικοσι παιδι εκαναν τεστ στρεπτοκοκκο νοσοκομειο ναουσα θανατοσ αχρονου
0,0.0,Negative,,,,,,,συναγερμοσ ναουσα επτα παιδι στρεπτοκοκκο τρια περιβαλλον αχρονου naoysa poedin streptokokkos
0,0.5,Negative,,,,,,,ποδηρων επτα παιδι στρεπτοκοκκοσ ναουσα περιβαλλον αχρονου
0,0.5,Negative,,,,,,,ποδηρων επτα νεοσ κρουσματο στρεπτοκοκκου ναουσα επαφη περιβαλλον αχρονου oknewsgr
1,1.0,Positive,,,,,,,θετικοσ στρεπτοκοκκοσ επτα παιδι ναουσα τρεισ περιβαλλον αχρονου καλημεριζομαι nbafinals αγιοκερι μπερλουσκονι καλημερισμενα καλημεριστηκαμε ροδοπη shoppingstar κηρηθρα αναγκαζετε
1,1.0,Positive,,,,,,,επτα παιδι θετικα στρεπτοκοκκοσ ναουσα τρεισ περιβαλλον αχρονοσ
0,0.5,Negative,,,,,,,γιορτη περιβαλλον βαρκαδεσ δελτα πηνειου tirnavospress
1,1.0,Positive,,,,,,,στρεπτοκοκκοσ θετικοσ παιδι περιβαλλον αχρονοσ εχασε
0,0.5,Negative,,,,,,,εγκαινιαζω ασκεπε δημου θερμησ λιβαδι εκπαιδευση λιβαδιων περιβαλλον
1,1.0,Positive,,,,,,,στρεπτοκοκκοσ ομαδα ναουσα θετικοσ παιδι περιβαλλον αχρονου
0,0.5,Negative,,,,,,,επτα παιδι στρεπτοκοκκοσ ναουσα τρεισ περιβαλλον αχρονου
0,0.5,Negative,,,,,,,επτα παιδι στρεπτοκοκκοσ ναουσα τρεισ περιβαλλον αχρονου αναφερω ποδηρων
1,1.0,Positive,,,,,,,παιδι περιβαλλον αχρονοσ θετικα στρεπτοκοκκο oknewsgr
1,1.0,Positive,,,,,,,παιδι θετικα στρεπτοκοκκο τρεισ περιβαλλον αχρονοσ εχασε
1,1.0,Positive,,,,,,,στρεπτοκοκκοσ ομαδα ναουσα θετικοσ παιδι περιβαλλον αχρονου
1,1.0,Positive,,,,,,,στρεπτοκοκκικοσ θετικοσ παιδι περιβαλλον αχρονοσ ναουσα
0,0.5,Negative,,,,,,,στρεπτοκοκκοσ παιδι περιβαλλον αχρονου οδηγιεσ οδυνων νοσοκομειο επικαιροτητα οδυνων ναουσα στρεπτοκοκκικοι
1,1.0,Positive,,,,,,,κτηνοτροφια διατηρω ισορροπια περιβαλλον
0,0.0,Negative,,,,,,,συναλλαγματικοσ σχολειο νοσοκομειο ευρωπαϊκοσ πολη κινδυνευω ακραιοσ ζεστη
1,1.0,Positive,,,,,,,κτηνοτροφια διατηρω ισορροπια περιβαλλον nemeapress
1,1.0,Positive,,,,,,,δρασεισ βιωσιμοσ μελλον διεθνεσ διαδικτυακοσ συνεδριο εξαλειψη υδραργυροσ αστικοσ περιβαλλον
1,1.0,Positive,,,,,,,ειδαμε αστυπαλαια μετατροπη εξυπνοσ βιωσιμοσ νησι
1,1.0,Positive,,,,,,,κτηνοτροφια διατηρω ισορροπια περιβαλλον
0,0.5,Negative,,,,,,,βαθμοι κελσιου ξερω ιουνιοσ χειμωνασ σιγουροσ βγει αδελφοκτονα νεασ
0,0.5,Negative,,,,,,,υψηλη αξια δεδομενο εφαρμογεσ υγεια γεωργια περιβαλλον bigdata
0,0.0,Negative,,,,,,,συριζασ επαναφερω θεμα ζοριζω απαντω περιβαλλον σαμαρασ τουρκικοσ μειονοτητα
0,0.5,Negative,,,,,,,δημοσ παιανια νεοσ γενια αναλαμβανω δραση περιβαλλον αυτοδιοικηση δημοσιοποιησαν παιδιακισια περιβαλλον
0,0.0,Negative,,,,,,,δυσκολοσ εποχη μικροσ παιδι δεχομαι πολυαριθμοσ απειλη οικογενειακοσ ενδοοικογενειακοσ περιβαλλον δημοτικοσ βρεφοκομειο αθηνων αποτελω δικτυο βρεφονηπιακοσ σταθμη δημου
0,0.0,Negative,,,,,,,παιδικοι σταθμοι περιβαλλον διαπαιδαγωγηση παιδιων πρωτα χρονοσ διαμορφωνω μετεπειτα χαρακτηρασ ενηλικασ
0,0.0,Negative,,,,,,,σταχτοκουλουρασ λεει επενδυτικοσ βαθμιδα φοροδιαφυγη επιχειρηματικοσ περιβαλλον ελλαδα businessnewsgr
0,0.0,Negative,,,,,,,φωτογραφια βλεπω διποδοσ αχρηστοσ περικοκλαδα προσφερω επιβαρυνω περιβαλω
0,0.0,Negative,,,,,,,πηγε τουαλετα ειδε πυθωνασ μετρο κουρτινα μηκοσ μετρο φιδι δειχνω εντυπωσιακοσ ανετοσ απροσδοκητοσ περιβαλλον περισσοτερα
0,0.0,Negative,,,,,,,ορεστιαδα διχρονοσ κατηγγειλε βιασμοσ στρατιωτικοσ νεαροσ εκμυστηρευτηκε περιστατικο οικογενειακοσ περιβαλλον συνεχεια προχωρω καταγγελια περισσοτερα
0,0.5,Negative,,,,,,,αγριοβοτανι σχολειου περιβαλλον αεργα environment
0,0.5,Negative,,,,,,,υπεγραφη συμβαση κατασκευη εργο κατασκευη πρασινου σημειου δημουηγουμενιτσασ προϋπολογισμοσ συμπεριλαμβανομενου εργο χρηματοδοτειται επιχειρησιακοσ προγραμμα υποδομη μεταφορων περιβαλλον κανονιοφοροσ
1,1.0,Positive,,,,,,,βασιλοπουλοσ επιβραβευω πολλαπλωσ καινοτομια σεβασμοσ περιβαλλον
0,0.0,Negative,,,,,,,ευαισθητοποιηση εκπαιδευση αλλαγη σταση μαθητριων θεμα αφορω περιβαλλον επενδυσε χρονια περασε νηπιαγωγειο αρτεμιδασ ενταωνχ δικτυο οικολογικων σχολειων
1,1.0,Positive,,,,,,,νικοσ παπανδρεου αναλαβουμε δραση διασφαλιζω καθαροσ θαλασσα ωκεανοσ βιωσιμοσ περιβαλλον
0,0.5,Negative,,,,,,,βαση προγραμμα διακυβερνηση προεδροσ δημοκρατια προχωρω αμεσοσ αποφασιστικοσ δραση ενισχυω σχολικοσ μαθησιακοσ περιβαλλον νεοσ τεχνολογια
0,0.5,Negative,,,,,,,κτηνοτροφια ισορροπω περιβαλλον
1,1.0,Positive,,,,,,,περιβαλλον αλλαζω συνεχωσ κινδυνουσ πολλαπλασιαζω γεωμετρικοσ εκτεινω μπορω φανταστει κρατηση ασφαλησ επιχειρηση καθισταται δυσκολοσ
0,0.5,Negative,,,,,,,κωστασ γκρεκασ στοχοσ ενεργεια ελλαδα προερχω πειθαναγκη συνεργασια χωρα μεσογειου σταθεροσ περιβαλλον επενδυσεισ αφορω ενεργεια
0,0.5,Negative,,,,,,,συμβολη κτηνοτροφια ισορροπιστριασ περιβαλλον nemeapress
0,0.5,Negative,,,,,,,κτηνοτροφια ισορροπω περιβαλλον
0,0.0,Negative,,,,,,,ατελη γιουσουφ ανηκω στενοσ περιβαλλον οικογενεια μητσοτακη ιδιαιτερα ντορασ εκλογικοσ αναμετρο
0,0.0,Negative,,,,,,,κατερινη λειτουργικεσ προσαρμοσμενεσ περιβαλλον σταση λεωφορειων κατερινησ
0,0.0,Negative,,,,,,,δυσπεψια καταλαβουμε ανθρωποσ χρειαζομαι βοηθεια κοντινοσ περιβαλλον ατομο τριτοσ ηλικια γνωριζω χρονοσ περνω οφειλω παρατηρω πολυσ
0,0.5,Negative,,,,,,,γιγαντασ μετρο ψηλοτερο δεντρο ασια κρυβοταν βαθυτεροσ φαραγγι κοσμου εικονα επικαιροτητα ασιανη αδεντρο περιβαλλον
1,1.0,Positive,,,,,,,συνεργασια οδυνων safe water sports ασφαλεια πολιτησ υδατινοσ περιβαλλον οδυνων safe_water_sports ασφαλειων
0,0.5,Negative,,,,,,,στοχοι βιωσιμοτητα αναπτυξιακο βιωσιμο μελλον περιφερειακε
1,1.0,Positive,,,,,,,παναγιωτοπουλοσ συνθετοσ περιβαλλον ασφαλεια απαιτω αποφαση πραξη
0,0.0,Negative,,,,,,,ισιδωροσ ρογιατικοσ αναλαμβανω δυσκολοσ πλευρα περιβαλλον
0,0.0,Negative,,,,,,,μονοδρομοσ ψηφιακοσ μετασχηματισμοσ επιχειρηση νεοσ αβεβαιοσ περιβαλλον
0,0.0,Negative,,,,,,,ισιδωροσ ρογιατικοσ αναλαμβανω δυσκολοσ πλευρα περιβαλλον
0,0.5,Negative,,,,,,,σαχινη επενδυσεισ ευδια εργο περιβαλλον κοινωνια
0,0.5,Negative,,,,,,,χαρησ σαχινη economist επενδυσεισ ευδια εργο περιβαλλον κοινωνια
0,0.5,Negative,,,,,,,σαχινη επεσπευδαν επενδυσεισ περιβαλλον κοινωνια
0,0.5,Negative,,,,,,,χαρησ σαχινη economist επενδυσεισ ευδια εργο περιβαλλον κοινωνια
0,0.0,Negative,,,,,,,παιδιατρικοσ κλινικη μητερουλα μοναδικοσ περιβαλλον μικροσ ασθενησ
0,0.5,Negative,,,,,,,βγαζαμε αστερια θαλασσα κρατησουμε ενθυμιοσ διακοπη ξερω αστερια
0,0.5,Negative,,,,,,,sustainability forum global sustain αμεση συνδεση επιχειρηματικοτητα κοινωνια περιβαλλον
0,0.5,Negative,,,,,,,νεοσ μπαταρια στερεασ κατασταση μειωσουν σημαντικα αποτυπωμα ανθρακασ ηλεκτρικοσ αυτοκινητο
0,0.5,Negative,,,,,,,νεοσ μπαταρια στερεασ κατασταση μειωσουν σημαντικα αποτυπωμα ανθρακασ ηλεκτρικοσ αυτοκινητο
0,0.5,Negative,,,,,,,περιοδοσ σχετικα θερμησ ημερα βραδυ προσοχη ευαλωτοσ ομαδα
0,0.0,Negative,,,,,,,μαριαννα φωκαεων αγιογραφικη σχεδιαστικη αποδοση αγιου λεοντιαδη αιγινης σχεση ιστορικο περιβαλλον
0,0.0,Negative,,,,,,,ελληνασ καταναλωτησ ανησυχοσ νεοσ αγοραστικοσ συνηθεια αβεβαιοσ περιβαλλον
0,0.5,Negative,,,,,,,βουλη ψηφιζω ολομελεια πολυνομοσχεδιο περιβαλλον
1,1.0,Positive,,,,,,,σκοτωνω αγαπη σκοτωνω λογοσ εγωισμοσ σεβασμοσ ανθρωπινη γιατι μεγαλωσαν
1,1.0,Positive,,,,,,,σεβασμοσ λαμπροσ αφηνω παιδι σκουπιδι γοπα καθαρισουν λαμπρου σεβασμοσ περιβαλλον
0,0.5,Negative,,,,,,,ραφεια δρομολογει μελετη περιβαλλον eastmed
0,0.5,Negative,,,,,,,εξελιξη υποθεση revenge porn βορειοσ ελλαδα ρολοσ γυναικα περιβαλλον δραστησ
0,0.5,Negative,,,,,,,εξελιξη υποθεση revenge porn βορειοσ ελλαδα ρολοσ γυναικα περιβαλλον δραστησ
0,0.5,Negative,,,,,,,θεραπευτησ μενεισ περιβαλλον αρρωσταινω φυγεισ θεραπευτεισ γυρισεισ
0,0.5,Negative,,,,,,,πηλειδησ βιωσιμοσ κοιτασμα κρονοσ ενιδρυονται
0,0.5,Negative,,,,,,,κωνσταντινοσ μαργαριτησ σημειωνω ανοιγω οριζοντεσ παγκοσμιοσ αγορα μεταβαλλομενοσ περιβαλλον τομεασ υγεια ενεργεια καλπαζουσασ εξελιξη τεχνολογια
0,0.5,Negative,,,,,,,οικονομου βιωσιμοσ μοντελο επανεκκινηση ναυπηγειων ελευσινασ διασφαλιση θεση εργασια
0,0.5,Negative,,,,,,,συνταγη ζυμαρικα προστατευω περιβαλλον προκαλω οργη σεφσ
1,1.0,Positive,,,,,,,δηλοσ εθελοντησ δηλωνω παρων βιωσιμοσ μελλον
0,0.5,Negative,,,,,,,epsilon κορυφαιοσ εταιρια ευρωπη εργασιακοσ περιβαλλον europes best workplaces
0,0.5,Negative,,,,,,,ευνοϊκοσ περιβαλλον τραπεζα
0,0.5,Negative,,,,,,,ενεργω περιβαλλον αποκατασταση περιοχη αρχαια ολυμπια
0,0.5,Negative,,,,,,,ριτσοσ στεγασετε στοχοσ βιωσιμοσ μοντελο στρατηγικη αναπτυξη ελληνικοσ τουρισμοσ
0,0.0,Negative,,,,,,,μικροσ απωλεια χρυσοσ ευνοϊκοσ περιβαλλον
0,0.5,Negative,,,,,,,taxonomy δρομοσ βιωσιμοσ μελλον
0,0.5,Negative,,,,,,,taxonomy δρομοσ βιωσιμοσ μελλον
0,0.5,Negative,,,,,,,καρολιδησ κρινω γνωριζω εγινα γινω ασφουγγαρισ
0,0.0,Negative,,,,,,,insta γινομαι επισημα πουτανιστικου social θλιβεροσ βλεπεισ νεοσ παιδι ψωνιζονται τροποσ επιδεικνυω lifestyle πραγματικοσ βιωσιμοσ θυμιζω κριση νοοτροπια
0,0.5,Negative,,,,,,,νικαια αρπαγη αχρονοσ απαγαγει λεει περιβαλλον παντρεμενοσ παιδι
0,0.5,Negative,,,,,,,προφιλ διαδικτυο ανεβαζε πορνογραφικοσ υλικο παιδι πελατησ ενδιαφερθηκαν κλεινω αμαραντε
1,1.0,Positive,,,,,,,great place work πολυεθνικοσ εταιρεια καλυσ εργασιακοσ περιβαλλον παγκοσμιωσ
0,0.0,Negative,,,,,,,σταχτοκουλουρασ ελλαδα χτινω ισχυροσ γραμμη αμυνα δυσμενεσσ διεθνεσσ περιβαλλον
0,0.0,Negative,,,,,,,ακουραστα συνοδοσ δαντον ελλαδα χτινω ισχυροσ γραμμη αμυνα δυσμενεσσ διεθνεσσ περιβαλλον
0,0.0,Negative,,,,,,,σταχτοκουλουρασ ελλαδα χτινω ισχυροσ γραμμη αμυνα δυσμενεσσ διεθνεσσ περιβαλλον
1,1.0,Positive,,,,,,,κρεμ γουλιτσα επανεκλογη μητσοτακη δημιουργω ασφαλεσσ περιβαλλον επενδυσεισ
1,1.0,Positive,,,,,,,κρεμ γουλιτσα επανεκλογη μητσοτακη δημιουργω ασφαλεσσ περιβαλλον επενδυσεισ
0,0.5,Negative,,,,,,,νικοσ τσαμικοσ προτιμουμε υπαρχω σταθεροσ περιβαλλον ναυτιλια κοσμοσ ειρηνικοσ τεραστιοσ κερδοφορια
0,0.5,Negative,,,,,,,dialectica μετακομιζει piraeus tower πρωτοσ υπερσυγχρονο βιωσιμοσ ουρανοξυστη πολη pics
0,0.5,Negative,,,,,,,δεσμευση κρουαζιερα μηδενικοσ αποτυπωμα ανθρακασ παγκοσμιωσ
0,0.0,Negative,,,,,,,σεπολια ηλιασ μιτοσ ψαρευε βιαστησ οικογενειακοσ περιβαλλον αχρονοσ
0,0.0,Negative,,,,,,,ημαθια ιχνοσ οδηγοσ σκοτωσε χρονοβορο κοριτσι διασωληνωμενοσ επαφη περιβαλλον μητερα αδερφη
1,1.0,Positive,,,,,,,αναγνωριζω αγαπη καλοσυνη ανταποδιδω κοσμοσ καλυτεροσ συναινεσα
0,0.0,Negative,,,,,,,κινεισαι ζεισ θεωρεισ φυσικοσ περιβαλλον δυνατοσ λιγοτεροσ εχθροσ λεγω συνταγη μακροζωια
0,0.0,Negative,,,,,,,βελγιο ιδρυμα περιβαλλον προτεινω μειωση διαρκεια ντοσ εξοικονομηση ενεργεια
0,0.0,Negative,,,,,,,βελγιο μειωστε διαρκεια ντοσ εξοικονομησετε ενεργεια λεει ιδρυμα περιβαλλον
0,0.0,Negative,,,,,,,economist intelligence αλμα θεση ελλαδα επιχειρηματικοσ περιβαλλον
0,0.0,Negative,,,,,,,μητσοτακησ επιχειρηματικοσ περιβαλλον ελλαδα αναγνωριζω προσπαθεια
0,0.0,Negative,,,,,,,βελγιο μειωστε διαρκεια ντοσ εξοικονομησετε ενεργεια λεει ιδρυμα περιβαλλον
0,0.0,Negative,,,,,,,στοιχειο υπεροχη διαφοροποιηση συγχρονοσ επιχειρηματικοσ περιβαλλον δραση πρωτοβουλια παρεμβασεισ απευθυνω κοινωνια περιβαλλον ανθρωποσ
1,1.0,Positive,,,,,,,αστικοσ περιβαλλον αστικοσ βαρβαροτητα
0,0.5,Negative,,,,,,,ενδειασ στοχοσ ελευθεροσ ασφαλεσσ περιβαλλον δημοσιογραφοσ
0,0.0,Negative,,,,,,,ολοκληρωνω επιχειρηματικοσ δραστηριοτητα βιωσιμοσ εταιρεια σεβω περιβαλλον κοινωνια
0,0.0,Negative,,,,,,,ολοκληρωνω επιχειρηματικοσ δραστηριοτητα βιωσιμοσ εταιρεια σεβω περιβαλλον κοινωνια
1,1.0,Positive,,,,,,,συνεισφερω προσφορα κοινωνια περιβαλλον
0,0.5,Negative,,,,,,,μπορντελο προσαρμοσουμε πολιτικοσ αμυνασ νεοσ περιβαλλον
0,0.0,Negative,,,,,,,περιβαλλον τροφιμα πεταμε αποσυντιθενται οφειλεται αεριων φαινομενου θερμοκηπιου
0,0.0,Negative,,,,,,,σχεδιο δραση περιβαλλον κλιμα ιδρυμα μποδοσακη
0,0.0,Negative,,,,,,,optima bank επενδυτικοσ περιβαλλον προκλησεισ ευκαιρια
0,0.5,Negative,,,,,,,αμαχητο ελαβε αναλαμβανω δραση βιωσιμοσ
1,1.0,Positive,,,,,,,ευελιξια προσαρμοστικοτητα βασικα ζητουμενοσ νεοσ φορολογικοσ περιβαλλον
0,0.5,Negative,,,,,,,συνεχησ πρωτοβουλια δραση συγχρονοσ εργασιακοσ περιβαλλον
0,0.5,Negative,,,,,,,συνεχησ πρωτοβουλια δραση συγχρονοσ εργασιακοσ περιβαλλον
0,0.5,Negative,,,,,,,νουνοι υλοποιω δραση βιωσιμοσ μελλον
0,0.0,Negative,,,,,,,τζοκινγκ σαρλ μισελ θελω δικαιο περιβαλλον κινεζικοσ εταιρεια
0,0.5,Negative,,,,,,,σωτηρησ ραπτησ lloyds list κορυφαιοσ προσωπικοτητα θεμα κανονισμοσ ναυτιλια περιβαλλον
0,0.0,Negative,,,,,,,αντιπαροσ μοναδικοσ υποσκαπτε εργο πετυχαινω συγχωνευτει περιβαλλον παραλληλα λουστει φυσικοσ newmoneygr
0,0.0,Negative,,,,,,,συναντωνη περιβαλλον global leaders ταξιδευω ιδιωτικοσ zero emissions βεβαιωσ βεβαιωσ υποκρισια μεγιστοσ υπαρχω τροποσ γινομαι meetings virtually
0,0.0,Negative,,,,,,,χωρα διαθετω ελκυστικοσ περιβαλλον αναπτυξη ιδιωτικοσ επιχειρηση
0,0.5,Negative,,,,,,,αδεια στοχοσ τελωνειακοσ κωδικασ μεταβαινω περιβαλλον χαρτι
0,0.5,Negative,,,,,,,αδεια στοχοσ τελωνειακοσ κωδικασ μεταβαινω περιβαλλον χαρτι
0,0.0,Negative,,,,,,,σταχτοκουλουρασ απαντηση αβεβαιοσ περιβαλλον συνεργασια ελλαδασγαλλιασ
1,1.0,Positive,,,,,,,εξελιξη σχεση εμπιστοσυνη εργασιακοσ περιβαλλον kaizen gaming βασικοσ στοιχειο επιτυχια
1,1.0,Positive,,,,,,,εξελιξη σχεση εμπιστοσυνη εργασιακοσ περιβαλλον kaizen gaming βασικοσ στοιχειο επιτυχια
0,0.5,Negative,,,,,,,roche hellas συμμετεχω δημοσιοσ διαλογοσ βιωσιμοσ αποδοτικοσ συστημα υγεια
0,0.0,Negative,,,,,,,holcim πηρε διπλοσ δραση κλιμα νερο
0,0.0,Negative,,,,,,,ενδειασ περιβαλλον τεραστιοσ προκληση ανθρωποτητα αιωνασ
0,0.0,Negative,,,,,,,περιβαλλον εργασια τρεισ προβλεψεισ τροποσ δουλευω
0,0.0,Negative,,,,,,,περιβαλλον εργασια τρεισ προβλεψεισ τροποσ δουλευω
0,0.0,Negative,,,,,,,οικονομου χρονια περασε δυσχερεστατοσ παγκοσμιοσ περιβαλλον ελλαδα αντεξε πιεσεισ σημειωσε σημαντικοσ βημα προοδοσ
0,0.0,Negative,,,,,,,επιθεση μπογια πρωθυπουργικοσ μεγαρο γαλλια ακτιβιστησ περιβαλλον
0,0.0,Negative,,,,,,,ψαλτησ alpha bank εγκαινιαζω νεοσ κυκλοσ εξελιξη απαντηση νεοσ περιβαλλον διαρκησ κριση
0,0.0,Negative,,,,,,,ψαλτησ εγκαινιαζω νεοσ κυκλοσ εξελιξη απαντηση νεοσ περιβαλλον διαρκησ κριση
0,0.0,Negative,,,,,,,ακουραστα eurogroup ασταθεσσ παγκοσμιοσ περιβαλλον ελλαδα καταφερω
0,0.0,Negative,,,,,,,μοσχατο ανδρασ εντοπιστηκε νεκροσ διαμερισμα προσωρινα κρατουμενοσ γυναικα στενοσ περιβαλλον
0,0.5,Negative,,,,,,,lidl ελλασ δημιουργει αξια δρομοσ βιωσιμοσ
1,1.0,Positive,,,,,,,shipping awards πρωτα ναυτιλιακοσ βραβειο περιβαλλον κοινωνικη εταιρικοσ διακυβερνηση pics
0,0.5,Negative,,,,,,,παγκοσμια πρωτοσ mytilineos οικονομικοσ αποτελεσμα παρουσιαστουν περιβαλλον metaverse
0,0.0,Negative,,,,,,,προγραμμα σπουδων εισαγωγη επιμορφωση εκπαιδευτικοσ περιβαλλον steam προσφερω ιδρυμα vodafone
0,0.0,Negative,,,,,,,βενετια ουσια συμβουλιο ανταγωνιστικοτητα επιχειρηματικοσ περιβαλλον ελλαδα οπωσδηποτε βελτιωνω
0,0.5,Negative,,,,,,,schroders capital assets κρυβω ευκαιρια υπηρεσιακοσ περιβαλλον
0,0.0,Negative,,,,,,,περιβαλλον νεοσ κανονασ μειωσουν ανωτατα οριο καταλοιπων φυτοφαρμακων τροφιμα
0,0.5,Negative,,,,,,,απορρυπανση συνεπεια ζωντανοσ οργανισμοσ περιβαλλον
0,0.5,Negative,,,,,,,περιβαλλον εγκαταλελειμμενα αγροκτηματα χρειαζομαι δεκαετια ανακτω βιοποικιλοτητα
1,1.0,Positive,,,,,,,παρεισ καλοσ παικτησ παιζω συλλογοσ εφικτοσ βελτιωνω παικτησ περιβαλλον
0,0.0,Negative,,,,,,,βδομαδα σκανδαλο περιβαλλον πρωθυπουργου μποχα επιτρεπω αναπνευζω υφυπουργοσ
0,0.0,Negative,,,,,,,λαθοσ ριχνω βαροσ συζητηση ποσο ευεργετικοσ βογκαγαν διατροφη υγεια ομοσ
1,1.0,Positive,,,,,,,υπενδυω θαλασσιοσ χωροταξικοσ σχεδιασμοσ διασφαλιζω ειρηνη προστατευω περιβαλλον
0,0.0,Negative,,,,,,,pepsico hellas χρονοσ βιωσιμοσ μελλον απολογισμοσ δραση αεροφοροσ αναπτυξη
0,0.5,Negative,,,,,,,ζαχαρατη βιωσιμοσ τουρισμοσ τοπικοσ χαρακτηρασ επικεντρο αναπτυξη
0,0.0,Negative,,,,,,,greenpeace συνεπεια ρωσικοσ εισβολη πολεμοσ φυσικοσ περιβαλλον
1,1.0,Positive,,,,,,,συνεδριο energy efficiency buildings conference εξυπνα κτιριο καλυτερο περιβαλλον εξοικονομηση ενεργεια
0,0.0,Negative,,,,,,,καραμανλησ μεταβαση πρασινοσ μεταφορα προϋποθετω επενδυσεισ ισχυροσ νομοθετικοσ ρυθμιστικοσ περιβαλλον
0,0.5,Negative,,,,,,,επιτροποσ περιβαλλων ιστορικοσ στιγμη συμφωνια προστασια ωκεανοσ
0,0.5,Negative,,,,,,,περιβαλλον καραμανλη αποψη ρουσοπουλοσ προσωπικοσ
0,0.5,Negative,,,,,,,γαλαζιοσ φωτια υποψηφιοτητα καραμανλησ περιβαλλον πρωην πρωθυπουργοσ
0,0.5,Negative,,,,,,,radioarvyla συνεχιστε φωνη ξευτελιστει ξεφτιλισμενοσ κυβερνω τοποσ ασφαλεσσ περιβαλλον αισχοσ μεσω μετατοπισμενων δημοσιογραφοσ
0,0.5,Negative,,,,,,,meliá hotels international βιωσιμοσ ξενοδοχειακοσ ομιλοσ παγκοσμιωσ sampp global pics
1,1.0,Positive,,,,,,,ελληνικοσ χρυσοσ αναπτυξη σεβασμοσ περιβαλλον
1,1.0,Positive,,,,,,,ελληνικοσ χρυσοσ αναπτυξη σεβασμοσ περιβαλλον
0,0.5,Negative,,,,,,,πριονοκορδελα καθημερινησ νοσο περιβαλλον ζηταει οριστικοσ αποσυρση κυβερνηση ανεβαλε εβδομη
0,0.5,Negative,,,,,,,πρωθυπουργικοσ εμφανιση τσιπουρα εγκαλουμε ρωτηθηκε απαντησε οβολα φιλικοσ περιβαλλον τολμω
0,0.0,Negative,,,,,,,τσιπουρα mega φαπεσ μαλακοσ εριξε γαντι φαινομαι ολιγαρκειοσ τραβουν χαλι μητσοτακησ
0,0.0,Negative,,,,,,,σκληροσ καταναλωτικοσ περιβαλλον εφερε μειωμενεσ πωλησεισ deliveroo
0,0.5,Negative,,,,,,,παρακολουθουμε επικινδυνοσ ανθρωποσ προστατεωνυ αποστειρωμενοσ περιβαλλον ξεχανω πρωθυπουργε
1,1.0,Positive,,,,,,,νεοσ ψηφιακοσ περιβαλλον φορολογια διασυνδεση ταμειακοσ μηχανοσ λειτουργω
1,1.0,Positive,,,,,,,νεοσ ψηφιακοσ περιβαλλον φορολογια διασυνδεση ταμειακοσ μηχανοσ λειτουργω capitalgr
0,0.5,Negative,,,,,,,ολιγωρια αρχων υποθεση σεξουαλικοσ κακοποιηση αχρονησ πατερασ αμεσοσ σχεση
0,0.5,Negative,,,,,,,πατα exxon halliburton chevron εταιρεια ακολουθησαν στρατοσ ιρακ μπαινω γερα
0,0.5,Negative,,,,,,,υπαρχω ταξικοσ επιλεγω παιδι δρομοσ κορυφαιοσ ιδιωτικοσ πανεπιστημιο
0,0.0,Negative,,,,,,,θελω γινουμε ανταγωνιστικοι οροσ ασια αφρικανικησ μισθοσ μελλον καλυπτω μηναγαν ανταγωνιστικοσ κρατοσ μενω χωρα γιατι κρατοσ ενοικιο αναλογω μισθου βιωσιμοσ
1,1.0,Positive,,,,,,,αεροφορεσ γεωργικοσ πρακτικη χρησιμοποιουνται καλλιεργεια ελαιοδεντρων εκδηλωση διοργανωσε σχολη δημοσιασ υγεια yale school public health θεμα ελαιολαδο περιβαλλον μεσογειακη διατρ qboprzbqe
0,0.5,Negative,,,,,,,υπερλιπωση αποτελω μεγαλυσ απειλη θαλασσιοσ περιβαλλον βλαπτω βιοτικοσ ποροσ παρακτιοσ κοινοτητα fisheries europe
0,0.0,Negative,,,,,,,εθνικοσ διαγωνισμοσ θεμα περιβαλλον μεταναστευση πανδημια χρονοσ λειτουργια πνευμονολογικη κλινικη πανεπιστημιο θεσσαλια
0,0.5,Negative,,,,,,,προταση κανονισμοσ βιωσιμοσ χρηση αντιπροστατευτικοσ προϊον θεμα προκαλω μεγαλοσ ανησυχια παραγωγοσ καρπωνοσουν appletree apples fruitsandvegetables fruit
1,1.0,Positive,,,,,,,συνεχιζω μεγαλοσ προσπαθεια καλυτερο περιβαλλον στοχοσ παραγωγη καταναλωση ηλεκτρικοσ ενεργεια ανανεωσιμη παραγωγη κορυφωνω μεσημερι αγγιξε
1,1.0,Positive,,,,,,,επτα παιδι θετικα στρεπτοκοκκο περιβαλλον αχρονοσ εχασε capitalgr
