predicted_sentiment,prediction_probability,sentiment_label,positive_texts_count,negative_texts_count,total_texts,positive_percentage,negative_percentage,uncertainty,text
1,0.76148146,Positive,2153.0,2249.0,4402.0,48.90958655156747,51.09041344843253,0.1728363,Η #κλιματική_αλλαγή απειλεί τη #Μεσόγειο – Δραματική πρόβλεψη για αύξηση των #πυρκαγιών https://t.co/i9UqwrPYfq via @politis_news
1,0.71374166,Positive,,,,,,0.1779863,Η κλιματική αλλαγή απειλεί τη Μεσόγειο - Δραματική πρόβλεψη για αύξηση των πυρκαγιών - https://t.co/XiWrmtxQ1Y https://t.co/Tk2B1YOVSQ
0,0.26926574,Negative,,,,,,0.22080179,"[https://t.co/bDHZLmoC6L]Μελέτη: Η κλιματική  #Αλλαγή θα αυξήσει τις δασικές πυρκαγιές παγκοσμίως, ιδίως στη  #Μεσόγειο https://t.co/UmUw8yGP4m"
1,0.94168925,Positive,,,,,,0.107116565,Στο μεταβαλλόμενο περιβάλλον της σύγχρονης εποχής η υιοθέτηση πρακτικών διαχείρισης κινδύνων αποτελεί μονόδρομο για τη βιώσιμη ανάπτυξη https://t.co/zjHX84K7mb https://t.co/63TgIKd5A9
0,0.40491617,Negative,,,,,,0.27957216,Η κλιματική αλλαγή θα αυξήσει τα επόμενα χρόνια τις δασικές πυρκαγιές παγκοσμίως - mononews #mononewsGR https://t.co/Z7xEXfKMCT
1,0.91363436,Positive,,,,,,0.14957312,Καραμανλής: Πράσινο το σύνολο των έργων υποδομών - Φιλικά προς το περιβάλλον τα 1.300 νέα λεωφορεία που έρχονται https://t.co/WJgrYzSZw0
0,0.30174544,Negative,,,,,,0.24405847,"Μελέτη: Η κλιματική αλλαγή θα αυξήσει τα επόμενα χρόνια τις δασικές πυρκαγιές παγκοσμίως, ιδίως στη Μεσόγειο

https://t.co/BMW3zl2ADn"
0,0.37758586,Negative,,,,,,0.25037375,"Η κλιματική αλλαγή θα αυξήσει τα επόμενα χρόνια τις δασικές πυρκαγιές παγκοσμίως, ιδίως στη Μεσόγειο,
https://t.co/EUiqKEInYL,"
1,0.5261028,Positive,,,,,,0.30725715,Ανανεώσιμες Πηγές Ενέργειας: Το λάθος μείγμα στην Ελλάδα - Οι κίνδυνοι από τη μονοκαλλιέργεια https://t.co/lnKE3n3qdo
1,0.5851072,Positive,,,,,,0.27199805,"Τέσσερις αντιπροτάσεις #Ερσίν_Τατάρ στα ΜΟΕ #Αναστασιάδη: Υδρογονάνθρακες, υδάτινοι πόροι, ηλεκτρική και πράσινη ενέργεια https://t.co/2ldqyyVBaK via @politis_news #Κύπρος #Κυπριακό"
0,0.38655907,Negative,,,,,,0.2949406,"Μπορεί ο Θάνος Πλεύρης να αποφεύγει όπως ο διάολος το λιβάνι τους δημοσιογράφους του Documento όταν του ζητούν μια δήλωση, αλλά αν πρόκειται για το ασφαλές περιβάλλον που εξασφαλίζει μία ανάρτηση στο Twitter, δεν έχει πρόβλημα να τοποθετηθεί δημόσια https://t.co/cAt9pwKKus"
0,0.3846149,Negative,,,,,,0.25927132,"Μελέτη: Η κλιματική αλλαγή θα αυξήσει τα επόμενα χρόνια τις δασικές πυρκαγιές παγκοσμίως, ιδίως στη Μεσόγειο https://t.co/66O7L39m7i"
0,0.34955403,Negative,,,,,,0.24844536,RT @OlympiaAnast: Άρθρο μου στο ετήσιο έντυπο Thought Leaders 2022 του @gtpgr  σχετικά με τον βιώσιμο τουρισμό.👉Amid an unprecedented inter…
1,0.8837349,Positive,,,,,,0.122008905,"Χανιά: Ο ενεργειακός μετασχηματισμός, στο επίκεντρο του 6ου Παγκρήτιου Ενεργειακού Συνεδρίου

https://t.co/xUkmas00nK https://t.co/GXxe5e4Qty"
0,0.041997507,Negative,,,,,,0.08064854,"Καθώς η #αναζήτηση για λιγότερο βλαβερές για το #περιβάλλον αερομεταφορές συνεχίζεται, μια ισπανική αεροπορική #εταιρεία ανέλαβε την τεράστια #πρόκληση να παραγγείλει νέα υβριδικά #αερόπλοια.
#Διεθνη 

https://t.co/J9U6PcNdD4"
1,0.7495006,Positive,,,,,,0.2520944,"Βασίλης Κικίλιας: 
«Νούμερο 1 προορισμός η Ελλάδα για τους ταξιδιώτες από Γαλλία και Ιταλία» 

Ο υπουργός Τουρισμού επισήμανε, ότι παρά το παγκόσμιο ασταθές περιβάλλον, τα αποτελέσματα που υπάρχουν στις αφίξεις τουριστών στη χώρα μας είναι εντυπωσιακά

https://t.co/arzQCKG3DZ https://t.co/kGhr1hCAgb"
1,0.73589414,Positive,,,,,,0.25539884,"«Η Ελλάδα είναι φέτος ο νούμερο 1 προορισμός για τους ταξιδιώτες από Γαλλία και Ιταλία» ανέφερε ο υπουργός Τουρισμού Βασίλης Κικίλιας μιλώντας στον τηλεοπτικό σταθμό Open, επισημαίνοντας ότι -παρά το παγκόσμιο ασταθές περιβάλλον- τα εντυπωσιακά

https://t.co/ttKZ0oG5DQ"
0,0.49354976,Negative,,,,,,0.32708728,"Τα Ηνωμένα Έθνη έχουν ορίσει την βιώσιμη ανάπτυξη στην έκθεση Brundtland, ως «μια ανάπτυξη που ικανοποιεί τις ανάγκες του παρόντος χωρίς να διακυβεύει την ικανότητα των μελλοντικών γενεών να ικανοποιήσουν τις δικές τους ανάγκες».

https://t.co/vDOUmApXg3"
1,0.847276,Positive,,,,,,0.13110235,Κλιματική αλλαγή: «Πρωτοφανής τα τελευταία 4.000 χρόνια» η άνοδος της στάθμης των θαλασσών--https://t.co/LJbWH870H9
0,0.12221361,Negative,,,,,,0.1579822,Η κλιματική αλλαγή επηρεάζει τα παιδιά ακόμη και πριν τη γέννηση https://t.co/U9dUtHxxJ5
1,0.83868325,Positive,,,,,,0.20032907,"να κάτι τέτοια αρθράκια συνοψίζουν μέσα σε πενήντα λέξεις όλη την παράνοια του παλιού καλού καπιταλισμού με αλατοπίπερο την ηθική του ύστερου, καταστρέφεις το περιβάλλον για ωφελιμιστικούς λόγους, τώρα, ακριβώς για τους ίδιους λόγους, θα το προστατεύσεις. https://t.co/CovkJyZrdl"
1,0.64699745,Positive,,,,,,0.2909581,[Κλικ και διαβάστε στο NewsBeast]Οι  #Ελληνίδες υφάντρες που υπερασπίζονται τη βιώσιμη μόδα μέσω αρχαίων τεχνικών https://t.co/2Pfr8pqKBx
0,0.46049976,Negative,,,,,,0.21842226,ΙΛΛΥΡΙΑ WEB TV | ΟΙΚΟΝΟΜΙΑ ΚΑΙ ΠΕΡΙΒΑΛΛΟΝ | ΕΙΡΗΝΗ ΚΑΝΕΛΛΟΥ https://t.co/yondm4gZCs
0,0.055797324,Negative,,,,,,0.098200485,"Βρετανία: Ακτιβιστές κόλλησαν τα χέρια τους σε πίνακα του Βαν Γκογκ, διαμαρτυρόμενοι για την κλιματική αλλαγή – Βίντεο https://t.co/MqtNHJlZUA"
0,0.44321206,Negative,,,,,,0.30744603,Κλιματική αλλαγή: Πανάρχαια άγνωστα μικρόβια θα απελευθερωθούν από τους παγετώνες που λιώνουν; Μπορούν να πυροδοτήσουν “πανδημίες”; -
1,0.7915263,Positive,,,,,,0.25558338,"[Κλικ και διαβάστε στο thecaller]Κλιματική  #Αλλαγή:  #Άγνωστα μικρόβια παγιδευμένα σε παγετώνες που λιώνουν, μπορεί να πυροδοτήσουν νέες πανδη https://t.co/bc0qyAOPEP"
1,0.80571747,Positive,,,,,,0.1744346,Κλιματική αλλαγή: Άγνωστα μικρόβια παγιδευμένα σε παγετώνες που λιώνουν ίσως πυροδοτήσουν νέες πανδημίες - Documento https://t.co/pz2FrYZrh7
0,0.21040344,Negative,,,,,,0.22310443,Κλιματική αλλαγή: Οι πάγοι που λιώνουν μπορούν να απελευθερώσουν μικρόβια που θα προκαλέσουν νέες πανδημίες https://t.co/j3tAYm4kOX
0,0.49839056,Negative,,,,,,0.20816708,"ΠΔΕ: Ημερίδα της UNESCO, για την Εκπαίδευση τον Πολιτισμό &amp; τη Βιώσιμη Ανάπτυξη https://t.co/wYM3ZPjSVg"
0,0.20662513,Negative,,,,,,0.1258905,Το περιβάλλον ως ...επαγγελματική διέξοδος - Συνέντευξη του Ευθύμιου Προβίδα στην Πολιτεία https://t.co/buUxjvFWsl
0,0.37533855,Negative,,,,,,0.1723607,ΠΕΡΙΒΑΛΛΟΝ – Η ΜΟΛΥΝΣΗ ΤΩΝ ΥΔΑΤΩΝ https://t.co/xhaeyPwZl8
0,0.24024181,Negative,,,,,,0.25292397,Καρδία: Εγκαινιάστηκε το Πάρκο Φυτοποικιλότητας με τα χίλια σπάνια φυτά https://t.co/gefkdgY1Ba #ΔΗΜΟΤΙΚΑ #ΔΤ #ΚΑΡΔΙΑ #ΠΕΡΙΒΑΛΛΟΝ https://t.co/V0peLWJLG2
1,0.5450572,Positive,,,,,,0.2459999,Κλιματική αλλαγή: Ο Γκουτέρες προειδοποιεί για το πόσο ευάλωτη είναι η Καραϊβική https://t.co/EoQD6xxUHb
0,0.49445572,Negative,,,,,,0.2859423,SOS Γκουτέρες για την Καραϊβική: Κινδυνεύει όσο καμία άλλη περιοχή από την κλιματική κρίση https://t.co/5l3gtFmdG6
1,0.5270515,Positive,,,,,,0.27784434,"Κλιματική αλλαγή: Ο γγ του ΟΗΕ προειδοποιεί για το πόσο ευάλωτη είναι η Καραϊβική

https://t.co/qPPOZcX1rR https://t.co/YiMssQF8Ej"
0,0.22044337,Negative,,,,,,0.12171559,Το περιβάλλον...ως επαγγελματική διέξοδος https://t.co/uIVQkabXCL
1,0.9656505,Positive,,,,,,0.07006771,Πώς θα περνάς τέλεια στην παραλία χωρίς να επιβαρύνεις το περιβάλλον https://t.co/l1KdMzeYvg
0,0.49188277,Negative,,,,,,0.2986876,"#Ερευνητές της Κινεζικής Ακαδημίας Επιστημών, οι οποίοι έκαναν τη σχετική #δημοσίευση στο #περιοδικό βιοτεχνολογίας “#Nature_Biotechnology”, σύμφωνα με το #Live_Science
#Κλιματικη_αλλαγη #μικροβια #παγοι #περιβαλλον #Επιστημη #Υγεια 

https://t.co/TlXwd8b3gl"
1,0.60664904,Positive,,,,,,0.12550364,Η στάση της κυβέρνησης και των κομμάτων κατασκεύασαν ένα εχθρικό περιβάλλον για τους πολίτες https://t.co/qksiZyal58 https://t.co/NGmog0Z28Y
0,0.3177589,Negative,,,,,,0.27454588,"Στο πρόγραμμα Περιβάλλον και Κλιματική Αλλαγή θα συνεχιστεί  το πρόγραμμα «Εξοικονομώ» που αναμένεται να ξεκινήσει άμεσα, ενώ  θα χρηματοδοτηθούν παρεμβάσεις Greco islands.

Αυτό επισημαίνει στα μέσα κοινωνικής δικτύωσης ο  υφυπουργός Ανάπτυξης και

https://t.co/kkGfkGZDMH"
0,0.40287063,Negative,,,,,,0.15987185,RT @TakisKapetanio2: «Η σύγχρονη δημοκρατία έχει ιδιωτικοποιηθεί. Δεν είναι πια βιώσιμη»  https://t.co/n9uiKk5m5C
1,0.72171074,Positive,,,,,,0.25526866,@NWOgohome @Epicrotus @kafros2016 Λάθος. Όλοι σε ένα ιδανικό περιβάλλον κάτι παραπάνωθα καταφέρναμε. Όσοι μένουμε είμαστε ήρωες και το πλήρωμα του χρόνου για το Έθνος.
0,0.26906317,Negative,,,,,,0.17819381,RT @KostasVaxevanis: Ιωάννη Βαπτιστή δεν είναι περιβάλλον για να βάζεις τα άρθρα σου. Όπως βλέπεις δεν έχουν μεγάλη δημοφιλία. Όχι ότι έχου…
0,0.49104115,Negative,,,,,,0.25952983,Ο Δήμαρχος Χερσονήσου εκπροσώπησε την ΚΕΔΕ σε διαδικτυακή σύσκεψη για τα έργα προσαρμογής στην Κλιματική Αλλαγή https://t.co/ikVNW34rgY
0,0.31860483,Negative,,,,,,0.27885622,Στη Φινλανδία η πρώτη στον κόσμο μπαταρία από άμμο που αποθηκεύει «πράσινη» ενέργεια - https://t.co/3v0HtATSpN https://t.co/SPC8Y0yjyv
1,0.5119897,Positive,,,,,,0.2260981,Διαδικτυακή ημερίδα «Προσαρμογή της Περιφέρειας Ιονίων Νήσων στην Κλιματική Αλλαγή» https://t.co/hdij1487D4
0,0.13311054,Negative,,,,,,0.15823665,Φινλανδία: Μπαταρία άμμου αποθηκεύει πράσινη ενέργεια για μήνες – Πιθανή λύση στην ενεργειακή κρίση https://t.co/83KFxfWXgh
0,0.18351103,Negative,,,,,,0.10559517,Δράση για το Περιβάλλον από το Κ.Δ.Α.Π Δήμου Κιλελέρ - LarissaPress https://t.co/xuZ8O61Rqp
1,0.9131553,Positive,,,,,,0.1340364,«Θα συνεχίσουμε σε επόμενες δράσεις για το περιβάλλον και την πανέμορφη περιοχή μας» https://t.co/fUHKnAnr97
0,0.34672055,Negative,,,,,,0.22610733,"σπάθη ενός γενικευμένου πολέμου-, διαμορφώνει ένα άκρως ρευστό και ευμετάβλητο περιβάλλον."
1,0.82393646,Positive,,,,,,0.16611922,"Ένας συνδυασμός παραγόντων -φυσικές καταστροφές, άνοδος του πληθωρισμού, πανδημία, ενεργειακή και κλιματική κρίση, μέχρι τη Δαμόκλειο https://t.co/FpFO6cZXGg https://t.co/s4JCbOHlmb"
0,0.4081721,Negative,,,,,,0.2791368,"Ερευνητές εγκατέστησαν στη δυτική Φινλανδία την πρώτη στον κόσμο πλήρως λειτουργική μπαταρία άμμου, η οποία μπορεί να αποθηκεύσει «πράσινη» ενέργεια για μήνες

https://t.co/zIW743m75J"
1,0.8965057,Positive,,,,,,0.21822515,"Με στόχο να χρηματοδοτήσει επενδύσεις σε πράσινη ενέργεια, βιώσιμα κτήρια και συστήματα που δημιουργούν μια «έξυπνη» ενεργειακή πόλη στο Ελληνικό ξεκινάει αύριο Τετάρτη 6 Ιουλίου η δημόσια προσφορά για το επταετές «πράσινο» ομόλογο της Lamda Development

https://t.co/5xnBSVJ2a2 https://t.co/G2bhkE80bn"
0,0.113738425,Negative,,,,,,0.14253078,Φινλανδία: Μπαταρία άμμου αποθηκεύει πράσινη ενέργεια για μήνες – Πιθανή λύση στην ενεργειακή κρίση ... https://t.co/uULSY3xvy8
1,0.81251365,Positive,,,,,,0.20306249,"Μη βιώσιμο πλέον το all-inclusive για τον τουρισμό στην Τουρκία

https://t.co/eZYW1lL0M1

#Τουρκια  #allinclusive #τουρισμός #τουρίστες #ξενοδοχεία #οικονομία #πληθωρισμός #businessnews #biznews #biznewsgr"
0,0.20751277,Negative,,,,,,0.18086691,Attica Bank: Στόχος η λειτουργική κερδοφορία με περιβαλλοντικά βιώσιμη και κοινωνικά υπεύθυνη ανάπτυξη - https://t.co/td0fp9pdzb https://t.co/15YJpI9a2y
0,0.12305672,Negative,,,,,,0.11807189,"Ο πιο αδικημένος ήταν ο βαλλαντης χάλασε η εικόνα του επαιτείας μιας αδυναμίας που χε και φυσικό είναι όταν συγκατοικείς μα άτομα σε τετιο περιβάλλον και το ειρωνικό αυτό που πε το πε κ η σταυρουλα 
 #survivorGR"
0,0.23141097,Negative,,,,,,0.18743062,Τρίτη παραίτηση από το στενό περιβάλλον του Τζόνσον: Παραιτήθηκε ο αντιπρόεδρος των Συντηρητικών Μπιμ Αφολάμι - mononews #mononewsGR https://t.co/OwcFzJEbCx
0,0.17781566,Negative,,,,,,0.1426021,[Κλικ και διαβάστε στο mononews]Τρίτη παραίτηση από το στενό περιβάλλον του  #Τζόνσον: Παραιτήθηκε ο  #Αντιπρόεδρος των Συντηρητικών Μπιμ Αφολά https://t.co/82ZrpcF898
1,0.8692993,Positive,,,,,,0.15725073,"“Φύση πάσχουσα / Naturapatiens”  – “Νέοι καλλιτέχνες &amp; Κλιματική αλλαγή” , Ομαδικές εκθέσεις και εικαστικό workshop https://t.co/XtrT9FtMJv"
1,0.8966424,Positive,,,,,,0.21886307,"Στο τέλος του 2022 το 50% της ζήτησης ηλεκτρικής ενέργειας στην Ελλάδα θα καλύπτεται από Ανανεώσιμες Πηγές Ενέργειας, ανέφερε ο υπουργός Περιβάλλοντος και Ενέργειας @KostasSkrekas μιλώντας σήμερα στο συνέδριο του #Εconomist

https://t.co/Uj0jDPzzVn https://t.co/FH38zfDFx5"
1,0.8183289,Positive,,,,,,0.21593605,RT @LykavitosGr: Έρευνα: Η Κλιματική Αλλαγή θα αυξήσει τα επόμενα χρόνια τις δασικές πυρκαγιές παγκοσμίως  #έρευνα #κλιματική_αλλαγή #πυρκα…
1,0.8495372,Positive,,,,,,0.19053808,RT @LykavitosGr: Έρευνα: Η Κλιματική Αλλαγή θα αυξήσει τα επόμενα χρόνια τις δασικές πυρκαγιές παγκοσμίως  #έρευνα #κλιματική_αλλαγή #πυρκα…
1,0.50502324,Positive,,,,,,0.23287883,Attica Bank: Στόχος η λειτουργική κερδοφορία και η βιώσιμη ανάπτυξη https://t.co/4P0Fa7wwZG #businessnewsgr
1,0.8800878,Positive,,,,,,0.15563096,Έρευνα: Τι πιστεύουν οι Έλληνες για την κλιματική αλλαγή - https://t.co/3ghhbhCPqB https://t.co/ROyFxB86ae
0,0.23952354,Negative,,,,,,0.1405149,ΓΕΩΡΓΙΟΣ ΠΟΛΥΜΕΡΗΣ: Ο ΑΝΘΡΩΠΟΣ ΚΑΙ ΤΟ ΠΕΡΙΒΑΛΛΟΝ ΣΤΗΝ ΕΛΛΗΝΩΝ ΠΟΛΙΤΕΙΑ https://t.co/bAp9nVWZWN
0,0.330302,Negative,,,,,,0.25906333,Οι πυροσβεστικές δυνάμεις περιόρισαν τη φωτιά στην περιοχή Ζωφράφου - https://t.co/tHGVwSMOl6 #Αθήνα #πυροσβεστική #φωτιά #Οικολογία-ΚλιματικήΑλλαγή #Περιβάλλον
0,0.41522354,Negative,,,,,,0.23066555,Η L’Oréal Hellas ενισχύει τις δεσμεύσεις της για βιώσιμη ανάπτυξη https://t.co/OEFTroJ26J
0,0.21237627,Negative,,,,,,0.11091279,Ο ΑΝΘΡΩΠΟΣ ΚΑΙ ΤΟ ΠΕΡΙΒΑΛΛΟΝ ΣΤΗΝ ΕΛΛΗΝΩΝ ΠΟΛΙΤΕΙΑ https://t.co/G02W7De2Zm
0,0.13894089,Negative,,,,,,0.105673514,Κλιματική αλλαγή: Η KLM πρώτη αεροπορική εταιρεία που δέχεται μήνυση για greenwashing – Ειδήσεις – νέα – Το Βήμα Online https://t.co/bTTWcurHjP
0,0.04699018,Negative,,,,,,0.08498424,"Με αφορμή την  ανάληψη των νέων καθηκόντων του ο εισαγγελέας του Αρείου Πάγου, Ισίδωρος Ντογιάκος, σε δήλωση του, αναφέρει  ότι «αναλαμβάνει την διεύθυνση της Εισαγγελίας του Αρείου Πάγου μέσα σε ένα δύσκολο, από κάθε πλευρά περιβάλλον»
https://t.co/UVZeDPKvdy"
0,0.29591835,Negative,,,,,,0.23606543,"RT @NAppelaios: Πρέπει να τονιστεί ότι, όταν εκδηλώθηκε η εισβολή του Αττίλα, οι αξιωματικοί και οι άνδρες της ΕΛΔΥΚ ζούσαν σε εχθρικό περι…"
0,0.056303903,Negative,,,,,,0.08629895,"RT @LykavitosGr: Ισίδωρος Ντογιάκος: «Αναλαμβάνω μέσα σε ένα δύσκολο, από κάθε πλευρά, περιβάλλον»  #Ισίδωρος_Ντογιάκος #Άρειος_Πάγος #καθή…"
0,0.07434684,Negative,,,,,,0.13154648,"RT @LykavitosGr: Ισίδωρος Ντογιάκος: «Αναλαμβάνω μέσα σε ένα δύσκολο, από κάθε πλευρά, περιβάλλον»  #Ισίδωρος_Ντογιάκος #Άρειος_Πάγος #καθή…"
0,0.06864939,Negative,,,,,,0.08756956,"[Κλικ και διαβάστε στο iefimerida] #Ντογιάκος: Αναλαμβάνω σε ένα δύσκολο, από κάθε πλευρά, περιβάλλον -Ο θεσμός της  #Δικαιοσύνης είναι ακατάλυ https://t.co/JLDWYJGemS"
0,0.09862686,Negative,,,,,,0.15715572,"Με αφορμή την  ανάληψη των νέων καθηκόντων του ο εισαγγελέας του Αρείου Πάγου, Ισίδωρος Ντογιάκος, σε δήλωση του, αναφέρει  ότι «αναλαμβάνει την διεύθυνση της Εισαγγελίας του Αρείου Πάγου μέσα σε ένα δύσκολο, από κάθε πλευρά περιβάλλον» και προσθέτει 

https://t.co/HN0jlLcEl4"
0,0.04350312,Negative,,,,,,0.06482191,"Άρειος Πάγος – Ντογιάκος: «Αναλαμβάνω μέσα σε ένα δύσκολο, από κάθε πλευρά, περιβάλλον» ... https://t.co/AToLz3uNY4"
0,0.056554493,Negative,,,,,,0.07326909,"Εισαγγελέας Α.Π. Ισίδωρος Ντογιάκος: Αναλαμβάνω μέσα σε ένα δύσκολο, από κάθε πλευρά περιβάλλον

https://t.co/X8wPusMJs9 https://t.co/j3eiqZDejK"
1,0.80934036,Positive,,,,,,0.18158267,«Ο λαγοκέφαλος και τοξικά είδη ψαριών απειλούν την αλιεία και το θαλάσσιο περιβάλλον στο Αιγαίο» #Δημοκρατική #Ρόδος #Δωδεκάνησα https://t.co/QiNkPQ3DL8
1,0.899186,Positive,,,,,,0.12645827,Το Public Group αναλαμβάνει δράση για έναν βιώσιμο πλανήτη με το πρόγραμμα Love Earth - mononews #mononewsGR https://t.co/fziVGCKmMw
1,0.58779955,Positive,,,,,,0.26700738,Κλιματική κρίση: Ο φετινός Ιούνιος ήταν ο τρίτος πιο θερμός παγκοσμίως από το 1981 - LarissaPress https://t.co/e96ezkEwrb
0,0.41676083,Negative,,,,,,0.14325313,ΚΛΙΜΑΤΙΚΗ ΑΛΛΑΓΗ ...MY ASS... https://t.co/0z1P7Cee3w
0,0.28825817,Negative,,,,,,0.18782651,"Σαχίνης (ΕΥΔΑΠ): Επενδύσεις 1,6 δισ. ευρώ σε έργα για το περιβάλλον και την κοινωνία https://t.co/xRF5oldqsC #businessnewsgr"
0,0.40338734,Negative,,,,,,0.20000932,"Χάρης Σαχίνης (ΕΥΔΑΠ): Επενδύσεις 1,6 δισ. σε έργα για το περιβάλλον και την κοινωνία - mononews #mononewsGR https://t.co/ueEpYOSiyV"
1,0.5843261,Positive,,,,,,0.25351575,e-Newsletter ΕΒΕΠ: «Έντονη δραστηριότητα στον ενεργειακό και τουριστικό τομέα σε πληθωριστικό περιβάλλον» https://t.co/cxbu2BB87y
0,0.4079106,Negative,,,,,,0.19435018,"Χ. Σαχίνης: Επενδύσεις 1,6 δισ. από την ΕΥΔΑΠ σε έργα για το περιβάλλον και την κοινωνία https://t.co/amtWM703ik"
0,0.06455022,Negative,,,,,,0.097538285,"Πως βλέπουν οι μεγάλοι επιχειρηματικοί όμιλοι τις αυτονόητες υποχρεώσεις τους για το περιβάλλον, την πολιτική διαφάνειας, την υπεύθυνη διακυβέρνηση; 

https://t.co/NxFUi0kBrw"
1,0.53704506,Positive,,,,,,0.3077696,[Κλικ και διαβάστε στο thecaller]Xρ.  #Στυλιανίδης: Η κλιματική κρίση δεν αντιμετωπίζεται με αυτοσχεδιασμούς https://t.co/D6Otz0gmw8
1,0.8369682,Positive,,,,,,0.18685615,Με σεβασμό στο περιβάλλον η εκτός έδρας εμφάνιση του Αστέρα για τη νέα σεζόν https://t.co/9CcbBHchsi
0,0.3435133,Negative,,,,,,0.2818032,[https://t.co/bDHZLmoC6L] #Στυλιανίδης: Η κλιματική κρίση είναι εδώ - Χρειαζόμαστε τα  #Επιστήμονικά δεδομένα https://t.co/6JoShYj3yE
0,0.08141285,Negative,,,,,,0.12479958,Κλιματική αλλαγή – «Εφιαλτική» πρόγνωση για την Ελλάδα: Μέχρι και 5 βαθμούς Κελσίου πάνω η θερμοκρασία έως το τέλος του αιώνα ... https://t.co/yiLvHJVDkI
0,0.29277104,Negative,,,,,,0.30195335,Κλιματική αλλαγή: Έως 5 βαθμούς θα ανέβει η θερμοκρασία στην Ελλάδα μέσα σε 80 χρόνια - https://t.co/DwvjBnuQFi https://t.co/PxWf0ylm3o
0,0.18948925,Negative,,,,,,0.20924193,"[Κλικ και διαβάστε στο thetoc]Η κλιματική  #Αλλαγή ""χτυπά"" την  #Ελλάδα: Έως 5 βαθμούς θα αυξηθεί η θερμοκρασία μέχρι το τέλος του αιώνα https://t.co/Ip6V52yqKX"
0,0.4099676,Negative,,,,,,0.27636537,"Χρ. Στυλιανίδης: Η κλιματική κρίση είναι εδώ - Χρειαζόμαστε τα επιστημονικά δεδομένα και την επιστημονική τεκμηρίωση, όχι τον εμπειρισμό https://t.co/CISfJ4xaPP"
1,0.63324267,Positive,,,,,,0.24332298,RT @godelitsas: οριστε η λυση στην κλιματικη κριση ----&gt; a full-scale nuclear war would cool the planet https://t.co/nojDR8zFiJ
0,0.41747987,Negative,,,,,,0.21703012,Ο Στυλιανίδης ανακάλυψε ότι η… κλιματική κρίση είναι εδώ! https://t.co/UymSlIugvU #newsbreak
0,0.27616388,Negative,,,,,,0.13219847,ΕΚΤ: Η κλιματική αλλαγή απειλεί τις τράπεζες https://t.co/snUbNjicod
0,0.37293252,Negative,,,,,,0.27384636,".@StylianidesEU: Η κλιματική κρίση είναι εδώ - Χρειαζόμαστε τα επιστημονικά δεδομένα και την επιστημονική τεκμηρίωση και όχι τον εμπειρισμό και τον αυτοσχεδιασμό

https://t.co/IxtnWuDGBP https://t.co/HPPs0L7oK3"
1,0.8474026,Positive,,,,,,0.14500567,"Δράσεις στην Τσαριτσάνη για το περιβάλλον,τον πολιτισμό και τον αθλητισμό - LarissaPress https://t.co/6bsW2yp1Iq"
0,0.25990018,Negative,,,,,,0.26120725,Οι ασθενείς διεκδικούν ένα δίκαιο και πολιτικά βιώσιμο σύστημα υγείας - Τι δείχνει η μελέτη PHSSR - https://t.co/rOEMnTUH9r https://t.co/IQgDMJSGbS
0,0.22887594,Negative,,,,,,0.1791067,Η πύρινη λαίλαπα συνεχίζεται: Φωτιά στους Άγιους Θεοδώρους - https://t.co/P917Bt2ihY #κλιματικήαλλαγή #φωτιά #Οικολογία-ΚλιματικήΑλλαγή #Περιβάλλον
0,0.12489948,Negative,,,,,,0.11840745,Η διατροφή που προλαμβάνει τον πρόωρο θάνατο και σώζει το περιβάλλον https://t.co/ak4fFSuRrg
0,0.27793455,Negative,,,,,,0.23749126,Ευρώπη - Κλιματική Αλλαγή: Προειδοποίηση για καλοκαίρι φωτιάς και στάχτης https://t.co/dg31C2Ggbx
0,0.39899218,Negative,,,,,,0.24414158,"[Κλικ και διαβάστε στο NewsIt]Χάρης Σαχίνης της  #ΕΥΔΑΠ από το  #ECONOMIST: Επενδύσεις 1,6 δισ.ευρώ σε έργα για το περιβάλλον και την κοινωνία https://t.co/hPMtcoA0dv"
0,0.4168107,Negative,,,,,,0.18713357,"Επενδύσεις 1,6 δισ. από την ΕΥΔΑΠ σε έργα για το περιβάλλον και την κοινωνία https://t.co/dbeM0LLerh"
0,0.41073906,Negative,,,,,,0.252655,Κλιματική αλλαγή: Η ΕΕ προειδοποιεί για καλοκαίρι φωτιάς και στάχτης #Δημοκρατική #Ρόδος #Δωδεκάνησα https://t.co/BYTOeSb1ai
0,0.30868226,Negative,,,,,,0.18227015,RT @Moneypressgr: ΕΚΤ: Η κλιματική αλλαγή απειλεί τις τράπεζες  #moneypress https://t.co/hALj0DVtCT
0,0.30230784,Negative,,,,,,0.19223389,ΕΚΤ: Η κλιματική αλλαγή απειλεί τις τράπεζες  #moneypress https://t.co/hALj0DVtCT
0,0.2036932,Negative,,,,,,0.22060284,Κλιματική Αλλαγή: Πόσο αναμένεται να αυξηθεί η θερμοκρασία στην Ελλάδα έως το τέλος του αιώνα – «Εφιαλτική» πρόγνωση https://t.co/7Nqc8h7qz6
0,0.26220706,Negative,,,,,,0.1367283,Η Βασιλική του Αγίου Λεωνίδη στο λιμάνι Λεχαίου και το Περιβάλλον της - Πελοποννησιακό Πρακτορείο Ειδήσεων https://t.co/nZiLL4M7j3
0,0.09359339,Negative,,,,,,0.14712165,"Σαψής: Η κλιματική κρίση θα επηρεάσει την τροφή και το νερό μας, αλλά και ζητήματα γεωστρατηγικής - https://t.co/WI1BFBaRAG https://t.co/rfMIrgHPaC"
0,0.49947876,Negative,,,,,,0.34222692,"Το Dubrovnik Forum έχει άλλη μία ιδιαίτερα ενδιαφέρουσα διάσταση, την περιβαλλοντική διάσταση. Η προσπάθεια να προστατεύσουμε το περιβάλλον &amp; ιδιαίτερα τη Μεσόγειο. Τη θάλασσα που μας περιβάλλει όλους, τη θάλασσα που αποτελεί το ιδιαίτερο χαρακτηριστικό τηςhttps://t.co/5ahRbn2noK https://t.co/iwn7O0FmOW"
1,0.60025907,Positive,,,,,,0.38212904,"Σε πραγματικό περιβάλλον αναμένεται να προσφέρουν τις γνώσεις τους Έλληνες φοιτητές, στο πλαίσιο ευρωπαϊκού έργου που θα πάρει σάρκα και οστά σε περιοχή των Αγράφων της Περιφερειακής Ενότητας Καρδίτσας.

https://t.co/Lxvkn6Mywc"
0,0.17326349,Negative,,,,,,0.18718888,"Η βιωσιμότητα αφορά τις μελλοντικές γενιές, γι’ αυτό καλό είναι να προβληματιστούμε πως τις ανατρέφουμε. Πρέπει να σταματήσουμε να τους λέμε ότι η κλιματική αλλαγή θα καταστρέψει τον κόσμο τους. 

https://t.co/ol75Ot5qMO"
1,0.74446833,Positive,,,,,,0.24903034,"Κραυγή με χρώματα , από 50 νέους καλλιτέχνες, για την Κλιματική κρίση , σε έκθεση στο Αργοστόλι (1) https://t.co/Ba0N60lPYb"
1,0.77801394,Positive,,,,,,0.24206457,"Διχάζει απόφαση του Ευρωκοινοβουλίου για ""πράσινη"" ετικέτα στην πυρηνική ενέργεια - LarissaPress https://t.co/hOxPeoWW32"
1,0.58714384,Positive,,,,,,0.2743974,Σπάνιο «χρυσό τσακάλι» εμφανίστηκε στην λίμνη Κάρλα https://t.co/gLTCTMRGme
0,0.11593852,Negative,,,,,,0.10821646,"Εξαντλημένος, αλλά σε πλήρη επαφή με το περιβάλλον ήταν μετά την περιπέτεια επί 19 ώρες στη θάλασσα ο 30χρονος από τη Βόρεια Μακεδονία, ο οποίος παρασύρθηκε χθες το απόγευμα από τα κύματα στο Ποσείδι Χαλκιδικής.

https://t.co/Pal7ckOftX https://t.co/HuVF84i1NJ"
1,0.7244123,Positive,,,,,,0.24758255,RT @tgportalblog: T.G.    Γερμανία:Πρωτόγνωρες εικόνες–  Ουρές στα συσσίτια  τροφίμων https://t.co/qav6nqusDo #ΝΤΠ #νεα_ταξη #ΕΕ #ακριβεια…
1,0.54634446,Positive,,,,,,0.24731255,"Μαρούσι: Σημαντική καταγγελία για παράνομη κοπή δέντρων και συγκάλυψη από τις αρχές
#Μαρουσι #περιβαλλον #οικολογια #δέντρα #πρασινο #καταγγελια #mynewsgr 

https://t.co/6DqqNL9aWv"
0,0.11265902,Negative,,,,,,0.09923326,"Εξαντλημένος, αλλά σε πλήρη επαφή με το περιβάλλον ήταν μετά την περιπέτεια επί 19 ώρες στη θάλασσα ο 30χρονος από τη Βόρεια Μακεδονία, ο οποίος παρασύρθηκε χθες το απόγευμα από τα κύματα στο Ποσείδι Χαλκιδικής.
Ο

https://t.co/Pal7ckOftX"
0,0.4329829,Negative,,,,,,0.26813275,Β.Πούτιν για Δυτική υποκρισία-“Μιλάνε για πράσινη ενέργεια αλλά καίνε περισσότερο άνθρακα”https://t.co/vHI1nfTOMV
0,0.10538577,Negative,,,,,,0.10519321,"«Πράσινο» ΞΕΦΤΙΛΙΣΜΑ από Πούτιν: «Οι Δυτικοί κάνουν πολύ θόρυβο για το περιβάλλον ΑΛΛΑ καίνε περισσότερο άνθρακα από εμάς», vid 
https://t.co/CtpwurLMkf"
0,0.40371934,Negative,,,,,,0.23082413,[Κλικ και διαβάστε στο protagon]Κρούσμα κορονοϊού στο περιβάλλον της  #Προέδρου της Δημοκρατίας – ανεβλήθη η επίσκεψή της στη  #Βιέννη https://t.co/yeTKsFWp9c
0,0.14203623,Negative,,,,,,0.18532135,Τα απολογιστικά στοιχεία για τη φετινή σχολική χρονιά δημοσιοποίησε το Κέντρο Εκπαίδευσης για το Περιβάλλον και την Αειφορία (ΚΕΠΕΑ) Βάμου. https://t.co/9C3n4c8R20
1,0.58255595,Positive,,,,,,0.28170523,Google: Δίνει 30 εκατ. δολάρια στη «μάχη» με την κλιματική αλλαγή https://t.co/21Dj0tUJ9w
1,0.8471179,Positive,,,,,,0.1759519,"800.000 δέντρα και θάμνοι και 78.000 τ.μ. χλοοτάπητα, αποδεικνύουν ότι ο αυτοκινητόδρομος συνυπάρχει σε απόλυτη αρμονία με το περιβάλλον. https://t.co/uGizJBsxP7"
0,0.11988892,Negative,,,,,,0.09924716,"RT @LykavitosGr: Ακραίος καύσωνας σαρώνει Ισπανία και Πορτογαλία – Απειλεί με 40αρια Γαλλία και Βρετανία, τι θα γίνει στην Ελλάδα  #καύσωνα…"
0,0.13082524,Negative,,,,,,0.11730782,"RT @LykavitosGr: Ακραίος καύσωνας σαρώνει Ισπανία και Πορτογαλία – Απειλεί με 40αρια Γαλλία και Βρετανία, τι θα γίνει στην Ελλάδα  #καύσωνα…"
1,0.74437815,Positive,,,,,,0.25766537,Google: Πρόγραμμα 30 εκατ. ευρώ για τολμηρές ιδέες για την προώθηση δράσεων ενάντια στην κλιματική αλλαγή - mononews #mononewsGR https://t.co/oZHInFyclV
0,0.16412975,Negative,,,,,,0.1384855,ΤΙΝΑΦΤΟΡΕ??....ΟΥΤΕ ΛΕΠΤΟ ΔΕΝ ΜΠΟΡΕΙΣ ΝΑ ΚΑΤΣΕΙΣ ΣΤΟΝ ΗΛΙΟ...ΦΤΑΙΕΙ Η ΚΛΙΜΑΤΙΚΗ ΑΛΛΑΓΗ ΠΟΥ Ο ΜΗΤΣΟΣ ΕΓΙΝΕ ΑΡΑΠΗΣ..... https://t.co/twvnnLiBqZ
0,0.4315019,Negative,,,,,,0.1977822,Premia Properties: Στις εταιρίες με το καλύτερο εργασιακό περιβάλλον https://t.co/8bE72Q9nD0 #businessnewsgr
1,0.9224906,Positive,,,,,,0.113110036,Ανανεώσιμες Πηγές Ενέργειας: Το νέο Χωροταξικό για τα αιολικά πάρκα – Ολο το σχέδιο #Δημοκρατική #Ρόδος #Δωδεκάνησα https://t.co/30pNB64msv
0,0.32735255,Negative,,,,,,0.201129,Σπάνιο χρυσό τσακάλι εμφανίστηκε στη λίμνη Κάρλα https://t.co/vsfCV3tE0T #ΑΡΘΡΑ #ΛΑΡΙΣΑ #ΛΙΜΝΗΚΑΡΛΑ #ΠΕΡΙΒΑΛΛΟΝ By https://t.co/p9zfHy5mYe
0,0.40463787,Negative,,,,,,0.29099438,Google: Αναζητά ιδέες για δράσεις ενάντια στην κλιματική αλλαγή - https://t.co/uRWN4XT5Gf https://t.co/yEUjqRYDP4
0,0.285873,Negative,,,,,,0.16415924,Αμπελουργία Ραψάνης: Προοπτικές για Βιώσιμη Ανάπτυξη https://t.co/oXwJhzl5z5
0,0.48716015,Negative,,,,,,0.28520942,Google: Δίνει 30 εκατ. δολάρια στη «μάχη» με την κλιματική αλλαγή https://t.co/f9rDGWRbY8
1,0.82971185,Positive,,,,,,0.2153281,"Νέο, πιο βιώσιμο μοντέλο αγορών από τα Public https://t.co/qg1HHj2Pmu"
1,0.6358274,Positive,,,,,,0.27558827,"Τα τελευταία 10 χρόνια η ραγδαία τεχνολογική ανάπτυξη έχει διαμορφώσει ένα εντελώς διαφορετικό επιχειρηματικό περιβάλλον, από αυτό που γνωρίζαμε.

https://t.co/5PoH0OTO9R https://t.co/bbQidF88xj"
0,0.39909905,Negative,,,,,,0.26943335,Google: Πρόγραμμα 30 εκατ. ευρώ για τη χρηματοδότηση «πράσινων» πρότζεκτ https://t.co/5cE2w8AbYy #ΔΙΑΔΙΚΤΥΟ #ΠΕΡΙΒΑΛΛΟΝ https://t.co/oYg75T5qDM
1,0.8503322,Positive,,,,,,0.17721036,"Νέο, πιο βιώσιμο μοντέλο αγορών από τα Public https://t.co/SrriuPSEDF"
1,0.6287358,Positive,,,,,,0.26147345,Στο Ζαρό του Δήμου Φαιστού διοργανώθηκε το 3ο Θερινό Σχολείο για την αειφορία… https://t.co/GCIwmlm4nI
0,0.0431209,Negative,,,,,,0.047867093,WWF: Απαράδεκτο νομοσχέδιο για το περιβάλλον από το ΥΠΕΝ - Πελοποννησιακό Πρακτορείο Ειδήσεων https://t.co/mXxDi4tgDE
0,0.3783278,Negative,,,,,,0.16855913,"ΣΠΑΠ: Εθελοντικό Πότισμα στο Πεντελικό, σε συνεργασία με το «Όλοι Μαζί Μπορούμε και στο Περιβάλλον» https://t.co/Ctat1EeqVf"
0,0.03152345,Negative,,,,,,0.07677961,WWF: Το υπουργείο βγάζει σε προσχηματική διαβούλευση απαράδεκτο νομοσχέδιο για το περιβάλλον https://t.co/iGqIehHB3k
1,0.863641,Positive,,,,,,0.11832292,"Λ. Αβραμάκης: «Συνεχίζει τα περιβαλλοντικά εγκλήματα η κυβέρνηση της ΝΔ απειλώντας ακόμα περισσότερο τις προστατευόμενες περιοχές» 
#Αβραμάκης #ΣΥΡΙΖΑ #Σέρρες #περιβάλλον #Serres
https://t.co/lPQ5p0eWNt"
1,0.84075063,Positive,,,,,,0.179749,Η πορεία προς τη Βιώσιμη Ανάπτυξη μέσω της υλοποίησης των 17 Στόχων Βιώσιμης Ανάπτυξης της Ατζέντας 2030 των Ηνωμένων Εθνών (SDGs) είναι πλέον https://t.co/d5ofA05Duy https://t.co/bXp2WRAl4N
1,0.93542296,Positive,,,,,,0.10294978,"Σε μεγάλο βάθος πρέπει να σκάψει κάποιος στον Άρη προκειμένου να βρει πιθανά ίχνη ζωής, αποφαίνονται οι ειδικοί.

Ο λόγος είναι ότι η Αρειανή επιφάνεια βομβαρδίζεται ανηλεώς από την κοσμική ακτινοβολία για αμέτρητα χρόνια, δημιουργώντας ένα περιβάλλον

https://t.co/V5FQqdsBYH https://t.co/Z7ALdMFVq6"
0,0.42061272,Negative,,,,,,0.27722502,"⭕ Η κλιματική αλλαγή βάζει ""φωτιά"" στην Ευρώπη https://t.co/XL7db0FFHZ"
0,0.2630839,Negative,,,,,,0.17474903,Ρέθυμνο: SOS από το Γεωπάρκο του Ψηλορείτη για την ανεξέλεγκτη ρίψη σκουπιδιών στο περιβάλλον https://t.co/YKAgcQaqjo
1,0.8377806,Positive,,,,,,0.21836457,"Η αύξηση των φαινομένων οφείλεται στην κλιματική αλλαγή, σύμφωνα με τους επιστήμονες
#alphanewslive
https://t.co/P2CgzI7fuv"
0,0.49431062,Negative,,,,,,0.2566806,"Γεωργιάδης: Εάν η Ελλάδα εισέλθει μετά τις εκλογές σε πολιτική περιπέτεια, θα βλάψει το επενδυτικό περιβάλλον https://t.co/g5ryl5ZETV"
1,0.9241368,Positive,,,,,,0.114525974,Νέο βραβείο και διάκριση για το Περιβάλλον απέσπασε ο Δήμος Ιλίου https://t.co/Vnzqs4gNq5 https://t.co/MxFXV9VZYr
1,0.89864486,Positive,,,,,,0.14936844,Αττική: Πορτοκαλί συναγερμός για φωτιές την Πέμπτη https://t.co/F1fRsjs7sz
1,0.8371781,Positive,,,,,,0.20784965,Οικονόμου: Οι εθνικές μας πολιτικές είναι τέτοιες που δημιουργούν ένα περιβάλλον ενεργειακής σταθερότητας - mononews #mononewsGR https://t.co/gpPFYUSEpN
1,0.52174515,Positive,,,,,,0.26290566,"Πρωτοπόρος ο Δήμος Βισαλτίας στην πρόληψη και έγκαιρη αντιμετώπιση των επιπτώσεων της κλιματικής αλλαγής με την εγκατάσταση του συστήματος active ptt weather 
#Δήμος_Βισαλτίας #κλιματική_αλλαγή #περιβάλλον #Serres
https://t.co/K2impvuzah"
0,0.19511712,Negative,,,,,,0.20022586,RT @Moneypressgr: Οικονόμου: Οι πολιτικές που ακολουθούμε δημιουργούν περιβάλλον ενεργειακής στα...  #moneypress https://t.co/6wA53Yfscx ht…
0,0.2480791,Negative,,,,,,0.21835786,Οικονόμου: Οι πολιτικές που ακολουθούμε δημιουργούν περιβάλλον ενεργειακής στα...  #moneypress https://t.co/6wA53Yfscx https://t.co/lidlZpRYqq
1,0.8906043,Positive,,,,,,0.15790744,Οικονόμου: Οι εθνικές μας πολιτικές είναι τέτοιες που δημιουργούν ένα περιβάλλον ενεργειακής σταθερότητας ... https://t.co/BRiBIFJJfq
1,0.8916441,Positive,,,,,,0.15526466,".@joikonomou: Οι εθνικές μας πολιτικές είναι τέτοιες που δημιουργούν ένα περιβάλλον ενεργειακής σταθερότητας

https://t.co/n8XMhRU3sI https://t.co/OqoxLKuyMb"
1,0.89388496,Positive,,,,,,0.18801703,"Ο κ. Κικίλιας αναφέρθηκε στον μεγάλο στόχο της επιμήκυνσης της τουριστικής περιόδου και τους δώδεκα μήνες τον χρόνο, προαναγγέλλοντας μάλιστα ότι η επόμενη καμπάνια για τον βιώσιμο τουρισμό -που αποτελεί, όπως επισήμανε, τη νέα ισχυρή τάση στο τουριστικό… https://t.co/ZXz2D1AR6F"
0,0.46458092,Negative,,,,,,0.31939593,Βασιλικά: Η Ανακοίνωση της Κοινότητας για τις εργασίες που πραγματοποιήθηκαν στα Κοιμητήρια τις προηγούμενες ημέρες https://t.co/qUriSKLfqp #ΒΑΣΙΛΙΚΑ #ΚΑΘΑΡΙΟΤΗΤΑ #ΠΕΡΙΒΑΛΛΟΝ https://t.co/F1NVWXOI3s
0,0.078247495,Negative,,,,,,0.104138866,RT @CostasKadis: Ο Υπουργός Περιβάλλοντος της #Ukraine παρουσιάζει στο Συμβούλιο Υπουργών Περιβάλλοντος της #EU τις επιπτώσεις της Ρωσικής…
0,0.43850532,Negative,,,,,,0.24419272,Κυκλάδες: Πράξη γίνεται η βιώσιμη αλιεία σε Ανδρο και Κύθνο https://t.co/D2gsUDHXIb
1,0.67722595,Positive,,,,,,0.18435802,Το Περιφερειακό Σχέδιο για την Προσαρμογή στην κλιματική αλλαγή της ΠΝΑι (ΠεΣΠΚΑ) #Δημοκρατική #Ρόδος #Δωδεκάνησα https://t.co/dDgINTU7MU
1,0.9435097,Positive,,,,,,0.08592637,"Όμιλος ΟΤΕ: Δέσμευση για έναν πιο βιώσιμο κόσμο, καλύτερο για όλους https://t.co/0tW6BKAIsJ #greece #Πολεμος_στην_Ουκρανια #πανδημια #πολιτικη #survivorGR"
1,0.87485635,Positive,,,,,,0.16844952,"Όμιλος ΟΤΕ: Δέσμευση για έναν πιο βιώσιμο κόσμο, καλύτερο για όλους https://t.co/tMxt1sPYcq"
1,0.72298926,Positive,,,,,,0.19959968,Η Έλενα Κουντουρά ομιλήτρια-συντονίστρια της συζήτησης για τον βιώσιμο τουρισμό στο Asian Leadership Conference-2022 https://t.co/b132S1I6Nk #ΕΛΕΝΑΚΟΥΝΤΟΥΡΑ
1,0.816161,Positive,,,,,,0.21358694,"Όμιλος ΟΤΕ: Δέσμευση για έναν πιο βιώσιμο κόσμο, καλύτερο για όλους - mononews #mononewsGR https://t.co/0RT09WbAo1"
1,0.7032165,Positive,,,,,,0.30498195,"Τι σας προσφέρει μεγαλύτερη ευχαρίστηση στις καλοκαιρινές διακοπές; Αρχίζω εγώ παρουσιάζοντας κλιμακωτά:
Το φαγητό,το οικιστικό περιβάλλον,τα πολιτιστικά κάθε είδους( μουσεία, χώροι τέχνης,μνημεία, εκδηλώσεις),οι παραλίες"
1,0.6566527,Positive,,,,,,0.27443442,Δήμος Καισαριανής: «Υμηττός: Πρόγραμμα Κλιματική Αλλαγή στα σχολεία» https://t.co/ucvsQo4cZV
0,0.43113282,Negative,,,,,,0.23659909,WWF: Η βιώσιμη αλιεία γίνεται πράξη σε Άνδρο και Κύθνο https://t.co/6fNLXsfoY7
1,0.850453,Positive,,,,,,0.15703626,TITAN: Νέο βιώσιμο σκυρόδεμα- Το ANTAEUS είναι 100% ανακυκλώσιμο δομικό υλικό - mononews #mononewsGR https://t.co/jIeQW3uofQ
1,0.9224226,Positive,,,,,,0.12094405,"[Κλικ και διαβάστε στο mononews]Όμιλος ΟΤΕ: Δέσμευση για έναν πιο βιώσιμο κόσμο, καλύτερο για όλους https://t.co/yl6G8RqT2f"
1,0.8648715,Positive,,,,,,0.18504533,Οικονόμου: Οι εθνικές μας πολιτικές δημιουργούν περιβάλλον ενεργειακής σταθερότητας https://t.co/fNHTJ6nfNK
1,0.85260504,Positive,,,,,,0.21200152,"RT @LykavitosGr: Όμιλος ΟΤΕ: Δέσμευση για έναν πιο βιώσιμο κόσμο, καλύτερο για όλους  #ote #ESG #Μιχάλης_Τσαμάζ https://t.co/YUqNdd0nsC"
1,0.87794995,Positive,,,,,,0.17278631,"RT @LykavitosGr: Όμιλος ΟΤΕ: Δέσμευση για έναν πιο βιώσιμο κόσμο, καλύτερο για όλους  #ote #ESG #Μιχάλης_Τσαμάζ https://t.co/YUqNdd0nsC"
1,0.9036212,Positive,,,,,,0.13576384,"RT @Moneypressgr: Όμιλος ΟΤΕ: Δέσμευση για έναν πιο βιώσιμο κόσμο, καλύτερο για όλους  #moneypress https://t.co/MGWww0tV7J https://t.co/B6K…"
1,0.87013435,Positive,,,,,,0.19132878,"Όμιλος ΟΤΕ: Δέσμευση για έναν πιο βιώσιμο κόσμο, καλύτερο για όλους  #moneypress https://t.co/MGWww0tV7J https://t.co/B6KHto8dOV"
0,0.16653988,Negative,,,,,,0.14061788,"Καθηλωμένος 4 χρόνια, χωρίς επαφή με το περιβάλλον: Δίχως τέλος ο Γολγοθάς 15χρονου μαθητή από χτύπημα κεραυνού https://t.co/xUe9YOl5SB https://t.co/ucsaovQ0GQ"
1,0.7948858,Positive,,,,,,0.1943767,Κιλκίς: Εντοπίστηκε νέο είδους φυτού για πρώτη φορά στη Γουμένισσα https://t.co/aKEU9dRnJa #ΑΡΘΡΑ #ΚΙΛΚΙΣ #ΝΕΟΕΙΔΟΣ #ΠΕΡΙΒΑΛΛΟΝ #ΦΥΤΟ By https://t.co/p9zfHy5mYe https://t.co/Gw56qBFwOA
1,0.58470136,Positive,,,,,,0.27076548,Τσίπρας: Μια ακόμα παρέμβαση σας ήταν τα δυσβάσταχτα δίδακτρα για τα μεταπτυχιακά - Ζείτε σε ένα περιβάλλον που ποτέ δεν σας απασχόλησε το θέμα των σπουδών
0,0.4177482,Negative,,,,,,0.24717034,Πώς μπορεί η βιώσιμη ανάπτυξη να γίνει μέρος της καθημερινότητας; – Συνέδριο στη Νίσυρο #Δημοκρατική #Ρόδος #Δωδεκάνησα https://t.co/Y26eZW4FFe
0,0.33423924,Negative,,,,,,0.25716183,"Οι οικονομικές κρίσεις συμβαίνουν μερικές φορές, οδηγώντας συχνά σε ύφεση. Μέσα στο τρέχον χαοτικό επενδυτικό περιβάλλον, πολλοί άνθρωποι https://t.co/8AMqEDtI1C https://t.co/CBZS968qEE"
1,0.6378593,Positive,,,,,,0.20000513,Αμυράς: Δεν θα αφήσουμε ψευτο-οικολόγους να μπλοκάρουν έργα αντιπυρικής προστασίας στο Σέιχ-Σου https://t.co/iOQBPd9ITk #ΔΑΣΑΡΧΕΙΟ #ΠΕΡΙΒΑΛΛΟΝ #ΠΕΡΙΞ #ΠΥΡΟΣΒΕΣΤΙΚΗ https://t.co/FiJvM9H8T3
1,0.8125098,Positive,,,,,,0.29722965,"Η βιώσιμη ανάπτυξη είναι ο, μόνος ίσως, ελπιδοφόρος δρόμος που μας οδηγεί από τη σημερινή -κοινωνική, οικονομική και περιβαλλοντική- παγκόσμια κρίση στο μέλλον.

https://t.co/7lq6DgvqOg"
1,0.64458334,Positive,,,,,,0.2761205,"RT @atthis72: Πυρκαγιές- αποχαιρετάμε την πολιτιστική, αρχαιολογική, τουριστική κληρονομιά, το δασικό, γεωργικό και αστικό περιβάλλον. http…"
0,0.39032108,Negative,,,,,,0.19614334,"Έλληνες κτηνοτρόφοι, εξεγερθείτε. Στην Ολλανδία ζητούν θανάτωση του 95% των αγελάδων για την… κλιματική αλλαγή! https://t.co/rqEXB02pY6"
0,0.06176382,Negative,,,,,,0.07730472,BlackRock: Bιώνουμε το χειρότερο μακροοικονομικό περιβάλλον των τελευταίων δεκαετιών https://t.co/XZX83NCTXl
0,0.11093805,Negative,,,,,,0.13903876,BlackRock: Το επενδυτικό περιβάλλον είναι στη χειρότερη κατάσταση των τελευταίων δεκαετιών https://t.co/nsxECH9Pnq
0,0.092509575,Negative,,,,,,0.121936575,BlackRock: Το επενδυτικό περιβάλλον είναι στη χειρότερη κατάσταση των τελευταίων δεκαετιών https://t.co/6UhiIZi5Ps
0,0.31087375,Negative,,,,,,0.38059118,"Τα βασικά χαρακτηριστικά ενός συστήματος δημόσιας υγείας που θα ανταποκρίνεται στις ανάγκες των πολιτών και θα είναι βιώσιμο, λειτουργώντας παράλληλα με ευελιξία και συνεργασιμότητα, περιέγραψε η αναπληρώτρια υπουργός Υγείας Μίνα Γκάγκα, μιλώντας στο 1ο

https://t.co/IdBOXHMc2J https://t.co/oHiL54hFym"
0,0.3523523,Negative,,,,,,0.41465095,"Τα βασικά χαρακτηριστικά ενός συστήματος δημόσιας υγείας που θα ανταποκρίνεται στις ανάγκες των πολιτών και θα είναι βιώσιμο, λειτουργώντας παράλληλα με ευελιξία και συνεργασιμότητα, περιέγραψε η αναπληρώτρια υπουργός Υγείας Μίνα Γκάγκα, μιλώντας στο 1ο

https://t.co/IdBOXHMc2J"
0,0.07529124,Negative,,,,,,0.08467377,"Έργα συνδιαλέγονται με τα τοπικά, φυσικά υλικά και παράλληλες μουσικές εκδηλώσεις/ ξεναγήσεις, τονίζουν τη μεγαλύτερη ανθρώπινη κληρονομιά απ’όλες: το περιβάλλον μας.  https://t.co/LO8ttHJYkT"
1,0.73671806,Positive,,,,,,0.21426323,Έρευνα: Πώς η κλιματική αλλαγή αυξάνει την έμφυλη βία https://t.co/AzlWAbeyvd
1,0.9364653,Positive,,,,,,0.09794126,Νέο βραβείο και διάκριση για το Περιβάλλον απέσπασε ο Δήμος Ιλίου https://t.co/WokhiBPEg5 #δημοςιλιου
1,0.8995626,Positive,,,,,,0.17137437,Χρηματοδοτικά εργαλεία για μια βιώσιμη ύπαιθρο - Σταϊκούρας και Οικονόμου στις εκδηλώσεις για την αγροτική ανάπτυξη στο Δομοκό https://t.co/uhGIETKkhi
0,0.45184812,Negative,,,,,,0.25369775,Κλιματική αλλαγή: Σοβαροί κίνδυνοι από το λιώσιμο των πάγων https://t.co/AEgeSKxVGx
1,0.63190407,Positive,,,,,,0.2631133,"«Άγρυπνο φρουρό» για τους πολίτες και το περιβάλλον, αποτελεί το νέο υπερσύγχρονο «όπλο» διαρκούς επιτήρησης και δυνατότητας άμεσης ενεργοποίησης του μηχανισμού Πολιτικής Προστασίας όταν παραστεί ανάγκη, το οποίο έθεσε σε λειτουργία για το προσεχές

https://t.co/i9oqe0urpg"
0,0.20895278,Negative,,,,,,0.22287871,Δήμος Νεάπολης Συκεών: Γενική σάρωση στο Δημοτικό Άλσος Πεύκων - https://t.co/n5tRReWRtl #δήμοςΝεάποληςΣυκεών #Θεσσαλονίκη #περιβάλλον #Θεσσαλονίκη #Κοινωνία
1,0.9142163,Positive,,,,,,0.15039931,"Δουλεύοντας συνεργατικά και με αποφασιστικότητα, μπορούμε να διαφυλάξουμε το περιβάλλον, την κοινωνία και την οικονομία. Αυτή είναι η επιτακτική ανάγκη για να διασφαλίσουμε ένα καλύτερο μέλλον.

https://t.co/vDOUmApXg3"
0,0.20061451,Negative,,,,,,0.21403912,"-Τόσους αιώνες γιατί δεν έχουν εξαφανιστεί τα δάση από τις πυρκαγιές;
-Κλιματικη αλλαγή.
-Εισαι ζόμπι.
-Εισαι ψεκ."
1,0.68555725,Positive,,,,,,0.21443324,"Ίδρυμα Αντενάουερ: H Aστυπάλαια σημαντικό παράδειγμα των προσπαθειών της ελληνικής κυβέρνησης για καινοτομία και πράσινη ενέργεια

https://t.co/XQopcQmvEB"
1,0.8609431,Positive,,,,,,0.21043408,Κ. Σκρέκας: Στα 500 εκατ. ευρώ το όφελος από τις ανανεώσιμες πηγές ενέργειας https://t.co/wbVAILB8ph
1,0.9490209,Positive,,,,,,0.13705425,".@KostasSkrekas στο ΑΠΕ-ΜΠΕ (@amna_news): Στα 500 εκατ. ευρώ το όφελος από τις ανανεώσιμες πηγές ενέργειας εφέτος 

«Πράσινο» το 50% της ηλεκτρικής ενέργειας έως το τέλος του έτους

https://t.co/FgwyaZnQRz"
1,0.64686865,Positive,,,,,,0.27933767,Πόσο επηρεάζει τον τουρισμό η κλιματική αλλαγή https://t.co/P16RrbUf2S
1,0.78318495,Positive,,,,,,0.2574602,"Η ελευθερία, η δημοκρατία και η διατήρηση ενός βιώσιμου πλανήτη απαιτούν να ανταποκριθούμε σε αυτή την πρόκληση και να προσπαθήσουμε για έναν ασφαλέστερο και πιο βιώσιμο κόσμο.

https://t.co/dIThl3iVJv"
0,0.091480166,Negative,,,,,,0.096504055,Έχασε τις αισθήσεις της την ώρα που οδηγούσε στη Λάρισα μη έχοντας επαφή με το περιβάλλον https://t.co/IC67wRevRz via @aegeanews
1,0.88158804,Positive,,,,,,0.13869424,Σκρέκας: Στα 500 εκατ. ευρώ το όφελος από τις ανανεώσιμες πηγές ενέργειας το 2022--https://t.co/zUeat59wg8
1,0.7723914,Positive,,,,,,0.1850459,ΥΠΕΝ: Μπαράζ διαγωνισμών για ανανεώσιμες πηγές ενέργειας συνολικής ισχύος 3.800 μεγαβάτ https://t.co/iqTnnTkTzb #businessnewsgr
0,0.31088847,Negative,,,,,,0.24171332,Κλιματική αλλαγή: Σε κλοιό καύσωνα ο πλανήτης - LarissaPress https://t.co/vBpA7kmDbc
1,0.79613215,Positive,,,,,,0.23268008,Κ.Σκρέκας: «Στα 500 εκατ. ευρώ το όφελος από τις ανανεώσιμες πηγές ενέργειας το 2022» https://t.co/2wbb5mLWkx
1,0.799538,Positive,,,,,,0.2281802,Σκρέκας: Στα 500 εκατ. ευρώ το όφελος από τις ανανεώσιμες πηγές ενέργειας φέτος https://t.co/ns5asG934w
1,0.6318431,Positive,,,,,,0.24614821,Ίδρυμα Αντενάουερ: H Aστυπάλαια σημαντικό παράδειγμα για καινοτομία και πράσινη ενέργεια https://t.co/lr4XfgDkAN #businessnewsgr
1,0.6795744,Positive,,,,,,0.2182145,Ίδρυμα Αντενάουερ: H Aστυπάλαια σημαντικό παράδειγμα των προσπαθειών για καινοτομία και πράσινη ενέργεια #Δημοκρατική #Ρόδος #Δωδεκάνησα https://t.co/iYRJ4HLnr5
1,0.948741,Positive,,,,,,0.082696296,Κ. Σκρέκας: Στα 500 εκατ. ευρώ το όφελος από τις ανανεώσιμες πηγές ενέργειας- Πράσινο το 50% της ηλεκτρικής ενέργειας έως τέλος του έτους https://t.co/26nvvpoWwI
1,0.8735318,Positive,,,,,,0.1351949,Σκρέκας: Στα 500 εκατ. ευρώ το όφελος από τις ανανεώσιμες πηγές ενέργειας - LarissaPress https://t.co/szF9L5swN6
1,0.91921294,Positive,,,,,,0.16790806,Κ. Σκρέκας: Στα 500 εκατ. το όφελος από τις Ανανεώσιμες Πηγές Ενέργειας φέτος- «Πράσινο» το 50% της ηλεκτρικής ενέργειας έως το τέλος του έτους - mononews #mononewsGR https://t.co/9szxZcx7OZ
0,0.19144617,Negative,,,,,,0.18701887,Ο ΟΗΕ προειδοποιεί για την κλιματική κρίση – «Συλλογική δράση ή συλλογική αυτοκτονία» https://t.co/kCebmC0aVr
1,0.9193873,Positive,,,,,,0.13778725,Κ. Σκρέκας στο ΑΠΕ-ΜΠΕ: Στα 500 εκατ. ευρώ το όφελος από τις ανανεώσιμες πηγές ενέργειας εφέτος - «Πράσινο» το 50% της ηλεκτρικής ενέργειας έως το τέλος του έτους https://t.co/RVyZB5HHsr
1,0.9275763,Positive,,,,,,0.09148127,"RT @HELMEPA: ✅Νέο ρεκόρ μελών με 2.033 πλοία 🚢, 268 εταιρείες και 14.000+ ναυτικούς έχει η  #HELMEPA.
#Στόχος μας συνεχίζει να είναι η προσ…"
1,0.7463891,Positive,,,,,,0.23476419,Στο Sustainability Forum της Global Sustainη JTI: Άμεση η σύνδεση της επιχειρηματικότητας με την κοινωνία  και το περιβάλλον στο οποίο αναπτύσσεται https://t.co/4ehXF8GYyA
1,0.9392574,Positive,,,,,,0.12589662,"https://t.co/2R6LeHgX0r “Φύση Πάσχουσα” και “Νέοι Καλλιτέχνες και κλιματική κρίση” , στις 10 καλύτερες εκθέσεις του καλοκαιριού στην Ελλάδα https://t.co/ez7aRmG7wQ"
1,0.7948503,Positive,,,,,,0.24150169,Tο «Running Out of Time» είναι μία παγκόσμια διοργάνωση με στόχο τη γνώση για το περιβάλλον - https://t.co/AqHuS6pMPI https://t.co/BW2KAvevhh
0,0.47626296,Negative,,,,,,0.28436854,"Δεν αρκούν ημίμετρα και προσαρμογές, αλλά μία καλά σχεδιασμένη αλυσίδα αλλαγών, που θα επιταχύνουν τη μετάβαση σε ένα βιώσιμο πρότυπο ανάπτυξης...

https://t.co/Yml8L5dUJe"
1,0.7992212,Positive,,,,,,0.1902639,Κ. Σκρέκας: Στα 500 εκατ. ευρώ το όφελος από τις ανανεώσιμες πηγές ενέργειας εφέτος https://t.co/1aiorxGctZ
0,0.28454325,Negative,,,,,,0.24507016,"Κλιματική αλλαγή: Σε κλοιό καύσωνα ο πλανήτης,
https://t.co/2RIMadqzOv,"
1,0.6818551,Positive,,,,,,0.26129937,"Σε κλοιό καύσωνα ο πλανήτης - Η κλιματική αλλαγή απειλεί εργαζόμενους, ενέργεια και επάρκεια τροφίμων - https://t.co/wsYUQWWcmh https://t.co/aPDaViqhMi"
1,0.8722451,Positive,,,,,,0.19324064,"Δεν είναι οικονομικά βιώσιμη η μεταγραφή του Ρονάλντο από την Ατλέτικο, σύμφωνα με τη Marca https://t.co/CyAQu4VyAy"
0,0.04827454,Negative,,,,,,0.04498455,Ποιός είπε ότι όλα τα αρκουδάκια είναι άγρια; (VIDEO) - https://t.co/GnipSlmyhc #αρκούδα #Αρκτούρος #Περιβάλλον
0,0.20847628,Negative,,,,,,0.15738262,ΦΤΑΕΙ Η ΚΛΙΜΑΤΙΚΗ ΑΛΛΑΓΗ ΡΕ ΗΛΙΘΙΟΙ....ΑΛΛΑ ΕΛΑ ΠΟΥ ΔΕΝ ΜΑΣ ΒΓΑΙΝΕΙ ΤΟ ΓΑΜΗΜΕΝΟ ΠΑΡΑΜΥΘΙ.... https://t.co/vTJI5lulyj
0,0.08563891,Negative,,,,,,0.11884622,Φωτιές και καύσωνας «σαρώνουν» την Ευρώπη - «H κλιματική αλλαγή σκοτώνει» - https://t.co/UhldUxMknu https://t.co/3Iiz1CxdJs
1,0.6608405,Positive,,,,,,0.2441361,ΤΙΤΑΝ Ελλάδας: Νέα ορόσημα στη Βιώσιμη Ανάπτυξη το 2021 - mononews #mononewsGR https://t.co/iSmskCMlWf
0,0.05829746,Negative,,,,,,0.10139029,RT @LykavitosGr: Φονικός κάυσωνας σαρώνει την Ευρώπη - Περισσότεροι από 1000 θάνατοι  #καύσωνας #Ευρώπη #κλιματική_αλλαγή https://t.co/Vs7t…
0,0.05984357,Negative,,,,,,0.0947899,RT @LykavitosGr: Φονικός κάυσωνας σαρώνει την Ευρώπη - Περισσότεροι από 1000 θάνατοι  #καύσωνας #Ευρώπη #κλιματική_αλλαγή https://t.co/Vs7t…
0,0.32723755,Negative,,,,,,0.19331993,Κλιματική κρίση: Η ανθρωπότητα οδηγείται προς «συλλογική αυτοκτονία» προειδοποιεί ο ΟΗΕ - https://t.co/LnBAoyySuU https://t.co/zu2YDlGL9M
0,0.40636966,Negative,,,,,,0.2755404,Κλιματική κρίση: Η ανθρωπότητα αντιμετωπίζει «συλλογική αυτοκτονία» προειδοποιεί ο Γκουτιέρες https://t.co/osU4n8YGVJ
1,0.703401,Positive,,,,,,0.22431138,ΤΙΤΑΝ Ελλάδας: Νέα ορόσημα στη Βιώσιμη Ανάπτυξη το 2021 - https://t.co/eiOPQNSsIs https://t.co/JsIXPpOJNQ #ΒιώσιμηΑνάπτυξη #ΌμιλοςΤιτάν #ΤΙΤΑΝ
0,0.19829206,Negative,,,,,,0.18519595,Η κλιματική κρίση χτυπά με καύσωνα και δασικές πυρκαγιές μεγάλο μέρος της Ευρώπης https://t.co/muScxhyrCG
1,0.5949146,Positive,,,,,,0.25374842,RT @Moneypressgr: Κλιματική αλλαγή: Ο πλανήτης «λιώνει» από καύσωνες  #moneypress https://t.co/OPRfU2EYHB
1,0.5727451,Positive,,,,,,0.28683895,Κλιματική αλλαγή: Ο πλανήτης «λιώνει» από καύσωνες  #moneypress https://t.co/OPRfU2EYHB
1,0.506852,Positive,,,,,,0.3329916,"Όλο και περισσότεροι άνθρωποι εξαρτώνται από τα #κλιματιστικά τα οποία καταναλώνουν μεγάλες ποσότητες ηλεκτρικής ενέργειας για τη δροσιά που παρέχουν, προκαλώντας ένα φαύλο κύκλο.
#Κλιματισμος #Καυσωνας #Περιβαλλον 

https://t.co/UNJpo6dBUq"
0,0.17908937,Negative,,,,,,0.1276404,Ο Έλληνας νευροεπιστήμονας που χαρτογράφησε τον ανθρώπινο εγκέφαλο ζητά να εισακουστεί η επιστήμη στο περιβάλλον--https://t.co/bAs4jYWOTz
0,0.4945333,Negative,,,,,,0.28734472,Και γιατί να λένε για τις φωτιές στην Κρήτη; Κούρασε η κατάσταση... άντε να τα κάψουμε όλα να ησυχάσουμε. Να έρθουμε μετά και οι επενδύσεις να γίνουμε πλούσιοι. Εξάλλου το περιβάλλον το έχουμε σώσει με τα χάρτινα καλαμάκια στον καφέ μας. Οπότε όλα θα πάνε καλά... https://t.co/csUCbewYq2
0,0.024979508,Negative,,,,,,0.06252339,"Ο πλανήτης μας, μπορεί να είναι βιώσιμος για εμάς, όσο δεν καταστρέφουμε τις ποικιλόμορφες δομές των έμβιων οργανισμών που τον συναποτελούν, ή με άλλα λόγια… όσο δεν καταστρέφουμε τη βιοποικιλότητα του.

https://t.co/at7oexM5Wd"
0,0.13366057,Negative,,,,,,0.12798528,"Γ. Παξινός, ο επιστήμονας που χαρτογράφησε τον ανθρώπινο εγκέφαλο, στο @praktoreioFM: «Μακάρι να εισακουστεί η επιστήμη και στο περιβάλλον όπως έγινε με την πανδημία»
 
https://t.co/78x6L4QZ0U https://t.co/6sVIWZ7Dh4"
1,0.5723058,Positive,,,,,,0.23096746,Κέλλας: Δίκαιη - Βιώσιμη λύση στο Κυπριακό - LarissaPress https://t.co/SvmdPkaqXf
1,0.55818033,Positive,,,,,,0.22667369,Κέλλας: Δίκαιη - Βιώσιμη λύση στο Κυπριακό https://t.co/GmEN0YKoXu
0,0.38805774,Negative,,,,,,0.26350787,Η κλιματική κρίση έφερε Megafires και στην ευάλωτη Μεσόγειο - https://t.co/N0WOzIRVeZ https://t.co/jhFzeI3y1Z
0,0.45771086,Negative,,,,,,0.25718674,"RT @LykavitosGr: Τεράστιες πυρκαγιές σε Γαλλία, Ισπανία και Πορτογαλία -Πιο ευάλωτη η Μεσόγειος στην κλιματική αλλαγή  #φωτιά #καταστροφικέ…"
0,0.49383464,Negative,,,,,,0.24314658,"RT @LykavitosGr: Τεράστιες πυρκαγιές σε Γαλλία, Ισπανία και Πορτογαλία -Πιο ευάλωτη η Μεσόγειος στην κλιματική αλλαγή  #φωτιά #καταστροφικέ…"
0,0.12545775,Negative,,,,,,0.15668851,"Σε χθεσινή του ανάρτηση στο Twitter ο Αρχιεπίσκοπος Αμερικής εξέφρασε την ανησυχία του για την κλιματική κρίση, με αφορμή τις ασυνήθιστα υψηλές θερμοκρασίες και τις πυρκαγιές που μένονται αυτή τη στιγμή σε πολλές ευρωπαϊκές χώρες via @OrthodoxtimesGr https://t.co/agsEOUgPfk"
0,0.2274552,Negative,,,,,,0.16369903,ΦΤΑΙΕΙ Η ΚΛΙΜΑΤΙΚΗ ΑΛΛΑΓΗ ΜΑΣ ΛΕΕΙ Η ΨΥΧΟΠΑΘΗΣ ΓΚΡΕΤΑ....ΚΑΙ ΟΧΙ ΤΑ ΕΒΡΑΙΟΑΡΧΙΔΙΑ ΤΟΥ ΟΗΕ.... https://t.co/A6LDx6eaWh
0,0.15107374,Negative,,,,,,0.11943287,ΦΤΑΙΕΙ Η ΚΛΙΜΑΤΙΚΗ ΑΛΛΑΓΗ ΗΛΙΘΙΕ.... https://t.co/1DnNCOLzbf
1,0.7541751,Positive,,,,,,0.20271353,"Κλιματική κρίση, το νέο σανό σε οικογενειακή συσκευασία για να χορταίνουν όλα τα πρόβατα."
1,0.6218722,Positive,,,,,,0.25918454,Μέγαρα: Η φωτιά απειλεί κατοικημένες περιοχές - https://t.co/PLf4YvgbSd #featured #featured_top #trend #Μέγαρα #πυροσβεστική #φωτιά #Περιβάλλον #Ροή
0,0.05711795,Negative,,,,,,0.091372766,"@AthanDim Δηλαδή οι νοσηλευτικοί, πυροσβέστες και οι δάσκαλοι είναι αυτοί που μας σκίσουν με τους φόρους.
Καμιά ομπρέλα να κρατάμε παιδιά γιατί η κλιματική κρίση βαράει εγκέφαλο."
0,0.14985071,Negative,,,,,,0.16432312,MYTILINEOS-Η Βιώσιμη Ανάπτυξη αποτελεί αναπόσπαστο στοιχείο της μακροπρόθεσμης επιχειρηματικής στρατηγικής μας https://t.co/Ey4TdRFkfQ
0,0.25654158,Negative,,,,,,0.21673961,“Βιώσιμη λύση” η ολοκληρωτική διχοτόμηση της Κύπρου για τον Ερντογάν: Το προκλητικό μήνυμα προς Τατάρ https://t.co/n4XQV8ZrE7
1,0.8820707,Positive,,,,,,0.13781118,Νικητιάδης απο Αστυπάλαια: Η βιώσιμη ανάπτυξη σημαντικό εργαλείο για τον τουρισμό #Δημοκρατική #Ρόδος #Δωδεκάνησα https://t.co/ROXq2QtJqH
1,0.9308411,Positive,,,,,,0.12957563,RT @KostasVaxevanis: Αγαπητέ συμπολίτη. Όσα σπίτια και αν καούν θα φταίει η κλιματική αλλαγή. Θα πρέπει να είσαι ευχαριστημένος που ζεις. Η…
1,0.8907736,Positive,,,,,,0.11221506,Νικητιάδης από Αστυπάλαια: Η βιώσιμη ανάπτυξη σημαντικό εργαλείο για τον τουρισμό https://t.co/mnvoJDNaPP via @aegeanews
0,0.12836671,Negative,,,,,,0.15035532,Τελικά δεν ευθύνεται η... κλιματική αλλαγή: Πεντέλη - Βίντεο ντοκουμέντο με τον μαυροφορεμένο εμπρηστή https://t.co/jPHp80jZef
0,0.16269846,Negative,,,,,,0.15074399,"Η κλιματική αλλαγή διαφαίνεται σε όλο της το μεγαλείο το τελευταίο διάστημα. Από τον αλλόκοτο καιρό στη χώρα μας με αέρα να φυσάει για πολλές ημέρες σερί, μέχρι τον πανευρωπαϊκό και όχι μόνο καύσωνα.

#hernewsgr 

https://t.co/E7Mnk11lro"
0,0.30937818,Negative,,,,,,0.28719977,"#Καύσωνες 💥 διαρκείας, #πυρκαγιές 🔥 και #κλιματική_αλλαγή: Σήμα κινδύνου από ειδικούς για μια νέα πραγματικότητα
https://t.co/Kqt3yCMmWP"
1,0.5539728,Positive,,,,,,0.20749447,RT @pigofwar77: Η κλιματική αλλαγή με πόδια... https://t.co/V4gAKoOsxS
0,0.05815167,Negative,,,,,,0.056116678,"«Αυτό που περιμένουμε από την κλιματική αλλαγή είναι οι μεγάλης διάρκειας, πιο “άγριοι” καύσωνες, με τους οποίους πρέπει να μάθουμε πλέον να ζούμε» επισήμανε ο μετεωρολόγος. https://t.co/iZTdYQmnrS"
0,0.0797753,Negative,,,,,,0.09473711,Ρύπανση: Πώς ο καθαρός αέρας επιδεινώνει την κλιματική αλλαγή https://t.co/OHoYSnNzE0
1,0.84212846,Positive,,,,,,0.16972749,Κλιματική αλλαγή – Μπάιντεν: Υπαρξιακή απειλή για τον κόσμο – Αναγκαία τα μέτρα https://t.co/qYiRLU4RSc
0,0.15508136,Negative,,,,,,0.12610157,Ζαρκάδι τεσσάρων μηνών έσωσε ο Αρκτούρος - https://t.co/Ly305wRGPz #Αρκτούρος #ζαρκαδι #Οιφίλοιμαςτα΄ζώα #Περιβάλλον
1,0.5723604,Positive,,,,,,0.1683225,RT @pigofwar77: Η κλιματική αλλαγή με πόδια... https://t.co/V4gAKoOsxS
1,0.552936,Positive,,,,,,0.34702617,"#ΑΕΚ: Μεταγραφική βόμβα με #Βίντα; Μύλος με τον σούπερ στόπερ – Οι Κροάτες τον στέλνουν #Ελλάδα, τι έλεγε ο ατζέντης του στο περιβάλλον του #aek #aekfc #vida 

https://t.co/BxmUHY58GX"
0,0.1275078,Negative,,,,,,0.14111605,"Το φαινόμενο της τροπικής νύχτας και πως συνδέεται με την κλιματική κρίση που μαστίζει
#alphanewslive #cyprus
https://t.co/A1EN1QzJfP"
1,0.9120448,Positive,,,,,,0.11800807,Κλιματική αλλαγή: Δυσοίωνες οι προβλέψεις των επιστημόνων για το μέλλον--https://t.co/KwSES1eAHz
0,0.2564647,Negative,,,,,,0.17714071,Δηλώσεις του Γιάννης Γκιόκα στον ΑΝΤ1 για τις πυρκαγιες - https://t.co/I8Hk1Dnjr7 #2022 #ΓιάννηςΓκιόκας #ΚΚΕ #πυρκαγιές #Ελλάδα #Περιβάλλον #ΠολιτικέςΘέσεις
0,0.2915604,Negative,,,,,,0.22914392,Μεγάλη φωτιά στη Λέσβο - Εκκενώνεται οικισμός - https://t.co/o3z4lEcwdX #2022 #Λέσβος #πυρκαγιά #Ελλάδα #Περιβάλλον #Περιφέρεια
1,0.6869524,Positive,,,,,,0.30113998,Κλιματική αλλαγή: Θα τριπλασιαστούν οι θερμές ημέρες στην Ελλάδα - https://t.co/o7E8v3VBFc https://t.co/F1QHWtCOla
1,0.91569674,Positive,,,,,,0.13573468,Η κλιματική αλλαγή είναι εδώ: Δυσοίωνες προβλέψεις από επιστήμονες για το μέλλον https://t.co/6X0jbEWdYk
0,0.26415467,Negative,,,,,,0.20838237,Δηλώσεις του Γιάννης Γκιόκα στον ΑΝΤ1 για τις πυρκαγιες - #2022 #ΓιάννηςΓκιόκας #ΚΚΕ #πυρκαγιές #Ελλάδα #Περιβάλλον #ΠολιτικέςΘέσεις
1,0.892838,Positive,,,,,,0.1788091,Δυσοίωνες οι προβλέψεις ειδικών για την κλιματική αλλαγή – Θα τριπλασιαστούν οι θερμές ημέρες στην Ελλάδα https://t.co/RcEQU7GDIl #ΕΥΡΩΠΗ #ΘΕΡΜΟΚΡΑΣΙΕΣ #ΘΟΔΩΡΗΣΓΙΑΝΝΑΡΟΣ #ΚΑΥΣΩΝΑΣ
0,0.17661294,Negative,,,,,,0.15169948,RT @THEOCHAROUSE: Πάρνηθα-Μέγαρα-Δαδιά-Σαλαμίνα-Σέϊχ Σου: Φταίει η κλιματική αλλαγή ή τα ογλάνια του κάθε γιλμάζ;
1,0.8769464,Positive,,,,,,0.1282967,"Η κλιματική αλλαγή είναι εδώ – Δυσοίωνες οι προβλέψεις των επιστημόνων για το μέλλον

#hernewsgr #κλιματικη #αλλαγη #κλιμα

https://t.co/VasJ6kGXjO"
1,0.567045,Positive,,,,,,0.28569257,Κλιματική αλλαγή: Θα τριπλασιαστούν οι θερμές ημέρες στην Ελλάδα – Δυσοίωνες οι προβλέψεις https://t.co/eFHE7M1job
0,0.49521965,Negative,,,,,,0.3330407,Η κλιματική αλλαγή χτυπάει την Ελλάδα – Θα τριπλασιαστούν οι θερμές ημέρες https://t.co/J3W9NBRvv8
1,0.5425149,Positive,,,,,,0.2804139,Κλιματική αλλαγή: Δυσοίωνη πρόβλεψη για τριπλασιασμό των «θερμών ημερών» στην Ελλάδα! - Documento https://t.co/ybF6Vqzv41
0,0.4479381,Negative,,,,,,0.28674096,Η κλιματική αλλαγή χτυπάει την Ελλάδα – Θα τριπλασιαστούν οι θερμές ημέρες – Δυσοίωνες οι προβλέψεις https://t.co/W4LPzFQOPo
0,0.18818253,Negative,,,,,,0.12362072,Bentley: Καθόλου πλαστικό στο περιβάλλον! - mononews #mononewsGR https://t.co/ZIF8xK5C9R
1,0.9296112,Positive,,,,,,0.09812961,Κλιματική αλλαγή: Δυσοίωνες οι προβλέψεις των επιστημόνων για το μέλλον - https://t.co/dM6ua0rVpw https://t.co/JJpJvc0Yw4
0,0.18266515,Negative,,,,,,0.13122614,Καλλιεργητής χασίς ο ύποπτος για την πυρκαγιά στο Σέιχ Σου - https://t.co/mAhkqVgQV2 #δάσοςτουΣειχΣου #πυρκαγιά #Κοινωνία #Περιβάλλον #Ροή
1,0.904763,Positive,,,,,,0.12756656,"Η κλιματική αλλαγή είναι εδώ 

Δυσοίωνες οι προβλέψεις των επιστημόνων για το μέλλον

https://t.co/59PmPrXgQ7  

#ClimateCrisis #ClimateChange"
1,0.72515464,Positive,,,,,,0.24628654,"Η κλιματική αλλαγή κοινός παρονομαστής για τους καύσωνες, τις πυρκαγιές και τις πλημμύρες σε Ελλάδα, Γαλλία, Ισπανία και Πορτογαλία https://t.co/cemWTSkkeX"
1,0.73463005,Positive,,,,,,0.2611945,"Τα στοιχεία για τους καύσωνες, τις πυρκαγιές και τις πλημμύρες είναι πλέον τόσο συντριπτικά που δεν αφήνουν κανένα περιθώριο αμφιβολίας σχετικά με την κλιματική κρίση. Οι πυρκαγιές στην Ελλάδα, όπως και οι πυρκαγιές σε Ισπανία, Γαλλία και Πορτογαλία

https://t.co/sSuHrRETYP"
1,0.5373708,Positive,,,,,,0.25569674,Αείλανθος: Ένα παρεξηγημένο δέντρο με ισχυρά πλεονεκτήματα για το περιβάλλον! https://t.co/kltXCop5VR
1,0.79206896,Positive,,,,,,0.28007925,"Σε πολιτική και οικονομική αυτοκτονία οδηγούν την Ευρώπη οι κυρώσεις κατά Ρωσίας, η πράσινη ενέργεια και τα μέτρα για covid https://t.co/So6s5z0O9U"
1,0.89909846,Positive,,,,,,0.117840886,Η κλιματική αλλαγή είναι εδώ - Δυσοίωνες οι προβλέψεις των επιστημόνων για το μέλλον - https://t.co/X93Vg0OIzg https://t.co/QMh1iIxT89
1,0.7932779,Positive,,,,,,0.2545463,"Κλιματική αλλαγή: Ανάσα στις «πράσινες ταράτσες» αναζητούν οι πολίτες, σύμφωνα με έρευνα--https://t.co/KdlF2xGd7J"
0,0.091364615,Negative,,,,,,0.093081675,Πέντε τρόποι για να «επιβιώσετε» σε ένα τοξικό εργασιακό περιβάλλον https://t.co/pPXJFbIFqo
1,0.7383444,Positive,,,,,,0.29891583,"Σε πολιτική και οικονομική αυτοκτονία οδηγούν την Ευρώπη οι κυρώσεις κατά Ρωσίας, η πράσινη ενέργεια και τα μέτρα για covid https://t.co/s36AXRhTa7"
1,0.84648305,Positive,,,,,,0.16099302,"RT @GiorgosKyrtsos: Η Ελλάδα φλέγεται και ο Μητσοτάκης που είχε τις «λύσεις» απλά χαμογελάει..
Επί Τσίπρα απέδιδε τις καταστροφές στα λάθη…"
0,0.08103087,Negative,,,,,,0.0612251,Πέντε τρόποι για να «επιβιώσετε» σε ένα τοξικό εργασιακό περιβάλλον https://t.co/wVjJjJOIgK
1,0.7640473,Positive,,,,,,0.27769652,"Σε πολιτική και οικονομική αυτοκτονία οδηγούν την Ευρώπη οι κυρώσεις κατά Ρωσίας, η πράσινη ενέργεια και τα μέτρα για covid https://t.co/KSCKj2Zwf6"
1,0.66183645,Positive,,,,,,0.32911283,"@Arkadios_Voskos Τα ψέκια το φωνάζουμε εδώ και 2 χρόνια ότι θα μας φορτώσουν κλιματική κρίση και πράσινα λοκντάουνς, αλλά μας λένε ψέκια... 😂"
1,0.9859014,Positive,,,,,,0.031493396,@dennis1232123 Το ανησυχητικό δεν είναι ότι πλασάρουν την κλιματική αλλαγή ως αιτία για πάσα νόσο και για πάσα μαλακία. Το ανησυχητικό είναι ότι ο κόσμος το πιστεύει.
1,0.9396415,Positive,,,,,,0.08592333,"Ποσειδώνια: Κορυφαία επιτεύγματα σε Κοινωνία, Οικονομία, Υγεία &amp; Περιβάλλον - mononews #mononewsGR https://t.co/7WBQmeIEqW"
0,0.46153724,Negative,,,,,,0.20212194,ΓΕΩΡΓΙΟΣ ΠΟΛΥΜΕΡΗΣ: Η ΕΠΙΡΡΟΗ ΤΟΥ ΠΛΑΣΤΙΚΟΥ ΣΤΟ ΠΕΡΙΒΑΛΛΟΝ ΚΑΙ ΣΤΗ ΖΩΗ ΜΑΣ https://t.co/gfF872YDKY
0,0.16223674,Negative,,,,,,0.12995376,Δράση παράκτιου και υποβρύχιου καθαρισμού του βυθού από το Neptune Hotels που διαδίδει τον εθελοντισμό και την αγάπη για το περιβάλλον https://t.co/PeCrY2GYCy via @aegeanews
1,0.5497835,Positive,,,,,,0.24269715,"Επιτροπή Πρέβεζα: ”Ιστορία, Πολιτισμός, Περιβάλλον”: Ποιοι θα σταθούν στο πλάϊ του Ανδρούτσου; via @onprevezanews https://t.co/B6zseZvtis"
1,0.8974621,Positive,,,,,,0.16451196,"[Κλικ και διαβάστε στο mononews]Ποσειδώνια: Κορυφαία επιτεύγματα σε  #Κοινωνία, Οικονομία, Υγεία &amp; Περιβάλλον https://t.co/0bVe39A67S"
0,0.27486008,Negative,,,,,,0.25515774,Ν. Χαραλαμπίδης: «Η κανονικότητα όπως την ξέραμε δεν θα έρθει ξανά- Παρούσα η κλιματική κρίση» https://t.co/hxA9N6Ojps
1,0.6529796,Positive,,,,,,0.26183924,Ολοκληρώθηκε η 2η Συνάντηση εργασίας για την ενεργειακή μετάβαση του δήμου Θέρμης στην κλιματική ουδετερότητα https://t.co/8aE3qCIT4V #ΔΤ #ΕΝΕΡΓΕΙΑ #ΚΛΙΜΑ #ΠΕΡΙΒΑΛΛΟΝ https://t.co/PABF7yNR7c
0,0.1092736,Negative,,,,,,0.109475635,"""Στις δημοκρατίες τίθενται σήμερα σκληρά διλήμματα και δύσκολες επιλογές, σε ένα αβέβαιο και απειλητικό διεθνές περιβάλλον. Σε αυτές τις κρίσιμες συνθήκες, προέχει η ενότητα, η αναζήτηση των συναινέσεων και των συγκλίσεων για το κα
https://t.co/OY9QKnJf7V
https://t.co/PFTDQET8Rq https://t.co/3URc0L5YIw"
0,0.38636953,Negative,,,,,,0.25955012,Υψηλός κίνδυνος πυρκαγιάς σήμερα για Αττική και Στερεά Ελλάδα - https://t.co/8YAoX7TWVR #Αττική #ΠεριφέρειαΣτερεάςΕλλάδος #Περιβάλλον #Ροή
0,0.116666354,Negative,,,,,,0.12475005,RT @La_Kappa_: Η συνεχής επίκληση στην κλιματική αλλαγή καταντάει χυδαία γιατί αν ήταν ειλικρινής θα αποτελούσε αφορμή για περισσότερα μέτρ…
0,0.11369889,Negative,,,,,,0.123942725,Πώς η Σαουδική Αραβία μετατρέπει την έρημο σε μια όαση καλλιεργήσιμου εδάφους (Βίντεο) https://t.co/GYTZFqT2NB #ΕΡΓΑ #ΚΟΣΜΟΣ #ΠΕΡΙΒΑΛΛΟΝ https://t.co/j9sjZs2hsv
0,0.12837967,Negative,,,,,,0.17204039,"Έστειλε το δικό της μήνυμα ελευθερίας που προσφέρει η επαφή με το φυσικό περιβάλλον

#znews #Ρενεση #Γαυδος https://t.co/KCmnCn2c0a"
0,0.2834731,Negative,,,,,,0.21442907,Θανάσης Καραΐσκος: Ναυάγιο | Ναι στον δρόμο διαφυγής αλλά να γίνει νόμιμα με λογικό κόστος και να συνάδει με το περιβάλλον της περιοχής https://t.co/N4inRHIUWa
0,0.3398716,Negative,,,,,,0.28064197,"Ποσειδώνια: Δείχνει το δρόμο προς τη βιωσιμότητα – Οι πρωτοβουλίες για Κοινωνία, Οικονομία, Υγεία, Περιβάλλον https://t.co/8axkolwU1o"
0,0.19238764,Negative,,,,,,0.20293215,Επιμελητήριο Κεφαλληνίας &amp; Ιθάκης : H καρδιά μας χτυπάει για το περιβάλλον! https://t.co/YRBmgiyQod
0,0.36248082,Negative,,,,,,0.25473586,Η Ευρώπη απροετοίμαστη μπροστά στην κλιματική αλλαγή https://t.co/YzOgKNT1PS
1,0.75271934,Positive,,,,,,0.23283997,Άκουσον-άκουσον! Απαγορεύουν σε αρχαιολόγους να ξεχωρίζουν σκελετούς σε αρσενικούς και θηλυκούς  https://t.co/XBIJ1YYtNH Μάλλον η “κλιματική” αλλαγή έχει επηρεάσει το μυαλό ορισμένων και τίποτε άλλο.
0,0.09667268,Negative,,,,,,0.09766437,"RT @elliafxentiou: ..Ο Υπουργός Γεωργίας, Αγροτικής Ανάπτυξης και Περιβάλλοντος της Κυπριακής Δημοκρατίας, Κώστας Καδής, γράφει στο @Propag…"
1,0.54453576,Positive,,,,,,0.20225419,Έρευνα: Ευνοϊκό για σεξουαλική παρενόχληση το εργασιακό περιβάλλον στο Δημόσιο https://t.co/nGGnJKlstL
0,0.4563178,Negative,,,,,,0.28671476,Τύμβος Καστά: Το ΥΠΠΟ  ρίχνει την ευθύνη για τις ζημιές στην «κλιματική κρίση» https://t.co/TJHeZmTCio
1,0.6624677,Positive,,,,,,0.22417668,Γόνιμο σε συμπεράσματα το «CIVITAS Summer School» με επίκεντρο τη βιώσιμη αστική κινητικότητα https://t.co/7AIXpNwzgf
1,0.88246244,Positive,,,,,,0.11520816,"Κλιματική αλλαγή: Το λιώσιμο παγετώνα μετατοπίζει τα… σύνορα μεταξύ Ελβετίας και Ιταλίας #ClimateCrisis #Italy #Switzerland 
https://t.co/z2r0wdVskN"
0,0.17957953,Negative,,,,,,0.15803714,To εργασιακό περιβάλλον στο Δημόσιο «ευνοεί» την σεξουαλική παρενόχληση https://t.co/bvMCPUwSYV
0,0.38625908,Negative,,,,,,0.21853471,To εργασιακό περιβάλλον στο Δημόσιο «ευνοεί» την σεξουαλική παρενόχληση https://t.co/iPb6peShIA #survivorGR #greece #πανδημια #Πολεμος_στην_Ουκρανια #πολιτικη
1,0.8641597,Positive,,,,,,0.14241295,Τζουμέρκα: Προτείνοντας λύσεις για την κλιματική κρίση και την (ενεργειακή) φτώχεια - https://t.co/ReBuf9YW26 https://t.co/CLG0J7mJRw
0,0.4020865,Negative,,,,,,0.2275102,"Έρευνα ΑΔΕΔΥ: Ευνοϊκό για σεξουαλική παρενόχληση το εργασιακό περιβάλλον στο Δημόσιο

https://t.co/CvMpOVGalm"
1,0.9870848,Positive,,,,,,0.060366984,"RT @NikosDendias: Με την ευκαιρία της τελετής παράδοσης του αρχειακού υλικού του Δημήτριου Μπίτσιου, είχα την χαρά να καλωσορίσω στο Υπουργ…"
1,0.73070437,Positive,,,,,,0.2974066,Η πρόταση - βόμβα Bin Salman για πολλαπλασιασμό της ισχύος στη διασύνδεση για φθηνή πράσινη ενέργεια https://t.co/Eo5DMfvE1L
0,0.42221618,Negative,,,,,,0.27349547,"EY: Οι Έλληνες καταναλωτές ανήσυχοι και με νέες αγοραστικές συνήθειες, σε ένα διαρκώς πιο αβέβαιο περιβάλλον https://t.co/5uKFpvfLr7"
1,0.75401175,Positive,,,,,,0.30128586,«Πράσινη» ενέργεια με τη βοήθεια του ανέμου: Πώς γίνεται η παραγωγή αιολικής ενέργειας - https://t.co/II2OPKMfno https://t.co/TJZKytyowP
0,0.22016469,Negative,,,,,,0.27183974,"H Ελλάδα της οικονομικής μετριότητας πέταξε σχεδόν 50 δισεκ. για πανδημία, ενεργειακή κρίση και πληθωρισμό δημιουργώντας υπέρογκα ελλείμματα και τοξικά μη βιώσιμο χρέος 
https://t.co/KEASoU7Zo0"
0,0.12874742,Negative,,,,,,0.10529234,Κλιματική αλλαγή: Πότε έχει νόημα η δενδροφύτευση; https://t.co/7LzX0dJvzR
0,0.28129146,Negative,,,,,,0.2589069,RT @LykavitosGr: Γιατί η Ευρώπη απροετοίμαστη μπροστά στην Κλιματική Αλλαγή  #Ευρώπη #κλιματική_αλλαγή https://t.co/uFOxt8zN8y
0,0.29760775,Negative,,,,,,0.26722902,RT @LykavitosGr: Γιατί η Ευρώπη απροετοίμαστη μπροστά στην Κλιματική Αλλαγή  #Ευρώπη #κλιματική_αλλαγή https://t.co/uFOxt8zN8y
1,0.5270309,Positive,,,,,,0.19032483,"Δημητριάδος Ιγνάτιος: «Καταστρέψαμε το περιβάλλον, διαστρέψαμε την φύση» https://t.co/GXcFNjoGkv"
1,0.53406113,Positive,,,,,,0.21948563,Έρευνα: Ευνοϊκό για σεξουαλική παρενόχληση το εργασιακό περιβάλλον στο Δημόσιο - https://t.co/yu087MaNYn https://t.co/VYZUo2t4rq
1,0.9701371,Positive,,,,,,0.07157188,"ΕΤΣΙ ΘΑ ΕΝΘΡΟΝΙΣΟΥΝ ΚΑΙ ΤΟΝ ΑΝΤΙΧΡΙΣΤΟ... Γι' αυτό και χαίρει η φύσης όλη και δεν θα μείνει ούτε κλαδάκι όρθιο. Προετοιμάζουν το ανάλογο τεχνοκρατικό περιβάλλον που θα τον υπηρετεί...
Τώρα γιατί θα σωθούν πολλοί στα βουνά; Το ξέρετε ήδη. https://t.co/F9loMbrb6D via @dimpenewscom1"
0,0.118292466,Negative,,,,,,0.13405177,Χαλκιδική: Φωτιά στα Ψακούδια - https://t.co/HmcM8NR5Wl #Σιθωνία #φωτιά #ψακούδια #Κοινωνία #Μακεδονία-Θράκη #Περιβάλλον
0,0.025076762,Negative,,,,,,0.055128094,"RT @Sylvestra_Jsc: Κοίτα ρε παιδάκι μου τι κάνει η Κλιματική Αλλαγή. Στις 27 Ιουλίου 1965 είχαμε 45,4 βαθμούς υπό σκιάν και δεν κάηκε τίποτ…"
0,0.38264385,Negative,,,,,,0.27017024,Πέθανε ο Τζέιμς Λάβλοκ – Ο επιστήμονας που προέβλεψε την κλιματική κρίση https://t.co/ja5iYNBtwd
0,0.24579647,Negative,,,,,,0.20753193,Καλλιέργειες: Ανησυχία προκαλεί η εμφάνιση του πολυφάγου λεπιδόπτερου Loxostege sticticalis https://t.co/y1UIMkANyr
0,0.34214827,Negative,,,,,,0.26591727,ΦΤΑΙΕΙ Η ΚΛΙΜΑΤΙΚΗ ΑΛΛΑΓΗ ΛΕΝΕ ...ΔΕΝ ΘΑ ΑΦΗΣΟΥΝ ΟΥΤΕ ΡΑΔΙΚΙ ΤΑ ΚΑΘΙΚΙΑ... https://t.co/q4bFszyUiA
0,0.022742627,Negative,,,,,,0.04737738,"RT @Sylvestra_Jsc: Κοίτα ρε παιδάκι μου τι κάνει η Κλιματική Αλλαγή. Στις 27 Ιουλίου 1965 είχαμε 45,4 βαθμούς υπό σκιάν και δεν κάηκε τίποτ…"
1,0.9413987,Positive,,,,,,0.10932889,Πράσινη ενέργεια στο γηροκομείο των ιδρυμάτων Καλοκαιρινού https://t.co/WWTDVi9D1y
1,0.8920974,Positive,,,,,,0.16529326,"@malatesticles1 Εδώ, στη βεράντα συζητάμε για την κλιματική κρίση με εναν αρειανό που κατέβηκε μόλις."
1,0.7643934,Positive,,,,,,0.1857622,Tα 12 σημεία-παραλίες στην Αττική που απαγορεύεται το κολύμπι https://t.co/HB9lweMEat
0,0.19095191,Negative,,,,,,0.15123698,RT @Moneypressgr: To εργασιακό περιβάλλον στο Δημόσιο «ευνοεί» την σεξουαλική παρενόχληση  #moneypress https://t.co/Zygo55Aroa
0,0.19941004,Negative,,,,,,0.16717342,To εργασιακό περιβάλλον στο Δημόσιο «ευνοεί» την σεξουαλική παρενόχληση  #moneypress https://t.co/Zygo55Aroa
0,0.37169397,Negative,,,,,,0.14732656,Μάξιμος με Χρήστο Ζερεφό: Ο σεβασμός στο περιβάλλον η απάντηση στην κλιματική κρίση! ⋆ TirnavosPress https://t.co/9ph7JqwVxJ @pantamaximos
1,0.6780044,Positive,,,,,,0.21070203,Κέλλας σε Αμυρά - Αραβώση: Προστατέψτε το περιβάλλον και τη δημόσια υγεία στον Πλαταμώνα και την ευρύτερη περιοχή ⋆ TirnavosPress https://t.co/SYSLT0unVz @kellas_xristos
0,0.06681498,Negative,,,,,,0.102062225,"Να τα εκατοστήσει με υγεία ο Αλέξης! 103 ετών πέθανε ο Τζέιμς Λάβλοκ, ο επιστήμονας που διατύπωσε την “Θεωρία της Γαίας” και πρόβλεψε την κλιματική κρίση. Τρωγλοδύτες στην σελήνη; Γιατί όχι; Άμα εδώ την κάνουμε – τη Γη – σαν τα μούτρα μας, δηλαδή χάλια; https://t.co/Se9CYyQf2r"
0,0.4986628,Negative,,,,,,0.23269717,Κλιματική αλλαγή: Αλλάζουν οι πυρκαγιές στην Ευρώπη και ειδικότερα στην Μεσόγειο https://t.co/zmXfK5xclx
1,0.8577845,Positive,,,,,,0.13796763,Τσακίρης: «Έρχονται προγράμματα του ΕΣΠΑ για την ενέργεια και την κλιματική αλλαγή» - mononews #mononewsGR https://t.co/uMw6VCOedn
1,0.6987468,Positive,,,,,,0.21919945,Πώς βλέπει ο εφευρέτης του κύβου του Ρούμπικ τις εξελίξεις στο περιβάλλον και τo... gaming - https://t.co/2NUyIedkYR https://t.co/Y7QbMeYgAf
1,0.6056646,Positive,,,,,,0.24749061,Κέλλας σε Αμυρά - Αραβώση: Προστατέψτε το περιβάλλον και τη δημόσια υγεία στον Πλαταμώνακαι την ευρύτερη περιοχή https://t.co/NbTCt84gdf
0,0.22527407,Negative,,,,,,0.13053125,Χαρακόπουλος με Χρ. Ζερεφό: Ο σεβασμός στο περιβάλλον απάντηση στην κλιματική κρίση - LarissaPress https://t.co/TTWutZWdpZ
1,0.6444607,Positive,,,,,,0.2569874,Κέλλας σε Αμυρά - Αραβώση: Προστατέψτε το περιβάλλον και τη δημόσια υγεία στον Πλαταμώνα και την ευρύτερη περιοχή - LarissaPress https://t.co/sWYjyuux0C
0,0.26260522,Negative,,,,,,0.21937495,Η κλιματική κρίση «αλλάζει» τις πυρκαγιές σε Ευρώπη και ειδικότερα στην Μεσόγειο - https://t.co/eiOPQNSsIs https://t.co/e20040oVwa  #Ευρώπη #ΚλιματικήΑλλαγή #ΚλιματικήΚρίση #Μεσόγειος #Πυρκαγιές
0,0.37855867,Negative,,,,,,0.2668212,Κλιματική κρίση: «Άλλαξαν» οι πυρκαγιές στην Ευρώπη https://t.co/YfdfZz8Mjc #Πολεμος_στην_Ουκρανια #survivorGR #πολιτικη #πανδημια #greece
1,0.8468211,Positive,,,,,,0.15473796,Προγράμματα του ΕΣΠΑ για την ενέργεια και την κλιματική αλλαγή προαναγγέλλει ο Τσακίρης https://t.co/LFpDkzy6nA
1,0.6080234,Positive,,,,,,0.18084317,ΧΑΡΑΛΑΜΠΟΣ ΧΑΡΙΤΟΠΟΥΛΟΣ: ΚΑΛΟΚΑΙΡΙ ΠΕΡΙΒΑΛΛΟΝ ΠΥΡΚΑΓΙΕΣ https://t.co/3k3XoosgAI
0,0.33265695,Negative,,,,,,0.27152097,"Διεθνής μελέτη στην οποία συμμετέχει το Εθνικό Αστεροσκοπείο Αθηνών εντόπισε μια άνευ προηγουμένου αλλαγή στο καθεστώς των πυρκαγιών στην Ευρώπη η οποία συνδέεται με την κλιματική αλλαγή 
https://t.co/bFUpar9QZK https://t.co/4gO1HX0Z2p"
0,0.25745356,Negative,,,,,,0.14121702,Βουλή: Ψηφίζεται απόψε το πολυνομοσχέδιο για το περιβάλλον – Καταψηφίζει η αντιπολίτευση https://t.co/NrIjcwj2ng
0,0.28758964,Negative,,,,,,0.14572999,"#Βουλή

Ψηφίζεται απόψε από την Ολομέλεια το πολυνομοσχέδιο για το περιβάλλον 

Καταψηφίζει η αντιπολίτευση

https://t.co/Uugf76G48e https://t.co/e3ULBKF8dr"
1,0.5162914,Positive,,,,,,0.3594335,"#Θεσσαλονίκη

Σε εγρήγορση καλεί ο εισαγγελέας να βρίσκονται οι αστυνομικές Αρχές, προκειμένου να αποτραπούν πυρκαγιές από εμπρησμούς, εν μέσω της περιόδου του θέρους, με καταστροφικές συνέπειες τόσο για τον ανθρώπινο παράγοντα όσο και για το περιβάλλον. 

https://t.co/WlSJPBzL4Z https://t.co/DBBmE1Ih1M"
0,0.42999285,Negative,,,,,,0.23270343,Κλιματική αλλαγή: Αλλάζουν οι πυρκαγιές στην Ευρώπη | Ειδήσεις – νέα – Το Βήμα Online https://t.co/SOmdsyK2FD
1,0.64173913,Positive,,,,,,0.27035865,RT @sofokleous10: Alpha Services and Holdings: Σχέδια και δράσεις για ένα βιώσιμο μέλλον Απολογισμός Βιώσιμης Ανάπτυξης 2021   https://t.co…
1,0.6212933,Positive,,,,,,0.25665915,Ο Δρ. Σταύρος Σολωμός εξηγεί την επιστήμη πίσω από την κλιματική αλλαγή - https://t.co/5ibD0hTvNg https://t.co/5jly0PzOqx
1,0.65084547,Positive,,,,,,0.30363622,Συνεχίζονται τα μεγάλα deals στην πράσινη ενέργεια https://t.co/RJGu7jjgTi
0,0.45546263,Negative,,,,,,0.31371728,"Κλιματική κρίση: Βήχει καπνούς η Γη από τις φωτιές – Χάνονται δάση, η τελευταία ανθρώπινη καταφυγή--https://t.co/6lZBKegWSQ"
1,0.5036403,Positive,,,,,,0.1577085,Βουλή: Ψηφίστηκε το περιβαλλοντικό ν/σ- Αποσύρθηκαν οι διατάξεις για τις περιοχές Natura - https://t.co/eiOPQNSsIs https://t.co/2PyjHgPsyj #Βουλή #νομοσχέδιο #περιβάλλον #Natura
1,0.70034325,Positive,,,,,,0.22803368,Alpha Services and Holdings: Σχέδια και δράσεις για ένα βιώσιμο μέλλον Απολογισμός Βιώσιμης Ανάπτυξης 2021 https://t.co/78EXzg4Z0x
0,0.032733846,Negative,,,,,,0.057744294,"Ο Μπιλ Γκέιτς θέλει να συμβάλλει στην καλυτέρευση των συνθηκών που επικρατούν στο περιβάλλον. Γι’ αυτό επένδυσε 20 δις εκατομμύρια δολάρια σε κλιματιστικά που δεν θα καίνε ρεύμα.

#hernewsgr 

https://t.co/EtofKoLZQC"
1,0.65930647,Positive,,,,,,0.25548303,RT @lena_savvidou: Στη Θεσσαλία ο υδροφόρος ορίζοντας είναι μολυσμένος από φυτοφάρμακα. Κάθε σπίτι πλέον έχει τον καρκίνο του. Σε αυτή  τη…
1,0.8735156,Positive,,,,,,0.17863728,Στήριξη Βαγενά στην πρωτοβουλία Κόκκαλη κατά της εγκατάστασης φωτοβολταικών όταν θίγεται το περιβάλλον - LarissaPress https://t.co/3unIN5jg26
1,0.5379844,Positive,,,,,,0.24446344,Εκδήλωση του Κοινού των Μαγνήτων για την κλιματική κρίση https://t.co/MguaHd4tIg
1,0.6156242,Positive,,,,,,0.15911333,ΚΛΙΜΑΤΙΚΗ ΑΛΛΑΓΗ? ΧΑΡΑΣΟ....ΝΑΖΝΤΡΟΒΙΑ.... https://t.co/dqSITnEgEs
0,0.42306018,Negative,,,,,,0.19471395,ΕΙΝΑΙ Η ΚΛΙΜΑΤΙΚΗ ΑΛΛΑΓΗ ΡΕ ΠΡΟΒΑΤΟ!!!....ΜΠΕΕΕΕΕΕΕΕΕΕΕΕ..... https://t.co/X8x1WYB0ag
0,0.31893128,Negative,,,,,,0.21071678,Εκδήλωση του «Κοινού των Μαγνήτων» στον Βόλο για την κλιματική κρίση https://t.co/MquRfQgYSn
0,0.11157591,Negative,,,,,,0.1035038,RT @u_know_n0th1ng: Να σημειωθεί παρακαλώ πολύ ότι εμείς τα #ψεκια που σας έχουμε ήδη προειδοποιησει για αυτο που συμβαίνει τώρα με τις παρ…
1,0.93992865,Positive,,,,,,0.12019698,120μ. μέσα σε βουνό: Η καλύτερα φρουρούμενη τράπεζα στον κόσμο κρύβει την τελευταία ελπίδα της ανθρωπότητας https://t.co/mt6NfF4IF3 #ΚΟΣΜΟΣ #ΠΕΡΙΒΑΛΛΟΝ #ΦΥΤΑ https://t.co/mTskwTJMaC
1,0.79360175,Positive,,,,,,0.18958242,"3️⃣   Όπως κάθε παρασκευή, συλλογή ρεπορτάζ για την κλιματική αλλαγή και οι πιο ενδιαφέρουσες αναλύσεις για θέματα της διεθνούς επικαιρότητας. Το Νήμα είναι η μεγάλη εικόνα των ειδήσεων. Κάθε παρασκευή στο mailbox σας μεσω του @substack https://t.co/HGEPncojkp"
1,0.83228093,Positive,,,,,,0.15970667,Γεωργία: Πυρκαγιές και κλιματική αλλαγή απειλούν τα παρθένα δάση της χώρας https://t.co/c1uQ2bPY6V
0,0.34520683,Negative,,,,,,0.2902602,"Πωλήσεις που σημείωσαν ρεκόρ δεκαετίας, αλλά και ανησυχία για το επιβαρυμμένο οικονομικό περιβάλλον εξαιτίας των πληθωριστικών πιέσεων και των ανατιμήσεων, είναι τα βασικά συμπεράσματα της 8ης ετήσιαςέκθεσης Υδατοκαλλιέργειας, που εκδόθηκε φέτος από

https://t.co/WB3OJ03yPn https://t.co/xTR7ADaZ5w"
0,0.2041295,Negative,,,,,,0.17993519,"ΠτΔ και η ε/κ πλευρά με αποφασιστικότητα και θέληση στοχεύουν σε δίκαιη και βιώσιμη λύση του Κυπριακού, είπε ο Καρούσος

https://t.co/nLjYLfh936"
0,0.38215914,Negative,,,,,,0.27056953,Ε.Ε: Η εισβολή της Ρωσίας στην Ουκρανία πάει πίσω την πράσινη ανάπτυξη https://t.co/3Ui14z8zYn #οικονομια #news #Πολεμος_στην_Ουκρανια #πανδημια #greece #survivorGR
1,0.6711901,Positive,,,,,,0.26441061,Ευτυχίδου (ΓΓ Βιομηχανίας): Η πρώτη Εθνική Στρατηγική Βιομηχανίας για τη βιώσιμη οικονομική ανάπτυξη και την κοινωνική ευημερία https://t.co/gaJBOpnEfV #businessnewsgr
1,0.7495788,Positive,,,,,,0.1882556,"Έρευνα: Πώς η κλιματική αλλαγή αυξάνει την έμφυλη βία,
https://t.co/lD0tc1x3Nb,"
0,0.30907613,Negative,,,,,,0.25428188,Ζερεφός για κλιματική αλλαγή: Αύξηση μέσης θερμοκρασίας και μείωση βροχοπτώσεων στην Ελλάδα #Δημοκρατική #Ρόδος #Δωδεκάνησα https://t.co/I3KBKvlhRQ
1,0.7605163,Positive,,,,,,0.20562562,"Τι επισημαίνει ο γραμματέας της Ακαδημίας Αθηνών και εθνικός εκπρόσωπος της Ελλάδας για την Κλιματική Αλλαγή, Χρήστος Ζερεφός. https://t.co/UuRLc4CLqP"
0,0.07386228,Negative,,,,,,0.10981381,"Τι φταίει τελικά; Η κλιματική κρίση; Οι ελλιπείς καθαρισμοί των δασικών εκτάσεων; Οι εμπρησμοί ή η ανθρώπινη αμέλεια; Ή μήπως τελικά ένα κοκτέιλ των παραπάνω;
#φωτια 

https://t.co/keCuS1UfKg"
0,0.44342107,Negative,,,,,,0.21829359,"Άρθρο Θέμιδος Ευτυχίδου, ΓΓ Βιομηχανίας: Η πρώτη Εθνική Στρατηγική Βιομηχανίας για τη βιώσιμη οικονομική ανάπτυξη και την κοινωνική ευημερία

https://t.co/2kjeTRGy6C"
0,0.39559138,Negative,,,,,,0.30096364,"«Οι πυρκαγιές είναι πανευρωπαϊκό, αλλά και παγκόσμιο φαινόμενο, που σχετίζεται με την κλιματική κρίση. Γινόμαστε μάρτυρες πυρκαγιών ακόμα και στη Σιβηρία, αλλά και σε άλλα ""απίθανα"" μέρη. Η αιτία είναι η μείωση της σχετικής υγρασίας του εδάφους

https://t.co/QyNmHGeVae"
1,0.84084684,Positive,,,,,,0.18335208,Κλιματική αλλαγή: Στα χαρτιά οι υποσχέσεις για οικονομική βοήθεια στις ευάλωτες χώρες - https://t.co/7mAeMytfEw https://t.co/Gr5EnsrESp
1,0.88556343,Positive,,,,,,0.15796594,Κλιματική αλλαγή: Στα χαρτιά οι υποσχέσεις για οικονομική βοήθεια στις ευάλωτες χώρες - https://t.co/nyJdyBmkdi https://t.co/SGef0RV4Lo
0,0.44008407,Negative,,,,,,0.27852422,Οι νέες μπαταρίες θα μειώσουν σημαντικά το αποτύπωμα άνθρακα στα ηλεκτρικά αυτοκίνητα - https://t.co/y8HB9jvY1F https://t.co/k2XRfWqOfy
0,0.08930243,Negative,,,,,,0.10331771,Ρύπανση: Πώς ο καθαρός αέρας επιδεινώνει την κλιματική αλλαγή - https://t.co/4Bi7NvrAUf https://t.co/RpMAe4fdxy
0,0.1422407,Negative,,,,,,0.14374025,Ρύπανση: Πώς ο καθαρός αέρας επιδεινώνει την κλιματική αλλαγή - https://t.co/gWIcTuzmiC https://t.co/86MMiUhmgg
1,0.8931986,Positive,,,,,,0.105163954,Ο καιρός και το κλίμα συγχέονται συχνά: Το ζεστό καλοκαίρι και η κλιματική αλλαγή https://t.co/q0TwxTU42e
1,0.83832735,Positive,,,,,,0.16047141,"Τότε το λέγαμε καλοκαίρι, σήμερα κλιματική αλλαγή - Documento https://t.co/aNwJrUxa7v"
0,0.081514195,Negative,,,,,,0.095009774,RT @TheOpinion_News: Πέντε τρόποι για να «επιβιώσετε» σε ένα τοξικό εργασιακό περιβάλλον https://t.co/p6EscGkOrL #Thessaloniki #skg #TheOpi…
1,0.8387262,Positive,,,,,,0.14519353,"Τότε το λέγαμε καλοκαίρι, σήμερα κλιματική αλλαγή https://t.co/BP41yJcmzp"
0,0.18360893,Negative,,,,,,0.15144609,Όλοι Μαζί Μπορούμε: Διπλή δράση ποτίσματος στην Πεντέλη την Παρασκευή 5 Αυγούστου https://t.co/dx4207RyPJ
0,0.10426864,Negative,,,,,,0.117587425,"Η Siemens λανσάρει την Building X, μια ανοιχτή σουίτα με AI δυνατότητες για κτήρια με μηδενικό αποτύπωμα άνθρακα https://t.co/eZDFSzliQC"
1,0.59968877,Positive,,,,,,0.27568293,"Γροιλανδία: Η κλιματική αλλαγή αλλοιώνει το τοπίο, μέχρι και τη γλώσσα της - https://t.co/PufFExnljc https://t.co/EqIHTQHNUc"
1,0.6178276,Positive,,,,,,0.27420565,"Γροιλανδία: Η κλιματική αλλαγή αλλοιώνει το τοπίο, μέχρι και τη γλώσσα της - https://t.co/KzcFFaKPno https://t.co/xUEsoI9Uzm"
0,0.22490714,Negative,,,,,,0.17885397,Κλιματική αλλαγή: Γιατί τα βράδια μας ιδιαίτερα γίνονται όλο και πιο καυτά - https://t.co/tMgY3KxQHo https://t.co/BtQiUqyKkR
0,0.22079596,Negative,,,,,,0.19596848,Κλιματική αλλαγή: Γιατί τα βράδια μας ιδιαίτερα γίνονται όλο και πιο καυτά - https://t.co/0ZgrTG3aKC https://t.co/nfaMMWuJME
0,0.07190347,Negative,,,,,,0.102703854,Ένωση Ελλήνων Εφοπλιστών: Οι Έλληνες εφοπλιστές ναυπηγούν 173 πλοία φιλικά προς το περιβάλλον - mononews #mononewsGR https://t.co/JEoq4BKDCa
0,0.24603415,Negative,,,,,,0.25226682,Κλιματική κρίση: «Επικίνδυνα ανεξερεύνητος» είναι ο κίνδυνος της εξαφάνισης του ανθρώπινου είδους https://t.co/PmOlSjgRPr
0,0.10231421,Negative,,,,,,0.11064025,Δήμος Παιανίας: Νέοι κάδοι απορριμμάτων και ανακύκλωσης – Ισ. Μάδης: Προστατεύουμε κατοίκους και περιβάλλον https://t.co/SrSyrFTZJ7 #ΑΥΤΟΔΙΟΙΚΗΣΗ #ΔΗΜΟΣΠΑΙΑΝΙΑΣ #ΚΑΔΟΙΑΠΟΡΡΙΜΜΑΤΩΝ By https://t.co/p9zfHy5mYe
0,0.048566904,Negative,,,,,,0.08039165,Να σταματήσει η κοροϊδία με τα Άγραφα  «Απάτητα Βουνά» https://t.co/1mnS9a8d4P
0,0.24487317,Negative,,,,,,0.18238379,RT @mdenaxa: Ετσι καταπολεμούν την κλιματική αλλαγή =&gt; 🇫🇷 Με αναμμένους τους κινητήρες για να λειτουργεί ο κλιματισμός των αυτοκινήτων και…
1,0.51197517,Positive,,,,,,0.28899157,"Κλιματική Αλλαγή: «Καμπανάκι» των επιστημόνων - Αναμένονται ακραία φαινόμενα
 #ΚΑΙΡΙΚΑΦΑΙΝΟΜΕΝΑ #ΚΛΙΜΑΤΙΚΗΑΛΛΑΓΗ #ΠΛΗΜΜΥΡΕΣ #ΥΠΕΡΘΕΡΜΑΝΣΗ

https://t.co/ojPVhaVJZ7"
0,0.35339892,Negative,,,,,,0.25058487,#ΕΥΔΑΠ: Η κυκλική οικονομία γίνεται πράξη σε 4 άξονες - #mononewsGR https://t.co/Q9VWLw5oSH
1,0.82694197,Positive,,,,,,0.21245296,"ΔΗΜΟΣ ΝΕΑΠΟΛΗΣ-ΣΥΚΕΩΝ: Επένδυση 4,5 εκατ. στο περιβάλλον και στην οικονομία - https://t.co/jQyuvoc6gB #ΔήμοςΝεαπολεωςΣυκεων #ΕΝΕΡΓΕΙΑ #επένδυση #οικονομία"
1,0.7145223,Positive,,,,,,0.29648256,"Ιδιαίτερα καταστροφική για την ανθρωπότητα μπορεί να αποδειχθεί η κλιματική αλλαγή, αν η άνοδος της παγκόσμιας θερμοκρασίας είναι τελικά ανώτερη της αναμενόμενης, λένε οι επιστήμονες. 
#ValueNewsgr #valuenews #news #Greecenews 
https://t.co/Hhg5FvyfG0"
0,0.45590088,Negative,,,,,,0.28180087,[Κλικ και διαβάστε στο cnn]Οι  #Επιστήμονες προειδοποιούν: Έχει υποτιμηθεί η κλιματική  #Αλλαγή https://t.co/aKlps1C2pg
1,0.6694636,Positive,,,,,,0.23495173,SOS από τους επιστήμονες: Η κλιματική αλλαγή μπορεί να φέρει το τέλος της ανθρωπότητας - https://t.co/coG8iJMdXS https://t.co/s08tCtWGii
0,0.3711219,Negative,,,,,,0.15378822,Οι επιστήμονες προειδοποιούν: Έχει υποτιμηθεί η κλιματική αλλαγή - https://t.co/zZBpYYUyFW https://t.co/2g966Avnk9
1,0.5494507,Positive,,,,,,0.26964712,Οι επιστήμονες προειδοποιούν: Η κλιματική αλλαγή μπορεί να φέρει ακόμη και το τέλος της ανθρωπότητας - mononews #mononewsGR https://t.co/GH1gW31WEA
0,0.37973922,Negative,,,,,,0.24240208,Ερευνητές προειδοποιούν: «Η κλιματική αλλαγή μπορεί να φέρει ακόμη και τον αφανισμό της ανθρωπότητας» https://t.co/CKxMyuKo39
0,0.0417351,Negative,,,,,,0.07264474,"«Ας προετοιμαζόμαστε για το χειρότερο»

Έχει υποτιμηθεί ότι η κλιματική αλλαγή μπορεί να φέρει ακόμη και το καταστροφικό τέλος της ανθρωπότητας, προειδοποιούν επιστήμονες

https://t.co/u6dBHlAuVq

#ClimateCrisis #climateChange"
0,0.3882787,Negative,,,,,,0.25313714,"Γκριμάλντι: Διαθέτουμε στόλο σύγχρονο, αποδοτικό και βιώσιμο - Στη Νάπολη το νεότευκτο υβριδικό Eco Adriatica - mononews #mononewsGR https://t.co/S0606Nawju"
1,0.55222416,Positive,,,,,,0.2196104,Η κλιματική αλλαγή μπορεί να φέρει ακόμη και τον αφανισμό της ανθρωπότητας ⋆ TirnavosPress https://t.co/SadTzl4CcW
1,0.7681751,Positive,,,,,,0.20532112,Η Nissan εγκαινιάζει βιώσιμο χρηματοδοτικό πλαίσιο για τη χρηματοδότηση ηλεκτρικών οχημάτων https://t.co/DYf2x0UjS5
1,0.77318823,Positive,,,,,,0.19814947,Η Nissan εγκαινιάζει βιώσιμο χρηματοδοτικό πλαίσιο για τη χρηματοδότηση ηλεκτρικών οχημάτων ... https://t.co/S4VO57tjZO
1,0.69651663,Positive,,,,,,0.2260971,"#ΕΥΔΑΠ: Έμφαση στην πράσινη ενέργεια από Βιοαέριο, Υδροηλεκτρικά και Φωτοβολταϊκά - #mononewsGR https://t.co/6K8WZScZEN"
0,0.26457667,Negative,,,,,,0.24673165,Την οργή της Κίνας προκαλεί η “απόβαση” Πελόζι στην Ταϊβάν. Κρίσιμο τεστ σε περιβάλλον διεθνών γεωπολιτικών απειλών https://t.co/9PRQSE7n7L
1,0.69349676,Positive,,,,,,0.2173561,H κλιματική αλλαγή θα φέρει το «καταστροφικό τέλος της ανθρωπότητας» – Συναγερμός από τους επιστήμονες https://t.co/M08xt98agG
0,0.10138877,Negative,,,,,,0.11794244,Περιφέρεια Θεσσαλίας και ΕΚΠΑ μελετούν τις επιπτώσεις του Ιανού στη Λίμνη Πλαστήρα https://t.co/CNL4PetVDj
0,0.13623697,Negative,,,,,,0.111196615,[Κλικ και διαβάστε στο newsbomb]Αειφορία σε τρεις άξονες: Οι δράσεις της Henkel για το περιβάλλον https://t.co/9c1CUdZu3s
1,0.9036848,Positive,,,,,,0.13433944,"Ενημερωτικό Δελτίο
• Πολιτισμός • Υγεία  • Τουρισμός • Οικονομία • Ενέργεια • Περιβάλλον • Βραζιλία • Αεροδρόμια • Γαστρονομία •
https://t.co/hE110j0qvw https://t.co/74lYoJBElt"
0,0.27896994,Negative,,,,,,0.18443717,"Φωτιές και κλιματική αλλαγή πλήττουν την μελισσοκομία

Ο υφυπουργός Αγροτικής Ανάπτυξης, @SimosKedikoglou, αρθρογραφεί στο Newsbeast

https://t.co/b9xfv2aY9x"
0,0.4512112,Negative,,,,,,0.18309166,Έχει υποτιμηθεί η κλιματική αλλαγή προειδοποιούν οι επιστήμονες - https://t.co/MYmuj8PHSi https://t.co/j5noRYdlb4
1,0.7979654,Positive,,,,,,0.22348605,"Έχουμε γράψει πολλά άρθρα για τους τοξικούς ανθρώπους. Είναι άλλωστε άνθρωποι που έχουμε γύρω μας, είτε στο επαγγελματικό μας περιβάλλον, είτε στην προσωπική μας ζωή.
#ValueNewsgr #valuenews #GreeceNews #news https://t.co/LCha24M6MO"
0,0.3158615,Negative,,,,,,0.25164437,"RT @MumRa667: Εύβοια 2022
Αυτή η φωτό ειναι αφιερωμενη εξαιρετικά σε ολα τα σκουπιδια και τα λαμογια που θεωρουν οτι οι καταστροφές του περ…"
0,0.21334241,Negative,,,,,,0.20601638,"Κλιματική αλλαγή, σύγκρουση στον Ειρηνικό, απερίσκεπτοι “ηγέτες”, πολύτιμοι ημιαγωγοί, κυρώσεις και στις γκόμενες τις νυν και τις επόμενες. Ευτυχώς που τα άστρα είναι θετικά σήμερα… https://t.co/0JWzuOPJbw"
1,0.7612183,Positive,,,,,,0.21762542,"Τότε το λέγαμε καλοκαίρι, σήμερα κλιματική αλλαγή – Ειδήσεις – νέα – Το Βήμα Online https://t.co/kmMwciZqth"
1,0.56518817,Positive,,,,,,0.2313329,[Κλικ και διαβάστε στο mononews]Stéphane Monier(Lombard Odier):  Πότε ενσωματώνουμε τις τεχνολογικές επενδύσεις σε ένα βιώσιμο χαρτοφυλάκιο https://t.co/THXJ0Jo07h
1,0.91043496,Positive,,,,,,0.12256612,"Η καθαρή ενέργεια, η βιώσιμη ανάπτυξη και η προστασία του περιβάλλοντος “πρωταγωνιστούν” στο αφιέρωμα της Κυκλικής Οικονομίας στην 86η ΔΕΘ https://t.co/s0snyb05ZF"
0,0.021962857,Negative,,,,,,0.038848124,Η βιώσιμη ανάπτυξη γίνεται τρόπος ζωής: Ανακύκλωση και δράσεις για το περιβάλλον - https://t.co/trsLuY2w23 https://t.co/Yt7X6eCK6N
1,0.5506286,Positive,,,,,,0.27812344,RT @LykavitosGr: Ερευνητές: Η Κλιματική Αλλαγή μπορεί να φέρει ακόμη και τον αφανισμό της ανθρωπότητας  #ερευνητές #κλιματική_αλλαγή #ανθρω…
1,0.5373731,Positive,,,,,,0.27909982,RT @LykavitosGr: Ερευνητές: Η Κλιματική Αλλαγή μπορεί να φέρει ακόμη και τον αφανισμό της ανθρωπότητας  #ερευνητές #κλιματική_αλλαγή #ανθρω…
1,0.7227459,Positive,,,,,,0.20430543,SOS από τους επιστήμονες: Η κλιματική αλλαγή μπορεί να φέρει το τέλος της ανθρωπότητας https://t.co/oG2sndxNaZ
1,0.8137329,Positive,,,,,,0.20959604,Νέα μελέτη: Η κλιματική αλλαγή μπορεί να φέρει το τέλος της ανθρωπότητας https://t.co/raTPGemNV0
0,0.35746384,Negative,,,,,,0.2240809,"Εκμεταλλευόμενοι το ασταθές διεθνές περιβάλλον, οι Τούρκοι απασφάλισαν πλήρως
#τουρκια
https://t.co/urWLAjqlMN"
0,0.21695939,Negative,,,,,,0.16471593,Ολλανδία: Η κυβέρνηση κήρυξε κατάσταση λειψυδρίας λόγω ξηρασίας - https://t.co/eiOPQNSsIs https://t.co/On7sF9ogAe #Βροχή #Κυβέρνηση #Λειψυδρία #Ξηρασία #Ολλανδία #Περιβάλλον
0,0.42287838,Negative,,,,,,0.27837294,[Κλικ και διαβάστε στο skai](video)«Ένα γράμμα από την Ιένη»: Μία ταινία για το περιβάλλον από τη Σενεγάλη με μηνύματα για την  #Ελλάδα https://t.co/EJtRm4UQFm
0,0.29677764,Negative,,,,,,0.17379217,Τράπεζα Πειραιώς: Καθαρά κέρδη 614 εκατ. ευρώ στο α’ εξάμηνο. Χρήστος Μεγάλου: Το 2022 μπήκαν τα θεμέλια για βιώσιμη κερδοφορία https://t.co/wD9dqEGsA6
1,0.5897923,Positive,,,,,,0.1987413,"Μια ταινία για το θαλάσσιο περιβάλλον στη #Σενεγάλη που κουβαλάει μηνύματα για την #Ελλάδα 

https://t.co/nlnHmRd0eL https://t.co/iryihycYcb"
0,0.29784265,Negative,,,,,,0.2000053,Το CNN ετοιμάζει προπαγάνδα για την κλιματική αλλαγή https://t.co/mdzf4Y8c5n
0,0.18829498,Negative,,,,,,0.18368292,Πώς ο θόρυβος από τα οχήματα επηρεάζει την υγεία https://t.co/VU7n9Qp1HO #ΕΡΕΥΝΕΣ #ΠΕΡΙΒΑΛΛΟΝ https://t.co/ceSj2byi0l
1,0.5225975,Positive,,,,,,0.27075496,Η κλιματική αλλαγή επηρεάζει το φύλο των θαλάσσιων χελωνών - LarissaPress https://t.co/XDQHhYshUw
1,0.55464756,Positive,,,,,,0.245675,Stéphane Monier (Lombard Odier): Πότε ενσωματώνουμε τις τεχνολογικές επενδύσεις σε ένα βιώσιμο χαρτοφυλάκιο - mononews #mononewsGR https://t.co/fV94jKDBCh
0,0.43564546,Negative,,,,,,0.18097073,Η κυκλική οικονομία στο επίκεντρο αφιερώματος της 86ης ΔΕΘ https://t.co/KxyyVgCJbD #businessnewsgr
0,0.47412246,Negative,,,,,,0.26045197,[Κλικ και διαβάστε στο iefimerida] #Θεσσαλονίκη: Η κυκλική οικονομία στο επίκεντρο του αφιερώματος της φετινής 86ης ΔΕΘ https://t.co/lg04RGIjUk
0,0.44087142,Negative,,,,,,0.20825936,RT @TheOpinion_News: Θεσσαλονίκη: Η κυκλική οικονομία στο επίκεντρο του αφιερώματος της φετινής 86ης ΔΕΘ https://t.co/jf0vVeQ5ir #Thessalon…
0,0.28389245,Negative,,,,,,0.20594172,ΔΕΗ: Δέσμευση στο Science Based Targets initiative για την κλιματική κρίση https://t.co/l8QDCCtLAJ
1,0.808311,Positive,,,,,,0.2308395,Κλιματική κρίση – Προειδοποιούν οι ειδικοί: Ο κόσμος να είναι προετοιμασμένος για ένα πιθανό “κλιματικό τέλος” https://t.co/UuhWRV70UU
1,0.86743236,Positive,,,,,,0.2133406,"Η ΔΕΗ έχει μειώσει τις εκπομπές διοξειδίου του άνθρακα κατά 32% το 2021, σε σχέση με το 2019 και επιπλέον, υλοποιεί ένα επενδυτικό σχέδιο που θα αυξήσει την ισχύ της παραγωγής της από ανανεώσιμες πηγές ενέργειας σε 9,5 GW το 2026, από 3,4 GW που είναι

https://t.co/8Cj8qf9d9m"
0,0.2754066,Negative,,,,,,0.17546575,ΔΕΗ: Δέσμευση στο Science Based Targets initiative για την κλιματική κρίση https://t.co/GLZoJu2WXn
0,0.25852954,Negative,,,,,,0.21259522,ΔΕΗ: Δέσμευση στο Science Based Targets initiative για την κλιματική κρίση https://t.co/DJTfweQnNK #businessnewsgr
0,0.3550344,Negative,,,,,,0.26431087,Πώς επηρεάζει o τουρισμός την κλιματική αλλαγή; | DW | 04.08.2022 https://t.co/jvcfN8RvFv
0,0.24012059,Negative,,,,,,0.2456808,Με τους Πυροσβέστες από Φινλανδία και Νορβηγία ο Υπουργός Κλιματικής Κρίσης και Πολιτικής Προστασίας: «Η Ευρώπη ενώνει δυνάμεις ενάντια στην κλιματική κρίση» https://t.co/GG09VFec9A
1,0.7188112,Positive,,,,,,0.19560817,RT @Moneypressgr: 86η ΔΕΘ: Η κυκλική οικονομία στο επίκεντρο του ειδικού αφιερώματος  #moneypress https://t.co/tuRkTMKiwC
1,0.72879076,Positive,,,,,,0.18431868,86η ΔΕΘ: Η κυκλική οικονομία στο επίκεντρο του ειδικού αφιερώματος  #moneypress https://t.co/tuRkTMKiwC
0,0.4106959,Negative,,,,,,0.26853403,"Οι πρώτοι «πρόσφυγες» από την Κλιματική Αλλαγή – Βυθίζονται χωριά στα νησιά Φίτζι 
#κλιματικη #αλλαγη #κλιματικη_αλλαγη #ClimateCrisis #ClimateEmergency #Fiji 

https://t.co/20JL6OeXeQ"
0,0.4351737,Negative,,,,,,0.31334087,Εκδήλωση για την κλιματική κρίση και οι συνέπειες της https://t.co/NRjFXnR054
0,0.04978832,Negative,,,,,,0.082703546,Η βιώσιμη ανάπτυξη γίνεται τρόπος ζωής: Ανακύκλωση και δράσεις για το περιβάλλον https://t.co/Tb7bBHo1Cb
1,0.6673775,Positive,,,,,,0.19258462,#κλίμα #περιβάλλον #καιρός #ΕΛΛΑΔΑ #meteo #NEWS247 #Πυρκαγια https://t.co/5ilzPxa1KL
0,0.23712939,Negative,,,,,,0.23162663,RT @LykavitosGr: Τα νησιά Φίτζι βυθίζονται με τους κατοίκους να εγκαταλείπουν τα χωριά τους (βίντεο)  #νησιά_Φίτζι #κλιματική_κρίση https:/…
0,0.10869111,Negative,,,,,,0.17375606,RT @LykavitosGr: Τα νησιά Φίτζι βυθίζονται με τους κατοίκους να εγκαταλείπουν τα χωριά τους (βίντεο)  #νησιά_Φίτζι #κλιματική_κρίση https:/…
0,0.15921983,Negative,,,,,,0.14063524,Καστοριά: Παραβατική αρκούδα που μεταφέρθηκε σε άλλη περιοχή επέστρεψε στον τόπο του εγκλήματος https://t.co/XizUxbJpmX #ΑΡΘΡΑ #ΑΡΚΟΥΔΑ #ΚΑΣΤΟΡΙΑ #ΠΕΡΙΒΑΛΛΟΝ By https://t.co/p9zfHy5mYe https://t.co/LFy4qIu4aL
0,0.2856884,Negative,,,,,,0.25286648,"«Πρόκειται για συνήθη πρακτική των ζώων να επιστρέφουν εκ νέου στο περιβάλλον που είχαν γνωρίσει η ζήσει για ορισμένο χρονικό διάστημα ως βιότοπο τους», δηλώνει στο ΑΠΕ ΜΠΕ ο διευθυντής της Περιβαλλοντικής οργάνωσης «Καλλιστώ», Σπύρος Ψαρούδας,

https://t.co/Z8eHsu2QPj https://t.co/9BMjpzoS1n"
1,0.8293268,Positive,,,,,,0.24603938,"Αυτού του είδους η προσφυγιά θα μας απασχολήσει έντονα τα προσεχή χρόνια

#znews #κλιματικηαλλαγη #περιβαλλον #προσφυγες https://t.co/6tiIhwFWSb"
0,0.47975037,Negative,,,,,,0.30075905,Η Κίνα αναστέλλει τον στρατιωτικό διάλογο με τις ΗΠΑ - Παύουν οι συζητήσεις και για την κλιματική αλλαγή https://t.co/kQGLwvDLhZ
0,0.24046476,Negative,,,,,,0.19034469,«Βιώσιμη Ανάπτυξη στην Ορεινή Κρήτη» https://t.co/KP6nvztaej
0,0.42034954,Negative,,,,,,0.27558377,"Πώς επηρεάζει o τουρισμός την κλιματική αλλαγή;,
https://t.co/Zip0j5Qvc6,"
0,0.25743568,Negative,,,,,,0.21456891,"#ΙδέεςκαιΑπόψεις

Υπάρχει χρόνος να αντιστρέψουμε την κλιματική αλλαγή

Κείμενο του δημοσιογράφου, Δημήτρη Κωνσταντακόπουλου

https://t.co/dk8NLPKLA6

#ClimateChange https://t.co/z7qhzMYfZX"
0,0.44375378,Negative,,,,,,0.21507034,Tουρισμός: και κλιματική αλλαγή | Ειδήσεις – νέα – Το Βήμα Online https://t.co/DygcM6wlLd
1,0.77803636,Positive,,,,,,0.20927273,Oι επιστήμονες εκπέμπουν SOS: Η κλιματική αλλαγή μπορεί να φέρει το τέλος της ανθρωπότητας https://t.co/Euex6bUQai
1,0.6755964,Positive,,,,,,0.25363952,Η κλιματική αλλαγή στοιχίζει τη ζωή σε χιλιάδες Ευρωπαίους - Ανησυχητικά στοιχεία για τους καύσωνες - https://t.co/pbrN25IwNd https://t.co/ScUGln1Rqo
1,0.89396775,Positive,,,,,,0.1505832,"Πρόκειται για ερευνητικό έργο στο πλαίσιο του οποίου θα υλοποιηθούν δράσεις που θα παρέχουν νέα γνώση στα στοιχεία που αφορούν το βιοτικό και αβιοτικό περιβάλλον του νησιού, το οικοσύστημα και την εξέλιξη της οριοθέτησής του… https://t.co/UoaXAfQHyU"
0,0.17622319,Negative,,,,,,0.19223848,ΗΠΑ: «Ξεκόλλησε» φιλόδοξο νομοσχέδιο για κλιματική αλλαγή - υγεία https://t.co/ZJOQbZhTX4 #businessnewsgr
1,0.5998623,Positive,,,,,,0.27221212,Κουτσούμπας: Το σκάνδαλο των παρακολουθήσεων φέρνει στην επιφάνεια ένα σκοτεινό περιβάλλον - «Ναι» στη σύσταση εξεταστικής https://t.co/HtcUYpfy6G
1,0.61232316,Positive,,,,,,0.23328908,"Δημήτρης Κουτσούμπας: 
«Το σκάνδαλο των παρακολουθήσεων φέρνει στην επιφάνεια ένα σκοτεινό περιβάλλον και ένα διάτρητο θεσμικό πλαίσιο» 

https://t.co/qP9VAOfXGw https://t.co/BiKVmKemEV"
0,0.07379801,Negative,,,,,,0.09892817,Η Οικολογική Πρωτοβουλία Χανίων κάνει λόγο για υπερ-τουριστική φρενίτιδα που στέλνει χιλιάδες τουρίστες σε συγκεκριμένες ακτές ενώ προωθεί ανεξέλεγκτες καταστροφικές για το περιβάλλον παρεμβάσεις σε προστατευόμενες περιοχές όπως Φαλάσαρνα και Λαφονήσι… https://t.co/Z0ELnVqeGH
0,0.3135187,Negative,,,,,,0.23013167,ΗΠΑ: Το φιλόδοξο νομοσχέδιο για την κλιματική αλλαγή και τη μείωση στις τιμές των φαρμάκων https://t.co/HUtp1T9xdT
1,0.5419384,Positive,,,,,,0.15837918,ΗΠΑ: Στο Κογκρέσο το νομοσχέδιο Μπάιντεν για την κλιματική αλλαγή - https://t.co/GcLI6Pth6r https://t.co/OVdJMjDpmQ
0,0.38537976,Negative,,,,,,0.2452699,Μαγιόρκα: Πώς επηρεάζει o τουρισμός την κλιματική αλλαγή; https://t.co/cPRwktIbr9
0,0.26376522,Negative,,,,,,0.23210943,DW: Πώς επηρεάζει o τουρισμός την κλιματική αλλαγή; - Το (ακραίο) παράδειγμα της Μαγιόρκα - https://t.co/CAsU0pgMKa https://t.co/A6ZzdsRgdS
0,0.35276628,Negative,,,,,,0.24272181,"RT @gt_kke: 🔴Το σκάνδαλο των παρακολουθήσεων φέρνει στην επιφάνεια ένα σκοτεινό περιβάλλον &amp; διάτρητο θεσμικό πλαίσιο
🔴Το ΚΚΕ συμφωνεί στη…"
0,0.49096167,Negative,,,,,,0.2625417,Το σκάνδαλο των παρακολουθήσεων φέρνει στην επιφάνεια ένα σκοτεινό περιβάλλον κι ένα διάτρητο θεσμικό πλαίσιο https://t.co/OrbPTY7Dz3
0,0.1103015,Negative,,,,,,0.1286082,"Το «ΑΝΑΚΥΚΛΩΝΩ-ΑΛΛΑΖΩ ΣΥΣΚΕΥΗ» επιχορηγεί νοικοκυριά για την αντικατάσταση παλαιών ηλεκτρικών συσκευών με νέες, φιλικές προς το περιβάλλον και ενεργειακά πιο αποδοτικές… η κυβέρνηση όμως του “άλλαξε” το όνομα σε… «ΔΕΝ ΑΝΑΚΥΚΛΩΝΩ-ΔΕΝ ΑΛΛΑΖΩ ΣΥΣΚΕΥΗ» https://t.co/TnbsgyaH4O"
1,0.7875409,Positive,,,,,,0.21401817,ΗΠΑ: Πέρασε από την Γερουσία το νομοσχέδιο Μπάιντεν για την κλιματική αλλαγή και την Υγεία https://t.co/lfLNVc0Sev
0,0.46075195,Negative,,,,,,0.24075994,"Ευρώπη - Ιταλία: Η κλιματική αλλαγή ""πληγώνει"" το λάδι και το κρασί https://t.co/wHu6PPoAl2"
1,0.9570838,Positive,,,,,,0.10607901,Γιατί «βράζει» η αγορά ενέργειας με τη ΔΕΗ και τις Ανανεώσιμες Πηγές Ενέργειας https://t.co/yG4GaCRQhO
0,0.34982896,Negative,,,,,,0.20786417,ΗΠΑ: Το φιλόδοξο νομοσχέδιο για την κλιματική αλλαγή και τη μείωση στις τιμές των φαρμάκων https://t.co/POH0C7YBUn
0,0.4034954,Negative,,,,,,0.22467165,WWF: Η βιώσιμη αλιεία γίνεται πράξη σε Άνδρο και Κύθνο https://t.co/XiGrgCnQRK
0,0.37628546,Negative,,,,,,0.3205071,[Κλικ και διαβάστε στο Real News] #Μελέτη: Η κλιματική  #Αλλαγή επιδεινώνει πάνω από τις μισές μεταδοτικές ασθένειες στη Γη https://t.co/D20lgqpn7U
0,0.42511964,Negative,,,,,,0.30563697,[Κλικ και διαβάστε στο cnn] #Μελέτη: Η κλιματική  #Αλλαγή επιδεινώνει πάνω από τις μισές μεταδοτικές ασθένειες στη Γη https://t.co/NikmCyp7zM
1,0.6607037,Positive,,,,,,0.14290507,«Καμπανάκι» των επιστημόνων για την κλιματική αλλαγή – Επιδεινώνει το 58% των ασθενειών https://t.co/6ra0v68aOW
0,0.33989894,Negative,,,,,,0.21597306,Η κλιματική αλλαγή επιδεινώνει τις ανθρώπινες μεταδοτικές ασθένειες https://t.co/4l1cGrlLHe
0,0.41945222,Negative,,,,,,0.278353,Κίνα: Ταχύτερη αύξηση της θερμοκρασίας λόγω της κλιματικής αλλαγής σε σχέση με τον παγκόσμιο μέσο όρο https://t.co/J7vuiEgvQQ #ΚΛΙΜΑ #ΠΕΡΙΒΑΛΛΟΝ https://t.co/aSGboc6hM6
1,0.91577494,Positive,,,,,,0.13422614,"Η κλιματική αλλαγή επιδεινώνει πάνω από τις μισές μεταδοτικές ασθένειες στην  Γη, εκτιμά μία νέα αμερικανο-σουηδική επιστημονική έρευνα

https://t.co/yhxAEstrYQ https://t.co/8dOouxBKiD"
1,0.75232714,Positive,,,,,,0.17621653,Πιλοτικές δράσεις και έργα στο Δήμο Ιωαννιτών για το κλίμα και το περιβάλλον - https://t.co/Wa6jtfETgz https://t.co/uFDMpzuIWK
0,0.26101816,Negative,,,,,,0.21900728,Οι προβλέψεις αυτές διατυπώθηκαν έπειτα από τη δημοσιοποίηση του σχεδίου JetZero της Βρετανικής κυβέρνησης για την αντιμετώπιση του αντίκτυπου που έχουν οι αερομεταφορές στο περιβάλλον. Το σχέδιο δέχθηκε ευρεία κριτική καθώς θεωρήθηκε αναποτελεσματικό. https://t.co/jhzWGZ11eZ
0,0.031012826,Negative,,,,,,0.06837832,Ζάκυνθος: Σκουπιδότοπος το «Ναυάγιο» – Δείτε φωτογραφία https://t.co/DacQmr6GDs #ΑΡΘΡΑ #ΖΑΚΥΝΘΟΣ #ΝΑΥΑΓΙΟ #ΠΕΡΙΒΑΛΛΟΝ #ΣΚΟΥΠΙΔΙΑ By https://t.co/p9zfHy5mYe https://t.co/K9XDQUdYsv
1,0.77709496,Positive,,,,,,0.19678386,Έρευνα: Η κλιματική κρίση επιδεινώνει πάνω από τις μισές ανθρώπινες ασθένειες στη Γη https://t.co/KahkD66SxG
1,0.95752496,Positive,,,,,,0.07831818,Ντύσιμο βιβλίων με διαφανές πλαστικό. Η αχρείαστη “προστασία” που επιβαρύνει το περιβάλλον - Vegan Times https://t.co/ZbJbUjwsNa
1,0.6695396,Positive,,,,,,0.19620366,"RT @KarahaliosNikos: Ερωτηματα κομβικα για τον Ακατανομαστο
Μηπως
1τον κρατανε για ψυχοθεραπευτικους λογους στην Κρητη?
2οι εκρηξεις οργης…"
0,0.06403143,Negative,,,,,,0.15430969,"@Koufii_ds εννοείται, αλλά είναι σκουπίδι της ιστορίας του πολιτισμού και μας το πουλάνε για ατραξιόν, όταν τους επιστρέφουμε τα σκουπίδια, ωω το περιβάλλον."
0,0.49478438,Negative,,,,,,0.24680196,Σαμοθράκη: Σε ύφεση η πυρκαγιά που ξέσπασε τις πρωινές ώρες - https://t.co/1XuVKnpskw #featured #trend #πυρκαγιά #Σαμοθράκη #Ελλάδα #Περιβάλλον
0,0.22851363,Negative,,,,,,0.18278696,Σε εξέλιξη η φωτιά σε δασική έκταση στη Σαμοθράκη - https://t.co/83UTSVEJHY #Σαμοθράκη #φωτιά #Περιβάλλον
1,0.87559205,Positive,,,,,,0.1901214,Κλιματική κρίση: Τα εύπορα κράτη να καταβάλουν αποζημιώσεις στα ευάλωτα κράτη https://t.co/StqBPw5FMA
1,0.7378009,Positive,,,,,,0.258136,Ασφαλές περιβάλλον και δωρεάν νομική βοήθεια για την 26χρονη που την απείλησε με κατσαβίδι ο σύντροφός της https://t.co/q4sTGbkbMO #ΒΟΛΟΣ #ΓΙΩΡΓΟΣΒΕΛΙΣΙΩΤΗΣ #ΕΝΔΟΟΙΚΟΓΕΝΕΙΑΚΗΒΙΑ #ΚΑΤΣΑΒΙΔΙ
0,0.17524657,Negative,,,,,,0.10948508,Νικήτας Σπίνος: Η επιτροπή είναι υπεύθυνη και για το περιβάλλον και για την καθαριότητα στο Ναυάγιο https://t.co/idV2ok1rXE
1,0.69452363,Positive,,,,,,0.3153389,"Κλιματική αλλαγή: Η Μεσόγειος «φλέγεται», ξενικά είδη έρχονται https://t.co/3HmP6gLO62"
0,0.2458767,Negative,,,,,,0.19976196,Κυκλάδες - Κέα: Έκθεση Φωτογραφίας για την κλιματική αλλαγή https://t.co/F5RKLIMWNM
1,0.56675607,Positive,,,,,,0.29702356,RT @LykavitosGr: Η Κλιματική Αλλαγή επιδεινώνει πάνω από τις μισές μεταδοτικές ασθένειες  #κλιματική_αλλαγή #μεταδοτικές #ασθένειες https:/…
1,0.53058404,Positive,,,,,,0.31398392,RT @LykavitosGr: Η Κλιματική Αλλαγή επιδεινώνει πάνω από τις μισές μεταδοτικές ασθένειες  #κλιματική_αλλαγή #μεταδοτικές #ασθένειες https:/…
1,0.79368323,Positive,,,,,,0.16356146,"Η πετρελαιοκηλίδα στον Κόλπο του Μεξικού συνεχίζει να μολύνει το περιβάλλον, λένε οι επιστήμονες https://t.co/B251fRzhTX"
0,0.21007408,Negative,,,,,,0.13534072,Γραμμένη Οξυά Ναυπακτίας: «ΟΛΟΙ ΜΑΖΙ ΜΠΟΡΟΥΜΕ» για το περιβάλλον https://t.co/GK56jHBKsN
1,0.5891897,Positive,,,,,,0.21071354,Νάξος - Δημήτρια 2022: Τελικός πρέφας αλλά και διάλεξη για το περιβάλλον https://t.co/qJd0DTigMe
0,0.39344582,Negative,,,,,,0.26539987,Ν. Σκαμπαρδώνη για ενδοοικογενειακή βία: Απαιτείται ένα οργανωμένο σχέδιο εξόδου για τις γυναίκες που ζουν σε τοξικό περιβάλλον (video) https://t.co/siDfr5Bjtx
1,0.81702673,Positive,,,,,,0.2743025,"Από την πρώτη στιγμή ο δράστης αναζητήθηκε στο περιβάλλον της γυναίκας και προσήχθη ένας άνδρας 50 ετών, ο πρώην σύζυγος της γυναίκας, ο οποίος στη συνέχεια συνελήφθη. Σύμφωνα με πληροφορίες, αγόρασε άκουα φόρτε (υδροχλωρικό

https://t.co/5jxB6VKvoz https://t.co/zuUjpLemWO"
1,0.86583483,Positive,,,,,,0.14320612,"Τα νέα αναδιπλούμενα Samsung Galaxy smartphones ανοίγουν το δρόμο για ένα πιο βιώσιμο μέλλον, παρέχοντας την πιο ευέλικτη εμπειρία κινητής https://t.co/HDYxVTwOWY"
1,0.96283877,Positive,,,,,,0.071837954,"Ενημερωτικό Δελτίο
• Πολιτισμός • Ομογένεια  • Τουρισμός • Οικονομία • Ενέργεια • Περιβάλλον • Έρευνα • Κυκλοφοριακές ρυθμίσεις •
https://t.co/RnV5BLgDDE https://t.co/551zEx9gMT"
0,0.18563543,Negative,,,,,,0.16254759,ΧΑΡΑΛΑΜΠΟΣ ΧΑΡΙΤΟΠΟΥΛΟΣ: ΚΛΙΜΑΤΙΚΗ ΑΛΛΑΓΗ ΚΑΙ ΥΠΕΡΘΕΡΜΑΝΣΗ ΤΟΥ ΠΛΑΝΗΤΗ ΑΛΗΘΕΙΑ Η ΑΠΑΤΗ; https://t.co/0KTbSzz2ux
0,0.13177587,Negative,,,,,,0.16387857,Μαίνεται η φωτιά στη Θάσο - Ενισχύονται οι πυροσβεστικές δυνάμεις (VIDEO) - https://t.co/aOzjFuyPJb #ΘΑΣΟΣ #πυροσβεστική #φωτιά #Περιβάλλον
0,0.13851206,Negative,,,,,,0.17922778,Κλιματική αλλαγή: Η Αρκτική ανεβάζει θερμοκρασία 4 φορές ταχύτερα από την υπόλοιπη Γη – Ειδήσεις – νέα – Το Βήμα Online https://t.co/oztQCGCWxY
0,0.34596625,Negative,,,,,,0.25001526,Η υγιεινή διατροφή ωφελεί και τον πλανήτη https://t.co/mmc9oDhsUt #ΔΙΑΤΡΟΦΗ #ΠΕΡΙΒΑΛΛΟΝ https://t.co/bKUnXheVck
1,0.9562778,Positive,,,,,,0.11433372,"RT @Moneypressgr: «Τέλεια καταιγίδα» στην Ευρώπη: Μετά την ενεργειακή, η κλιματική κρίση – Σε κί...  #moneypress https://t.co/3Wmqq50rMv"
1,0.93340594,Positive,,,,,,0.11301918,"«Τέλεια καταιγίδα» στην Ευρώπη: Μετά την ενεργειακή, η κλιματική κρίση – Σε κί...  #moneypress https://t.co/3Wmqq50rMv"
0,0.43996283,Negative,,,,,,0.25134528,Νέες μπαταρίες στερεάς κατάστασης με μειωμένο αποτύπωμα άνθρακα στα ηλεκτρικά αυτοκίνητα https://t.co/3Yhxs97DOX
0,0.0893018,Negative,,,,,,0.12324487,Κλιματική αλλαγή: Στο έλεος δασικών πυρκαγιών η νότια Ευρώπη - LarissaPress https://t.co/rHxdqobP5x
0,0.106153786,Negative,,,,,,0.13501063,Ευρώπη - Κλιματική Αλλαγή: Τα δάση στο έλεος της φωτιάς https://t.co/DyT912s1Sq
0,0.109521516,Negative,,,,,,0.13618834,Κλιματική αλλαγή: Η Αρκτική ανεβάζει θερμοκρασία τέσσερις φορές πιο γρήγορα από τον υπόλοιπο κόσμο--https://t.co/tVTAIVrUJb
0,0.29402518,Negative,,,,,,0.22843637,"Η περιοχή είναι πιο ευαίσθητη και ευάλωτη στην κλιματική αλλαγή

#znews #Αρκτικη https://t.co/ILlJvlw4Ag"
0,0.31925103,Negative,,,,,,0.17643969,ΙΛΛΥΡΙΑ WEB TV | ΠΡΟΣΧΗΜΑ ΤΟ ΠΕΡΙΒΑΛΛΟΝ ... ΣΤΟΧΟΣ Η ΕΞΑΘΛΙΩΣΗ ΤΟΥ ΠΟΛΙΤΗ | ΕΙΡΗΝΗ ΚΑΝΕΛΛΟΥ https://t.co/N1aNvwbVNy
0,0.28849462,Negative,,,,,,0.15638769,ΙΛΛΥΡΙΑ WEB TV | ΠΡΟΣΧΗΜΑ ΤΟ ΠΕΡΙΒΑΛΛΟΝ ... ΣΤΟΧΟΣ Η ΕΞΑΘΛΙΩΣΗ ΤΟΥ ΠΟΛΙΤΗ | ΕΙΡΗΝΗ ΚΑΝΕΛΛΟΥ https://t.co/ruOWBav1gI
1,0.67543256,Positive,,,,,,0.26015514,"Η κλιματική αλλαγή δημιουργεί νέα δεδομένα στην Αρκτική

#WeekendEdition 

https://t.co/FhNyNohIsu"
1,0.5385379,Positive,,,,,,0.22628455,Αρκούδα με τα δυο μωρά της βολτάρει σε παραλίμνιο σημείο της πόλης της Καστοριάς - https://t.co/LTMMqkrM3p #αγριαζώα #αρκούδα #Περιβάλλον
1,0.7218791,Positive,,,,,,0.22203283,RT @THEOCHAROUSE: να πως σώζεις τον πλανήτη από την κλιματική αλλαγή
0,0.08192597,Negative,,,,,,0.08812597,Γέμισε με νεκρά ψάρια ποταμός που διαρρέει Πολωνία και Γερμανία – Μεγάλη ανησυχία https://t.co/XkbaqsdkUn #ΕΥΡΩΠΗ #ΚΑΤΑΣΤΡΟΦΕΣ #ΚΟΣΜΟΣ #ΠΕΡΙΒΑΛΛΟΝ https://t.co/ZFWlCgFGT8
0,0.4615395,Negative,,,,,,0.2959202,Κλιματική αλλαγή: Η Ευρώπη έχει παραδοθεί σε ακραία ξηρασία - Οι επιστήμονες δεν είναι αισιόδοξοι - https://t.co/xs5c782Wc6 https://t.co/tHRerPDpZS
0,0.09108717,Negative,,,,,,0.12233822,Πέντε τρόποι για να «επιβιώσετε» σε ένα τοξικό εργασιακό περιβάλλον https://t.co/hzpXhRgszr
0,0.09294628,Negative,,,,,,0.12729907,Πρωτοφανής ξηρασία στην ΕΕ: Χιλιάδες νεκρά ψάρια στον ποταμό Όντερ (VIDEO-ΦΩΤΟ) - https://t.co/eiOPQNSsIs https://t.co/LwgS02yuuI  #Γερμανία #Ευρώπη #Ξηρασία #Περιβάλλον #Πολωνία #Ψάρια
0,0.2256761,Negative,,,,,,0.16938221,ΚΛΙΜΑΤΙΚΗ ΑΛΛΑΓΗ ΚΑΙ ΥΠΕΡΘΕΡΜΑΝΣΗ ΤΟΥ ΠΛΑΝΗΤΗ ΑΛΗΘΕΙΑ Η ΑΠΑΤΗ; https://t.co/TLMwmTrGSn
1,0.5652468,Positive,,,,,,0.24529555,"Η κλιματική αλλαγή δείχνει τα δόντια της στη δυτική και βόρεια Ευρώπη

#znews #ξηρασια #κλιμα #Ρηνος #κλιματική_αλλαγή https://t.co/hraLMTYEZf"
1,0.6223028,Positive,,,,,,0.2967082,"Τοποθέτηση στη Βουλή των Αντιπροσώπων του παρακάτω βουλευτή της παράταξης του Μπάιντεν, ο οποίος υποστήριξε - με αρκετή δόση θάρρους είναι η αλήθεια - πως η κλιματική κρίση είναι «hoax», δηλαδή ένα ΨΕΜΑ!👇 https://t.co/XU6JBbl8nQ"
0,0.36312908,Negative,,,,,,0.22486572,Η κλιματική αλλαγή ειναι υπεύθυνη για την κατάρρευση προηγμένων πολιτισμών? https://t.co/DG1CPvOffQ
0,0.08106623,Negative,,,,,,0.089455254,Κλιματική αλλαγή: Η Αρκτική ανεβάζει θερμοκρασία 4 φορές ταχύτερα από την υπόλοιπη Γη https://t.co/UvbLOC0hxR #ΚΛΙΜΑ #ΠΕΡΙΒΑΛΛΟΝ https://t.co/vcyiAnMHUV
0,0.1112046,Negative,,,,,,0.1093119,Κλιματική αλλαγή: Βρετανός προετοιμάζεται για την «Αποκάλυψη» μετατρέποντας πρώην στρατώνα σε φάρμα - https://t.co/O139lqkdWD https://t.co/ZlTcXdUcH1
1,0.637254,Positive,,,,,,0.19519846,RT @TheOpinion_News: Η κλιματική αλλαγή και η ξηρασία δεν είναι νέα προβλήματα – Τι υποστηρίζει ένας καθηγητής γεω-οικολογίας https://t.co/…
1,0.56689084,Positive,,,,,,0.26542357,Η κλιματική αλλαγή υπεύθυνη για την κατάρρευση προηγμένων πολιτισμών - Τι διδάσκει η Ιστορία - https://t.co/IWL7ufhiUF https://t.co/QXgHH77EI0
1,0.56161684,Positive,,,,,,0.2575961,Η κλιματική αλλαγή εξαφάνισε πολιτισμούς από την εποχή του Χαλκού https://t.co/5A6DeVqSWc #ΑΡΘΡΑ #ΚΛΙΜΑΤΙΚΗΑΛΛΑΓΗ #ΞΗΡΑΣΙΑ By https://t.co/p9zfHy5mYe https://t.co/dkIVqS9TPv
1,0.94212717,Positive,,,,,,0.1143168,Η κλιματική αλλαγή ευθύνεται για την κατάρρευση προηγμένων πολιτισμών – Τι αποκαλύπτει κορυφαίος καθηγητής γεω – οικολογίας https://t.co/9EODcpKZgk
0,0.3922749,Negative,,,,,,0.25155565,"Γκέρχαρντ Γκέρολντ: Η κλιματική αλλαγή υπεύθυνη για την κατάρρευση προηγμένων πολιτισμών

https://t.co/R7x8RbPoKO

#climate https://t.co/geQP0GUKJ2"
1,0.55596626,Positive,,,,,,0.24742757,Κλιματική κρίση: Απειλείται το 1/3 των τροφών που καταναλώνουμε https://t.co/ligsrwfjKH
0,0.16336434,Negative,,,,,,0.19058473,"«ΒΟΜΒΑ» από Ρεπουμπλικάνο στις ΗΠΑ: «ΚΑΜΙΑ “κλιματική κρίση! Είναι όλα HOAX», vid 
https://t.co/KFMIfJ7Z0B"
0,0.3488734,Negative,,,,,,0.2352144,Η κλιματική αλλαγή υπεύθυνη για την κατάρρευση προηγμένων πολιτισμών https://t.co/4DNU57FJv2
0,0.28813788,Negative,,,,,,0.21146229,"Η κλιματική αλλαγή υπεύθυνη για την κατάρρευση προηγμένων πολιτισμών, λέει Γερμανός καθηγητής γεωοικολογίας--https://t.co/WSDnLtVvAN"
1,0.59934235,Positive,,,,,,0.30536807,"Κλιματική κρίση: Απειλείται το ένα τρίτο των τροφών που καταναλώνουμε,
https://t.co/txZzOvbAgF,"
1,0.5292349,Positive,,,,,,0.31318375,Κλιματική κρίση: Απειλείται το ένα τρίτο των τροφών που καταναλώνουμε https://t.co/N2eTQgw53x
0,0.40049633,Negative,,,,,,0.22703597,"Γκέρχαρντ Γκέρολντ: Η κλιματική αλλαγή υπεύθυνη για την κατάρρευση προηγμένων πολιτισμών,
https://t.co/7S8baxJqi1,"
1,0.7912917,Positive,,,,,,0.18308997,SOS για το περιβάλλον: Στο παρελθόν μεγάλοι πολιτισμοί κατέρρευσαν λόγω της κλιματικής αλλαγής. Ιστορικά παραδείγματα https://t.co/u90sN8tVhn
1,0.5932922,Positive,,,,,,0.27649096,Κλιματική κρίση: Απειλείται το 1/3 των τροφών που καταναλώνουμε https://t.co/Ns4GLw9F4p
1,0.53411305,Positive,,,,,,0.2088033,ΙΛΛΥΡΙΑ WEB TV | ΟΙΚΟΝΟΜΙΑ ΚΑΙ ΠΕΡΙΒΑΛΛΟΝ | ΕΙΡΗΝΗ ΚΑΝΕΛΛΟΥ https://t.co/GaVjYv510B
1,0.5505475,Positive,,,,,,0.27790585,"ΗΠΑ: Η κλιματικη αλλαγή μπαίνει και πάλι στην ατζέντα, αναφέρει έρευνα https://t.co/J29LqgogAf"
0,0.1679393,Negative,,,,,,0.12035512,"Καύσιμα, ηλεκτροδότηση των επιβατηγών και ναυπήγηση πλοίων φιλικών προς το περιβάλλον το μείζον πρόβλημα της ακτοπλοΐας - mononews #mononewsGR https://t.co/NSKfSdQ2eb"
1,0.7915308,Positive,,,,,,0.18326068,"Τα τρόφιμα που κάνουν καλό στην υγεία, ωφελούν και το περιβάλλον https://t.co/QgXnuOs3OH"
0,0.13331814,Negative,,,,,,0.19356148,Κλιματική αλλαγή: Οι πυρκαγιές καταστρέφουν πλέον διπλάσια επιφάνεια δασών σε σχέση με τις αρχές του αιώνα https://t.co/ugD17Yvn15
0,0.11624383,Negative,,,,,,0.1425893,Ευρώπη- Κλιματική Αλλαγή: Τα τελευταία 20 χρόνια κάηκε διπλάσιος αριθμός δασών https://t.co/AdGXnvYDPc
0,0.30712923,Negative,,,,,,0.22811757,"[https://t.co/bDHZLmoC6L] #Μπάιντεν: «Πράσινο φως» σε δαπάνες 437 δισ. δολαρίων - Στο επίκεντρο κλιματική  #Αλλαγή, εταιρική φορολογία https://t.co/l7e6P0a7Lu"
1,0.8439746,Positive,,,,,,0.16992657,HΠΑ: Νομοσχέδιο - «μαμούθ» ύψους 430 δισ. για κλιματική αλλαγή και υγεία υπέγραψε ο Μπάιντεν - Documento https://t.co/yo5GM9gNsR
1,0.9072579,Positive,,,,,,0.10412202,Παρασκηνιακό έργο Bill Gates ο νόμος για την κλιματική αλλαγή των ΗΠΑ - Πως πίεσε Biden και 2 γερουσιαστές επί 2 χρόνια https://t.co/cVnXXI9sEz
0,0.37859178,Negative,,,,,,0.20773534,"Ανεμοστρόβιλος-Υδροστρόβιλος: Πότε εμφανίζονται και πώς μπορούμε να προφυλαχθούμε
#mynewsgr #ανεμοστροβιλος #υδροστροβιλος #κακοκαιρια #καιρος #κλιματικη_αλλαγη #κλιματικηαλλαγη #εντονα_καιρικα_φαινομενα #καταιγιδες 

https://t.co/1lG9nrPT5g"
0,0.20384173,Negative,,,,,,0.24290827,"Καιρός-Αρναούτογλου: Μετά τον καύσωνα, έρχεται πτώση της θερμοκρασίας!
#καυσωνας #κακοκαιρια #καιρος #Αρναουτογλου #θερμοκρασια #κλιματικη_αλλαγη #προγνωση #ΕΜΥ 

https://t.co/wOYE83lJzO"
0,0.21855137,Negative,,,,,,0.13548802,"Επιγραφές του 1616 σε ποτάμια που στερεύουν! Υπήρχε και τότε “ανθρωπογενής κλιματική αλλαγή”; – vid 
https://t.co/4hsm29xL7A"
1,0.96441305,Positive,,,,,,0.07770891,Πράσινη οικονομία και επενδύσεις είναι το μέλλον της Ευρώπης - https://t.co/eiOPQNSsIs https://t.co/mA0ufXozk0  #ΕΕ
0,0.14052626,Negative,,,,,,0.14787044,Η κλιματική αλλαγή επιφέρει επιδείνωση των λοιμώξεων - Απαραίτητη η μείωση εκπομπών CO2 #athlosnews #ΑΘΛΟΣ https://t.co/e2GTujLR9P
0,0.15330169,Negative,,,,,,0.20214753,"@Melaplaystowin Ο Σταύρος ΕΙΝΑΙ ο πατέρας από την στιγμή που η Αργυρώ τον παντρεύτηκε και τον έβαλε μέσα στην ζωή της ίδιας και του παιδιού της. Όλοι στο περιβάλλον του μωρού, όπως και το ίδιο, αναγνωρίζουν εκείνον ως πατέρα του παιδιού καθώς είναι εκεί από τη στιγμή που γεννήθηκε. Τόσο απλό"
0,0.4089155,Negative,,,,,,0.26597518,"Δημοσκόπηση Act for Earth: Ο τουρισμός επιβαρύνει το περιβάλλον – Μέτρα, ζητούν οι πολίτες - https://t.co/kayQdcIIOu https://t.co/qX8SnPfj4k"
1,0.7539189,Positive,,,,,,0.18910807,Επιστήμονες του MIT πιστεύουν ότι ανακάλυψαν πώς να αντιστρέψουν πλήρως την κλιματική αλλαγή https://t.co/4Th3pLC9y6
1,0.78010476,Positive,,,,,,0.23384467,Revenge porn στη Βόρεια Ελλάδα: Αλλάζουν τα δεδομένα στην υπόθεση &amp;#8211; Ο ρόλος γυναίκας από το περιβάλλον του δράστη https://t.co/KINXJl9xRu
1,0.91716546,Positive,,,,,,0.13449337,Revenge porn στη Βόρεια Ελλάδα: Νέα τροπή στην υπόθεση – Ο ρόλος γυναίκας από το περιβάλλον του δράστη ... https://t.co/TpONtIBvQg
1,0.5122025,Positive,,,,,,0.29407024,Επιστήμονες του MIT πιστεύουν ότι ανακάλυψαν πώς να αντιστρέψουν πλήρως την κλιματική αλλαγή https://t.co/lFykX75hKt #ΑΡΘΡΑ #MIT #ΚΛΙΜΑΤΙΚΗΑΛΛΑΓΗ #ΠΕΡΙΒΑΛΛΟΝ By https://t.co/p9zfHy5mYe https://t.co/cg85AjQ0t5
1,0.88185126,Positive,,,,,,0.14058287,«Η τέλεια καταιγίδα»: Πώς η κλιματική αλλαγή προκαλεί επιδείνωση των λοιμώξεων – Ειδήσεις – νέα – Το Βήμα Online https://t.co/oWHVfduULb
1,0.94097847,Positive,,,,,,0.12805998,"Η κλιματική αλλαγή είναι εδώ και κανείς πια δεν μπορεί να κλείσει τα μάτια. Ποτάμια στερεύουν, λίμνες εξαφανίζονται και δάση γίνονται «στάχτη». Οι εικόνες που προκαλούν θλίψη, αλλά και αγωνία για το μέλλον
#κλιματικη_αλλαγη
https://t.co/RuFMOrGa4t"
0,0.40907356,Negative,,,,,,0.31912318,Κλιματική αλλαγή: Ξηρασία και πυρκαγιές το «καμπανάκι» – Κινδυνεύει ο «προηγμένος» πολιτισμός μας https://t.co/yM6BvohfqL
0,0.14669974,Negative,,,,,,0.13829538,Κλιματική αλλαγή: Σε κατάσταση ξηρασίας η Βρετανία - Documento https://t.co/KBko7ZmGB3
1,0.8539164,Positive,,,,,,0.16341963,[Κλικ και διαβάστε στο Huffington Post]Γιατί η κλιματική  #Αλλαγή διχάζει τη Γροιλανδία https://t.co/Bqt9eCx8BT
1,0.6907119,Positive,,,,,,0.2654991,"RT @regionofionian: 👉 @Rodi_Kratsa 

🗨️
Μεσόγειος, η πιο ευάλωτη και απειλούμενη περιοχή από την κλιματική αλλαγή και την υπερθέρμανση.
Η Ε…"
1,0.7293489,Positive,,,,,,0.21444581,Επιστήμονες του MIT πιστεύουν ότι ανακάλυψαν πώς να αντιστρέψουν πλήρως την κλιματική αλλαγή--https://t.co/ebHjrwKdFK
1,0.8031052,Positive,,,,,,0.2028941,RT @FChaniwn: Τυφλή γατούλα για σπίτι! 😻❤️Είναι μόλις 3 μηνών και αναζητά μια οικογένεια γιατί δεν μπορεί να επιβιώσει στο δρόμο. 😿 Τα τυφλ…
0,0.4472735,Negative,,,,,,0.22057727,Λαμία: Πυρκαγιά ξέσπασε στο χωριό Σύκα Φθιώτιδας - https://t.co/n4Z3rnd1fZ #featured #trend #Λαμία #Φθιώτιδα #φωτιά #Περιβάλλον
0,0.2249341,Negative,,,,,,0.14676075,Τέθηκε υπό έλεγχο η φωτιά στη Φθιώτιδα - https://t.co/GyXaGvfXwB #Λαμία #Φθιώτιδα #Περιβάλλον
1,0.80008423,Positive,,,,,,0.17552038,Επιστήμονες του MIT πιστεύουν ότι ανακάλυψαν πώς να αντιστρέψουν πλήρως την κλιματική αλλαγή https://t.co/U7B4eHkkyG
1,0.7535295,Positive,,,,,,0.24565229,RT @FChaniwn: Τυφλή γατούλα για σπίτι! 😻❤️Είναι μόλις 3 μηνών και αναζητά μια οικογένεια γιατί δεν μπορεί να επιβιώσει στο δρόμο. 😿 Τα τυφλ…
0,0.20289283,Negative,,,,,,0.11872568,Επιστήμονες του MIT λένε ότι βρήκαν τον τρόπο να αντιστρέψουν την κλιματική αλλαγή (video) https://t.co/Razb66Bzwz
0,0.39073396,Negative,,,,,,0.26810566,"Κλιματική Κρίση: Σκόνη από τη Σαχάρα λιώνει τους παγετώνες στις γερμανικές Άλπεις!

https://t.co/fV9B3WraDt"
0,0.04845154,Negative,,,,,,0.09813369,RT @LykavitosGr: Το 2021 καίγονταν κάθε λεπτό δέντρα έκτασης 16 ποδοσφαιρικών γηπέδων  #δέντρα #πυρκαγιές #φωτιές #γήπεδα #κλιματική_αλλαγή…
0,0.109368935,Negative,,,,,,0.16598925,RT @LykavitosGr: Το 2021 καίγονταν κάθε λεπτό δέντρα έκτασης 16 ποδοσφαιρικών γηπέδων  #δέντρα #πυρκαγιές #φωτιές #γήπεδα #κλιματική_αλλαγή…
0,0.48981568,Negative,,,,,,0.210916,RT @LykavitosGr: Κλιματική Αλλαγή: Πώς ευνοεί την εξάπλωση μολυσματικών ασθενειών  #κλιματική_αλλαγή #ασθένειες #μολυσματικές https://t.co/…
0,0.47934383,Negative,,,,,,0.21874996,RT @LykavitosGr: Κλιματική Αλλαγή: Πώς ευνοεί την εξάπλωση μολυσματικών ασθενειών  #κλιματική_αλλαγή #ασθένειες #μολυσματικές https://t.co/…
1,0.84938514,Positive,,,,,,0.14510295,Τροφές που επηρεάζουν αρνητικά τον πλανήτη https://t.co/5rY0VZpEGO #ΕΡΕΥΝΕΣ #ΠΕΡΙΒΑΛΛΟΝ https://t.co/I7IN2dC6wD
0,0.49700725,Negative,,,,,,0.22375624,Τα πουλιά επηρεάζονται από την κλιματική αλλαγή https://t.co/5i4XLHc0v0
0,0.22650768,Negative,,,,,,0.1736051,ΙΛΛΥΡΙΑ WEB TV | Η ΚΑΤΑΣΤΡΟΦΗ ΣΤΟ ΠΕΡΙΒΑΛΛΟΝ ΚΑΙ Η ΣΥΝΕΠΕΙΕΣ | ΓΙΑΝΝΗΣ ΜΑΖΗΣ https://t.co/jwrZLJF5K7
1,0.6655142,Positive,,,,,,0.23059615,ΧΑΡΑΛΑΜΠΟΣ ΧΑΡΙΤΟΠΟΥΛΟΣ: ΚΛΙΜΑΤΙΚΗ ΑΛΛΑΓΗ ΤΙ ΙΣΧΥΕΙ ΠΡΑΓΜΑΤΙΚΑ; https://t.co/6konRSMNSv
1,0.91993624,Positive,,,,,,0.11445689,Φώτα Led σε όλους τους κεντρικούς οδικούς άξονες της Αττικής https://t.co/go9ql0eoyY
0,0.46675232,Negative,,,,,,0.24407941,"Τα πουλιά επηρεάζονται από την κλιματική αλλαγή,
https://t.co/a7Um4cfDNs,"
0,0.25415802,Negative,,,,,,0.23463812,RT @LykavitosGr: Ενεργειακή και κλιματική κρίση: Έρχεται η ώρα του Διαστήματος  #ενεργειακή_κρίση #κλιματική_κρίση #διάστημα https://t.co/P…
0,0.18418147,Negative,,,,,,0.16416955,RT @LykavitosGr: Ενεργειακή και κλιματική κρίση: Έρχεται η ώρα του Διαστήματος  #ενεργειακή_κρίση #κλιματική_κρίση #διάστημα https://t.co/P…
1,0.50384605,Positive,,,,,,0.2769475,Η εντυπωσιακή φυσική πισίνα μέσα σε παγόβουνο https://t.co/iYGbdoA3vY #ΠΑΡΑΞΕΝΑ #ΠΕΡΙΒΑΛΛΟΝ https://t.co/5RJfMtz35s
1,0.74086267,Positive,,,,,,0.187905,Ποιες τροφές απειλεί με εξαφάνιση η κλιματική αλλαγή https://t.co/HYmTBy6sJV
0,0.23694985,Negative,,,,,,0.16184969,Περιβάλλον και κλιματική αλλαγή στο 35ο συνέδριο Μυλοποταμιτών https://t.co/jxVHGlZ9a3
1,0.9774447,Positive,,,,,,0.046317946,Κλιματική αλλαγή και ενεργειακή κρίση: Η τέλεια καταιγίδα για τις μεγαλύτερες οικονομίες του κόσμου - https://t.co/AEqSTom4DJ https://t.co/7xg3qLLBDv
1,0.96532243,Positive,,,,,,0.06523745,Κλιματική αλλαγή και ενεργειακή κρίση: Η τέλεια καταιγίδα για τις μεγαλύτερες οικονομίες του κόσμου https://t.co/wwKZwKjzKR
1,0.7423237,Positive,,,,,,0.1607933,Ποιες τροφές απειλεί με εξαφάνιση η κλιματική αλλαγή https://t.co/ShLPA8tNf2
0,0.35844925,Negative,,,,,,0.21728581,Κλιματική αλλαγή: Πώς η πτώση των υδάτων επηρεάζει την εφοδιαστική αλυσίδα στην Ευρώπη - LarissaPress https://t.co/l84kV4Q8sx
0,0.3465095,Negative,,,,,,0.30885088,"Το φαινόμενο της ξηρασίας που παρατηρείται τα τελευταία χρόνια στην Ευρώπη, συνέπεια της κλιματικής αλλαγής, έχει επηρεάσει σε μεγάλο βαθμό την εφοδιαστική αλυσίδα της Ευρώπης
#κλιματικη_αλλαγη
 https://t.co/pBzYJhTVCS"
0,0.15306328,Negative,,,,,,0.17969345,Κλιματική αλλαγή: Πώς έχει «σπάσει» η εφοδιαστική αλυσίδα της Ευρώπης λόγω της πτώσης των υδάτων https://t.co/FOYBsHGCV7
1,0.654565,Positive,,,,,,0.25607353,Πώς η κλιματική αλλαγή απειλεί τις ζωές των ανθρώπων στις τοπικές κοινότητες στα νησιά Φίτζι https://t.co/hCnKHR2haA
0,0.37845173,Negative,,,,,,0.24145187,"Πώς μπορεί να συνέβαλε η κλιματική αλλαγή πριν 250 εκατομμύρια χρόνια στην εξέλιξη των ερπετών; #climate #Cyprus 
via @politis_news 
https://t.co/03zYwjGyhI"
1,0.5074133,Positive,,,,,,0.29650873,[Κλικ και διαβάστε στο thecaller]Κλιματική αλλαγή: Πριν 250 εκατ. χρόνια έφερε… τα ερπετά – Τι έδειξε νέα  #Ερευνα https://t.co/kMC49S4Gq2
1,0.7283707,Positive,,,,,,0.28976014,Ο ρόλος του ανθρώπινου δυναμικού στη βιώσιμη ανάπτυξη των εταιρειών: Στόχοι και προκλήσεις https://t.co/HfHM7FD0mq
0,0.37396014,Negative,,,,,,0.2486824,Πώς μπορεί να συνέβαλε η κλιματική αλλαγή πριν από 250 εκατομμύρια χρόνια στην εξέλιξη των ερπετών https://t.co/DfkUE5sqS4
0,0.33699208,Negative,,,,,,0.21209228,Η κλιματική αλλαγή πριν 250 εκατ. χρόνια έφερε… τα ερπετά – Τα αποτελέσματα νέας έρευνας https://t.co/Ip3JDxOLKy
0,0.18850212,Negative,,,,,,0.18446797,Η κλιματική αλλαγή γέννησε την εποχή των ερπετών πριν 250 εκατομμύρια χρόνια - https://t.co/P5nxuJwVpI https://t.co/Ov5HIIumBh
0,0.310514,Negative,,,,,,0.21027204,Η κλιματική αλλαγή πριν 250 εκατ. χρόνια έφερε… τα ερπετά – Τα αποτελέσματα νέας έρευνας https://t.co/ce1BG4s2ii
0,0.18770628,Negative,,,,,,0.19395372,Μελέτη: Η κλιματική αλλαγή γέννησε την εποχή των ερπετών πριν 250 εκατομμύρια χρόνια – Ειδήσεις – νέα – Το Βήμα Online https://t.co/XSgmyt4N2S
1,0.7176789,Positive,,,,,,0.2522113,Κλιματική αλλαγή: Ο όγκος των ελβετικών παγετώνων μειώθηκε κατά 50% από το 1931 - https://t.co/r00Gzk6JMr https://t.co/EjBLljhnFw
1,0.7674771,Positive,,,,,,0.24136585,Κλιματική αλλαγή: Ο όγκος των ελβετικών παγετώνων μειώθηκε κατά 50% από το 1931 https://t.co/QIRlkN7frB
0,0.28059757,Negative,,,,,,0.21901174,Η κλιματική αλλαγή πριν 250 εκατ. χρόνια έφερε… τα ερπετά – Τα αποτελέσματα νέας έρευνας https://t.co/iryJIwxKDA
1,0.63310564,Positive,,,,,,0.21105383,Πώς μπορεί να συνέβαλε η κλιματική αλλαγή πριν από 250 εκατομμύρια χρόνια στην εξέλιξη των ερπετών https://t.co/wJDsUfCNvj #ΑΡΘΡΑ #ΑΥΞΗΣΗΘΕΡΜΟΚΡΑΣΙΑΣ #ΕΡΕΥΝΑ #ΕΡΠΕΤΑ By https://t.co/p9zfHy5mYe
0,0.14699216,Negative,,,,,,0.18087219,"Το «ΑΝΑΚΥΚΛΩΝΩ-ΑΛΛΑΖΩ ΣΥΣΚΕΥΗ» επιχορηγεί νοικοκυριά για την αντικατάσταση παλαιών ηλεκτρικών συσκευών με νέες, φιλικές προς το περιβάλλον και ενεργειακά πιο αποδοτικές… η κυβέρνηση όμως του “άλλαξε” το όνομα σε… «ΔΕΝ ΑΝΑΚΥΚΛΩΝΩ-ΔΕΝ ΑΛΛΑΖΩ ΣΥΣΚΕΥΗ» https://t.co/J3bRpLCH6o"
1,0.53596777,Positive,,,,,,0.32263553,"RT @VMdesignblogg: Μια μπουλντόζα θάβει λεπίδες ανεμογεννητριών, καθώς όταν φθείρονται δεν υπάρχει τρόπος ανακύκλωσης. Πράσινη ενέργεια και…"
0,0.4680289,Negative,,,,,,0.24459487,"RT @VMdesignblogg: Μια μπουλντόζα θάβει λεπίδες ανεμογεννητριών, καθώς όταν φθείρονται δεν υπάρχει τρόπος ανακύκλωσης. Πράσινη ενέργεια και…"
0,0.3992401,Negative,,,,,,0.22328761,SOS για την ξηρασία στην Ευρώπη: Σχεδόν τα 2/3 της ηπείρου αντιμετωπίζουν προβλήματα https://t.co/y5gAZiRERv #ΕΥΡΩΠΗ #ΠΕΡΙΒΑΛΛΟΝ https://t.co/8EQpMdM55n
1,0.60389054,Positive,,,,,,0.2567899,Κλιματική αλλαγή: Ο όγκος των ελβετικών παγετώνων μειώθηκε κατά 50% από το 1931 https://t.co/huaQ0d6iTd #ΚΛΙΜΑ #ΠΕΡΙΒΑΛΛΟΝ https://t.co/qLVKeMbVQt
0,0.32747737,Negative,,,,,,0.27440643,"Το μικρό κίτρινο πράγμα είναι μπουλντόζα. Θάβει λεπίδες ανεμόμυλου που χρησιμοποιούνται για πράσινη ενέργεια.
Γιατί; Γιατί είναι φθαρμένα και δεν υπάρχει τρόπος ανακύκλωσης προς το παρόν.
Έτσι λειτουργεί η πράσινη ενέργεια!
Απλά θάψτε τους στο χώμα.. https://t.co/qGQoj8rjpv"
1,0.6817637,Positive,,,,,,0.26771274,"O 6χρονος αποσωληνώθηκε και αναπνέει πλέον χωρίς μηχανική υποστήριξη, ενώ έχει νευρολογική επαφή με το περιβάλλον, σύμφωνα με το https://t.co/zTmylNFvwM.  Οι γιατροί θα παρακολουθούν στενά την εξέλιξη της υγείαςτου τα επόμενα 24ωρα, ώστε να έχουν πιο

https://t.co/LTVrDHZvES https://t.co/Ag8hakRYin"
0,0.041279092,Negative,,,,,,0.065397255,H κλιματική αλλαγή βυθίζει στο χάος την Ευρωπαϊκή Ένωση https://t.co/tPH99dwdyE #ΓΑΛΛΙΑ #ΕΛΙΖΑΜΠΕΤΜΠΟΡΝ #ΕΥΡΩΠΑΙΚΗΕΝΩΣΗ #ΕΥΡΩΠΗ
1,0.9585118,Positive,,,,,,0.11019054,"Ενημερωτικό Δελτίο
• Πολιτισμός • Τουρισμός • Οικονομία • Ενέργεια • Περιβάλλον • Έρευνα • Διαγωνισμός • Υγεία • Ακίνητα •
https://t.co/ZbgBr5G8Wg https://t.co/VoPui7FnZx"
1,0.87701297,Positive,,,,,,0.17174745,Εγκρίθηκαν οι περιβαλλοντικοί όροι του Σχεδίου για την Κλιματική Αλλαγή της Περιφέρειας Δυτικής Ελλάδας https://t.co/LzQD7Y6FW4 https://t.co/kdrnyhYCQI
0,0.15049443,Negative,,,,,,0.16887912,"Μη ξεχνάμε ότι είναι ακόμη 24. 
Υγιής να 'ναι και μπορεί να επιστρέψει σε προσεκτικό περιβάλλον. 
#OlympiacosFC https://t.co/fbgM8PppFZ"
0,0.42459446,Negative,,,,,,0.27861938,Βιώσιμη και δίκαιη ανάπτυξη με ισχυρή Δημόσια Υγεία και Κοινωνική Φροντίδα https://t.co/V7qI31AKUi
0,0.05870797,Negative,,,,,,0.078877464,"«Έχουμε εξελισσόμενη κλιματική κρίση» – Τα φαινόμενα θα αυξηθούν σε συχνότητα και ένταση, λέει ο Λέκκας https://t.co/PltKRAnnG0"
1,0.6014791,Positive,,,,,,0.20767541,"Επιτροπή Πρέβεζα ”Ιστορία΄-Περιβάλλον-Πολιτισμός” – Γόρανα, ένα ξεχασμένο χωριό via @onprevezanews https://t.co/41m6OmCqRf"
1,0.8332307,Positive,,,,,,0.21474575,"Εκπαιδευτικοί όμιλοι – μέντορες – ενδοσχολικοί συντονιστές: οι καινοτομίες στα σχολεία μας συνεχίζονται, αναβαθμίζοντας το εκπαιδευτικό έργο και το σχολικό περιβάλλον https://t.co/aieWrgBx0J https://t.co/giG9cw7rlf"
0,0.4484391,Negative,,,,,,0.24619581,Καμπανάκι Λέκκα- «Έχουμε εξελισσόμενη κλιματική κρίση» https://t.co/GBTOCJbT1r
0,0.08555748,Negative,,,,,,0.11080239,Λέκκας: Έχουμε εξελισσόμενη κλιματική κρίση – Τα φαινόμενα θα αυξηθούν σε συχνότητα και ένταση #Δημοκρατική #Ρόδος #Δωδεκάνησα https://t.co/7qqCz1gNgH
0,0.116178,Negative,,,,,,0.124111965,Κλιματική αλλαγή: Θλιβερό θέαμα – Οκτώ τόνοι ψαριών πέθαναν από ασφυξία σε λίμνη λόγω της ξηρασίας https://t.co/98LV4EFLwj
0,0.20856059,Negative,,,,,,0.18935874,Τέξας: Η ξηρασία αποκάλυψε ίχνη δεινοσαύρων στην κοίτη ποταμού - https://t.co/eiOPQNSsIs https://t.co/oiC7eHKHwf #Τέξας #ΗΠΑ #δεινόσαυροι #ξηρασια #κλιματική_αλλαγη
1,0.5038833,Positive,,,,,,0.1710688,Αυστηρότερο το νομικό πλαίσιο με τσουχτερά πρόστιμα για όσους ρυπαίνουν τους δρόμους με αφίσες https://t.co/L9x3YTXil4 #ΠΕΡΙΒΑΛΛΟΝ https://t.co/DoalcGpqUl
0,0.49125192,Negative,,,,,,0.2279158,"Γιατί θα προλάβει; Από δω και μπρος μόνο σε ελεγχόμενο εσωτερικό περιβάλλον, βασικά για την ακρίβεια από δω και μπρος μόνο σε λαμπατέρ θα δίνει συνέντευξη... https://t.co/HW4RpxTU88"
0,0.15925595,Negative,,,,,,0.18722883,Υπ. Παιδείας: Οι τρεις καινοτομίες που αναβαθμίζουν εκπαίδευση και περιβάλλον - https://t.co/eiOPQNARjS https://t.co/3miWriL7vt #Εκπαίδευση #Καινοτομίες #Περιβάλλλον #Σχολεία #ΥπουργείοΠαιδείας
0,0.052354623,Negative,,,,,,0.07156046,"RT @Etherea91414364: το περιβάλλον γύρω της. Ήταν όλα εκεί, οι πληγές τις, οι μνήμες που τη στοιχειωναν, οι τοίχοι ποτισμένοι από τον πόνο…"
0,0.12603964,Negative,,,,,,0.13380489,Αυστραλία: Πώς μερικά κουνελάκια προκάλεσαν ανεπανόρθωτη περιβαλλοντική καταστροφή https://t.co/JseJok4ciM #ΑΡΘΡΑ #ΑΥΣΤΡΑΛΙΑ #ΚΟΥΝΕΛΙΑ #ΠΕΡΙΒΑΛΛΟΝ By https://t.co/p9zfHy5mYe
1,0.67261904,Positive,,,,,,0.18728872,ΚΛΙΜΑΤΙΚΗ ΑΛΛΑΓΗ – ΤΙ ΙΣΧΥΕΙ ΠΡΑΓΜΑΤΙΚΑ; https://t.co/ebg5qBTDVK
0,0.19882847,Negative,,,,,,0.14682731,ΙΛΛΥΡΙΑ WEB TV | ΠΕΡΙΒΑΛΛΟΝ - ΟΠΤΙΚΗ ΡΥΠΑΝΣΗ | ΕΙΡΗΝΗ ΚΑΝΕΛΛΟΥ https://t.co/TjC23X9fRV
0,0.48294997,Negative,,,,,,0.21123464,Vodafone: Κύριος συνεργάτης του Συνεδρίου COP27 του ΟΗΕ για την Κλιματική Αλλαγή https://t.co/56WoqH9zsn #businessnewsgr
0,0.06941358,Negative,,,,,,0.09541034,RT @sofokleous10: Oxford Economics στο https://t.co/wBftOCdGOu: Με βιώσιμο τρόπο η επιστροφή στα πλεονάσματα για να μη γυρίσει «μπούμερανγκ…
1,0.57527363,Positive,,,,,,0.3429013,Η Acer επεκτείνει τη φιλική προς το περιβάλλον σειρά Vero με το Acer Chromebook Vero 514 https://t.co/Q8zHiKHxG5 https://t.co/srEH7rl5xf
1,0.88287383,Positive,,,,,,0.14246348,"RT @CyMOApress: Επίσκεψη Υπουργού ΓΑΑΠ ,Κώστα Καδή στην Αίγυπτο: Στόχος η υιοθέτηση της πρωτοβουλίας της Κύπρου για την Κλιματική Αλλαγή, σ…"
1,0.93100667,Positive,,,,,,0.09129643,"Επίσκεψη Υπουργού ΓΑΑΠ ,Κώστα Καδή στην Αίγυπτο: Στόχος η υιοθέτηση της πρωτοβουλίας της Κύπρου για την Κλιματική Αλλαγή, στην Διάσκεψη των Ηνωμένων Εθνών για το Κλίμα.#KadesEgypt https://t.co/KwfbFqfMA6"
0,0.3026936,Negative,,,,,,0.2471671,"Στο σημερινό αβέβαιο οικονομικό περιβάλλον, οι επιχειρήσεις θα πρέπει να είναι σε θέση να κινηθούν άμεσα για να εκμεταλλευτούν τις ευκαιρίες πριν από τον ανταγωνισμό.

https://t.co/hSo1V2UQxv https://t.co/k6tkl3c2Gm"
1,0.6120994,Positive,,,,,,0.20979995,makpress_ Λαγκάρντ: Ο πληθωρισμός οφείλεται στην κλιματική αλλαγή https://t.co/HL8W7xKb6H https://t.co/vbcysjmfLJ
0,0.11084202,Negative,,,,,,0.115151994,Για ωραιοποίηση του αντικτύπου από τις εκπομπές των αερομεταφορών στο περιβάλλον εγκαλείται η Google https://t.co/YPkaqmQaA9
0,0.45411694,Negative,,,,,,0.22952875,Η Vodafone υποστηρίζει ως κύριος συνεργάτης το συνέδριο Cop27 του ΟΗΕ για την κλιματική αλλαγή - Documento https://t.co/vY32ySNmgk
0,0.0726868,Negative,,,,,,0.09226324,"Φυσικός Brian Catt: Η «κλιματική αλλαγή» είναι ένας ΨΕΥΤΙΚΟΣ ΜΥΘΟΣ – Χαμός με το ΒΙΝΤΕΟ 
https://t.co/6oDuo1g21F"
0,0.44878456,Negative,,,,,,0.22611761,Η Vodafone στηρίζει το συνέδριο του ΟΗΕ για την κλιματική αλλαγή https://t.co/mqrFi24RaR
0,0.3579419,Negative,,,,,,0.22271171,Η Vodafone υποστηρίζει ως κύριος συνεργάτης για το συνέδριο COP27 του ΟΗΕ για την κλιματική αλλαγή https://t.co/Id5xLEIco0 https://t.co/uGsr1W6U0t
0,0.4534615,Negative,,,,,,0.2411809,Η Vodafone υποστηρίζει ως κύριος συνεργάτης για το συνέδριο COP27 του ΟΗΕ για την κλιματική αλλαγή https://t.co/fD6lpKrRpb
1,0.7230261,Positive,,,,,,0.27994135,ΕΕ: Ετοιμάζουν νέα lockdown και περιορισμό της κυκλοφορίας των πολιτών με πρόφαση την κλιματική αλλαγή! O κορωνοϊός ήταν απλά ένα τεστ..
0,0.26628745,Negative,,,,,,0.22992745,"Στη Γαλλία μάλιστα φαίνεται πως είναι ήδη ανοιχτοί στο να κάνουν 60-90 μέρες lockdown το χρόνο για να «βοηθήσουν το περιβάλλον» 
https://t.co/x1nSsMYRDL"
0,0.31317148,Negative,,,,,,0.16224404,Σκάνδαλο υποκλοπών: Και ανταποκριτής της Deutsche Welle αποκαλύπτει «παρεμβάσεις» από το πρωθυπουργικό περιβάλλον - Documento https://t.co/2WuRrFUIuM
1,0.59903616,Positive,,,,,,0.28817004,Υπό μερικό έλεγχο η φωτιά στο Λαύριο - https://t.co/ZiqnxSWuX0 #Ελλάδα #πυρκαγιές #Περιβάλλον
1,0.59085697,Positive,,,,,,0.20313826,Λαγκάρντ: Η κλιματική αλλαγή επιβαρύνει τον πληθωρισμό https://t.co/QWNGEEnIBF
1,0.8635433,Positive,,,,,,0.14363237,ΕΕ: Ετοιμάζουν νέα lockdown και περιορισμό της κυκλοφορίας των πολιτών με πρόφαση την κλιματική αλλαγή! https://t.co/qrUJU0BiSD μέσω @Fornews_Portal
1,0.8866053,Positive,,,,,,0.12857372,"Οι ανανεώσιμες πηγές ενέργειας και η ενίσχυση των επενδύσεων στο επίκεντρο της συνάντησης του πρωθυπουργού με τον Πρόεδρο των Η.Α.Ε
https://t.co/jxFmc49ZYf"
0,0.32085678,Negative,,,,,,0.26197046,Φωτιά ξέσπασε στο Λαύριο - https://t.co/iWGaGtNZIp #Λαύριο #φωτιά #Περιβάλλον
1,0.8966296,Positive,,,,,,0.12272761,"Οι ανανεώσιμες πηγές ενέργειας και η ενίσχυση των επενδύσεων στο επίκεντρο της συνάντησης του @PrimeministerGR με τον Πρόεδρο των Η.Α.Ε

https://t.co/AbkQD2jxeZ"
1,0.5579482,Positive,,,,,,0.25373232,"Μελέτη: Σημαντική αύξηση των καυτών ημερών του έτους έως το 2100, αν δεν ελεγχθεί η κλιματική αλλαγή - https://t.co/y5LEh243Ma https://t.co/tV6p3iWa2F"
0,0.20779419,Negative,,,,,,0.22094586,Ρίξτε μια ματιά στο βίντεο του χρήστη Spairos 21! #TikTok https://t.co/C0XLoXk0jt κλιματική αλλαγή η αλλαγή του κλίματος από άλλο χέρι και δάχτυλο
0,0.18100643,Negative,,,,,,0.17659374,Κλιματική κρίση: Μεγαλώνει ο κίνδυνος για θερμικό στρες στον ανθρώπινο οργανισμό - LarissaPress https://t.co/xSyGJCBEi7
1,0.78692746,Positive,,,,,,0.22951229,"Μητσοτάκης: Ζητάτε εκλογές σε αυτό το περιβάλλον αστάθειας, χωρίς να αναλογίζεστε τι μπορεί να σημαίνει αυτό - Τι θα σήμαινε μια υπηρεσιακή κυβέρνηση εν μέσω αυτής της κρίσης - Θέλετε κε.Τσίπρα να οδηγήσετε την χώρα στην αστάθεια"
1,0.79323214,Positive,,,,,,0.17419623,Κλιματική αλλαγή: Η Ρωσία καίει μεγάλες ποσότητες φυσικού αερίου - Προβληματίζονται οι επιστήμονες - https://t.co/95970R1yO5 https://t.co/tssrTjXU2x
1,0.7582846,Positive,,,,,,0.17622429,Κλιματική αλλαγή: Η Ρωσία καίει μεγάλες ποσότητες φυσικού αερίου – Προβληματίζονται οι επιστήμονες https://t.co/SC2BT4fJEG
1,0.57257867,Positive,,,,,,0.29164398,Κλιματική Αλλαγή: Τα έντομα έρχονται και στα πιάτα της Ευρώπης - https://t.co/C1PisnVEA1 https://t.co/mYm59rGWSR
0,0.3045509,Negative,,,,,,0.19989234,Στην Αθήνα ο Τζον Κέρι για την κλιματική κρίση https://t.co/7RsmpPkSEW
0,0.12119869,Negative,,,,,,0.11180805,Για ωραιοποίηση του αντικτύπου από τις εκπομπές των αερομεταφορών στο περιβάλλον εγκαλείται η Google https://t.co/9gCie0Nmx1 #ΑΡΘΡΑ #ΑΕΡΟΜΕΤΑΦΟΡΕΣ By https://t.co/p9zfHynwcm
0,0.46027097,Negative,,,,,,0.19351229,''Ο #Ζελενσκι διέφυγε με το περιβάλλον του άρον άρον από το Κίεβο στο Λβοβ όπου τέθηκε υπό την προστασία των νεοναζί'' (Πρόεδρος της Δούμας Ρωσίας) #Zelensky https://t.co/XW5QWQ6b3G
1,0.53071755,Positive,,,,,,0.23347145,"''Ο #Ζελενσκι διέφυγε με το περιβάλλον του άρον άρον από το Κίεβο στο Λβοβ όπου τέθηκε υπό την προστασία των νεοναζί'' (Πρόεδρος της Δούμας Ρωσίας) #Zelensky #Ουκρανια #Ρωσια 
https://t.co/XW5QWQ6b3G"
1,0.7177509,Positive,,,,,,0.26755753,"Στα...σκουπίδια φαγητό αξίας 940 δισ. τον χρόνο! Το φαινόμενο της κατασπατάλησης των τροφίμων έχει άμεση συνέπεια και με την καταστροφή του φυσικού περιβάλλοντος.

#τροφιμα #περιβαλλον #hernewsgr

https://t.co/05rt4qU2rh https://t.co/TNFaUbi0LK"
1,0.9258388,Positive,,,,,,0.119781844,"Γ. Πατούλης, Περιφερειάρχης Αττικής στον ΣΚΑΙ : «Η Αττική χρειάζεται έργα και παρεμβάσεις που απαιτούν 10 δις ευρώ, τα επόμενα χρόνια για να θωρακιστεί από την κλιματική κρίση» https://t.co/pfDtIcxUin https://t.co/R0g5n9EpCy"
0,0.03213461,Negative,,,,,,0.082145974,"Πέλλα: Σκουπιδότοπος και κίνδυνος από τοξικά απόβλητα σε δεξαμενή (video)

#mynewsgr  #πελλα #σκουπιδια #περιβαλλον #τοξικα #οικολογια #ανακυκλωση #recycle 

https://t.co/i4t6EuR6Ie"
0,0.32113007,Negative,,,,,,0.29608196,Σοκ: Προωθούν τον κανιβαλισμό ως λύση για την επισιτιστική κρίση και την… κλιματική αλλαγή! (βίντεο) https://t.co/pG2VuJlAQv μέσω @Fornews_Portal
0,0.17449912,Negative,,,,,,0.18124907,Σοκ: Προωθούν τον κανιβαλισμό ως λύση για την επισιτιστική κρίση και την… κλιματική αλλαγή! (βίντεο) https://t.co/Mxvkw15YaQ
0,0.39941597,Negative,,,,,,0.24069174,Σοκ: Προωθούν τον κανιβαλισμό ως λύση για επισιτιστική κρίση-κλιματική αλλαγή!!!https://t.co/sBUM85tvWz
0,0.32282138,Negative,,,,,,0.25163373,"Σοκ: Μετά την κατανάλωση γρύλων, ακριδών, εντόμων, κλπ: Προωθούν τον κανιβαλισμό ως λύση για την επισιτιστική κρίση και την… κλιματική αλλαγή!"
1,0.92808336,Positive,,,,,,0.13043956,"RT @ellada24: Γ. Πατούλης: Η Αττική χρειάζεται έργα και παρεμβάσεις που απαιτούν 10 δις ευρώ τα επόμενα χρόνια, για να θωρακιστεί από την κ…"
0,0.26395977,Negative,,,,,,0.22884397,"«Είναι τρελό από άποψη εθνικής ασφάλειας και κακό για το περιβάλλον να κλείνουν (τα εργοστάσια)», έγραψε ο ιδρυτής της Tesla στο Twitter. https://t.co/ybapZI3Ofs"
1,0.9062672,Positive,,,,,,0.13623068,"Γιώργος #Πατούλης: Η Αττική χρειάζεται έργα και παρεμβάσεις που απαιτούν 10 δις ευρώ, τα επόμενα χρόνια για να θωρακιστεί από την κλιματική κρίση https://t.co/eE0hkpKWXl"
1,0.54600096,Positive,,,,,,0.23209463,"Προπονητής Βερόνα: «Θέλαμε να κρατήσουμε τον Ρέτσο, αλλά αποφάσισε να αλλάξει περιβάλλον» #athlosnews #ΑΘΛΟΣ https://t.co/XP9GKo1IDA"
1,0.64706403,Positive,,,,,,0.21695901,Διημερίδα εκδηλώσεων του Δικτύου Πίνδος για την κλιματική αλλαγή https://t.co/6CeQSAFdbT μέσω @mouzakinews.gr
1,0.80615544,Positive,,,,,,0.1534361,Η Ρόδος και η πορεία προς τον βιώσιμο τουρισμό #Δημοκρατική #Ρόδος #Δωδεκάνησα https://t.co/Cg34lKAu2f
1,0.52358496,Positive,,,,,,0.35642752,"RT @vickdimin: Ηλικίες 0-14 ετών.
Αύξηση +542%  non-covid θανάτων σε όλη την Ευρώπη.
Φαουστφουντάδικα,κλιματική αλλαγή,long covid...
Κοιμηθ…"
0,0.1634163,Negative,,,,,,0.12687337,Η «απομονωμένη» Lagarde αποδίδει τον εκτροχιασμένο πληθωρισμό στην…κλιματική αλλαγή https://t.co/Jt9AxD0GpQ
0,0.13162288,Negative,,,,,,0.119518265,Η «απομονωμένη» Lagarde αποδίδει τον εκτροχιασμένο πληθωρισμό στην…κλιματική αλλαγή https://t.co/rVAxTQ0HsM
0,0.27689338,Negative,,,,,,0.2096944,Κλιματική αλλαγή: Οι επιπτώσεις στη σύσταση των ωμέγα-3 λιπαρών οξέων https://t.co/YMksaoU82n
0,0.05420928,Negative,,,,,,0.11650168,"Μετά την κατανάλωση γρύλων, ακριδών και εντόμων με αφορμή την κλιματική αλλαγή ετοιμάζονται να καθοδηγήσουν τους ανθρώπους στην κατανάλωση ανθρώπινου κρέατος. Προωθούν τον κανιβαλισμό των νεκρών για να μην υπάρξει επισιτιστική κρίση και για να προστατευτεί το… περιβάλλον.👇 https://t.co/hiGBrzV7mq"
1,0.68370795,Positive,,,,,,0.26375726,"Μ. Γραφάκος: Θετικός για τους πολίτες και το περιβάλλον ο τριετής απολογισμός στη διαχείριση αποβλήτων

https://t.co/1DjPdfMJ47"
1,0.5901118,Positive,,,,,,0.2581044,"Έγκριση του νέου ΕΣΠΑ «Περιβάλλον και Κλιματική Αλλαγή 2021-2027» με προϋπολογισμό 3,6 δις. ευρώ https://t.co/8QVbUknOnN"
1,0.82069427,Positive,,,,,,0.187465,"Αττική Οδός: Επενδύοντας διαχρονικά στον άνθρωπο, την κοινωνία, το περιβάλλον και την ασφάλειά μας https://t.co/ICDaW9fAoR"
1,0.7764785,Positive,,,,,,0.2066741,"Κομισιόν: Εγκρίθηκε το πρόγραμμα του νέου ΕΣΠΑ  για το περιβάλλον –  Προϋπολογισμός 3,6 δισ. ευρώ https://t.co/DkYkbh5uma"
1,0.81822395,Positive,,,,,,0.19208515,"Κομισιόν: Εγκρίθηκε το πρόγραμμα του νέου ΕΣΠΑ για το περιβάλλον – Προϋπολογισμός 3,6 δισ. ευρώ https://t.co/Jn4Qxy20Nx"
1,0.7286044,Positive,,,,,,0.26752707,Γεωργιάδης για πρόγραμμα του ΕΣΠΑ «Περιβάλλον και Κλιματική Αλλαγή 2021-27»: Στόχος να πέσουν χρήματα στην οικονομία το ταχύτερο https://t.co/s8OkRgcoRt
0,0.4328281,Negative,,,,,,0.26033568,"Oι προκλήσεις από την κλιματική αλλαγή και η εμβάθυνση της συνεργασίας Ελλάδας-ΗΠΑ, στο επίκεντρο της συνάντησης Κυρ. Μητσοτάκη – Τζ. Κέρι

https://t.co/E40cEn8IQX"
1,0.582093,Positive,,,,,,0.2629175,Πράσινο φως από Κομισιόν στο πρόγραμμα ΕΣΠΑ «Περιβάλλον και Κλιματική Αλλαγή 2021-2027» https://t.co/asEjXIuWNL
1,0.6542608,Positive,,,,,,0.15525584,Τι είπαν για την κλιματική αλλαγή Μητσοτάκης – Κέρι https://t.co/BoD2NGeih4
1,0.715331,Positive,,,,,,0.24226975,"Έγκριση νέου ΕΣΠΑ για Περιβάλλον ύψους 3,6 δις ευρώ https://t.co/c44bsVnZbw"
1,0.7836081,Positive,,,,,,0.19111171,"Εγκρίθηκε από την ΕΕ το πρόγραμμα 3,6 δισ. ευρώ του νέου ΕΣΠΑ «Περιβάλλον και Κλιματική Αλλαγή 2021-27» #Δημοκρατική #Ρόδος #Δωδεκάνησα https://t.co/GL9oB9H6oW"
1,0.5859192,Positive,,,,,,0.21646312,"Γιάννης Τσακίρης: Εγκρίθηκε το πρόγραμμα «Περιβάλλον και Κλιματική Αλλαγή 2021-27» με προϋπολογισμό 3,6 δισ. ευρώ - mononews #mononewsGR https://t.co/Pcmxa6y0wv"
1,0.70898795,Positive,,,,,,0.1863239,RT @Moneypressgr: ΕΣΠΑ: Ενέκρινε η Κομισιόν το επιχειρησιακό πρόγραμμα για την κλιματική αλλαγή ...  #moneypress https://t.co/Q9VwjaGGoj ht…
1,0.7145522,Positive,,,,,,0.17289363,ΕΣΠΑ: Ενέκρινε η Κομισιόν το επιχειρησιακό πρόγραμμα για την κλιματική αλλαγή ...  #moneypress https://t.co/Q9VwjaGGoj https://t.co/jRP8p7zhoa
1,0.7444788,Positive,,,,,,0.20148699,"Εγκρίθηκε από την ΕΕ το πρόγραμμα 3,6 δισ. ευρώ του νέου ΕΣΠΑ «Περιβάλλον και Κλιματική Αλλαγή 2021-27»

https://t.co/Z09gQ6wQKd https://t.co/IvxgyDXRzs"
0,0.44256032,Negative,,,,,,0.21621864,"https://t.co/tI8GQTl3lS - Λειψυδρία και κλιματική αλλαγή, του Β. Μυριαγκού https://t.co/fDZs8QQ0Zu"
1,0.78522253,Positive,,,,,,0.2594086,Κλιματική αλλαγή: Εγκατάσταση στην Κίνα θάβει το CO2 στο υπέδαφος https://t.co/toRqH6030J
0,0.30589172,Negative,,,,,,0.22667119,"Τρομάζουν οι μελέτες των ειδικών σε σχέση με την κλιματική κρίση
#κλιματικη_κριση https://t.co/67ruowts32"
1,0.799194,Positive,,,,,,0.16574468,1.200 επιστήμονες διαβεβαιώνουν: «Δεν υπάρχει κλιματική αλλαγή»! https://t.co/hEMD9wk7pA via @wpvkp
1,0.7956093,Positive,,,,,,0.19616376,Άδ. Γεωργιάδης για ΕΣΠΑ «Περιβάλλον και Κλιματική Αλλαγή 2021-27»: Στόχος να πέσουν χρήματα στην οικονομία - https://t.co/eiOPQNSsIs https://t.co/OQmQ5yHBOh  #Αδωνις  #Γεωργιάδης #ΕΣΠΑ #Ευρωπαϊκή_Επιτροπή
1,0.76937926,Positive,,,,,,0.25072652,ΔΙΚΤΥΟ ΠΙΝΔΟΣ: Διημερίδα για την κλιματική αλλαγή στην Πύλη από 2 έως 4 Σεπτεμβρίου – Αναλυτικά το πρόγραμμα https://t.co/DeZNjh4Jsk μέσω @mouzakinews.gr https://t.co/9sQnFs1oKV
1,0.7486933,Positive,,,,,,0.22854334,"Γεωργιάδης για το πρόγραμμα του ΕΣΠΑ «Περιβάλλον και Κλιματική Αλλαγή 2021-27»: Στόχος να πέσουν χρήματα στην οικονομία

https://t.co/5VVnndCFgd"
1,0.57146025,Positive,,,,,,0.25145233,"ΕΣΠΑ: Πώς κατανέμονται τα 3,6 δισ. του προγράμματος για την κλιματική αλλαγή https://t.co/Y78glB0u0O"
1,0.69171053,Positive,,,,,,0.23131411,EΣΠΑ: «Πράσινο φως» από την Κομισιόν στο πρόγραμμα «Περιβάλλον και Κλιματική Αλλαγή 2021-2027» https://t.co/xkhntDzLFl
0,0.2972833,Negative,,,,,,0.23259646,"Oι προκλήσεις από την κλιματική αλλαγή και η εμβάθυνση της συνεργασίας Ελλάδας-ΗΠΑ, στο επίκεντρο της συνάντησης  Μητσοτάκη –  Κέρι
https://t.co/UB62xX462j"
1,0.5205403,Positive,,,,,,0.15958157,K. Μητσοτάκης: Κλιματική αλλαγή και συνεργασία με ΗΠΑ στη συνάντηση με τον Τζον Κέρι https://t.co/HZ0xtHNikt
0,0.10404254,Negative,,,,,,0.14233667,"Ενδιαφέροντα συμπεράσματα για την επίδραση της πανδημίας COVID-19 στο εργασιακό περιβάλλον και στη συμπεριφορά επιχειρήσεων και εργαζομένων ανέδειξε η έρευνα του ομίλου Adecco, με τίτλο «Disconnect toReconnect», στην οποία συμμετείχαν πάνω από 1000

https://t.co/7J7TWhB1Xs"
0,0.3612546,Negative,,,,,,0.24312384,"Έρευνα Adecco: Η επίδραση του #COVID19 στο εργασιακό περιβάλλον και στη συμπεριφορά επιχειρήσεων και εργαζομένων

https://t.co/5SmCpY8dLZ"
0,0.09884116,Negative,,,,,,0.07862138,Η επίδραση της πανδημίας COVID-19 στο εργασιακό περιβάλλον https://t.co/pqHVU0Kl3l
0,0.3219209,Negative,,,,,,0.19150683,Μασσαλία: Αντιδράσεις για την έλευση υπερπολυτελούς κρουαζιερόπλοιου - «Πλήττει το περιβάλλον» https://t.co/g1NVrfk7bg
1,0.5093743,Positive,,,,,,0.3281938,"Το Ρότερνταμ έγινε η πρώτη πόλη στον κόσμο που διαθέτει πάρκο με φωτισμό που τροφοδοτείται με φυτά, μια εντελώς φιλική προς το περιβάλλον και διαδραστική ιδέα και ελπίζουν να το χρησιμοποιήσουν σε μεγάλη κλίμακα.
https://t.co/qpr32pyIjb"
0,0.49965718,Negative,,,,,,0.2210523,Έρευνα Adecco: Η επίδραση της πανδημίας COVID-19 στο εργασιακό περιβάλλον - https://t.co/HOdHXBpLjo https://t.co/Idx3UPEgQt
0,0.26182595,Negative,,,,,,0.1987711,Έρευνα Adecco: Πώς επέδρασε η πανδημία στο εργασιακό περιβάλλον και στη συμπεριφορά επιχειρήσεων και εργαζομένων https://t.co/xjVHiE3GE9 #businessnewsgr
0,0.4020058,Negative,,,,,,0.34224123,"Ποια πράσινη ενέργεια; Ο σώζων εαυτόν σωθήτω...Η Γερμανία έθεσε σε λειτουργία άλλο ένα εργοστάσιο ηλεκτροπαραγωγής με καύση άνθρακα
https://t.co/V1O02oB0DX"
0,0.027195258,Negative,,,,,,0.046104245,«Καμπανάκι» από τo WWF Ελλάς: Απογοητευτική η εφαρμογή του νόμου για τα πλαστικά μιας χρήσης https://t.co/h3DGCddMRQ #ΝΟΜΟΘΕΣΙΑ #ΠΕΡΙΒΑΛΛΟΝ https://t.co/ckTHdudr0h
1,0.62268376,Positive,,,,,,0.2246185,"Check out this article: ΕΣΠΑ: Πώς κατανέμονται τα 3,6 δισ. του προγράμματος για την κλιματική αλλαγή - https://t.co/n6D0tPPG2n"
1,0.7522992,Positive,,,,,,0.19328612,Η ώρα της #Motor #Oil να ανακοινώσει εκπληκτικά #κέρδη – Πως θα αντιδράσει η μετοχή με τέτοιο περιβάλλον; https://t.co/QGklISbNBs
1,0.6411022,Positive,,,,,,0.22242992,Αυτοί είναι οι έξι στρατηγικοί στόχοι του επιχειρησιακού πρόγραμματος του ΕΣΠΑ «Περιβάλλον και Κλιματική Αλλαγή» https://t.co/eiSvi77s9T
1,0.79497004,Positive,,,,,,0.25302306,Λουκίδης για τέλος υποχρεωτικότητας της μάσκας στα σχολεία: Βρισκόμαστε σε πολύ πιο σταθερό περιβάλλον φέτος https://t.co/twFwyMVM9v
0,0.24638794,Negative,,,,,,0.21177253,"Το ΚΚΕ Κισσάμου αναφέρεται στις σχεδιαζόμενες επενδύσεις σε Λαφονήσι, Φαλάσαρνα και Στόμιο, αλλά και στην ουσιαστική αδιαφορία για το περιβάλλον https://t.co/9v9WasmzyJ"
1,0.63524026,Positive,,,,,,0.15402135,"Ξαφνικά και απροσδόκητα - 20 αθλητές κατέρρευσαν σε μόλις 5 ημέρες - ""Είναι απο την κλιματική αλλαγή"" https://t.co/xTFd6tK3SY"
1,0.8697995,Positive,,,,,,0.1384643,Κομισιόν: Εγκρίθηκε το πρόγραμμα του νέου ΕΣΠΑ για το περιβάλλον https://t.co/HRkK6fVMR3 https://t.co/y4RkFQCtRk
0,0.11432008,Negative,,,,,,0.10344194,Η επίδραση της πανδημίας COVID-19 στο εργασιακό περιβάλλον και στη συμπεριφορά επιχειρήσεων και εργαζομένων https://t.co/BWqW5velub
0,0.49621287,Negative,,,,,,0.20777425,Η κυκλική οικονομία στην 86η ΔΕΘ - https://t.co/eiOPQNSsIs https://t.co/KMEN6XkYpb #86ηΔΕΘ #ΒιώσιμηΑνάπτυξη #ΚαθαρήΕνέργεια #ΚυκλικήΟικονομία
1,0.5013994,Positive,,,,,,0.2846593,"[Κλικ και διαβάστε στο thetoc] #Κέρκυρα: Το εύρημα που μπορεί να ""κάψει"" τον στραγγαλιστή της 93χρονης - Στο συγγενικό περιβάλλον ψάχνουν οι αρ https://t.co/yO3PaADraO"
1,0.8059343,Positive,,,,,,0.24790362,"Με έναν τύπο κινητήρα που χρησιμοποιείται σε ανεμιστήρες, η έρευνα του Robert Sansone θα μπορούσε να ανοίξει το δρόμο για μία πιο οικονομική και φιλική προς το περιβάλλον κατασκευή ηλεκτρικών οχημάτων.

https://t.co/xG1mp6KHBm https://t.co/CVI7WvzqaW"
0,0.060110856,Negative,,,,,,0.062581606,Ελένη Πολυχρονοπούλου (Environmental): Το HAZDASH λειτουργεί για την ακριβή καταγραφή των επικίνδυνων υλικών στο πλοίο και προστατεύει το θαλάσσιο περιβάλλον - mononews #mononewsGR https://t.co/HkmcCQ21qo
0,0.16728699,Negative,,,,,,0.13568744,"Σημαντική αύξηση θα έχουν έως το 2100 οι καυτές μέρες του έτους με επικίνδυνο θερμικό στρες, αν δεν ελεγχθεί η κλιματική αλλαγή https://t.co/CkM6yfIKwT"
1,0.8713618,Positive,,,,,,0.14697017,Κομισιόν: Εγκρίθηκε το πρόγραμμα του νέου ΕΣΠΑ για το περιβάλλον--https://t.co/7oFxhH3xMW
1,0.8391175,Positive,,,,,,0.22213455,Κομισιόν: Εγκρίθηκε το πρόγραμμα του νέου ΕΣΠΑ για το περιβάλλον - https://t.co/rpjphoVvYq https://t.co/LgICKVBcxM
1,0.917104,Positive,,,,,,0.116018,Το σχέδιο του παγκοσμίου αποπληθυσμού σε νέες οικολογικές περιπέτειες και όποιος αντέξει. Ποιος θα φέρει την λύση σε όλο αυτό το τεχνητό μπάχαλο που θα μας φέρει όλους στα άκρα με την ψευδο-κλιματική αλλαγή; Θέλουν λύση με τον 666 παγκόσμιο δικτάτορα.    https://t.co/CEOUbsuVUw
0,0.33013028,Negative,,,,,,0.30571523,RT @maras_mode: Ο Τζορτζ Σόρος/Το Παγκόσμιο Οικονομικό Φόρουμ δωροδοκησε ενα παιδί ηθοποιό και το δίδαξε πως να παραπονιεται για την «Κλιμα…
0,0.14077419,Negative,,,,,,0.15252486,Πώς τα τραγούδια της μεγάπτερης φάλαινας γίνονται παγκόσμια σουξέ https://t.co/qPg7nmv3tQ #ΑΡΘΡΑ #ΑΡΣΕΝΙΚΑ #ΠΕΡΙΒΑΛΛΟΝ #ΤΡΑΓΟΥΔΙ #ΦΑΛΑΙΝΕΣ By https://t.co/p9zfHynwcm https://t.co/s1Gcbg5raF
0,0.09045399,Negative,,,,,,0.104567036,Πλωτοί τερματικοί σταθμοί θα τροφοδοτούν την Ευρώπη με αέριο – Ανησυχία για το περιβάλλον https://t.co/hMBrXP9MZO
1,0.86072654,Positive,,,,,,0.1810574,"Χαιρετισμός Οικουμενικού Πατριάρχου Βαρθολομαίου στο ΠΣΕ: «Η μεγαλύτερη απειλή για τον πλανήτη δεν είναι ο νέος κορονοϊός, αλλά η κλιματική αλλαγή» @Oikoumene @EcuPatriarch 
https://t.co/HxQ064lo0I"
1,0.5412053,Positive,,,,,,0.18282984,Διευκρινήσεις από το περιβάλλον του Κώστα Καραμανλή: Καμία αιχμή κατά της κυβέρνησης - mononews #mononewsGR https://t.co/J9RlkZ5RZQ
1,0.52849555,Positive,,,,,,0.19808295,"Το περιβάλλον Καραμανλή ρίχνει τους τόνους μετά τον σάλο: Καμία αιχμή κατά της κυβέρνησης https://t.co/wikV52VXQo 

#υποκλοπες #Καραμανλη #Καραμανλης"
0,0.117874905,Negative,,,,,,0.15548234,"Κλιματική Αλλαγή: Οι #πλημμύρες στο #Πακιστάν φέρνουν ξανά στο επίκεντρο το ζήτημα της παροχής βοήθειας στις αναπτυσσόμενες χώρες

https://t.co/dzpVW93x6g 

#climatechange #PakistanFloods"
1,0.55066854,Positive,,,,,,0.28659266,"Η υπόθεση θα μπορούσε να δημιουργήσει προηγούμενο σχετικά με αξιώσεις και αγωγές για ζημιές που σχετίζονται με την κλιματική αλλαγή.
#insurance #news #climatechange

https://t.co/v0V1yPfNVr https://t.co/DheKuLTnzY"
1,0.8397269,Positive,,,,,,0.18866187,RT @thistimefromme: Το σχέδιο του παγκοσμίου αποπληθυσμού σε νέες οικολογικές περιπέτειες και όποιος αντέξει. Ποιος θα φέρει την λύση σε όλ…
0,0.41423622,Negative,,,,,,0.21314913,Μαξίμου και περιβάλλον Καραμανλή ρίχνουν τους τόνους και δηλώνουν ότι… συμφωνούν για τις θεσμικές αλλαγές ... https://t.co/Qz19i22W9z
0,0.48868054,Negative,,,,,,0.2596218,Συνάντηση Χρήστου Στυλιανίδη με την Υφ. Εξωτερικών της Γερμανίας – Στο επίκεντρο η κλιματική κρίση https://t.co/V3sVZGwe75
1,0.5661238,Positive,,,,,,0.22697286,Συνάντηση Χρήστου Στυλιανίδη με την Υφ. Εξωτερικών της Γερμανίας – Στο επίκεντρο η κλιματική κρίση https://t.co/PIRLxNxWZn
1,0.79590017,Positive,,,,,,0.19516715,"Κώστας Καραμανλής: Πανικός και ενόχληση στο περιβάλλον Μητσοτάκη, μετά την ηχηρή παρέμβαση του https://t.co/oxfugqwDGg #Καραμανλης"
0,0.24895942,Negative,,,,,,0.19221291,ΙΛΛΥΡΙΑ WEB TV | ΠΕΡΙΒΑΛΛΟΝ - ΠΙΣΤΟΠΟΙΗΣΗ ΔΙΑΤΡΟΦΗΣ | ΕΙΡΗΝΗ ΚΑΝΕΛΛΟΥ https://t.co/GbXqtL8ioS
1,0.8361614,Positive,,,,,,0.15779826,"Ανεμογεννήτριες: πόσο «πράσινη» είναι η ενέργειά τους;, γράφει ο Βαγγέλης Ντάλης https://t.co/kvWNbj9nZ4"
1,0.82355255,Positive,,,,,,0.23045817,"«Η συμμετοχή των γυναικών σε θέσεις λήψης αποφάσεων στην τεχνολογία, την καινοτομία και την επιχειρηματικότητα, είναι απαραίτητη για την οικονομική και βιώσιμη ανάπτυξη της χώρας», υπογράμμισε χθες σεομιλία της η υφυπουργός Εργασίας και Κοινωνικών

https://t.co/ay70h06i7t"
1,0.6426232,Positive,,,,,,0.29986387,"Κλιματική αλλαγή: Το καλοκαίρι του 2022 ακραία φαινόμενα σάρωσαν το βόρειο Ημισφαίριο

https://t.co/ujbSNCJY0E"
1,0.64907175,Positive,,,,,,0.25632,Κλιματική αλλαγή: Έπληξε το βόρειο ημισφαίριο – Το καλοκαίρι του 2022 θα είναι το πιο δροσερό της ζωής μας; https://t.co/aDFeHJZlAR
1,0.96087474,Positive,,,,,,0.09969728,"#PraktoreioLife
Το δεντρόσπιτο KOJA, μια πρόταση για βιώσιμο ταξίδι

https://t.co/otaPvAXfqT https://t.co/6BWRT34qN7"
1,0.6716111,Positive,,,,,,0.27615795,Κλιματική αλλαγή: Το καλοκαίρι του 2022 ακραία φαινόμενα σάρωσαν το βόρειο Ημισφαίριο--https://t.co/LTopNwX4AG
1,0.84156764,Positive,,,,,,0.19039164,Επιχειρησιακό σχέδιο για τον βιώσιμο τουρισμό και την επιμήκυνση της τουριστικής περιόδου στον Δήμο Χερσονήσου https://t.co/mEJpAy9x37
0,0.34216052,Negative,,,,,,0.19737893,Ημερίδα Υπερταμείου στη ΔΕΘ για βιώσιμη και περιφερειακή ανάπτυξη https://t.co/9EQIQfmWVA
1,0.7178271,Positive,,,,,,0.2825148,Κλιματική αλλαγή: Το καλοκαίρι του 2022 ακραία φαινόμενα σάρωσαν το βόρειο Ημισφαίριο https://t.co/V3mwbJJKYY
1,0.7120235,Positive,,,,,,0.23790139,Κλιματική αλλαγή: Έπληξε το βόρειο ημισφαίριο – Το καλοκαίρι του 2022 θα είναι το πιο δροσερό της ζωής μας; https://t.co/h65rCFuAgN
0,0.25591907,Negative,,,,,,0.19397765,Κλιματική αλλαγή και ξηρασία https://t.co/L8zBwoNzrA
0,0.02594991,Negative,,,,,,0.0466986,https://t.co/FbCB45sqLw Δυστυχώς αυτά τα φαινόμενα είναι της φύσης δυστυχώς Αλλά κάποιοι τα πιάνουνε από το λαιμό και λένε είναι η κλιματική αλλαγή ξέρετε τώρα για ποιο λόγο το κάνουμε αυτό η κλιματική αλλαγή σε όλα υπάρχει υπάρχει το πρόσχημα της κλιματικής αλλαγής και καλά
1,0.94064957,Positive,,,,,,0.10623582,"Το δεντρόσπιτο KOJA, μια πρόταση για βιώσιμο ταξίδι https://t.co/bXrpOoAKVM"
0,0.03654965,Negative,,,,,,0.08329992,"3/6 Βιβλικές πλημμύρες στο #Πακιστάν, προκαλούν &gt;1000 θανάτους, καταστρέφουν &gt;200.000 σπίτια και πλήττουν 33 εκατομμύρια ανθρώπους. Το Πακιστάν είναι από τις χώρες που επηρεάζονται περισσότερο από την κλιματική αλλαγή παρότι ευθύνεται για ελάχιστες εκπομπές αερίων θερμοκηπίου https://t.co/m1SbbtgUjx"
1,0.72109103,Positive,,,,,,0.26311278,Με επιτυχία η Εκδήλωση-Διημερίδα για την Κλιματική Αλλαγή που πραγματοποιήθηκε στην Πύλη https://t.co/EM54G8EehS μέσω @mouzakinews.gr
1,0.7041185,Positive,,,,,,0.2917213,Φυσιολογικός καιρός Σεπτέμβριος με βροχές τον χειμώνα θα έχει κρύο και χιόνια και την άνοιξη θα ανθίσουν τα λουλούδια. Που είναι η κλιματική αλλαγή;;; Έντονα φαινόμενα υπήρχαν πάντα τέλος. https://t.co/diLDw9xvI3
1,0.94450516,Positive,,,,,,0.09909866,"Το δεντρόσπιτο KOJA, μια πρόταση για βιώσιμο ταξίδι https://t.co/NfzWfF5gZJ"
1,0.6767659,Positive,,,,,,0.24328884,Κλιματική αλλαγή: Έπληξε το βόρειο ημισφαίριο – Το καλοκαίρι του 2022 θα είναι το πιο δροσερό της ζωής μας; https://t.co/AIibHPZ3df
1,0.76512337,Positive,,,,,,0.17769764,Χώρισαν Ελεωνόρα Ζουγανέλη και Σπύρος Δημητρίου; – Το περιβάλλον του ζευγαριού απαντά https://t.co/Fr4qy90FbI
1,0.6118325,Positive,,,,,,0.20917636,"RT @disorderisti: #Παπιγκο 
Περίφραξη δρόμου μεσα στον δρυμό κχαρακτηρισμός ως ιδιωτικός.
Νέες καταγγελίες απο #Καλλιστω για τις βίλες που…"
0,0.09810111,Negative,,,,,,0.11151189,GSEU: Ευρωπαϊκή κοινοπραξία για τη βιώσιμη χρήση του υπεδάφους και των πόρων του - https://t.co/EdHiGer7kR https://t.co/RoHc148oY0
0,0.16014466,Negative,,,,,,0.1269562,Οικονόμου για Ναυπηγεία Ελευσίνας: Βιώσιμο μοντέλο επανεκκίνησης και διασφάλιση των θέσεων εργασίας - https://t.co/yxR4SeyM7S https://t.co/l9Ysezz0ik
1,0.85489464,Positive,,,,,,0.21156058,IFA 2022: H LG παρουσιάζει ένα νέο gaming περιβάλλον και εμπλουτίζει την εμπειρία του παιχνιδιού με νέες υπηρεσίες που βασίζονται στο cloud ... https://t.co/cUhZAhNDZV
1,0.60377145,Positive,,,,,,0.23838975,Πανεπιστημιακές Σπουδές στο πιο σύγχρονο εκπαιδευτικό περιβάλλον https://t.co/7tkHecRBlv #greece #πανδημια #Πολεμος_στην_Ουκρανια #πολιτικη #survivorGR
0,0.16832946,Negative,,,,,,0.13572054,Οικονόμου: Βιώσιμο μοντέλο επανεκκίνησης των Ναυπηγείων Ελευσίνας και διασφάλιση των θέσεων εργασίας - mononews #mononewsGR https://t.co/nlHW4R3lYp
0,0.15334317,Negative,,,,,,0.14872797,Γιάννης Οικονόμου: Η Συμφωνία Εξυγίανσης των Ναυπηγείων Ελευσίνας διαμορφώνει ένα βιώσιμο μοντέλο επανεκκίνησης https://t.co/cuaM9T2KTd
0,0.3877598,Negative,,,,,,0.20792735,Γιάννης Οικονόμου: Η Συμφωνία Εξυγίανσης των Ναυπηγείων Ελευσίνας διαμορφώνει ένα βιώσιμο μοντέλο επανεκκίνησης--https://t.co/lMhmqmHnS6
0,0.17785057,Negative,,,,,,0.13107806,Γ.Οικονόμου: «Βιώσιμο το μοντέλο επανεκκίνησης των Ναυπηγείων Ελευσίνας» https://t.co/AL8PuvIsIT
0,0.10153431,Negative,,,,,,0.10255193,"Για βιώσιμο μοντέλο επανεκκίνησης των Ναυπηγείων Ελευσίνας, κάνει λόγο ο Γιάννης Οικονόμου
#Οικονομου 

https://t.co/H2ABBsmRR2"
0,0.102444306,Negative,,,,,,0.10234908,[Κλικ και διαβάστε στο mononews]Οικονόμου: Βιώσιμο  #Μοντέλο επανεκκίνησης των Ναυπηγείων Ελευσίνας και διασφάλιση των θέσεων εργασίας https://t.co/EThGTRsiIp
0,0.12274147,Negative,,,,,,0.10205863,".@joikonomou: Βιώσιμο μοντέλο επανεκκίνησης των Ναυπηγείων Ελευσίνας και διασφάλιση των θέσεων εργασίας 

https://t.co/hF91Q3oPRs"
0,0.13756025,Negative,,,,,,0.13352676,"Η κλιματική αλλαγή, άλλοθι για την αδιαφορία της Διοίκησης - https://t.co/FjU3lnjQAs #κλιματικήαλλαγή #ΟικολόγοιΠράσινοι #πολιτική"
1,0.86024797,Positive,,,,,,0.18107496,Κομισιόν: Εγκρίνει το ελληνικό μέτρο για την αποθήκευση ηλεκτρικής ενέργειας από ανανεώσιμες πηγές https://t.co/kfxzg2FI49
1,0.6435888,Positive,,,,,,0.22833456,ΔΕΗ ενεργώ για το περιβάλλον: Αποκατάσταση πυρόπληκτων περιοχών Αρχαίας Ολυμπίας https://t.co/KgAsYQIrB0
0,0.34920555,Negative,,,,,,0.23271002,".@StylianidesEU: Κοινός τόπος στην Ευρώπη ότι είναι περιορισμένα τα εθνικά μέσα για να αντιμετωπίσουν την κλιματική κρίση 

https://t.co/0s1wZk7loe 

#ClimateCrisis https://t.co/8QXBHSxOjV"
1,0.82988167,Positive,,,,,,0.17559645,"«Ισχυρή Ελλάδα στο νέο διεθνές περιβάλλον»

Εκδήλωση με ομιλητές τους @katsaniotis και @Avramopoulos 

https://t.co/zuDDspy2Xh"
1,0.637422,Positive,,,,,,0.26351124,ΔΕΗ ενεργώ για το περιβάλλον: Αποκατάσταση πυρόπληκτων περιοχών Αρχαίας Ολυμπίας https://t.co/rgLZiMEHY5
0,0.12795407,Negative,,,,,,0.15288137,Διαδικτυακοί χρήστες υποστηρίζουν πως η τηλεόραση ψεύδεται για την κλιματική αλλαγή και προσπαθεί να τρομοκρατήσει τους πολίτες https://t.co/jYi6S1ZOEc
1,0.59558785,Positive,,,,,,0.25559154,"RT @FlorosVasileios: Μετά την επισιτιστική κρίση, καί τίς παρενέργειες τών εμβολίων πού θα ξεσπάσουν σε λίγο, θα φέρουν την κλιματική αλλαγ…"
0,0.46676877,Negative,,,,,,0.19278403,Αμπού Ντάμπι: Οι εντυπωσιακοί απολιθωμένοι αμμόλοφοι που δημιουργήθηκαν από την κλιματική αλλαγή https://t.co/1SjdbBp6JB #ΑΘΛΗΤΙΣΜΟΣΠΟΛΙΤΙΣΜΟΣ #ΑΜΜΟΛΟΦΟΙ #ΑΜΠΟΥΝΤΑΜΠΙ By https://t.co/p9zfHynwcm
1,0.9320174,Positive,,,,,,0.10715223,"➡️ 300 εκατ. το κόστος που επωμίζεται ο καταναλωτής
➡️ Φυσικό αέριο και ανανεώσιμες πηγές ενέργειας θα μειώσουν το κόστος

⏩ Διαβάστε στη «Σημερινή» | Του Άγγελου Αγγελοδήμου

https://t.co/Rqs7jznv4H"
0,0.33545056,Negative,,,,,,0.24877046,"Κλιματική κρίση, διμερή συνεργασία, Κυπριακό, συζήτησαν Κασουλίδης - Γερμανίδα ΥΦΕΞ https://t.co/CLBQRGDWP7"
0,0.10666175,Negative,,,,,,0.12996335,"Η μεγάλη προσπάθεια για την προστασία της Γυάρου που πραγματοποιείται από το #WWF_Ελλάς σε συνεργασία με πλήθος άλλων φορέων, φαίνεται πως αποδίδει καρπούς, δίνοντας μια σημαντική «ανάσα» στο θαλάσσιο περιβάλλον της περιοχής. 
#Γυαρος #Αλιεια 

https://t.co/7r7Aa8ZlLv"
1,0.72137296,Positive,,,,,,0.20324121,Γκρέτα Τούνμπεργκ: Οι πολιτικοί της Σουηδίας αγνοούν την κλιματική κρίση - https://t.co/AUH6nVwREV https://t.co/f1sjZsKxOy
1,0.508881,Positive,,,,,,0.29208592,"Δρ Χαράλαμπος Έλληνας: Οικονομικά βιώσιμος ο αγωγός East Med – Απαρχαιωμένο το δίκτυο της ΑΗΚ (ηχητικό) #Cyprus #EastMed @CharlesEllinas   
via @politis_news 
https://t.co/YIqrEaBsDc"
0,0.20981182,Negative,,,,,,0.17123158,Μηδενικό αποτύπωμα άνθρακα και οι πολιτικές «βιώσιμων δραστηριοτήτων» ως παράμετροι συρρίκνωσης της ανταγωνιστικότητας - mononews #mononewsGR https://t.co/klL9ZVIhOX
0,0.36183122,Negative,,,,,,0.2178986,Κλιματική αλλαγή: Ο πλέον θερμός Αύγουστος από το 1979 για την Ευρώπη - Documento https://t.co/fi5todY3FI
1,0.81312567,Positive,,,,,,0.18606709,Τσίπρας: «Δεν είναι βιώσιμο το να επιδοτεί το κράτος από τα δημόσια έσοδα» - mononews #mononewsGR https://t.co/87wFh79o0T
1,0.8367541,Positive,,,,,,0.17093687,Μην κόψεις τη ζάχαρη μόνο για το καλό της υγείας σου αλλά και για να προστατεύσεις το περιβάλλον https://t.co/SIyoFzd152
1,0.91945565,Positive,,,,,,0.10702511,Τσίπρας: Χρειάζεται βιώσιμη ασπίδα προστασίας για νοικοκυριά και επιχειρήσεις https://t.co/Xo42kDT1Z3 #businessnewsgr
1,0.85731715,Positive,,,,,,0.125544,Εγκρίθηκε το Περιφερειακό Σχέδιο για την Προσαρμογή στην Κλιματική Αλλαγή (ΠεΣΠΚΑ) Περιφέρειας Κρήτης https://t.co/7t1NI49S6B
1,0.8601374,Positive,,,,,,0.140949,RT @LykavitosGr: Μεγάλη ανησυχία για τον «Παγετώνα της Αποκάλυψης»  - Λιώνει με ταχύ ρυθμό  #«Παγετώνας_της_Αποκάλυψης» #Thwaites #κλιματικ…
1,0.87430227,Positive,,,,,,0.12964775,RT @LykavitosGr: Μεγάλη ανησυχία για τον «Παγετώνα της Αποκάλυψης»  - Λιώνει με ταχύ ρυθμό  #«Παγετώνας_της_Αποκάλυψης» #Thwaites #κλιματικ…
1,0.6650138,Positive,,,,,,0.28484473,Κλιματική αλλαγή: «Ακραίος» κίνδυνος για το 71% της παραγωγής τροφίμων μέχρι το 2045 - https://t.co/xUtWGQhbby https://t.co/SXJ07x0BLg
1,0.8342181,Positive,,,,,,0.1895764,".@joikonomou: 
«Η Ελλάδα εξακολουθεί να αναπτύσσεται δυναμικά παρά τις αβεβαιότητες στο διεθνές περιβάλλον»

https://t.co/wQji95kZkD"
0,0.4674383,Negative,,,,,,0.29471773,Κλιματική κρίση: Σε κατάσταση «ακραίου κινδύνου» η παραγωγή τροφίμων ως το 2045 https://t.co/te8pwd63aZ
0,0.38161513,Negative,,,,,,0.18007754,Θορυβημένο το περιβάλλον Αγοραστού από την.. «υποψηφιότητα» Λανάρα για το Δήμο Τεμπών https://t.co/6hKNCqqeZj
1,0.6877265,Positive,,,,,,0.21934576,RT @Moneypressgr: ΟΗΕ: Πανδημία και κλιματική αλλαγή πήγαν τον κόσμο 5 χρόνια πίσω  #moneypress https://t.co/iZFtiH3vWg
1,0.67969215,Positive,,,,,,0.23922098,ΟΗΕ: Πανδημία και κλιματική αλλαγή πήγαν τον κόσμο 5 χρόνια πίσω  #moneypress https://t.co/iZFtiH3vWg
1,0.87905747,Positive,,,,,,0.14242399,Τσίπρας: Βιώσιμη ασπίδα προστασίας για νοικοκυριά και επιχειρήσεις από την ενεργειακή κρίση και τον πληθωρισμό https://t.co/Dj78y0ibuh
1,0.5734308,Positive,,,,,,0.2706313,Περισσότεροι τρόποι για οδικές μετακινήσεις με βιώσιμο πρόσημο και εξοικονόμηση χρημάτων με τους Χάρτες Google https://t.co/1xwj7qJ7xk
0,0.12803498,Negative,,,,,,0.12211066,Κλιματική αλλαγή | Οι τουρίστες αποφεύγουν τους προορισμούς με καύσωνα https://t.co/jM8ilqxKyj
1,0.67204386,Positive,,,,,,0.22703713,"Volterra: Πολυτέλεια σε ρόδες και με σεβασμό στο περιβάλλον

https://t.co/eGx3THbvlu"
1,0.8617407,Positive,,,,,,0.17580745,RT @LykavitosGr: Παραγωγή ενέργειας από ανανεώσιμες και εναλλακτικές πήγες  #ΕΥΔΑΠ https://t.co/dFhr91Hs1J
1,0.9095629,Positive,,,,,,0.106205575,RT @LykavitosGr: Παραγωγή ενέργειας από ανανεώσιμες και εναλλακτικές πήγες  #ΕΥΔΑΠ https://t.co/dFhr91Hs1J
1,0.6345087,Positive,,,,,,0.21102698,Ερμιονίδα| Ανοικτή εκδήλωση για το θαλάσσιο περιβάλλον https://t.co/jNQxXN78Fa μέσω @Arena News | Ηλεκτρονική εφημερίδα της Πελοποννήσου
0,0.030895786,Negative,,,,,,0.07316617,"Κλιματική αλλαγή: Σημεία καμπής «χωρίς επιστροφή» αν αυξηθεί η θερμοκρασία άνω του 1,5 βαθμού - https://t.co/lKI7CORpNH https://t.co/qBlMIYDYVA"
0,0.3478051,Negative,,,,,,0.24016757,"Southeast Europe Energy Forum: Αναζητώντας την ενεργειακή σταθερότητα σε ένα διαρκώς μεταβαλλόμενο περιβάλλον (VIDEO) - https://t.co/eiOPQNSsIs https://t.co/LluoDlCHGg 
#Southeast_Europe_Energy_Forum #Ενεργειακή_Κρίση #Επιπτώσεις #Μέτρα"
1,0.6282366,Positive,,,,,,0.2742944,#ΠΑΣΟΚ  – Κίνημα Αλλάγης :  Η ανάπτυξη για να είναι βιώσιμη μακροπρόθεσμα δεν μπορεί να βασίζεται μόνο στην κατανάλωση https://t.co/qzNJvsEe0y
0,0.056190357,Negative,,,,,,0.091912694,COP27: Χιλιάδες δρομείς στέλνουν παγκόσμιο μήνυμα για την κλιματική αλλαγή - Documento https://t.co/CHFrPyc3d8
0,0.2502595,Negative,,,,,,0.15519124,Περιβάλλον : «Πότε και που εξημερώθηκε ο Γάιδαρος» https://t.co/hs9wNE3om9
1,0.8348114,Positive,,,,,,0.22636501,Διαμάντια για ενοικίαση: Η νέα τάση στην κυκλική οικονομία και η προοπτική για την Ελλάδα - mononews #mononewsGR https://t.co/aOSw69sgqC
0,0.18870948,Negative,,,,,,0.15774651,"""Η ειρήνη στην Κύπρο θα πρέπει να είναι βιώσιμη και να διαρκεί""
#alphanewslive #cyprus
 https://t.co/mOSvpH7Ci7"
1,0.8828362,Positive,,,,,,0.1690698,Γεωργιάδης: Η πράσινη ενέργεια μπορεί να γίνει το μεγαλύτερο ανταγωνιστικό πλεονέκτημα της Ελλάδας - https://t.co/11PJ6qfLcE https://t.co/h5DMtRiK6o
0,0.050831407,Negative,,,,,,0.04302945,"SOS από τους επιστήμονες: Αν η θερμοκρασία στη Γη αυξηθεί πάνω από 1,5° Κελσίου ίσως υπάρξουν αλλαγές «χωρίς επιστροφή» https://t.co/jilqFvzze5 #ΕΡΕΥΝΕΣ #ΚΛΙΜΑ #ΠΕΡΙΒΑΛΛΟΝ https://t.co/bAn1zVA4Zd"
1,0.91231126,Positive,,,,,,0.09909565,Γεωργιάδης: Τα επόμενα 4-6 χρόνια θα είναι χρόνια κοσμογονίας στις ανανεώσιμες πηγές ενέργειας - mononews #mononewsGR https://t.co/ZUSuaNhNtX
1,0.947373,Positive,,,,,,0.072997496,".@AdonisGeorgiadi: Τα επόμενα 4-6 χρόνια θα είναι χρόνια κοσμογονίας στο δίκτυο και στις επενδύσεις στις ανανεώσιμες πηγές ενέργειας στην Ελλάδα

https://t.co/29uLdxHKSL https://t.co/hPBu5OJA1c"
0,0.2691888,Negative,,,,,,0.26005322,Κλιματική αλλαγή: Ο πλανήτης στα όρια 4 μεγάλων σημείων καμπής https://t.co/LyzBouUsCX
1,0.6510323,Positive,,,,,,0.20898049,RT @OlympiaAnast: Στα πλαίσια της 86ης Διεθνούς Έκθεσης Θεσσαλονίκης (#ΔΕΘ) όπου μίλησα για τον βιώσιμο τουρισμό και τα θαλάσσιο χωροταξικό…
0,0.43483138,Negative,,,,,,0.24222374,Νεφρολιθίαση: Η κλιματική αλλαγή αυξάνει τις πέτρες στο νεφρό. Τι δείχνουν νέες μελέτες ... https://t.co/IrEzyX1DFw
0,0.49930295,Negative,,,,,,0.25795397,Στις εταιρίες με το καλύτερο εργασιακό περιβάλλον στην Ευρώπη η Epsilon Net https://t.co/1z2Dsm4UXq
1,0.66885585,Positive,,,,,,0.28878602,«Europe’s Best Workplaces 2022»: Ο Όμιλος EPSILON NET ανάμεσα στις 10 κορυφαίες εταιρίες στην Ευρώπη για το εργασιακό περιβάλλον https://t.co/XaMTokTPeK
1,0.840873,Positive,,,,,,0.1859593,"[Κλικ και διαβάστε στο ΠΡΩΤΟ ΘΕΜΑ]Αυτή η μικρή, βιώσιμη πόλη στη  #Γερμανία είναι σαν να έχει βγει από παραμύθι των αδελφών Γκριμ https://t.co/Bh4Mqd2NaP"
1,0.86230606,Positive,,,,,,0.1554591,"RT @LykavitosGr: Κατρίνης: «Η Κυκλική Οικονομία δεν αποτελεί επιβάρυνση, αλλά ένα πεδίο επενδύσεων υψηλής προστιθέμενης αξίας»  https://t.c…"
1,0.8898435,Positive,,,,,,0.13475266,"RT @LykavitosGr: Κατρίνης: «Η Κυκλική Οικονομία δεν αποτελεί επιβάρυνση, αλλά ένα πεδίο επενδύσεων υψηλής προστιθέμενης αξίας»  https://t.c…"
1,0.73783857,Positive,,,,,,0.25030524,"Αυτή η μικρή, βιώσιμη πόλη στη Γερμανία είναι σαν να έχει βγει από παραμύθι των αδελφών Γκριμ https://t.co/UBAcsMWJzZ"
0,0.38460904,Negative,,,,,,0.22800732,Μ. Κατρίνης: «Η Κυκλική Οικονομία δεν αποτελεί επιβάρυνση» - https://t.co/Y5xNKfj77j #εκλογές2022 #Κατρινηςμιχαλης #πολιτική #ΣΥΡΙΖΑ
0,0.3060846,Negative,,,,,,0.27276948,"Το περιβάλλον  και όχι γενετικοί  παράγοντες,  προκαλούν μυωπία  στα παιδιά https://t.co/UqZqS2TClT"
1,0.84860194,Positive,,,,,,0.18005918,"Μιχάλης Κατρίνης: «Η Κυκλική Οικονομία δεν αποτελεί επιβάρυνση, αλλά ένα πεδίο επενδύσεων υψηλής προστιθέμενης αξίας» https://t.co/qTudoxaEhl"
1,0.51258284,Positive,,,,,,0.28530723,RT @LykavitosGr: Σε κατάσταση «ακραίου κινδύνου» η παραγωγή τροφίμων μέχρι το 2045  #παραγωγή #τρόφιμα #κλιματική_κρίση https://t.co/8ReTLE…
0,0.4510765,Negative,,,,,,0.2595934,RT @LykavitosGr: Σε κατάσταση «ακραίου κινδύνου» η παραγωγή τροφίμων μέχρι το 2045  #παραγωγή #τρόφιμα #κλιματική_κρίση https://t.co/8ReTLE…
1,0.95156026,Positive,,,,,,0.07673287,"Παρελθόν και μέλλον: Η Ευρώπη, το φυσικό αέριο, τα επιτόκια, η ύφεση, η Κλιματική αλλαγή και ο… θρόνος του Ηνωμένου Βασιλείου https://t.co/s43FVhEfKp"
1,0.87472516,Positive,,,,,,0.18285657,Γεωργιάδης: Η πράσινη ενέργεια μπορεί να γίνει το ανταγωνιστικό πλεονέκτημα της Ελλάδας https://t.co/KatJqHDSyA
0,0.46860087,Negative,,,,,,0.21652782,"Νάξος - Σύλλογος Προστασίας Αγριας Ζωής: Ο ""Don"" επέστρεψε στο φυσικό του περιβάλλον https://t.co/0oRuxlqxS9"
0,0.3091396,Negative,,,,,,0.21452802,"Αειφορία, κυκλική οικονομία και πράσινη ενέργεια οι βασικές επενδυτικές ευκαιρίες του μέλλοντος https://t.co/DDmblRDkXz #businessnewsgr"
0,0.47283006,Negative,,,,,,0.26200125,"Αειφορία, κυκλική οικονομία και πράσινη ενέργεια οι βασικές επενδυτικές ευκαιρίες https://t.co/CFk4iKyXHf"
0,0.2725197,Negative,,,,,,0.2011596,"RT @AMavroyiannis: Είχα σήμερα την τιμή, να προεδρεύω της πρώτης συνόδου του Συνέδριου τoυ Ευρωπαϊκού Επιστημονικού Συμβουλίου (EGPL) του @…"
0,0.44570324,Negative,,,,,,0.2506687,"#86ηΔΕΘ

Αειφορία, κυκλική οικονομία και πράσινη ενέργεια οι βασικές επενδυτικές ευκαιρίες του μέλλοντος, σύμφωνα με μελέτη 

https://t.co/xm2lU8Vogd

Η #ΔΕΘ2022 στο ΑΠΕ-ΜΠΕ 🔗 https://t.co/chtcB3GZFG

#TIFHelexpo #ΔΕΘ https://t.co/29HzQngvcI"
1,0.83535707,Positive,,,,,,0.18634188,"Κατρίνης: Η Κυκλική Οικονομία δεν αποτελεί επιβάρυνση, αλλά ένα πεδίο επενδύσεων υψηλής προστιθέμενης αξίας - https://t.co/eiOPQNSsIs https://t.co/CpEF2BTNo3"
1,0.635971,Positive,,,,,,0.27088666,"#86ηΔΕΘ

Η Κυκλική Οικονομία στο επίκεντρο της μεγαλύτερης εκθεσιακής διοργάνωσης της χώρας

https://t.co/Azex2COAEE

Η #ΔΕΘ2022 στο ΑΠΕ-ΜΠΕ 🔗 https://t.co/QW6951JO3B

#TIFHelexpo #ΔΕΘ #DETH2022 https://t.co/BXLLq72zMU"
1,0.60117126,Positive,,,,,,0.28392732,"Πόλος έλξης οι συναυλίες και οι παράλληλες εκδηλώσεις της 86ης ΔΕΘ-Η Κυκλική Οικονομία στο επίκεντρο της μεγαλύτερης εκθεσιακής διοργάνωσης της χώρας
https://t.co/rPc3NR4DqG https://t.co/yjtQieudWi"
1,0.52822,Positive,,,,,,0.26339698,"Σε ένα νέο, υπερσύγχρονο σχολικό περιβάλλον υποδεχόμαστε τους μικρούς μαθητές και μαθήτριες του Δημοτικού Σχολείου Ίσθμιας, στη θέση “Κυρα-Βρύση”.
https://t.co/KwuwK8xO5Z"
1,0.53368723,Positive,,,,,,0.20613885,Σοφία Παυλίδου: «Το υποστηρικτικό οικογενειακό περιβάλλον μπορεί να βοηθήσει τους μαθητές να ξεπεράσουν το #Δημοκρατική #Ρόδος #Δωδεκάνησα https://t.co/c0N9iF0fdY
0,0.4156316,Negative,,,,,,0.20748362,Συνέντευξη Τύπου σε προστατευμένο περιβάλλον από ένα πρωθυπουργό χωρίς απαντήσεις - Documento https://t.co/2FCvaTrXaj
0,0.24256371,Negative,,,,,,0.2469668,Κλιματική αλλαγή: Ο πλανήτης στα όρια 4 μεγάλων σημείων καμπής https://t.co/Sz4JmodVG3
1,0.8704106,Positive,,,,,,0.1731585,ΕΕ: Ο ρόλος του ΤΑΑ για μια πράσινη Οικονομία https://t.co/Ih6vIXnrpB
1,0.5452121,Positive,,,,,,0.25838315,Βιώσιμη Ανάπτυξη και ESG στο επίκεντρο των αξιών της ΕΥΔΑΠ https://t.co/LpN1cpm0Al
1,0.9358924,Positive,,,,,,0.11046502,"Παραγωγή ενέργειας από ανανεώσιμες και εναλλακτικές πηγές,
https://t.co/igdn3jf2S5,"
1,0.88384974,Positive,,,,,,0.2068499,Αειφορία μέσω της βιοποικιλότητας των αλυσίδων αξίας αγροδιατροφικών αλυσίδων https://t.co/3LhdxR44lo
1,0.91611886,Positive,,,,,,0.1265618,BlackRock: Έξυπνος καπιταλισμός η «πράσινη ενέργεια» - Επικίνδυνες οι επενδύσεις σε παραγωγούς ορυκτών καυσίμων https://t.co/flRLt161Yt
1,0.8864222,Positive,,,,,,0.15865554,BlackRock: Έξυπνος καπιταλισμός η «πράσινη ενέργεια» - Επικίνδυνες οι επενδύσεις σε παραγωγούς ορυκτών καυσίμων https://t.co/ibSw7R0Gs4
0,0.30454028,Negative,,,,,,0.19211848,ΙΛΛΥΡΙΑ WEB TV | ΠΕΡΙΒΑΛΛΟΝ - ΠΙΣΤΟΠΟΙΗΣΗ ΔΙΑΤΡΟΦΗΣ | ΕΙΡΗΝΗ ΚΑΝΕΛΛΟΥ https://t.co/IucSSGq4ld
0,0.26429087,Negative,,,,,,0.17562181,Στέργιος Μπαμπανάσης – παρουσίαση του βιβλίου του με τίτλο «Αναστοχασμοί για μια Βιώσιμη Κοινωνία της Ευημερίας» https://t.co/Qubkj1k4dN
0,0.41976973,Negative,,,,,,0.27106762,"Η πόλη Χάρλεμ απαγορεύει όλες τις διαφημίσεις που προωθούν το κρέας, λόγω των υποτιθέμενων αρνητικών επιδράσεων που έχει το κρέας στην κλιματική αλλαγή 
https://t.co/9MDILIMvVg"
1,0.6526094,Positive,,,,,,0.20064582,"Και με ινδική πόλη η συνεργασία του Δ. Τρικκαίων για περιβάλλον, τεχνολογία, καινοτομία https://t.co/AwAwQJz9Nn"
1,0.8782185,Positive,,,,,,0.15498169,"Προς μια πράσινη Οικονομία: Ενεργειακή απόδοση, περιβαλλοντική βιωσιμότητα και ο ρόλος του Ταμείου Ανάκαμψης https://t.co/eZkk0EkSmi"
0,0.19290072,Negative,,,,,,0.26352698,Προβληματική η κάλυψη των διατροφικών αναγκών μας χωρίς βιώσιμη χρήση των υδάτων και αντιμετώπιση της ξηρασίας - LarissaPress https://t.co/MCOvSFZlR7
1,0.58291215,Positive,,,,,,0.19309968,Οι συναλλαγές χωρίς μετρητά βοηθούν το περιβάλλον https://t.co/t6rIXvJiyw
1,0.848477,Positive,,,,,,0.17557397,"RT @nansou: Η βάση κάθε επιτυχίας, ψυχραιμίας και πηγής λάμψης του ανθρώπου, είναι η ευτυχία κι η ηρεμία στην προσωπική του ζωή. Και η αυτο…"
0,0.43225062,Negative,,,,,,0.19125052,"""ΠΕΡΙΒΑΛΛΟΝ ΚΑΙ ΕΞΟΙΚΟΝΟΜΗΣΗ ΕΝΕΡΓΕΙΑΣ"" https://t.co/SIp5LQRBtP"
0,0.10290884,Negative,,,,,,0.13308491,"Κλιματική αλλαγή| Xωρίς επιστροφή αν η θερμοκρασία αυξηθεί πέραν του 1,5° Κελσίου https://t.co/BSEWmMH11k μέσω @Arena News | Ηλεκτρονική εφημερίδα της Πελοποννήσου"
1,0.9566241,Positive,,,,,,0.09875223,"@kakakatapult @kobarsos πελτ ήμουνα παιδάκι όταν είδα το wild at heart και διαμόρφωσε κατά πολύ τον τρόπο που βλέπω, θέλω να πω είναι και οι περιστάσεις, το περιβάλλον, η ηλικία, η οπτική που καθορίζουν τι μπορεί να σε σημαδέψει στο σινεμά, και παντού φαντάζομαι."
1,0.63499665,Positive,,,,,,0.20165983,Κλιματική αλλαγή: Επενδυτές με κεφάλαια $39 τρισ. ζητούν μέτρα από τις κυβερνήσεις https://t.co/QDZZhferkN
1,0.84593046,Positive,,,,,,0.15984042,Κλιματική αλλαγή: Νέοι κανόνες για περιορισμό της παγκόσμιας αποψίλωσης δασών - https://t.co/jArVevCQRH https://t.co/05D2lOgHoo
1,0.8565246,Positive,,,,,,0.14062645,Κλιματική αλλαγή: νέοι κανόνες για περιορισμό της παγκόσμιας αποψίλωσης δασών https://t.co/X0bqAMj26z https://t.co/GR4Foo1UQg
1,0.8975979,Positive,,,,,,0.13004386,RT @LykavitosGr: Γεραπετρίτης: Ανάγκη σταθερότητας και να έχουμε μια βιώσιμη και ισχυρή κυβέρνηση  #Γιώργος_Γεραπετρίτης https://t.co/pANOG…
1,0.90580404,Positive,,,,,,0.12721457,RT @LykavitosGr: Γεραπετρίτης: Ανάγκη σταθερότητας και να έχουμε μια βιώσιμη και ισχυρή κυβέρνηση  #Γιώργος_Γεραπετρίτης https://t.co/pANOG…
0,0.44033042,Negative,,,,,,0.20314725,“ΠΕΡΙΒΑΛΛΟΝ ΚΑΙ ΕΞΟΙΚΟΝΟΜΗΣΗ ΕΝΕΡΓΕΙΑΣ” https://t.co/2cu6iPqPSx
0,0.10992153,Negative,,,,,,0.22781967,[Κλικ και διαβάστε στο Real News]Στυλιανίδης: Η ευρωπαϊκή πράσινη συμφωνία είναι η απάντηση της ΕΕ στην κλιματική κρίση https://t.co/z0gXZDKCBz
0,0.14968272,Negative,,,,,,0.1847538,Στυλιανίδης: «Η ευρωπαϊκή πράσινη συμφωνία είναι η απάντηση της ΕΕ στην κλιματική κρίση» - mononews #mononewsGR https://t.co/yZlWIO8EUX
0,0.12371701,Negative,,,,,,0.16075598,Στυλιανίδης: Η ευρωπαϊκή πράσινη συμφωνία είναι η απάντηση της ΕΕ στην κλιματική κρίση https://t.co/nIp6mhx4EK
1,0.9163543,Positive,,,,,,0.096258275,Γκουτέρες προς τους ηγέτες του πλανήτη για την κλιματική αλλαγή: «Μην πνίξετε τον κόσμο» https://t.co/ahCSCV8Rw7
0,0.12200274,Negative,,,,,,0.15104863,Στυλιανίδης: «Η ευρωπαϊκή πράσινη συμφωνία είναι η απάντηση της ΕΕ στην κλιματική κρίση» - mononews #mononewsGR https://t.co/SF497rm604
0,0.14850935,Negative,,,,,,0.18612131,".@StylianidesEU : Η ευρωπαϊκή πράσινη συμφωνία είναι η απάντηση της ΕΕ στην κλιματική κρίση

https://t.co/BjGyafGixR https://t.co/ptt76HZZcQ"
1,0.9135371,Positive,,,,,,0.12141823,"Κατάσταση της ΕΕ: Ουκρανία, ενέργεια, κλιματική αλλαγή, οικονομία  https://t.co/TWUOku3PCr via @Europarl_EL"
0,0.3865816,Negative,,,,,,0.266135,"Με θεματικό τίτλο «Τώρα είναι η ώρα»,  η Διεύθυνση της CNP CYPRIALIFE ανάδειξε τα χαρακτηριστικά εκείνα που κάνουν την Εταιρία, το Δίκτυο και τους εργαζομένους της να ξεχωρίζουν μέσα σε ένα συνεχώς μεταβαλλόμενο περιβάλλον.

https://t.co/3KMSX8G953 https://t.co/6kXiqnusdn"
0,0.03856163,Negative,,,,,,0.04638609,Δίκη Φιλιππίδη: Συνέχεια με καταθέσεις από το οικογενειακό του περιβάλλον https://t.co/sr1WNYaAWK
0,0.12323016,Negative,,,,,,0.15624085,"Ανδρουλάκης (ΠΑΣΟΚ): Βρισκόμαστε σε ένα πολύ δύσκολο γεωπολιτικό περιβάλλον - Άλλοι δεν το κατανοούν - Δεν φοβόμαστε τις εκλογές, όποτε και αν γίνουν - Περιμένουμε να πάρουμε εντολή από την πρώτη Κυριακή"
0,0.39877948,Negative,,,,,,0.18481004,[Κλικ και διαβάστε στο Huffington Post]Ο δισεκατομμυριούχος ιδρυτής της Patagonia χαρίζει την εταιρία και τα κέρδη της για το περιβάλλον https://t.co/kJ9o2n3Ajw
0,0.39436668,Negative,,,,,,0.17110728,[Κλικ και διαβάστε στο Huffington Post]Ο δισεκατομμυριούχος ιδρυτής της Patagonia χαρίζει την εταιρία και τα κέρδη της για το περιβάλλον https://t.co/kJ9o2n32tY
0,0.22531578,Negative,,,,,,0.22387631,RT @FChaniwn: Η Λάρα έχασε τον άνθρωπό της και κανείς από το οικογενειακό του περιβάλλον δεν ενδιαφέρθηκε για εκείνη. 😔💔 Αναζητήσαμε φιλοξε…
1,0.6678928,Positive,,,,,,0.20799714,Η κλιματική αλλαγή πάει σχολείο #Δημοκρατική #Ρόδος #Δωδεκάνησα https://t.co/ep2aou5nBk
1,0.5221356,Positive,,,,,,0.34103677,"Το «Τάλως» έρχεται να καλύψει τις ανάγκες που έχει δημιουργήσει η κλιματική αλλαγή αλλά και η σημαντική αύξηση της διέλευσης τάνκερ από τον Κόλπο, μετά την έναρξη του πολέμου στην Ουκρανία. https://t.co/6hJrgVcw7m"
0,0.32617202,Negative,,,,,,0.17027004,Εργασίες κοπής δέντρων σήμερα στην Εθνική Οδό Θεσσαλονίκης-Νέων Μουδανιών https://t.co/5gz43Zn9Ls #ΕΡΓΑ #ΚΥΚΛΟΦΟΡΙΑΚΑ #ΠΕΡΙΒΑΛΛΟΝ https://t.co/VotfDfp7FH
0,0.48129597,Negative,,,,,,0.28024828,Ραφήνα: Ποια είναι η πραγματικότητα και ποιοι οι μύθοι για την παραλία Μαρίκες https://t.co/1a5fbrpRjK #ΑΥΤΟΔΙΟΙΚΗΣΗ #ΠΑΡΑΛΙΑΜΑΡΙΚΕΣ #ΠΕΡΙΒΑΛΛΟΝ By https://t.co/p9zfHynwcm https://t.co/Rhq6DMkkPi
1,0.6238281,Positive,,,,,,0.19499329,Η ΕΕ πρέπει να ενισχύσει επειγόντως τη δράση της για το κλίμα https://t.co/W32tTdNxuA via @Europarl_EL
0,0.381161,Negative,,,,,,0.16257595,"Oxfam: Η ""οξεία πείνα"" επιδεινώθηκε σφόδρα από την κλιματική κρίση https://t.co/yUwF5Jsikr"
0,0.253421,Negative,,,,,,0.19115,Έγκλημα στην Καβάλα: Στο οικογενειακό και φιλικό περιβάλλον του 52χρονου ψάχνουν τον δολοφόνο--https://t.co/eZKZ4z9AjY
0,0.44767615,Negative,,,,,,0.21674281,Θεσσαλονίκη: Παράνομη επιχείρηση παραγωγής ρυζιού μόλυνε το περιβάλλον https://t.co/hJLO8SZvcA
0,0.34045708,Negative,,,,,,0.18018484,Θεσσαλονίκη: Επιχείρηση στην Χαλάστρα μόλυνε το περιβάλλον - Πετούσαν ανεξέλεγκτα στάχτη σε χωράφι (ΦΩΤΟ) - https://t.co/eiOPQNT0y0 https://t.co/QNUFc8O1sO #Δικογραφία #ΕΛΑΣ #Εργοστάσιο #ΠεριβαλλοντικήΡύπανση #Στάχτη
1,0.6424102,Positive,,,,,,0.23261808,"RT @amna_sportgr: Ο Τζαμ Νατζάφι, ζήτησε την παραίτηση του ιδιοκτήτη των @Suns, μετά τις καταγγελίες ότι δημιούργησε ένα τοξικό εργασιακό π…"
0,0.39327726,Negative,,,,,,0.2537077,Ο πρόεδρος της Νότιας Αφρικής θα συζητήσει με τον Μπάιντεν για την κλιματική αλλαγή και την ενεργειακή μετάβαση https://t.co/Opn94qyoM1
1,0.62017095,Positive,,,,,,0.3103616,"Η «στροφή» σε παραδοσιακές μορφές θέρμανσης θα επηρεάσει την ατμόσφαιρα;- Τι χειμώνα «περιμένουμε»;- Ο Μ. Σιούτας απαντά στο Infonews24 (Βίντεο)
#θέρμανση #χειμώνας #Μιχάλης_Σιούτας #καιρός #ενεργειακή_κρίση #κλιματική_αλλαγή
https://t.co/CZLWX0zQDh"
1,0.71273094,Positive,,,,,,0.21436754,Η επισιτιστική επάρκεια και η βιώσιμη παραγωγή τροφίμων στο επίκεντρο των υπουργών Γεωργίας της ΕΕ - LarissaPress https://t.co/SCmwtXMifl
1,0.5250825,Positive,,,,,,0.24513015,Η ΕΕ πρέπει να ενισχύσει επειγόντως τη δράση της για το κλίμα https://t.co/0kOeWW3f5R
0,0.48058024,Negative,,,,,,0.22919594,Μιχάλης Παπαδόπουλος: Ενθαρρύνουμε τους Φορείς να προάγουν τη βιώσιμη αστική κινητικότητα https://t.co/TONaKR7KCj
1,0.82211465,Positive,,,,,,0.13205662,Το νέο κέντρο της Remix για την κυκλική μόδα οδηγεί σε ένα βιώσιμο μέλλον τη  βιομηχανία https://t.co/87CVvGd1Ko
1,0.7305808,Positive,,,,,,0.23222888,Γ. Γεωργαντάς: Παρέμβαση για τη διασφάλιση της επισιτιστικής επάρκειας και τη βιώσιμη παραγωγή τροφίμων - https://t.co/eiOPQNT0y0 #Γεωργαντάς https://t.co/Rm5xF2QJag
1,0.7274394,Positive,,,,,,0.21557494,ΥπΑΑΤ: Παρέμβαση για τη διασφάλιση της επισιτιστικής επάρκειας και τη βιώσιμη παραγωγή τροφίμων - https://t.co/L2hPgwGni9
1,0.8552175,Positive,,,,,,0.14952831,Oxfam: Η «οξεία πείνα» επιδεινώθηκε σφόδρα από την κλιματική κρίση στις χώρες που είναι οι περισσότερο εκτεθειμένες--https://t.co/h6dvMpKzY3
1,0.72232854,Positive,,,,,,0.18154393,"Θεσσαλονίκη: Επιχείρηση μόλυνε το περιβάλλον πετώντας στάχτη σε χωράφι

https://t.co/NcpuHZkONb"
0,0.23046632,Negative,,,,,,0.2172227,"Κ. Κοκολάκης στο Infonews24: «Πολλοί Δήμοι θεωρούν την πολιτική προστασία πάρεργο και παρεμβαίνουν όταν καταστραφούν» (Βίντεο) 
#Κωνσταντίνος_Κοκολάκης #πολιτική_προστασία #ΟΤΑ #κλιματική_αλλαγή
https://t.co/JpvWuUorpV"
0,0.41135275,Negative,,,,,,0.15416753,Oxfam: Η «οξεία πείνα» επιδεινώθηκε σφόδρα από την κλιματική κρίση - Documento https://t.co/g7kkpyfgU0
1,0.74124724,Positive,,,,,,0.22251552,[https://t.co/bDHZLmoC6L] #Κομισιόν: Καλύτερες συνδέσεις για βιώσιμη αστική κινητικότητα https://t.co/mg1SLWUZx0
0,0.19033086,Negative,,,,,,0.17729998,RT @zamboulakis: Νά γεύεσαι την απλή γραφικότητα τών Κυκλάδων απολαμβάνοντας σέ αυτό τό περιβάλλον της Σύρου τόν καφέ ή τούς νησιωτικούς με…
0,0.21084027,Negative,,,,,,0.30666924,"Με αφορμή το 9ο Ευρωπαϊκό Φόρουμ Αστικής Ανθεκτικότητας που φέτος πραγματοποιήθηκε στην Αθήνα, μέσα σε μια χρονική συγκυρία που η κλιματική αλλαγή και η υπερθέρμανση του πλανήτη προκαλούν παγκόσμια ανησυχία, η πρώτη επικεφαλής αντιμετώπισης

https://t.co/gBBjkHR3W7"
1,0.8102545,Positive,,,,,,0.1835417,Κλιματική αλλαγή: Οι επιστήμονες σχεδιάζουν να ψύξουν ξανά τους πόλους της Γης https://t.co/2krChKMfkP
1,0.5006015,Positive,,,,,,0.20807472,ΓΕΩΡΓΙΟΣ ΠΟΛΥΜΕΡΗΣ: Η ΕΠΙΡΡΟΗ ΤΟΥ ΠΛΑΣΤΙΚΟΥ ΣΤΟ ΠΕΡΙΒΑΛΛΟΝ ΚΑΙ ΣΤΗ ΖΩΗ ΜΑΣ https://t.co/IyW5o2Ajz6
1,0.8728177,Positive,,,,,,0.15795207,"Συστηματική συνεργασία Ελλάδας-ΗΠΑ στην προστασία της Πολιτιστικής Κληρονομιάς από την κλιματική κρίση και την παράνομη διακίνηση 
- Χαιρετισμός Υπουργού στο Σεμινάριο “Cultural Heritage School”,Μέγαρο Μουσικής Αθηνών, 19-21 Σεπτεμβρίου 2022
https://t.co/KYhW3YFyzf https://t.co/KEuZaT3B5F"
1,0.8757008,Positive,,,,,,0.14152998,Πυρηνική ενέργεια και φυσικό αέριο: Προσφυγή οργανώσεων για την «πρασινη ταμπέλα» της Ε.Ε. - https://t.co/5H4rS5OIu4 https://t.co/BpO8wzXz6S
1,0.8708933,Positive,,,,,,0.15063699,ΕΕ.Πυρηνική ενέργεια και φυσικό αέριο: Προσφυγή οργανώσεων για την «πρασινη ταμπέλα» της Ε.Ε. https://t.co/pb6nKahtBO
0,0.36639148,Negative,,,,,,0.19720961,Τράπεζες: Ευνοϊκό περιβάλλον παρά τις μακροοικονομικές ανησυχίες… https://t.co/qaXynSNB3a #οικονομια #news #survivorGR #greece #πανδημια #Πολεμος_στην_Ουκρανια
1,0.80237633,Positive,,,,,,0.22638126,"Υπάρχει ενδιαφέρον από τη νέα γενιά για τη Βιώσιμη Κινητικότητα, ανέφερε ο Υπουργός Μεταφορών https://t.co/zKDhH3kwXJ"
1,0.81669354,Positive,,,,,,0.19652541,"Υπάρχει ενδιαφέρον από τη νέα γενιά για τη Βιώσιμη Κινητικότητα, ανέφερε ο Υπουργός Μεταφορών https://t.co/zKDhH3jZ8b"
0,0.10242452,Negative,,,,,,0.15977968,Ν.Ηλιόπουλος: «Η ομιλία του Α.Τσίπρα δείχνει ότι κατανοεί το παγκόσμιο &amp;#038; ευρωπαϊκό περιβάλλον» https://t.co/5Pu4UbqgLA
0,0.12169481,Negative,,,,,,0.14480038,Το μετασχολικό ενισχυτικό πρόγραμμα γύρω από την κλιματική δράση και τη βιώσιμη ανάπτυξη με σύνθημα “Local Green Hero” διοργανώνει ο μη κυβερνητικός οργανισμός Ecogenia σε συνεργασία με τον Δήμο Χανίων. https://t.co/69BEJLax8G
1,0.5958247,Positive,,,,,,0.17975666,"SNFCC Green Weekend: Η Κλιματική Αλλαγή και Εγώ,
https://t.co/MvzVZLA2iV,"
0,0.10123262,Negative,,,,,,0.10823202,«Ανακυκλώνω - Αλλάζω Συσκευή»: Προθεσμία έως 1η Νοεμβρίου - Τα βήματα που πρέπει να ακολουθήσετε https://t.co/gmFT83qMj9 #ΕΠΙΔΟΜΑΤΑ #ΠΕΡΙΒΑΛΛΟΝ https://t.co/qjp383qIfR
0,0.3560484,Negative,,,,,,0.19662921,«Η Πανεπιστημιακή Αστυνομία θα προχωρήσει για να αποκτήσουν τα ΑΕΙ το περιβάλλον που τους αρμόζει» ξεκαθαρίζει η Κεραμέως https://t.co/ca10k7rbhL
1,0.93383425,Positive,,,,,,0.10037179,“Έξυπνες Πόλεις: Λύσεις για ένα βιώσιμο μέλλον”: Συνέδριο απ’ την Ένωση Νέων Αυτοδιοικητικών https://t.co/uBUjBQ7Jkv #ΕΠΙΚΑΙΡΟΤΗΤΑ #ΕΝΩΣΗΝΕΩΝΑΥΤΟΔΙΟΙΚΗΤΙΚΩΝ By https://t.co/p9zfHynwcm https://t.co/1gX1lnlRVV
1,0.84353673,Positive,,,,,,0.20489776,Συστηματική συνεργασία Ελλάδας-ΗΠΑ στην προστασία της Πολιτιστικής Κληρονομιάς από την κλιματική κρίση και την παράνομη διακίνηση https://t.co/kMVS6xvHjW
1,0.81985754,Positive,,,,,,0.15753677,Κικίλιας: Ο βιώσιμος τουρισμός στο επίκεντρο της νέας και μεγάλης καμπάνιας του ΕΟΤ https://t.co/jLKfcv3XUG
1,0.5042149,Positive,,,,,,0.2525631,"⭕ Ο Γ. Μαντζουράνης έκανε λόγο για «κακοποιητική εργαλειοποίηση της Δικαιοσύνης από τον πρωθυπουργό και το περιβάλλον του», καθώς επίσης και για «βαρύτατο πλήγμα για το κράτος δικαίου».

Η δήλωση του ⤵️

https://t.co/IUlZ4CJO7y"
0,0.12416987,Negative,,,,,,0.12641495,Επαφές για συνεργασία Σλοβακίας – Κύπρου με αφορμή της Υπουργική Διάσκεψη των ΗΕ «Περιβάλλον για την Ευρώπη» https://t.co/4ebHci6Jd9
1,0.8471699,Positive,,,,,,0.14972964,Κικίλιας: Ο βιώσιμος τουρισμός στο επίκεντρο της νέας μεγάλης καμπάνιας του ΕΟΤ https://t.co/DpeitZiUXL
1,0.92642456,Positive,,,,,,0.1302421,Μ. Χαρακόπουλος: Απαιτείται δυναμική στροφή προς Ανανεώσιμες Πηγές Ενέργειας https://t.co/kikUx8zE2g
1,0.8572257,Positive,,,,,,0.13015942,"Κικίλιας: Ο βιώσιμος τουρισμός στο επίκεντρο της νέας και μεγάλης καμπάνιας του ΕΟΤ

https://t.co/WPtgJC0XqI"
1,0.77492803,Positive,,,,,,0.27431625,"Η Εφορεία Αρχαιοτήτων Θεσπρωτίας συμμετέχει και στον φετινό εορτασμό των Ευρωπαϊκών Ημερών Πολιτιστικής Κληρονομιάς με τον γενικό τίτλο «Βιώσιμη Πολιτιστική Κληρονομιά. Συντηρώντας το παρελθόν για τιςμελλοντικές γενιές», προγραμματίζοντας δύο

https://t.co/x2zYBl3h6X https://t.co/8NSW5BhMfJ"
1,0.8398764,Positive,,,,,,0.18102396,Ο βιώσιμος τουρισμός στο επίκεντρο της νέας μεγάλης καμπάνιας... https://t.co/5LFPPAhjCv
0,0.060677357,Negative,,,,,,0.093920626,RT @Moneypressgr: JUMBO: Θετικό μήνυμα από τα αποτελέσματα 6μήνου - Το ασταθές περιβάλλον παραμένει  #moneypress https://t.co/8mWD1SWa7p
0,0.06530846,Negative,,,,,,0.09100586,JUMBO: Θετικό μήνυμα από τα αποτελέσματα 6μήνου - Το ασταθές περιβάλλον παραμένει  #moneypress https://t.co/8mWD1SWa7p
1,0.85933745,Positive,,,,,,0.17258503,[Κλικ και διαβάστε στο NewsIt] #Βασίλης  #Κικίλιας: Ο βιώσιμος τουρισμός στο επίκεντρο της νέας μεγάλης καμπάνιας του ΕΟΤ https://t.co/VEWBYYRqbz
0,0.07813242,Negative,,,,,,0.08214723,RT @LykavitosGr: JUMBO: Θετικό μήνυμα από τα αποτελέσματα 6μήνου - Το ασταθές περιβάλλον παραμένει  #Jumbo #αποτελεσματα https://t.co/FgDmr…
0,0.10072092,Negative,,,,,,0.12271529,RT @LykavitosGr: JUMBO: Θετικό μήνυμα από τα αποτελέσματα 6μήνου - Το ασταθές περιβάλλον παραμένει  #Jumbo #αποτελεσματα https://t.co/FgDmr…
1,0.5025881,Positive,,,,,,0.3093677,"Υπάρχει ανάγκη για αλλαγή κουλτούρας των πολιτών για τη βιώσιμη κινητικότητα, ανέφερε ο Υπουργός Μεταφορών https://t.co/Y7X4qWjSZL"
0,0.18110788,Negative,,,,,,0.17589012,Βιώσιμη ανάπτυξη μέσα από την Τοπική Αυτοδιοίκηση ζητάει ο Χάρης Μαμουλάκης https://t.co/UvnoC3SOXv
1,0.5799953,Positive,,,,,,0.19847135,Κικίλιας: Ο βιώσιμος τουρισμός στο επίκεντρο της καμπάνιας του ΕΟΤ #Δημοκρατική #Ρόδος #Δωδεκάνησα https://t.co/rFmKFG0D23
1,0.86167663,Positive,,,,,,0.14621747,Κικίλιας: Ο βιώσιμος τουρισμός στο επίκεντρο της νέας μεγάλης καμπάνιας του ΕΟΤ https://t.co/ynj0od9PV0
1,0.8073136,Positive,,,,,,0.15156068,Πέτρος Κόκκαλης: «Δικαιοσύνη για όσους πλήττονται από την κλιματική αλλαγή» https://t.co/nqQ6S5swG4
1,0.7636416,Positive,,,,,,0.198932,Κικίλιας: Ο βιώσιμος τουρισμός στο επίκεντρο της νέας καμπάνιας του ΕΟΤ - https://t.co/Sb3xjcqYTB https://t.co/7wyw77XsND
1,0.68945265,Positive,,,,,,0.2522636,Συνεργασία Ελλάδας-ΗΠΑ στην προστασία της Πολιτιστικής Κληρονομιάς από την κλιματική κρίση και την παράνομη διακίνηση--https://t.co/tIi1mQ2eiZ
1,0.77642465,Positive,,,,,,0.2167514,[https://t.co/bDHZLmoC6L] #Κικίλιας:  «Ο βιώσιμος τουρισμός στο επίκεντρο της νέας μεγάλης καμπάνιας του ΕΟΤ» https://t.co/sisp0vRLhS
1,0.78637075,Positive,,,,,,0.1927081,Κικίλιας: Ο βιώσιμος τουρισμός στο επίκεντρο της νέας μεγάλης καμπάνιας του ΕΟΤ https://t.co/pBuvBoWLq0 #businessnewsgr
1,0.78577316,Positive,,,,,,0.21264002,Κικίλιας: Ο βιώσιμος τουρισμός στο επίκεντρο της νέας καμπάνιας του ΕΟΤ - Η Ελλάδα πρωτοπόρος στην επιτάχυνση της πράσινης μετάβασης https://t.co/n52xvaoNy9
1,0.84069586,Positive,,,,,,0.18546568,Βασίλης Κικίλιας: «Ο βιώσιμος τουρισμός στο επίκεντρο της νέας μεγάλης καμπάνιας του ΕΟΤ»  https://t.co/Wea3NpGUKa
0,0.04446016,Negative,,,,,,0.07802953,Η Νίκη Κεραμέως στο Columbia για την εκπαίδευση που προάγει τη βιώσιμη ανάπτυξη https://t.co/iMQzldf6bf https://t.co/0A2ZnzMW74
1,0.80251104,Positive,,,,,,0.20139049,Κικίλιας: «Ο βιώσιμος τουρισμός στο επίκεντρο της νέας μεγάλης καμπάνιας του ΕΟΤ» https://t.co/l3ZHUK47Yg
1,0.89284605,Positive,,,,,,0.15862066,Χαρακόπουλος: Απαιτείται δυναμική στροφή προς Ανανεώσιμες Πηγές Ενέργειας - LarissaPress https://t.co/BlLleOKbsY
0,0.3757621,Negative,,,,,,0.29225838,Γερμανία: Στηρίζει τις χώρες που πλήττονται από την κλιματική και την επισιτιστική κρίση https://t.co/wS8oEmM0pC
1,0.9713761,Positive,,,,,,0.072559394,"Η #Γερμανία υπόσχεται στήριξη στις χώρες που πλήττονται από την κλιματική αλλαγή και την επισιτιστική κρίση

https://t.co/22f6b7Rwbh

#Germany #ClimateCrisis #ClimateChange #FoodCrisis"
1,0.78991246,Positive,,,,,,0.15140815,Γερμανία: Στήριξη στις χώρες που πλήττονται από κλιματική αλλαγή και επισιτιστική κρίση - https://t.co/rQlEQKkZnH https://t.co/Nio27xuo80
1,0.8345058,Positive,,,,,,0.16256906,«Βιώσιμη Πολιτιστική Κληρονομιά» Διατηρώντας το παρελθόν για τις μελλοντικές γενιές 23 – 24 ΣΕΠΤΕΜΒΡΙΟΥ 2022 via @onprevezanews https://t.co/Qu5mcGIP0r
1,0.66809535,Positive,,,,,,0.23311275,"Βιώσιμη Αστική Κινητικότητα Πάτρας
https://t.co/hG8A5fcAgT https://t.co/RXuigo9UN1"
1,0.68042123,Positive,,,,,,0.2513932,Η κλιματική αλλαγή τριπλασιάζει τις πιθανότητες νέας πανδημίας! https://t.co/6dSbyJsjVO #Πολεμος_στην_Ουκρανια #πολιτικη #greece
1,0.83996665,Positive,,,,,,0.1581888,"RT @amna_sportgr: #Ποδόσφαιρο ⚽️
Πληθαίνουν οι εκκλήσεις για μποϊκοτάζ του Μουντιάλ 2022 στο Κατάρ, με πολλούς να επικαλούνται παραβίαση τω…"
1,0.8780289,Positive,,,,,,0.110743016,SOS από τους επιστήμονες – Πώς η κλιματική αλλαγή πυροδοτεί νέες πανδημίες https://t.co/333A5YKTO1
1,0.9549713,Positive,,,,,,0.10264958,"Σοβαρές κυβερνητικές ευθύνες και έλλειμμα πολιτικής βούλησης, για βιώσιμη διαχείριση των δασικού πλούτου και έγκαιρη επένδυση στην πρόληψη των πυρκαγιών και τον περιορισμό των καταστροφών στα δάση, διαπιστώνει το νέο κόμμα των Πράσινων.
https://t.co/Tk4krX3cwd"
1,0.8289476,Positive,,,,,,0.15549304,Έρευνα: Πώς η κλιματική αλλαγή επηρεάζει την εμφάνιση νέων μεταδοτικών ασθενειών - https://t.co/OCTMeknbJO https://t.co/SA9liCq0sD
1,0.9040383,Positive,,,,,,0.18441492,"Η κλιματική αλλαγή μπορεί να κάνει τις πανδημίες πιο συχνές - Αποκαλυπτικό ρεπορτάζ, αρθρογραφία και άμεση ενημέρωση, με όλα τα τελευταία νέα και ειδήσεις για την Οικονομία, τις Επιχειρήσεις, το Χρηματιστήριο, το Bitcoin, τις πολιτικές εξελίξεις και τον... https://t.co/UKbNchYAyP"
0,0.23344618,Negative,,,,,,0.1847163,Η κλιματική αλλαγή κάνει τις πανδημίες πιο συχνές https://t.co/PzE1VKPIpy
0,0.25298876,Negative,,,,,,0.16568753,"Αειφόρος Ανάπτυξη Αστερουσίων
https://t.co/THB2othG8q https://t.co/vWbmuMNXJ7"
0,0.2452441,Negative,,,,,,0.23439236,"Η #κλιματική_αλλαγή μπορεί να κάνει τις πανδημίες πιο συχνές 

https://t.co/7sdzMLkca3

#climatecrisis #πανδημία"
0,0.24627088,Negative,,,,,,0.28192762,"Η #κλιματική_αλλαγή μπορεί να κάνει τις πανδημίες πιο συχνές

https://t.co/7sdzMLkJZB

#climatecrisis #πανδημία"
1,0.87626195,Positive,,,,,,0.102999754,SOS από τους επιστήμονες – Πώς η κλιματική αλλαγή πυροδοτεί νέες πανδημίες https://t.co/RaYPc3f0px
0,0.21543625,Negative,,,,,,0.19102101,"Η κλιματική αλλαγή μπορεί να κάνει τις πανδημίες πιο συχνές
https://t.co/3NfxEwwRHO https://t.co/nkl8gXYf9K"
0,0.17369442,Negative,,,,,,0.24483103,RT @LykavitosGr: H «La Nina» προκαλεί μία σειρά από έντονα καιρικά φαινόμενα και κοστίζει 1 τρισεκατομμύριο δολάρια  #«La_Nina» #καιρικά_φα…
0,0.16023213,Negative,,,,,,0.21217853,RT @LykavitosGr: H «La Nina» προκαλεί μία σειρά από έντονα καιρικά φαινόμενα και κοστίζει 1 τρισεκατομμύριο δολάρια  #«La_Nina» #καιρικά_φα…
0,0.062335547,Negative,,,,,,0.11046958,Jumbo: Θετικό μήνυμα από τα αποτελέσματα 6μήνου – το ασταθές περιβάλλον παραμένει https://t.co/EpBVKXEZ3J
1,0.6253468,Positive,,,,,,0.2649337,Η κλιματική αλλαγή και οι νέες πανδημίες | Ειδήσεις – νέα – Το Βήμα Online https://t.co/LHEf8bQE2B
1,0.5984112,Positive,,,,,,0.20695254,"Ναι, η κλιματική αλλαγή είναι ανθρωπογενής – αλλά όχι για αυτό που πιστεύετε... 
https://t.co/NikkDnpP3z"
1,0.74550545,Positive,,,,,,0.22568092,"Όσοι αρνείστε την κλιματική αλλαγή, είστε ψυχοπαθείς.! ΄Ετσι λένε αυστραλοί “ερευνητές”.."
0,0.3510376,Negative,,,,,,0.28518265,RT @ilianewskoukos: Ν. Καλάκος: «Να δοθεί δίκαιη και βιώσιμη λύση με τις μοναστηριακές εκτάσεις» https://t.co/ydyrAhzhrh https://t.co/fi4Kh…
0,0.3652005,Negative,,,,,,0.29894507,Ν. Καλάκος: «Να δοθεί δίκαιη και βιώσιμη λύση με τις μοναστηριακές εκτάσεις» https://t.co/ydyrAhzhrh https://t.co/fi4KhZoLUk
0,0.275964,Negative,,,,,,0.22905566,"Η κλιματική αλλαγή μπορεί να κάνει τις πανδημίες πιο συχνές
#CLIMATE_CHANGE #ΚΛΙΜΑΤΙΚΗ_ΑΛΛΑΓΗ #ΠΑΝΔΗΜΙΑ https://t.co/rRfBbE1tt6"
1,0.76992935,Positive,,,,,,0.25276712,Τριαντόπουλος: Η σημασία των ΑΠΕ στην αντιμετώπιση των παραγόντων που έχουν οδηγήσει στην κλιματική κρίση https://t.co/agv1kqvcq6
1,0.67229056,Positive,,,,,,0.316029,Έρευνα: Πώς η κλιματική αλλαγή επηρεάζει την εμφάνιση νέων μεταδοτικών ασθενειών https://t.co/s2UFduvqOA #ΑΡΘΡΑ #ΕΡΕΥΝΑ #ΚΛΙΜΑΤΙΚΗΑΛΛΑΓΗ #ΠΕΡΙΒΑΛΛΟΝ By https://t.co/p9zfHynwcm https://t.co/5rY0S2Ccu9
0,0.20064713,Negative,,,,,,0.13939247,ΙΛΛΥΡΙΑ WEB TV | ΠΕΡΙΒΑΛΛΟΝ - ΟΠΤΙΚΗ ΡΥΠΑΝΣΗ | ΕΙΡΗΝΗ ΚΑΝΕΛΛΟΥ https://t.co/BOWbg8LsuT
1,0.7246627,Positive,,,,,,0.2431261,"Είναι βιώσιμη η επένδυση του ΤΧΣ;
Προφανώς και όχι και εδώ εγείρονται πολλά ερωτηματικά...
 https://t.co/iumuk8Km6d"
0,0.15605797,Negative,,,,,,0.12642261,[https://t.co/bDHZLmoC6L]ΧΑ: «Άμυνες» κόντρα στο  #Διεθνές περιβάλλον - Προβληματίζει ο τζίρος  https://t.co/M7xQ6GS5j4
0,0.44133204,Negative,,,,,,0.28783622,Ολοκληρώθηκε το 1ο Συνέδριο για τη Βιώσιμη Κινητικότητα My Green Mobility 2022 https://t.co/2vfeaSVsUj
0,0.22910002,Negative,,,,,,0.22394088,Τι μπορώ να κάνω εγώ για την κλιματική αλλαγή; https://t.co/H6qd4yzJZM
0,0.36024654,Negative,,,,,,0.28235954,"SOS από τους επιστήμονες: Η κλιματική αλλαγή μπορεί να κάνει τις πανδημίες πιο συχνές

https://t.co/f2zdDY2Vr1"
1,0.79334444,Positive,,,,,,0.18307859,Γερμανία: Στήριξη στις χώρες που πλήττονται από την κλιματική αλλαγή και την επισιτιστική κρίση - https://t.co/fyZFDVBaNl https://t.co/heEAigFXc9
0,0.46515912,Negative,,,,,,0.28124508,Χρηματοδότηση ύψους 808.356 € εξασφάλισε ο Δήμος Χαλανδρίου για καφέ κάδο και πρόγραμμα κομποστοποίησης https://t.co/NfeWqBjbN3
1,0.5471093,Positive,,,,,,0.30058175,"""Ευρωπαϊκές Ημέρες Πολιτιστικές Κληρονομιάς με θέμα Βιώσιμη Πολιτιστική Κληρονομιά- Διατηρώντας το παρελθόν για τις μελλοντικές γενιές"" https://t.co/go9TocATTU"
1,0.91385674,Positive,,,,,,0.14886032,Έρχεται νέο πρόγραμμα επιδότησης για ηλιακούς θερμοσίφωνες https://t.co/RWUDg4mChz
1,0.6697162,Positive,,,,,,0.20829698,Δράσεις της Εφορείας Αρχαιοτήτων Λάρισας για μια «Βιώσιμη πολιτιστική κληρονομιά» - LarissaPress https://t.co/wK6sPuNyXh
0,0.3695734,Negative,,,,,,0.24192265,Στα 500 δισ. ευρώ ο «λογαριασμός» της ενεργειακής κρίσης στην ΕΕ - Προειδοποίηση Bruegel: Μη βιώσιμο δημοσιονομικά https://t.co/G25sCDpvsW
1,0.76273394,Positive,,,,,,0.23236436,"Ρεπορτάζ: Τι Έχει Κάνει Η Δημοτική Αρχή Για Την Βιώσιμη Κινητικότητα Στην Ηλιούπολη
https://t.co/zGqQ8Q3BPI"
0,0.4717909,Negative,,,,,,0.30570725,"Γερμανία | ""Θα στηρίξουμε τις χώρες που πλήττονται από τη κλιματική αλλαγή και την επισιτιστική κρίση""

https://t.co/BwL4LTZ21G

#greece #ελλάδα #νεα #ειδήσεις #news"
1,0.89522314,Positive,,,,,,0.13023357,Κυκλάδες - Σίφνος: Διήμερο εκδηλώσεων και “Βιώσιμη Διαχείριση Φυσικών Πόρων” https://t.co/nGmU4XbLLM
0,0.19232027,Negative,,,,,,0.19036674,Η κλιματική αλλαγή αυξάνει τον κίνδυνο για συχνές πανδημίες [μελέτη] https://t.co/tetliTj55L
0,0.20855938,Negative,,,,,,0.2115207,Η κλιματική αλλαγή μπορεί να κάνει πιο συχνές τις πανδημίες https://t.co/I0RT3Q8hyA
0,0.32218957,Negative,,,,,,0.26845574,Στα 500 δισ. ευρώ ο «λογαριασμός» της ενεργειακής κρίσης στην ΕΕ - Προειδοποίηση Bruegel: Μη βιώσιμο δημοσιονομικά https://t.co/pfDSSRhe92
0,0.40563628,Negative,,,,,,0.2532314,"Ενεργειακή κρίση: Ο “λογαριασμός” των 500 δισ. είναι “δημοσιονομικά μη βιώσιμος”  – Κίνδυνος διάλυσης της Ευρώπης,
https://t.co/uwwDhHmstZ,"
0,0.4032511,Negative,,,,,,0.26381382,"Ενεργειακή κρίση: Ο “λογαριασμός” των 500 δισ. είναι “δημοσιονομικά μη βιώσιμος”  – Κίνδυνος διάλυσης της Ευρώπης,
https://t.co/uwwDhHn0jx,"
0,0.39466763,Negative,,,,,,0.2948084,"Ληστεία στη Γλυφάδα-Σοκάρει η αποκάλυψη της αστρολόγου: «Οι δράστες ήταν από το στενό μου περιβάλλον» (pics, vids)

#ληστεία #Γλυφαδα #αστυνομια #αστρολογος #mynewsgr 

https://t.co/zz8cv5w9DY"
1,0.62115556,Positive,,,,,,0.27381507,Ε.Ε.: Η αειφορία είναι ζωτικής σημασίας για τη βιωσιμότητα των ευρωπαϊκών αερομεταφορών https://t.co/SpQjpTOP85 https://t.co/1fUsU6f0S8
1,0.73270833,Positive,,,,,,0.21806821,Έγκλημα στην Ηλεία: Στο κοντινό περιβάλλον του 68χρονου επιχειρηματία στρέφονται οι έρευνες https://t.co/f57m9ePNfY
0,0.20942593,Negative,,,,,,0.19636126,Αντόνιο Γκουτέρες για κλιματική αλλαγή: Είναι καιρός να λάβουμε σοβαρές αποφάσεις https://t.co/mcpQXRGZfE
1,0.92740715,Positive,,,,,,0.103918046,"@Koufii_ds μα απ’την αρχή μίλαγα για το κλισέ που αναμασάται σαν κοινή πεποίθηση, δεν έχω αντίρρηση αν κάποιος δε γουστάρει μια ταινία, δεν έχει όμως τίποτα να μου πει ο τύπος που δεν την έχει δει αλλά μου τσαμπουνάει τις σαχλαμάρες που βασικά του επιβάλλει το πολιτικό περιβάλλον."
1,0.8923696,Positive,,,,,,0.16154267,Κικίλιας: Επεκτείνεται η τουριστική περίοδος – Βάσεις για βιώσιμο τουριστικό μοντέλο όλο το χρόνο https://t.co/PZpv384ZBJ
0,0.3616419,Negative,,,,,,0.3261274,"#UNGA 
@antonioguterres: Καιρός να λάβουμε σοβαρά υπόψη τις «απώλειες και τις ζημιές» από την κλιματική αλλαγή

https://t.co/dN0yU2PYw2 

#ClimateChange #ClimateAction #UNGA77 #COP27 https://t.co/O0OqQDnb12"
1,0.5596406,Positive,,,,,,0.2501215,"Η κλιματική κρίση έχει οδηγήσει σε καταστροφικές πλημμύρες στη χώρα.
#Τζολί
https://t.co/0chg5Z8XiD"
1,0.9119844,Positive,,,,,,0.15679885,Π. Κόκκαλης: «Ασφάλεια Δικαίου και κανόνες για όλους ως απαρέγκλιτοι όροι για μια βιώσιμη ανάπτυξη» https://t.co/JASTaaCnro
1,0.5271059,Positive,,,,,,0.25273782,[Κλικ και διαβάστε στο iefimerida]Άγριο  #Έγκλημα στην Ηλεία:  #Ερευνες στο κοντινό περιβάλλον του 68χρονου επιχειρηματία https://t.co/FS24JNXMJb
1,0.73956895,Positive,,,,,,0.215226,RT @LykavitosGr: Έγκλημα στην Ηλεία: Στο κοντινό περιβάλλον του 68χρονου επιχειρηματία στρέφονται οι έρευνες  #Ηλεία https://t.co/eSVFbILP4v
1,0.7736109,Positive,,,,,,0.21424727,RT @LykavitosGr: Έγκλημα στην Ηλεία: Στο κοντινό περιβάλλον του 68χρονου επιχειρηματία στρέφονται οι έρευνες  #Ηλεία https://t.co/eSVFbILP4v
1,0.6286108,Positive,,,,,,0.27844644,«Αγγίζουν» τον δολοφόνο του επιχειρηματία – Στο κοντινό περιβάλλον οι έρευνες https://t.co/fvPL0wiG49
1,0.78656965,Positive,,,,,,0.18319945,Έγκλημα στην Ηλεία: Στο κοντινό περιβάλλον του 68χρονου επιχειρηματία στρέφονται οι έρευνες https://t.co/aUSPDQxHsH #GiTisElias #Sasmos #Pagidevmenoi #gntmgr #kaneotikoimasai
1,0.7865878,Positive,,,,,,0.15199491,Δολοφονία 68χρονου στην Ηλεία: Οι έρευνες στρέφονται στο κοντινό περιβάλλον του επιχειρηματία https://t.co/ge4b0pQH5G
1,0.7660084,Positive,,,,,,0.20323887,Έγκλημα στην Ηλεία: Στο κοντινό περιβάλλον του 68χρονου επιχειρηματία στρέφονται οι έρευνες https://t.co/xPUn6JPsMV
0,0.20908694,Negative,,,,,,0.16734304,Η κλιματική αλλαγή μπορεί να κάνει τις πανδημίες πιο συχνές https://t.co/5AeoM1PQQp
1,0.7777096,Positive,,,,,,0.26094866,"Το Αρχαιολογικό Μουσείο Χανίων συμμετέχει στον φετινό εορτασμό των ΕΗΠΚ (Ευρωπαϊκές Ημέρες Πολιτιστικής Κληρονομιάς), με θέμα «Βιώσιμη Πολιτιστική Κληρονομιά – Διατηρώντας το παρελθόν για τις μελλοντικές γενιές»… https://t.co/hMYtKMPhJf"
0,0.14083186,Negative,,,,,,0.1698983,"Τρεις οργανώσεις των Ιωαννίνων που ασχολούνται με την βιώσιμη ανάπτυξη καταθέτουν ενδιαφέρουσες προτάσεις για το ενεργειακό με αφορμή την συζήτηση που έγινε στην Επιτροπή Περιβάλλοντος της Περιφέρειας Ηπείρου για το φωτοβολταϊκό στο Μαργαρίτι.

https://t.co/FVwG0242bF https://t.co/RAylhMLwZx"
0,0.3697892,Negative,,,,,,0.1920895,ΚΛΙΜΑΤΙΚΗ ΑΛΛΑΓΗ.... https://t.co/xntzyfLQeh
0,0.42087105,Negative,,,,,,0.2210898,RT @MaziGefyra: Επιχείρηση καθαρισμού της ακτής γύρω από το φρούριο του Ρίου από μέλη του προσωπικού της Γέφυρας. Aφορμή Hμέρα Δράσης για τ…
0,0.048890796,Negative,,,,,,0.07037536,"Τόσο μακριά από το «πράσινο» και τόσο κοντά στην «κλιματική αλλαγή» 
https://t.co/oC4revh2b2"
0,0.46589917,Negative,,,,,,0.28222105,[Κλικ και διαβάστε στο NewsIt] #Αντζελίνα Τζολί: Επισκέφτηκε τους πλημμυροπαθείς στο Πακιστάν – «Η κλιματική  #Αλλαγή είναι ήδη εδώ» https://t.co/jCoI9uJFJL
0,0.42972657,Negative,,,,,,0.1748958,Αντζελίνα Τζολί: Επισκέφτηκε τους πλημμυροπαθείς στο Πακιστάν – «Η κλιματική αλλαγή είναι ήδη εδώ» https://t.co/WFuBAvKIf1
0,0.29688123,Negative,,,,,,0.27931863,Πώς η έκρηξη του ηφαιστείου της Τόνγκα μπορεί να επηρεάσει την κλιματική αλλαγή - https://t.co/ksAsFS5ucV https://t.co/8C1wxKINgi
1,0.7755963,Positive,,,,,,0.18521167,LCOY Greece: Εθνικό Συνέδριο Νέων για την Κλιματική Αλλαγή https://t.co/ARsewFzHnG
0,0.1943313,Negative,,,,,,0.13864267,"RT @CyMESYpress: ⏩ Ενημέρωση ξένων ανταποκριτών για την 9η Υπουργική Σύνοδο για το Περιβάλλον στην Ευρώπη #efe2022, της Οικονομικής Επιτροπ…"
0,0.12917252,Negative,,,,,,0.14647545,Δολοφονία στην Καβάλα – Συνελήφθησαν 4 άτομα από το οικογενειακό περιβάλλον του δράστη--https://t.co/Yt5bjLZFVA
0,0.09024221,Negative,,,,,,0.11098581,Δολοφονία στην Καβάλα: Συνελήφθησαν 4 άτομα από το οικογενειακό περιβάλλον του 25χρονου δράστη - Documento https://t.co/CgVdnaui9O https://t.co/OhgCXv7Psp
0,0.09832696,Negative,,,,,,0.11005668,Δολοφονία στην Καβάλα – Συνελήφθησαν 4 άτομα από το οικογενειακό περιβάλλον του δράστη https://t.co/840egAqNDW
0,0.108069666,Negative,,,,,,0.13258979,Δολοφονία στην Καβάλα – Συνελήφθησαν 4 άτομα από το οικογενειακό περιβάλλον του δράστη https://t.co/tZOEpT2kiD
0,0.3012821,Negative,,,,,,0.20903358,Ραγδαίες εξελίξεις για το έγκλημα στην Καβάλα – Συνελήφθησαν 4 άτομα από το οικογενειακό περιβάλλον του δράστη https://t.co/A0stBHiVtH
0,0.29851496,Negative,,,,,,0.23827977,Έγκλημα στην Καβάλα: Συνελήφθησαν 4 άτομα από το οικογενειακό περιβάλλον του 25χρονου-Η μηχανή που τον πρόδωσε (ΦΩΤΟ-VIDEO) - https://t.co/eiOPQNSsIs https://t.co/uspf9yod4s #Δολοφονία #Δράστης #Καβάλα #Μοτοσυκλέτα #Οικογένεια #Συλλήψεις
0,0.23468414,Negative,,,,,,0.20222546,"Παγκόσμια Τράπεζα: Απείλησαν με παραίτηση τον πρόεδρο Malpass, για να αποδεχθεί την κλιματική κρίση https://t.co/yTmBoBOQfd"
0,0.07898624,Negative,,,,,,0.08733702,"Νάξος - Νίκη Ευελπίδου: ""Γιατί δεν προσπαθούμε να συμφιλιωθούμε με το περιβάλλον;"" https://t.co/S9KjNQJ69y"
1,0.7433603,Positive,,,,,,0.23985632,"@pprodromou: Η Σύνοδος για το Περιβάλλον στην Ευρώπη παρέχει μια μοναδική ευκαιρία για διατομεακή και διυπουργική συνεργασία, ώστε να αντιμετωπίσουμε τις αναδυόμενες προκλήσεις που αντιμετωπίζει η ανθρωπότητα εξαιτίας της υποβάθμισης του περιβάλλοντος.
👉 https://t.co/ZwyO06hx7p https://t.co/2LOo9hPVd3"
0,0.24910232,Negative,,,,,,0.22145285,"⏩ Ενημέρωση ξένων ανταποκριτών για την 9η Υπουργική Σύνοδο για το Περιβάλλον στην Ευρώπη #efe2022, της Οικονομικής Επιτροπής των Ηνωμένων Εθνών για την Ευρώπη (UNECE) που θα πραγματοποιηθεί 5-7 Οκτωβρίου 2022, στη Λευκωσία.
#nicosiaefe https://t.co/UsASWZpEiz"
1,0.91026556,Positive,,,,,,0.15034938,"Ν. Παπαθανάσης: «Με προτεραιότητα στην αειφορία, εξασφαλίζουμε το μέλλον της χώρας» https://t.co/vmuSaxwzlS"
1,0.52012354,Positive,,,,,,0.25223374,"#News #Κόσμος Εβαλε φωτιά στο χέρι του για να διαμαρτυρηθεί για την κλιματική αλλαγή!
https://t.co/IKplEGM3T1"
1,0.85932684,Positive,,,,,,0.21481794,"Κορυφαίος Βρετανός αστροφυσικός: Η «κλιματική αλλαγή» είναι μια φάρσα, όσοι την προωθούν έχουν οικονομικά συμφέροντα!"
1,0.8930034,Positive,,,,,,0.094304815,Η Έλενα Κουντουρά προσκεκλημένη ομιλήτρια στο Πανεπιστήμιο της Σεούλ για τον βιώσιμο τουρισμό ⋆ TirnavosPress https://t.co/kmETEb4iH2
0,0.19987677,Negative,,,,,,0.17063394,Πώς το περιβάλλον επηρεάζει την παχυσαρκία: Τι είναι οι ενδοκρινικοί διαταράκτες https://t.co/epN7B1V6XA #GiTisElias #Sasmos #kaneotikoimasai #gntmgr #Pagidevmenoi
1,0.8927706,Positive,,,,,,0.19478026,RT @gerasimos2016: Οι Ιδιοκτήτες της Δύσης που γουστάρουν πράσινη ενέργεια και πράσινα άλογα  μας πάνε για διατροφικό και ενεργειακό Γολοντ…
1,0.93647736,Positive,,,,,,0.115856774,Τα μάτια στην Κύπρο αρχές Οκτώβρη για την 9η Υπουργική Σύνοδο για το Περιβάλλον στην Ευρώπη της UNECE https://t.co/xUrknEr58J
1,0.85669863,Positive,,,,,,0.12022841,Η Έλενα Κουντουρά προσκεκλημένη ομιλήτρια στο Πανεπιστήμιο της Σεούλ για τον βιώσιμο τουρισμό https://t.co/WGqrgdcmai
0,0.038562026,Negative,,,,,,0.055239923,"Γερμανικό υπουργείο Άμυνας: «Αποτέλεσμα διαπραγμάτευσης με την Αθήνα η κυκλική ανταλλαγή τεθωρακισμένων για την Ουκρανία» - Ρεπορτάζ και ειδήσεις για την Οικονομία, τις Επιχειρήσεις, το Χρηματιστήριο, την Πολιτική #mononewsGR https://t.co/0y7jCFY40c"
1,0.9160197,Positive,,,,,,0.10044239,Μάικλ Μπλούμπεργκ: Το ελληνικό οικονομικό και επενδυτικό περιβάλλον συνεχίζει να βελτιώνεται υπό την ηγεσία του Μητσοτάκη ... https://t.co/CWAix9y4fq
1,0.7795216,Positive,,,,,,0.22252737,RT @BlackMa008: Πράσινη ενέργεια και πράσινα άλογα.
1,0.5425671,Positive,,,,,,0.2281824,"(αρνητής, αντιεμβολιαστής, ρωσόφιλος, επιζήμιος για την ενέργεια και το περιβάλλον κ.ο.κ.) και αν ακόμα δεν μπορεί να ακολουθήσει λόγω ανέχειας, θα θεωρηθεί «απροσάρμοστος», και όπως μας ενημέρωσε ο Στέλιος Πέτσας «όποιος δεν προσαρμόζεται, πεθαίνει»."
1,0.9088437,Positive,,,,,,0.1264627,Πιο ευάλωτες οι γυναίκες στην κλιματική αλλαγή - Πώς μπορούν να την αντιμετωπίσουν - https://t.co/pXTqnk9Lfd https://t.co/xSKu3JrzWU
1,0.5962839,Positive,,,,,,0.29461256,"Κλιματική αλλαγή- Μεγάλη  δημοσκόπηση https://t.co/VNOFdXLGOn μέσω @Meteo24News 
#Ελλαδα #αθηνα ΄#Καλοκαίρι #φωτια #Greece #ClimateCrisis #Weather"
0,0.29326674,Negative,,,,,,0.25571784,"RT @TheOpinion_News: Θεσσαλονίκη: Αντίστροφη μέτρηση για το Kapani Project – Μικρές, ξεχωριστές, στιγμές μέσα στο αστικό περιβάλλον https:/…"
0,0.26566964,Negative,,,,,,0.3181815,"Η Ευρωπαϊκή Εβδομάδα Κινητικότητας και η συζήτηση για την βιώσιμη κινητικότητα
#alphanewslive #cyprus
https://t.co/VpzlhIS2F0"
1,0.8089262,Positive,,,,,,0.16237536,Η κλιματική αλλαγή απειλεί τα μνημεία του Πολιτισμού https://t.co/VHu1NQOchN #ΑΘΛΗΤΙΣΜΟΣΠΟΛΙΤΙΣΜΟΣ #ΒΕΝΕΤΙΑ #ΚΛΙΜΑΤΙΚΗΑΛΛΑΓΗ By https://t.co/p9zfHynwcm
1,0.74173486,Positive,,,,,,0.19014795,Περιβαλλοντική υγεία: Το 25% των θανάτων παγκοσμίως σχετίζεται με το περιβάλλον https://t.co/NJ4YRBPFw5
0,0.44239953,Negative,,,,,,0.27304694,Εθελοντική δράση ΟΝΝΕΔ - Η προστασία του περιβάλλοντος είναι υπόθεση όλων μας (ΦΩΤΟ) - https://t.co/eiOPQNT0y0 https://t.co/jabNzJNn9J #ΟΝΝΕΔ #Εθελοντική_Δράση #Περιβάλλον
0,0.3547115,Negative,,,,,,0.1774223,Η κλιματική αλλαγή επιταχύνει τις επιδημιες https://t.co/UrYv5ir302
1,0.9385346,Positive,,,,,,0.09740538,Γ. Νικητιάδης: Ο τουρισμός σήμερα έρχεται αντιμέτωπος με νέες προκλήσεις. Η κλιματική αλλαγή και η ενεργειακή κρίση επιβάλλουν εγρήγορση https://t.co/zfzZU9inta via @aegeanews
1,0.5245333,Positive,,,,,,0.26339325,Παγκόσμιος Οργανισμός Υγείας: Το 25% όλων των θανάτων παγκοσμίως σχετίζονται με το περιβάλλον https://t.co/rZSdE1Khn2
0,0.391284,Negative,,,,,,0.33186996,RT @Moneypressgr: Βαρύ το πλήγμα: Πώς η κλιματική αλλαγή επηρεάζει τη γεύση στο κρασί  #moneypress https://t.co/AdfyqwXGh3
0,0.15742268,Negative,,,,,,0.18542726,Βαρύ το πλήγμα: Πώς η κλιματική αλλαγή επηρεάζει τη γεύση στο κρασί  #moneypress https://t.co/AdfyqwXGh3
0,0.38098717,Negative,,,,,,0.22330162,Από το Αργοστόλι με… (επιστημονική) αγάπη για το περιβάλλον https://t.co/go3CCew6AY
1,0.62766737,Positive,,,,,,0.32290435,Παγκόσμια Ημέρα Περιβαλλοντικής Υγείας: Tο 25% των θανάτων παγκοσμίως ανά έτος σχετίζονται με το περιβάλλον - https://t.co/w8tRmcWbDH https://t.co/b64pp3GWdy
0,0.26788926,Negative,,,,,,0.15516567,Συνέδριο Economist: Σε νέο περιβάλλον προκλήσεων οι ελληνικές τράπεζες https://t.co/yHi6q3m2V4 #businessnewsgr
0,0.30385742,Negative,,,,,,0.16645207,"Συνέδριο #EconSustainableFinance του 
@Economist_SEUR

Σε νέο περιβάλλον προκλήσεων οι ελληνικές τράπεζες

https://t.co/CQEbZWeOrD https://t.co/GQGupid8Lk"
1,0.5326299,Positive,,,,,,0.21304868,"Το 25% των θανάτων σε όλο τον κόσμο σχετίζονται με το περιβάλλον

https://t.co/BuoaOpN1F6"
1,0.9073753,Positive,,,,,,0.17102273,"RT @cstaikouras: Τα 3 τελευταία χρόνια, η ελληνική οικονομία έχει επιτύχει επιδόσεις που εκπλήσσουν ευχάριστα, με το ΑΕΠ να διαμορφώνεται π…"
0,0.33014882,Negative,,,,,,0.21923988,Κίνδυνος για την δημόσια υγεία και το περιβάλλον οι παράνομες συνδέσεις στο υπό κατασκευή δίκτυο αποχέτευσης https://t.co/CcjRrFodXt https://t.co/TI3qb219V2
1,0.9213137,Positive,,,,,,0.14140762,Στην Παγκόσμια Διάσκεψη της UNESCO για τις Πολιτιστικές Πολιτικές και τη Βιώσιμη Ανάπτυξη - MONDIACULT 2022 η Υπουργός Πολιτισμού και Αθλητισμού Λίνα Μενδώνη #MinCultureGR #CULTURE2030GOAL #Unesco #culture #Mexico #Greece @UNESCO #ΥΠΠΟΑ#MONDIACULT https://t.co/HXauRhTut3 https://t.co/LS5Mf4bz0j
1,0.89228576,Positive,,,,,,0.13943076,Στην Παγκόσμια Διάσκεψη της UNESCO για τις Πολιτιστικές Πολιτικές και τη Βιώσιμη Ανάπτυξη – MONDIACULT 2022 η Υπουργός Πολιτισμού και Αθλητισμού Λίνα Μενδώνη https://t.co/sv0jB3g6SS
1,0.5708279,Positive,,,,,,0.2114421,Χαιρετισμός Κουράκη στην ημερίδα του ΟΑΚ για την βιώσιμη καινοτομία και διακυβέρνηση https://t.co/C2P7DBORyg
1,0.626244,Positive,,,,,,0.24739322,Ημέρα Περιβαλλοντικής Υγείας: Το 25% όλων των θανάτων παγκοσμίως σχετίζεται με το περιβάλλον - https://t.co/SjiYqNkcFb https://t.co/lfzFhfpFkC
1,0.84162676,Positive,,,,,,0.09900549,"#Ιταλία: Ουκρανία, ΕΕ, μετανάστευση, κλιματική αλλαγή...ο ακροδεξιός συνασπισμός ανάμεσα σε συγκλίσεις και αποκλίσεις

https://t.co/F4V5n6C5nt

#Italy #ItalianElections #Meloni https://t.co/ZR2jpnj1za"
1,0.56791854,Positive,,,,,,0.2577316,Παγκόσμια Ημέρα Περιβαλλοντικής Υγείας: Το 25% των θανάτων παγκοσμίως σχετίζονται με το περιβάλλον https://t.co/RdKiYASxJI
1,0.51476336,Positive,,,,,,0.26622418,Παγκόσμια Ημέρα Περιβαλλοντικής Υγείας: Το 25% των θανάτων σχετίζονται με το περιβάλλον https://t.co/GPxYCgbUDf
0,0.12135053,Negative,,,,,,0.09919461,Αποκλειστικό: Εκτεθειμένη η ΕΡΤ απέναντι στον Νίκο Κουρή – Τι μέλλει γενέσθαι με το «Δες και βρες» και τι διαμηνύει το περιβάλλον του ηθοποιού; https://t.co/4ecWKCOypd
1,0.8090573,Positive,,,,,,0.19900262,"Παπαδόπουλος: Η Ελλάδα μπορεί να είναι πρωτοπόρα στη βιώσιμη αστική κινητικότητα - Ρεπορτάζ και ειδήσεις για την Οικονομία, τις Επιχειρήσεις, το Χρηματιστήριο, την Πολιτική #mononewsGR https://t.co/XshGXia8DY"
1,0.8502605,Positive,,,,,,0.16955227,Παπαδόπουλος: Η Ελλάδα μπορεί να είναι πρωτοπόρα στη βιώσιμη αστική κινητικότητα https://t.co/OwawTxWg89
1,0.656615,Positive,,,,,,0.21673158,Γ. Ρέτσος (ΣΕΤΕ): Οι στόχοι για ένα βιώσιμο μοντέλο στρατηγικής ανάπτυξης του ελληνικού τουρισμού https://t.co/Ob8CqiZiJF
0,0.40552652,Negative,,,,,,0.20790373,RT @Moneypressgr: Σε νέο περιβάλλον προκλήσεων οι ελληνικές τράπεζες - Βλέπουν υψηλή ζήτηση για ...  #moneypress https://t.co/jgCX6IKcZP ht…
0,0.40588763,Negative,,,,,,0.23492697,Σε νέο περιβάλλον προκλήσεων οι ελληνικές τράπεζες - Βλέπουν υψηλή ζήτηση για ...  #moneypress https://t.co/jgCX6IKcZP https://t.co/sqWAdX8dJ5
1,0.96935487,Positive,,,,,,0.0532973,Πατούλης: Επενδύουμε στη βιώσιμη κινητικότητα - Προτεραιότητα στην ασφάλεια και στην παροχή ποιοτικών υπηρεσιών https://t.co/7JJCuxDDoa
0,0.2881868,Negative,,,,,,0.25965235,Morgan Stanley: Μη βιώσιμο το ράλι του δολαρίου - Ιστορικά φέρνει κραχ στις αγορές https://t.co/eadHONfY2t
0,0.07074385,Negative,,,,,,0.110067025,RT @Efthimakos1: Άκυρη η #ξαφνικιτιδα παίδες.Ο κόσμος που πέφτει νεκρός παντού είναι λόγω επιπτώσεωντου καύσωνα του 2021 σε συνδυασμό με τι…
1,0.88105273,Positive,,,,,,0.16472466,"Κατάσταση της ΕΕ: Ουκρανία, ενέργεια, κλιματική αλλαγή, οικονομία https://t.co/HLXRpv15pk"
1,0.8950132,Positive,,,,,,0.14408062,"Κατάσταση της ΕΕ: Ουκρανία, ενέργεια, κλιματική αλλαγή, οικονομία https://t.co/zbU8A9qYdU"
1,0.7907745,Positive,,,,,,0.22917308,"Ινστιτούτο Elcano: Η λιτότητα σε Ελλάδα και Ευρωζώνη δεν είναι βιώσιμη, αλλά το όραμα της Γερμανίας θα παίξει θεμελιώδη ρόλο https://t.co/4Z7FP8B7Ng"
1,0.77241987,Positive,,,,,,0.26492745,"Ινστιτούτο Elcano: Η λιτότητα σε Ελλάδα και Ευρωζώνη δεν είναι βιώσιμη, αλλά το όραμα της Γερμανίας θα παίξει θεμελιώδη ρόλο https://t.co/lw6s9ZlvjS"
1,0.71170425,Positive,,,,,,0.27000326,"Ινστιτούτο Elcano: Η λιτότητα σε Ελλάδα και Ευρωζώνη δεν είναι βιώσιμη, αλλά το όραμα της Γερμανίας θα παίξει θεμελιώδη ρόλο https://t.co/RApFnGhTRO"
1,0.7914266,Positive,,,,,,0.22184989,"Ινστιτούτο Elcano: Η λιτότητα σε Ελλάδα και Ευρωζώνη δεν είναι βιώσιμη, αλλά το όραμα της Γερμανίας θα παίξει θεμελιώδη ρόλο https://t.co/J8z5vDBgsB"
1,0.75787467,Positive,,,,,,0.2306136,"Ινστιτούτο Elcano: Η λιτότητα σε Ελλάδα και Ευρωζώνη δεν είναι βιώσιμη, αλλά το όραμα της Γερμανίας θα παίξει θεμελιώδη ρόλο https://t.co/tcBIxjFPNU"
1,0.7670602,Positive,,,,,,0.24200322,"Ινστιτούτο Elcano: Η λιτότητα σε Ελλάδα και Ευρωζώνη δεν είναι βιώσιμη, αλλά το όραμα της Γερμανίας θα παίξει θεμελιώδη ρόλο https://t.co/km945Ug53O"
0,0.27967265,Negative,,,,,,0.2323221,ΔΕΗ blue και ΣΚΛΑΒΕΝΙΤΗΣ ενώνουν τις δυνάμεις τους για τη βιώσιμη κινητικότητα https://t.co/mHUMYtCjk7
0,0.40037227,Negative,,,,,,0.23538774,Από το Αργοστόλι με… (επιστημονική) αγάπη για το περιβάλλον – Ειδήσεις – νέα – Το Βήμα Online https://t.co/HF85R5sLEH
1,0.60007995,Positive,,,,,,0.28921556,Γ. Ρέτσος: Παγκόσμια Ημέρα Τουρισμού – Οι στόχοι για ένα βιώσιμο μοντέλο στρατηγικής ανάπτυξης του #Δημοκρατική #Ρόδος #Δωδεκάνησα https://t.co/YgZGhguvKM
0,0.32051936,Negative,,,,,,0.18154824,«Επενδύουμε στη βιώσιμη κινητικότητα» τονίζει ο Πατούλης παρουσιάζοντας τις παρεμβάσεις https://t.co/4NRqGPBRGG
0,0.2713733,Negative,,,,,,0.21934111,"ΔΕΗ blue και Σκλαβενίτης ενώνουν τις δυνάμεις τους για τη βιώσιμη κινητικότητα,
https://t.co/fTXFyqlTki,"
0,0.10306574,Negative,,,,,,0.11784799,Bluegr Hotels and Resorts: Πολυτελής φιλοξενία με θετικό πρόσημο για το περιβάλλον και την κοινωνία https://t.co/fjT2jvJOdX
0,0.12267703,Negative,,,,,,0.0975284,"“Ανοιχτές Πόρτες”, μια διαφορετική γιορτή στο Λιβάδι του δήμου Θέρμης https://t.co/NoE8FJhyhC #ΔΤ #ΕΚΠΑΙΔΕΥΣΗ #ΛΙΒΑΔΙ #ΠΕΡΙΒΑΛΛΟΝ https://t.co/HSc9QxrNEm"
0,0.23190098,Negative,,,,,,0.19152728,"Επιστημονική ημερίδα: «Κλιματική κρίση: Περιβάλλον &amp; Άνθρωπος», το Σάββατο στο Αργοστόλι https://t.co/2ylrHwkEqv"
0,0.063480906,Negative,,,,,,0.13418001,Τριάντα Έλληνες Πρεσβευτές του Ευρωπαϊκού Συμφώνου για το Κλίμα συναντούν τους υπεύθυνους χάραξης της ευρωπαϊκής πολιτικής για το περιβάλλον - Πελοποννησιακό Πρακτορείο Ειδήσεων https://t.co/Ss9iLU15Gf
1,0.62185985,Positive,,,,,,0.32452404,«”Πράσινες” επενδύσεις με τις Περιφέρειες σε κεντρικό ρόλο το «κλειδί» για βιώσιμη ανάπτυξη» τονίζει ο Πατούλης https://t.co/3ocincLycB
1,0.98613816,Positive,,,,,,0.02678057,"Η φετινή χρονιά σήμανε άλλη μία σημαντική επιτυχία για τη MetLife Cyprus, με το Great Place to Work® να ανακοινώνει επισήμως την πιστοποίησή της ως ένα εξαιρετικό εργασιακό περιβάλλον.

https://t.co/J7adYoKDRv https://t.co/KpdFFqB12P"
1,0.8377326,Positive,,,,,,0.18331462,Τι ξέρουμε για τις διαρροές στους αγωγούς Nord Stream - Ο αντίκτυπος στην ενέργεια και το περιβάλλον - https://t.co/7ILiy5fmIJ https://t.co/Ox9XF5uEeo
0,0.046466246,Negative,,,,,,0.062728025,Επέστρεψε στο φυσικό της περιβάλλον η θαλάσσια χελώνα “Καριάδα” που βρέθηκε με  τραύμα στο κεφάλι στην Πρέβεζα. https://t.co/QLlD6NbT5R
1,0.5863886,Positive,,,,,,0.2554548,Κύπρο αρχές Οκτώβρη η 9η Υπουργική Σύνοδος για το Περιβάλλον https://t.co/oQtCCqkRxz #cyprus #Europe #environment
1,0.67563593,Positive,,,,,,0.19859302,Γιάννης Ρέτσος: Οι στόχοι για ένα βιώσιμο μοντέλο στρατηγικής ανάπτυξης του ελληνικού τουρισμού https://t.co/sqAafo7iJm
1,0.73039633,Positive,,,,,,0.18412226,RT @savagerydawn: Η κλιματική αλλαγή αναζητά νέους ηθοποιόυς από τις καταστροφές του HARP ! Σανό πολύ σανό μπεεεε. #ClimateCrisis #ClimateE…
0,0.018323429,Negative,,,,,,0.043908987,"Οι τρέχουσες πολιτικές που θέτουν ως προτεραιότητα την κλιματική αλλαγή, θα συμβάλουν στο να πεθαίνουν παιδιά από σοβαρό υποσιτισμό λόγω των διαλυμένων συστημάτων διατροφής, με ελλείψεις σε τρόφιμα και νερό, άγχος, φόβο και επικίνδυνη έκθεση σε χημικά
 https://t.co/PduXQUmzVI"
0,0.33920366,Negative,,,,,,0.26018763,"Κι όμως, η κλιματική αλλαγή επηρεάζει και τη γονιμότητα https://t.co/8IetGQETfv"
0,0.3162723,Negative,,,,,,0.18660595,Κλιματική αλλαγή: Καύσωνες και φωτιές εκτινάσσουν τη θνησιμότητα μέχρι 80% https://t.co/Xn2QfMOYQt
0,0.16028297,Negative,,,,,,0.12270458,"ΥΠΕΞ Γερμανίας για το «αρουραίος» στον Ερντογάν: «Προσβλητικές δηλώσεις δεν έχουν θέση στο διεθνές περιβάλλον» - Ρεπορτάζ και ειδήσεις για την Οικονομία, τις Επιχειρήσεις, το Χρηματιστήριο, την Πολιτική #mononewsGR https://t.co/xrW4LhIR83"
0,0.062716186,Negative,,,,,,0.08611372,"⏩ Συνέντευξη Τύπου για την 9η Υπουργική Σύνοδο της #UNECE για το περιβάλλον στην Ευρώπη.
@pprodromou: Η Σύνοδος αποτελεί τη μεγαλύτερη πολιτική πλατφόρμα επικοινωνίας των χωρών που ανήκουν στην #UNECE, σε θέματα περιβάλλοντος και  αειφόρου ανάπτυξης.
👉 https://t.co/AFrfP0piyP https://t.co/rtVRuK4EAM"
1,0.9226529,Positive,,,,,,0.12420818,Παραγωγή ενέργειας από ανανεώσιμες και εναλλακτικές πηγές https://t.co/OBPEROtLOa
1,0.6970662,Positive,,,,,,0.2809177,"RT @G_Plakiotakis: Φέτος, η Παγκόσμια Ημέρα Ναυτιλίας, δίνει έμφαση, της έρευνας κι ανάπτυξης, της τεχνολογικής συνεργασίας. Για πιο αποδοτ…"
1,0.5091119,Positive,,,,,,0.30187464,"RT @KostasSkrekas: Η μείωση της σπατάλης τροφίμων είναι μια πράξη ευθύνης και σεβασμού απέναντι στο περιβάλλον.
Η Κυβέρνηση:
-Έχει εγκρίνει…"
0,0.30827063,Negative,,,,,,0.1959136,Στις εταιρίες με το καλύτερο εργασιακό περιβάλλον η Grant Thornton https://t.co/iQZ6nUCXUE
1,0.75829697,Positive,,,,,,0.2924826,"Την Πιστοποίηση του Great Place to Work απέκτησε η Grant Thornton, ξεχωρίζοντας για το εξαιρετικό εργασιακό της περιβάλλον και την εταιρική της κουλτούρα, έπειτα από αξιολόγηση η οποία διενεργήθηκε από τον οργανισμό Great Place to Work Hellas."
0,0.4439763,Negative,,,,,,0.27692896,"Goldair Handling &amp; Διεθνής Αερολιμένας Αθηνών, μαζί στη Βιώσιμη Ανάπτυξη https://t.co/1OOKQtqnnQ https://t.co/6hkVhS0ii3"
0,0.06036915,Negative,,,,,,0.079761826,Στο συγγενικό περιβάλλον ψάχνουν τον δολοφόνο του 68χρονου – 5 φορές κατέθεσαν ο αδερφός και ο ανιψιός του https://t.co/DbwOMmUv2d
0,0.23395863,Negative,,,,,,0.2219178,RT @korallenia1: #sasmos Σιγά μην ευθύνεται ο Μαθιός και για την κλιματική αλλαγή. Ο καθένας είναι υπεύθυνος για τις πράξεις του. Άμα το πά…
0,0.45302036,Negative,,,,,,0.31760657,"29 Σεπτεμβρίου: Παγκόσμια Ημέρα Ναυτιλίας, αφιερωμένη στις «Νέες τεχνολογίες για μια πιο πράσινη Ναυτιλία» - Ρεπορτάζ και ειδήσεις για την Οικονομία, τις Επιχειρήσεις, το Χρηματιστήριο, την Πολιτική #mononewsGR https://t.co/fezgAKmHzj"
1,0.53303725,Positive,,,,,,0.26164186,Ηλεία: Στο συγγενικό περιβάλλον οι έρευνες για τον δολοφόνο του 68χρονου https://t.co/Mu4AdUj0je
0,0.4807235,Negative,,,,,,0.21795146,ΕΥΔΑΠ: Κίνδυνος για την δημόσια υγεία και το περιβάλλον. https://t.co/ex6TAXTL2i https://t.co/nzqCQ0Sg5U
1,0.7430234,Positive,,,,,,0.20555675,Γεωργαντάς: Στηρίζουμε τον κλάδο της ελιάς απέναντι στην κλιματική κρίση https://t.co/mQZIErGIxH
0,0.22024263,Negative,,,,,,0.15098599,Στο συγγενικό περιβάλλον ψάχνουν τον δολοφόνο του 68χρονου στην Ηλεία https://t.co/d1kLW7VRuS
1,0.7291243,Positive,,,,,,0.20640717,"Γεωργαντάς: Στηρίζουμε τον κλάδο της ελιάς απέναντι στην κλιματική κρίση - Ρεπορτάζ και ειδήσεις για την Οικονομία, τις Επιχειρήσεις, το Χρηματιστήριο, την Πολιτική #mononewsGR https://t.co/kO5rLBXUqG"
1,0.77661836,Positive,,,,,,0.17342685,Γ. Γεωργαντάς: Στηρίζουμε τον κλάδο της ελιάς απέναντι στην κλιματική κρίση https://t.co/bZSkgisUyb #GiTisElias #Sasmos #kaneotikoimasai #Pagidevmenoi #gntmgr
0,0.26218978,Negative,,,,,,0.22735867,"Τερζής (Alpha Bank): «Ευθύνη των μεγάλων επιχειρήσεων η αειφορία» - Ρεπορτάζ και ειδήσεις για την Οικονομία, τις Επιχειρήσεις, το Χρηματιστήριο, την Πολιτική #mononewsGR https://t.co/GqP3hDEdYv"
0,0.4180876,Negative,,,,,,0.2504265,Balmain S/S 23: Από μία συλλογή που «χτυπάει» την κλιματική αλλαγή εμείς κρατάμε μόνο τη Cher https://t.co/QByWE4lgyI
0,0.4766377,Negative,,,,,,0.215703,Τερζής (Alpha Bank): Ευθύνη των μεγάλων επιχειρήσεων η αειφορία https://t.co/lU8sah1xsl #businessnewsgr
0,0.12277955,Negative,,,,,,0.1384666,"Ένωση Ελλήνων Εφοπλιστών: Η ελληνική ναυτιλία πρωτοστατεί στην πράσινη μεταβαση του κλάδου - Ρεπορτάζ και ειδήσεις για την Οικονομία, τις Επιχειρήσεις, το Χρηματιστήριο, την Πολιτική #mononewsGR https://t.co/hGcPqHKL83"
1,0.70073617,Positive,,,,,,0.20265597,"ΕΝΑΡΞΗ ΤΩΝ «ΕΚΠΑΙΔΕΥΤΙΚΩΝ ΤΑΞΙΔΙΩΝ ΣΤΗΝ ΑΕΙΦΟΡΙΑ» ΣΤΟ ΠΑΝΕΠΙΣΤΗΜΙΟ ΑΙΓΑΙΟΥ 
https://t.co/xSPWsg7o8t https://t.co/aMefcCndcd"
0,0.22774437,Negative,,,,,,0.1264717,Ηλεία: Στο συγγενικό περιβάλλον ψάχνουν τον δολοφόνο του 68χρονου https://t.co/gyToyfQn0O
1,0.77610177,Positive,,,,,,0.21595387,Environmental Awards 2022: Βραβείο στην ΟΛΥΜΠΟΣ για τις φιλικές προς το περιβάλλον συσκευασίες https://t.co/CJMV49Rgtm
1,0.76558626,Positive,,,,,,0.19589604,Environmental Awards 2022: Βραβείο στην ΟΛΥΜΠΟΣ για τις φιλικές προς το περιβάλλον συσκευασίες - LarissaPress https://t.co/ju57W8DmIb
0,0.16042994,Negative,,,,,,0.11645776,"Bitcoin: Η «εξόρυξη» του κρυπτονομίσματος βλάπτει σοβαρά το περιβάλλον

https://t.co/TKYMaVaO0k"
0,0.22161995,Negative,,,,,,0.19557157,"RT @amna_sportgr: Η κλιματική κρίση, αυξάνει τα δυστυχήματα στα Ιμαλάϊα 

Οδηγοί και ειδικοί επισημαίνουν την αυξανόμενη επικινδυνότητα της…"
1,0.7158531,Positive,,,,,,0.22566123,Γ. Γεωργαντάς: Στηρίζουμε τον κλάδο της ελιάς απέναντι στην κλιματική κρίση https://t.co/JerG5q9Q7v
0,0.05663971,Negative,,,,,,0.10515603,Τριάντα Έλληνες Πρεσβευτές του Ευρωπαϊκού Συμφώνου για το Κλίμα συναντούν τους υπεύθυνους χάραξης της ευρωπαϊκής πολιτικής για το περιβάλλον https://t.co/9D48tsk16o
0,0.48444298,Negative,,,,,,0.21460508,Από το Αργοστόλι με… (επιστημονική) αγάπη για το περιβάλλον – Αύριο η Ημερίδα https://t.co/q6kd0fsX6B
1,0.8558584,Positive,,,,,,0.17193325,Φορολογικές εκπτώσεις για όσους επενδύουν στην πράσινη οικονομία https://t.co/YjNg2IzICX
1,0.5405634,Positive,,,,,,0.23532808,"#Nordstream : Τι επίδραση θα έχουν οι διαρροές στο περιβάλλον
https://t.co/Zb84bnGYXK"
1,0.9500785,Positive,,,,,,0.08313704,Παραγωγή ενέργειας από ανανεώσιμες και εναλλακτικές πηγές https://t.co/DVxW9S8DkQ
0,0.15610142,Negative,,,,,,0.13785553,"Η κλιματική κρίση, αυξάνει τα δυστυχήματα στα Ιμαλάϊα - https://t.co/YpFUGA28YA https://t.co/XwjfqWURwC"
1,0.5728682,Positive,,,,,,0.2992114,Τι σημαίνει η διαρροή φυσικού αερίου για το περιβάλλον https://t.co/uhTu7dq3v1
1,0.6514175,Positive,,,,,,0.2326918,"#NordStream: Τι λένε οι επιστήμονες για τις επιπτώσεις των διαρροών μεθανίου στο περιβάλλον
https://t.co/LxdB6fb1Vg"
1,0.51761585,Positive,,,,,,0.19275776,...https://t.co/98tHHLz6sb #GiTisElias #Pagidevmenoi ...
1,0.51189214,Positive,,,,,,0.30253476,Αδ. Γεωργιάδης: Εγκρίθηκε η περιβαλλοντική μελέτη για τη διπλή ανάπλαση και ξεκινά ο διαγωνισμός για το γήπεδο του ΠΑΟ ... https://t.co/98tHHLz6sb
0,0.08143977,Negative,,,,,,0.10587445,Αυξάνεται η θερμοκρασία στις μεγαλουπόλεις – Τι είναι το φαινόμενο της «αστικής θερμικής νησίδας» https://t.co/vX3VT3VRi8 #ΚΛΙΜΑ #ΜΕΛΕΤΕΣ #ΠΕΡΙΒΑΛΛΟΝ https://t.co/OmOK5jYWYy
0,0.4186375,Negative,,,,,,0.22588733,"«Ο καθένας πρέπει να δουλεύει σε ένα περιβάλλον που του “πάει”» είπε χαρακτηριστικά

#znews #Πατερα #Νομικου #toproino https://t.co/NsmdXyVvdp"
0,0.39449418,Negative,,,,,,0.2826501,"[https://t.co/bDHZLmoC6L]Κλιματική  #Αλλαγή, πολεμικές  #Σύρραξεις και οικονομικές κρίσεις, οι κύριοι λόγοι για ευρεία επισιτιστική κρίση https://t.co/T92cLO96Ln"
0,0.44642472,Negative,,,,,,0.30970412,"Κλιματική αλλαγή, πολεμικές συρράξεις και οικονομικές κρίσεις, οι κύριοι λόγοι για ευρεία επισιτιστική κρίση https://t.co/rjAN0fwJCX"
0,0.48172614,Negative,,,,,,0.2723567,"Κλιματική αλλαγή, πολεμικές συρράξεις και οικονομικές κρίσεις, οι κύριοι λόγοι για ευρεία επισιτιστική κρίση 

https://t.co/LMsYeDk60C https://t.co/DAhqeAlFzO"
1,0.55861914,Positive,,,,,,0.2315657,"RT @cygnetswift: Περιβάλλον όπου τίποτα δεν θα θεωρούνταν ως ""υπερβολικό"" μα όλα θα ήταν στο πλαίσιο εκδήλωσης αγάπης προς όμορφο. Άλλοτε δ…"
1,0.78266317,Positive,,,,,,0.21459362,"Επισιτιστική κρίση: Κλιματική αλλαγή, πολεμικές συρράξεις και οικονομικές κρίσεις - https://t.co/x61o0SVZaL https://t.co/Xes4eUHlXZ"
1,0.67222977,Positive,,,,,,0.27905264,"Επισιτιστική κρίση: Κλιματική αλλαγή, πολεμικές συρράξεις και οικονομικές κρίσεις https://t.co/oZTSpz0kkQ"
0,0.18352766,Negative,,,,,,0.18744566,Το παγκόσμιο περιβάλλον ευνοεί τον πόλεμο Ελλάδας – Τουρκίας! Αναφορά – σοκ από το Brookings https://t.co/KeutIV0hxv #brookings #voiceofamerica #ellada #toyrkia
0,0.39866444,Negative,,,,,,0.30542037,"Κλιματική αλλαγή, πολεμικές συρράξεις και οικονομικές κρίσεις, οι κύριοι λόγοι για ευρεία επισιτιστική κρίση,
https://t.co/Dv9JSyp9HX,"
0,0.15976702,Negative,,,,,,0.13862908,Λίτσα Πατέρα για Δούκισσα Νομικού: Ο καθένας πρέπει να δουλεύει σε ένα περιβάλλον που του πάει https://t.co/Jk8Sqqwprj
0,0.15504298,Negative,,,,,,0.1988766,Η ιδαιίτερα ενδιαφέρουσα Επιστημονική Ημερίδα για την κλιματική κρίση και τις επιπτώσεις στο περιβάλλον και στον άνθρωπο https://t.co/mHYkIlowNT
1,0.6160487,Positive,,,,,,0.21000257,Ο Χρήστος Κέλλας με παλιννοστήσαντες Ποντίους: Συνεργασία για τη βιώσιμη αποπληρωμή των στεγαστικών δανείων των ομογενών ⋆ TirnavosPress https://t.co/ivky3OiDOg @kellas_xristos
1,0.85009736,Positive,,,,,,0.19343948,RT @TheOpinion_News: Κ. Ζέρβας: Η Θεσσαλονίκη μέχρι το 2030 θα είναι μια βιώσιμη πόλη https://t.co/NzK4vMs5tC #Thessaloniki #skg #TheOpinion
0,0.15936275,Negative,,,,,,0.11474651,Bitcoin: Η «εξόρυξη» του κρυπτονομίσματος βλάπτει σοβαρά το περιβάλλον https://t.co/YkraGZahNf
1,0.8100042,Positive,,,,,,0.22188784,Μ. Μανουσάκης (ΑΔΜΗΕ): Ισχυρά πράσινα δίκτυα  για μία πιο ανθεκτική και βιώσιμη Ευρώπη https://t.co/9ydtSlo52m
1,0.9651699,Positive,,,,,,0.055169087,"Ανθ. Αμανατίδης (ΕΥΑΘ): Πράττουμε για ένα βιώσιμο παρόν, σχεδιάζουμε ένα αειφόρο μέλλον https://t.co/KK5lJ33wuN"
0,0.2632613,Negative,,,,,,0.25850263,Ίδρυμα Χατζηγάκη: Εκπαιδευτικές Δραστηριότητες για το Περιβάλλον σε 6 Ακριτικά Νησιά – Πρώτος σταθμός το #Δημοκρατική #Ρόδος #Δωδεκάνησα https://t.co/Kv9hQH272N
0,0.20189165,Negative,,,,,,0.2107209,Επ. Ανταγωνισμού: Εκδήλωση για την επίσημη έναρξη λειτουργίας της πλατφόρμας Sandox για τη βιώσιμη ανάπτυξη https://t.co/MMSkhYVlal
0,0.22465782,Negative,,,,,,0.24763574,[Κλικ και διαβάστε στο mononews]Δήμας: Δημιουργία «sandbox» για τη βιώσιμη ανάπτυξη https://t.co/mpyfBkLcZb
1,0.6406158,Positive,,,,,,0.36214527,Ο Γκουτέρες καλεί τον κόσμο να κινητοποιηθεί “για να σώσει το ανθρώπινο είδος” από την κλιματική αλλαγή https://t.co/jhWVM4uJ87
1,0.6979656,Positive,,,,,,0.3276689,Ο Γκουτέρες καλεί τον κόσμο να κινητοποιηθεί “για να σώσει το ανθρώπινο είδος” από την κλιματική αλλαγή https://t.co/wUADrsJLS9
0,0.15564363,Negative,,,,,,0.21323848,"Δήμας: Δημιουργία «sandbox» για τη βιώσιμη ανάπτυξη - Ρεπορτάζ και ειδήσεις για την Οικονομία, τις Επιχειρήσεις, το Χρηματιστήριο, την Πολιτική #mononewsGR https://t.co/a3aZSyCJp2"
0,0.32455108,Negative,,,,,,0.21184695,COP27: Έκκληση Γκουτέρες για κινητοποίηση για την κλιματική αλλαγή - LarissaPress https://t.co/zZHuwXxcBU
0,0.38210076,Negative,,,,,,0.20447972,ΚΛΙΜΑΤΙΚΗ ΑΛΛΑΓΗ..... https://t.co/m7YiRDYjvS
1,0.813286,Positive,,,,,,0.14390813,Ημερίδα με θέμα «Η ελιά και η κλιματική αλλαγή» https://t.co/MUdQsj2vgm
0,0.4310014,Negative,,,,,,0.20946133,Grecotel Kos Imperial &amp; Casa Paradiso:  50.000 καπάκια για το περιβάλλον και προσφορά σχολικών ειδών στα παιδιά των εργαζόμενων https://t.co/5MiwsDfXcm via @aegeanews
1,0.8483992,Positive,,,,,,0.19635381,"Μ. Μανουσάκης (#ΑΔΜΗΕ): Ισχυρά πράσινα δίκτυα για μία πιο ανθεκτική και βιώσιμη Ευρώπη

https://t.co/mdB7e8eExP https://t.co/sF9Y91ORjH"
0,0.4038797,Negative,,,,,,0.18747975,Grecotel Kos Imperial &amp; Casa Paradiso:  50.000 καπάκια για το περιβάλλον και προσφορά σχολικών ειδών στα παιδιά των εργαζόμενων - https://t.co/VrEIBoA6T3 https://t.co/8xvrelRTDx
0,0.15577263,Negative,,,,,,0.14382486,Πόλεμος και κλιματική αλλαγή απειλούν την οινοπαραγωγή της Γεωργίας https://t.co/fDyN43NG1R
0,0.32530373,Negative,,,,,,0.22369476,Καραγιάννης: Θέμα ημερών να παραδώσουμε το Μετρό στον Πειραιά - Μέσα σε ένα δύσκολο περιβάλλον παραδίδουμε μεγάλα έργα υποδομών https://t.co/dCtPQsItl4
0,0.22609672,Negative,,,,,,0.2023306,Χρίστος Δήμας: Δημιουργία «sandbox» για τη βιώσιμη ανάπτυξη https://t.co/Q9b4xlkpn7
1,0.6719616,Positive,,,,,,0.26535073,Σταϊκούρας: Θα συνεχιστούν τα μέτρα στήριξης παρά το δυσμενές περιβάλλον #Δημοκρατική #Ρόδος #Δωδεκάνησα https://t.co/5OeeJVy1QT
1,0.6976044,Positive,,,,,,0.23488127,Σταϊκούρας: Θα συνεχιστούν τα μέτρα στήριξης παρά το δυσμενές περιβάλλον - https://t.co/IMdcJ25ghm https://t.co/9kbDvwj8hs
1,0.68436897,Positive,,,,,,0.24972792,Σταϊκούρας: Θα συνεχιστούν τα μέτρα στήριξης παρά το δυσμενές περιβάλλον (ΗΧΗΤΙΚΟ) - https://t.co/eiOPQNARjS https://t.co/bQt2yEebPc #Σταϊκούρας
1,0.6386551,Positive,,,,,,0.25318012,Χ. Σταϊκούρας: Θα συνεχιστούν τα μέτρα στήριξης παρά το δυσμενές περιβάλλον https://t.co/Xe8ZZhAP97
1,0.68504936,Positive,,,,,,0.2722049,Εκδήλωση για την «Ολοκληρωμένη ενεργειακή μετάβαση του Δήμου προς την κλιματική ουδετερότητα» https://t.co/aYmBhNzCWm #ΔΤ #ΘΕΡΜΗ #ΠΕΡΙΒΑΛΛΟΝ https://t.co/cGaOskclHn
0,0.12828982,Negative,,,,,,0.1684556,"Αθλητισμός και το περιβάλλον του - Καβάλα, Πρωϊνή, Ραδιόφωνο, Εφημερίδα της Καβάλας, νέα, καβάλα ειδήσεις, μικρές αγγελίες https://t.co/9C52UjYsV2"
1,0.71854174,Positive,,,,,,0.23091592,Μυτιληναίος: Η ενεργειακή κρίση δεν θα λήξει με τον πόλεμο- Μη βιώσιμη η πρόταση για πλαφόν στο ρωσικό αέριο https://t.co/aFTlP8LKfm
0,0.31731126,Negative,,,,,,0.24664478,"RT @Nausicaaa2: - Σε θέλουν πολύ σε μια δουλειά. 
Λες όχι. 
- Σου δίνουν αστρονομικό μισθό. 
Αρνείσαι γιατί δεν σου αρέσει το περιβάλλον.…"
0,0.3626131,Negative,,,,,,0.29183105,"Η Ν. Κεραμέως στην 9η Υπουργική Σύνοδο της διαδικασίας «Περιβάλλον για την Ευρώπη» - https://t.co/eiOPQNT0y0 https://t.co/oMTeB6Cvzs 
#Κύπρος #Κεραμέως #Υπουργός_Παιδείας"
1,0.57243264,Positive,,,,,,0.29172623,"RT @MAravantinos: Ο κ. Καιρίδης, μάλλον κρίνει εξ ιδίων. Ας γνωρίζει όμως ότι δεν έγινα και δεν πρόκειται να γίνω σφουγγοκωλάριος κανενός.…"
0,0.368313,Negative,,,,,,0.22897433,[Κλικ και διαβάστε στο eleftherostypos]Περιβάλλον-Σκρέκας: Κατά 50%  #Μειώθηκαν οι παράνομες χωματερές τα τελευταία τρία χρόνια https://t.co/3EUtz12XNK
1,0.8965062,Positive,,,,,,0.09886189,«Θωράκιση» της ελιάς απέναντι στην κλιματική κρίση https://t.co/Huu8rgvNfA
0,0.14209387,Negative,,,,,,0.13773422,"RT @CYpresidency: Στη Λευκωσία αύριο, η 9η Υπουργική Σύνοδος για το Περιβάλλον στην Ευρώπη.

Η δράση μας για το περιβάλλον, η αντιμετώπιση…"
1,0.52098143,Positive,,,,,,0.31651768,"🗣️ «Τα στεγανά, τους τρομοκρατημένους εργαζόμενους και τα παντός είδους τσιράκια, να τα αναζητήσει αλλού. Στο περιβάλλον του και ίσως στον καθρέφτη του, αλλά όχι σ’ εμένα».

Μια οφειλόμενη απάντηση στον κ. Καιρίδη από τον δημοσιογράφο Μάριο Αραβαντινό ⤵️ https://t.co/w3KFPk0zfb"
0,0.26574016,Negative,,,,,,0.21194457,Κικίλιας: Τα ταξιδωτικά έσοδα στηρίζουν τα ελληνικά νοικοκυριά-Επόμενη καμπάνια ο βιώσιμος τουρισμός - https://t.co/LlfcDmYNwR https://t.co/2eI6BGHCcb
1,0.68903345,Positive,,,,,,0.3328465,"➡️ Επενδύσεις ανανέωσης των τεχνολογιών χρήσης ορυκτών καυσίμων ή επιτάχυνση των επενδύσεων σε ανανεώσιμες πηγές ενέργειας;

⏩ Διαβάστε στη «Σημερινή» | Του Δρος Ανδρέα Πουλλικκά

https://t.co/gdvca1DCPC"
0,0.14477587,Negative,,,,,,0.13468717,"RT @CYpresidency: Στη Λευκωσία αύριο, η 9η Υπουργική Σύνοδος για το Περιβάλλον στην Ευρώπη.

Η δράση μας για το περιβάλλον, η αντιμετώπιση…"
0,0.4620468,Negative,,,,,,0.2303357,Γιώργος Καραγιάννης: «Μέσα σε ένα δύσκολο περιβάλλον παραμένουμε συνεπείς και παραδίδουμε μεγάλα έργα υποδομών» https://t.co/YZhJhfkTko
0,0.42536086,Negative,,,,,,0.19277294,Καραγιάννης: «Μέσα σε ένα δύσκολο περιβάλλον παραμένουμε συνεπείς και παραδίδουμε μεγάλα έργα υποδομών» https://t.co/W75l2M0VdH
0,0.05419558,Negative,,,,,,0.0636725,"Ζ. Κωνσταντοπούλου για Μπέο: «Το δικαίωμα για νερό, περιβάλλον, δημοκρατία έτρεψε σε φυγή τους ψευδομηνυτές» https://t.co/tBvav24Wqd"
0,0.13647011,Negative,,,,,,0.16971135,"RT @Etherea91414364: #Sasmos #Vasilikos
Ο Μαθιός λοιπόν ναι μεν ήξερε, αλλά στην ουσία δεν ήξερε τίποτα.
Όχι δεν μπορεί κάποιος που μεγαλών…"
0,0.2545915,Negative,,,,,,0.229098,"RT @Etherea91414364: #Sasmos #Vasilikos
μάλιστα η ίδια η Βασιλική φρόντιζε να κρύβει επιμελως τα σημαδια και τις πληγές της σε σημείο που τ…"
0,0.11890105,Negative,,,,,,0.12481623,Η Huawei και η Dronetech ενισχύουν τη συνεργασία τους  για βιώσιμη γεωργία στην Αυστρία https://t.co/XkIcUKsn7Z
0,0.13882494,Negative,,,,,,0.112576604,RT @PIOcy: Στην παρουσία 71 υπουργών και 1000 αντιπροσώπων άρχισε στη Λευκωσία η μεγαλύτερη Σύνοδος για το #Περιβάλλον στην Ευρώπη #UNECE #…
1,0.5269049,Positive,,,,,,0.27173486,Αντ. Καμπουράκης: «Εξασφαλίσαμε τη βιώσιμη λειτουργία της ΕΤΑΙΠΡΟΦΥΚΑ. Κλείνει μια εκκρεμότητα χρόνων για #Δημοκρατική #Ρόδος #Δωδεκάνησα https://t.co/KX3WleT7cd
0,0.2594907,Negative,,,,,,0.22418055,Η ανάγκη για διεθνή συνεργασία για το περιβάλλον αναδείχθηκε στις πρωινές εργασίες της 9ης Υπουργικής Συνόδου της UNECE στη Λευκωσία https://t.co/YvJ30qYctl
1,0.7674775,Positive,,,,,,0.18361573,"«Επιτακτική» ανάγκη για αποφάσεις και μέτρα για να διασφαλιστεί η αειφορία του πλανήτη, λέει ο Πρόεδρος Αναστασιάδης https://t.co/tR3qrZ4399"
0,0.33833978,Negative,,,,,,0.2872105,Κύπρος: Στην Λευκωσία η μεγαλύτερη σύνοδος για το περιβάλλον στην Ευρώπη- Συμμετέχουν 71 υπουργοί https://t.co/bALJbsVdah
0,0.103459485,Negative,,,,,,0.12415965,Η Huawei και η Dronetech ενισχύουν τη συνεργασία τους  για βιώσιμη γεωργία στην Αυστρία https://t.co/8ADGBzYCTe #kaneotikoimasai #GiTisElias #Sasmos #gntmgr #Pagidevmenoi
0,0.44871837,Negative,,,,,,0.24197295,Στην Κύπρο η 9η Υπουργική Σύνοδος της UNECE για το Περιβάλλον στην Ευρώπη https://t.co/FmBXmjRDxP
0,0.07948819,Negative,,,,,,0.07640567,"Αναγνώριση των πρωτοβουλιών της Κύπρου η Υπουργική Σύνοδος για Περιβάλλον, λέει ο Πρόεδρος https://t.co/o3QSo0p42c"
0,0.09255245,Negative,,,,,,0.11395019,"Αναγνώριση των πρωτοβουλιών της Κύπρου η Υπουργική Σύνοδος για Περιβάλλον, λέει ο Πρόεδρος https://t.co/xswwhWPSlm"
1,0.8659659,Positive,,,,,,0.19368894,"Για 4η χρονιά το μεγαλύτερο και επιδραστικότερο forum για τις Ανανεώσιμες Πηγές και την Αποθήκευση Ενέργειας που οργανώνει το energypress.
Για περισσότερες πληροφορίες https://t.co/tYvdlGCMiW
#energypressgr #renewablestorageforum #GreenEnergy #renewables #energystorage https://t.co/kI0B6JCcBc"
1,0.5859983,Positive,,,,,,0.21313192,Κικίλιας στη Le Monde: Ο βιώσιμος τουρισμός στο επίκεντρο της επόμενης καμπάνιας #Δημοκρατική #Ρόδος #Δωδεκάνησα https://t.co/rV3fejaXiB
0,0.27499032,Negative,,,,,,0.23936887,Στην Κύπρο για την 9η Υπουργική Σύνοδο «Περιβάλλον για την Ευρώπη» η Κεραμέως - Συναντήσεις και επισκέψεις https://t.co/wZ4WyYEvOi
0,0.42461658,Negative,,,,,,0.27125826,Αρχίζει στη Λευκωσία η 9η Υπουργική Σύνοδος για το Περιβάλλον στην Ευρώπη https://t.co/qYj5BA0PwA
0,0.06543693,Negative,,,,,,0.11595141,Λιονέλ Μέσι: Το περιβάλλον του διαψεύδει τη συμφωνία για επιστροφή στην Μπαρτσελόνα https://t.co/N5me4Uye7W
1,0.78931886,Positive,,,,,,0.22503486,Κύπρος – Κεραμέως: Οδηγός για τον τρόπο που σχεδιάζουμε πολιτικές για ένα βιώσιμο μέλλον η Σύνοδος για το Περιβάλλον - https://t.co/eiOPQNSsIs https://t.co/0yGCbKBfOq #Νίκη_Κεραμέως #Περιβάλλον #Υπουργός_Παιδείας_και_Θρησκευμάτων
0,0.45810482,Negative,,,,,,0.25392553,Η κλιματική κρίση σημαίνει και την υποχώρηση των παγετώνων - και στις Ελβετικές Άλπεις το λιώσιμο των πάγων αποκαλύπτει πτώματα και συντρίμμια αεροπλάνων που θεωρούνταν χαμένα 8/9 https://t.co/wVyOgufy0D
1,0.7867609,Positive,,,,,,0.2595776,"«Οι Πολιτιστικές Διαδρομές στη βιώσιμη ανάπτυξη της Ευρώπης και της Ελλάδας», από την Υπουργό Πολιτισμού και Αθλητισμού Λίνα Μενδώνη… https://t.co/IcIzUNGaTU"
1,0.66221774,Positive,,,,,,0.29139435,"RT @CyMESYpress: ⏩ Συνέντευξη Τύπου για την 9η Υπουργική Σύνοδο για το Περιβάλλον στην Ευρώπη
@pprodromou: Η σύνοδος αποτελεί μια εξαιρετικ…"
0,0.18330547,Negative,,,,,,0.16077974,"RT @nmousoulides: RT @CostasKadis RT @AnnitaDemetriou: 9ο Υπουργικό Συνέδριο ""Περιβάλλον για την Ευρώπη"" στην #Κύπρο

Κλιματική κρίση η μεγ…"
1,0.9662659,Positive,,,,,,0.12504649,"⏩ Συνέντευξη Τύπου για την 9η Υπουργική Σύνοδο για το Περιβάλλον στην Ευρώπη
@pprodromou: Η σύνοδος αποτελεί μια εξαιρετική ευκαιρία για να δεσμευτούμε για μια διεθνή και περιφερειακή συνεργασία για ένα καλύτερο κόσμο.
Περισσότερα 👉 https://t.co/0w0fFKy7Li
#nicosiaefe #efe2022 https://t.co/QK3PAUVFMn"
1,0.5092917,Positive,,,,,,0.15777159,RT @PIOcy: Χαιρετισμός του Προέδρου της Δημοκρατίας @AnastasiadesCY στην τελετή έναρξης των εργασιών της 9ης Υπουργικής Συνόδου #UNECE για…
0,0.2606352,Negative,,,,,,0.19332638,RT @PIOcy: Δηλώσεις του Προέδρου της Δημοκρατίας για τη Σύνοδο της #UNECE για το #Περιβάλλον στην Ευρώπη και ενόψει της  Άτυπης Συνόδου Κορ…
0,0.15060087,Negative,,,,,,0.11460593,"RT @PIOcy: Χαιρετισμός του Υπουργού Γεωργίας, Αγροτικής Ανάπτυξης και Περιβάλλοντος κ. Κώστα Καδή στη συνέντευξη Τύπου για την 9η Υπουργική…"
1,0.77600205,Positive,,,,,,0.19731763,RT @KJKoushos: Εξαιρετικά σημαντική η Σύνοδος @UNECE για το Περιβάλλον. Η πραγματοποίηση της στην Κύπρο καταδεικνύει την εμπιστοσύνη που λα…
1,0.8354854,Positive,,,,,,0.21647419,Τα μικροφύκη υπόσχονται άφθονη υγιεινή τροφή και ζωοτροφές σε οποιοδήποτε περιβάλλον https://t.co/ZinNCDnuuW
0,0.11070316,Negative,,,,,,0.11298272,Το παραπάνω ερώτημα θέτει με σημερινή της ανακοίνωση η «Ομάδα Περιβάλλον Καλαθά». https://t.co/1bzZVPlyL8
1,0.7688715,Positive,,,,,,0.22663502,Κεραμέως: Εκπαίδευση και Περιβάλλον άρρηκτα συνδεδεμένες έννοιες - https://t.co/X3x51LS3SX https://t.co/g2e8jeFnNm
1,0.75053424,Positive,,,,,,0.22994119,Ν. Κεραμέως: Άρρηκτα συνδεδεμένες έννοιες η Εκπαίδευση και το Περιβάλλον--https://t.co/JKAPddCgKT
1,0.6803617,Positive,,,,,,0.22610591,«Open Village – Ανοιχτό Χωριό» Σαββατοκύριακο στον Άγιο Λαυρέντιο Πηλίου αφιερωμένο στο περιβάλλον https://t.co/V7VEMNR1c7 μέσω @mouzakinews.gr https://t.co/HfpSEfCTl9
0,0.08997956,Negative,,,,,,0.117348105,Κλιματική αλλαγή: Έχει κάνει 20 φορές πιθανότερες τις σοβαρές ξηρασίες τα καλοκαίρια--https://t.co/CZrKl0T8xY
0,0.20438199,Negative,,,,,,0.15424149,Κλιματική αλλαγή: Πιθανότερες κατά 20 φορές οι σοβαρές ξηρασίες το καλοκαίρι https://t.co/noO67qCIZy
0,0.09996621,Negative,,,,,,0.124907,"Μηνάς Παπαδάκης (Οργανισμός Λιμένος Ηρακλείου): Η πράσινη μετάβαση γίνεται πράξη - Ρεπορτάζ και ειδήσεις για την Οικονομία, τις Επιχειρήσεις, το Χρηματιστήριο, την Πολιτική #mononewsGR https://t.co/WEqdiFcRfA"
0,0.15024936,Negative,,,,,,0.12663962,Κλιματική αλλαγή: Πιθανότερες κατά 20 φορές οι σοβαρές ξηρασίες το καλοκαίρι - https://t.co/HGjYlPSFv1 https://t.co/43B6GuKMiW
0,0.069656104,Negative,,,,,,0.12314494,Είκοσι φορές περισσότερες πιθανότητες σοβαρής ξηρασίας φέρνει η κλιματική αλλαγή! https://t.co/wwpIpq1jiT
0,0.26834956,Negative,,,,,,0.2224602,Αποκαρδιωτική έρευνα: Η κλιματική αλλαγή έχει κάνει 20 φορές πιθανότερες τις σοβαρές ξηρασίες τα καλοκαίρια https://t.co/e0DOh5zA59
1,0.960377,Positive,,,,,,0.06799185,"Κ. Μητσοτάκης στην Πράγα: Συμπρόεδρος σε θεματικό τραπέζι για ενέργεια, οικονομία &amp; κλιματική αλλαγή - https://t.co/eiOPQNSsIs https://t.co/dJAjMGcFBd #Μητσοτάκης #Μητσοτακης #Πράγα #ενεργεια"
0,0.17260435,Negative,,,,,,0.2013508,Έρευνα: Η κλιματική αλλαγή έχει κάνει 20 φορές πιθανότερες τις σοβαρές ξηρασίες τα καλοκαίρια https://t.co/xu2cOadshR
0,0.46117842,Negative,,,,,,0.26149228,Κικίλιας στη Le Monde: Ο βιώσιμος τουρισμός στο επίκεντρο της επόμενης καμπάνιας https://t.co/W3h2DZdhQR
0,0.048627183,Negative,,,,,,0.06251863,Κλιματική αλλαγή: Έχει κάνει 20 φορές πιθανότερες τις σοβαρές ξηρασίες τα καλοκαίρια https://t.co/DTvTCBdHij
1,0.83522016,Positive,,,,,,0.15819882,"Χρήστος Μεγάλου: Στοχεύουμε να αυξήσουμε τη βιώσιμη τραπεζική μας δραστηριότητα κατά περίπου €9 δισ. - Ρεπορτάζ και ειδήσεις για την Οικονομία, τις Επιχειρήσεις, το Χρηματιστήριο, την Πολιτική #mononewsGR https://t.co/RYILJhjrHC"
0,0.4606142,Negative,,,,,,0.25210714,"ΔΝΤ: Πλήγμα στην παγκόσμια ανάπτυξη αν δεν ληφθούν άμεσα μέτρα για την κλιματική αλλαγή
https://t.co/Nh72ajLLYF"
1,0.8375286,Positive,,,,,,0.18786259,"Επένδυση - μαμούθ  10,2 δισ. ευρώ του τσεχικού ενεργειακού ομίλου EPH σε ανανεώσιμες πηγές ενέργειας στην Γερμανία https://t.co/ZGH2Mnh55H"
1,0.8138611,Positive,,,,,,0.218932,Χρ. Μεγάλου στο Bloomberg ESG Forum: Στοχεύουμε να αυξήσουμε τη βιώσιμη τραπεζική μας δραστηριότητα κατά περίπου €9 δισ. https://t.co/IoXRsPHiKO
1,0.94443,Positive,,,,,,0.14163847,Μεγάλου (Πειραιώς): Στόχος να αυξήσουμε τη βιώσιμη τραπεζική μας δραστηριότητα κατά περίπου 9 δισ. ευρώ την περίοδο 2022-2025 https://t.co/lWl9aObAeG
1,0.9522034,Positive,,,,,,0.10614092,RT @LykavitosGr: Χρήστος Μεγάλου (Πειραιώς): Για την περίοδο 2022-2025 στοχεύουμε να αυξήσουμε τη βιώσιμη τραπεζική μας δραστηριότητα κατά…
1,0.9328428,Positive,,,,,,0.09763943,RT @LykavitosGr: Χρήστος Μεγάλου (Πειραιώς): Για την περίοδο 2022-2025 στοχεύουμε να αυξήσουμε τη βιώσιμη τραπεζική μας δραστηριότητα κατά…
0,0.18012758,Negative,,,,,,0.15827899,"«PLASTIC FREE GREECE»: Πραγματοποιήθηκε καθαρισμός παράκτια της Λίμνης Κερκίνης 
#Κερκίνη #περιβάλλον #λίμνη_Κερκίνη #Kerkini #Kerkini_lake #Serres
https://t.co/pA3xA209tt"
1,0.51614696,Positive,,,,,,0.30750784,"Ο Δήμος Κω συμμετέχει στη μεγαλύτερη σκυταλοδρομία για την κλιματική αλλαγή ως μέλος του δικτύου των ""Bike Friendly Προορισμών"" στην Ελλάδα - https://t.co/VrEIBoR9V3 https://t.co/2w2u9VUU8n"
0,0.107691556,Negative,,,,,,0.12979633,RT @CostasKadis: Δεν υπήρχε καλύτερος τρόπος να κλείσει η Σύνοδος της ⁦@UNECE⁩ για το Περιβάλλον. Τα αποτελέσματα της Συνόδου εναρμονίζοντα…
0,0.42873764,Negative,,,,,,0.26288077,"⏩ Παρέμβαση του Υπουργού Παιδείας @pprodromou για την εφαρμογή της Στρατηγικής για την Εκπαίδευση για την Αειφόρο Ανάπτυξη της #UNECE στην Κύπρο, στο πλαίσιο των εργασιών της 9ης Υπουργικής Συνόδου για το Περιβάλλον στην Ευρώπη 
👉 https://t.co/N3N8Yh6yiY

#nicosiaefe #efe2022 https://t.co/DgG8SOPlRz"
1,0.7829409,Positive,,,,,,0.16413847,"Σεμινάριο με τίτλο «Διαχείριση περιβάλλοντος, κινδύνων και κρίσεων σε νησιωτικό περιβάλλον» πραγματοποιήθηκε στο Ηράκλειο με εισηγητή τον καθηγητή κ. Ευθύμη Λέκκα. https://t.co/4MkhQ8mRyy"
0,0.3146339,Negative,,,,,,0.2320551,Workspace Reservation: η Zoom καινοτομεί βελτιστοποιώντας το υβριδικό περιβάλλον εργασίας https://t.co/ZjaQfYuOgs https://t.co/SG9pbLXlgt
0,0.31760234,Negative,,,,,,0.25134102,"RT @cultureGR: 🇪🇺""Οι Πολιτιστικές Διαδρομές στη βιώσιμη ανάπτυξη της Ευρώπης και της Ελλάδας"", από την #ΥΠΠΟΑ Λίνα Μενδώνη, στο 11ο Ετήσιο…"
0,0.033899155,Negative,,,,,,0.057884768,"Τι συμβαίνει με την Ιντρακόμ, η επιστροφή του Σπήλιου, ο Μεγάλου και η πράσινη Πειραιώς, ο Μπερσής και η νομική dream team και το hot κουΐζ με το απλό ROLEX - Ρεπορτάζ και ειδήσεις για την Οικονομία, τις Επιχειρήσεις, το Χρηματιστήριο, την Πολιτική ... https://t.co/tUpU0vZuUt"
0,0.14391543,Negative,,,,,,0.118352644,Γκρίνια στο Κρεμλίνο για τον πόλεμο: Άτομο στο περιβάλλον του Πούτιν διαφώνησε μαζί του - https://t.co/1rZdE3RW5Q https://t.co/k1auMGju9A
0,0.3235153,Negative,,,,,,0.24697548,«Βλαντιμίρ χάνουμε!» – Γκρίνια στο περιβάλλον του Πούτιν – Δικός του άνθρωπος διαφώνησε μαζί του για την Ουκρανία https://t.co/Yb9sYBDRX4
1,0.5916137,Positive,,,,,,0.30476227,"RT @Sylvestra_Jsc: Βλάκας είναι αυτός που έχει ένα χωράφι,το δίνει σε ένα Γερμανό,μετά ο ίδιος επιδοτεί τον Γερμανό.&amp; μετά ο βλάκας αγοράζε…"
0,0.48881927,Negative,,,,,,0.17914674,Διήμερο συνέδριο στο Μορφοβούνι για τον εναλλακτικό και βιώσιμο τουρισμό στη Θεσσαλία https://t.co/h8FkswtSB6
0,0.32566616,Negative,,,,,,0.20777565,Ο Δήμος Κω συμμετέχει στη μεγαλύτερη σκυταλοδρομία για την κλιματική αλλαγή ως μέλος του δικτύου  «Bike Friendly Προορισμών» https://t.co/3Le1DCsE1U via @aegeanews
1,0.50391793,Positive,,,,,,0.18777718,«Εναλλακτικός και Βιώσιμος Τουρισμός στη Θεσσαλία»: Διήμερο Συνέδριο στο δήμο Πλαστήρα - LarissaPress https://t.co/yM8EzkRIbj
1,0.9405572,Positive,,,,,,0.08624312,"ΕΥΑΘ: Πράττουμε για ένα βιώσιμο παρόν, σχεδιάζουμε ένα αειφόρο μέλλον https://t.co/woBdOQkRb4"
0,0.09268703,Negative,,,,,,0.1350516,Κοινότητα Λειβαδίου: Δραστηριότητες του Κέντρου Περιβαλλοντικής Εκπαίδευσης Δ.Θέρμης https://t.co/VbJ6DhHuEB #ΕΚΠΑΙΔΕΥΣΗ #ΛΙΒΑΔΙ #ΠΕΡΙΒΑΛΛΟΝ https://t.co/fuqXWtm1tT
0,0.36035016,Negative,,,,,,0.2522315,"Γιάννης Τσιπουρίδης / Δεν θα υπάρχουν επιδόματα για την κλιματική κρίση,
https://t.co/YDTIVamFQZ,"
1,0.5877506,Positive,,,,,,0.22099765,Β. Κικίλιας: «Η επόμενη τουριστική καμπάνια θα επικεντρωθεί στον βιώσιμο τουρισμό» https://t.co/ubtGarL870
1,0.88237566,Positive,,,,,,0.12871851,"Η απάτη των Ανανεώσιμων Πηγών Ενέργειας: Είναι πανάκριβες, πιο επβλαβείς για το περιβάλλον και όταν τις χρειάζεσαι, απλώς δεν τις έχεις https://t.co/mAoR5WxOuc"
1,0.9146503,Positive,,,,,,0.122077,"Η απάτη των Ανανεώσιμων Πηγών Ενέργειας: Είναι πανάκριβες, πιο επβλαβείς για το περιβάλλον και όταν τις χρειάζεσαι, απλώς δεν τις έχεις https://t.co/3m5w3AIofN"
1,0.8413721,Positive,,,,,,0.19760065,"Η απάτη των Ανανεώσιμων Πηγών Ενέργειας: Είναι πανάκριβες, πιο επβλαβείς για το περιβάλλον και όταν τις χρειάζεσαι, απλώς δεν τις έχεις https://t.co/HHEAQTXFii"
1,0.54043365,Positive,,,,,,0.25765577,ΕΕ: Βάζει «πράσινη» ταμπέλα στην πυρηνική ενέργεια- Αντιδρά η Αυστρία https://t.co/84uDRfAmtZ
1,0.90812635,Positive,,,,,,0.12366966,Η ψυχική υγεία στο εργασιακό περιβάλλον: Η πανδημία και οι παράγοντες που χρειάζονται προσοχή https://t.co/Yr2Gl5LPQE
1,0.56166184,Positive,,,,,,0.2529678,Στην ευρωπαϊκή δικαιοσύνη η Αυστρία για την «πράσινη» πυρηνική ενέργεια - https://t.co/yLIE8NWW5Y https://t.co/Wyw82c6B4C
0,0.46684283,Negative,,,,,,0.29077724,Στην ευρωπαϊκή δικαιοσύνη προσέφυγε  η Αυστρία για την «πράσινη» πυρηνική ενέργεια https://t.co/s6WVwjSPs0
1,0.64981925,Positive,,,,,,0.25709254,Η Αυστρία προσφεύγει στην ευρωπαϊκή δικαιοσύνη για την “πράσινη” ταμπέλα στην πυρηνική ενέργεια από την ΕΕ https://t.co/9H91DKQqYu
1,0.62284803,Positive,,,,,,0.28887203,Η Αυστρία προσφεύγει στην ευρωπαϊκή δικαιοσύνη για την «πράσινη» ταμπέλα στην πυρηνική ενέργεια - https://t.co/YaKPdgFwjj #businessnewsgr
1,0.7138098,Positive,,,,,,0.32271913,[Κλικ και διαβάστε στο Real News]«Πράσινη» ταμπέλα στην πυρηνική ενέργεια από την ΕΕ: Η  #Αυστρία προσφεύγει στην ευρωπαϊκή  #Δικαιοσύνη https://t.co/e1cmoWrpv3
0,0.25985909,Negative,,,,,,0.2567719,«Πράσινη» ταμπέλα στην πυρηνική ενέργεια από την ΕΕ: Αντιδρά η Αυστρία με προσφυγή στην ευρωπαϊκή https://t.co/J0fmasHKdq
1,0.9012739,Positive,,,,,,0.1341024,"Η απάτη των Ανανεώσιμων Πηγών Ενέργειας: Είναι πανάκριβες, πιο επβλαβείς για το περιβάλλον και όταν τις χρειάζεσαι, απλώς δεν τις έχεις https://t.co/70mxS72L42"
0,0.19131775,Negative,,,,,,0.19401377,Σκέρτσος: H στοχευμένη μείωση φόρων στο κεφάλαιο και την εργασία οδηγούν σε ένα πιο ελκυστικό επενδυτικό περιβάλλον https://t.co/dRDYQJ4Woh
1,0.5946902,Positive,,,,,,0.251977,«Η επόμενη τουριστική καμπάνια θα επικεντρωθεί στον βιώσιμο τουρισμό» https://t.co/z2KswiI93a
0,0.4910736,Negative,,,,,,0.31655425,"Είναι πανάκριβες, πιο επιβλαβείς για το περιβάλλον και όταν τις χρειαστείς, δεν σου προσφέρουν τίποτα 
https://t.co/pjEsRWu3o1"
1,0.8980027,Positive,,,,,,0.1098769,"Η απάτη των Ανανεώσιμων Πηγών Ενέργειας: Είναι πανάκριβες, πιο επβλαβείς για το περιβάλλον και όταν τις χρειάζεσαι, απλώς δεν τις έχεις https://t.co/0kqyloypGK"
1,0.93340635,Positive,,,,,,0.088943966,"Η απάτη των Ανανεώσιμων Πηγών Ενέργειας: Είναι πανάκριβες, πιο επιβλαβείς για το περιβάλλον και όταν τις χρειάζεσαι, απλώς δεν τις έχεις https://t.co/gHfD39jl4c"
0,0.33425865,Negative,,,,,,0.2331632,"«Δεν έχουν ζητηθεί οι απόψεις της Περιβαλλοντικής Αρχής για το εν λόγω εστιατόριο, και δεν υπήρξε οποιαδήποτε ενημέρωση μας πριν την ολοκλήρωση των υπό αναφορά επεμβάσεων»

#Άγιος_Γεώργιος_Αλαμάνου #Περιβάλλον #Κύπρος

https://t.co/wCYlWZLay8"
0,0.43854636,Negative,,,,,,0.26603165,Εκπαιδευτικές δραστηριότητες για το περιβάλλον σε 6 ακριτικά νησιά από το ίδρυμα Χατζηγάκη https://t.co/XQLUArmQaz
0,0.4701655,Negative,,,,,,0.2613725,Εκπαιδευτικές δραστηριότητες για το περιβάλλον σε 6 ακριτικά νησιά από το ίδρυμα Χατζηγάκη https://t.co/8YLNEEI9cv
1,0.5437643,Positive,,,,,,0.25645703,Καυσόξυλα: Οι κίνδυνοι για την υγεία και το περιβάλλον https://t.co/x3uatKqaAK
0,0.4511833,Negative,,,,,,0.24307723,"Δέκα Τσέρνομπιλ ή 3.000 Χιροσίμα, εάν κτυπηθεί η Ζαπορίζια: Τρομακτική ήδη ζημιά από την εισβολή, λέει στον «Π» ο Ουκρανός υπουργός για το Περιβάλλον

#Ουκρανία #Ρωσία

https://t.co/zBMesZEqcq"
1,0.8970715,Positive,,,,,,0.15839127,Διεθνές συνέδριο για την πράσινη εκτυπωμένη ενέργεια και τα αγροβολταϊκά https://t.co/Ut0rJpT9SM
0,0.41877273,Negative,,,,,,0.23567457,"«Για να σωθούμε από την κλιματική αλλαγή πρέπει να γίνουμε κανίβαλοι και να τρώμε ανθρώπινη σάρκα»! &amp;#8211; Ναι, το είπαν https://t.co/8dFkhAguQA 🤮🤮🤮🤮"
0,0.26808873,Negative,,,,,,0.19228902,"«Για να σωθούμε από την κλιματική αλλαγή πρέπει να γίνουμε κανίβαλοι και να τρώμε ανθρώπινη σάρκα»! – Ναι, το είπαν https://t.co/ib2rEfSEs8 #κανιβαλισμός #περιβάλλον"
0,0.17427483,Negative,,,,,,0.12359592,"Το περιβάλλον #Πούτιν πιέζει για αντίποινα
https://t.co/3bvw7HsdVR"
1,0.89947563,Positive,,,,,,0.1377984,"Η απάτη των Ανανεώσιμων Πηγών Ενέργειας: Είναι πανάκριβες, πιο επιβλαβείς για το περιβάλλον και όταν τις χρειάζεσαι, απλώς δεν τις έχεις https://t.co/38qmz4H9bs"
0,0.35753846,Negative,,,,,,0.3377658,"Ανδρέας Ξανθός: Πανδημία, κλιματική κρίση, πόλεμος και ανισότητες επιβαρύνουν την ψυχική υγεία https://t.co/2dEdaZmgTQ"
1,0.82681817,Positive,,,,,,0.20773394,"Αυστρία: Προσφυγή κατά της απόφασης της ΕΕ να χαρακτηρίσει «πράσινη» την πυρηνική ενέργεια | Ρεπορτάζ και ειδήσεις για την Οικονομία, τις Επιχειρήσεις, το Χρηματιστήριο, την Πολιτική https://t.co/wLEEOZNsBI"
1,0.8084753,Positive,,,,,,0.16865179,"Διεθνής συνάντησης ερευνητικού έργου με θέμα την προσαρμογή οπωροφόρων δενδρωδών καλλιεργειών στην κλιματική αλλαγή, με τη διοργάνωση του Τμήματος Φυλλοβόλων Οπωροφόρων Δένδρων Νάουσας» https://t.co/9bfx5bxEJy μέσω @BowThemes"
1,0.5462229,Positive,,,,,,0.3539192,Πώς η κλιματική κρίση επηρεάζει την ψυχική υγεία https://t.co/atHd412hqx
1,0.51207316,Positive,,,,,,0.23626193,Αυτοί είναι οι κίνδυνοι για την υγεία και το περιβάλλον από την καύση ξύλων https://t.co/XXkY5jkWci
1,0.54859465,Positive,,,,,,0.28685,Κέρκυρα – Σπ. Κροκίδης: Η Ελλάδα στην πράσινη ενέργεια. (Βίντεο) https://t.co/MvUkxDdKRZ
1,0.880385,Positive,,,,,,0.16245662,"#Κλιματική_αλλαγή
Ολόκληρες περιοχές δεν θα είναι πλέον κατοικήσιμες τις επόμενες δεκαετίες 

https://t.co/8nqWlfFdgz https://t.co/DlG9wxsSGr"
1,0.6566417,Positive,,,,,,0.29683504,ΑΔΗΜΕ: Η Ελλάδα ηλεκτροδοτήθηκε αποκλειστικά με «πράσινη» ενέργεια για πρώτη φορά στην ιστορία https://t.co/mcGCyV48LP
1,0.5245268,Positive,,,,,,0.31228828,Με πράσινη ενέργεια αποκλειστικά ηλεκτροδοτήθηκε η Ελλάδα για πρώτη φορά https://t.co/JGtsfXAbbw
0,0.36533475,Negative,,,,,,0.25261518,Περιφέρειες και βιώσιμη ανάπτυξη: Τι ... δεν έχει πετύχει η Κρήτη https://t.co/tCcrc9U6Xo
1,0.5872461,Positive,,,,,,0.32962632,Τα Ελληνικά Πανεπιστήμια Φάροι Αειφορίας:  Διεθνής παρουσίαση της Χάρτας Αειφορίας των Ελληνικών Πανεπιστημίων στην 9η Διάσκεψη για το Περιβάλλον
0,0.34736657,Negative,,,,,,0.25590375,Workspace Reservation: Η Zoom καινοτομεί βελτιστοποιώντας το υβριδικό περιβάλλον εργασίας https://t.co/SyUrHcjWd7
1,0.6306169,Positive,,,,,,0.24482013,ΕΟΤ - Κυκλάδες: Οι βρετανοί γνωρίζουν τα νησιά που επενδύουν στον βιώσιμο τουρισμό https://t.co/WcrEydB541
0,0.3844777,Negative,,,,,,0.3309483,"Ξανθός: Πανδημία, κλιματική κρίση, πόλεμος και ανισότητες επιβαρύνουν την ψυχική υγεία https://t.co/i68lJtji3y"
1,0.74740416,Positive,,,,,,0.2130782,"Κλιματική αλλαγή: ""Σιωπηλός δολοφόνος"" η ακραία ζέστη - https://t.co/J4QGekDOmx https://t.co/oRXaVof4D8"
1,0.7369716,Positive,,,,,,0.29691094,ΑΠΕ: Για πρώτη φορά η Ελλάδα ηλεκτροδοτήθηκε κατά 100% από «πράσινη» ενέργεια #Δημοκρατική #Ρόδος #Δωδεκάνησα https://t.co/geRwm0xuLj
0,0.4619743,Negative,,,,,,0.32228896,Χτίζοντας ένα βιώσιμο τουριστικό θέρετρο στη χώρα με το χαμηλότερο υψόμετρο στον κόσμο https://t.co/M72cxhPYKI
1,0.9410169,Positive,,,,,,0.12305801,Η JTIστο 4ο Diversityin Business Conference. LiliZigoslu: «Το βιώσιμο μέλλον ξεκινά από τον δικό μας χώρο εργασίας» https://t.co/0yz7maUnNF
1,0.9587494,Positive,,,,,,0.05177931,Η JTIστο 4ο Diversityin Business Conference. LiliZigoslu: «Το βιώσιμο μέλλον ξεκινά από τον δικό μας χώρο εργασίας» https://t.co/0yz7mbbqPF
1,0.7595999,Positive,,,,,,0.18416274,«Κλιματική Αλλαγή και Αγροτικός Τομέας» https://t.co/XEvnyCGCmx
1,0.8437046,Positive,,,,,,0.21041888,Κλιματική Αλλαγή και Αγροτικός Τομέας- Ένα καινοτόμο 4ήμερο σεμινάριο στο Πανεπιστήμιο Θεσσαλίας - LarissaPress https://t.co/yh68TZEtdF
0,0.07826374,Negative,,,,,,0.126438,"Η αναθεώρηση της Ιστορίας καλά κρατεί. Ιδιαίτερα όταν βρίσκει ευνοϊκό πολιτικό περιβάλλον που την ενθαρρύνει και την υποθάλπτει. 

✏️Γράφει η Βασιλική Λάζου  https://t.co/LGGcNpcrnc"
1,0.91296077,Positive,,,,,,0.16674863,"Η Grant Thornton στο πλαίσιο της μεθοδικής και συστηματικής υλοποίησης μιας σειράς δράσεων και πρωτοβουλιών που διασφαλίζουν την ισότητα και την ασφάλεια στο εργασιακό περιβάλλον, υπέγραψε τη Χάρτα Διαφορετικότητας για τις ελληνικές επιχειρήσεις"
1,0.7269281,Positive,,,,,,0.29644284,Για πρώτη φορά η Ελλάδα ηλεκτροδοτήθηκε κατά 100% από «πράσινη» ενέργεια https://t.co/6ZRIJ8shWt
1,0.84757227,Positive,,,,,,0.15838192,Κλιματική αλλαγή: Ολόκληρες περιοχές δεν θα είναι πλέον κατοικήσιμες τις επόμενες δεκαετίες https://t.co/kmEKvh5ue5
1,0.859836,Positive,,,,,,0.24837062,"Για πρώτη φορά στην ιστορία του ελληνικού ηλεκτρικού συστήματος, την περασμένη Παρασκευή 7 Οκτωβρίου από τις 11 το πρωί ως τις 4 το μεσημέρι η ζήτηση καλύφθηκε κατά 100% από ανανεώσιμες πηγές ενέργειας. #mononewsGR https://t.co/l7r5kdicbt"
1,0.8729235,Positive,,,,,,0.1561462,Κλιματική αλλαγή: Ολόκληρες περιοχές δεν θα είναι πλεόν κατοικήσιμες λόγω της ακραίας ζέστης - https://t.co/UHzLtOXJr5 https://t.co/aSIny2ND5Z
1,0.9787762,Positive,,,,,,0.04170494,[Κλικ και διαβάστε στο cnn]ΑΔΜΗΕ: Νέο ιστορικό υψηλό για την  #Παράγωγή ηλεκτρικής ενέργειας από Ανανεώσιμες Πηγές Ενέργειας https://t.co/IjTxukIuyx
1,0.7960248,Positive,,,,,,0.23209117,Μητσοτάκης για Ανανεώσιμες Πηγές Ενέργειας: Η Ελλάδα αναδύεται ταχέως ως ένας πρωταγωνιστής https://t.co/BrJoPGdlC9
1,0.8214078,Positive,,,,,,0.21442012,Μητσοτάκης για Ανανεώσιμες Πηγές Ενέργειας: Η Ελλάδα αναδύεται ταχέως ως ένας πρωταγωνιστής - https://t.co/HyUGCNcMhX
1,0.75294197,Positive,,,,,,0.27197704,Χάρης Δούκας στο Ράδιο ΕΝΑ: «Να μην μπούμε το «παιχνίδι» του LNG- Στόχος η «πράσινη» ηλεκτρική ενέργεια https://t.co/NkALKP3O5D
1,0.8486091,Positive,,,,,,0.17975143,RT @LykavitosGr: Μητσοτάκης: Η Ελλάδα αναδύεται ταχέως σε πρωταγωνίστρια στις Ανανεώσιμες Πηγές Ενέργειας   #Μητσοτάκης https://t.co/AhTCJg…
1,0.85967284,Positive,,,,,,0.17159857,RT @LykavitosGr: Μητσοτάκης: Η Ελλάδα αναδύεται ταχέως σε πρωταγωνίστρια στις Ανανεώσιμες Πηγές Ενέργειας   #Μητσοτάκης https://t.co/AhTCJg…
1,0.83020097,Positive,,,,,,0.17339775,Κ.Μητσοτάκης: «Πρέπει να κινηθούμε ταχύτερα για περισσότερες Ανανεώσιμες Πηγές Ενέργειας» https://t.co/x6s6Z5ktYO
1,0.7775171,Positive,,,,,,0.24830057,Η Ελλάδα πρωταγωνιστής στις Ανανεώσιμες Πηγές Ενέργειας – Η ανάρτηση Μητσοτάκη https://t.co/i8UQX1wDpO
1,0.8824961,Positive,,,,,,0.13806531,CREaTE: Ένα Βιώσιμο Μέλλον για τον Τουρισμό - Τι θα συζητηθεί στο Forum που θα πραγματοποιηθεί στα Χανιά - https://t.co/OEaHgCwvBx https://t.co/qAy60SPr2h
0,0.20215687,Negative,,,,,,0.13935499,Ο Σ.Φάμελλος στη Γενική Συνέλευση της ΠΕΔΔΥ - https://t.co/wltTseLNnN #ΠΕΔΔΥ #περιβάλλον #Σ.Φάμελλος #ΣΥΡΙΖΑ
1,0.9791426,Positive,,,,,,0.052212335,Reuters : Οι ελληνικές ανανεώσιμες πηγές ενέργειας κάλυψαν πλήρως (για ώρες ) τη ζήτηση ηλεκτρικής ενέργειας για πρώτη φορά. Σημαντική αύξηση των εναλλακτικών πηγών ενέργειας https://t.co/L4S6qLSqWe
0,0.32012802,Negative,,,,,,0.20196117,"Ο αρχαίος Άρης μπορεί να είχε πολλούς μικροοργανισμούς που προκάλεσαν κλιματική αλλαγή και έκαναν τον πλανήτη αφιλόξενο

https://t.co/vrZKKS6s7R"
1,0.6174441,Positive,,,,,,0.27352822,RT @Moneypressgr: ΑΠΕ: Για πρώτη φορά η Ελλάδα ηλεκτροδοτήθηκε κατά 100% από «πράσινη» ενέργεια  #moneypress https://t.co/aaT4fxs2u6
1,0.68136287,Positive,,,,,,0.29200333,ΑΠΕ: Για πρώτη φορά η Ελλάδα ηλεκτροδοτήθηκε κατά 100% από «πράσινη» ενέργεια  #moneypress https://t.co/aaT4fxs2u6
1,0.924221,Positive,,,,,,0.11170232,"Το Forum «CREaTE: Ένα Βιώσιμο Μέλλον για τον Τουρισμό», διοργανώνουν την Παρασκευή 14 Οκτωβρίου 2022 στα Χανιά στο  Θέατρο «Μίκης Θεοδωράκης» ο Δήμος Χανίων και η Bespoke Communications, με την υποστήριξη του ΕΟΤ. https://t.co/jQMSxvbud6"
0,0.4108826,Negative,,,,,,0.23461074,Έρευνα: Υπήρχε ζωή στον Άρη και αυτοκαταστράφηκε; Ο φαύλος κύκλος και η κλιματική αλλαγή https://t.co/colMKeV5cp
0,0.36721894,Negative,,,,,,0.26294443,"Το χρονικό διάστημα 12-14 Οκτωβρίου 2022 διεξάγονται υπό την αιγίδα του Οργανισμού Οικονομικής Συνεργασίας των χωρών του Εύξεινου Πόντου το 15ο Διεθνές Επιστημονικό Συνέδριο για την «Ενέργεια και την Κλιματική Αλλαγή» και το 9ο Φόρουμ.
https://t.co/PwokkbuCkR"
1,0.5985729,Positive,,,,,,0.32115987,"Καραμανλής: Ο Πειραιάς γίνεται μία πόλη πιο ανθρώπινη, με ένα μέσο  βιώσιμο – Τέλος του 2023 το μετρό της Θεσσαλονίκης https://t.co/FIwwihBVMC"
1,0.90616244,Positive,,,,,,0.1413614,Κλιματική αλλαγή: Ολόκληρες περιοχές δεν θα είναι πλεόν κατοικήσιμες λόγω της ακραίας ζέστης https://t.co/5oeFaTO4lM #ΑΡΘΡΑ #ΕΡΕΥΝΑ #ΚΑΥΣΩΝΑΣ #ΚΛΙΜΑΤΙΚΗΑΛΛΑΓΗ By https://t.co/p9zfHynwcm
1,0.53283197,Positive,,,,,,0.3262339,"Ελλάδα: Για πρώτη φορά 5ώρη ηλεκτροδότηση κατά 100% από ""πράσινη"" ενέργεια https://t.co/9XjMd7IlNK"
1,0.57886213,Positive,,,,,,0.20313624,⭕ Η κλιματική αλλαγή απειλεί ολόκληρες περιοχές της Γης να γίνουν μη κατοικήσιμες  https://t.co/lkZNwCdivd
1,0.65686685,Positive,,,,,,0.21813963,"#Κροατία- Αιμ. Περδικάρης: Το ΑΠΕ-ΜΠΕ στη μάχη για βιώσιμη ανάπτυξη

https://t.co/giknES9Xp1 https://t.co/YUFOKhno97"
0,0.45332542,Negative,,,,,,0.27761418,Μητσοτάκης: Η Ελλάδα αναδεικνύεται σε ηγετική δύναμη στις Ανανεώσιμες Πηγές Ενέργειας--https://t.co/0vaZQjMSO4
0,0.46213168,Negative,,,,,,0.253436,Κολωνός: Ποινική δίωξη και για trafficking στον 53χρονο – Έρευνα στο περιβάλλον της 12χρονης https://t.co/IBC6l2kkid
1,0.7197106,Positive,,,,,,0.2624777,"Η δημοσιονομική πολιτική θα πρέπει να εστιάσει στην προστασία των ευάλωτων ομάδων με στοχευμένα και προσωρινά μέτρα και να βοηθά με επενδύσεις στην πράσινη ενέργεια και την ψηφιακή οικονομία, λέει το το Διεθνές Νομισματικό Ταμείο
 https://t.co/hzTmgISdIV"
1,0.80165535,Positive,,,,,,0.22223124,Μητσοτάκης: Η Ελλάδα αναδύεται ταχέως σε πρωταγωνίστρια στις Ανανεώσιμες Πηγές Ενέργειας https://t.co/MgUK8QAd97 #Pagidevmenoi #Sasmos #gntmgr #kaneotikoimasai #GiTisElias
1,0.6272427,Positive,,,,,,0.25421277,"Οι γονείς της Καρολάιν θέλουν να της εξασφαλίσουν ένα ασφαλές περιβάλλον
#alphanewslive #greece
 https://t.co/itPoh00Jmw"
0,0.15668954,Negative,,,,,,0.106921114,Ψάχνουν στο περιβάλλον της 12χρονης αν κάποιος γνώριζε εδώ και μήνες τι συνέβαινε! https://t.co/ZRGBYr7CJG
0,0.46867383,Negative,,,,,,0.35327655,Τρεις ειδικοί αναλύουν τα ευρήματα ης δημοσκοπικής έρευνας για την κλιματική κρίση και τις συνέπειές της https://t.co/zCoU3Dsk5D
0,0.24332844,Negative,,,,,,0.19085135,@J_Spiliopoulos @H_TSOYXTRA @mairikarag Εννοειται πως οι γονεις μπηκαν φυλακη τωρα για ποσο καιρο δε γνωριζω παντως το παιδι μεταφερθηκε σε ασφαλες περιβαλλον
0,0.071058854,Negative,,,,,,0.098127514,Πρόσωπο από το πολύ κοντινό περιβάλλον της 12χρονης θα κατονομάσει ο 53χρονος μαστροπός https://t.co/QP08KluED9
1,0.8864316,Positive,,,,,,0.110276125,Βρετανία: Πλαφόν στα έσοδα των παραγωγών ενέργειας από ανανεώσιμες πηγές https://t.co/KrovgWGhLN #businessnewsgr
1,0.6058406,Positive,,,,,,0.23347211,Βιασμός 12χρονης στα Σεπόλια:Έρχεται νέα σύλληψη αυτή τη φορά από το οικογενειακό περιβάλλον του 53χρονου.Τα νέα στοιχεία. https://t.co/U3OrgdMmH4 https://t.co/gO4SGon8dY
0,0.14284249,Negative,,,,,,0.099731214,[Κλικ και διαβάστε στο NewsBeast] #Κολωνός: «Έρχεται κι άλλη  #Συλλήψη που δεν βρίσκεται στο περιβάλλον της 12χρονης» https://t.co/1FsPIxQ1m7
0,0.16486466,Negative,,,,,,0.12958989,[Κλικ και διαβάστε στο NewsBeast] #Κολωνός: «Έρχεται κι άλλη  #Συλλήψη που δεν βρίσκεται στο περιβάλλον της 12χρονης» https://t.co/1FsPIy74o7
1,0.72349393,Positive,,,,,,0.2780082,Νέο ένταλμα σύλληψης από το περιβάλλον του 53χρονου Ηλία Μίχου - Είχε καταβάλει χρήματα στη https://t.co/4nuSgplmd5
1,0.57289153,Positive,,,,,,0.26554406,Συνέδριο με θέμα «Εναλλακτικός και Βιώσιμος Τουρισμός στη Θεσσαλία» https://t.co/ulSheYkE9H
0,0.34664726,Negative,,,,,,0.21468776,"Κολωνός: Πληροφορίες για σύλληψη ατόμου από το περιβάλλον της 12χρονης (VIDEO) - https://t.co/eiOPQNARjS https://t.co/aXZW3Dg6OM 
#Κολωνός #12χρονη"
1,0.80701524,Positive,,,,,,0.17924155,Δ.Ε.Ε.Π. Μαγνησίας: Να κινηθούμε ταχύτερα για περισσότερες Ανανεώσιμες Πηγές Ενέργειας https://t.co/3hx6qTdfNU
1,0.7662602,Positive,,,,,,0.23104262,"Παιχνίδια για όλα τα Νηπιαγωγεία του Δήμου Χανίων – «Δίνουμε χρώμα, χαρά και ασφαλές περιβάλλον για τα παιδιά» https://t.co/37QLObWcJN"
1,0.69039774,Positive,,,,,,0.21630259,Σεπόλια: Πληροφορίες για σύλληψη από το περιβάλλον της 12χρονης https://t.co/jLdzPmYk9i
1,0.7244061,Positive,,,,,,0.28376347,"Έκδοση εντάλματος σύλληψης αναμένεται τα επόμενα λεπτά, σύμφωνα με πληροφορίες του MEGA, για άτομο από το περιβάλλον της 12χρονης
#Sepolia 
https://t.co/BzLZLrMgaD"
1,0.6079535,Positive,,,,,,0.2021165,Πληροφορίες για σύλληψη από το περιβάλλον της 12χρονης https://t.co/lu7dQozmC8
1,0.941754,Positive,,,,,,0.103144035,Σε χειμερινό σχολείο για τον βιώσιμο τουρισμό φοιτητές του Πανεπιστημίου Θεσσαλίας https://t.co/b4yhLtx6QG
1,0.89873666,Positive,,,,,,0.16026625,Σε ειδική Σύνοδο στο πλαίσιο του COP27 στην Αίγυπτο το σχέδιο δράσης της Πρωτοβουλίας της Κύπρου για κλιματική αλλαγή https://t.co/NT5zwRrwS2
0,0.28136298,Negative,,,,,,0.27998415,ΕΟΤ:  Οι βρετανοί απέκτησαν πλατφόρμα για τον βιώσιμο τουρισμό στην Ελλάδα https://t.co/WvJGI4O5F5
0,0.26307893,Negative,,,,,,0.25877792,ΕΟΤ: Οι βρετανοί απέκτησαν πλατφόρμα για τον βιώσιμο τουρισμό στην Ελλάδα https://t.co/bwPQjKxhYk
1,0.84862673,Positive,,,,,,0.24568947,ΕΟΤ: Παρουσίαση στην βρετανική αγορά πλατφόρμας για τον βιώσιμο τουρισμό στην Ελλάδα https://t.co/gYMSyFhgWY
0,0.08690796,Negative,,,,,,0.110649265,Θεσσαλονίκη: 59χρονος μόλυνε το περιβάλλον με διαλυτήριο οχημάτων που δεν πληρούσε τις προδιαγραφές https://t.co/5bv3XOiVia
0,0.12020878,Negative,,,,,,0.120043434,"Έρχονται πέντε εντάλματα σύλληψης, «μέσα» πρόσωπο από το στενό περιβάλλον του Μίχου https://t.co/wZANJl7puB"
0,0.12947576,Negative,,,,,,0.13514294,RT @TheOpinion_News: Καλοχώρι: Είχε παράνομη μάντρα αυτοκινήτων – Αποθήκευαν επίκινδυνα υλικά για το περιβάλλον (ΦΩΤΟ) https://t.co/ql3eo1h…
0,0.16100197,Negative,,,,,,0.11765076,"Κολωνός: Συνελήφθη ο πατέρας της 12χρονης για ναρκωτικά – Πιθανή και σύλληψη από το περιβάλλον του 53χρονου

https://t.co/Uvw1Y8zS27"
1,0.6152783,Positive,,,,,,0.21503845,«Τουρισμός και Αειφορία στις Παράκτιες Περιοχές της Ευρώπης» https://t.co/nWN0nHcTVA
1,0.98491913,Positive,,,,,,0.038211036,"RT @LykavitosGr: Οι ανανεώσιμες πηγές και το μέλλον της χώρας, η στόχευση της Κυβέρνησης σε αγρότες και συνταξιούχους, ο φόβος για μια πυρη…"
1,0.9813417,Positive,,,,,,0.048282307,"RT @LykavitosGr: Οι ανανεώσιμες πηγές και το μέλλον της χώρας, η στόχευση της Κυβέρνησης σε αγρότες και συνταξιούχους, ο φόβος για μια πυρη…"
0,0.1483383,Negative,,,,,,0.109034255,"➡️ Εμείς τι κάνουμε για το περιβάλλον;

⏩ Από τα παραπολιτικά της «Σημερινής»

https://t.co/PJYajbqVMY"
0,0.22245593,Negative,,,,,,0.2475002,"Περαιτέρω πτώση του ΣΠΟΔ τον Σεπτέμβριο σε ένα περιβάλλον υψηλής αβεβαιότητας, ειδικότερα στην Ευρώπη https://t.co/ZiLg3mEiIe"
0,0.23761906,Negative,,,,,,0.1666278,Χαρίτσης: Η κυβέρνηση εξυπηρετεί συγκεκριμένα συμφέροντα και όχι τη βιώσιμη ανάπτυξη της βιομηχανίας https://t.co/jnwLDVOK9D #businessnewsgr
0,0.33932763,Negative,,,,,,0.2210818,Δήμος Ξάνθης: Εκδήλωση ενημέρωσης για το Περιβάλλον και τη Φιλοζωία στην κεντρική πλατεία https://t.co/JrDJeq9lga
1,0.7763724,Positive,,,,,,0.28169352,ναγκαία η στήριξη των νησιωτικών περιοχών στην ευρωπαϊκή στρατηγική για το βιώσιμο τουρισμό στην ΕΕ και τη Μεσόγειο https://t.co/TWP9zDWivy
0,0.22670704,Negative,,,,,,0.12960114,Ελεονώρα Μελέτη: Μου έχει συμβεί σε επαγγελματικό περιβάλλον να κατουριέμαι από τον φόβο μου https://t.co/SwE6rqz5i3
1,0.8623218,Positive,,,,,,0.21738419,EOT: Παρουσίαση στη βρετανική αγορά πλατφόρμας για τον βιώσιμο τουρισμό στην Ελλάδα - https://t.co/b4ZChCca8a https://t.co/vZigmOQ6QU
0,0.25402197,Negative,,,,,,0.1449153,Μελέτη: «Μου έχει συμβεί σε επαγγελματικό περιβάλλον να κατουρ@@μ@@ από τον φόβο μου» https://t.co/GGkAOluEqy
1,0.69717306,Positive,,,,,,0.2715823,Έ. Κουντουρά: Αναγκαία η στήριξη των νησιωτικών περιοχών στην ευρωπαϊκή στρατηγική για το βιώσιμο τουρισμό στην ΕΕ και τη Μεσόγειο. https://t.co/K3WInNKns8
0,0.45510757,Negative,,,,,,0.24452466,RT @PIOcy: Ομιλία του Προέδρου της Δημοκρατίας κ. Νίκου Αναστασιάδη στη Διάσκεψη Τύπου για την Πρωτοβουλία της Κυπριακής Δημοκρατίας για τη…
1,0.9200275,Positive,,,,,,0.09635507,Διαχείριση λυμάτων και κυκλική οικονομία https://t.co/qHzKV3px72
0,0.4691886,Negative,,,,,,0.22765239,Σταϊκούρας: Η Ελλάδα έχει χτίσει ισχυρές γραμμές άμυνας απέναντι σε ένα δυσμενές διεθνές περιβάλλον https://t.co/kRI2rGghHa
0,0.4746824,Negative,,,,,,0.23680684,Χρ. Σταϊκούρας – Σύνοδος ΔΝΤ: Χτίσαμε ισχυρές αμυντικές γραμμές απέναντι σε δυσμενές διεθνές περιβάλλον - https://t.co/eiOPQNARjS https://t.co/VmIyM2Up9A #Χρήστος_Σταϊκούρας #Σύνοδος #ΔΝΤ #Αμυντικές_γραμμές
1,0.5919702,Positive,,,,,,0.2332594,"Χρήστος Σταϊκούρας στη Σύνοδο του ΔΝΤ: Η Ελλάδα έχει χτίσει ισχυρές γραμμές άμυνας απέναντι σε ένα δυσμενές διεθνές περιβάλλον - Ρεπορτάζ και ειδήσεις για την Οικονομία, τις Επιχειρήσεις, το Χρηματιστήριο, την Πολιτική #mononewsGR https://t.co/Ji36NBtIVP"
1,0.5178538,Positive,,,,,,0.25385195,"Σταϊκούρας στη Σύνοδο του ΔΝΤ: Η Ελλάδα έχει χτίσει ισχυρές γραμμές άμυνας απέναντι σε ένα δυσμενές διεθνές περιβάλλον,
https://t.co/EvzYIjTCcb,"
0,0.4820877,Negative,,,,,,0.22538622,Χρ. Σταϊκούρας – Σύνοδος ΔΝΤ: Χτίσαμε ισχυρές αμυντικές γραμμές απέναντι σε δυσμενές διεθνές περιβάλλον https://t.co/5kOt04WO0e
1,0.6562958,Positive,,,,,,0.26510334,Πώς η Ελλάδα έχτισε ισχυρές γραμμές άμυνας απέναντι σε δυσμενές διεθνές περιβάλλον παρουσίασε στο ΔΝΤ ο Σταϊκούρας https://t.co/qNFDRuTH1z
1,0.5353993,Positive,,,,,,0.21037322,"Χρ. Σταϊκούρας στη Σύνοδο του #ΔΝΤ: Η Ελλάδα έχει χτίσει ισχυρές γραμμές άμυνας απέναντι σε ένα δυσμενές διεθνές περιβάλλον 

https://t.co/qoqISbsOSA"
0,0.23178974,Negative,,,,,,0.19982514,RT @TheOpinion_News: Τα ζώδια σήμερα 14 Οκτωβρίου – Το περιβάλλον θα σε επηρεάσει αρνητικά https://t.co/oufYUTwVxi #Thessaloniki #skg #TheO…
1,0.8303448,Positive,,,,,,0.20397456,Η θεσμική προστασία της παραλίας Μαρίκες και οι πανηγυρισμοί (Μπουρνούς) https://t.co/xgmvBe0l9T #ΑΥΤΟΔΙΟΙΚΗΣΗ #ΠΑΡΑΛΙΑΜΑΡΙΚΕΣ #ΠΕΡΙΒΑΛΛΟΝ By https://t.co/p9zfHynwcm https://t.co/WOx1uasBGq
1,0.9174723,Positive,,,,,,0.12083649,"#Ντοματόσουπα στο αριστούργημα «#Ηλιοτρόπια» του διάσημου Ολλανδού ζωγράφου #Βίνσεντ_Βαν_Γκογκ, το οποίο εκτίθεται στην Εθνική Πινακοθήκη στο #Λονδίνο, πέταξαν σήμερα δύο #ακτιβίστριες για την κλιματική αλλαγή.

https://t.co/9lK1Ka9r99"
1,0.88023305,Positive,,,,,,0.14764225,Προς νέο ρεκόρ για τις Ανανεώσιμες Πηγές Ενέργειας – Σπάνε το φράγμα των 10.000 μεγαβάτ https://t.co/vPeY8PgT4C #businessnewsgr
1,0.822594,Positive,,,,,,0.16240616,Μαρούσι: Νέο καδοπλυντήριο και υπερσύγχρονη υδροφόρα https://t.co/EQvcb1O3XN
1,0.8470282,Positive,,,,,,0.13102843,Καμπύλης: Δουλεύουμε πάνω σε έργα και υποδομές που συνεισφέρουν στη βιώσιμη ανάπτυξη του τόπου μας - Πελοποννησιακό Πρακτορείο Ειδήσεων https://t.co/IP4IdREp8P
0,0.31624478,Negative,,,,,,0.22474328,Σταϊκούρας: H απώλεια της βιοποικιλότητας και η κλιματική αλλαγή είναι αλληλένδετες https://t.co/G99kxlyYbE #businessnewsgr
1,0.88363767,Positive,,,,,,0.15458404,"Προς νέο ρεκόρ για τις Ανανεώσιμες Πηγές Ενέργειας  

Σπάνε το φράγμα των 10.000 μεγαβάτ

https://t.co/QWbNkwVbDP"
1,0.88174057,Positive,,,,,,0.1190835,Προς νέο ρεκόρ οι Ανανεώσιμες Πηγές Ενέργειας – Σπάνε το φράγμα των 10.000 μεγαβάτ--https://t.co/ykIWxN0zH1
1,0.88961047,Positive,,,,,,0.16002569,Προς νέο ρεκόρ για τις Ανανεώσιμες Πηγές Ενέργειας – Σπάνε το φράγμα των 10.000 μεγαβάτ - https://t.co/eiOPQNT0y0 https://t.co/AQIr3eEVyc
0,0.10846517,Negative,,,,,,0.20230429,[Κλικ και διαβάστε στο thetoc] #Κολωνός: 300 τηλεφωνικές επαφές ενηλίκων στο κινητό της 12χρονης - Έρχονται  #Συλλήψεις από το περιβάλλον των κ https://t.co/B1JfE3qaVI
1,0.9210701,Positive,,,,,,0.094485894,Προς νέο ρεκόρ για τις Ανανεώσιμες Πηγές Ενέργειας - Σπάνε το φράγμα των 10.000 μεγαβάτ - https://t.co/R0SVXksO4n https://t.co/oVnFlh5Dos
1,0.8785529,Positive,,,,,,0.14983274,Προς νέο ρεκόρ για τις Ανανεώσιμες Πηγές Ενέργειας – Σπάνε το φράγμα των 10.000 μεγαβάτ - https://t.co/x2Ht4XeAVG https://t.co/IIDOiwxm1v
0,0.39986253,Negative,,,,,,0.23576626,Οι 25 εταιρείες με το καλύτερο εργασιακό περιβάλλον διεθνώς - https://t.co/tFYcuWEfOu https://t.co/sTyHlkyNyI
1,0.8807399,Positive,,,,,,0.16716856,Προς νέο ρεκόρ για τις Ανανεώσιμες Πηγές Ενέργειας – Σπάνε το φράγμα των 10.000 μεγαβάτ - LarissaPress https://t.co/1SjLBZvm68
1,0.5490733,Positive,,,,,,0.2722665,"Μετά το ρεκόρ όλων των εποχών για τις ανανεώσιμες πηγές ενέργειας, που για πρώτη φορά υπερκάλυψαν επί 5 ώρες τη ζήτηση ρεύματος την Παρασκευή 7 Οκτωβρίου, άλλο ένα ορόσημο αναμένεται να σπάσει μέσα στη χρονιά... https://t.co/HGH6F0PJ3u"
0,0.3529024,Negative,,,,,,0.29963315,"RT @ambelesi01: Στην 🇳🇱 επαρχία Overijssel, τα σκουλήκια βρίσκονται στο μενού σε 100 δημοτικά σχολεία, μέρος ενός διδακτικού πακέτου για τη…"
1,0.5435266,Positive,,,,,,0.19510773,Σπάνε το φράγμα των 10.000 μεγαβάτ οι Ανανεώσιμες Πηγές Ενέργειας https://t.co/9iJSBR2Ubo
0,0.39803037,Negative,,,,,,0.22310069,Οι 25 εταιρείες με το καλύτερο εργασιακό περιβάλλον διεθνώς - https://t.co/3L5jRzEhuT https://t.co/7TQZGBTSFh
1,0.6107985,Positive,,,,,,0.31753913,"Spiegel: Η Ελλάδα καταρρίπτει ένα ρεκόρ- Κάλυψε για πρώτη φορά τις ανάγκες της, με Ανανεώσιμες Πηγές Ενέργειας--https://t.co/4ycMFAqjZG"
1,0.71610343,Positive,,,,,,0.23573953,Ε.Λέκκας για κακοκαιρία στην Κρήτη: «Ήταν ένα ακραίο φαινόμενο που στοιχειοθετεί την κλιματική κρίση» https://t.co/fDbv61NvOD
0,0.15565282,Negative,,,,,,0.19951133,Η τιμολόγηση της ρύπανσης βάζει χρήματα στην τσέπη του πολίτη ενώ καταπολεμά την κλιματική αλλαγή https://t.co/e1cQFwgNVZ via @The Greek Press - Ελληνικός Τύπος
0,0.09040302,Negative,,,,,,0.08827068,RT @KostasVaxevanis: Ζόφος.  Ενας βάλτος όπου μόνο να βουλιάξεις μπορείς. Η βρόμα και η δυσωδία γίνονται το φυσικό περιβάλλον. Δεν έχει σημ…
0,0.15257448,Negative,,,,,,0.19377412,"Είναι προφανές πως ο Κινέζος ηγέτης ονειρεύεται μια αναβαθμισμένη θέση σε παγκόσμια κλίμακα, σε ένα μεταβαλλόμενο διεθνές περιβάλλον
https://t.co/qTEwJ4kJgk"
1,0.5435013,Positive,,,,,,0.36261755,"[Κλικ και διαβάστε στο ΠΡΩΤΟ ΘΕΜΑ]Γαλλία: Πληθωρισμός, ενεργειακή και κλιματική κρίση έβγαλαν στους δρόμους χιλιάδες πολίτες - «Πρωτεργάτης» ο  https://t.co/JFTkzIt26r"
0,0.30749682,Negative,,,,,,0.2842235,"Ο νεοφώτιστος Ραφαήλ - Νικόλαος απολαμβάνει τις αγκαλιές των νονών του, οι οποίοι δεν προέρχονται από το περιβάλλον των γονιών του, αλλά ανέπτυξαν μαζί τους μία σχέση ζωής, όταν πριν από εννέα μήνες, κατά τη διάρκεια έντονης κακοκαιρίας, του έσωσαν τη

https://t.co/zqHYz1bcAe"
1,0.56707597,Positive,,,,,,0.389607,"Την ανάγκη να αντικατασταθεί ο στόλος των ρυμουλκών, με ένταξη στο χρηματοδοτικό πρόγραμμα του Ταμείου Ανάκαμψης, προκειμένου να ναυπηγηθούν σε ελληνικά ναυπηγεία νέα αποδοτικότερα πλοία και με τη χρήση πιο φιλικών καυσίμων προς το περιβάλλον, ζητεί ο

https://t.co/Z2xRmGrLiL"
0,0.16400032,Negative,,,,,,0.20815483,"ΑΔΜΗΕ: Η πράσινη μετάβαση είναι πραγματικότητα και όχι fake news - Ρεπορτάζ και ειδήσεις για την Οικονομία, τις Επιχειρήσεις, το Χρηματιστήριο, την Πολιτική #mononewsGR https://t.co/Zw3CXjZ6UE"
1,0.85350126,Positive,,,,,,0.19833753,Ανδρουλάκης: Η κλιματική αλλαγή θα πολλαπλασιάσει τα ακραία καιρικά φαινόμενα - https://t.co/kCHcXZLjNp https://t.co/meZLNGQLr2
1,0.88606936,Positive,,,,,,0.16330062,"Βασίλης Κικίλιας: Έργα υποδομής, πράσινη οικονομία και καμπάνια για τον βιώσιμο τουρισμό - Ρεπορτάζ και ειδήσεις για την Οικονομία, τις Επιχειρήσεις, το Χρηματιστήριο, την Πολιτική #mononewsGR https://t.co/cARGv9NpXy"
1,0.8737919,Positive,,,,,,0.21862127,Ανδρουλάκης: Η κλιματική αλλαγή θα πολλαπλασιάσει τα ακραία καιρικά φαινόμενα https://t.co/MJzjgpwfDD
1,0.873924,Positive,,,,,,0.20836206,Ανδρουλάκης: Η κλιματική αλλαγή θα πολλαπλασιάσει τα ακραία καιρικά φαινόμενα - Να επενδύσουμε στην πρόληψη https://t.co/qb1prIQTWB
1,0.5437539,Positive,,,,,,0.34180373,"«Απευθύνω τα θερμά μου συλλυπητήρια στις οικογένειες των δυο συνανθρώπων μας, που βρήκαν τραγικό θάνατο. Η καταστροφή είναι βιβλική και απαιτείται η άμεση στήριξη των πληγέντων κατοίκων και επιχειρηματιών. Η κλιματική αλλαγή θα πολλαπλασιάσει τα ακραία… https://t.co/2z4yqG1DBh"
1,0.7979445,Positive,,,,,,0.27536774,Ανδρουλάκης: Η κλιματική αλλαγή θα πολλαπλασιάσει τα ακραία καιρικά φαινόμενα - https://t.co/Dbhk7J49oK https://t.co/8nzdBLKmO8
1,0.54896164,Positive,,,,,,0.3387172,RT @LykavitosGr: Spiegel: Η Ελλάδα καλύπτει για πρώτη φορά τις ανάγκες της με ΑΠΕ  #Spiegel #Ελλάδα #ΑΠΕ #ανανεώσιμες_πηγές_ενέργειας https…
1,0.58750373,Positive,,,,,,0.34959015,RT @LykavitosGr: Spiegel: Η Ελλάδα καλύπτει για πρώτη φορά τις ανάγκες της με ΑΠΕ  #Spiegel #Ελλάδα #ΑΠΕ #ανανεώσιμες_πηγές_ενέργειας https…
1,0.87214464,Positive,,,,,,0.1710588,"Ερώτηση του @androulakisnick στην @EU_Commission για τις μεγάλες καταστροφές στην #Κρήτη: 
«Η κλιματική αλλαγή θα πολλαπλασιάσει τα ακραία καιρικά φαινόμενα, οφείλουμε να επενδύσουμε στην πρόληψη» 

https://t.co/KuwquBj5nI"
1,0.77496284,Positive,,,,,,0.17851706,"Κικίλιας: «Έργα υποδομής, πράσινη οικονομία και καμπάνια για τον βιώσιμο τουρισμό» - https://t.co/9I99AKnLPL https://t.co/rttGKiAo07"
0,0.10205027,Negative,,,,,,0.094673105,"RT @iosif3rd: Η Αγία Πελαγία καταστράφηκε από την πλημμύρα, αυτό δεν αλλάζει.
Το θέμα είναι τι θα κάνει η Πολιτεία για να μην ξανασυμβεί. Α…"
1,0.7839892,Positive,,,,,,0.18916042,Κικίλιας: «Έργα υποδομής και καμπάνια για τον βιώσιμο τουρισμό» https://t.co/40E5XqC6O7
1,0.85544586,Positive,,,,,,0.13830267,"Β. Κικίλιας: Έργα υποδομής, πράσινη οικονομία και καμπάνια για τον βιώσιμο τουρισμό https://t.co/fJV7sTNA2Z"
1,0.83877444,Positive,,,,,,0.1529562,"Β. Κικίλιας: Έργα υποδομής, πράσινη οικονομία και καμπάνια για τον βιώσιμο τουρισμό https://t.co/VeTyTsxH7Y #gntmgr #Pagidevmenoi #kaneotikoimasai #GiTisElias #Sasmos"
1,0.90484124,Positive,,,,,,0.1459259,"Νίκος Ανδρουλάκης: ""Η κλιματική αλλαγή θα πολλαπλασιάσει τα ακραία καιρικά φαινόμενα, γι' αυτό οφείλουμε να επενδύσουμε στην πρόληψη""-ΕΡΩΤΗΣΗ ΝΙΚΟΥ ΑΝΔΡΟΥΛΑΚΗ, ΠΡΟΕΔΡΟΥ ΠΑΣΟΚ -ΚΙΝΗΜΑΤΟΣ ΑΛΛΑΓΗΣ ΠΡΟΣ ΤΗΝ ΕΥΡΩΠΑΪΚΗ ΕΠΙΤΡΟΠΗ ΓΙΑ ΤΙΣ ΚΑΤΑΣΤΡΟΦΕΣ ΣΤΗΝ ΚΡΗΤΗ https://t.co/dza1cHVWPb"
0,0.16677275,Negative,,,,,,0.1465179,"5 τρόποι να ανταπεξέλθεις σε ένα τοξικό εργασιακό περιβάλλον
@ergasia_gr #καριερα

https://t.co/NRRFzVv72b https://t.co/nNfolbW3s3"
1,0.7162129,Positive,,,,,,0.16482604,"Πώς το Ντουμπρόβνικ κυνηγά το ""στοίχημα"" για βιώσιμο τουρισμό - https://t.co/ttEkwhSMXj https://t.co/tkPia15DZQ"
0,0.45097637,Negative,,,,,,0.25219244,"Prem Watsa (FairFax): «H επανεκλογή Μητσοτάκη θα δημιουργήσει ακόμα πιο ασφαλές περιβάλλον για επενδύσεις» - Ρεπορτάζ και ειδήσεις για την Οικονομία, τις Επιχειρήσεις, το Χρηματιστήριο, την Πολιτική #mononewsGR https://t.co/sY1xDbrxZF"
1,0.8533326,Positive,,,,,,0.1607534,ΚΑΣΤΡΟ: Όχι στην Ιδιωτικοποίηση. Ναι στη Νέα Βιώσιμη Ανάπτυξη https://t.co/3yC8BWOsDD https://t.co/lt8yjp8gZN
1,0.58170104,Positive,,,,,,0.24133545,Prem Watsa (FairFax Financial Holdings Limited) στο Οικονομικό Φόρουμ του Τορόντο: H επανεκλογή Μητσοτάκη θα δημιουργήσει ένα ακόμη πιο ασφαλές περιβάλλον για επενδύσεις https://t.co/tiXa4eEjuT https://t.co/CuHr0asqMO
0,0.32870138,Negative,,,,,,0.20449321,Λέκκας για Κρήτη: Η πλημμύρα ήταν αναπόφευκτη - Οφείλεται στην κλιματική κρίση - https://t.co/Nl9WNS6EJe https://t.co/a6I4DkkZTW
1,0.57142335,Positive,,,,,,0.25392476,Πρεμ Γουάτσα: Eπανεκλογή Μητσοτάκη θα δημιουργήσει ακόμη πιο ασφαλές περιβάλλον για επενδύσεις ... https://t.co/76mTLUivvt
1,0.77355194,Positive,,,,,,0.27329987,Κλιματική αλλαγή – Γαλλία: Ζέστη με 30άρια πλήττει τη χώρα μέσα στην «καρδιά» του Οκτώβρη https://t.co/7Mhkhkswfs
0,0.30768338,Negative,,,,,,0.23843522,Zoom Workspace Reservation: Βελτιστοποιώντας το υβριδικό περιβάλλον εργασίας https://t.co/HlXrVLgN63
1,0.89333755,Positive,,,,,,0.12956356,"ΕΙΔΙΚΟ ΘΕΜΑ: Κάντο όπως το #Ντουμπρόβνικ... 

Πώς το «μαργαριτάρι της Αδριατικής» κυνηγά το «στοίχημα» για βιώσιμο τουρισμό

https://t.co/fmrMvuzL2j"
1,0.86731887,Positive,,,,,,0.16388561,@QueenMa23646587 @queenmikaela_ Σχεδον ολοι οι κακοποιητες εχουν μεγαλωσει σε κακοποιητικο περιβαλλον η σε διαλυμενες οικογενειες με γονεις που τους παραμελουσαν.μπορει καποια παιδια σε αναλογο περιβαλλον να εχουν καλη πορεια μετα απο παρακολουθηση απο ψυχολογο κλπ.παντως κανεις δε γεννιεται βιαστης
0,0.24568728,Negative,,,,,,0.24616948,"Γιάννης Σέγκος : Οφείλουμε σεβασμό προς το περιβάλλον και τις επόμενες γενιές, να αναπτύξουμε ουσιαστικές και ρεαλιστικές δράσεις https://t.co/lHPPoXel1U"
0,0.113769576,Negative,,,,,,0.12762359,Θα φταίει η κλιματική κρίση... - https://t.co/1z0hApMKQA https://t.co/Xj6oCgPUpR
0,0.32331643,Negative,,,,,,0.17123912,Απόβλητα και Απορρίμματα: Περιβαλλοντικό Βάρος ή Ένας Νέος Πόρος για Βιώσιμη Ανάπτυξη; https://t.co/qkAj8OaBHn https://t.co/W2AGQLF0L7
1,0.8780098,Positive,,,,,,0.17124693,"Νίκος Ανδρουλάκης: Η κλιματική αλλαγή θα πολλαπλασιάσει τα ακραία καιρικά φαινόμενα, γι’ αυτό οφείλουμε να επενδύσουμε στην πρόληψη https://t.co/bJL1UoLQU0"
1,0.67338663,Positive,,,,,,0.19347998,Στο συνέδριο για τον Εναλλακτικό και Βιώσιμο Τουρισμό στη Θεσσαλία ο Γιώργος Μανώλης - LarissaPress https://t.co/TelhAnWa61
0,0.491207,Negative,,,,,,0.2317859,Πρεμ Γουάτσα: Eπανεκλογή Μητσοτάκη θα δημιουργήσει ακόμη πιο ασφαλές περιβάλλον για επενδύσεις--https://t.co/OoScBIe09A
1,0.5559053,Positive,,,,,,0.3458459,Πώς το περιβάλλον έχει γίνει πιο ευνοϊκό για τυφώνες και ακραία καιρικά και φυσικά φαινόμενα; https://t.co/4BDZhSHxmE
1,0.65900666,Positive,,,,,,0.24664949,Πρεμ Γουάτσα (FairFax): “H επανεκλογή του Κυριάκου Μητσοτάκη θα δημιουργήσει ένα ακόμη πιο ασφαλές περιβάλλον για επενδύσεις” https://t.co/vimiuml1b2
0,0.19418326,Negative,,,,,,0.25858933,"Γαλλία: Πληθωρισμός, ενεργειακή και κλιματική κρίση έβγαλαν στους δρόμους χιλιάδες πολίτες – «Πρωτεργάτης» ο Μελανσόν (βίντεο) https://t.co/czUQEU0982"
1,0.89156705,Positive,,,,,,0.10065599,"ΜΑΘΗΜΑΤΑ  ΚΛΑΣΙΚΗΣ ΠΑΙΔΕΙΑΣ: «Ο ΙΟΥΣΤΙΝΙΑΝΟΣ, Η ΠΑΝΩΛΗ ΚΑΙ Η ΚΛΙΜΑΤΙΚΗ ΑΛΛΑΓΗ» -  https://t.co/8WwkRKj3YT"
0,0.09158761,Negative,,,,,,0.10203311,Eκθεση Kids Rights -Ένα δισεκατομμύριο παιδιά απειλούνται από την κλιματική αλλαγή https://t.co/7d7EOosMkg
0,0.1652634,Negative,,,,,,0.13747273,Ολλανδική έκθεση: Η κλιματική αλλαγή απειλεί ένα δισεκατομμύριο παιδιά – Ειδήσεις – νέα – Το Βήμα Online https://t.co/9OcNv5Vd8I
0,0.241835,Negative,,,,,,0.18339837,"CLIA: Σε καλό δρόμο η δέσμευση για κρουαζιέρα με μηδενικό αποτύπωμα άνθρακα έως το 2050 - Ρεπορτάζ και ειδήσεις για την Οικονομία, τις Επιχειρήσεις, το Χρηματιστήριο, την Πολιτική #mononewsGR https://t.co/FQe2O3dYQ3"
1,0.77646554,Positive,,,,,,0.23910086,Είναι η πυρηνική ενέργεια πράσινη; – Ειδήσεις – νέα – Το Βήμα Online https://t.co/F3pfHK8gzq
0,0.071196444,Negative,,,,,,0.08578422,Ο κλάδος της κρουαζιέρας αποδεικνύει τη δέσμευσή του για κρουαζιέρα με μηδενικό αποτύπωμα άνθρακα παγκοσμίως έως το 2050 https://t.co/7Kr6ubgtYa
0,0.13284971,Negative,,,,,,0.12746468,Ένα δισεκατομμύριο παιδιά απειλούνται από την κλιματική αλλαγή https://t.co/3MqSZYCzFO
0,0.16446659,Negative,,,,,,0.15164505,Ολλανδική έκθεση: Η κλιματική αλλαγή απειλεί ένα δισεκατομμύριο παιδιά https://t.co/xgEIg5a1ah
0,0.11120467,Negative,,,,,,0.111678414,Ένα δισεκατομμύριο παιδιά απειλούνται από την κλιματική αλλαγή - https://t.co/N40tGv8os6 https://t.co/EgAWcss3wx
0,0.15659672,Negative,,,,,,0.1693286,"Η κλιματική αλλαγή απειλεί ένα δισεκατομμύριο παιδιά

https://t.co/mFDmIlJiP6"
1,0.76133364,Positive,,,,,,0.22140554,"Θεόδωρος Μητράκος / Χρειαζόμαστε ισχυρή, βιώσιμη αλλά και δίκαιη ανάπτυξη,
https://t.co/3uSmbVyiJp,"
0,0.08029311,Negative,,,,,,0.13061002,"Η κλιματική κρίση μια βουτιά μακριά μας: Η Μεσόγειος βράζει, εκλύει διοξείδιο του άνθρακα και είναι τίγκα στο μικροπλαστικό https://t.co/TGGPE25OXR 7/9"
1,0.816797,Positive,,,,,,0.2264272,"Στο νέο ντοκιμαντέρ του, ο Όλιβερ Στόουν προβάλλει την πυρηνική ενέργεια ως απάντηση στην κλιματική κρίση. Είναι έτσι; Η ενεργειακή κρίση προκαλεί νέες συζητήσεις για το εφικτό, ασφαλές και εύλογο της χρήσης πυρηνικών αντιδραστήρων σχάσης https://t.co/2JuDlNGFhu 2/9"
1,0.7437193,Positive,,,,,,0.28882936,Η MYTILINEOS στο Re-Source – τη μεγαλύτερη πλατφόρμα για την πράσινη ενέργεια https://t.co/uGxFsQMFSs
0,0.18304956,Negative,,,,,,0.15255208,KidsRights: Η κλιματική αλλαγή απειλεί ένα δισεκατομμύριο παιδιά https://t.co/vJjhaXEcJH
1,0.95768553,Positive,,,,,,0.10879268,"Σκυλακάκης στη Βουλή: Η επένδυση στις Ανανεώσιμες Πηγές Ενέργειας είναι μονόδρομος, αποτελούν το μέλλον

https://t.co/VOxNojjnuU"
0,0.18929775,Negative,,,,,,0.19320802,"Ξέφυγαν εντελώς!! Σε ακόμη μια ευρωπαϊκή χώρα προωθούν εντομοφαγία σε εκατοντάδες σχολεία - Παρουσιάζουν τα σκουλήκια ως “βιώσιμο” υποκατάστατο του κρέατος
https://t.co/v1FpkSOUVx"
0,0.3860501,Negative,,,,,,0.18823573,UNESCO: Ο Όλυμπος θέτει υποψηφιότητα για ένταξη στον κατάλογο Μνημείων Παγκόσμιας Πολιτιστικής και Φυσικής Κληρονομιάς https://t.co/mhzzaGvhz4 #ΕΛΛΑΔΑ #ΠΕΡΙΒΑΛΛΟΝ https://t.co/LGM6z8TAMo
1,0.91753304,Positive,,,,,,0.11172048,Ωριωνίδες: Την Παρασκευή η «βροχή» από τα πεφταστέρια του φθινοπώρου https://t.co/lmg8gECV4O
1,0.8322797,Positive,,,,,,0.16824935,"Οι ΗΠΑ θα ψεκάσουν με σωματίδια τη Γη για να εμποδίσει τη κλιματική αλλαγή,
https://t.co/PqutG1LpAw,"
0,0.1048219,Negative,,,,,,0.11999916,«9 στις 10 περιπτώσεις σεξουαλικής κακοποίησης είναι από στενό οικογενειακό περιβάλλον» τονίζει η Ράπτη https://t.co/29qC5p9E6M
0,0.103711694,Negative,,,,,,0.15304248,Ζωή Ράπτη: 9 στις 10 περιπτώσεις σεξουαλικής κακοποίησης είναι από στενό οικογενειακό περιβάλλον https://t.co/LNsITlx1E4
0,0.18828562,Negative,,,,,,0.15579383,Η κλιματική αλλαγή απειλεί ένα δισεκατομμύριο παιδιά https://t.co/T8poyS04Dg
1,0.74036276,Positive,,,,,,0.28366536,Η MYTILINEOS στο Re-Source – τη μεγαλύτερη πλατφόρμα για την πράσινη ενέργεια https://t.co/f5ljmFnxYd
0,0.36790353,Negative,,,,,,0.29523543,Κικίλιας: Αναβαθμίζουμε το brand της Σκύρου στο πλαίσιο της στρατηγικής μας για βιώσιμο τουρισμό https://t.co/f4qwlHpGh7
1,0.7813037,Positive,,,,,,0.2526067,"Συμμαχία τεσσάρων μεσογειακών πρακτορείων ειδήσεων για την κλιματική κρίση - Το @amna_news   συμμετέχει στην πρωτοβουλία

https://t.co/BSHEMykUb7 https://t.co/qInii7AM0i"
1,0.52278984,Positive,,,,,,0.25827655,"Βασίλης Κικίλιας από Σκύρο: Αναβαθμιζουμε το brand της Σκύρου στο πλαίσιο της στρατηγικής μας για βιώσιμο τουρισμό"" https://t.co/g83wavUqRs https://t.co/HFXqQmvdkZ"
0,0.40242457,Negative,,,,,,0.2783551,Κικίλιας: Αναβαθμίζουμε το brand της Σκύρου στο πλαίσιο της στρατηγικής μας για βιώσιμο τουρισμό - https://t.co/76bXnMX9Pv https://t.co/azYLYnfS8w
1,0.746435,Positive,,,,,,0.2640042,"Σχολεία αντικαθίστανται από αστυνομικά τμήματα - Επαναφέρει μια διάταξη για κατάργηση αναδασώσεων, ενώ δίνει πράσινο φως σε Ανανεώσιμες Πηγές Ενέργειας μέσα σε δάση
https://t.co/1SfQ5DAjau"
1,0.9400744,Positive,,,,,,0.08036551,"RT @we_are_solomon: 🆕 #THREAD:

Η έρευνα των @unbiasthenews @RozanaFM που δημοσιεύει στα 🇬🇷 το Solomon διερευνά μια αόρατη αλλά σημαντική π…"
1,0.81239736,Positive,,,,,,0.20674987,Χατζηδάκης: Πιο επιτακτική η «πράσινη» ενέργεια εν μέσω κρίσης https://t.co/A5For7x2My
1,0.7020796,Positive,,,,,,0.24036078,Υπ. Εργασίας: 4 δράσεις για πράσινη ηλεκτρική ενέργεια https://t.co/4ToEZzDzqL
1,0.50223446,Positive,,,,,,0.27255198,"Στα πλαίσια της προσαρμογής του στην Ελλάδα ο Μπράντον Τόμας ξεκίνησε μαθήματα ελληνικών, προκειμένου να βελτιώσει την επικοινωνία του στο νέο του περιβάλλον.
https://t.co/upa3luaD0b"
0,0.35191104,Negative,,,,,,0.2217196,11-13 Νοεμβρίου 2022: Συνέδριο για τη «Βιώσιμη Ορεινή Ανάπτυξη» στα Καλάβρυτα https://t.co/znBebyapqL
1,0.5829269,Positive,,,,,,0.22710975,Μαρία Καμμά – Αλιφέρη (Δήμαρχος Τήλου): Απαιτούμε ανταποδοτικά οφέλη στους κατοίκους των νησιών που παράγουν πράσινη ενέργεια - https://t.co/VrEIBoA6T3 https://t.co/S3KnkGncGe
1,0.7895481,Positive,,,,,,0.14458814,RT @theFAQgr: (Αυτό ακριβώς) Μεγάλωσε με άλλα εφτά αδέλφια σε μια οικογένεια ακραίας στέρησης. Με έναν πατέρα που αντιμετωπίζει τους δικούς…
0,0.10960212,Negative,,,,,,0.18418366,"Πιθανώς, κάποιος δεν το πρόσεξε μέσα στην καθημερινή δίνη των γεγονότων, αλλά τις προάλλες υπήρξε ένα γεγονός που με έναν πολιορκητικό κριό γκρέμισε σε σκόνη, όπως φάνηκε, μια απαραβίαστη βάση της δυτικής κοινωνίας και πολιτικής.

https://t.co/pSMYIonCa5 https://t.co/CwhxJeVJ1a"
0,0.4415678,Negative,,,,,,0.2709766,"Κικίλιας: Αναβαθμίζουμε το brand της Σκύρου στο πλαίσιο της στρατηγικής μας για βιώσιμο τουρισμό - Ρεπορτάζ και ειδήσεις για την Οικονομία, τις Επιχειρήσεις, το Χρηματιστήριο, την Πολιτική #mononewsGR https://t.co/WXG8IjIool"
0,0.22621423,Negative,,,,,,0.26431653,Για την κρίση στην Ευρώπη ευθύνονται οι ακραίες κρατικές παρεμβάσεις στην ενέργεια.. και η ανόητη πράσινη ανάπτυξη https://t.co/uEbDM5NecV
0,0.20701563,Negative,,,,,,0.23093072,"Πράσινη ενέργεια, μηδενικοί ρύποι, οικολογία…. Με τέτοιες αερολογίες, τέτοιες ανοησίες η Ευρώπη σήμερα βρίσκεται σε ενεργειακό αδιέξοδο και οδηγεί εκατομμύρια ανθρώπους στην απόγνωση και στην καταστροφή… 
https://t.co/m3LgHTBIIf"
1,0.8535865,Positive,,,,,,0.15391703,Μαρία Καμμά – Αλιφέρη (Δήμαρχος Τήλου): Απαιτούμε ανταποδοτικά οφέλη στους κατοίκους των νησιών που παράγουν πράσινη ενέργεια https://t.co/aQ7oT5ENSx https://t.co/EUqKPH7269
1,0.55882365,Positive,,,,,,0.2792713,Νίκος Ανδρουλάκης (Πρόεδρος ΠΑΣΟΚ-ΚΙΝ.ΑΛ): «Η μετάβαση στην πράσινη ενέργεια δεν έπρεπε να γίνει με ένα ορυκτό καύσιμο» https://t.co/uZYgL7HxSt https://t.co/7zG1jsv3mR
0,0.3707038,Negative,,,,,,0.24842958,Η Ελευθερία Τζανακούλη στο Olympia Forum III για την Ανάκαμψη και Βιώσιμη Ανάπτυξη https://t.co/iXLLEBcecU
1,0.9246812,Positive,,,,,,0.15468718,Χ. Τριαντόπουλος: Τα έργα υποδομών θα είναι «διπλά» ανθεκτικά στην κλιματική κρίση https://t.co/CSaxv0dX2E
0,0.24445948,Negative,,,,,,0.15640658,"Λίπασμα με οινολάσπη αντί για χημικά λιπάσματα, με οφέλη για την κλιματική αλλαγή - https://t.co/XXvdVXNAfe https://t.co/iHrSICAQuc"
1,0.9483929,Positive,,,,,,0.11937517,".@CTriantopoulos: Τα έργα υποδομών θα είναι «διπλά» ανθεκτικά στην κλιματική κρίση

https://t.co/7zksAxBbAl

To @Olympia_Forum ΙΙΙ στο ΑΠΕ-ΜΠΕ (@amna_news)
🔗 https://t.co/igfLTCptO3

#OlympiaForum https://t.co/37lk7wJIXG"
0,0.27271426,Negative,,,,,,0.18773934,"Λίπασμα με οινολάσπη αντί για χημικά λιπάσματα, με οφέλη για την κλιματική αλλαγή

https://t.co/t4HsTEoHIq"
0,0.06491192,Negative,,,,,,0.08361004,Ο κλάδος της κρουαζιέρας αποδεικνύει τη δέσμευσή του για κρουαζιέρα με μηδενικό αποτύπωμα άνθρακα παγκοσμίως έως το 2050 https://t.co/6CWqp2ZOFM
1,0.90706545,Positive,,,,,,0.13202514,"Σεπόλια: Έρχονται στη δημοσιότητα σημαντικές πληροφορίες για το περιβάλλον που ζούσε το 12χρονο κορίτσι
#Σεπολια #παιδοβιαστής_Κολωνός 
https://t.co/jB21di6fjv"
1,0.78222567,Positive,,,,,,0.29297855,Διαχρονικά το νησί της Κρήτης εκπέμπει SOS με τους ειδικούς να κάνουν λόγο για ανάγκη επανεκτίμησης του πλημμυρικού κινδύνου ανά περιοχή με βάση τα νέα δεδομένα που φέρνει η κλιματική κρίση. https://t.co/ORSkEfI19U
1,0.7656112,Positive,,,,,,0.22957209,"Πρασινίζοντας την πόλη για την αντιμετώπιση της κλιματικής αλλαγής""- Η αστική χλωρίδα του Βόλου, άμυνα απέναντι στην κλιματική αλλαγή - LarissaPress https://t.co/VYJ9a886R4"
1,0.9577789,Positive,,,,,,0.074248716,Χρ. Τριαντόπουλος: Τα έργα υποδομών θα είναι «διπλά» ανθεκτικά στην κλιματική κρίση https://t.co/NVoCxBkSPH
1,0.9322507,Positive,,,,,,0.14750566,"Χρ. Τριαντόπουλος: Τα έργα υποδομών θα είναι «διπλά» ανθεκτικά στην κλιματική κρίση

https://t.co/fuCyu40x9S

https://t.co/fuCyu40x9S

To @Olympia_Forum ΙΙΙ στο ΑΠΕ-ΜΠΕ (@amna_news)
🔗 https://t.co/igfLTCGwQ3 https://t.co/Zg54YskvpM"
0,0.2443253,Negative,,,,,,0.1469081,Σεπόλια: Ο Μίχος «ψάρευε» παιδεραστές και από το οικογενειακό περιβάλλον της 12χρονης https://t.co/9m9tBULXqF
0,0.20633025,Negative,,,,,,0.17787933,Οι start ups ανοίγουν τον δρόμο για την κυκλική οικονομία https://t.co/rnzurfmBch #businessnewsgr
0,0.18799868,Negative,,,,,,0.13812557,Κολωνός: Ο Μίχος «ψάρευε» πελάτες και από το οικογενειακό περιβάλλον της 12χρονης - https://t.co/Mgc7yf1QwI
0,0.19773285,Negative,,,,,,0.12895755,Ο Μίχος «ψάρευε» βιαστές και από το οικογενειακό περιβάλλον της 12χρονης! https://t.co/0acrNAuMR3
0,0.17877993,Negative,,,,,,0.17563434,Κολωνός: Ο Μίχος «ψάρευε» βιαστές και από το οικογενειακό περιβάλλον της 12χρονης! Μυστήριο πότε άρχισε ο εφιάλτης της https://t.co/4xfQVwNfM3
0,0.096951306,Negative,,,,,,0.10334059,Tο Κολλέγιο Ιατρών του Κεμπέκ Καναδά προτείνει ευθανασία βρεφών...ΦΤΑΙΕΙ Η ΚΛΙΜΑΤΙΚΗ ΑΛΛΑΓΗ....ΒΛΑΔΙΜΗΡΑΚΟ ΣΕ ΠΑΡΑΚΑΛΩ..... ΠΑΤΑ ΤΟ ΤΟ ΓΑΜΗΜΕΝΟ!!!!
1,0.64960885,Positive,,,,,,0.3710781,"Κροάτης ευρωβουλευτής: Γιατί τόσο μεγάλη αύξηση στους αιφνίδιους θανάτους σε Ελλάδα, Ισπανία και Ισλανδία;
Ευθύνεται η κλιματική… «κρίση»; Ο ΕΒΡΑΙΟΣ ΚΤΗΝΙΑΤΡΟΣ ΑΣ ΔΩΣΕΙ ΤΗΝ ΑΠΑΝΤΗΣΗ...ΓΙΑΤΙ ΤΑ ΓΚΟΙΜ ΘΕΛΟΥΝ ΤΟΝ ΚΤΗΝΙΑΤΡΟ ΤΟΥΣ...."
0,0.2546761,Negative,,,,,,0.2920744,Για την κρίση στην Ευρώπη ευθύνονται οι ακραίες κρατικές παρεμβάσεις στην ενέργεια.. και η ανόητη πράσινη ανάπτυξη https://t.co/dnQIBPlBrz
0,0.24782129,Negative,,,,,,0.24440731,"Olympia Forum III: Βιώσιμη ανάπτυξη με λογική, καινοτομία και ταχύτητα https://t.co/WDmYKPKkzb #businessnewsgr"
0,0.22439913,Negative,,,,,,0.18735433,ΑΝΑΛΥΣΗ ΠΡΟΓΡΑΜΜΑΤΙΚΩΝ ΔΗΛΩΣΕΩΝ ΤΟΥ ΠΟΛΙΤΙΚΟΥ ΦΟΡΕΑ ΓΙΑ ΤΟ ΠΕΡΙΒΑΛΛΟΝ https://t.co/l6ZuJva5OD
1,0.81174505,Positive,,,,,,0.21696699,Βριλησσός: To νέο ετήσιο πρόγραμμα https://t.co/yy1yO7ft1D
0,0.4163197,Negative,,,,,,0.28070486,"διαΝΕΟσις: “Κυκλική οικονομία: Ευκαιρίες, προκλήσεις και επιδράσεις στην ελληνική οικονομία” https://t.co/n7HrBLVJsP #news #οικονομια ..."
0,0.4561851,Negative,,,,,,0.27621362,"διαΝΕΟσις: «Κυκλική οικονομία: Ευκαιρίες, προκλήσεις και επιδράσεις στην ελληνική #οικονομία»

https://t.co/fmPMmPtQdd"
1,0.6592299,Positive,,,,,,0.22504817,διαΝΕΟσις: Πόσο κυκλική είναι η ελληνική οικονομία https://t.co/PMbYMrzWSA
1,0.91626334,Positive,,,,,,0.11055493,Έρευνα διαΝΕΟσις: Πόσο κυκλική είναι η ελληνική οικονομία https://t.co/qF38sYle9e #businessnewsgr
1,0.6602742,Positive,,,,,,0.27878875,Έκλειψη ηλίου: Πότε θα γίνει και τι ώρα θα είναι ορατή στην κεντρική Ελλάδα https://t.co/GCDYsZnmoe
0,0.10970335,Negative,,,,,,0.17293228,"Για μικρά, έξυπνα και συμβατά με το περιβάλλον έργα έκανε λόγο σήμερα στην εκπομπή ""Ενημέρωση"" της ΕΡΤ ο καθηγητής Ευθύμης Λέκκας https://t.co/qm87XaEZLt"
0,0.45893952,Negative,,,,,,0.27461854,"διαΝΕΟσις: “Κυκλική οικονομία: Ευκαιρίες, προκλήσεις και επιδράσεις στην ελληνική οικονομία” https://t.co/0ZsxP18JAV #gntmgr #GiTisElias #Pagidevmenoi #kaneotikoimasai #Sasmos"
1,0.5153243,Positive,,,,,,0.28096163,"διαΝΕΟσις για κυκλική οικονομία: Ευκαιρίες, προκλήσεις και επιδράσεις στην ελληνική οικονομία https://t.co/p7RqIVIqAz"
1,0.92148376,Positive,,,,,,0.08167528,διαΝΕΟσις: Πόσο κυκλική είναι η ελληνική οικονομία- Τι χρειάζεται να αλλάξει https://t.co/0BCVqsL3bo
0,0.4785686,Negative,,,,,,0.29488683,"ΔιαΝΕΟσις: «Κυκλική οικονομία: Ευκαιρίες, προκλήσεις και επιδράσεις στην ελληνική οικονομία» https://t.co/nb7OYcc6nP"
1,0.700206,Positive,,,,,,0.2929969,διαΝΕΟσις: Κυκλική οικονομία – Ευκαιρίες και προκλήσεις στην οικονομία https://t.co/1bMZYeMigE
1,0.88092476,Positive,,,,,,0.1462522,Φάρμα Ρόδου: Δωρεάν είσοδος στις 30 Οκτωβρίου με Φεστιβάλ για το Περιβάλλον #Δημοκρατική #Ρόδος #Δωδεκάνησα https://t.co/mZTPkfnREt
0,0.035510153,Negative,,,,,,0.038252953,Ακτιβιστές πέταξαν πουρέ στον πίνακα «Θυμωνιές» του Μονέ για να στείλουν μήνυμα για την κλιματική αλλαγή https://t.co/eIOc2sYCyT
0,0.4434077,Negative,,,,,,0.287654,"«Κυκλική οικονομία»: Ευκαιρίες, προκλήσεις και επιδράσεις στην ελληνική οικονομία https://t.co/rT5DhYXYu1"
1,0.7792622,Positive,,,,,,0.22097129,Vodafone Business: Η αειφορία απαραίτητη στις επιχειρήσεις για την επιβιωσή τους https://t.co/pimOPm5cnP
1,0.93582314,Positive,,,,,,0.09634693,«Περπάτα για το μέλλον σου»: Μεγάλη πορεία για το περιβάλλον στις Βρυξέλλες https://t.co/LhHZb9iT8a
0,0.41797292,Negative,,,,,,0.18284453,"Κυπριακό, μεταναστευτικό, κλιματική αλλαγή, Λίβανος και Ουκρανικό στη συνάντηση Προέδρου-Πάπα https://t.co/GwR16y8SdU"
0,0.29148883,Negative,,,,,,0.24665594,Το bullying «βγαίνει» από το σχολικό περιβάλλον: Οι συνέπειες στην ενήλικη ζωή - https://t.co/o0sxVNi8Hh https://t.co/pFsgtudUGL
1,0.86855227,Positive,,,,,,0.18675701,«Ο Δήμος Κεντρικής Κέρκυρας συμμετέχει σε πρωτοβουλία για την αντιμετώπιση της κλιματικής αλλαγής-Εκδήλωση για την Κυκλική Οικονομία» -
0,0.41422984,Negative,,,,,,0.21423759,Μπορεί η ελληνική οικονομία να γίνει “κυκλική”; Τι χρειάζεται να αλλάξει και ποια θα ήταν τα οφέλη που θα προέκυπταν από αυτήν την αλλαγή; https://t.co/wsLKj6Xguz
0,0.4720617,Negative,,,,,,0.27253848,"#PraktoreioBusiness 
Κυκλική οικονομία: Ευκαιρίες, προκλήσεις και επιδράσεις στην ελληνική οικονομία

https://t.co/EGmpGZBQbM https://t.co/0IqjNv9MDF"
0,0.2695413,Negative,,,,,,0.20874302,Η κλιματική αλλαγή επηρεάζει τα πουλιά της Ευρώπης - https://t.co/au6c8HfNzk https://t.co/IeItdFxgLJ
0,0.21423209,Negative,,,,,,0.16107792,Runining out of Time: Έφτασε στην Ελλάδα η σκυταλοδρομία για την κλιματική αλλαγή - https://t.co/65hg2R3Hyy https://t.co/8Ib2z069qx
0,0.06968499,Negative,,,,,,0.08987259,"Kiyosaki: Μετοχές και ομόλογα είναι στον κλίβανο και καίγονται – Μη βιώσιμο το ράλι στο δολάριο, θα καταρρεύσει https://t.co/MGTJ69N58F"
1,0.5748376,Positive,,,,,,0.32442647,"«Η #38χρονη δεν φοβάται την Αστυνομία ούτε τη φυλακή, αλλά τις πράξεις αντεκδίκησης από το συγγενικό περιβάλλον του 36χρονου», λέει ο δικηγόρος της. #κρητη
https://t.co/LScOHw9Gw4"
1,0.8182912,Positive,,,,,,0.20125689,"Σκρέκας: «Επενδύουμε στη μετατροπή της Ελλάδας σε ενεργειακό κόμβο, επιταχύνοντας την πράσινη μετάβαση» - Ρεπορτάζ και ειδήσεις για την Οικονομία, τις Επιχειρήσεις, το Χρηματιστήριο, την Πολιτική #mononewsGR https://t.co/POHUY1K5hE"
0,0.04916063,Negative,,,,,,0.061647344,"Φόρτιση με «πράσινη» ενέργεια, βιβλιοθήκες φωτογραφιών και γυμναστική χωρίς ρολόι
#alphanewslive 
https://t.co/GUqFuorl1u"
0,0.03748774,Negative,,,,,,0.05358847,"Kiyosaki: Μετοχές και ομόλογα είναι στον κλίβανο και καίγονται – Μη βιώσιμο το ράλι στο δολάριο, θα καταρρεύσει https://t.co/cDRcvW7oFu"
0,0.039288536,Negative,,,,,,0.053267505,"Kiyosaki: Μετοχές και ομόλογα είναι στον κλίβανο και καίγονται – Μη βιώσιμο το ράλι στο δολάριο, θα καταρρεύσει https://t.co/2U1AJADIRt"
0,0.0904608,Negative,,,,,,0.1091682,Υelen (ΥΠΟΙΚ ΗΠΑ): «Επικίνδυνο και ασταθές» το μακροοικονομικό περιβάλλον https://t.co/yscLe1mvND
0,0.23832516,Negative,,,,,,0.14819735,"Μαθητικός διαγωνισμός για την κλιματική αλλαγή από την Ύπατη Αρμοστεία του ΟΗΕ για τους Πρόσφυγες
#ΜΑΘΗΤΙΚΟΣ_ΔΙΑΓΩΝΙΣΜΟΣ #ΟΗΕ #ΠΡΟΣΦΥΓΕΣ #UNHER https://t.co/PqQW6Enh7e"
0,0.21202478,Negative,,,,,,0.16354503,ΠΡΟΓΡΑΜΜΑΤΙΣΜΕΝΗ ΚΑΤΑΣΤΡΟΦΗ ΣΤΟ ΠΕΡΙΒΑΛΛΟΝ https://t.co/7mujsajFIp
1,0.94694275,Positive,,,,,,0.11272229,Δείτε ζωντανά «Βιώσιμη Παραγωγή Τροφίμων και Χρηματοδοτικά Εργαλεία» - Πελοποννησιακό Πρακτορείο Ειδήσεων https://t.co/lX0ecmUsg8
1,0.9272789,Positive,,,,,,0.14208134,διαΝΕΟσις – Νέα Έρευνα: Μια κυκλική οικονομία για την Ελλάδα https://t.co/nA8U5HClyF
0,0.18905681,Negative,,,,,,0.13278563,ΧΑΡΑΛΑΜΠΟΣ ΧΑΡΙΤΟΠΟΥΛΟΣ: ΑΝΑΛΥΣΗ ΠΡΟΓΡΑΜΜΑΤΙΚΩΝ ΔΗΛΩΣΕΩΝ ΤΟΥ ΠΟΛΙΤΙΚΟΥ ΦΟΡΕΑ ΓΙΑ ΤΟ ΠΕΡΙΒΑΛΛΟΝ https://t.co/qgdYazxP0U
0,0.41007966,Negative,,,,,,0.18927595,"Μαθητικός διαγωνισμός για την κλιματική αλλαγή από την @UNHCRGreece

https://t.co/lt8SusFLFR 

#climatechange"
1,0.87960976,Positive,,,,,,0.15063581,"Κρ. Αρσένης: Απειλή για την παγκόσμια παραγωγή τροφής η κλιματική κρίση – Διέξοδος η φυτική διατροφή, χωρίς σχέδιο η κυβέρνηση https://t.co/vtIh5TBGM4"
0,0.1956706,Negative,,,,,,0.20771216,"Μια νέα μελέτη που πραγματοποίησαν ερευνητές στο Πανεπιστήμιο Penn State στις #ΗΠΑ, διαπίστωσε ότι οι ηλεκτρικές εκκενώσεις που εκπέμπουν τα δέντρα και τα φυτά από τις άκρες των φύλλων τους κατά τη διάρκεια καταιγίδων
#Περιβαλλον

https://t.co/xFMedGecgJ"
0,0.049623612,Negative,,,,,,0.087016664,"Ο “μούφα” πύραυλος, ο πάμπλουτος Ινδός μετανάστης, η βιώσιμη ψήφος των προσεχών εκλογών και το ανέκδοτο του Αλέξη Τσίπρα https://t.co/rU4xGBwo9j"
0,0.08441205,Negative,,,,,,0.07849708,"Διεθνές Συνέδριο για την «Βιώσιμη Γαλάζια Οικονομία» από την Περιφέρεια Κρήτης, τη Διάσκεψη των Παράκτιων Περιφερειών, την Ευρωπαϊκή Επιτροπή και τις Γενικές Διευθύνσεις για τη Θαλάσσια Πολιτική - Αλιεία και Περιφερειακή Ανάπτυξη https://t.co/5i5Yak0t4V"
1,0.70546174,Positive,,,,,,0.2662802,"♾ Κυκλική Οικονομία &amp; Ελληνική Πραγματικότητα

Ποσοστό υλικών πόρων που χρησιμοποιούνταν το 2020 &amp; προέρχονταν από ανακυκλωμένα απόβλητα

🇬🇷 Ελλάδα 5,4%
🇪🇺 ΕΕ 2,8%
🇮🇹 Ιταλία 21,6%
🇳🇱 Ολλανδία 30,9%

#Γράφημα ΑΠΕ-ΜΠΕ - Έρευνα @dianeosis https://t.co/ReEercYVNs

#CircularEconomy https://t.co/QdxkBjY0nj"
0,0.44746113,Negative,,,,,,0.24208882,Σαρρηγεωργίου: Συντονισμός κράτους-ασφαλιστικών για την κλιματική αλλαγή https://t.co/VQjJOmjawV
0,0.44599316,Negative,,,,,,0.2614538,"Κυκλική οικονομία: Ευκαιρίες, προκλήσεις και επιδράσεις στην ελληνική οικονομία https://t.co/NrUL3PrDVi"
1,0.74444777,Positive,,,,,,0.19204701,Ανοίγουν μετά τις εκλογές εκ νέου οι συμπράξεις Ασφαλιστικών – Κράτους απέναντι στην κλιματική αλλαγή https://t.co/MMX9F6ftsa
0,0.04840505,Negative,,,,,,0.07552813,ΕΕ: «Ο πόλεμος δεν θα εκτροχιάσει το πλάνο για το περιβάλλον» #EuropeNews https://t.co/NIptj1U6lO
0,0.3421254,Negative,,,,,,0.21640922,Running Out of Time: Ενάντια στην κλιματική αλλαγή τρέχουν ως τη Νίκαια Λάρισας https://t.co/d5TRUgInkM
0,0.438905,Negative,,,,,,0.2615119,"Παναγιωτόπουλος (Bayer): Η κλιματική αλλαγή μας αγγίζει όλους και η γεωργία μπορεί να είναι μέρος της λύσης (ΗΧΗΤΙΚΟ) - https://t.co/eiOPQNT0y0 https://t.co/iiX4bY0Zlt 
#Bayer #Βαμβάκι #Καλαμπόκι #Καλλιέργεια"
0,0.4808974,Negative,,,,,,0.2684444,"""Σώστε τον πλανήτη, δεν έχουμε άλλο σπίτι"" - Διαδήλωση παιδιών για το περιβάλλον στο κέντρο της Λάρισας https://t.co/WEluTaBbg7"
1,0.86146003,Positive,,,,,,0.12389453,RT @LykavitosGr: Σ. Παπαλάμπρου (ABO WIND): Η επέκταση των ΑΠΕ και η υποκατάσταση των ορυκτών καυσίμων είναι η μόνη βιώσιμη λύση για τη συγ…
1,0.8545919,Positive,,,,,,0.12066075,RT @LykavitosGr: Σ. Παπαλάμπρου (ABO WIND): Η επέκταση των ΑΠΕ και η υποκατάσταση των ορυκτών καυσίμων είναι η μόνη βιώσιμη λύση για τη συγ…
1,0.90594375,Positive,,,,,,0.11846089,Παπαλάμπρου (ABO WIND):  Η επέκταση των ΑΠΕ και η υποκατάσταση των ορυκτών καυσίμων είναι η μόνη βιώσιμη λύση για τη συγκράτηση του ενεργειακού κόστους - https://t.co/cyi5rYg96T https://t.co/hzKtzNtJXv
0,0.27049315,Negative,,,,,,0.14792101,ΙΛΛΥΡΙΑ WEB TV | ΠΕΡΙΒΑΛΛΟΝ - ΠΟΛΙΤΙΣΜΟΣ | ΕΙΡΗΝΗ ΚΑΝΕΛΛΟΥ https://t.co/NYn6kh37Rt
0,0.30425778,Negative,,,,,,0.25137556,ΕΑΕΕ: Ο τριπλός ρόλος του ασφαλιστικού κλάδου στη βιώσιμη ανάπτυξη https://t.co/QEzignGusn
0,0.09439716,Negative,,,,,,0.0983028,Σπουδαία βοήθεια από την Nasa στην κλιματική αλλαγή – Εντοπίζει πλέον «υπερ-εκπομπές» μεθανίου στη Γη από το διάστημα https://t.co/LqyYmNqTLa
0,0.4066876,Negative,,,,,,0.25767022,Κλιματική αλλαγή και εξάρτηση από ορυκτά βλάπτουν σοβαρά την υγεία https://t.co/5lMWgFioJ5
0,0.47269794,Negative,,,,,,0.2459109,Κλιματική αλλαγή και εξάρτηση από ορυκτά βλάπτουν σοβαρά την υγεία - https://t.co/eIcM4gJlu4 https://t.co/KmSEETtE6g
1,0.5628021,Positive,,,,,,0.25911438,"διαΝΕΟσις: Κυκλική οικονομία: Ευκαιρίες, προκλήσεις και επιδράσεις στην ελληνική οικονομία https://t.co/xlx53GZFau"
0,0.21717267,Negative,,,,,,0.30264217,"""Η κλιματική κρίση μας σκοτώνει""

Διεθνείς ιατρικοί εμπειρογνώμονες καταγγέλλουν την υπερβολικά μεγάλη εξάρτηση από τα ορυκτά καύσιμα

Oι θάνατοι που συνδέονται με την ζέστη αυξήθηκαν +68% σε δύο δεκαετίες

https://t.co/BsNK1cGT9k 

#κλίμα #ClimateCrisis #FossilFuels #COP27 https://t.co/sRTjGp2siw"
1,0.9100609,Positive,,,,,,0.17037097,"Η PwC Ελλάδας με στόχο τη συνεχή ενδυνάμωση της σχέσης μεταξύ επιχειρηματικής και ακαδημαϊκής κοινότητας και την προώθηση της επιχειρηματικότητας στο ακαδημαϊκό περιβάλλον, ανακοινώνει την υπογραφή μνημονίου συνεργασίας με το Οικονομικό Πανεπιστήμιο Αθηνώ"
1,0.8110788,Positive,,,,,,0.22438063,The Lancet: «Ο εθισμός στα ορυκτά καύσιμα και η κλιματική αλλαγή υποσκάπτουν την παγκόσμια υγεία» https://t.co/Bwoy1vObUK
1,0.5218802,Positive,,,,,,0.2806293,Τα προβλήματα υγείας που προκαλεί η κλιματική αλλαγή και η εξάρτηση από τα ορυκτά καύσιμα - https://t.co/6t5Eao90IO https://t.co/NhFZH5S2VO
1,0.788227,Positive,,,,,,0.23191251,"Ο εθισμός στα ορυκτά καύσιμα και η κλιματική αλλαγή υποσκάπτουν την παγκόσμια υγεία,
https://t.co/UpD93DWFh9,"
1,0.812422,Positive,,,,,,0.15086256,"Ο εθισμός στα ορυκτά καύσιμα και η κλιματική αλλαγή υποσκάπτουν την παγκόσμια υγεία, προειδοποιούν οι επιστήμονες

https://t.co/cGfSLQbE1z https://t.co/AneeNPXa1g"
1,0.5096694,Positive,,,,,,0.27203867,⭕ Οι επιστήμονες ελπίζουν η λειτουργία αυτή να επιτρέψει την ανάληψη δράσης προκειμένου να περιοριστούν οι εκπομπές αυτού του αερίου που συμβάλλει σε μεγάλο βαθμό στην κλιματική αλλαγή. https://t.co/AkwOSgrdZ0
1,0.55792403,Positive,,,,,,0.2291268,Η Έλενα Κουντουρά ομιλήτρια στο Mediterranean MobilityForum στην Αθήνα για τη βιώσιμη αστική κινητικότητα https://t.co/zbvA7rgeAJ #elenakoyntoyra
1,0.50082207,Positive,,,,,,0.2802964,RT @LykavitosGr: Εθνική Τράπεζα: Ο ελληνικός τουρισμός έχει βάλει πλώρη να ξεπεράσει το 2019 κερδίζοντας μερίδια σε ένα περιβάλλον προκλήσε…
0,0.48387143,Negative,,,,,,0.25725722,RT @LykavitosGr: Εθνική Τράπεζα: Ο ελληνικός τουρισμός έχει βάλει πλώρη να ξεπεράσει το 2019 κερδίζοντας μερίδια σε ένα περιβάλλον προκλήσε…
1,0.8558714,Positive,,,,,,0.14229283,Πιο σοβαρά αντιμετωπίζουν οι κορυφαίες εταιρείες την κλιματική αλλαγή https://t.co/kKkuY7F3bL
0,0.089528255,Negative,,,,,,0.1252442,"""Η κλιματική κρίση μας σκοτώνει"", σύμφωνα με διεθνείς ιατρικούς εμπειρογνώμονες, οι οποίοι καταγγέλλουν σήμερα την υπερβολικά μεγάλη εξάρτηση σε όλον τον κόσμο από τα ορυκτά καύσιμα, αιτία της κλιματικής αλλαγής, η οποία έχει επιζήμιες επιπτώσεις στην… https://t.co/jlaAecofN6"
1,0.85794365,Positive,,,,,,0.117785044,"RT @marilitismos: Ο Νικηφόρος στην (2η μετά την γέννα) πιο ευτυχισμένη μέρα της ζωής της μητέρας του 🥹

Τώρα πια και επίσημα μαζί, όπως του…"
1,0.5125946,Positive,,,,,,0.22920424,RT @LykavitosGr: Βιώσιμη Ανάπτυξη και ESG στο επίκεντρο των αξιών της ΕΥΔΑΠ  #ΕΥΔΑΠ https://t.co/n1QChf8m2l
0,0.41730744,Negative,,,,,,0.23837784,RT @LykavitosGr: Βιώσιμη Ανάπτυξη και ESG στο επίκεντρο των αξιών της ΕΥΔΑΠ  #ΕΥΔΑΠ https://t.co/n1QChf8m2l
0,0.2676982,Negative,,,,,,0.21274097,Φον ντερ Λάιεν: Έτοιμη η ΕΕ για συνεργασία με Βρετανία για ουκρανικό και κλιματική αλλαγή - https://t.co/IZwaGSOHpm https://t.co/8Kpbnk0a2O
1,0.62268394,Positive,,,,,,0.25442064,Το Επενδυτικό Σχέδιο του δήμου Θέρμης για την “Ολοκληρωμένη ενεργειακή μετάβαση προς την κλιματική ουδετερότητα» https://t.co/SvQQC4diQD #ΔΤ #ΕΚΔΗΛΩΣΕΙΣ #ΘΕΡΜΗ #ΠΕΡΙΒΑΛΛΟΝ https://t.co/VTgJsNpPLl
0,0.048705667,Negative,,,,,,0.0876938,"Μάσκες: Σώζουν από την Covid, καταστρέφουν το περιβάλλον | Ειδήσεις – νέα – Το Βήμα Online https://t.co/CsrTM39v26"
0,0.29789716,Negative,,,,,,0.15161309,ΛΗΞΟΥΡΙ – Ionian Aquarium : Εκδήλωση για το περιβάλλον https://t.co/HTHans73PT
0,0.22698212,Negative,,,,,,0.22146448,Φον Ντερ Λάιεν: Η ΕΕ αδημονεί να συνεργαστεί με την κυβέρνηση της Βρετανίας για Ουκρανία-κλιματική κρίση - https://t.co/eiOPQNSsIs https://t.co/koEzANgC5d
0,0.4177989,Negative,,,,,,0.23795156,Κλιματική κρίση: Τον «κώδωνα» του κινδύνου κρούουν τα Ηνωμένα Έθνη https://t.co/HC3uxsECm0
0,0.4979972,Negative,,,,,,0.29391572,"ΕΕ: Αυστηρότερα μέτρα για το περιβάλλον - Στόχος η μηδενική ρύπανση ως το 2050 #europeanunion #environment #pollution 
https://t.co/pd2sgIb2Qf"
0,0.15965205,Negative,,,,,,0.17842601,"Φον ντερ Λάιεν: Η #ΕΕ αδημονεί να συνεργαστεί με τη νέα κυβέρνηση της Βρετανίας για τον πόλεμο στην #Ουκρανία και την κλιματική κρίση

https://t.co/p1oFROCgrt https://t.co/YPlkRNloJi"
0,0.16335168,Negative,,,,,,0.16764317,Φον ντερ Λάιεν: Η ΕΕ αδημονεί να συνεργαστεί με τη νέα κυβέρνηση της Βρετανίας για τον πόλεμο στην Ουκρανία και την κλιματική κρίση https://t.co/z004r7SJbW
0,0.1648554,Negative,,,,,,0.16102655,Η κλιματική αλλαγή απειλεί ένα δισεκατομμύριο παιδιά https://t.co/10jem18And
1,0.5606501,Positive,,,,,,0.2589915,IEA: Αξιολόγησε τη βιωσιμότητα του Power of Siberia 2 στη Ρωσία - Οι Κινέζοι ποντάρουν στις ανανεώσιμες πηγές ενέργειας https://t.co/otG4gH4SKV
1,0.81003207,Positive,,,,,,0.20364097,"Έρευνα για την κλιματική αλλαγή - Θέλουν τη φορολόγηση των SUV οι Κύπριοι

https://t.co/ulf2Dsl4of"
0,0.24997927,Negative,,,,,,0.22661212,Την πρωτοβουλία της Κύπρου για κλιματική αλλαγή θα παρουσιάσει ο Πρόεδρος στη Σύνοδο COP-27 της Αιγύπτου #Cyprus #cop27egypt @AnastasiadesCY  https://t.co/sG9kKuDq4Y
0,0.2860877,Negative,,,,,,0.23733588,"«Η κλιματική κρίση μας σκοτώνει»,
https://t.co/s9gLgVX7xT,"
1,0.6762933,Positive,,,,,,0.20557138,"Είναι το συνθετικό κρέας μια βιώσιμη εναλλακτική λύση;,
https://t.co/yqzIxsq3PQ,"
1,0.5454388,Positive,,,,,,0.2939435,Eurostat: Η Ελλάδα πλήρωσε περισσότερο από όλες τις χώρες της ΕΕ την κλιματική αλλαγή το 2020 - https://t.co/6Tev0LlYcY https://t.co/RNnWwz2CZm
1,0.67573076,Positive,,,,,,0.23598062,"Politico: Γιατί οι πόλεις δεν φυτεύουν δέντρα για να καταπολεμήσουν την κλιματική κρίση

https://t.co/AV42lrIjCc"
0,0.21027341,Negative,,,,,,0.19255027,Περιβάλλον: Η κλιματική αλλαγή επιδρά στη βιοποικιλότητα με καθοριστικό τρόπο - https://t.co/ialz1B9H8Y https://t.co/8wLKS4Y6QI
1,0.50033873,Positive,,,,,,0.2746145,ΡΟΔΗ ΚΡΑΤΣΑ – Εμβληματικές περιοχές της Κέρκυρας κινδυνεύουν από την κλιματική αλλαγή https://t.co/MV6PZHv2KI
1,0.8280101,Positive,,,,,,0.17695855,Η μόνη βιώσιμη λύση «μια κοινά αποδεκτή λύση που να εφαρμόζεται ιδία βουλήσει» λέει ο Κόλιν Στιούαρτ https://t.co/Y86qQG4tqp
0,0.2100273,Negative,,,,,,0.22061624,Η Γερμανία διαλύει ένα αιολικό πάρκο για να ανοίξει το δρόμο για ένα ανθρακωρυχείο! Τι έγινε; Που πήγε η κλιματική αλλαγή; Να κερδίσει η Ουκρανία και ας καίμε και κάρβουνο; Ε και την κλιματική αλλαγή θα την θυμηθούμε ξανά μετά; Τι φάση; Πόσο δούλεμα τρώμε επιτέλους; https://t.co/RfggBSV5sv
0,0.0744774,Negative,,,,,,0.0926977,"Λίγο να έχει η σειρά μια επαφή με το περιβάλλον. Σε ποιο ουράνιο και ποιο τόξο , ένα μαγαζί θα αγόραζε ένα απλό  φορμάκι 50€ ? #gitiselias"
0,0.118316926,Negative,,,,,,0.14188513,Bέλγιο: Mειώστε το χρόνο που κάνετε ντους για να εξοικονομήσετε ενέργεια – Το μήνυμα που στέλνει ίδρυμα για το περιβάλλον https://t.co/tysBsdwkSw
1,0.66979605,Positive,,,,,,0.2702073,Bέλγιο: «Μειώστε τη διάρκεια του ντους» για εξοικονόμηση ενέργειας προτρέπει ίδρυμα για το περιβάλλον--https://t.co/WSstyAXEjf
0,0.14719436,Negative,,,,,,0.11273545,Η κλιματική αλλαγή επιδρά στη βιοποικιλότητα με καθοριστικό τρόπο – Ποιες οι επιπτώσεις στην Ελλάδα https://t.co/mzrEglvVTw
0,0.05297457,Negative,,,,,,0.07763717,"Οι Έλληνες «Πρεσβευτές για το #Κλίμα» της Ευρωπαϊκής Επιτροπής αναλαμβάνουν δράση

https://t.co/eoMIcE2r3k 

#ClimateAction https://t.co/8ntxNzvN8M"
0,0.46125126,Negative,,,,,,0.23702134,"Βέλγιο: Ίδρυμα για το περιβάλλον καλεί τους πολίτες να μειώσουν τον χρόνο του ντους για εξοικονόμηση ενέργειας - Ρεπορτάζ και ειδήσεις για την Οικονομία, τις Επιχειρήσεις, το Χρηματιστήριο, την Πολιτική #mononewsGR https://t.co/QC8LbRq4J7"
0,0.14662756,Negative,,,,,,0.122663185,Bέλγιο: Ίδρυμα για το περιβάλλον καλεί να... μειώσουμε τη διάρκεια του ντους για εξοικονόμηση ενέργειας https://t.co/xbWQ5stC9x
0,0.05883253,Negative,,,,,,0.092054434,"Mειώστε το χρόνο που κάνετε ντους για να εξοικονομήσετε #ενέργεια, καλεί τους Βέλγους το ίδρυμα για το περιβάλλον @milieucentraal

Σήμερα περνούν κατά μ.ο. 9 λεπτά στο 🚿 &amp; καλούνται να τα μειώσουν σε 5 λεπτά

https://t.co/aa7yX8kjha

#EnergyCrisis #Βέλγιο"
1,0.66985273,Positive,,,,,,0.20740505,"Οι γυναίκες στο οικογενειακό του περιβάλλον παραδέχτηκε πως έπαιξαν καθοριστικό ρόλο στη ζωή του

#znews #Δαδακαριδης #xamogelakaipali https://t.co/TvPSbYu5PU"
0,0.3507423,Negative,,,,,,0.14279073,"Μ. Βραχνάκης: Η κλιματική αλλαγή επιδρά στη βιοποικιλότητα με καθοριστικό τρόπο - Ποιες οι επιπτώσεις στην Ελλάδα

https://t.co/jnF7YHbqUi 

#κλίμα #ClimateChange #ClimateCrisis"
0,0.07009124,Negative,,,,,,0.09474562,Πρωτιά για την ομάδα του iGEM Thessaly 2022 σε διεθνή διαγωνισμό με θέμα το περιβάλλον https://t.co/K3tKce4cej
0,0.3055763,Negative,,,,,,0.18239513,Νάξος - Σύλλογος Μηχανικών Νάξου: Ζητούμενο ένα βιώσιμο μοντέλο τουριστικής ανάπτυξης https://t.co/gTmYWKpCoo https://t.co/lIovlbWA6x
0,0.39944267,Negative,,,,,,0.18676065,Νάξος - Σύλλογος Μηχανικών Νάξου: Ζητούμενο ένα βιώσιμο μοντέλο τουριστικής ανάπτυξης https://t.co/pY3UW2ugeh
0,0.31366268,Negative,,,,,,0.24013497,Bέλγιο: Για μείωση της διάρκειας του ντους με στόχο την εξοικονόμηση ενέργειας καλεί ίδρυμα για το περιβάλλον https://t.co/xRmlm7TCxv
0,0.2421943,Negative,,,,,,0.20013896,Επιχειρηματικό περιβάλλον: Άλμα 16 θέσεων για την Ελλάδα https://t.co/mUoYjSNont #businessnewsgr
0,0.09979809,Negative,,,,,,0.090586245,Μητσοτάκης: Άνοδος 16 θέσεων για την Ελλάδα στο επιχειρηματικό περιβάλλον – «Αναγνωρίζεται η προσπάθειά μας» ... https://t.co/uLTBYdQkgi
0,0.22493784,Negative,,,,,,0.1536355,Ινστιτούτο ΕΝΑ: Ο ελληνικός τουρισμός απέναντι στην κλιματική αλλαγή https://t.co/wLwXWK7tA3
0,0.47998166,Negative,,,,,,0.20661792,Κ. Μητσοτάκης: Άνοδος 16 θέσεων για την Ελλάδα στο επιχειρηματικό περιβάλλον https://t.co/80UR2iPg0i
0,0.46224707,Negative,,,,,,0.21876733,"Μητσοτάκης: «Άνοδος 16 θέσεων για την Ελλάδα στο επιχειρηματικό περιβάλλον» - Ρεπορτάζ και ειδήσεις για την Οικονομία, τις Επιχειρήσεις, το Χρηματιστήριο, την Πολιτική #mononewsGR https://t.co/vbDjst4Gr1"
0,0.24910183,Negative,,,,,,0.20341288,Πώς θα ακολουθήσουμε μία περισσότερο βιώσιμη διατροφή; https://t.co/kI2CLA5XJx
0,0.17634167,Negative,,,,,,0.19931044,Ινστιτούτο ΕΝΑ: Ο ελληνικός τουρισμός απέναντι στην κλιματική αλλαγή - Κίνδυνοι και προκλήσεις - https://t.co/uwpuqNxVMO https://t.co/pn6BVrKv5r
0,0.30312175,Negative,,,,,,0.23576584,Η κλιματική κρίση επηρεάζει τους διατροφικούς θησαυρούς της Ευρώπης https://t.co/Z56mO4ELlR
1,0.6940365,Positive,,,,,,0.29381174,ABB: Καινοτόμες λύσεις για την κλιματική κρίση μέσω του CRETON https://t.co/DmW7PcQ1mT #businessnewsgr
1,0.65070754,Positive,,,,,,0.3051775,"Bέλγιο: Μειώστε τη διάρκεια του ντους για εξοικονόμηση ενέργειας, λέει ίδρυμα για το περιβάλλον https://t.co/v5UOdtwWUu"
0,0.35220432,Negative,,,,,,0.1895773,Στην Κύπρο η σκυταλοδρομία για την κλιματική αλλαγή https://t.co/MqxaF5ou9K
1,0.58166695,Positive,,,,,,0.26174992,ABB-C.R.E.T.O.N.: Καινοτόμες λύσεις για την κλιματική κρίση https://t.co/ing2e3ZNRc
1,0.9108887,Positive,,,,,,0.09941042,δορυφόρος: Το μέλλον στις ταχυμεταφορές είναι βιώσιμο https://t.co/JvgZVJFsHb
0,0.2837967,Negative,,,,,,0.22793585,"#Infographic: «Άλμα» 16 θέσεων στο #επιχειρηματικό_περιβάλλον
https://t.co/0ebf8GBeyJ"
0,0.41560513,Negative,,,,,,0.26077148,"RT @Wyrlpx99hhKzSky: ""Αν θα μου δοθεί η δυνατότητα να μείνω εδώ στο υπόλοιπο της καριέρας μου θα υπέγραφα αυτή τη στιγμή. Είναι τέτοιο το ε…"
1,0.75113004,Positive,,,,,,0.2433045,BNEF: Ανανεώσιμες πηγές ενέργειας και χρηματοδότηση για το κλίμα χαμένο στοίχημα οι επενδύσεις https://t.co/JbfYlLiAlz
0,0.13434331,Negative,,,,,,0.15425567,Όταν η Βρετανία αναδύθηκε από τους πάγους και έγινε νησί https://t.co/3epXAvRvLh #ΑΡΘΡΑ #ΒΡΕΤΑΝΙΑ #ΠΑΓΕΤΩΝΕΣ #ΠΕΡΙΒΑΛΛΟΝ By https://t.co/p9zfHynwcm
1,0.63930386,Positive,,,,,,0.23431982,Όσα ειπώθηκαν στο 24ο diaNEOsis Live για την Κυκλική Οικονομία στην Ελλάδα - https://t.co/mnaqXFtqr3 https://t.co/wRnuwOvdUV
1,0.6225591,Positive,,,,,,0.20368546,Ανοχύρωτο μεγάλο μέρος του νομού Ρεθύμνου έναντι στην κλιματική αλλαγή https://t.co/EeLfRxzX2J
1,0.66004866,Positive,,,,,,0.25844416,Εκδήλωση-συζήτηση με θέμα: “Φαινόμενα σεξουαλικών διαστροφών και κοινωνικό οικονομικό περιβάλλον”. https://t.co/dy5Z6hmBQQ
1,0.64711523,Positive,,,,,,0.32675526,"Κάλεσμα για την οργάνωση και συμμετοχή στην κοινή δράση με θέμα «Υπαίθρια Εκπαίδευση και Δράση για το Κλίμα» την Πέμπτη 3 Νοεμβρίου 2022, απευθύνει σε εκπαιδευτικούς και σχολεία το Κέντρο Εκπαίδευσης για το Περιβάλλον και την Αειφορία (ΚΕΠΕΑ) Βάμου. https://t.co/lqZ29saWCT"
1,0.5619838,Positive,,,,,,0.3235442,"⏩Μαρτυρίες αρμοδίων, θεσμικών παραγόντων και μαθητών στην κάμερα της «Σημερινής» 
⏩Ανάμιξη ανηλίκων στο ηλεκτρονικό έγκλημα 
⏩Η ανάγκη για ένα ασφαλές και ειρηνικό σχολικό περιβάλλον
👉Δείτε στη «Σημερινή» / 🖋της Μαρίας Δημοσθένους

https://t.co/hffnoFllHp"
1,0.6750597,Positive,,,,,,0.24144474,"Εκδήλωση-συζήτηση με θέμα: ""Φαινόμενα σεξουαλικών διαστροφών και κοινωνικό οικονομικό περιβάλλον"" - https://t.co/q26qE4qgxV"
1,0.8178789,Positive,,,,,,0.17191863,Οι επιστήμονες προειδοποιούν: Ο εθισμός στα ορυκτά καύσιμα και η κλιματική αλλαγή υποσκάπτουν την παγκόσμια υγεία https://t.co/RfWai1KRfR
0,0.18059078,Negative,,,,,,0.19565688,ΦΤΑΙΕΙ Η ΚΛΙΜΑΤΙΚΗ ΑΛΛΑΓΗ ...ΛΕΕΙ ΤΟ ΕΒΡΑΙΟΠΟΥΛΟ ΟΤΙ ΤΗΣ ΕΚΛΕΨΑΝ ΤΑ ΟΝΕΙΡΑ....ΜΠΟΥΚΩΜΕΝΗ https://t.co/UOjWZqwaSQ
1,0.6630192,Positive,,,,,,0.3404947,"Το βασιλικό ζεύγος με τον Δήμαρχο Ζέρβα «έσωζαν το περιβάλλον» ποδηλατώντας για μερικά μέτρα μπροστά στις κάμερες, την ίδια στιγμή που πίσω τους, 15 αμάξια μεγάλου κυβισμού έκαιγαν καύσιμα για να τους προστατεύουν. 

✏️Γράφει ο Χρήστος Αβραμίδης https://t.co/yn8vUYLfNl"
1,0.603792,Positive,,,,,,0.24077323,Η κλιματική αλλαγή «τρίζει τα δόντια της» στην Ευρώπη https://t.co/IA0Cnom8oN
1,0.96484476,Positive,,,,,,0.08527984,Χαιρετισμός του Υφυπουργού Εσωτερικών (Μακεδονίας - Θράκης) κ. Σταύρου Καλαφάτη στην έναρξη της Ολλανδο-Ελληνικής Οικονομικής Διάσκεψης για τη βιώσιμη αγροτική ανάπτυξη με θέμα: «Καλλιεργώντας το μέλλον» https://t.co/YFION4i9dE https://t.co/QUSYOYCQUZ
1,0.5811515,Positive,,,,,,0.32828954,διαΝΕΟσις: Όσα ειπώθηκαν στη διαδικτυακή συζήτηση για την κυκλική οικονομία στην Ελλάδα https://t.co/XMrUeeFs3b #businessnewsgr
1,0.61321497,Positive,,,,,,0.25103858,Όσα ειπώθηκαν στο 24ο diaNEOsis Live για την Κυκλική Οικονομία στην Ελλάδα https://t.co/NSV1eeCT7R
0,0.46095797,Negative,,,,,,0.32439488,«Καμπανάκι» για την κλιματική αλλαγή: Το ένα τρίτο των παγετώνων παγκόσμιας κληρονομιάς της Unesco θα εξαφανιστεί ως το 2050 https://t.co/6geftNVz8M
0,0.34800875,Negative,,,,,,0.22386134,Υπ. Αγροτικής Ανάπτυξης: Προσωρινός πίνακας αποτελεσμάτων αιτήσεων στήριξης για γεωργία και κλιματική αλλαγή ... https://t.co/aFVuZ7gPQM
1,0.7433049,Positive,,,,,,0.14231096,Uber: Απόλυτα μη βιώσιμο το μοντέλο της εταιρείας https://t.co/mnA8wFyVNU #businessnewsgr
0,0.46421352,Negative,,,,,,0.28011218,PwC Net Zero Economy Index: Ανάγκη για υπερεντατικοποίηση του ρυθμού μείωσης των εκπομπών διοξειδίου του άνθρακα - https://t.co/eiOPQNSsIs https://t.co/MuQ0SD6Gmi #περιβάλλον #διοξείδιο_άνθρακα #έρευνα #PwC
1,0.76179403,Positive,,,,,,0.26754498,Διεθνής Οργανισμός Ενέργειας: Η ρωσική εισβολή στην Ουκρανία  να οδηγήσει ταχύτερα στην «πράσινη ενέργεια» https://t.co/5Sq8wRLsot
1,0.58978915,Positive,,,,,,0.28715938,Ομιλία στο 4ο Γυμνασίου Ν. Ιωνίας: «Θάλασσα και κλιματική αλλαγή» https://t.co/dDTerym4w1
0,0.09772923,Negative,,,,,,0.11320794,Ασφαλίζοντας το υβριδικό εργασιακό περιβάλλον: 4 βασικές αρχές για να προστατέψετε την επιχείρησή σας https://t.co/1rwQxtAByC
0,0.40284425,Negative,,,,,,0.20480454,Είναι η κλιματικη αλλαγη ηλιθιε.... https://t.co/cP9OdVs0NP
1,0.6645057,Positive,,,,,,0.24781048,Συνεργασία της Πολιτικής Προστασίας με το Υπερταμείο για την προσαρμογή της Ελλάδας στην κλιματική αλλαγή https://t.co/CuLOk2fbR5
0,0.34933773,Negative,,,,,,0.30632526,Κλιματική αλλαγή: Το 1/3 των παγετώνων παγκόσμιας κληρονομιάς της Unesco θα εξαφανιστεί ως το 2050 – Ειδήσεις – νέα – Το Βήμα Online https://t.co/oAlv2WuXN0
0,0.34930354,Negative,,,,,,0.23568934,Κλιματική αλλαγή: Μνημόνιο του υπουργείου Κλιματικής Κρίσης και του Υπερταμείου https://t.co/3c2sv0OHMK
1,0.68709344,Positive,,,,,,0.27808306,"#Cyprus #ΓεΣΥ
Διαβεβαιώσεις Προέδρου ΟΑΥ στην Επιτροπή Υγείας για ένα μονοασφαλιστικό και βιώσιμο ΓεΣΥ https://t.co/mtZhW9H0TV"
0,0.40827987,Negative,,,,,,0.26081333,Κλιματική αλλαγή: Το 1/3 των παγετώνων παγκόσμιας κληρονομιάς της Unesco θα εξαφανιστεί ως το 2050--https://t.co/KRSZ69q5Eo
1,0.84287924,Positive,,,,,,0.17628859,Εκδήλωση με θέμα Βιώσιμος Τουρισμός στα νησιά του Αιγαίου #Δημοκρατική #Ρόδος #Δωδεκάνησα https://t.co/KbI8buHDzT
0,0.12549941,Negative,,,,,,0.10330061,Ασφαλίζοντας το υβριδικό εργασιακό περιβάλλον https://t.co/DgfHdw8REx
1,0.86140937,Positive,,,,,,0.13168877,Κυκλάδες - Σύρος: Εκδήλωση με θέμα Βιώσιμος Τουρισμός στα νησιά του Αιγαίου https://t.co/pvuPdK0ktW
0,0.07077194,Negative,,,,,,0.09432562,"Βρέθηκε η λύση, θα σώσουμε το περιβάλλον αν σταματήσουμε να… τρώμε κρέας (και θα βοηθήσουμε και την οικονομία) https://t.co/9FaMS5Mxrm https://t.co/inQisegcp0"
0,0.3261126,Negative,,,,,,0.2571247,Κλιματική αλλαγή: Μνημόνιο του υπουργείου Κλιματικής Κρίσης και του Υπερταμείου--https://t.co/PxErlYDUZb
1,0.6105741,Positive,,,,,,0.28580877,"Οι άνθρωποι που αμφισβητούν την ανθρωπογενή κλιματική αλλαγή στην Αυστραλία θεωρούνται πλέον «ψυχικά άρρωστοι», δήλωσε μια ομάδα ψυχολόγων ερευνητών
https://t.co/Jjbtxv5LLc"
1,0.829416,Positive,,,,,,0.17754537,"Ιταλία: Ακτιβιστές έριξαν σούπα σε έναν πίνακα του Βαν Γκογκ, διαμαρτυρόμενοι για την κλιματική αλλαγή - https://t.co/pThyofyB6d https://t.co/YJgKX9QKOa"
0,0.3310502,Negative,,,,,,0.2845788,"Βρετανία: Ο Σούνακ επαινεί τον βασιλιά Κάρολο για τη διορατικότητά του σχετικά με την κλιματική αλλαγή - Ρεπορτάζ και ειδήσεις για την Οικονομία, τις Επιχειρήσεις, το Χρηματιστήριο, την Πολιτική #mononewsGR https://t.co/v29a1yRsdy"
0,0.304869,Negative,,,,,,0.19628638,Ο Σούνακ επαινεί τον Κάρολο για τη διορατικότητά του σχετικά με την κλιματική αλλαγή - https://t.co/eiOPQNSsIs https://t.co/ftCm2oBiyW #Ρίσι_Σουνάκ
0,0.37669608,Negative,,,,,,0.2725708,Βρετανία: Ο Σούνακ αποθεώνει τον βασιλιά Κάρολο για την διορατικότητά του για την κλιματική αλλαγή https://t.co/PTgCerKesp
1,0.7962262,Positive,,,,,,0.2193218,"Georgieva (ΔΝΤ): Δράση άμεσα για το κλίμα – Οι αδύναμες οικονομίες πληρώνουν το τίμημα
https://t.co/kmZ2Z3Hj12"
1,0.7153685,Positive,,,,,,0.22968955,Ν. Δένδιας: Στόχος ένα ασφαλές περιβάλλον για τους δημοσιογράφους https://t.co/peRxPt7ZHR
1,0.6807889,Positive,,,,,,0.19019525,Ημερίδα για την αειφορία και τη βιωσιμότητα στον τουριστικό και επιχειρηματικό κλάδο - https://t.co/eiOPQNT0y0 https://t.co/OmW22O64GT
0,0.23051049,Negative,,,,,,0.25534675,"➡️ Έντονη ανησυχία εκ μέρους του ΓΓ του ΟΗΕ για την κλιματική αλλαγή
➡️ Η προειδοποίηση εκφράστηκε ενόψει της Συνόδου του ΟΗΕ για την Κλιματική Αλλαγή [UN Cop27]

⏩ Διαβάστε στη «Σημερινή»

https://t.co/wrjfPBn02e"
0,0.3287481,Negative,,,,,,0.18402348,[https://t.co/bDHZLmoC6L]ΕΕ στην COP27: Να γίνει σεβαστή η Συμφωνία του  #Παρίσιού για την κλιματική  #Αλλαγή https://t.co/0XcCiQGP96
0,0.019461745,Negative,,,,,,0.03284299,COP27: Σε επείγουσα δράση για το Κλίμα καλεί η Ευρωπαϊκή Ένωση - https://t.co/iAR8Zy7kpi https://t.co/UMZTkzyGPg
1,0.539601,Positive,,,,,,0.25087088,Κλιματική αλλαγή: Η ΕΕ ζητεί μέτρα για τον περιορισμό της υπερθέρμανσης του πλανήτη https://t.co/TwEv7T7LoN
0,0.3096764,Negative,,,,,,0.20653526,RT @LykavitosGr: Δολοφονία 17χρονου στη Μάνδρα: Στο περιβάλλον του θύματος αναζητούν το δράστη  #Μάνδρα_Αττικής #δολοφονία https://t.co/NBG…
0,0.29032364,Negative,,,,,,0.17937736,RT @LykavitosGr: Δολοφονία 17χρονου στη Μάνδρα: Στο περιβάλλον του θύματος αναζητούν το δράστη  #Μάνδρα_Αττικής #δολοφονία https://t.co/NBG…
0,0.391746,Negative,,,,,,0.2861325,Βρετανία: Ο πρωθυπουργός επαινεί τον βασιλιά για τη διορατικότητά στην κλιματική αλλαγή – Ειδήσεις – νέα – Το Βήμα Online https://t.co/AYdpWgxZfk
1,0.5331201,Positive,,,,,,0.22944653,“9/10 δράστες σεξουαλικής κακοποίησης από το περιβάλλον του παιδιού” @wwwflynewsgr https://t.co/jdNBXc9SZ6
0,0.30190295,Negative,,,,,,0.17623001,“9/10 δράστες σεξουαλικής κακοποίησης από το περιβάλλον του παιδιού” @wwwflynewsgr https://t.co/jdNBXbSPX6
0,0.48439053,Negative,,,,,,0.30512685,"Παιδιά νηπιαγωγείου πραγματοποίησαν σκυταλοδρομία για την κλιματική αλλαγή με φιλικά προς το περιβάλλον υλικά

https://t.co/ftNZTIJOqe"
0,0.3536624,Negative,,,,,,0.24419937,"Κλιματική Αλλαγή, Ενεργειακή Κρίση και Ελληνικό Περιβάλλον: Ποιες οι επιλογές; https://t.co/ecLnAwlzF5"
1,0.9157267,Positive,,,,,,0.114195235,"Ιταλία: Ακτιβιστές έριξαν σούπα στον Σπορέα του Βαν Γκογκ, διαμαρτυρόμενοι για την κλιματική αλλαγή https://t.co/v5KOeZIEaf"
0,0.20449169,Negative,,,,,,0.2800517,"Ο πόλεμος κατά των αγροτών έχει παρατηρηθεί ξεκάθαρα στην Ολλανδία, τη Σρι Λάνκα, τη Νότια Αφρική, τον Καναδά και στις Ηνωμένες Πολιτείες.
Δημοσίως, οι προφάσεις για τις πολιτικές αυτές περιλαμβάνουν τη διάσωση του πλανήτη από την υποτιθέμενη ανθρωπογενή κλιματική αλλαγή"
1,0.7832623,Positive,,,,,,0.26005614,"ΤΙ ΦΩΝΑΖΕΤΕ ΡΕ?....Ο #Μητσοτακη_καθαρμα ΚΑΙ  #Μητσοτακη_γαμιεσαι ΑΝ ΔΕΝ ΚΑΕΙ ΤΟ ΒΟΥΝΟ ΠΟΥ ΘΑ ΣΤΗΣΕΙ ΤΑ ΦΟΥΡΦΟΥΡΙΑ ΤΗΣ ΖΗΜΕΝΣ ΤΩΝ ΕΒΡΑΙΩΝ ΓΕΡΜΑΝΩΝ?...Ε?...ΣΤΟΝ ΠΑΤΟ ΤΟΥ?
ΑΜΑΝ ΠΧΙΑ!! ....ΤΙΠΟΤΑ ΔΕΝ ΚΑΤΑΛΑΒΑΙΝΕΤΕ!!!....ΓΙΑ ΝΑ ΣΩΘΕΙ ΤΟ ΠΕΡΙΒΑΛΛΟΝ ΤΟ ΚΑΝΕΙ .....ΤΟ ΜΟΥΝΟΠΑΝΟ.... https://t.co/AU3QvLgirt"
0,0.22808847,Negative,,,,,,0.16633004,Οι 20 φωτογραφίες για την κλιματική αλλαγή που άλλαξαν τον κόσμο https://t.co/g9rYOAMZ58
0,0.08435225,Negative,,,,,,0.10610573,Ελληνικά αεροδρόμια: Η κλιματική αλλαγή αλλάζει όσα ξέραμε για τις πτήσεις https://t.co/lY2gds3psq
0,0.4168931,Negative,,,,,,0.27677703,"COP27: Θα συζητηθεί επισήμως η αποζημίωση των φτωχότερων χωρών που είναι πιο ευάλωτες στην κλιματική αλλαγή

https://t.co/TiMFYuZC4I"
1,0.822694,Positive,,,,,,0.15102369,Welt: Ποιες είναι οι μη ρεαλιστικές προβλέψεις τρόμου για την κλιματική αλλαγή https://t.co/lFaCAabmRs
1,0.81531507,Positive,,,,,,0.12756224,Welt: Ποιες είναι οι μη ρεαλιστικές προβλέψεις τρόμου για την κλιματική αλλαγή https://t.co/PlesOvITnw
1,0.77427423,Positive,,,,,,0.15543357,Welt: Ποιες είναι οι μη ρεαλιστικές προβλέψεις τρόμου για την κλιματική αλλαγή https://t.co/mitpTAQh08 #gntmgr #kaneotikoimasai #GiTisElias #Sasmos #Pagidevmenoi
0,0.2703306,Negative,,,,,,0.20849785,Αίγυπτος: Ξεκινά η COP27- Ο Πρόεδρος της Κύπρου παρουσιάζει πρωτοβουλία για την κλιματική αλλαγή https://t.co/CyV72K093d
0,0.29809815,Negative,,,,,,0.15317805,Ακρίτα για αποκάλυψη Documento: «Εκεί στον πάτο της διαφθοράς... εκεί στο φυσικό σας περιβάλλον» - Documento https://t.co/wbKESG3aLn
1,0.6185719,Positive,,,,,,0.2430865,COP27: Η διάσκεψη για το κλίμα θα αρχίσει με αίτημα να αποζημιωθούν οι φτωχότερες χώρες για την κλιματική αλλαγή https://t.co/iETv5hmLP6
0,0.3564751,Negative,,,,,,0.2048521,Τι κοστίζει η κλιματική αλλαγή στη Γερμανία; https://t.co/tbprCwWJtG #GiTisElias #Pagidevmenoi #gntmgr #Sasmos #kaneotikoimasai
0,0.34470692,Negative,,,,,,0.17996646,Τι κοστίζει η κλιματική αλλαγή στη Γερμανία; | DW | 06.11.2022 https://t.co/BqCvzaFbaf
0,0.42273507,Negative,,,,,,0.2042673,COP27: Άλλη μια σύνοδος για την κλιματική αλλαγή; https://t.co/vjyb2kDIYB
1,0.74773836,Positive,,,,,,0.184489,"RT @PIOcy: Ο Υπουργός Γεωργίας θα συμμετάσχει στη Διάσκεψη των Ηνωμένων Εθνών  για την Κλιματική Αλλαγή, στην Αίγυπτο    👉 https://t.co/5ZA…"
0,0.40239596,Negative,,,,,,0.28314078,"Πολύ Σημαντικό: Δείτε πώς να αντιμετωπίσετε την μόλυνση του εμβολίου από την τοξική ακίδα! 
Παρακαλώ, μοιραστείτε το θέμα με όσους από το περιβάλλον σας έχουν εμβολιαστεί…
ΣΩΣΤΕ ΕΣΤΩ ΚΑΙ ΜΙΑ ΖΩΗ…
https://t.co/798HOL06yW"
0,0.08628638,Negative,,,,,,0.1080647,COP27 - Κλιματική αλλαγή: Συμφωνήθηκε να συζητηθεί το ζήτημα της αποζημίωσης των φτωχότερων χωρών - Documento https://t.co/uRVMIHag7d
0,0.29844227,Negative,,,,,,0.2068556,[Κλικ και διαβάστε στο cnn] #Σύνοδος COP27: Εκατομμύρια άνθρωποι υποφέρουν από την κλιματική  #Αλλαγή https://t.co/bwJO9WLjo2
0,0.18340856,Negative,,,,,,0.13741513,Σύνοδος COP27: Εκατομμύρια άνθρωποι υποφέρουν από την κλιματική αλλαγή - https://t.co/bLvnyK0HJG https://t.co/VSXIUALGBc
0,0.124042876,Negative,,,,,,0.14138223,"COP27: Συμφωνήθηκε να συζητηθεί επισήμως το ζήτημα της αποζημίωσης των φτωχότερων χωρών που είναι πιο ευάλωτες στην κλιματική αλλαγή 

#COP27 
  https://t.co/qoFOn19HU9"
0,0.40336215,Negative,,,,,,0.19441444,Αίγυπτος - COP27: Στο τραπέζι η αποζημίωση σε φτωχές χώρες για την κλιματική αλλαγή - https://t.co/AwVBNmE6En https://t.co/IXZSyMNQWb
0,0.33724934,Negative,,,,,,0.19545703,Qualco: Ανάμεσα στις εταιρείες με το καλύτερο εργασιακό περιβάλλον https://t.co/oSzzMHogsZ #businessnewsgr
0,0.09064357,Negative,,,,,,0.09573226,Το παιδί μένει στάσιμο στο «ασφαλές» περιβάλλον των προπονήσεων του ΟΑΚΑ https://t.co/o5Wko6ZqpZ
0,0.07527139,Negative,,,,,,0.094965644,COP27: Ο Ε.Μακρόν καλεί ΗΠΑ και Κίνα να πληρώσουν το «μερίδιό» τους για την κλιματική αλλαγή https://t.co/3zcofaX9Uj
1,0.82442194,Positive,,,,,,0.14003372,Γιατί οι επιστήμονες χαρακτηρίζουν «τρομακτική» την κλιματική κρίση https://t.co/c8OdDulSDO
0,0.35510933,Negative,,,,,,0.2383868,Βρετανία: Ο Σούνακ επαινεί τον βασιλιά Κάρολο για τη διορατικότητά του σχετικά με την κλιματική αλλαγή https://t.co/fcTYmpFGUE
1,0.9215161,Positive,,,,,,0.09591288,COP 27: Οι ηγέτες του κόσμου συναντώνται στο Σαρμ Ελ Σέιχ για την κλιματική κρίση https://t.co/IrKxI2Q4Gf
0,0.1820332,Negative,,,,,,0.14867662,Σύνοδος COP27: Εκατομμύρια άνθρωποι υποφέρουν από την κλιματική αλλαγή https://t.co/XR6vdK4Y6t
1,0.9358995,Positive,,,,,,0.1057541,RT @TheOpinion_News: Φωτοβολταϊκά στις στέγες: Έρχονται επιδοτήσεις για την «πράσινη» ενέργεια – Τι να προσέξετε https://t.co/K46dpJdp6P #T…
1,0.60170424,Positive,,,,,,0.27928397,COP27: Οι παγκόσμιες προκλήσεις κινδυνεύουν να φέρουν σε δεύτερη μοίρα την κλιματική αλλαγή https://t.co/m3b6HWNhTm #businessnewsgr
0,0.29282963,Negative,,,,,,0.22216223,Την κυπριακή πρωτοβουλία για την κλιματική αλλαγή θα παρουσιάσει ο Πρόεδρος στην COP27 στο Σαρμ Ελ Σέιχ https://t.co/ocHh5q3Vwt
0,0.37878215,Negative,,,,,,0.28631726,"Κλιματική κρίση: Κι όμως, μπορεί να προβλεφθεί ο κίνδυνος σοβαρών πλημμυρών #SmartRegions https://t.co/xL2D2v6QFp"
1,0.5909602,Positive,,,,,,0.2365149,"Μιχάλης Τσαμάζ: Πρέπει να κάνουμε άλματα στη Βιώσιμη Ανάπτυξη, για να δούμε ουσιαστική αλλαγή-Δεν υπάρχει χρόνος για χάσιμο - Ρεπορτάζ και ειδήσεις για την Οικονομία, τις Επιχειρήσεις, το Χρηματιστήριο, την Πολιτική #mononewsGR https://t.co/vgzu14D1jP"
0,0.20107742,Negative,,,,,,0.1518502,ΟΤΕ: Οι στρατηγικές προτεραιότητες για βιώσιμη ανάπτυξη https://t.co/b2HM8WMAau
0,0.055779595,Negative,,,,,,0.086058185,"Σύνοδος για κλιματική αλλαγή: O Μακρόν καλεί ΗΠΑ και Κίνα να καταβάλουν το «μερίδιό» τους στις φτωχές χώρες

https://t.co/dsW0ecqJU3"
0,0.44281915,Negative,,,,,,0.29265434,"Το Ίδρυμα Γκέιτς δωρίζει 1,4 δισ. δολάρια σε μικροκαλλιεργητές για να αντιμετωπίσουν την κλιματική αλλαγή με την ευκαιρία της COP27 https://t.co/1ADgOb01b4"
0,0.3915874,Negative,,,,,,0.264305,"Κλιματική αλλαγή: 1,4 δισ. δολάρια από το Ίδρυμα Γκέιτς για να προσαρμοστούν οι καλλιεργητές σε Αφρική και Ασία - https://t.co/eiOPQNT0y0 https://t.co/ACWhUPHRox #Ασία #Αφρική #Κλιματική_Αλλαγή"
0,0.4625519,Negative,,,,,,0.26766008,"Κλιματική αλλαγή: Το @gatesfoundation δίνει 1,4 δισ. δολάρια για να βοηθήσει τους μικροκαλλιεργητές

#BillGates 
#ClimateCrisis 

https://t.co/D3VpnRm11F"
0,0.11620665,Negative,,,,,,0.1206638,RT @LykavitosGr: Η Βιώσιμη Ανάπτυξη βασική προτεραιότητα για τον Όμιλο ΟΤΕ  #όμιλος_ΟΤΕ https://t.co/okIBNHrUhk
0,0.12528108,Negative,,,,,,0.14579298,RT @LykavitosGr: Η Βιώσιμη Ανάπτυξη βασική προτεραιότητα για τον Όμιλο ΟΤΕ  #όμιλος_ΟΤΕ https://t.co/okIBNHrUhk
0,0.3145633,Negative,,,,,,0.22783983,Ομιλος ΟΤΕ: Τέσσερις στρατηγικές προτεραιότητες για βιώσιμη ανάπτυξη https://t.co/Kifgspis9Z
0,0.33943546,Negative,,,,,,0.20148824,Κλιματική αλλαγή: Οι δισεκατομμυριούχοι ευθύνονται για… 1 εκατ. φορές περισσότερες εκπομπές άνθρακα από τον μέσο άνθρωπο--https://t.co/Pw2Zl2AfQ6
1,0.76144105,Positive,,,,,,0.22725147,Οι προτάσεις του ομίλου ΟΤΕ για την βιώσιμη ανάπτυξη https://t.co/ZFF2PNhKHk #businessnewsgr
0,0.24767175,Negative,,,,,,0.14444223,RT @Moneypressgr: Μιχάλης Τσαμάζ: Βασική προτεραιότητα για τον Όμιλο ΟΤΕ η βιώσιμη ανάπτυξη  #moneypress https://t.co/7Vl8zosQId https://t.…
0,0.21852587,Negative,,,,,,0.12776726,Μιχάλης Τσαμάζ: Βασική προτεραιότητα για τον Όμιλο ΟΤΕ η βιώσιμη ανάπτυξη  #moneypress https://t.co/7Vl8zosQId https://t.co/kUKOwBwu27
0,0.20994903,Negative,,,,,,0.1996398,Ομιλος ΟΤΕ: Τέσσερις στρατηγικές προτεραιότητες για βιώσιμη ανάπτυξη https://t.co/6at9ldam73
1,0.95164037,Positive,,,,,,0.0892319,Το μέλλον στις ταχυμεταφορές είναι βιώσιμο https://t.co/WPO2ro6tzt
0,0.07947533,Negative,,,,,,0.09499024,RT @LykavitosGr: Εθνική Τράπεζα: Τα ισχυρά χαρτιά της Κρήτης σε ένα περιβάλλον προκλήσεων  #Εθνική_Τράπεζα https://t.co/hHGMdxe5qh
0,0.090520754,Negative,,,,,,0.11152099,RT @LykavitosGr: Εθνική Τράπεζα: Τα ισχυρά χαρτιά της Κρήτης σε ένα περιβάλλον προκλήσεων  #Εθνική_Τράπεζα https://t.co/hHGMdxe5qh
0,0.32701176,Negative,,,,,,0.18082513,RT @LykavitosGr: Γκουτέρες: «Είμαστε σε αυτοκινητόδρομο για την κλιματική κόλαση με το πόδι στο γκάζι»  #COP27 #Γκουτέρες #κλιματική_κρίση…
0,0.33453736,Negative,,,,,,0.17938413,RT @LykavitosGr: Γκουτέρες: «Είμαστε σε αυτοκινητόδρομο για την κλιματική κόλαση με το πόδι στο γκάζι»  #COP27 #Γκουτέρες #κλιματική_κρίση…
0,0.12989846,Negative,,,,,,0.10054145,RT @Moneypressgr: Εθνική Τράπεζα: Τα ισχυρά χαρτιά της Κρήτης σε ένα περιβάλλον προκλήσεων  #moneypress https://t.co/l1EEZWtBo5
0,0.12928265,Negative,,,,,,0.11840017,Εθνική Τράπεζα: Τα ισχυρά χαρτιά της Κρήτης σε ένα περιβάλλον προκλήσεων  #moneypress https://t.co/l1EEZWtBo5
1,0.6635674,Positive,,,,,,0.2050924,COP27 - Γκουτέρες για κλιματική κρίση: «Συνεργαστείτε ή αφανιστείτε» https://t.co/SNVKFg6cge
1,0.55722433,Positive,,,,,,0.27096513,"ΙΕΑ (COP 27): Επιπλέον 20 εκ. άνθρωποι δεν έχουν πρόσβαση στο ηλεκτρικό ρεύμα το 2022- Πάει πίσω η βιώσιμη ανάπτυξη - Ρεπορτάζ και ειδήσεις για την Οικονομία, τις Επιχειρήσεις, το Χρηματιστήριο, την Πολιτική #mononewsGR https://t.co/CwvJknZ6Et"
0,0.17231117,Negative,,,,,,0.1487435,Εθνική Τράπεζα: Τα ισχυρά χαρτιά της Κρήτης σε ένα περιβάλλον προκλήσεων https://t.co/yaBeOBmA0X
1,0.6892101,Positive,,,,,,0.2340846,Έκκληση Μακρόν προς ΗΠΑ και Κίνα για την κλιματική αλλαγή https://t.co/aPAyjzLEfJ
1,0.70140404,Positive,,,,,,0.25922784,"Ο @EmmanuelMacron ζήτησε από #ΗΠΑ - #Κίνα να βοηθηθούν τις φτωχές χώρες να αντιμετωπίσουν την κλιματική αλλαγή

https://t.co/zrR0LrbxwU

#COP27 #ClimateCrisis #TogetherForImplementation"
1,0.63259727,Positive,,,,,,0.27478802,"COP27 – ELICA: Τα σημαντικά οφέλη της ηλεκτρικής διασύνδεσης Αιγύπτου – Ελλάδας, στο επίκεντρο της Διάσκεψης του ΟΗΕ για την Κλιματική Αλλαγή

https://t.co/3DxvpnqtwK"
1,0.516207,Positive,,,,,,0.22886729,Εμάνουελ Μακρόν: «ΗΠΑ και Κίνα να καταβάλουν το μερίδιό τους για την κλιματική αλλαγή» https://t.co/7q5UDpOzhw
1,0.7968624,Positive,,,,,,0.16313379,Στην Αίγυπτο για τη διάσκεψη των ΗΕ για την κλιματική αλλαγή ο Χρ. Σταϊκούρας https://t.co/Q1xLMjwBt5
1,0.78669435,Positive,,,,,,0.19590051,"Μεγάλη η σημασία της COP27 στην εφαρμογή αποφάσεων για κλιματική αλλαγή, είπε ο Πρόεδρος https://t.co/hGzFybulvs"
1,0.6919005,Positive,,,,,,0.15593599,COP27: Συνάντηση Μητσοτάκη – Κέρι στην Αίγυπτο στην Αίγυπτο ― Επί τάπητος η κλιματική αλλαγή https://t.co/WGSmVGqKVM
1,0.6768995,Positive,,,,,,0.15980852,#COP27: Συνάντηση Μητσοτάκη – Κέρι στην Αίγυπτο στην Αίγυπτο ― Επί τάπητος η κλιματική αλλαγή https://t.co/jgUiuJPe0m
1,0.74618155,Positive,,,,,,0.17634615,COP27: Ένα τρισ. δολάρια χρειάζονται οι αναπτυσσόμενες χώρες για την κλιματική αλλαγή - https://t.co/QnDBZMpQ0r https://t.co/xUL13Ahmvi
1,0.828365,Positive,,,,,,0.20953916,Μητσοτάκης: Η Ελλάδα θα εξάγει πράσινη ενέργεια https://t.co/Jj8XCiWNTm
1,0.92896354,Positive,,,,,,0.13099062,Διαδικτυακό εργαστήρι από τον ΣΘΕΒ με θέμα: «Εργαλεία οικονομικής ενίσχυσης των επιχειρήσεων από την Ε.Ε. για τη μετάβαση στην κυκλική οικονομία και τη βιώσιμη ανάπτυξη» https://t.co/OD1iOjJJWq
1,0.5224625,Positive,,,,,,0.2328697,Κλιματική αλλαγή: Ένα τρισεκατομμύριο δολάρια ετησίως χρειάζονται οι αναπτυσσόμενες χώρες για την αντιμετώπισή της https://t.co/dWF0e7Wnjq
0,0.11064672,Negative,,,,,,0.118307725,Η Βιώσιμη Ανάπτυξη βασική προτεραιότητα για τον Όμιλο ΟΤΕ https://t.co/74A98sCD0x #Pagidevmenoi #kaneotikoimasai #gntmgr #Sasmos #GiTisElias
1,0.82873565,Positive,,,,,,0.22635706,"Συλλογικές και αποφασιστικές δράσεις με βάση την ορθή επιστημονική γνώση για την κλιματική κρίση στην περιοχή μας, λέει ο Καδής https://t.co/VJhOtPe9kp"
0,0.18788902,Negative,,,,,,0.17222975,Πραγματοποιήθηκε η ημερίδα για τα Αρωματικά και Φαρμακευτικά φυτά στην Κοινότητα Βασιλικών στα πλαίσια της Δια Βίου Εκπαίδευσης https://t.co/MKvonwgoGz #ΒΑΣΙΛΙΚΑ #ΕΚΠΑΙΔΕΥΣΗ #ΠΕΡΙΒΑΛΛΟΝ https://t.co/y4MGdr9Nc7
1,0.72735196,Positive,,,,,,0.18142006,COP27: Οι αναπτυσσόμενες χώρες χρειάζονται χρηματοδότηση 1 τρις δολάρια ετησίως για την κλιματική αλλαγή - https://t.co/dzPg1ezyqO https://t.co/CSBGbkQd3Y
0,0.19950485,Negative,,,,,,0.2321648,"Ο εφιάλτης της παιδικής κακοποίησης στην Ελλάδα
Σύμφωνα με τα στοιχεία που αποτυπώνονται στο γράφημα, 9 στους 10 θύτες βρίσκονται στο στενό οικογενειακό, συγγενικό ή φιλικό περιβάλλον του παιδιού 
https://t.co/CiMWOvNUuH https://t.co/pmUbZZ63wa"
1,0.76158226,Positive,,,,,,0.25484428,"RT @KostasSkrekas: Στην παρουσίαση του καλωδίου GREGY Interconnector, στο πλαίσιο της 27ης Διάσκεψης των Ηνωμένων Εθνών για την Κλιματική Α…"
0,0.20129699,Negative,,,,,,0.20044097,Οι επόμενες κινήσεις του ΟΤΕ για βιώσιμη ανάπτυξη https://t.co/i7P455RF0b
1,0.5238971,Positive,,,,,,0.24398105,"RT @Vkikilias: 1η μέρα στην #WTMLDN 
•Πάνω από 3εκ Βρετανοί επισκέπτες στη χώρα μας το 2022.
•Νέες πτήσεις σε καινούργιους προορισμούς 🇬🇷 α…"
1,0.70045763,Positive,,,,,,0.246217,"RT @sfairika: Skinny Fox: Σύγχρονο περιβάλλον με ρομαντικές πινελιές και ατμόσφαιρα γαλλικού bistrot
 https://t.co/yGILOunNRp"
0,0.14087893,Negative,,,,,,0.17352182,Οι επόμενες κινήσεις του ΟΤΕ για βιώσιμη ανάπτυξη https://t.co/zJakxTph0B
1,0.5063499,Positive,,,,,,0.28691164,Η κλιματική αλλαγή μπορεί να ενισχύσει τον κίνδυνο «διάχυσης ιών» στην Αρκτική https://t.co/u56gAOfXZr
1,0.5772975,Positive,,,,,,0.3100926,Κικίλιας για Common Seas: H Ελλάδα στην πρωτοπορία της Ευρώπης για τον βιώσιμο τουρισμό https://t.co/HW4GRrcZoC
0,0.41580543,Negative,,,,,,0.28498855,"Ζελένσκι: «Χωρίς ειρήνη δεν μπορεί να υπάρξει αποτελεσματική πολιτική για την κλιματική αλλαγή» - Ρεπορτάζ και ειδήσεις για την Οικονομία, τις Επιχειρήσεις, το Χρηματιστήριο, την Πολιτική #mononewsGR https://t.co/zTqyvoyZ1y"
1,0.82020766,Positive,,,,,,0.18246843,"Costa Navarino: Αργυρό βραβείο στην κατηγορία «Μείωση των Πλαστικών Απορριμμάτων στο Περιβάλλον» στην World Travel Market 2022 - Ρεπορτάζ και ειδήσεις για την Οικονομία, τις Επιχειρήσεις, το Χρηματιστήριο, την Πολιτική #mononewsGR https://t.co/fks4ctEKDQ"
0,0.31593797,Negative,,,,,,0.25562435,Κλιματική κρίση: «Η ΕΕ είναι στο σωστό δρόμο» λέει η Ούρσουλα Φον Ντερ Λάιεν https://t.co/CHE9QdlXXs
1,0.566816,Positive,,,,,,0.26077625,Κικίλιας: H Ελλάδα στην πρωτοπορία της Ευρώπης για τον βιώσιμο τουρισμό https://t.co/t5bUwXxnk6 #businessnewsgr
0,0.2708935,Negative,,,,,,0.25687632,Ζελένσκι:  Χωρίς ειρήνη δεν μπορεί να υπάρξει αποτελεσματική πολιτική για την κλιματική αλλαγή - https://t.co/gF9zb7X3o1 https://t.co/hpcmbSOKsY
1,0.83536935,Positive,,,,,,0.19152689,"Κικίλιας για συμφωνία με Common Seas: «Πρωτοπόρα η Ελλάδα στην Ευρώπη για τον βιώσιμο τουρισμό» - Ρεπορτάζ και ειδήσεις για την Οικονομία, τις Επιχειρήσεις, το Χρηματιστήριο, την Πολιτική #mononewsGR https://t.co/56NotZOrgO"
1,0.7135077,Positive,,,,,,0.26104006,Κικίλιας για συμφωνία με Common Seas: “H Ελλάδα στην πρωτοπορία της Ευρώπης για τον βιώσιμο τουρισμό” https://t.co/hhzBS09NrL
0,0.37973663,Negative,,,,,,0.26146102,"COP27: «Έργα, όχι λόγια» το μήνυμα των νέων στους παγκόσμιους ηγέτες για το περιβάλλον https://t.co/Zd04EsSKZl #businessnewsgr"
1,0.8975484,Positive,,,,,,0.16308318,Παρέμβαση του Πρωθυπουργού Κυριάκου Μητσοτάκη στο πλαίσιο της συνόδου της 27ης Διάσκεψης των Μερών της Σύμβασης του ΟΗΕ για την Κλιματική Αλλαγή (COP27) https://t.co/gRSfJMAzad https://t.co/KxLyRSbTvo
1,0.9582663,Positive,,,,,,0.05903088,Συμμετοχή του Πρωθυπουργού Κυριάκου Μητσοτάκη στη σύνοδο της 27ης Διάσκεψης των Μερών της Σύμβασης του ΟΗΕ για την Κλιματική Αλλαγή (COP27) https://t.co/4mgigthA7o https://t.co/3Ch5CM8Sz0
1,0.9141438,Positive,,,,,,0.10882308,Παρέμβαση του Κ. Μητσοτάκη στο πλαίσιο της συνόδου της 27ης Διάσκεψης των Μερών της Σύμβασης του ΟΗΕ για την Κλιματική Αλλαγή (COP27) https://t.co/lBADbYdnIg
0,0.36514294,Negative,,,,,,0.241757,"COP27: «Έργα, όχι λόγια» το μήνυμα των νέων στους παγκόσμιους ηγέτες για το περιβάλλον https://t.co/PED0XYBHG9"
1,0.76734024,Positive,,,,,,0.2298735,"Βασίλης Κικίλιας για συμφωνία με Common Seas: ""H Ελλάδα στην πρωτοπορία της Ευρώπης για τον βιώσιμο τουρισμό"" https://t.co/ks2Qz98wG3 https://t.co/gGXIgJtIxV"
1,0.7763268,Positive,,,,,,0.19096561,Βασίλης Κικίλιας για συμφωνία με Common Seas: “H Ελλάδα στην πρωτοπορία της Ευρώπης για τον βιώσιμο τουρισμό” - https://t.co/H0lA9DYL8y
1,0.67499053,Positive,,,,,,0.2616327,"Evia Film Project, η πρώτη βιώσιμη κινηματογραφική δράση του Φεστιβάλ Θεσσαλονίκης https://t.co/vjIebEiSNv #businessnewsgr"
0,0.075016804,Negative,,,,,,0.10286362,[Κλικ και διαβάστε στο cnn]Κλιματική  #Αλλαγή: Οι καύσωνες θα σκοτώνουν 90.000 Ευρωπαίους ως το τέλος του αιώνα https://t.co/Y9hiFVuWX4
0,0.0713904,Negative,,,,,,0.09232892,RT @LykavitosGr: Οι καύσωνες απειλούν να σκοτώνουν 90.000 Ευρωπαίους τον χρόνο ως το 2100  #καύσωνας #Ευρώπη #κλιματική_κρίση https://t.co/…
0,0.09614185,Negative,,,,,,0.122751296,RT @LykavitosGr: Οι καύσωνες απειλούν να σκοτώνουν 90.000 Ευρωπαίους τον χρόνο ως το 2100  #καύσωνας #Ευρώπη #κλιματική_κρίση https://t.co/…
0,0.1331905,Negative,,,,,,0.12733592,Κλιματική αλλαγή: Οι καύσωνες θα σκοτώνουν 90.000 Ευρωπαίους ως το τέλος του αιώνα - https://t.co/pvPHPIcgFa https://t.co/w1fN72jpP4
0,0.3883068,Negative,,,,,,0.25162005,Save Planet: Το μήνυμα της Κορίνθου για το περιβάλλον | NemeaPress https://t.co/lnX4KkBosN
1,0.5548495,Positive,,,,,,0.2776281,"Σταϊκούρας στη Διάσκεψη COP27: Σημαντικές προκλήσεις για τους κρατικούς προϋπολογισμούς η κλιματική αλλαγή - Ρεπορτάζ και ειδήσεις για την Οικονομία, τις Επιχειρήσεις, το Χρηματιστήριο, την Πολιτική #mononewsGR https://t.co/fBDG1UUlqW"
1,0.5582791,Positive,,,,,,0.27410996,Χρ. Σταϊκούρας - COP27: Σημαντικές προκλήσεις για τους κρατικούς προϋπολογισμούς δημιουργεί η κλιματική αλλαγή - https://t.co/eiOPQNARjS https://t.co/25mXTkGE1q #Σταϊκουρας
1,0.89170814,Positive,,,,,,0.18765186,Αη Στράτης: Το πρώτο πράσινο ελληνικό νησί - Θα χρησιμοποιεί μόνο ανανεώσιμες πηγές ενέργειας - https://t.co/u82yLEDhBr https://t.co/aJ2Mura3qZ
1,0.80972046,Positive,,,,,,0.24822858,"Χρ. Σταϊκούρας: Αναγνωρίζουμε στην ΕΕ την ανάγκη ρεαλιστικών κανόνων, που θα διασφαλίζουν βιώσιμη οικονομική μεγέθυνση

https://t.co/ZjtgKZMRL8"
0,0.45133632,Negative,,,,,,0.2239774,Ξεκινούν σήμερα οι σεισμικές έρευνες σε Κρήτη και Πελοπόννησο – Αυστηρό πλαίσιο για το περιβάλλον ... https://t.co/jsgbOOk2bw
0,0.35694614,Negative,,,,,,0.22960307,Σταϊκούρας: Η κλιματική αλλαγή μπορεί να πλήξει τους κρατικούς προϋπολογισμούς https://t.co/EFKMq9sQZA
0,0.40634403,Negative,,,,,,0.23901996,Σταϊκούρας: Σημαντικές προκλήσεις για τον δημοσιονομικό σχεδιασμό η κλιματική αλλαγή https://t.co/lRS0qp6776
0,0.40370598,Negative,,,,,,0.29445565,"Χρ. Σταϊκούρας: Σημαντικές προκλήσεις για τους κρατικούς προϋπολογισμούς δημιουργεί η κλιματική αλλαγή

https://t.co/pQU3fibg3c"
0,0.3893042,Negative,,,,,,0.21255657,Σταϊκούρας: Η κλιματική αλλαγή μπορεί να πλήξει τους κρατικούς προϋπολογισμούς #Δημοκρατική #Ρόδος #Δωδεκάνησα https://t.co/TxCOu5u5r1
1,0.56592315,Positive,,,,,,0.26905447,"Κικίλιας: H Ελλάδα στην πρωτοπορία της Ευρώπης για τον βιώσιμο τουρισμό με τις δράσεις σε Ρόδο, Αστυπάλαια, #Δημοκρατική #Ρόδος #Δωδεκάνησα https://t.co/0BgPdlU7Yv"
0,0.12559098,Negative,,,,,,0.1349178,"Ευρώπη - Κλιματική Αλλαγή: Οκτώβριος 2022, ο πιο ζεστός μήνας όλων των εποχών https://t.co/Lz7HWtFtlP"
1,0.7854315,Positive,,,,,,0.24384873,Περιστέρης: Η ενεργειακή κρίση θα ήταν σχεδόν αμελητέα αν είχε γίνει η πράσινη μετάβαση στην ενέργεια https://t.co/IrkF2Z7hrV
1,0.5650343,Positive,,,,,,0.3367403,"Κλιματική «κρίση»: Μια «ελίτ» που σκοτώνει τον πλανήτη, ζητάει τον λογαριασμό από τον απλό λαό

https://t.co/beBbarQee6"
1,0.64148134,Positive,,,,,,0.13811298,«Καμπανάκι» Γκουτέρες για φτώχεια και κλιματική αλλαγή - Documento https://t.co/VKqKExXm31
1,0.6915262,Positive,,,,,,0.21562947,ΞΑΦΝΙΚΑ ΤΗΝ ΕΠΙΑΣΕ Η ΚΛΙΜΑΤΙΚΗ ΑΛΛΑΓΗ....ΜΗΝ ΠΑΕΙ ΤΟ ΜΥΑΛΟ ΣΑΣ ΣΤΟ ΕΝΦΟΛΙΟ ΒΡΕ ΨΕΚΕΣ... https://t.co/VHieoKH8SX
0,0.45786676,Negative,,,,,,0.27734718,Μπορέλ: Προσαρμογή των ευρωπαϊκών πολιτικών για την άμυνα στο νέο περιβάλλον https://t.co/X0a1TIPogd
0,0.0760553,Negative,,,,,,0.117311694,"RT @maras_mode: Βραζιλία 🇧🇷 👀
Η δημοσιογραφος Vanessa Medeiros λυποθυμησε - Ξαφνικιτιδα-ενώ έκανε ρεπορτάζ live στην TV. Ένα από τα εκατομμ…"
1,0.8213681,Positive,,,,,,0.28309703,"RT @OlympiaAnast: 👉 Ο βιώσιμος τουρισμός δεν είναι μόνον ανάγκη για τον πλανήτη και τη χώρα μας, είναι &amp; πλέον &amp; βασική προϋπόθεση, προκειμ…"
0,0.3030833,Negative,,,,,,0.22027357,Γιατί η κλιματική κρίση αφορά τις τράπεζες https://t.co/VVkNLyLR7M
0,0.20413615,Negative,,,,,,0.20801322,COP27 – Σταϊκούρας: «Η κλιματική αλλαγή φέρνει προκλήσεις για τους κρατικούς προϋπολογισμούς» https://t.co/76K77BSFxz
1,0.7450042,Positive,,,,,,0.25886488,Γ. Περιστέρης: Η ενεργειακή κρίση θα ήταν σχεδόν αμελητέα αν είχε γίνει η πράσινη μετάβαση στην ενέργεια https://t.co/QnmgfN8bFx
1,0.79564387,Positive,,,,,,0.26228154,Η ενεργειακή κρίση θα ήταν σχεδόν αμελητέα αν είχε γίνει η πράσινη μετάβαση στην ενέργεια. Τι αναφέρει ο Πρόεδρος και Διευθύνων Σύμβουλος της ΓΕΚ ΤΕΡΝΑ στο CEO Initiative Forum https://t.co/ilgHzd17Aw
1,0.6998284,Positive,,,,,,0.20099612,"Μπορέλ: Πρέπει να προσαρμόσουμε τις πολιτικές άμυνάς μας στο νέο περιβάλλον - Ρεπορτάζ και ειδήσεις για την Οικονομία, τις Επιχειρήσεις, το Χρηματιστήριο, την Πολιτική #mononewsGR https://t.co/qpew2LI2Jz"
0,0.4158224,Negative,,,,,,0.21463737,Παρουσιάζεται στο Αγρίνιο το Περιφερειακό Σχέδιο Προσαρμογής στην Κλιματική Αλλαγή https://t.co/58i7gOpDm2
1,0.7511297,Positive,,,,,,0.25595605,RT @LykavitosGr: Γ. Περιστέρης: Η ενεργειακή κρίση θα ήταν σχεδόν αμελητέα αν είχε γίνει η πράσινη μετάβαση στην ενέργεια  #Γ._Περιστέρης h…
1,0.825537,Positive,,,,,,0.19301213,RT @LykavitosGr: Γ. Περιστέρης: Η ενεργειακή κρίση θα ήταν σχεδόν αμελητέα αν είχε γίνει η πράσινη μετάβαση στην ενέργεια  #Γ._Περιστέρης h…
0,0.3040663,Negative,,,,,,0.16402799,COP27: Πώς η κλιματική αλλαγή επηρεάζει την κάθε ήπειρο. Οι επιπτώσεις της ανά τον κόσμο. Τί θα γίνει στην Ευρώπη https://t.co/k4b01wtoIe
0,0.41541415,Negative,,,,,,0.26522183,Βόλτα στο δάσος: Ποια βήματα πρέπει να ακολουθούμε για να προστατεύουμε το φυσικό περιβάλλον - https://t.co/7xtwodZwUi https://t.co/6a7He3Ah3l
1,0.7728556,Positive,,,,,,0.23114711,[https://t.co/bDHZLmoC6L]Ερευνητές:  #Αμελητέα για κλιματική  #Αλλαγή η διαρροή μεθανίου λόγω Nord Stream https://t.co/5gK55YmUjY
0,0.42865226,Negative,,,,,,0.23741342,"RT @TheOpinion_News: «Η Θεσσαλονίκη δεν έχει υποδομές» – Τα φρεάτια, οι πυρκαγιές και η Κλιματική Αλλαγή (ΦΩΤΟ+VIDEO) https://t.co/4Czy6BLF…"
0,0.3132029,Negative,,,,,,0.2595549,Σοκάρουν τα νέα στοιχεία για την κλιματική αλλαγή: Τεράστια απειλή οι εκπομπές άνθρακα https://t.co/1HbK50K0ZW
1,0.5561009,Positive,,,,,,0.2161686,Οι προκλήσεις των CEOs στο νέο περιβάλλον βρέθηκαν στο επίκεντρο του CEO Initiative 2022 https://t.co/gPlvhFP9lP #businessnewsgr
0,0.36514163,Negative,,,,,,0.30104655,Μπάιντεν: H παγκόσμια κλιματική κρίση αποτελεί υπαρξιακή απειλή για τον πλανήτη https://t.co/Yv21P5IeY7
0,0.43819687,Negative,,,,,,0.316175,"[Κλικ και διαβάστε στο skai]Τζο  #Μπάιντεν: Η παγκόσμια κλιματική κρίση, υπαρξιακή απειλή για τον πλανήτη https://t.co/Gy0R3qYhiF"
0,0.37695718,Negative,,,,,,0.2707723,Κλιματική αλλαγή: Το ίδιο φονική με τον καρκίνο ή φονικότερη από τον Covid; | Ειδήσεις – νέα – Το Βήμα Online https://t.co/1wolMrEYwQ
0,0.4078127,Negative,,,,,,0.3117705,"Μπάιντεν: «H παγκόσμια κλιματική κρίση αποτελεί υπαρξιακή απειλή για τον πλανήτη» - Ρεπορτάζ και ειδήσεις για την Οικονομία, τις Επιχειρήσεις, το Χρηματιστήριο, την Πολιτική #mononewsGR https://t.co/bwqKlcqsAI"
0,0.2492815,Negative,,,,,,0.23884419,Μπάιντεν στην COP27: H παγκόσμια κλιματική κρίση αποτελεί υπαρξιακή απειλή - https://t.co/48Mqba1tkU https://t.co/CiOT0MKOHp
1,0.54749143,Positive,,,,,,0.29545337,Πώς η κλιματική αλλαγή επηρεάζει την ανθρώπινη υγεία - https://t.co/VcBHrlkLOS https://t.co/JvHy6Rh5lp
0,0.4401071,Negative,,,,,,0.32934618,Τ. Μπάιντεν: H παγκόσμια κλιματική κρίση αποτελεί υπαρξιακή απειλή για τον πλανήτη https://t.co/NvoG1EiVHX
0,0.44709706,Negative,,,,,,0.31146416,Βiden: H παγκόσμια κλιματική κρίση αποτελεί υπαρξιακή απειλή για τον πλανήτη https://t.co/jcRcl3hzN5
0,0.38040742,Negative,,,,,,0.30885676,"#ΗΠΑ @POTUS: H παγκόσμια κλιματική κρίση αποτελεί υπαρξιακή απειλή για τον πλανήτη

https://t.co/0Cc1uVVcSJ https://t.co/FWGqxwsC3C"
0,0.49634543,Negative,,,,,,0.336769,"COP27: H κλιματική κρίση υπαρξιακή απειλή για τον πλανήτη, λέει ο Μπάιντεν https://t.co/BvWPydte36 #businessnewsgr"
0,0.4782679,Negative,,,,,,0.21186745,Συναντήσεις εργασίας για την κλιματική αλλαγή στο Λιμενικό Ταμείο Ρεθύμνου https://t.co/96Hd7MQuTR
0,0.07764327,Negative,,,,,,0.109987274,Κλιματική αλλαγή: Φονικότερη από τον κοροναϊό ή το ίδιο επικίνδυνη με τον καρκίνο;--https://t.co/foXAS18mS8
0,0.3433997,Negative,,,,,,0.23525037,"Κλιματική αλλαγή: Φονικότερη κι από κορονοϊό προειδοποιεί ο Παγκόσμιος Οργανισμός Υγείας – 3,3 εκατ. θάνατοι τον χρόνο https://t.co/OIVKtHn6FG"
0,0.35941738,Negative,,,,,,0.25953898,Η ΡΟΔΟΠΗ σέβεται το περιβάλλον. Υιοθετούμε plant based συσκευασίες με μη αποσπώμενο καπάκι! https://t.co/kjXGBRaflQ
0,0.31114155,Negative,,,,,,0.23536159,Η ΡΟΔΟΠΗ σέβεται το περιβάλλον. Υιοθετούμε plant based συσκευασίες με μη αποσπώμενο καπάκι! https://t.co/kjXGBQSDXg
0,0.07109697,Negative,,,,,,0.09725403,Κλιματική αλλαγή: Φονικότερη από τον κοροναϊό ή το ίδιο επικίνδυνη με τον καρκίνο; https://t.co/WrRelpo00f
1,0.62165153,Positive,,,,,,0.2823805,Η Φινλανδία ως ο πιο βιώσιμος προορισμός της Ευρώπης για αγορές https://t.co/n4oiHCjPO7 #aystria #voreiaeyropi #dania #malta
1,0.62362134,Positive,,,,,,0.30522937,Η Φινλανδία είναι Νο1 βιώσιμος προορισμός της Ευρώπης για αγορές – Μεγάλη βελτίωση για την Ελλάδα https://t.co/kWvffrZ3jT
1,0.7164636,Positive,,,,,,0.25370204,Η Φινλανδία είναι ο πιο βιώσιμος προορισμός της Ευρώπης για αγορές https://t.co/GlPHdgkVEl
1,0.5943103,Positive,,,,,,0.24275595,"#PraktoreioLife 
Η #Φινλανδία ο πιο βιώσιμος προορισμός της Ευρώπης για αγορές

https://t.co/FdxYNi3877 https://t.co/ETFIpO3b8J"
1,0.64673364,Positive,,,,,,0.2841438,RT @TheOpinion_News: Έρχεται η 1η Διεθνή Έκθεση για την Κυκλική Οικονομία “FORWARD GREEN” στη Θεσσαλονίκη https://t.co/yuRtxDQmhQ #Thessalo…
0,0.45333263,Negative,,,,,,0.3069836,COP27 – Μπάιντεν: H παγκόσμια κλιματική κρίση αποτελεί υπαρξιακή απειλή για τον πλανήτη https://t.co/y6tFqfHqxo
1,0.7676034,Positive,,,,,,0.23536527,Κλιματική αλλαγή: Λαϊκιστές εναντίον του πλανήτη: Πώς το κλίμα έγινε το νέο μέτωπο του πολέμου--https://t.co/WK5Khqs82f
0,0.48073155,Negative,,,,,,0.28964666,Κλιματική αλλαγή: Ρεκόρ εκπομπών του διοξειδίου του άνθρακα το 2022 - https://t.co/A01gnLCDI7 https://t.co/wL0o9gOHDJ
0,0.110152766,Negative,,,,,,0.14731546,RT @dstefanos: Πες τα ρε αδερφέ… κάθε πρωί μαλώνω όταν ζητάω πλαστικό καλαμάκι για τον καφέ και δε μου δίνουν και όταν ρωτάω γιατί το ποτήρ…
0,0.40648928,Negative,,,,,,0.20213431,ΞΑΦΝΙΚΑ...ΚΛΙΜΑΤΙΚΗ ΑΛΛΑΓΗ.... https://t.co/amWpyzHwFN
0,0.44166157,Negative,,,,,,0.23557232,Λισαβόνα: Διαδηλωτές οργισμένοι για την κλιματική κρίση εισέβαλαν σε κτίριο που μιλούσε ο υπουργός Οικονομικών https://t.co/kxcltRdAX6
1,0.67770547,Positive,,,,,,0.15803868,Τυνησία: Η κλιματική αλλαγή απειλεί τις ακτές και την επιβίωση των ανθρώπων - https://t.co/Db1mZ9omHy https://t.co/LntECypMss
0,0.31422243,Negative,,,,,,0.20731442,"RT @Neossos: Αν αποκαλυφθεί ότι παρακολουθείτο η Πρόεδρος της Δημοκρατίας ή το περιβάλλον της, θα κάνει άραγε κάποια σχετική δήλωση η Πρόεδ…"
1,0.9581525,Positive,,,,,,0.07199497,Τριμερής συνεργασία Ν. Κορέας - Κίνας - Ιαπωνίας για την ασφάλεια έναντι της Β. Κορέας και την κλιματική αλλαγή https://t.co/wM7YmmLW8G
1,0.5029508,Positive,,,,,,0.23197553,Bitcoin: Γιατί δεν μπορεί να είναι βιώσιμο https://t.co/rRHT9FXMN7
1,0.95976985,Positive,,,,,,0.09072553,"Η Τυνησία διαθέτει πανέμορφες παραλίες, οι οποίες όμως κινδυνεύουν σοβαρά από την κλιματική αλλαγή. Η πολιτεία εδώ και δέκα χρόνια παίρνει μέτρα αλλά το μέλλον είναι άδηλο. https://t.co/8pwTcLnkpe"
0,0.058746114,Negative,,,,,,0.10829803,"Η κλιματική αλλαγή είναι ένας επικίνδυνος μύθος, μια απάτη, μια φάρσα και στηρίζεται σε διάτρητα επιστημονικά στοιχεία https://t.co/eMIyD9JVP0"
1,0.90585744,Positive,,,,,,0.115577534,"Διάσκεψη για την κλιματική αλλαγή: Ελληνίδα φοιτήτρια, «συνήγορος κλιματικής δικαιοσύνης», στην COP27 https://t.co/tJCUNl8RpO #diaskepsi #inomenaethni #klimatikiallagi #pennydalkoy"
0,0.033316046,Negative,,,,,,0.07194949,"Η κλιματική αλλαγή είναι ένας επικίνδυνος μύθος, μια απάτη, μια φάρσα και στηρίζεται σε διάτρητα επιστημονικά στοιχεία https://t.co/Ef9dGWjpqq"
1,0.50430024,Positive,,,,,,0.22116308,Bitcoin: Γιατί δεν μπορεί να είναι βιώσιμο https://t.co/D8BKX8n17s
1,0.6248781,Positive,,,,,,0.22288841,Παπαθανάσης: Προτεραιότητα η πράσινη και βιώσιμη ανάπτυξη των νησιών #Δημοκρατική #Ρόδος #Δωδεκάνησα https://t.co/gnP8HUy3s8
1,0.53559476,Positive,,,,,,0.19230407,Παπαθανάσης: Προτεραιότητα η πράσινη και βιώσιμη ανάπτυξη των νησιών https://t.co/E4WU1adbPk #businessnewsgr
1,0.5764239,Positive,,,,,,0.19581796,"Παπαθανάσης: «Προτεραιότητα η πράσινη και βιώσιμη ανάπτυξη των νησιών» - Ρεπορτάζ και ειδήσεις για την Οικονομία, τις Επιχειρήσεις, το Χρηματιστήριο, την Πολιτική #mononewsGR https://t.co/a9jL8bTvuf"
1,0.79538023,Positive,,,,,,0.22348316,Παπαθανάσης: Προτεραιότητα η πράσινη και βιώσιμη ανάπτυξη των νησιών μέσω της πρωτοβουλίας GR-eco Islands https://t.co/JcjVoxYawK
1,0.551978,Positive,,,,,,0.24091609,Παπαθανάσης: Προτεραιότητα η πράσινη και βιώσιμη ανάπτυξη των νησιών https://t.co/32MF4eKY0n
1,0.6178863,Positive,,,,,,0.23464029,Οι προτάσεις ΣΕΒ για τη Βιώσιμη Ανάπτυξη https://t.co/NL5FanmnUL
1,0.6460433,Positive,,,,,,0.25571913,RT @Moneypressgr: ΣΕΒ: 9 προτάσεις για τη Βιώσιμη Ανάπτυξη για ταχύτερη και δικαιότερη πράσινη μ...  #moneypress https://t.co/IKkP9cjmDU ht…
1,0.6824349,Positive,,,,,,0.26770312,ΣΕΒ: 9 προτάσεις για τη Βιώσιμη Ανάπτυξη για ταχύτερη και δικαιότερη πράσινη μ...  #moneypress https://t.co/IKkP9cjmDU https://t.co/d3blFXlRg7
1,0.53676695,Positive,,,,,,0.3240721,[Κλικ και διαβάστε στο cnn]Κλιματική  #Αλλαγή: Είναι η δενδροφύτευση η λύση για να σωθεί ο πλανήτης; https://t.co/5U9vWPXXGs
0,0.095028,Negative,,,,,,0.11554504,Προειδοποίηση Sharma: Καμία οπισθοχώρηση από την «κόκκινη γραμμή» για την κλιματική αλλαγή https://t.co/4BzcIfz2Ec
1,0.54292583,Positive,,,,,,0.31184492,Πώς η κλιματική αλλαγή επηρεάζει την ανθρώπινη υγεία - https://t.co/eiOPQNT0y0 https://t.co/TirIUM4COg
1,0.77530944,Positive,,,,,,0.14181629,Η Έλενα Κουντουρά ομιλήτρια σε εκδήλωση της COP27 για τον βιώσιμο τουρισμό https://t.co/Ol582T7Jyo #elenakoyntoyra
0,0.3427745,Negative,,,,,,0.31832948,"Η Ελλάδα σταθμός της παγκόσμιας σκυταλοδρομίας «Running Out of Time» για την κλιματική αλλαγή
H Eλληνική Ολυμπιακή Επιτροπή συμμετείχε στην παγκόσμια σκυταλοδρομία «Running Out of Time», που ξεκίνησε από τη Γλασκώβη με τελικό προορισμό τη Διάσκεψη του ΟΗΕ 
https://t.co/lQauzbwDRQ https://t.co/1sxPVept1D"
1,0.7121441,Positive,,,,,,0.2388243,"ΣΕΒ: Προκλήσεις για την ανταγωνιστικότητα δημιουργεί ο στόχος για κλιματική ουδετερότητα -Προτάσεις για Βιώσιμη Ανάπτυξη - Ρεπορτάζ και ειδήσεις για την Οικονομία, τις Επιχειρήσεις, το Χρηματιστήριο, την Πολιτική #mononewsGR https://t.co/gD98MnebRF"
0,0.33352676,Negative,,,,,,0.24305527,Κλίμα: Στα 8 δις ο παγκόσμιος πληθυσμός - Πως επηρεάζεται το περιβάλλον https://t.co/1v26yzPxPz
0,0.08157267,Negative,,,,,,0.11441262,Οι τροχοί του POWERSPIN γυρίζουν σε ψηφιακό περιβάλλον - https://t.co/g292LrtQBZ https://t.co/6WSfmGwPqi
0,0.108892195,Negative,,,,,,0.09350465,"💬🎬Οι θεσμικές αλλαγές που θεμελιώνουν ένα εγχώριο ακμάζον ο/α περιβάλλον καταγράφονται στη συνέντευξη του Προέδρου &amp; Δ/ντος Συμβούλου #ΕΚΟΜΕ .@panoskouanis στο .@tv100thess, στο πλαίσιο του 63ου .@filmfestivalgr.

Δείτε την εδώ 👇
https://t.co/QsGwWCgdK9

#tiff63 #studiogreece"
0,0.3997153,Negative,,,,,,0.320948,Κλιματική «κρίση»: Μια «ελίτ» που σκοτώνει τον πλανήτη https://t.co/HXYQfijcdo
1,0.6431719,Positive,,,,,,0.24894656,Τζόρτζια Μελόνι: Η G20 σε θυελλώδη νερά – Από την ενεργειακή κρίση ευκαιρία για έναν πιο βιώσιμο κόσμο https://t.co/gJ7zJ3eAgI
0,0.10151996,Negative,,,,,,0.1283605,Προειδοποίηση Sharma: Καμία οπισθοχώρηση από την «κόκκινη γραμμή» για την κλιματική αλλαγή https://t.co/ctMJCDs9Ak
0,0.05927335,Negative,,,,,,0.10197327,"RT @HrissyD: Συγνώμη επειδή δεν έχω καταλάβει.
Πετάνε μπογιές σε πίνακες γιατί καταστρέφουμε το περιβάλλον;
Γιατί δεν πάνε να μαζέψουν σκου…"
0,0.05377558,Negative,,,,,,0.10459084,Σκέφτομαι ότι το χειρότερο με τους βανδαλισμούς των έργων τέχνης είναι η αποτυχία των δρώντων να αντιληφθούν τον πολιτισμό και το περιβάλλον ως ενιαίο αγαθό
0,0.49739084,Negative,,,,,,0.24048342,Παρουσιάστηκε στο Αγρίνιο το Περιφερειακό Σχέδιο Προσαρμογής στην Κλιματική Αλλαγή https://t.co/hEDlJKhuFJ https://t.co/NPJ9xN308v
1,0.6106813,Positive,,,,,,0.18742487,Ένθετο #Περιβάλλον: Οι εξελίξεις των διαπραγματεύσεων στην Παγκόσμια Διάσκεψη του ΟΗΕ για το κλίμα https://t.co/jeBDKmCvrP
0,0.42490372,Negative,,,,,,0.26482993,Guardian για κλιματική αλλαγή: «Ο πλανήτης οδεύει προς μη αναστρέψιμο σημείο» - https://t.co/eiOPQNT0y0 https://t.co/Y31AvWbGCY #κλιμα
1,0.5699281,Positive,,,,,,0.24407549,Κλιματική αλλαγή: Είναι η δενδροφύτευση η λύση για να σωθεί ο πλανήτης; https://t.co/F6Bnlz4Pqv #ΑΡΘΡΑ #ΔΕΝΤΡΑ #ΔΕΝΤΡΟΦΥΤΕΥΣΗ #ΠΕΡΙΒΑΛΛΟΝ By https://t.co/p9zfHynwcm
1,0.6798708,Positive,,,,,,0.26124215,Η #Φινλανδία είναι ο πιο βιώσιμος προορισμός της Ευρώπης για αγορές https://t.co/5plKM3wTsG
0,0.11644102,Negative,,,,,,0.09819053,"RT @eydapgr: Ο Αναπληρωτής CEO της #ΕΥΔΑΠ Αναστάσιος Τόσιος ήταν μεταξύ των ομιλητών στο “Renewable &amp; Storage Forum”, που έγινε 20-21/10 απ…"
1,0.55388135,Positive,,,,,,0.32897916,Σύνοδος κορυφής | Ο τουρισμός μπορεί να αποτελέσει λύση για την κλιματική κρίση και τη δημιουργία θέσεων εργασίας https://t.co/sqqyetPvbq
1,0.96031237,Positive,,,,,,0.069059834,Ημερίδα με θέμα: Κυκλική Οικονομία &amp; Διαχείριση Απορριμμάτων (LIVE) - Πελοποννησιακό Πρακτορείο Ειδήσεων https://t.co/rMGsPYtFyR
1,0.79334146,Positive,,,,,,0.21555574,ΔΗΜΟΠ Κέρκυρας: Διαδραστική παράσταση για την αλληλεπίδραση της Υγείας με το περιβάλλον. https://t.co/YdCnITxhHO
1,0.72561175,Positive,,,,,,0.23645896,ΔΗΜΟΠ Κέρκυρας: Διαδραστική παράσταση για την αλληλεπίδραση της Υγείας με το περιβάλλον - https://t.co/Pk2cagrobV
1,0.9282808,Positive,,,,,,0.1545184,Κώστας Σκρέκας: «Οι Ανανεώσιμες Πηγές Ενέργειας είναι η λύση» Η Ελλάδα αναδεικνύεται σε πυλώνα ενεργειακής ασφάλειας και πράσινης μετάβασης https://t.co/ndUoQKU6eO https://t.co/Qkbl1Mvqnb
1,0.94638747,Positive,,,,,,0.126585,Κ. Σκρέκας: Πυλώνας ενεργειακής ασφάλειας η Ελλάδα – Λύση οι Ανανεώσιμες Πηγές Ενέργειας - LarissaPress https://t.co/Ma15lBZWYI
0,0.206382,Negative,,,,,,0.2125302,«Στα 18 μου πήγε να με βιάσει άνθρωπος από το οικείο μου περιβάλλον» https://t.co/4YzINzjduM
0,0.35514903,Negative,,,,,,0.2244763,Ομιλος ΟΤΕ: Δράσεις και πρωτοβουλίες για τη βιώσιμη ανάπτυξη https://t.co/V8NTIKKAPF #businessnewsgr
0,0.16342154,Negative,,,,,,0.15149477,"RT @EvangAntonaros: Ένας από τους 3 πρώην προέδρους της Νέας Δημοκρατίας είπε πρόσφατα σε στενό φιλικό του περιβάλλον: ""Εγώ με δαύτον στον…"
0,0.075733945,Negative,,,,,,0.0953631,Ο Λούλα πήγε στη σύνοδο του ΟΗΕ για το περιβάλλον με το ιδιωτικό τζετ εκατομμυριούχου https://t.co/SPeVSwzoAi
1,0.8271341,Positive,,,,,,0.1460291,Κώστας Σκρέκας: «Οι Ανανεώσιμες Πηγές Ενέργειας είναι η λύση»--https://t.co/gNIzU6bana
1,0.9655671,Positive,,,,,,0.06452178,9 συμβουλές για να δημιουργήσετε το ιδανικό περιβάλλον στην κρεβατοκάμαρά σας https://t.co/ltXzLfpJ2a
0,0.3947758,Negative,,,,,,0.23541641,«Βραχνάς» για τους μυδοκαλλιεργητές του Θερμαϊκού Κόλπου οι θαλάσσιες φούσκες   - https://t.co/eiOPQNT0y0 https://t.co/he91Augc8k #Ημερίδα #Θαλάσσιες_Φούσκες #Θερμαϊκός_Κόλπος #Θεσσαλονίκη #Κλιματική_Κρίση #Μυδοκαλλιέργεια #Μυδοκαλλιεργητές
1,0.76222146,Positive,,,,,,0.21011782,"Κώστας Σκρέκας: Οι Ανανεώσιμες Πηγές Ενέργειας είναι η λύση - Ρεπορτάζ και ειδήσεις για την Οικονομία, τις Επιχειρήσεις, το Χρηματιστήριο, την Πολιτική #mononewsGR https://t.co/1KBetbIds3"
0,0.18587503,Negative,,,,,,0.21212432,Κλιματική Αλλαγή: Η Τουβαλού πριν χαθεί μετακομίζει στο metaverse | Ειδήσεις – νέα – Το Βήμα Online https://t.co/1e2f77q74E
0,0.075643264,Negative,,,,,,0.11792256,Κλιματική αλλαγή: «Η πείνα στην Αφρική θα αυξηθεί αν δεν κάνουμε κάτι άμεσα» προειδοποιεί ο ΟΗΕ https://t.co/kTOPcJZDsW
1,0.8193947,Positive,,,,,,0.15937248,Σκρέκας: Οι Ανανεώσιμες Πηγές Ενέργειας είναι η λύση https://t.co/nBISpOPSWt
1,0.68265516,Positive,,,,,,0.23941688,έμφαση σε αυτούς που απορρέουν από το μακροοικονομικό περιβάλλον και έχουν άμεσο αντίκτυπο στον καθορισμό της στρατηγικής.
1,0.5017227,Positive,,,,,,0.30714637,"Χατζηδάκης: Συνεχίζουμε την πράσινη μετάβαση με κοινωνικό πρόσημο - Ρεπορτάζ και ειδήσεις για την Οικονομία, τις Επιχειρήσεις, το Χρηματιστήριο, την Πολιτική #mononewsGR https://t.co/qEyRCn7CKq"
1,0.5556012,Positive,,,,,,0.19353098,"RT @Fenagytaxase479: Στα είκοσι χρόνια του έγγαμου βίου της με τον Στεφανή ζούσε μέσα στο φόβο, εκτελώντας κατά γράμμα τις εντολές του, ενώ…"
1,0.5983342,Positive,,,,,,0.20547776,SOS από το Ευρωκοινοβούλιο για την κλιματική κρίση: Απαιτούνται επείγοντα μέτρα https://t.co/VupO1AQtCT
1,0.92855775,Positive,,,,,,0.12007784,5 νέες ανακαλύψεις για την κλιματική αλλαγή που διαμορφώνουν τους τρόπους αντιμετώπισης στο μέλλον https://t.co/JOC362cjGL
1,0.8949057,Positive,,,,,,0.17589529,"Οι Δελφοί επίκεντρο του διεθνούς διαλόγου για την προστασία της πολιτιστικής και φυσικής κληρονομιάς
Οι σύνθετες προκλήσεις σε ό,τι αφορά την προστασία της πολιτιστικής και φυσικής κληρονομιάς από την κλιματική κρίση και τον υπερτουρισμό, αποτελούν τα βασι
https://t.co/ajChcWVPl1"
0,0.17999084,Negative,,,,,,0.13238432,"Η 46χρονη βρέθηκε στην περιοχή της Νέας Σμύρνης από αστυνομικούς και βρίσκεται σε ασφαλές περιβάλλον
https://t.co/vF6a9M47J6"
1,0.9309935,Positive,,,,,,0.12832476,Σκρέκας : Πρωτοπόρα η Ελλάδα στην πράσινη ενέργεια. Έχει κατευθύνει ήδη 7 δισ. ευρώ για τη στήριξη των καταναλωτών από την ενεργειακή κρίση https://t.co/4M3QpKCIdz
0,0.2233428,Negative,,,,,,0.2372517,"Κλιματική κρίση: Τεράστια μάζα μικροβίων απελευθερώνεται από το λιώσιμο των παγετώνων,
https://t.co/HpCZS2oK2G,"
0,0.09397468,Negative,,,,,,0.093859605,"Πρόκειται για παιδιά που έχουν υποστεί κάποιου είδους κακοποίηση ή παιδιά που κρίθηκε ότι είναι ακατάλληλο το οικογενειακό τους περιβάλλον και πρέπει να απομακρυνθούν από αυτό

#znews #παιδια #νοσοκομειο https://t.co/1LQ4Hx2IaC"
1,0.775232,Positive,,,,,,0.22687949,COP27: Νέοι αναπτύσσουν ψηφιακές λύσεις για να αντιμετωπίσουν την κλιματική αλλαγή https://t.co/NZgPYn2Yr5
1,0.7801912,Positive,,,,,,0.23882903,"Γιάννης Κότσιρας: Έχανα τους φίλους μου, έχανα το περιβάλλον μου, έχανα τα πάντα https://t.co/6NNYjImbVB"
0,0.18156289,Negative,,,,,,0.1987371,Η κλιματική αλλαγή επιδεινώνει την ημικρανία και άλλες νευρολογικές παθήσεις. Ποιοι κινδυνεύουν ... https://t.co/zSHZiQTwes
1,0.9096688,Positive,,,,,,0.14215791,"RT @HellenicOlympic: Η ΕΟΕ με την Αλεξάνδρα Πάλλη μετείχε σε διεθνείς συναντήσεις κορυφής στην Πράγα και το Λονδίνο για το περιβάλλον
👉 htt…"
0,0.49085125,Negative,,,,,,0.213088,Δήμος Λυκόβρυσης-Πεύκης: Ψεκασμός κατά της κάμπιας των πεύκων￼ https://t.co/ZecAdSWi8x
1,0.5568934,Positive,,,,,,0.3289811,Ελλάδα: Δεύτερη παγκοσμίως σε ελκυστικότητα επενδύσεων για Ανανεώσιμες πηγές ενέργειας https://t.co/UXrFwUy0ZI
1,0.5379314,Positive,,,,,,0.26698297,Με επιτυχία ολοκληρώθηκε η διαδικτυακή εκδήλωση ΣΘΕΒ και Δικτύου ΠΡΑΞΗ για την κυκλική οικονομία και τη βιώσιμη ανάπτυξη - LarissaPress https://t.co/f6VHSNUQB3
1,0.8281312,Positive,,,,,,0.24101678,Hyundai – Δίνει το παρών στο παγκόσμιο κύπελλο ποδοσφαίρου με φιλικά προς το περιβάλλον οχήματα https://t.co/QzSB0HNo1m
1,0.8992517,Positive,,,,,,0.15116818,Schaeuble: Επιμένω η πρότασή μου για προσωρινό Grexit ήταν οικονομικά σωστή – Μη βιώσιμη μία εσωτερική υποτίμηση https://t.co/pVlqlpQBKl
1,0.76068133,Positive,,,,,,0.24531408,COP27: Νέοι αναπτύσσουν ψηφιακές λύσεις για να αντιμετωπίσουν την κλιματική αλλαγή https://t.co/gFPllh7bIJ #Sasmos #Pagidevmenoi #gntmgr #kaneotikoimasai #GiTisElias
1,0.7498063,Positive,,,,,,0.27986386,[Κλικ και διαβάστε στο cnn]11ο Πανελλήνιο  #Συνέδριο Ασθενών: Ανάγκη για ένα προσβάσιμο και βιώσιμο σύστημα υγείας https://t.co/tzBhra07mH
1,0.7512716,Positive,,,,,,0.28316405,11ο Πανελλήνιο Συνέδριο Ασθενών: Ανάγκη για ένα προσβάσιμο και βιώσιμο σύστημα υγείας - https://t.co/4SA1DHbm9y https://t.co/UHs1X4LCel
0,0.2629055,Negative,,,,,,0.17926829,ΦΤΑΙΕΙ Η ΚΛΙΜΑΤΙΚΗ ΑΛΛΑΓΗ....ΜΗΝ ΠΑΕΙ ΤΟ ΜΥΑΛΟ ΣΑΣ ΡΕ ΨΕΚΙΑ ΣΤΑ ΕΝΦΟΛΙΑ ΤΟΥ ΕΒΡΑΙΟΥ ΚΤΗΝΙΑΤΡΟΥ..... https://t.co/NKKdGyepxg
1,0.5845134,Positive,,,,,,0.36999372,Ernst&amp;Young : Στη δεύτερη θέση παγκοσμίως η Ελλάδα σε ελκυστικότητα για επενδύσεις σε Ανανεώσιμες Πηγές Ενέργειας https://t.co/u8iXR56Qrk
0,0.19923519,Negative,,,,,,0.19507624,Η κλιματική αλλαγή επιδεινώνει την ημικρανία και άλλες νευρολογικές παθήσεις. Ποιοι κινδυνεύουν - https://t.co/uKuGIFT4kn https://t.co/eCrHoJrrI9
1,0.89176184,Positive,,,,,,0.12399201,"COP27: Νέο ταμείο για τις φτωχότερες χώρες που πλήττονται από την κλιματική αλλαγή - Ρεπορτάζ και ειδήσεις για την Οικονομία, τις Επιχειρήσεις, το Χρηματιστήριο, την Πολιτική #mononewsGR https://t.co/ovWXvDKz9N"
0,0.18921652,Negative,,,,,,0.1967117,Η κλιματική αλλαγή επιδεινώνει την ημικρανία και άλλες νευρολογικές παθήσεις. Ποιοι κινδυνεύουν - https://t.co/JYj941c0Vy https://t.co/0c9tC2W9qR
1,0.94326127,Positive,,,,,,0.1020997,COP27 -Κλιματική αλλαγή: Nέο σχέδιο προβλέπει ίδρυση Ταμείου για τις ευάλωτες χώρες - Documento https://t.co/mYp2mNnOGJ
0,0.07321025,Negative,,,,,,0.07940229,ΦΤΑΙΕΙ Η ΚΛΙΜΑΤΙΚΗ ΑΛΛΑΓΗ...ΡΕ ΨΕΚΙΑ.... https://t.co/wgTAhQH7CI
1,0.5426155,Positive,,,,,,0.28490078,ΠΡΑΣΙΝΕΣ ΠΑΠΑΝΤΖΕΣ ΑΠΟ ΜΠΛΕ ΛΑΜΟΓΙΑ ΚΑΙ ΡΟΖΟΥΛΙ ΑΠΟΧΡΩΣΕΙΣ....ΛΑΜΟΓΙΑ ΔΙΑΦΗΜΙΖΑΤΕ ΤΑ ΗΛΕΚΤΡΙΚΑ ΑΥΤΟΚΙΝΗΤΑ ΜΕ ΑΠΑΛΛΑΓΗ ΤΕΛΩΝ...ΦΤΑΙΕΙ Η ΚΛΙΜΑΤΙΚΗ ΑΛΛΑΓΗ ΤΗΣ ΚΩΛΟΤΡΥΠΙΔΑΣ ΤΟΥ ΚΟΥΛΗ.... https://t.co/eQTqTcq6LO
1,0.55219555,Positive,,,,,,0.2520149,Forward Green: 1η Διεθνής Έκθεση για την Κυκλική Οικονομία - https://t.co/eiOPQNSsIs https://t.co/AVnWShby9P #1ηΔιεθνήςΈκθεση #ΚυκλικήΟικονομία #ForwardGreen
0,0.4440716,Negative,,,,,,0.29522997,Ένας κοντινός ορεινός παράδεισος απειλείται  https://t.co/Y9bh0kFygS
1,0.8173953,Positive,,,,,,0.12955058,Κλιματική αλλαγή: Ο Άντι Γουόρχολ τελευταίο θύμα των ακτιβιστών στην Ιταλία https://t.co/e8BE7AtgDR
1,0.8756013,Positive,,,,,,0.16370955,Κατέληξε σε συμφωνία η COP27 – Δημιουργείται ταμείο για τις πιο «ευάλωτες» στην κλιματική αλλαγή χώρες https://t.co/LQRGpymbGT
1,0.8200316,Positive,,,,,,0.19651476,"Κόσμος - Κλιματική Αλλαγή: Σας καταστρέψαμε, αλλά θα σας αποζημιώσουμε https://t.co/nolOmPg3nh"
0,0.3145943,Negative,,,,,,0.24455942,"ΕΙΔΙΚΟ ΘΕΜΑ
Η τσέπη του αγρότη και το περιβάλλον στους ορυζώνες της δυτικής Θεσσαλονίκης, μεγάλοι κερδισμένοι από την Γεωργία Ακριβείας 

https://t.co/A3njoqSa4i https://t.co/VLZOMWpFqc"
0,0.3088376,Negative,,,,,,0.196501,Μουσείο Τσιτσάνη: Βιωματικό σεμινάριο για εκπαιδευτικούς για την κλιματική αλλαγή στα πολιτιστικά αγαθά https://t.co/I0YddJyqUr
0,0.17910999,Negative,,,,,,0.20791914,COP27: Συμφωνία για αποζημιώσεις στις φτωχές χώρες που χτυπήθηκαν από την κλιματική αλλαγή https://t.co/X56fmhMnY4
1,0.71005994,Positive,,,,,,0.19857891,RT @LykavitosGr: COP27: Συμφωνία για πληρωμή των φτωχών χωρών που πλήττονται από την κλιματική αλλαγή  #COP27 #κλιματική_αλλαγή https://t.c…
1,0.7307971,Positive,,,,,,0.18372488,RT @LykavitosGr: COP27: Συμφωνία για πληρωμή των φτωχών χωρών που πλήττονται από την κλιματική αλλαγή  #COP27 #κλιματική_αλλαγή https://t.c…
0,0.17444363,Negative,,,,,,0.22928451,[Κλικ και διαβάστε στο NewsIt]OP27: Συμφωνία για αποζημιώσεις στις φτωχές χώρες που χτυπήθηκαν από την κλιματική  #Αλλαγή https://t.co/HYBZMzHP1Z
0,0.2177282,Negative,,,,,,0.23207305,OP27: Συμφωνία για αποζημιώσεις στις φτωχές χώρες που χτυπήθηκαν από την κλιματική αλλαγή https://t.co/zz6gNx0qqc
1,0.52209383,Positive,,,,,,0.23892672,"Σακελλαροπούλου: Ας δώσουμε σε όλα τα παιδιά μια οικογένεια, ένα περιβάλλον αγάπης και φροντίδας https://t.co/nJD8UJpL3s"
0,0.177377,Negative,,,,,,0.14601213,Τι είναι το διατροφικό περιβάλλον και πώς επηρεάζει τη σχέση μας με την τροφή; https://t.co/3UBe7PqUaI
1,0.5073219,Positive,,,,,,0.23395422,"Σακελλαροπούλου: Ας δώσουμε σε όλα τα παιδιά μια οικογένεια, ένα περιβάλλον αγάπης και φροντίδας - https://t.co/OtZ9qAla4I https://t.co/qImFjOL0Ct"
1,0.510661,Positive,,,,,,0.2536127,"Κ. Σακελλαροπούλου: Ας δώσουμε σε όλα τα παιδιά μια οικογένεια, ένα περιβάλλον αγάπης και φροντίδας μέσα στο οποίο θα ανθίσουν https://t.co/9qmE4CO9fL"
1,0.9831865,Positive,,,,,,0.03753309,"Νέβες: Έχουμε ένα εντυπωσιακό περιβάλλον, ο Ρονάλντο είναι σε εξαιρετική φόρμα #athlosnews #ΑΘΛΟΣ https://t.co/6pk8nHX9tP"
1,0.5588994,Positive,,,,,,0.26169842,"Σακελλαροπούλου: Να δώσουμε σε όλα τα παιδιά μια οικογένεια, ένα περιβάλλον αγάπης και φροντίδας https://t.co/gOmshnnxlJ"
0,0.0909289,Negative,,,,,,0.09887844,[Κλικ και διαβάστε στο Real News] #Κατερίνα  #Σακελλαρόπουλου: Ας δώσουμε σε όλα τα παιδιά ένα περιβάλλον αγάπης και φροντίδας μέσα στο οποίο θ https://t.co/kdY3YbTYDP
0,0.08144214,Negative,,,,,,0.12510769,[Κλικ και διαβάστε στο Real News] #Κατερίνα  #Σακελλαρόπουλου: Ας δώσουμε σε όλα τα παιδιά ένα περιβάλλον αγάπης και φροντίδας μέσα στο οποίο θ https://t.co/kdY3YbTqOh
0,0.3744608,Negative,,,,,,0.22921544,"Σακελλαροπούλου: Να δώσουμε σε όλα τα παιδιά μια οικογένεια, ένα περιβάλλον αγάπης και φροντίδας--https://t.co/PlHg9Mggw5"
1,0.5154974,Positive,,,,,,0.2734265,".@PresidencyGR: 
«Ας δώσουμε σε όλα τα παιδιά μια οικογένεια, ένα περιβάλλον αγάπης και φροντίδας μέσα στο οποίο θα ανθίσουν»

https://t.co/EImvSmsnoN https://t.co/PqjFrpire4"
0,0.42024094,Negative,,,,,,0.33920786,Εναρκτήρια εκδήλωση έργου «Υποστήριξη του Υπουργείου Κλιματικής Κρίσης και Πολιτικής Προστασίας για το Συντονισμό Δράσεων Προετοιμασίας και Κινητοποίησης για την Αντιμετώπιση Καταστάσεων Έκτακτης Ανάγκης και Προσαρμογής στην Κλιματική Αλλαγή» https://t.co/30WXi4hObi https://t.co/xMW321HgK8
1,0.73814857,Positive,,,,,,0.17048079,Ανανεώσιμες Πηγές Ενέργειας: Γιατί αντιδρά η ΕΛΕΤΑΕΝ στις Ειδικές Περιβαλλοντικές Μελέτες https://t.co/vaYzCrMVuA #businessnewsgr
0,0.40828082,Negative,,,,,,0.2877262,Βιώσιμη Γεωργία: Μια Εφικτή Λύση με Πολλαπλά Οφέλη για τον Πλανήτη – Act for Earth | CNN Greece https://t.co/RS9Bl73XGS
0,0.23476756,Negative,,,,,,0.17849424,Σακελλαροπούλου: Ας δώσουμε σε όλα τα παιδιά ένα περιβάλλον αγάπης και φροντίδας https://t.co/AeosGiC3n9 #GiTisElias #gntmgr #Sasmos #kaneotikoimasai #Pagidevmenoi
1,0.9175336,Positive,,,,,,0.1398887,Πόσο εύκολα προσαρμόζονται γάτες και σκύλοι στο νέο περιβάλλον και με ξένους [μελέτη] https://t.co/gaBXOMumfH
1,0.75973356,Positive,,,,,,0.18171784,COP27: Ιστορική συμφωνία για πληρωμή των φτωχών χωρών που πλήττονται από την κλιματική αλλαγή https://t.co/BdYRb4SZFa
1,0.70851654,Positive,,,,,,0.21568893,"🔐 Δεν βλέπεις λύσεις; Δημιούργησε ένα περιβάλλον απόλυτης ησυχίας για να αφουγκραστείς το Σύμπαν!
@AngeloLabrou #ΠροσωπικήΑνάπτυξη #Αυτοβελτίωση #ευτυχία #επιτυχία #inspresso"
0,0.49456528,Negative,,,,,,0.33150458,5th Athens Investment Forum: Ανοίγει η αυλαία για το κορυφαίο Συνέδριο του ελληνικού επιχειρείν με επίκεντρο τη βιώσιμη ανάπτυξη και τον ψηφιακό μετασχηματισμό https://t.co/y6UWj5qCuw
1,0.6536362,Positive,,,,,,0.2261865,"Επιτροπή Πρέβεζα, Ιστορία – Πολιτισμός – Περιβάλλον: Πολυσπόρια https://t.co/nZrN7re0YY https://t.co/zMrJHlVhzR"
0,0.1484042,Negative,,,,,,0.14305785,MYTILINEOS: Φέρνοντας τη Βιώσιμη Ανάπτυξη στο πλευρό της ελληνικής κοινωνίας https://t.co/Og2EftRPrB
0,0.36416066,Negative,,,,,,0.27877915,"Το «Μικρό Χωριό» της Ευρυτανίας είναι ένα στολίδι μέσα στο ελατοδάσος - Η φύση έχει δημιουργήσει ένα μοναδικό σκηνικό και τα σπίτια μοιάζουν τόσο αρμονικά τοποθετημένα στο φυσικό περιβάλλον
#καρπενησι https://t.co/v7f4m2zBlb"
1,0.800442,Positive,,,,,,0.21062493,"Η Linde Hellas ανακοίνωσε ότι ξεκίνησε την παραγωγή πράσινου υδρογόνου στις εγκαταστάσεις της στη Μάνδρα, χρησιμοποιώντας ανανεώσιμες πηγές ενέργειας για την ηλεκτρόλυση διαλύματος KOH"
1,0.922441,Positive,,,,,,0.12998444,COP27: Νέοι αναπτύσσουν ψηφιακές λύσεις για να αντιμετωπίσουν την κλιματική αλλαγή μέσω της πρωτοβουλίας του Ιδρύματος Vodafone #YoungMakesGreen https://t.co/93bzdlThuS https://t.co/usBtIZcCBb
1,0.9228871,Positive,,,,,,0.18041179,COP27: Νέοι αναπτύσσουν ψηφιακές λύσεις για να αντιμετωπίσουν την κλιματική αλλαγή μέσω της πρωτοβουλίας του Ιδρύματος Vodafone #YoungMakesGreen ... https://t.co/71A1FnRBNy
0,0.491992,Negative,,,,,,0.2931368,Vodafone: Ένα ξεχωριστό περιβάλλον εργασίας στην Ελλάδα που προσφέρει ευκαιρίες εξέλιξης και κατάρτισης https://t.co/1wdnMiYuHo
1,0.6891694,Positive,,,,,,0.24491742,Οι ανανεώσιμες πηγές ενέργειας στο επίκεντρο του 5th Athens Investment Forum https://t.co/zajFbokMjr
1,0.7032975,Positive,,,,,,0.12501284,Βουλή: Χαμηλά ο πήχυς της COP27 για την κλιματική αλλαγή https://t.co/CtKM60TLSv
0,0.48796412,Negative,,,,,,0.23211032,Vodafone: Ένα ξεχωριστό περιβάλλον εργασίας που προσφέρει ευκαιρίες εξέλιξης και κατάρτισης https://t.co/HKrbGyYB6r
1,0.55740476,Positive,,,,,,0.2921375,"Καθώς η Διάσκεψη των Ηνωμένων Εθνών για την Κλιματική Αλλαγή (COP27) του 2022 ολοκληρωνόταν, η Ευρωπαϊκή Αρχή Ασφαλίσεων και Επαγγελματικών https://t.co/nindrJqAIk https://t.co/Iu6xk0rfvO"
1,0.71753204,Positive,,,,,,0.26854658,⭕ “Ανησυχητικό” και “προκλητικό” χαρακτηρίζει η πρόεδρος της Ευρωπαϊκής Ομοσπονδίας Δημοσιογράφων το περιβάλλον του Τύπου στην Ελλάδα https://t.co/wYNvu2QX1u
0,0.22763799,Negative,,,,,,0.25185427,"Γρηγόρης Δημητριάδης (Υπερταμείο): Επιτακτική η ανάγκη για βιώσιμη ανάπτυξη και ψηφιακό μετασχηματισμό - Ρεπορτάζ και ειδήσεις για την Οικονομία, τις Επιχειρήσεις, το Χρηματιστήριο, την Πολιτική #mononewsGR https://t.co/ieVQxUsg1Y"
0,0.35257703,Negative,,,,,,0.28001887,Γρηγόρης Δημητριάδης (Υπερταμείο): Αναγκαία η ψηφιακή και βιώσιμη μετάβαση https://t.co/CmEMeBHjOd #businessnewsgr
0,0.2685352,Negative,,,,,,0.18858817,"Δημοσιογράφος ΣΩΡΙΑΖΕΤΑΙ στον «αέρα» στην Διάσκεψη των διεθνιστών για την… «Κλιματική Αλλαγή», vid https://t.co/O3tkE6ZL9j"
0,0.4895867,Negative,,,,,,0.20268765,"📢 Παγκόσμιος Συναγερμός! Η κλιματική αλλαγή η επόμενη απειλή για τον άνθρωπο.
#ΑΝΘΡΩΠΟΣ #ΑΠΕΙΛΗ #ΕΠΙΣΤΗΜΟΝΕΣ #ΚΛΙΜΑΤΙΚΗΑΛΛΑΓΗ #ΟΗΕ #ΣΥΝΑΓΕΡΜΟΣ

https://t.co/XdjlX6NMaX"
0,0.3580614,Negative,,,,,,0.2879359,Β. Κουτεντάκης: Αρρηκτα συνδεδεμένες βιώσιμη ανάπτυξη και ψηφιακός μετασχηματισμός https://t.co/4wswre3gNC
0,0.40005288,Negative,,,,,,0.27835816,"Σχοινάς: Έχει έρθει η ώρα για ένα βιώσιμο ευρωπαϊκό πλαίσιο ασύλου και μετανάστευσης

https://t.co/uxso0nAmtO"
0,0.1860569,Negative,,,,,,0.17025909,Προειδοποίηση για την κλιματική αλλαγή - Φέρνει εξάπλωση μολυσματικών ασθενειών - https://t.co/UR13WDYi16 https://t.co/yrvD65Ithm
0,0.31469247,Negative,,,,,,0.22983992,"Η #κλιματική_αλλαγή ευνοεί την εξάπλωση μολυσματικών ασθενειών, προειδοποιεί το Παγκόσμιο Ταμείο Καταπολέμησης του #AIDS, της φυματίωσης και της ελονοσίας

https://t.co/ohWshMeBGZ https://t.co/7fOaZorcCE"
1,0.7196219,Positive,,,,,,0.25830105,Θεσσαλονίκη: Μαθητές από πέντε χώρες ζητούν άμεση δράση για την κλιματική αλλαγή https://t.co/yGjuHkvgAb
1,0.60204744,Positive,,,,,,0.18691626,Ίδρυμα Μποδοσάκη: «Σχέδιο Δράσης για το Περιβάλλον και το Κλίμα» https://t.co/mbDFnbr8Fk
0,0.48290938,Negative,,,,,,0.2962376,Μ. Σχοινάς: Έχει έρθει η ώρα για ένα βιώσιμο ευρωπαϊκό πλαίσιο ασύλου και μετανάστευσης https://t.co/JhVZ0GOCCO
0,0.3878024,Negative,,,,,,0.30168197,Μ. Σχοινάς: Έχει έρθει η ώρα για ένα βιώσιμο ευρωπαϊκό πλαίσιο ασύλου και μετανάστευσης https://t.co/GOqTlxNQhn #gntmgr #Pagidevmenoi #GiTisElias #kaneotikoimasai #Sasmos
0,0.45167974,Negative,,,,,,0.25703675,Σχοινάς: Ώρα για βιώσιμο ευρωπαϊκό πλαίσιο ασύλου και μετανάστευσης - https://t.co/9QBkOFJXYW https://t.co/GdgxiMMROW
1,0.7992523,Positive,,,,,,0.1563994,"Δεκαεξάχρονοι μαθητές από την Ελλάδα, την Εσθονία, την Τσεχία, την Πορτογαλία και τη Λιθουανία ζητούν στήριξη στο ψήφισμά τους για την κλιματική κρίση

https://t.co/C3KhspZxus 

#ClimateCrisis #ClimateAction https://t.co/ofXk4xbk73"
0,0.41957462,Negative,,,,,,0.29852676,Μ. Σχοινάς: Έχει έρθει η ώρα για ένα βιώσιμο ευρωπαϊκό πλαίσιο ασύλου και μετανάστευσης https://t.co/zkAi2v61xt
0,0.28525555,Negative,,,,,,0.27426767,Ξεκίνησε επίσημα το έργο «Υποστήριξη του Υπουργείου Κλιματικής Κρίσης και Πολιτικής Προστασίας για το Συντονισμό Δράσεων Προετοιμασίας και Κινητοποίησης για την Αντιμετώπιση Καταστάσεων Έκτακτης Ανάγκης και Προσαρμογής στην Κλιματική Αλλαγή» https://t.co/aeISqSYQMD
1,0.81572205,Positive,,,,,,0.19567612,RT @ilianewskoukos: Έργο «πνοής» για το περιβάλλον και τη δημόσια υγεία των κατοίκων https://t.co/eic65xB3Zh https://t.co/5jrv0tSwJO
1,0.8626445,Positive,,,,,,0.18397482,Έργο «πνοής» για το περιβάλλον και τη δημόσια υγεία των κατοίκων https://t.co/eic65xB3Zh https://t.co/5jrv0tSwJO
0,0.17463301,Negative,,,,,,0.22533637,"""Η ευθύνη που φέρει η δική μας γενιά είναι μεγάλη. Η ελπίδ
ΧΑΙΡΕΤΙΣΜΟΣ ΤΗΣ ΠΡΟΕΔΡΟΥ ΤΗΣ ΔΗΜΟΚΡΑΤΙΑΣ ΚΑΤΕΡΙΝΑΣ ΣΑΚΕΛΛΑΡΟΠΟΥΛΟΥ ΣΤΑ ΕΓΚΑΙΝΙΑ ΤΗΣ ΕΚΘΕΣΗΣ «ΚΛΙΜΑΤΙΚΗ ΑΛΛΑΓΗ ΚΑΙ ΕΜΕΙΣ» ΣΤΟ ΜΟΥΣΕΙΟ ΓΟΥΛΑΝΔΡΗ ΦΥΣΙΚΗΣ ΙΣΤΟΡΙΑΣ – ΚΕΝΤΡΟ ΓΑΙΑ
https://t.co/LFYWniyybA
📸Τheodore Manolopoulos https://t.co/pGlbCsXVyt"
0,0.38992986,Negative,,,,,,0.18452395,Η κλιματική αλλαγή ευνοεί την εξάπλωση μολυσματικών ασθενειών https://t.co/K7xLZeMSUS
0,0.39981973,Negative,,,,,,0.2520124,"«SOS» για την κλιματική αλλαγή: «Ευνοεί την εξάπλωση μολυσματικών ασθενειών και θα σκοτώσει ανθρώπους»

https://t.co/pJYuk9qmZd"
1,0.6435637,Positive,,,,,,0.2673975,Λύση Biochar: Η υπερθέρμανση του πλανήτη και η κλιματική αλλαγή οφείλονται στον άνθρακα https://t.co/qWci9caND5
0,0.20652574,Negative,,,,,,0.19646004,Προειδοποίηση για την κλιματική αλλαγή - Φέρνει εξάπλωση μολυσματικών ασθενειών https://t.co/PB5QxZuzlh
0,0.3795949,Negative,,,,,,0.2444422,«SOS» για την κλιματική αλλαγή: «Ευνοεί την εξάπλωση μολυσματικών ασθενειών και θα σκοτώσει ανθρώπους» https://t.co/Y38gp3NGry
0,0.18131867,Negative,,,,,,0.16692953,"Εάν αυτό δεν είναι πλύση εγκεφάλου στα παιδιά για την ""κλιματική κρίση"" τότε τι είναι;
https://t.co/nVcPPC7Hxg"
1,0.50948495,Positive,,,,,,0.24318911,ΕΥ: Αναγκαία η ευελιξία και η προσαρμοστικότητα στο νέο φορολογικό περιβάλλον https://t.co/ScTqH5ioeq
0,0.053689383,Negative,,,,,,0.07968107,"Πώς συνδέεται ο χορός με την επιστήμη, την τεχνολογία και το περιβάλλον https://t.co/8U41a6Bsc1"
1,0.7277023,Positive,,,,,,0.2271437,Μετανάστευση και άσυλο: Συζήτηση στο Ευρωκοινοβούλιο για βιώσιμη μακροπρόθεσμη λύση - https://t.co/Eh36lj7wpG https://t.co/KF5qh3iPop
1,0.7375717,Positive,,,,,,0.22735536,"Vodafone: Ένα ξεχωριστό περιβάλλον εργασίας στην Ελλάδα που προσφέρει ευκαιρίες εξέλιξης και κατάρτισης, σε ένα πλαίσιο ισότητας και καινοτομίας https://t.co/bSNkF553eW https://t.co/FII9BVfoeq"
1,0.6261032,Positive,,,,,,0.23236594,Κλιματική Αλλαγή κι εμείς: Διαδραστική έκθεση στο Μουσείο Γουλανδρή - https://t.co/8zcLn8Rin1 https://t.co/0O9vp4nRNO
1,0.64734495,Positive,,,,,,0.2314725,"Vodafone: Ένα ξεχωριστό περιβάλλον εργασίας στην Ελλάδα που προσφέρει ευκαιρίες εξέλιξης και κατάρτισης, σε ένα πλαίσιο ισότητας και ... https://t.co/RP4nS41aMO"
0,0.47648144,Negative,,,,,,0.25839326,"«Κλιματική Αλλαγή κι εμείς»: Εγκαινιάστηκε η πρώτη διαδραστική μόνιμη έκθεση για την κλιματική αλλαγή στο Μουσείο Γουλανδρή Φυσικής Ιστορίας

https://t.co/HFU6F3CRIF 

#climatechange https://t.co/FovdKU5FAb"
1,0.79796565,Positive,,,,,,0.16934635,Μαθητές μυούνται στην κυκλική οικονομία μέσα από το Δελφικό τοπίο https://t.co/mKNAoxwkJr
0,0.091332406,Negative,,,,,,0.120294794,Κλιματική αλλαγή: Περισσότεροι από 20.000 θάνατοι στη Δυτική Ευρώπη συνδέονται με τους θερινούς καύσωνες https://t.co/vmUGrpDJIO
0,0.13307403,Negative,,,,,,0.11222154,"Κλιματική αλλαγή: Περισσότεροι από 20.000 θάνατοι στη Δυτική Ευρώπη συνδέονται με τους θερινούς καύσωνες - Ρεπορτάζ και ειδήσεις για την Οικονομία, τις Επιχειρήσεις, το Χρηματιστήριο, την Πολιτική #mononewsGR https://t.co/6eryuVGOWU"
0,0.42079377,Negative,,,,,,0.25936526,Νερό «δηλητήριο» από λιπάσματα - Η περιοχή που χτυπά «κόκκινο» στη Θεσσαλονίκη https://t.co/pFXplWTVyu #ΠΕΡΙΒΑΛΛΟΝ #ΠΕΡΙΞ #ΥΔΡΕΥΣΗ https://t.co/msa2xiYgLy
0,0.12397225,Negative,,,,,,0.1347084,RT @FOCUSFM1036: Σκάνδαλο στον Δήμο Κατερίνης! Δάνειο 5.000.000€ για αλλαγή λαμπτήρων με υλικό πεπερασμένης τεχνολογίας και επικίνδυνο για…
1,0.71609247,Positive,,,,,,0.19029015,Motor Oil: Εξαγορά του 100% της Thalis - Επέκταση στην κυκλική οικονομία https://t.co/FDSHyyUgdg
1,0.68053085,Positive,,,,,,0.20333914,"Motor Oil: Εξαγόρασε το 100% της Thalis ES, επενδύοντας στην κυκλική οικονομία https://t.co/QD9IyDR0yM #businessnewsgr"
1,0.846768,Positive,,,,,,0.13267708,"Μαθητές μυούνται στην κυκλική οικονομία μέσα από το Δελφικό τοπίο

https://t.co/6Seie3bIYr https://t.co/vvSh6gLVNe"
1,0.8245048,Positive,,,,,,0.24847913,"Στις 26 και 27 Νοεμβρίου 2022 στο θέατρο «Μίκης Θεοδωράκης» θα διοργανωθεί το «Climathon» των Χανίων, μια δράση ιδεών για το κλίμα, φιλική προς τις οικογένειες και τα παιδιά, με δωρεάν συμμετοχή. https://t.co/z18TvzWPn9"
1,0.748231,Positive,,,,,,0.2159123,"Δημήτρης Ταμβάκης (ΔΕΠΑ Εμπορίας): Προετοιμάζουμε το έδαφος για τη νέα «πράσινη» πραγματικότητα - Ρεπορτάζ και ειδήσεις για την Οικονομία, τις Επιχειρήσεις, το Χρηματιστήριο, την Πολιτική #mononewsGR https://t.co/jCNVja0EEP"
1,0.8861063,Positive,,,,,,0.15943533,"ΚΕΔΕ: Οι προτεραιότητες των δήμων για κυβερνησιμότητα, οικονομικά, ενέργεια και περιβάλλον https://t.co/H8Kg7hPPsJ"
0,0.050149355,Negative,,,,,,0.06184198,Κλιματική αλλαγή: 20.000 θάνατοι στη Δυτική Ευρώπη συνδέονται με τους καύσωνες – Ειδήσεις – νέα – Το Βήμα Online https://t.co/4DkJwqR0m9
0,0.29625902,Negative,,,,,,0.21549529,Κλιματική αλλαγή: Πάνω από 20.000 οι νεκροί στην Ευρώπη το καλοκαίρι του 2022 - https://t.co/NScqCukzqV https://t.co/Es46sfJvNr
0,0.24302764,Negative,,,,,,0.15148696,Ίδρυμα Μποδοσάκη: Σχέδιο Δράσης για το περιβάλλον και το κλίμα στη διάθεση της Πολιτείας https://t.co/Wb6HuSQJsE
1,0.88155586,Positive,,,,,,0.13800056,"Ο Όμιλος Motor Oil το 2030: Επενδύει 2,5 δισ  ευρώ για ένα πιο βιώσιμο μέλλον. https://t.co/Vwe8V7D4Ho"
1,0.6275144,Positive,,,,,,0.16918474,Κλιματική αλλαγή: Μήνυση κατά της χώρας της υπέβαλε η Γκρέτα Τούνμπεργκ https://t.co/wUwbEGH5xU
0,0.327023,Negative,,,,,,0.25442004,"Ευρωπαϊκή Επιτροπή-προγραμμα LIFE για το περιβάλλον: Χρηματοδότηση 380 εκατ. ευρώ για 168 νέα έργα - Ρεπορτάζ και ειδήσεις για την Οικονομία, τις Επιχειρήσεις, το Χρηματιστήριο, την Πολιτική #mononewsGR https://t.co/OoSBKSU0rQ"
1,0.8983026,Positive,,,,,,0.13843025,Κλιματική κρίση: 600 νέοι προσφεύγουν στη δικαιοσύνη κατά της Σουηδίας – Κατηγορούν τη χώρα για ανεπαρκή μέτρα κατά της κλιματικής αλλαγής https://t.co/jmsEbOrSSA
1,0.7991957,Positive,,,,,,0.18195656,"Η Γκρέτα Τούνμπεργκ και 600 νέοι προσφεύγουν στη δικαιοσύνη κατά της Σουηδίας για το περιβάλλον

https://t.co/J4ziHh0DbW"
0,0.39878684,Negative,,,,,,0.2690304,Καινοτόμος σχεδιασμός για πράσινη οικονομία στην επαγγελματική εκπαίδευση από το ΠΕΚΕΣ και το ΠΘ https://t.co/KThWNklVnr
0,0.07359822,Negative,,,,,,0.08390741,Κλιματική αλλαγή: Περισσότεροι από 20.000 θάνατοι στη Δυτική Ευρώπη συνδέονται με τους θερινούς καύσωνες https://t.co/YoRDMxFsmK
1,0.7136397,Positive,,,,,,0.21359992,H Έλενα Κουντουρά ομιλήτρια στο διεθνές συνέδριο Circle the Med Forum 2022 για τον βιώσιμο τουρισμό στη Μεσόγειο https://t.co/UC60xA150V
0,0.32027304,Negative,,,,,,0.23025201,"Θέρμη: Ανησυχία για ρύπους από εργοστάσιο, δίπλα στο 2ο Δημοτικό σχολείο https://t.co/YV3o8A1dYn #ΘΕΡΜΗ #ΚΑΤΑΓΓΕΛΙΕΣ #ΠΕΡΙΒΑΛΛΟΝ #ΣΧΟΛΙΚΑ https://t.co/gPsRjnodGn"
1,0.68080634,Positive,,,,,,0.2616847,Γερμανία - «Τελευταία γενιά»: Οργή για τη δράση των ακτιβιστών για το κλίμα - https://t.co/uuo1NeZ6QO https://t.co/sfI7fofCle
1,0.78069174,Positive,,,,,,0.27461532,Γερμανία: Κυβέρνηση και αντιπολίτευση καταδικάζουν τη δράση των ακραίων ακτιβιστών για το κλίμα “Τελευταία Γενιά” https://t.co/Wgv7IsRrsg
1,0.68284667,Positive,,,,,,0.26683193,Γερμανία: Κυβέρνηση και αντιπολίτευση καταδικάζουν τη δράση των ακτιβιστών για το κλίμα «Τελευταία Γενιά» https://t.co/8GUfj3QYTq
0,0.18844658,Negative,,,,,,0.14136231,Παπαστεργίου: Τα πάντα είναι περιβάλλον – και τι κάνουμε για αυτό https://t.co/bDlx34padx
1,0.73784345,Positive,,,,,,0.2597993,"Γερμανία: Κυβέρνηση και αντιπολίτευση καταδικάζουν τη δράση των ακτιβιστών για το κλίμα «Τελευταία Γενιά» - Ρεπορτάζ και ειδήσεις για την Οικονομία, τις Επιχειρήσεις, το Χρηματιστήριο, την Πολιτική #mononewsGR https://t.co/xL8wOBfKkt"
0,0.34862727,Negative,,,,,,0.23017561,Η Ματίκα παραδέχεται: «Έχω δεχθεί κακοποιητικές συμπεριφορές στο εργασιακό περιβάλλον» https://t.co/AdG1J2uoRi
0,0.39462522,Negative,,,,,,0.18052149,RT @MonkeyGreek: #κλιματικη αλλαγη #ClimateScam #climate #nwo #NWOSTATE https://t.co/1pE8AJmG87
1,0.5135655,Positive,,,,,,0.17253345,"Στην κυκλική οικονομία η Motor Oil
https://t.co/OxJ9rQ9FLR https://t.co/80fa0OEHrK"
1,0.6142993,Positive,,,,,,0.23801601,"Κλιματική αλλαγή και ""επιχειρείν"" - Τι είναι το CGIG και ο ρόλος της EBRD https://t.co/9znoSUrRjp #businessnewsgr"
1,0.7269868,Positive,,,,,,0.22729363,Ο ρόλος της CGI Greece για την κλιματική αλλαγή στο επιχειρείν - https://t.co/05jkpUqMls https://t.co/RNIh4m2mlE
0,0.46427265,Negative,,,,,,0.23846117,Βιώσιμη Ανάπτυξη και ESG στο επίκεντρο των αξιών της ΕΥΔΑΠ https://t.co/X9h97LRNWg
0,0.15076035,Negative,,,,,,0.10827721,"Το γαλλικό περιοδικό επικαλείται το οικογενειακό περιβάλλον του Αργεντινού
https://t.co/61Ci3Hs6A7"
1,0.58827907,Positive,,,,,,0.23890495,Ίδρυμα Μποδοσάκη: 10 μεταρρυθμίσεις στο Σχέδιο Δράσης για το Περιβάλλον και το Κλίμα - https://t.co/s8ee5SCjZa https://t.co/umNB34idM4
1,0.73009133,Positive,,,,,,0.24091066,Bloomberg: “Η Γερμανία θα ΦΟΡΟΛΟΓΗΣΕΙ ΥΠΕΡΟΓΚΑ και την πράσινη ενέργεια” https://t.co/FYC0DeBadR
0,0.3281813,Negative,,,,,,0.19253299,Θάλεια Ματίκα: «Έχω δεχθεί κακοποιητικές συμπεριφορές στο εργασιακό περιβάλλον» https://t.co/WwItbPzwzz
0,0.2760408,Negative,,,,,,0.17125969,Περιφέρεια Κρήτης | Βράβευση για τη δράση της στην Κυκλική Οικονομία https://t.co/MsPEBMOrWA
1,0.6000846,Positive,,,,,,0.23576845,Βράβευση της Περιφέρειας Κρήτης για την δράση της στη Κυκλική Οικονομία https://t.co/qtaa97S1Ej
1,0.7742743,Positive,,,,,,0.21681401,"Αν το σχέδιο είναι να μας πιπίλανε το μυαλό κάθε ώρα και στιγμή για την κλιματική κρίση που διαμορφώθηκε ως μια νέα τεραστια αγορά πολλοί θα γίνουν αρνητές. Πάντως 4 εποχές έχουμε κάθε χρόνο αλλά ελευθερία να τις χαρούμε και χρήματα δεν έχουμε, αυτή είναι η μεγάλη αλλαγή. https://t.co/IsDkGPQNVt"
0,0.392899,Negative,,,,,,0.27919677,Ξεκινά νέο πρόγραμμα για τη βιώσιμη ανάπτυξη σε 10 ευρωπαϊκές περιφέρειες https://t.co/OxxEeNoGgn
0,0.24785572,Negative,,,,,,0.1495504,Βιώσιμη ανάπτυξη και εξωστρέφεια στο επίκεντρο της Γενικής Συνέλευσης του ΕΕΔΕΓΕ https://t.co/7cOJ6oPSV2 https://t.co/HE4Ng9HQcb
0,0.14001735,Negative,,,,,,0.16766536,Δράση δημιουργικής γραφής για την κλιματική αλλαγή σε δύο γλώσσες https://t.co/9ecH739i3B
1,0.9814906,Positive,,,,,,0.031880274,Coca-Cola στην Ελλάδα: Ορίζοντες για ένα πιο βιώσιμο μέλλον | CNN Greece https://t.co/bWUvmWKyXx
0,0.1681481,Negative,,,,,,0.2228216,"🗣️ ""Θα πρέπει να εστιάσουμε στις ανάγκες του παιδιού και των γονιών του, στην πρόληψη, στην ενδυνάμωση των οικογενειών στον τόπου που κατοικούν και όχι σε ένα ίδρυμα που είναι ένα χαοτικό περιβάλλον και καλείται να προστατέψει ένα παιδί με χαοτικά συνα... https://t.co/nyvlCOmuzL"
0,0.31249112,Negative,,,,,,0.30857512,RT @pprodromou: Σύνοδος Συμβουλίου Παιδείας και Νεολαίας Ε.Ε. ✅Διαδρομές σχολικής επιτυχίας κ ευημερία στην ψηφιακή εκπαίδευση ✅Ευρωπαϊκό Έ…
0,0.3738967,Negative,,,,,,0.26443756,"Ν. Ανδρουλάκης: Νέο κοινωνικό συμβόλαιο για ανάπτυξη, κοινωνική συνοχή, περιβάλλον-“Κανείς δεν θα μείνει πίσω” https://t.co/yfxyBSvRPl"
0,0.3629583,Negative,,,,,,0.25377738,"Ν. Ανδρουλάκης: Νέο κοινωνικό συμβόλαιο για ανάπτυξη, κοινωνική συνοχή, περιβάλλον-“Κανείς δεν θα μείνει πίσω” https://t.co/LFN325GoTO"
0,0.38712296,Negative,,,,,,0.14639209,Πώς θα το πάει ο ΣΥΡΙΖΑ και ποιος καθορίζει το περιβάλλον των εκλογών https://t.co/4O5BtwOLgO
0,0.17491424,Negative,,,,,,0.15970522,Ο Μεγάλος κοραλλιογενής Ύφαλος βρίσκεται σε κίνδυνο https://t.co/nzBiE5CeKJ #ΘΑΛΑΣΣΑ #ΚΟΣΜΟΣ #ΠΕΡΙΒΑΛΛΟΝ https://t.co/94IWgAXPGU
0,0.16957472,Negative,,,,,,0.15625858,"Μετά τον θάνατό του το 2015, η Telegraph χαιρέτισε τον Maurice Strong ως τον άνθρωπο που εφηύρε την κλιματική αλλαγή, «μέχρι σήμερα, η παγκόσμια κλιματική πολιτική εξακολουθεί να διαμορφώνεται από τηνατζέντα του Maurice Strong, ενός Καναδού

https://t.co/Cc8pKnIHvl https://t.co/98HWcbmZ8Q"
0,0.08702007,Negative,,,,,,0.10319916,RT @TheOpinion_News: Η κλιματική αλλαγή επηρεάζει τον Θερμαϊκό κόλπο (VIDEO) https://t.co/P0VW4p1sYX #Thessaloniki #skg #TheOpinion
0,0.4778339,Negative,,,,,,0.14996666,Η Greta Thunberg δεν σταματά τη δράση της για το κλίμα https://t.co/Cxr2njBWXn
1,0.7160776,Positive,,,,,,0.17761612,"RT @Hellenic_MOD: Ο ΥΦΕΘΑ @nhardalias  κήρυξε την έναρξη των εργασιών στην Ημερίδα «Κλιματική Αλλαγή και Ένοπλες Δυνάμεις»
@ChiefHNDGS 
htt…"
1,0.6968291,Positive,,,,,,0.22761242,Σε διεθνές φόρουμ για τη βιώσιμη κινητικότητα ο Δήμος Πλατανιά. https://t.co/uh1ciuMYFk
1,0.89123374,Positive,,,,,,0.21405733,"Τσίπρας: Η Ελλάδα είναι σήμερα μια χώρα άδικη για τους πολλούς και χωρίς βιώσιμη αναπτυξιακή στρατηγική,
https://t.co/uR391PA1i3,"
0,0.16332662,Negative,,,,,,0.16884299,[Κλικ και διαβάστε στο ellinikahoaxes]Η σύγχρονη κλιματική  #Αλλαγή δεν οφείλεται στον ήλιο https://t.co/ouCEKTa6bk
1,0.7636296,Positive,,,,,,0.2490121,".@atsipras στο συνέδριο της @naftemporikigr: Η Ελλάδα είναι σήμερα μια χώρα άδικη για τους πολλούς, αλλά και χωρίς βιώσιμη μακροπρόθεσμη αναπτυξιακή στρατηγική 

https://t.co/rVulESLpC1"
1,0.7603319,Positive,,,,,,0.23545484,Εκπαιδευτική εκδήλωση στον Βόλο για την πράσινη ενέργεια και τη ρομποτική https://t.co/beY1vEr2gP
1,0.67210937,Positive,,,,,,0.19937086,Φ. Αδαμίδη για ΟΚΠΑ Βριλησσίων: Μη βιώσιμη λύση η εξάρτηση από την ΜΚΟ https://t.co/QYME0s83Ai
1,0.9530143,Positive,,,,,,0.06325299,RT @LykavitosGr: ΕΥΔΑΠ - Διαχείριση υγρών και στερεών αποβλήτων (κυκλική οικονομία)  #ΕΥΔΑΠ https://t.co/Tr5mTzsZvt
1,0.9652328,Positive,,,,,,0.0522906,RT @LykavitosGr: ΕΥΔΑΠ - Διαχείριση υγρών και στερεών αποβλήτων (κυκλική οικονομία)  #ΕΥΔΑΠ https://t.co/Tr5mTzsZvt
0,0.3898533,Negative,,,,,,0.2696049,"Η Πρόεδρος της Δημοκρατίας Κατερίνα Σακελλαροπούλου παρέστη στην παρουσίαση του Σχεδίου Δράσης για το Περιβάλλον και το Κλίμα του Ιδρύματος Μποδοσάκη, στο Μέγαρο Μουσικής Αθηνών https://t.co/yiI3594vZW https://t.co/NEFHZhuAa4"
1,0.72710556,Positive,,,,,,0.20785269,"Κλιματική αλλαγή: Νομική παροχή δικαιωμάτων και προστασία σε μη ανθρώπινες οντότητες,
https://t.co/bKx3cX73Lr,"
0,0.45255277,Negative,,,,,,0.26862615,"Ισημερινός:δημοψήφισμα για τη δημόσια ασφάλεια, πολιτική, περιβάλλον προκηρύσσει ο πρόεδρος https://t.co/zkCwXY5mnz"
0,0.42896992,Negative,,,,,,0.23844877,Κλιματική αλλαγή: Χώρες που πνίγονται ζητούν δικαιοσύνη από το Δικαστήριο της Χάγης https://t.co/OoExD8eRBD
1,0.6883708,Positive,,,,,,0.28800154,ΑΠΙΣΤΕΥΤΟ!!! Λένε πως η δήθεν κλιματική αλλαγή επηρεάζει ακόμα και την ποιότητα της μουσικής https://t.co/Jnlh7PCn6P
1,0.8232294,Positive,,,,,,0.18960835,"Η υφυπουργός Εργασίας Δόμνα Μιχαηλίδου μίλησε στο συνέδριο του Economist για τον «επαναπροσδιορισμό της βιωσιμότητας σε έναν μη βιώσιμο κόσμο»

https://t.co/g3ovX7ANZL"
0,0.2875245,Negative,,,,,,0.2915319,Πώς η κλιματική αλλαγή επηρεάζει την ποιότητα της μουσικής https://t.co/lZ8G4jNCA3
0,0.15966317,Negative,,,,,,0.14574401,RT @KostasVaxevanis: Σύμφωνα με την παρακολούθηση από το #predator ο πόλεμος φιλοκυβερνητικού δημοσιογράφου με το περιβάλλον του Μαξίμου ξε…
1,0.8901231,Positive,,,,,,0.17350577,Καραγιώργος: «Για ένα ιδανικό αθλητικό περιβάλλον» https://t.co/RWHiScuYTL
1,0.9851429,Positive,,,,,,0.041871395,"Την ένταξη του έργου του Δήμου Χανίων «Ελληνικές έξυπνες πόλεις: Επενδύσεις σε υποδομές και συστήματα SSC για ένα βιώσιμο και πράσινο αστικό μέλλον» , με συνολικό προϋπολογισμό 2.970.000 ευρώ, στο Ταμείο Ανάκαμψης και Ανθεκτικότητας, ενέκρινε με απόφασή… https://t.co/H14RAlx7DB"
0,0.49724016,Negative,,,,,,0.2787767,"Τζινπίνγκ: Το Πεκίνο ελπίζει σε ένα δίκαιο, διαφανές περιβάλλον για τις κινεζικές εταιρείες στην ΕΕ - https://t.co/vjqWLzvLdc https://t.co/N83KyqQEQV"
0,0.1593215,Negative,,,,,,0.1472428,Σι Τζινπίνγκ σε Σαρλ Μισέλ: Θέλουμε ένα δίκαιο περιβάλλον για τις κινεζικές εταιρείες στην ΕΕ https://t.co/sum70GLzuE
1,0.70535165,Positive,,,,,,0.19172032,Vodafone: Επενδύοντας σε ένα σύγχρονο περιβάλλον εργασίας https://t.co/sftT9P46q2
1,0.6624717,Positive,,,,,,0.2544249,"Κίνα: Ελπίζει σε δίκαιο, διαφανές περιβάλλον για τις κινεζικές εταιρείες στην ΕΕ - https://t.co/SImZszxdtz https://t.co/VONPaUII6s"
1,0.54391783,Positive,,,,,,0.27509335,"Το Πεκίνο ελπίζει σε ένα δίκαιο, διαφανές περιβάλλον για τις κινεζικές εταιρείες στην ΕΕ λέει ο #XiJinping στον @eucopresident 

https://t.co/XOSLrGnoWx 

#Κίνα #EUChina"
0,0.37549704,Negative,,,,,,0.21947145,Κλιματική αλλαγή: Συμφωνία στην ΕΕ για χρέωση των εκπομπών της ναυτιλίας https://t.co/AeXnFlBsi7
0,0.053754292,Negative,,,,,,0.095696494,"Η ανανέωση του ευρωπαϊκού στόλου με αυτοκίνητα #Euro6 /VI θα έχει καλύτερα αποτελέσματα για το περιβάλλον από την εφαρμογή των προτύπων #Euro7

https://t.co/7M9A4xfzFh"
0,0.06883772,Negative,,,,,,0.07971736,"ΚΥΚΛΙΚΗ ΟΙΚΟΝΟΜΙΑ: Ο ΜΟΝΟΣ  ΔΡΟΜΟΣ ΓΙΑ ΤΗΝ ΑΝΤΙΜΕΤΩΠΙΣΗ ΤΗΣ ΚΛΙΜΑΤΙΚΗΣ ΚΡΙΣΗΣ, ΤΗ  ΒΙΩΣΙΜΗ ΑΝΑΠΤΥΞΗ ΚΑΙ ΤΗΝ ΕΥΗΜΕΡΙΑ ΣΤΗ ΜΕΣΟΓΕΙΟ - https://t.co/GL7JvC7exC"
0,0.31850114,Negative,,,,,,0.18286163,ΦΩΣ: Το περιβάλλον πάνω από τις απευθείας αναθέσεις του κ. Καχριμάνη - https://t.co/lFXVjFW384 https://t.co/ow1B8uTNam
0,0.3810111,Negative,,,,,,0.29603583,"«Στο αβέβαιο οικονομικό περιβάλλον που ζούμε, είναι σημαντικό να αναδεικνύονται και να επιβραβεύονται οι επιχειρηματίες που ξεχωρίζουν», τόνισε στην ομιλία του κατά τα 9α ΚΕΒΕ Business Awards, o γενικός διευθυντής των Γενικών Ασφαλειών, Κώστας Κώστα.

https://t.co/ak4zBQBa6b https://t.co/uv885TLNgu"
0,0.13991909,Negative,,,,,,0.14178617,Πώς η διατροφή που στηρίζεται σε φυτικά τρόφιμα επηρεάζει το περιβάλλον https://t.co/E9omMvcI4O
1,0.7277592,Positive,,,,,,0.15090884,Κυκλάδες - Αμοργός: Η κλιματική αλλαγή στο τραπέζι συζήτησης https://t.co/UDfeAatO7B
0,0.49400315,Negative,,,,,,0.27182895,"Βιομηχανία πλαστικών: Προκλήσεις, πρωτοβουλίες, λύσεις για την κλιματική κρίση https://t.co/5edkg9fw3U"
1,0.92392504,Positive,,,,,,0.14171526,[Κλικ και διαβάστε στο ΠΡΩΤΟ ΘΕΜΑ] #Τζορτζ  #Μίτσελ: Ο Έλληνας μεγιστάνας που ίδρυσε μια βιώσιμη πόλη κοντά στο Χιούστον https://t.co/jFnsvsht4j
1,0.96754855,Positive,,,,,,0.053455066,"Το κυπριακό Σχέδιο Ανάκαμψης και Ανθεκτικότητας θα καταστήσει σταθερά βιώσιμη την οικονομία , λέει η Κυριακίδου 
https://t.co/owlV1Td4w5"
0,0.275706,Negative,,,,,,0.22623506,WCO: Η κλιματική αλλαγή «χτύπησε» τα εσπεριδοειδή – Αντέχει η Ελλάδα https://t.co/hlaYlX33sz
1,0.76795256,Positive,,,,,,0.20434402,RT @CostasKadis: Σημαντική και θετικότατη εξέλιξη: Ο Επίτροπος @jwojc ανακοινώνει την έγκριση του Εθνικού Στρατηγικού Σχεδίου της Κύπρου γι…
1,0.84484553,Positive,,,,,,0.21392511,Διαχείριση απορριμμάτων και κυκλική οικονομία δύο αντίθετες προσεγγίσεις στο συνέδριο της ΚΕΔΕ - https://t.co/WJ8yOay753
1,0.7118118,Positive,,,,,,0.22157718,"Άδωνις Γεωργιάδης στο GR Times: Το Ελληνικό θα είναι η πρώτη σύγχρονη πόλη στον κόσμο με βιώσιμη ανάπτυξη - https://t.co/eiOPQNT0y0 https://t.co/fhiVCYAxBh 
@AdonisGeorgiadi  #Ελληνικό #ΕΥΠ #Εκλογές"
1,0.837765,Positive,,,,,,0.1672243,Μία βιώσιμη καμπάνια που εξοικονομεί ενέργεια https://t.co/3G9LvlHOEQ
1,0.8952708,Positive,,,,,,0.13473542,"Οι 13 προτάσεις του Ανδρέα Μαυρογιάννη για ένα σύγχρονο και βιώσιμο πρωτογενή τομέα #Cyprus 
via @politis_news 
https://t.co/PzKNbss71T"
0,0.031031445,Negative,,,,,,0.06254134,Κίνδυνος πυρκαγιάς από μπαταρίες στα σκουπίδια https://t.co/lnX1rN3pS2 #ΠΕΡΙΒΑΛΛΟΝ https://t.co/KQw6LebM4d
0,0.3943253,Negative,,,,,,0.22787678,"ΥΠΠΟΑ: 
Βιώσιμο μοντέλο ανάπτυξης για την αξιοποίηση του τέως βασιλικού κτήματος, στο #Τατόι 

https://t.co/ewkFwfPIeA"
1,0.56250805,Positive,,,,,,0.21381076,"RT @CostasKadis: Οι λεβέντες της Εθνικής Ομάδας Πετοσφαίρισης, εκτός από καλό  βόλεϊ ξέρουν να προσφερθούν και στο περιβάλλον. Δεντροφύτευσ…"
0,0.12770581,Negative,,,,,,0.12305703,Τατόι: Βιώσιμο μοντέλο ανάπτυξης για την αξιοποίηση των πρώην βασιλικών ανακτόρων https://t.co/oyvXiBCS5w
1,0.6614642,Positive,,,,,,0.27983186,Θεοφ. Ροΐδης: Το Λαϊκό «νοσοκομείο αναφοράς» στην προσαρμογή του ΕΣΥ στην κλιματική κρίση https://t.co/v5TOYjopVs
1,0.8878948,Positive,,,,,,0.15847747,"📌Βιώσιμο μοντέλο ανάπτυξης για την αξιοποίηση του τ. βασιλικού κτήματος, στο #Τατόι.
☑️Το στρατηγικό σχέδιο του #ΥΠΠΟΑ εξελίσσεται σύμφωνα με τον προγραμματισμό και το χρονοδιάγραμμα.
#MinCultureGr #Tatoi https://t.co/Us1dWGswR0 https://t.co/MZvCiXldXC"
1,0.7075917,Positive,,,,,,0.2758105,Θεοφ. Ροΐδης: Το Λαϊκό «νοσοκομείο αναφοράς» στην προσαρμογή του ΕΣΥ στην κλιματική κρίση https://t.co/onOk2YpH35
1,0.63026726,Positive,,,,,,0.29292747,"Θεοφ. Ροΐδης στο ΑΠΕ-ΜΠΕ: 
«Το Λαϊκό, ""νοσοκομείο αναφοράς"" στην προσαρμογή του #ΕΣΥ στην κλιματική κρίση»

https://t.co/4vGy4sGBiZ"
1,0.8550904,Positive,,,,,,0.17068228,Πράσινη ενέργεια και επενδύσεις στην Λάρισα - LarissaPress https://t.co/TEVdj0YLU6
1,0.59021324,Positive,,,,,,0.28282693,"@Chickennuggt98_ @PETE_MITCHELL22 @strawdaiq Οπως καταλαβαινουμε λοιπον δεν εφευγε γιατι δεν ειχε στηριξη,γιατι το οικογενειακο της περιβαλλον ηταν εξισου κακοποιητικο,γιατι ειχε μεγαλωσει σε μια οικογενεια που της εμαθαν οτι ο αντρας ειναι ο αφεντης και ειναι αναγκασμενη να τον υπηρετει χωρις να αντιδρα 3/3"
0,0.056274317,Negative,,,,,,0.08231775,Η ανανέωση του ευρωπαϊκού στόλου με αυτοκίνητα Euro 6/VI θα έχει καλύτερα αποτελέσματα για το περιβάλλον - https://t.co/56jCgDSPiR https://t.co/NLrfIpu59x
0,0.3428511,Negative,,,,,,0.21490048,"ΥΠΠΟΑ: Βιώσιμο μοντέλο ανάπτυξης για την αξιοποίηση του τέως βασιλικού κτήματος, στο Τατόι  - https://t.co/eiOPQNT0y0 https://t.co/0rc94fH2Tb #Ανάπλαση #Τατόι #ΥπουργείοΠολιτισμούΚαιΑθλητισμού"
1,0.661272,Positive,,,,,,0.2651343,Το Λαϊκό «νοσοκομείο αναφοράς» στην προσαρμογή του ΕΣΥ στην κλιματική κρίση https://t.co/wB9tgKqMwS #klimatikiallagi #klimatikikrisi #laikonosokomeio
0,0.06417584,Negative,,,,,,0.089359276,«Επικίνδυνη αναπηρία»: Γυναίκες που αναμετρώνται με την αναπηρία στο ελληνικό περιβάλλον (video) https://t.co/eArc17RTRT
0,0.076754525,Negative,,,,,,0.104583256,«Επικίνδυνη αναπηρία»: Γυναίκες που αναμετρώνται με την αναπηρία στο ελληνικό περιβάλλον (video) https://t.co/rWfNYoqiWB
0,0.3664954,Negative,,,,,,0.22905655,"ΥΠΠΟΑ: Βιώσιμο μοντέλο ανάπτυξης για την αξιοποίηση του τ. βασιλικού κτήματος, στο Τατόι https://t.co/9iNTwtk8mr"
0,0.15490307,Negative,,,,,,0.12349492,ΣΥΜΒΑΙΝΕΙ ΜΕ ΤΗΝ ΚΛΙΜΑΤΙΚΗ ΑΛΛΑΓΗ...ΟΟΟΟΟΧΙ! ΔΕΝ ΦΤΑΙΕΙ ΤΟ ΕΝΦΟΛΙΟ.... https://t.co/8ov7SImdYt
1,0.73319596,Positive,,,,,,0.19141236,Η πρώτη έκθεση αυτοκινήτου σε περιβάλλον metaverse είναι της FIAT https://t.co/KO6El61GSw
1,0.6649442,Positive,,,,,,0.25531253,"RT @KostasSkrekas: Η αντιμετώπιση της ενεργειακής κρίσης, η επιτάχυνση της πράσινης μετάβασης και η κυκλική οικονομία βρέθηκαν στο επίκεντρ…"
1,0.7998978,Positive,,,,,,0.18152398,"RT @KostasSkrekas: Παρουσία του @PrimeministerGR και συναδέλφων Υπουργών, ανέδειξα το Αναπτυξιακό Πρόγραμμα Πελοποννήσου της Κυβέρνησης για…"
0,0.4411922,Negative,,,,,,0.26638728,Δήμος Ελασσόνας: Εγκαίνια αίθουσας τοπικού πολιτισμού με ημερίδα για τη βιώσιμη ορεινή ανάπτυξη - LarissaPress https://t.co/tMjELyKOK4
1,0.91504425,Positive,,,,,,0.09782021,"Διεθνής Οργανισμός Ενέργειας: Η #ενεργειακή_κρίση δίνει πρωτοφανή ώθηση στις ανανεώσιμες πηγές

https://t.co/DWBaz896o1 https://t.co/ddLfH73zub"
1,0.8095074,Positive,,,,,,0.16934627,"Capital (Βαγγέλης Μαρινάκης): Επενδύσεις ύψους 5,5 δισ. δολ. την τελευταία διετία στην πράσινη ναυτιλία - Ρεπορτάζ και ειδήσεις για την Οικονομία, τις Επιχειρήσεις, το Χρηματιστήριο, την Πολιτική #mononewsGR https://t.co/1pgsdHWX8Z"
1,0.55702853,Positive,,,,,,0.19846801,Κοινωνική έρευνα για το περιβάλλον 13χρονης στον Βόλο https://t.co/VhBYZsvqBU
0,0.39030293,Negative,,,,,,0.28363854,Δήμος Ελασσόνας: Εγκαίνια αίθουσας τοπικού πολιτισμού με ημερίδα για τη βιώσιμη ορεινή ανάπτυξη https://t.co/7c5miWD9b2
0,0.11314603,Negative,,,,,,0.0889534,Θεοδωρίδης: Πετάμε πάνω από 460 μερίδες φαγητού ετησίως – Η εφαρμογή που θα «σώσει» τα νοικοκυριά https://t.co/zgsppVSd2W #ΑΡΘΡΑ #ΠΕΡΙΒΑΛΛΟΝ #ΣΠΑΤΑΛΗΤΡΟΦΙΜΩΝ By https://t.co/p9zfHynwcm https://t.co/mVU9VIXujN
1,0.63960576,Positive,,,,,,0.28098664,Βρετανική έρευνα: Λίγες εταιρίες που παίρνουν μέτρα για το περιβάλλον - https://t.co/1jp6OSuaTg https://t.co/sG2Kv42gKN
1,0.9368308,Positive,,,,,,0.07287886,Η αγνοούμενη θαλάσσια αγελάδα που θα μπορούσε να είχε σώσει τα δάση των φυκιών https://t.co/VrNmQHR77N #ΑΡΘΡΑ #ΘΑΛΑΣΣΙΑΑΓΕΛΑΔΑ #ΟΙΚΟΣΥΣΤΗΜΑ #ΠΕΡΙΒΑΛΛΟΝ By https://t.co/p9zfHynwcm
1,0.722864,Positive,,,,,,0.20597629,Δραματική προειδοποίηση Solomon (Goldman Sachs): Μειώστε το ρίσκο - Το περιβάλλον είναι ανησυχητικό https://t.co/MK0vcn5Fjb
1,0.657298,Positive,,,,,,0.21711013,Πιο ελκυστικό το επιχειρηματικό περιβάλλον της Ελλάδας για το 2022 https://t.co/1LNOxyi9n2
1,0.66644186,Positive,,,,,,0.214078,Πιο ελκυστικό το επιχειρηματικό περιβάλλον της Ελλάδας για το 2022 https://t.co/qd4WFTxMe6
1,0.6340607,Positive,,,,,,0.27748406,"Ο στόχος για βιώσιμη #αλιεία σε Μεσόγειο και Μαύρη Θάλασσα απέχει ακόμη πολύ από την επίτευξή του, σύμφωνα με τον #ΟΗΕ

https://t.co/dF57TNGJK7"
0,0.056073677,Negative,,,,,,0.10101195,Πέταξαν μπογιές στη Σκάλα του Μιλάνου για την κλιματική αλλαγή (video) https://t.co/xTKQ7suSEE
0,0.36511594,Negative,,,,,,0.28141513,Διαδικτυακή εκδήλωση για την Κλιματική Αλλαγή με κύριο ομιλητή τον Ευθύμη Λέκκα - https://t.co/ro1nZWo701 https://t.co/6QdHvGdvll
0,0.33799145,Negative,,,,,,0.29731628,"Μείωση υπεραλιείας σε Μεσόγειο και Μαύρη Θάλασσα, αλλά απέχει ακόμα ο βιώσιμος στόχος https://t.co/fS5vuzudbV"
1,0.5793129,Positive,,,,,,0.22768642,Παρουσιάζεται στην Πάτρα το Περιφερειακό Σχέδιο Προσαρμογής στην Κλιματική Αλλαγή - Πελοποννησιακό Πρακτορείο Ειδήσεων https://t.co/jvO2s2Ytli
0,0.14599794,Negative,,,,,,0.11134911,Πιστοποίηση για το εργασιακό της περιβάλλον έλαβε η Danone Nutricia https://t.co/LUL4iUz8b5
1,0.79023445,Positive,,,,,,0.1877102,"Βαγγέλης Μαρινάκης (Capital): Επενδύσεις ύψους 5,5 δισ. δολ. την τελευταία διετία στην πράσινη ναυτιλία - mononewsTV - Ρεπορτάζ και ειδήσεις για την Οικονομία, τις Επιχειρήσεις, το Χρηματιστήριο, την Πολιτική #mononewsGR https://t.co/AY6aqppkTy"
1,0.9103462,Positive,,,,,,0.12711477,"Autohellas: Πράσινη μετάβαση με τη συγχρηματοδότηση της Εθνικής Τράπεζας και του Ταμείου Ανάκαμψης και Ανθεκτικότητας - Ρεπορτάζ και ειδήσεις για την Οικονομία, τις Επιχειρήσεις, το Χρηματιστήριο, την Πολιτική #mononewsGR https://t.co/C3MuXZ62tC"
0,0.17677881,Negative,,,,,,0.15690218,Ιταλία: Πέταξαν μπογιές στη Σκάλα του Μιλάνου για την κλιματική αλλαγή https://t.co/55yL4cGd2f https://t.co/fwODwc3395
0,0.09619365,Negative,,,,,,0.117389545,Σαρώνει την Ινδία η κλιματική αλλαγή: 907 νεκροί από κεραυνούς σε 11 μήνες https://t.co/4PdNGX3ufE
1,0.92351717,Positive,,,,,,0.13399018,Ολοκληρώθηκε το επιτυχημένο πρόγραμμα «Προστατεύουμε το περιβάλλον…με πράξεις» της AstraZeneca Ελλάδας https://t.co/CiyzDmcYan
1,0.7381037,Positive,,,,,,0.18742247,RT @lcvingannette: η βασιλική είναι έτοιμη να χαλάσει την ευτυχία της προκειμένου να είναι ασφαλής ο νικηφόρος. η ρωρω από την άλλη επιμένε…
1,0.9589155,Positive,,,,,,0.05446427,￼O Σύλλογος Προστασίας της Ρεματιάς εκπέμπει SOS για την αύξηση των συντελεστών δόμησης  https://t.co/Qzt3L91FVS
0,0.1541602,Negative,,,,,,0.15162145,ΣΙΓΟΥΡΑ Η ΚΛΙΜΑΤΙΚΗ ΑΛΛΑΓΗ ΤΟΥ ΚΤΗΝΙΑΤΡΟΥ ΦΤΑΙΕΙ.... https://t.co/AE3sGcVWDo
0,0.35217923,Negative,,,,,,0.2820601,[Κλικ και διαβάστε στο cnn]Coca-Cola  #Hellas: Οι  #Τέσσερις πυλώνες δράσης για τη βιώσιμη ανάπτυξη https://t.co/T0uJ6qw482
1,0.7239785,Positive,,,,,,0.2395393,"Πετυχημένη η ημερίδα «Διαχείριση Κρίσεων στο Σχολικό Περιβάλλον», που πραγματοποιήθηκε στο ΕΠΑΛ Σιδηροκάστρου 
#ΕΠΑΛ_Σιδηροκάστρου #Δήμος_Σιντικής #πολιτική_προστασία #Serres
https://t.co/grEzWJyTIA"
0,0.14363363,Negative,,,,,,0.18762684,Με «πράσινες» πολιτικές η Vodafone στηρίζει το περιβάλλον https://t.co/cW1OI9vPJN
1,0.9400692,Positive,,,,,,0.08806059,Κέρκυρα: Υπογραφές για ψήφισμα πολιτών για μια «βιώσιμη ζωντανή πόλης για όλους». https://t.co/cpK8FcYBmH
1,0.9317742,Positive,,,,,,0.12079511,Σταϊκούρας στη Νέα Υόρκη: Εχουμε ισχυρή και βιώσιμη ανάπτυξη παρά τις δυσκολίες https://t.co/ii1mLQxhYY
0,0.39266387,Negative,,,,,,0.25779566,"Μητσοτάκης από συνέδριο της Capital Link: Να επενδύσετε στην Ελλάδα – Βελτιωμένο το επιχειρηματικό περιβάλλον
https://t.co/i4ttvL2H8Y"
1,0.9268515,Positive,,,,,,0.10157705,Σταϊκούρας από Νέα Υόρκη: Παρά τις δυσκολίες η ανάπτυξη είναι ισχυρή και βιώσιμη https://t.co/RoIoIjdC3S #businessnewsgr
1,0.7814623,Positive,,,,,,0.18190366,Attica: Η Ελλάδα σε περιβάλλον οικονομικής επιβράδυνσης διεθνώς https://t.co/3CNkKqcibh
0,0.12855476,Negative,,,,,,0.13286291,ΛΕΥΚΑΔΑ: Αλλάζει ριζικά το κυκλοφοριακό περιβάλλον στη Νικιάνα μετά από απόφαση του Περιφερειακού Συμβουλίου https://t.co/0dzccQk6qI
0,0.2673263,Negative,,,,,,0.2417024,Ανδρέας Κτενάς: «Αλλάζει ριζικά το κυκλοφοριακό περιβάλλον στη Νικιάνα» – ‘Πράσινο φως’  από το Περιφερειακό Συμβούλιο https://t.co/8nxr6kiojo https://t.co/aGhCRa7vpj
1,0.96976435,Positive,,,,,,0.06328084,"Σκρέκας στο Capital Link στις ΗΠΑ: «Πρωτοπόρα η Ελλάδα στην ενεργειακή ασφάλεια και την πράσινη μετάβαση» - Ρεπορτάζ και ειδήσεις για την Οικονομία, τις Επιχειρήσεις, το Χρηματιστήριο, την Πολιτική #mononewsGR https://t.co/4ZWS8tZuYd"
1,0.6010903,Positive,,,,,,0.33192384,"Τις επόμενες ώρες θα ενταθούν οι σεισμικές δονήσεις σε όλο τον κόσμο, και θα υπάρχουν πολλά blackout; Για να δούμε θα τα ρίξουν στην ενεργειακή-κλιματική κρίση ή θα πουν την αλήθεια ότι είναι ένα δώρο από το εσωτερικό του Ηλίου για όλη την ανθρωπότητα; https://t.co/BHstbwn1t4"
1,0.89166087,Positive,,,,,,0.14827596,EUMED-9: Φυσικό αέριο και κλιματική αλλαγή στο επίκεντρο της Συνόδου Κορυφής https://t.co/RsdwjFpAoU
1,0.8917543,Positive,,,,,,0.1504476,Η Μεσαιωνική Πόλη της Ρόδου ανάμεσα στα μνημεία που απειλούνται από την κλιματική αλλαγή – Μελέτη της #Δημοκρατική #Ρόδος #Δωδεκάνησα https://t.co/jKmfcGbqOT
1,0.7406409,Positive,,,,,,0.28262463,"RT @thistimefromme: Τις επόμενες ώρες θα ενταθούν οι σεισμικές δονήσεις σε όλο τον κόσμο, και θα υπάρχουν πολλά blackout; Για να δούμε θα τ…"
0,0.09591495,Negative,,,,,,0.09527137,Πνευματική ΣΥΓΧΥΣΗ και ΧΑΟΣ δια χειρός Χαράρι! Εμπλέκει τον Χριστό με την…κλιματική αλλαγή – vid https://t.co/UvPAtKmQlK
0,0.32523972,Negative,,,,,,0.25615394,"Ο καθηγητής Ποινικού Δικαίου κος Κωνσταντίνος Βαθιώτης παρουσιάζει θεματικές ενότητες από το βιβλίο του ‘’Από την Πανδημία στην Κλιματική αλλαγή – συντονισμένα τρόμο-κράτη σε φόντο παγκόσμιας διακυβέρνησης’’:
https://t.co/t05zIpzuEw"
1,0.8745849,Positive,,,,,,0.18356465,Κυβέρνηση Μητσοτάκη / Ολιγοπωλιακές τάσεις και στην πράσινη ενέργεια https://t.co/9RS2KHHHW2
0,0.10982806,Negative,,,,,,0.12328527,"ΑΠΟΚΛΕΙΣΤΙΚΌ: Κοινωνικού χαρακτήρα η φωτογραφία με την Εύα Καϊλή, τονίζει στο Mononews το περιβάλλον του Ευρωπαίου Επιτρόπου #Καιλη - Ρεπορτάζ και ειδήσεις για την Οικονομία, τις Επιχειρήσεις, το Χρηματιστήριο, την Πολιτική #mononewsGR https://t.co/mkugNZ08XT"
1,0.65267444,Positive,,,,,,0.2650743,"Energean: 40ή Σύσκεψη για την Υγεία, την Ασφάλεια και το Περιβάλλον στη βιομηχανία πετρελαίου και αερίου - Ρεπορτάζ και ειδήσεις για την Οικονομία, τις Επιχειρήσεις, το Χρηματιστήριο, την Πολιτική #mononewsGR https://t.co/i9Qs1iZaSX"
1,0.73932195,Positive,,,,,,0.23719653,"Energean: 40ή Σύσκεψη για την Υγεία, την Ασφάλεια και το Περιβάλλον στη βιομηχανία πετρελαίου και αερίου - Ρεπορτάζ και ειδήσεις για την Οικονομία, τις Επιχειρήσεις, το Χρηματιστήριο, την Πολιτική #mononewsGR https://t.co/XkAqeG9vnM"
0,0.273826,Negative,,,,,,0.2758665,"Με μεγάλη επιτυχία στην Καβάλα η 40ή Σύσκεψη για την Υγεία, την  Ασφάλεια και το Περιβάλλον στη βιομηχανία πετρελαίου και αερίου - Καβάλα, Πρωϊνή, Ραδιόφωνο, Εφημερίδα της Καβάλας, νέα, καβάλα ειδήσεις, μικρές αγγελίες https://t.co/IBCBJOcAvB"
0,0.13142003,Negative,,,,,,0.101201184,Qatar Gate - Η πρώτη αντίδραση από το περιβάλλον Σχοινά: Ψευδείς και ανυπόστατοι οι ισχυρισμοί - https://t.co/tuE4iAsIfA https://t.co/SxkRMj2TEj
0,0.23404482,Negative,,,,,,0.12997165,"Ψευδείς και ανυπόστατοι οι ισχυρισμοί, λέει το περιβάλλον του Σχοινά https://t.co/3N6eAH6ilQ"
0,0.46246418,Negative,,,,,,0.30649066,[Κλικ και διαβάστε στο cnn]Qatar Gate - Η πρώτη αντίδραση από το περιβάλλον  #Σχοινά: Ψευδείς και  #Ανυπόστατοι οι ισχυρισμοί https://t.co/j13zVyn7sp
0,0.23166826,Negative,,,,,,0.17161272,"Ψευδείς και ανυπόστατοι οι ισχυρισμοί, λέει το περιβάλλον του Σχοινά https://t.co/AhL0vT886g"
0,0.42794457,Negative,,,,,,0.221481,Η πρώτη αντίδραση από το περιβάλλον του Μαργαρίτη Σχοινά για τις έρευνες - «Ανυπόστατοι ισχυρισμοί» https://t.co/BywvZUiNc3
0,0.38263252,Negative,,,,,,0.26328528,"Η ομαδική κουλτούρα και οι ευκαιρίες εξέλιξης στο εργασιακό περιβάλλον, βασικό στοιχείο επιτυχίας της Kaizen Gaming https://t.co/3HEdKFtVup"
0,0.43517846,Negative,,,,,,0.22342932,Η πρώτη αντίδραση από το περιβάλλον του Μαργαρίτη Σχοινά για τις έρευνες – «Ανυπόστατοι ισχυρισμοί» https://t.co/1mPPUZVL35
0,0.4989383,Negative,,,,,,0.2726943,Η Αθηνά Πρόγιου ομιλήτρια στην ημερίδα «Κλιματική Αλλαγή: Δράση για προσαρμογή και μετριασμό» https://t.co/F464zkT0Zx #FEATURED #ΕΠΙΚΑΙΡΟΤΗΤΑ #ΑΘΗΝΑΠΡΟΓΙΟΥ By https://t.co/p9zfHynwcm
0,0.24591304,Negative,,,,,,0.23080014,"Στενεύει ασφυκτικά ο κλοιός γύρω από την Εύα Καϊλή και το στενό οικογενειακό περιβάλλον της, μετά τις αποκαλύψεις για συμμετοχή της στο «QatarGate»

#Καιλη 
https://t.co/LC5kUHbcHC"
1,0.8635054,Positive,,,,,,0.12057437,"RT @Melaplaystowin: Ολοι αυτοι οι  ❄  που ταχα μου ενδιαφέρονται για το καλο και το δικαιο, και γινονται πλυντήρια βιαστων, που είναι να ζη…"
0,0.3245459,Negative,,,,,,0.1996438,Σταϊκούρας: Απάντηση στο αβέβαιο περιβάλλον η συνεργασία Ελλάδας - Γαλλίας https://t.co/9JcsLHXdCf #businessnewsgr
1,0.8899301,Positive,,,,,,0.1467462,"EDP: Η πιο βιώσιμη εταιρεία ηλεκτρικής ενέργειας σύμφωνα με το δείκτη Dow Jones Sustainability Index - Ρεπορτάζ και ειδήσεις για την Οικονομία, τις Επιχειρήσεις, το Χρηματιστήριο, την Πολιτική #mononewsGR https://t.co/HeG9j801Vl"
1,0.98318136,Positive,,,,,,0.041038785,"Ελληνογαλλικό επιχειρηματικό φόρουμ «Συνεργασία Ελλάδας - Γαλλίας 2.0: Επενδύοντας στο μέλλον»

@cstaikouras: Απάντηση στο αβέβαιο περιβάλλον η ολόπλευρη ενίσχυση της συνεργασίας μας σε μια κοινή πορεία

https://t.co/zY0SAIujSl"
1,0.8796402,Positive,,,,,,0.12848891,"Με επιτυχία η 40ή Σύσκεψη για την Υγεία, την Ασφάλεια και το Περιβάλλον στη βιομηχανία πετρελαίου και αερίου https://t.co/4RU9jRNxGP"
1,0.9382931,Positive,,,,,,0.08675541,Σταϊκούρας: Οι σχέσεις Ελλάδας - Γαλλίας ανθεκτικές στον χρόνο - Απάντηση στο επιδεινούμενο ρευστό περιβάλλον η ολόπλευρη ενίσχυση της συνεργασίας https://t.co/jsnySN6CLq
1,0.5319388,Positive,,,,,,0.27810255,Η κλιματική αλλαγή απειλεί να εξαφανίσει τις πυραμίδες της Γκίζας και την Αλεξάνδρεια https://t.co/J3X4b5ax5i
1,0.5166326,Positive,,,,,,0.24823375,Εσπερίδα για την Προσαρμογή στην Κλιματική Αλλαγή της Περιφέρειας Θεσσαλίας - LarissaPress https://t.co/lJWQoXAVxa
0,0.30245447,Negative,,,,,,0.1730197,"RT @ena_kathiki: 21χρονος φοιτητής, υγιέστατος και αθλητής, πέθανε στον ύπνο του χθες στο Ίλιον.
Μάλλον από κλιματική αλλαγή. 
#ξαφνικίτιδα"
1,0.9427354,Positive,,,,,,0.084191956,"Το ΝΟΥΝΟΥ υλοποιεί δράσεις για ένα πιο βιώσιμο μέλλον! - Ρεπορτάζ και ειδήσεις για την Οικονομία, τις Επιχειρήσεις, το Χρηματιστήριο, την Πολιτική #mononewsGR https://t.co/CF42bwSTld"
0,0.2961668,Negative,,,,,,0.28947374,"ΑΑΔΕ: Στόχος ο Τελωνειακός Κώδικας να μεταβεί σε ένα περιβάλλον χωρίς χαρτί - https://t.co/eiOPQNSsIs https://t.co/xZKrj84zsc 
#ΑΑΔΕ #Τελωνειακός_Κώδικας #Περιβάλλον #Τεχνολογία"
1,0.84568465,Positive,,,,,,0.25512528,Καθαρή ενέργεια και κλιματική αλλαγή: Η ιστορική ανακάλυψη των Αμερικανών που υπόσχεται να αλλάξει τα δεδομένα https://t.co/ex9t2en92L
1,0.8640692,Positive,,,,,,0.1750283,"🗣️ ""Προερχόμαστε από ένα περιβάλλον όπου η συμπεριφορά και το ντύσιμο ήταν πολύ συντηρητικά. Θέλαμε να το αλλάξουμε αυτό και νιώθαμε ασφυκτικά με τόση επιβεβλημένη τάξη"".

⭕ Η Έμυ Ντούρου μιλά με τον Μικ Μποξ, ιδρυτικό μέλος των Βρετανών θρύλων https://t.co/crDVX4P8g0"
0,0.30531043,Negative,,,,,,0.15240802,Εκδήλωση στον Δήμο Περιστερίου για Περιβάλλον με Φαραντούρη – Τσατραφύλλια -Δημαδάμα https://t.co/d13KQIYjER
0,0.34054238,Negative,,,,,,0.23276523,Η κλιματική αλλαγή θα επιτείνει τις ανθρωπιστικές κρίσεις https://t.co/M6I22MJlIf
0,0.30981252,Negative,,,,,,0.20242053,"📢 Η κλιματική αλλαγή θα επιτείνει τις ανθρωπιστικές κρίσεις το 2023
#2023 #ΑΝΘΡΩΠΙΣΤΙΚΕΣΚΡΊΣΕΙΣ #ΚΛΙΜΑΤΙΚΗΑΛΛΑΓΗ

https://t.co/1Cjvq5sslz"
0,0.24348755,Negative,,,,,,0.18942657,Η κλιματική αλλαγή θα αυξήσει τις ανθρωπιστικές κρίσεις το 2023 https://t.co/MT0kalnszK
1,0.76714325,Positive,,,,,,0.1522436,"#Cyprus 
Βαθμολογική πρωτιά PHAETHON στην ΕΕ για δημιουργία Κέντρου Αριστείας στην Πράσινη και Αειφόρο Ενέργεια 
@UCYOfficial @UCYRector5 
https://t.co/oVN5k6tz5I"
0,0.45362157,Negative,,,,,,0.2736004,"Η κλιματική αλλαγή θα επιτείνει τις ανθρωπιστικές κρίσεις το 2023 - Ρεπορτάζ και ειδήσεις για την Οικονομία, τις Επιχειρήσεις, το Χρηματιστήριο, την Πολιτική #mononewsGR https://t.co/EXT22GZ4by"
0,0.11329085,Negative,,,,,,0.13758205,"Η επίσκεψη του Α.Γ Πρίγκιπα Αλβέρτου Β’ του #Μονακό στην Αθήνα και η μεγαλοπρεπής ομιλία του με επίκεντρο το περιβάλλον.

https://t.co/yp8oTHXNAW"
0,0.4308894,Negative,,,,,,0.29551727,"Η κλιματική αλλαγή θα επιτείνει τις ανθρωπιστικές κρίσεις το 2023 - Ρεπορτάζ και ειδήσεις για την Οικονομία, τις Επιχειρήσεις, το Χρηματιστήριο, την Πολιτική #mononewsGR https://t.co/aAUfJSP5F4"
0,0.40013012,Negative,,,,,,0.25697905,"Η κλιματική αλλαγή θα επιτείνει τις ανθρωπιστικές κρίσεις το 2023,
https://t.co/X4ZD5u55Vl,"
0,0.35031867,Negative,,,,,,0.25649065,Η κλιματική αλλαγή θα επιτείνει τις ανθρωπιστικές κρίσεις το 2023 https://t.co/PcKdLsRVv1
0,0.35722813,Negative,,,,,,0.22980039,"Η #κλιματική_αλλαγή θα επιτείνει τις ανθρωπιστικές κρίσεις το 2023

https://t.co/BJdQ0AR4O5"
1,0.6889915,Positive,,,,,,0.16281472,Κατανόηση του H.A.A.R.P. και της Tρομακτικής του Δύναμης (ΟΥΤΕ ΦΑΝΤΑΖΕΣΤΕ ΤΙ ΤΡΟΜΑΚΤΙΚΕΣ ΕΠΙΠΤΩΣΕΙΣ ΕΧΕΙ ΣΤΟ ΠΕΡΙΒΑΛΛΟΝ ΚΑΙ ΣΤΟΥΣ ΑΝΘΡΩΠΟΥΣ) https://t.co/7rDlw9h8Xl
1,0.5027845,Positive,,,,,,0.20923705,Γενική Συνέλευση του Συλλόγου Πολιτών Μαγνησίας για την υγεία και το περιβάλλον https://t.co/QiOlexH9WN
0,0.39918023,Negative,,,,,,0.2528492,Η κλιματική αλλαγή θα επιτείνει τις ανθρωπιστικές κρίσεις το 2023 https://t.co/d915LTs6p0
0,0.37096107,Negative,,,,,,0.22966348,Συνέδριο ΣΕΤΕ: Τουρισμός και μετάβαση στη βιώσιμη ανάπτυξη https://t.co/MIhAhx6mXq #businessnewsgr
0,0.4649844,Negative,,,,,,0.2666302,Συνέδριο ΣΕΤΕ: Ο ελληνικός τουρισμός ως ουσιαστικός συντελεστής για τη βιώσιμη ανάπτυξη - https://t.co/y0jpOaV2mM https://t.co/1ZGNaYRQBo
0,0.36285287,Negative,,,,,,0.13991807,Οικουμενικός Πατριάρχης Βαρθολομαίος: Το φυσικό περιβάλλον απειλείται σήμερα όσο ποτέ άλλοτε https://t.co/zOdhWeUoPb #GiTisElias #Pagidevmenoi #kaneotikoimasai #gntmgr #Sasmos
1,0.55254805,Positive,,,,,,0.23625727,Απροετοίμαστη η Θεσσαλία για την κλιματική αλλαγή - LarissaPress https://t.co/gAaHkXyZHj
1,0.78674155,Positive,,,,,,0.23250268,Προστατεύονται όλοι οι υγρότοποι – Ανοίγει ο δρόμος για να σωθούν κι οι Μαρίκες Ραφήνας από αντλιοστάσιο ΕΥΔΑΠ https://t.co/VwT3ozFs1h #ΑΡΘΡΑ #ΘΕΣΣΑΛΟΝΙΚΗ #ΠΕΡΙΒΑΛΛΟΝ #ΡΑΦΗΝΑ By https://t.co/p9zfHynwcm
1,0.93009347,Positive,,,,,,0.11731663,Η Περιφέρεια Κεντρικής Μακεδονίας συμμετείχε στο Διεθνές Συνέδριο για την «Βιώσιμη Γαλάζια Οικονομία» https://t.co/A2mu2GXvas https://t.co/ASJsU4mGsi
0,0.41156444,Negative,,,,,,0.22684437,Διεπιστημονική ημερίδα: Kαταστροφικές οι  συνέπειες για το περιβάλλον από τα αιολικά σε Εύβοια και Σκύρο https://t.co/w6KS7G8FaW
0,0.4676206,Negative,,,,,,0.23119794,Συνέδριο ΣΕΤΕ: Τουρισμός και μετάβαση στη βιώσιμη ανάπτυξη #Δημοκρατική #Ρόδος #Δωδεκάνησα https://t.co/TtNKDkAdTC
1,0.68535477,Positive,,,,,,0.22307752,"Καραγιάννης: Άμεσα συνδεδεμένες με τη βιώσιμη ανάπτυξη οι νέες υποδομές - Ρεπορτάζ και ειδήσεις για την Οικονομία, τις Επιχειρήσεις, το Χρηματιστήριο, την Πολιτική #mononewsGR https://t.co/duxZL9QxgZ"
0,0.13976763,Negative,,,,,,0.1234016,Μαρία Σπυράκη: «Θα στραφώ εναντίον του συνεργάτη μου» – Η πρώτη αντίδραση από το περιβάλλον του https://t.co/mz6aW4Qysj
0,0.28592426,Negative,,,,,,0.14213529,"Ανησυχούν Λέκκας – Τσελέντης για το ρήγμα στις Αλκυονίδες: «Αν γίνει σεισμός θα είναι 6 με 6,5 Ρίχτερ» https://t.co/srEhQeQs5o"
1,0.78759736,Positive,,,,,,0.16080768,Κώστας Σκρέκας / Τα 14 ψέματα και οι μισές αλήθειες για ενέργεια και περιβάλλον https://t.co/HnP0jCx4JU
1,0.9292531,Positive,,,,,,0.10972923,Από ανανεώσιμες πηγές το 39% της ζήτησης ηλεκτρικής ενέργειας το 2022 https://t.co/HuhcKdudGi
1,0.9441337,Positive,,,,,,0.119623505,Από ανανεώσιμες πηγές το 39% της ζήτησης ηλεκτρικής ενέργειας το 2022 https://t.co/ZbafaM9HJ4
0,0.1954696,Negative,,,,,,0.2003507,Μαρια σπυρακη [Κλικ και διαβάστε στο usay]Η πρώτη αντίδραση από το περιβάλλον του συνεργάτη της Μαρίας Σπυράκη – «Θα στραφώ εναντίον του» λέει η ευρωβουλευτής https://t.co/AEgTYwyJsO
1,0.9358895,Positive,,,,,,0.10836422,"Από ανανεώσιμες πηγές το 39% της ζήτησης ηλεκτρικής ενέργειας το 2022 - Ρεπορτάζ και ειδήσεις για την Οικονομία, τις Επιχειρήσεις, το Χρηματιστήριο, την Πολιτική #mononewsGR https://t.co/pRthFqPcGt"
1,0.9516665,Positive,,,,,,0.10257786,Από ανανεώσιμες πηγές το 39% της ζήτησης ηλεκτρικής ενέργειας το 2022 https://t.co/ySVGzkUcPJ #GiTisElias #gntmgr #Pagidevmenoi #Sasmos #kaneotikoimasai
1,0.9429343,Positive,,,,,,0.09834338,"Από ανανεώσιμες πηγές το 39% της ζήτησης ηλεκτρικής ενέργειας το 2022

https://t.co/g0le8O6HMA"
0,0.061625376,Negative,,,,,,0.07621236,ΕΛΜΕ: Μην ξεριζώσετε τα παιδιά του «Χαμόγελου» από το περιβάλλον τους - ΕΝΗΜΕΡΩΣΗ On Line https://t.co/zHlZw7MQp2
0,0.2348726,Negative,,,,,,0.16724662,"Αλεξάνδρα Σδούκου: Η πράσινη μετάβαση σε εκδήλωση της WIMA στο Βιοτεχνικό Επιμελητήριο Πειραιά - Ρεπορτάζ και ειδήσεις για την Οικονομία, τις Επιχειρήσεις, το Χρηματιστήριο, την Πολιτική #mononewsGR https://t.co/n7qQK0YMW8"
1,0.8093275,Positive,,,,,,0.18897073,Η Yokohama θα προμηθεύει τη SUPER FORMULA του 2023 με ελαστικά απο βιώσιμο υλικό https://t.co/sz2IMUoM6n
1,0.5322193,Positive,,,,,,0.2576617,"Στηρίζουμε την ελληνική κοινωνία υλοποιώντας τις προεκλογικές μας δεσμεύσεις, σε ένα ασταθές και αβέβαιο παγκόσμιο περιβάλλον https://t.co/PZvIraMTzk μέσω @mouzakinews.gr https://t.co/gzNdVdKBqU"
0,0.19629127,Negative,,,,,,0.15405865,Βιώσιμη ανάπτυξη; Γράφει ο Νίκος Παυλάτος https://t.co/5aKciqOvgi
0,0.29475877,Negative,,,,,,0.15911843,Ταραντίλης: Ο προϋπολογισμός του 2023 δημιουργεί περιβάλλον σταθερότητας και ανάπτυξης  https://t.co/k7nlh97diG
1,0.9216383,Positive,,,,,,0.13286372,Από ανανεώσιμες πηγές το 39% της ζήτησης ηλεκτρικής ενέργειας το 2022 https://t.co/V9mJ0241FJ
1,0.6644303,Positive,,,,,,0.22958297,Ροκάκης: Καινοτομία και αειφορία στο επίκεντρο της περιφερειακής στρατηγικής https://t.co/UTnAJCALlt
1,0.89123476,Positive,,,,,,0.113400415,"Η σχέση των θαλάσσιων καυσώνων με την κλιματική αλλαγή, στο επίκεντρο νέας έρευνας του @ICS_FORTH

https://t.co/2UTZkOSJye 

#ClimateCrisis #climatechange"
1,0.81515175,Positive,,,,,,0.19423069,ΙΤΕ: Έρευνα για τη σχέση των θαλάσσιων καυσώνων με την κλιματική αλλαγή - https://t.co/iuDXh5CLLq https://t.co/vsI4erdy0Q
1,0.91284597,Positive,,,,,,0.11489465,"Η σχέση των θαλάσσιων καυσώνων με την κλιματική αλλαγή, στο επίκεντρο νέας έρευνας του ΙΤΕ https://t.co/4rk9HEXj55 #ereyna #thalassa #thermokrasia #kaysonas"
0,0.24182613,Negative,,,,,,0.24273191,Υγεία και περιβάλλον: Η μείωση των εκπομπών φθοριούχων αερίων και οι συνέπειες στην υγεία https://t.co/CyNkWDIt9S
1,0.8493611,Positive,,,,,,0.122776955,Κλιματική Αλλαγή: Νέα συμφωνία μεταξύ των κρατών-μελών της Ε.Ε https://t.co/h6l3A3fHks
0,0.1884248,Negative,,,,,,0.21200018,Δένδιας: «Το περιβάλλον είναι η τεράστια πρόκληση» - https://t.co/PrYU35R8dz https://t.co/u7klPOpWHV
0,0.18519172,Negative,,,,,,0.19746019,"Δένδιας: «Το περιβάλλον είναι η τεράστια πρόκληση που αντιμετωπίζει η ανθρωπότητα στον 21ο αιώνα» - Ρεπορτάζ και ειδήσεις για την Οικονομία, τις Επιχειρήσεις, το Χρηματιστήριο, την Πολιτική #mononewsGR https://t.co/e06jCSl3rY"
1,0.95023656,Positive,,,,,,0.08947161,ΙΤΕ: Νέα έρευνα για τη σχέση των θαλάσσιων καυσώνων με την κλιματική αλλαγή https://t.co/4ExKLpTtYK
0,0.18138093,Negative,,,,,,0.24526373,".@NikosDendias: Το περιβάλλον είναι η τεράστια πρόκληση που αντιμετωπίζει η ανθρωπότητα στον 21ο αιώνα

https://t.co/9wxJThRDrO"
1,0.8320632,Positive,,,,,,0.1706637,H JapanTobaccoInc. στις Λίστες «Α» του CDP»για την Κλιματική Αλλαγή για 4 η συνεχή χρονιά https://t.co/scAy6MrT2l
0,0.13368128,Negative,,,,,,0.15860945,"Δενδροφύτευση στην Πεντέλη – Δένδιας: «Το περιβάλλον, η τεράστια πρόκληση για την ανθρωπότητα του 21ου αιώνα» ... https://t.co/y7OT81zfw9"
1,0.5014825,Positive,,,,,,0.2675868,"Ρεβεγιόν στο Grand Hotel Palace: Γιορτινά μενού σε ένα πολυτελές περιβάλλον https://t.co/eiOPQNSsIs https://t.co/8wqqgen26B 
#Grand_Hotel_Palace #Θεσσαλονίκη #Χριστουγεννιάτικο_Ρεβεγιόν #Χριστούγεννα #Ξενοδοχεία"
0,0.06327116,Negative,,,,,,0.07592607,ΚΑΙΜΕ ΟΙΚΟΛΟΓΙΚΟ ΠΕΤΡΕΛΑΙΟ ΓΙΑ ΝΑ ΦΟΡΤΙΣΟΥΜΕ ΤΗΝ ΜΠΑΤΑΡΙΑ ΕΠΕΙΔΗ ΣΕΒΟΜΑΣΤΕ ΤΟ ΠΕΡΙΒΑΛΛΟΝ.....ΜΠΕΕΕΕΕΕΕ... https://t.co/LFx0uXcgS4
1,0.8692314,Positive,,,,,,0.12925993,"Η σχέση των θαλάσσιων καυσώνων με την κλιματική αλλαγή, στο επίκεντρο νέας έρευνας του Ιδρύματος Τεχνολογίας Έρευνας https://t.co/FWDtnDNvYI #ΕΛΛΑΔΑ #ΕΡΕΥΝΕΣ #ΚΛΙΜΑ #ΠΕΡΙΒΑΛΛΟΝ https://t.co/tGXImK7X34"
0,0.15972014,Negative,,,,,,0.14979702,«Βιώσιμη λύση στο Κυπριακό μόνο αν σέβεται δικαιώματα όλων των Κυπρίων» https://t.co/5bFGFZ45XE
1,0.68346566,Positive,,,,,,0.17178898,"Coca-Cola HBC: Η πιο βιώσιμη εταιρεία ποτών στον κόσμο, με βάση τον Δείκτη Βιώσιμης Ανάπτυξης Dow Jones (DJSI) - Ρεπορτάζ και ειδήσεις για την Οικονομία, τις Επιχειρήσεις, το Χρηματιστήριο, την Πολιτική #mononewsGR https://t.co/CLfXBuBUGl"
0,0.47730163,Negative,,,,,,0.23817468,"Βιώσιμη μια λύση του Κυπριακού εφόσον σέβεται τα ανθρώπινα δικαιώματα όλων των Κυπρίων, είπε η Υπουργός Δικαιοσύνης https://t.co/EZl48CzVkh"
1,0.87608635,Positive,,,,,,0.16862164,Διατηρεί η ΕΕ τον στόχο για τις ανανεώσιμες πηγές ενέργειας στο 40% https://t.co/xGVt99FAA3
1,0.94605047,Positive,,,,,,0.08604059,RT @Moneypressgr: Στο 40% διατηρεί η ΕΕ τον στόχο για τις ανανεώσιμες πηγές ενέργειας  #moneypress https://t.co/QHz0DGFGMa https://t.co/Alu…
1,0.9528147,Positive,,,,,,0.09682826,Στο 40% διατηρεί η ΕΕ τον στόχο για τις ανανεώσιμες πηγές ενέργειας  #moneypress https://t.co/QHz0DGFGMa https://t.co/Alu23Vw8zn
1,0.9544855,Positive,,,,,,0.068643555,Ανανεώσιμες πηγές ενέργειας: Οι 27 διατηρούν αμετάβλητο τον στόχο ενόψει 2030 https://t.co/JjOKu5Wfwn
1,0.9353235,Positive,,,,,,0.14612094,Στο 40% διατηρεί η Ε.Ε. τον στόχο για τις ανανεώσιμες πηγές ενέργειας https://t.co/Ofj4vRxIoY
1,0.9616916,Positive,,,,,,0.08664368,"Στο 40% διατηρεί η ΕΕ τον στόχο για τις #ανανεώσιμες πηγές ενέργειας

https://t.co/5Z9iNqpoWw

#energycrisis #energyefficiency #ενέργεια #φυσικό_αέριο #renewables"
1,0.5456756,Positive,,,,,,0.21017095,"Ρεβεγιόν στο Hyatt Regency Thessaloniki: Μοναδικές γιορτές σε φινετσάτο περιβάλλον https://t.co/eiOPQNSsIs https://t.co/NXvf42T6Fs 
#Hayatt_Regency_Thessaloniki #Χριστούγεννα #Χριστουγεννιάτικο_Δέντρο #Εορταστική_Διάθεση #Επισκέπτες #Θεσσαλονίκη #Πρωτοχρονιάτικο_Ρεβεγιόν"
0,0.15540507,Negative,,,,,,0.11970065,RT @LykavitosGr: Σκρέκας: Για πρώτη φορά η Ε.Ε. προωθεί μέτρα για φυσικό περιβάλλον και βιοποικιλότητα  #Σκρέκας #Ευρωπαϊκή_Ένωση #Ε.Ε. htt…
0,0.12784699,Negative,,,,,,0.11040922,RT @LykavitosGr: Σκρέκας: Για πρώτη φορά η Ε.Ε. προωθεί μέτρα για φυσικό περιβάλλον και βιοποικιλότητα  #Σκρέκας #Ευρωπαϊκή_Ένωση #Ε.Ε. htt…
1,0.9548695,Positive,,,,,,0.1069397,Η Energean ανακοινώνει σήμερα ότι πέτυχε νέα αναβάθμιση στην αξιολόγησή της στο πλαίσιο του Carbon Disclosure Project Κλιματική Αλλαγή από το «Β» στο «Α-»
0,0.33697549,Negative,,,,,,0.17463247,Ημερίδα για τη Βιώσιμη Ορεινή Ανάπτυξη στην Ελασσόνα - LarissaPress https://t.co/KH1o080f8H
1,0.84113115,Positive,,,,,,0.18074107,Ελασσόνα: Τελετή εγκαινίων και ημερίδα για τη Βιώσιμη Ορεινή Ανάπτυξη στη νέα Αίθουσα Προβολής Τοπικού Πολιτισμού-Δημοτικού Ωδείου https://t.co/g7Z4oruoeQ
0,0.37642488,Negative,,,,,,0.26095164,Επιστημονική ΥΠΕΡΒΟΜΒΑ: «Οι ‘ΠΡΑΣΙΝΕΣ’ πηγές ενέργειας προκαλούν ΖΗΜΙΑ στο περιβάλλον»!!! https://t.co/1hRwIF3kKd
0,0.08876361,Negative,,,,,,0.12150809,"Κλιματική κρίση: Με ένα λιλιπούτειο αεροσκάφος και μία φωτογραφική μηχανή, ο Γκάρετ ... - https://t.co/2JLGBmjix1 #GoogleAlerts"
1,0.9270076,Positive,,,,,,0.117567696,"ΤΕΝ: Έχουμε ευθύνη να βοηθήσουμε την παγκόσμια κοινότητα της ναυτιλίας να μεταβεί σε ένα πιο βιώσιμο μέλλον - Ρεπορτάζ και ειδήσεις για την Οικονομία, τις Επιχειρήσεις, το Χρηματιστήριο, την Πολιτική #mononewsGR https://t.co/eKrXYTpR4v"
1,0.72144854,Positive,,,,,,0.28315204,"Έγκριση του Περιφερειακού Σχεδίου για την Κλιματική Αλλαγή της Δυτικής Ελλάδας, από το Περιφερειακό Συμβούλιο - Πελοποννησιακό Πρακτορείο Ειδήσεων https://t.co/hRyTQWdea2"
1,0.9452845,Positive,,,,,,0.12341082,"Μία νέα #χρηματοδότηση εξασφάλισε ο #Δήμος #Ξυλοκάστρου_Ευρωστίνης αφού εγκρίθηκε η «Χωριστή Διαχείριση #Βιοαποβλήτων» από το #Επιχειρησιακό #Πρόγραμμα «#Υποδομές #Μεταφορών, #Περιβάλλον και Αειφόρος #Ανάπτυξη» συνολικού #προϋπολογισμού 657.048 €
https://t.co/6w6v2wYw3u"
1,0.7159415,Positive,,,,,,0.16016456,ΤτΕ: Βιώσιμο το Δημόσιο Χρέος έως το 2060 - Τι προκύπτει από τα εναλλακτικά σενάρια https://t.co/6nbEmibCAo #businessnewsgr
1,0.6600615,Positive,,,,,,0.24066226,Τράπεζα της Ελλάδας: Βιώσιμο το δημόσιο χρέος - Τι προκύπτει από τα εναλλακτικά σενάρια - https://t.co/eiOPQNSsIs https://t.co/8L43QeN1hm
1,0.5824724,Positive,,,,,,0.3229822,Βιώσιμο το δημόσιο χρέος σύμφωνα με την Τράπεζα της Ελλάδος https://t.co/vCErWAbBZX
1,0.7231289,Positive,,,,,,0.24135861,"Βιώσιμο το δημόσιο #χρέος σύμφωνα με την #ΤτΕ 

Τι προκύπτει από τα εναλλακτικά σενάρια

https://t.co/Bj9Hof70FD https://t.co/Mj99ODJt2A"
1,0.5612463,Positive,,,,,,0.2555453,Τελικά τι μάθαμε για τη βιώσιμη μόδα μέσα στο 2022; https://t.co/UXGQMIH1Bl
0,0.3788722,Negative,,,,,,0.2541814,ΕΙΝΑΙ Η ΚΛΙΜΑΤΙΚΗ ΑΛΛΑΓΗ ΗΛΙΘΙΕ ΔΕΝ ΤΟ ΒΛΕΠΕΙΣ? ΕΧΟΥΜΕ ΥΠΕΡΘΕΡΜΑΝΣΗ ΣΤΟΝ ΠΛΑΝΗΤΗ.... https://t.co/VCRrT01ivH
0,0.2895549,Negative,,,,,,0.17445025,Αλμυρός: Ψυχολόγοι και κοινωνικοί λειτουργοί θα εξομαλύνουν το σχολικό περιβάλλον https://t.co/ThhJSV9Upi
0,0.12805082,Negative,,,,,,0.12298157,"Συνεχίζει την υποκρισία για την κλιματική κρίση η Γερμανία - Στα ύψη η χρήση άνθρακα, αυξάνει και τις εισαγωγές του https://t.co/5AlVpJ8uTT"
1,0.5161899,Positive,,,,,,0.16112575,Δέσμη Fit for 55 για το περιβάλλον - https://t.co/T2by1i5drV
0,0.32936585,Negative,,,,,,0.14301765,Ψυχολόγοι και κοινωνικοί λειτουργοί θα εξομαλύνουν το σχολικό περιβάλλον https://t.co/msKm8HKs4B
1,0.761973,Positive,,,,,,0.23661773,"Το https://t.co/4P5syZUoai επικοινώνησε με άτομο από το περιβάλλον του ιδιοκτήτη του τουριστικού λεωφορείου που εμπλέκεται στο τροχαίο ο οποίος ανέφερε ότι οι ιδιοκτήτες του λεωφορείου βρίσκονται καθ’ οδόν για Βουκουρέστι
#Ρουμανια 
https://t.co/cy1a8Exv5v"
1,0.68970454,Positive,,,,,,0.28901732,"Κλιματική Κρίση: Το τέλος της εποχής του ανθρώπου; - Το κλειδί βρίσκεται στην ιστορία της Γης,
https://t.co/6e7IuKFMBu,"
0,0.2002541,Negative,,,,,,0.24263333,"Καθώς, το 2022 μας αποχαιρετά, αφήνοντας πίσω του έναν πόλεμο στην καρδιά της Ευρώπης και μία οξεία ενεργειακή κρίση, η συζήτηση για τη μάχη απέναντι στον μεγάλο «αόρατο» εχθρό, την κλιματική κρίση, έχει μπει σε δεύτερο πλάνο...

https://t.co/DKOxZbtLCn"
1,0.9382614,Positive,,,,,,0.09485369,Χρ. Τριαντόπουλος: Σταθερή επιδίωξή μας η συνεχής βελτίωση στις ανάγκες των πολιτών στις νέες συνθήκες που έχει διαμορφώσει η κλιματική κρίση https://t.co/B4yNMe2tLD
1,0.9538248,Positive,,,,,,0.081102274,".@CTriantopoulos στο ΑΠΕ-ΜΠΕ: Σταθερή επιδίωξή μας η συνεχής βελτίωση για να ανταποκρινόμαστε στις ανάγκες των πολιτών στις νέες συνθήκες που έχει διαμορφώσει η κλιματική κρίση 

https://t.co/pVM4cesvLa https://t.co/fzFGW2kvnm"
0,0.43513927,Negative,,,,,,0.19513798,Μέχρι πότε θα είναι βιώσιμο το ελληνικό χρέος – Η αριθμητική https://t.co/BdAuzj6dYU #Sasmos #kaneotikoimasai #gntmgr #Pagidevmenoi #GiTisElias
1,0.92997223,Positive,,,,,,0.08428734,RT @CostasKadis: Ακάμας: Από τους σχεδιασμούς στα έργα. Κατεδάφιση παράνομων υποστατικών και έναρξη έργων βελτίωσης οδικού δικτύου με φιλικ…
1,0.70325387,Positive,,,,,,0.26881495,"Κλιματική Κρίση: Το τέλος της εποχής του ανθρώπου; - Το κλειδί βρίσκεται στην ιστορία της Γης,
https://t.co/6e7IuKFMBu,"
0,0.13956013,Negative,,,,,,0.16728777,ΕΧΟΥΜΕ ΥΠΕΡΘΕΡΜΑΝΣΗ ΤΟΥ ΠΛΑΝΗΤΗ ΚΑΙ ΚΛΙΜΑΤΙΚΗ  ΑΛΛΑΓΗ ΡΕ!!! ΧΩΝΕΨΤΕ ΤΟ....ΤΟ ΛΕΕΙ Ο ΜΠΙΛΑΡΑΣ Ο ΠΟΡΤΑΣ ΚΑΙ Η ΕΜΠΙΣΤΗΜΟΝΑΣ ΓΚΡΕΤΑ..... https://t.co/8rVmEBTkGa
0,0.42053765,Negative,,,,,,0.26060927,"Αυτό που μπορούμε να κάνουμε, ωστόσο, είναι να αποτρέψουμε το σπίτι μας από αυτές τις μυρωδιές του σκύλου μας, οι οποίες θα δημιουργήσουν ένα πολύ πιο φρέσκο περιβάλλον.

#hernewsgr 

https://t.co/FMe8nsLT2k"
1,0.5193659,Positive,,,,,,0.3145826,Η ΚΛΙΜΑΤΙΚΗ ΑΛΛΑΓΗ ΚΑΙ Η ΥΠΕΡΘΕΡΜΑΝΣΗ ΤΟΥ ΠΛΑΝΗΤΗ ΤΩΝ ΜΠΑΡΟΦΟΛΟΓΩΝ....Ρεκόρ ψύξης στον πλανήτη: Οι ΗΠΑ παγώνουν.#ClimateScam
0,0.39079842,Negative,,,,,,0.34908533,Οι επιστήμονες προειδοποιούν για την κλιματική αλλαγή: «Η Ελλάδα θα υποφέρει - Μία στις δέκα παραλίες θα εξαφανιστεί» - LarissaPress https://t.co/OvHXmWaUM8
0,0.14030887,Negative,,,,,,0.14747036,"Πολύ δύσκολες ώρες για τον παγκόσμιο θρύλο Pele - Επιδεινώθηκε η υγεία του, χωρίς επαφή με το περιβάλλον - Συγκλονίζουν τα παιδιά του https://t.co/fWGuPwlrQh"
1,0.8805381,Positive,,,,,,0.11958082,ΖeniΘ: Διακρίθηκε ως κορυφαίο περιβάλλον εργασίας https://t.co/pLx9M9dNzj
1,0.8137095,Positive,,,,,,0.26998973,"Κακοκαιρία-Προειδοποίηση Συνολάκη: «Και στην Ελλάδα θα έχουμε ακραία καιρικά φαινόμενα πιο συχνά»

#κακοκαιρια #ΗΠΑ #usak #USA #Weather #Ελλάδα #κλιματικη_αλλαγη #ΕΜΥ #Mynewsgr 

https://t.co/iV84x8x9f2"
0,0.2977963,Negative,,,,,,0.15986057,Κλιματική αλλαγή: Τώρα και… «αιολική ξηρασία»; https://t.co/3LjdexmCon
0,0.29192135,Negative,,,,,,0.17675897,"Κλιματική κρίση / Στην «κατάψυξη» οι ΗΠΑ, στον «φούρνο» η Ευρώπη https://t.co/z7M1325KCh"
0,0.05076518,Negative,,,,,,0.06258896,Βιώσιμη στρατηγική ανάπτυξης ακολουθούν επτά στις 10 ελληνικές εταιρείες https://t.co/QLyBxYplJq
0,0.079896085,Negative,,,,,,0.09640828,Βιώσιμη στρατηγική ανάπτυξης ακολουθούν επτά στις 10 ελληνικές εταιρείες https://t.co/2wIxk9r9UD
1,0.5821745,Positive,,,,,,0.22396567,LEROY MERLIN Ελλάδος-Εκθεση βιώσιμης ανάπτυξης 2021: Δεσμεύεται για ένα βιώσιμο σπίτι https://t.co/qil3tloTLV #businessnewsgr
1,0.6460252,Positive,,,,,,0.24201699,Τι είναι η «βιώσιμη μόδα» και γιατί είναι σημαντική; - https://t.co/6B9turhGJR https://t.co/NeF1BYbZji
0,0.28736296,Negative,,,,,,0.1610778,Πέντε parking της Cityzen εξυπηρετούν το βιώσιμο μοντέλο ταχυμεταφορών της ACS. https://t.co/7APasB8jUN https://t.co/bzqaJP5ox5
0,0.24449132,Negative,,,,,,0.17738195,Η κλιματική κρίση έχει χτυπήσει «κόκκινο» https://t.co/eXw2baL91y
1,0.63898134,Positive,,,,,,0.24670357,Chadacre (επενδυτής): Σας ευχαριστώ για την υστερία με την κλιματική αλλαγή... Με κάνατε πλούσιο! - Η αδυσώπητη προπαγάνδα https://t.co/MbjhVle4g1
1,0.6362105,Positive,,,,,,0.22149564,Chadacre (επενδυτής): Σας ευχαριστώ για την υστερία στην κλιματική αλλαγή... Με κάνατε πλούσιο! - Η αδυσώπητη προπαγάνδα https://t.co/DPgCCkDtnM
1,0.7508235,Positive,,,,,,0.2611616,Η υστερία για την κλιματική αλλαγή έχει καταστροφικές συνέπειες σε οικονομία και γεωργία – Τι κρύβεται πίσω από όλα αυτά; https://t.co/3oXhjRZqBX
1,0.6640527,Positive,,,,,,0.22921355,Chadacre (επενδυτής): Σας ευχαριστώ για την υστερία στην κλιματική αλλαγή... Με κάνατε πλούσιο! - Η αδυσώπητη προπαγάνδα https://t.co/IspGznw8kj
1,0.92187846,Positive,,,,,,0.12581638,"Στο Ταμείο Ανάκαμψης εντάχθηκε το έργο «Δήμος Ηρακλείου Ελληνικές Έξυπνες Πόλεις – Επενδύσεις σε υποδομές και συστήματα SSC για ένα βιώσιμο και πράσινο αστικό μέλλον», εξασφαλίζοντας χρηματοδότηση 5.000.000 ευρώ… https://t.co/qoUivX9IHu"
0,0.18582036,Negative,,,,,,0.22916311,Αλλάζουν όλα στα Fast Food: Τέλος στα πλαστικά μιας χρήσης για να σωθεί το περιβάλλον!!! Για τα εκατομμύρια Rapid test από πλαστικό που ξοδεύτηκαν στα χρόνια της ψευτοπανδημίας δεν τρέχει τίποτα!!! https://t.co/64QdcTBlOn via @Karditsastakra
0,0.12505646,Negative,,,,,,0.18218082,"Τό ἐνεργειακό κόστος αὐξάνεται, ἔχει αὐξηθεῖ μέ 300%-500% στήν Εὐρώπη σέ ἕνα χρόνο, αὐτό εἶναι σαφῶς μή βιώσιμο καί στήν πραγματικότητα σημαίνει ὅτι ἡ εὐρωπαϊκή βιομηχανία καταστρέφεται ἀπό τήν ἔλλειψη ἀνταγωνιστικότητας."
0,0.1327581,Negative,,,,,,0.13573189,"Διαθέσιμη είναι και επίσημα η νέα, ανανεωμένη ιστοσελίδα της Δημοτικής Βιβλιοθήκης Χανίων, https://t.co/D5Xly3WtDF. Ο διαδικτυακός τόπος αναβαθμίστηκε για να προσφέρει στους επισκέπτες του ένα περιβάλλον σύγχρονο και εύκολα προσβάσιμο… https://t.co/7wsnJ0CfqG"
0,0.1467233,Negative,,,,,,0.12695774,Θέρμη: Εταιρεία τυρογάλακτος έριξε 1.700 τόνους απόβλητα στο Θερμαϊκό - Δικογραφία για περιβαλλοντική ρύπανση από την αστυνομία https://t.co/SGYbDIR84h #ΑΣΤΥΝΟΜΙΚΑ #ΘΕΡΜΗ #ΠΕΡΙΒΑΛΛΟΝ https://t.co/vtqI7uPW8B
0,0.4440519,Negative,,,,,,0.21712784,Πως βλέπουν οι Έλληνες την κλιματική αλλαγή https://t.co/M5giG41wp4
1,0.86113703,Positive,,,,,,0.17488381,Μπορντώ: O αυτοκινητόδρομος που θα δίνει «πράσινη» ενέργεια σε 40.000 σπίτια https://t.co/y6OoVZKbBH
1,0.8210836,Positive,,,,,,0.212676,ΕΙΝΑΙ Η ΜΟΝΗ ΤΑΙΝΙΑ ΠΟΥ Ο ΠΡΩΤΑΓΩΝΙΣΤΗΣ ΠΑΡΑΜΕΝΕΙ ΛΕΥΚΟΣ....ΓΙΑ ΦΑΝΤΑΣΟΥ ΕΝΑΝ ΑΡΑΠΗ ΝΑ ΚΑΝΕΙ ΤΟΝ ΤΑΡΖΑΝ...Η ΜΑΙΜΟΥ ΣΤΟ ΦΥΣΙΚΟ ΤΗΣ ΠΕΡΙΒΑΛΛΟΝ ΧΑΛΑΕΙ ΤΟ ΑΦΗΓΗΜΑ..... https://t.co/ZAK2o3fKJo
0,0.26466668,Negative,,,,,,0.18916085,"ΚΑΙ ΑΥΤΗ Η ΓΙΑΓΙΑΚΑ ΕΥΑΓΓΕΛΙΖΕΤΑΙ ΤΗΝ ΕΥΘΑΝΑΣΙΑ 7,5 ΔΙΣ.ΑΝΘΡΩΠΩΝ ΓΙΑ ΝΑ ΣΩΣΕΙ ΤΟΝ ΠΛΑΝΗΤΗ ΑΠΟ ΤΗΝ ΚΛΙΜΑΤΙΚΗ ΑΛΛΑΓΗ....ΒΛΑΔΙΜΗΡΕ  ΠΑΤΑ ΤΟ ΚΑΙ ΚΑΤΕΥΘΕΙΑΝ ΣΤΟ ΝΤΑΒΟΣ https://t.co/7viEgMJ5G6"
0,0.42686406,Negative,,,,,,0.20883559,Κικίλιας: Ο βιώσιμος τουρισμός η μεγάλη πρόκληση για το 2023 https://t.co/riYtZZC3Yj #businessnewsgr
1,0.6699035,Positive,,,,,,0.30245963,"Δέκα «στοιχήματα» θέτει το τρέχον έτος το υπουργείο Οικονομικών για την ελληνική οικονομία, η οποία καλείται να κινηθεί σε ένα περιβάλλον έντονης ρευστότητας και επιδείνωσης των μακροοικονομικών προοπτικών σε μεγάλο μέρος της παγκόσμιας οικονομίας. https://t.co/c1ZYCmqjuv"
1,0.6007481,Positive,,,,,,0.2655067,"#Βουλγαρία - @BTA_TopNews: Διαδικτυακός οδηγός παρέχει συμβουλές για βιώσιμη διαβίωση

https://t.co/y8p0L9t85W https://t.co/lQWhbLoCpP"
1,0.8029728,Positive,,,,,,0.23676644,Καιρός – Κλιματική αλλαγή: Άνοιξη μέσα στο χειμώνα χωρίς ίχνος χιονιού – Η ανάλυση Ζερεφού και Λαγουβάρδου ... https://t.co/OO8I4jTCEB
0,0.23877138,Negative,,,,,,0.18334591,Δεκέμβριος 2022: Ο πιο θερμός Δεκέμβριος από το 2010 https://t.co/xfaUa9IiMv #ΠΕΡΙΒΑΛΛΟΝ https://t.co/cKzwu9hSba
0,0.090431996,Negative,,,,,,0.092335716,RT @Moneypressgr: Πώς θα είναι το περιβάλλον εργασίας το 2023 – Τρεις προβλέψεις για τον τρόπο π...  #moneypress https://t.co/tbCjtPDxOk
0,0.114053346,Negative,,,,,,0.11522805,Πώς θα είναι το περιβάλλον εργασίας το 2023 – Τρεις προβλέψεις για τον τρόπο π...  #moneypress https://t.co/tbCjtPDxOk
1,0.5070838,Positive,,,,,,0.29479107,"RT @mdenaxa: 🇫🇷Το εξώφυλλο της Liberation για την καυτή χρονιά που περιμένει τον Μακρόν, όχι μόνο από την ""κλιματική αλλαγή"" για την οποία…"
0,0.46343267,Negative,,,,,,0.2163328,Κλιματική αλλαγή: Βάζει «φρένο» στο σκι στις Άλπεις https://t.co/2S8yAE8Doi
1,0.6391372,Positive,,,,,,0.25172305,"#περιβάλλον: #ένα #εγκαταλελειμμένο #ορυχείο #στην #Ισπανία, #κρύβει #έναν #εντυπωσιακό #γεωλογικό #θησαυρό.
https://t.co/6zkuKXARy7"
0,0.21634209,Negative,,,,,,0.1919577,"Σταύρος Κατσικάδης: Η Μαρίνα Φλοίσβου κρατά σταθερές τις κύριες πολιτικές της για το περιβάλλον και την κοινωνία - Ρεπορτάζ και ειδήσεις για την Οικονομία, τις Επιχειρήσεις, το Χρηματιστήριο, την Πολιτική #mononewsGR https://t.co/cr50tZXFCm"
0,0.082968,Negative,,,,,,0.11721341,"Μια επαναστατική μέθοδος ανακύκλωσης πλαστικών αποβλήτων μπορεί όπως φαίνεται να τα μετατρέψει σε μια φιλική στο περιβάλλον πηγή κίνησης οχημάτων.

https://t.co/5uLw9p6aSJ https://t.co/XFCyt3FGbC"
0,0.30354246,Negative,,,,,,0.26385376,«Κλιματική Αλλαγή και Πολιτιστική Κληρονομιά»-Διήμερο Εργαστήριο στο Διαχρονικό Μουσείο Λάρισας - LarissaPress https://t.co/T6QAx9DC4z
0,0.042774443,Negative,,,,,,0.08650001,"«Η ταφή και η καύση των νεκρών προκαλούν κλιματική αλλαγή»!
Το περασμένο Σάββατο,η Νέα Υόρκη έγινε η 6η πολιτεία των ΗΠΑ που ενέκρινε τη φυσική οργανική μείωση, που είναι ευρύτερα γνωστή ως ανθρώπινη κομποστοποίηση, μετά το θάνατο που σημαίνει ότι οι νεκροί θα γίνονται… λίπασμα! https://t.co/0M4s5YLulb"
0,0.05451139,Negative,,,,,,0.080800116,Άρθρο στους NY Times: «Βγείτε ραντεβού με κοντούς ανθρώπους για να σταματήσει η κλιματική αλλαγή» https://t.co/1KiAeKAhSc
1,0.7196129,Positive,,,,,,0.25126988,Blue Star Ferries: Περιβαλλοντική ημερίδα «Κλιματική αλλαγή και σημερινές προκλήσεις» https://t.co/6WDD3mZhCX
0,0.1149273,Negative,,,,,,0.15234639,@giorgos_vr @not_least @bobidion Οι ψυχικες ασθενειες ειναι κληρονομικες οποτε δεν γνωριζουμε σε τι κατασταση ηταν και το οικογενειακος της περιβαλλον
1,0.8993841,Positive,,,,,,0.12164269,"BLUE STAR FERRIES: Περιβαλλοντική Ημερίδα «Κλιματική Αλλαγή και Σημερινές Προκλήσεις» - Ρεπορτάζ και ειδήσεις για την Οικονομία, τις Επιχειρήσεις, το Χρηματιστήριο, την Πολιτική #mononewsGR https://t.co/mERJP678SN"
0,0.15860362,Negative,,,,,,0.15004547,"⭕ Παγκόσμια αδιαφορία των κυβερνήσεων για την κλιματική αλλαγή

✏️ Γράφει ο Παναγιώτης Τουρκοχωρίτης https://t.co/BWhtykWSDe"
1,0.91903985,Positive,,,,,,0.108826846,Περιβαλλοντική Ημερίδα «Κλιματική Αλλαγή &amp; Σημερινές Προκλήσεις»  από την BLUE STAR FERRIES https://t.co/kcdQy7TK3x
0,0.4100827,Negative,,,,,,0.2600149,".@joikonomou: Το 2022, παρά το δυσχερέστατο παγκόσμιο περιβάλλον, η Ελλάδα άντεξε και σημείωσε σημαντικά βήματα προόδου

https://t.co/HdYSF5Wabr https://t.co/JviXnWlwe1"
0,0.15125826,Negative,,,,,,0.170363,"Κ. Συνολάκης, ακαδημαϊκός: Δεν περιμέναμε την κλιματική κρίση τόσο σύντομα – Έχουμε πολικούς κυκλώνες μεγάλης έντασης (video) https://t.co/IlngjJMer4"
0,0.14164202,Negative,,,,,,0.15016784,"Σταύρος Κατσικάδης: Η Μαρίνα Φλοίσβου κρατά σταθερές τις κύριες πολιτικές της για το περιβάλλον και την κοινωνία - mononewsTV - Ρεπορτάζ και ειδήσεις για την Οικονομία, τις Επιχειρήσεις, το Χρηματιστήριο, την Πολιτική #mononewsGR https://t.co/wHPzNCVL8I"
1,0.8662801,Positive,,,,,,0.16271175,BBC / Η κλιματική αλλαγή απειλεί και το σκι – Τα χιονοδρομικά στις Άλπεις έβαλαν τεχνητό χιόνι https://t.co/aKU35cy8Jz
0,0.16048679,Negative,,,,,,0.16879281,«Η κλιματική κρίση ήρθε νωρίτερα - Πρέπει να προετοιμαστούμε για κυκλώνες μεγάλης έντασης» - «Καμπανάκι» από τον Κωνσταντίνο Συνολάκη - LarissaPress https://t.co/MIKx4LlCs1
1,0.5903763,Positive,,,,,,0.24358928,ΠΙΝ&amp;ΙΟΝΙΟ ΠΑΝΕΠΙΣΤΗΜΙΟ – Ημερίδα στη Ζάκυνθο για το περιβάλλον https://t.co/1fRexewJIQ
0,0.118020736,Negative,,,,,,0.14208825,Τμήμα Περιβάλλοντος Ιονίου Πανεπιστημίου &amp; ΠΙΝ: Διοργανώνουν σειρά ανοιχτών ομιλιών με κεντρικό θέμα «Περιβάλλον και Επιχειρηματικότητα» https://t.co/4qKWHbrjFF
0,0.11334863,Negative,,,,,,0.08991044,Πόλεμος στην Ουκρανία: «Σκοτώνοντας» και το περιβάλλον https://t.co/Vj1SzI6WOU
1,0.57001066,Positive,,,,,,0.22268789,Βέλτιστες πρακτικές για βιώσιμη φιλοξενία https://t.co/NEDXeCRrvT
1,0.63226855,Positive,,,,,,0.28722644,"Πόλεμος για την πράσινη ενέργεια από τους δύο πιο ισχυρούς άντρες της Ινδίας - Ρεπορτάζ και ειδήσεις για την Οικονομία, τις Επιχειρήσεις, το Χρηματιστήριο, την Πολιτική #mononewsGR https://t.co/QppqF9iYiH"
1,0.52533966,Positive,,,,,,0.25576544,"Βριλήσσια – Γ. Πισιμίσης: Στις 15/1 η εκδήλωση “Νέα Προοπτική για τα Βριλήσσια: Σύγχρονη, Βιώσιμη, Ανθρώπινη Πόλη” https://t.co/YMHO0dR7yR"
1,0.60124624,Positive,,,,,,0.29761806,"#climatecrisis 
Για τρομακτικές επιπτώσεις στην ανθρώπινη υγεία από την κλιματική αλλαγή, προειδοποιεί έρευνα με συντονιστή το ΙΚυ 
@CyprusInstitute 
https://t.co/8bRW2XCDGJ"
0,0.39596382,Negative,,,,,,0.29013398,Κλιματική αλλαγή: Μα πού πήγε ο χειμώνας στην Ευρώπη; - LarissaPress https://t.co/etT8r5FqSv
0,0.46563342,Negative,,,,,,0.24212305,Θερμότερο κλίμα και υψηλότερες θερμοκρασίες στη Μεσόγειο τα επόμενα χρόνια https://t.co/qxPXvJQ3rG #ΚΛΙΜΑ #ΠΕΡΙΒΑΛΛΟΝ https://t.co/7KRSSBNl0Q
1,0.6799341,Positive,,,,,,0.26140568,"Για το ενδεχόμενο εμφάνισης πολικού κυκλώνα παρόμοιου με αυτόν που έπληξε τις ΗΠΑ μίλησε ο πρόεδρος της Εθνικής Επιτροπής για την Κλιματική Αλλαγή, Κωνσταντίνος Συνολάκης https://t.co/H54NvALDjD"
0,0.38269848,Negative,,,,,,0.33670074,"Βίντεο στο οποίο απεικονίζεται, μέσα σε 52 δευτερόλεπτα, η κλιματική αλλαγή του πλανήτη από το 1880 μέχρι σήμερα, έδωσε στη δημοσιότητα η NASA https://t.co/IODKgrTcFP"
0,0.17203878,Negative,,,,,,0.19493106,"Ο 82χρονος τέως μονάρχης δεν είναι διασωληνωμένος, αλλά η επαφή του με το περιβάλλον είναι πολύ περιορισμένη. #Ελλάδα
https://t.co/hVqY8JkYBL"
0,0.042513575,Negative,,,,,,0.08084866,[Κλικ και διαβάστε στο thecaller]Με «βαρύ» εγκεφαλικό στη ΜΕΘ ο τέως βασιλιάς  #Κωνσταντίνος – Περιορισμένη η επαφή του με το περιβάλλον https://t.co/aq7aq8GzJc
0,0.33459693,Negative,,,,,,0.24147317,Κλιματική αλλαγή: Μα πού πήγε ο χειμώνας στην Ευρώπη; https://t.co/TYQMziduKE
0,0.17112693,Negative,,,,,,0.16052629,"Κλιματική κρίση: Γιατί ανησυχεί ο πρωτοχρονιάτικος ""καύσωνας"" στην Ευρώπη - LarissaPress https://t.co/PEuZCOhjtB"
0,0.2437524,Negative,,,,,,0.20433323,Κλιματική κρίση: Πρωτόγνωρες θερμοκρασίές για Ευρώπη την Πρωτοχρονιά - https://t.co/5iTpaUi4v1 https://t.co/HOH6eXnIkN
1,0.658522,Positive,,,,,,0.1957424,Σκουρλέτης: Πρωτιά του ΣΥΡΙΖΑ-ΠΣ στις εκλογές για βιώσιμη κυβέρνηση https://t.co/PUTTrWnigd
0,0.27529407,Negative,,,,,,0.19711542,"RT @0minus_Prime: Κλιματοψέκες, εμβολιοψέκες και ακόμη ουκρανοψέκες, δείτε εδώ τι παίζει, γιατί σε λίγο θα μας ζαλίζετε τα @@ με την ""κλιμα…"
1,0.71728414,Positive,,,,,,0.14853731,ΚΛΙΜΑΤΙΚΗ ΑΛΛΑΓΗ ΗΤΑΝ ....ΣΙΓΟΥΡΑ https://t.co/75J8mnya7k
0,0.2203481,Negative,,,,,,0.19098875,RT @TheOpinion_News: «Κοιτάμε Μπροστά»: «Είναι βιώσιμη η ανάπτυξη της Θεσσαλονίκης;» https://t.co/LI7p2T9uEM #Thessaloniki #skg #TheOpinion
1,0.84660995,Positive,,,,,,0.1640734,Σκουρλέτης: Πρωτιά του ΣΥΡΙΖΑ-ΠΣ στις εκλογές για βιώσιμη κυβέρνηση που θα εμπνεύσει τον κόσμο και θα δώσει απαντήσεις - https://t.co/WAQ6kGvGQc https://t.co/6hyiURXpNH
0,0.067295596,Negative,,,,,,0.064727865,Ξεκίνησε η ανακύκλωση των φυσικών χριστουγεννιάτικων δέντρων από τον δήμο Θέρμης https://t.co/IbdZBMmZkt #ΔΗΜΟΤΙΚΑ #ΔΤ #ΠΕΡΙΒΑΛΛΟΝ https://t.co/NG2sHxP1Pc
0,0.111012995,Negative,,,,,,0.16274954,"Τον κώδωνα του κινδύνου κρούει μελέτη διεθνούς ομάδας ερευνητών υπό τον συντονισμό του Ινστιτούτου Κύπρου (ΙΚυ), η οποία παρουσιάζει την πρώτη ολοκληρωμένη ανασκόπηση του τρόπου με τον οποίο η Κλιματική Αλλαγή επηρεάζει την υγεία των κατοίκων

https://t.co/RcMlrG0kst https://t.co/YElESoiOvP"
1,0.52406645,Positive,,,,,,0.28187075,Ενεργειακή αυτονομία και πράσινη οικονομία μέσω του ορυκτού πλούτου https://t.co/00J3TnMfhX
0,0.29531282,Negative,,,,,,0.3443693,"Άγγελος Ξηντάρης: Χτίζουμε μια Σκόπελο ψηφιακή ,σύγχρονη, έξυπνη, βιώσιμη και ανθρώπινη. https://t.co/KuHFjx4XRu"
1,0.6930196,Positive,,,,,,0.1883974,Στις εταιρίες με το καλύτερο εργασιακό περιβάλλον στην Ελλάδα η Intrum https://t.co/Qlb4OmWuM9
1,0.6788083,Positive,,,,,,0.2700894,Nέες τοιχογραφίες με θέμα το περιβάλλον «ντύνουν» με χρώμα σχολεία της Αθήνας https://t.co/w4w00xmagc
0,0.47675776,Negative,,,,,,0.24460393,Εντυπωσιακές τοιχογραφίες για το περιβάλλον «ντύνουν» σχολεία της Αθήνας - https://t.co/1dNhpMXBCd https://t.co/kUowJ5E0b7
1,0.56415445,Positive,,,,,,0.3460595,"Τέσσερις νέες εντυπωσιακές τοιχογραφίες με θέμα το περιβάλλον γεμίζουν χρώμα σχολεία της Αθήνας

https://t.co/Mh7DOSZ7LA"
0,0.23525468,Negative,,,,,,0.16043457,Κλείνει το διάσημο Noma στην Κοπεγχάγη... δεν είναι βιώσιμο το μοντέλο πια https://t.co/AAJWppUw4Q
1,0.94451034,Positive,,,,,,0.100213625,"Κ. Μπακογιάννης: «Με σεβασμό στον δημόσιο χώρο, τα murals γίνονται κομμάτι της αισθητικής ταυτότητας της σύγχρονης Αθήνας»-Δήμος Αθηναίων: Τέσσερις νέες εντυπωσιακές τοιχογραφίες  με θέμα το περιβάλλον «ντύνουν» με χρώμα σχολεία της πόλης https://t.co/f9VrO3KVm0 https://t.co/VWqjqMFr2t"
0,0.039957717,Negative,,,,,,0.04924015,Ξεκίνησε η ανακύκλωση των φυσικών χριστουγεννιάτικων δέντρων από τον δήμο Θέρμης https://t.co/IbdZBMmZkt #ΔΗΜΟΤΙΚΑ #ΔΤ #ΠΕΡΙΒΑΛΛΟΝ #ΤΟΠΙΚΑ https://t.co/wv4Elq4twh
0,0.1167068,Negative,,,,,,0.14830494,"#Περιβάλλον: #Τι #προκάλεσε #τον #πρωτοχρονιάτικο #καύσωνα #στην #Ευρώπη;
#καιρός
https://t.co/5on2lO6Vfr"
1,0.8771648,Positive,,,,,,0.19171827,Δήμος Αθηναίων: Οι τέσσερις νέες τοιχογραφίες με θέμα το περιβάλλον «ντύνουν» με χρώμα σχολεία της πόλης https://t.co/ow39QsgQmc
1,0.8451513,Positive,,,,,,0.18524624,"Ο πρόεδρος του Επιμελητηρίου Χανίων τονίζει ότι πρέπει να δοθεί έμφαση στην Καινοτομία, την Αειφορία και την Εξωστρέφεια, προκειμένου οι επιχειρήσεις να ανταπεξέλθουν αποτελεσματικά στις προκλήσεις του νέου Οικονομικού περιβάλλοντος… https://t.co/UQ85cqHoSh"
1,0.61743975,Positive,,,,,,0.3338108,"Σύμφωνα με την ευρωπαϊκή υπηρεσία Copernicus για την κλιματική αλλαγή (C3S), το 2022 ήταν επίσης το πέμπτο πιο ζεστό έτος στον κόσμο με μικρή διαφορά. https://t.co/ErOOig4t9y"
1,0.9127644,Positive,,,,,,0.15372306,Δήμος Αθηναίων: Τέσσερις νέες εντυπωσιακές τοιχογραφίες με θέμα το περιβάλλον «ντύνουν» με χρώμα σχολεία της πόλης https://t.co/7qXhqUDQLa
1,0.72364354,Positive,,,,,,0.22418587,"Ο κ. Πετρίδης λέει ότι η κυβέρνηση προτείνει ολιστική αναδιαμόρφωση του συστήματος συντάξεων, με αναλογιστικό τρόπο, βιώσιμο και θεσμοθέτηση του δεύτερου πυλώνα και στον ιδιωτικό τομέα. #Κύπρος
https://t.co/4bzzvgYrf1"
0,0.3844344,Negative,,,,,,0.24582137,"[https://t.co/bDHZLmoC6L]Ψάλτης (Alpha Bank): «Εγκαινιάζουμε ένα νέο κύκλο εξέλιξης, ως απάντηση στο νέο περιβάλλον διαρκούς κρίσης» https://t.co/eEkHHNTM6m"
1,0.5833389,Positive,,,,,,0.23684126,"#Πρόκειται #για #την 5η #Περιφερειακή #Ενημερωτική #ημερίδα, #που #διοργανώνεται #στο #πλαίσιο #του #έργου #life-IP #AdaptInGR #και #επιδιώκει #την #ενημέρωση και #ευαισθητοποίηση #των #πολιτών #της #Στερεάς_Ελλάδας.
#περιβάλλον #κλίμα
https://t.co/MHDFjDt61W"
0,0.16128969,Negative,,,,,,0.1520123,Τμήμα Περιβάλλοντος Ιονίου Πανεπιστημίου &amp; ΠΙΝ: Σειρά ανοιχτών ομιλιών με κεντρικό θέμα «Περιβάλλον και Επιχειρηματικότητα» (Βίντεο-Ολόκληρη Μετάδοση) https://t.co/roRYMcGzqW
0,0.35441262,Negative,,,,,,0.20433001,"Μπέττυ Χαραλαμποπούλου (TRIQUETRA): Πώς 6 χώρες ενώνουν τις δυνάμεις τους για την κλιματική αλλαγή - Ρεπορτάζ και ειδήσεις για την Οικονομία, τις Επιχειρήσεις, το Χρηματιστήριο, την Πολιτική #mononewsGR https://t.co/6xirMreszh"
0,0.24537739,Negative,,,,,,0.21029426,Δηλαδή αν μας μιλήσει για το onlyfans τι γραφικό περιβάλλον θα χρησιμοποιήσει; https://t.co/jNnSUK1OKi
1,0.78375524,Positive,,,,,,0.23718819,Tο Γεωπάρκο Μετεώρων-Πύλης αναδεικνύει τη Θεσσαλία σε παγκόσμιο προορισμό τουρισμού φύσης https://t.co/l62D3wb65W
0,0.18821579,Negative,,,,,,0.13766856,Επιστολή Δένδια στον Μπορέλ: «Επικίνδυνο περιβάλλον ασφαλείας» εκ μέρους της Τουρκίας https://t.co/xEfI2x3g7Q
0,0.29051432,Negative,,,,,,0.14225815,Διπλωματικές πηγές: Επιστολή Δένδια στην ΕΕ – «Επικίνδυνο περιβάλλον ασφαλείας» εκ μέρους της Τουρκίας https://t.co/oSHd0Fe0lu
1,0.576794,Positive,,,,,,0.21432237,"Έμφαση στο περιβάλλον και την κλιματική αλλαγή στην έκθεση του #ΟΟΣΑ για την Ελλάδα 

Προτάσεις και κατευθύνσεις 

https://t.co/Ap88ktOgI4"
1,0.8673352,Positive,,,,,,0.17872924,"Ο πρόεδρος του Επιμελητηρίου Χανίων τονίζει ότι πρέπει να δοθεί έμφαση στην Καινοτομία, την Αειφορία και την Εξωστρέφεια, προκειμένου οι επιχειρήσεις να ανταπεξέλθουν αποτελεσματικά στις προκλήσεις του νέου Οικονομικού περιβάλλοντος… https://t.co/v29xvQFfzs"
0,0.39604312,Negative,,,,,,0.18935132,Μνημόνιο συνεργασίας από ΕΜΠ και ΙΜΕ ΓΣΕΒΕΕ για την κυκλική οικονομία https://t.co/z28IlFF9Em #businessnewsgr
0,0.21988685,Negative,,,,,,0.18491678,"Η ""Πρωτοβουλία Πολιτών για τη βιώσιμη Ανάπτυξη και την πρόοδο στον Δήμο Τεμπών"" για το Κέντρο Πληροφόρησης για την Κοιλάδα Τεμπών https://t.co/XH3NIEgilH"
1,0.9850169,Positive,,,,,,0.05862129,Η Νάξος στις κορυφαίες τάσεις του κόσμου για βιώσιμο ταξίδι το 2023! https://t.co/NqL303PVro μέσω @Naxos Press
1,0.9731061,Positive,,,,,,0.072710544,"Η Νάξος στις κορυφαίες τάσεις του κόσμου για βιώσιμο ταξίδι το 2023! 
https://t.co/BolJYyt1yd"
1,0.98424006,Positive,,,,,,0.030814387,Η Νάξος στις κορυφαίες τάσεις του κόσμου για βιώσιμο ταξίδι το 2023 https://t.co/751ic0eP9J
0,0.39132392,Negative,,,,,,0.34633482,"✍🏻ΥΠΕΓΡΑΦΗ Η ΣΥΜΒΑΣΗ ΓΙΑ ΤΗΝ ΑΝΤΙΚΑΤΑΣΤΑΣΗ ΤΟΥ ΑΜΙΑΝΤΟΣΩΛΗΝΑ ΣΤΗΝ ΟΔΟ ΜΕΣΟΛΟΓΓΙΟΥ
👉🏻Με σοβαρό σχεδιασμό ένα έργο κομβικής σημασίας για το #περιβάλλον και την #υγεία όλων ξεκινά να εκτελείται https://t.co/IkxxaP45xJ"
0,0.49755576,Negative,,,,,,0.2570556,Η Πρωτοβουλία Πολιτών για τη βιώσιμη Ανάπτυξη και την πρόοδο στο Δήμο Τεμπών καταγγέλλει - LarissaPress https://t.co/Sf0CGfm0q3
1,0.9910238,Positive,,,,,,0.022668615,Η Νάξος στις κορυφαίες τάσεις του κόσμου για βιώσιμο ταξίδι το 2023 – Η πρώτη διεθνής διάκριση για φέτος https://t.co/0mgYsmvZ9k #diakrisi #naxos
1,0.99560416,Positive,,,,,,0.011495591,Η Νάξος στις κορυφαίες τάσεις του κόσμου για βιώσιμο ταξίδι το 2023 - https://t.co/PNo8i9lcVQ https://t.co/uEsUA5hYUI
1,0.9628261,Positive,,,,,,0.092418835,"Η Νάξος στις κορυφαίες επιλογές για βιώσιμο ταξίδι

https://t.co/fZCFm1eWb1"
1,0.9926098,Positive,,,,,,0.015855389,"Η Νάξος στις κορυφαίες τάσεις του κόσμου για βιώσιμο ταξίδι το 2023 - Ρεπορτάζ και ειδήσεις για την Οικονομία, τις Επιχειρήσεις, το Χρηματιστήριο, την Πολιτική #mononewsGR https://t.co/Py56tR7Blc"
1,0.97630256,Positive,,,,,,0.08046259,Η Νάξος στις κορυφαίες τάσεις του κόσμου για βιώσιμο ταξίδι το 2023 https://t.co/q8wczMFdFW
1,0.9667781,Positive,,,,,,0.107057735,Στις κορυφαίες τάσεις του κόσμου για βιώσιμο ταξίδι το 2023 η Νάξος https://t.co/g2Q77VfbnU
1,0.90681684,Positive,,,,,,0.13476272,Οι Αυστραλοί επιλέγουν Νάξο για βιώσιμο ταξίδι το 2023 https://t.co/VRdgZdUKuS μέσω @Naxos Press
1,0.9871396,Positive,,,,,,0.037820224,"Η #Νάξος στις κορυφαίες τάσεις του κόσμου για βιώσιμο ταξίδι το 2023

https://t.co/8gJriEI7N8

#τουρισμός"
1,0.6637388,Positive,,,,,,0.22306187,Κλιματική αλλαγή και υποβάθμιση του περιβάλλοντος: Οι βασικοί κίνδυνοι για τον πλανήτη μας την επόμενη 10ετια https://t.co/L0q8AJKlig
0,0.3062987,Negative,,,,,,0.2467481,"Διήμερο εργαστήριο, για την κλιματική αλλαγή και την πολιτιστική κληρονομιά, στο Διαχρονικό Μουσείο Λάρισας https://t.co/UJ3QFWr6Id"
1,0.968625,Positive,,,,,,0.079594366,"Νάξος, ο απόλυτος προορισμός για ένα βιώσιμο ταξίδι – «Στην κορυφή» της NZ Herald της Νέας Ζηλανδίας https://t.co/Y6bUIrIaDg"
0,0.20647262,Negative,,,,,,0.2361948,"Μνημόνια Συνεργασίας ΕΜΠ με ΜμΕ για κυκλική παραγωγή και διάθεση προϊόντων - Ρεπορτάζ και ειδήσεις για την Οικονομία, τις Επιχειρήσεις, το Χρηματιστήριο, την Πολιτική #mononewsGR https://t.co/470MMGJLVa"
0,0.11139068,Negative,,,,,,0.14077328,Η φωνή της λογικής: Ελβετικό δεξιό κόμμα προκηρύσσει δημοψήφισμα για να μπλοκάρει τον αστείο νόμο για την κλιματική αλλαγή https://t.co/Pt14fkbxFZ
0,0.12391429,Negative,,,,,,0.12931137,⭕ «Εχθρικό περιβάλλον η Ελλάδα για υπερασπιστές ανθρωπίνων δικαιωμάτων και δημοσιογράφους» https://t.co/IglDAOyncH
1,0.8269062,Positive,,,,,,0.18400753,ExxonMobil: Ο πετρελαϊκός γίγαντας είχε προβλέψει την κλιματική αλλαγή τη δεκαετία του '70 - https://t.co/nHCkxVTvTs
1,0.5009333,Positive,,,,,,0.33057085,Καλαμάτα: Τον Μάιο το 2ο Φεστιβάλ Ρομποτικής &amp; Ευφυών Συστημάτων και το Επιστημονικό Συνέδριο με θέμα «Κλιματική Αλλαγή &amp; Νέες Τεχνολογίες» https://t.co/llEL0RcS24 https://t.co/nbo636KRaU
0,0.46721202,Negative,,,,,,0.30011243,"Σε 11 χρόνια, η #Ονδούρα έχασε το 10% των δασών της

https://t.co/7k436vDf5z

#δάση #κλίμα #περιβάλλον #κλιματική_κρίση"
1,0.5932294,Positive,,,,,,0.21207586,Η ExxonMobil είχε προβλέψει την κλιματική αλλαγή από το 1970 https://t.co/sAAxBnyAyK
0,0.059262324,Negative,,,,,,0.06580205,"Αν και το σουβλάκι δεν μπορεί να το χαρακτηρίσει κανείς ακόμη και σήμερα «ακριβό προϊόν» μέσα μάλιστα σε ένα περιβάλλον γενικευμένης ακρίβειας, εντούτοις, γεγονός είναι ότι στο «συμβολικά» πιο φθηνό γρήγορο φαγητό, οι ανατιμήσεις που έχουν γίνει, κάθε… https://t.co/8jbXuN3x6r"
0,0.41619447,Negative,,,,,,0.26000842,Μαρίνα Φλοίσβου: Η βιώσιμη ανάπτυξη στην πράξη https://t.co/8rlZNATg1z
1,0.7214342,Positive,,,,,,0.19026765,H κλιματική αλλαγή βασίζεται σε ψεύδη. https://t.co/H2evdLyvBB via @wpvkp
0,0.22222587,Negative,,,,,,0.16940646,"ΟΟΣΑ: Mόνο με πρωτογενή πλεονάσματα 1,5% - 2% του ΑΕΠ από το 2023 καθίσταται βιώσιμο το δημόσιο χρέος https://t.co/Vwk6U3g4FX"
0,0.43270287,Negative,,,,,,0.22256333,Xανιά | «Θρανίο» για ενέργεια - περιβάλλον ο σταθμός παραγωγής ρεύματος που ίδρυσε ο Βενιζέλος https://t.co/HkzfWJQF6t
0,0.18494448,Negative,,,,,,0.17268077,RT @Moneypressgr: ΟΟΣΑ: Το συνταξιοδοτικό σύστημα στην Ελλάδα γίνεται πιο βιώσιμο  #moneypress https://t.co/tPrHxQRavP
0,0.1665652,Negative,,,,,,0.118359745,ΟΟΣΑ: Το συνταξιοδοτικό σύστημα στην Ελλάδα γίνεται πιο βιώσιμο  #moneypress https://t.co/tPrHxQRavP
0,0.42262208,Negative,,,,,,0.2621067,«Δεν μας ψεκάζουν… αλλά κάνουν τεράστια ζημιά στο περιβάλλον»: H λύση για τις άσπρες ουρές πίσω από τα αεροπλάνα https://t.co/Fgz3uQQPOw
0,0.38012707,Negative,,,,,,0.28684324,2ο Φεστιβάλ Ρομποτικής &amp; Ευφυών Συστημάτων – Επιστημονικό Συνέδριο με θέμα «Κλιματική Αλλαγή &amp; Νέες Τεχνολογίες» https://t.co/AjsoB90XOk https://t.co/lghI2tJZEK
1,0.97783005,Positive,,,,,,0.059535734,Η Νάξος στις κορυφαίες τάσεις του κόσμου για βιώσιμο ταξίδι το 2023 - https://t.co/PNo8i9lcVQ https://t.co/RRtOtfXpqv
0,0.47833085,Negative,,,,,,0.24670082,Δήμος Αθηναίων : Εντυπωσιακές τοιχογραφίες για το περιβάλλον «ντύνουν» σχολεία της Αθήνας https://t.co/4cWxVBK6UZ
1,0.5210439,Positive,,,,,,0.23996265,"Τώρα τούτη η είδηση αυτή την εποχή γιατί δεν περνάει ούτε καν σαν μαύρο χιούμορ το βλέπει ο καθένας γύρω του και στο οικείο του ""κοντινό"" περιβάλλον. https://t.co/u9sXkdSRj1"
1,0.67126346,Positive,,,,,,0.23547322,Συνεχίζεται η υποβολή αιτήσεων για το μεταπτυχιακό του ΠΘ με τίτλο «Αειφόρος και Βιώσιμη Φυτική Παραγωγή» https://t.co/bsHr9qxbHp
0,0.38768655,Negative,,,,,,0.27789074,Αθήνα: Άνδρας εντοπίστηκε νεκρός στο σπίτι του - Εξετάζεται γυναίκα από το στενό περιβάλλον του https://t.co/ouGmjGRSgh
0,0.2629032,Negative,,,,,,0.17133905,"«Τα Πράσινα Επαγγέλματα του Μέλλοντος»- Περιβάλλον, κλιματική αλλαγή, νέες θέσεις εργασίας 
#κλιματική_αλλαγή #περιβάλλον #επαγγέλματα #MONEYSHOW #Θεσσαλονίκη
https://t.co/d3sbmPN9hX"
0,0.29755944,Negative,,,,,,0.17166997,Άνδρας εντοπίστηκε νεκρός στο Μοσχάτο - Εξετάζεται γυναίκα από το περιβάλλον του - https://t.co/5hjQcIw0CI https://t.co/GwZaryod60
0,0.02666125,Negative,,,,,,0.062169,RT @LykavitosGr: Το Ελ Νίνιο επιστρέφει το 2023 – Για πρωτοφανή κύματα καύσωνα προειδοποιούν οι επιστήμονες   #Ελ_Νίνιο #καύσωνας #κλιματικ…
0,0.03271181,Negative,,,,,,0.046762235,RT @LykavitosGr: Το Ελ Νίνιο επιστρέφει το 2023 – Για πρωτοφανή κύματα καύσωνα προειδοποιούν οι επιστήμονες   #Ελ_Νίνιο #καύσωνας #κλιματικ…
0,0.36586285,Negative,,,,,,0.19111677,"Χρήστος Σταϊκούρας: «Στο ασταθές παγκόσμιο περιβάλλον, η Ελλάδα τα έχει καταφέρει» https://t.co/OIENwSjCQs"
0,0.2884579,Negative,,,,,,0.19184953,"Χρήστος Σταϊκούρας: «Στο ασταθές παγκόσμιο περιβάλλον, η Ελλάδα τα έχει καταφέρει» - LarissaPress https://t.co/S9UOGZUJGc"
0,0.2162378,Negative,,,,,,0.17868559,Σταικούρας: Η Ελλάδα τα έχει καταφέρει στο ασταθές παγκόσμιο περιβάλλον https://t.co/gWB8MbVHFM
1,0.5420676,Positive,,,,,,0.23824583,"Σκρέκας: «Προωθούμε την Πράσινη Μετάβαση, συνεχίζουμε αποφασιστικά τη δημοπράτηση μονάδων επεξεργασίας αποβλήτων» - Ρεπορτάζ και ειδήσεις για την Οικονομία, τις Επιχειρήσεις, το Χρηματιστήριο, την Πολιτική #mononewsGR https://t.co/CAAvfZ0dmW"
0,0.21088259,Negative,,,,,,0.16374463,Eurogroup - Σταϊκούρας: Η Ελλάδα τα έχει καταφέρει παρά το ασταθές περιβάλλον - https://t.co/0DecuKYmrI
0,0.24256971,Negative,,,,,,0.19803023,"RT @LykavitosGr: Σταϊκούρας: «Στο ασταθές παγκόσμιο περιβάλλον, η Ελλάδα τα έχει καταφέρει»  #Χρήστος_Σταικούρας #Eurogroup https://t.co/nW…"
0,0.1949963,Negative,,,,,,0.12291835,"RT @LykavitosGr: Σταϊκούρας: «Στο ασταθές παγκόσμιο περιβάλλον, η Ελλάδα τα έχει καταφέρει»  #Χρήστος_Σταικούρας #Eurogroup https://t.co/nW…"
0,0.32416594,Negative,,,,,,0.17887434,"Χρήστος Σταϊκούρας: «Στο ασταθές παγκόσμιο περιβάλλον, η Ελλάδα τα έχει καταφέρει» https://t.co/rzFNB1mz7b"
0,0.25447604,Negative,,,,,,0.14493881,"Σταϊκούρας: «Στο ασταθές παγκόσμιο περιβάλλον, η Ελλάδα τα έχει καταφέρει» - Ρεπορτάζ και ειδήσεις για την Οικονομία, τις Επιχειρήσεις, το Χρηματιστήριο, την Πολιτική #mononewsGR https://t.co/fS9AZ3LHhK"
0,0.21516937,Negative,,,,,,0.14777565,".@cstaikouras : «Στο ασταθές παγκόσμιο περιβάλλον, η Ελλάδα τα έχει καταφέρει»

https://t.co/21CoQ35HwN https://t.co/hNjxzMN0Sc"
0,0.3825758,Negative,,,,,,0.27020174,"Σταϊκούρας στο Eurogroup: Η Ελλάδα τα έχει καταφέρει, παρά το ασταθές περιβάλλον https://t.co/0L6XWQqLST"
1,0.60641664,Positive,,,,,,0.26053858,"Νταβός 2023: Οικονομία, πόλεμος, κλιματική κρίση στο Παγκόσμιο Οικονομικό Φόρουμ https://t.co/FQ8iKhXev9"
0,0.19292594,Negative,,,,,,0.13319747,RT @Moneypressgr: Eurogroup – Σταϊκούρας: Η Ελλάδα τα έχει καταφέρει παρά το ασταθές περιβάλλον  #moneypress https://t.co/s4rqCAv4L4 https:…
0,0.17651163,Negative,,,,,,0.16049382,Eurogroup – Σταϊκούρας: Η Ελλάδα τα έχει καταφέρει παρά το ασταθές περιβάλλον  #moneypress https://t.co/s4rqCAv4L4 https://t.co/RqKZZ5PVKY
0,0.48227727,Negative,,,,,,0.2973552,"Το 1ο Συμμετοχικό Εργαστήριο Εξερεύνησης &amp; Σχεδιασμού Παρεμβάσεων Φιλικών προς το Περιβάλλον στο κέντρο της πόλης διοργανώνει η Δημοτική Επιχείρηση ΚΥΔΩΝ Α.Ε., σε συνεργασία με το Πολυτεχνείο Κρήτης. https://t.co/ScI11G6hrE"
1,0.5319728,Positive,,,,,,0.26469392,"Κλιματική κρίση: Πόλεις πλουσίων πάνω στους ωκεανούς για την επερχόμενη δυστοπία,
https://t.co/AfYmrTHAu2,"
0,0.33502144,Negative,,,,,,0.2515934,Θανάσης Νασιακόπουλος: Διεκδικούμε και πραγματοποιούμε έργα που προωθούν τη βιώσιμη ανάπτυξη https://t.co/t0jdXYUZPh
0,0.18625015,Negative,,,,,,0.20776123,Δημοπρατήθηκε η μονάδα επεξεργασίας αποβλήτων στoν Αγιο Αντώνιο Θέρμης https://t.co/ZMTTz9xXb6 #ΑΓΑΝΤΩΝΙΟΣ #ΠΕΡΙΒΑΛΛΟΝ https://t.co/VZ8wndDxRm
0,0.32782605,Negative,,,,,,0.21104549,"Χρήστος Σταϊκούρας: «Στο ασταθές παγκόσμιο περιβάλλον, η Ελλάδα τα έχει καταφέρει» https://t.co/JxvTHW6ERe"
0,0.122804105,Negative,,,,,,0.13047644,RT @sassyyraccoon: @voulinora @Melaplaystowin Το ένα δεν αναιρεί το άλλο. Θα μπορούσε να αλλάξει περιβάλλον και να μην χάσει και τη μάνα τη…
0,0.43487987,Negative,,,,,,0.16586255,Τι απαντά το περιβάλλον του δολοφόνου της Κάρολαϊν στους γονείς της https://t.co/90OZS79nPq
0,0.3916613,Negative,,,,,,0.3187407,"#ΔΕΙΤΕ Οι ειδικοί εξηγούν την κλιματική αλλαγή, τις αστοχίες και την ανάγκη αντιπλημμυρικών έργων (ΒΙΝΤΕΟ) #alphanewslive #cyprus #floods #larnaca #paralimni
https://t.co/z0zl3g1TNp"
0,0.2615665,Negative,,,,,,0.20902768,«Κυκλική οικονομία: Ένας νέος δρόμος προοπτικής!» https://t.co/VKJRINgFWS
0,0.20720585,Negative,,,,,,0.17974602,"Το στενό του περιβάλλον προσεύχεται να πάρει άμεσα εξιτήριο

#znews #Ξανθοπουλος https://t.co/PV8B5uy4XF"
0,0.22340816,Negative,,,,,,0.17070685,ΠΑΡΑΙΤΗΣΑΝ τον Αρέστοβιτς! Χαμός στο περιβάλλον του Ζελένσκι https://t.co/36k51LiRyW
0,0.09252941,Negative,,,,,,0.12412927,"#Η Κένυα κήρυξε «πόλεμο» σε #εκατομμύρια #πουλιά.
#διεθνή #περιβάλλον
https://t.co/fqR0h2thyB"
0,0.036167756,Negative,,,,,,0.051129065,Τζέρεμι Ρένερ: «Είναι χειρότερα από όσο νομίζετε» σύμφωνα με άτομο από το περιβάλλον του https://t.co/yFKOQXbpiW
1,0.7509019,Positive,,,,,,0.22750027,"Χρήστος Σταϊκούρας: «Η σημερινή έκδοση του 10ετούς ομολόγου ήταν επιτυχής, ενισχύουμε τη βιώσιμη ανάπτυξη της ελληνικής οικονομίας» https://t.co/5H2HmFFiFY"
0,0.19993646,Negative,,,,,,0.18033938,"ΕΣΠΑ: Πρεμιέρα με 1 δισ. ευρώ σε ΜμΕ για πράσινη μετάβαση και ψηφιακό μετασχηματισμό - Ρεπορτάζ και ειδήσεις για την Οικονομία, τις Επιχειρήσεις, το Χρηματιστήριο, την Πολιτική #mononewsGR https://t.co/k55pcBQtUr"
0,0.3047169,Negative,,,,,,0.25419694,Θανάσης Νασιακόπουλος: Διεκδικούμε και πραγματοποιούμε έργα που προωθούν τη βιώσιμη ανάπτυξη https://t.co/M623vzOf1D
0,0.242148,Negative,,,,,,0.14122649,ΧΑΡΑΛΑΜΠΟΣ ΧΑΡΙΤΟΠΟΥΛΟΣ: ΒΛΑΠΤΟΥΝ ΟΙ ΑΝΕΜΟΓΕΝΝΗΤΡΙΕΣ ΤΟ ΠΕΡΙΒΑΛΛΟΝ; https://t.co/7gIagCPP91
1,0.671445,Positive,,,,,,0.24188162,RT @LykavitosGr: Eurolife FFH: Αξία έχει να φροντίζεις για την επιχείρησή σου και στο ψηφιακό περιβάλλον  #Eurolife_FFH https://t.co/4NqrVE…
1,0.5899499,Positive,,,,,,0.27380356,RT @LykavitosGr: Eurolife FFH: Αξία έχει να φροντίζεις για την επιχείρησή σου και στο ψηφιακό περιβάλλον  #Eurolife_FFH https://t.co/4NqrVE…
0,0.30033782,Negative,,,,,,0.26714298,Oι επιστήμονες περιμένουν το 2023 και το '24 να έχουμε ουσιαστικά πολύ θερμό καιρό με ότι αυτό συνεπάγεται για τις επιπτώσεις σε περιβάλλον και ανθρώπους https://t.co/fuxu61Bpf2
0,0.12269586,Negative,,,,,,0.13361384,Σε έξι μήνες μικρές και μεσαίες επιχειρήσεις θα πάρουν 1 δις ευρώ για επενδύσεις σε ψηφιακά μέσα και σε πράσινη ενέργεια https://t.co/MMgo9xwoL0
1,0.5955345,Positive,,,,,,0.3265855,"Κλιματική αλλαγή, υπερθέρμανση του πλανήτη και οικονομική πολιτική https://t.co/TOcQ6SGO7R"
1,0.59061617,Positive,,,,,,0.26390776,"«Ποιο είναι το συμφέρον του παιδιού; Να ζήσει στις Φιλιππίνες ή να ανατραφεί στο περιβάλλον που ανετράφη και ο δολοφόνος;» αναρωτήθηκε ο συνήγορος της οικογένειας της #Καρολάιν Κράουτς για το θέμα της επιμέλειας της μικρής Λυδίας. 
https://t.co/Als5rWSsgf"
0,0.17739195,Negative,,,,,,0.21044789,Γλυκά Νερά: Το περιβάλλον του Μπάμπη Αναγνωστόπουλου διαψεύδει επικοινωνία του με τη μικρή Λυδία https://t.co/kcJTnanDNS
1,0.96609193,Positive,,,,,,0.076883145,"«Προστατεύουμε το περιβάλλον…με πράξεις»
Μια συνεργασία με σκοπό την περιβαλλοντική αφύπνιση και την υιοθέτηση μιας βιώσιμης καθημερινότητας
#WE4ALL #GreenFuture #AstraZeneca https://t.co/tru5oRy2rf"
1,0.8948961,Positive,,,,,,0.11132885,Ως κορυφαίο περιβάλλον εργασίας πιστοποιήθηκε η ΖeniΘ https://t.co/95XrmtOxvj
1,0.8489764,Positive,,,,,,0.15571454,Ως κορυφαίο περιβάλλον εργασίας πιστοποιήθηκε η ΖeniΘ https://t.co/MXAf2Tjxvc
1,0.88128287,Positive,,,,,,0.12083538,ΖeniΘ: Πιστοποιήθηκε ως κορυφαίο περιβάλλον εργασίας https://t.co/Agua5LMp4W #businessnewsgr
1,0.880152,Positive,,,,,,0.11875323,H ΖeniΘ διακρίθηκε ως κορυφαίο περιβάλλον εργασίας https://t.co/KuKNAF8g16
0,0.26053593,Negative,,,,,,0.18940145,"Rafal Brzoska (InPost): Οι θυρίδες είναι ο πιο βιώσιμος τρόπος ανάπτυξης e-commerce - Τι είπε για Ελλάδα - Ρεπορτάζ και ειδήσεις για την Οικονομία, τις Επιχειρήσεις, το Χρηματιστήριο, την Πολιτική #mononewsGR https://t.co/ckYX3roj4F"
0,0.42338285,Negative,,,,,,0.23503473,Κλιματική αλλαγή: Ο γγ του ΟΗΕ ζητά διώξεις για το «μεγάλο ψέμα» της Exxon https://t.co/qKMiNbSr8f
1,0.64729196,Positive,,,,,,0.21569552,"Eurolife FFH: Αξία έχει να φροντίζεις για την επιχείρησή σου και στο ψηφιακό περιβάλλον - Ρεπορτάζ και ειδήσεις για την Οικονομία, τις Επιχειρήσεις, το Χρηματιστήριο, την Πολιτική #mononewsGR https://t.co/3IKSlMcTxM"
0,0.08984552,Negative,,,,,,0.09407296,Πολιτιστικός Σύλλογος Μονοπήγαδου: Ολοι μαζί στη 2η φάση αναδάσωσης - Κυριακή 29/1/2023 https://t.co/NwanCOahyP #ΔΡΑΣΕΙΣ #ΕΘΕΛΟΝΤΙΣΜΟΣ #ΜΟΝΟΠΗΓΑΔΟ #ΠΕΡΙΒΑΛΛΟΝ https://t.co/GNOFIoQ1Uf
1,0.5115961,Positive,,,,,,0.29257894,Πάρος: Ημερίδα για τη βιώσιμη ανάπτυξη του νησιού https://t.co/Gb9lDr1aOT μέσω @Naxos Press
0,0.40518725,Negative,,,,,,0.31594628,"Δημήτρης Κωνσταντακόπουλος / H κλιματική κρίση κλιμακώνεται, το ενδιαφέρον για την αντιμετώπισή της εξασθενεί,
https://t.co/7NhUfhsleh,"
1,0.98392373,Positive,,,,,,0.02982592,Η Νάξος στις κορυφαίες τάσεις του κόσμου για βιώσιμο ταξίδι το 2023 https://t.co/CwPOS7i82o
1,0.7539272,Positive,,,,,,0.20318893,"#Νταβός – Παγκόσμιο Οικονομικό Φόρουμ: Πανδημία, Οικονομία, Ενέργεια, Ουκρανία &amp; Περιβάλλον στην ατζέντα (video) https://t.co/DFRU2GuwN4"
0,0.32298943,Negative,,,,,,0.19531758,Το Εδιμβούργο αφαιρεί το κρέας από το μενού στα σχολεία για να μειώσει το αποτύπωμα άνθρακα https://t.co/D1D0jxQUU9
0,0.2431787,Negative,,,,,,0.20765588,Το Εδιμβούργο αφαιρεί το κρέας από το μενού στα σχολεία για να μειώσει το αποτύπωμα άνθρακα https://t.co/mEJxnIUvSj
1,0.51952165,Positive,,,,,,0.32089007,H Lidl Ελλάς δημιουργεί αξία στον δρόμο για ένα βιώσιμο αύριο - https://t.co/eiOPQNSsIs https://t.co/3yyiroCvKm #Lidl
1,0.86481017,Positive,,,,,,0.14142793,Κλιματική αλλαγή: Αγρυπνες οι αρκούδες λόγω του θερμού χειμώνα https://t.co/LzDPB5ujb3
1,0.8089386,Positive,,,,,,0.20740965,"💵💷10 «στοιχήματα» για την ελληνική #οικονομία το 2023
Το γράφημα αποτυπώνει τους στόχους του υπουργείου Οικονομικών για το τρέχον έτος, την ώρα που η παγκόσμια οικονομία κινείται σε ένα περιβάλλον έντονης ρευστότητας

https://t.co/GHmszVHhBH https://t.co/mVQVVzmwdx"
1,0.8335429,Positive,,,,,,0.23531316,ΝΑΙ ΡΕ ΜΑΛΑΚΑ ΩΡΑ ΝΑ ΦΤΙΑΞΕΙΣ ΚΑΛΥΤΕΡΟ ΣΥΣΤΗΜΑ ΟΜΒΡΙΩΝ ΥΔΑΤΩΝ....ΜΗΝ ΧΕΣΩ ΣΤΗΝ ΚΛΙΜΑΤΙΚΗ ΑΛΛΑΓΗ ΣΟΥ.... https://t.co/fEr8wHX8iy
0,0.30713168,Negative,,,,,,0.18634292,"Έκθεση: Η αποστολή των κυανόκρανων του ΟΗΕ στο #Μαλί «δεν είναι βιώσιμη» αν δεν αυξηθεί η δύναμή της

https://t.co/eHIP2gRUyO https://t.co/beFCaw0nxd"
0,0.31836516,Negative,,,,,,0.21092342,ΚΛΙΜΑΤΙΚΗ ΑΛΛΑΓΗ ...ΓΙΑ ΤΟ ΠΕΟΣ ΟΣΟΙ ΤΗΝ ΕΠΙΚΑΛΟΥΝΤΑΙ ΛΕΕΙ ΤΟ ΑΦΕΝΤΙΚΟ ΤΟΥ WEATHER CHANNEL....#CNN #ClimateScam #GlobalWarming #climate #ScumMedia https://t.co/2uLdybeYew
0,0.074062936,Negative,,,,,,0.080305144,"Σε ένα όμορφο και οικογενειακό περιβάλλον η ομάδα της ΑΕ Περιβόλας έκοψε την πρωτοχρονιάτικη πίτα της στην καντίνα του ‘...
https://t.co/hsI53hCdvs"
0,0.18736058,Negative,,,,,,0.1755693,Κλιματική αλλαγή: Οι θερμοκρασίες στη Γροιλανδία είναι οι υψηλότερες εδώ και 1.000 χρόνια - LarissaPress https://t.co/PcjuCZsYcd
0,0.122390956,Negative,,,,,,0.11048596,ΟΙ ΕΠΙΠΤΩΣΕΙΣ ΤΩΝ ΕΞΟΡΥΞΕΩΝ ΤΟΥ ΠΕΤΡΕΛΑΙΟΥ ΣΤΟ ΠΕΡΙΒΑΛΛΟΝ https://t.co/RGCxchfvC2
0,0.4021299,Negative,,,,,,0.29804087,"Ολοκληρώθηκε το 1ο Συμμετοχικό Εργαστήριο για το Ευρωπαϊκό Ερευνητικό Πρόγραμμα (HORIZON) στο οποίο συμμετέχει η ΚΥΔΩΝ Α.Ε., με κύριο αντικείμενο τη διερεύνηση των αναγκών και το συμμετοχικό σχεδιασμό στην εφαρμογή λύσεων φιλικών προς το περιβάλλον. https://t.co/m9uZDm0YhC"
1,0.59195,Positive,,,,,,0.30851814,"H Lidl Ελλάς δημιουργεί αξία στον δρόμο για ένα βιώσιμο αύριο - Ρεπορτάζ και ειδήσεις για την Οικονομία, τις Επιχειρήσεις, το Χρηματιστήριο, την Πολιτική #mononewsGR https://t.co/eGbGiTDtxC"
0,0.19895439,Negative,,,,,,0.22829153,Κλιματική αλλαγή: Οι επιπτώσεις της αύξησης της θερμοκρασίας σε ορισμένες καλλιέργειες https://t.co/BpevLfrzWN #businessnewsgr
0,0.28787586,Negative,,,,,,0.25079417,"Ποιες οι επιπτώσεις της κλιματικής αλλαγής στο κοντινό και στο μακρινό μέλλον σε ορισμένες #καλλιέργειες 

#κλιματική_αλλαγή #περιβάλλον 

https://t.co/IbLI6Z2kv6 https://t.co/9Z7xV9QQpI"
0,0.4072293,Negative,,,,,,0.1825041,"#KlimaSeniorinnen
Οι ηλικιωμένες από την #Ελβετία που αγωνίζονται για κλιματική δικαιοσύνη 

#περιβάλλον #κλιματική_αλλαγή 

https://t.co/EcVOe5q2WA"
0,0.095514886,Negative,,,,,,0.12341538,Νίκος Βέρτης: Τι λέει το περιβάλλον του για την έξωση από νυχτερινό κέντρο της Θεσσαλονίκης - https://t.co/k8suIKVkIr https://t.co/kMSBh3iwzM
0,0.058559004,Negative,,,,,,0.09293641,"Σε ένα όμορφο και ζεστό περιβάλλον η ομάδα του Διαγόρα Βραχναιΐκων έκοψε την πρωτοχρονιάτικη πίτα του στο Σταυροπούλειο ...
https://t.co/cicGap7KuO"
0,0.34569228,Negative,,,,,,0.2959037,Κλιματική κρίση: Το έλλειμμα νερού θα επηρεάσει κυρίως την πατάτα και τις ελιές https://t.co/ho6He5CH8b μέσω @Naxos Press
0,0.2527305,Negative,,,,,,0.21042149,Κλιματική αλλαγή: Αυξάνονται οι ημέρες με καύσωνα στην Ελλάδα μέχρι το 2050. https://t.co/DL9FjUBMOV
0,0.2970143,Negative,,,,,,0.23646149,"ESG Shipping Awards: Tα πρώτα Ναυτιλιακά Βραβεία για Περιβάλλον, Κοινωνική και Εταιρική διακυβέρνηση https://t.co/XxtnlCZR1l"
1,0.70751905,Positive,,,,,,0.3552256,[Κλικ και διαβάστε στο eleftherostypos]Κλιματική  #Αλλαγή: Έρχονται καλοκαίρια με περισσότερους καύσωνες στην Ελλάδα – Τι έδειξε  #Μελέτη https://t.co/VEHYx0Vu9J
1,0.91423696,Positive,,,,,,0.096577,"Μάντζος: Πρόοδος και σταθερότητα σημαίνει ισχυροί θεσμοί δημοκρατίας, βιώσιμο παραγωγικό μοντέλο ανάπτυξης και καλές δουλειές https://t.co/rJVT6ZwE9A"
0,0.48590225,Negative,,,,,,0.31311664,Κλιματική Αλλαγή: Αυξάνονται σημαντικά στην Ελλάδα οι ημέρες με υψηλές θερμοκρασίες το καλοκαίρι - https://t.co/B9rh2fMBLU https://t.co/4O3RcGvrsf
0,0.46810246,Negative,,,,,,0.23530528,Κλιματική αλλαγή: Αύξηση των ημερών με θερμοκρασίες άνω των 35°C το καλοκαίρι μέχρι το 2050 - https://t.co/F97hZgxq0f https://t.co/T1i5m8FWcT
1,0.6070856,Positive,,,,,,0.30566773,Κλιματική αλλαγή: Οι άμεσες και οι μακροπρόθεσμες επιπτώσεις σε ορισμένες καλλιέργειες - Documento https://t.co/hYR4803KNo
1,0.6090149,Positive,,,,,,0.20190401,ΧΑΡΑΛΑΜΠΟΣ ΧΑΡΙΤΟΠΟΥΛΟΣ: ΥΓΕΙΑ ΘΑ ΕΧΟΥΜΕ ΜΕ ΕΝΑ ΥΓΙΕΣ ΠΕΡΙΒΑΛΛΟΝ https://t.co/uSlB6xWEBi
0,0.19714232,Negative,,,,,,0.18185285,"Μετά τις συγκλονιστικές #αποκαλύψεις και μαρτυρίες από το περιβάλλον ανθρώπων που υπέφεραν από τις πρακτικές του ψευτογιατρού, θέμα ωρών θεωρείται η έκδοση εντάλματος σύλληψης για τον 65χρονο. #ψευτογιατρος 

https://t.co/98LNqkBs3c"
0,0.112215616,Negative,,,,,,0.17533268,"«Η ταχύτητα της τήξης είναι πρωτοφανής στην ιστορία και μη αναστρέψιμη, ακόμα κι αν σταματήσει η κλιματική αλλαγή, δεδομένου ότι οι παγετώνες αντιδρούν στην άνοδο της θερμοκρασίας με καθυστέρηση. Oι παγετώνες που λιώνουν ευθύνονται για το 25-30% της… https://t.co/MGHyaV5pCu"
1,0.5479497,Positive,,,,,,0.27014267,"RT @despoina01: Τον Ηλία μόνο για την κλιματική αλλαγή δεν τον έχουν κατηγορήσει ακόμα. Τρελό κόλλημα, όχι αστεία. #survivorGR"
0,0.19351803,Negative,,,,,,0.16819581,Γ. Πολυχρονάκος:  “Η βιώσιμη ανάπτυξη των νησιών μας θα εξαρτηθεί από την επάρκεια νερού”. https://t.co/bliaEfXntR μέσω @Naxos Press
0,0.24275333,Negative,,,,,,0.20359886,Κλιματική αλλαγή: Περισσότερες ημέρες με καύσωνα στην Ελλάδα μέχρι το 2050 https://t.co/UXs7hk89wR
0,0.12927128,Negative,,,,,,0.14371097,"Παγκόσμια πρώτη για τη Mytilineos: Σε περιβάλλον Metaverse θα παρουσιαστούν τα οικονομικά αποτελέσματα 2022 - Ρεπορτάζ και ειδήσεις για την Οικονομία, τις Επιχειρήσεις, το Χρηματιστήριο, την Πολιτική #mononewsGR https://t.co/X3nB3fVbYz"
1,0.9589898,Positive,,,,,,0.07457951,"Μητσοτάκης: Βαθιά ελλειμματική η Ελλάδα όσον αφορά τις ενεργειακές της ανάγκες - Ένα μεγάλο κομμάτι που παράγεται από πετρέλαιο, αέριο, θα παράγεται από πράσινη ενέργεια"
0,0.24750595,Negative,,,,,,0.13032217,Mytilineos: Σε περιβάλλον Metaverse η παρουσίαση των αποτελεσμάτων 2022 https://t.co/jgiGgHOuDu
0,0.24282837,Negative,,,,,,0.17540435,Mytilineos: Σε περιβάλλον Metaverse η παρουσίαση των αποτελεσμάτων 2022 https://t.co/t9Qjl6vGxR
1,0.5480752,Positive,,,,,,0.21071784,Τα φυτοφάρμακα και ο κίνδυνος για την υγεία και το περιβάλλον https://t.co/klqYg5rvzV
0,0.32640973,Negative,,,,,,0.15965511,RT @LykavitosGr: Παγκόσμια πρώτη για την MYTILINEOS: Σε περιβάλλον Metaverse τα Οικονομικά Αποτελέσματα του 2022 στις 26 Ιανουαρίου  #Mytil…
0,0.35758469,Negative,,,,,,0.18593752,RT @LykavitosGr: Παγκόσμια πρώτη για την MYTILINEOS: Σε περιβάλλον Metaverse τα Οικονομικά Αποτελέσματα του 2022 στις 26 Ιανουαρίου  #Mytil…
0,0.06129517,Negative,,,,,,0.074579254,"Mytilineos: Σε περιβάλλον Metaverse τα οικονομικά αποτελέσματα 2022, στις 26 Ιανουαρίου https://t.co/v00KrDMgIl #businessnewsgr"
0,0.3836088,Negative,,,,,,0.27977407,Μεγαλώνοντας τα παιδιά μας σε περιβάλλον «βρώμικης ενέργειας» https://t.co/ZLYQfaUqHQ
0,0.09862934,Negative,,,,,,0.08607617,RT @TheOpinion_News: Οι κάψουλες του καφέ είναι φιλικές για το περιβάλλον https://t.co/nHfjiChMVW #Thessaloniki #skg #TheOpinion
1,0.9338807,Positive,,,,,,0.11041114,Ιδιαίτερα θετικές εντυπώσεις άφησε στο Ταλίν η παρουσίαση του Ολοκληρωμένου Σχεδίου Δράσης για την υλοποίηση του οράματος: «Ηράκλειο: Έξυπνος – Ανθεκτικός – Βιώσιμος Δήμος» https://t.co/Me0yT52qam
0,0.11023609,Negative,,,,,,0.10953947,Κλιματική αλλαγή: Τεράστιο παγόβουνο αποκόληθηκε… 15 φορές μεγαλύτερο από το Παρίσι! https://t.co/0G7oxl84jF
1,0.79306394,Positive,,,,,,0.23753215,Public: Νέα φιλική προς το περιβάλλον υπηρεσία 24ωρης παραλαβής από locker σε περισσότερα από 1.200 σημεία πανελλαδικά   https://t.co/3ZHLorxtDW https://t.co/wFEl3Hha6M
1,0.77473104,Positive,,,,,,0.20592485,Στη Λάρισα στελέχη της Παγκόσμιας Τράπεζας για τη βιώσιμη ανάπτυξη της πόλης https://t.co/qnCO6rGbjU
1,0.7660658,Positive,,,,,,0.20790926,Στη Λάρισα στελέχη της Παγκόσμιας Τράπεζας για τη βιώσιμη ανάπτυξη της πόλης https://t.co/TYyMbOpmMD
1,0.5555793,Positive,,,,,,0.19484062,ΕΥ: Οι 10 γεωπολιτικές εξελίξεις που θα επηρεάσουν το επιχειρηματικό περιβάλλον το 2023 - https://t.co/8bhSsrEg6s https://t.co/3mJKB0QkCw
1,0.90975577,Positive,,,,,,0.1310354,"HELMEPA: Ανάγκη για περισσότερη επιμόρφωση και νέες δεξιότητες για την πράσινη μετάβαση και τη ναυτική ασφάλεια - Ρεπορτάζ και ειδήσεις για την Οικονομία, τις Επιχειρήσεις, το Χρηματιστήριο, την Πολιτική #mononewsGR https://t.co/spbb4Et80S"
0,0.4482686,Negative,,,,,,0.27907917,Το «περιβάλλον» στοιχείο διεκδίκησης δράσεων - έργων και όχι εργαλείο εξυπηρέτησης ιδεοληψιών και συμφερόντων - LarissaPress https://t.co/Xig1Id4gWZ
1,0.5548734,Positive,,,,,,0.21731311,"ΕΥ: Οι 10 γεωπολιτικές εξελίξεις που θα επηρεάσουν το επιχειρηματικό περιβάλλον το 2023

https://t.co/eS3iuu5xV4"
1,0.7098603,Positive,,,,,,0.27799723,"Public: Νέα φιλική προς το περιβάλλον υπηρεσία 24ωρης παραλαβής από locker - Ρεπορτάζ και ειδήσεις για την Οικονομία, τις Επιχειρήσεις, το Χρηματιστήριο, την Πολιτική #mononewsGR https://t.co/IUtlo7uDv1"
1,0.79297745,Positive,,,,,,0.18826835,Στη Λάρισα στελέχη της Παγκόσμιας Τράπεζας για τη βιώσιμη ανάπτυξη της πόλης - LarissaPress https://t.co/6OBavQukWO
1,0.5963291,Positive,,,,,,0.25475237,ΕΒΕ Ξάνθης: Eκδήλωση με τίτλο «Κυκλική Οικονομία &amp; Τουρισμός» https://t.co/PQ9cZ5ty5P
0,0.24651554,Negative,,,,,,0.16078801,MYTILINEOS: Θα παρουσιάσει τα οικονομικά της αποτελέσματα σε περιβάλλον Metaverse! https://t.co/KGA0nEWnNi
1,0.7466637,Positive,,,,,,0.3299943,"Τις τελευταίες μέρες παρατηρήθηκε και πάλι το καταστροφικό για το περιβάλλον, φαινόμενο της εκτός δρόμου οδήγησης με μηχανοκίνητα οχήματα στα μικρά και μεγάλα οροπέδια του Ψηλορείτη, εντός των διοικητικών ορίων του Δήμου Ανωγείων… https://t.co/JW6dOLJzcH"
0,0.1816923,Negative,,,,,,0.1355395,Κόβει την πίτα του ο ΣΒΘΣΕ με εκδήλωση για την Βιώσιμη Ανάπτυξη και την Κυκλική Οικονομία https://t.co/4Ghxpi4l6D
1,0.54972684,Positive,,,,,,0.21168801,ΕΥ: Οι 10 γεωπολιτικές εξελίξεις που θα επηρεάσουν το επιχειρηματικό περιβάλλον το 2023 https://t.co/LzfGJmtf7J
0,0.23140989,Negative,,,,,,0.15891334,Η «Νύχτα των μεγάλων μαχαιριών» στο Κίεβο με νέα παραίτηση από το περιβάλλον του Ζελένσκι https://t.co/zYYx1EUtjq #volontimirzelenski
1,0.61166745,Positive,,,,,,0.1597231,"Η Κυκλική Οικονομία στη Βουλή, από τον Χάρη Μαμουλάκη (vid) https://t.co/xZzrXCPKpg"
0,0.4946755,Negative,,,,,,0.24436137,"ΥΠΠΟΑ: «Όλη η Ελλάδα ένας Πολιτισμός 2023» με θέμα την κλιματική κρίση - Ρεπορτάζ και ειδήσεις για την Οικονομία, τις Επιχειρήσεις, το Χρηματιστήριο, την Πολιτική #mononewsGR https://t.co/4Zw0bUpZhK"
0,0.17898259,Negative,,,,,,0.13385701,Κλιματική αλλαγή: Αγωγή κατά της γερμανικής κυβέρνησης για τις εκπομπές άνθρακα https://t.co/C4N15elkzR
0,0.12974599,Negative,,,,,,0.16108075,SKAG: Πιστοποίηση από Quality Net Foundation σε βιώσιμη ανάπτυξη και υπεύθυνη επιχειρηματικότητα https://t.co/nnJZ9jldEA #businessnewsgr
1,0.9035674,Positive,,,,,,0.18650901,"RT @cultureGR: ✨Όλη η Ελλάδα ένας Πολιτισμός 2023✨

Ανακοινώνεται πρόσκληση υποβολής προτάσεων για συμμετοχή στο πρόγραμμα του Θεσμού.

Από…"
0,0.1569942,Negative,,,,,,0.1431094,Παρούσα η Κλιματική αλλαγή – Τα συμπεράσματα ημερίδας στον Βόλο υπό τον Υπουργό Χρ. Στυλιανίδη https://t.co/CjipiDG6Ye
0,0.37695315,Negative,,,,,,0.24109548,"o Δήμος Πλατανιά θα παρουσιάσει τα προβλήματα, τις προκλήσεις αλλά και τα συμπεράσματα από τα συμμετοχικά εργαστήρια που έλαβαν χώρα τα προηγούμενα χρόνια καθώς και τα έργα- υποδομές που έχουν γίνει για τη μετάβαση σε βιώσιμη περιοχή. https://t.co/BTAPC4zYuL"
1,0.9239857,Positive,,,,,,0.14147234,Η μισή Gen Z δηλώνει πρόθυμη να δεχτεί βραχυπρόθεσμους οικονομικούς περιορισμούς για ένα πιο βιώσιμο μέλλον https://t.co/8UpveZLiKS https://t.co/SZeyBiVhkx
1,0.916816,Positive,,,,,,0.14970468,Η μισή Gen Z δηλώνει πρόθυμη να δεχτεί βραχυπρόθεσμους οικονομικούς περιορισμούς για ένα πιο βιώσιμο μέλλον https://t.co/S6ED32bEaJ
1,0.58696616,Positive,,,,,,0.2770462,"Έρευνα: Εκτόξευση στην προώθηση παραπληροφόρησης για την κλιματική κρίση στα social media,
https://t.co/tol4yDEvJr,"
1,0.5875498,Positive,,,,,,0.25280762,Κώστας Σκρέκας στη ΟΝΝΕΔ: «Χρέος μας να κάνουμε την κυκλική οικονομία αναπόσπαστο κομμάτι της καθημερινότητάς μας» https://t.co/VTCfQWzI4W
0,0.42432326,Negative,,,,,,0.23321629,Οι 10 παγκόσμιες τάσεις που θα επηρεάσουν καθοριστικά το επιχειρηματικό περιβάλλον το 2023 https://t.co/CSAk1yvNAn
1,0.63648134,Positive,,,,,,0.29465833,RT @Epikouros43: Κλιματική αλλαγή σου λέει ο «ειδικός» ανθρωπάκο κ σε τρομάζει.Ποια κλιματική αλλαγή βρε σαλτιμπάγκο που επέχετε μπαζώσει ό…
0,0.16063368,Negative,,,,,,0.17599183,Κλιματική αλλαγή: Αγωγή κατά της γερμανικής κυβέρνησης για τις εκπομπές άνθρακα https://t.co/UrnXbeVyWN
1,0.69358903,Positive,,,,,,0.2847787,"Η κλιματική αλλαγή απασχόλησε ιδιαίτερα το 2ο Forum του ΣΠΑΥ, μέσα από την ενότητα «Οι σύγχρονες προκλήσεις της κλιματικής αλλαγής. Το μεγάλο στοίχημα της συντήρησης και αποκατάστασης των δασών», όπουπροεδρεύων ήταν ο δήμαρχος Βάρης-Βούλας-Βουλιαγμένης

https://t.co/AuMbAMa1Lh"
0,0.14494067,Negative,,,,,,0.17233784,H SKAG πιστοποιήθηκε από το Quality Net Foundation στην βιώσιμη ανάπτυξη και τη υπεύθυνη επιχειρηματικότητα - https://t.co/6WersNjVyB https://t.co/8SWFpwhDQi
1,0.7682114,Positive,,,,,,0.15636052,Υποτροφίες για τους μαθητές της Νισύρου από το «Ίδρυμα Γεώργιος Μ. Μίχαλος Αειφορία της Νισύρου» #Δημοκρατική #Ρόδος #Δωδεκάνησα https://t.co/logVfdv4ve
1,0.61771935,Positive,,,,,,0.24681878,Ημερίδα με θέμα την «Βιώσιμη Ανάπτυξη του Τουρισμού στα Ιόνια Νησιά» https://t.co/OldHMBH2P2
1,0.6127752,Positive,,,,,,0.2665715,Κρόκος Κοζάνης: Η κλιματική αλλαγή «χτύπησε» ένα από τα πιο διάσημα ελληνικά αγροτικά προϊόντα https://t.co/1ZmDgfa2aq
1,0.94581735,Positive,,,,,,0.08828983,RT @TheOpinion_News: Το Περιαστικό Δάσος της Θεσσαλονίκης μέσα από τα μάτια των ειδικών: Ένα βιβλίο για την ιστορία και το φυσικό περιβάλλο…
0,0.29531223,Negative,,,,,,0.12235533,"ΣΥΡΙΖΑ: Καλεί σε διαμαρτυρία έξω από τον Άρειο Πάγο για βιώσιμη λύση στο ιδιωτικό χρέος,
https://t.co/pATttd6Nn2,"
0,0.35180143,Negative,,,,,,0.20475987,"Χρ. Σταϊκούρας στο Eurogroup: “Στο ασταθές παγκόσμιο περιβάλλον, η Ελλάδα τα έχει καταφέρει” https://t.co/vaW4GXMzT0"
1,0.7128359,Positive,,,,,,0.15158997,ΠΕΡΙΦΕΡΕΙΑΚΗ ΠΑΡΑΤΑΞΗ «ΠΡΑΞΕΙΣ ΓΙΑ ΤΗΝ ΜΑΚΕΔΟΝΙΑ»: «ΑΓΡΟΤΙΚΕΣ ΚΙΝΗΤΟΠΟΙΗΣΕΙΣ ΚΑΙ ΚΛΙΜΑΤΙΚΗ ΑΛΛΑΓΗ»(https://t.co/3wE6t52Tww)
1,0.66936284,Positive,,,,,,0.23082869,Υποτροφίες για τους μαθητές της Νισύρου από το «Ίδρυμα Γεώργιος Μ. Μίχαλος Αειφορία της Νισύρου» https://t.co/UCDUyu8bUj via @aegeanews
1,0.7885751,Positive,,,,,,0.23798257,"#Cyprus 
Το Πλαίσιο Πολιτικής για τη βιώσιμη χρηματοδότηση επιτρέπει πρόσβαση σε πρόσθετες πηγές χρηματοδότησης, αναφέρει ο ΥΠΟΙΚ @Petrides_C 
https://t.co/UrTPnuWa7c"
1,0.90644586,Positive,,,,,,0.10436054,"⭕ Στην «άνοδο του Αρτούρο Ούι», ο Μπρεχτ ανασυνθέτει την ιστορία και μεταφέρει τη δράση στο γκανγκστερικό περιβάλλον της Αμερικής του μεσοπολέμου την εποχή της μεγάλης οικονομικής κρίσης.

🎙️ Συνέντευξη στην Ηλέκτρα Ζαργάνη και το Docville https://t.co/OADBl9e8mW"
1,0.6720861,Positive,,,,,,0.21707503,Μερόπη Υδραίου: Ξεκίνησε ο διαγωνισμός για μόνιμη και βιώσιμη λύση στην υδροδότηση του νησιού - https://t.co/s4SgwAfUee
1,0.900544,Positive,,,,,,0.14195779,"Σπύρος Κροκίδης: «Ναι στη μαρίνα Mega Yacht, αλλά και άμεση, οριστική και βιώσιμη λύση για την απρόσκοπτη λειτουργία των Καρνάγιων» - https://t.co/qhyBxFqXa5"
0,0.4969737,Negative,,,,,,0.18742707,"Βιώσιμη γαστρονομία και Επιχειρηματικότητα
https://t.co/F4qeh4rVoL https://t.co/pgLrEinNSj"
0,0.3616337,Negative,,,,,,0.18430571,ΣΒΘΣΕ: Βιώσιμη Ανάπτυξη και Κυκλική Οικονομία (live) https://t.co/M0IVxMKD2n
0,0.48525187,Negative,,,,,,0.227511,Εκδήλωση για την κλιματικη αλλαγή πραγματοποίησε το 7ο Δημοτικό Σχολείο Βέροιας(https://t.co/LdcMvFuP3Q)
0,0.18015765,Negative,,,,,,0.15335515,Κλιματική αλλαγή: 4 πράγματα που μπορούμε να κάνουμε για να μειώσουμε το ανθρακικό μας αποτύπωμα - https://t.co/KHhcQZhjAS https://t.co/qyYIAoKcAN
0,0.34585667,Negative,,,,,,0.27355486,"Πλήρης στήριξη Γκουτέρες σε Στιούαρτ - «Δεν σχολιάζουμε αναφερόμενες συνομιλίες σε ιδιωτικό περιβάλλον» #Cyprus 
via @politis_news 
https://t.co/7ru9BDXvBM"
0,0.28243408,Negative,,,,,,0.24159123,ΗΜΕΡΙΔΑ: «Κλιματική αλλαγή και επιπτώσεις στην Βιολογική Μελισσοκομία» https://t.co/AeAiHZChy1
1,0.83058184,Positive,,,,,,0.21311924,RT @mdenaxa: 🇰🇼 Πρόκειται για το μεγαλύτερο νεκροταφείο ελαστικών στον κόσμο στο Κουβέιτ.  Αλλά σε λίγο θα πρέπει οι πολίτες να πληρώνουν φ…
1,0.7162204,Positive,,,,,,0.28600296,"Στην Ιαπωνία ο Κυριάκος Μητσοτάκης: Στο επίκεντρο επενδύσεις σε τεχνολογία και πράσινη ενέργεια - Ρεπορτάζ και ειδήσεις για την Οικονομία, τις Επιχειρήσεις, το Χρηματιστήριο, την Πολιτική #mononewsGR https://t.co/jiJxwucUO1"
1,0.52700776,Positive,,,,,,0.24895385,Σε 48ωρη απεργία οι καλλιτέχνες παρά τις εξαγγελίες Μητσοτάκη - «Στο άγονο περιβάλλον συνεχίζουμε τις κινητοποιήσεις» - LarissaPress https://t.co/fcnuI6H35v
1,0.5408444,Positive,,,,,,0.16627388,Χάγη: Διαδήλωση για την κλιματική αλλαγή και δεκάδες συλλήψεις https://t.co/p5NoI6RXgr
1,0.72881544,Positive,,,,,,0.27814654,"#Cyprus #Greece #climatecrisis #civilprotection 
Συνεργασία Κύπρου-Ελλάδας για κλιματική κρίση και πολιτική προστασία συζήτησαν Κασουλίδης-Στυλιανίδης 
@IKasoulides @StylianidesEU @CyprusMFA @demetris_dem 
https://t.co/J6UT8ZD6Mp"
0,0.047238123,Negative,,,,,,0.07105976,Στο επίκεντρο βιώσιμη ανάπτυξη και κυκλική οικονομία (βίντεο και φωτογραφίες) https://t.co/jKF5tymLLq
0,0.41264385,Negative,,,,,,0.19213104,ΠΡΑΣΙΝΗ ΕΠΑΝΑΣΤΑΣΗ - ΠΕΡΙΒΑΛΛΟΝ https://t.co/wsoFcD7K6f
0,0.17972723,Negative,,,,,,0.19554755,Κλιματική αλλαγή: Πώς τα βιντεοπαιχνίδια μπορούν να εκπαιδεύσουν και να εμπνεύσουν τους παίκτες να αναλάβουν δράση - LarissaPress https://t.co/p4HdSKHRdB
0,0.104570314,Negative,,,,,,0.15693252,Κλιματική αλλαγή: Πώς τα βιντεοπαιχνίδια μπορούν να εκπαιδεύσουν και να εμπνεύσουν τους παίκτες να αναλάβουν δράση https://t.co/TEprh62y3N
1,0.76343834,Positive,,,,,,0.25457692,"Ν. Ανδρουλάκης: Δυνατό ΠΑΣΟΚ σημαίνει δυνατή Ελλάδα με βιώσιμη ανάπτυξη, ισχυρούς θεσμούς και δίκαιη κοινωνία https://t.co/z8iHFWAhK5"
1,0.886762,Positive,,,,,,0.13574262,RT @mdenaxa: 🇰🇼 Πρόκειται για το μεγαλύτερο νεκροταφείο ελαστικών στον κόσμο στο Κουβέιτ.  Αλλά σε λίγο θα πρέπει οι πολίτες να πληρώνουν φ…
0,0.16984016,Negative,,,,,,0.20097825,"Η κλιματική κρίση, οι αλλαγές που έφερε στην Κύπρο και ο κίνδυνος ερημοποίησης
#alphanewslive #cyprus
https://t.co/xy5SUVoSGt"
0,0.46312082,Negative,,,,,,0.2831017,"Καπνιστές το 14% των μαθητών 15-16 ετών, προωθείται από ΑΑΕΚ ευρωπαϊκή εκστρατεία για περιβάλλον χωρίς καπνό https://t.co/FtGwIPu0ZL"
1,0.7448894,Positive,,,,,,0.25534692,Πλημμύρες: Η Ελλάδα τέταρτη στην Ανατολική Μεσόγειο κατά την περίοδο 1882-2021 https://t.co/iukgmIKETl #ΚΑΙΡΟΣ #ΚΟΣΜΟΣ #ΠΕΡΙΒΑΛΛΟΝ #ΣΤΑΤΙΣΤΙΚΕΣ https://t.co/CZsDzI9Mqq
0,0.40799987,Negative,,,,,,0.17576663,Διάλεξη της Δρ. Αικατερίνης Πολυμέρου- Καμηλάκη για την κλιματική αλλαγή https://t.co/AMEAUKpHn4
1,0.817491,Positive,,,,,,0.13777767,"Κομισιόν: «Φρένο» σε νέο δανεισμό για την «πράσινη βιομηχανία» - Ρεπορτάζ και ειδήσεις για την Οικονομία, τις Επιχειρήσεις, το Χρηματιστήριο, την Πολιτική #mononewsGR https://t.co/XbOTQNURRC"
1,0.7242947,Positive,,,,,,0.27406085,Παρουσίαση του βιβλίου του Ζήση Αργυρόπουλου «Κλιματική αλλαγή: Προετοιμάζοντας τη Θεσσαλία» https://t.co/vg0PuSHjjO μέσω @mouzakinews.gr https://t.co/KVFPCiCXAC
1,0.95417875,Positive,,,,,,0.09196117,Eurostat: Στην ΕΕ η παραγωγή ηλεκτρικής ενέργειας από ανανεώσιμες πηγές αυξήθηκε κατά 5% από το 2020 ως το 2021 https://t.co/emwJf7qVbs
1,0.94690096,Positive,,,,,,0.11021168,ΕΕ: Αυξήθηκε η παραγωγή ηλεκτρικής ενέργειας από ανανεώσιμες πηγές- Στο 36% η Ελλάδα - https://t.co/04rBfmm4sV https://t.co/SO4Ofd1Dvo
0,0.12466173,Negative,,,,,,0.14241675,"Αναγνωστική Εταιρεία Κέρκυρας: Ομιλία του Καθηγητή Ιολογίας της Ιατρικής Σχολής του Πανεπιστημίου Κρήτης κ. Γιώργου Σουρβίνου, με θέμα: «Πανδημίες και κλιματική αλλαγή». https://t.co/pUVrijMYhr"
1,0.8979102,Positive,,,,,,0.15335234,"Η κλιματική κρίση απειλεί την ελιά Χαλκιδικής 

Οι προκλήσεις στο νομό

https://t.co/yEymdoTv3m"
0,0.34341636,Negative,,,,,,0.24969426,Συμμετοχή της Περιφέρειας Κρήτης στη συνάντηση της «Αποστολής για την προσαρμογή στη Κλιματική Αλλαγή» της Ευρωπαϊκής Επιτροπής https://t.co/GbxkJIJ38L
0,0.22348328,Negative,,,,,,0.17698851,"Ίδρυμα #Vodafone: 130 ώρες δωρεάν επιμόρφωσης για εκπαιδευτικούς στο περιβάλλον STEAM | Ρεπορτάζ και ειδήσεις για την Οικονομία, τις Επιχειρήσεις, το Χρηματιστήριο, την Πολιτική https://t.co/UN7HE86aKM"
1,0.95089453,Positive,,,,,,0.09869798,Enel Green Power: Ρεκόρ ενέργειας που παράγεται ετησίως από ανανεώσιμες πηγές το 2022 https://t.co/3IXOUlm5u7 #businessnewsgr
1,0.82382286,Positive,,,,,,0.13799974,Ισπανία: Οι χοιροτρόφοι αντιμέτωποι με υψηλά κόστη και κλιματική αλλαγή https://t.co/UNv6bzxyYA
1,0.50237495,Positive,,,,,,0.26334733,Τίποτα δεν άλλαξε ζούμε τα ίδια σε hi-tech περιβάλλον μόνο που ο παγκόσμιος δικτάτορας αυτή την φορά θα έχει όλη την ενέργεια του σατανά. https://t.co/66B5GPoUQv
0,0.12455745,Negative,,,,,,0.1465069,Αυτοί που έφεραν τους ανθρώπους στα όρια τους το σίγουρο είναι ότι δεν μπορούν να αλλάξουν πλανήτη οπότε εδώ σε αυτό το περιβάλλον θα πληρώσουν όλοι για τα εγκλήματα τους με εντυπωσιακό τρόπο και ο καθένας ξεχωριστά θα πάρει ότι του αξίζει...   https://t.co/ygUrtaMYSm via @wpvkp
1,0.8248008,Positive,,,,,,0.17914627,"Περιφέρεια Αττικής, ΕΔΣΝΑ &amp; 1.500 αρτοποιοί, «ανοίγουν» το δρόμο στην κυκλική οικονομία https://t.co/ppIart04g0"
0,0.45080185,Negative,,,,,,0.26078618,"""Παρούσα"" η Κρήτη στο ετήσιο φόρουμ της ΕΕ για την κλιματική αλλαγή https://t.co/hMTNeD5wgw"
0,0.33521488,Negative,,,,,,0.24312192,Σε συνάντηση της «Αποστολής για την προσαρμογή στην Κλιματική Αλλαγή» η Περιφέρεια Κρήτης. https://t.co/8bTwRESXvb
1,0.71121,Positive,,,,,,0.2289216,Η Dell Technologies προωθεί την εξέλιξη του Concept Luna που δείχνει το δρόμο για το βιώσιμο PC του μέλλοντος https://t.co/vKYWsAvtMZ
0,0.28915322,Negative,,,,,,0.19628139,Οι δραστηριότητες του Κέντρου Περιβαλλοντικής Εκπαίδευσης και Αειφορίας (ΚΕ.Π.Ε.Α) Δ.Θέρμης στο Λειβάδι https://t.co/yCu6bY9Xyh #ΛΙΒΑΔΙ #ΠΕΡΙΒΑΛΛΟΝ https://t.co/j5zvpCK7oZ
0,0.049154643,Negative,,,,,,0.09745034,ΤΕΛΟΣ!!! Αυτό φταίει για την… «κλιματική αλλαγή»!!! Καθήστε κάπου και δείτε το ΒΙΝΤΕΟ https://t.co/d3G72gr6lQ
0,0.12053827,Negative,,,,,,0.17888011,ΚΑΙ ΑΥΤΗ ΕΠΑΘΕ ΚΛΙΜΑΤΙΚΗ ΑΛΛΑΓΗ... ΕΦΑΓΕ ΠΟΛΛΑ ΑΥΓΑ... ΑΚΟΥΓΟΝΤΑΣ ΔΥΝΑΤΑ  ΜΟΥΣΙΚΗ... ΚΑΙ ....#ξαφνικιτιδα https://t.co/4O6201KD93
0,0.11176692,Negative,,,,,,0.15048248,"Έκθεση Βιώσιμης Ανάπτυξης του Ομίλου ΔΕΗ 2021: Ενδυναμώνουμε τη συμβολή μας στην επίτευξη των Στόχων Βιώσιμης Ανάπτυξης (SDGs) με σεβασμό στο περιβάλλον και τις επόμενες γενιές,
https://t.co/Q0z3KSAFqY,"
1,0.63033235,Positive,,,,,,0.24026227,Διαγωνισμός φωτογραφίας με θέμα «Το μέλλον που θέλουμε - βιώσιμη ανάπτυξη» https://t.co/8E6ad4jLQ7 #ΔΙΑΓΩΝΙΣΜΟΙ #ΔΤ #ΣΧΟΛΙΚΑ #ΦΩΤΟΓΡΑΦΙΑ https://t.co/Sa5yZ74P2j
1,0.83715487,Positive,,,,,,0.26512238,"Μακριά από πολυτέλειες και ακριβά γούστα τα πιο δημοφιλή σπίτια της Airbnb στο Instagram φανερώνουν ότι ο βιώσιμος τουρισμός και η αλληλεπίδραση με τη φύση, σε συνδυασμό με τον πληθωρισμό και το αυξανόμενο κόστος διαβίωσης ήρθαν για να μείνουν... https://t.co/6Ee05eetzY"
1,0.71939635,Positive,,,,,,0.16941342,"RT @pprodromou: Το καινούριο νηπιαγωγείο στο Φρέναρος. 70 παιδιά σε ένα σύγχρονο και φροντισμένο, όμορφο περιβάλλον. https://t.co/BRmVa941I0"
0,0.29795587,Negative,,,,,,0.20174639,Περιβάλλον: Τα δέντρα θα μπορούσαν να μειώσουν κατά ένα τρίτο το ποσοστό θνησιμότητας - https://t.co/AcElAO8yMe https://t.co/JkUVfdE7oB
1,0.8526146,Positive,,,,,,0.12943533,Διαγωνισμός καινοτόμων και έξυπνων λύσεων για νησιωτικούς προορισμούς με πρόσημο την αειφορία https://t.co/RhepPpWjYI
0,0.44454414,Negative,,,,,,0.22678708,"Κυριάκος Μητσοτάκης στη συνάντηση με Νίκο Αναστασιάδη: Θα πετύχουμε μια δίκαιη, βιώσιμη και λειτουργική λύση του Κυπριακού https://t.co/OkrrCC3Oy2"
1,0.54124033,Positive,,,,,,0.16714896,Πρόστιμο για «ΜΗ ΒΙΩΣΙΜΗ» καύση ξύλων ακόμα και ΠΟΙΝΙΚΕΣ διώξεις https://t.co/Y5qsWvCdmU
1,0.8098196,Positive,,,,,,0.21885301,"RT @amirasgiorgos: Ελλάδα και Κύπρος σε κοινό αγώνα, ενάντια στην κλιματική κρίση.
Σήμερα, εδώ στην Λευκωσία από κοινού  με τον Υπουργό Περ…"
0,0.08058415,Negative,,,,,,0.08728114,Σε επαγρύπνηση για τους υγροτόπους της Θεσσαλονίκης με αφορμή την Παγκόσμια Ημέρα σήμερα 2 Φεβρουαρίου https://t.co/uaJPEiraP7 #ΕΛΛΑΔΑ #ΖΩΑ #ΠΑΓΚΟΣΜΙΑΗΜΕΡΑ #ΠΕΡΙΒΑΛΛΟΝ https://t.co/xpZg8gpjO9
0,0.17855458,Negative,,,,,,0.2038135,Επι τάπητος η βιώσιμη τουριστική ανάπτυξη σε ημερίδα της Περιφέρειας Ιονίων Νήσων - ΕΝΗΜΕΡΩΣΗ On Line https://t.co/T7r3NNlEFB
0,0.08089468,Negative,,,,,,0.0955077,Δοκιμαστική πτήση με «βιώσιμο» καύσιμο πραγματοποίησε η Emirates https://t.co/LNgU4OufE1
0,0.044100434,Negative,,,,,,0.064081155,"Shipbreaking Platform: Διαλύθηκαν 443 πλοία το 2022, αλλά προκάλεσαν σοβαρές βλάβες στο περιβάλλον - Ρεπορτάζ και ειδήσεις για την Οικονομία, τις Επιχειρήσεις, το Χρηματιστήριο, την Πολιτική #mononewsGR https://t.co/tMIQq8aq4X"
1,0.9284913,Positive,,,,,,0.10515957,"Νέα Τάξη Πραγμάτων: Συνθετικό κρέας και άλευρα από έντομα – Η διατροφική παράνοια που μας σερβίρεται ως «βιώσιμη επανάσταση» #κυβερνηση_Μητσοτακη #ΣΥΡΙΖΑ #ΝΔ #ΕΛΛΑΔΑ 

https://t.co/kZyTC1zo4y"
0,0.40764287,Negative,,,,,,0.173868,Σούνιο: Πώς θα αναστήσετε ένα δάσος χωρίς να το ξανασκοτώσετε https://t.co/sB4gBnJzpQ #ΑΡΘΡΑ #WWF #ΑΝΑΔΑΣΩΣΗ #ΠΕΡΙΒΑΛΛΟΝ #ΣΟΥΝΙΟ By https://t.co/p9zfHynwcm https://t.co/SRPe0uxPtW
0,0.14526562,Negative,,,,,,0.13296132,"Το στενό περιβάλλον του Παύλου ενημερώνεται διαρκώς για τα όσα συμβαίνουν στην Ελλάδα
https://t.co/pLC0nUrU17"
0,0.43292212,Negative,,,,,,0.17727311,"Κλιματική αλλαγή &amp; Βιολογική Μελισσοκομία
https://t.co/v9tbVjA7e9 https://t.co/FZNobAWeex"
0,0.32145092,Negative,,,,,,0.2548539,Ημερίδα «Κλιματική αλλαγή και επιπτώσεις στην Βιολογική Μελισσοκομία» https://t.co/68CdI3oE4B
1,0.80189043,Positive,,,,,,0.28327316,"Μια έξυπνη, βιώσιμη υποδομή, μεγάλης αντοχής, για την άνετη και ασφαλή λειτουργία μιας πόλη, είναι ο δημόσιος φωτισμός, ο οποίος με τη χρήση της σύγχρονης τεχνολογίας, επιτυγχάνει βελτίωση του περιβάλλοντος και μεγάλης κλίμακας εξοικονόμηση ενέργειας

https://t.co/klWdQrL0Vz"
1,0.8431039,Positive,,,,,,0.2293618,"Μια έξυπνη, βιώσιμη υποδομή, μεγάλης αντοχής, για την άνετη και ασφαλή λειτουργία μιας πόλη, είναι ο δημόσιος φωτισμός, ο οποίος με τη χρήση της σύγχρονης τεχνολογίας, επιτυγχάνει βελτίωση του περιβάλλοντος και μεγάλης κλίμακας εξοικονόμηση ενέργειας

https://t.co/2EDtLIMRct"
1,0.7144392,Positive,,,,,,0.2640826,"Π. Κόκκαλης: “Η κλιματική κρίση και οι κοινωνικές ανισότητες είναι ανθρώπων έργα, όχι αναπόφευκτα φυσικά φαινόμενα.” https://t.co/rMHdUmImA1"
1,0.76561224,Positive,,,,,,0.24850878,"Aναβάλλεται η παρουσίαση του βιβλίου με τίτλο «Κλιματική αλλαγή, προετοιμάζοντας τη Θεσσαλία».  https://t.co/ky6DooVdzc μέσω @mouzakinews.gr"
0,0.21738102,Negative,,,,,,0.22463746,Ρ. Κράτσα: «Η ΠΙΝ ξεκινά τη συζήτηση για την Βιώσιμη Τουριστική Ανάπτυξη». https://t.co/J6hWgZ0E31
1,0.72867614,Positive,,,,,,0.21338645,"Ρόδη Κράτσα-Τσαγκαροπούλου: «Η ΠΙΝ, πρώτη απ’ όλους στην Ελλάδα,  ξεκινά τη συζήτηση για τον καθορισμό του πλαισίου,  που απαιτείται για Βιώσιμη"
1,0.5036953,Positive,,,,,,0.21468128,Φωτορύπανση: Οι συνέπειες στους ζωντανούς οργανισμούς και το περιβάλλον https://t.co/f6qyS0rusw
0,0.47403085,Negative,,,,,,0.2774502,"Ρόδη Κράτσα: «Η ΠΙΝ, πρώτη απ’ όλους στην Ελλάδα, ξεκινά τη συζήτηση για τον καθορισμό του πλαισίου για Βιώσιμη Τουριστική Ανάπτυξη» https://t.co/DmLG0aaQog"
0,0.13883258,Negative,,,,,,0.13492139,Ραγδαία αύξηση του όγκου των απορριμμάτων πλαστικών μιας χρήσης σε μια διετία https://t.co/Hkjlac1a4v #ΑΝΑΚΥΚΛΩΣΗ #ΠΕΡΙΒΑΛΛΟΝ https://t.co/xaQJ8Im0rB
1,0.94254637,Positive,,,,,,0.10043192,Κλιματική αλλαγή: Οι 10 κορυφαίες τάσεις που θα αλλάξουν το μέλλον https://t.co/EjLCd3j5Xs
1,0.9094684,Positive,,,,,,0.08944563,"Επίσκεψη Χρ. Ταραντίλη στο Δημοκρίτειο Πανεπιστήμιο Θράκης: Έρευνα και καινοτομία για βιώσιμη περιφερειακή ανάπτυξη 

https://t.co/pePJBMB3d3 https://t.co/q63RZw2yOW"
1,0.701036,Positive,,,,,,0.21267384,Έλενα Ράπτη: «9 στις 10 η σεξουαλική κακοποίηση ανηλίκων προέρχεται από το οικείο περιβάλλον» https://t.co/KqZfnFWOaQ #anilikoi #elenarapti #thymata #sexoyalikikakopoiisi
0,0.20795684,Negative,,,,,,0.17966837,Κλιματική αλλαγή: Οι παγετώνες μετατρέπονται σε όπλα μαζικής καταστροφής https://t.co/ZqECBq49x7 #ΑΡΘΡΑ #ΙΜΑΛΑΪΑ #ΚΛΙΜΑΤΙΚΗΑΛΛΑΓΗ #ΠΑΓΕΤΩΝΕΣ By https://t.co/p9zfHynwcm
0,0.068405524,Negative,,,,,,0.16135117,"Σε ζεστό και όμορφο περιβάλλον η κοπή πίτας της «Μέριμνας Παιδιού Καβάλας» (φωτογραφίες) - Καβάλα, Πρωϊνή, Ραδιόφωνο, Εφημερίδα της Καβάλας, νέα, καβάλα ειδήσεις, μικρές αγγελίες https://t.co/ySKY8XpNyd"
1,0.9001729,Positive,,,,,,0.1390321,"Κρήτη | Ενέργεια, υγιεινή και ασφάλεια προτεραιότητες για βιώσιμο τουρισμό https://t.co/kzHTi9NaP5"
0,0.15228008,Negative,,,,,,0.14337984,Πιστοποίηση για το εργασιακό της περιβάλλον έλαβε η Cardlink https://t.co/gCRAKxHvSE
0,0.14341502,Negative,,,,,,0.13435492,Πιστοποίηση για το εργασιακό της περιβάλλον έλαβε η Cardlink https://t.co/M972oKSflD
1,0.69193596,Positive,,,,,,0.25329098,"Ημερίδα του ACT - American College of Thessaloniki, με θέμα ""Ασφάλεια, Ενέργεια και Περιβάλλον στην Ανατολική Μεσόγειο: Ιστορική Προσέγγιση και Σύγχρονες Προκλήσεις"" το Σάββατο 18 Φεβρουαρίου 2023"
0,0.48619,Negative,,,,,,0.25142244,"Σκρέκας: Η κυβέρνηση κάνει πράξη την απαίτηση για την Πράσινη Μετάβαση - Ρεπορτάζ και ειδήσεις για την Οικονομία, τις Επιχειρήσεις, το Χρηματιστήριο, την Πολιτική #mononewsGR https://t.co/HkaKGiLZnU"
0,0.27507693,Negative,,,,,,0.1488414,Τα γεράκια του Δήμου Λαρισαίων σε ημερίδα για την αντιμετώπιση των κορακοειδών σε αστικό περιβάλλον ⋆ TirnavosPress https://t.co/DRutkBuAvg
1,0.5851173,Positive,,,,,,0.27116483,"Περιβάλλον, εκπαίδευση και τεχνολογία στον «νέο» λόφο Προφήτη Ηλία που αναπλάθει ο Δήμος Τρικκαίων https://t.co/aEmKavdZYj μέσω @mouzakinews.gr https://t.co/BKacwJ2uQz"
0,0.26139915,Negative,,,,,,0.2082519,Κλιματική αλλαγή και επιπτώσεις στην Βιολογική Μελισσοκομία https://t.co/2t3ubc9T9J
0,0.08122213,Negative,,,,,,0.11145905,RT @densevlepo: #survivorGR Η Δαλακα χθες έκανα κάποια ανφολοου (σε παίκτες και περιβάλλον τους) που θα συζητηθουν με το που πήρε το κινητό…
0,0.25093672,Negative,,,,,,0.1574153,Εσείς τι κάνετε για να προστατέψετε το περιβάλλον; Απαντήστε στο νέο poll του Act for Earth - https://t.co/DHUcCpn9IG https://t.co/lONEMI5bLT
0,0.31175604,Negative,,,,,,0.15693215,"Μπιλ Γκέιτς: Από τα «κηρύγματα» για το περιβάλλον, τον πολυτελή βίο μέχρι την αγκαλιά της χήρας του CEO της Oracle https://t.co/f4A878CdvK"
1,0.5463517,Positive,,,,,,0.1993602,"Η κλιματική αλλαγή συμβάλλει στην αύξηση των υπερβακτηρίων, προειδοποιεί έκθεση του ΟΗΕ https://t.co/a2XpbtPvWc"
0,0.12045019,Negative,,,,,,0.12899572,Από το Ωραιόκαστρο ως τη Θέρμη εμφανίζονται όλο και περισσότεροι πράσινοι παπαγάλοι - Πώς εξηγείται; https://t.co/sAoECL9nQh #ΖΩΑ #ΘΕΡΜΗ #ΠΕΡΙΒΑΛΛΟΝ #ΠΕΡΙΞ
0,0.30957708,Negative,,,,,,0.16399658,"Μπιλ Γκέιτς: Από τα «κηρύγματα» για το περιβάλλον, τον πολυτελή βίο μέχρι την αγκαλιά της χήρας του CEO της Oracle https://t.co/2o0Lj1Kyaq"
1,0.8807676,Positive,,,,,,0.16197719,ΦΟΔΣΑ Νοτίου Αιγαίου: Σημαντικός ο ρόλος του για ένα καλύτερο περιβάλλον #Δημοκρατική #Ρόδος #Δωδεκάνησα https://t.co/ZvBOXUb47K
0,0.14110523,Negative,,,,,,0.15538566,"Μπρίτνεϊ Σπίαρς: «Πρέπει να λάβει ιατρική φροντίδα – Η ζωή της βρίσκεται σε κίνδυνο», λέει το στενό της περιβάλλον

https://t.co/DXpvZiCphd"
1,0.77349544,Positive,,,,,,0.25019324,"99,2 εκατομμύρια ευρώ από το νέο ΕΣΠΑ Θεσσαλίας 2021-2027 για Βιώσιμη Αστική Ανάπτυξη και Χωρικές Επενδύσεις – Κ. Αγοραστός: να προχωρήσουμε με ταχύτητα και ώριμα έργα για να προεξοφλήσουμε το μέλλον https://t.co/BpdCpS9fVF https://t.co/2gV6YjrZ85"
0,0.17734902,Negative,,,,,,0.17033897,"99,2 εκατομμύρια ευρώ από το νέο ΕΣΠΑ Θεσσαλίας 2021-2027 για Βιώσιμη Αστική Ανάπτυξη και Χωρικές Επενδύσεις ⋆ TirnavosPress https://t.co/LhTWe7fORr @perifthessalias @kostasagorastos"
1,0.6276964,Positive,,,,,,0.18427311,Δήμος Πλατανιά | 3η συνάντηση εργασίας για τη βιώσιμη κινητικότητα https://t.co/W1tQlugVEC
0,0.19639188,Negative,,,,,,0.17981943,"99,2 εκατομμύρια ευρώ από το νέο ΕΣΠΑ Θεσσαλίας 2021-2027 για Βιώσιμη Αστική Ανάπτυξη και Χωρικές Επενδύσεις https://t.co/4TKa7oIkqt"
0,0.16269413,Negative,,,,,,0.13520537,"99,2 εκατομμύρια ευρώ από το νέο ΕΣΠΑ Θεσσαλίας 2021-2027 για Βιώσιμη Αστική Ανάπτυξη και Χωρικές Επενδύσεις - LarissaPress https://t.co/S1xsOyTwLd"
1,0.7515908,Positive,,,,,,0.24552464,Καθηγητής Φυσικής εξηγεί την κακοκαιρία «Μπάρμπαρα» – Παίζει ρόλο η κλιματική κρίση; https://t.co/9ldeonaCXr #athanasiosargyrioy #kakokairiamparmpara
0,0.42400414,Negative,,,,,,0.17503552,Μπάιντεν και Λούλα δεσμεύθηκαν να προστατεύσουν τη δημοκρατία και να αντιμετωπίσουν την κλιματική αλλαγή https://t.co/oKXaYAZeDZ
0,0.3653782,Negative,,,,,,0.21922868,Μπάιντεν και Λούλα δεσμεύθηκαν να προστατεύσουν τη δημοκρατία και να αντιμετωπίσουν την κλιματική αλλαγή https://t.co/5IQ9Bq4JRj
0,0.30515608,Negative,,,,,,0.25755435,"Μπάιντεν και Λούλα δεσμεύθηκαν να προστατεύσουν τη δημοκρατία και να αντιμετωπίσουν την κλιματική αλλαγή

https://t.co/TcXEcmZrIP

#Biden_Lula #ΗΠΑ #Βραζιλία"
0,0.31218287,Negative,,,,,,0.25831884,Μπρίτνεϊ Σπίαρς: «Η ζωή της βρίσκεται σε κίνδυνο» λένε άτομα από το περιβάλλον της https://t.co/EhW5B1qJFL
0,0.044975508,Negative,,,,,,0.08138138,Ενημέρωση για την κατασκευή της Μονάδας Επεξεργασίας Απορριμάτων Αγ.Αντωνίου από Δήμο Θέρμης και ΦοΔΣΑ https://t.co/vAD7WeSIrZ #ΑΓΑΝΤΩΝΙΟΣ #ΑΝΑΚΥΚΛΩΣΗ #ΔΗΜΟΤΙΚΑ #ΠΕΡΙΒΑΛΛΟΝ https://t.co/ZsIXHBLNNF
1,0.9589868,Positive,,,,,,0.08428155,"Σε πλήρη εξέλιξη το μεγάλο αποχετευτικό έργο της Ανατολικής Αττικής προϋπολογισμού 500 εκατ. ευρώ

Θα λύσει οριστικά το πρόβλημα της αποχέτευσης και των επιπτώσεών της στη δημόσια υγεία και το περιβάλλον, αναβαθμίζοντας την ποιότητα ζωής 250.000 κατοίκων

https://t.co/n1CecFXFh1"
1,0.7698978,Positive,,,,,,0.30930066,"Σε πλήρη εξέλιξη βρίσκεται ένα σημαντικό αναπτυξιακό έργο υποδομής, κοινωνικού χαρακτήρα το οποίο θα λύσει οριστικά το τεράστιο πρόβλημα της αποχέτευσης και των επιπτώσεων της στη δημόσια υγεία και το περιβάλλον, αναβαθμίζοντας την ποιότητα ζωής 250.000

https://t.co/n8edVxaxNx"
0,0.21098112,Negative,,,,,,0.17189035,Η κλιματική αλλαγή «τελειώνει» το σιρόπι σφενδάμου – Σήμα κινδύνου από τους παραγωγούς https://t.co/HQJOn9wgFX
0,0.45201558,Negative,,,,,,0.35117295,"[Κλικ και διαβάστε στο eleftherostypos]Κλιματική  #Αλλαγή: Ο  #Ιανουάριος στην Ευρώπη ήταν 2,2 °C πιο ζεστός από το μέσο όρο https://t.co/8VmGUg20Vz"
1,0.92859834,Positive,,,,,,0.12997036,"Γ. Ακριβούλης: ""Σε πλήρη σύγχυση ο δήμαρχος Κιλελέρ"" - Βιομηχανία αναθέσεων, ψέματα και υπεκφυγές για τις ανανεώσιμες πηγές ενέργειας
https://t.co/kJaVepRU4U"
1,0.86117613,Positive,,,,,,0.15229054,"Ακριβούλης για Νασιακόπουλο: Βιομηχανία αναθέσεων, ψέματα και υπεκφυγές για τις ανανεώσιμες πηγές ενέργειας https://t.co/T8YbxMvTYY"
1,0.9447877,Positive,,,,,,0.08058848,"«Δεν θα κατέχετε τίποτα»! Αυτό είναι ΚΥΚΛΙΚΗ ΟΙΚΟΝΟΜΙΑ και «εισβάλλει» παντού, vid https://t.co/a1Oce8B8UE"
0,0.27825454,Negative,,,,,,0.24666609,RT @Moneypressgr: Η κλιματική αλλαγή «τελειώνει» το σιρόπι σφενδάμου – Σήμα κινδύνου από τους πα...  #moneypress https://t.co/Uia18vhoQh
0,0.23594393,Negative,,,,,,0.21548139,Η κλιματική αλλαγή «τελειώνει» το σιρόπι σφενδάμου – Σήμα κινδύνου από τους πα...  #moneypress https://t.co/Uia18vhoQh
1,0.75853974,Positive,,,,,,0.18483634,"Γερμανία: Μεγάλες φιλοδοξίες, μικρές αποδόσεις για τις ανανεώσιμες πηγές ενέργειας https://t.co/NNTU7bg09z"
0,0.0635406,Negative,,,,,,0.07295495,RT @Santa19022544: Ξύπνησα αλλά δεν έχω καμία επαφή με το περιβάλλον https://t.co/3KFVSBthSS
1,0.78774446,Positive,,,,,,0.19698842,Σκρέκας: Οι 5 άξονες στο Αναπτυξιακό Πρόγραμμα της Περ. Δυτικής Μακεδονίας για ενέργεια και περιβάλλον - https://t.co/Kfe6AXDz1x https://t.co/p1AMlFaqKh
1,0.96368253,Positive,,,,,,0.05159377,Εκδήλωση ΕΝΑ | Προσαρμογή &amp; Ανθεκτικότητα της Ελληνικής Οικονομίας στην Κλιματική Αλλαγή - https://t.co/6Z8GFxFxIW #εκδήλωση #ΕΝΑ #Ινστιτουτο #κλιματικήαλλαγή
1,0.67209643,Positive,,,,,,0.2702574,Διαγωνισμός φωτογραφίας με θέμα «Το μέλλον που θέλουμε – βιώσιμη ανάπτυξη» από την Ανατολική Α.Ε. https://t.co/h0sAxtg1Al #ΔΙΑΓΩΝΙΣΜΟΙ #ΠΕΡΙΦΕΡΕΙΑ #ΣΧΟΛΙΚΑ #ΦΩΤΟΓΡΑΦΙΑ https://t.co/UGHU6ZJgTx
1,0.6915753,Positive,,,,,,0.2520065,RT @k_grigoriadis: Εδώ και 4 χρόνια καταγγέλλουμε ότι το στενό οικογενειακό περιβάλλον του Κυριάκου Μητσοτάκη έχει όφελος οικονομικό από το…
1,0.5276592,Positive,,,,,,0.19523577,Στουρνάρας: Η κλιματική αλλαγή ίσως η σημαντικότερη απειλή για τη βιωσιμότητα των κοινωνιών https://t.co/g2JWdHETDm #businessnewsgr
0,0.4134222,Negative,,,,,,0.30665505,"RT @cynewsagency: #Cyprus #greengrowth #CircularEconomy 
Η πράσινη ανάπτυξη και η κυκλική οικονομία στην πράξη, είπε ο @CostasKadis  για έρ…"
0,0.1707312,Negative,,,,,,0.17146571,"#Cyprus #greengrowth #CircularEconomy 
Η πράσινη ανάπτυξη και η κυκλική οικονομία στην πράξη, είπε ο @CostasKadis  για έργο σταθμού λυμάτων στην Άχνα 
@CyMOApress 
https://t.co/KdH5XSLWzb"
1,0.83562857,Positive,,,,,,0.23674916,Με διασπορά σεληνιακής σκόνης στο διάστημα φιλοδοξούν επιστήμονες να περιορίσουν την ηλιακή ακτινοβολία και την κλιματική αλλαγή https://t.co/HBIMeg4y4H
1,0.961878,Positive,,,,,,0.09048376,"Μακροπρόθεσμη Συμφωνία Αγοράς Ηλεκτρικής Ενέργειας (PPA) για την «πράσινη» ενέργεια που θα παραχθεί από χαρτοφυλάκιο αιολικών έργων συνολικής ισχύος 78 MW υπέγραψαν η MYTILINEOS και η EDPR.
Πρόκειται,όπως επισημαίνεται στη σχετική ανακοινωση, για το

https://t.co/6CicUqEXBH"
1,0.7384144,Positive,,,,,,0.23362237,RT @LykavitosGr: Συμφωνία συνεργασίας MYTILINEOS - EDPR για την πράσινη ενέργεια  #Mytilineos https://t.co/tPArtdoTXu
1,0.6706742,Positive,,,,,,0.24111325,RT @LykavitosGr: Συμφωνία συνεργασίας MYTILINEOS - EDPR για την πράσινη ενέργεια  #Mytilineos https://t.co/tPArtdoTXu
1,0.8644388,Positive,,,,,,0.15321507,Με διασπορά σεληνιακής σκόνης στο διάστημα φιλοδοξούν επιστήμονες να περιορίσουν την ηλιακή ακτινοβολία και την κλιματική αλλαγή https://t.co/YAASxMibcf
1,0.7895641,Positive,,,,,,0.2067342,"Ο οικονομολόγος Τάσος Γιασεμίδης, αναφέρεται στους κινδύνους, στις προκλήσεις της νέας διακυβέρνησης στην οικονομία και στο περιβάλλον μέσα στο οποίο θα κληθεί να δουλέψει ο νέος υπουργός Οικονομικών

https://t.co/Qjm3K1KB2y"
1,0.7064167,Positive,,,,,,0.24117893,"RT @0minus_Prime: Κλιματοψέκες, που σας κόβω να έχετε και μεταπτυχιακά στη μαλακία (σε αντίθεση με τους εμβολιοψέκες, που είναι bachelor's)…"
0,0.2698909,Negative,,,,,,0.15436564,Ίταμος ή αλλιώς το «δέντρο του θανάτου» https://t.co/omR4XIx3YJ #ΛΟΙΠΑ #ΠΕΡΙΒΑΛΛΟΝ https://t.co/9bTLFItJLC
0,0.15412655,Negative,,,,,,0.13878891,"Εσείς συνεχίστε εγώ δεν επικοινωνώ με το περιβάλλον 
#sasmos #vasilikos https://t.co/e0qlIMTgIf"
0,0.37897813,Negative,,,,,,0.22996594,"Στουρνάρας: Μεγαλύτερη απειλή για τη βιωσιμότητα των κοινωνιών η κλιματική αλλαγή - Ρεπορτάζ και ειδήσεις για την Οικονομία, τις Επιχειρήσεις, το Χρηματιστήριο, την Πολιτική #mononewsGR https://t.co/nITG9YVjHh"
0,0.19109873,Negative,,,,,,0.18849269,"Κλιματική κρίση: Δραματική προειδοποίηση Γκουτέρες για «χείμαρρο προβλημάτων»,
https://t.co/0NRFNjvmwE,"
0,0.39534405,Negative,,,,,,0.19746962,"📢 ΕΕ: Ψηφίστηκε ο νόμος για κατάργηση των κινητήρων εσωτερικής καύσης
#ΑΥΤΟΚΙΝΗΤΟ #ΕΕ #ΝΟΜΟΣ #ΠΕΡΙΒΑΛΛΟΝ

https://t.co/APiAB1zGpI"
1,0.5244847,Positive,,,,,,0.26878402,RT @Moneypressgr: ΤτΕ: Παρουσίαση μελέτης του ΙΟΒΕ για την κλιματική αλλαγή  #moneypress https://t.co/xHEm257VTI https://t.co/zzJADQny4M
0,0.45796153,Negative,,,,,,0.2642201,ΤτΕ: Παρουσίαση μελέτης του ΙΟΒΕ για την κλιματική αλλαγή  #moneypress https://t.co/xHEm257VTI https://t.co/zzJADQny4M
1,0.6758535,Positive,,,,,,0.20966943,Κλιματική αλλαγή: Πάνω από 700 δισ. ευρώ το κόστος για την οικονοµία έως το 2100 https://t.co/6316x6uR0X
1,0.5018334,Positive,,,,,,0.26256284,"📢 701 δισ. ευρώ κοστίζει για την Ελλάδα η Κλιματική Αλλαγή
#ΕΛΛΑΔΑ #ΚΛΙΜΑΤΙΚΗΑΛΛΑΓΗ #ΚΟΣΤΟΣ

https://t.co/34686Xsl57"
0,0.43537417,Negative,,,,,,0.265968,"📢 701 δισ. ευρώ κοστίζει για την Ελλάδα η Κλιματική Αλλαγή
#ΕΛΛΑΔΑ #ΚΛΙΜΑΤΙΚΗΑΛΛΑΓΗ #ΚΟΣΤΟΣ

https://t.co/4NK4m2h3nJ"
1,0.6450561,Positive,,,,,,0.28321162,RT @CostasKadis: Η Πράσινη Ανάπτυξη και η Κυκλική Οικονομία μετουσιώνονται σε πράξη μέσα από τα έργα του Υπουργείου μας @CyMOApress https:/…
1,0.89455414,Positive,,,,,,0.1227062,"Calamos Investments-Γιάννης Αντετοκούνμπο: Στο NYSE το νέο βιώσιμο fund SROI -Στις 31 Μαρτίου η τελετή έναρξη συνεδρίασης - Ρεπορτάζ και ειδήσεις για την Οικονομία, τις Επιχειρήσεις, το Χρηματιστήριο, την Πολιτική #mononewsGR https://t.co/qunfjFA9RD"
1,0.6363325,Positive,,,,,,0.3125662,ΠΟΥ: Η κλιματική κρίση είναι μια υγειονομική κρίση – Έρχονται ΚΛΙΜΑΤΙΚΑ LOCKDOWN;;; vid https://t.co/kDRMZZimy4
0,0.11167418,Negative,,,,,,0.118581556,"«Δεν πρόκειται ούτε να ιδρύσει κόμμα, ούτε να βρίσκεται πίσω από κάποιο άλλο», αναφέρει το περιβάλλον του
https://t.co/RltStKd1cb"
1,0.65923613,Positive,,,,,,0.25837803,ΕΕΣ: Κατώτερα των φιλοδοξιών τα επιτεύγματα της “Παγκόσμιας Συμμαχίας για την κλιματική αλλαγή” https://t.co/hajjI6iL9F
1,0.51173437,Positive,,,,,,0.21440491,Η κλιματική κρίση ροκανίζει το ΑΕΠ #Δημοκρατική #Ρόδος #Δωδεκάνησα https://t.co/3bOKRb9pTI
0,0.25600255,Negative,,,,,,0.16801907,Κλιματική αλλαγή: Για αστρονομική ζημιά στο ΑΕΠ προειδοποιεί η ΤτΕ - https://t.co/JFrBs1oSqn https://t.co/VskSTRPNaO
0,0.29022253,Negative,,,,,,0.1793726,Κλιματική αλλαγή: Για αστρονομική ζημιά στο ΑΕΠ προειδοποιεί η ΤτΕ - https://t.co/zhRmTacasD https://t.co/J5FrBT9l7g
1,0.5683024,Positive,,,,,,0.30239037,"RT @ClaireZacharop: Πρώτη και τελευταία φορά που σχολιάζω το συγκεκριμένο προφίλ.

Ελπίζω η συγκεκριμένη ""κυρία"" να έχει υποστήριξη από το…"
0,0.12509759,Negative,,,,,,0.10130325,Act for Earth – Ψηφίστε στo poll της εβδομάδας: Τι θα αλλάξετε στη διατροφή σας για το περιβάλλον; - https://t.co/k2oV0fUlX6 https://t.co/h0oFMai6um
0,0.24476916,Negative,,,,,,0.16619737,"Ο ΟΗΕ θα ζητήσει «ευρεία, δίκαιη και βιώσιμη ειρήνη», στον ένα χρόνο από την έναρξη του πολέμου στην Ουκρανία https://t.co/hyM7sMbbKf"
0,0.22523771,Negative,,,,,,0.20656502,Πόσο ρυπαίνουν το περιβάλλον οι πλουσιότεροι του κόσμου – Η λίστα με τους… χειρότερους https://t.co/VBosiw5ZPG
0,0.25437823,Negative,,,,,,0.1776584,"Ουκρανία: «Βιώσιμη ειρήνη» θα ζητήσει η Γενική Συνέλευση του ΟΗΕ με αφορμή την πρώτη επέτειο από τη ρωσική εισβολή - Ρεπορτάζ και ειδήσεις για την Οικονομία, τις Επιχειρήσεις, το Χρηματιστήριο, την Πολιτική #mononewsGR https://t.co/WinQWPuSmf"
1,0.5759223,Positive,,,,,,0.27785867,Καρναβάλι στην Ευξεινούπολη με θέμα την Κλιματική Αλλαγή https://t.co/qHVDjIi4dT
0,0.22162592,Negative,,,,,,0.18829668,"Με αφορμή την πρώτη επέτειο από τη ρωσική εισβολή στην #Ουκρανία, η Γενική Συνέλευση του #ΟΗΕ θα ζητήσει ""βιώσιμη ειρήνη""

https://t.co/EeIE5B7yiI 

#Ukraine #UkraineRussiaWar https://t.co/6hZeROBgO2"
0,0.46759385,Negative,,,,,,0.23730375,Πώς θα κάνουν τα ξενοδοχεία στροφή στην βιώσιμη φιλοξενία https://t.co/4saUmTMBjE
1,0.76068985,Positive,,,,,,0.18683435,Μ. Κόνσολας: «Οριστική και βιώσιμη λύση στο ιδιοκτησιακό καθεστώς των καταπατημένων ακινήτων του δημοσίου». #Δημοκρατική #Ρόδος #Δωδεκάνησα https://t.co/d0ZvaBZhEI
1,0.74659085,Positive,,,,,,0.2200397,"Νομοσχέδιο ΥΠΕΝ: Πρόσβαση στην πράσινη ενέργεια και στην κοινωνία - Ρεπορτάζ και ειδήσεις για την Οικονομία, τις Επιχειρήσεις, το Χρηματιστήριο, την Πολιτική #mononewsGR https://t.co/tk3HXt7k9V"
1,0.5782434,Positive,,,,,,0.24755877,Καμπανάκι από τους ειδικούς: Η κλιματική αλλαγή διευκολύνει την εξάπλωση της ελονοσίας https://t.co/sRimOU0cjm #kaneotikoimasai #Pagidevmenoi #GiTisElias #Sasmos #gntmgr
1,0.69430804,Positive,,,,,,0.24227117,"Rhodes Co-Lab: Πρόγραμμα μετατροπής της Ρόδου σε ""βιώσιμο τουριστικό προορισμό"" https://t.co/iLpvTErM5a #businessnewsgr"
0,0.23301545,Negative,,,,,,0.21763325,"Σ.Ε.Ε.Ν.: Υποστηρίζει και επιταχύνει την Πράσινη Μετάβαση της ακτοπλοΐας με την ηλεκτροδότηση των πλοίων της στα λιμάνια - Ρεπορτάζ και ειδήσεις για την Οικονομία, τις Επιχειρήσεις, το Χρηματιστήριο, την Πολιτική #mononewsGR https://t.co/7EcnNNdb5L"
1,0.54814315,Positive,,,,,,0.28877005,"11ο Συνέδριο Αγροτεχνολογίας: ""Καμπανάκι"" από τον FAO για την ποσότητα και την ασφάλεια των τροφίμων (VIDEO) - https://t.co/eiOPQNSsIs https://t.co/95tUCt74N4 
#FAO #Αθανάσιος_Τσαυτάρης #ΑΠΘ #Ελληνικά_Τρόφιμα #Ελληνοαμερικανικό_Εμπορικό_Επιμελητήριο #Κυκλική_Οικονομία"
0,0.46181458,Negative,,,,,,0.18555267,Η γεωργία και πώς συμβάλλει στην κλιματική αλλαγή – Δείτε το Infographic του Act for Earth - https://t.co/pncB4JeezT https://t.co/JOs0meR5rh
1,0.7423475,Positive,,,,,,0.21210974,"Κικίλιας: Η νησιωτικότητα στρατηγικό πλεονέκτημα της Ελλάδας και στον βιώσιμο τουρισμό - Αύξηση 20% στην τουριστική κίνηση φέτος - Ρεπορτάζ και ειδήσεις για την Οικονομία, τις Επιχειρήσεις, το Χρηματιστήριο, την Πολιτική #mononewsGR https://t.co/evgXeC8NkT"
1,0.7550912,Positive,,,,,,0.23403084,"B. Κικίλιας : Η νησιωτικότητα στρατηγικό πλεονέκτημα της Ελλάδας και στον βιώσιμο τουρισμό - Αύξηση 20% στην τουριστική κίνηση φέτος
https://t.co/MtJEt27xBs"
0,0.10187077,Negative,,,,,,0.103734225,Απαγορευμένα τα μολύβδινα σκάγια στους Ευρωπαϊκούς υγρότοπους https://t.co/0JTG5A0Muv #ΖΩΑ #ΚΥΝΗΓΙ #ΠΕΡΙΒΑΛΛΟΝ https://t.co/6u3658EADz
1,0.76034075,Positive,,,,,,0.23370847,".@Vkikilias: 
«Η νησιωτικότητα στρατηγικό πλεονέκτημα της Ελλάδας και στον βιώσιμο #τουρισμό- Αύξηση 20% στην τουριστική κίνηση φέτος»

#τουρισμός 

https://t.co/hUjvEYpAm5 https://t.co/cvwA7y4MOZ"
0,0.4662863,Negative,,,,,,0.35214895,"""Η νησιωτικότητα αποτελεί στρατηγικό πλεονέκτημα της Ελλάδας και στον βιώσιμο τουρισμό"" δήλωσε χθες από τη Ρόδο ο υπουργός Τουρισμού Βασίλης Κικίλιας κατά τη διάρκεια της ομιλίας του στην εκδήλωση «The Rhodes Co-Lab Sustainable Destination- Strategy &amp;

https://t.co/S2UYbKkynr"
1,0.57563967,Positive,,,,,,0.34524557,"Θεσσαλονίκη: Η ιστορία οικογένειας Πολωνών που έχει μετατρέψει ένα λεωφορείο σε σπίτι! (ΦΩΤΟ) https://t.co/eiOPQNSsIs https://t.co/4ewUOtALIY 
#Αειφορία #Βιωσιμότητα #Λεωφορείο #Σπίτι #Θεσσαλονίκη #Πολωνοί"
1,0.59404874,Positive,,,,,,0.17584985,Rhodes Co-Lab: Το πρόγραμμα που θα τη μετατρέψει σε «βιώσιμο τουριστικό προορισμό»  #Δημοκρατική #Ρόδος #Δωδεκάνησα https://t.co/86d8nAPpzX
0,0.15631206,Negative,,,,,,0.1805662,"RT @Vkikilias: Χρέος μας για τις επόμενες γενιές, είναι να αφήσουμε ένα τόπο καλύτερο. Η νησιωτικότητα αποτελεί στρατηγικό στρατηγικό πλεον…"
0,0.4387689,Negative,,,,,,0.27792248,"Δεν απειλεί η κλιματική αλλαγή τον πλανήτη με αφανισμό, τα επικίνδυνα «παιχνίδια» μεγαλομανών γύρω της τον απειλούν https://t.co/MEtLxZisEU"
0,0.12350667,Negative,,,,,,0.14781538,"RT @Vkikilias: Χρέος μας για τις επόμενες γενιές, είναι να αφήσουμε ένα τόπο καλύτερο. Η νησιωτικότητα αποτελεί στρατηγικό στρατηγικό πλεον…"
0,0.4790978,Negative,,,,,,0.3427502,"«Η νησιωτικότητα αποτελεί στρατηγικό πλεονέκτημα της Ελλάδας και στον βιώσιμο τουρισμό», δήλωσε χθες από τη Ρόδο ο υπουργός Τουρισμού Βασίλης Κικίλιας κατά τη διάρκεια της ομιλίας του στην εκδήλωση «The Rhodes Co-Lab Sustainable Destination- Strategy &amp;… https://t.co/Ie8R5tiXUh"
0,0.20417246,Negative,,,,,,0.1447433,"«Περιβάλλον Κοινωνία Διακυβέρνηση (ESG): Κρίσιμοι παράγοντες για χρηματοδοτήσεις»

Άρθρο του Δρ. Τ. Θεοφανόπουλου, εντεταλμένου συμβούλου EUROCERT 

https://t.co/F7lzkKCIM8"
1,0.9305428,Positive,,,,,,0.11577521,"25ο Φεστιβάλ Ντοκιμαντέρ Θεσσαλονίκης

Η 12χρονη Αφρίν «έρχεται» σε παγκόσμια πρεμιέρα του ντοκιμαντέρ για την κλιματική κρίση, «Mighty Afrin: In the Time of Floods»

https://t.co/Abrk1gSlOG

#tidf25 #ClimateEmergency https://t.co/raD4KKoLWi"
0,0.021930354,Negative,,,,,,0.05325884,"Ο George Soros ωθεί μια επικίνδυνη τεχνολογία για να δροσίσει τη Γη και να σταματήσει την «κλιματική αλλαγή», όμως θα μπορούσε να οδηγήσει σε τεράστιο αριθμό θανάτων https://t.co/ez3hJo4aDe"
0,0.23501675,Negative,,,,,,0.14183928,Υπογράφεται η σύμπραξη δήμων και ΜΟΔ για βιώσιμη ανάπτυξη στον Αμβρακικό - https://t.co/ZQ3PLclyZg https://t.co/IdYfmmsfub
0,0.18826412,Negative,,,,,,0.2068384,Ηλιακή γεωμηχανική: Σανίδα σωτηρίας απέναντι στην κλιματική κρίση ή δρόμος προς μία παγκόσμια πολεμική σύρραξη; - LarissaPress https://t.co/y5iZ3LgtSq
0,0.26105306,Negative,,,,,,0.26884,Ηλιακή γεωμηχανική: Σανίδα σωτηρίας απέναντι στην κλιματική κρίση ή δρόμος προς μία παγκόσμια πολεμική σύρραξη; https://t.co/9IgXOR8G4g
1,0.534093,Positive,,,,,,0.24309166,"Νομοθετική παρέμβαση που θα δίνει μια βιώσιμη λύση προς τον δανειολήπτη να αποπληρώσει το δάνειο του
#Valuenews #Valuenewsgr #Greecenews #politics #economy #δάνεια #επιτόκια #δανειολήπτες #ραυτόπουλος #ΕΕΚΕ https://t.co/rdoorLJRrN"
1,0.63356096,Positive,,,,,,0.2450321,Κόκκαλης με Σύλλογο Ποντίων Λάρισας: Εδώ και τώρα δίκαιη και βιώσιμη λύση για τα δάνεια των παλινοστούντων ομογενών ⋆ TirnavosPress https://t.co/dMRYfDNZ1v
0,0.38759482,Negative,,,,,,0.30590847,[Κλικ και διαβάστε στο eleftherostypos]Κλιματική  #Αλλαγή: H  #ΒΕΝΕΤία «βουλιάζει» – Υπάρχει σωτηρία για την ιστορική πόλη https://t.co/3JTzZ5IL94
1,0.59494287,Positive,,,,,,0.27805117,Καρναβάλι στην Ευξεινούπολη με θέμα την Κλιματική Αλλαγή https://t.co/y08pUA4BKm
1,0.54717714,Positive,,,,,,0.28548157,"RT @brom1323: Αντικειμενικά έχει απόλυτο δίκαιο.

Έβγαινε το περιβάλλον του Μαριου και την παρουσίαζε ως τρελή ως προς την σχέση τους και α…"
1,0.59873885,Positive,,,,,,0.2170326,Κόκκαλης με Σύλλογο Ποντίων Λάρισας: Εδώ και τώρα δίκαιη και βιώσιμη λύση για τα δάνεια των παλινοστούντων ομογενών https://t.co/gWr5LPYhU1
1,0.58370453,Positive,,,,,,0.20991197,Κόκκαλης με Σύλλογο Ποντίων Λάρισας: Εδώ και τώρα δίκαιη και βιώσιμη λύση για τα δάνεια των παλινοστούντων ομογενών - LarissaPress https://t.co/bdnDf9ChvK
0,0.4646589,Negative,,,,,,0.3470677,"Περιοχές της Κίνας και των #ΗΠΑ οι πιο ευάλωτες στις συνέπειες της κλιματικής αλλαγής

https://t.co/tISVz1Qq56

#Κίνα #περιβάλλον https://t.co/by08Wf2Usd"
0,0.2630887,Negative,,,,,,0.26517728,Less is more: Η MMD ολοκληρώνει με επιτυχία πιλοτικό έργο για τη βιώσιμη μείωση των αποβλήτων οθόνης https://t.co/30QW2S4ryD https://t.co/EZMfWNT6yE
1,0.64859223,Positive,,,,,,0.25045964,"RT @RenaPavlaki: @ghatzimarkos: Η κλιματική κρίση δεν είναι ούτε μοίρα, ούτε πεπρωμένο για να είμαστε παρατηρητές. 
Οπως κάθε κρίση μέχρι σ…"
1,0.946725,Positive,,,,,,0.12574936,"@ConteGione Επίσης: συνάδει, αέναος, χρεοδουλοπαροικία, σε πνεύμα ομόνοιας, αειφόρος, πράσινη ανάπτυξη, μετεωρολογική βόμβα, σύσσωμος, υλοποίηση, στην τσιμπίδα, κλίμα κατάνυξης, ευσεβείς πόθοι, δρομολογήθηκε, ενεός, σύγκλιση, δημοκρατικό τόξο και άλλα ""ηχηρά παρόμοια"" που δεν θυμάμαι τώρα."
0,0.44838828,Negative,,,,,,0.24590322,"Οι πραγματικές επιπτώσεις της εφαρμογής του, ωστόσο, δεν θα μπορούσαν να είναι χειρότερες - Η ανανεώσιμη ενέργεια δεν είναι ούτε ανανεώσιμη ούτε βιώσιμη και η ενεργειακή μετάβαση του SDG7 απλώς επιδεινώνει το πρόβλημα της ενεργειακής φτώχειας
https://t.co/ubQSZbGctq"
1,0.7720749,Positive,,,,,,0.19214235,"«Στη Βουλή το ερευνητικό πρόγραμμα ΑΕΙ για τα μικρά νησιά της Δωδεκανήσου»| «Αειφόρος ανάπτυξη λιγότερο αναπτυγμένων περιοχών, με δημιουργία νέων τουριστικών πόρων» https://t.co/8NtsgmsFD2 via @aegeanews"
0,0.29113573,Negative,,,,,,0.24099053,Κλιματική Αλλαγή και Βιοασφάλεια: Ημερίδα στο Τεχνικό Επιμελητήριο Ελλάδος - https://t.co/00iOLn0vGk https://t.co/DBifrddNna
1,0.7477991,Positive,,,,,,0.1804847,"ΥΠΕΝ: Ο θαλάσσιος χωροταξικός σχεδιασμός διασφαλίζει την ειρήνη και τη συνεργασία και προστατεύει το περιβάλλον - Ρεπορτάζ και ειδήσεις για την Οικονομία, τις Επιχειρήσεις, το Χρηματιστήριο, την Πολιτική #mononewsGR https://t.co/34mxVbhpKh"
0,0.2671608,Negative,,,,,,0.18629393,Η PepsiCo Hellas ακολούθησε και το 2022 μία Υγιή επιχειρηματική ανάπτυξη με Έμφαση στο περιβάλλον και την Ανταπόδοση στην κοινωνία. https://t.co/uLTzXnKkEq
0,0.45617414,Negative,,,,,,0.2599253,RT @EnvDep_Cy: Μέσα από την υλοποίηση του εθνικού σχεδιασμού για μείωση των εκπομπών αερίων του θερμοκηπίου κ προσαρμογή στην κλιματική αλλ…
1,0.81304306,Positive,,,,,,0.19291711,Εκτεθειμένες στην κλιματική αλλαγή Κίνα και ΗΠΑ @wwwflynewsgr https://t.co/QBxKK1sEuB
0,0.4428965,Negative,,,,,,0.22302262,Ένα μεγάλο βήμα για το βιώσιμο περιβάλλον στα νησιά: 35.825 οικιακούς  κομποστοποιητές θα μοιράσει ο ΦοΔΣΑ σε νοικοκυριά του Νοτίου Αιγαίου - https://t.co/VrEIBozz3v https://t.co/n9PXxwaKdk
0,0.4521945,Negative,,,,,,0.2265286,Ένα μεγάλο βήμα για το βιώσιμο περιβάλλον στα νησιά: 35.825 οικιακούς  κομποστοποιητές θα μοιράσει ο ΦοΔΣΑ σε νοικοκυριά του Νοτίου Αιγαίου - https://t.co/VrEIBozz3v https://t.co/Eod3R5PKJf
1,0.69140786,Positive,,,,,,0.20942895,Επιτροπή Πρέβεζα: Ιστορία- Πολιτισμός-Περιβάλλον: Μνημεία του πολιτισμού μας σε κίνδυνο https://t.co/kbH42V1owR https://t.co/gFrVsxrCd7
0,0.37822843,Negative,,,,,,0.26751718,Αναδεικνύονται οι αδυναμίες του Βόλου στη βιώσιμη κινητικότητα https://t.co/Dd0GMda5Bb
0,0.23564412,Negative,,,,,,0.12630214,Ισορροπία-αειφορία του περιβάλλοντος https://t.co/9MkbHqBqwX
1,0.72356695,Positive,,,,,,0.2576351,"Mega deal στην «πράσινη» ενέργεια μεταξύ Vodafone, MYTILINEOS και Centrica https://t.co/jnjcojzraj"
1,0.58573484,Positive,,,,,,0.215877,Ένα μεγάλο βήμα για το βιώσιμο περιβάλλον στα νησιά: 35.825 οικιακούς κομποστοποιητές θα μοιράσει ο ΦοΔΣΑ σε #Δημοκρατική #Ρόδος #Δωδεκάνησα https://t.co/stodYW2xXe
1,0.75877976,Positive,,,,,,0.19086073,"Επιτροπή Πρέβεζας: Ιστορία- Πολιτισμός-Περιβάλλον, Μνημεία του πολιτισμού μας σε κίνδυνο - https://t.co/es7GzuIE8k https://t.co/PQ45qmhYfL"
0,0.48718548,Negative,,,,,,0.2250409,"Άνθρωπος και φυσικό περιβάλλον
https://t.co/YeJeKSD8zi https://t.co/aBzY8XoID0"
0,0.052675888,Negative,,,,,,0.06860761,ΦΑΤΕ ΣΚΑΤΑ ... ΚΛΙΜΑΤΙΚΗ ΑΛΛΑΓΗ ....ΦΤΑΙΕΙ Η ΚΛΑΝΙΑ ΤΗΣ ΑΓΕΛΑΔΑΣ ΚΑΙ ΤΟ ΡΕΨΙΜΟ ΤΟΥ ΓΟΥΡΟΥΝΙΟΥ.... https://t.co/u9fTY6WC6W
0,0.2909607,Negative,,,,,,0.23845768,"Καλά δεν είναι μόνο ο Bruce Willis μια αφασία υπάρχει γενικά είτε είσαι εμβολιασμένος είτε όχι είναι από το τοξικό περιβάλλον που αναπνέουμε έτσι κι αλλιώς και τον τρόπο ζωής μας. Ζητείτε αγάπη και κατανόηση.. αλλά κάπου πήγε περίπατο..
https://t.co/ZNraFuEL1E via @mayroskoraks"
1,0.7284565,Positive,,,,,,0.29330465,Παρουσίαση του βιβλίου του Ζήση Αργυρόπουλου «Κλιματική αλλαγή: Προετοιμάζοντας τη Θεσσαλία» https://t.co/vg0PuSGLug μέσω @mouzakinews.gr https://t.co/sUrEDheXC6
0,0.21974282,Negative,,,,,,0.13672714,Προ-Συνέδριο: «Η συμβολή της κτηνοτροφίας στην ισορροπία-αειφορία του περιβάλλοντος» https://t.co/mLmZstOBAu
1,0.8390249,Positive,,,,,,0.19972154,Ά Γκερέκου: Ο τουρισμός παράγοντας ενδυνάμωσης των διεθνών σχέσεων-Χαιρετισμός της Προέδρου του ΕΟΤ σε διεθνές συνέδριο για τη βιώσιμη ανάπτυξη και την περιφερειακή ολοκλήρωση της Μεσογείου https://t.co/JlwFWgfKWP https://t.co/xDlF2sbUwX
1,0.78273445,Positive,,,,,,0.2273584,"Alumil: Στόχος η βιώσιμη ανάπτυξη με επενδύσεις σε ΑΠΕ και καινοτομία - Ρεπορτάζ και ειδήσεις για την Οικονομία, τις Επιχειρήσεις, το Χρηματιστήριο, την Πολιτική #mononewsGR https://t.co/3VxVk2R4nV"
0,0.19529623,Negative,,,,,,0.15812963,"[Βίντεο]

‼️ Στο περιβάλλον ακρίβειας, που φέρει τη σφραγίδα της κυβέρνησης Μητσοτάκη, οι καταναλωτές θα κληθούν να πληρώσουν ακόμα και… 4,5 ευρώ για μία λαγάνα https://t.co/jgLwoBVwib"
0,0.13888523,Negative,,,,,,0.1941133,Δήμος Κεντρικής Κέρκυρας: «Παίξε &amp; Κέρδισε Δώρα –  Η κλιματική αλλαγή είναι γεγονός!» - https://t.co/K2UrLAGhCB
1,0.81025565,Positive,,,,,,0.18336855,«Ο οδηγός δεν είχε επαφή με το περιβάλλον» λέει ο επιβάτης που έσωσε την πορεία του ΚΤΕΛ https://t.co/6AHlZEhPpa
1,0.8214842,Positive,,,,,,0.19305758,"Επιβάτης που έσωσε την πορεία του ΚΤΕΛ: «Ο οδηγός δεν είχε επαφή με το περιβάλλον, ήταν κάθιδρος» https://t.co/hti8HC6G8u #epivates #thessaloniki #ktel #odigos"
0,0.20588386,Negative,,,,,,0.13661155,RT @LykavitosGr: Βιώσιμη Ανάπτυξη και ESG στο Επίκεντρο των Αξιών της ΕΥΔΑΠ  #ΕΥΔΑΠ https://t.co/LE539dPyQx
0,0.23995224,Negative,,,,,,0.17151998,RT @LykavitosGr: Βιώσιμη Ανάπτυξη και ESG στο Επίκεντρο των Αξιών της ΕΥΔΑΠ  #ΕΥΔΑΠ https://t.co/LE539dPyQx
1,0.66543525,Positive,,,,,,0.17179899,"Η κλιματική κρίση απειλεί και την τεκίλα,
https://t.co/B1eBocbfYj,"
1,0.77589196,Positive,,,,,,0.24120508,"Alumil: Στόχος η βιώσιμη ανάπτυξη με επενδύσεις σε ΑΠΕ και καινοτομία,
https://t.co/qr9BTGjSnG,"
1,0.9364118,Positive,,,,,,0.111684784,"#EE: Μετάβαση στην καθαρή ενέργεια και προστασία των οικοσυστημάτων για μεγαλύτερη βιωσιμότητα και ανθεκτικότητα

https://t.co/HlItHr6LC3

#περιβάλλον https://t.co/9gmXlGEcgz"
0,0.36383972,Negative,,,,,,0.22834231,"Κλιματική Κρίση: Συναγερμός στην επιστημονική κοινότητα για την Ανταρκτική,
https://t.co/YBZtqQGT3Z,"
0,0.32139766,Negative,,,,,,0.23993073,Κλιματική αλλαγή: Η Δανία ετοιμάζει φόρο άνθρακα στο βοδινό και τα γαλακτοκομικά - https://t.co/6Xx43DRWmd https://t.co/xrS6YtxxeX
0,0.28640634,Negative,,,,,,0.21890141,Κλιματική αλλαγή: Η Δανία ετοιμάζει φόρο άνθρακα στο βοδινό και τα γαλακτοκομικά - https://t.co/Xtdvdnfy22 https://t.co/51vwQ3qCf1
1,0.87428075,Positive,,,,,,0.21374273,"RT @Vkikilias: Στόχος μας είναι αυτό που ονομάζουμε βιώσιμο τουριστικό προϊόν. 

Πριν 5 μέρες ήμουν στη Ρόδο για το μεγάλο έργο της Περιφέρ…"
1,0.62931776,Positive,,,,,,0.2701318,"RT @Vkikilias: Η επιτυχία του τουρισμού συμβάλλει στη βιώσιμη ανάπτυξη &amp; στη κοινωνική συνοχή. 

Η κυβέρνηση διαθέτει σημαντικό μέρος από τ…"
1,0.7951229,Positive,,,,,,0.16146716,Η κλιματική κρίση απειλεί και το ποτό μαργαρίτα - https://t.co/7WsRYKgMwN https://t.co/38EHxk2gjD
1,0.7229255,Positive,,,,,,0.24657087,Βασίλης Κικίλιας: «Η επιτυχία του τουρισμού συμβάλλει στη βιώσιμη ανάπτυξη και στη κοινωνική συνοχή» https://t.co/eceUiDXCN8 https://t.co/OLntA3M3ZG
1,0.95698875,Positive,,,,,,0.07254181,"Επίσκεψη του Υφυπουργού Εσωτερικών (Μακεδονίας - Θράκης) στην Πυροσβεστική Υπηρεσία-Καλαφάτης: «Με αυταπάρνηση, αφοσίωση στο καθήκον και ανθρωπιά, το προσωπικό της Πυροσβεστικής Υπηρεσίας προστατεύει τους πολίτες, την περιουσία τους και το περιβάλλον» https://t.co/UGFm3GDJks https://t.co/Abn3ymNROs"
0,0.48456913,Negative,,,,,,0.2966865,Κικίλιας: Υψηλότερες το 2023 οι επιδόσεις του τουρισμού - Η επιτυχία του συμβάλλει στη βιώσιμη ανάπτυξη https://t.co/g801XBVKNd
1,0.6685973,Positive,,,,,,0.22852817,".@Vkikilias: Η επιτυχία του τουρισμού συμβάλλει στη βιώσιμη ανάπτυξη και στη κοινωνική συνοχή

https://t.co/pwiUhTD2mT"
1,0.5906607,Positive,,,,,,0.26490858,Κικίλιας: «Η επιτυχία του τουρισμού συμβάλλει στη βιώσιμη ανάπτυξη και στη κοινωνική συνοχή» https://t.co/KTj2AtmEQQ
0,0.153888,Negative,,,,,,0.09362107,ΖΟΟΜ ΣΤΗΝ ΕΠΙΚΑΙΡΟΤΗΤΑ:ΠΕΡΙΒΑΛΛΟΝ ΚΑΙ ΗΛΕΚΤΡΙΚΟ ΑΥΤΟΚΙΝΗΤΟ.. https://t.co/I6gU8vblUc
0,0.30759186,Negative,,,,,,0.15844052,"Προσυνεδριακή #Ημερίδα με θέμα: «Η #συμβολή της #κτηνοτροφίας στην ισορροπία-#αειφορία του #περιβάλλοντος.»
https://t.co/9O9eTRntkZ"
0,0.17566186,Negative,,,,,,0.20690104,Σ. Ζαχαράκη: Ο βιώσιμος τουρισμός και ο τοπικός χαρακτήρας στο επίκεντρο της ανάπτυξης https://t.co/6cRXigwdB9
0,0.072858244,Negative,,,,,,0.10717169,Είναι στο χέρι μας να σταματήσουμε την κλιματική αλλαγή; Ψηφίστε στο νέο poll του Act for Earth - https://t.co/fTCfYZrFDl https://t.co/4nMSZK50HK
0,0.16473967,Negative,,,,,,0.17031744,Σοφία Ζαχαράκη: Ο βιώσιμος τουρισμός και ο τοπικός χαρακτήρας στο επίκεντρο της ανάπτυξης https://t.co/KvEJr1d1sL https://t.co/5ZlwFQEdAf
1,0.7612214,Positive,,,,,,0.21902475,Κικίλιας: Η επιτυχία του τουρισμού συμβάλλει στη βιώσιμη ανάπτυξη και στη κοινωνική συνοχή #Δημοκρατική #Ρόδος #Δωδεκάνησα https://t.co/vJ0VKUCilU
0,0.16166937,Negative,,,,,,0.17591873,ΓΙΑΤΡΟΣ ΜΕ ΠΤΥΧΙΟ ΑΠΟ ΤΗΝ ΖΙΜΠΑΜΠΟΥΕ ΑΓΟΡΑΣΜΕΝΟ ΜΕ ΕΝΑ ΤΕΝΕΚΕ ΛΑΔΙ...ΞΕΧΑΣΕ ΤΟ ΠΙΟ ΣΥΜΑΝΤΙΚΟ ...ΤΗΝ ΚΛΙΜΑΤΙΚΗ ΑΛΛΑΓΗ ΑΠΟ ΤΟ ΚΛΑΣΙΜΟ ΤΩΝ ΑΓΕΛΑΔΩΝ.... https://t.co/AoGozEBgSR
0,0.2717005,Negative,,,,,,0.15152328,"Επικεφαλής Μυστικών Υπηρεσιών της Ουκρανίας: «Έχουμε πράκτορες στο περιβάλλον του Πούτιν»

https://t.co/nH8CKfdc48"
1,0.9100786,Positive,,,,,,0.101796895,"Γ. Αρβανιτίδης: «Πράσινη Επιχειρηματικότητα και Κυκλική Οικονομία, τα μεγάλα στοιχήματα του αύριο»
#Αρβανιτίδης #επιχειρηματικότητα #ΠΑΣΟΚ
https://t.co/u14lrNGqXk"
0,0.30110207,Negative,,,,,,0.22918814,"Ουσίες, που ονομάζονται «παντοτινά χημικά», και οι οποίες δεν διασπώνται στο περιβάλλον, συσσωρεύονται στο σώμα μας... 
https://t.co/3SDCESf7m2"
0,0.21932505,Negative,,,,,,0.22155204,PFAS: Επικίνδυνοι «αιώνιοι ρύποι» μολύνουν την Ευρώπη https://t.co/6Y5Gp0gTV4 #ΑΡΘΡΑ #PFAS #ΚΙΝΔΥΝΟΣ #ΠΕΡΙΒΑΛΛΟΝ #ΥΓΕΙΑ By https://t.co/p9zfHynwcm https://t.co/fFMmV2AmlW
0,0.17018895,Negative,,,,,,0.16480808,Ουκρανία - Μπουντάνοφ: Έχουμε μυστικούς πράκτορες στο στενό περιβάλλον του Πούτιν - https://t.co/Z2teMJZ7ql https://t.co/LqX1NHT9im
0,0.19561358,Negative,,,,,,0.17210348,[Κλικ και διαβάστε στο cnn] #Ουκρανία - Μπουντάνοφ: Έχουμε μυστικούς πράκτορες στο στενό περιβάλλον του  #Πούτιν https://t.co/BZEldZobuE
1,0.903477,Positive,,,,,,0.14811964,Ισχυροποιείται η παρουσία της Τράπεζας Χανίων στις Ανανεώσιμες Πηγές Ενέργειας. https://t.co/mGdgWDqF78
0,0.1888748,Negative,,,,,,0.18199064,"Dataphoria: Όταν η προσπάθεια για αειφορία επιβραβεύεται! - https://t.co/eiOPQNSsIs https://t.co/MQlP6J89Wr 
#Dataphoria #Lidl_Ελλάς #Lidl #Αειφορία"
0,0.23785466,Negative,,,,,,0.30570742,"Ώρα μηδέν για το περιβάλλον, ώρα μηδέν για την ενεργειακή ασφάλεια της χώρας και των πολιτών της https://t.co/6uARH2tWnl μέσω @mouzakinews.gr"
1,0.8754727,Positive,,,,,,0.15777284,RT @Lnzlpd: Τώρα που θα φύγετε τριήμερο μην ξεχάσετε πως εκεί που θα πάτε θα στουμπώσει ο κωλος σας γιατι αλλάξατε περιβάλλον 😁🎈
0,0.45019016,Negative,,,,,,0.26021698,Deutsche Bank: Θα φτάσει το φυσικό αέριο και το 2023; - Τι γίνεται με τις ανανεώσιμες πηγές ενέργειας https://t.co/zLkkpRiRJp
0,0.058710307,Negative,,,,,,0.07479159,Κάποιοι φελλοί μιλάνε για πλανηταρχες και Αμερικανούς κυρίαρχους....ετσι και κλάσουν όλοι μαζί οι Κινέζοι εκεί θα δείτε τι σήμαινει κλιματική αλλαγή χημικός πόλεμος ...υπερδυναμη https://t.co/vEEKS4ZuEm
0,0.102970734,Negative,,,,,,0.11957845,Greenpeace: Οι συνέπειες που έχει στο φυσικό περιβάλλον ο πόλεμος στην Ουκρανία - https://t.co/W3X7Rutsur https://t.co/EysdKYLZ4U
1,0.60933363,Positive,,,,,,0.27475357,Πράσινη ενέργεια των εκκατομυρίων ευρώ που μπαίνουν σε συγκεκριμένες τσέπες μόνο... https://t.co/a4D5CKrJQr
0,0.4729022,Negative,,,,,,0.16280036,Ένθετο Τουρισμός: Η Ρόδος ως βιώσιμο τουριστικό μοντέλο https://t.co/2o6FK8TfFb
1,0.7112002,Positive,,,,,,0.23412247,Κλιματική αλλαγή: Κλειστό για πρώτη φορά το μεγαλύτερο φυσικό παγοδρόμιο στον κόσμο - Δεν έχει πάγο - https://t.co/SUHXu1fa3c https://t.co/uJRtegw2Hp
0,0.0980998,Negative,,,,,,0.11959797,"Ανησυχητική η μετεωρολογική κατάσταση στη #Γαλλία εδώ και 2 χρόνια - Τι ισχύει για την #Ελλάδα και πού έχει να βρέξει σχεδόν ένα μήνα

https://t.co/NHGTJcYxf8

#περιβάλλον https://t.co/vUluK5pSum"
0,0.045453917,Negative,,,,,,0.07182785,"Κλιματική κρίση: Η Γαλλία αντιμέτωπη με την ξηρασία - Έχει σχεδόν ένα μήνα να βρέξει στην Ελλάδα 
#κλιματικη_κριση
https://t.co/Xti5N8AnPW"
0,0.14719284,Negative,,,,,,0.123152204,"💩☠️Σε λίγο στα πιστοποιητικά των ξαφνικών θανάτων θα αναγράφεται ως αίτιο η ""κλιματική αλλαγή"" με σφραγίδα Greta..."
0,0.06026293,Negative,,,,,,0.05858493,RT @TheOpinion_News: iSea: Προστατέψτε το θαλάσσιο περιβάλλον – Τί να μην καταναλώσετε την Καθαρά Δευτέρα https://t.co/WpIlDi4xfX #Thessalo…
1,0.5157648,Positive,,,,,,0.25655648,Δημ. Σακίπης: «Το “Rhodes Co-lab” θα μετατρέψει το νησί στον  πρώτο βιώσιμο τουριστικό προορισμό παγκοσμίως» #Δημοκρατική #Ρόδος #Δωδεκάνησα https://t.co/zszWJ9eM0E
1,0.61800086,Positive,,,,,,0.262587,Xiaomi: Αξιολόγηση του ανθρακικού αποτυπώματος των προϊόντων της και ευαισθητοποίηση για βιώσιμη διαβίωση https://t.co/U1xc6Evwr2 https://t.co/KMS6FAlRVm
0,0.41413757,Negative,,,,,,0.20465036,Κλιματική αλλαγή: Γενετικά τροποποιημένo δάσος φυτεύτηκε για πρώτη φορά στις ΗΠΑ - https://t.co/lDCoD53xpB https://t.co/VT2BozHeCU
0,0.43553367,Negative,,,,,,0.2276592,Κλιματική αλλαγή: Γενετικά τροποποιημένo δάσος φυτεύτηκε για πρώτη φορά στις ΗΠΑ - https://t.co/tppAh2SP2x https://t.co/mdCpVkZCPT
0,0.2440377,Negative,,,,,,0.16089673,"Αυτό θα είναι αυτό το νέο περιβάλλον χρήσης των #Windows12; 
https://t.co/MfxNoLUJ5j https://t.co/P6WdVeEf2h"
0,0.42842248,Negative,,,,,,0.34427157,Κ. Καραμανλής: Η μετάβαση στις πράσινες μεταφορές προϋποθέτει επενδύσεις και ισχυρό νομοθετικό - ρυθμιστικό περιβάλλον - https://t.co/9Hv55gs9b6
0,0.41349807,Negative,,,,,,0.30728346,"Η μετάβαση στις πράσινες μεταφορές προϋποθέτει επενδύσεις και ισχυρό νομοθετικό - ρυθμιστικό περιβάλλον, τόνισε ο υπουργός https://t.co/9aOkIL9TzO"
0,0.075371265,Negative,,,,,,0.104333326,"Καθηγητές του Πανεπιστημίου του Leeds προτείνουν δελτίο τροφίμων και καυσίμων, τύπου Β' Παγκοσμίου Πολέμου, για να σταματήσει η κλιματική αλλαγή https://t.co/TDMrPClGuK"
1,0.5142356,Positive,,,,,,0.30735955,"Το Δημοτικό Συμβούλιο Χανίων ζητά να μην εγκριθούν τα σχέδια της σχεδιαζόμενης επένδυσης στην παραλία στη Φαλάσαρνα, καθώς πλήττεται το περιβάλλον αλλά και το δικαίωμα στην ελεύθερη πρόσβαση των πολιτών… https://t.co/oku0e9j95B"
0,0.21061517,Negative,,,,,,0.17651509,Νομοσχέδιο για το περιβάλλον προκαλεί ντελίριο σε ΜΚΟ https://t.co/UfqnjTeTiU
1,0.8139896,Positive,,,,,,0.17298383,Καιρός: Έρχονται λασποβροχές https://t.co/a0RZ9hVvws
0,0.09117475,Negative,,,,,,0.11497204,"Χαράλαμπος Σημαντώνης (Ένωση Ναυτιλίας Μικρών Αποστάσεων): Να δοθούν κίνητρα για τη πράσινη μετάβαση της shortsea - Ρεπορτάζ και ειδήσεις για την Οικονομία, τις Επιχειρήσεις, το Χρηματιστήριο, την Πολιτική #mononewsGR https://t.co/hHRrnRJ2Fw"
0,0.4743049,Negative,,,,,,0.327268,Καραμανλής: Η μετάβαση στις πράσινες μεταφορές προϋποθέτει επενδύσεις και ισχυρό νομοθετικό περιβάλλον https://t.co/OlJKbpqpWd #businessnewsgr
0,0.4601408,Negative,,,,,,0.2264328,"5 + 1 μικροαλλαγές στη ρουτίνα σας που θα βοηθήσουν εσάς και το περιβάλλον 
https://t.co/X3YhQQFUN0"
1,0.9627977,Positive,,,,,,0.056814123,RT @Moneypressgr: Παραγωγή ενέργειας από ανανεώσιμες και εναλλακτικές πηγές  #moneypress https://t.co/SPUn8bn6tx https://t.co/t1esUjHPXB
1,0.9185657,Positive,,,,,,0.12830785,Παραγωγή ενέργειας από ανανεώσιμες και εναλλακτικές πηγές  #moneypress https://t.co/SPUn8bn6tx https://t.co/t1esUjHPXB
0,0.3677468,Negative,,,,,,0.2755364,"Δ. Γαλαμάτης: Ανάγκη αντιμετώπισης της παραπληροφόρησης στο σύγχρονο ψηφιακό περιβάλλον

https://t.co/93Zwi9prkP https://t.co/7yPdHqaHIo"
1,0.74427676,Positive,,,,,,0.16441765,RT @Moneypressgr: Κλιματική αλλαγή: Ποιες χώρες είναι οι πιο ευάλωτες  #moneypress https://t.co/Xmty7G5IEs
1,0.75929266,Positive,,,,,,0.15360044,Κλιματική αλλαγή: Ποιες χώρες είναι οι πιο ευάλωτες  #moneypress https://t.co/Xmty7G5IEs
0,0.354935,Negative,,,,,,0.2964925,Η Περιφέρεια Κεντρικής Μακεδονίας μέλος της πρωτοβουλίας Ευρωπαϊκών Πόλεων και Περιφερειών που στηρίζουν την κυκλική οικονομία - https://t.co/eRdyC6Q1nY
1,0.6153515,Positive,,,,,,0.20505325,"RT @KBakoyannis: Πράσινη ενέργεια, μηδενική εκπομπή ρύπων,βιώσιμη κινητικότητα. Βαρύγδουπες έννοιες.Η βασική μετάβαση που απαιτεί η κλιματι…"
0,0.1752014,Negative,,,,,,0.19344361,ΑΠΑΤΗ η «κλιματική αλλαγή» στην πλάτη ανθρώπων που μετατρέπονται σε ΣΚΛΑΒΟΥΣ;;; Video ΣΟΚ https://t.co/TMxy7AxNlZ
0,0.15322043,Negative,,,,,,0.12917487,ΦΤΑΙΕΙ Η ΚΛΙΜΑΤΙΚΗ ΑΛΛΑΓΗ....ΟΧΙ ΤΟ ΕΝΦΟΛΙΟ.... https://t.co/1b6MUbA01C
0,0.09070713,Negative,,,,,,0.11889237,"ΚΑΜΜΕΝΗ ΦΛΑΝΤΖΑ....Πανεπιστήμιο Leeds: Δελτίο τροφίμων και καυσίμων, τύπου Β’ ΠΠ, για να σταματήσει η ..κλιματική αλλαγή!"
1,0.6922948,Positive,,,,,,0.311905,"Γεωργιάδης: Όσο αυξάνεται στο ενεργειακό μείγμα η πράσινη ενέργεια, η βιομηχανία μας θα γίνεται πιο ανταγωνιστική - Ρεπορτάζ και ειδήσεις για την Οικονομία, τις Επιχειρήσεις, το Χρηματιστήριο, την Πολιτική #mononewsGR https://t.co/y59AjE4Clw"
1,0.53276706,Positive,,,,,,0.27897787,[Κλικ και διαβάστε στο cnn] #Γεωργιάδης: Η πράσινη ενέργεια θα κάνει πιο ανταγωνιστική την ελληνική  #Βιομηχανία https://t.co/UFDOPJOWry
0,0.10447506,Negative,,,,,,0.08674377,"Ανδρέας Μικρούτσικος: Αποσωληνώθηκε και επικοινωνεί με το περιβάλλον ο παρουσιαστής

https://t.co/GjhblHd0V6"
0,0.27421084,Negative,,,,,,0.16731703,Κυκλική Οικονομία: Ώρα για δράση αλλά με ποιους και με ποιο τρόπο https://t.co/ki9j55Ka29
1,0.69359255,Positive,,,,,,0.2819573,"Άδ. Γεωργιάδης: «Όσο αυξάνεται στο ενεργειακό μείγμα η πράσινη ενέργεια, η βιομηχανία μας θα γίνεται πιο ανταγωνιστική» https://t.co/24huj1WST3"
0,0.4429667,Negative,,,,,,0.25662392,Δίκαιο της Δόμησης - Προς μια βιώσιμη δόμηση και κτηριακή ανάπτυξη https://t.co/X0HBgROEEX
0,0.38539067,Negative,,,,,,0.20828702,"RT @Dcosfp7: @pronews9 Δεν Λησμονούμε και την άλλη Παρωδία του ""Οφσοράκια"" Καραμανλή με τα Αστικά Σύγχρονα δήθεν Λεοφορεία που ήθελε να Προ…"
0,0.052446757,Negative,,,,,,0.104953654,"@GeorgeTsarnas @HardCan75384103 Δε ξέρετε ξέρουμε τι συνέβη και μη ξεχνάτε πως ο Άγιος χαντα αποκάλεσε Στάθη και αυτόν σκουπίδια 
Ελάτε εσείς όλοι να συγκ με άτομα σε περιβάλλον με έλλειψη πείνας (σχετικό) και να σας αποκαλεί Καπιος Σκουπίδι 
Κρίνουμε βάση από μονταρισμένα πλάνα"
0,0.14222123,Negative,,,,,,0.11750244,Υποβάθμισε το περιβάλλον στη λίμνη Κάρλα από τα απόβλητα των βοοειδών https://t.co/XUwKUrsQTV
1,0.6637488,Positive,,,,,,0.26656225,Το Ότι οι κρατικοί φορείς ήταν υπεύθυνοι για την ασφάλεια των τρένων δεν σημαίνει ότι η Hellenic trains είναι άμοιρη ευθυνών ! Τι έκανε για να κινεί τα τρένα της σε ασφαλές περιβάλλον τόσα χρόνια ; https://t.co/5aTTS1L0lq
1,0.5105531,Positive,,,,,,0.25093868,Θεσσαλονίκη – 25ο ΦΝΘ: Δύο ντοκιμαντέρ για τον άνθρωπο και το περιβάλλον με το βλέμμα του Σωτήρη Δανέζη - Documento https://t.co/JCz0atOopE
1,0.62776685,Positive,,,,,,0.30386156,"25ο Φεστιβάλ Ντοκιμαντέρ Θεσσαλονίκης

Δύο ντοκιμαντέρ για τον άνθρωπο και το περιβάλλον με το βλέμμα του @SotirisDanezis 

https://t.co/FLxlStfgK5

#TiDF25"
1,0.80229294,Positive,,,,,,0.2059385,"Η συμφωνία που επιτεύχθηκε στα Ηνωμένα Έθνη για την πρώτη διεθνή συνθήκη για την προστασία της ανοικτής θάλασσας είναι «μια ιστορική στιγμή για τους ωκεανούς μας», δήλωσε σήμερα ο Ευρωπαίος επίτροπος για το Περιβάλλον Βιργκίνιους Σινκεβίτσιους,

https://t.co/o1gmM0PsIG"
1,0.9141577,Positive,,,,,,0.11126588,"""Ιστορική στιγμή"" η συμφωνία για την προστασία των ωκεανών, δηλώνει ο επίτροπος της ΕΕ για το Περιβάλλον @VSinkevicius

https://t.co/FznuqMQP9B 

https://t.co/ujCVUtXskk https://t.co/FmN0TYF4hn"
1,0.9222421,Positive,,,,,,0.12736584,Γερμανία: Οργή του πολιτικού κόσμου για δράση των ακτιβιστών για το κλίμα https://t.co/3eeKqxECDE
1,0.86863714,Positive,,,,,,0.18525341,"ΟΗΕ-ΕΕ: ""Ιστορική στιγμή"" η συμφωνία για την προστασία των ωκεανών, δηλώνει ο επίτροπος της ΕΕ για το Περιβάλλον
https://t.co/pLzozs5SvY"
0,0.4672777,Negative,,,,,,0.28298542,"25ο ΦΝΘ: Δύο ντοκιμαντέρ για τον άνθρωπο και το περιβάλλον με το βλέμμα του Σ. Δανέζη,
https://t.co/oNY2fW0aXq,"
0,0.4196211,Negative,,,,,,0.23489332,Ολοκληρώθηκε το Σεμινάριο του Περιφερειακού Δικτύου Περιβαλλοντικής Εκπαίδευσης «Αλλά..Ζω για το Κλίμα» που οργάνωσε στις 3 και 4 Μαρτίου 2023 το Κέντρο Εκπαίδευσης για το Περιβάλλον και την Αειφορία Βάμου.  https://t.co/10e4UEE6KN
0,0.43477666,Negative,,,,,,0.3110279,"Η #Ιαπωνια θέλει ν΄απορρίψει στη θάλασσα 1,3 εκατομμύρια τόνους μολυσμένου νερού από #πυρηνικα! Αποκαλυπτική μόλυνση των ωκεανών! ''και πολλοί των ανθρώπων απέθανον εκ των υδάτων, ότι επικράνθησαν...'' #περιβαλλον #Αποκαλυψη #nuclear #Japon https://t.co/7H9s1tl7Be"
0,0.39429504,Negative,,,,,,0.2707427,"Η #Ιαπωνια θέλει ν΄απορρίψει στη θάλασσα 1,3 εκατομμύρια τόνους μολυσμένου νερού από #πυρηνικα! Αποκαλυπτική μόλυνση των ωκεανών! ''και πολλοί των ανθρώπων απέθανον εκ των υδάτων, ότι επικράνθησαν...'' #περιβαλλον #Αποκαλυψη #nuclear #Japon 
https://t.co/7H9s1tl7Be"
1,0.85603994,Positive,,,,,,0.113686316,Επίτροπος ΕΕ για το Περιβάλλον: «Ιστορική στιγμή» η συμφωνία για την προστασία των ωκεανών https://t.co/kT8y8xocfl
1,0.5711093,Positive,,,,,,0.2595009,"Περιφέρεια Αττική: Με 100% ευρωπαϊκή χρηματοδότηση η «πράσινη» ανάπλαση του Φαληρικού Όρμου - Ρεπορτάζ και ειδήσεις για την Οικονομία, τις Επιχειρήσεις, το Χρηματιστήριο, την Πολιτική #mononewsGR https://t.co/XEvfDbJaD4"
1,0.5518498,Positive,,,,,,0.33373636,"Μαρίνα Χατζημανώλη στο 6ο Ετήσιο Φόρουμ Κυπριακής Ναυτιλίας Capital Link: Προτεραιότητά μας η μετάβαση σε μια πράσινη και ψηφιακή ναυτιλία - Ρεπορτάζ και ειδήσεις για την Οικονομία, τις Επιχειρήσεις, το Χρηματιστήριο, την Πολιτική #mononewsGR https://t.co/EyS1PKGTjg"
1,0.6254593,Positive,,,,,,0.21258235,Αγρίνιο:Ενημερωτική ημερίδα για το αύριο του πρωτογενή τομέα στην Αιτ/νια και την κλιματική αλλαγή https://t.co/Ho5BfV8Jqm https://t.co/8lwIa5j1JI
1,0.90516746,Positive,,,,,,0.15532123,Εργαστήρια επιχειρηματικότητας στον τομέα της Κυκλικής Οικονομίας για μηχανικούς και επιστήμονες στο πλαίσιο του έργου “ENGINE-HUBs” - https://t.co/eiOPQNSsIs #Εργαστήρια_Επιχειρηματικότητας #Κυκλική_Οικονομία https://t.co/uSxz5anyTS
0,0.2376791,Negative,,,,,,0.1861168,Ημερίδα για τους εκπαιδευτικούς «Προβληματικές συμπεριφορές στο σχολικό περιβάλλον: η σημασία της πρόληψης και της έγκαιρης αντιμετώπισης» https://t.co/1VRq8QkPuC
0,0.21288286,Negative,,,,,,0.16069104,"Τα #πλαστικά που ρυπαίνουν τους ωκεανούς μπορεί σχεδόν να τριπλασιαστούν ως το 2040

https://t.co/UHQkvBfzPr

#περιβάλλον https://t.co/bAkyMjedzZ"
1,0.7291055,Positive,,,,,,0.23090427,"Ο διοικητής του Γενικού Νοσοκομείου της Λάρισας δήλωσε πως κανείς από το περιβάλλον της δεν έχει έρθει σε επαφή με το νοσοκομείο #Τέμπη #Τεμπη_εγκλημα_Μητσοτακη #Μητσοτακη_ΔΟΛΟΦΟΝΕ #μητσοτακη_παραιτησου 
https://t.co/MK7ynyPV3L"
0,0.49891526,Negative,,,,,,0.20022722,Κλιματική κρίση: Βροχοπτώσεις τέλος – Αντιμέτωπη με τη λειψυδρία φέτος η Ευρώπη #Δημοκρατική #Ρόδος #Δωδεκάνησα https://t.co/9z8SU6X8eX
0,0.10022621,Negative,,,,,,0.14274207,"Η δημοσιονομική πολιτική για το 2024 πρέπει να διασφαλίζει τη βιωσιμότητα του χρέους και τη βιώσιμη και χωρίς αποκλεισμούς ανάπτυξη, τονίζει η Ευρωπαϊκή Επιτροπή @EU_Commission 

https://t.co/umOwgDVjQV https://t.co/1url7lZp0o"
1,0.7086151,Positive,,,,,,0.19524473,Όμιλος Αστυνομικών Θεσσαλονίκης: Ημερίδα με θέμα την Κλιματική Αλλαγή και τον Σχολικό εκφοβισμό - https://t.co/eiOPQNSsIs https://t.co/uNaD6acKQZ  #Ημερίδα #Κλιματική_Αλλαγή #Όμιλος_Αστυνομικών_Θεσσαλονίκης #Σχολικός_Εκφοβισμός
1,0.72989273,Positive,,,,,,0.29564247,"Η Ελληνικός Χρυσός υλοποιεί μία από τις μεγαλύτερες, άμεσες ξένες επενδύσεις στην Ελλάδα, με σεβασμό στο φυσικό περιβάλλον. https://t.co/Wdy88hfqvR"
0,0.4557753,Negative,,,,,,0.1957548,Meliá Hotels International: Ο πιο βιώσιμος ξενοδοχειακός Όμιλος παγκοσμίως για το 2022 από την S&amp;P Globa #Δημοκρατική #Ρόδος #Δωδεκάνησα https://t.co/gZGuE25CCJ
1,0.7944976,Positive,,,,,,0.17358088,"ΕΤΕπ: Έργα 17,06 δισ. ευρώ στη βιώσιμη ενέργεια το 2022 εντός ΕΕ https://t.co/B4aAQ0cteT #businessnewsgr"
0,0.27313593,Negative,,,,,,0.16084707,2ο ΓΥΜΝΑΣΙΟ Αργοστολίου : H ενημερωτική δράση για το περιβάλλον https://t.co/Ff7jfUbLaj
1,0.59515494,Positive,,,,,,0.23166457,Περιφέρεια Θεσσαλίας: Έκτακτο δελτίο επιδείνωσης του καιρού https://t.co/7495IvtDsy
1,0.8427637,Positive,,,,,,0.15159401,Είναι η Νέα Υόρκη τόσο βιώσιμη όσο πριν από την πανδημία; https://t.co/IH3D52gJSg
0,0.28745565,Negative,,,,,,0.2910911,ΚΑΠ: Ο κομβικός ρόλος της ευρωπαϊκής αγροτικής πολιτικής για ένα βιώσιμο σύστημα τροφίμων https://t.co/p8BLfxEznm
0,0.2607773,Negative,,,,,,0.22760662,Τραγωδία στα Τέμπη - Σάλος με μαρτυρία σχετικά με την υγεία του μηχανοδηγού - Διαψεύδει το περιβάλλον του - Hellenic Train: Αβάσιμες οι ειδήσεις https://t.co/0KJeNFij6I
1,0.54542524,Positive,,,,,,0.16844259,Cenergy: Αισιοδοξία για τα επόμενα χρόνια – Βιώσιμη κερδοφορία προσφέρει το υψηλό ανεκτέλεστο https://t.co/YA6Zt9EYFh
0,0.19272572,Negative,,,,,,0.14135858,Ξύπνησαν οι αρκούδες στο Νυμφαίο https://t.co/q2dHxJli6T #ΖΩΑ #ΠΕΡΙΒΑΛΛΟΝ https://t.co/FepzwyCFc0
0,0.22834419,Negative,,,,,,0.21585283,Γενική συνέλευση και κοπή πίτας για τους «Πολίτες Μαγνησίας για την υγεία και το περιβάλλον» https://t.co/P6Q9WnpcKW
1,0.6539783,Positive,,,,,,0.23095073,Ορσαλία Παρθένη: Αειφορία στη μόδα και την Parthenis #mononewsGR https://t.co/qvK6pbuwud
0,0.2714171,Negative,,,,,,0.14111888,H περικύκλωση και ο περιορισμός του Πεκίνου δεν αποτελεί βιώσιμη στρατηγική για τις ΗΠΑ https://t.co/dOZKsxuRjN
0,0.33568487,Negative,,,,,,0.20987038,ΚΛΙΜΑΤΙΚΗ ΑΛΛΑΓΗ ....ΚΑΙ ΚΟΨΤΕ ΤΑ ΑΥΓΑ https://t.co/m9mtQSUzkB
1,0.6371703,Positive,,,,,,0.23981856,Μεταλλευτική δραστηριότητα με σεβασμό για το φυσικό περιβάλλον - https://t.co/RBJ4pAPCaK
0,0.13749042,Negative,,,,,,0.13372219,ΚΚΕ – Πρόσκληση σε τρεις συζητήσεις για το περιβάλλον με ομιλητή τον Αντώνη Ραλλάτο https://t.co/XjTf24FCgY
0,0.25421262,Negative,,,,,,0.18731114,Ελληνικός Χρυσός: Ανάπτυξη με σεβασμό στο περιβάλλον https://t.co/duLNjZv2OG
1,0.90821683,Positive,,,,,,0.11504913,Προς επαναξιολόγηση και αναθεώρηση το Ειδικό Χωροταξικό Πλαίσιο για τις Ανανεώσιμες Πηγές Ενέργειας https://t.co/bGu9r3UDbL
1,0.66322947,Positive,,,,,,0.30804348,"«Η κατάσταση δεν είναι ούτε ηθική ούτε βιώσιμη και δεν μπορεί να συνεχιστεί. Είναι άδικο για τον βρετανικό λαό, ο οποίος διαχρονικά έχει ανοίξει τα σπίτια του σε γνήσιους πρόσφυγες, τώρα να είναι υποχρεωμένος να ξοδεύει περίπου 6 εκατομμύρια στερλίνες

https://t.co/mlXWdmlaSp"
1,0.6051055,Positive,,,,,,0.21419568,Αειφόρος Ήπειρος: Οι 4 άξονες για βιώσιμη αγροτική ανάπτυξη στην Ήπειρο - https://t.co/HDeNyRzh0P https://t.co/75YIl3PoAk
0,0.32322928,Negative,,,,,,0.17766675,"Εκδήλωση του ΜέΡΑ25 για τη ""ζούγκλα"" στο εργασιακό περιβάλλον - https://t.co/mcK3RB6man https://t.co/zZrkOs7xLC"
1,0.6816052,Positive,,,,,,0.22926237,"📢 Ο Μπάιντεν προστατεύει περιοχή στην Αλάσκα και δίνει άδεια για άντληση πετρελαίου από άλλη
#ΑΛΑΣΚΑ #ΗΠΑ #ΠΕΡΙΒΑΛΛΟΝ #ΤΖΟΜΠΑΙΝΤΕΝ

https://t.co/7UoxvMbi9b"
0,0.4684536,Negative,,,,,,0.28304505,"Εκδήλωση με τίτλο: Μεταναστευτική κρίση στην Ευρώπη και το υπό διαμόρφωση, νέο θεσμικό, κοινωνικό και πολιτικό περιβάλλον https://t.co/z0wTg3hXGG"
1,0.6065275,Positive,,,,,,0.24863906,RT @TheOpinion_News: Φάμμελος για Μητσοτάκη: «Ρουσφέτια που υποβαθμίζουν τις ενεργειακές κοινότητες και το ελληνικό φυσικό περιβάλλον» http…
1,0.6044736,Positive,,,,,,0.26059797,Στον Βόλο για το περιβάλλον και τη δημόσια υγεία αντιπροσωπεία της συμμαχίας «Πράσινο &amp; Μωβ» https://t.co/XyBV4BSz5i
1,0.73177695,Positive,,,,,,0.2880862,"Αγοραστός στο CNN Greece: Στρατηγική μας, η πράσινη ενέργεια να γίνει πράσινη συνέργεια https://t.co/IxU9yrZS2e"
0,0.05503945,Negative,,,,,,0.08425192,"RT @GPapasotiriou: Την ""οριστική απόσυρση του νομοσχεδίου-εκτρώματος"" (για το περιβάλλον) ζητάει στο κύριο άρθρο της η «Καθημερινή», αναφέρ…"
0,0.08101047,Negative,,,,,,0.10612371,ΟΟΟΟΟΟΧΙ!!!!......ΔΕΝ ΦΤΑΙΕΙ ΤΟ ΕΝΦΟΛΙΟ.....ΦΤΑΙΕΙ  Η ΚΛΙΜΑΤΙΚΗ ΑΛΛΑΓΗ ....ΚΑΙ ΤΑ ΑΥΓΑ..... https://t.co/uMU6oi7DyR
0,0.15070766,Negative,,,,,,0.11378234,Φωτογραφικές διατάξεις στο πολυνομοσχέδιο για το περιβάλλον | Καθημερινή https://t.co/gNaLG0Ajg5
0,0.107645534,Negative,,,,,,0.11722554,Κλιματική αλλαγή: Το Κοινοβούλιο ψήφισε τη μείωση των εκπομπών κατά 40% - https://t.co/azD7OBxxiT https://t.co/ArkMnFpgfq
1,0.81109214,Positive,,,,,,0.22875911,"RT @GiorgosKyrtsos: Τι πάθανε φιλομητσοτακικά ΜΜΕ και του βγάζουν λογαριασμούς;(πχ Καθημερινή για περιβάλλον)
Μπλοφάρουν για να κρατήσουν κ…"
1,0.79817754,Positive,,,,,,0.15610716,"Στις ΗΠΑ, το μάθημα για την κλιματική αλλαγή στα σχολεία διχάζει γονείς, εκπαιδευτικούς και Πολιτεία
https://t.co/CY99XiNxDb"
1,0.6270651,Positive,,,,,,0.24814084,Βιώσιμο επιχειρηματικό σχήμα για την αξιοποίηση των θερμών πηγών Eμπρός Θέρμης στην Κω #Δημοκρατική #Ρόδος #Δωδεκάνησα https://t.co/UWf4EjyALm
0,0.08106078,Negative,,,,,,0.076037705,Κλιματική αλλαγή: το Κοινοβούλιο ψήφισε τη μείωση των εκπομπών κατά 40% https://t.co/hGL2hOazgE
0,0.19242996,Negative,,,,,,0.12454297,Μονοπήγαδο: Ο Πολιτιστικός Σύλλογος Μονοπήγαδου μας προσκαλεί να συμμετέχουμε στη 2η φάση εθελοντικής αναδάσωσης https://t.co/1XjH8DFdzt #ΕΘΕΛΟΝΤΙΣΜΟΣ #ΜΟΝΟΠΗΓΑΔΟ #ΠΕΡΙΒΑΛΛΟΝ #ΣΥΛΛΟΓΟΙ https://t.co/A03iXiZqgR
1,0.5259717,Positive,,,,,,0.2984655,Βιώσιμο επιχειρηματικό σχήμα για την αξιοποίηση των θερμών πηγών Eμπρός Θέρμης στην Κω https://t.co/vlKmOCJ6rx via @aegeanews
1,0.83654493,Positive,,,,,,0.18070857,Περιφέρεια Θεσσαλίας: Έκτακτο Δελτίο Επιδείνωσης του Καιρού-  Στο χάρτη της κακοκαιρίας και η Θεσσαλία https://t.co/J2kZ5Jc90j
1,0.94786775,Positive,,,,,,0.09122381,Παρατείνεται ο 6ος διαγωνισμός φωτογραφίας με θέμα «Το Μέλλον που θέλουμε – Βιώσιμη διαχείριση πόρων» https://t.co/rm1JTHQl9P #ΔΙΑΓΩΝΙΣΜΟΙ #ΠΕΡΙΦΕΡΕΙΑ #ΣΧΟΛΙΚΑ #ΦΩΤΟΓΡΑΦΙΑ https://t.co/gckx2XomdN
0,0.22580215,Negative,,,,,,0.20097557,RT @LykavitosGr: Ο θαλάσσιος πάγος της Αρκτικής μειώθηκε στο μισό λόγω της κλιματικής αλλαγής  #θαλάσσιος_πάγος #κλιματική_αλλαγή #Αρκτική…
0,0.2097375,Negative,,,,,,0.19830054,RT @LykavitosGr: Ο θαλάσσιος πάγος της Αρκτικής μειώθηκε στο μισό λόγω της κλιματικής αλλαγής  #θαλάσσιος_πάγος #κλιματική_αλλαγή #Αρκτική…
1,0.6315131,Positive,,,,,,0.21626422,Ρύζι: Επιστροφή στην παράδοση για ένα βιώσιμο περιβάλλον - LarissaPress https://t.co/vSbQJLAssw
0,0.34227622,Negative,,,,,,0.25700828,Συμπέρασμα: Οι κυβερνήσεις θέλουν τον θάνατο σας με Ρότσιλντ εντολή και οι εναπομείναντες που θα παρακαλάνε για ειρήνη και λύση να προσκυνήσουν τον αντιηγέτη που έχουν έτοιμο σε ένα ολοκληρωτικό παγκόσμιο περιβάλλον απόλυτου ελέγχου. https://t.co/eRzXZe65sF
1,0.69411063,Positive,,,,,,0.24012847,Αλόννησος: Το νησί καινοτομεί για να καταργήσει τα πλαστικά μπουκάλια https://t.co/7fk8c0bpA1 #ΕΛΛΑΔΑ #ΠΕΡΙΒΑΛΛΟΝ https://t.co/IKvJUMXuh7
1,0.8722508,Positive,,,,,,0.15861905,"#Cyprus #MediterraneanDay #environment #climatecrisis 
Η Βουλή @CYParliament συμμετέχει ενεργά στις διαβουλεύσεις για το περιβάλλον της Μεσογείου, λέει η Α. Δημητρίου @AnnitaDemetriou 

https://t.co/w5XDxjYLjM"
1,0.5371238,Positive,,,,,,0.24357611,Όμιλος Motor Oil: Ενισχύει έμπρακτα την κυκλική οικονομία https://t.co/8f4XMElW7f
0,0.4218719,Negative,,,,,,0.24217792,Δ. Καμπόσος| Οι μετακινήσεις αποκτούν βιώσιμο πρόσημο στο Δήμο Άργους https://t.co/Aj6RP7df6t μέσω @Arena News | Ηλεκτρονική εφημερίδα της Πελοποννήσου
0,0.22108781,Negative,,,,,,0.20998186,Βιώσιμος και ικανός ο ΞΕΝΟΦΩΝ να διαχειριστεί τα πνευματικά δικαιώματα των δημοσιογράφων https://t.co/jxrnAxwc5x
1,0.8126302,Positive,,,,,,0.14657201,Έξωση σε 83χρονη γιατί το σπίτι που μένει 62 χρόνια δεν είναι ενεργειακά βιώσιμο https://t.co/H1JB6o72Y8
1,0.9204159,Positive,,,,,,0.14849667,Κέρκυρα-ΕΞΑΡΧΗΣ: Θεματικές συσκέψεις για τη διαχείριση απορριμμάτων και τουρισμό-περιβάλλον - https://t.co/PDSUk0r8bz
0,0.46430352,Negative,,,,,,0.2941101,"#ΗΠΑ: Πυρηνικό εργοστάσιο έθεσε υπό έλεγχο διαρροή μολυσμένου νερού που εντοπίστηκε τον Νοέμβριο

https://t.co/FmlBWdKJQ5

#περιβαλλον #πυρηνικα https://t.co/6e0wmEtVPa"
0,0.25524282,Negative,,,,,,0.19397008,"RT @GreeceMFA: 📍 Νέα Υόρκη | Συνάντηση ΥΠΕΞ @NikosDendias με ΓΓ ΟΗΕ António Guterres. Στην ατζέντα των συνομιλιών:
🔹Διεθνή &amp; περιφ. ζητήματ…"
1,0.7481174,Positive,,,,,,0.17326021,"ΗΜΕΡΙΔΑ ΧΙΟΥ: ΚΥΚΛΙΚΗ ΟΙΚΟΝΟΜΙΑ ΚΑΙ ΕΠΙΧΕΙΡΗΜΑΤΙΚΟΤΗΤΑ 
https://t.co/8Iet7HP6AM https://t.co/KfPNXI8G97"
1,0.71520376,Positive,,,,,,0.17977414,"Θεόδωρος Κόντες: Πράσινη μετάβαση στη ναυτιλία και στον θαλάσσιο τουρισμό - Ρεπορτάζ και ειδήσεις για την Οικονομία, τις Επιχειρήσεις, το Χρηματιστήριο, την Πολιτική #mononewsGR https://t.co/BM8e4Z2nuU"
1,0.80129576,Positive,,,,,,0.23372206,Στ. Καλαφάτης: Έχουμε μπει στην εποχή της κατάκτησης του στόχου όσον αφορά τη βιώσιμη ανάπτυξη και την καινοτομία -Χαιρετισμός του Υφυπουργού Εσωτερικών (Μακεδονίας - Θράκης) κ. Σταύρου Καλαφάτη στο 17ο Συνέδριο Καινοτομία και Ανάπτυξη του ka - Business https://t.co/lZIWEORPAk
0,0.4221817,Negative,,,,,,0.26455837,Σ.Δ.Ξ.Δ.: Εσπερίδα με τίτλο “Ιδού η Ρόδος…Ιδού και το περιβάλλον…Προοπτικές και δράσεις” #Δημοκρατική #Ρόδος #Δωδεκάνησα https://t.co/sGkzuCejyQ
0,0.12108272,Negative,,,,,,0.113991894,"Ποιες είναι οι επιπτώσεις των δημογραφικών εξελίξεων στο οικογενειακό περιβάλλον των άνω των 65 ετών 

https://t.co/dl7Grj3r0j https://t.co/Y6Jn7TR1ED"
0,0.27601936,Negative,,,,,,0.26578218,"Έρχεται η εργάσιμη εβδομάδα των τεσσάρων ημερών - Για ποιες επιχειρήσεις αποτελεί βιώσιμη λύση,
https://t.co/Y3mc52NneS,"
1,0.510329,Positive,,,,,,0.31494159,"Υπό την αιγίδα της Περιφέρειας Αττικής, η 5η Διεθνής Έκθεση Verde.Tec για τις Πράσινες Τεχνολογίες και την Κυκλική Οικονομία-Βραβεία στην Περιφέρεια Αττικής και στον ΕΣΝΑ για τις καινοτόμες δράσεις στην ανακύκλωση https://t.co/Q88LvX2Ubo https://t.co/OUdmBzDPxF"
0,0.14670962,Negative,,,,,,0.12876578,Ποιες είναι οι επιπτώσεις των δημογραφικών εξελίξεων στο οικογενειακό περιβάλλον των άνω των 65 ετών https://t.co/K9ZbtvTslc
0,0.24709572,Negative,,,,,,0.22467874,Σήμα κινδύνου για λειψυδρία : 2 μέτρα κάτω η στάθμη της λίμνης Πλαστήρα https://t.co/G5EYdQAzka
1,0.82014596,Positive,,,,,,0.20408413,Εαρινή Ισημερία: Αποχαιρετάμε κι επίσημα σήμερα τον χειμώνα! https://t.co/QAA2e6wyBg
0,0.1655612,Negative,,,,,,0.16449985,"Μονοπήγαδο: Ολοκληρώθηκε χθες Κυριακή, με επιτυχία η Β' φάση αναδάσωσης https://t.co/KKFjtVe6sO #ΕΘΕΛΟΝΤΙΣΜΟΣ #ΜΟΝΟΠΗΓΑΔΟ #ΠΕΡΙΒΑΛΛΟΝ #ΣΥΛΛΟΓΟΙ https://t.co/uPNf8wzjx4"
0,0.1614402,Negative,,,,,,0.14537118,Κέρκυρα: Δρ. Κωνσταντίνος Καποδίστριας | Επισκέφθηκε το Κέντρο Εκπαίδευσης για το Περιβάλλον και την Αειφορία Περιβαλλοντικής Εκπαίδευσης στις Αλυκές Λευκίμμης https://t.co/wtkZhvbk0C
0,0.14357978,Negative,,,,,,0.18096428,ΕΦΑΓΕ ΠΟΛΛΑ ΑΥΓΑ ....ΚΑΙ  ΚΛΙΜΑΤΙΚΗ ΑΛΛΑΓΗ.... https://t.co/fn6Lse8WAT
1,0.5531437,Positive,,,,,,0.2341106,"Χρήστος Ζερεφός: Κλιματική Κρίση και Υδρόσφαιρα,
https://t.co/LAwFwnPzwB,"
0,0.36743152,Negative,,,,,,0.24663313,"Ο «οδηγός επιβίωσης» της ανθρωπότητας για την #κλιματική_αλλαγή: Συναγερμός άμεσης δράσης
https://t.co/iqW1ctVWi6"
1,0.65424013,Positive,,,,,,0.2418835,Guterres (OHE): Οι εμπειρογνώμονες για το κλίμα εξέδωσαν «οδηγό επιβίωσης για την ανθρωπότητα» - Χρειάζεται ριζική δράση https://t.co/a9lWbkKCXZ
0,0.13207561,Negative,,,,,,0.14911565,Ένας “οδηγός επιβίωσης” από την Ομάδα Εμπειρογνωμόνων για την κλιματική αλλαγή https://t.co/l7TCqJF6BW
1,0.62962866,Positive,,,,,,0.2627561,"Θα τρώμε γρύλους, αλευροσκουλήκια και ακρίδες αντί για κρέας για… να αντιμετωπίσει την κλιματική αλλαγή! https://t.co/KB8YCFrIYY μέσω @Fornews_Portal"
0,0.06011541,Negative,,,,,,0.06069811,"Έχει αποκατασταθεί η επικοινωνία της με το περιβάλλον
https://t.co/P4yI8QeYs9"
1,0.8003177,Positive,,,,,,0.1771564,#Τρίκαλα2030: Το πρόγραμμα του εξ αναβολής συνεδρίου για τη Βιώσιμη Πόλη του Αύριο https://t.co/b3FFYMRZSL
1,0.76575494,Positive,,,,,,0.23185128,"Day Group: Φροντίζει για το περιβάλλον και συμβάλλει ενεργά στην μείωση του ενεργειακού αποτυπώματος - Ρεπορτάζ και ειδήσεις για την Οικονομία, τις Επιχειρήσεις, το Χρηματιστήριο, την Πολιτική #mononewsGR https://t.co/4P72JvQEK6"
1,0.8436846,Positive,,,,,,0.20000021,«Οδηγό επιβίωσης για την ανθρωπότητα» χαρακτηρίζει την νέα έκθεση της διεπιστημονικής επιτροπής για την κλιματική αλλαγή ο Γ.Γ του ΟΗΕ https://t.co/ezSUyarfOB
0,0.3397882,Negative,,,,,,0.29209498,"Διάλεξη του Κώστα Λαγουβάρδου με θέμα ""Εντονα καιρικά φαινόμενα, κλιματική αλλαγή και συστήματα έγκαιρης προειδοποίησης"" https://t.co/evXQKljL1G"
1,0.5619524,Positive,,,,,,0.30655596,Δ. Κωστούρος: «Το Ναύπλιο είναι μία φιλική προς το περιβάλλον πόλη» - Τοποθετούνται και νέες μονάδες Ανταποδοτικής Ανακύκλωσης https://t.co/xWqfKaUNxE https://t.co/6pAh5QKjh3
1,0.6275779,Positive,,,,,,0.2280551,"Τ. Μοροπούλου στο ΑΠΕ-ΜΠΕ: Το έργο της αποκατάστασης του Ιερού Κουβουκλίου του Πανάγιου Τάφου έγινε σ’ ένα περιβάλλον κοινής αποδοχής

https://t.co/n7DFoLq7D6"
0,0.087601244,Negative,,,,,,0.07383115,Νομοσχέδιο για το περιβάλλον: Τρεις αλλαγές στο παρά πέντε #Δημοκρατική #Ρόδος #Δωδεκάνησα https://t.co/qyabWw9GPy
0,0.21468824,Negative,,,,,,0.13459347,ΟΗΕ: SOS για το περιβάλλον | ARTI NEWS https://t.co/0fAtjyP1xj
1,0.86796033,Positive,,,,,,0.15681261,Κλιματική αλλαγή: Οδηγός επιβίωσης για την ανθρωπότητα - Άμεση ανάγκη για μέτρα - https://t.co/BethEnolRm https://t.co/9MvRtgTKhX
0,0.2511831,Negative,,,,,,0.20665325,@re_ai_sixtir Οχι οντως γελαει… δεν εχει επαφη με το περιβαλλον
1,0.55909663,Positive,,,,,,0.19486108,Δόμνα Μιχαηλίδου: Η 14χρονη είναι σε ασφαλές περιβάλλον https://t.co/50Z8yz7NwB #ΕΠΙΚΑΙΡΟΤΗΤΑ #14ΧΡΟΝΗ #ΒΙΑΣΜΟΣ #ΔΟΜΗΦΙΛΟΞΕΝΙΑΣ By https://t.co/p9zfHynwcm https://t.co/1fYiBafQqg
1,0.5906646,Positive,,,,,,0.2286803,Το Πεκίνο θα προωθήσει την αγορά φιλικών προς το περιβάλλον κατασκευαστικών υλικών στις αγροτικές περιοχές - https://t.co/1lBWKo2nld
0,0.07710231,Negative,,,,,,0.12536108,"Πρέπει να βγείτε από το 5g περιβάλλον και όλων των ακτινοβολιών τεχνολογίας, κινητων, υπολογιστων κ.λ.π όσο πιο γρήγορα γίνεται. Αν όλα αυτά πυροδοτούν το γραφένιο στο σώμα θα ζήσουμε ακραίες τραγικές καταστάσεις. https://t.co/hh0kYhnoOG"
0,0.28396884,Negative,,,,,,0.2407546,Η άβολη αλήθεια για τα ηλεκτρικά αυτοκίνητα: Είναι μη φιλικά στο περιβάλλον - Πετιούνται ολόκληρα ακόμη και για μικρές ζημιές https://t.co/rSi0S1ZewA
0,0.39799967,Negative,,,,,,0.19463997,"Αλλαγές στο πολυνομοσχέδιο για το περιβάλλον – Παρεμβάσεις από Μητσοτάκη

https://t.co/uMXUwnrXMV"
0,0.44223198,Negative,,,,,,0.2521552,Παρίσι 2024: Αλλαγές στην Ολυμπιακή Λαμπαδηδρομία για να γίνει πιο φιλική προς το περιβάλλον - https://t.co/P580Dk59fa
0,0.087481126,Negative,,,,,,0.14125614,Οι δράσεις που “Φυτεύουν” δυνατά Κοινωνικά Μηνύματα: Η WE4ALL και ΜΕΓΑ Π. Α. Υγιεινής Α.Ε. δίνουν οξυγόνο σε κάθε δήμο https://t.co/FylF7FYqgxΜΕΓΑ Π. Α. Υ.#ΠΕΡΙΒΑΛΛΟΝ
0,0.39547876,Negative,,,,,,0.24994664,"RT @amna_sportgr: Παρίσι 2024: Αλλαγές στην Ολυμπιακή Λαμπαδηδρομία για να γίνει πιο φιλική προς το περιβάλλον

https://t.co/nMyexrE4ew 

#…"
1,0.5530737,Positive,,,,,,0.29055473,"RT @VoltGreece: Η κλιματική κρίση είναι υπόθεση όλων μας και οι επιπτώσεις στη χώρα μας θα είναι σφοδρές αν δεν αλλάξουμε κάτι άμεσα.

#Κλι…"
0,0.47908986,Negative,,,,,,0.23278016,Σε ασφαλές περιβάλλον η 14χρονη που την εξέδιδε κύκλωμα μαστροπείας https://t.co/L1wVsYWdpP
1,0.6188424,Positive,,,,,,0.21880977,Λειψοί: Εγκώμια στον γερμανικό Τύπο για τον βιώσιμο τουρισμό στο νησί #Δημοκρατική #Ρόδος #Δωδεκάνησα https://t.co/G8IVmrOudb
0,0.10954716,Negative,,,,,,0.12900208,"Πληθαίνουν τα δημοσιεύματα σε ΜΜΕ του εξωτερικού που ξεχωρίζουν τους Λειψούς ανάμεσα στους Ελληνικούς προορισμούς που προωθούν το βιώσιμο τουρισμό. 
   Η γερμανική εκδοχή του Euronews, καθώς και η ιστοσελίδα Griechenland Zeitung, αναδεικνύουν τις

https://t.co/vacMkmraVw"
0,0.27157483,Negative,,,,,,0.20932701,Δόμνα Μιχαηλίδου: Σε ασφαλές περιβάλλον η 14χρονη που έπεσε θύμα μαστροπείας @wwwflynewsgr https://t.co/U5YvZtN8lD
1,0.66543436,Positive,,,,,,0.2180198,Κ. Αγοραστός για την Παγκόσμια Ημέρα Νερού 2023: Βιολογική αφύπνιση  για την προστασία και τον εμπλουτισμό των υδατικών πόρων στη Θεσσαλία https://t.co/TapCTwTPhG
1,0.56300795,Positive,,,,,,0.27071556,"Τα ηλεκτρικά αυτοκίνητα, τουλάχιστον για σήμερα ακόμη, είναι λιγότερο φιλικά προς το περιβάλλον από τα βενζινοκίνητα https://t.co/SpZuTvl0Jc"
0,0.19052099,Negative,,,,,,0.13330047,Περιβάλλον και «περιβάλλον» | Αυγή https://t.co/rV21nlmYce
0,0.27817395,Negative,,,,,,0.1757469,Η ΔΩΔΩΝΗ Α.Ε. κάνει στροφή προς την πράσινη ενέργεια υποστηρίζοντας τη μακρόχρονη βιώσιμη ανάπτυξή της https://t.co/7Wavvg054N
0,0.21454987,Negative,,,,,,0.1690255,Επιστήμονες έφτιαξαν ανακυκλώσιμα πλαστικά από ισχυρές κόλλες https://t.co/jsm98pNg46 #ΕΠΙΣΤΗΜΗ #ΠΕΡΙΒΑΛΛΟΝ https://t.co/6cbBCWGM37
1,0.71115565,Positive,,,,,,0.1887541,Πώς προσαρμόζουν τη στρατηγική τους οι δανειολήπτες στο περιβάλλον αύξησης των επιτοκίων https://t.co/b9cTOyTVYW
0,0.05340905,Negative,,,,,,0.10771163,"Με θέα τον κόλπο του Μιραμπέλλου στο Λασίθι, το «πράσινο» κατάλυμα «Limni» δείχνει το δρόμο για την αληθινά βιώσιμη τουριστική ανάπτυξη. https://t.co/IcY3IqZwBH"
0,0.15652393,Negative,,,,,,0.21206433,ΝΑ ΚΟΨΕΙ ΤΑ ΠΟΛΛΑ ΑΥΓΑ ΚΑΙ ΝΑ ΣΤΑΜΑΤΗΣΕΙ ΝΑ ΚΛΑΝΕΙ ΓΙΑΤΙ Η ΚΛΙΜΑΤΙΚΗ ΑΛΛΑΓΗ ΠΡΟΚΑΛΕΙ ΜΥΟΚΑΡΔΙΤΙΔΕΣ.... https://t.co/Gj3W0yJcZJ
1,0.8265796,Positive,,,,,,0.19781967,"RT @GiannisEutux: βρίσκεται στην αγκαλιά της μητέρας του! 
Το Καταφύγιο φιλοξενεί διασωθέντα ορφανά άγρια ζώα, όπως ελέφαντες, ρινόκερους κ…"
1,0.93903357,Positive,,,,,,0.10262887,"Ε. Βασιλάκη για Autohellas: «Στόχος οι καλές αμοιβές για τους μετόχους μας, με βιώσιμο μέρισμα» - Ρεπορτάζ και ειδήσεις για την Οικονομία, τις Επιχειρήσεις, το Χρηματιστήριο, την Πολιτική #mononewsGR https://t.co/Ht0rahsn2y"
0,0.1465665,Negative,,,,,,0.12735552,Άλλο «μπουμπούκι» ξεπετάχτηκε προεκλογικά από το πρωθυπουργικό περιβάλλον για να μας θέσει με περισσή αναίδεια το… δίλημμα εκλογών!!! https://t.co/IqdExMUYaY
1,0.96143967,Positive,,,,,,0.108613186,Ο νέος νόμος για την «Κλιματική Αλλαγή» είναι εξαιρετικά Οργουελικός: Όλα αποσκοπούν στον απόλυτο έλεγχο του πληθυσμού..
0,0.17913021,Negative,,,,,,0.15661263,"RT @friendsofmisery: Τα Κογωπια μου και τα σκαμπό μου μέσα..

Άλλοι με auto-cue γ να πουν στα Ελληνικά 2 αραδες σε ασφαλές περιβάλλον κ άλλ…"
0,0.09634885,Negative,,,,,,0.08955162,Τι απαντά ο δήμος Θέρμης σχετικά με αποτελέσματα έρευνας ελβετικής εταιρείας για την ατμοσφαιρική ρύπανση https://t.co/5jhg8KiysG #ΔΗΜΟΤΙΚΑ #ΔΤ #ΠΕΡΙΒΑΛΛΟΝ #ΤΟΠΙΚΑ https://t.co/14I9EHKxVH
1,0.9816633,Positive,,,,,,0.030535009,Η υφυπουργός Κοινωνικών Υποθέσεων μίλησε για ένα κορίτσι από «πολυμελή οικογένεια και ένα εξαιρετικά κακοποιητικό περιβάλλον» https://t.co/b2HzRUmhpP
1,0.6731215,Positive,,,,,,0.21695504,Εκδήλωση Ινστιτούτου ΕΝΑ στο Ρέθυμνο: «Κλιματική Κρίση – Πρωτογενής Τομέας – Δημόσια Υγεία» https://t.co/edU5F7vaKY
0,0.060906805,Negative,,,,,,0.074212216,"Morgan Stanley: Ποιες ευρωπαϊκές μετοχές να αποφύγετε και ποιες να αγοράσετε στο «προβληματικό» τραπεζικό περιβάλλον - Ρεπορτάζ και ειδήσεις για την Οικονομία, τις Επιχειρήσεις, το Χρηματιστήριο, την Πολιτική #mononewsGR https://t.co/ZGPHQ24bRa"
1,0.6488691,Positive,,,,,,0.18233961,Εκδήλωση για την κλιματική κρίση και τον πρωτογενή τομέα στο Ρέθυμνο https://t.co/8OXuomeeUh
0,0.046986517,Negative,,,,,,0.07527861,ΣΜΑ επικίνδυνος για περιβάλλον και εργαζόμενους - https://t.co/K43aG2sxSo https://t.co/T4eY8COCaN
1,0.7015776,Positive,,,,,,0.30776784,"Ευρωπαϊκό Συμβούλιο: «Άμεσα» συμφωνία για να προχωρήσει η «πράσινη μετάβαση» και η μεταρρύθμιση «της εσωτερικής αγοράς ενέργειας»

https://t.co/pTijDIEpvV

@EU_Commission #energy #ενεργεια https://t.co/xDn8GGGkXI"
0,0.2682434,Negative,,,,,,0.2365777,"Το Ευρωπαϊκό Συμβούλιο καλεί όλους όσοι συμμετέχουν στην κατάρτιση νομοθεσίας για την ενέργεια να καταλήξουν «άμεσα σε συμφωνία» όσον αφορά «όλες» τις προτάσεις προκειμένου «να επιταχυνθεί η πράσινη μετάβαση», καθώς και «να προχωρήσει, χωρίς

https://t.co/JeI6Vptxjo"
1,0.95640165,Positive,,,,,,0.097838245,"Έλενα Χουλιάρα (AstraZeneca): Ως το 2030 έρχονται 20 νέα φάρμακα και αρνητικό αποτύπωμα άνθρακα - Ρεπορτάζ και ειδήσεις για την Οικονομία, τις Επιχειρήσεις, το Χρηματιστήριο, την Πολιτική #mononewsGR https://t.co/Qq8caohHsW"
0,0.28847966,Negative,,,,,,0.19153433,"ΕΕΕ: Η συμφωνία για τον Κανονισμό FuelEU Maritime θετική εξέλιξη για την πράσινη μετάβαση της ναυτιλίας - Ρεπορτάζ και ειδήσεις για την Οικονομία, τις Επιχειρήσεις, το Χρηματιστήριο, την Πολιτική #mononewsGR https://t.co/ACE70zxNdU"
0,0.38105452,Negative,,,,,,0.22649665,Ηλιούπολη: Όλα όσα δηλώνουν το οικογενειακό περιβάλλον της πρώην συζύγου του προπονητή - https://t.co/fxQXCdJkWy https://t.co/5S5WrQ2HCO
1,0.7575522,Positive,,,,,,0.23439585,Ώρα της Γης 2023: Στα σκοτάδια η Ακρόπολη και η Βουλή με στόχο την ευαισθητοποίηση για την κλιματική αλλαγή (φώτο) https://t.co/DAT7Kkk0Jy #ΧρονιαΠολλα #25ηΜαρτιου #Εθνος #GreekIndependenceDay #Θεοτοκου #Ζητω #Πατριδα #Ευαγγελια #Ελληνων #νικητας
0,0.07319763,Negative,,,,,,0.09317405,Ώρα της Γης: Απόψε σβήνουμε τα φώτα στις 20:30 για το περιβάλλον και την κλιματική αλλαγή | NemeaPress https://t.co/1pIT7gtR3l
0,0.2563402,Negative,,,,,,0.19922923,Όλα όσα δηλώνουν το οικογενειακό περιβάλλον της πρώην συζύγου του προπονητή https://t.co/vztDbF4MEu
1,0.8182199,Positive,,,,,,0.2578289,"Σε ανάπτυξη εξακολουθεί να βρίσκεται η αγορά οικιστικών ακινήτων στην χώρα μας με τους εγχώριους αλλά και ξένους επενδυτές να αναζητούν ευκαιρίες σε ένα περιβάλλον αυξανόμενων τιμών που ξεπέρασε το 12% για το 2022, σύμφωνα με στοιχεία της Τράπεζας της

https://t.co/UX8i4BEqV9"
0,0.32768354,Negative,,,,,,0.2080919,Σε νέο ψηφιακό περιβάλλον η φορολογία με τη διασύνδεση ταμειακών μηχανών και POS – Πώς θα λειτουργήσει https://t.co/ufFIp9sMFF
0,0.37512657,Negative,,,,,,0.23749763,"Σε νέο ψηφιακό περιβάλλον η φορολογία με την διασύνδεση ταμειακών μηχανών και POS - Πώς θα λειτουργήσει

https://t.co/l4JGPM3Th9"
0,0.36409256,Negative,,,,,,0.22984233,Σε νέο ψηφιακό περιβάλλον η φορολογία με την διασύνδεση ταμειακών μηχανών και POS – Πώς θα λειτουργήσει https://t.co/xOLzge9bpf
0,0.47992238,Negative,,,,,,0.37019062,"Με δεδομένη την κλιματική αλλαγή, που αποτελεί αναμφισβήτητο φαινόμενο και με τις επιπτώσεις της όπως καύσωνες, πλημμύρες, λειψυδρία, απώλεια βιοποικιλότητας και έντονα καιρικά φαινόμενα, να γίνονται μέρος της καθημερινότητάς, η αντιμετώπισή της

https://t.co/QZNgaCyr1K"
0,0.24505839,Negative,,,,,,0.18529066,Πέδρο Σάντσεθ: «Θα πιέσω για δίκαιη και βιώσιμη ειρήνη στην Ουκρανία» λέει για την επίσκεψη στην Κίνα https://t.co/unUzxDdi9n
1,0.605391,Positive,,,,,,0.30082795,"Επρεπε η χώρα μας να καταδικαστεί από το Ευρωπαϊκό Δικαστήριο για να συμμορφωθεί τελικά. Δηλαδή να σωθεί από το περιβάλλον ότι είναι δυνατό. Έτσι με νέο καθεστώς θα προχωρούν στο εξής οι επενδύσεις σε περιοχές Natura.

https://t.co/8Zf2VlJNSW https://t.co/kxltodX5pS"
0,0.2855714,Negative,,,,,,0.21333729,Πέδρο Σάντσεθ: «Θα πιέσω για δίκαιη και βιώσιμη ειρήνη στην Ουκρανία» λέει για την επίσκεψη στην Κίνα https://t.co/TFVsKTeLpl
1,0.7450794,Positive,,,,,,0.17438456,"Σε νέο ψηφιακό περιβάλλον η φορολογία με την διασύνδεση ταμειακών μηχανών και POS - Ρεπορτάζ και ειδήσεις για την Οικονομία, τις Επιχειρήσεις, το Χρηματιστήριο, την Πολιτική #mononewsGR https://t.co/sF9Yrwh4Af"
0,0.32738546,Negative,,,,,,0.20660749,RT @LykavitosGr: Σε νέο ψηφιακό περιβάλλον η φορολογία με την διασύνδεση ταμειακών μηχανών και POS - Πώς θα λειτουργήσει  #ταμειακές_μηχανέ…
0,0.3159251,Negative,,,,,,0.20080462,RT @LykavitosGr: Σε νέο ψηφιακό περιβάλλον η φορολογία με την διασύνδεση ταμειακών μηχανών και POS - Πώς θα λειτουργήσει  #ταμειακές_μηχανέ…
0,0.28807124,Negative,,,,,,0.21548901,RT @TheOpinion_News: Πώς θα λειτουργεί το νέο ψηφιακό περιβάλλον με την σύνδεση ταμειακών μηχανών και POS https://t.co/zjm9NRGNye #Thessalo…
0,0.38931048,Negative,,,,,,0.24312499,Nέο ψηφιακό περιβάλλον για τη φορολογία με τη διασύνδεση ταμειακών μηχανών και POS – Πώς θα λειτουργεί https://t.co/pnoOPV6ykW
1,0.68099564,Positive,,,,,,0.29318088,Ερώτηση (και) Αλ.Αυλωνίτη για την οικονομική στήριξη και βιώσιμη ανάπτυξη παράκτιας αλιείας μικρής κλίμακας - https://t.co/TDktJYNe5v #Αλ.Αυλωνίτης #εκλογές
1,0.9480387,Positive,,,,,,0.08559856,"Ευτύχης Βασιλάκης για Autohellas: Στόχος οι καλές αμοιβές για τους μετόχους μας, με βιώσιμο μέρισμα - mononewsTV - Ρεπορτάζ και ειδήσεις για την Οικονομία, τις Επιχειρήσεις, το Χρηματιστήριο, την Πολιτική #mononewsGR https://t.co/usECwrQqgt"
0,0.31935656,Negative,,,,,,0.23754929,"Η Επιτροπή «Πρέβεζα, Ιστορία-Πολιτισμός-Περιβάλλον» και η Τοπική Κοινότητα Νέας Κερασούντας διοργάνωσαν στο Κάστρο των Ρωγών εκδήλωση με σκοπό την ανάδειξη της προσωπικότητάς του Επισκόπου Ρωγών και Κοζύλης Ιωσήφ via @OrthodoxtimesGr https://t.co/o39rw3ckWQ"
0,0.32153282,Negative,,,,,,0.27136785,"⭕ Παρά το γεγονός πως χαρακτηρίζεται -από τα φίλια ΜΜΕ- ως λαοπρόβλητος, φαίνεται ότι προτιμά να εμφανίζεται δημόσια σε ένα άκρως προστατευμένο περιβάλλον. https://t.co/5utM7DcV74"
1,0.9338724,Positive,,,,,,0.08837019,Έρευνα ΕΥ: Διάσταση απόψεων μεταξύ επιχειρήσεων και επενδυτών ως προς τις πρωτοβουλίες για βιώσιμη ανάπτυξη https://t.co/P80dwAmHQ1
0,0.3284009,Negative,,,,,,0.13789631,ΕΥ: Διχογνωμία επιχειρήσεων και επενδυτών για τη βιώσιμη ανάπτυξη https://t.co/EDPiZAAjEh #businessnewsgr
1,0.9422242,Positive,,,,,,0.096949734,Έρευνα ΕΥ: Διάσταση απόψεων μεταξύ επιχειρήσεων και επενδυτών ως προς τις πρωτοβουλίες για τη βιώσιμη ανάπτυξη https://t.co/B6cEoFRIdW
0,0.09595888,Negative,,,,,,0.11156708,ΚΛΙΜΑΤΙΚΗ ΑΛΛΑΓΗ ΚΑΙ ΕΤΡΩΓΕ ΠΟΛΛΑ ΑΥΓΑ...#ξαφνικιτιδα https://t.co/vx94zuslpZ
0,0.4519412,Negative,,,,,,0.2781508,"My Style Rocks: «Το περιβάλλον είναι πολύ τοξικό για εμένα» δήλωσε η Νικόλ Δεσποτοπούλου

#mystylerocksgr #mystylerocks #Νικολ #SkaitvGR #skai #σκαι #Mynewsgr 

https://t.co/nqlnKaIP6n"
1,0.6299465,Positive,,,,,,0.22786747,Η Βιώσιμη Αστική Κινητικότητα Στο Επίκεντρο Της 2ης Εκδήλωσης Του Αυτοδιοικητικού Φόρουμ Ηλιούπολης https://t.co/Yh3jJ1yNva
0,0.3086279,Negative,,,,,,0.252721,Στρατηγικές βιώσιμων και υπεύθυνων επενδύσεων υιοθέτησε η ΚΤΚ για συμβολή σε πράσινη ευρωπαϊκή οικονομία https://t.co/xSpTN9ENMO
0,0.02132468,Negative,,,,,,0.03048301,Αυτή η χημική ουσία στο περιβάλλον που συνδέεται με την εκδήλωση του πάρκινσον https://t.co/hnhip5zpRe #Μαρινακη #Λαγονησι #Τεμπη #Documento #IQ160gr #ΚυριακοςΜητσοτακης #Παπαθανασης #Γκοτση #Σιλας
0,0.15541336,Negative,,,,,,0.16719376,Ομιλία στο Λύκειο Ελληνίδων Ξάνθης: “Κλιματική αλλαγή και αναπαραγωγή Βιο-Ηθικές και Κοινωνικές Διαστάσεις” https://t.co/hEz8452Vf3
1,0.899692,Positive,,,,,,0.15400918,Άσπα Γοσποδίνη: «Η ενίσχυση των τριτέκνων μοχλός για τη βιώσιμη ανάπτυξη του πληθυσμού και ασφαλιστικού συστήματος στη χώρα» https://t.co/uzQODWfiXz
1,0.70755476,Positive,,,,,,0.26042137,"Brown Hotels επί Art Athina: Ιδού μία κυκλική έκθεση ταξίδι - Ρεπορτάζ και ειδήσεις για την Οικονομία, τις Επιχειρήσεις, το Χρηματιστήριο, την Πολιτική #mononewsGR https://t.co/Nb2cSzEXLY"
0,0.33063453,Negative,,,,,,0.15847513,Αρχιεπίσκοπος Ελπιδοφόρος: «Δεν είναι δυνατόν να ζούμε ως κοινωνία σε περιβάλλον ένοπλης βίας» - https://t.co/Ih9pzWoGbm
0,0.24334835,Negative,,,,,,0.13106377,"Αρχιεπίσκοπος #Ελπιδοφόρος: «Δεν είναι δυνατόν να ζούμε ως κοινωνία σε περιβάλλον ένοπλης #βίας» 

https://t.co/7JrspQ18vH https://t.co/b3bWviGKZa"
0,0.32160854,Negative,,,,,,0.20070353,Δίκτη: Στα Απάτητα Βουνά εντάσσεται το όρος όπου γεννήθηκε ο Δίας https://t.co/TlItSUC9jy #ΕΠΙΚΑΙΡΟΤΗΤΑ #ΑΠΑΤΗΤΑΒΟΥΝΑ #ΔΙΚΤΗ #ΠΕΡΙΒΑΛΛΟΝ By https://t.co/p9zfHynwcm https://t.co/fLDgiA4d6i
1,0.9317562,Positive,,,,,,0.13958456,Νέα έρευνα της ΕΥ: Χάσμα μεταξύ επιχειρήσεων &amp; επενδυτών ως προς τις πρωτοβουλίες για βιώσιμη ανάπτυξη https://t.co/TgRmSugnlF #oikonomia
0,0.3456982,Negative,,,,,,0.202177,"Πόλος έλξης µαθητών και από το εξωτερικό, το ΚΠΕ https://t.co/uqp2ze4CRA 
#Περιβαλλον #ΚΠΕ #ΚΠΕ_Μεσολογγιου #environnement #environmental_education"
0,0.07983108,Negative,,,,,,0.11042395,"Το Ευρωπαϊκό Δικαστήριο Δικαιωμάτων του Ανθρώπου (@ECHR_CEDH) εξετάζει προσφυγές κατά της Γαλλίας (από πρώην δήμαρχο) και της Ελβετίας (από συνταξιούχους) για την κλιματική αλλαγή

https://t.co/s0YkkW6MJU 

#ClimateJustice #ClimateChange #ECHR #CEDH https://t.co/PK3V4Xos9G"
0,0.47956097,Negative,,,,,,0.2781347,"Η @EU_Commission προτείνει μεγαλύτερη διαφάνεια και λιγότερη γραφειοκρατία για τις εταιρείες, με στόχο να βελτιωθεί το επιχειρηματικό περιβάλλον στην ΕΕ 

https://t.co/6iBiAiX3Lk

#EUCompanyLaw https://t.co/KeaIBtoOpM"
1,0.54442114,Positive,,,,,,0.24091384,Ζαχαράκη: Βιώσιμη ανάπτυξη στη Στερεά Ελλάδα μέσα από τις ειδικές μορφές τουρισμού https://t.co/qFQCFpS7ND https://t.co/EhdHuR9FLm
1,0.92008173,Positive,,,,,,0.16112635,RT @CyprusInsider: Το μερίδιο ενέργειας από Ανανεώσιμες Πηγές Ενέργειας (ΑΠΕ) στην συνολική ακαθάριστη τελική κατανάλωση ενέργειας της Κυπρ…
1,0.59401864,Positive,,,,,,0.20555167,"Ελληνικό: Έμφαση στην κυκλική οικονομία και σε έργα υποδομής για βιώσιμη ανάπτυξη δίνει η Lamda Development

https://t.co/V7LvJSmaUI"
1,0.5642989,Positive,,,,,,0.31338027,EY και Microsoft βοηθούν τις επιχειρήσεις στην επίτευξη των κλιματικών στόχων για μηδενικό καθαρό αποτύπωμα άνθρακα https://t.co/BXusFVVYKd
0,0.33386487,Negative,,,,,,0.24717955,"Aπό το βράδυ της 8ης Μαρτίου που ξεκίνησε το πρόβλημα, ακόμα συνεχίζεται, ενώ υπολογίζουν ότι την επόμενη εβδομάδα θα είναι σε θέση να λειτουργήσουν πλήρως, σε ένα νέο περιβάλλον. #Κύπρος #Cyprus 

https://t.co/kPgbe2IMRn"
1,0.5886847,Positive,,,,,,0.20712417,Ελληνικό: Έμφαση σε κυκλική οικονομία και έργα υποδομής για βιώσιμη ανάπτυξη από την Lamda Development https://t.co/HrCvXcUFos
1,0.55106544,Positive,,,,,,0.20157026,Ελληνικό: Έμφαση στην κυκλική οικονομία και σε έργα υποδομής για βιώσιμη ανάπτυξη https://t.co/KbjtgpBYxn
0,0.32981747,Negative,,,,,,0.27438018,Κλιματική κρίση και επιπτώσεις στη Δημόσια Υγεία https://t.co/OVPeIyULR7
1,0.6450673,Positive,,,,,,0.19952674,"#Ελληνικό: Έμφαση στην κυκλική οικονομία και σε έργα υποδομής για βιώσιμη ανάπτυξη από την Lamda Development

https://t.co/xYQqqdZlI8"
1,0.93220276,Positive,,,,,,0.081643514,Μπάμπαλος: «Επενδύουμε στο πράσινο… στο βιώσιμο μέλλον για τα παιδιά μας» https://t.co/YqorqOVj3P
1,0.5699697,Positive,,,,,,0.19241707,Αμερικής Ελπιδοφόρος: «Δεν είναι δυνατόν να ζούμε ως κοινωνία σε περιβάλλον ένοπλης βίας» https://t.co/GNfunqB77C https://t.co/Ird6oJmE6Z
0,0.42451325,Negative,,,,,,0.2886204,Οι χώρες που ρυπαίνουν και δεν αντιμετωπίζουν την κλιματική κρίση θα θεωρούνται νομικά υπεύθυνες https://t.co/lVK9vXr5Mp
0,0.39475483,Negative,,,,,,0.21686968,Κίνδυνος μπλακ άουτ το Πάσχα λόγω ΑΠΕ https://t.co/1lSsRzUMwd
0,0.17877299,Negative,,,,,,0.14813583,"Mελίνα Τραυλού: Χωρίς τη ναυτιλία δεν μπορεί να υπάρξει πράσινη μετάβαση, ούτε στρατηγική αυτονομία της ΕΕ - Ρεπορτάζ και ειδήσεις για την Οικονομία, τις Επιχειρήσεις, το Χρηματιστήριο, την Πολιτική #mononewsGR https://t.co/uhAxcpru2F"
0,0.44240084,Negative,,,,,,0.30006105,Φον ντερ Λάιεν: Μη βιώσιμη η αποσύνδεση της ΕΕ από την Κίνα https://t.co/BdrM1Z4NcB
0,0.329579,Negative,,,,,,0.24877672,Κοινωνία και κλιματική κρίση https://t.co/fKCXBbBTjk
1,0.8874488,Positive,,,,,,0.16890478,"Η #Ευρωπαίκή_Ένωση κατέληξε σε συμφωνία για την επίτευξη πιο φιλόδοξων στόχων για τις ανανεώσιμες πηγές ενέργειας μέχρι το 2030

https://t.co/cW8tnpCi1m

#Europe #energy https://t.co/cLBWlTSivN"
0,0.082439005,Negative,,,,,,0.1056951,Χαλκιδική: Τουρισμός και κλιματική αλλαγή πιέζουν την επάρκεια νερού https://t.co/IDwWa1c0rj #Χαλκιδική #νερό #τουρισμός
1,0.8463986,Positive,,,,,,0.18218046,Γ. Γιαρέντης (ΔΑΠΕΕΠ): Οι ανανεώσιμες πηγές ενέργειας βασικός μοχλός συγκράτησης των τιμών - https://t.co/eTVlyGlWu6
1,0.70793015,Positive,,,,,,0.25981024,Συμφωνία ΕΕ για διπλασιασμό κατανάλωσης ενέργειας από ανανεώσιμες πηγές μέχρι το 2030 https://t.co/cX4Hewi6Z4
1,0.85331154,Positive,,,,,,0.16663358,"Γ. Γιαρέντης (ΔΑΠΕΕΠ): Οι ανανεώσιμες πηγές ενέργειας βασικός μοχλός συγκράτησης των τιμών

https://t.co/kAfsz7koYN https://t.co/kSL0EJMSEf"
0,0.2824436,Negative,,,,,,0.20150015,4 έγκριτοι επιστήμονες αμφισβητούν τα δεδομένα των μετρήσεων για την ποιότητα του αέρα στην περιοχή της Θέρμης https://t.co/VKuQ7VPCw4 #ΔΤ #ΘΕΡΜΗ #ΜΕΛΕΤΕΣ #ΠΕΡΙΒΑΛΛΟΝ https://t.co/lvyeczmVyH
1,0.9348085,Positive,,,,,,0.12053466,ΕΕ: Συμφωνία για την επίτευξη πιο φιλόδοξων στόχων για τις ανανεώσιμες πηγές ενέργειας μέχρι το 2030 https://t.co/zSdwhZjf66
0,0.10574715,Negative,,,,,,0.12542535,"Χαλκιδική: Τουρισμός και κλιματική αλλαγή πιέζουν την επάρκεια νερού https://t.co/IDwWa1cygR 
#Χαλκιδική  #Νερό #Επάρκεια #Τουριστική_σεζόν"
0,0.33168808,Negative,,,,,,0.20317435,"Στην αυγή της νέας εποχής που ανατέλλει για ολόκληρη την ανθρωπότητα, με τη στροφή στην κυκλική οικονομία και τη βιώσιμη ανάπτυξη, η Klinex προχωρά στην ανάληψη συγκεκριμένων πρωτοβουλιών.
https://t.co/r9pbisgMMM"
0,0.34590274,Negative,,,,,,0.22410923,"Σημείωσε πως οι εκλογές γίνονται σε ένα περιβάλλον που στην Ευρώπη εξακολουθεί να υπάρχει πόλεμος, που η ενεργειακή ακρίβεια δεν έχει υποχωρήσει, η κρίση πληθωρισμού υπάρχει
https://t.co/DmNFFC7bvU"
0,0.15009081,Negative,,,,,,0.19883949,Επιλέγουν Φλόριντα για τους χαμηλούς φόρους και τις ζεστές ημέρες χωρίς να υπολογίζουν την κλιματική αλλαγή https://t.co/F5HgjF2yU5
1,0.9003456,Positive,,,,,,0.13968788,"Διάφοροι παράγοντες φαίνεται ότι επηρεάζουν το προσδόκιμο ζωής. Έρευνες έχουν δείξει ότι τα γονίδια προβλέπουν κατά 25% περίπου τη διάρκεια ζωής ενός ατόμου, με τη διατροφή, το περιβάλλον, την άσκηση και άλλους παράγοντες της καθημερινότητάς μας να

https://t.co/x6lkAkAsT7"
1,0.8665535,Positive,,,,,,0.13174327,Ε.Ε.: Συμφωνία για πιο φιλόδοξους στόχους στις ανανεώσιμες πηγές ενέργειας έως το 2030 https://t.co/fMH28s8m0l #maritime #shipping #supplychain #maritimenetwork
1,0.8544137,Positive,,,,,,0.18413521,"Πώς τρέφονται οι αιωνόβιοι;
Διάφοροι παράγοντες φαίνεται ότι επηρεάζουν το προσδόκιμο ζωής. Έρευνες έχουν δείξει ότι τα γονίδια προβλέπουν κατά 25% περίπου τη διάρκεια ζωής ενός ατόμου, με τη διατροφή, το περιβάλλον, την άσκηση και άλλους παράγοντες της κα
https://t.co/x4NiSLoyoh"
0,0.16406487,Negative,,,,,,0.17288697,«Πολίτες Μαγνησίας για την υγεία και το περιβάλλον»: Να παύσει ο Δήμος Μπέου να κάνει τον Πόντιο Πιλάτο https://t.co/MYg3FagJjV
1,0.85856265,Positive,,,,,,0.14226355,Οι Ανανεώσιμες Πηγές Ενέργειας βασικός μοχλός συγκράτησης των τιμών https://t.co/RdGn5tWODz
0,0.30492967,Negative,,,,,,0.23178312,4 έγκριτοι επιστήμονες αμφισβητούν τα δεδομένα των μετρήσεων για την ποιότητα του αέρα στην περιοχή της Θέρμης https://t.co/VKuQ7VPCw4 #ΔΤ #ΘΕΡΜΗ #ΜΕΛΕΤΕΣ #ΠΕΡΙΒΑΛΛΟΝ https://t.co/n7RIv2LUh6
0,0.08563228,Negative,,,,,,0.13802533,Ελατόδασος από ανακυκλωμένα Χριστουγεννιάτικα δέντρα στην περιοχή του Αγίου Παντελεήμονα Τριαδίου https://t.co/3jr4QSkxCf #ΑΝΑΚΥΚΛΩΣΗ #ΔΗΜΟΤΙΚΑ #ΠΕΡΙΒΑΛΛΟΝ #ΤΡΙΑΔΙ https://t.co/dhFGClqxHm
0,0.31890088,Negative,,,,,,0.1625587,Θεσσαλονίκη: Επιχείρηση μόλυνε με απόβλητα το περιβάλλον στον δήμο Δέλτα https://t.co/lqsVu5oWgq
1,0.64864326,Positive,,,,,,0.22494563,Το 39% των Ελλήνων θεωρούν απειλεή την κλιματική αλλαγή https://t.co/wCmXCpqht7 #businessnewsgr
0,0.44243255,Negative,,,,,,0.27349585,Το 39% των Ελλήνων θεωρούν απειλή την κλιματική αλλαγή https://t.co/JHHFKOHmr7 #businessnewsgr
1,0.88563776,Positive,,,,,,0.15012181,"Έρευνες έχουν δείξει ότι τα γονίδια προβλέπουν κατά 25% περίπου τη διάρκεια ζωής ενός ατόμου, με τη διατροφή, το περιβάλλον, την άσκηση και άλλους παράγοντες της καθημερινότητάς μας να προβλέπουν το υπόλοιπο https://t.co/6zouxikH92"
0,0.07828315,Negative,,,,,,0.0924094,"Watch the video till the end. Crime is unprecedented. Get out of the 5G environment now the vaccinated are especially at risk.
Δείτε το βίντεο ως το τέλος. Το έγκλημα είναι πρωτόγνωρο. Βγείτε από το περιβάλλον 5G τώρα οι εμβολιασμένοι ειδικά κινδυνεύουν.
https://t.co/cL2f7aQZF5"
0,0.1251943,Negative,,,,,,0.13446556,"Έρευνα: Η κλιματική αλλαγή παρατείνει και χειροτερεύει την εποχική αλλεργία,
https://t.co/nXUFPlgCGL,"
0,0.42808276,Negative,,,,,,0.19933541,Σε ασφαλές περιβάλλον η 14χρονη που την εξέδιδε κύκλωμα μαστροπείας https://t.co/t9iU9vknyM
1,0.887904,Positive,,,,,,0.1360478,"ΕΛΛΕΤ: Κλιματική κρίση και οικονομία στην κορυφή των ανησυχιών των Ελλήνων για τα επόμενα 20 χρόνια
https://t.co/2HjHe4utI0"
0,0.09912862,Negative,,,,,,0.13142346,RT @thistimefromme: Watch the video till the end. Crime is unprecedented. Get out of the 5G environment now the vaccinated are especially a…
1,0.61521894,Positive,,,,,,0.26178864,"Το φωνάζαμε από χρόνια αλλά μας έλεγαν τρελούς η μόνη λύση τώρα είναι να μείνετε μακριά από το περιβάλλον ακτινοβολίας 5G ο λόγος που θα σωθούν πολλοί στα βουνά είναι αυτός και μόνο αυτός. Οι ""έξυπνοι"" παλιότερα απλά κορόιδευαν. Τώρα; Τι; https://t.co/zFnY5EkZFd"
0,0.12579086,Negative,,,,,,0.13621987,"ΕΕ: Προσωρινή συμφωνία για τη μείωση εκπομπών στα πλοία - Τραυλού: Χωρίς τη ναυτιλία δεν μπορεί να υπάρξει πράσινη μετάβαση - Ρεπορτάζ και ειδήσεις για την Οικονομία, τις Επιχειρήσεις, το Χρηματιστήριο, την Πολιτική #mononewsGR https://t.co/w5sOrQldOy"
1,0.80781955,Positive,,,,,,0.1900097,"Έρευνα EY-Economist Impact: Οι προσδοκίες των καταναλωτών και η κερδοφορία των επιχειρήσεων, οι κινητήριες δυνάμεις για τη βιώσιμη ανάπτυξη https://t.co/e12H8sFlys"
0,0.35665432,Negative,,,,,,0.23396643,"EY - Economist Impact: Κερδοφορία των επιχειρήσεων και καταναλωτικές προσδοκίες, οι κινητήριες δυνάμεις για βιώσιμη ανάπτυξη https://t.co/w4sImy6LOA #businessnewsgr"
1,0.8078707,Positive,,,,,,0.16500762,Δήμος Κηφισιάς: Ημερίδα για τη βιώσιμη ανάπτυξη των πόλεων https://t.co/w5FqI9J3wp
0,0.16013093,Negative,,,,,,0.10925134,"Μελίνα Τραυλού: Χωρίς τη ναυτιλία δεν μπορεί να υπάρξει πράσινη μετάβαση, ούτε στρατηγική αυτονομία της ΕΕ - mononewsTV - Ρεπορτάζ και ειδήσεις για την Οικονομία, τις Επιχειρήσεις, το Χρηματιστήριο, την Πολιτική #mononewsGR https://t.co/bL4Ff6Diup"
1,0.76380706,Positive,,,,,,0.2055311,Το «αναπτυξιακό κράτος» και η βιώσιμη ανάπτυξη της ελληνικής οικονομίας https://t.co/QkG2WDb1IQ
0,0.054563195,Negative,,,,,,0.08496102,"Πέτρος Μαρτσούκος στη «Δίκη»: «Να μειωθούν σε 16 ή 18 οι ομάδες, για να γίνει βιώσιμη η SL2» https://t.co/zKo0VT4BEC #superleague2 #idikistooren #petrosmartsoykos"
1,0.6059713,Positive,,,,,,0.25962523,"Όλοι θέλουμε ηρεμία και ένα ήρεμο περιβάλλον στο σπίτι και να νιώθουμε ότι μπορούμε να χαλαρώσουμε στο τέλος της ημέρας.

#decor #hernewsgr 

https://t.co/lRywrQxpUV"
1,0.89929146,Positive,,,,,,0.14467984,"Τετ α τετ Μητσοτάκη με τον ΥΠΕΞ των Ηνωμένων Αραβικών Εμιράτων για επενδύσεις, ενέργεια και κλιματική αλλαγή

https://t.co/3CDaWuWUAp"
0,0.34061483,Negative,,,,,,0.2141331,"Με την εξέταση νέων μαρτύρων υπεράσπισης από το περιβάλλον των οικογενειών των κατηγορουμένων συνεχίστηκε η δίκη για το δολοφονία του Άλκη Καμπανού.

✏️Γράφει ο Αλέξανδρος Λιτσαρδάκης https://t.co/IXSUzfAIrT"
1,0.7085469,Positive,,,,,,0.22652124,Πετρέλαιο: Τι σημαίνει η κίνηση-σοκ του OPEC+ για τη μετάβαση στην πράσινη ενέργεια https://t.co/EzEcZtfScr #businessnewsgr
0,0.1052129,Negative,,,,,,0.109179385,Η κρίση του νερού και οι επιπτώσεις της για τους ανθρώπους και το περιβάλλον https://t.co/GcFj2dOz62
0,0.15261684,Negative,,,,,,0.12128472,Survivor: Ξέσπασαν σε κλάματα η Στέλλα Ανδρέαδου και η Ρία Κολοβού – «Τοξικό περιβάλλον» https://t.co/cpYmRw3tzF #survivoGR #kaneotikoimasai #GiTisElias #Sasmos
0,0.20116642,Negative,,,,,,0.18470597,"RT @to_kazanaki: Ε Π Ι Τ Ε Λ Ο Υ C
Η Ρ Θ Ε Ε Ε Ε Ε Ε 
🎉 @esogiinos 🎉

Κάντε φόλο να πιάσουν τόπο η γκρίνια και τα παρακάλια μου. Τόσο κόπο…"
1,0.56551194,Positive,,,,,,0.2607288,Σε περιβάλλον ισχυρού ανταγωνισμού και διαδοχικών επενδύσεων εξελίσσεται αυτό των smart lockers https://t.co/2DKvndMfbb
1,0.7787024,Positive,,,,,,0.17183477,"Νέα έρευνα: Η διαβίωση σε κρύο περιβάλλον μειώνει την ευπάθεια στην ανάπτυξη νοσημάτων και αυξάνει τη μακροζωία https://t.co/6G4saqEpW4 #Κασιδιαρη #Λιγναδη #Κεραμεως #Ερχεται
#mavrorodo #MasterChefGR #shoppingstar #Μιθριδατη #Αγορου #Γρηγορης #Στεφανος #αργυρω #Πετρος #Μιτσελ"
1,0.80445254,Positive,,,,,,0.25106218,Καββαθάς (ΓΣΕΒΕΕ): Στόχος ο οικονομικός μετασχηματισμός και η βιώσιμη ανάπτυξη την επόμενη μέρα της απολιγνιτοποίησης https://t.co/qHzji1Mcw1 #businessnewsgr
1,0.6804134,Positive,,,,,,0.30962205,"Παρουσίαση της Έρευνας του ΙΜΕ ΓΣΕΒΕΕ “Μια δεύτερη ζωή για την Μεγαλόπολη, προτάσεις για τον οικονομικό μετασχηματισμό και την βιώσιμη ανάπτυξη την επόμενη μέρα της απολιγνιτοποίησης"" https://t.co/j1AgDqzg3V https://t.co/q0XIsuv2I8"
1,0.81632704,Positive,,,,,,0.2473053,Deloitte Ελλάδος: Μία από τις εταιρείες με το καλύτερο εργασιακό περιβάλλον για γυναίκες στην Ελλάδα https://t.co/Rhmg8Aw9FB
0,0.43214652,Negative,,,,,,0.23865208,Αρσάκειο: «Αισθάνεται δικαιωμένος &amp; δυνατός» – Τι λέει το περιβάλλον του 15χρονου στο MEGA - https://t.co/kQD83Kj57F https://t.co/sXpqqur1eU
0,0.40818703,Negative,,,,,,0.20892814,Αρσάκειο: «Αισθάνεται δικαιωμένος &amp; δυνατός» – Τι λέει το περιβάλλον του 15χρονου στο MEGA - https://t.co/tR1DW9tHiZ https://t.co/2m80xgkbrg
0,0.48178086,Negative,,,,,,0.24176458,Η ΚΛΙΜΑΤΙΚΗ ΑΛΛΑΓΗ....ΚΑΙ ΤΑ ΒΡΑΣΤΑ ΑΥΓΑ... https://t.co/GAxY3HYJ6i
1,0.7951856,Positive,,,,,,0.16856222,“Great Reset” και αιολικά πάρκα: Kατασχέσεις ιδιωτικών εκτάσεων και περιουσιών με πρόφαση  την…  «κλιματική αλλαγή»! https://t.co/PW4cUgYIqO
0,0.4984714,Negative,,,,,,0.26684642,"Οικονομία, πράσινη μετάβαση, ψηφιακή μεταρρύθμιση συζήτησε η ΠτΒ με Φ. Λέιν https://t.co/lYAtKu3Pib"
0,0.115755685,Negative,,,,,,0.11135548,"Τις προτεραιότητες της Κυβέρνησης @Christodulides για το περιβάλλον παρουσίασε σήμερα στα μέλη της Κοινοβουλευτικής Επιτροπής Περιβάλλοντος ο Υπουργός Γεωργίας, Αγροτικής Ανάπτυξης και Περιβάλλοντος Πέτρος Ξενοφώντος.

Περισσότερα 👉 https://t.co/MBS1MYOn47 https://t.co/2XQZKFC4vx"
0,0.19319712,Negative,,,,,,0.14898121,Οι θέσεις μας για το Περιβάλλον – Μαγνησία https://t.co/XxHW2gMjty
1,0.7649099,Positive,,,,,,0.15395196,"Στα €12 δις η ζήτηση για το Βιώσιμο ομόλογο της Δημοκρατίας με επιτόκιο 4,125% https://t.co/d28vwPxmqi"
1,0.69384986,Positive,,,,,,0.16552979,Christina Aguilera: Τα τραύματα μίας παιδικής ηλικίας σε ένα κακοποιητικό περιβάλλον https://t.co/1nRGVHtrle
0,0.41600686,Negative,,,,,,0.16397412,RT @Faklana38: Ο Μπογδανος σήμερα στο φυσικό του περιβάλλον. #survivorGR https://t.co/fxiuEz5DXs
1,0.88413537,Positive,,,,,,0.17457601,"RT @LykavitosGr: 1.200 μαθητές ανέπτυξαν τεχνολογικές λύσεις για μια «έξυπνη» πόλη, πιο φιλική για τον άνθρωπο και το περιβάλλον  #COSMOTE…"
1,0.81588084,Positive,,,,,,0.18435428,"RT @LykavitosGr: 1.200 μαθητές ανέπτυξαν τεχνολογικές λύσεις για μια «έξυπνη» πόλη, πιο φιλική για τον άνθρωπο και το περιβάλλον  #COSMOTE…"
1,0.70017517,Positive,,,,,,0.1743978,Νίκος Τζούμας: «Η Αειφορία είναι στα χέρια των νέων» https://t.co/gbg9JGGMzs
1,0.8251707,Positive,,,,,,0.20321804,"RT @PrimeministerGR: Στόχος μας ήταν και παραμένει η αναβάθμιση της παιδείας, των σχολείων μας. Να παρέχουμε στα παιδιά τα κατάλληλα εργαλε…"
1,0.8443293,Positive,,,,,,0.11625329,“Great Reset” και αιολικά πάρκα: Kατασχέσεις ιδιωτικών εκτάσεων και περιουσιών με πρόφαση την… «κλιματική αλλαγή»!
1,0.9090601,Positive,,,,,,0.14411291,Ανανεώσιμες Πηγές Ενέργειας: Ποιοι καταναλωτές θα έχουν σημαντικό όφελος - https://t.co/dXMDSTdmpD https://t.co/ekPzJyNZGW
1,0.9260358,Positive,,,,,,0.12545052,Ανανεώσιμες Πηγές Ενέργειας: Ποιοι καταναλωτές θα έχουν σημαντικό όφελος - https://t.co/rhMWx1Tx5d https://t.co/SDDdWOwDZx
0,0.34130946,Negative,,,,,,0.186961,"Ζερόμ Καλούτα: «Έζησα τον διαχωρισμό από την πολιτεία, όχι από το περιβάλλον μου» https://t.co/0RvZ4e1T6i"
0,0.13676871,Negative,,,,,,0.13484114,"RT @PIOcy: Ομιλία Υπουργού Γεωργίας, Αγροτικής Ανάπτυξης και Περιβάλλοντος κ. Πέτρου Ξενοφώντος στο Συνέδριο με θέμα «Πράσινη Μετάβαση και…"
1,0.6088898,Positive,,,,,,0.28501734,RT @aris_rigas: - Kύριε ΠΘ θέλω να σας ρωτήσω κάτι που είναι στο μυαλό όλων των νέων ανθρώπων που προσπαθούν να επιβιώσουν στο αντίξοο αυτό…
1,0.7596947,Positive,,,,,,0.21348675,Παπανάτσιου: «Στόχος μας ένα βιώσιμο σύστημα υγείας που οι πολίτες θα έχουν πλήρη και ισότιμη πρόσβαση» https://t.co/sAzZLNzhSk
0,0.25854024,Negative,,,,,,0.18284753,Τουλάχιστον να μην μπορούν να πουν ότι αυτός ο Απρίλιος ήταν ο πιο θερμός από το 19__ τόσο αν και θα είναι καυτός σε γεγονότα. Κλιματική αλλαγή; Απο αύριο ζητείται υπερθέρμανση!!! https://t.co/4gkrCo0Emg
1,0.79406875,Positive,,,,,,0.15892234,Αλ. Τσίπρας: Η προοδευτική κυβέρνηση θα είναι βιώσιμη και μακράς πνοής https://t.co/gBOGzyhwFQ
1,0.53055197,Positive,,,,,,0.20405921,Πράσινη ενέργεια: Άλμα στις πατέντες για μπαταρίες και υδρογόνο [γραφήματα] https://t.co/CQRsAT7vU8
1,0.82318854,Positive,,,,,,0.12328015,"Τσίπρας: Η προοδευτική κυβέρνηση θα είναι βιώσιμη και μακράς πνοής,
https://t.co/C7gIuhP7zr,"
1,0.6125572,Positive,,,,,,0.20598234,"«Η προοδευτική κυβέρνηση θα είναι βιώσιμη και μακράς πνοής», υποστηρίζει σε συνέντευξή του στην ""Καθημερινή"", ο πρόεδρος του ΣΥΡΙΖΑ-ΠΣ, Αλέξης Τσίπρας και διευκρινίζει ότι από την πρόσκληση δεν εξαιρεί κανέναν, πλην της Ν.Δ., του κ.

https://t.co/CXvC6Qmerp"
1,0.7727538,Positive,,,,,,0.16427402,Αλ. Τσίπρας: Η προοδευτική κυβέρνηση θα είναι βιώσιμη και μακράς πνοής https://t.co/l6S1vqj7Qg
1,0.83505106,Positive,,,,,,0.14658795,Αλέξης Τσίπρας: «Η προοδευτική κυβέρνηση θα είναι βιώσιμη και μακράς πνοής» – Τι είπε για τον Παύλο Πολάκη https://t.co/TMiDc993R9
1,0.826785,Positive,,,,,,0.12764707,".@atsipras: Η προοδευτική κυβέρνηση θα είναι βιώσιμη και μακράς πνοής

https://t.co/I5BJxAsxPh"
0,0.28124255,Negative,,,,,,0.18871266,"Ο φετινός Μάρτιος, δεύτερος θερμότερος παγκοσμίως, από το 1979 https://t.co/g08Lxxa0JE #ΚΑΙΡΟΣ #ΚΛΙΜΑ #ΠΕΡΙΒΑΛΛΟΝ https://t.co/c5ClGdpnFL"
1,0.7718294,Positive,,,,,,0.21560456,Δ. Γάκης: «Το σχέδιο του ΣΥΡΙΖΑ ΠΣ για βιώσιμη ανάπτυξη χρειάζεται ασφαλείς &amp; σύγχρονες μεταφορές» #Δημοκρατική #Ρόδος #Δωδεκάνησα https://t.co/WkFdzthn1q
1,0.8026957,Positive,,,,,,0.13572422,"Αλέξης Τσίπρας στην «Κ»: «Η προοδευτική κυβέρνηση θα είναι βιώσιμη και μακράς πνοής»
https://t.co/6sAnje4RG1"
1,0.88208604,Positive,,,,,,0.1912833,Μέσω των εμβολίων είμαστε ήδη μέσα σε ένα περιβάλλον συνδεδεμένοι με το ίντερνετ των πραγμάτων με το ίδιο το σώμα μας χωρίς να το γνωρίζουμε ακόμη μαζικά. Ο κόσμος μας μπήκε ήδη στην πιο σκοτεινή περίοδο που γνώρισε ποτέ και δεν πρέπει να αδιαφορήσει κανένας. https://t.co/lWlaN5xyWB
0,0.16792549,Negative,,,,,,0.12885956,"RT @ElIian1901: Το μεγάλο μυστικό που ανακάλυψε ο Dr Warburg είναι απλό..
Τα καρκινικά κύτταρα δεν μπορούν να επιβιώσουν σε αλκαλικό περιβά…"
0,0.19750208,Negative,,,,,,0.17962393,"RT @ElIian1901: Το μεγάλο μυστικό που ανακάλυψε ο Dr Warburg είναι απλό..
Τα καρκινικά κύτταρα δεν μπορούν να επιβιώσουν σε αλκαλικό περιβά…"
1,0.78875566,Positive,,,,,,0.17913523,"Αλέξης Τσίπρας: Η προοδευτική κυβέρνηση θα είναι βιώσιμη και μακράς πνοής - Ρεπορτάζ και ειδήσεις για την Οικονομία, τις Επιχειρήσεις, το Χρηματιστήριο, την Πολιτική #mononewsGR https://t.co/mB7LtumtT0"
1,0.7993396,Positive,,,,,,0.120469995,Αλ. Τσίπρας: Η προοδευτική κυβέρνηση θα είναι βιώσιμη και μακράς πνοής https://t.co/wW7DRMoaho
1,0.69219506,Positive,,,,,,0.17759041,Αλέξης Τσίπρας: Βιώσιμη μια κυβέρνηση συνεργασίας των προοδευτικών δυνάμεων - Documento https://t.co/qUSWOLpgy3
1,0.9661884,Positive,,,,,,0.054286238,Siemens: Ολοκλήρωσε το βιώσιμο έργο ενέργειας στις Αζόρες και ορίζει το πρότυπο για άλλα νησιά https://t.co/TMKyerRA9n
1,0.89453554,Positive,,,,,,0.14391321,"Αλ. Τσίπρας: Βιώσιμη μια κυβέρνηση συνεργασίας – Προϋπόθεση για την αλλαγή, η νίκη του ΣΥΡΙΖΑ https://t.co/gqPkybmdVX #maritime #shipping #supplychain #maritimenetwork"
0,0.3874696,Negative,,,,,,0.15439698,Οι Θέσεις μας για το Περιβάλλον – Μαγνησία https://t.co/8G24z0DFAM
0,0.15942644,Negative,,,,,,0.17304675,"Η Lucy Martin λοιπόν δουλεύει από το 2015 στο BBC, αφού απάντησε σε μια αγγελία για “ανθρώπους με αναπηρία που ενδιαφέρονται για την μετεωρολογία και το περιβάλλον”. https://t.co/IJqIHdPLHs"
1,0.9156684,Positive,,,,,,0.148621,Σκύλος: Πως θα δημιουργήσετε ένα ασφαλές περιβάλλον στο σπίτι και στον κήπο https://t.co/GPAQteSJ8t #ΣΚΥΛΟΣ https://t.co/pxqIrfGEOR
0,0.120088056,Negative,,,,,,0.09903624,Αλάτι: Η βιομηχανία των 13 δισ. δολαρίων και οι κίνδυνοι για το περιβάλλον - https://t.co/y0YC0TlCKE https://t.co/bsEEb0LjmZ
1,0.82287157,Positive,,,,,,0.16922358,"RT @Yannis_Maniatis: Η μάχη κατά της Κλιματικής Κρίσης, συνεχίζεται. 
Η αποκεντρωμένη πράσινη ενέργεια στις οροφές κτιρίων στην Κίνα, ξεπερ…"
0,0.24702501,Negative,,,,,,0.22578816,@e_amyna Όμορφα είναι στο φυσικό τους περιβάλλον.
0,0.30177972,Negative,,,,,,0.25393456,"Συνέδριο με θέμα «Hospitality in Crete: Extending the Tourist season | Over tourism and Sustainability (Φιλοξενία στην Κρήτη: Επέκταση τουριστικής περιόδου | Υπερτουρισμός και αειφορία)», διοργανώνει το Σάββατο 6 Μαΐου στο Μεγάλο Αρσενάλι, Κέντρο… https://t.co/Nvpyy9mZl5"
1,0.768791,Positive,,,,,,0.21298856,"Οικονομικό Φόρουμ των Δελφών: Έμφαση στην κλιματική κρίση,
https://t.co/dKZz8qSRb4,"
0,0.4616667,Negative,,,,,,0.23802957,Γ. Τσακίρης: Το ΕΣΠΑ καλλιεργεί γόνιμο περιβάλλον για να αναπτύσσονται στη χώρα μας καινοτόμα προϊόντα - LarissaPress https://t.co/PAppDOeEzI
0,0.4198471,Negative,,,,,,0.24653578,Γ. Τσακίρης: Το ΕΣΠΑ καλλιεργεί γόνιμο περιβάλλον για να αναπτύσσονται στη χώρα μας καινοτόμα προϊόντα https://t.co/qzt2qdEI6h
1,0.5404178,Positive,,,,,,0.19223438,Αλέξης Τσίπρας στην «Καθημερινή της Κυριακής»: Βιώσιμη μια Κυβέρνηση Συνεργασίας των προοδευτικών δυνάμεων. https://t.co/VGjZxiS57X via @Kifisia Press
0,0.43462807,Negative,,,,,,0.3337349,2ο Συνέδριο ΕΚΠΑ για την Κλιματική Κρίση-«Η συμβολή του ΕΚΠΑ στην αντιμετώπιση της κλιματικής κρίσης: από τη διεπιστημονική έρευνα και εκπαίδευση στην παροχή επιστημονικής γνώσης για τη λήψη αποφάσεων πολιτικής» https://t.co/VHaX6zbXP9 https://t.co/8ggmGHhRfg
0,0.2867985,Negative,,,,,,0.25009847,Κλιματική αλλαγή: Η υποχώρηση των πολικών παγετώνων μπορεί να φτάσει τα 600 μέτρα την ημέρα https://t.co/IMlqhKTrNW
0,0.2619557,Negative,,,,,,0.16069324,Αρσάκειο: Να αλλάξουν σχολικό περιβάλλον οι «νταήδες» ζητά ο Σύλλογος Γονέων και Κηδεμόνων - https://t.co/fL4Xi3IHAI https://t.co/1k3cYq8mTG
0,0.2217485,Negative,,,,,,0.16261299,Αρσάκειο: Να αλλάξουν σχολικό περιβάλλον οι «νταήδες» ζητά ο Σύλλογος Γονέων και Κηδεμόνων - https://t.co/yZqfvSNGiV https://t.co/JlHK1IgfhE
1,0.92079675,Positive,,,,,,0.14222826,RT @Moneypressgr: Νέο ρεκόρ για την «πράσινη» ενέργεια - Από ανεμογεννήτριες και φωτοβολταϊκά το...  #moneypress https://t.co/5vsdLHChe6 ht…
1,0.8888073,Positive,,,,,,0.14480902,Νέο ρεκόρ για την «πράσινη» ενέργεια - Από ανεμογεννήτριες και φωτοβολταϊκά το...  #moneypress https://t.co/5vsdLHChe6 https://t.co/1oSTZ7ufsB
0,0.31261063,Negative,,,,,,0.30072707,"Η κεντρική έκθεση της 8ης Μπιενάλε Σύγχρονης Τέχνης απλώνεται σε δέκα διαφορετικές τοποθεσίες, μουσεία και μνημεία της Θεσσαλονίκης. 28 καλλιτέχνες και ομάδες εστιάζουν στο θέμα της ανθρώπινης συνύπαρξης, στη σχέση μας με τη φύση, την κλιματική αλλαγή ... https://t.co/7YVE2q8V3U"
1,0.9014435,Positive,,,,,,0.14769614,"Η παραγωγή ενέργειας από ανανεώσιμες πηγές (αιολική και ηλιακή) έφθασε το 12% του συνόλου το 2022, καταγράφοντας νέο ρεκόρ, αλλά μένοντας πίσω από την παραγωγή ηλεκτρισμού με την καύση άνθρακα και ευρύτερα τα ορυκτά καύσιμα, που παραμένουν ο βασικός

https://t.co/53C1KvGnnN"
1,0.87935746,Positive,,,,,,0.17938085,"Η παραγωγή ενέργειας από ανανεώσιμες πηγές (αιολική και ηλιακή) έφθασε το 12% του συνόλου το 2022, καταγράφοντας νέο ρεκόρ, αλλά μένοντας πίσω από την παραγωγή ηλεκτρισμού με την καύση άνθρακα και ευρύτερα τα ορυκτά καύσιμα, που παραμένουν ο βασικός

https://t.co/5JyMhNgtEN"
1,0.5750403,Positive,,,,,,0.3390705,Αρρωστος πορνογερος χωρίς να μπορεί να υπάρξει επαναφορά σε μια πιο φυσιολογική κατάσταση ο νους του και επειδή το όλο περιβάλλον μεταμορφώνεται σκόπιμα σε οnly for fun υπάρχει μια ενοχή όλων άρα και ανοχή. Τώρα αν όλο αυτό το ονομάζουμε Δημοκρατία &amp; όχι σατανοκρατια τι να πω; https://t.co/pVtT0WJXCX
0,0.1348327,Negative,,,,,,0.17339431,Τζέιμι Φοξ: Έχει πλέον επικοινωνία με το περιβάλλον – Παραμένει άγνωστη η αιτία που τον οδήγησε στο νοσοκομείο https://t.co/3ffqbsemOO
0,0.20519488,Negative,,,,,,0.1396608,"RT @KostasVaxevanis: Και άλλος παιδόφιλος στο πρωθυπουργικό περιβάλλον; Τι συμβαίνει;

https://t.co/Y0TFi9ojVx"
0,0.120221876,Negative,,,,,,0.12416495,"⭕ Ολιγωρία των Αρχών για σοβαρή καταγγελία σεξουαλικής κακοποίησης ανήλικης από τον πατέρα της, πρώην στέλεχος σε επιχείρηση με άμεση σχέση με το πρωθυπουργικό περιβάλλον.

✏️ Γράφει η Δανάη Κισκήρα - Μπαρτσώκα

https://t.co/SGSpMAMcrt"
1,0.6944932,Positive,,,,,,0.1954943,"Πόσο τυχαίο είναι όλο αυτό; Τον τελευταίο καιρό βλέπουμε εικόνες χιλιάδων νεκρών αγελάδων συνεχώς και δεν είναι μια απλή σύμπτωση της εποχής μας. Τις έχουν ενοχοποιήσει για την ""κλιματική αλλαγή"" την στιγμή που και οι άνθρωποι δέχτηκαν γενετική επίθεση αγνοώντας την. https://t.co/p8Z7t8fefw"
0,0.42899886,Negative,,,,,,0.15284164,Η ΜΑΙΜΟΥ ΣΕ ΦΥΣΙΚΟ ΠΕΡΙΒΑΛΛΟΝ.... https://t.co/SzWOfkIf7e
0,0.36737907,Negative,,,,,,0.30325127,Η κλιματική αλλαγή επιδεινώνει τις αλλεργίες της άνοιξης σύμφωνα με τους ειδικούς https://t.co/IR2Czusm5p #Κασιδιαρη #Μανεσης #Telegram #AlexandertheGreat #εκλογες2023 #Ντογιακος #Συλλυπητηρια #Ναζαρετ
1,0.94400907,Positive,,,,,,0.0931534,"ΑΠΙΣΤΕΥΤΟ: ΟΛΙΓΩΡΙΑ ΤΩΝ ΑΡΧΩΝ ΣΕ ΥΠΟΘΕΣΗ ΣΕΞΟΥΑΛΙΚΗΣ ΚΑΚΟΠΟΙΗΣΗΣ ΑΝΗΛΙΚΗΣ, ΚΑΤΑΓΓΕΛΛΕΙ ΜΗΤΕΡΑ! ΓΙΑΤΙ ΒΑΖΟΥΝ ΕΜΠΟΔΙΑ ΟΙ ΑΡΧΕΣ ΣΤΗΝ ΥΠΟΘΕΣΗ; ΕΠΕΙΔΗ Ο ΘΥΤΗΣ ΕΧΕΙ ΑΜΕΣΗ ΣΧΕΣΗ ΜΕ ΤΟ ΠΕΡΙΒΑΛΛΟΝ ΤΟΥ ΠΡΩΘΥΠΟΥΡΓΟΥ; https://t.co/FWD8rNOWXY via @Makeleio.gr"
0,0.14139831,Negative,,,,,,0.14451669,"Συγκλονίζει ο Θάνος Καληώρας για τη Τζέσυ Παπουτσή: «Είχε πέσει σε κώμα, δεν είχε επαφή με το περιβάλλον» - https://t.co/TSJ4asObxA https://t.co/HnczlEDt0r"
0,0.15383497,Negative,,,,,,0.16482764,Καμπανάκι από τους ειδικούς: Η κλιματική αλλαγή επιδεινώνει τις αλλεργίες της άνοιξης - https://t.co/Wjy6b7TTMd https://t.co/1ZiDbxPYtL
0,0.1349772,Negative,,,,,,0.15501188,ΟΛΑ ΚΑΛΑ ΒΡΕ ....ΔΕΝ ΦΤΑΙΕΙ ΤΟ ΕΝΦΟΛΙΟ...ΦΤΑΙΕΙ Η ΚΛΙΜΑΤΙΚΗ ΑΛΛΑΓΗ ΣΤΗΝ ΤΡΙΤΗ ΔΟΣΗ https://t.co/Xv5jki8bzU
1,0.6486936,Positive,,,,,,0.24813022,"""Διεκδικούμε την αυτοδυναμία, για να συνεχίσουμε να πορευόμαστε στον ίδιο δρόμο. Ιδιαίτερα σήμερα, σε ένα αβέβαιο διεθνές περιβάλλον και µε έναν απρόβλεπτο γείτονα, η Ελλάδα χρειάζεται σταθερό τιμόνι, µε σαφή πορεία.

https://t.co/RREy77E7Fg"
1,0.5234982,Positive,,,,,,0.28990048,"Ηλεκτρικό αυτοκίνητο: Καλό για το περιβάλλον, ακριβό για την τσέπη https://t.co/JcIF9jvIzb"
0,0.065869235,Negative,,,,,,0.09761556,....ΚΛΙΜΑΤΙΚΗ ΑΛΛΑΓΗ.... ΚΑΙ ΕΤΡΩΓΕ ΚΑΙ ΑΥΤΟΣ ΠΟΛΛΑ ΑΥΓΑ #ξαφνικιτιδα https://t.co/TuUhqypszQ
0,0.14345434,Negative,,,,,,0.1490986,ΚΛΙΜΑΤΙΚΗ ΑΛΛΑΓΗ ΚΑΙ ΠΟΛΛΑ ΑΥΓΑ.... https://t.co/fyn5XzqQ88
1,0.7021914,Positive,,,,,,0.17836504,"Μετανάστες του κλίματος «γεννά» η κλιματική κρίση,
https://t.co/PPVC5akd9G,"
1,0.7252426,Positive,,,,,,0.17550328,Μετανάστες του κλίματος «γεννά» η κλιματική κρίση https://t.co/CGu6u6WKKR
0,0.48818755,Negative,,,,,,0.39198965,"Στην κλιματική αλλαγή και τις συνέπειές της στην ανθρωπότητα εστιάζει η νέα δραματική σειρά της Apple TV «Extrapolations».
Κατά κάποιο τρόπο, είναι ένα οικολογικό θρίλερ, καθώς απεικονίζει έναν πλανήτη στο χείλος της περιβαλλοντικής κρίσης, όπου τα

https://t.co/oZF0YFhmXu"
0,0.4247878,Negative,,,,,,0.32568628,"Οι χώρες της Ομάδας των 7 (G7) ανακοίνωσαν σήμερα την πρόθεσή τους να εκμηδενίσουν την ρύπανση με πλαστικά ως το 2040, κατά τη συνάντηση των υπουργών τους για το Κλίμα, την Ενέργεια και το Περιβάλλον, στο Σαπόρο της Ιαπωνίας.

https://t.co/wfP9YH6dYd"
1,0.6962178,Positive,,,,,,0.20667809,"🌏 Μετανάστες του κλίματος «γεννά» η κλιματική κρίση

#ClimateCrisis 

https://t.co/vSm8nY5Z1R https://t.co/e6cUfbjesz"
1,0.65708613,Positive,,,,,,0.19392698,Μετανάστες του κλίματος «γεννά» η κλιματική κρίση. https://t.co/ZDIPoFGmIh
0,0.41782144,Negative,,,,,,0.30334437,"Οι χώρες της Ομάδας των 7 (G7) ανακοίνωσαν σήμερα την πρόθεσή τους να εκμηδενίσουν την ρύπανση με πλαστικά ως το 2040, κατά τη συνάντηση των υπουργών τους για το Κλίμα, την Ενέργεια και το Περιβάλλον, στο Σαπόρο της Ιαπωνίας.

https://t.co/cYzQ5DMJ1L"
1,0.64466965,Positive,,,,,,0.28298545,Η κλιματική κρίση δημιουργεί μετανάστες του κλίματος https://t.co/79fxETtaIQ
0,0.3068737,Negative,,,,,,0.25405803,Βγάλανε μέχρι και “οικολογικό θρίλερ”-σειρά για την “κλιματική αλλαγή” https://t.co/erdrY96G41
0,0.4453426,Negative,,,,,,0.28461725,RT @sofokleous10: Εννέα ρεκόρ έσπασε η ενεργειακή αγορά το 2022 – Στροφή σε πράσινη ενέργεια και αυτοπαραγωγή από ΑΠΕ https://t.co/AIdjpPhS…
0,0.42211223,Negative,,,,,,0.25697112,1ο ΓΕΛ Θέρμης: Σημαντική πρωτοβουλία με bazzar ρούχων την Τετάρτη 17 Μαϊου https://t.co/zqSrFyyP14 #ΠΕΡΙΒΑΛΛΟΝ #ΣΥΜΒΟΥΛΙΟΝΕΩΝ https://t.co/1CjVDPbbAm
1,0.6247344,Positive,,,,,,0.27959388,Τα 9 ρεκόρ που έσπασε η ενεργειακή αγορά το 2022 στην Ελλάδα – Στροφή σε πράσινη ενέργεια - https://t.co/tzPbchl9pw https://t.co/uHS06oJXUQ
1,0.81349564,Positive,,,,,,0.2063685,Κλιματική αλλαγή: Η στάθμη της θάλασσας στις παράκτιες περιοχές των ΗΠΑ έχει ανέβει κατά 12 εκατοστά την τελευταία δεκαετία - https://t.co/A347sSp8BQ
1,0.58167374,Positive,,,,,,0.27796638,"Εννέα ρεκόρ έσπασε η ενεργειακή αγορά το 2022, τα οποία σηματοδοτούν όχι μόνο την μετάβαση στην πράσινη ενέργεια αλλά και την στροφή των καταναλωτών στην αυτοπαραγωγή από ανανεώσιμες πηγές, την ταχείααπεξάρτηση από το ρωσικό φυσικό αέριο και την

https://t.co/ZcJVaze93g"
1,0.7630597,Positive,,,,,,0.1722365,Δοκιμές σε αρκτικό περιβάλλον για το Hyundai IONIQ 5 N https://t.co/7aJKKFwpbs
0,0.40920952,Negative,,,,,,0.28446987,"Μαρία Κορινθίου: «Δεν ξέρω εάν θα έκανα πρωινό με τον Γιάννη Αϊβάζη. Εξαρτάται από τις συνθήκες και το περιβάλλον»

#The2NightShow #Κορινθιου

https://t.co/SIWKzuexpq https://t.co/L6Bh30jae6"
0,0.13681045,Negative,,,,,,0.10865129,ΟΛΑ ΞΑΦΝΙΚΑ....ΦΤΑΙΕΙ Η ΚΛΙΜΑΤΙΚΗ ΑΛΛΑΓΗ https://t.co/m3k69yVSqZ
0,0.16747707,Negative,,,,,,0.13948835,Αυστραλία: Δεκάδες καρέτα – καρέτα επέστρεψαν στο φυσικό τους περιβάλλον - https://t.co/HEK3RnTLp7 https://t.co/eotTCEvPR0
0,0.18339533,Negative,,,,,,0.15876508,Αυστραλία: Δεκάδες καρέτα – καρέτα επέστρεψαν στο φυσικό τους περιβάλλον - https://t.co/kKENOpMdJm https://t.co/4TcSA7Lf1i
0,0.23238295,Negative,,,,,,0.2281936,"Η #G7 εστιάζει στην #προώθηση της παγκόσμιας συμφωνίας για τη σταδιακή κατάργηση των ορυκτών καυσίμων | Ειδήσεις για την κλιματική κρίση
read more... https://t.co/2h0zBXgANo https://t.co/mQiy9AqKsK"
1,0.59623134,Positive,,,,,,0.26004156,"Φον ντερ Λάιεν: Η αποσύνδεση από την Κίνα δεν είναι βιώσιμη, επιθυμητή και πρακτική για την Ευρώπη https://t.co/BPKvg5WxMd"
1,0.679241,Positive,,,,,,0.2543803,Προσφυγή στο ΣΤΕ για την ολοκληρωμένη φυτοπροστασία της ελιάς από το Δίκτυο «Βιώσιμος Ελαιώνας https://t.co/CkxRTR300p
1,0.51870316,Positive,,,,,,0.28244397,Φον ντερ Λάιεν: Δεν είναι βιώσιμη η αποσύνδεση από την Κίνα - LarissaPress https://t.co/RL2frvFU3M
0,0.12497424,Negative,,,,,,0.1308392,Εργαστήριο από την ΕΣΗΕΜ-Θ για την ασφαλή άσκηση του δημοσιογραφικού έργου σε επικίνδυνο περιβάλλον https://t.co/c1yLUo5UQh
1,0.66352755,Positive,,,,,,0.2981463,".@vonderleyen: Η αποσύνδεση από την #Κίνα δεν είναι βιώσιμη, επιθυμητή και πρακτική για την Ευρώπη 

https://t.co/IfqsBqTDWa https://t.co/V1ctri4MYo"
0,0.44030064,Negative,,,,,,0.26959202,RT @sofokleous10: Εννέα ρεκόρ έσπασε η ενεργειακή αγορά το 2022-Στροφή σε πράσινη ενέργεια https://t.co/T2pr66chGa
0,0.044905923,Negative,,,,,,0.06837235,IPCC: «Κακά μαντάτα» για τον τουρισμό από την κλιματική κρίση https://t.co/eMrmp5Azsh
0,0.12743275,Negative,,,,,,0.15356113,"Η κλιματική αλλαγή, μια πρόκληση για τη Μεσόγειο: Ο καθηγητής Πιέρο Λιονέλο αποκλειστικά στην ΕΡΤ https://t.co/tMF5BYYROz"
1,0.58675796,Positive,,,,,,0.22291088,Κλιματική αλλαγή: Είναι καλή ιδέα να φυτέψουμε ένα τρισεκατομμύριο δέντρα - https://t.co/DD0gL1uxZS https://t.co/NI6XvdbsZo
0,0.13396558,Negative,,,,,,0.13322906,RT @sofokleous10: Οι σκιές της Credit Suisse παραμένουν στο ευρωπαϊκό τραπεζικό περιβάλλον και φαίνεται ότι… κοστίζουν https://t.co/eKShC6u…
1,0.84229803,Positive,,,,,,0.13458109,"RT @Jxo0R4D5kJiqfmn: Όταν ή κλιματική αλλαγή έρχεται,εσύ φεύγεις.
Άν νομίζεις ότι δέν σέ αφορά...
Περίμενε μέχρι μετά τίς εκλογές.
Θά τό ψη…"
0,0.2088424,Negative,,,,,,0.19504811,"Λιακόπουλος: Ειδικοί του κw#ου, τρομοκρατούν τον κόσμο με την ανύπαρκτη κλιματική αλλαγή – video https://t.co/uC6nNOiyfp"
0,0.15883191,Negative,,,,,,0.14877415,Εκπαιδευτικό εργαστήριο για την ασφαλή άσκηση του δημοσιογραφικού έργου σε επικίνδυνο περιβάλλον - https://t.co/moloZR8sHO
1,0.87371534,Positive,,,,,,0.18264206,Μουσειακή Εκπαίδευση- Κριτική και δημιουργική σκέψη στο μουσειακό περιβάλλον ⋆ TirnavosPress https://t.co/EbcrPvJAzy
1,0.88508296,Positive,,,,,,0.14980502,Μουσειακή Εκπαίδευση- Κριτική και δημιουργική σκέψη στο μουσειακό περιβάλλον https://t.co/DYXYwxdwxE
0,0.14165765,Negative,,,,,,0.15113431,RT @sofokleous10: Οι σκιές της Credit Suisse παραμένουν στο ευρωπαϊκό τραπεζικό περιβάλλον και φαίνεται ότι… κοστίζουν https://t.co/ifGlqCd…
0,0.24870953,Negative,,,,,,0.19621412,Σε σοκ ο Αλέξης Γεωργούλης μετά την καταγγελία σε βάρος του – Τι λέει το περιβάλλον του https://t.co/iS79J2TzXT #agriosxylodarmos #alexisgeorgoylis #viasmos #vryxelles
0,0.26956236,Negative,,,,,,0.22579016,"Ο ηθοποιός και πρώην Ευρωβουλευτής, σύμφωνα με το περιβάλλον του και όσα ανέφερε η Όλγα Λαφαζάνη μέσα από την εκπομπή Happy Day ενημερώθηκε την Μεγάλη Παρασκευή για την καταγγελία που εκκρεμεί σε βάρος του.

#hernewsgr 

https://t.co/EmW0uYo2Yu"
0,0.17652737,Negative,,,,,,0.19288197,"Τι λέει το περιβάλλον του Αλέξη Γεωργούλη για την καταγγελία σε βάρος του – «Είναι σε κατάσταση σοκ»

https://t.co/9qHWWADcEV"
0,0.19130862,Negative,,,,,,0.14229155,Σε σοκ ο Αλ. Γεωργούλης μετά την καταγγελία σε βάρος του – Τι λέει το περιβάλλον του https://t.co/djECmMff3v
0,0.34107322,Negative,,,,,,0.2215607,Νέες καταγγελίες σε βάρος Γεωργούλη – «Είναι σε κατάσταση σοκ» λέει το περιβάλλον του https://t.co/vTM8OQ5vSZ #alexisgeorgoylis
1,0.8652497,Positive,,,,,,0.14280003,"Επιστήμονες από Αμερική, Ευρώπη, Ελλάδα μίλησαν για την Κλιματική Αλλαγή https://t.co/KUHBDB5qjv"
0,0.12359313,Negative,,,,,,0.1146986,Εκδήλωση ενημέρωσης για την ποιότητα του αέρα στο Δήμο Θέρμης https://t.co/R91q2Gbh93 #ΕΚΔΗΛΩΣΕΙΣ #ΠΕΡΙΒΑΛΛΟΝ https://t.co/MMS353SGx5
1,0.88651854,Positive,,,,,,0.1567942,ΣΕΒ: Διαδικτυακή εκδήλωση “Innovation Ready” με τίτλο «Μία νέα οικονομία βασισμένη στην βιομηχανική συμβίωση και την πράσινη ενέργεια αναδύεται» https://t.co/gs8wVSfy8j
0,0.35960877,Negative,,,,,,0.18713078,Πως η κλιματική αλλαγή έπληξε την Ευρώπη το 2022 https://t.co/RauAisMt7q
1,0.7428858,Positive,,,,,,0.25332433,Έρχεται το 1ο Forum για την Κυκλική Οικονομία - https://t.co/eiOPQNSsIs https://t.co/3kiwrM4TVz
0,0.26383302,Negative,,,,,,0.20216034,"Το λιμάνι του Ηρακλείου μετατρέπεται σε smart port – Οι πρωτοβουλίες του διευθύνοντος συμβούλου Μηνά Παπαδάκη για την πράσινη μετάβαση | Ρεπορτάζ και ειδήσεις για την Οικονομία, τις Επιχειρήσεις, το Χρηματιστήριο, την Πολιτική https://t.co/VtGbjlxSfP"
1,0.5367874,Positive,,,,,,0.32123286,"Κλιματική αλλαγή: Η ξηρασία απειλή την Ευρώπη – Νερό με ωράριο στην Καταλονία, SOS από επιστήμονες
Πραγματικά κανένας νοήμον δεν μπορεί να διακρίνει ότι αφού βρισκόμαστε στην εποχή ελέγχου του καιρού, όλα αυτά γίνονται κατόπιν σχεδίου, άραγε ποιων κρατών, ώστε να φτάσουν τον ..."
0,0.2696382,Negative,,,,,,0.17631158,"RT @TheOpinion_News: Ευρώπη: Ξηρασία, καύσωνες, πυρκαγές – Πώς η κλιματική αλλαγή έπληξε την ήπειρο το 2022 https://t.co/LRpzgNveqB #Thessa…"
0,0.29189473,Negative,,,,,,0.19398253,"Ξηρασία, καύσωνες, πυρκαγιές: Πώς η κλιματική αλλαγή έπληξε την Ευρώπη το 2022 - https://t.co/Aysm3Zpocy https://t.co/SIYMvYTOeC"
0,0.34606662,Negative,,,,,,0.27210018,Εκθεση της ευρωπαϊκής υπηρεσίας Κοπέρνικος για την Κλιματική Αλλαγή https://t.co/eG9N3KFr3f
0,0.23323964,Negative,,,,,,0.17470479,"Ξηρασία, καύσωνες, πυρκαγές 

Πως η κλιματική αλλαγή έπληξε την Ευρώπη το 2022

Έκθεση της ευρωπαϊκής υπηρεσίας @CopernicusEU

https://t.co/BZkKgs5Roe 

#climatechange #ESOTC #EUSpace #CopernicusClimate | 📷 https://t.co/tazZ1r4Zg1

https://t.co/tkjU8Z6Zlp https://t.co/VzJHo7Iazk"
1,0.71359444,Positive,,,,,,0.30692047,"Ποτάμια και υπόγεια ύδατα στο χαμηλότερο επίπεδό τους, καύσωνες και τεράστιες πυρκαγιές: το περσινό καλοκαίρι κατέδειξε πόσο πλήττεται η Ευρώπη από την κλιματική αλλαγή, σύμφωνα με έκθεση της ευρωπαϊκής υπηρεσίας Κοπέρνικος για την Κλιματική Αλλαγή (

https://t.co/u4KUcf5EvT"
1,0.6221945,Positive,,,,,,0.24317361,Δήμος Θέρμης: Υποχρέωση καθαρισμού των οικοπέδων ενόψει της έναρξης της αντιπυρικής περιόδου https://t.co/rKA6lRMvW2 #ΔΗΜΟΤΙΚΑ #ΔΤ #ΘΕΡΜΗ #ΠΕΡΙΒΑΛΛΟΝ https://t.co/rhnwVTzfEv
0,0.392084,Negative,,,,,,0.21671434,"«SOS» εκπέμπει η Ευρώπη – Πώς η κλιματική αλλαγή έπληξε την Ήπειρο το 2022

https://t.co/TXlLVuq1aK"
1,0.6286111,Positive,,,,,,0.19127035,"Kοστολογημένο και βιώσιμο το σχέδιο ""ΚτίΖΩ"" λέει στο ΚΥΠΕ ο ΥΠΕΣ [BINTEO] https://t.co/EGDJlVRydr"
1,0.5830165,Positive,,,,,,0.19714923,"Kοστολογημένο και βιώσιμο το σχέδιο ""ΚτίΖΩ"" λέει στο ΚΥΠΕ ο ΥΠΕΣ [BINTEO] https://t.co/EGDJlVRydr 
#cyprus #housingmarket"
0,0.30544055,Negative,,,,,,0.21878079,O Dalio της Bridgewater προειδοποιεί: Το τραπεζικό σύστημα θα χρειαστεί «μεγάλες αναδιαρθρώσεις» σύντομα - Μη βιώσιμο το βάρος του χρέους https://t.co/IvumUTOPGN via @bankingnewsgr
0,0.44117337,Negative,,,,,,0.26072937,«Καμπανάκι» από τον Παγκόσμιο Οργανισμό Μετεωρολογίας: Η στάθμη των θαλασσών αυξήθηκε με περισσότερο του διπλάσιου ρυθμό https://t.co/G6sUoHqiTw #ΠΕΡΙΒΑΛΛΟΝ https://t.co/kRGF5RaQ0L
0,0.21916589,Negative,,,,,,0.14027272,Μπάμπαλος: «Διαμορφώνουμε ένα καλύτερο σχολικό περιβάλλον για τα παιδιά μας» https://t.co/3AXKFFX07T
0,0.091819994,Negative,,,,,,0.12193259,"Μόλις το 0,3% των επιστημόνων συμφωνεί ότι η ανθρωπότητα προκαλεί την κλιματική αλλαγή - Όχι το 97% όπως διέδωσε ο ΟΗΕ https://t.co/7oi8xOpc9Z via @bankingnewsgr"
1,0.7536612,Positive,,,,,,0.20510043,"Το 1ο Forum για την Κυκλική Οικονομία, στη Θεσσαλονίκη (8-10/6) https://t.co/7s5OQzAlHu"
1,0.67693496,Positive,,,,,,0.2583053,".@PetrosKokkalis: 
«Είμαστε η τελευταία γενιά με την ευκαιρία να αποτρέψουμε την κοινωνική κατάρρευση που συνοδεύει την κλιματική κρίση» 

https://t.co/dh7ikqk0FC https://t.co/Aa5PCAQKXW"
1,0.5129679,Positive,,,,,,0.27051336,"«Ημέρα της Γης»: H ΔΕΗ ηλεκτροδοτεί 4,3 εκατ. νοικοκυριά αποκλειστικά από Ανανεώσιμες Πηγές Ενέργειας

https://t.co/jjlQbw3qx2"
0,0.42206764,Negative,,,,,,0.17460178,"Αφιερωμένο στην «Ημέρα της Γης» για την κλιματική αλλαγή το doodle της 
#Google  https://t.co/4tz8W6vhGy"
1,0.6203724,Positive,,,,,,0.30393097,"Τι είπε ο άνθρωπος που πέρασαν μαζί το Πάσχα, αλλά και δύο ακόμα άνθρωποι από το φιλικό του περιβάλλον
https://t.co/eudm07HKzl

#znews #Γεωργουλης https://t.co/EsvlzNCBfG"
1,0.7952335,Positive,,,,,,0.26986295,"Έκθεση της ευρωπαϊκής υπηρεσίας Κοπέρνικος για την Κλιματική Αλλαγή: 
«Δεν θα μειωθεί η τάση της υπερθέρμανσης του πλανήτη στο εγγύς μέλλον» 

https://t.co/WAWNhONSMX"
0,0.22433308,Negative,,,,,,0.21084483,"#ΙδέεςΚαιΑπόψεις 
H κλιματική κρίση αποδεκατίζει τον Νότο
Οι δέκα χώρες που κινδυνεύουν πιο άμεσα 

Ένα κείμενο του Δ. Κωνσταντακόπουλου

https://t.co/RmMJWK70Vq"
0,0.06919894,Negative,,,,,,0.095194645,"«Στις 21 Μαΐου καλούμε τους πολίτες να πάρουμε μαζί απόφαση Αλλαγής για ένα κράτος που θα λειτουργεί με αξιοπιστία, διαφάνεια και αξιοκρατία. Με ισχυρή δημόσια υγεία και παιδεία. Με δίκαιη ανάπτυξη, που θα σέβεται το περιβάλλον και τον άνθρωπο»,

https://t.co/1A2lon69Bl"
1,0.74949175,Positive,,,,,,0.23112594,"Μεσαίες και μεγάλες επιχειρήσεις (και σε συγκεκριμένους κλάδους όπως το περιβάλλον και η δημόσια υγεία, για το σύνολο των επιχειρήσεων ανεξαρτήτως μεγέθους) θα πρέπει από εφέτος να καθιερώσουν διαύλους αναφοράς για καταγγελίες παραβάσεων της ευρωπαϊκής

https://t.co/Y7dFshDadV"
1,0.6416309,Positive,,,,,,0.20251745,"Ικανοποίηση εκφράζει η πλειονότητα των εμπόρων από την αγοραστική κίνηση την εφετινή πασχαλινή περίοδο η οποία πλησίασε τα προ πανδημίας επίπεδα μοιράζοντας αισιοδοξία στις επιχειρήσεις παρά το δυσμενές περιβάλλον.

https://t.co/NV4xeXgnis"
0,0.03921115,Negative,,,,,,0.05212416,Με ηλεκτρικά αυτοκίνητα έκαναν Test drive οι υπουργοί της Ευρωπαϊκής Ένωσης που ασχολούνται με το περιβάλλον https://t.co/z3Id3o5Q8J
1,0.5191948,Positive,,,,,,0.35336667,RT @Moneypressgr: Κλιματική αλλαγή: Έρχεται και πάλι το Ελ Νίνιο με θερμοκρασίες ρεκόρ  #moneypress https://t.co/86701BeKCg
1,0.600593,Positive,,,,,,0.3020238,Κλιματική αλλαγή: Έρχεται και πάλι το Ελ Νίνιο με θερμοκρασίες ρεκόρ  #moneypress https://t.co/86701BeKCg
1,0.5402925,Positive,,,,,,0.28226215,Κλιματική κρίση: Τι δείχνει ο “Κοπέρνικος” για το φετινό καλοκαίρι στην Ελλάδα – Πού θα κυμανθούν οι #Δημοκρατική #Ρόδος #Δωδεκάνησα https://t.co/TT5FaroLJz
0,0.39929214,Negative,,,,,,0.18323997,Ημέρα της Γης: Για την κλιματική αλλαγή το Doodle της Google https://t.co/ATysEb0vMv
0,0.23543152,Negative,,,,,,0.159776,Aegean Rebreath: ξεκίνησε η δράση για το περιβάλλον στη Νάξο https://t.co/DQgqjzcQNx μέσω @Naxos Press
0,0.4786551,Negative,,,,,,0.26864102,"Κλιματική κρίση: Άνοδος ρεκόρ στη στάθμη των θαλασσών το 2022
https://t.co/WacO61sguN"
1,0.85277635,Positive,,,,,,0.16522153,Κυκλική Οικονομία στην Πράξη: Δωρεάν διανομή 5.000 σάκων λιπάσματος στο Γεωργικό Συνεταιρισμό Κορωπίου από την Περιφέρεια Αττικής και τον ΕΔΣΝΑ https://t.co/22bWvlGjNC
1,0.9106896,Positive,,,,,,0.09054769,"Ο αριθμός των φυσικών καταστροφών, όπως πλημμύρες και καύσωνες, που οφείλονται στην κλιματική αλλαγή έχει πενταπλασιαστεί τα τελευταία 50 χρόνια https://t.co/whTYCA1i3T"
1,0.67480636,Positive,,,,,,0.27544624,Αυτές είναι οι δέκα χώρες που κινδυνεύουν πιο άμεσα από την κλιματική κρίση #j2us #Γιωργο #Πολυχρονος #ΧρονιαΠολλα #kalytera #Newcastle #Θωμα #xamogelakaipali #καληκυριακη #Ευχαριστω #καλοσαββατοκυριακο #Γεωργιες #Γεωργια https://t.co/Nxg3S3rQZ4
0,0.45174518,Negative,,,,,,0.29750672,Κλιματική κρίση: Τι δείχνει ο “Κοπέρνικος” για το φετινό καλοκαίρι στην Ελλάδα https://t.co/Jhq8iU2u35 μέσω @Naxos Press
0,0.0809162,Negative,,,,,,0.09558054,«Άτομα από το περιβάλλον του αποφεύγουν να κάνουν δηλώσεις» https://t.co/pfgtmMFThZ
0,0.102124855,Negative,,,,,,0.10828617,"Οι θέσεις του ΚΚΕ για το περιβάλλον και τις ΑΠΕ- Εκδήλωση την Κυριακή στις Σέρρες 
#ΚΚΕ #Σέρρες #ΑΠΕ #περιβάλλον #Serres
https://t.co/yAHsejucEg"
0,0.39010605,Negative,,,,,,0.29416353,Βερολίνο: Ακτιβιστές κόλλησαν στην άσφαλτο απαιτώντας άμεσα μέτρα για την κλιματική κρίση https://t.co/RTP2fxjHp0
1,0.69704956,Positive,,,,,,0.31036317,"Η 3win Action, καινοτόμος Κοινωνική Συνεταιριστική Επιχείρηση για τη βιώσιμη ανάπτυξη υλοποιεί μια έρευνα για τις προοπτικές ανάπτυξης των Δήμων της Περιφερειακής Ενότητας Ηρακλείου - Τα ευρήματα της έρευνας θα χρησιμοποιηθούν για επιστημονική ανάλυση. Η έρευνα αυτή δεν αποτελεί… https://t.co/wz344x8YZc"
0,0.2475959,Negative,,,,,,0.19367848,Πως η κλιματική αλλαγή έπηρρεάζει την στρατηγική δανειοδοτήσεων των τραπεζών https://t.co/NmGBDsEv9d #businessnewsgr
1,0.92564857,Positive,,,,,,0.09878529,Η ανθρωπότητα σε κρίσιμο σταυροδρόμι: Μπορούμε να πετύχουμε ένα βιώσιμο κλιματικά μέλλον; https://t.co/NU7OsqQg4Z
1,0.62073606,Positive,,,,,,0.20622447,"ΑΝΑΦΟΡΑ ΣΤΟΝ ΕΠΕΡΧΟΜΕΝΟ ΔΙΑΤΡΟΦΙΚΟ ΕΦΙΑΛΤΗ (Η διατροφική παράνοια που μας σερβίρεται ως «βιώσιμη επανάσταση»)
https://t.co/bLPg6wiyqP"
0,0.3604054,Negative,,,,,,0.16886707,ΕΚΔΗΛΩΣΗ – ΣΥΖΗΤΗΣΗ: ΟΙ ΘΕΣΕΙΣ ΤΟΥ ΚΚΕ ΓΙΑ ΤΟ ΠΕΡΙΒΑΛΛΟΝ ΚΑΙ ΤΙΣ ΑΠΕ -  https://t.co/Nq0EBsyrBp
0,0.20657673,Negative,,,,,,0.17596003,"Χάρι Μπελαφόντε: «Στο φτωχό περιβάλλον, βρίσκω μεγάλη έμπνευση» https://t.co/PGeZ0aKvPW #ΑΡΘΡΑ #ΑΚΤΙΒΙΣΤΗΣ #ΗΘΟΠΟΙΟΣ #ΤΡΑΓΟΥΔΙΣΤΗΣ By https://t.co/p9zfHynwcm https://t.co/HsPSRzjHFa"
1,0.79850847,Positive,,,,,,0.16982111,"Η Extreme E  και ο επίσημος συνεργάτης για την αειφορία EY μοιράζονται το #αποτύπωμα #άνθρακα της σεζόν 2. #ontimenewsgr
https://t.co/53mrtuRcRP"
1,0.94164765,Positive,,,,,,0.10477323,"Οι αυτόκλητοι άριστοι θεωρούν ότι η ανθρωπότητα απειλείται από τον υπερπληθυσμό και την κλιματική αλλαγή
https://t.co/yskpDz2EEh"
1,0.79912275,Positive,,,,,,0.22142301,"Sigmataf «Θηλυκός προς το Περιβάλλον» | Νέο άλμπουμ

Ο στίχος είναι ελληνόφωνος κι ο ήχος του φλερτάρει με την indie electronica, και είναι αρκετά πιο “smooth”, όπως ο ίδιος τον χαρακτηρίζει σε σχέση με τις προηγούμενες δουλειές του.

https://t.co/gFW25idtL9"
1,0.86709285,Positive,,,,,,0.17389856,"Κατ. Σακελλαροπούλου στο @delphi_forum: 

«Μέσα σε ένα περιβάλλον γεωπολιτικών ανακατατάξεων, η Ελλάδα ατενίζει το μέλλον με αισιοδοξία και αυτοπεποίθηση»

https://t.co/dTApV50kac

#delphiforum https://t.co/SErpfJX5IK"
1,0.7668577,Positive,,,,,,0.20807739,Κ.Μάκαρης | Η Δημοτική Αρχή Ναυπλίου αδιαφορεί για το περιβάλλον https://t.co/0hwIMSOQbK μέσω @Arena News | Ηλεκτρονική εφημερίδα της Πελοποννήσου
0,0.11564967,Negative,,,,,,0.13807541,"RT @PIOcy: Το Προεδρικό Μέγαρο καθίσταται πρότυπο μετάβασης στην κυκλική οικονομία. «Το Μηδέν, Το Μείζον» 
➡️ https://t.co/WTecPm2euM https…"
0,0.06749902,Negative,,,,,,0.09491952,"Το κολοσσιαίο σχέδιο των Ηνωμένων Πολιτειών για να επιταχύνουν τη μετάβαση προς την πράσινη ενέργεια είναι «πολύ επικίνδυνο για την Ευρώπη», προειδοποίησε σήμερα ο εκτελεστικός πρόεδρος της Airbus καικάλεσε τη Γηραιά Ήπειρο να προχωρήσει πέρα από τα

https://t.co/B1XFBykMRJ"
0,0.25188813,Negative,,,,,,0.22444561,RT @LykavitosGr: Λέκκας: Ίσως να έχουμε το πιο θερμό καλοκαίρι - Τα σενάρια για θερμοκρασίες 48-50 βαθμών  #κλιματική_κρίση #καύσωνας https…
0,0.28717968,Negative,,,,,,0.27717826,RT @LykavitosGr: Λέκκας: Ίσως να έχουμε το πιο θερμό καλοκαίρι - Τα σενάρια για θερμοκρασίες 48-50 βαθμών  #κλιματική_κρίση #καύσωνας https…
1,0.5367039,Positive,,,,,,0.30979082,"Η #Δύση μετατρέπει την #Ουκρανία σε #ραδιενεργό #νεκροταφείο – Τεράστιες συνέπειες σε ανθρώπους, περιβάλλον https://t.co/JWVPLyciRS via @bankingnewsgr"
0,0.07334839,Negative,,,,,,0.0955461,Γρηγόρης Αρναούτογλου: «Στο στενό οικογενειακό μου περιβάλλον έχουμε υιοθετήσει παιδί 10 χρονών» https://t.co/WdtMrRiWUT
1,0.57377714,Positive,,,,,,0.38699496,"Για την κλιματική αλλαγή και το σενάριο τρόμου για θερμοκρασίες έως και 50 βαθμούς στην Ελλάδα, μίλησε ο καθηγητής Γεωλογίας και Διαχείρισης Φυσικών Καταστροφών, Ευθύμιος Λέκκας.

Τα σενάρια για τη θερμοκρασία το φετινό καλοκαίρι στην πρωτεύουσα

https://t.co/H3vAL13kKB https://t.co/TWLn2GU072"
0,0.20190121,Negative,,,,,,0.19170672,Η κλιματική αλλαγή χτυπάει τα χαρτοφυλάκια των τραπεζών https://t.co/8F9G1j6Dtu
1,0.8171665,Positive,,,,,,0.20952177,"Στόχος είναι μέχρι το 2029 όλες οι επιχειρήσεις της Ευρώπης, ανεξαρτήτου μεγέθους και προέλευσης τους να ελέγχονται για τις επιπτώσεις τους στο περιβάλλον και τον άνθρωπο, αλλά και να διασφαλίζουν τηνορθή χρήση των οικονομικών τους πόρων, ώστε να

https://t.co/FxVm0GaENs"
1,0.91603446,Positive,,,,,,0.124595396,Έως 3.000 τόνοι CO2 ετησίως: Το όφελος για το περιβάλλον από την προστασία έναντι στην εξόρυξη κρυπτονομισμάτων https://t.co/7tMTa46ofm https://t.co/zPCa25Ww1c
0,0.11218013,Negative,,,,,,0.14194262,Περισσότερα τα κουνούπια σε περιοχές της Κεντρικής Μακεδονίας λόγω των βροχών του Απριλίου - Η εφαρμογή στα κινητά που κάνει... πρόβλεψη https://t.co/i2kduBCCvu #ΕΦΑΡΜΟΓΕΣ #ΚΟΥΝΟΥΠΙΑ #ΠΕΡΙΒΑΛΛΟΝ #ΠΕΡΙΞ https://t.co/c4gAReWcq2
0,0.37013426,Negative,,,,,,0.2659565,"Τεράστιες συνέπειες σε ανθρώπους, περιβάλλον
 https://t.co/ZONmfCbI3W"
1,0.61216646,Positive,,,,,,0.19517446,“Το Περιβάλλον και Eγώ” Ψηφιακή Παράσταση VR Edition https://t.co/2a24F5NtKV
1,0.89054835,Positive,,,,,,0.10291159,"Σακελλαροπούλου: Μέσα σε ένα περιβάλλον γεωπολιτικών ανακατατάξεων η Ελλάδα ατενίζει το μέλλον με αισιοδοξία

https://t.co/RSg1sy0idN"
1,0.5346766,Positive,,,,,,0.28563216,Οι ακραίοι καύσωνες πρόκειται να αυξηθούν καθώς εντείνεται η κλιματική κρίση και θα πλήξουν περιοχές του πλανήτη https://t.co/Un6tO5wZkh
1,0.6751524,Positive,,,,,,0.22630267,Μαστροπεία: Σε ασφαλές περιβάλλον η 14χρονη που το έσκασε από δομή και την εξέδιδαν https://t.co/GtR1rQOEtp
0,0.27480915,Negative,,,,,,0.24079362,Σε ασφαλές περιβάλλον η 14χρονη που είχε πέσει θύμα μαστροπείας στη Νέα Σμύρνη https://t.co/ZcnHeTPpmN
0,0.40550083,Negative,,,,,,0.2600689,RT @atsipras: Ζητάω ισχυρή λαϊκή εντολή με νίκη του ΣΥΡΙΖΑ για να σχηματίσουμε προοδευτική κυβέρνηση συνεργασίας την επόμενη των εκλογών. Τ…
1,0.72985315,Positive,,,,,,0.1955739,"RT @NikosDendias: Η 🇬🇷πρεσβεύοντας τον διάλογο, τη διπλωματία, τη δημοκρατία, θα επικεντρωθεί σε 6 άξονες προτεραιοτήτων, εφόσον εκλεγεί: ε…"
0,0.11257516,Negative,,,,,,0.13325107,Ανατολική Αφρική: Η κλιματική αλλαγή επιδεινώνει την «ιστορική» ξηρασία https://t.co/TqomnJmqL0
0,0.34584588,Negative,,,,,,0.2546078,RT @MichaelidouAth: Πρωινή επίσκεψη στο Γυμνάσιο Αγλαντζιάς. Μαζί με τους/τις μαθητές/τριες και τις/τους εκπαιδευτικούς μας. Καινοτόμα προγ…
1,0.66172713,Positive,,,,,,0.27511314,"Η ξηρασία ρεκόρ στο Κέρας της Αφρικής οφείλεται στην #κλιματική_αλλαγή

https://t.co/wPrwztagI0

#ClimateCrisis #Africa https://t.co/ymQegIZcxZ"
0,0.2929909,Negative,,,,,,0.2553913,Σε ασφαλές περιβάλλον η 14χρονη που είχε πέσει θύμα μαστροπείας στη Νέα Σμύρνη https://t.co/VFH4NdnY7i #aniliki #mastropeia #neasmyrni
1,0.6865428,Positive,,,,,,0.23828739,Νέα Σμύρνη: Σε ασφαλές περιβάλλον η 14χρονη που το έσκασε από δομή και την εξέδιδαν - https://t.co/IMKuNW5UcS https://t.co/z5jtRugzQi
1,0.6686952,Positive,,,,,,0.24560742,Νέα Σμύρνη: Σε ασφαλές περιβάλλον η 14χρονη που το έσκασε από δομή και την εξέδιδαν - https://t.co/0iEjitWJgv https://t.co/P5DCP9jrd3
0,0.27613553,Negative,,,,,,0.20027621,"Γρ. Τάσιος: «Τα Ζερβοχώρια Χαλκιδικής αξίζουν και μπορούν να έχουν βιώσιμη τουριστική ανάπτυξη» - https://t.co/eiOPQNSsIs https://t.co/EZKPKfT6ck 
@Grigoristasios #Ζερβεροχώρια #Χαλκιδική #Υποψήφιος_Βουλευτής #Τουριστική_Ανάπτυξη"
1,0.67070633,Positive,,,,,,0.2845671,Κλιματική Αλλαγή: Ξηρασία ρεκόρ στο Κέρας της Αφρικής – Εκατομμύρια άνθρωποι έχουν άμεση ανάγκη ανθρωπιστικής βοήθειας https://t.co/4rFWclMTX6
0,0.2550537,Negative,,,,,,0.1563029,"RT @sofokleous10: Λαιμός (Enesel): Η ελληνική ναυτιλία, πιστή στη δέσμευσή της για το περιβάλλον https://t.co/yI9Az3UR92"
1,0.8708802,Positive,,,,,,0.13584104,Ο Ευθύμιος Λέκκας στη Λάρισα για την παρουσίαση του Προγράμματος Επιμόρφωσης στην Διαχείριση Κινδύνων &amp; Κρίσεων στο Σχολικό Περιβάλλον στην Περιφέρεια Θεσσαλίας - LarissaPress https://t.co/VTE3M0SsLC
0,0.45421228,Negative,,,,,,0.2013584,RT @ilianewskoukos: ΕΠΣΗ/Παρασκήνιο: Το σενάριο πρόωρων εκλογών και γιατί το φοβάται το περιβάλλον Κουλούρη https://t.co/WWMwouJxzy
0,0.4373921,Negative,,,,,,0.18238044,ΕΠΣΗ/Παρασκήνιο: Το σενάριο πρόωρων εκλογών και γιατί το φοβάται το περιβάλλον Κουλούρη https://t.co/WWMwouJxzy
0,0.07530542,Negative,,,,,,0.08665967,"Ø Μείωση σπατάλης τροφίμων
Ø Προστατεύουμε το περιβάλλον
Ø Δημοσιογραφική διάσκεψη για τη σπατάλη τροφίμων του συγχρηματοδοτούμενου από την ΕΕ έργου Life FoodPrint για ενημέρωση καταναλωτών, επιχειρήσεων και ενδιαφερομένων φορέων. https://t.co/dSSprTQBVr https://t.co/7IfvELqElr"
0,0.44810054,Negative,,,,,,0.24798982,"Το φετινό θέμα που ορίστηκε από τη Διεθνή Οργάνωση Εργασίας (ΔΟΕ) είναι: «Ένα ασφαλές και υγιές εργασιακό περιβάλλον είναι θεμελιώδης αρχή και δικαίωμα στην εργασία».

https://t.co/SDdeLmmz0p https://t.co/aURRNlr191"
1,0.50567293,Positive,,,,,,0.3142058,Η «Ολυμπος» στηρίζει το Larissa Cycling Forum και τη βιώσιμη κινητικότητα στη Λάρισα https://t.co/Ka60FCElu3
0,0.44512582,Negative,,,,,,0.29512113,Η «Όλυμπος» στηρίζει τη βιώσιμη κινητικότητα στη Λάρισα - LarissaPress https://t.co/H1H4ECpYKG
0,0.4696494,Negative,,,,,,0.34678042,"Το Μονακό προστίθεται σε πόλεις όπως η Βενετία, η Βαρκελώνη &amp; το Ντουμπρόβνικ που επιχειρούν να σταματήσουν την ανεξέλεγκτη αποβίβαση χιλιάδων τουριστών καθημερινά, που προκαλούν σοβαρή επιβάρυνση στις υποδομές &amp; στο περιβάλλον τους αφήνοντας δυσανάλογα μικρά οικονομικά οφέλη."
1,0.7371135,Positive,,,,,,0.20248581,"Η κλιματική αλλαγή είναι πλέον αναπόσπαστο κομμάτι των συζητήσεων στον κόσμο των επιχειρήσεων αφού οι συνέπειες της είναι ικανές να επηρεάσουν την επιχειρηματική δραστηριότητα σε πολλούς τομείς.

https://t.co/eh0OF4np1z https://t.co/MfAhVf0Ema"
0,0.11695371,Negative,,,,,,0.15025017,Μίνα Γκάγκα: «Από την κακή κατανομή υγειονομικού προσωπικού σε ένα βιώσιμο σύστημα υγείας» https://t.co/siovcbgO4h
0,0.31371868,Negative,,,,,,0.18972546,Βιώσιμη ανάπτυξη και ελληνικός τουρισμός (του Γεώργιου Μεσσήνη) https://t.co/rHRw4ghxFh https://t.co/8xx3DsKySQ
1,0.5635708,Positive,,,,,,0.23807964,"Ο ρόλος και ο σκοπός των ESG στην κοινωνία, το περιβάλλον και την οικονομία https://t.co/PqXZN1Nze0 https://t.co/iXdxYvefYn"
1,0.96951616,Positive,,,,,,0.062464617,Η συνεργασία προϋπόθεση για ένα πιο βιώσιμο και κερδοφόρο μέλλον https://t.co/umTYd64GVz
0,0.1490739,Negative,,,,,,0.11637014,"Η Γερμανία, η Ολλανδία και η Γαλλία μαζί με τρεις άλλες χώρες ζητούν από την ΕΕ να υιοθετήσει δεσμευτικούς κανόνες προκειμένου να περιοριστούν τα μικροπλαστικά που μολύνουν το περιβάλλον και τα οποία έχουν εντοπιστεί στον ανθρώπινο οργανισμό, τους

https://t.co/ZLMOB0zZbW"
1,0.52378297,Positive,,,,,,0.26456696,"Έξι χώρες ζητούν από την Κομισιόν να υιοθετήσει δεσμευτικούς κανόνες για τον περιορισμό των μικροπλαστικών

https://t.co/at4hzwumZG

#περιβαλλον @EU_Commission https://t.co/oTN6O0FBWf"
1,0.713349,Positive,,,,,,0.2016722,RT @sofokleous10: Ανανεώσιμες Πηγές Ενέργειας σε έναν κόσμο με μηδενικό ισοζύγιο https://t.co/kZ1wDkw9mg
0,0.3213887,Negative,,,,,,0.18467124,Κλιματική αλλαγή: Η ξηρασία απειλεί την Ευρώπη - https://t.co/gvcjDaTA7Q https://t.co/G9ZCnXyGgz
1,0.8655864,Positive,,,,,,0.18422942,Εξελίξεις σχετικά με το έργο ΣΔΙΤ της διαχείρισης απορριμμάτων. Χρονοδιάγραμμα λειτουργίας ολοκληρωμένης διαχείρισης στις μονάδες Καλλιρρόης Μεσσηνίας και της Σκάλας Λακωνίας. https://t.co/7yxkwXCCCd #σδιτ #πελοπόννησος #Νικολάκου #ontimenewsgr #απορρίμματα  #περιβάλλον
0,0.18971251,Negative,,,,,,0.18263362,"Διαδραστικές oμιλίες σε Βυρώνεια, Καστανούσσα και Ν. Πετρίτσι με θέματα «Σχέσεις σχολείου – οικογένειας» και «Τεχνικές επικοινωνίας – Διαχείριση συγκρουσιακών καταστάσεων στο οικογενειακό και σχολικό περιβάλλον» 
#Δήμος_Σιντικής #Serres
https://t.co/oje9x0qsr9"
1,0.9568641,Positive,,,,,,0.052377656,Πιλοτικό πρόγραμμα διαχείρισης κινδύνων και κρίσεων στο σχολικό περιβάλλον στην Περιφέρεια Θεσσαλίας https://t.co/fxCBjBII5i μέσω @mouzakinews.gr
1,0.87744117,Positive,,,,,,0.14151323,Πιλοτικό πρόγραμμα διαχείρισης κινδύνων και κρίσεων στο σχολικό περιβάλλον στην Περιφέρεια Θεσσαλίας https://t.co/q7B8NCMUOU
0,0.07374368,Negative,,,,,,0.09729311,Από την κακή κατανομή υγειονομικού προσωπικού σε ένα βιώσιμο σύστημα υγείας https://t.co/WDli9HETBI https://t.co/EyeMxsJnZq
1,0.7839857,Positive,,,,,,0.22602908,Ενεργειακή μετάβαση - Πράσινη Ενέργεια: Η Ελλάδα ως ενεργειακό HUB και οι προοπτικές https://t.co/Vg0cfEQejH via @bankingnewsgr
0,0.4269169,Negative,,,,,,0.27550223,"H κλιματική κρίση αποδεκατίζει τον Νότο - Οι δέκα χώρες που κινδυνεύουν πιο άμεσα,
https://t.co/axBgjIcoz9,"
1,0.92824495,Positive,,,,,,0.11714106,Πιλοτικό πρόγραμμα διαχείρισης κινδύνων και κρίσεων στο σχολικό περιβάλλον στην Περιφέρεια Θεσσαλίας - Συμμετέχουν 29 σχολικές μονάδες και 89 εκπαιδευτικοί -Λέκκας: Ξεκινάμε από τη Θεσσαλία γιατί εδώ αντιμετωπίσαμε άμεσα και αποτελεσματικά όλες τις κρίσεις https://t.co/2XgmrnQ0oG
0,0.10835602,Negative,,,,,,0.12729457,"RT @PanagiotisMylo6: Γεωλόγος Ian Plimer σχετικά με την κλιματική απάτη: ""Δεν έχει να κάνει με το κλίμα Δεν έχει καμία σχέση με την επιστήμ…"
0,0.10661545,Negative,,,,,,0.11392331,ΦΤΑΙΕΙ Η ΚΛΙΜΑΤΙΚΗ ΑΛΛΑΓΗ ΚΑΙ ΤΑ ΑΥΓΑ ΠΟΥ ΕΤΡΩΓΕ  ΔΕΝ ΗΤΑΝ ΗΜΕΡΑΣ....#ξαφνικιτιδα https://t.co/ge3qCR0MQp
1,0.8874023,Positive,,,,,,0.13854784,Πιλοτικό πρόγραμμα διαχείρισης κινδύνων και κρίσεων στο σχολικό περιβάλλον https://t.co/0ykX2B8wd4
1,0.7073424,Positive,,,,,,0.22520323,Θα μετράνε ανά προϊόν το αποτύπωμα άνθρακα!!!! Τι προτάθηκε για τον πράσινο φόρο στο Φόρουμ των Δελφών… https://t.co/GPLKypjhJO
1,0.61966,Positive,,,,,,0.23284529,ΜέΡΑ25 – Συμμαχία για τη Ρήξη: Σημαντική η προσθήκη της θεματικής για το Περιβάλλον στο debate - LarissaPress https://t.co/BXLx7qCQ8e
0,0.4899716,Negative,,,,,,0.3804459,"Η σκόνη και οι κίνδυνοι για την ανθρώπινη υγεία, η κλιματική κρίση κι η ποιότητα του αέρα
#alphanewslive #cyprus
https://t.co/LlJDOSDwEv"
1,0.9058934,Positive,,,,,,0.1621054,Η μεγάλη ενεργειακή απάτη: Τι κρύβεται πίσω από επενδύσεις ύψους... 5 τρισεκ. δολαρίων για ανανεώσιμες πηγές ενέργειας https://t.co/ZDfaSNplNZ via @bankingnewsgr
1,0.91907156,Positive,,,,,,0.13870722,"RT @h_doukas: Με τον όρο ""βιώσιμο χρέος"", χάθηκε η έννοια της βιωσιμότητας.
Ακολουθούν οι 10 χώρες με το μεγαλύτερο χρέος (% του ΑΕΠ):
🇬🇷 G…"
0,0.07184179,Negative,,,,,,0.059595957,"@h_doukas Βιώσιμο και χρέος δεν γινεται. Ειτε θα εισαι βιωσιμος, ειτε θα χρωστας. Εχουν κανει την γλωσσα μας ξεσκονοπανο..."
1,0.9071576,Positive,,,,,,0.12919958,Η μεγάλη ενεργειακή απάτη: Τι κρύβεται πίσω από επενδύσεις ύψους... 5 τρισεκ. δολαρίων για ανανεώσιμες πηγές ενέργειας https://t.co/oqsY0wUhO0 via @bankingnewsgr
0,0.07036147,Negative,,,,,,0.10210483,Η κλιματική αλλαγή καταστρέφει τα καφεόδεντρα στην Αφρική και απειλεί τον καφέ https://t.co/T9nxpIUZwH
1,0.65792376,Positive,,,,,,0.3043623,"Εκτός από τις επιπτώσεις στο περιβάλλον, στην ποιότητα της ζωής και του αέρα που αναπνέουμε, η κλιματική αλλαγή δημιουργεί νέες συνθήκες σε μία σειρά τομέων, όπως είναι ο εργασιακός. Νέα επαγγέλματα ήκαι παλιότερα με νέο ρόλο έχουν έρθει πλέον στο

https://t.co/1O63NKp1oi"
0,0.4249683,Negative,,,,,,0.2614953,"Προφητικός ο Φιντέλ Κάστρο απ το 2009 είχε προβλέψει:ο κόσμος παλεύει με οικονομικές κρίσεις, πανδημίες,κλιματική αλλαγή,κινδύνους πολέμου..+υπάρχουν ακόμα κάποιοι που φαντάζονται ότι οι άνθρωποι μπορούν να χειραγωγηθούν σαν μαριονέτες
#covid19 #κορωνοιος
https://t.co/M771w423fg"
0,0.3111938,Negative,,,,,,0.25567606,Πώς η κλιματική αλλαγή απειλεί τον… καφέ - https://t.co/IjylctIQ06 https://t.co/xNo9sH1BjZ
0,0.29480612,Negative,,,,,,0.1988214,ΜέΡΑ25 για περιβάλλον-κλιματική κρίση: Όλα μπορούν να είναι αλλιώς https://t.co/2Y4yaRxtu2
0,0.16181293,Negative,,,,,,0.15729003,RT @LykavitosGr: Σπάνε όλα τα ρεκόρ οι πωλήσεις ιδιωτικών τζετ - «Καμπανάκι» για καταστροφή του περιβάλλοντος  #ιδιωτικά_τζετ #κλιματική_κρ…
0,0.14810336,Negative,,,,,,0.12271315,RT @LykavitosGr: Σπάνε όλα τα ρεκόρ οι πωλήσεις ιδιωτικών τζετ - «Καμπανάκι» για καταστροφή του περιβάλλοντος  #ιδιωτικά_τζετ #κλιματική_κρ…
0,0.48585385,Negative,,,,,,0.2675885,"Το @mera25_gr  για τη Ρήξη, για περιβάλλον-κλιματική κρίση: Όλα μπορούν να είναι αλλιώς

https://t.co/GptDmqoptO https://t.co/58SildbNgC"
0,0.39087448,Negative,,,,,,0.25245464,ΜέΡΑ25: «Όλα μπορούν να είναι αλλιώς σε περιβάλλον και κλιματική κρίση» (vid) https://t.co/HX4QAyApBx
0,0.16651066,Negative,,,,,,0.1838895,επιχείρησης του αλλά και σε πιο μακροπρόθεσμο ορίζοντα ιδιαίτερα με τις συνθήκες που διαμορφώνει σήμερα το εξωτερικό περιβάλλον.
0,0.17278095,Negative,,,,,,0.17772074,Oι ήδη υψηλές θερμοκρασίες σε πολλές περιοχές της Ευρώπης δημιουργούν ανησυχίες πως το κλίμα και το περιβάλλον της Β. Μεσογείου μπορεί σε όχι πολλά χρόνια να μοιάζει με εκείνο της Β. Αφρικής και της Μ. Ανατολής. https://t.co/8jxxQe4cxu
1,0.6999726,Positive,,,,,,0.30141023,"Σε ένα περιβάλλον που μπορεί να χαρακτηριστεί ως το δυσκολότερο μετά τον 2ο Παγκόσμιο Πόλεμο, οι επιχειρήσεις τόσο στη χώρα μας αλλά και ανά τον κόσμο είναι αντιμέτωπες με μία σειρά από προκλήσεις που απειλούν καθημερινά τη βιωσιμότητα τους.

https://t.co/hfeQbc4NTu https://t.co/F52vz1y3KT"
0,0.18526386,Negative,,,,,,0.11023919,"Γιώργος Αρμένης: Περιβάλλον, κλιματική κρίση και η Ζάκυνθος https://t.co/m0Zhl6HRLT"
1,0.93642515,Positive,,,,,,0.09436724,Μπερμπάτη (Τρ. Πειραιώς): Εφικτή και οικονομικά βιώσιμη η μετάβαση σε μία οικονομία χωρίς εκπομπές άνθρακα #businessnewsgr https://t.co/2ptVxVIIdm
1,0.7971968,Positive,,,,,,0.12414958,"Καραλαριώτου: «Βιώσιμη γεωργία, στήριξη στους παραγωγούς» - LarissaPress https://t.co/OEcE5kWL8X"
0,0.12239545,Negative,,,,,,0.1057745,"RT @TheOpinion_News: Το 1ο Φεστιβάλ, Παιδί, Διατροφή και Περιβάλλον στη Θεσσαλονίκη #Thessaloniki #skg #TheOpinion https://t.co/fJLUCM6c0I"
1,0.55830324,Positive,,,,,,0.2381038,Μελέτη BCG: Επενδύοντας σε μια πράσινη οικονομία υδρογόνου #businessnewsgr https://t.co/BlUlxFHSEt
1,0.6531693,Positive,,,,,,0.26942834,"ΙΕΚ Τουρισμού Μακεδονίας: Στο ‘μικροσκόπιο’ η βιώσιμη τουριστική διαχείριση στην παράκτια ζώνη Δήμου Θερμαϊκού https://t.co/eiOPQNSsIs https://t.co/B8TTIKXVBs 
#Τουρισμός #Δήμος_Θερμαϊκού"
1,0.85696214,Positive,,,,,,0.19403793,Εκδήλωση για την παρουσίαση της Έκθεσης «Η Ανθεκτικότητα των Ελληνικών Δασικών Οικοσυστημάτων στην Κλιματική Αλλαγή» της Επιτροπής για την Ανθεκτικότητα των Ελληνικών Δασικών Οικοσυστημάτων στην Κλιματική Αλλαγή-ΕΑΔΟ https://t.co/zKVpgYnmUB https://t.co/3kWEeroCDO
1,0.5484148,Positive,,,,,,0.26334476,"RT @stavroforos_: ""Στενές επαφές του κομματάρχη Κανελλόπουλου με το περιβάλλον Μητσοτάκη!Όπως αποδείχτηκε &amp; με την έγκριση συμμετοχής στις…"
0,0.062343344,Negative,,,,,,0.12008409,ΕΙΠΑΜΕ.... ΦΤΑΙΕΙ Η ΚΛΙΜΑΤΙΚΗ ΑΛΛΑΓΗ ΚΑΙ ΤΑ ΠΟΛΛΑ ΑΥΓΑ....ΘΑ ΤΡΩΤΕ ΜΟΝΟ ΑΥΓΑ ΣΤΡΟΥΘΟΚΑΜΗΛΟΥ... https://t.co/ydBkebMc9Y
0,0.05067292,Negative,,,,,,0.10001794,RT @pantislawoffice: Για δεύτερη χρονιά η #Ελλαδα στην θλιβερή τελευταία θέση μεταξύ των χωρών της #ΕΕ στην ελευθερία του τύπου ... χειρότε…
1,0.8698502,Positive,,,,,,0.12955064,"https://t.co/ioRPRjiITw
Να και ένα καλό νέο! 
#περιβάλλον"
1,0.68219596,Positive,,,,,,0.28984857,Ανδρεάδη (Sani/Ikos): Ελλάδα και Μεσόγειος μπορούν να οδηγήσουν τη βιώσιμη τουριστική ανάπτυξη μέσω ESG #businessnewsgr https://t.co/ak9BY604ys
1,0.67061514,Positive,,,,,,0.20243998,"Στις μέρες, μας το οικονομικό περιβάλλον παγκοσμίως μεταβάλλεται ραγδαία, θέτοντας τις επιχειρήσεις ενώπιον σημαντικών και πολυεπίπεδων https://t.co/TJ83YHM2K3 https://t.co/x8AHqkgzS5"
0,0.09106061,Negative,,,,,,0.097899854,Κλιματική αλλαγή: Πρόθυμοι οι Ευρωπαίοι για την καταπολέμηση της αλλά απρόθυμοι να αλλάξουν τρόπο ζωής τους https://t.co/QVIZBQtsRg
0,0.1607391,Negative,,,,,,0.17410147,"Κλιματική αλλαγή: Πρόθυμοι οι Ευρωπαίοι για την καταπολέμηση της αλλά απρόθυμοι να αλλάξουν τρόπο ζωής τους,
https://t.co/dciA0PQBeb,"
0,0.16431025,Negative,,,,,,0.13585463,Οι 5 καλύτερες τροφές για το περιβάλλον και οι 5 χειρότερες https://t.co/tRD0wGgdB9 https://t.co/KrQMxljWzf
0,0.22404166,Negative,,,,,,0.15729022,"Εκδήλωση του ΚΚΕ για το περιβάλλον και τις ΑΠΕ- Οι τοποθετήσεις των ομιλητών 
#ΚΚΕ #Σέρρες #ΑΠΕ #περιβάλλον #Serres
https://t.co/cgAyMkNMG0"
0,0.068619505,Negative,,,,,,0.15211847,"♻️ Μια μεγάλη γιορτή για το περιβάλλον και τα παιδια, αυτή την Κυριακή 7/5, στις 11 το πρωί στο Πολιτιστικό Κέντρο Γέρακα.

Βραβεύουμε :🔸Τους μαθητές όλων των σχολείων για τις επιδόσεις τους στον φετινό 7ο Μαραθώνιο Ανακύκλωσης🔸Τα καλύτερα έργα του

https://t.co/hKQgJMoIWo https://t.co/gumXDKhUKI"
1,0.5208159,Positive,,,,,,0.29098243,"“In” η Ελλάδα λέει η TUI | Κρήτη, Κέρκυρα, Κως και Ρόδος σημείο αναφοράς για τους ταξιδιώτες - “Φάρος” για τον βιώσιμο τουρισμό η Ρόδος -"
0,0.24530862,Negative,,,,,,0.15660425,Τύρναβος: Δράση ευαισθητοποίησης στους μαθητές με θέμα: Συγκρούσεις – Διαφωνίες στο σχολικό περιβάλλον - LarissaPress https://t.co/aNA5X1TAUj
1,0.50330853,Positive,,,,,,0.25313497,"TUI: Κρήτη, Κέρκυρα, Κως και Ρόδος σημείο αναφοράς για τους ταξιδιώτες – “Φάρος” για τον βιώσιμο τουρισμό η #Δημοκρατική #Ρόδος #Δωδεκάνησα https://t.co/U0HZmg4kZt"
1,0.8014653,Positive,,,,,,0.2157541,"ΜακΚίσικ: Να απαντήσουμε στη δύναμη με περισσότερη δύναμη, θέλουμε από τον κόσμο εχθρικό περιβάλλον στο ΣΕΦ #athlosnews #ΑΘΛΟΣ https://t.co/WRZwdOnSSW"
0,0.27319992,Negative,,,,,,0.21919902,Ένωση για τη Μεσόγειο: Η αύξηση της θερμοκρασίας στη Μεσόγειο και το νέο Στρατηγικό Σχέδιο για βιώσιμη αστική ανάπτυξη https://t.co/7oeaXIDEWa
1,0.8826124,Positive,,,,,,0.14366366,"Αντώνης Καμπουράκης: Σύγχρονη και Βιώσιμη, Μεσαιωνική Πόλη Ρόδου #Δημοκρατική #Ρόδος #Δωδεκάνησα https://t.co/gkvypE4Uxz"
1,0.56207186,Positive,,,,,,0.25122955,Κυριάκος Μητσοτάκης: Αδύνατο να προκύψει βιώσιμη κυβέρνηση στις 21 Μαΐου https://t.co/MjQqcAuhUF
0,0.33056802,Negative,,,,,,0.22833608,RT @TheOpinion_News: Μητσοτάκης: Αδύνατο να προκύψει βιώσιμη κυβέρνηση στις 21 Μαΐου (VIDEO) #Thessaloniki #skg #TheOpinion https://t.co/S0…
0,0.049061514,Negative,,,,,,0.087209806,Ο καύσωνας του Απριλίου στη Μεσόγειο θα ήταν «σχεδόν αδύνατος» χωρίς την κλιματική αλλαγή #businessnewsgr https://t.co/bApQSrHcLs
1,0.52718455,Positive,,,,,,0.27853525,"#Εκλογές
Συνέντευξη ΑΠΕ-ΜΠΕ   
Δέσποινα Δαλαμπούρα: 
«Διακύβευμα των εκλογών είναι η δημιουργία μιας ανθεκτικής και συνεκτικής κοινωνίας, μέσα από μια δίκαιη και βιώσιμη ανάπτυξη»

#Εκλογες_21__Μαιου #Εκλογές2023 

https://t.co/DMmdTANIYj"
0,0.10176417,Negative,,,,,,0.13336496,Μελέτη: Ο καύσωνας του Απριλίου στη Μεσόγειο θα ήταν «σχεδόν αδύνατος» χωρίς την κλιματική αλλαγή https://t.co/aiXnq88Ofu
0,0.12008813,Negative,,,,,,0.119011626,"RT @LykavitosGr: Βιετνάμ: Οι αρχές κατέγραψαν θερμοκρασία ρεκόρ 44,1 βαθμών Κελσίου  #Βιετνάμ #καύσωνας #κλιματική_κρίση https://t.co/iynmL…"
0,0.13674526,Negative,,,,,,0.18631957,"RT @LykavitosGr: Βιετνάμ: Οι αρχές κατέγραψαν θερμοκρασία ρεκόρ 44,1 βαθμών Κελσίου  #Βιετνάμ #καύσωνας #κλιματική_κρίση https://t.co/iynmL…"
1,0.7504284,Positive,,,,,,0.19557191,Εκλογές 2023 – Κυριάκος Μητσοτάκης: Αδύνατο να προκύψει βιώσιμη κυβέρνηση στις 21 Μαΐου – Η συνέντευξη του πρωθυπουργού στο Action24 https://t.co/uKrvq6ytNQ
1,0.56839937,Positive,,,,,,0.2176223,"Ο ρόλος και ο σκοπός των ESG στην κοινωνία, το περιβάλλον και την οικονομία https://t.co/gYdDtEJZer"
0,0.43075415,Negative,,,,,,0.27306825,RT @TheOpinion_News: Όταν η φύση έχει κέφια: «Η κλιματική αλλαγή μας έχει…» (VIDEO) #Thessaloniki #skg #TheOpinion https://t.co/7mTVYW4vY1
1,0.651873,Positive,,,,,,0.15596552,Οι καταρράκτες της Λευκάδας με το θαυμάσιο φυσικό περιβάλλον και τις ιδεώδεις διαδρομές https://t.co/bUJkZUz24a
1,0.8906702,Positive,,,,,,0.118631996,"RT @machiavelli_gr: Εικόνα από τις μάχες στο αστικό περιβάλλον του δυτικού #Μπαχμούτ
#Bakhmut https://t.co/iUsP3Htzvf"
0,0.48662776,Negative,,,,,,0.2877939,"🗣 Νέα καθαρή εντολή στη Νέα Δημοκρατία: Βιώσιμη και αναγκαία συνθήκη για την ευημερία και την πρόοδο του τόπου

✍ Άρθρο της @olgakef, υποψήφιας βουλευτή ΝΔ Α’ Αθηνών, στο Newsbeast

https://t.co/v4OWahkx3v"
1,0.79423773,Positive,,,,,,0.26778325,"RT @AgricultureCY: 12η Μαΐου: Διεθνής Ημέρα της Υγείας των Φυτών έρχεται να τονίσει ότι το κλειδί για βιώσιμη ανάπτυξη της γεωργίας, επισιτ…"
0,0.3681924,Negative,,,,,,0.18431376,"Διημερίδα Δικτύου ""Πίνδος"" και Δήμου Ν. Σκουφά για την Κλιματική Αλλαγή - https://t.co/bmBo3BAo3w https://t.co/sT7Of0EMR3"
1,0.6914035,Positive,,,,,,0.24654643,"Μουσείο Ασιατικής Τέχνης Κέρκυρας: Διεθνής Ημέρα Μουσείων, ICOM, 18 Μαΐου 2023 με θέμα «Μουσεία, Αειφορία και Ποιότητα Ζωής». - https://t.co/yzIMOKGNW8"
1,0.6641102,Positive,,,,,,0.18983881,"Σκρέκας: Στηρίζουμε την ηλεκτροκίνηση, αναπτύσσουμε την «πράσινη» οικονομία https://t.co/f1fDcI2RD2"
0,0.32556728,Negative,,,,,,0.170793,Campeόn Gaming: Διακρίθηκε για το εργασιακό της περιβάλλον #businessnewsgr https://t.co/rxNrBKpU8Z
1,0.5494865,Positive,,,,,,0.17314997,Εκλογές 2023: Δημήτρης Καραβέλλας - WWF: «Οι πολιτικοί να αναλάβουν δεσμεύσεις για το περιβάλλον» https://t.co/aYyhngYGBj
0,0.09619665,Negative,,,,,,0.13607512,"RT @KaraVlasis: Είναι πράκτορας της Μοσάντ
Είναι υπεύθυνος για τήν κλιματική αλλαγή
Έφερε τήν πανδημία στήν Ελλάδα
Τρώει καρπούζι με φέτα
Ξ…"
1,0.63501143,Positive,,,,,,0.2730291,"Μουσείο Τηλεπικοινωνιών Ομίλου ΟΤΕ: «Μουσεία, Αειφορία και Ποιότητα Ζωής» https://t.co/ZoXecp7vcQ"
1,0.7157893,Positive,,,,,,0.18590267,"«Τουρισμός, Πρωτογενής Τομέας, Περιβάλλον και Πανεπιστήμιο» https://t.co/Bbbhw9BVgz"
1,0.8939447,Positive,,,,,,0.11248886,Κυκλική Οικονομία στην πράξη από την Περιφέρεια Αττικής και τον ΕΔΣΝΑ https://t.co/jHEdU3ifM3 https://t.co/qPFmOtbEK2
1,0.93987465,Positive,,,,,,0.0760852,Κικίλιας: Αύξηση εσόδων με ποιοτικούς επισκέπτες διασφαλίζοντας βιώσιμο τουριστικό μοντέλο https://t.co/gdoxL9mJOt
1,0.80352753,Positive,,,,,,0.17148305,".@Vkikilias : Αυξάνουμε τα έσοδα με ποιοτικούς επισκέπτες διασφαλίζοντας το βιώσιμο #τουριστικό μοντέλο

https://t.co/EdK4HHWtRx https://t.co/uH74e82rrd"
1,0.90263003,Positive,,,,,,0.12243499,Βασίλης Κικίλιας: «Αυξάνουμε τα έσοδα με ποιοτικούς επισκέπτες διασφαλίζοντας το βιώσιμο τουριστικό μοντέλο» https://t.co/KUAzN3n4MC
1,0.78450584,Positive,,,,,,0.2305725,"RT @olgakef: Νέα καθαρή εντολή στη Νέα Δημοκρατία: Βιώσιμη και αναγκαία συνθήκη για την ευημερία και την πρόοδο του τόπου 

Σημερινό άρθρο…"
0,0.08267079,Negative,,,,,,0.08004703,"📌👉 ΠΑΚΟΕ: Οι λίμνες Κερκίνη και Κάρλα «εκβράζουν θάνατο» και οι εκλογές δεν είναι δικαιολογία για την απραξία
#νεκρά_ψάρια #λίμνη_Κερκίνη #ΠΑΚΟΕ #Κερκίνη #περιβάλλον #Kerkini #Serres #Kerkini_lake https://t.co/8LlvY7OzYS"
0,0.38422465,Negative,,,,,,0.24514574,Σπ. Κροκίδης: «Στόχος μας η αειφόρος τουριστική ανάπτυξη» - Συνάντηση με AOCTA - ΕΝΗΜΕΡΩΣΗ On Line https://t.co/SUmhi13wxv
1,0.62815684,Positive,,,,,,0.3202973,"Βιώσιμη ανάπτυξη μιας επιχείρησης επιτυγχάνεται όταν οι σημερινές ανάγκες των πελατών της καλύπτονται χωρίς να θυσιάζει πόρους, απερίσκεπτα και αλόγιστα, που θα χρειαστεί για να καλύψει τις μελλοντικές τους ανάγκες. 

https://t.co/qFEHWQ62sz https://t.co/hAfFAqozrm"
1,0.68179244,Positive,,,,,,0.23620318,Σπύρος Κροκίδης: «Στόχος μας η αειφόρος τουριστική ανάπτυξη» - https://t.co/2nyi1GXGbO
0,0.21485429,Negative,,,,,,0.18908164,Ευρωπαϊκό μαθητικό συνέδριο για την κλιματική αλλαγή στην Ελευσίνα https://t.co/BzQKwAf3AK
0,0.33774891,Negative,,,,,,0.27030334,Κορονοϊός: Η «φρενίτιδα» με τη χρήση απολυμαντικών προκαλεί τώρα προβλήματα υγείας και ανησυχία για το περιβάλλον https://t.co/MToDCrioyW
1,0.60207224,Positive,,,,,,0.3066156,"Το ΠΡΑΣΙΝΟ ΚΙΝΗΜΑ για την Ημέρα της Ευρώπης: Δίνεται η ευκαιρία να αγωνιστούμε για την κλιματική κρίση https://t.co/to2JemetBD
#ΠΡΑΣΙΝΟΚΙΝΗΜΑ #ΕΕ #ΚΛΙΜΑΤΙΚΗΚΡΙΣΗ"
1,0.9797132,Positive,,,,,,0.05281915,"RT @CYpresidency: Στόχος μας η αειφόρος ανάπτυξη, η ενίσχυση της ανταγωνιστικότητας της 🇨🇾σημαίας και η περαιτέρω προώθηση της εξαιρετικής…"
1,0.6451345,Positive,,,,,,0.21868354,"Οι έρευνες χρειάζονται σταθερό περιβάλλον, συνέχεια και συνέπεια
👇👇👇
https://t.co/ycVRNOpY9C"
0,0.47156638,Negative,,,,,,0.26725647,ΗΠΑ: 14.000 παλιές πετρελαιοπηγές εξακολουθούν να επιβαρύνουν το περιβάλλον #ΕΠΙΚΑΙΡΟΤΗΤΑ #ΑΝΕΝΕΡΓΕΣΠΕΤΡΕΛΑΙΟΠΗΓΕΣ By https://t.co/p9zfHynwcm https://t.co/AsMiCJf7Zh https://t.co/VSQGYVRCEQ
1,0.71777374,Positive,,,,,,0.18892609,Η Κρητική – Μεσογειακή διατροφή ασπίδα για το περιβάλλον και τη δημόσια υγεία https://t.co/TZVhsW4f8g
0,0.3109382,Negative,,,,,,0.23670225,"⭕ Η προσπάθεια από το περιβάλλον της πολιτικής ηγεσίας του υπουργείου Πολιτισμού να διοχετευθεί στο κοινό από τα μέσα κοινωνικής δικτύωσης (ποιο ΜΜΕ θα έπαιρνε πάνω τέτοιο ψέμα;) ένα κλίμα ομηρείας και κακοποίησης των μελών της ΧΑΕ, δεν τελεσφόρησε.

https://t.co/LR7fDyLYRo"
0,0.05188066,Negative,,,,,,0.08305168,"Τριήμερο περιβαλλοντικό σεμινάριο με τίτλο: «Ανθρωπογενές πολιτιστικό απόθεμα σε απόλυτη αρμονική συνύπαρξη με παρθένο φυσικό περιβάλλον. Περίπτωση ανοιχτού μουσείου ή θετικής προσδοκίας αειφόρου ανάπτυξης;», πραγματοποιήθηκε στις 28-29-30 Απριλίου

https://t.co/s60qwRaCCv https://t.co/veqFMxqY78"
1,0.55139714,Positive,,,,,,0.24331012,Νέο πρόγραμμα απασχόλησης 5.000 ανέργων: Από σήμερα οι αιτήσεις – Έμφαση σε πράσινη οικονομία/γυναίκες https://t.co/lGyGgXh199
1,0.5353515,Positive,,,,,,0.28851664,Νέο πρόγραμμα απασχόλησης 5.000 ανέργων: Από σήμερα οι αιτήσεις – Έμφαση σε πράσινη οικονομία/γυναίκες #Δημοκρατική #Ρόδος #Δωδεκάνησα https://t.co/UVgz19F8oe
1,0.7495532,Positive,,,,,,0.2767938,Νέο πρόγραμμα απασχόλησης 5.000 ανέργων: Ξεκινούν σήμερα οι αιτήσεις -Έμφαση σε πράσινη οικονομία και γυναίκες - https://t.co/RfED0Wqpa1
1,0.819819,Positive,,,,,,0.23340073,ΔΥΠΑ: Ξεκινούν οι αιτήσεις για το νέο πρόγραμμα απασχόλησης 5.000 ανέργων – Έμφαση σε πράσινη οικονομία και γυναίκες https://t.co/HXGHzGWsjj
1,0.9097871,Positive,,,,,,0.10094219,"Από σήμερα οι αιτήσεις για το νέο πρόγραμμα απασχόλησης 5.000 ανέργων - Έμφαση σε πράσινη οικονομία και γυναίκες

https://t.co/cOZbAmPRqq https://t.co/sQiWpdqY0A"
1,0.6578184,Positive,,,,,,0.28161088,"Οι συνέπειες ενός περιστατικού που ωφείλεται στην κλιματική αλλαγή μπορεί να είναι αλυσιδωτές και η ύπαρξη ενός ασφαλιστηρίου συμβολαίου, μπορεί να είναι σωτήρια για την επιχείρηση.

https://t.co/M5Vk15RW6l https://t.co/wlqRSWuf1v"
1,0.9192711,Positive,,,,,,0.14200607,"«Alternative Finance Forum 2023: Οδεύοντας προς ένα βιώσιμο μέλλον!» - https://t.co/eiOPQNSsIs https://t.co/InoDKaH2DB 
#Alternative_Finance_Forum #Crowdfunding #ΕΤΕπ #Χρηματοδοτήσεις"
1,0.9483027,Positive,,,,,,0.08806872,"Κώστας Καραμανλής: Η χώρα χρειάζεται βιώσιμη κυβέρνηση - Δεν έχει την πολυτέλεια για ατέρμονα κομματικά παζάρια - Ρεπορτάζ και ειδήσεις για την Οικονομία, τις Επιχειρήσεις, το Χρηματιστήριο, την Πολιτική #mononewsGR https://t.co/ZdkZUa0u2x"
0,0.15049513,Negative,,,,,,0.17728156,Είστε σίγουροι ότι θα μείνετε στις πόλεις σε περιβάλλον 5G; Για πόσο νομίζετε ότι θα επιβιώσετε; Βγείτε εκτός τα πράγματα θα γίνουν πολύ χειρότερα από ότι βλέπουμε τώρα. https://t.co/VHJvVYmKVU
1,0.85831416,Positive,,,,,,0.17390147,"#Εκλογές2023 — Ντιμπέιτ: Οι πολιτικοί αρχηγοί για Περιβάλλον και Ενέργεια
https://t.co/e2qzNyNzUS #Debate #Debate2023 #DebateERT"
1,0.8248383,Positive,,,,,,0.18652193,"Εκλογές 2023 — Ντιμπέιτ: Οι πολιτικοί αρχηγοί για Περιβάλλον και Ενέργεια,
https://t.co/gAOMQmFv6m,"
0,0.057212844,Negative,,,,,,0.06960169,"Ισπανία – Τους τελειώνει το νερό: Λένε ότι φταίει η “κλιματική αλλαγή”, οι αγρότες και… οι πισίνες!!! https://t.co/VaYrGUBODM"
1,0.54695755,Positive,,,,,,0.2439144,Νέο πρόγραμμα απασχόλησης 5.000 ανέργων: Από σήμερα οι αιτήσεις – Έμφαση σε πράσινη οικονομία/γυναίκες https://t.co/gY2pUdL8h8
1,0.76494384,Positive,,,,,,0.18474665,"JUMBO: Σταθερή πορεία ανάπτυξης τετραμήνου κατά 25% παρά το ασταθές περιβάλλον | Ρεπορτάζ και ειδήσεις για την Οικονομία, τις Επιχειρήσεις, το Χρηματιστήριο, την Πολιτική https://t.co/LAEMjeYo87"
0,0.18940869,Negative,,,,,,0.11151678,RT @LykavitosGr: Η βιώσιμη ανάπτυξη αναπόσπαστο κομμάτι του DNA της Lidl Ελλάς  #Lidl_Ελλάς https://t.co/OkdpvEYAVc
0,0.22379655,Negative,,,,,,0.13660747,RT @LykavitosGr: Η βιώσιμη ανάπτυξη αναπόσπαστο κομμάτι του DNA της Lidl Ελλάς  #Lidl_Ελλάς https://t.co/OkdpvEYAVc
1,0.9734833,Positive,,,,,,0.061250888,Έρευνα: Το 42% των γυναικών στην Ελλάδα δηλώνουν πως η εργασία τους έχει επηρεαστεί από την κλιματική αλλαγή https://t.co/ij68ej3trO
1,0.91607195,Positive,,,,,,0.11641023,Δήμος Ιωαννιτών: Οι προτάσεις του ΤΕΕ για τη Βιώσιμη Ανάπτυξη της πόλης - https://t.co/dDw6kVzTeU https://t.co/mfbxdpxwET
1,0.97361994,Positive,,,,,,0.059809763,Το 42% των γυναικών στην Ελλάδα δηλώνουν πως η εργασία τους έχει επηρεαστεί από την κλιματική αλλαγή https://t.co/gVyYM8VKHt
0,0.2436545,Negative,,,,,,0.21460897,"⭕ Λίγες ημέρες προτού οι Τούρκοι πολίτες οδηγηθούν στις κάλπες, το πολιτικό περιβάλλον μόνο ευοίωνο δεν μπορεί να χαρακτηριστεί για τον επί εικοσαετία παντοδύναμο Ρετζέπ Ταγίπ Ερντογάν.

✏ Γράφει ο Βαγγέλης Μαρινάκης

https://t.co/YrEhk78ESC"
1,0.94335866,Positive,,,,,,0.12449021,"«Το 42% των γυναικών στην Ελλάδα δηλώνουν πως η εργασία τους έχει επηρεαστεί από την κλιματική αλλαγή, ενώ το 40% θεωρεί ότι δεν συμμετέχουν καθόλου στη λήψη περιβαλλοντικών αποφάσεων».
Aυτό προκύπτειαπό το β' μέρος της έρευνας «Κλιματική αλλαγή και

https://t.co/pMp5xxDr4G"
1,0.95409346,Positive,,,,,,0.08626837,"Το 42% των γυναικών στην Ελλάδα δηλώνουν πως η εργασία τους έχει επηρεαστεί από την κλιματική αλλαγή 

https://t.co/jLwCmrTbKx"
0,0.11899273,Negative,,,,,,0.17671551,"Ισορροπία, αειφορία, χρήσεις γης, τοπική εφοδιαστική αλυσίδα - NemeaPress https://t.co/JaVjZUFylS"
1,0.71969146,Positive,,,,,,0.23541982,"Λετυμπιώτης: Εφικτή βιώσιμη λύση στο Κυπριακό αν καθίσουμε στο τραπέζι των διαπραγματεύσεων #Cyprus 
https://t.co/5LAMIoQvsG"
1,0.8443103,Positive,,,,,,0.13520256,Μαθητικό δημοτικό συμβούλιο με θέμα «Βιώσιμη Πόλη» #Δημοκρατική #Ρόδος #Δωδεκάνησα https://t.co/1mfJbIMYqo
1,0.8631262,Positive,,,,,,0.19783276,RT @sofokleous10: Εκλογές 2023 — Ντιμπέιτ: Οι πολιτικοί αρχηγοί για Περιβάλλον και Ενέργεια https://t.co/U6Tf24IJfx
1,0.7764193,Positive,,,,,,0.16942346,"Καραλαριώτου: «Στήριξη στους αγρότες, βιώσιμη αγροτική ανάπτυξη»
https://t.co/5KAkU1XNSi"
1,0.82277644,Positive,,,,,,0.14021957,"Ρένα Καραλαριώτου στα χωριά του Δήμου Κιλελέρ: «Στήριξη στους αγρότες, βιώσιμη αγροτική ανάπτυξη» ⋆ TirnavosPress https://t.co/EhFcFuCyiN"
1,0.7689245,Positive,,,,,,0.15520838,"Καραλαριώτου: «Στήριξη στους αγρότες, βιώσιμη αγροτική ανάπτυξη» - LarissaPress https://t.co/MeaYbLbHMn"
0,0.24619028,Negative,,,,,,0.11441826,Αναταραχή στο πρωθυπουργικό περιβάλλον: https://t.co/VAhUWk2EUt
1,0.9564629,Positive,,,,,,0.10645387,"Το 42% των γυναικών στην Ελλάδα δηλώνουν πως η εργασία τους έχει επηρεαστεί από την κλιματική αλλαγή,
https://t.co/GBbMy6cKt6,"
0,0.42717242,Negative,,,,,,0.19154672,"Οι Μητέρες στην κλιματική αλλαγή δεν… ΓΙΟΡΤΑΖΟΥΝ! - Απο την Greenpeace
https://t.co/RkwYCFkOBa"
1,0.9192279,Positive,,,,,,0.1640805,Έρευνα: Πώς η κλιματική αλλαγή επηρεάζει την εργασιακή απόδοση των γυναικών στην Ελλάδα - https://t.co/bvTr0YQxA7 https://t.co/rdIxYr9C6v
0,0.20521206,Negative,,,,,,0.1418906,RT @Moneypressgr: Η βιώσιμη ανάπτυξη αναπόσπαστο κομμάτι του DNA της Lidl Ελλάς  #moneypress https://t.co/HdkN61RpHd https://t.co/G1pKaqvQ3r
0,0.22203311,Negative,,,,,,0.12080504,Η βιώσιμη ανάπτυξη αναπόσπαστο κομμάτι του DNA της Lidl Ελλάς  #moneypress https://t.co/HdkN61RpHd https://t.co/G1pKaqvQ3r
1,0.6747665,Positive,,,,,,0.21584047,".@yanisvaroufakis  από #Καρδίτσα: Χρειάζεται ρήξη για να γίνει βιώσιμη η Ελλάδα 
#Eκλογες2023 https://t.co/uZngkKbXMP"
1,0.95377696,Positive,,,,,,0.10853208,"Ενημερωτική ημερίδα για τις «Απαραίτητες στρατηγικές ενέργειες σε ένα αβέβαιο οικονομικό περιβάλλον» στις Σέρρες 
#ΕΒΕΣ #Σέρρες #Επιμελητήριο_Σερρών #ημερίδα #Serres
https://t.co/Vmz4azPHpF"
1,0.65043104,Positive,,,,,,0.25323063,"To πρωτοποριακό πρόγραμμα ""ΤΥΤΩ"" παρουσίασε ο Κ. Αγοραστός - ""Βοηθά την αγροτική παραγωγή και είναι φιλικό προς το περιβάλλον""
https://t.co/plRH3i8HBX"
1,0.97958547,Positive,,,,,,0.056379315,Έρευνα: Το 42% των γυναικών στην Ελλάδα λένε πως η εργασία τους έχει επηρεαστεί από την κλιματική αλλαγή - https://t.co/pNnWSLZcVY https://t.co/FJi2lSwX6Z
1,0.98345894,Positive,,,,,,0.057158686,Έρευνα: Το 42% των γυναικών στην Ελλάδα λένε πως η εργασία τους έχει επηρεαστεί από την κλιματική αλλαγή - https://t.co/RUZNScYfUZ https://t.co/iLMzWJCczm
0,0.13543546,Negative,,,,,,0.20820156,"Πολιτικό σεισμό προκαλεί ο Σκέρτσος για τις γερμανικές αποζημιώσεις: Ας τις ξεχάσουμε, προέχει η... κλιματική κρίση https://t.co/QMC4opu4W6 via @bankingnewsgr"
0,0.47912678,Negative,,,,,,0.29360914,Focus στη νέα γενιά με 8 εκπαιδευτικά προγράμματα για 14.000 μαθητές - Στο επίκεντρο η Βιώσιμη https://t.co/5F0WjJHxkg
0,0.16552803,Negative,,,,,,0.17943333,"Εκπαιδευτικό Σεμινάριο για τα ΑμεΑ σε περιβάλλον κατασκηνώσεων στη Θάσο - Καβάλα, Πρωϊνή, Ραδιόφωνο, Εφημερίδα της Καβάλας, νέα, καβάλα ειδήσεις, μικρές αγγελίες https://t.co/ysnXGvW4q2"
0,0.22420722,Negative,,,,,,0.20647278,RT @RaniaD888: Κλιματική αλλαγή: Έφτασε στην Ευρώπη θανατηφόρος νόσος που πλήττει τα βοοειδή #lifestyle #ygeia #survivorGR https://t.co/OHI…
0,0.47421363,Negative,,,,,,0.19274452,"Ο Κων. Μαραβέγιας σε Σούρπη, Αμαλιάπολη, Πλάτανο: «Περιβάλλον και πολιτισμός, ο “θησαυρός” της Μαγνησίας» https://t.co/zgmUTX5ceN"
0,0.09906128,Negative,,,,,,0.13211249,"Πολιτικό σεισμό προκαλεί ο Σκέρτσος για τις γερμανικές αποζημιώσεις: Ας τις ξεχάσουμε, προέχει η κλιματική κρίση https://t.co/67GGuOx1Yz via @bankingnewsgr"
0,0.09049277,Negative,,,,,,0.116713375,"Πολιτικό σεισμό προκαλεί ο Σκέρτσος για τις γερμανικές αποζημιώσεις: Ας τις ξεχάσουμε, προέχει η κλιματική κρίση https://t.co/nS3b7hnJBl via @bankingnewsgr"
0,0.13310671,Negative,,,,,,0.16481237,Πολιτικό σεισμό προκαλεί ο Σκέρτσος για τις γερμανικές αποζημιώσεις: Ας τις ξεχάσουμε και να αφιερωθούμε στην κλιματική κρίση https://t.co/5CllW1pAAq via @bankingnewsgr
0,0.4810576,Negative,,,,,,0.22948045,Βαρουφάκης από Καρδίτσα: Χρειάζεται ρήξη και νομοθέτηση των αυτονόητων για να γίνει βιώσιμη η Ελλάδα https://t.co/WKAsyZNWJH
0,0.26045686,Negative,,,,,,0.1859353,Κλιματική αλλαγή: Έφτασε στην Ευρώπη θανατηφόρος νόσος που πλήττει τα βοοειδή - https://t.co/wUX2uNvDje https://t.co/8Rqdu1qNaG
0,0.43101054,Negative,,,,,,0.13883008,RT @TheOpinion_News: Ο Χρυσαετός απελευθερώθηκε στο φυσικό περιβάλλον της Πάρνηθας (ΦΩΤΟ) #Thessaloniki #skg #TheOpinion https://t.co/d5EwU…
1,0.68438715,Positive,,,,,,0.20069197,Χρυσαετός απελευθερώθηκε στο φυσικό του περιβάλλον στην Πάρνηθα https://t.co/ud2Jd3Avxf
0,0.4349282,Negative,,,,,,0.23263672,Η πιο βιώσιμη τάση της χρονιάς είναι το patchwork -Πώς τα φθαρμένα ρούχα έγιναν πιο hot από ποτέ https://t.co/Z0PEt9rwoD
1,0.84364545,Positive,,,,,,0.18787834,Καράογλου: «Στόχος στις 21 Μαΐου μια αποφασιστική νίκη της ΝΔ που θα οδηγήσει σε βιώσιμη κυβερνητική επιλογή» - https://t.co/eiOPQNSsIs https://t.co/XGEmSjLtz3 #Εκλογές #Θεόδωρος_Καράογλου #Νέα_Δημοκρατία
1,0.6309394,Positive,,,,,,0.27659383,RT @sofokleous10: Βαρουφάκης από Λάρισα: Μη βιώσιμη χώρα η Ελλάδα https://t.co/BFlDGMXp0v
0,0.1484286,Negative,,,,,,0.13708982,ΕΧΟΥΜΕ ΚΛΙΜΑΤΙΚΗ ΑΛΛΑΓΗ ....ΦΤΑΙΕΙ ΤΟ ΚΛΑΣΙΜΟ ΤΩΝ ΓΟΥΡΟΥΝΙΩΝ ΚΑΙ ΤΟ ΡΕΨΙΜΟ ΤΩΝ ΑΓΕΛΑΔΩΝ....ΚΑΜΠΟΒΟΔΑ.... https://t.co/s6lzY0VvPQ
0,0.04971702,Negative,,,,,,0.12983043,«Πέφτουν με τα μούτρα»: Τα δύο ζώδια που όταν κάνουν σχέση «χάνονται» από το περιβάλλον τους https://t.co/X0LpXegSfz #j2us #Koklovision #ΚαλοΣαββατοκυριακο #Σουνιο #Μπελερη #ΕΦΣΥΝ #Ταβαρες #Κωνσταντοπουλου #Τυρι #στικουδη
1,0.7540715,Positive,,,,,,0.17417344,"8ο Εκπαιδευτικό Σεμινάριο ""Ατόμα με Αναπηρία σε Περιβάλλον Κατασκηνώσεων"" https://t.co/Pkena453sl #Θασος"
0,0.35489315,Negative,,,,,,0.13973162,Στο φυσικό περιβάλλον της Πάρνηθας απελευθερώθηκε Χρυσαετός #FEATURED #ΕΠΙΚΑΙΡΟΤΗΤΑ #ΑΠΕΛΕΥΘΕΡΩΣΗ #ΠΑΡΝΗΘΑ By https://t.co/p9zfHynwcm https://t.co/XH5JuxrLNl
0,0.38253707,Negative,,,,,,0.12993276,ΧΑΡΑΛΑΜΠΟΣ ΧΑΡΙΤΟΠΟΥΛΟΣ: ΤΟ ΠΕΡΙΒΑΛΛΟΝ ΚΑΙ Η ΚΥΒΕΡΝΗΣΗ https://t.co/CZl6NQcrPV
0,0.33101714,Negative,,,,,,0.23101225,Πρόεδρος Ταγαράδων: ''Παγκόσμια ημέρα περιβάλλοντος και η περιοχή Ταγαράδων'' #ΠΕΡΙΒΑΛΛΟΝ #ΤΑΓΑΡΑΔΕΣ  https://t.co/PHwNgfI31r https://t.co/LbeiIdKl9s
1,0.69408095,Positive,,,,,,0.25932893,Τι θέλουν οι μέτοχοι των πετρελαϊκών για την επόμενη ημέρα ως προς την μετάβαση που επιχειρείται στην πράσινη ενέργεια https://t.co/0EA9noTtIG
1,0.6555146,Positive,,,,,,0.28639066,"Τ. Χατζηνικολάου στο ΑΠΕ-ΜΠΕ: Τα μουσεία «μάς παρακινούν να ξανασκεφθούμε τη σχέση μας με το περιβάλλον και τη θέση μας σε έναν κόσμο που αλλάζει με ταχύτατους ρυθμούς»

https://t.co/kXcqP2LcSh

#InternationalMuseumDay #IMD2023 https://t.co/vnJsLJFvA9"
0,0.31581315,Negative,,,,,,0.15209036,RT @sofokleous10: Εκδήλωση του ΚΚΕ στο Σουφλί για το περιβάλλον https://t.co/14tquLB3kE
0,0.15817937,Negative,,,,,,0.14485776,"Οδηγώντας τις Επιχειρήσεις στην Κλιματική Ουδετερότητα https://t.co/jF3R4gFnRR 
#klima #περιβάλλον #epixeiriseis #εβεα #ontimenewsgr"
0,0.46629527,Negative,,,,,,0.21433249,Χρησιμοποιώντας τα εμβόλια για τον κορωνοϊό και τα ψέματα για την κλιματική αλλαγή ως συνταγή καταστροφής https://t.co/jxHJoSULSe
1,0.6345983,Positive,,,,,,0.31250966,Η Ελλάδα μπορεί να οδηγήσει τη βιώσιμη τουριστική ανάπτυξη μέσω της πλατφόρμας ESG https://t.co/wa5hlU8Moh
1,0.8970793,Positive,,,,,,0.16203295,"Σ. Εφραίμογλου: Το νέο κοινωνικοοικονομικό, πολιτικό και φυσικό περιβάλλον έχει φέρει στο προσκήνιο έναν νέο τύπο καταναλωτή 

https://t.co/MUrSRQClBb"
1,0.5056841,Positive,,,,,,0.26684022,"Διεθνής Ημέρα Μουσείων: «Μουσεία, Αειφορία και Ποιότητα Ζωής» https://t.co/WNNqq3915e"
0,0.1062264,Negative,,,,,,0.13987976,RT @sofokleous10: Εκλογές στην Τουρκία: Προειδοποιώ το Ανώτατο Εκλογικό Συμβούλιο – Η καταμέτρηση των ψήφων δεν γίνεται σε υγιές περιβάλλον…
0,0.4861119,Negative,,,,,,0.32258144,"Ενέργεια και βιώσιμη ανάπτυξη, ελληνικές πρωτοβουλίες και ευρωπαϊκές προκλήσεις,
https://t.co/X0OMFtFiBb,"
0,0.40070987,Negative,,,,,,0.25863147,«Εξοικονομώ – Ανακαινίζω για Νέους»: Πότε κάνει πρεμιέρα το πρόγραμμα – Οι δικαιούχοι #ΕΠΙΔΟΜΑΤΑ #ΠΕΡΙΒΑΛΛΟΝ  https://t.co/2fiLqPBUQn https://t.co/UGHDJW9XxW
1,0.6575437,Positive,,,,,,0.22482774,Ήμουν εδώ για ζητήματα που αφορούν το περιβάλλον και το μέλλον μας στην Ημαθία https://t.co/OOPeQrso47 μέσω @BowThemes
1,0.90242076,Positive,,,,,,0.12648961,"#EU #RES
Στόχος ΕΕ οι ανανεώσιμες πηγές ενέργειας στο 42,5% μέχρι το 2030 https://t.co/EE6uPiI2xv"
1,0.9652317,Positive,,,,,,0.0893765,Με επιτυχία το 3ο θεματικό ζωντανό εργαστήρι για την  Βιώσιμη Αστική Κινητικότητα https://t.co/URsBRiKBRm μέσω @mouzakinews.gr
1,0.5837561,Positive,,,,,,0.2509121,Πού οφείλεται όμως αυτή η αστάθεια του καιρού; Είναι φυσιολογική η εναλλαγή της θερμοκρασίας ή μήπως οφείλεται στην κλιματική αλλαγή; https://t.co/dYJkbo7D4y
1,0.8538116,Positive,,,,,,0.13951431,RT @HellenicOlympic: Η ΕΟΕ αναγνωρίζοντας τη μεγάλη ευθύνη του αθλητισμού στο έργο της προστασίας του περιβάλλοντος και προκειμένου να επιτ…
1,0.83991235,Positive,,,,,,0.1707157,"Σοφία Εφραίμογλου: Το νέο κοινωνικοοικονομικό, πολιτικό και φυσικό περιβάλλον έχει φέρει στο προσκήνιο έναν νέο τύπο καταναλωτή https://t.co/UBzgMeIqG9"
1,0.85946584,Positive,,,,,,0.16767742,"Σοφία Εφραίμογλου: Το νέο κοινωνικοοικονομικό, πολιτικό και φυσικό περιβάλλον έχει φέρει στο προσκήνιο έναν νέο τύπο καταναλωτή https://t.co/kzjN1wmyr2"
0,0.15685578,Negative,,,,,,0.17124797,«Καμπανάκι» ΟΗΕ για τα πλαστικά μίας χρήσης - Πρέπει να μειωθούν στο μισό #ΟΗΕ #ΠΕΡΙΒΑΛΛΟΝ  https://t.co/R21UvdqhZo https://t.co/faEFK9mZDU
1,0.839442,Positive,,,,,,0.15535817,"Nέα έκθεση για την κλιματική αλλαγή στη χώρα μας -Του Αλέξανδρου Μουλόπουλου*-
https://t.co/faZlXwhPpD"
0,0.12242672,Negative,,,,,,0.09817502,Η φιλικότητα προς το περιβάλλον είναι το βασικό επιχείρημα για τη μετάβαση στην ηλεκτροκίνηση via @OrthodoxtimesGr https://t.co/URuV8QL2cn
1,0.9169738,Positive,,,,,,0.1328192,"Mytilineos: Οι νέες business στο Κάλγκαρι του Καναδά και η κυριαρχία στην πράσινη ενέργεια- Τι αγόρασε | Ρεπορτάζ και ειδήσεις για την Οικονομία, τις Επιχειρήσεις, το Χρηματιστήριο, την Πολιτική https://t.co/TEQuzCnEVb"
0,0.3883806,Negative,,,,,,0.33904353,"ΞΕΝΗ ΔΗΜΟΣΙΕΥΣΗ

Christian Rodseth - #Janssen: Αποστολή μας η συνεργασία για ένα δίκαιο και βιώσιμο σύστημα υγείας

https://t.co/uFvfmkizgd"
1,0.64887965,Positive,,,,,,0.26833025,Μαθητές και Καθηγητές του Πειραματικού ΓΕ.Λ. Ρεθύμνου στη μάχη για τη Βιώσιμη Ανάπτυξη https://t.co/jEoJxZe3xq
0,0.3837565,Negative,,,,,,0.31406397,"ΞΕΝΗ ΔΗΜΟΣΙΕΥΣΗ 

Christian Rodseth - #Janssen: Αποστολή μας η συνεργασία για ένα δίκαιο και βιώσιμο σύστημα υγείας

https://t.co/T48avmCw4B https://t.co/KjGNa8ed4z"
0,0.3545109,Negative,,,,,,0.25350934,"Έτοιμη για την πράσινη κόλαση! | Ρεπορτάζ και ειδήσεις για την Οικονομία, τις Επιχειρήσεις, το Χρηματιστήριο, την Πολιτική https://t.co/sRXCg8UZcj"
1,0.5231332,Positive,,,,,,0.204702,Δημήτρης Τσιμπανάκος: “Η ανάπτυξη δεν είναι βιώσιμη χωρίς στήριξη των εργαζομένων” https://t.co/gNejGZQDLc
1,0.8694682,Positive,,,,,,0.1588494,Κλιματική Αλλαγή: «Καμπανάκι» από τον Παγκόσμιο Μετεωρολογικό Οργανισμό – Έρχονται παρατεταμένοι καύσωνες https://t.co/qA3Y3S9Hh2
0,0.06624892,Negative,,,,,,0.08802396,"🗣 Η επόμενη μέρα της νίκης του ΣΥΡΙΖΑ-ΠΣ την 21η Μαΐου: Βιώσιμη, δίκαιη και συμπεριληπτική ανάπτυξη

✍ Άρθρο του @alexischaritsis, υποψήφιου βουλευτή ΣΥΡΙΖΑ – Προοδευτική Συμμαχία νομού Μαγνησίας, πρώην υπουργού, στο Newsbeast

https://t.co/BwlH4fXAWk"
0,0.29747146,Negative,,,,,,0.24723075,"H κλιματική κρίση χτύπησε τη F1! - Ρεπορτάζ και ειδήσεις για την Οικονομία, τις Επιχειρήσεις, το Χρηματιστήριο, την Πολιτική #mononewsGR https://t.co/MyHbC8Qgut"
1,0.62526923,Positive,,,,,,0.37118942,Σάλος για τη νέα καμπάνια για «γυναικεία» μαγιό με άνδρες μοντέλα https://t.co/lj3PSNvBj9 ☹Εντάξει. Έχουμε ξεφύγει σε μεγάλο ποσοστό και μετα λέμε για κλιματική αλλαγή και μπούρδες. Θα μας κάψει ο θεός και εμείς θα λέμε ότι μας φτύνουν.
0,0.34481594,Negative,,,,,,0.1119379,Η κτηνοτροφία φροντίζει το περιβάλλον https://t.co/qDFVk3PWcy
0,0.37200522,Negative,,,,,,0.3337202,"ΞΕΝΗ ΔΗΜΟΣΙΕΥΣΗ

Christian Rodseth - #Janssen: Αποστολή μας η συνεργασία για ένα δίκαιο και βιώσιμο σύστημα υγείας

https://t.co/1XoLS6f6oy"
1,0.86251295,Positive,,,,,,0.18208975,"Πώς η κλιματική αλλαγή επηρεάζει την Ελλάδα: Καμπανάκι για ακραία καιρικά φαινόμενα, διευθύντρια στο ΕΚΠΑ εξηγεί https://t.co/tAjpZiYDO9"
1,0.6779964,Positive,,,,,,0.2731743,"🌏 Διεθνής Ημέρα Μουσείων 2023
📅 18 Μαΐου 2023 με ελεύθερη 🆓 είσοδο σε όλα τα #μουσεία
🟢Το θέμα του εορτασμού της Διεθνούς Ημέρας Μουσείων 2023 είναι:
👉 «Μουσεία, Αειφορία και 
#InternationalMuseumDay #IMD2023 #Museums4Wellbeing #SustainableMuseums 
https://t.co/r110rVNwZw https://t.co/6BSNRWwt2c"
0,0.31632757,Negative,,,,,,0.21264124,Αλεξανδρούπολη: Εκπρόσωποι μαθητών συζητούν για την βιώσιμη ανάπτυξη https://t.co/hRQBe4YrUu
1,0.9559575,Positive,,,,,,0.07223881,"Σέρρες: Ενημερωτική ημερίδα για τις «Απαραίτητες στρατηγικές ενέργειες σε ένα αβέβαιο οικονομικό περιβάλλον» 
#ΕΒΕΣ #Σέρρες #Οικονομικό_επιμελητήριο #ημερίδα #Επιμελητήριο_Σερρών #Ένωση_Φοροτεχνικών_Σερρών #Serres
https://t.co/Ry4HPTVnQe"
1,0.82036406,Positive,,,,,,0.24326591,"Διεθνής Ημέρα Μουσείων: Ελεύθερη είσοδος – «Μουσεία, αειφορία και ποιότητα ζωής» η φετινή θεματική
https://t.co/aFE86Cqub7 #InternationalMuseumDay"
0,0.31270984,Negative,,,,,,0.15928486,Η κτηνοτροφία φροντίζει το περιβάλλον - NemeaPress https://t.co/19swDhRTmQ
0,0.3498617,Negative,,,,,,0.34184405,"ΞΕΝΗ ΔΗΜΟΣΙΕΥΣΗ

Christian Rodseth - #Janssen: Αποστολή μας η συνεργασία για ένα δίκαιο και βιώσιμο σύστημα υγείας

https://t.co/Nao1dZzcKw"
0,0.2599698,Negative,,,,,,0.13885808,"Συνέδριο για το περιβάλλον στο Λιδωρίκι, 10-11/6/2023 https://t.co/OJQnoQK9AL"
1,0.928866,Positive,,,,,,0.174198,"Οι στόχοι της Ε.Ε. για τις ανανεώσιμες πηγές ενέργειας και ο ρόλος της Μεσογείου ως κέντρου πράσινης ενέργειας συζητήθηκαν στην πρώτη Σύνοδο των Υπουργών Ενέργειας της EU-MED9, που διεξήχθη στη Βαλέτατης Μάλτας, στην οποία συμμετείχε η Γενική

https://t.co/3GmZfD9wrp"
1,0.8623755,Positive,,,,,,0.1905109,Έργο “κομβικής” σημασίας για το περιβάλλον και την οικονομία η νέα μονάδα επεξεργασίας στερεών αποβλήτων στο Αμάρι https://t.co/d16d38wzK2
0,0.48897716,Negative,,,,,,0.33777806,Nαι είναι μια συνεχόμενη οικολογική περιπέτεια με την υπογραφή του ΝΑΤΟ. Πόσο μεγάλη υποκρισία ότι όλοι νοιάζονται για την  κλιματική αλλαγή όταν το μόνο που θέλουν είναι να ισοπεδώσουν τα πάντα. https://t.co/E8Q6kpiQra via @mayroskoraks
0,0.10492026,Negative,,,,,,0.10455123,RT @sofokleous10: Στο ΥΠΟΙΚ η έκθεση της ομάδας εργασίας για βιώσιμη χρηματοδότηση και πράσινη μετάβαση https://t.co/0ZmFg5Z648
1,0.60766447,Positive,,,,,,0.33559823,Υπουργείο Οικονομικών: Έκθεση της ομάδας εργασίας για την Βιώσιμη Ανάπτυξη στον Υπουργό Χρήστο Σταϊκούρα https://t.co/m3cs32vqYb
1,0.91358054,Positive,,,,,,0.10487398,"Παραολυμπιακοί αγώνες 2024: Η MORE στηρίζει τις Παραολυμπιονίκες Λουφάκη και Σταματοπούλου. Η ΜΟRE, θυγατρική εταιρεία του Ομίλου Μotor Oil και ένας από τους μεγαλύτερους παραγωγούς ενέργειας από ανανεώσιμες πηγές, στέκεται ως…Περισσότερα... https://t.co/06oDFi2zl4 https://t.co/1hIG9SvsfZ"
1,0.9235038,Positive,,,,,,0.10494722,.@AP : Οι #πλημμύρες στη ΒΑ #Ιταλία δείγμα της νέας κανονικότητας από την κλιματική αλλαγή https://t.co/HKHzIEqCPi
1,0.5593059,Positive,,,,,,0.19756106,"Συνάντηση ΚΕΠΑ με κλιμάκιο UNFCCC https://t.co/Q6c4OpbNJZ 
#κεπα #κλιματικη_αλλαγη #ontimenewsgr"
0,0.420535,Negative,,,,,,0.2850243,Γ.Χαράρι: «Δεν ήταν πολύ θανατηφόρος ο Covid-19 αλλά μας έμαθε τα lockdown – Μπορούμε και για την κλιματική αλλαγή»! https://t.co/MFKNuxjtuO #OlympiacosBC #ΚαλοΣαββατοκυριακο #Θησειο #εκλογες2023 #F4GLORY #Κατρουγκαλος #Ποντιων #Μονακο
0,0.434671,Negative,,,,,,0.35196993,"ΞΕΝΗ ΔΗΜΟΣΙΕΥΣΗ

Christian Rodseth - #Janssen: Αποστολή μας η συνεργασία για ένα δίκαιο και βιώσιμο σύστημα υγείας

https://t.co/T48avmBYf3"
1,0.6569042,Positive,,,,,,0.3361707,"Περισσότερες από το 50% των μεγαλύτερων λιμνών στον κόσμο χάνουν νερό, σύμφωνα με νέα έρευνα που δημοσιεύεται στο περιοδικό «Science». Οι βασικοί ένοχοι γι' αυτό είναι η αύξηση της θερμοκρασίας, η μη βιώσιμη ανθρώπινη κατανάλωση και η καθίζηση.

https://t.co/icES2HdxdB"
1,0.6967113,Positive,,,,,,0.27612355,"Το περιβάλλον και η κοινωνική απάθεια στο επίκεντρο της έκθεσης ""Ecology of Ideas"" 

12 ιστορίες για καλές περιβαλλοντικές πρακτικές από πολίτες 6 διαφορετικών χωρών

https://t.co/ODbcwzH7TO https://t.co/1DzQnKd3nw"
0,0.37254035,Negative,,,,,,0.24466741,Γ.Χαράρι: «Δεν ήταν πολύ θανατηφόρος ο Covid αλλά μας έμαθε τα lockdown.. Μπορούμε και για την κλιματική αλλαγή»!.
0,0.09565271,Negative,,,,,,0.08391458,Στερεύουν επικίνδυνα πάνω από τις μισές λίμνες του πλανήτη - Η λειψυδρία απειλεί 2 δισ. ανθρώπους #ΚΛΙΜΑ #ΠΕΡΙΒΑΛΛΟΝ  https://t.co/oqljzPL155 https://t.co/4PVxgMyqvY
0,0.437821,Negative,,,,,,0.17898208,Δήμος Ηρακλείου:  Ανανεώνουμε τα δέντρα του Κτήματος #Φιξ με σεβασμό στο περιβάλλον και τους δημότες https://t.co/z2QdjVRu7F
1,0.56136465,Positive,,,,,,0.22010957,"Βιοεργαστήρια, μια «ανάσα» από την Ελλάδα!!! Θα απελευθερωθούν ιοί στο περιβάλλον;;; vid https://t.co/W6HRDc8npD"
0,0.41270337,Negative,,,,,,0.19296809,"Ρωσία: Πλήγμα για το περιβάλλον το «λουκέτο» στη Greenpeace, εκτιμούν στελέχη της εταιρείας https://t.co/6kvvayKcEX"
1,0.77467656,Positive,,,,,,0.19118553,"#Cyprus #EU #desalination #circulareconomy 
Πρακτικές αφαλάτωσης και κυκλική οικονομία στην ΕΕ σε συνέδριο στη Λεμεσό https://t.co/XREu5JpGo0"
0,0.2218577,Negative,,,,,,0.1383251,"@boisIter Το περιβάλλον του,ωστόσο,δεν το έχει αντιληφθεί"
0,0.21323688,Negative,,,,,,0.20607366,"Energean: Μια ακόμη χρονιά με κορυφαίες επιδόσεις στο Περιβάλλον, την Κοινωνία και την Εταιρική Διακυβέρνηση - Καβάλα, Πρωϊνή, Ραδιόφωνο, Εφημερίδα της Καβάλας, νέα, καβάλα ειδήσεις, μικρές αγγελίες https://t.co/MIrkJZyUAW"
0,0.43449715,Negative,,,,,,0.19832051,"Energean, Έκθεση Βιώσιμης Ανάπτυξης 2022: μια ακόμη χρονιά με κορυφαίες επιδόσεις στο Περιβάλλον, την Κοινωνία και την Εταιρική Διακυβέρνηση https://t.co/svTfgUqECB"
0,0.38202745,Negative,,,,,,0.27798402,"ΑΡΓΟΛΙΚΟΡΑΜΑ -ΈΝΑ ΠΡΟΓΡΑΜΜΑ ΑΝΤΙΜΕΤΩΠΙΣΗΣ ΤΗΣ ΡΥΠΑΝΣΗΣ ΚΑΙ ΤΗΣ ΥΠΕΡΑΛΙΕΥΣΗΣ ΣΤΟΝ ΑΡΓΟΛΙΚΟ
Οι ψαράδες του Αργολικού Κόλπου υιοθετούν ένα βιώσιμο τρόπο αντιμετώπισης της ολοένα αυξανόμενης ρύπανσης των ακτών από πλαστικά και της υπεραλίευσης καθαρίζοντας τις ακτές του Αργολικού https://t.co/0sATj5hEtQ"
0,0.24628618,Negative,,,,,,0.21770413,"ΟΗΕ – Κλιματική αλλαγή: Δύο εκατ. θάνατοι και 4,3 τρισ. δολάρια το κόστος … https://t.co/ZX34v9W3ar μέσω @Naxos Press"
1,0.63545644,Positive,,,,,,0.26307392,"Θερμοκήπια Θράκης: Κηπευτικά που κάνουν καλό στο περιβάλλον και τον άνθρωπο – Με βραβευμένη συσκευασία #mononewsGR | Ρεπορτάζ και ειδήσεις για την Οικονομία, τις Επιχειρήσεις, το Χρηματιστήριο, την Πολιτική https://t.co/oltwP0bBMG"
0,0.46143037,Negative,,,,,,0.17028758,"RT @sofokleous10: Ρωσία: Πλήγμα για το περιβάλλον το «λουκέτο» στη Greenpeace, εκτιμούν στελέχη της εταιρείας https://t.co/R1KBIGCqHt"
1,0.6956545,Positive,,,,,,0.24607468,"Οι μεταρρυθμίσεις στην Παιδεία, η αναθεώρηση του Συντάγματος,η πάταξη της φοροδιαφυγής,η αύξηση της παραγωγής θα δώσουν επενδύσεις,θέσεις εργασίας,νεο εκπαιδευτικό περιβάλλον, περισσότερη δικαιοσύνη στην φορολογία.Να γιατί ο Μητσοτάκης αν κερδίσει με αυτοδυναμία έχει δύσκολο έργο"
1,0.7834758,Positive,,,,,,0.15440643,"RT @GaitanidouSevi: Αυτός είναι ο Αστέρης, που αφαιρέθηκε από ένα κακοποιητικό περιβάλλον, έζησε το όνειρο μιας οικογένειας για 1,5 χρόνο κ…"
0,0.37465554,Negative,,,,,,0.22993262,Δήμος Σαλαμίνας: Φεστιβάλ με τίτλο «Βιώσιμος Πλανήτης: Οι Νέοι Σχεδιάζουν» - Η Οθόνη μας Ενώνει https://t.co/eZ77LCh8VC https://t.co/iXQByWNzU3
1,0.8620163,Positive,,,,,,0.18346716,"RT @sofokleous10: Πόρισμα για Ελλάδα: Βιώσιμο το χρέος, επαρκή μέτρα στήριξης- Καλή πρόοδος σε κτηματολόγιο και ιδιωτικοποιήσεις https://t.…"
1,0.69055563,Positive,,,,,,0.15488726,RT @sofokleous10: ΤΑΙΠΕΔ: Σεμινάρια για την αειφορία στα λιμάνια και τις μαρίνες https://t.co/SkPJ83lfHs
1,0.88650835,Positive,,,,,,0.16434374,"RT @sofokleous10: Πόρισμα Κομισιόν για Ελλάδα: Βιώσιμο το χρέος, επαρκή μέτρα στήριξης- Καλή πρόοδος σε κτηματολόγιο και ιδιωτικοποιήσεις h…"
0,0.4275539,Negative,,,,,,0.28336778,"RT @pdiafimisewn: Α ρε άτιμη κλιματική κρίση.
Σαχάρα γίναμε. https://t.co/MRasWWiu96"
0,0.22423287,Negative,,,,,,0.1641683,Siemens Healthineers Ελλάδος: Διακρίθηκε για δεύτερη φορά για το καλό της εργασιακό περιβάλλον #SIEMENS_HEALTHINEERS #SIEMENS #ΕΡΓΑΣΙΑΚΟ_ΠΕΡΙΒΑΛΛΟΝ https://t.co/zTB18MVXBX
1,0.6595874,Positive,,,,,,0.26947743,"Moody’s: Θετική για το αξιόχρεο της Ελλάδας μία νέα κυβέρνηση της ΝΔ. Σύμφωνα με τον Moody's, το βάρος του ελληνικού χρέους έχει γίνει σημαντικά πιο βιώσιμο https://t.co/l9xHSJ1nMh https://t.co/oLaohO17pN"
0,0.3150457,Negative,,,,,,0.19965374,Moody's: Το χρέος της Ελλάδας έχει γίνει σημαντικά πιο βιώσιμο #businessnewsgr https://t.co/i1hzc72gyZ
0,0.33676443,Negative,,,,,,0.2224557,"Optima bank: Φιλικές προς το περιβάλλον οι νέες χρεωστικές κάρτες - Ρεπορτάζ και ειδήσεις για την Οικονομία, τις Επιχειρήσεις, το Χρηματιστήριο, την Πολιτική #mononewsGR https://t.co/H5Z3UGKKpY"
0,0.14890578,Negative,,,,,,0.12987527,Optima bank: Νέες χρεωστικές κάρτες φιλικές προς το περιβάλλον #businessnewsgr https://t.co/ia2j959tZ5
0,0.12189406,Negative,,,,,,0.17687002,"Φιλική στο περιβάλλον βιβλιοθήκη, προτείνει το γραφείο Snøhetta για το Μπρονξ της Νέας Υόρκης. Σχέδια για μια νέα βιβλιοθήκη στη συνοικία Westchester Square του Μπρονξ έχει δώσει στη δημοσιότητα το φημισμένο αρχιτεκτονικό γραφείο Snøhetta. https://t.co/vBpfDbJlV3 https://t.co/ZdcGyTqkh6"
1,0.5023996,Positive,,,,,,0.32947162,"«Χρειαζόμαστε μια ρυθμιστική παύση στα μέτρα για την κλιματική αλλαγή, δεν γίνεται να τα κάνουμε όλα ταυτόχρονα» είπε ο Βέλγος πρωθυπουργός, Αλεξάντερ Ντε Κρο
https://t.co/hPeHq8ZdNm"
0,0.3881139,Negative,,,,,,0.3196967,"Forum Capital Link: «Χρηματοδότηση, Επενδύσεις &amp; Βιώσιμη Ανάπτυξη Financing &amp; Investments Spearheading Sustainable Growth» https://t.co/q5rcCMhwiV via @bankingnewsgr"
1,0.7318218,Positive,,,,,,0.1553582,Όμιλος Ιατρικού Αθηνών: Πρωτοπορεί στις πολιτικές Βιώσιμης Ανάπτυξης - Σημαντική διάκριση σε έρευνα του «Forbes» #ΟΜΙΛΟΣ_ΙΑΤΡΙΚΟΥ_ΑΘΗΝΩΝ #ΒΙΩΣΙΜΗ_ΑΝΑΠΤΥΞΗ #ΔΙΑΚΡΙΣΗ https://t.co/M0eCl24W7l
1,0.7830276,Positive,,,,,,0.15248153,Έκθεση Beyond: Στρατηγικές βιώσιμης μόδας από ανακυκλώσιμα υλικά – Ρούχα από φελλό και πολυεστέρα https://t.co/eiOPQNSsIs https://t.co/P6wzTdhuAu #Beyond #Modtissimo #Zero_Waste #Ανακυκλώσιμα_Υλικά #Βιώσιμη_μόδα
0,0.28753734,Negative,,,,,,0.18098561,"⭕️ Ούτε ένα, ούτε δύο, αλλά τουλάχιστον εννέα είναι τα πρόσωπα επιρροής ή κίνησης στο ευρύτερο περιβάλλον του Κυριάκου Μητσοτάκη που ανακοινώθηκαν στη σύνθεση της υπηρεσιακής κυβέρνησης του Ιωάννη Σαρμά ⤵️ https://t.co/GPo8wkjZoS"
0,0.48191425,Negative,,,,,,0.24586032,Φλώρινα: Τριημερίδα για τη μετάβαση στην κλιματική ουδετερότητα και προσαρμογή στην κλιματική αλλαγή https://t.co/ynm3YF7FQP
1,0.9326763,Positive,,,,,,0.10518356,"Ο ΠΕΡΙΒΟΣ συμμετέχει στο Φεστιβάλ ""Βιώσιμος Πλανήτης: Οι Νέοι Σχεδιάζουν"" https://t.co/aU0v3MNQ1r"
1,0.9106492,Positive,,,,,,0.12948234,"♻️ Συμμετοχή του Δήμου Μαραθώνος στην Attica Green Expo 2023.

▪️Ο Δήμος Μαραθώνος συμμετέχει για πρώτη φορά στην Attica Green Expo 2023, την έκθεση για την πράσινη κυκλική οικονομία, τα εγκαίνια της οποίας πραγματοποιήθηκαν την Τετάρτη 24 Μαΐου στο

https://t.co/ifmzTPoWnz https://t.co/i4igbGssw6"
0,0.48761994,Negative,,,,,,0.2729409,"Ηγουμενίτσα: Μετέτρεψαν τα νεκρά πλατάνια σε έργα τέχνης. Ξυλόγλυπτες δημιουργίες, που συνθέτουν ένα ιδιαίτερο εικαστικό περιβάλλον βρίσκονται στον ποδηλατοδρόμο της Ηγουμενίτσας https://t.co/1rFeSEIh5R https://t.co/MJQzwoxIo6"
1,0.66836745,Positive,,,,,,0.2582639,"Ηγουμενίτσα: Μετέτρεψαν τα νεκρά πλατάνια σε έργα τέχνης μετατρέπει. Ξυλόγλυπτες δημιουργίες, που συνθέτουν ένα ιδιαίτερο εικαστικό περιβάλλον βρίσκονται στον ποδηλατοδρόμο της Ηγουμενίτσας https://t.co/5MSxbhu5MH https://t.co/FZNFP4lT8d"
0,0.1791257,Negative,,,,,,0.16642979,ΠΑΣΟΚ: Για «μεθοδευμένη αποπομπή» κάνει λόγο το περιβάλλον Καστανίδη - Documento https://t.co/Oe5ySYkUMG
1,0.696992,Positive,,,,,,0.30890036,Τα «καλύτερα (πράσινα) παιδιά»: «2η στον κόσμο η Ελλάδα στις Ανανεώσιμες Πηγές Ενέργειας» https://t.co/cqg75tIGn8
1,0.6424245,Positive,,,,,,0.22873238,"Δέλτα Αξιού - 6ο Φεστιβάλ Περιβαλλοντικού Παιχνιδιού: Αύριο η γιορτή με περιβαλλοντικά παιχνίδια https://t.co/eiOPQNSsIs https://t.co/TjOUUUHxsu 
#Φεστιβάλ #Περιβάλλον"
1,0.8668885,Positive,,,,,,0.22797732,"Volvo: Το EX30 έχει το μικρότερο αποτύπωμα άνθρακα από κάθε άλλο μοντέλο της μάρκας. Το νέο Volvo EX30 είναι ένα μικρό αμιγώς ηλεκτρικό SUV για τη σύγχρονη εποχή, σχεδιασμένο για να είναι ασφαλές και να έχει το μικρότερο αποτύπωμα CO2 από κάθε άλλο... https://t.co/nemtyQh9Ay https://t.co/L04MC8KHFi"
0,0.1935882,Negative,,,,,,0.25883704,@malamw_mou @SotiStra Κανουν συγκεκριμενα τεστ απο παιδοψυχολογους και ο λογος που δε μπορουν να προσαρμοστουν στο σχολικο περιβαλλον ειναι γιατι το μυαλο τους ειναι πολυ μπροστα απο την ηλικια τους με αποτελεσμα να βαριουνται και να μην μπορουν να επικοινωνησουν με συνομιληκους
0,0.3696139,Negative,,,,,,0.19795643,Πώς θα αντιμετωπιστεί ο ακτιβισμός για το περιβάλλον; https://t.co/X2cOILmBQm
1,0.97330546,Positive,,,,,,0.080493934,Κλιματική αλλαγή και διαφθορά: Συμφέροντα μετατρέπουν την κλιματική κρίση σε πολιτισμική διακινδυνεύοντας ένα μέλλον... «Mad Max» https://t.co/hZaDbLkkFX via @bankingnewsgr
0,0.1519813,Negative,,,,,,0.16825978,"Ολλανδία: Η πράσινη μετάβαση της Ευρώπης είναι αδύνατη χωρίς την Κίνα - Ρεπορτάζ και ειδήσεις για την Οικονομία, τις Επιχειρήσεις, το Χρηματιστήριο, την Πολιτική #mononewsGR https://t.co/jAycIxfT51"
0,0.41145667,Negative,,,,,,0.32619002,@hkallimorou @malamw_mou @SotiStra Μα ειπα και πριν οτι υπαρχουν αυτιστικοι με υψηλη νοημοσυνη και εσεις προφανως ανηκετε σε αυτην την κατηγορια και μπραβο σας πο τα καταφερατε και ξεφυγατε απο ενα τετοιο οικογενειακο περιβαλλον.ειστε αξιοθαυμαστη γιατι λιγοι θα το καταφερναν αυτο.
1,0.8181427,Positive,,,,,,0.2239693,Μ. Ρέμα Ραφήνας: Προτάσεις Βασιλόπουλου για αντιπλημμυρική προστασία παράλληλα με βιώσιμη ανάπτυξη για το σύνολο του Δήμου #FEATURED #ΑΥΤΟΔΙΟΙΚΗΣΗ #ΑΝΔΡΕΑΣΒΑΣΙΛΟΠΟΥΛΟΣ By https://t.co/p9zfHynwcm https://t.co/9RqxKBd07F https://t.co/4owTgInXE5
0,0.40447524,Negative,,,,,,0.20310786,Η κλιματική αλλαγή στη Μεσσηνία https://t.co/TZ0KMhy1NI
0,0.028854802,Negative,,,,,,0.051822387,"Ιδιαίτερα δυσμενείς οι επιπτώσεις στο περιβάλλον από τα προϊόντα καπνού

Μιλάει στο ΑΠΕ-ΜΠΕ η Μ.Τσικρικά πρόεδρος Ένωσης Πνευμονολόγων Ελλάδας 

https://t.co/CaZw5u4NGY"
0,0.4483536,Negative,,,,,,0.2981937,@kic54989272 γιατι αν το παιδι εχει αγνοια μπορει να το προσεγγισει καποιος παιδεραστης απο το ευρυτερο περιβαλλον -σχολικο η μη-και να ασελγησει πανω του και το παιδι να μην καταλαβει τι ακριβως συμβαινει
0,0.20359495,Negative,,,,,,0.20408839,@kic54989272 Πατησα google αυτο που λες και βγαζει ενα σχεδιο για βιωσιμη αναπτυξη το 2030.ειναι κακο αυτο?γιατι εμενα καλο μου φαινεται
1,0.7942218,Positive,,,,,,0.22346652,Εκλογές Τουρκία - Ξένοι αναλυτές: «Δεν είναι μια πραγματική Δημοκρατία». Εκλογές Τουρκία: Σύμφωνα με τους ξένους αναλυτές ο Ερντογάν θέλει μια βιώσιμη αντιπολίτευση για να δίνει την ψευδαίσθηση ενός υγιούς Δημοκρατικά κράτους https://t.co/5Yu4HScmMk https://t.co/35B0TsNZsx
0,0.3831218,Negative,,,,,,0.2017897,Ο Μακρόν έκανε έκκληση να τεθεί τέλος “σε ένα μη βιώσιμο μοντέλο” παραγωγής και κατανάλωσης πλαστικών https://t.co/wCBGCarGIN
1,0.59335023,Positive,,,,,,0.28731492,Bayer Ελλάς: Στηρίζει την πράσινη και βιώσιμη ανάπτυξη με το πρόγραμμα «Green and Sustainable Development Accelerator» https://t.co/KYs4JpuRyQ
0,0.44923377,Negative,,,,,,0.26649785,"♻️🔋 Motor Oil: Ηγέτης στην πράσινη ενέργεια – Πώς θα φτάσει στο 40% EBITDA από ΑΠΕ #MotorOil #mononewsGR | Ρεπορτάζ και ειδήσεις για την Οικονομία, τις Επιχειρήσεις, το Χρηματιστήριο, την Πολιτική https://t.co/uPQ2x0PiQy"
1,0.94187266,Positive,,,,,,0.08223036,Στο συνέδριο “Πράσινη Μετάβαση και Κυκλική Οικονομία στην Τοπική Αυτοδιοίκηση” συμμετείχε ο Δήμαρχος #Δημοκρατική #Ρόδος #Δωδεκάνησα https://t.co/h3pyoQ468N
1,0.7013906,Positive,,,,,,0.2025712,"Τεμπονέρας: Το πρόγραμμα μας είναι ρεαλιστικό, βιώσιμο και άμεσα εφαρμόσιμο https://t.co/YVQy9kYrMp"
1,0.9478458,Positive,,,,,,0.0880783,Πράσινη διαχείριση και περιβάλλον να μπουν στην ατζέντα των εκλογών. Τα απόβλητα εξακολουθούν να προβληματίζουν την ηγεσία της ΕΕ. https://t.co/dUJj9Ap5B6 https://t.co/oA08ljK1nq
0,0.46889782,Negative,,,,,,0.19838032,Tetra Pak: Η συμβολή των χάρτινων συσκευασιών στην κυκλική οικονομία #businessnewsgr https://t.co/w9QuGe68ZT
0,0.49408737,Negative,,,,,,0.19975437,Πώς αλλάζει η κλιματική αλλαγή τη συμπεριφορά των ζώων https://t.co/5uJDjXf6jz
1,0.566353,Positive,,,,,,0.3247742,"Δ. #Τεμπονέρας: Το πρόγραμμα μας, ρεαλιστικό, βιώσιμο, άμεσα εφαρμόσιμο, μπορεί να δώσει λύσει στα προβλήματα της λαϊκής πλειοψηφίας

#ΣΥΡΙΖΑ 
#Εκλογες25Ιουνιου 

https://t.co/GJUNHU6aj4 https://t.co/fc7tkUa5gH"
1,0.94346166,Positive,,,,,,0.08262907,RT @TheOpinion_News: «Βιώσιμη κινητικότητα ή αβίωτη πόλη;» – Έρχεται εκδήλωση από την Πόλη Ανάποδα #Thessaloniki #skg #TheOpinion https://t…
1,0.7400775,Positive,,,,,,0.17895453,"Άρνολντ Σβαρτσενέγκερ: Να επαναδιατυπωθεί ο όρος κλιματική αλλαγή

https://t.co/SDTdTaZsmT"
0,0.18755533,Negative,,,,,,0.18412082,Bayer Ελλάς και HIGGS «ενώνονται» για την πράσινη και βιώσιμη ανάπτυξη #BAYER_ΕΛΛΑΣ #HIGGS #ΠΡΑΣΙΝΗ_ΑΝΑΠΤΥΞΗ https://t.co/nYvChg3thu
0,0.22729594,Negative,,,,,,0.22535953,"Ο Άρνολντ Σβαρτσενέγκερ (Arnold Schwarzenegger) αναλαμβάνει δράση για την αντιμετώπιση της κλιματικής αλλαγής, αλλά πρώτα πιστεύει ότι θα πρέπει ο όρος να επαναδιατυπωθεί.
«Όσο συνεχίζουμε να μιλάμε για την παγκόσμια κλιματική αλλαγή, δεν πρόκειται να

https://t.co/1BuAEjKAC9"
1,0.6707405,Positive,,,,,,0.23129806,RT @TheOpinion_News: Πόλη Ανάποδα: Εκδήλωση για τη βιώσιμη κινητικότητα #Thessaloniki #skg #TheOpinion https://t.co/Xug0Wixa27
0,0.30876935,Negative,,,,,,0.27273902,RT @TheOpinion_News: Θεσσαλονίκη: «Μαρτύριο» η μετακίνηση των πολιτών – Εκδήλωση για τη βιώσιμη κινητικότητα (ΦΩΤΟ –VIDEO) #Thessaloniki #s…
0,0.3360992,Negative,,,,,,0.24458185,RT @sofokleous10: Έλον Μασκ: Δίκαιο οικονομικό περιβάλλον για τις ξένες επιχειρήσεις του υποσχέθηκε ο Κινέζος ΥΠΕΞ https://t.co/pFwuUoOPWz
0,0.42030224,Negative,,,,,,0.29137102,"Θεσσαλονίκη: Μάντρα ανταλλακτικών αποσυναρμολογούσε παράνομα αυτοκίνητα και ρύπαινε το περιβάλλον. Στη σύλληψη δύο ατόμων που προέβαιναν σε περιβαλλοντική ρύπανση σε προαύλιο χώρο επιχείρησης εμπορίας ανταλλακτικών αυτοκινήτων, στην περιοχή του Δήμου... https://t.co/sRJPyzsX9j https://t.co/ckIZbcTSn0"
0,0.4399844,Negative,,,,,,0.2208939,"Έκθεση: Η κλιματική αλλαγή και οι καταπονημένες υποδομές αυξάνουν τον κίνδυνο πλημμυρών για την ""Σίλικον Βάλεϊ"" της Ινδίας

https://t.co/kXRvAeGGib

#India #climate https://t.co/q4o43ouMCe"
0,0.23664679,Negative,,,,,,0.24010536,"Σύλλογος Ελλήνων Ολυμπιονικών (ΣΕΟ): Yπογραφή συμφώνου συνεργασίας με την εταιρεία  ΤΕΧΑΝ  ΑΒΕΕ η οποία βασίστηκε στο κοινό όραμα για ένα καλύτερο περιβάλλον και αποσκοπεί στην ανάπτυξη της περιβαλλοντικής συνείδησης όλων – και ιδιαίτερα, των νέων ανθρώπων https://t.co/JB2Dsc8kyt"
1,0.64278257,Positive,,,,,,0.22387071,Έως 15/6 η συμμετοχή επιχειρήσεων στον Εθνικό Διάλογο για τη Βιώσιμη Ανάπτυξη #businessnewsgr https://t.co/Adh7qbxvbl
0,0.059046745,Negative,,,,,,0.06719526,Ανατριχιαστικά όλα αυτά και λυπάμαι τα μικρά παιδιά που καλούνται να μεγαλώσουν σε ένα πολύ επιθετικό περιβάλλον από όλες τις απόψεις. https://t.co/VluDDttGEV via @mayroskoraks
0,0.369236,Negative,,,,,,0.2402525,Παρατείνεται ως τις 15/6 ο Εθνικός Διάλογος για τη Βιώσιμη Ανάπτυξη https://t.co/CbgOgiiZjt
1,0.6260894,Positive,,,,,,0.271795,Κάρπαθος: Σάλος με το βίντεο με τα ζωντανά ψάρια στο τηγάνι - Τι απαντάει το εστιατόριο. Σάλος έχει προκληθεί με τη γυναίκα που βουτάει ζωντανά ψάρια στο τηγάνι σε εστιατόριο της Καρπάθου. Άνθρωποι από το περιβάλλον της επιχείρησης απαντούν για το... https://t.co/K51nChScZS https://t.co/WnvJFli65m
1,0.7534281,Positive,,,,,,0.17693534,"Μεσογειακή διατροφή: Ένας μη βιώσιμος μύθος,
https://t.co/GLZO7xWM7m,"
0,0.27773798,Negative,,,,,,0.12967715,περιβάλλον.
1,0.7597318,Positive,,,,,,0.22199413,Καπνός: Οι επιπτώσεις στην υγεία και στο περιβάλλον - «Να καλλιεργούνται βρώσιμα προϊόντα αντί για καπνό» ζητά ο ΠΟΥ #ΚΑΠΝΙΣΜΑ #ΕΠΙΠΤΩΣΕΙΣ #ΠΟΥ https://t.co/Siy4X2a4go
0,0.2071625,Negative,,,,,,0.1508652,"Στρατηγικές #ESG που οδηγούν το μεταλλευτικό κλάδο στη βιώσιμη ανάπτυξη #mononewsGR | Ρεπορτάζ και ειδήσεις για την Οικονομία, τις Επιχειρήσεις, το Χρηματιστήριο, την Πολιτική
https://t.co/3bbWlztlK6"
0,0.22908796,Negative,,,,,,0.18930694,"ΔΕΠΑ Εμπορίας: Ευθύνη απέναντι στο περιβάλλον και πράσινος μετασχηματισμός #mononewsGR | Ρεπορτάζ και ειδήσεις για την Οικονομία, τις Επιχειρήσεις, το Χρηματιστήριο, την Πολιτική
https://t.co/ktZcGBDdCa"
0,0.48634896,Negative,,,,,,0.27524722,"Τα πλαστικά απειλούν το περιβάλλον το οικοσύστημα και τον άνθρωπο #mononewsGR | Ρεπορτάζ και ειδήσεις για την Οικονομία, τις Επιχειρήσεις, το Χρηματιστήριο, την Πολιτική
https://t.co/BETQKLLR1k"
0,0.11312273,Negative,,,,,,0.13034356,Η απάτη της κλιματικής κρίσης γίνεται πλέον ξεκάθαρη: Η συμμαχία για το περιβάλλον έχει χάσει τα μισά της μέλη και… συνεχίζει https://t.co/3VWdDNRZ4U via @bankingnewsgr
0,0.07441532,Negative,,,,,,0.10191205,"1st Larissa Cycling Forum: Θεμέλιο για μια ποδηλατικά βιώσιμη πραγματικότητα (video &amp; photo)
https://t.co/37L0PQds3P"
0,0.035113093,Negative,,,,,,0.045026418,RT @bankingnewsgr: Η απάτη της κλιματικής κρίσης γίνεται πλέον ξεκάθαρη: Η συμμαχία για το περιβάλλον έχει χάσει τα μισά της μέλη και… συνε…
0,0.088658504,Negative,,,,,,0.1136724,Η απάτη της κλιματικής κρίσης γίνεται πλέον ξεκάθαρη: Η συμμαχία για το περιβάλλον έχει χάσει τα μισά της μέλη και… συνεχίζει https://t.co/zyDp2L8Gwh via @bankingnewsgr
0,0.18229444,Negative,,,,,,0.12178635,Ελάττωση των επιπτώσεων εταιρικής δραστηριότητας σε ανθρώπους και περιβάλλον - https://t.co/PL2jQejSAz https://t.co/I6kBlhHKCX
0,0.19953668,Negative,,,,,,0.1502142,ΕΚ: Ελάττωση των επιπτώσεων εταιρικής δραστηριότητας σε ανθρώπους και περιβάλλον #businessnewsgr https://t.co/EEtmY038GV
0,0.14424738,Negative,,,,,,0.107166015,Ελάττωση των επιπτώσεων εταιρικής δραστηριότητας σε ανθρώπους και περιβάλλον https://t.co/6XRbRiiefR
1,0.9006242,Positive,,,,,,0.15926184,"Χριστοδουλίδης: Ύψιστης σημασίας ένα σταθερό και ασφαλές περιβάλλον στην Αν. Μεσόγειο. Η διατήρηση ενός σταθερού και ασφαλούς περιβάλλοντος στην Ανατολική Μεσόγειο παραμένει ύψιστης στρατηγικής σημασίας, είπε σήμερα ο Πρόεδρος της Kυπριακής... https://t.co/HsaY961I6s https://t.co/5oxqInRsJr"
1,0.8981726,Positive,,,,,,0.12475877,"ΔΕΗ e-bike Festival: Με ποδήλατο προς έναν πιο βιώσιμο κόσμο #mononewsGR #ΔΕΗ | Ρεπορτάζ και ειδήσεις για την Οικονομία, τις Επιχειρήσεις, το Χρηματιστήριο, την Πολιτική
https://t.co/WG4ulCJAL1"
1,0.5362783,Positive,,,,,,0.22077283,"Περιβάλλον για την ποιότητα ζωής που μας αξίζει και όχι θυσία στο βωμό του κέρδους

του Νίκου Ασπράγκαθου
https://t.co/wF3Vpm3nLj https://t.co/qKc1kzCje9"
1,0.6077059,Positive,,,,,,0.19041437,ΓΣΕΕ: Είναι καιρός να επιταχυνθεί η μετάβαση σε μία κυκλική οικονομία #businessnewsgr https://t.co/VqgPzL2xTi
0,0.064744025,Negative,,,,,,0.11634641,"Κρήτη: Χωρίς τέλος το δράμα τριών παιδιών - Μετά τη μητέρα, έφυγε και ο πατέρας τους. Κρήτη: Ψάχνουν κηδεμόνα στο συγγενικό περιβάλλον https://t.co/a5PQB8ZcDb https://t.co/ypeSAgckOj"
1,0.6059282,Positive,,,,,,0.17647839,ΓΣΕΕ: Είναι καιρός να επιταχυνθεί η μετάβαση σε μία κυκλική οικονομία https://t.co/JJr7Zyroao
1,0.63315123,Positive,,,,,,0.20691887,"ΓΣΕΕ: Είναι καιρός να επιταχυνθεί η μετάβαση σε μία κυκλική οικονομία

https://t.co/FML18NfXbK https://t.co/lJzdCrMl5i"
0,0.2678263,Negative,,,,,,0.20867224,Εκδήλωση με την CLIA για τη βιώσιμη ανάπτυξη των προορισμών κρουαζιέρας συνδιοργάνωσε η Έλενα Κουντουρά στο Ευρωπαϊκό Κοινοβούλιο https://t.co/n4z4wYgtbM
1,0.5414434,Positive,,,,,,0.21143767,RT @TheOpinion_News: ΕΒΕΘ: Με 9 επιχειρήσεις-μέλη του στην 1η Διεθνή Έκθεση για την Κυκλική Οικονομία Forward Green #Thessaloniki #skg #The…
0,0.29505694,Negative,,,,,,0.17901547,"Η #Bentley για το περιβάλλον! #mononewsGR | Ρεπορτάζ και ειδήσεις για την Οικονομία, τις Επιχειρήσεις, το Χρηματιστήριο, την Πολιτική https://t.co/AkzrTpZM2z"
1,0.54106337,Positive,,,,,,0.21138294,Παγκόσμια Ημέρα Περιβάλλοντος: Ολοκληρωμένη στρατηγική της Sunlight Group για την κυκλική οικονομία https://t.co/W8JUVV8MLz
1,0.8204302,Positive,,,,,,0.16537647,"Κώστας Λαϊνάς: Ο μαέστρος του Διονύση Σχοινά στην εντατική. Με συμπτώματα σηψαιμίας νοσηλεύεται στη μονάδα Εντατικής θεραπείας ο μαέστρος του Διονύση Σχοινά, Κώστας Λαϊνάς. Τι λέει άνθρωπος από το περιβάλλον του στο gossip-tv. https://t.co/pc1i6VLwu5 https://t.co/ZkbWfXLBkr"
0,0.12568599,Negative,,,,,,0.13855371,Χάρι: Πυρά κατά του πρίγκιπα από φίλο της Ελισάβετ – «Πρόδωσε την ετοιμοθάνατη γιαγιά του». Σκληρά λόγια για τον πρίγκιπα Χάρι και την Μέγκαν Μαρκλ από πρόσωπο που βρισκόταν στο φιλικό περιβάλλον της βασίλισσας Ελισάβετ https://t.co/r7dll6ZcM6 https://t.co/Yn0qHLyPRY
1,0.5965617,Positive,,,,,,0.20853958,ΓΣΕΕ: Είναι καιρός να επιταχυνθεί η μετάβαση σε μία κυκλική οικονομία #businessnewsgr https://t.co/zrOdxpcNgu
1,0.9662478,Positive,,,,,,0.072329596,ΔΕΗ: Επενδύει σε ένα πράσινο μέλλον – Πυξίδα η βιώσιμη ανάπτυξη #businessnewsgr https://t.co/emwP1YII33
1,0.9615366,Positive,,,,,,0.090985455,ΔΕΗ: Επενδύει σε ένα πράσινο μέλλον – Πυξίδα η βιώσιμη ανάπτυξη #businessnewsgr https://t.co/5KLObNzMRS
1,0.8991509,Positive,,,,,,0.13428046,RT @HellenicOlympic: Η Πρόεδρος της Επιτροπής Αθλητισμός και Περιβάλλον της ΕΟΕ Αλεξάνδρα Πάλλη συμμετείχε στην ATTICA GREEN EXPO τη μεγαλύ…
0,0.08376215,Negative,,,,,,0.10501309,Η απάτη της κλιματικής κρίσης γίνεται πλέον ξεκάθαρη: Η συμμαχία για το περιβάλλον έχει χάσει τα μισά της μέλη και… συνεχίζει https://t.co/RdpniRZt1y
0,0.32164735,Negative,,,,,,0.192135,"Το Δίκτυο Δέλτα Πηνειού/Τεμπών για το περιβάλλον - Η απειλή της κλιματικής κρίσης
https://t.co/quUr1dv9K8"
1,0.59501934,Positive,,,,,,0.25120652,Σκότωσαν στο ξύλο 68χρονη σε χωριό της Καβάλας! – Το συγγενικό της περιβάλλον ερευνά η αστυνομία https://t.co/B4AF1nLRA0 #dolofonia #kavala
0,0.0466122,Negative,,,,,,0.09794484,Κάμερα χωρίς φακό «φαντάζεται» τις φωτογραφίες με τη βοήθεια της τεχνητής νοημοσύνης. Η κάμερα θα εμφανίζει τις φωτογραφίες με βάση τις περιγραφές από το περιβάλλον. https://t.co/NPEMDPaAE4 https://t.co/JofU7gVaPz
1,0.96407294,Positive,,,,,,0.07724064,Γ. Οικονόμου: Η ισχυρή αυτοδυναμία της Ν.Δ. είναι η μοναδική βιώσιμη πρόταση διακυβέρνησης https://t.co/RDI4js8Npi
0,0.11701764,Negative,,,,,,0.11640546,Marc: Προοπτική αυτοδυναμίας για τη ΝΔ σε περιβάλλον επτακομματικής Βουλής #businessnewsgr https://t.co/QLRWL38KR2
1,0.7613654,Positive,,,,,,0.29355904,ΔΝΤ: Ζητά αυστηρότερη δημοσιονομική πολιτική και… πράσινη ενέργεια – «Η Ανατολική Ευρώπη αντιμετωπίζει βαθιά οικονομική “ουλή”» https://t.co/KWTkHiftNg
1,0.78126115,Positive,,,,,,0.1791674,RT @TheOpinion_News: Aρχαίοι «ιοί ζόμπι» εξαπλώνονται χάρη στην κλιματική αλλαγή! #Thessaloniki #skg #TheOpinion https://t.co/nw2nMH7ain
0,0.30078235,Negative,,,,,,0.21849294,Η επόμενη πανδημία θα είναι η ξαφνικιτιδα. Χ ....με κάποιο τρόπο θα πρέπει να δικαιολογήσουν τα εκατομμύρια θανάτους....προς το παρόν φταίνε τα αυγά και η κλιματική αλλαγή....όχι το ενφολιο
1,0.9135668,Positive,,,,,,0.18983395,"Παγκόσμια Ημέρα Περιβάλλοντος 2023: Με πυξίδα τη βιώσιμη ανάπτυξη η ΔΕΗ επενδύει σε ένα πράσινο, καλύτερο μέλλον

https://t.co/DfgKNTXnwv

Εκρηκτική Ενημέρωση από την Ελλάδα και τον Κόσμο στην https://t.co/ffHLvlQhM8

#PRESSBOMB #NEWS https://t.co/SZ0CTWlMNy"
0,0.24181128,Negative,,,,,,0.17633234,"5 Ιουνίου: Παγκόσμια Ημέρα Περιβάλλοντος https://t.co/DlDLaEi12k 
#παγκοσμια_ημέρα #περιβαλλον #ontimenewsgr"
0,0.40175506,Negative,,,,,,0.25714758,Αποτελέσματα Μαθητικού Διαγωνισμού της Ύπατης Αρμοστείας με θέμα την κλιματική κρίση και τους https://t.co/JV2fyuofS0
1,0.6922428,Positive,,,,,,0.19600706,"Νόσος Χ και…«κλιματική αλλαγή»: Στην ελληνική TV το νέο αφήγημα, vid https://t.co/Q3nBL3PJZV"
1,0.902856,Positive,,,,,,0.14547156,Σύνδεση οδικής ασφάλειας με βιώσιμη κινητικότητα https://t.co/pxUeC17TdG
0,0.10320869,Negative,,,,,,0.16146824,"Χρησιμοποιώντας μολύβια, ξυλομπογιές, πινέλα και μπογιές, μαθητές και μαθήτριες νηπιαγωγείων, γυμνασίων και λυκείων απ' όλη την Ελλάδα προσπάθησαν να αποτυπώσουν τις επιπτώσεις της κλιματικής αλλαγής στο περιβάλλον. Περισσότεροι από 1.800

https://t.co/EDNwvZSOQK"
1,0.5070265,Positive,,,,,,0.2868765,"Μαθητές και μαθήτριες απ’ όλη την Ελλάδα δημιουργούν αφίσες, σκίτσα και κολάζ για την κλιματική κρίση https://t.co/SiJcVHrYQt"
1,0.60084486,Positive,,,,,,0.30961058,"Μαθητές και μαθήτριες απ' όλη την Ελλάδα δημιουργούν αφίσες, σκίτσα και κολλάζ για την κλιματική κρίση 

https://t.co/CmiZrw8FRJ https://t.co/8WO3tRTQqK"
0,0.17373236,Negative,,,,,,0.18458086,RT @TheOpinion_News: Τσίπρας από Υμηττό: « Ημέρα συναγερμού για την κλιματική κρίση η Ημέρα Περιβάλλοντος» #Thessaloniki #skg #TheOpinion h…
0,0.21824321,Negative,,,,,,0.1791219,"Θα ήταν για γέλια. Αλλά κάθε χρόνο τέτοια μέρα, έστω και για το τυπικό του πράγματος, τα κομματικά επιτελεία πρέπει να φτιάξουν μια ανακοίνωση για το Περιβάλλον… https://t.co/atzMiPUjih"
1,0.92442316,Positive,,,,,,0.10212696,"Παντελής Κάπρος: Κεντρικός στόχος της μάχης για το περιβάλλον είναι ο μηδενισμός της καύσης ορυκτών καυσίμων - Ρεπορτάζ και ειδήσεις για την Οικονομία, τις Επιχειρήσεις, το Χρηματιστήριο, την Πολιτική #mononewsGR https://t.co/YVq4MuuZBF"
0,0.1853426,Negative,,,,,,0.25866506,"«Η παγκόσμια ημέρα περιβάλλοντος δεν είναι μια μέρα γιορτής αλλά μια μέρα συναγερμού, για την κλιματική κρίση και για την ανάγκη εφαρμογής πολιτικών που θα αντιμετωπίζουν τις συνέπειες της», ανέφερε οπρόεδρος του ΣΥΡΙΖΑ-ΠΣ, Αλέξης Τσίπρας ο οποίος

https://t.co/iNdUZg7KX3"
1,0.96719414,Positive,,,,,,0.08128685,"#WorldEnvironmentDay
Παντελής Κάπρος: 
«Κεντρικός στόχος της μάχης για το #περιβάλλον, ο μηδενισμός της καύσης ορυκτών καυσίμων» 

#WorldEnvironmentDay2023 #environment #EnvironmentDay #BeatPlasticPollution

https://t.co/TLREsDDP2L"
0,0.47915146,Negative,,,,,,0.2507673,"Γιώργος Πατούλης για την Παγκόσμια Ημέρα Περιβάλλοντος: «Το Περιβάλλον είναι η ίδια μας η ζωή, καθήκον μας να το προστατεύουμε» - #OknewsGr https://t.co/vjAfNMmKOU"
0,0.22272006,Negative,,,,,,0.250029,"«Η παγκόσμια ημέρα περιβάλλοντος δεν είναι μια μέρα γιορτής αλλά μια μέρα συναγερμού, για την κλιματική κρίση και για την ανάγκη εφαρμογής πολιτικών που θα αντιμετωπίζουν τις συνέπειες της», ανέφερε οπρόεδρος του ΣΥΡΙΖΑ-ΠΣ, Αλέξης Τσίπρας ο οποίος

https://t.co/B8l77ntAc7"
0,0.16845137,Negative,,,,,,0.13512741,"Αλέξης Τσίπρας για Παγκόσμια Ημέρα Περιβάλλοντος: «Ημέρα συναγερμού για την κλιματική κρίση, η πράσινη μετάβαση να είναι δίκαιη μετάβαση» - #OknewsGr https://t.co/CEE7wFz8fV"
0,0.24962226,Negative,,,,,,0.21283169,"#WorldEnvironmentDay 
.@atsipras: 
«Ημέρα συναγερμού για την κλιματική κρίση η Ημέρα Περιβάλλοντος - Η πράσινη μετάβαση να είναι δίκαιη μετάβαση» 

#WorldEnvironmentDay2023 #environment #EnvironmentDay #BeatPlasticPollution 

https://t.co/xbd7g3iHv9"
1,0.8165605,Positive,,,,,,0.24419253,"«Κεντρικός στόχος της μάχης για το περιβάλλον είναι ο μηδενισμός της καύσης ορυκτών καυσίμων», δήλωσε ο υπουργός Περιβάλλοντος και Ενέργειας, Παντελής Κάπρος, με αφορμή την Παγκόσμια Ημέρα Περιβάλλοντος.

https://t.co/oQNVoE4XK9"
1,0.6066895,Positive,,,,,,0.2760196,"ΚΚΕ: Ενάντια στην εκμετάλλευση του περιβάλλοντος, ενάντια στην πανάκριβη «πράσινη» ενέργεια https://t.co/jzsnbBNYft"
1,0.6163636,Positive,,,,,,0.28967908,"#ΚΚΕ: 
«Ενάντια στην εκμετάλλευση και υποβάθμιση του περιβάλλοντος, ενάντια στην πανάκριβη για τον λαό αλλά κερδοφόρα για τους ομίλους ""πράσινη"" ενέργεια» 

https://t.co/N0OX5qKsyq https://t.co/Zy9F0sXg1Y"
1,0.91278875,Positive,,,,,,0.132331,«Σήμα» ΔΝΤ στη Fed για νέες αυξήσεις επιτοκίων - Εξαιρετικά αβέβαιο περιβάλλον https://t.co/G6zidQnbAH via @bankingnewsgr
0,0.055490635,Negative,,,,,,0.076549485,"Εκλογές 2023 - Τσίπρας: «Ημέρα συναγερμού για την κλιματική κρίση η Ημέρα Περιβάλλοντος». Ο πρόεδρος του ΣΥΡΙΖΑ - Προοδευτική Συμμαχία, Αλέξης Τσίπρας, με αφορμή την Ημέρα Περιβάλλοντος, επισκέφτηκε σήμερα το Κέντρο Προστασίας Δασών και Φυσικού... https://t.co/TmOpTWiQfX https://t.co/28Lkx5OKU8"
0,0.43726796,Negative,,,,,,0.2399494,Green Week: Η κλιματική αλλαγή οδηγεί σε αλλαγή των ποικιλιών σταφυλιών στην Αυστρία https://t.co/voWw1ugGZf
0,0.37010983,Negative,,,,,,0.16814922,"RT @sofokleous10: Τι προτείνουν ΝΔ, ΣΥΡΙΖΑ και ΠΑΣΟΚ-ΚΙΝΑΛ για το περιβάλλον https://t.co/WFX4lcTZAQ"
0,0.35850993,Negative,,,,,,0.27485624,"«Η σημερινή Παγκόσμια Μέρα Περιβάλλοντος είναι μέρα αναστοχασμού για όσα οφείλουμε να κάνουμε για την προστασία και ανάδειξη του φυσικού περιβάλλοντος και τη βιώσιμη ανάπτυξη των προστατευόμενων περιοχών».

https://t.co/GS4mnbKAFc"
0,0.13905752,Negative,,,,,,0.18510468,"#WorldEnvironmentDay   
Ο Κώστας Τριάντης στο ΑΠΕ-ΜΠΕ: 
«Οι προκλήσεις και οι απαιτήσεις για το περιβάλλον μεγαλώνουν» 

#WorldEnvironmentDay2023 #environment #EnvironmentDay #BeatPlasticPollution

https://t.co/AkxWPH17Ck"
1,0.7367552,Positive,,,,,,0.19703357,"Γ. Κρεμλής / Η κυκλική οικονομία το κοινό όραμα για τη διάσωση του πλανήτη μας,
https://t.co/q3mxPFqRB1,"
0,0.10502937,Negative,,,,,,0.1008682,Περιβάλλον: Οι πυρομανείς που εμφανίζονται ως πυροσβέστες | ARTI NEWS https://t.co/hOjcjCBYkW
0,0.26419434,Negative,,,,,,0.22227786,Mια άλλη οικολογική περιπέτεια γιατί ως γνωστό μας ενδιαφέρει το περιβάλλον και η πράσινη ανάπτυξη... ...απλώς η χωματερή και ο σκουπιδοτενεκές ας είναι έξω από το σπίτι του γείτονα. https://t.co/eUaKXHJQy9
1,0.59942406,Positive,,,,,,0.30751458,"RT @odigitis: 📌Με πεζοπορία στον Υμηττό έστειλε η ΚΝΕ μήνυμα αγώνα για την προστασία του περιβάλλοντος
✊«Το περιβάλλον θύμα της πολιτικής τ…"
0,0.16098627,Negative,,,,,,0.15714054,Εδώ μια άλλη οικολογική περιπέτεια εξ Ανατολής με αγάπη για την ανθρωπότητα και όλο το περιβάλλον. https://t.co/Ti8Z9DuzLg
1,0.73752993,Positive,,,,,,0.16244383,ΠΑΡΑΤΗΡΗΤΗΡΙΟ ΠΕΙΡΑΪΚΗΣ: Συγκέντρωση για το περιβάλλον στον Σταυρό της Πειραϊκής https://t.co/A6XIho5h6o
1,0.70599616,Positive,,,,,,0.18074018,"Παγκόσμια Ημέρα Περιβάλλοντος: Η κλιματική κρίση απειλεί το καλοκαίρι στη Μεσόγειο
https://t.co/AM76Elrvz4"
1,0.8520267,Positive,,,,,,0.16459033,RT @kmitsotakis: Σας ευχαριστώ για τη θερμή υποδοχή στη Νέα Ιωνία! Με τους πολίτες σήμερα συζητήσαμε για το πώς οραματιζόμαστε την Ελλάδα τ…
0,0.30583787,Negative,,,,,,0.25290567,Περιβάλλον: Σε τι θα εξυπηρετούσαν οι δωρεάν συγκοινωνίες στην Ευρώπη #EuropeNews https://t.co/mTf6YwokBi
0,0.16592573,Negative,,,,,,0.15785944,Οι βερμπαλισμοί για το Περιβάλλον και η αφόρητη δυσοσμία στον Κηφισό | ARTI NEWS https://t.co/Lpz7tCpY1C
1,0.95090884,Positive,,,,,,0.09256255,Παπουτσάνης: Για ένα βιώσιμο μέλλον με υπεύθυνη παραγωγή και αειφόρο καινοτομία #businessnewsgr https://t.co/J0TgU77IDv
1,0.76910204,Positive,,,,,,0.24005806,"Εκλογές 2023 - Κυριάκος Μητσοτάκης: Σταθερή και βιώσιμη ανάπτυξη. Εκλογές 2023: Ευχαριστίες για τη θερμή υποδοχή στη Νέα Ιωνία, εκφράζει ο πρόεδρος της ΝΔ Κυριάκος Μητσοτάκης και θέτει το πρόγραμμα για μια Ελλάδα με σταθερή και βιώσιμη ανάπτυξη. https://t.co/DBvMXJDr6Q https://t.co/qDJbYyzPVw"
1,0.55398345,Positive,,,,,,0.2136341,Η κτηνοτροφία συμβάλει στην αειφορία του περιβάλλοντος - NemeaPress https://t.co/XkwsycKoKt
1,0.58214664,Positive,,,,,,0.22752275,Η κτηνοτροφία συμβάλλει στην αειφορία του περιβάλλοντος https://t.co/RC9bSS9AS3
0,0.08491505,Negative,,,,,,0.11821127,"Ομιλία του Δ. Κουτσούμπα για το περιβάλλον, απόψε στο πάρκο «Αντ. Τρίτσης» 

https://t.co/JbZCjTCpnI https://t.co/bXV30C5u5T"
0,0.4172638,Negative,,,,,,0.27300233,"RT @Celesta91883911: -Αντώνης Φώσκολος, ομότιμος καθηγητής Πολυτεχνείου Κρήτης και ομότιμος ερευνητής της Γεωλογικής Υπηρεσίας του Καναδά.…"
1,0.8742077,Positive,,,,,,0.21004407,"Αίθουσα Σύνταξης ΕπικαιρότηταΣτην ενίσχυση των υποδομών που προστατεύουν το περιβάλλον, προχώρησε η Energean σε περιοχές που δραστηριοποιείται στην Ελλάδα, με αφορμή την Παγκόσμια Ημέρα Περιβάλλοντος, η οποία τιμάται διεθνώς στις 5 Ιουνίου κάθε χρόνο. #

https://t.co/YytUP51TMn"
1,0.76192075,Positive,,,,,,0.15225941,Ειδήμονες: χημική-τοξική βόμβα για το περιβάλλον η κατάρρευση του φράγματος Νόβα Καχόβκα. #Kakhovka #Kherson #Χερσωνα #Ρωσια #Russia #Ukraine https://t.co/v3nGJNeJjb
1,0.7289352,Positive,,,,,,0.19371107,"Ειδήμονες: χημική-τοξική βόμβα για το περιβάλλον η κατάρρευση του φράγματος Νόβα Καχόβκα. #Kakhovka #Kherson #Χερσωνα #Ρωσια #Russia #Ukraine 
https://t.co/v3nGJNeJjb"
1,0.8842689,Positive,,,,,,0.14704639,"METRO: Εξοικονόμηση Φυσικών Πόρων για ένα Βιώσιμο Μέλλον
https://t.co/TKijwRnqv9"
1,0.8419355,Positive,,,,,,0.1888802,"Στο άρθρο του στη γνωστή ιστοσελίδα Project Syndicate, τα ανακατεύει όλα, τεχνητή νοημοσύνη, κλιματική αλλαγή, Ουκρανία, έχοντας όμως έναν κοινό σκοπό... https://t.co/e3jOdfzXbB"
1,0.6480474,Positive,,,,,,0.23866071,"Άκραμ Καν: «Η κλιματική κρίση είναι και κρίση πολιτισμού»

#AkramKhan 

https://t.co/OgEXHOyZJt https://t.co/yvskN2BJi5"
0,0.39584365,Negative,,,,,,0.2887666,Στουρνάρας: Επιτακτική η ανάγκη για ταχεία μετάβαση σε μια περισσότερο βιώσιμη ανάπτυξη - https://t.co/hnD4iXhSYP https://t.co/m1qqwYcuIS
0,0.33157283,Negative,,,,,,0.19053146,Το Παρίσι προωθεί πρωτοβουλίες φιλικές προς το περιβάλλον https://t.co/CJrTC5ribV
1,0.83666766,Positive,,,,,,0.22496136,"Η 1η Διεθνής Έκθεση Κυκλικής Οικονομίας ForwardGreen από τις 8 έως τις 10 Ιουνίου στο Διεθνές Εκθεσιακό Κέντρο Θεσσαλονίκης - Τιμώμενη Χώρα η Βουλγαρία, 138 εκθέτες, 60 ξένοι εμπορικοί επισκέπτες, Forum για την Κυκλική Οικονομία και πλήθος εκδηλώσεων https://t.co/cALUOzdUb7"
1,0.5480803,Positive,,,,,,0.22570497,"RT @ayH1A6yDNr3ldk5: 1/  .Οι 12 εντολές της ΝΤΠ, για έλεγχο, κυριαρχία, και αφαίμαξη ψυχών, και οικονομιών.
1)  (Δήθεν) Κλιματική Αλλαγή.
2…"
1,0.7576316,Positive,,,,,,0.24498636,"1η FORWARD GREEN: ""Ντεμπούτο"" της Έκθεσης για την Κυκλική Οικονομία με 138 εκθέτες και πάνω από 270 ραντεβού ελληνικών και βουλγαρικών επιχειρήσεων - https://t.co/eiOPQNT0y0 https://t.co/u7tYRX0hmG 
#Forward_Green #Κυκλική_Οικονομία"
0,0.45231783,Negative,,,,,,0.2565743,Γιάννης Στουρνάρας: «Επιτακτική ανάγκη η μετάβαση σε πιο βιώσιμη ανάπτυξη» #businessnewsgr https://t.co/EwdjtTBGPm
0,0.16355987,Negative,,,,,,0.1872422,Η Ιρλανδία θα σκοτώσει 200.000 αγελάδες για την ανύπαρκτη κλιματική αλλαγή… https://t.co/gJTD615oFB via @aegeanews
0,0.3229693,Negative,,,,,,0.25305286,Στουρνάρας: Επιτακτική η ανάγκη για ταχεία μετάβαση σε βιώσιμη ανάπτυξη  #moneypress https://t.co/VSrSyUvizr
1,0.944589,Positive,,,,,,0.09263583,Κάπρος: Κεντρικός στόχος της μάχης για το Περιβάλλον ο μηδενισμός της καύσης ορυκτών καυσίμων https://t.co/vhxbUJkshB
1,0.7179908,Positive,,,,,,0.2615371,"1η FORWARD GREEN: ""Ντεμπούτο"" της Έκθεσης για την Κυκλική Οικονομία με 138 εκθέτες και πάνω από 270 ραντεβού ελληνικών και βουλγαρικών επιχειρήσεων - https://t.co/eiOPQNSsIs https://t.co/3hjWVdGxQW #forward_green #ΔΕΘ #Θεσσαλονίκη #Θεσσαλονικη"
1,0.6884637,Positive,,,,,,0.18612309,"Κλιματική αλλαγή – Copernicus: Η επιφάνεια των ωκεανών γνώρισε τον θερμότερο Μάιο που έχει ποτέ καταγραφεί

https://t.co/OddEA7nLQ1"
0,0.36632538,Negative,,,,,,0.20294112,Η κλιματική αλλαγή απειλεί τους πάγους της Αρκτικής από το 2030 https://t.co/1cTiJJXMei
1,0.5693916,Positive,,,,,,0.30945802,"Κλιματική αλλαγή: Φέτος ο θερμότερος Μάιος που έχει καταγραφεί ποτέ στην επιφάνεια των ωκεανών. Σύμφωνα με τον Copernicus, ο Μάιος του 2023 ήταν ο δεύτερος θερμότερος που έχει καταγραφεί ποτέ ως προς τις θερμοκρασίες ολόκληρης της υδρογείου. https://t.co/icPBAXIIv3 https://t.co/7jsAsDPq45"
1,0.9061005,Positive,,,,,,0.13324809,ΗΡΩΝ: «Πράσινη» ενέργεια με PPA από RWE-ΔΕΗ Ανανεώσιμες και υπογραφή μακροχρόνιας σύμβασης https://t.co/snwLEQgCZJ
0,0.3188635,Negative,,,,,,0.1789027,Η κλιματική αλλαγή απειλεί τους πάγους της Αρκτικής - https://t.co/kV9N3t1rWI https://t.co/VMfiVgwrsM
0,0.42416677,Negative,,,,,,0.34489173,«Αποπνικτική» η ατμόσφαιρα στις ΗΠΑ λόγω των δασικών πυρκαγιών στον Καναδά - «Καμπανάκι» για την υγεία εκατομμυρίων πολιτών #ΚΑΠΝΟΣ #ΗΠΑ #ΠΕΡΙΒΑΛΛΟΝ https://t.co/ljjU3jwp4j
1,0.893103,Positive,,,,,,0.09684076,H ΕΥΔΑΠ αξιοποιεί τις Ανανεώσιμες Πηγές Ενέργειας https://t.co/1mlTep52B0 via @bankingnewsgr
0,0.27011788,Negative,,,,,,0.19030745,Φωνάζει ο Ζελένσκι για το…περιβάλλον: «Οικοκτονία των Ρώσων» https://t.co/int7BWLIcp
1,0.899657,Positive,,,,,,0.18892781,"Ημερίδα ΠΕΔ Θεσσαλίας: «Η κλιματική κρίση και η επιρροή της στην αγροτική οικονομία της περιοχής. Μέτρα και δράσεις»
https://t.co/X95kItPl2L"
0,0.08977573,Negative,,,,,,0.14647052,"Οι Coldplay κατέβαλαν προσπάθειες τον τελευταίο χρόνο να κάνουν την περιοδεία τους «Music of the Spheres World Tour» πιο βιώσιμη και σύμφωνα με το Billboard, τα αποτελέσματα είναι ικανοποιητικά.
Εκτόςαπό τη μείωση του αποτυπώματος άνθρακα κατά σχεδόν

https://t.co/xA9AXQmfi2"
0,0.3945341,Negative,,,,,,0.24550845,RT @sofokleous10: Στουρνάρας: Επιτακτική η ανάγκη για ταχεία μετάβαση σε μια περισσότερο βιώσιμη ανάπτυξη https://t.co/rPeRDIlaXQ
1,0.85979354,Positive,,,,,,0.19200864,METRO: Εξοικονόμηση Φυσικών Πόρων για ένα Βιώσιμο Μέλλον https://t.co/xQgZ1n0cAz
1,0.9216059,Positive,,,,,,0.1357745,Τα έργα συνδυάζονται με το περιβάλλον και δημιουργούν «ένα νησί μέσα στο νησί» https://t.co/fEDAr3Oh0r
0,0.38421372,Negative,,,,,,0.2831338,"Οι πυρκαγιές στον ανατολικό Καναδά και η επακόλουθη επιδείνωση της ποιότητας του αέρα στην ανατολική ακτή των Ηνωμένων Πολιτειών είναι «ένα ακόμη ανησυχητικό σημάδι του τρόπου με τον οποίο η κλιματική κρίση επηρεάζει τη ζωή μας».

https://t.co/1F2cWVqXh4"
1,0.84756464,Positive,,,,,,0.18536197,"Πελαγίδης: Ανθεκτική η ελληνική οικονομία, παρά το δυσμενές περιβάλλον - https://t.co/eTafNWbsse https://t.co/BqQJlYUnyO"
1,0.5493911,Positive,,,,,,0.27977744,Κλιματική αλλαγή: Χωρίς πάγους τα καλοκαίρια η Αρκτική εντός μίας δεκαετίας - https://t.co/2xzAkXmvpT https://t.co/RRoZhCPOhb
0,0.059467178,Negative,,,,,,0.08460967,RT @sofokleous10: Οι θέσεις του ΠΑΣΟΚ – ΚΙΝΑΛ για το περιβάλλον παρουσιάστηκαν στην Καλαμάτα (video) https://t.co/ObwMWYEapl
0,0.17353332,Negative,,,,,,0.19033061,"Αλ. Χαρίτσης: Παραγωγικό και αναπτυξιακό μοντέλο για δίκαιη, βιώσιμη και πράσινη ανάπτυξη,
https://t.co/gB0fYzOqZ3,"
0,0.24017647,Negative,,,,,,0.21743876,"Αλ. #Χαρίτσης: Παραγωγικό και αναπτυξιακό μοντέλο για δίκαιη, βιώσιμη και πράσινη ανάπτυξη
@syriza_gr 

https://t.co/Hhm66uLKvL https://t.co/Ef7NwPChfD"
1,0.63965213,Positive,,,,,,0.28286052,"Κλιματική κρίση: Κίνδυνος να βυθιστούν παραλιακές περιοχές σε Αττική, Θεσσαλονίκη, Πελοπόννησο, Κρήτη και Δωδεκάνησα - #OknewsGr https://t.co/iMJoZ7Saun"
0,0.1318093,Negative,,,,,,0.13066427,Τεράστια καταστροφή! Οι επιπτώσεις που θα έχει στο περιβάλλον η καταστροφή του φράγματος της Κακχόβκα https://t.co/cCgQNkrUNo
1,0.8636586,Positive,,,,,,0.16286457,Ημερίδα της ΠΕΔ για την κλιματική κρίση και την επιρροή της στην αγροτική οικονομία ⋆ TirnavosPress https://t.co/yQ09XhVkzK
0,0.27637622,Negative,,,,,,0.24967782,"Σεισμός, σεισμός! Βρέθηκε η αιτία για την περιβαλλοντική ρύπανση του πλανήτη. Για την κλιματική αλλαγή, για την τρύπα του όζοντος, για την αύξηση του διοξειδίου του άνθρακα και για τον… κακό μας τον καιρό! https://t.co/X880ibyqkq"
1,0.8822487,Positive,,,,,,0.13840455,RT @sofokleous10: Πελαγίδης: Ανθεκτική η ελληνική οικονομία σε ένα αβέβαιο περιβάλλον https://t.co/uOWcDk0gV4
1,0.958962,Positive,,,,,,0.07885914,"Η Θεσσαλονίκη ανοίγει τον δρόμο προς ένα πράσινο, βιώσιμο μέλλον – Εγκαίνια 2ου Φεστιβάλ Κυκλικής Οικονομίας Thess Clean - Thess Green

https://t.co/Zw9CbEcgRe"
1,0.90988547,Positive,,,,,,0.13812612,RT @sofokleous10: Μεγάλου (Τρ. Πειραιώς):Η μετάβαση σε μια οικονομία χωρίς εκπομπές άνθρακα είναι εφικτή και οικονομικά βιώσιμη https://t.c…
1,0.9431749,Positive,,,,,,0.12034792,Πελεγίδης – Υπουργείο Οικονομικών: “Ανθεκτικότητα της ελληνικής οικονομίας παρά το αβέβαιο οικονομικό περιβάλλον” - #OknewsGr https://t.co/zvIhyldRTX
1,0.9027576,Positive,,,,,,0.10067899,"Θ. Πελαγίδης: Η ελληνική οικονομία συνεχίζει να παρουσιάζει σημαντική ανθεκτικότητα μέσα σε ένα δυσμενές και αβέβαιο οικονομικό περιβάλλον

https://t.co/bulzQG3SAr https://t.co/QHKj6tLlRm"
0,0.1850834,Negative,,,,,,0.15851805,"«Κάνουμε πράσινες τις γειτονιές μας»: Διήμερο περιβαλλοντικών δράσεων το Σαββατοκύριακο στο Δήμο Βισαλτίας 
#Δήμος_Βισαλτίας #Ημέρα_Περιβάλλοντος #περιβάλλον #Serres
https://t.co/t4dojtNmN2"
0,0.46838635,Negative,,,,,,0.24277964,"Εθνική Τράπεζα και Περιβάλλον: Από τη στρατηγική στην πράξη #mononewsGR | Ρεπορτάζ και ειδήσεις για την Οικονομία, τις Επιχειρήσεις, το Χρηματιστήριο, την Πολιτική
https://t.co/bE5JLvEeGM"
1,0.60478514,Positive,,,,,,0.27563578,Κλιματική αλλαγή: Οι 5 περιοχές στην Ελλάδα που κινδυνεύουν να «βυθιστούν» από...  #moneypress https://t.co/AkiPQ3BiwP
1,0.53305334,Positive,,,,,,0.19077021,Coffee Island: Επενδύει στην βιώσιμη ανάπτυξη και την Coffe-Ecο #businessnewsgr https://t.co/JroxYtAUUW
0,0.48084763,Negative,,,,,,0.25629637,"H Βουλγαρία Τιμώμενη Χώρα στην 1η ""Forward Green"" και άνευ απροόπτου και στη φετινή ΔΕΘ - https://t.co/eiOPQNSsIs https://t.co/ZQfmj9blWW 
#Forward_Green_Expo #ΔΕΘ #Κυκλική_Οικονομία"
0,0.115132116,Negative,,,,,,0.1408378,"Όταν όλη η ανθρωπότητα ξύπνησε και κατάλαβε τι ακριβώς συμβαίνει. Ακριβώς τότε δέχτηκε επίθεση. Αν τώρα θέλετε να επιβιώσετε πρέπει να μείνετε μακριά από το 5G περιβάλλον, δεν υπάρχει καμία άλλη λύση. https://t.co/plrj4e2z1e"
0,0.14567909,Negative,,,,,,0.13680094,Goldman Sachs: Οι συνθήκες στο χρηματοπιστωτικό περιβάλλον θα γίνουν δυσμενέστερες https://t.co/2fNLHct1GH
1,0.8391169,Positive,,,,,,0.1761107,Κλιματική αλλαγή όπως σε σειρά κάλυψε την νέα Υόρκη https://t.co/oTJejBPDsl
0,0.041536983,Negative,,,,,,0.11066157,"Mε την ατζέντα της για το περιβάλλον, την κοινωνία και τη διακυβέρνηση (Environmental, Social, and Governance-ESG), προσπαθεί να εφαρμόσει το σύστημα κοινωνικής πίστωσης της Κίνας στις αμερικανικές εταιρείες https://t.co/B0LOcpMDeJ"
0,0.06668955,Negative,,,,,,0.08424904,Ψήφισμα Βουλής για περιβάλλον καλεί σε συντονισμό δράσεων https://t.co/fPBZ05w43G
1,0.563999,Positive,,,,,,0.30685416,1ο Forum για την Κυκλική Οικονομία: Έρχονται επενδύσεις-Αναπτυξιακές προοπτικές για την ελληνική βιομηχανία από την Κυκλική Οικονομία-Κρίσιμος ο ρόλος της εκπαίδευσης - https://t.co/eiOPQNSsIs https://t.co/o8hvkX61Nm
0,0.28458372,Negative,,,,,,0.2169757,"MSD: Θετικό το αποτύπωμα της στην κοινωνία, την υγεία και το περιβάλλον - Όλες οι ενέργειες της εταιρείας #MSD #ΕΝΕΡΓΕΙΕΣ #ΥΓΕΙΑ https://t.co/ej9Wy1JRTi"
1,0.6096316,Positive,,,,,,0.28804797,"Η Πράσινη Ελλάδα αποτελεί βασικό πυλώνα του προγράμματός μας. Ώστε μέσα από συγκεκριμένες πολιτικές να ενισχύσουμε την ενεργειακή ασφάλεια της πατρίδας μας, αλλά κυρίως να παραδώσουμε στις επόμενες γενιές ένα καλύτερο περιβάλλον.

https://t.co/WxxRJWmtiY https://t.co/JeUXQszHp6"
1,0.53259593,Positive,,,,,,0.2342835,RT @sofokleous10: Σαράντη (ΣΒΕ) : Ανάγκη για επενδύσεις στην κυκλική οικονομία https://t.co/JF2CGLmbjO
0,0.40986001,Negative,,,,,,0.2458524,"RT @LambrosG: ""Κλιματική κρίση""... 😉"
0,0.40470603,Negative,,,,,,0.28577334,"MSD: 4,7 εκατ. ευρώ επενδύθηκαν σε κλινική έρευνα στην Ελλάδα. Το θετικό αποτύπωμα της MSD στην κοινωνία, την υγεία και το περιβάλλον, επιβεβαιώνεται μέσα από το έντυπο Εταιρικής Ευθύνης (Environment Social Governance Brochure) του 2022, στο οποίο... https://t.co/ZIvwEz208s https://t.co/2LUCCburFI"
0,0.12315876,Negative,,,,,,0.116720445,«Ο ΣΥΡΙΖΑ επαναφέρει το θέμα όταν ζορίζεται» – Τι απαντούν από το περιβάλλον Σαμαρά για την «τουρκική» μειονότητα https://t.co/IDkS7PlqM7
0,0.49027896,Negative,,,,,,0.25385648,"Στο Πρόγραμμα «Υποδομές Μεταφορών, Περιβάλλον &amp; Αειφόρος Ανάπτυξη» το έργο ρέματος Κόρμπι #businessnewsgr https://t.co/xn5U9Ow7OH"
0,0.28376317,Negative,,,,,,0.24243265,"Πώς τα ταμεία πολιτικής συνοχής στηρίζουν τη βιώσιμη κινητικότητα και δημιουργία υποδομών
#alphanewslive #cyprus
 https://t.co/V5Pt0QBmz3"
0,0.0947051,Negative,,,,,,0.12565057,"Επικίνδυνες καταιγίδες το επόμενο διήμερο - Συναγερμός στην Θεσσαλονίκη για την κλιματική κρίση,
https://t.co/RpPCJ4EjfL,"
1,0.91804457,Positive,,,,,,0.13664275,"Ημερίδα ΠΕΔ Θεσσαλίας για την κλιματική κρίση και την επιρροή της στην αγροτική οικονομία της περιοχής
https://t.co/e2EaSRu3p0"
0,0.09653945,Negative,,,,,,0.12413073,"Η παγκόσμια οικονομία βάλλεται από δομικά στοιχεία αστάθειας (χρέος, ανισοκατανομή πλούτου, πράσινη μετάβαση), αλλά και από στοιχεία που συνδέονται  με την ακόρεστη επιθυμία κέρδους και με την προσπάθεια επικυριαρχίας / εξουσίας (στρατιωτικές δαπάνες).
https://t.co/iNVQo2q4cy"
1,0.56530637,Positive,,,,,,0.3124352,Σάμος: Πόσο μας επηρεάζει η κλιματική αλλαγή; - https://t.co/2IDvMh6LFp https://t.co/ABm8YjZtAf
1,0.87840766,Positive,,,,,,0.15414482,RT @TheOpinion_News: «Οικολογία Πράσινη Λύση»: Ανησυχία για το περιβάλλον και την ασφάλεια των κατοίκων της Θεσσαλονίκης #Thessaloniki #skg…
0,0.11147769,Negative,,,,,,0.15881056,"Παντοτινά χημικά: Πόσο αυξάνουν τον κίνδυνο παιδικής παχυσαρκίας. Οι υπερφθοριωμένες και πολυφθοριωμένες αλκυλιωμένες ουσίες (PFAS) ή παντοτινά χημικά, βρίσκονται πλέον παντού στο περιβάλλον: σε αδιάβροχα υφάσματα, προϊόντα προσωπικής υγιεινής,... https://t.co/RTKiQXf4lD https://t.co/rgYXVUr04M"
0,0.19426298,Negative,,,,,,0.13668141,Ρόουαν Άτκινσον: «Το παραμύθι με τα ηλεκτρικά αυτοκίνητα τελείωσε – Δεν προσφέρουν τίποτα στο περιβάλλον» https://t.co/JWXhKzMBzl #Πνευματικος #documento #paobc #ΕΚΑΒ #Αταλαντη #Μποχωριδη #Γουοκαπ #Φιλης #Μενγκελε #Βεζενκοφ
1,0.92469627,Positive,,,,,,0.1542275,Ημερίδα της ΠΕΔ Θεσσαλίας με θέμα «Η κλιματική κρίση και η επιρροή της στην αγροτική οικονομία της περιοχής. Μέτρα και δράσεις» https://t.co/pzqoJdGyJb μέσω @mouzakinews.gr https://t.co/xU0bMPym2h
1,0.54054487,Positive,,,,,,0.3047993,"Περιβαλλοντικά παιχνίδια για τους μαθητές του 18ου Δ.Σ. Σερρών και του Δ.Σ. Κερκίνης στον υγροβιότοπο 
#Κερκίνη #18ο_ΔΣ_Σερρών #σχολεία #λίμνη_Κερκίνη #περιβάλλον #18ο_Δημοτικό_Σχολείο_Σερρών #Δημοτικό_Σχολείο_Κερκίνης #μαθητές #Serres #Kerkini
https://t.co/2CLMK8FrRK"
1,0.78048015,Positive,,,,,,0.15444674,Η κλιματική κρίση κερκόπορτα μιας νέας πανδημίας #Δημοκρατική #Ρόδος #Δωδεκάνησα https://t.co/AaBYRJbvii
0,0.12950507,Negative,,,,,,0.14245541,RT @sofokleous10: «Ο ΣΥΡΙΖΑ επαναφέρει το θέμα όταν ζορίζεται» – Τι απαντούν από το περιβάλλον Σαμαρά για την «τουρκική» μειονότητα https:/…
0,0.34832996,Negative,,,,,,0.22441608,"«Η κλιματική αλλαγή είναι εδώ» συμμετοχή της Περιφέρειας Κρήτης στη συνεδρίαση του Πολιτικού Γραφείου της CRPM, που πραγματοποιείται στη Φλωρεντία https://t.co/T2iXTmxos3"
1,0.82889533,Positive,,,,,,0.27270648,"ΑΔΜΗΕ: Πράσινη η μισή ηλεκτρική #ενέργεια στην #Ελλάδα τον Μάιο

https://t.co/FOWF8NF8dg https://t.co/n32Ub9zSr5"
0,0.36804146,Negative,,,,,,0.28268963,"Μητσοτάκης από Ωραιόκαστρο: Ισχυρή αυτοδυναμία ΝΔ, η μόνη βιώσιμη λύση (ΦΩΤΟ-VIDEO) - https://t.co/eiOPQNT0y0 https://t.co/6mprHdbI4U 
#Μητσοτάκης #Εκλογές #GRTimes"
1,0.56116587,Positive,,,,,,0.22341,«Βυθίζεται» η Κρήτη; - Η κλιματική αλλαγή απειλεί την ακτογραμμή του νησιού https://t.co/6tDN3aIg0g
0,0.40486974,Negative,,,,,,0.33633873,Το νέο τραγούδι για την κλιματική αλλαγή από τον Σον Μέντες (vid). Ο Μέντες έδωσε μία ιδέα από το νέο του τραγούδι με μία φωτογραφία της Νέας Υόρκης.  https://t.co/k0nDqgJCDq https://t.co/WlSzEe4Lv6
0,0.49563882,Negative,,,,,,0.21225461,Forward Green: Μια μοναδική έκθεση για την Κυκλική Οικονομία σε «ανθισμένο» φόντο και με πολλαπλά μηνύματα βιώσιμης ανάπτυξης https://t.co/IL67SWK05X https://t.co/KOsTFFTvHA
0,0.2195564,Negative,,,,,,0.14403896,Ρόουαν Άτκινσον: «Το παραμύθι με τα ηλεκτρικά αυτοκίνητα τελείωσε: Δεν προσφέρουν τίποτα στο περιβάλλον»
1,0.8934111,Positive,,,,,,0.19242673,"Πράσινη η μισή ηλεκτρική ενέργεια στην Ελλάδα τον Μάιο
https://t.co/HjJPEEU6Z4"
0,0.4036337,Negative,,,,,,0.29042992,"Θεσσαλονίκη: Ενημερώνοντας τους πολίτες για την ασφαλή μετακίνηση με ποδήλατο, για μια βιώσιμη πόλη (ΦΩΤΟ-VIDEO) - https://t.co/eiOPQNSsIs https://t.co/YXdiqIjgha 
#Θεσσαλονίκη #Ποδήλατα #Μητροπολιτική_Ενότητα_Θεσσαλονίκης #ΠΑΣΘ #GRTimes"
1,0.8714231,Positive,,,,,,0.2197133,ΑΔΜΗΕ: Πράσινη η μισή ηλεκτρική ενέργεια στην Ελλάδα τον Μάιο #businessnewsgr https://t.co/TNEhnjJ82O
1,0.8031046,Positive,,,,,,0.25749034,ΑΔΜΗΕ: Πράσινη η μισή ηλεκτρική ενέργεια στην Ελλάδα τον Μάιο– Αναλυτικά τα στοιχεία - https://t.co/DvcfX1gORD https://t.co/K0cloIKW8R
1,0.5116626,Positive,,,,,,0.34733927,Κλιματική αλλαγή: «Βράζει» η Βρετανία - «Πλημμύρισαν οι παραλίες την πιο ζεστή μέρα του χρόνου. Το καλοκαίρι του 2022 ήταν το πιο ζεστό που έχει καταγραφεί ποτέ στην Αγγλία - Όλα δείχνουν ότι και φέτος οι Βρετανοί θα βιώσουν ανάλογους καύσωνες https://t.co/GZpY7CNxoC https://t.co/nqJgK9mw5F
0,0.22474113,Negative,,,,,,0.23391591,"Κλιματική κρίση: Ξηρασία και λειψυδρία ταλαιπωρούν την Πορτογαλία
https://t.co/dSZpclZhPx"
1,0.89269555,Positive,,,,,,0.12244093,Οι πόλεις μπορούν να προσφέρουν νέες ευκαιρίες στους παραγωγούς-καταναλωτές ενέργειας από ανανεώσιμες πηγές https://t.co/o1LivDSSmi
1,0.88835216,Positive,,,,,,0.20008329,ΑΔΜΗΕ: Πράσινη η μισή ηλεκτρική ενέργεια στην Ελλάδα τον Μάιο https://t.co/SGAluOdZyk
1,0.90385437,Positive,,,,,,0.17771827,ΑΔΜΗΕ: «Πράσινη» η μισή ηλεκτρική ενέργεια στην Ελλάδα τον Μάιο #businessnewsgr https://t.co/QkcoXL8gR3
1,0.8876866,Positive,,,,,,0.17494616,"ΠΕΔ: Σημαντικές εισηγήσεις στην ημερίδα με θέμα ""Η κλιματική κρίση και η επιρροή της στην αγροτική οικονομία της περιοχής. Μέτρα και δράσεις"" (photo)
https://t.co/yxHhEs8PCl"
0,0.40664363,Negative,,,,,,0.17568533,RT @sofokleous10: Νεολαία ΣΥΡΙΖΑ Αγρινίου: Εκδήλωση για το περιβάλλον και την κλιματική αλλαγή https://t.co/U8BYm0MXQa
1,0.9097531,Positive,,,,,,0.13951175,"Σε μία εποχή όπου η τεχνολογία πρωτοπορεί και πρωτοστατεί, η μετάβαση των τοπικών κοινωνιών στη βιώσιμη κινητικότητα και φυσικά την οδική ασφάλεια είναι απόλυτα αναγκαία.
 
Οι καθηγητές Θεοχάρης Τσούτσος, Σταυρούλα Τουρνάκη και Μαρία Φράγκου από το

https://t.co/di3iN40NRQ"
1,0.841183,Positive,,,,,,0.2577209,ΑΔΜΗΕ: Πράσινη η μισή ηλεκτρική ενέργεια στην Ελλάδα τον Μάιο -Νέο ιστορικό υψηλό https://t.co/RlDVsdepst
1,0.87093943,Positive,,,,,,0.2329364,ΑΔΜΗΕ: Πράσινη η μισή ηλεκτρική ενέργεια στην Ελλάδα τον Μάιο https://t.co/6LvudvqBuL
0,0.15592547,Negative,,,,,,0.18477537,"Έναν μήνα νωρίτερα εμφανίστηκαν τα κουνούπια φέτος, παρόλο που ο καιρός δεν είναι ιδιαίτερα ζεστός.

Η εμφάνισή τους αποδίδεται στην κλιματική αλλαγή με τον ΕΟΔΥ να προχωράει σε συστάσεις προστασίας του πληθυσμού.

https://t.co/1WcXgGnAK9 https://t.co/DgLZK3R6My"
0,0.40106827,Negative,,,,,,0.21149036,ICAP: Το ελληνικό επιχειρείν επενδύει στην βιώσιμη ανάπτυξη #businessnewsgr https://t.co/kn0ouMC50F
0,0.20050506,Negative,,,,,,0.22506057,RT @TheOpinion_News: Πώς η κλιματική αλλαγή μπορεί να φέρει τετραήμερη εργασιακή εβδομάδα #Thessaloniki #skg #TheOpinion https://t.co/ydmYH…
0,0.14315178,Negative,,,,,,0.13325301,RT @Mpalarass: Εδω βλεπουμε το περιβάλλον του Αλαφουζου. Το περιβάλλον που όπως έχουμε ακούσει πολλές φορές επηρεάζει τα δρώμενα στην ΠΑΕ.…
1,0.52283186,Positive,,,,,,0.31497884,"Εξώφυλλο του περιοδικού Time από το 2021, σχετικά με την κλιματική αλλαγή που έβαλε φωτιά σε όλες τις ηπείρους. https://t.co/WDjYVB5Bky"
0,0.32696614,Negative,,,,,,0.21344826,"PRODEA Investments: Ανάπτυξη με έμφαση στην αειφορία. Η PRODEA Investments υλοποιεί κι ένα μεγάλο πρόγραμμα εταιρικής υπευθυνότητας, τις «Δομές Ευθύνης», που σε σημαντικό βαθμό εστιάζει στο περιβάλλον. https://t.co/eonT5iiNWo https://t.co/7dPC8bTsUH"
0,0.44105852,Negative,,,,,,0.25302336,"Κλιματική κρίση: Χιλιάδες νεκρά ψάρια στις ακτές του Τέξας,
https://t.co/Wn7Miszo8X,"
0,0.47933647,Negative,,,,,,0.17862402,PRODEA Investments: Ανάπτυξη με έμφαση στην αειφορία  #moneypress https://t.co/BQS6ZI3rD5
1,0.88710886,Positive,,,,,,0.17508353,Πραγματοποιήθηκε η ημερίδα της Π.Ε.Δ. Θεσσαλίας «Η κλιματική κρίση και η επιρροή της στην αγροτική οικονομία της περιοχής. Μέτρα και δράσεις» https://t.co/RvlkjcjXQ0 μέσω @mouzakinews.gr https://t.co/CGYKAvyntI
1,0.7477863,Positive,,,,,,0.20084926,"Διάκριση Λαρισαίων μαθητών σε διεθνές εικαστικό πρόγραμμα για την κλιματική αλλαγή
https://t.co/tl6W9fOLp3"
0,0.20738354,Negative,,,,,,0.1737812,"Με αφορμή την παγκόσμια ημέρα περιβάλλοντος και με την ιδιότητα του Πρεσβευτή της ΕΕ για το περιβάλλον, ο υπ. δήμαρχος Ραφήνας-Πικερμίου Ανδρέας Βασιλόπουλος, βρέθηκε ως ομιλητής σε εκδήλωση για το απειλούμενο ρέμα της Κίρκης στη Νέα Φιλαδέλφεια.

https://t.co/DhTZUruWhd https://t.co/F3agQ50FOG"
1,0.7391288,Positive,,,,,,0.16851524,ΜέΡΑ25: Αυθαίρετο το πρόστιμο Μπακογιάννη - Απόπειρα φίμωσης με πρόσχημα το περιβάλλον https://t.co/8zE5Hnohoo via @bankingnewsgr
0,0.2442665,Negative,,,,,,0.15684174,"Σέρρες: Δράση εθελοντικού καθαρισμού με συμμετοχή εθελοντών και ευπαθών ομάδων 
#Δήμος_Σερρών #περιβάλλον #Σέρρες #Serres
https://t.co/8rl9U1d2kk"
1,0.960392,Positive,,,,,,0.06580763,RT @baxebanis: Σέ μεγάλο Σουπερμάρκετ του Ηρακλείου franchise από γνωστή αλυσίδα ο ιδιοκτήτης έπεισε τους υπαλλήλους να στηρίξουν Αυγενάκη…
0,0.09785975,Negative,,,,,,0.12336082,"«Ενημέρωση μέσω διαδικτύου, σεβασμός σε εργαζομένους και περιβάλλον» - Καβάλα, Πρωϊνή, Ραδιόφωνο, Εφημερίδα της Καβάλας, νέα, καβάλα ειδήσεις, μικρές αγγελίες https://t.co/EOpCjDlgUL"
1,0.5260121,Positive,,,,,,0.30417815,Capital Link: Ολοκληρώθηκε με επιτυχία το ετήσιο συνέδριο για τη βιώσιμη ανάπτυξη - https://t.co/5NQy6YBCTQ https://t.co/r7gXLn4jZA
0,0.06888855,Negative,,,,,,0.10202614,"Επτά παιδιά με στρεπτόκοκκο στη Νάουσα, τα τρία από το περιβάλλον του 7χρονου https://t.co/2Nxgn5TQX3"
0,0.095911056,Negative,,,,,,0.11383942,"Θετικά στον στρεπτόκοκκο Α έξι παιδιά από το περιβάλλον του 7χρονου που έχασε χθες τη ζωή του από την λοίμωξη

https://t.co/CTTAFwwlKK"
1,0.50483775,Positive,,,,,,0.25149515,"Περίπου 800 εκατομμύρια άνθρωποι θα πρέπει να μετεγκατασταθούν έως το 2050 – Οι πλωτές πόλεις ως απάντηση στην κλιματική κρίση και τον υπεπληθυσμό

https://t.co/YgMwhKDhpc"
0,0.035999607,Negative,,,,,,0.06393668,"Στρεπτόκοκκος: Ακόμη επτά θετικά παιδιά στη Νάουσα - Τρία από το περιβάλλον του 7χρονου. Είκοσι ένα παιδιά έκαναν τεστ για στρεπτόκοκκο στο νοσοκομείο της Νάουσας, μετά τον θάνατο του 7χρονου.   https://t.co/G7xrU3b2XV https://t.co/n9kMkbZAHm"
0,0.061599687,Negative,,,,,,0.098400936,Συναγερμός στη Νάουσα: Επτά παιδιά με στρεπτόκοκκο – Tα τρία από το περιβάλλον του 7χρονου https://t.co/K9KBgSBJUR #naoysa #poedin #streptokokkos
0,0.104814574,Negative,,,,,,0.10043317,"ΠΟΕΔΗΝ: Επτά παιδιά με στρεπτόκοκκο στη Νάουσα, τα 3 από το περιβάλλον του 7χρονου https://t.co/YDQmNi5ge8 via @bankingnewsgr"
0,0.22063522,Negative,,,,,,0.19675727,ΠΟΕΔΗΝ: Επτά νέα κρούσματα στρεπτόκοκκου Α στη Νάουσα – Ποια είχαν επαφές με το περιβάλλον του 7χρονου - #OknewsGr https://t.co/hUSYrxzGO0
0,0.044430785,Negative,,,,,,0.064559385,Θετικά στον στρεπτόκοκκο επτά παιδιά στη Νάουσα – Τα τρία από το περιβάλλον του 8χρονου https://t.co/Ue12Asxe0a #ΚαλημεραΜαιρη #NBAFinals📷 #Γιοκιτς #Μπερλουσκονι #ΚαλημεραΑθηνα #ΚαλημεραΜαρια #Ροδοπη #shoppingstar #Θρακη #Ναγκετς
0,0.039628863,Negative,,,,,,0.06104569,"Επτά παιδιά θετικά στον στρεπτόκοκκο στη Νάουσα – Τα τρία από το περιβάλλον του 7χρονου

https://t.co/oir3iNOcrc"
0,0.40687245,Negative,,,,,,0.19783264,Γιορτή για το περιβάλλον με βαρκάδες στο Δέλτα του Πηνειού ⋆ TirnavosPress https://t.co/lPg7lZOi8q
1,0.878425,Positive,,,,,,0.20232001,RT @dimigalano: Ευτυχώς που παράγουμε αρκετή πράσινη ενέργεια από ΑΠΕ και οι τιμές στο ράφι πέφτουν.
1,0.89422613,Positive,,,,,,0.1524872,"Στην #Ελλάδα το επιμορφωτικό πρόγραμμα ενδυνάμωσης των νέων γυναικών για τη βιώσιμη ανάπτυξη της υδατοκαλλιέργειας

https://t.co/2BUMWgFLV6 https://t.co/KJpNwgrYG3"
0,0.3236586,Negative,,,,,,0.16565074,Ο πρόεδρος της ΚΕΔΕ στο otavoice για Κυκλική Οικονομία και Forward Green Expo https://t.co/QS5bDF1GIO
1,0.5422576,Positive,,,,,,0.2815718,Πράσινη Ατζέντα – Γερμανία: Κάθε νέο σύστημα θέρμανσης θα πρέπει να έχει τουλάχιστον 65% πράσινη ενέργεια!!! https://t.co/vpegqVTetY
0,0.46079367,Negative,,,,,,0.2558586,"#news #24news #Κόσμος #stories Είναι γεγονός πως οι επιπτώσεις από την κλιματική αλλαγή γίνονται ολοένα και πιο αισθητές στην καθημερινή μας ζωή
https://t.co/dLz0OQKRz8"
0,0.06660793,Negative,,,,,,0.08806574,Στρεπτόκοκκος: Θετικά στον ιό άλλα έξι παιδιά από το περιβάλλον του 7χρονου που έχασε τη ζωή του https://t.co/9eEFyCYGOq
0,0.17836216,Negative,,,,,,0.124175474,Εγκαινιάστηκε το ΚΕΠΕΑ Δήμου Θέρμης στο Λιβάδι #ΕΚΠΑΙΔΕΥΣΗ #ΛΙΒΑΔΙ #ΠΕΡΙΒΑΛΛΟΝ  https://t.co/FhLE6kgGxl https://t.co/jFMvzUZ6XE
0,0.04131864,Negative,,,,,,0.061498478,Στρεπτόκοκκος ομάδας Α - Νάουσα: Θετικά έξι παιδιά από το περιβάλλον του 7χρονου https://t.co/HwWU8TJ9aI
0,0.24146937,Negative,,,,,,0.18577024,Ξεκίνησε στις ΗΠΑ η πρώτη δίκη για την κλιματική αλλαγή - https://t.co/PW05u7XgIU https://t.co/f4p2551AG9
1,0.6071412,Positive,,,,,,0.16738084,Άρχισε η πρώτη δίκη για την Κλιματική Αλλαγή - 16 νέοι κατά των αρχών της Μοντάνα #ClimateCrisis  https://t.co/8vEb7XNKeC
1,0.90089506,Positive,,,,,,0.14211175,Βιώσιμη υδατοκαλλιέργεια: Στην Ελλάδα επιμορφωτικό πρόγραμμα για νέες γυναίκες https://t.co/yPb6cevNGv https://t.co/MqaBNqjJYA
1,0.7487406,Positive,,,,,,0.21399973,RT @sofokleous10: Βιώσιμη χρηματοδότηση: Περαιτέρω μέτρα από την Κομισιόν για την τόνωση των επενδύσεων https://t.co/g11KzUUyit
1,0.7444607,Positive,,,,,,0.17805474,Βιώσιμη χρηματοδότηση: Περαιτέρω μέτρα από την Κομισιόν για την τόνωση των επενδύσεων #businessnewsgr https://t.co/Oh2PqdNvZq
0,0.064596966,Negative,,,,,,0.08014439,"Επτά παιδιά με στρεπτόκοκκο στη Νάουσα - Τα τρία από το περιβάλλον του 7χρονου
https://t.co/vXBvDEFAZi"
0,0.038887188,Negative,,,,,,0.0573553,Επτά παιδιά με στρεπτόκοκκο στη Νάουσα – Τα τρία από το περιβάλλον του 7χρονου – Τι αναφέρει η ΠΟΕΔΗΝ https://t.co/Kws3TwbK8m
0,0.08204655,Negative,,,,,,0.073343284,Έξι παιδιά από το περιβάλλον του 7χρονου θετικά στον στρεπτόκοκκο - #OknewsGr https://t.co/hUSYrxzGO0
0,0.22839423,Negative,,,,,,0.15075043,"Ξεκίνησε στις ΗΠΑ η πρώτη δίκη για την κλιματική αλλαγή,
https://t.co/87ufQLnwtw,"
0,0.04725387,Negative,,,,,,0.07655281,"7 παιδιά θετικά στον στρεπτόκοκκο Α

Τα τρία είναι από το περιβάλλον του 7χρονου που έχασε τη ζωή του

https://t.co/roLyM9nbsB https://t.co/A0EmjBqlXe"
0,0.029175747,Negative,,,,,,0.03902533,Στρεπτόκοκκος ομάδας Α – Νάουσα: Θετικά έξι παιδιά από το περιβάλλον του 7χρονου https://t.co/O7wXFPMmTU
0,0.063586004,Negative,,,,,,0.08816641,"Στρεπτόκοκκος: Θετικά 6 παιδιά από το περιβάλλον του 7χρονου που πέθανε #στρεπτοκοκκος | Ρεπορτάζ και ειδήσεις για την Οικονομία, τις Επιχειρήσεις, το Χρηματιστήριο, την Πολιτική https://t.co/WU6yUBOYZO"
0,0.07122217,Negative,,,,,,0.076900005,#στρεπτοκοκκος : Θετικά 6 παιδιά από το περιβάλλον του 7χρονου στη Νάουσα https://t.co/5101xK6fuo
0,0.27873653,Negative,,,,,,0.14254928,Με στρεπτόκοκκο έξι παιδιά από το περιβάλλον του 8χρονου – Οδηγίες του ΕΟΔΥ στα νοσοκομεία #ΕΠΙΚΑΙΡΟΤΗΤΑ #ΕΟΔΥ #ΝΑΟΥΣΑ #ΣΤΡΕΠΤΟΚΟΚΚΟΣ By https://t.co/p9zfHynwcm https://t.co/8TwDPib1FA https://t.co/PRdOg7NJKO
1,0.7935178,Positive,,,,,,0.19592926,RT @sofokleous10: 800 εκατ. άνθρωποι θα πρέπει να μετεγκατασταθούν έως το 2050 – Οι πλωτές πόλεις ως απάντηση στην κλιματική κρίση και τον…
1,0.545553,Positive,,,,,,0.25196725,Η κτηνοτροφία διατηρεί την ισορροπία στο περιβάλλον https://t.co/BEzhVDxz4g
1,0.94778407,Positive,,,,,,0.084011994,"#Κλιματική_αλλαγή: Σχολεία και νοσοκομεία σε ευρωπαϊκές πόλεις κινδυνεύουν από ακραία ζέστη
https://t.co/EudPOpHGXM"
0,0.17803554,Negative,,,,,,0.17882828,"Κλιματική αλλαγή - Ευρώπη: 195.000 θανάτοι, πάνω από 500 δισ. ευρώ οι ζημίες - Σοκάρει ο απολογισμός. Λόγω της κλιματική αλλαγής καταγράφτηκαν 53.000 επιπλέον θάνατοι (+16%) τον Ιούλιο του 2022 σε σύγκριση με τον μηνιαίο μέσο όρο…Περισσότερα... https://t.co/ANwzf1TaCh https://t.co/H5kPAH57qD"
1,0.52963865,Positive,,,,,,0.25413874,Η κτηνοτροφία διατηρεί την ισορροπία στο περιβάλλον - NemeaPress https://t.co/wwFh0Gshwy
1,0.82543737,Positive,,,,,,0.1851774,"Δράσεις για ένα πιο βιώσιμο μέλλον: Διεθνές Διαδικτυακό Συνέδριο για την εξάλειψη του υδραργύρου σε αστικά περιβάλλοντα
https://t.co/yv1b6ZRlXh"
1,0.9807801,Positive,,,,,,0.05033256,"Οσα είδαμε στην Αστυπάλαια για τη μετατροπή της σε «έξυπνο και βιώσιμο νησί»
https://t.co/ALk9MQca6T"
1,0.8022956,Positive,,,,,,0.18008228,Κλιματική αλλαγή: Κίνδυνος για τα νοσοκομεία και τα σχολεία της ΕΕ https://t.co/uiXZzg1SFn
1,0.501687,Positive,,,,,,0.19968365,Συναγερμός για θανατηφόρες ασθένειες στην Ευρώπη λόγω κλιματικής αλλαγής - Πόσο κινδυνεύει η Ελλάδα. Η κλιματική αλλαγή φέρνει τέσσερις από τις πιο θανατηφόρες ασθένειες στην Ευρώπη με τους ειδικούς να κρούουν τον κώδωνα του…Περισσότερα... https://t.co/AajAJMhQlq https://t.co/VJl7EfZ0E5
1,0.7171276,Positive,,,,,,0.20947517,"Περιστέρης: Η Τέρνα Ενεργειακή συνεχίζει το επενδυτικό πλάνο 5,5 δισ. στην πράσινη ενέργεια #businessnewsgr https://t.co/WsicyLoBxq"
1,0.7920802,Positive,,,,,,0.17986278,Στη Βαρκελώνη το διακυβερνητικό έργο Mission4Nature για την Κλιματική Αλλαγή στη Μεσόγειο https://t.co/t74NubTEuJ
1,0.5405077,Positive,,,,,,0.25794816,Η κτηνοτροφία διατηρεί την ισορροπία στο περιβάλλον https://t.co/CASeMGEt1z
0,0.055989027,Negative,,,,,,0.102470525,"Η Επιστημονική Επιτροπή της Ευρωπαϊκής Ενωσης για την Κλιματική Αλλαγή προτείνει τη μείωση των καθαρών εκπομπών αερίων θερμοκηπίου στην Ευρωπαϊκή Ένωση κατά 90%-95% το 2040 σε σχέση με το 1990 για να αποφευχθεί η αύξηση της θερμοκρασίας πάνω από τον 1.5

https://t.co/2YVsCAWqij"
0,0.25416908,Negative,,,,,,0.22375092,"RT @Celesta91883911: Πως προγραμματίζουν τον καιρό..
Πρέπει να μας πείσουν για την κλιματική κρίση after all για να υπακούσουμε πάλι στα πα…"
1,0.6849389,Positive,,,,,,0.2845771,"RT @GiotisXaralabos: 11 βαθμοι κελσίου.
Δεν ξέρω αν έχει Ιούνιο ο χειμώνας αυτό που είναι σίγουρο είναι πως θα βγει η αδελφομάνα της Νέας Δ…"
1,0.6136586,Positive,,,,,,0.22378209,"#forests #climatecrisis 
Τα δάση είναι το φυσικό όπλο απέναντι στην κλιματική κρίση είπε ο Υπ. Γεωργίας 
@CyMOApress 
https://t.co/bdqrT0kWUj"
0,0.22438058,Negative,,,,,,0.12533154,Έλα ρε συμβαίνουν τέτοια πράγματα?... έχουμε κλιματική αλλαγή αφού.... https://t.co/aftho367AH
1,0.64505553,Positive,,,,,,0.29511014,"Υψηλή η αξία των δεδομένων - Εφαρμογές στην υγεία, τη γεωργία, το περιβάλλον

https://t.co/xndVMI2wSu 

#bigdata"
1,0.9492408,Positive,,,,,,0.10496565,"HELLENiQ ENERGY: Έμφαση στις ΑΠΕ και εξαγωγες σε νέες αγορές. Ακόμη μεγαλύτερη έμφαση στις ανανεώσιμες πηγές ενέργειας και αύξηση των εξαγωγών σε νέες αγορές εκτός Ευρώπης, περιλαμβάνει ο σχεδιασμός του…Περισσότερα... https://t.co/HoXfbJqYig https://t.co/akBGJaDNH5"
0,0.13551128,Negative,,,,,,0.12669034,«Ο ΣΥΡΙΖΑ επαναφέρει το θέμα όταν ζορίζεται» – Τι απαντούν από το περιβάλλον Σαμαρά για την «τουρκική» μειονότητα https://t.co/3Z1izSSzJp
0,0.21329693,Negative,,,,,,0.23586771,Δήμος Παιανίας: Η νέα γενιά αναλαμβάνει δράση υπέρ του περιβάλλοντος #ΑΥΤΟΔΙΟΙΚΗΣΗ #ΔΗΜΟΣΠΑΙΑΝΙΑΣ #ΠΑΙΔΙΑ #ΠΕΡΙΒΑΛΛΟΝ By https://t.co/p9zfHynwcm https://t.co/MeedzF2PFz https://t.co/YDLt0hLMUG
1,0.9207364,Positive,,,,,,0.118781656,"Κυκλική οικονομία: Οι νέοι κανόνες για πιο ανθεκτικές, ενεργειακά αποδοτικές και εύκολα επισκευάσιμες κινητές συσκευές #businessnewsgr https://t.co/ZVh4NkdH13"
0,0.057601165,Negative,,,,,,0.089052476,"Σε μια δύσκολη εποχή, που τα μικρά παιδιά δέχονται πολυάριθμες απειλές από το εξω-οικογενειακό, αλλά και το ενδο-οικογενειακό περιβάλλον τους, το ""Δημοτικό Βρεφοκομείο Αθηνών"", το οποίο αποτελεί το δίκτυο των Βρεφονηπιακών σταθμών του Δήμου της

https://t.co/yosRzvfR8z"
0,0.07955114,Negative,,,,,,0.09263288,"Παιδικοί Σταθμοί: Το περιβάλλον και η διαπαιδαγώγηση των παιδιών στα πρώτα χρόνια της ζωής τους, διαμορφώνει τον μετέπειτα χαρακτήρα τους, ως ενήλικες

https://t.co/vtsbnHNe7J https://t.co/quIP4faCbY"
0,0.3486813,Negative,,,,,,0.17031299,"Σταϊκούρας: Τι λέει για επενδυτική βαθμίδα, φοροδιαφυγή και επιχειρηματικό περιβάλλον στην Ελλάδα #businessnewsgr https://t.co/2vGQZe6uSH"
0,0.40566298,Negative,,,,,,0.24484746,"RT @sofokleous10: Κλιματική κρίση, «λάθη», αγορά και υψηλές τιμές τροφίμων, γεμίζουν τα σαπιοκάραβα μετανάστες https://t.co/lJEpdYfsPF"
0,0.22841167,Negative,,,,,,0.17777061,"RT @kmitsotakis: Προτεραιότητά μας είναι η ανάπτυξη, με διαφορετικά όμως χαρακτηριστικά από το παρελθόν. Ανάπτυξη που να στηρίζεται σε επεν…"
0,0.02710731,Negative,,,,,,0.039980266,RT @GiannisEutux: Στη φωτογραφία βλέπουμε κάτι δίποδους  άχρηστους σαπιοκοιλάδες που το μόνο που προσφέρουν είναι να επιβαρύνουν το περιβάλ…
0,0.4196243,Negative,,,,,,0.2735113,"Πήγε στην τουαλέτα και είδε ένα πύθωνα δύο μέτρων πίσω από την κουρτίνα. Με μήκος κοντά στα δύο μέτρα, το φίδι έδειχνε εντυπωσιακά άνετο στο απροσδόκητο περιβάλλον του.Περισσότερα... https://t.co/jYvQ4CwV2V https://t.co/IVpGiZPdE4"
1,0.9072039,Positive,,,,,,0.11397998,"Η ανάλυση δεδομένων μεγάλης κλίμακας, η κλιματική αλλαγή και οι τεχνολογίες περιβαλλοντικής διαχείρισης, αλλά και η κρυπτογράφηση, η ασφάλεια στον κυβερνοχώρο, αναμένεται να είναι οι μεγαλύτεροι μοχλοί ανάπτυξης θέσεων εργασίας.

https://t.co/7O8DMlg6BI"
0,0.0445653,Negative,,,,,,0.07971363,Ορεστιάδα: 19χρονος κατήγγειλε βιασμό από στρατιωτικό. Ο νεαρός εκμυστηρεύτηκε το περιστατικό στο οικογενειακό του περιβάλλον και στη συνέχεια προχώρησε σε καταγγελία.Περισσότερα... https://t.co/c02DtKzMvW https://t.co/I2xuk1m44S
0,0.3265656,Negative,,,,,,0.17466411,"https://t.co/V9wjyDAowA
#αγρινιο #σχολεια #περιβαλλον #εργα #environment"
0,0.119813785,Negative,,,,,,0.1270251,"RT @poirazis: Τα παιδιά επιβαρύνουν την κλιματική αλλαγή.
Απαιτούν το ""δικαίωμα"" στην ανεξέλεγκτη έκτρωση.
Αντιλαμβάνεστε τι αφήγημα και σκ…"
1,0.5858835,Positive,,,,,,0.325574,RT @sofokleous10: Η οικονομία της Ευρωζώνης αντιμετωπίζει προκλήσεις λόγω των υψηλών τιμών και του ενεργειακού σοκ που προκαλεί η “πράσινη…
1,0.9067765,Positive,,,,,,0.162139,"Υπεγράφη η σύμβαση για την κατασκευή του έργου «Κατασκευή Πράσινου Σημείου ΔήμουΗγουμενίτσας», προϋπολογισμού 719.160,00 συμπεριλαμβανομένου Φ.Π.Α. 24%.Το έργο χρηματοδοτείται από το Επιχειρησιακό Πρόγραμμα «Υποδομές Μεταφορών, Περιβάλλον καιΑειφόρος

https://t.co/pEsgyLhTq8 https://t.co/9TjN6QOFYo"
0,0.4358,Negative,,,,,,0.25399044,"Το Τμήμα Αθλητισμού και Πολιτισμού του Π.Α.Κ.Π.ΠΟ. του Δήμου Ηγουμενίτσας σε συνεργασία με τη δομή φιλοξενίας ασυνόδευτων ανηλίκων προσφύγων του «Διεθνούς Κέντρου για τη Βιώσιμη Ανάπτυξη (ICSD)» – Α.Μ.Κ.Ε.

https://t.co/ZqBcqAdlLW https://t.co/2nGAcv7OdF"
1,0.56047934,Positive,,,,,,0.16733691,Η ΑΒ Βασιλόπουλος επιβραβεύεται πολλαπλώς για την καινοτομία της και τον σεβασμό προς το περιβάλλον https://t.co/WSGPVNTpS9
1,0.75050664,Positive,,,,,,0.31397602,"Καλπάζει η Ελλάδα στις ανανεώσιμες πηγές ενέργειας. Η Ελλάδα βρέθηκε, για πρώτη φορά, στην πρώτη θέση του προσαρμοσμένου δείκτη της EY για τις ανανεώσιμες πηγές ενέργειας (ΑΠΕ), που εξετάζει τις…Περισσότερα... https://t.co/AmaviftYQn"
0,0.3770916,Negative,,,,,,0.18154794,Στα 403 δισ. ευρώ το ελληνικό δημόσιο χρέος-Πως είναι βιώσιμο;https://t.co/6au7EYewer
1,0.67659724,Positive,,,,,,0.21101026,"«Η κλιματική αλλαγή φέρνει θανατηφόρες ασθένειες»!! Αναγγελίες τρόμου στην Ελλάδα, vid https://t.co/7ZnHRlIPBg"
1,0.6707394,Positive,,,,,,0.22284661,"Στην ευαισθητοποίηση, την εκπαίδευση και την αλλαγή στάσης των μαθητών/τριών σε θέματα που αφορούν το περιβάλλον “επένδυσε” τη χρονιά που μας πέρασε το 1ο Νηπιαγωγείο Αρτέμιδας, το οποίο έχει ήδη ενταχθεί στο Δίκτυο των Οικολογικών Σχολείων.

https://t.co/CTSbPoQvtc https://t.co/z9wew6ifqz"
1,0.67653066,Positive,,,,,,0.24138954,"Πώς η πλατεία «Σοφία Βέμπο» στους Αμπελόκηπους μετατράπηκε σε έναν βιώσιμο αστικό χώρο. Η Ολυμπιακή Ζυθοποιία και η ΦΙΞ Ελλάς, σε συνεργασία με το Δήμο Αθηναίων, έκαναν «πράσινη» μία ακόμη γειτονιά της πόληςΠερισσότερα... https://t.co/cMSN72J3U3 https://t.co/mhgoICGzO9"
0,0.30200854,Negative,,,,,,0.18125494,"RT @0minus_Prime: Η NASA παραδέχεται ότι η κλιματική αλλαγή συμβαίνει λόγω αλλαγών στην ηλιακή τροχιά της Γης, OXI λόγω των SUV και των ορυ…"
0,0.06835317,Negative,,,,,,0.107961684,RT @sofokleous10: Ο συναγερμός για την κλιματική αλλαγή είναι ένα ψέμα που πρέπει να σταματήσει https://t.co/rG37lPVF1Y
1,0.9351994,Positive,,,,,,0.14142533,"#ECONOMIST Gala Dinner - Κρις #Μπάρτον: Η ενίσχυση των σχέσεων #Βρετανίας και #Ελλάδας στο εμπόριο και τις επενδύσεις είναι πιο σημαντική τώρα που κάνουμε τη μετάβαση των οικονομιών μας για ένα βιώσιμο μέλλον

https://t.co/0lsBGun6aR https://t.co/7KvT571WHL"
0,0.050538063,Negative,,,,,,0.06750019,Gatestone Institute: Ο συναγερμός για την κλιματική αλλαγή είναι ένα ψέμα που πρέπει να σταματήσει https://t.co/4UNzx95b86 via @bankingnewsgr
1,0.6396517,Positive,,,,,,0.25580394,Γερογιάννης (Aegean): Οι βασικές προϋποθέσεις για βιώσιμη τουριστική ανάπτυξη https://t.co/MD44AkTPeR via @bankingnewsgr
0,0.30292937,Negative,,,,,,0.22065428,"Νίκος Παπανδρέου: «Πρέπει να αναλάβουμε δράση για να διασφαλίσουμε καθαρές θάλασσες, ωκεανούς και ένα βιώσιμο περιβάλλον» https://t.co/xNt3cUHeaY"
1,0.65833575,Positive,,,,,,0.27465472,Γερογιάννης (Aegean): Τρεις προϋποθέσεις για βιώσιμη τουριστική ανάπτυξη #businessnewsgr https://t.co/cKxSMaq2tJ
1,0.8361775,Positive,,,,,,0.19485256,Δ. Γερογιάννης (Aegean): Οι αναγκαίες προϋποθέσεις για τη βιώσιμη ανάπτυξη του...  #moneypress https://t.co/N7I9AsS9C8
0,0.49932176,Negative,,,,,,0.18929541,RT @sofokleous10: Πώς θα εξασφαλίσουμε τη βιώσιμη μετάβαση στην οικονομία της επόμενης γενιάς; https://t.co/iGqaPtLt1Y
1,0.5980862,Positive,,,,,,0.2199643,"RT @sofokleous10: Κλιματική αλλαγή: Κατά 2,3°C αυξήθηκε η θερμοκρασία στην Ευρώπη τα τελευταία 100 χρόνια https://t.co/o9eeozZa1P"
0,0.27014983,Negative,,,,,,0.1861974,"Κλιματική Αλλαγή: Η θερμοκρασία στην Ευρώπη αυξήθηκε κατά 2,3°C σε σχέση με την προβιομηχανική εποχή https://t.co/9DwZgUtHEh"
1,0.7542649,Positive,,,,,,0.16572197,Συνέδριο Fit 4 Future Finance: Πώς θα εξασφαλίσουμε τη βιώσιμη μετάβαση στην οικονομία της επόμενης γενιάς https://t.co/QHvk2wXrPZ
1,0.9053042,Positive,,,,,,0.15035331,"@MichaelidouAth: To @cymoec, στη βάση και του Προγράμματος Διακυβέρνησης του Προέδρου της Δημοκρατίας, προχωρεί με άμεσες και αποφασιστικές δράσεις, ώστε να ενισχύσει το σχολικό - μαθησιακό περιβάλλον με νέες τεχνολογίες.

👉 https://t.co/r8zpghE4kT https://t.co/4iUxQ7YXqE"
0,0.2869054,Negative,,,,,,0.21876545,"Κλιματική Αλλαγή: Η θερμοκρασία στην Ευρώπη αυξήθηκε κατά 2,3°C σε σχέση με την προβιομηχανική εποχή - https://t.co/eiOPQNSsIs https://t.co/z3Rawex8HS"
0,0.37395477,Negative,,,,,,0.25285092,Η Lidl Ελλάς επενδύει στην πράσινη ενέργεια. Επεκτείνει την τοποθέτηση φωτοβολταϊκών συστημάτων και σταθμών ηλεκτρικής φόρτισης στις εγκαταστάσεις της.Περισσότερα... https://t.co/UiFzGgIoDT https://t.co/UQAUyf9Az1
1,0.7490035,Positive,,,,,,0.24634017,Lidl Ελλάς: Επενδύει στην πράσινη ενέργεια #businessnewsgr https://t.co/AbtNfSsdrz
0,0.30003747,Negative,,,,,,0.16695105,Η κτηνοτροφία ισορροπεί το περιβάλλον https://t.co/8g8VNroSQc
1,0.5525365,Positive,,,,,,0.2465546,"Ενισχυόμενα οικολογικά προγράμματα για φυτοκάλυψη, κυκλική οικονομία, αναβαθμίδες και μνημειακούς ελαιώνες https://t.co/5imJkVyH6q"
1,0.535471,Positive,,,,,,0.32323045,"Σ’ ένα περιβάλλον το οποίο αλλάζει συνεχώς, με τους κινδύνους να πολλαπλασιάζονται γεωμετρικά και να εκτείνονται πέρα απ’ ότι μπορεί να φανταστεί κανείς, το να κρατήσεις ασφαλή την επιχείρησή σου καθίσταται όλο και πιο δύσκολο.

https://t.co/RikM9APniC https://t.co/TIbLLzALSo"
1,0.7808138,Positive,,,,,,0.1633178,Κλιματική αλλαγή: Οι παγετώνες των Ιμαλαΐων λιώνουν με πρωτοφανείς ρυθμούς https://t.co/5Luciap5EA #γυναικοκτονια #εθνικη #Πατρα #ΚαλημεραΜινα #Μαυροπανος #Πολωνια #20Ιουνιου #Καρινα #Γαλλια #Γαλλοι
0,0.34204978,Negative,,,,,,0.2700176,Ιμαλάια: Οι παγετώνες θα χάσουν έως και το 75% του όγκου τους έως το 2100 - Ανησυχητική έκθεση. Η κλιματική κρίση πλέον είναι μία πραγματικότητα που δεν μπορούμε να αγνοήσουμε.Περισσότερα... https://t.co/zkowUnJZ6u https://t.co/ArOqk554iQ
0,0.12021058,Negative,,,,,,0.084607065,AEGEAN: Στο επίκεντρο η βιώσιμη ανάπτυξη του τουρισμού και των αερομεταφορών https://t.co/JHRGPAQx3Q
1,0.8956718,Positive,,,,,,0.140644,"Αυτό είναι το μεγαλύτερο νεκροταφείο ελαστικών στον κόσμο στο Κουβέιτ.

Αυτή η φωτιά καίει πάντα και είναι ορατή από το διάστημα, αλλά οι αγελάδες είναι υπεύθυνες για την κλιματική αλλαγή. https://t.co/qp0cdBoXbj"
0,0.18580994,Negative,,,,,,0.13703586,"Μία από τις σημαντικότερες δίκες για την #κλιματική_κρίση εκτυλίσσεται αυτές τις μέρες στην πολιτεία της #Μοντάνα των #ΗΠΑ

https://t.co/JzAl9nxAms"
1,0.9483378,Positive,,,,,,0.09001183,"Κώστας Σκρέκας: ""Στόχος το 2030, το 80% της ενέργειας της Ελλάδας να προέρχεται από ΑΠΕ”-Ανάγκη συνεργασίας ανάμεσα στις χώρες της Μεσογείου και σταθερό περιβάλλον για επενδύσεις που αφορούν την ενέργεια https://t.co/1Al09Y5jkS https://t.co/CjgQnPp0by"
1,0.75647485,Positive,,,,,,0.23657845,Η Lidl Ελλάς επενδύει στην πράσινη ενέργεια https://t.co/ksZnPs68SU
1,0.8869367,Positive,,,,,,0.16044855,Η Coca-Cola στην Ελλάδα ενισχύει τη συμβολή της στη βιώσιμη ανάπτυξη της Κρήτης με το νέο πρόγραμμα προστασίας υδατικών πόρων «Zero Drop» https://t.co/pGeMcZbdTx
0,0.25484487,Negative,,,,,,0.16108023,Η συμβολή της κτηνοτροφίας στην ισορροπία-αειφορία του περιβάλλοντος - NemeaPress https://t.co/gKgXfFFqSH
1,0.6199956,Positive,,,,,,0.2567754,"Ελληνογερμανικό Επιμελητήριο: 1ο Forum για την Κυκλική Οικονομία, Forward Green Expo https://t.co/B5ZvRFUtVE"
0,0.45866624,Negative,,,,,,0.315626,Έρχεται το «Εξοικονομώ» για επιχειρήσεις. Πρόσθετη ‘’πράσινη’’ χρηματοδότηση 800 εκατ. ευρώ από την ΕΕ μέχρι το τέλος του έτους - 89 επενδύσεις για την ενέργεια…Περισσότερα... https://t.co/zQAcG7ABjr https://t.co/ZVNFjHJ7MZ
0,0.27199236,Negative,,,,,,0.1596957,Η κτηνοτροφία ισορροπεί το περιβάλλον https://t.co/Q5nntTWTVR
1,0.8002908,Positive,,,,,,0.188177,Νίκος Μαντζούφας (Ταμείο Ανάκαμψης): Έρχεται το «Εξοικονομώ» για επιχειρήσεις - Πρόσθετη ‘’πράσινη’’ χρηματοδότηση 800 εκατ. ευρώ από την ΕΕ μέχρι το τέλος του έτους - 89 επενδύσεις για την ενέργεια στο Ταμείο Ανάκαμψης μέσα σε ένα χρόνο https://t.co/6IL6VLV4Aw https://t.co/8g9OZBwnrG
0,0.14867774,Negative,,,,,,0.13279276,Ο καιρός με τον @giannopoulosmet : Τα πρώτα 35άρια – Θερινό ηλιοστάσιο με μήνυμα για την κλιματική αλλαγή https://t.co/x4S0lDCOgr
0,0.31930906,Negative,,,,,,0.19902259,"Μάθετε πώς ο GS1 ενισχύει τη   διαφάνεια, τη βιωσιμότητα και την κυκλική οικονομία σε όλη την αλυσίδα εφοδιασμού. https://t.co/9Js5BLGZXZ 

#GS1Barcode50 #SupplyChain https://t.co/K9pGjlJHWZ"
0,0.08256774,Negative,,,,,,0.09454816,Gatestone Institute: Ο συναγερμός για την κλιματική αλλαγή είναι ένα ψέμα που πρέπει να σταματήσει!.
0,0.20609932,Negative,,,,,,0.13699788,RT @KYTKYTKYTKYTKYT: Ο Ντελή Γιουσούφ ανήκει στο στενό περιβάλλον της οικογένειας Μητσοτάκη (ιδιαίτερα της Ντόρας) και στην εκλογική αναμέτ…
0,0.47194988,Negative,,,,,,0.2829555,RT @sofokleous10: ΣΕΒ: Οι προκλήσεις για τη βιώσιμη ανάπτυξη στο επίκεντρο της Γ.Σ. – Οι προτάσεις  https://t.co/qfXRbtwkVW
1,0.86324084,Positive,,,,,,0.10487673,"Κατερίνη: Λειτουργικές &amp; προσαρμοσμένες στο περιβάλλον, 27 στάσεις λεωφορείων https://t.co/GJR4KanQei #Κατερινη"
1,0.78929305,Positive,,,,,,0.24075842,"Δυσθρεψία: Τι είναι και πώς θα καταλάβουμε ότι ένας δικός μας άνθρωπος χρειάζεται βοήθεια. Αν στο κοντινό μας περιβάλλον έχουμε άτομα τρίτης ηλικίας, γνωρίζουμε καλά ότι όσο τα χρόνια περνούν, οφείλουμε να παρατηρούμε τα…Περισσότερα... https://t.co/PpioAzCO2W https://t.co/tnJMyh0390"
1,0.75678736,Positive,,,,,,0.20625493,"Πατριάρχης Βαρθολομαίος: Η Ορθοδοξία ήταν ανέκαθεν η «πράσινη εκκλησία». «Η οδός προς ένα βιώσιμο μέλλον είναι η αειφόρος ανάπτυξη» υπογράμμισε ο Οικουμενικός Πατριάρχης Βαρθολομαίος, απόψε, στην φετινή τελετή αποφοίτησης,…Περισσότερα... https://t.co/oKVSIEFDr8 https://t.co/1IxhXb3rNh"
1,0.87158227,Positive,,,,,,0.15988663,Γίγαντας 102 μέτρων: Το ψηλότερο δέντρο της Ασίας κρυβόταν στο βαθύτερο φαράγγι του κόσμου (εικόνες) #ΕΠΙΚΑΙΡΟΤΗΤΑ #ΑΣΙΑ #ΔΕΝΤΡΟ #ΠΕΡΙΒΑΛΛΟΝ By https://t.co/p9zfHynwcm https://t.co/5XUVW2YsW6 https://t.co/iZaE7geB3K
1,0.5404352,Positive,,,,,,0.24248797,RT @ilianewskoukos: Θ. Βασιλόπουλος: Διαμορφώνουμε φάκελο για την Ε.Ε. – Καταγράφονται απώλειες στην αγροτική παραγωγή από την κλιματική αλ…
0,0.45386264,Negative,,,,,,0.27763057,Θ. Βασιλόπουλος: Διαμορφώνουμε φάκελο για την Ε.Ε. – Καταγράφονται απώλειες στην αγροτική παραγωγή από την κλιματική αλλαγή https://t.co/k1YhkAAMrw https://t.co/vwEAh1fsyA
1,0.79182124,Positive,,,,,,0.18235703,"Συνεργασία ΕΟΔΥ και ""Safe Water Sports"" για την ασφάλεια των πολιτών στο υδάτινο περιβάλλον #ΕΟΔΥ #SAFE_WATER_SPORTS #ΑΣΦΑΛΕΙΑ https://t.co/0FuEDqW5pW"
1,0.9031342,Positive,,,,,,0.12758873,"ΣΤΟΧΟΙ ΒΙΩΣΙΜΗΣ ΑΝΑΠΤΥΞΗΣ ΓΙΑ ΕΝΑ ΒΙΩΣΙΜΟ ΜΕΛΛΟΝ ΤΗΣ ΠΕΡΙΦΕΡΕΙΑΣ  
https://t.co/rUIzGjDSlF https://t.co/UF8UrhO8fD"
0,0.38838983,Negative,,,,,,0.28036448,Η κλιματική αλλαγή θα αυξήσει τα επόμενα χρόνια τις δασικές πυρκαγιές παγκοσμίως https://t.co/Hk4MhbFn2Q
0,0.18843244,Negative,,,,,,0.15118162,Κλιματική αλλαγή - Παγκόσμιος συναγερμός: Το περαιτέρω λιώσιμο των πάγων μπορεί να προκαλέσει δυστοπικές πανδημίες - Η εξήγηση https://t.co/ZWGlvmRYxe
0,0.49943697,Negative,,,,,,0.26235583,Κλιματική αλλαγή: Απειλή μεγατόνων για τα δάση η άνοδος της θερμοκρασίας - SOS στη Μεσόγειο https://t.co/BKHSskRH2I
1,0.5808557,Positive,,,,,,0.3174642,Κλιματική Αλλαγή: Πώς επηρεάζει και τα Ω3 λιπαρά - Τι αναφέρει έρευνα https://t.co/KfQIyQLoUv
1,0.54189,Positive,,,,,,0.25642583,Κλιματική αλλαγή: Ο Γκουτέρες προειδοποιεί για το πόσο ευάλωτη είναι η Καραϊβική https://t.co/D2JUxBGUcr
0,0.16623476,Negative,,,,,,0.13522834,Κλιματική αλλαγή - Παγκόσμιος συναγερμός: Το περαιτέρω λιώσιμο των πάγων μπορεί να προκαλέσει δυστοπικές πανδημίες - Η εξήγηση https://t.co/OLpCQN6lnt
0,0.47303802,Negative,,,,,,0.2642374,Κλιματική αλλαγή: Απειλή μεγατόνων για τα δάση η άνοδος της θερμοκρασίας - SOS στη Μεσόγειο https://t.co/exkRjwlJEK
0,0.26410338,Negative,,,,,,0.27645874,Κλιματική αλλαγή: Εντοπίστηκε τεράστια τρύπα του όζοντος πάνω από τους τροπικούς https://t.co/9JF4yLjW3i
1,0.85274374,Positive,,,,,,0.15096909,Ν. Παναγιωτόπουλος: Το σύνθετο περιβάλλον ασφαλείας απαιτεί αποφάσεις και κυρίως πράξεις https://t.co/liCuk7lzY1
1,0.6720926,Positive,,,,,,0.20088449,Fabrizio Mattana (IGI Poseidon): Τεχνικά εφικτός και οικονομικά βιώσιμος ο EastMed https://t.co/I6reyWl3Zi
0,0.22755492,Negative,,,,,,0.17773403,Attica Bank: Στόχος η λειτουργική κερδοφορία με περιβαλλοντικά βιώσιμη και κοινωνικά υπεύθυνη ανάπτυξη https://t.co/Zg9TldrpkC
0,0.05793438,Negative,,,,,,0.070782,"Ισίδωρος Ντογιάκος: Αναλαμβάνω μέσα σε ένα δύσκολο, από κάθε πλευρά περιβάλλον https://t.co/1l62lX0RPR"
1,0.9262602,Positive,,,,,,0.08959155,ΕΥ: Μονόδρομος ο ψηφιακός μετασχηματισμός των επιχειρήσεων στο νέο αβέβαιο περιβάλλον https://t.co/bvF4XrmF7s
0,0.06469734,Negative,,,,,,0.07375907,"Ισίδωρος Ντογιάκος: Αναλαμβάνω μέσα σε ένα δύσκολο, από κάθε πλευρά περιβάλλον https://t.co/u82qjPkmef"
1,0.87149984,Positive,,,,,,0.17054464,"Το Public Group αναλαμβάνει δράση για έναν βιώσιμο πλανήτη με το πρόγραμμα ""Love Earth"" https://t.co/MU5PnIxpZt"
0,0.41457736,Negative,,,,,,0.19378951,"Χ. Σαχίνης: Επενδύσεις 1,6 δισ. από την ΕΥΔΑΠ σε έργα για το περιβάλλον και την κοινωνία https://t.co/5km3XpR2Kq"
0,0.20445675,Negative,,,,,,0.21823746,Κλιματική Αλλαγή: Πόσο αναμένεται να αυξηθεί η θερμοκρασία στην Ελλάδα έως το τέλος του αιώνα – «Εφιαλτική» πρόγνωση https://t.co/T8HiDrxCpn
0,0.45966506,Negative,,,,,,0.24950922,Χρ. Στυλιανίδης: Η κλιματική κρίση είναι εδώ https://t.co/rGoKLx4I4W
0,0.4004992,Negative,,,,,,0.18251914,"Χάρης Σαχίνης στο Economist: Επενδύσεις 1,6 δισ. από την ΕΥΔΑΠ σε έργα για το περιβάλλον και την κοινωνία https://t.co/rA7J1anJMx"
0,0.09983594,Negative,,,,,,0.14342944,Κλιματική αλλαγή: Από 2 έως 5 βαθμούς Κελσίου θα αυξηθεί η θερμοκρασία στην Ελλάδα έως το τέλος του αιώνα https://t.co/SxWa4fYHlu
0,0.19382744,Negative,,,,,,0.11633686,"Σαχίνης (ΕΥΔΑΠ): Επενδύσεις €1,6 δισ. για το περιβάλλον και την κοινωνία https://t.co/onbCfzh7QO"
1,0.86890334,Positive,,,,,,0.16572592,"Το Public Group αναλαμβάνει δράση για έναν βιώσιμο πλανήτη με το πρόγραμμα ""Love Earth"" https://t.co/OFAlaXk3gK"
0,0.33754373,Negative,,,,,,0.15299855,"Χάρης Σαχίνης στο Economist: Επενδύσεις 1,6 δισ. από την ΕΥΔΑΠ σε έργα για το περιβάλλον και την κοινωνία https://t.co/T9HeJv3RqY"
1,0.5991827,Positive,,,,,,0.29883206,Η «βιώσιμη» ατζέντα του σύγχρονου ελληνικού «πολιτισμού»: Από το «θαύμα της Θεσσαλονίκης» στην ετεροπροσδιοριζόμενη αυτοαναφορικότητά https://t.co/cZaCDcVtzY
0,0.079120755,Negative,,,,,,0.1078322,Κλιματική κρίση: Από 2 έως 5 βαθμούς Κελσίου αναμένεται να αυξηθεί η θερμοκρασία στην Ελλάδα έως το τέλος του αιώνα https://t.co/mizjCP1Gne
1,0.5384342,Positive,,,,,,0.29606995,Η «βιώσιμη» ατζέντα του σύγχρονου ελληνικού «πολιτισμού»: Από το «θαύμα της Θεσσαλονίκης» στην ετεροπροσδιοριζόμενη αυτοαναφορικότητά https://t.co/sGLMQuXWUK
1,0.55330306,Positive,,,,,,0.21653233,Παιδιατρική Κλινική ΜΗΤΕΡΑ: Ένα μοναδικό περιβάλλον για τους μικρούς ασθενείς https://t.co/kcDsfMKoFG
0,0.11537439,Negative,,,,,,0.16868247,Κλιματική κρίση: Από 2 έως 5 βαθμούς Κελσίου αναμένεται να αυξηθεί η θερμοκρασία στην Ελλάδα έως το τέλος του αιώνα https://t.co/HOhT8ji1WZ
1,0.82013106,Positive,,,,,,0.24809189,Google: Πρόγραμμα ύψους $30 εκατ. για project ενάντια στη κλιματική αλλαγή https://t.co/XGtwAJNKPw
1,0.56403184,Positive,,,,,,0.2474904,Google: Προς αναζήτηση ιδεών για την προώθηση δράσεων ενάντια στην κλιματική αλλαγή https://t.co/xIRtHL09DV
1,0.62359726,Positive,,,,,,0.29429424,Google: Θα τρέξει «πράσινο» πρόγραμμα 30 εκατ. δολ. ενάντια στην κλιματική αλλαγή https://t.co/qW7vm1wzC4
1,0.51976687,Positive,,,,,,0.26039907,Google: Προς αναζήτηση ιδεών για την προώθηση δράσεων ενάντια στην κλιματική αλλαγή https://t.co/q1J5nckz4B
0,0.4149831,Negative,,,,,,0.24062532,"RT @MyDolphinClub1: Κάποτε βγάζαμε αστερίες από τη θάλασσα για να τους κρατήσουμε ενθύμιο από τις διακοπές μας.
Σήμερα ξέρουμε ότι οι αστερ…"
1,0.6637277,Positive,,,,,,0.23378746,Ίδρυμα Αντενάουερ: H Aστυπάλαια σημαντικό παράδειγμα των προσπαθειών της ελληνικής κυβέρνησης για καινοτομία και πράσινη ενέργεια https://t.co/XRfWbJYcXZ
1,0.8449228,Positive,,,,,,0.15951912,Σκρέκας: Στα 500 εκατ. ευρώ το όφελος από τις ανανεώσιμες πηγές ενέργειας φέτος https://t.co/5Yqj3Y7hug
1,0.8434481,Positive,,,,,,0.19582565,Κ. Σκρέκας: Στα 500 εκατ. ευρώ το όφελος από τις ανανεώσιμες πηγές ενέργειας φέτος https://t.co/NMbKM9ezXB
1,0.67300117,Positive,,,,,,0.25595754,Η JTI στο Sustainability Forum της Global Sustain: Άμεση η σύνδεση της επιχειρηματικότητας με την κοινωνία και το περιβάλλον https://t.co/WLAGGdfeF6
0,0.49286366,Negative,,,,,,0.26329988,Κλιματική αλλαγή: Ο πλανήτης «λιώνει» από καύσωνες https://t.co/2IpYb451Fq
1,0.7353353,Positive,,,,,,0.21932869,Έρευνα: H κλιματική αλλαγή αυξάνει την έμφυλη βία https://t.co/1qd89A2veA
1,0.5341236,Positive,,,,,,0.26825994,Κορκίδης: Η κλιματική αλλαγή δεν μπορεί να είναι το άλλοθι να συνεχίσουν αυτές οι καταστροφές https://t.co/4FZm8eBECH
0,0.27949935,Negative,,,,,,0.20858781,"""Βιώσιμη λύση"" η ολοκληρωτική διχοτόμηση της Κύπρου για τον Ερντογάν: Το προκλητικό μήνυμα προς Τατάρ https://t.co/tFTb3PXaDN"
0,0.28039438,Negative,,,,,,0.2077141,'Βιώσιμη λύση' η ολοκληρωτική διχοτόμηση της Κύπρου για τον Ερντογάν: Το προκλητικό μήνυμα προς Τατάρ https://t.co/Q2HwbFLsdV
1,0.5615789,Positive,,,,,,0.15338334,RT @pigofwar77: Η κλιματική αλλαγή με πόδια... https://t.co/V4gAKoOsxS
0,0.360437,Negative,,,,,,0.23182508,"Δημήτρης Μάντζος: «Η κλιματική κρίση δεν είναι δικαιολογία για ανεπάρκεια, είναι δικαιολογία για δράση» https://t.co/t0hEu732x6"
1,0.5766863,Positive,,,,,,0.17706956,RT @pigofwar77: Η κλιματική αλλαγή με πόδια... https://t.co/V4gAKoOsxS
1,0.9180639,Positive,,,,,,0.106595285,Η κλιματική αλλαγή είναι εδώ: Δυσοίωνες προβλέψεις από επιστήμονες για το μέλλον https://t.co/3bjBeErA8B
0,0.41668683,Negative,,,,,,0.21428359,"Δημήτρης Μάντζος: «Η κλιματική κρίση δεν είναι δικαιολογία για ανεπάρκεια, είναι δικαιολογία για δράση» https://t.co/k9fyaeJlaK"
0,0.36460996,Negative,,,,,,0.25778842,Κλιματική αλλαγή - Σήμα κινδύνου: Η Ευρώπη θερμαίνεται ταχύτερα από κάθε άλλη ήπειρο https://t.co/20RIbJhnwW
1,0.83342177,Positive,,,,,,0.142833,"RT @GiorgosKyrtsos: Η Ελλάδα φλέγεται και ο Μητσοτάκης που είχε τις «λύσεις» απλά χαμογελάει..
Επί Τσίπρα απέδιδε τις καταστροφές στα λάθη…"
1,0.88623327,Positive,,,,,,0.120345585,Κλιματική αλλαγή: Οι επιστήμονες κάνουν δυσοίωνες προβλέψεις για το μέλλον https://t.co/z62xLMmYwK
0,0.4625859,Negative,,,,,,0.24699055,Οι νέες μπαταρίες στερεάς κατάστασης θα μειώσουν σημαντικά το αποτύπωμα άνθρακα σε ένα ηλεκτρικό αυτοκίνητο https://t.co/ijCx5Yvooa
0,0.4172795,Negative,,,,,,0.2686054,Οι νέες μπαταρίες στερεάς κατάστασης θα μειώσουν σημαντικά το αποτύπωμα άνθρακα σε ένα ηλεκτρικό αυτοκίνητο https://t.co/nII365gixP
0,0.19714637,Negative,,,,,,0.18826391,RT @5OUMC4yZw0jVqOA: @CyMeteorology Οι περίοδος αυτή είναι σχετικά θερμή τόσο τη ημέρα όσο και το βράδυ προσοχή στις ευάλωτες ομάδες του κο…
1,0.53445303,Positive,,,,,,0.3339483,Κλιματική αλλαγή: Λιώνει πολύ γρήγορα τεράστιος παγετώνας στις Ελβετικές Άλπεις - «Καμπανάκι» των ειδικών (βίντεο) https://t.co/7cDFWJliET
0,0.07238388,Negative,,,,,,0.0999914,Siemens: Η Building X και τα κτίρια με μηδενικό αποτύπωμα άνθρακα (infographic) https://t.co/Tdx6Afde6c
0,0.25989473,Negative,,,,,,0.16984761,https://t.co/yOMb2wLADX - ΜΑΡΙΛΕΝΑ ΦΩΚΑ: Η ΑΓΙΟΓΡΑΦΙΚΗ ΚΑΙ ΣΧΕΔΙΑΣΤΙΚΗ ΑΠΟΔΟΣΗ ΤΟΥ ΑΓΙΟΥ ΛΕΟΝΤΙΟΥ ΕΞ ΑΙΓΙΝΗΣ ΣΕ ΣΧΕΣΗ ΜΕ ΤΟ ΙΣΤΟΡΙΚΟ ΤΟΥ ΠΕΡΙΒΑΛΛΟΝ https://t.co/ARPfjenUXQ
0,0.3561429,Negative,,,,,,0.20358717,"EY: Οι Έλληνες καταναλωτές ανήσυχοι και με νέες αγοραστικές συνήθειες, σε ένα διαρκώς πιο αβέβαιο περιβάλλον https://t.co/rJsia3DnNj"
1,0.52371943,Positive,,,,,,0.3687892,Κλιματική αλλαγή: Λιώνει πολύ γρήγορα τεράστιος παγετώνας στις Ελβετικές Άλπεις - «Καμπανάκι» των ειδικών (βίντεο) https://t.co/C8bL2Gn7Ue
0,0.42973736,Negative,,,,,,0.27838716,Νομοσχέδιο για το περιβάλλον: «Μετάβαση στη πράσινη οικονομία» λέει η κυβέρνηση- Καταψηφίζει η αντιπολίτευση https://t.co/m2DtNnT01r
0,0.2646292,Negative,,,,,,0.15676197,Βουλή: Ψηφίζεται απόψε από την Ολομέλεια το πολυνομοσχέδιο για το περιβάλλον https://t.co/JuPpSKxrNl
1,0.61008424,Positive,,,,,,0.24808224,Συνεχίζονται τα μεγάλα deals στην πράσινη ενέργεια https://t.co/NGnPtCU75b
0,0.43384025,Negative,,,,,,0.23824547,Νομοσχέδιο για το περιβάλλον: «Μετάβαση στη πράσινη οικονομία» λέει η κυβέρνηση- Καταψηφίζει η αντιπολίτευση https://t.co/YSRXBpzFad
0,0.43496865,Negative,,,,,,0.30832252,RT @bkex: Παγκόσμιο πρόβλημα που χρήζει παγκοσμιας απάντησης περιγράφεται από τον εκπρόσωπο της κυβέρνησης το ζήτημα με τις παρακολουθήσεις…
1,0.6233235,Positive,,,,,,0.18529318,Κλιματική αλλαγή: Η Ευρώπη είναι ανέτοιμη - Eθνικά σχέδια υπάρχουν αλλά δεν χρηματοδοτούνται (tweets + vids) https://t.co/YwLBpBlYWF
1,0.70334744,Positive,,,,,,0.22505242,Ευτυχίδου: Η πρώτη Εθνική Στρατηγική Βιομηχανίας για τη βιώσιμη οικονομική ανάπτυξη https://t.co/HPi92AVOv5
0,0.39369065,Negative,,,,,,0.24526381,Κλιματική αλλαγή: Ας μην υποτιμάμε την επίδρασή της https://t.co/Os3y2N25Il
1,0.84072006,Positive,,,,,,0.16864221,Βρετανική έρευνα: H κλιματική αλλαγή υπαίτια για τον επικείμενο αφανισμό της ανθρωπότητας https://t.co/JjLe6Xoc62
1,0.6948282,Positive,,,,,,0.22966273,Η Nissan εγκαινιάζει βιώσιμο χρηματοδοτικό πλαίσιο για τη χρηματοδότηση ηλεκτρικών οχημάτων https://t.co/NRlaa4nXIl
0,0.20487963,Negative,,,,,,0.21343026,"RT @donald_duck555: Κανεις δεν σκοτώνει από αγάπη, σκοτώνουν λόγο εγωισμού,  μη σεβασμού για την ανθρώπινη ζωή και γιατι έτσι μεγάλωσαν μέσ…"
1,0.684864,Positive,,,,,,0.20871276,86η ΔΕΘ: Η κυκλική οικονομία στο επίκεντρο του ειδικού αφιερώματος https://t.co/LMEGjzF2Fj
0,0.28533632,Negative,,,,,,0.2122754,ΗΠΑ: Το φιλόδοξο νομοσχέδιο για την κλιματική αλλαγή και τη μείωση στις τιμές των φαρμάκων https://t.co/elBk1uOEsi
1,0.511403,Positive,,,,,,0.19864957,Προχωρά το φιλόδοξο νομοσχέδιο Μπάιντεν για την κλιματική αλλαγή και τις τιμές των φαρμάκων https://t.co/vMiSxXFmXm
0,0.49895513,Negative,,,,,,0.21554235,Μελέτη: Σχεδόν το 60% από τις μεταδοτικές ασθένειες επιδείνωσε η κλιματική αλλαγή https://t.co/GTYJFlwRiW
0,0.030784423,Negative,,,,,,0.057799872,"@Satanna33 Σεβασμό στον κάθε Λάμπρο αλλά να αφήνουμε και κάτι στα παιδιά εκτός από τα σκουπίδια μας και τις γόπες που πρέπει να καθαρίσουν μετά. Επίσης, εκτός Λάμπρου σεβασμό στον δίπλα μας και στο περιβάλλον."
0,0.2226077,Negative,,,,,,0.13001032,ΡΑΕ: Δρομολογεί μελέτη για το «περιβάλλον» του EastMed Gas https://t.co/wyYJDDJi0E
0,0.47621045,Negative,,,,,,0.21737222,Ελληνικές Αλυκές: Παραγωγική διαδικασία με έμφαση στην κυκλική οικονομία https://t.co/qkQH3Xf5WQ
0,0.43456745,Negative,,,,,,0.29629734,Μελέτη: Η κλιματική αλλαγή επιδεινώνει πάνω από τις μισές μεταδοτικές ασθένειες στη Γη https://t.co/38v1pqa68t
1,0.89133406,Positive,,,,,,0.14342038,"«Τέλεια καταιγίδα» στην Ευρώπη: Μετά την ενεργειακή, η κλιματική κρίση - Σε κίνδυνο η οικονομία λόγω ξηρασίας https://t.co/AhBTcE2jjS"
0,0.41796875,Negative,,,,,,0.32318324,Μελέτη: Η κλιματική αλλαγή επιδεινώνει πάνω από τις μισές μεταδοτικές ασθένειες στη Γη https://t.co/nJL5uUFric
0,0.04926111,Negative,,,,,,0.06948367,Κλιματική Αλλαγή ώρα μηδέν: Σε κατάσταση ξηρασίας η Αγγλία - Στερεύει ο Τάμεσης https://t.co/YJ8Mms0U1w
0,0.30278075,Negative,,,,,,0.21719845,"Η κλιματική αλλαγή υπεύθυνη για την κατάρρευση προηγμένων πολιτισμών, λέει Γερμανός καθηγητής γεωοικολογίας https://t.co/3RHBOzH8Uf"
0,0.27471638,Negative,,,,,,0.21052231,Κλιματική αλλαγή και πληθωρισμός απειλούν την Ευρώπη: Σχεδόν βέβαια η ύφεση - Φτάνουμε στο «σημείο-μηδέν»; https://t.co/PK2MFt6kTq
0,0.043247476,Negative,,,,,,0.05819521,Η κλιματική αλλαγή και το αδιάφορο σφύριγμά μας https://t.co/kzNTjM9CPB
0,0.2628151,Negative,,,,,,0.1918191,Κλιματική αλλαγή και πληθωρισμός απειλούν την Ευρώπη: Σχεδόν βέβαια η ύφεση - Φτάνουμε στο «σημείο-μηδέν»; https://t.co/AVAgwYgHQa
1,0.5878338,Positive,,,,,,0.16966794,Ο Μπάιντεν υπέγραψε το νομοσχέδιο των $430 δισ. για την κλιματική αλλαγή και τα φάρμακα https://t.co/42seQ3i34s
0,0.04951673,Negative,,,,,,0.076070376,Η Κλιματική Αλλαγή χτυπά και την Ελβετία: Η στάθμη του νερού στις λίμνες είναι στα πιο χαμηλά επίπεδα https://t.co/zaNQCPmypy
1,0.544309,Positive,,,,,,0.29358745,Η Κλιματική Αλλαγή είναι ήδη εδώ: Τα ποτάμια στερεύουν - Η Ευρώπη διψάει - Το δύσκολο μέλλον https://t.co/aKCnJ95aMT
1,0.8321661,Positive,,,,,,0.20386708,Εξέλιξη σοκ στην υπόθεση revenge porn στη Βόρεια Ελλάδα: Ο ρόλος γυναίκας από το περιβάλλον του δράστη https://t.co/yyeJ9fBih3
1,0.9256306,Positive,,,,,,0.08133149,Πώς ο Μπιλ Γκέιτς έσωσε το νομοσχέδιο του Μπάιντεν για την κλιματική αλλαγή https://t.co/ZAhSPJaF5t
0,0.06351089,Negative,,,,,,0.08730315,Η Κλιματική Αλλαγή χτυπά και την Ελβετία: Η στάθμη του νερού στις λίμνες είναι στα πιο χαμηλά επίπεδα https://t.co/1EYZYiQ09a
1,0.50821936,Positive,,,,,,0.27630842,Η Κλιματική Αλλαγή είναι ήδη εδώ: Τα ποτάμια στερεύουν - Η Ευρώπη διψάει - Το δύσκολο μέλλον https://t.co/QoquSTTVXL
1,0.8642357,Positive,,,,,,0.15818396,Εξέλιξη σοκ στην υπόθεση revenge porn στη Βόρεια Ελλάδα: Ο ρόλος γυναίκας από το περιβάλλον του δράστη https://t.co/goEMyCp9ZM
0,0.4071827,Negative,,,,,,0.18144411,"Κλιματική κρίση: Χάος στις μεταφορές, σε κίνδυνο το παγκόσμιο εμπόριο https://t.co/IaOd4BaDC6"
1,0.712399,Positive,,,,,,0.20136906,I've just posted a new blog: ΤΟ ΣΧΕΔΙΟ ...CΙΑ -ΤΑΛΙΜΠΑΝ ΚΑΙ ΚΛΙΜΑΤΙΚΗ ΚΡΙΣΗ  https://t.co/GEwR1AYd5B
1,0.6498035,Positive,,,,,,0.27273932,Ενεργειακή και κλιματική κρίση: Έρχεται η ώρα του Διαστήματος https://t.co/Wl3PlLA6ED
0,0.429951,Negative,,,,,,0.27335942,Κλιματική αλλαγή: Επιστήμονες του ΜΙΤ πιστεύουν ότι μπορούν να την αναστρέψουν - Οι «διαστημικές φυσαλίδες» η λύση https://t.co/7Y50aw59lB
0,0.39822996,Negative,,,,,,0.16893865,Η κλιματική αλλαγή γέννησε την εποχή των ερπετών πριν από 250 εκατ. χρόνια https://t.co/i76HVJvnkT
0,0.09755959,Negative,,,,,,0.123070106,Κλιματική κρίση: Η ξηρασία «χτύπησε» και τον ποταμό Κολοράντο https://t.co/8fT0lzDuCs
0,0.42461517,Negative,,,,,,0.29845905,"RT @VMdesignblogg: Μια μπουλντόζα θάβει λεπίδες ανεμογεννητριών, καθώς όταν φθείρονται δεν υπάρχει τρόπος ανακύκλωσης. Πράσινη ενέργεια και…"
1,0.86512464,Positive,,,,,,0.16674505,Άλπεις: Μείωση του όγκου των παγετώνων κατά 50% από το 1931 - Έρευνα που σοκάρει για την Κλιματική Αλλαγή https://t.co/dUoci3fJSR
0,0.45440158,Negative,,,,,,0.21997876,Δυτική Ελλάδα: Τι περιλαμβάνει το σχέδιο για την κλιματική αλλαγή https://t.co/qTCW47jtJh
1,0.8161502,Positive,,,,,,0.19490209,Άλπεις: Μείωση του όγκου των παγετώνων κατά 50% από το 1931 - Έρευνα που σοκάρει για την Κλιματική Αλλαγή https://t.co/aApXb0CPhe
0,0.4436455,Negative,,,,,,0.24215907,"RT @VMdesignblogg: Μια μπουλντόζα θάβει λεπίδες ανεμογεννητριών, καθώς όταν φθείρονται δεν υπάρχει τρόπος ανακύκλωσης. Πράσινη ενέργεια και…"
1,0.5275127,Positive,,,,,,0.20612144,Κλιματική αλλαγή: Γιατί ευνοεί τους ντόπιους εργαζόμενους στον αγροτικό τομέα https://t.co/vlZsX69jH9
0,0.46433833,Negative,,,,,,0.21113122,Κλιματική αλλαγή: Η Vodafone κύριος συνεργάτης στο συνέδριο COP27 του ΟΗΕ https://t.co/2HHzVynM94
0,0.4057734,Negative,,,,,,0.24745026,Κλιματική αλλαγή – φωτιές: Ο πλανήτης φλέγεται – Τι κατέγραψε το Reuters (λίστα) https://t.co/GdKCMdNpct
0,0.3669835,Negative,,,,,,0.14068978,Λαγκάρντ: Η κλιματική αλλαγή και οι αποφάσεις για τα επιτόκια https://t.co/GHWb0nfbzD
0,0.19571379,Negative,,,,,,0.21567278,Κλιματική αλλαγή: Μεγαλώνει ο κίνδυνος για θερμικό στρες στον οργανισμό μας https://t.co/qMueUX9V1g
0,0.29141632,Negative,,,,,,0.24562919,5th Athens Investment Forum: Βιώσιμη ανάπτυξη και ψηφιακός μετασχηματισμός https://t.co/6PIHflumyN
0,0.4110157,Negative,,,,,,0.20538141,"Κλιματική Αλλαγή: «Κόλαση επί γης» έως το 2100, αν δεν την προλάβουμε https://t.co/kxiKrD5D5D"
0,0.076747276,Negative,,,,,,0.13647611,Συναγερμός των επιστημόνων: Αν δεν ελεγχθεί η κλιματική αλλαγή θα αυξηθούν σημαντικά έως το 2100 οι καυτές μέρες του έτους με επικίνδυνο θερμικό στρες https://t.co/0dKWn6aIzn
0,0.2686787,Negative,,,,,,0.20505165,Κλιματική αλλαγή: Ποια τρόφιμα κινδυνεύουν με εξαφάνιση https://t.co/5iU5HcXGqJ
0,0.12747188,Negative,,,,,,0.10991797,"Κλιματική Αλλαγή: «Κόλαση επί γης» έως το 2100, αν δεν την προλάβουμε https://t.co/7sqlLgdEJ1"
0,0.07902218,Negative,,,,,,0.10382513,Κίνα - Κλιματική αλλαγή: Στο έλεος της χειρότερης καταγεγραμμένης ξηρασίας από το 1961 https://t.co/crTtzAohtl
0,0.06480023,Negative,,,,,,0.10835162,Συναγερμός των επιστημόνων: Αν δεν ελεγχθεί η κλιματική αλλαγή θα αυξηθούν σημαντικά έως το 2100 οι καυτές μέρες του έτους με επικίνδυνο θερμικό στρες https://t.co/NiWtOzAqko
0,0.057741985,Negative,,,,,,0.09493646,Κίνα - Κλιματική αλλαγή: Στο έλεος της χειρότερης καταγεγραμμένης ξηρασίας από το 1961 https://t.co/9xY2ruSzUS
1,0.82858515,Positive,,,,,,0.15991995,Εγκρίθηκε από την ΕΕ το πρόγραμμα του νέου ΕΣΠΑ «Περιβάλλον και Κλιματική Αλλαγή 2021-27» https://t.co/1jhXY4gnrx
1,0.7960193,Positive,,,,,,0.18805936,Κλιματική αλλαγή: Εγκατάσταση στην Κίνα θάβει το CO2 στο υπέδαφος https://t.co/g8mdFC6AqM
1,0.65340257,Positive,,,,,,0.264491,"RT @mikros_prigkipa: Δεν θα θεραπευτείς ποτέ αν μένεις σε ένα περιβάλλον που σε αρρωσταίνει.
Αν φύγεις και θεραπευτείς και γυρίσεις, πάλι θ…"
0,0.4784224,Negative,,,,,,0.19588052,Πηλείδου: Βιώσιμο από μόνο του το κοίτασμα Κρόνος-1 για ΕΝΙ/ΤΟΤΑL https://t.co/iZ0aKw6yXC
1,0.713386,Positive,,,,,,0.28003353,Κλιματική αλλαγή: Η «Τελευταία γενιά» πριν από το τέλος του κόσμου https://t.co/OMckklpPVa
1,0.9095121,Positive,,,,,,0.13185975,"Ο Κωνσταντίνος Μαργαρίτης σημειώνει ότι η 86η ΔΕΘ  ανοίγει ορίζοντες στην παγκόσμια αγορά, το μεταβαλλόμενο περιβάλλον στους τομείς υγείας και ενέργειας, αλλά και τις καλπάζουσες  εξελίξεις στην τεχνολογία.

https://t.co/HyblkWdrTf https://t.co/Wjsm4vyBgB"
0,0.4043089,Negative,,,,,,0.25417206,Κλιματική αλλαγή: Οι πλημμύρες ανέβασαν στα ύψη τις ασφαλιστικές αποζημιώσεις https://t.co/5j7ujptFu0
0,0.4492316,Negative,,,,,,0.20727992,Σάκης Αρναούτογλου: «Συναγερμός» για την κλιματική αλλαγή - Έρχονται τυφώνες στην Ευρώπη https://t.co/XV5F4KSq7z
1,0.78966653,Positive,,,,,,0.19675465,Κλιματική αλλαγή: Ώρα μηδέν - Ακραία καιρικά φαινόμενα σε όλο τον πλανήτη - Τι λένε οι επιστήμονες https://t.co/NXdhdU8z9M
1,0.8705472,Positive,,,,,,0.16895185,"Lili Zigoslu (JTI Hellas): Η βιώσιμη ηγεσία προάγει την αειφορία σε οικονομικό, περιβαλλοντικό και κοινωνικό επίπεδο https://t.co/3fnjdkzOe5"
0,0.43786746,Negative,,,,,,0.24509703,Σάκης Αρναούτογλου: «Συναγερμός» για την κλιματική αλλαγή - Έρχονται τυφώνες στην Ευρώπη https://t.co/RRS6fhlPPx
1,0.6151444,Positive,,,,,,0.19202437,"RT @disorderisti: #Παπιγκο 
Περίφραξη δρόμου μεσα στον δρυμό κχαρακτηρισμός ως ιδιωτικός.
Νέες καταγγελίες απο #Καλλιστω για τις βίλες που…"
0,0.19199826,Negative,,,,,,0.1298244,Οικονόμου: Βιώσιμο μοντέλο επανεκκίνησης των Ναυπηγείων Ελευσίνας https://t.co/3sm4Jr1NWm
0,0.18666044,Negative,,,,,,0.16325386,Γ. Οικονόμου: Βιώσιμο μοντέλο επανεκκίνησης των Ναυπηγείων Ελευσίνας και διασφάλιση των θέσεων εργασίας https://t.co/lkQczogVa1
0,0.4074674,Negative,,,,,,0.19044596,Συνταγή για ζυμαρικά που προστατεύει το περιβάλλον προκαλεί οργή στους σεφ https://t.co/bAuUrEjAEY
1,0.954491,Positive,,,,,,0.10757378,Δήλος 2022: Οι εθελοντές δηλώνουν το «παρών» για ένα βιώσιμο μέλλον https://t.co/sVuNZ4oC6e
0,0.45821065,Negative,,,,,,0.31057394,Έρευνα για την κλιματική αλλαγή: Πόσο κοντά είμαστε στο σημείο «χωρίς επιστροφή» https://t.co/oGUTSLdQE2
1,0.61529845,Positive,,,,,,0.26753113,Κλιματική αλλαγή: «Ακραίος» κίνδυνος για το 71% της παραγωγής τροφίμων ως το 2045 https://t.co/2sevTfqhOo
1,0.796766,Positive,,,,,,0.21178922,ΡΑΕ: Νέες Ανανεώσιμες Πηγές Ενέργειας ισχύος 538 μεγαβάτ https://t.co/dnJUHnQoet
1,0.66598135,Positive,,,,,,0.26376155,EPSILON NET: Στις 10 κορυφαίες εταιρίες στην Ευρώπη για το εργασιακό περιβάλλον στα «Europe's Best Workplaces 2022» https://t.co/BtkpvT1wKl
1,0.56968784,Positive,,,,,,0.2935302,Κλιματική αλλαγή: «Ακραίος» κίνδυνος για το 71% της παραγωγής τροφίμων ως το 2045 https://t.co/W1TVU6mseb
0,0.49013394,Negative,,,,,,0.22548486,ΟΗΕ: Σε αχαρτογράφητα εδάφη καταστροφής οδηγεί η κλιματική αλλαγή https://t.co/VXONUfAJ8O
0,0.12491495,Negative,,,,,,0.12231319,Ευνοϊκό το περιβάλλον για τις τράπεζες https://t.co/aG9k0pLArl
0,0.3283189,Negative,,,,,,0.26901656,Ο πρόεδρος της Νότιας Αφρικής θα συζητήσει με τον Μπάιντεν για την κλιματική αλλαγή και την ενεργειακή μετάβαση https://t.co/B8py30plaQ
0,0.32048842,Negative,,,,,,0.1655292,Oxfam: Η «οξεία πείνα» επιδεινώθηκε από την κλιματική κρίση https://t.co/3jiSXeCfjj
1,0.8571745,Positive,,,,,,0.1450865,Ο μεγάλος φόβος της Wall Street: Το 92% των εισηγμένων απειλείται από την Κλιματική Αλλαγή https://t.co/6YyTf2HZiP
1,0.8128932,Positive,,,,,,0.15989101,Κικίλιας: Ο βιώσιμος τουρισμός στο επίκεντρο της νέας μεγάλης καμπάνιας του ΕΟΤ https://t.co/9tcegW2NSI
1,0.77213913,Positive,,,,,,0.1792317,ΥΠΕΞ Γερμανίας: Έμπρακτη στήριξη στις χώρες που πλήττονται από την κλιματική αλλαγή και την επισιτιστική κρίση https://t.co/3l0BrEwxyw
0,0.28634474,Negative,,,,,,0.25540754,Πώς μπορεί να επηρεάσει η κλιματική αλλαγή τις πανδημίες; https://t.co/3tseKCpSrF
1,0.78460765,Positive,,,,,,0.24778567,"ΕΒΕΤΑΜ ΑΕ "" Η σημασία των Εθνικών Υποδομών Ποιότητας στη Βιώσιμη Ανάπτυξη"". https://t.co/6aQRbCqcUu"
1,0.8657971,Positive,,,,,,0.12330778,Κλιματική αλλαγή: «Καμπανάκι» από τους επιστήμονες για νέες πανδημίες https://t.co/9AL0JiXJac
1,0.63349175,Positive,,,,,,0.17041959,I've just posted a new blog: Ο πρόεδρος της Παγκόσμιας Τράπεζας  δεν παραιτείται   ΕΠΕΙΔΗ ΑΜΦΙΣΒΗΤΕΊ ΤΗΝ ΚΛΙΜΑΤΙΚΉ ΑΛΛΑΓΉ ΤΟΝ ΠIΕΖΟΥΝ Να παραιτηθεί  https://t.co/2futyZHxnt
0,0.24605505,Negative,,,,,,0.21338513,Βαρύ το πλήγμα: Πώς η κλιματική αλλαγή επηρεάζει τη γεύση στο κρασί https://t.co/HSThVw65L6
1,0.63243234,Positive,,,,,,0.2676962,ΔΕΗ ενεργώ για το περιβάλλον: Αποκατάσταση περιοχών Αρχαίας Ολυµπίας https://t.co/hNVByLL044
0,0.25166634,Negative,,,,,,0.21284227,ΔΕΗ blue και Σκλαβενίτης ενώνουν τις δυνάμεις τους για τη βιώσιμη κινητικότητα https://t.co/W7tFxN5Y5d
1,0.622113,Positive,,,,,,0.23128195,Γ. Ρέτσος (ΣΕΤΕ): Οι στόχοι για ένα βιώσιμο μοντέλο στρατηγικής ανάπτυξης του ελληνικού τουρισμού https://t.co/KrqrCsQChL
0,0.27371964,Negative,,,,,,0.23822246,ΔΕΗ blue και ΣΚΛΑΒΕΝΙΤΗΣ ενώνουν τις δυνάμεις τους για τη βιώσιμη κινητικότητα https://t.co/ApOYC2PkoX
0,0.25665933,Negative,,,,,,0.22466065,ΔΕΗ blue και ΣΚΛΑΒΕΝΙΤΗΣ ενώνουν τις δυνάμεις τους για τη βιώσιμη κινητικότητα https://t.co/U9brKHH7pi
1,0.880509,Positive,,,,,,0.17330153,Κομισιόν: Νέοι κανόνες περί ευθύνης για την τεχνητή νοημοσύνη και την κυκλική οικονομία https://t.co/MCzUmmT1NN
0,0.46806785,Negative,,,,,,0.23587002,Γ. Τερζής (Alpha Bank): Ευθύνη των μεγάλων επιχειρήσεων η αειφορία https://t.co/DWpFDjC0A2
0,0.13967344,Negative,,,,,,0.13640675,"Μικρές απώλειες για τον χρυσό, μέσα σε μη ευνοϊκό περιβάλλον https://t.co/j7pSYx0Kvb"
0,0.3369848,Negative,,,,,,0.18244834,Κλιματική αλλαγή: Η θερμοκρασία των πόλεων αυξάνεται 29% ταχύτερα σε σχέση με την ύπαιθρο https://t.co/b3ELDEWR3B
1,0.8243305,Positive,,,,,,0.1607047,Αγροτικές Ειδήσεις: Γεωργαντάς: Στηρίζουμε τον κλάδο της ελιάς απέναντι στην κλιματική κρίση https://t.co/AovW80tSLd
1,0.864167,Positive,,,,,,0.17782119,I've just posted a new blog: Γ. Γεωργαντάς: Στηρίζουμε το εθνικό προϊόν της ελιάς απέναντι στην κλιματική κρίση https://t.co/RrOa4veyKn
1,0.5781059,Positive,,,,,,0.28018504,"RT @FChaniwn: 🌿Vegan Life Festival Athens 2022!🌿
Σήμερα και αύριο στην Τεχνόπολη, αφιερωμένο στην κλιματική κρίση που μας αφορά περισσότερο…"
0,0.4513813,Negative,,,,,,0.27611136,"RT @FChaniwn: 🌿Vegan Life Festival Athens 2022!🌿
Σήμερα και αύριο στην Τεχνόπολη, αφιερωμένο στην κλιματική κρίση που μας αφορά περισσότερο…"
1,0.91174006,Positive,,,,,,0.11678659,EU Taxonomy – O δρόμος προς ένα πιο βιώσιμο μέλλον https://t.co/gFGF3WMHO5
1,0.7372847,Positive,,,,,,0.26549023,"RT @psillides_c: ""Κλιματική αλλαγή και μαλακίες"", είπε, σκουπίζοντας το μέτωπο του από τον ιδρώτα, λιώνοντας στους 42 βαθμούς τον Οκτώβρη."
1,0.8934385,Positive,,,,,,0.14075534,EU Taxonomy – O δρόμος προς ένα πιο βιώσιμο μέλλον https://t.co/rUDNRl1lYi
1,0.7204791,Positive,,,,,,0.32564333,Ο Γκουτέρες καλεί τον κόσμο να κινητοποιηθεί 'για να σώσει το ανθρώπινο είδος' από την κλιματική αλλαγή https://t.co/1LFjEdDVyC
1,0.863064,Positive,,,,,,0.17750846,"Κλιματική κρίση: Η επιρροή των συνεπειών της για τον άνθρωπο - Εκτεταμένη φτώχια, ένοπλες συγκρούσεις και αύξηση των επιδημιών https://t.co/KQEnh3PaUa"
0,0.30713242,Negative,,,,,,0.21647614,"Mπιλ Γκέιτς: Χωρίς καινοτομία, η κλιματική αλλαγή δεν θα λυθεί ποτέ https://t.co/LVTVzPX7wr"
1,0.73861104,Positive,,,,,,0.22933693,Μ. Μανουσάκης (ΑΔΜΗΕ): Ισχυρά πράσινα δίκτυα για μία πιο ανθεκτική και βιώσιμη Ευρώπη https://t.co/1rpBgWzNsv
1,0.7352271,Positive,,,,,,0.21910557,Μάνος Μανουσάκης (ΑΔΜΗΕ): Ισχυρά πράσινα δίκτυα για μία πιο ανθεκτική και βιώσιμη Ευρώπη https://t.co/FZcdzPfJgC
1,0.8647221,Positive,,,,,,0.22151034,"Κλιματική κρίση: Η επιρροή των συνεπειών της για τον άνθρωπο - Εκτεταμένη φτώχια, ένοπλες συγκρούσεις και αύξηση των επιδημιών https://t.co/WTJN4bv8IP"
1,0.5097,Positive,,,,,,0.28867826,"RT @MAravantinos: Ο κ. Καιρίδης, μάλλον κρίνει εξ ιδίων. Ας γνωρίζει όμως ότι δεν έγινα και δεν πρόκειται να γίνω σφουγγοκωλάριος κανενός.…"
0,0.42338812,Negative,,,,,,0.28901497,«Πράσινη» ταμπέλα στην πυρηνική ενέργεια από την ΕΕ - Η Αυστρία πάει στα δικαστήρια https://t.co/B2Q4VjWS3h
1,0.55093324,Positive,,,,,,0.23541006,Η επόμενη τουριστική καμπάνια θα επικεντρωθεί στον βιώσιμο τουρισμό https://t.co/BfgCJkG489
0,0.0819256,Negative,,,,,,0.15687868,Το Insta έχει γίνει επίσημα το πουτανάδικο των social. Είναι θλιβερό να βλέπεις νέα παιδιά να ψωνίζονται με αυτόν τον τρόπο και να επιδεικνύουν ένα lifestyle που ούτε πραγματικό είναι αλλά ούτε βιώσιμο. Μου θυμίζει λίγο την προ κρίσης νοοτροπία.
1,0.5490538,Positive,,,,,,0.2614916,Η επόμενη τουριστική καμπάνια θα επικεντρωθεί στον βιώσιμο τουρισμό https://t.co/t8tFPE0Tow
0,0.078412384,Negative,,,,,,0.08050493,"Νίκαια: Αρπαγή 14χρονης - Την είχαν απαγάγει ξανά, λέει το περιβάλλον της - «Παντρεμένος με παιδιά» https://t.co/MBMh8MQjyP"
0,0.14698462,Negative,,,,,,0.12478841,"RT @AretiAthanasiu: Είχε διπλά προφίλ στο διαδίκτυο, ανέβαζε πορνογραφικό υλικό με παιδιά, 213 πελάτες του ενδιαφέρθηκαν να κλείσουν ""ραντε…"
0,0.15420988,Negative,,,,,,0.14594838,Κλιματική αλλαγή: 20 φορές πιο πιθανές οι ξηρασίες τα καλοκαίρια https://t.co/Hdmsfj8vDu
1,0.91094726,Positive,,,,,,0.16836959,"Ακόμη ένα σημαντικό ορόσημο: 100% πράσινη ενέργεια στην Ελλάδα για τουλάχιστον 5 ώρες! Εργαζόμαστε για ακόμη μεγαλύτερη διείσδυση ΑΠΕ, για καθαρότερο και φθηνότερο ενεργειακό μείγμα!
#ΔΕΗ #Ανανεώσιμες #PPC #Renewables #PPCR https://t.co/zLMrIDR222"
0,0.14518863,Negative,,,,,,0.1851157,MORE: Μισό εκατομμύριο νοικοκυριά θα ηλεκτροδοτεί με πράσινη ενέργεια η Μοtor Oil https://t.co/XWkSbzxAWr
1,0.875245,Positive,,,,,,0.14120208,Βρετανία: Bάζει πλαφόν στα έσοδα των παραγωγών ενέργειας από ανανεώσιμες πηγές https://t.co/XGYY6DhvYM
1,0.91255164,Positive,,,,,,0.102928065,Βρετανία: Πλαφόν στα έσοδα των παραγωγών ενέργειας από ανανεώσιμες πηγές βάζει η κυβέρνηση https://t.co/pXcBxGL36S
0,0.20052755,Negative,,,,,,0.15812664,Great Place to Work 2022: Οι 25 πολυεθνικές εταιρείες με το καλύτερο εργασιακό περιβάλλον παγκοσμίως https://t.co/XQaDTAUxCE
1,0.79482603,Positive,,,,,,0.18562414,Banco Bilbao Vizcaya Argentaria: Αύξησε τον στόχο για τη βιώσιμη χρηματοδότηση κατά 50% https://t.co/mUph2KEX1O
0,0.3875618,Negative,,,,,,0.20179684,Σταϊκούρας: «Η Ελλάδα έχει χτίσει ισχυρές γραμμές άμυνας απέναντι σε ένα δυσμενές διεθνές περιβάλλον» https://t.co/wN9DdFE96M
0,0.46078217,Negative,,,,,,0.2528696,Σταϊκούρας στη Σύνοδο του ΔΝΤ: Η Ελλάδα έχει χτίσει ισχυρές γραμμές άμυνας απέναντι σε ένα δυσμενές διεθνές περιβάλλον https://t.co/CCcYrkvsKO
1,0.88162285,Positive,,,,,,0.1670686,Ανανεώσιμες πηγές ενέργειας - Νέο ρεκόρ: Σπάνε το «φράγμα» των 10.000 μεγαβάτ https://t.co/bc5EBVF6ky
1,0.84050584,Positive,,,,,,0.16463728,Προς νέο ρεκόρ για τις Ανανεώσιμες Πηγές Ενέργειας - Σπάνε το φράγμα των 10.000 μεγαβάτ https://t.co/kjwyH9PwqA
0,0.22944947,Negative,,,,,,0.21764977,Σταϊκούρας: Η απώλεια της βιοποικιλότητας και η κλιματική αλλαγή αυξάνουν τον κίνδυνο για την οικονομική ανάπτυξη https://t.co/TUrzBLbmVj
0,0.40057376,Negative,,,,,,0.2008485,Σταϊκούρας: «Η Ελλάδα έχει χτίσει ισχυρές γραμμές άμυνας απέναντι σε ένα δυσμενές διεθνές περιβάλλον» https://t.co/9u4zFj3Llx
1,0.85793066,Positive,,,,,,0.21539833,Ανανεώσιμες πηγές ενέργειας - Νέο ρεκόρ: Σπάνε το «φράγμα» των 10.000 μεγαβάτ https://t.co/hDmyJ8lSVb
0,0.46809995,Negative,,,,,,0.23019223,Πρεμ Γουάτσα: H επανεκλογή Μητσοτάκη θα δημιουργήσει ένα ακόμη πιο ασφαλές περιβάλλον για επενδύσεις https://t.co/YGCIZRFQF3
1,0.50485617,Positive,,,,,,0.22974914,Πρεμ Γουάτσα: Eπανεκλογή Μητσοτάκη θα δημιουργήσει ακόμη πιο ασφαλές περιβάλλον για επενδύσεις https://t.co/Tc9l1FxLbO
1,0.75468695,Positive,,,,,,0.20526372,"Β. Κικίλιας: Έργα υποδομής, πράσινη οικονομία και καμπάνια για τον βιώσιμο τουρισμό https://t.co/tzmobvkVtu"
0,0.30790174,Negative,,,,,,0.2500966,"Οι μετοχές ανακάμπτουν, αλλά τα ομόλογα... δεν ακολουθούν - Πόσο βιώσιμο είναι το rebound; https://t.co/2OGDAk5YY4"
1,0.79495287,Positive,,,,,,0.1839578,Κλιματική αλλαγή: Συνέδριο για την ενεργειακή φτώχεια στη Δυτική Ελλάδα https://t.co/as6NjziGz1
1,0.739264,Positive,,,,,,0.22550903,"Νίκος Τσάκος: Προτιμούμε να υπάρχει ένα σταθερό περιβάλλον στη ναυτιλία, σε έναν κόσμο ειρηνικό και όχι τεράστια κερδοφορία https://t.co/cNVrGxjaeY"
1,0.9268737,Positive,,,,,,0.08120432,"Dialectica: Μετακομίζει στον Piraeus Tower, τον πρώτο υπερσύγχρονο, βιώσιμο ουρανοξύστη της πόλης (pics) https://t.co/ohLy6o8O80"
0,0.14897189,Negative,,,,,,0.14012526,Η κλιματική αλλαγή απειλεί ένα δισεκατομμύριο παιδιά https://t.co/lvHfwG4HWS
0,0.05356099,Negative,,,,,,0.078119606,Δέσμευση της κρουαζιέρας για μηδενικό αποτύπωμα άνθρακα παγκοσμίως έως το 2050 https://t.co/aArxweJcR6
0,0.4829693,Negative,,,,,,0.24006878,Κλιματική αλλαγή: Πώς απειλεί ένα δισεκατομμύριο παιδιά https://t.co/T63THHZza0
0,0.15258332,Negative,,,,,,0.121079296,Σεπόλια: Ο Ηλίας Μίχος «ψάρευε» βιαστές και από το οικογενειακό περιβάλλον της 12χρονης https://t.co/4apyjmT1sO
0,0.34339797,Negative,,,,,,0.34329963,Ημαθία: Κανένα ίχνος του οδηγού που σκότωσε το 15χρονο κορίτσι - Διασωληνωμένες και «χωρίς επαφή με το περιβάλλον» η μητέρα και η αδερφή της https://t.co/4A5k7Cn6B6
0,0.1229293,Negative,,,,,,0.14012927,διαΝΕΟσις: Μπορεί η ελληνική οικονομία να γίνει κυκλική; Ποια θα ήταν τα οφέλη https://t.co/7fSiWfhSAw
1,0.5210824,Positive,,,,,,0.28933257,"διαΝΕΟσις: 'Κυκλική οικονομία: Ευκαιρίες, προκλήσεις και επιδράσεις στην ελληνική οικονομία' https://t.co/D2sO9Zj1J9"
1,0.93983424,Positive,,,,,,0.093059376,RT @THANASIGOUNARIS: Τα ζωα αναγνωρίζουν την αγάπη και την καλοσύνη και την ανταποδίδουν!!Ο κόσμος μας θα ήταν καλύτερος αν είχαμε ενσυναίσ…
0,0.2534485,Negative,,,,,,0.26512232,'Η κλιματική κρίση μας σκοτώνει': Διεθνείς ιατρικοί εμπειρογνώμονες καταγγέλλουν τη μεγάλη εξάρτηση από ορυκτά καύσιμα https://t.co/EkOHu5gCzJ
1,0.88243395,Positive,,,,,,0.121390074,Lancet: Ο εθισμός στα ορυκτά καύσιμα και η κλιματική αλλαγή απειλούν την παγκόσμια υγεία https://t.co/OdkqHIcGU8
1,0.7576575,Positive,,,,,,0.21354891,"να κινείσαι αργά, να ζεις σε αυτό που εσύ θεωρείς ""φυσικό σου περιβάλλον"" και να 'χεις όσο το δυνατόν λιγότερους εχθρούς
( ας την πούμε μια συνταγή για μακροζωϊα )"
0,0.2829891,Negative,,,,,,0.28063488,Γερμανικές μυστικές υπηρεσίες: «Αν η Ρωσία είναι η καταιγίδα η Κίνα είναι η κλιματική αλλαγή» - Υποχείριο του Σι Τζινπινγκ ο Σολτς; https://t.co/iFWKU5HAoE
0,0.39527863,Negative,,,,,,0.2697911,Βέλγιο: Ίδρυμα για το περιβάλλον προτείνει μείωση της διάρκειας του ντους για εξοικονόμηση ενέργειας https://t.co/rSyh5F8yrw
0,0.43629283,Negative,,,,,,0.28750965,"Bέλγιο: Μειώστε τη διάρκεια του ντους για να εξοικονομήσετε ενέργεια, λέει ίδρυμα για το περιβάλλον https://t.co/BaJE4kqcJm"
0,0.26596296,Negative,,,,,,0.26741517,Γερμανικές μυστικές υπηρεσίες: «Αν η Ρωσία είναι η καταιγίδα η Κίνα είναι η κλιματική αλλαγή» - Υποχείριο του Σι Τζινπινγκ ο Σολτς; https://t.co/IRzMIDYVsl
0,0.09223796,Negative,,,,,,0.096178666,Economist Intelligence: Άλμα 16 θέσεων για την Ελλάδα στο επιχειρηματικό περιβάλλον https://t.co/5T2IjWGHOs
0,0.4330706,Negative,,,,,,0.27929565,Επελαύνει η κλιματική αλλαγή: Ασυνήθιστα υψηλές θερμοκρασίες στην Ευρώπη - Νωρίτερα ο χειμώνας στις ΗΠΑ https://t.co/sVNtQTI7lP
0,0.085544586,Negative,,,,,,0.10430026,Μητσοτάκης για το επιχειρηματικό περιβάλλον της Ελλάδας: «Αναγνωρίζεται η προσπάθειά μας» https://t.co/PRuc4aJsaA
0,0.4558723,Negative,,,,,,0.2575049,"Bέλγιο: Μειώστε τη διάρκεια του ντους για να εξοικονομήσετε ενέργεια, λέει ίδρυμα για το περιβάλλον https://t.co/9Q6Ca88hJs"
0,0.41495922,Negative,,,,,,0.27982312,Επελαύνει η κλιματική αλλαγή: Ασυνήθιστα υψηλές θερμοκρασίες στην Ευρώπη - Νωρίτερα ο χειμώνας στις ΗΠΑ https://t.co/0CPmrpftL4
1,0.843527,Positive,,,,,,0.18525407,Η «πράσινη» μετάβαση για μια βιώσιμη οικονομία με μέλλον και προοπτικές – Οι στόχοι του ΟΗΕ https://t.co/K4j4cdDqRV
1,0.75437576,Positive,,,,,,0.15499708,Uber: 'Απόλυτα' μη βιώσιμο εξακολουθεί να είναι το μοντέλο απασχόλησης που εφαρμόζει η εταιρία https://t.co/HjWb5yMNok
0,0.2910655,Negative,,,,,,0.23085439,Υπ. Αγροτικής Ανάπτυξης: Προσωρινός πίνακας αποτελεσμάτων αιτήσεων στήριξης για γεωργία και κλιματική αλλαγή https://t.co/OtiXIvcQyF
1,0.5614539,Positive,,,,,,0.2552988,"📍 Στοιχείο υπεροχής και διαφοροποίησης στο σύγχρονο επιχειρηματικό περιβάλλον είναι οι δράσεις, οι πρωτοβουλίες και οι παρεμβάσεις που απευθύνονται στην κοινωνία, το περιβάλλον, τον άνθρωπο https://t.co/hzza2R9T9O"
0,0.38016438,Negative,,,,,,0.21575989,Αστικό περιβάλλον και αστική νεοβαρβαρότητα https://t.co/jdfXuk51d1
0,0.22413939,Negative,,,,,,0.23231411,Κλιματική αλλαγή: Σε ποιες περιοχές ευθύνεται για περισσότερους θανάτους από τον καρκίνο https://t.co/p205icbXXE
0,0.4816915,Negative,,,,,,0.21918797,Ν. Δένδιας: Στόχος μας ένα ελεύθερο και ασφαλές περιβάλλον για τους δημοσιογράφους https://t.co/EKfJhEjmjA
0,0.16541766,Negative,,,,,,0.16194536,"Μια ολοκληρωμένη επιχειρηματική δραστηριότητα, μια βιώσιμη εταιρεία που σέβεται περιβάλλον και κοινωνία https://t.co/lyJsum6eJi"
0,0.19569647,Negative,,,,,,0.19146584,"Μια ολοκληρωμένη επιχειρηματική δραστηριότητα, μια βιώσιμη εταιρεία που σέβεται περιβάλλον και κοινωνία https://t.co/JtHHFXQiJy"
1,0.63875186,Positive,,,,,,0.23771909,COP27: Η διάσκεψη για το κλίμα θα αρχίσει με αίτημα να αποζημιωθούν οι φτωχότερες χώρες για την κλιματική αλλαγή https://t.co/ig7XTCtGI1
0,0.28096795,Negative,,,,,,0.18355462,Τι κοστίζει η κλιματική αλλαγή στη Γερμανία; https://t.co/C9n8IfQZ2g
0,0.27900028,Negative,,,,,,0.15498719,"ΟΛΠ ΑΕ: Συνεισφέρει το 0,76% του ΑΕΠ - Η προσφορά στην κοινωνία και στο περιβάλλον https://t.co/t91rl8u6Lo"
1,0.80448556,Positive,,,,,,0.1664917,Welt: Ποιες είναι οι μη ρεαλιστικές προβλέψεις τρόμου για την κλιματική αλλαγή https://t.co/xrynX44YAY
0,0.19698606,Negative,,,,,,0.22469628,Ζελένσκι: Χωρίς ειρήνη δεν μπορεί να υπάρξει αποτελεσματική πολιτική για την κλιματική αλλαγή https://t.co/GAab6R6GBi
1,0.6711742,Positive,,,,,,0.26829374,Β. Κικίλιας για συμφωνία με Common Seas: 'H Ελλάδα στην πρωτοπορία της Ευρώπης για τον βιώσιμο τουρισμό' https://t.co/e7qPOwOzKV
0,0.45564938,Negative,,,,,,0.30022913,Γερμανία: Πόσο κοστίζει η κλιματική αλλαγή – Τι αναφέρει μελέτη https://t.co/nmwlT9A1Es
0,0.20963149,Negative,,,,,,0.14056464,Η βιώσιμη εξόρυξη αναδιαμορφώνει τη βιομηχανία και θέτει τα θεμέλια για την αειφόρο ανάπτυξη https://t.co/Nnwn17snUC
1,0.64944535,Positive,,,,,,0.22635826,Ζ. Μπορέλ: Πρέπει να προσαρμόσουμε τις πολιτικές άμυνάς μας στο νέο περιβάλλον https://t.co/iOkd29p3EN
0,0.34163,Negative,,,,,,0.2792471,Χρ. Σταϊκούρας: Σημαντικές προκλήσεις για τους κρατικούς προϋπολογισμούς δημιουργεί η κλιματική αλλαγή https://t.co/3MnGtX5fG4
0,0.2905122,Negative,,,,,,0.23180129,Γιατί η κλιματική κρίση αφορά τις τράπεζες https://t.co/0VAWqh3O6f
1,0.7829663,Positive,,,,,,0.26921782,Γ. Περιστέρης: Η ενεργειακή κρίση θα ήταν σχεδόν αμελητέα αν είχε γίνει η πράσινη μετάβαση στην ενέργεια https://t.co/hwhwMaDFey
1,0.93215287,Positive,,,,,,0.14987333,"📍 Η επιτάχυνση της μετάβασης σε καύσιμα με μικρότερο αποτύπωμα άνθρακα προϋποθέτει μια σειρά επιλογών και δράσεων για τις κυβερνήσεις, τη βιομηχανία και τους οδηγούς.  https://t.co/yDGSBYoUPu"
0,0.47442585,Negative,,,,,,0.22205758,Κλιματική αλλαγή: Λαϊκιστές εναντίον του πλανήτη: Πώς το κλίμα έγινε το νέο μέτωπο του πολέμου https://t.co/HlRUjw4ESk
0,0.38945618,Negative,,,,,,0.31080756,Μπάιντεν: H παγκόσμια κλιματική κρίση αποτελεί υπαρξιακή απειλή για τον πλανήτη https://t.co/YsOT54h5pb
0,0.47101843,Negative,,,,,,0.23289661,Ευρώπη: Αυτός είναι ο πιο βιώσιμος προορισμός για αγορές - Δείτε τις υπόλοιπες χώρες https://t.co/Xkgpih2P11
1,0.5172393,Positive,,,,,,0.23506585,Ευρώπη: Αυτός είναι ο πιο βιώσιμος προορισμός για αγορές - Δείτε τις υπόλοιπες χώρες https://t.co/oOaA7G4Xpe
1,0.8662106,Positive,,,,,,0.17635442,COP27: Μια Ελληνίδα φοιτήτρια ως «συνήγορος κλιματικής δικαιοσύνης» στη Διάσκεψη του ΟΗΕ για την Κλιματική Αλλαγή https://t.co/4esmAH97z2
1,0.7103894,Positive,,,,,,0.2677392,Τυνησία: Δίνει μάχη με την κλιματική αλλαγή για τις ακτές της https://t.co/CamJzQcqBb
1,0.5162808,Positive,,,,,,0.26834184,Luxury κλάδοι και βιώσιμη ανάπτυξη – Το Yachting και η αγορά των 75 δισ. δολ. https://t.co/AojcXYnGCI
0,0.42461884,Negative,,,,,,0.3083144,"📍 Η Netcompany-Intrasoft, η μεγαλύτερη εταιρία πληροφορικής στην Ελλάδα και μια από τις σημαντικότερες στην Ευρώπη, μέλος του δανικού ομίλου Netcompany, από το 1996 συμβάλλει έμπρακτα στη βιώσιμη ανάπτυξη και στη βελτίωση της ζωής των πολιτών υλοποιώντ... https://t.co/wB28UDenGR"
0,0.13697241,Negative,,,,,,0.13717051,MYTILINEOS: Φέρνοντας τη Βιώσιμη Ανάπτυξη στο πλευρό της ελληνικής κοινωνίας https://t.co/fVxvMT5pZB
0,0.09800791,Negative,,,,,,0.09593184,"Περιβάλλον: Στα τρόφιμα που πετάμε και αποσυντίθενται, οφείλεται το 1/10 των αερίων του φαινομένου του θερμοκηπίου https://t.co/jsqgyXDy6u"
1,0.80742353,Positive,,,,,,0.15944043,Κ. Σκρέκας: 'Οι Ανανεώσιμες Πηγές Ενέργειας είναι η λύση' https://t.co/3J7Z8gdBlm
1,0.9764603,Positive,,,,,,0.03832973,"📍 H ESG Στρατηγική του Ομίλου Quest έχει δημιουργηθεί με στόχους τη δημιουργία προστιθέμενης αξίας, την επιχειρηματική αριστεία και το βιώσιμο μέλλον. https://t.co/d5a2gulQ5l"
1,0.90323997,Positive,,,,,,0.10470034,Γερμανία: Το Πεκίνο να αποζημιώνει χώρες που πλήττονται από την κλιματική αλλαγή https://t.co/jn8d3Em7Kx
1,0.8142262,Positive,,,,,,0.11066445,Κλιματική αλλαγή: Ο Άντι Γουόρχολ τελευταίο θύμα των ακτιβιστών στην Ιταλία https://t.co/BZjGcuWt0N
0,0.2292028,Negative,,,,,,0.22311686,Γιατί το ελληνικό χρέος είναι το πιο «βιώσιμο» στον ευρωπαϊκό Νότο https://t.co/sryNy0XEXs
1,0.5099267,Positive,,,,,,0.18522817,'Σχέδιο Δράσης για το Περιβάλλον και το Κλίμα' από το Ίδρυμα Μποδοσάκη https://t.co/A4Fe3gOpJR
0,0.21038786,Negative,,,,,,0.16933943,"Optima bank: Το επενδυτικό περιβάλλον, προκλήσεις και ευκαιρίες https://t.co/dCbPxYHdRh"
0,0.33024657,Negative,,,,,,0.2520962,Σχοινάς: Ώρα για βιώσιμο ευρωπαϊκό πλαίσιο ασύλου και μετανάστευσης https://t.co/DfInc2qwav
1,0.9444077,Positive,,,,,,0.10703844,"Αγροτικά Προϊόντα: Βιοδιεγέρτες: Η βιώσιμη λύση στην παραγωγή αγροτικών τροφίμων, συμβάλλοντας σε ένα «ευφυές» μελλοντικό μοντέλο αγροκτήματος https://t.co/OsJTDmMhDI"
1,0.91611123,Positive,,,,,,0.12648773,Κ. Ξιφαράς (ΔΕΠΑ Εμπορίας): Στόχος το 1 GW στις ανανεώσιμες πηγές ενέργειας https://t.co/CmW2Sx2D15
0,0.31108484,Negative,,,,,,0.31424046,Β. Κουτεντάκης: Έννοιες αρρηκτα συνδεδεμένες η βιώσιμη ανάπτυξη και ο ψηφιακός μετασχηματισμός https://t.co/dlFETtwnMd
0,0.1101147,Negative,,,,,,0.12545714,Η ΧΗΤΟΣ ΑΒΕΕ αναλαμβάνει δράση για ένα βιώσιμο αύριο https://t.co/E2UgNV5PU0
1,0.5434226,Positive,,,,,,0.26858115,Amazon: Ποιες ενέργειες υιοθετεί ώστε να μειώσει το αποτύπωμα εκπομπής άνθρακα https://t.co/pOciXma68B
1,0.5527823,Positive,,,,,,0.19913587,Κλιματική αλλαγή: Εγκαινιάστηκε η πρώτη διαδραστική έκθεση στο Μουσείο Γουλανδρή Φυσικής Ιστορίας https://t.co/iBQQ9HCIWF
0,0.0869948,Negative,,,,,,0.122528955,Κλιματική αλλαγή: Πάνω από 20.000 οι θάνατοι στη Δυτική Ευρώπη που συνδέονται με τους καύσωνες https://t.co/bSqczhOw5x
0,0.23547152,Negative,,,,,,0.19976953,ΕΥ: Ευελιξία και προσαρμοστικότητα βασικά ζητούμενα στο νέο φορολογικό περιβάλλον https://t.co/DJZryFUblP
1,0.50038576,Positive,,,,,,0.23384494,✔️ Με συνεχείς πρωτοβουλίες και δράσεις για ένα σύγχρονο εργασιακό περιβάλλον https://t.co/2oO0333xhA
1,0.75277513,Positive,,,,,,0.27830714,Γερμανία: Κυβέρνηση και αντιπολίτευση καταδικάζουν τη δράση των ακραίων ακτιβιστών για το κλίμα 'Τελευταία Γενιά' https://t.co/bWxhIXXehF
1,0.853237,Positive,,,,,,0.1457334,Η ενεργειακή ασφάλεια είναι σημαντικότερη από την κλιματική αλλαγή https://t.co/cjB8Ok8QNS
1,0.73469377,Positive,,,,,,0.20121299,Τουρισμός και κλιματική αλλαγή: Το άγνωστο πρόβλημα https://t.co/mQzpUr39J0
1,0.550245,Positive,,,,,,0.23828366,✔️ Με συνεχείς πρωτοβουλίες και δράσεις για ένα σύγχρονο εργασιακό περιβάλλον https://t.co/RtK6cPt4U9
1,0.95885104,Positive,,,,,,0.06302003,Το ΝΟΥΝΟΥ υλοποιεί δράσεις για ένα πιο βιώσιμο μέλλον! https://t.co/1WnbFmg9sr
1,0.687764,Positive,,,,,,0.29025838,Αλ. Τσίπρας: Η Ελλάδα σήμερα είναι χώρα άδικη για τους πολλούς χωρίς βιώσιμη αναπτυξιακή στρατηγική https://t.co/tgMi4GfMSG
1,0.83362144,Positive,,,,,,0.14831601,Μία βιώσιμη καμπάνια που εξοικονομεί ενέργεια https://t.co/FkPTYXjgdl
1,0.5708469,Positive,,,,,,0.24505846,Κλιματική αλλαγή: Η ζωή των ιθαγενών Ινουίτ στους πάγους που λιώνουν (εικόνες) https://t.co/hYI2sIFsdS
1,0.8508625,Positive,,,,,,0.23446986,"ΕΕ: Nέο σχέδιο για πιο πράσινο, βιώσιμο και ψηφιοποιημένο ευρωπαϊκό τουρισμό https://t.co/DIF3N3Iim7"
0,0.14888184,Negative,,,,,,0.16903315,Σι Τζινπίνγκ σε Σαρλ Μισέλ: Θέλουμε ένα δίκαιο περιβάλλον για τις κινεζικές εταιρείες στην ΕΕ https://t.co/N9pBA3suFq
1,0.66566026,Positive,,,,,,0.28746396,Η Nestle δίνει $1 δισ. για να σώσει τον καφέ από την κλιματική αλλαγή https://t.co/tMGFhGTU81
0,0.12502141,Negative,,,,,,0.14772223,Τατόι: Βιώσιμο μοντέλο ανάπτυξης για την αξιοποίηση των πρώην βασιλικών ανακτόρων https://t.co/ECH8PVopOd
0,0.32330582,Negative,,,,,,0.24943735,ΥΠΠΟΑ: Βιώσιμο μοντέλο ανάπτυξης για την αξιοποίηση του τέως βασιλικού κτήματος στο Τατόι https://t.co/V5fQHP4mrt
1,0.629347,Positive,,,,,,0.22952601,Σωτήρης Ράπτης: Στο Top 10 της Lloyd’s List με τις κορυφαίες προσωπικότητες σε θέματα κανονισμών για ναυτιλία και περιβάλλον https://t.co/2UfFBW5K80
1,0.95353556,Positive,,,,,,0.12842001,"📍 Το Αντίπαρος 1 είναι ένα μοναδικό υπόσκαφο έργο που πέτυχε να συγχωνευτεί με το περιβάλλον και παράλληλα να λουστεί με φυσικό φως.
#newmoney.gr https://t.co/qtMDHs1PzA"
1,0.78181815,Positive,,,,,,0.2569638,@AthanDim Είναι όπως όταν για να συναντηθούν για το περιβάλλον οι global leaders ταξιδεύουν με τα ιδιωτικά τους jet με zero emissions βεβαίως βεβαίως. Υποκρισία στο μέγιστο όταν υπάρχουν άλλοι τρόποι να γίνουν τα meetings virtually…
1,0.7899536,Positive,,,,,,0.21631022,Διεθνής Οργανισμός Ενέργειας: Η ενεργειακή κρίση δίνει πρωτοφανή ώθηση στις ανανεώσιμες πηγές https://t.co/tQFqhN7gxf
1,0.6689991,Positive,,,,,,0.22413892,PwC: Ποιες χώρες διαθέτουν ελκυστικό περιβάλλον για την ανάπτυξη ιδιωτικών επιχειρήσεων το 2022 https://t.co/lwolB1xeJy
1,0.8238438,Positive,,,,,,0.20710376,Γκέιτς για Κλιματική Αλλαγή: «Να είστε ανοιχτοί σε ιδέες που φαίνονται εξωφρενικές» https://t.co/B4BZwY0Yxd
0,0.44794333,Negative,,,,,,0.29848623,Η ενεργειακή κρίση στη Γερμανία μειώνει την αντίσταση στις ανανεώσιμες πηγές ενέργειας https://t.co/OofpTOoUhG
0,0.35261318,Negative,,,,,,0.18630949,Πάνω από 1 τρισ. κοστίζει η κλιματική αλλαγή (pic) https://t.co/mk08a57eQP
0,0.3334156,Negative,,,,,,0.24369726,ΑΑΔΕ: Στόχος ο Τελωνειακός Κώδικας να μεταβεί σε ένα περιβάλλον χωρίς χαρτί https://t.co/9RWaiXZ5fc
0,0.3566385,Negative,,,,,,0.2546,ΑΑΔΕ: Στόχος ο Τελωνειακός Κώδικας να μεταβεί σε ένα περιβάλλον χωρίς χαρτί https://t.co/rvQUbwzNic
0,0.15058859,Negative,,,,,,0.13412784,Χ. Σταϊκούρας: Απάντηση στο αβέβαιο περιβάλλον η συνεργασία Ελλάδας-Γαλλίας https://t.co/aUD8WwcTM8
0,0.32985896,Negative,,,,,,0.23483394,Έκθεση IRC: Η κλιματική αλλαγή θα επιτείνει τις ανθρωπιστικές κρίσεις το 2023 https://t.co/3IAn6TfWTb
0,0.14484079,Negative,,,,,,0.1575261,"Η εξέλιξη και οι σχέσεις εμπιστοσύνης στο εργασιακό περιβάλλον της Kaizen Gaming, είναι τα βασικά στοιχεία της επιτυχίας της https://t.co/UU6VFnZpml"
0,0.14660472,Negative,,,,,,0.14801648,"Η εξέλιξη και οι σχέσεις εμπιστοσύνης στο εργασιακό περιβάλλον της Kaizen Gaming, είναι τα βασικά στοιχεία της επιτυχίας της https://t.co/HSP2fDzgD7"
0,0.37021074,Negative,,,,,,0.37287483,Η Roche Hellas συμμετέχει στο δημόσιο διάλογο για ένα βιώσιμο και αποδοτικό σύστημα υγείας https://t.co/ckRhvYyr5r
1,0.92816347,Positive,,,,,,0.10157545,Από ανανεώσιμες πηγές το 39% της ζήτησης ηλεκτρικής ενέργειας το 2022 https://t.co/RB0yKeeoLU
0,0.27923438,Negative,,,,,,0.27989575,Η Holcim πήρε διπλό 'Α' για τη δράση της για το κλίμα και το νερό από το CDP https://t.co/JThqUDUF5V
0,0.43972933,Negative,,,,,,0.27502134,Ελληνική έρευνα: Ποια σχέση έχουν οι θαλάσσιοι καύσωνες με την κλιματική αλλαγή https://t.co/fSUlF6FpWl
0,0.12449336,Negative,,,,,,0.1292817,"Δένδιας: Το περιβάλλον, η τεράστια πρόκληση για την ανθρωπότητα του 21ου αιώνα https://t.co/HJddjCHt7p"
0,0.4862757,Negative,,,,,,0.23516552,Αγροτικές Ειδήσεις: Πώς μπορεί η γεωργία που σκοτώνει τη φύση να γίνει πιο βιώσιμη; https://t.co/UkXarox7V2
0,0.08335647,Negative,,,,,,0.1069678,Σέριφος: Βιώσιμη ανάπτυξη παρά την αυξανόμενη τουριστική πίεση https://t.co/duClT3WIZ4
1,0.9322019,Positive,,,,,,0.12249407,Ανανεώσιμες πηγές ενέργειας: Οι 27 διατηρούν αμετάβλητο τον στόχο ενόψει 2030 https://t.co/qVJ3giNP9D
1,0.9286758,Positive,,,,,,0.10721736,Στο 40% διατηρεί η ΕΕ τον στόχο για τις ανανεώσιμες πηγές ενέργειας https://t.co/0reufEo4B3
1,0.89808923,Positive,,,,,,0.17098345,Ανανεώσιμες Πηγές Ενέργειας: Aμετάβλητος ο στόχος ενόψει 2030 στην ΕΕ – Επιταχύνονται οι αδειοδοτήσεις https://t.co/CY466ip5DV
1,0.96397364,Positive,,,,,,0.10203271,Τριαντόπουλος: Σταθερή επιδίωξή μας η συνεχής βελτίωση απέναντι στις νέες συνθήκες που έχει διαμορφώσει η κλιματική κρίση https://t.co/8HIrFwxbGL
0,0.37166727,Negative,,,,,,0.16994001,Μέχρι πότε θα είναι βιώσιμο το ελληνικό χρέος - Η αριθμητική https://t.co/Pf2lHfGB76
1,0.6806763,Positive,,,,,,0.21601954,Δεν μπορείς να σβήσεις τον ήλιο: Πώς η Γερμανία μπορεί να αποκτήσει ενεργειακή ανεξαρτησία με ανανεώσιμες πηγές ενέργειας https://t.co/pMUx4FhiAL
1,0.6304581,Positive,,,,,,0.2585531,Δεν μπορείς να σβήσεις τον ήλιο: Πώς η Γερμανία μπορεί να αποκτήσει ενεργειακή ανεξαρτησία με ανανεώσιμες πηγές ενέργειας https://t.co/ZWXgZ0BH0W
0,0.35824123,Negative,,,,,,0.25872484,Επιστήμονες για την κλιματική αλλαγή: «Η Ελλάδα θα υποφέρει» (vid) https://t.co/TfPr0QA5Q4
1,0.953695,Positive,,,,,,0.1188166,"I've just posted a new blog: Handelsblatt: Μέχρι το τέλος της δεκαετίας, πράσινη ηλεκτρική ενέργεια θα μπορούσε να ρέει από την Αίγυπτο στην Ελλάδα https://t.co/0ACH8mlmFC"
1,0.91365683,Positive,,,,,,0.15552087,"Handelsblatt: Μέχρι το τέλος της δεκαετίας, πράσινη ηλεκτρική ενέργεια θα μπορούσε να ρέει από την Αίγυπτο στην Ελλάδα https://t.co/o7Ol8wZYzN"
0,0.10759401,Negative,,,,,,0.14292169,"📍 Ο ελληνικός εξορυκτικός κλάδος στηρίζει τη μετάβαση στο μοντέλο κυκλικής οικονομίας, δημιουργώντας πολλαπλά οφέλη για το περιβάλλον, την κοινωνία και την οικονομία https://t.co/rWm8UpPPbz"
0,0.1956575,Negative,,,,,,0.14605974,"Πόλεμος στην Ουκρανία, πληθωρισμός και κλιματική αλλαγή - Όλα όσα συνέβησαν και δεν συνέβησαν το 2022 https://t.co/siDhW3j7Zw"
0,0.08317449,Negative,,,,,,0.10514536,Πώς θα είναι το περιβάλλον εργασίας το 2023 - Τρεις προβλέψεις για τον τρόπο που θα δουλεύουμε https://t.co/97e9bITnOM
0,0.07993021,Negative,,,,,,0.0761507,Πώς θα είναι το περιβάλλον εργασίας το 2023 - Τρεις προβλέψεις για τον τρόπο που θα δουλεύουμε https://t.co/eiGELVc1x7
1,0.8630652,Positive,,,,,,0.14763173,Περιβαλλοντική Ημερίδα 'Κλιματική Αλλαγή &amp; Σημερινές Προκλήσεις' από την Blue Star Ferries https://t.co/20gLB7b487
0,0.45785907,Negative,,,,,,0.34611616,"Γ. Οικονόμου: Τη χρονιά που πέρασε, παρά το δυσχερέστατο παγκόσμιο περιβάλλον, η Ελλάδα άντεξε στις πιέσεις και σημείωσε σημαντικά βήματα προόδου https://t.co/QXODnD8Cmi"
0,0.20118065,Negative,,,,,,0.13802816,Επίθεση με μπογιά στο πρωθυπουργικό μέγαρο της Γαλλίας από ακτιβιστές για το περιβάλλον https://t.co/zxxMfMq8oV
0,0.30004284,Negative,,,,,,0.21654949,Ευάγγελος Μυτιληναίος: Απαραίτητη η αλλαγή στην κλιματική πολιτική της Ευρώπης https://t.co/XOEmUTyyak
0,0.079985924,Negative,,,,,,0.10929757,Κλιματική αλλαγή: Τι προκάλεσε τον πρωτοχρονιάτικο «καύσωνα» στην Ευρώπη https://t.co/A569CI1YL5
1,0.5649371,Positive,,,,,,0.33187547,Έρευνα Bosch Tech Compass 2023: Τι πιστεύουν οι περισσότεροι για την τεχνολογία κόντρα στην κλιματική αλλαγή (pics) https://t.co/KvrdhvuQj1
0,0.3459199,Negative,,,,,,0.26307097,"Ψάλτης (Alpha Bank): Εγκαινιάζουμε έναν νέο κύκλο εξέλιξης, ως απάντηση στο νέο περιβάλλον «διαρκούς κρίσης» https://t.co/rfeTEbZcFW"
1,0.820834,Positive,,,,,,0.23041643,Πράσινη ενέργεια: Ο επόμενος στόχος της Κίνας είναι το υδρογόνο (πίνακες) https://t.co/eXpaCEJSbE
1,0.5250451,Positive,,,,,,0.29075927,"Β. Ψάλτης: Εγκαινιάζουμε, το 2023, ένα νέο κύκλο εξέλιξης, ως απάντηση στο νέο περιβάλλον 'διαρκούς κρίσης' https://t.co/gphcr4KEAv"
1,0.95768625,Positive,,,,,,0.100521535,NZ Herald: Το ελληνικό νησί που είναι στις κορυφαίες τάσεις του κόσμου για βιώσιμο ταξίδι το 2023 https://t.co/yHN07AVEzY
0,0.3401933,Negative,,,,,,0.27915612,Μαρίνα Φλοίσβου: Η βιώσιμη ανάπτυξη στην πράξη https://t.co/6fAY0VIz2x
0,0.2696648,Negative,,,,,,0.17821397,"Χρ. Σταϊκούρας στο Eurogroup: 'Στο ασταθές παγκόσμιο περιβάλλον, η Ελλάδα τα έχει καταφέρει' https://t.co/L9GduGGAox"
0,0.15626779,Negative,,,,,,0.19317053,Μοσχάτο: Άνδρας εντοπίστηκε νεκρός σε διαμέρισμα – Προσωρινά κρατούμενη γυναίκα από το στενό περιβάλλον του https://t.co/zIh2eT2Xz4
1,0.55440146,Positive,,,,,,0.3283937,Lidl Ελλάς: Δημιουργεί αξία στον δρόμο για ένα βιώσιμο αύριο https://t.co/x4LRr016Hg
0,0.24209484,Negative,,,,,,0.2012004,"ESG Shipping Awards: Tα πρώτα Ναυτιλιακά Βραβεία για Περιβάλλον, Κοινωνική και Εταιρική διακυβέρνηση (pics) https://t.co/Cw4cCaQGJ2"
0,0.35645902,Negative,,,,,,0.17214239,"Νταβός: Στο επίκεντρο η κλιματική αλλαγή, αργοί οι ρυθμοί απομάκρυνσης από τον άνθρακα https://t.co/Uf255Hb5V2"
0,0.15398212,Negative,,,,,,0.17671691,Κλιματική αλλαγή: Ποιες οι επιπτώσεις της σε ορισμένες καλλιέργειες https://t.co/uyc34MIG3w
0,0.06342849,Negative,,,,,,0.06947449,Παγκόσμια πρώτη για τη Mytilineos: Τα οικονομικά αποτελέσματα 2022 θα παρουσιαστούν σε περιβάλλον Metaverse https://t.co/gIHS0qVz5Y
1,0.8999171,Positive,,,,,,0.1351737,Αγροτικές Ειδήσεις: Τεχνητή Νοημοσύνη για τη γεωργία: Πώς οι Ινδοί αγρότες αξιοποιούν τις αναδυόμενες τεχνολογίες για τη βιώσιμη αύξηση της παραγωγικότητας https://t.co/AD85BU4GQ3
0,0.15109698,Negative,,,,,,0.20993176,SKAG: Πιστοποίηση από το Quality Net Foundation στη βιώσιμη ανάπτυξη και την υπεύθυνη επιχειρηματικότητα (pic) https://t.co/NTHWGigUIY
1,0.7398241,Positive,,,,,,0.22983836,Eurometaux: Καλεί την ΕΕ να στηρίξει τη βιομηχανία μετάλλων με πακέτο για την πράσινη ενέργεια https://t.co/WwVf8K5MIo
0,0.48757035,Negative,,,,,,0.2570691,Κρόκος Κοζάνης: Η κλιματική αλλαγή «χτύπησε» ένα από τα πιο διάσημα ελληνικά αγροτικά προϊόντα (pics) https://t.co/PocJ1ceJqw
0,0.08658153,Negative,,,,,,0.102737755,📍 Πρόγραμμα σπουδών για εισαγωγή και επιμόρφωση των εκπαιδευτικών στο περιβάλλον STEAM προσφέρει το Ίδρυμα Vodafone https://t.co/1Z8kx5uq7p
0,0.17215116,Negative,,,,,,0.17864574,Βενετία Κουσία (Συμβούλιο Ανταγωνιστικότητας): «Το επιχειρηματικό περιβάλλον της Ελλάδας πρέπει οπωσδήποτε να βελτιωθεί» https://t.co/fzn8R46ffG
1,0.8855748,Positive,,,,,,0.14012761,Αγροτικές Ειδήσεις: Θεσσαλονίκη: Η κλιματική κρίση απειλεί την ελιά Χαλκιδικής https://t.co/PoNZ2WYZ1V
1,0.6020357,Positive,,,,,,0.20950969,Schroders Capital: Ποια assets «κρύβουν» ευκαιρίες στο υφεσιακό περιβάλλον του 2023 https://t.co/gjHEqZWozr
0,0.48542634,Negative,,,,,,0.28570157,Περιβάλλον: Οι νέοι κανόνες που θα μειώσουν τα ανώτατα όρια καταλοίπων φυτοφαρμάκων στα τρόφιμα https://t.co/xtMNrwqvcA
0,0.061091304,Negative,,,,,,0.07615278,Emirates: Δοκιμαστική πτήση - ορόσημο με 100% βιώσιμο αεροπορικό καύσιμο (SAF) https://t.co/7fcHAGPS3a
0,0.4378809,Negative,,,,,,0.25736818,Φωτορύπανση: Οι συνέπειες στους ζωντανούς οργανισμούς και το περιβάλλον https://t.co/0yOGdKzYv8
0,0.34026706,Negative,,,,,,0.21942475,Μπάιντεν και Λούλα δεσμεύθηκαν να προστατεύσουν τη δημοκρατία και να αντιμετωπίσουν την κλιματική αλλαγή https://t.co/qCmwI1huY6
0,0.08191135,Negative,,,,,,0.12490805,Κλιματική αλλαγή: Αυξάνονται αντί να μειώνονται τα πλαστικά μιας χρήσης https://t.co/WDvlgqNhmP
1,0.9607151,Positive,,,,,,0.0695433,"Βιομηχανία αναθέσεων, ψέματα και υπεκφυγές για τις ανανεώσιμες πηγές ενέργειας  Σε πλήρη σύγχυση ο δήμαρχος Κιλελέρ https://t.co/NCmNp6BcU6"
0,0.41487893,Negative,,,,,,0.21218506,Γ. Στουρνάρας: Η κλιματική αλλαγή ίσως η σημαντικότερη απειλή για τη βιωσιμότητα των κοινωνιών https://t.co/G4HsU5qhnA
1,0.6223407,Positive,,,,,,0.241223,Παρουσίαση της μελέτης του ΙΟΒΕ για την κλιματική αλλαγή και την ελληνική οικονομία στην ΤτΕ https://t.co/zMu7eB7tuB
0,0.19180398,Negative,,,,,,0.20509954,Αγροτικές Ειδήσεις: Σε κίνδυνο το σαφράν: Δεν αποδίδει η καλλιέργεια - Πίεση και από την κλιματική αλλαγή https://t.co/E9Zt82u8Kb
1,0.63564855,Positive,,,,,,0.23815303,Περιβάλλον: Τα εγκαταλελειμμένα αγροκτήματα χρειάζονται δεκαετίες για να ανακτήσουν τη βιοποικιλότητα https://t.co/zlvksBbFfl
1,0.5459192,Positive,,,,,,0.24169956,Δραματική έκκληση ΟΗΕ: Η κλιματική κρίση φέρνει βιβλικό καταποντισμό https://t.co/WWJn3gYUFh
1,0.673324,Positive,,,,,,0.25261348,ΕΕΣ: Κατώτερα των φιλοδοξιών τα επιτεύγματα της 'Παγκόσμιας Συμμαχίας για την κλιματική αλλαγή' https://t.co/IqbY67xX7S
0,0.25437394,Negative,,,,,,0.14299607,«Βιώσιμη ειρήνη» θα ζητήσει ο ΟΗΕ ενόψει της μαύρης επετείου της εισβολής στην Ουκρανία https://t.co/C875qQWkNR
0,0.36123306,Negative,,,,,,0.27098244,RT @Wyrlpx99hhKzSky: Το να πάρεις έναν καλό παίκτη να παίξει για τον σύλλογο είναι κάτι εφικτό. Το να βελτιωθεί σαν παίκτης στ περιβάλλον τ…
0,0.37689084,Negative,,,,,,0.26134402,HELMEPA: Κτύπησε το κουδούνι στη βιώσιμη ανάπτυξη στο Χρηματιστήριο Αθηνών (pic) https://t.co/PPvPhzg0CS
1,0.7508802,Positive,,,,,,0.23214231,B. Κικίλιας: Η νησιωτικότητα στρατηγικό πλεονέκτημα της Ελλάδας και στον βιώσιμο τουρισμό https://t.co/8LU9CGUvLZ
0,0.28787303,Negative,,,,,,0.16905572,Θοδωρής Σακελλαρίου (Unilever Food Solutions): Τα στοιχήματα στο HORECA και η στροφή στη βιώσιμη ανάπτυξη https://t.co/Vl9O8xRflk
0,0.081025064,Negative,,,,,,0.08186984,"RT @Marka2free: Κάθε βδομαδα έχουμε δυο σκάνδαλα στο περιβάλλον του Πρωθυπουργού.
Η μποχα δεν μας επιτρέπει να αναπνεύσουμε 
Ο υφυπουργός π…"
0,0.31926164,Negative,,,,,,0.33489782,"RT @LaFolia20: Είναι λάθος να ρίχνουμε το βάρος της συζήτησης στον αν και στο πόσο ευεργητική είναι η βιγκαν διατροφή για την υγεία, την ομ…"
1,0.5579118,Positive,,,,,,0.23883271,Κόκκαλης με Σύλλογο Ποντίων Λάρισας: Εδώ και τώρα δίκαιη και βιώσιμη λύση για τα δάνεια των παλινοστούντων ομογενών https://t.co/dikjWooC0q
1,0.74231833,Positive,,,,,,0.24196586,ΥΠΕΝ: Ο θαλάσσιος χωροταξικός σχεδιασμός διασφαλίζει την ειρήνη και προστατεύει το περιβάλλον https://t.co/Z5vBfsFanl
1,0.92821807,Positive,,,,,,0.11036745,PepsiCo Hellas: Ένας χρόνος Pep+ για ένα βιώσιμο μέλλον - Ο απολογισμός των δράσεων αειφόρου ανάπτυξης (vid) https://t.co/0xBFn59jGE
1,0.62512964,Positive,,,,,,0.27175266,Β. Κικίλιας: Η επιτυχία του τουρισμού συμβάλλει στη βιώσιμη ανάπτυξη και στη κοινωνική συνοχή https://t.co/0nxFeQQToN
1,0.74805593,Positive,,,,,,0.25733405,Κλιματική κρίση: Ποια φαινόμενα απειλούν την Ελλάδα - Ποιες περιοχές κινδυνεύουν https://t.co/5Ku0RvP2oN
1,0.6166269,Positive,,,,,,0.23788598,Κικίλιας: Η επιτυχία του τουρισμού συμβάλλει στη βιώσιμη ανάπτυξη και στη κοινωνική συνοχή https://t.co/Rei1YPagCA
0,0.13257311,Negative,,,,,,0.16756772,Ζαχαράκη: Ο βιώσιμος τουρισμός και ο τοπικός χαρακτήρας στο επίκεντρο της ανάπτυξης https://t.co/MzimXi70Mk
1,0.7921292,Positive,,,,,,0.17831339,Αγροτικές Ειδήσεις: Η γεωργία και πώς συμβάλλει στην κλιματική αλλαγή https://t.co/syKbz2RhgH
0,0.103697106,Negative,,,,,,0.09748374,Greenpeace: Οι συνέπειες της ρωσικής εισβολής και του πολέμου στο φυσικό περιβάλλον https://t.co/kHknAYVMnq
1,0.8480094,Positive,,,,,,0.202253,Συνέδριο Energy Efficiency in Buildings Conference 2023: «Έξυπνα» κτίρια για καλύτερο περιβάλλον και εξοικονόμηση ενέργειας https://t.co/yo3ZgYswsh
1,0.6339861,Positive,,,,,,0.19604887,Κλιματική αλλαγή: Ποιες χώρες είναι οι πιο ευάλωτες https://t.co/SNZIRPQidz
0,0.49226436,Negative,,,,,,0.31343588,Καραμανλής: Η μετάβαση στις πράσινες μεταφορές προϋποθέτει επενδύσεις και ισχυρό νομοθετικό ρυθμιστικό περιβάλλον https://t.co/kg55vic2mw
1,0.6585659,Positive,,,,,,0.32142276,"Άδ. Γεωργιάδης: Όσο αυξάνεται στο ενεργειακό μείγμα η πράσινη ενέργεια, η βιομηχανία μας θα γίνεται πιο ανταγωνιστική https://t.co/nmRpRHj2dm"
0,0.21719284,Negative,,,,,,0.19426821,"RT @nikos_sverkos: Την μια φταίει η κακιά η στιγμή. Την άλλη ένας άνθρωπος. Και την τρίτη, απλά η κλιματική αλλαγή.
Ποτέ κάποιος από την κυ…"
1,0.7720301,Positive,,,,,,0.27958506,"Γεωργιάδης: Όλο και πιο ανταγωνιστική η βιομηχανία μας, όσο αυξάνεται η πράσινη ενέργεια στο ενεργειακό μίγμα https://t.co/aJWr83fH7C"
1,0.55173284,Positive,,,,,,0.26264638,"RT @sleepygeor: Ζούμε στη χώρα που αν αποκλειστείς από το χιόνι ή καείς σε μία δασική φωτιά φταίει η κλιματική αλλαγή, που αν δεν είχες που…"
1,0.76146716,Positive,,,,,,0.19034678,Eπίτροπος της ΕΕ για το Περιβάλλον: «Ιστορική στιγμή» η συμφωνία για την προστασία των ωκεανών https://t.co/VyHbvjspJc
1,0.8313222,Positive,,,,,,0.18194795,Αγροτικές Ειδήσεις: ΕΑΣΗ: Κινητοποιούνται κατά του Fund για να βρεθεί βιώσιμη λύση για την περιουσία της https://t.co/svOzaJkFCK
0,0.34795165,Negative,,,,,,0.21648018,Κλιματική κρίση: Βροχοπτώσεις τέλος - Αντιμέτωπη με τη λειψυδρία φέτος η Ευρώπη https://t.co/ceeGrUiDfx
0,0.17711353,Negative,,,,,,0.17561369,OHE: Γιατί η κλιματική αλλαγή αποτελεί τη μεγαλύτερη απειλή για την ανθρωπότητα (πίνακας) https://t.co/S5rXOmTFWt
0,0.17519166,Negative,,,,,,0.1473228,"""Περιβάλλον"" Κ. Καραμανλή: Οι απόψεις Ρουσόπουλου είναι προσωπικές https://t.co/rFdjPkWff2"
0,0.15202601,Negative,,,,,,0.15848412,"Οι γαλάζιες ""φωτιές"" για την υποψηφιότητα του Κ. Αχ Καραμανλή και το ""περιβάλλον"" του πρώην πρωθυπουργού https://t.co/IMZmRaj4lG"
0,0.09359731,Negative,,,,,,0.105329596,#radioarvyla συνεχίστε να είστε οι φωνή μας και ξευτιλιστε τους ξεφτιλισμένους που κυβερνούν τον τόπο και που μέχρι τωρα ζούσαν σε ασφαλές περιβάλλον παρα τα αίσχη τους μέσω των πετσοταισμενων δημοσιογράφων!!!👍
0,0.3608424,Negative,,,,,,0.27319798,Meliá Hotels International: Ο πιο βιώσιμος ξενοδοχειακός όμιλος παγκοσμίως για το 2022 από την S&amp;P Global (pics) https://t.co/vzs2nrt8Ud
0,0.27288154,Negative,,,,,,0.28751808,Αγροτικές Ειδήσεις: ΚΑΠ: Ο κομβικός ρόλος της ευρωπαϊκής αγροτικής πολιτικής για ένα βιώσιμο σύστημα τροφίμων https://t.co/azF3bX2gY2
0,0.23725747,Negative,,,,,,0.16638948,Ελληνικός Χρυσός: Ανάπτυξη με σεβασμό στο περιβάλλον https://t.co/xohDuyZQRE
0,0.22001095,Negative,,,,,,0.16503885,Ελληνικός Χρυσός: Ανάπτυξη με σεβασμό στο περιβάλλον https://t.co/VN9wiZ3nWZ
0,0.37875792,Negative,,,,,,0.25392297,Αυτή η χώρα κάνει στροφή στην πράσινη ενέργεια - Πόσα θα δώσει για τη μείωση στις εκπομπές άνθρακα https://t.co/kLWm77lUME
1,0.71932304,Positive,,,,,,0.23665188,"RT @tetRadio: Πριονοκορδέλα από την Καθημερινή για το Ν/Σ για το περιβάλλον! Ζητάει «οριστική απόσυρση», η κυβέρνηση το ανέβαλε για μία εβδ…"
0,0.122908525,Negative,,,,,,0.13927326,"RT @stratakisi: Πρωθυπουργική εμφάνιση #Τσίπρα στο ΜΕΓΚΑ! 
Ρωτήθηκε για όλα και απάντησε σε ολα, σε ενα μη φιλικο περιβάλλον. Ας τολμήσει τ…"
1,0.6585357,Positive,,,,,,0.19459252,"RT @temiszafiriou: #Τσιπρας στο #Mega:
Φάπες μαλακές έριξε. Με το γάντι. Ως φαίνεται, οι ολιγάρχες δεν τραβούν το χαλί απ τον #Μητσοτάκη (μ…"
1,0.9526585,Positive,,,,,,0.073244944,"RT @IosifKapa: Ο Πρετεντέρης δεν τον αφήνει να αρθρώσει 5 συνεχόμενες λέξεις χωρίς διακοπή για νέα ερώτηση, αλλά ο #Τσιπρας δεν μασάει και…"
0,0.091699496,Negative,,,,,,0.1190827,Το σκληρό καταναλωτικό περιβάλλον έφερε μειωμένες πωλήσεις για την Deliveroo το 2022 https://t.co/ynuAG5CynC
1,0.941042,Positive,,,,,,0.096016884,Κομισιόν: Πράσινη ενέργεια made in the EU - Αυτές είναι οι προτάσεις https://t.co/V1oQZEoZMQ
1,0.9299128,Positive,,,,,,0.1704201,"RT @mgrigorakis: Ο νέος αρχηγός της ΕΛΑΣ είναι λέει κάτοχος πτυχίου ανοικτού πανεπιστημίου του δήμου Θεσσαλονίκης σε διοίκηση, οικονομία, ι…"
0,0.3816997,Negative,,,,,,0.19725193,Γερμανία: Πόσα δισ. ευρώ μπορεί να της κοστίσει η κλιματική αλλαγή https://t.co/OqDsOmAYdz
0,0.117375754,Negative,,,,,,0.14522682,"RT @michaelstath: Παρακολουθούμε έναν επικίνδυνο  άνθρωπο, προστατευμένο σε ένα αποστειρωμένο περιβάλλον, που έχει ξεχάσει ότι είναι Πρωθυπ…"
1,0.84129447,Positive,,,,,,0.20844,Goldman Sachs: Πόσα τρισ. δολ. θα κοστίσει η νομοθεσία για πράσινη ενέργεια στον Μπάιντεν https://t.co/NTQapzZBZP
0,0.33313665,Negative,,,,,,0.23266368,Σε νέο ψηφιακό περιβάλλον η φορολογία με τη διασύνδεση ταμειακών μηχανών και POS - Πώς θα λειτουργήσει https://t.co/aAtjcDHNVo
1,0.8984141,Positive,,,,,,0.13896741,Έρευνα ΕΥ: Διάσταση απόψεων μεταξύ επιχειρήσεων και επενδυτών ως προς τις πρωτοβουλίες για βιώσιμη ανάπτυξη #capitalgr https://t.co/DAJCR9qnCC
0,0.31301004,Negative,,,,,,0.21668546,Σε νέο ψηφιακό περιβάλλον η φορολογία με την διασύνδεση ταμειακών μηχανών και POS - Πώς θα λειτουργήσει #capitalgr https://t.co/YS7vKFzzKa
1,0.60894555,Positive,,,,,,0.1916085,Lamda Development: Έμφαση στην κυκλική οικονομία και σε έργα υποδομής για βιώσιμη ανάπτυξη https://t.co/fWOiEdHlVt
1,0.89110804,Positive,,,,,,0.21801005,ΕΕ: 11 χώρες ασκούν πίεση για να μην περιληφθεί η πυρηνική ενέργεια στους στόχους για τις ανανεώσιμες πηγές ενέργειας #capitalgr https://t.co/53wllE5wTP
0,0.15822437,Negative,,,,,,0.1484116,Η υποστήριξη των πολιτών στις πολιτικές για την κλιματική αλλαγή είναι απαραίτητη για την πράσινη μετάβαση #capitalgr https://t.co/6QDMaRXyOj
1,0.51943487,Positive,,,,,,0.20882842,Ελληνικό: Έμφαση στην κυκλική οικονομία και σε έργα υποδομής για βιώσιμη ανάπτυξη από την Lamda Development #capitalgr https://t.co/dDxDdvOg2M
1,0.9046681,Positive,,,,,,0.11663156,"Συμφωνία στην EE: Από ανανεώσιμες πηγές το 42,5% της ενέργειας μέχρι το 2030 (tweets) (upd) https://t.co/7DA00RqX3p"
1,0.918342,Positive,,,,,,0.1344838,ΕΕ: Συμφωνία για την επίτευξη πιο φιλόδοξων στόχων για τις ανανεώσιμες πηγές ενέργειας μέχρι το 2030 #capitalgr https://t.co/RCdBIQtcJa
1,0.92035,Positive,,,,,,0.11275404,Συμφωνία στην ΕΕ: Διπλασιάζεται ο στόχος για κατανάλωση ενέργειας από ανανεώσιμες πηγές έως το 20230 (tweets) https://t.co/6CYGSx5xJ9
0,0.36474538,Negative,,,,,,0.28978845,Φον ντερ Λάιεν: Μη βιώσιμη η αποσύνδεση της ΕΕ από την Κίνα - Πρέπει να υπάρξει όμως μείωση ρίσκου #capitalgr https://t.co/31oTV7J9wX
1,0.69843173,Positive,,,,,,0.27695346,Η κλιματική αλλαγή το μεγαλύτερο πρόβλημα του πλανήτη για τα επόμενα 20 χρόνια https://t.co/9rbnB6sUbV
1,0.61522067,Positive,,,,,,0.2513438,EY: Οι προσδοκίες των καταναλωτών και η κερδοφορία των επιχειρήσεων κινητήριες δυνάμεις για τη βιώσιμη ανάπτυξη #capitalgr https://t.co/JX8ULnunzk
1,0.6828799,Positive,,,,,,0.25233996,Πετρέλαιο: Τι σημαίνει η κίνηση-σοκ του OPEC+ για τη μετάβαση στην πράσινη ενέργεια https://t.co/EJbUWC1fb1
0,0.23352261,Negative,,,,,,0.19661415,RT @atsipras: Στο εξής η εξωδικαστική ρύθμιση γίνεται υποχρεωτική. Κανένα fund δε θα μπορεί να κάνει bypass την υποχρέωση να προτείνει βιώσ…
0,0.24281277,Negative,,,,,,0.23103727,RT @atsipras: Στο εξής η εξωδικαστική ρύθμιση γίνεται υποχρεωτική. Κανένα fund δε θα μπορεί να κάνει bypass την υποχρέωση να προτείνει βιώσ…
0,0.19279453,Negative,,,,,,0.19708079,RT @atsipras: Στο εξής η εξωδικαστική ρύθμιση γίνεται υποχρεωτική. Κανένα fund δε θα μπορεί να κάνει bypass την υποχρέωση να προτείνει βιώσ…
0,0.109700575,Negative,,,,,,0.12551309,@kalabrytinos Η κλιματική αλλαγή φταίει.  Λιωσαν τα παγόβουνα.
1,0.8246245,Positive,,,,,,0.18296318,Ανανεώσιμες πηγές ενέργειας: Ποιες περιοχές θα ευνοηθούν με μείωση στους λογαριασμούς για τους καταναλωτές | Ειδήσεις για την Οικονομία | newmoney https://t.co/T9L4LMbqcA
0,0.36793482,Negative,,,,,,0.2844555,ΕΤΕ: Ώθηση στις εξαγωγές από το παραδοσιακό ελαιόλαδο και «πράσινη» τεχνολογία (γράφημα) | Ειδήσεις για την Οικονομία | newmoney https://t.co/xQxv7QMFv2
1,0.8987547,Positive,,,,,,0.11245814,RT @AretiAthanasiu: Ολιγωρία των Αρχών σε υπόθεση σεξουαλικής κακοποίησης 10χρονης από τον ίδιο της τον πατέρα που έχει άμεση σχέση με το π…
1,0.50451356,Positive,,,,,,0.22989179,Κλιματική αλλαγή: Κινδυνεύουν (και) οι πολικές αρκούδες | Ειδήσεις για την Οικονομία | newmoney https://t.co/nNCFWxtTLL
0,0.40577373,Negative,,,,,,0.2729978,''The New Daily Mail'': Φον ντερ Λάιεν: Δεν είναι βιώσιμη η αποσύνδεση από... https://t.co/vJP6PV0BeM
0,0.39306262,Negative,,,,,,0.25349787,Γερμανία: Ετοιμάζει ταμείο €2 δισ. με σκοπό να εξασφαλίσει πρώτες ύλες για την πράσινη μετάβαση | Ειδήσεις για την Οικονομία | newmoney https://t.co/KshIfvkT1E
0,0.3254454,Negative,,,,,,0.3016835,"RT @yanisvaroufakis: Νάτα μας: EXXON, HALLIBURTON &amp; CHEVRON, οι εταιρείες που ακολούθησαν τον στρατό των ΗΠΑ στο Ιράκ, τώρα μπαίνουν γερά σ…"
1,0.68605185,Positive,,,,,,0.2281364,Κλιματική αλλαγή: «Red alert» για την υπερθέρμανση των ωκεανών και το λιώσιμο των πάγων (pics) | Ειδήσεις για την Οικονομία | newmoney https://t.co/tD7475Tk7h
0,0.40876248,Negative,,,,,,0.26719195,Κομισιόν: Μείωση χρέους και ελλειμμάτων και επενδύσεις στην πράσινη και ψηφιακή μετάβαση | Ειδήσεις για την Οικονομία | newmoney https://t.co/TyR36jCoH5
0,0.31363183,Negative,,,,,,0.2607152,RT @atsipras: Ζητάω ισχυρή λαϊκή εντολή με νίκη του ΣΥΡΙΖΑ για να σχηματίσουμε προοδευτική κυβέρνηση συνεργασίας την επόμενη των εκλογών. Τ…
0,0.08810125,Negative,,,,,,0.13436581,"Ξαναζούμε εκλογική αναμέτρηση με ατζέντα του 2000. Τι ακούμε: Μνημόνια, πλειστηριασμούς, επιστροφή σε δρχ, μεταναστευτικό. Τι δεν ακούμε: κλιματική αλλαγή, sustainable tourism, ανάπτυξη γεωργίας με νέες τεχνολογίες, AI, Machine Learning. Κοινώς θα μας πάρει και θα μας σηκώσει."
1,0.8634576,Positive,,,,,,0.12392041,'Sell in May and go away' ή… buy; Τι βλέπουν οι αναλυτές για τις αγορές και πόσο βιώσιμο είναι το πρόσφατο ράλι #capitalgr https://t.co/ALkgQmNKPB
0,0.25337026,Negative,,,,,,0.26750967,"και καλύτερα όπλα και μετά προσπαθούμε να το κάνουμε να μοιάζει ότι προωθούμε την ειρήνη.

Δεν ακυρώνουμε εξορύξεις επειδή θέλουμε περισσότερη πράσινη ενέργεια ή για άλλα πράσινα άλογα. Κάνουμε εξορύξεις και μετά στρέφουμε τις κάμερες στο πόσο πράσινο είναι το Ελληνικό πχ. -&gt;"
1,0.85141444,Positive,,,,,,0.20998707,RT @GreekAnalyst: Δεν υπάρχει τίποτα πιο ταξικό από όσους επιλέγουν για εκείνους ή τα παιδιά τους τον δρόμο (1) κορυφαίων ιδιωτικών πανεπισ…
0,0.059590913,Negative,,,,,,0.0895552,Η κλιματική αλλαγή πήγε Ισπανία: Μετά την ξηρασία και τον καύσωνα… χιόνισε | Ειδήσεις για την Οικονομία | newmoney https://t.co/wPImHtiwXZ
1,0.8369572,Positive,,,,,,0.22611935,"@hellaspecial @dimitrisnatsis @Stoikos0 Γτ άμα θέλουμε να γίνουμε ανταγωνιστικοί με όρους Ασίας κ Αφρικής,δλδ μισθοί χωρίς μέλλον κ να μην καλύπτουν το μήνα,ναι είν' ανταγωνιστικός σαν κράτος αλλά δεν θα μείνει κανείς στην χώρα. Γιατί κράτος στο οποίο το ενοίκιο αναλογεί με το 50+% του μισθού δν είν' βιώσιμο"
0,0.19706002,Negative,,,,,,0.2044076,H KPMG στηρίζει το περιβάλλον: φυτεύει 2.000 δέντρα με τη βοήθεια της WE4ALL | Ειδήσεις για την Οικονομία | newmoney https://t.co/Op4wm0NS6T
1,0.7703173,Positive,,,,,,0.2075896,"RT @KostasVaxevanis: Φαντάζεστε τι σημαίνει σε εικόνα και ήχο το να πραγματοποιηθεί αυτό που ζητάμε εδώ και καιρό, να δεχθεί ο #Μητσοτακης…"
1,0.91816145,Positive,,,,,,0.17413461,Κλιματική κρίση: Κατά πόσο η ξηρασία θα μετατρέψει το ελαιόλαδο σε είδος πολυτελείας | Ειδήσεις για την Οικονομία | newmoney https://t.co/e6QUOjfKq6
0,0.24973206,Negative,,,,,,0.27861243,"Δέκα χρόνια αργότερα, η πλατφόρμα έχει εδραιώσει τη φήμη ενός παγκοσμίου φήμης ερευνητικού κόμβου κορυφαίας έρευνας αιχμής που επικεντρώνεται στη διατήρηση και τη βιώσιμη χρήση της αγροβιοποικιλότητας της ξηράς, συμπεριλαμβανομένης…https://t.co/6uJXrXsyrJ https://t.co/b3sLlR22JR"
1,0.7722425,Positive,,,,,,0.2656253,"Η κλιματική αλλαγή, ο αυξανόμενος πληθυσμός, τα έντονα καιρικά φαινόμενα και οι συγκρούσεις μπορούν να επηρεάσουν σημαντικά τη γεωργική παραγωγικότητα, αποσταθεροποιώντας τις αγορές.
#climatechange  #foodandbeverageindustry #foodcrisis https://t.co/CskdDdskN1"
0,0.29181182,Negative,,,,,,0.3222097,"Με την κλιματική κρίση να δείχνει ήδη τα «δόντια» της στη Μεσόγειο, με χαρακτηριστικότερο παράδειγμα την Ισπανία, η οποία ταλαιπωρείται από μια άνευ προηγουμένου ξηρασία, η ευρωπαϊκή παραγωγή ελαιολάδου κινδυνεύει να «γκρεμιστεί».…https://t.co/P2epL3Y0hi https://t.co/fPKRz2au46"
0,0.24772629,Negative,,,,,,0.25924587,"Έτσι θα παράγεται το φαγητό του μέλλοντος
Το κόστος των τροφίμων τα επόμενα 20 χρόνια θα συνεχίσει να αυξάνει, ενώ η κλιματική αλλαγή αλλά και ο υπερπληθυσμός θα έχει ως αποτέλεσμα να υπάρχει ολοένα και λιγότερη διαθεσιμότητα τροφί…https://t.co/2pnFVmCsIC https://t.co/fS8EaFsvWN"
1,0.78985,Positive,,,,,,0.25054264,Για τις αειφόρες γεωργικές πρακτικές που χρησιμοποιούνται στην καλλιέργεια των ελαιόδεντρων στην εκδήλωση που διοργάνωσε η Σχολή Δημόσιας Υγείας του #Yale (School of Public Health) με θέμα «Ελαιόλαδο – Περιβάλλον – Μεσογειακή Διατρ…https://t.co/Q1bOpRZbqe https://t.co/EF8CBeMaAP
0,0.072592385,Negative,,,,,,0.12596214,"Η υπεραλίευση όχι μόνο αποτελεί μία από τις μεγαλύτερες απειλές για το θαλάσσιο περιβάλλον, αλλά βλάπτει και τους βιοτικούς πόρους των παράκτιων κοινοτήτων της ΕΕ.
#fisheries #europe https://t.co/6loOhMs7P2"
1,0.63213015,Positive,,,,,,0.29184726,"https://t.co/yOMb2wLADX - 7ος Εθνικός Διαγωνισμός με θέμα: ""Περιβάλλον. Μετανάστευση. Πανδημία. 25 Χρόνια λειτουργίας της Πνευμονολογικής κλινικής του Πανεπιστημίου Θεσσαλίας"" https://t.co/ANcSYjRDqT"
1,0.94924265,Positive,,,,,,0.09847109,"Παγκόσμια Ημέρα Περιβάλλοντος 2023: Με πυξίδα τη βιώσιμη ανάπτυξη η ΔΕΗ επενδύει σε ένα πράσινο, καλύτερο μέλλον (pics) | Ειδήσεις για την Οικονομία | newmoney https://t.co/KeB2EqubFS"
1,0.89147997,Positive,,,,,,0.13860069,Διαγωνισμός για νέους επιχειρηματίες: Πόσο βιώσιμη είναι η επιχειρηματική ιδέα σου | Ειδήσεις για την Οικονομία | newmoney https://t.co/PFitRSPqxj
0,0.1562478,Negative,,,,,,0.17197755,"RT @atsipras: Βήμα 1ο: Ανασυγκροτούμε το παραγωγικό και αναπτυξιακό μοντέλο. Για μια δίκαιη, βιώσιμη και πράσινη ανάπτυξη. Για μια οικονομί…"
1,0.56283206,Positive,,,,,,0.28310984,Σεμίραμις Παληού από το Όσλο: Από τις ηγέτιδες εταιρείες διεθνώς στον δρόμο για την πράσινη μετάβαση η Diana Shipping | Ειδήσεις για την Οικονομία | newmoney https://t.co/ZIIsvPaJnG
0,0.30945286,Negative,,,,,,0.31363988,"Η πρόταση κανονισμού για τη βιώσιμη χρήση φυτοπροστατευτικών προϊόντων- ένα από τα θέματα που προκαλούν μεγάλη ανησυχία στους παραγωγούς πυρηνόκαρπων της ΕΕ
#appletree #apples #fruitsandvegetables #fruit https://t.co/sBaJrKqCTS"
1,0.923173,Positive,,,,,,0.13836084,"Συνεχίζουμε τη μεγάλη προσπάθεια για καλύτερο περιβάλλον με στόχο την παραγωγή και κατανάλωση ηλεκτρικής ενέργειας κατά 80% από ΑΠΕ.

- Η ανανεώσιμη παραγωγή κορυφώθηκε στις 6/5, όταν στη 1 το μεσημέρι άγγιξε τις 6.055 MWh.
2/4"
1,0.90437555,Positive,,,,,,0.19319047,"Πράσινη η μισή ηλεκτρική ενέργεια! Τον Μάιο το 54% της ηλεκτρικής ενέργειας που καταναλώσαμε προήλθε από ήλιο, αέρα και νερό. Η Ελλάδα είναι πλέον η 7η χώρα στον κόσμο στην αξιοποίηση Ανανεώσιμων Πηγών Ενέργειας στο ενεργειακό της μίγμα. 1/4 https://t.co/UVwRjcU8ZJ"
0,0.048414394,Negative,,,,,,0.086331606,Επτά παιδιά θετικά στον στρεπτόκοκκο Α -Τα 3 από το περιβάλλον του 7χρονου που έχασε τη ζωή του #capitalgr https://t.co/pasp6hEMS8
1,0.65823954,Positive,,,,,,0.19979064,ΑΒ Βασιλόπουλος: Eπιβραβεύεται για την καινοτομία της και τον σεβασμό προς το περιβάλλον | Ειδήσεις για την Οικονομία | newmoney https://t.co/cE1NDbeH7Y
1,0.8043523,Positive,,,,,,0.21102263,Lidl Ελλάς: Επενδύει στην πράσινη ενέργεια | Ειδήσεις για την Οικονομία | newmoney https://t.co/X5AYT094J3
1,0.50980186,Positive,,,,,,0.23892255,ΕΕ για το κλίμα: Σε κίνδυνο η Πράσινη Συμφωνία λόγω «πολιτιστικών πολέμων» | Ειδήσεις για την Οικονομία | newmoney https://t.co/PUlBIkPaPS
0,0.44226155,Negative,,,,,,0.21224922,Στο Παρίσι ξεκινά η προσπάθεια για ένα νέο Μπρέτον Γουντς – Φτώχεια και κλιματική αλλαγή στο επίκεντρο | Ειδήσεις για την Οικονομία | newmoney https://t.co/HBOAtCx7xq
1,0.9311215,Positive,,,,,,0.116355516,Έρευνα ΣΕΒ: Το 53% των επιχειρήσεων δεν είναι επαρκώς ενημερωμένες για την Κυκλική Οικονομία | Ειδήσεις για την Οικονομία | newmoney https://t.co/I1X54p7EHQ
1,0.67567927,Positive,,,,,,0.21634984,Μακρόν: Ζητά «χρηματοδοτικό σοκ» για φτώχεια και κλιματική αλλαγή | Ειδήσεις για την Οικονομία | newmoney https://t.co/KMiV5UZYWo
