text,text_processed,topic
Στο μεταβαλλόμενο περιβάλλον της σύγχρονης εποχής η υιοθέτηση πρακτικών διαχείρισης κινδύνων αποτελεί μονόδρομο για τη βιώσιμη ανάπτυξη https://t.co/zjHX84K7mb https://t.co/63TgIKd5A9,στο μεταβαλλομενο περιβαλλον τησ συγχρονησ εποχησ η υιοθετηση πρακτικων διαχειρισησ κινδυνων αποτελει μονοδρομο για τη βιωσιμη αναπτυξη,0
Καραμανλής: Πράσινο το σύνολο των έργων υποδομών - Φιλικά προς το περιβάλλον τα 1.300 νέα λεωφορεία που έρχονται https://t.co/WJgrYzSZw0,καραμανλησ πρασινο το συνολο των εργων υποδομων φιλικα προσ το περιβαλλον τα νεα λεωφορεια που ερχονται,0
"Τέσσερις αντιπροτάσεις #Ερσίν_Τατάρ στα ΜΟΕ #Αναστασιάδη: Υδρογονάνθρακες, υδάτινοι πόροι, ηλεκτρική και πράσινη ενέργεια https://t.co/2ldqyyVBaK via @politis_news #Κύπρος #Κυπριακό",τεσσερισ αντιπροτασεισ ερσιν_ταταρ στα μοε αναστασιαδη υδρογονανθρακεσ υδατινοι ποροι ηλεκτρικη και πρασινη ενεργεια via politis_news κυπροσ κυπριακο,0
RT @OlympiaAnast: Άρθρο μου στο ετήσιο έντυπο Thought Leaders 2022 του @gtpgr  σχετικά με τον βιώσιμο τουρισμό.👉Amid an unprecedented inter…,rt olympiaanast αρθρο μου στο ετησιο εντυπο thought leaders του gtpgr σχετικα με τον βιωσιμο τουρισμοamid an unprecedented inter,0
"Χανιά: Ο ενεργειακός μετασχηματισμός, στο επίκεντρο του 6ου Παγκρήτιου Ενεργειακού Συνεδρίου

https://t.co/xUkmas00nK https://t.co/GXxe5e4Qty",χανια ο ενεργειακοσ μετασχηματισμοσ στο επικεντρο του ου παγκρητιου ενεργειακου συνεδριου,0
"Καθώς η #αναζήτηση για λιγότερο βλαβερές για το #περιβάλλον αερομεταφορές συνεχίζεται, μια ισπανική αεροπορική #εταιρεία ανέλαβε την τεράστια #πρόκληση να παραγγείλει νέα υβριδικά #αερόπλοια.
#Διεθνη 

https://t.co/J9U6PcNdD4",καθωσ η αναζητηση για λιγοτερο βλαβερεσ για το περιβαλλον αερομεταφορεσ συνεχιζεται μια ισπανικη αεροπορικη εταιρεια ανελαβε την τεραστια προκληση να παραγγειλει νεα υβριδικα αεροπλοια διεθνη,0
"Βασίλης Κικίλιας: 
«Νούμερο 1 προορισμός η Ελλάδα για τους ταξιδιώτες από Γαλλία και Ιταλία» 

Ο υπουργός Τουρισμού επισήμανε, ότι παρά το παγκόσμιο ασταθές περιβάλλον, τα αποτελέσματα που υπάρχουν στις αφίξεις τουριστών στη χώρα μας είναι εντυπωσιακά

https://t.co/arzQCKG3DZ https://t.co/kGhr1hCAgb",βασιλησ κικιλιασ νουμερο προορισμοσ η ελλαδα για τουσ ταξιδιωτεσ απο γαλλια και ιταλια ο υπουργοσ τουρισμου επισημανε οτι παρα το παγκοσμιο ασταθεσ περιβαλλον τα αποτελεσματα που υπαρχουν στισ αφιξεισ τουριστων στη χωρα μασ ειναι εντυπωσιακα,0
"«Η Ελλάδα είναι φέτος ο νούμερο 1 προορισμός για τους ταξιδιώτες από Γαλλία και Ιταλία» ανέφερε ο υπουργός Τουρισμού Βασίλης Κικίλιας μιλώντας στον τηλεοπτικό σταθμό Open, επισημαίνοντας ότι -παρά το παγκόσμιο ασταθές περιβάλλον- τα εντυπωσιακά

https://t.co/ttKZ0oG5DQ",η ελλαδα ειναι φετοσ ο νουμερο προορισμοσ για τουσ ταξιδιωτεσ απο γαλλια και ιταλια ανεφερε ο υπουργοσ τουρισμου βασιλησ κικιλιασ μιλωντασ στον τηλεοπτικο σταθμο open επισημαινοντασ οτι παρα το παγκοσμιο ασταθεσ περιβαλλον τα εντυπωσιακα,0
"Τα Ηνωμένα Έθνη έχουν ορίσει την βιώσιμη ανάπτυξη στην έκθεση Brundtland, ως «μια ανάπτυξη που ικανοποιεί τις ανάγκες του παρόντος χωρίς να διακυβεύει την ικανότητα των μελλοντικών γενεών να ικανοποιήσουν τις δικές τους ανάγκες».

https://t.co/vDOUmApXg3",τα ηνωμενα εθνη εχουν ορισει την βιωσιμη αναπτυξη στην εκθεση brundtland ωσ μια αναπτυξη που ικανοποιει τισ αναγκεσ του παροντοσ χωρισ να διακυβευει την ικανοτητα των μελλοντικων γενεων να ικανοποιησουν τισ δικεσ τουσ αναγκεσ,0
"να κάτι τέτοια αρθράκια συνοψίζουν μέσα σε πενήντα λέξεις όλη την παράνοια του παλιού καλού καπιταλισμού με αλατοπίπερο την ηθική του ύστερου, καταστρέφεις το περιβάλλον για ωφελιμιστικούς λόγους, τώρα, ακριβώς για τους ίδιους λόγους, θα το προστατεύσεις. https://t.co/CovkJyZrdl",να κατι τετοια αρθρακια συνοψιζουν μεσα σε πενηντα λεξεισ ολη την παρανοια του παλιου καλου καπιταλισμου με αλατοπιπερο την ηθικη του υστερου καταστρεφεισ το περιβαλλον για ωφελιμιστικουσ λογουσ τωρα ακριβωσ για τουσ ιδιουσ λογουσ θα το προστατευσεισ,0
[Κλικ και διαβάστε στο NewsBeast]Οι  #Ελληνίδες υφάντρες που υπερασπίζονται τη βιώσιμη μόδα μέσω αρχαίων τεχνικών https://t.co/2Pfr8pqKBx,κλικ και διαβαστε στο newsbeastοι ελληνιδεσ υφαντρεσ που υπερασπιζονται τη βιωσιμη μοδα μεσω αρχαιων τεχνικων,0
ΙΛΛΥΡΙΑ WEB TV | ΟΙΚΟΝΟΜΙΑ ΚΑΙ ΠΕΡΙΒΑΛΛΟΝ | ΕΙΡΗΝΗ ΚΑΝΕΛΛΟΥ https://t.co/yondm4gZCs,ιλλυρια web tv οικονομια και περιβαλλον ειρηνη κανελλου,0
"ΠΔΕ: Ημερίδα της UNESCO, για την Εκπαίδευση τον Πολιτισμό &amp; τη Βιώσιμη Ανάπτυξη https://t.co/wYM3ZPjSVg",πδε ημεριδα τησ unesco για την εκπαιδευση τον πολιτισμο amp τη βιωσιμη αναπτυξη,0
Το περιβάλλον ως ...επαγγελματική διέξοδος - Συνέντευξη του Ευθύμιου Προβίδα στην Πολιτεία https://t.co/buUxjvFWsl,το περιβαλλον ωσ επαγγελματικη διεξοδοσ συνεντευξη του ευθυμιου προβιδα στην πολιτεια,0
ΠΕΡΙΒΑΛΛΟΝ – Η ΜΟΛΥΝΣΗ ΤΩΝ ΥΔΑΤΩΝ https://t.co/xhaeyPwZl8,περιβαλλον η μολυνση των υδατων,0
Καρδία: Εγκαινιάστηκε το Πάρκο Φυτοποικιλότητας με τα χίλια σπάνια φυτά https://t.co/gefkdgY1Ba #ΔΗΜΟΤΙΚΑ #ΔΤ #ΚΑΡΔΙΑ #ΠΕΡΙΒΑΛΛΟΝ https://t.co/V0peLWJLG2,καρδια εγκαινιαστηκε το παρκο φυτοποικιλοτητασ με τα χιλια σπανια φυτα δημοτικα δτ καρδια περιβαλλον,0
Το περιβάλλον...ως επαγγελματική διέξοδος https://t.co/uIVQkabXCL,το περιβαλλονωσ επαγγελματικη διεξοδοσ,0
Η στάση της κυβέρνησης και των κομμάτων κατασκεύασαν ένα εχθρικό περιβάλλον για τους πολίτες https://t.co/qksiZyal58 https://t.co/NGmog0Z28Y,η σταση τησ κυβερνησησ και των κομματων κατασκευασαν ενα εχθρικο περιβαλλον για τουσ πολιτεσ,0
@NWOgohome @Epicrotus @kafros2016 Λάθος. Όλοι σε ένα ιδανικό περιβάλλον κάτι παραπάνωθα καταφέρναμε. Όσοι μένουμε είμαστε ήρωες και το πλήρωμα του χρόνου για το Έθνος.,nwogohome epicrotus kafros λαθοσ ολοι σε ενα ιδανικο περιβαλλον κατι παραπανωθα καταφερναμε οσοι μενουμε ειμαστε ηρωεσ και το πληρωμα του χρονου για το εθνοσ,0
Δράση για το Περιβάλλον από το Κ.Δ.Α.Π Δήμου Κιλελέρ - LarissaPress https://t.co/xuZ8O61Rqp,δραση για το περιβαλλον απο το κδαπ δημου κιλελερ larissapress,0
«Θα συνεχίσουμε σε επόμενες δράσεις για το περιβάλλον και την πανέμορφη περιοχή μας» https://t.co/fUHKnAnr97,θα συνεχισουμε σε επομενεσ δρασεισ για το περιβαλλον και την πανεμορφη περιοχη μασ,0
"Με στόχο να χρηματοδοτήσει επενδύσεις σε πράσινη ενέργεια, βιώσιμα κτήρια και συστήματα που δημιουργούν μια «έξυπνη» ενεργειακή πόλη στο Ελληνικό ξεκινάει αύριο Τετάρτη 6 Ιουλίου η δημόσια προσφορά για το επταετές «πράσινο» ομόλογο της Lamda Development

https://t.co/5xnBSVJ2a2 https://t.co/G2bhkE80bn",με στοχο να χρηματοδοτησει επενδυσεισ σε πρασινη ενεργεια βιωσιμα κτηρια και συστηματα που δημιουργουν μια εξυπνη ενεργειακη πολη στο ελληνικο ξεκιναει αυριο τεταρτη ιουλιου η δημοσια προσφορα για το επταετεσ πρασινο ομολογο τησ lamda development,0
"Μη βιώσιμο πλέον το all-inclusive για τον τουρισμό στην Τουρκία

https://t.co/eZYW1lL0M1

#Τουρκια  #allinclusive #τουρισμός #τουρίστες #ξενοδοχεία #οικονομία #πληθωρισμός #businessnews #biznews #biznewsgr",μη βιωσιμο πλεον το allinclusive για τον τουρισμο στην τουρκια τουρκια allinclusive τουρισμοσ τουριστεσ ξενοδοχεια οικονομια πληθωρισμοσ businessnews biznews biznewsgr,0
Attica Bank: Στόχος η λειτουργική κερδοφορία με περιβαλλοντικά βιώσιμη και κοινωνικά υπεύθυνη ανάπτυξη - https://t.co/td0fp9pdzb https://t.co/15YJpI9a2y,attica bank στοχοσ η λειτουργικη κερδοφορια με περιβαλλοντικα βιωσιμη και κοινωνικα υπευθυνη αναπτυξη,0
"Ο πιο αδικημένος ήταν ο βαλλαντης χάλασε η εικόνα του επαιτείας μιας αδυναμίας που χε και φυσικό είναι όταν συγκατοικείς μα άτομα σε τετιο περιβάλλον και το ειρωνικό αυτό που πε το πε κ η σταυρουλα 
 #survivorGR",ο πιο αδικημενοσ ηταν ο βαλλαντησ χαλασε η εικονα του επαιτειασ μιασ αδυναμιασ που χε και φυσικο ειναι οταν συγκατοικεισ μα ατομα σε τετιο περιβαλλον και το ειρωνικο αυτο που πε το πε κ η σταυρουλα survivorgr,0
[Κλικ και διαβάστε στο mononews]Τρίτη παραίτηση από το στενό περιβάλλον του  #Τζόνσον: Παραιτήθηκε ο  #Αντιπρόεδρος των Συντηρητικών Μπιμ Αφολά https://t.co/82ZrpcF898,κλικ και διαβαστε στο mononewsτριτη παραιτηση απο το στενο περιβαλλον του τζονσον παραιτηθηκε ο αντιπροεδροσ των συντηρητικων μπιμ αφολα,0
Attica Bank: Στόχος η λειτουργική κερδοφορία και η βιώσιμη ανάπτυξη https://t.co/4P0Fa7wwZG #businessnewsgr,attica bank στοχοσ η λειτουργικη κερδοφορια και η βιωσιμη αναπτυξη businessnewsgr,0
Οι πυροσβεστικές δυνάμεις περιόρισαν τη φωτιά στην περιοχή Ζωφράφου - https://t.co/tHGVwSMOl6 #Αθήνα #πυροσβεστική #φωτιά #Οικολογία-ΚλιματικήΑλλαγή #Περιβάλλον,οι πυροσβεστικεσ δυναμεισ περιορισαν τη φωτια στην περιοχη ζωφραφου αθηνα πυροσβεστικη φωτια οικολογιακλιματικηαλλαγη περιβαλλον,0
Η L’Oréal Hellas ενισχύει τις δεσμεύσεις της για βιώσιμη ανάπτυξη https://t.co/OEFTroJ26J,η loréal hellas ενισχυει τισ δεσμευσεισ τησ για βιωσιμη αναπτυξη,0
Κλιματική αλλαγή: Η KLM πρώτη αεροπορική εταιρεία που δέχεται μήνυση για greenwashing – Ειδήσεις – νέα – Το Βήμα Online https://t.co/bTTWcurHjP,κλιματικη αλλαγη η klm πρωτη αεροπορικη εταιρεια που δεχεται μηνυση για greenwashing ειδησεισ νεα το βημα online,0
"Με αφορμή την  ανάληψη των νέων καθηκόντων του ο εισαγγελέας του Αρείου Πάγου, Ισίδωρος Ντογιάκος, σε δήλωση του, αναφέρει  ότι «αναλαμβάνει την διεύθυνση της Εισαγγελίας του Αρείου Πάγου μέσα σε ένα δύσκολο, από κάθε πλευρά περιβάλλον»
https://t.co/UVZeDPKvdy",με αφορμη την αναληψη των νεων καθηκοντων του ο εισαγγελεασ του αρειου παγου ισιδωροσ ντογιακοσ σε δηλωση του αναφερει οτι αναλαμβανει την διευθυνση τησ εισαγγελιασ του αρειου παγου μεσα σε ενα δυσκολο απο καθε πλευρα περιβαλλον,0
"RT @LykavitosGr: Ισίδωρος Ντογιάκος: «Αναλαμβάνω μέσα σε ένα δύσκολο, από κάθε πλευρά, περιβάλλον»  #Ισίδωρος_Ντογιάκος #Άρειος_Πάγος #καθή…",rt lykavitosgr ισιδωροσ ντογιακοσ αναλαμβανω μεσα σε ενα δυσκολο απο καθε πλευρα περιβαλλον ισιδωροσ_ντογιακοσ αρειοσ_παγοσ καθη,0
"RT @LykavitosGr: Ισίδωρος Ντογιάκος: «Αναλαμβάνω μέσα σε ένα δύσκολο, από κάθε πλευρά, περιβάλλον»  #Ισίδωρος_Ντογιάκος #Άρειος_Πάγος #καθή…",rt lykavitosgr ισιδωροσ ντογιακοσ αναλαμβανω μεσα σε ενα δυσκολο απο καθε πλευρα περιβαλλον ισιδωροσ_ντογιακοσ αρειοσ_παγοσ καθη,0
"[Κλικ και διαβάστε στο iefimerida] #Ντογιάκος: Αναλαμβάνω σε ένα δύσκολο, από κάθε πλευρά, περιβάλλον -Ο θεσμός της  #Δικαιοσύνης είναι ακατάλυ https://t.co/JLDWYJGemS",κλικ και διαβαστε στο iefimerida ντογιακοσ αναλαμβανω σε ενα δυσκολο απο καθε πλευρα περιβαλλον ο θεσμοσ τησ δικαιοσυνησ ειναι ακαταλυ,0
"Με αφορμή την  ανάληψη των νέων καθηκόντων του ο εισαγγελέας του Αρείου Πάγου, Ισίδωρος Ντογιάκος, σε δήλωση του, αναφέρει  ότι «αναλαμβάνει την διεύθυνση της Εισαγγελίας του Αρείου Πάγου μέσα σε ένα δύσκολο, από κάθε πλευρά περιβάλλον» και προσθέτει 

https://t.co/HN0jlLcEl4",με αφορμη την αναληψη των νεων καθηκοντων του ο εισαγγελεασ του αρειου παγου ισιδωροσ ντογιακοσ σε δηλωση του αναφερει οτι αναλαμβανει την διευθυνση τησ εισαγγελιασ του αρειου παγου μεσα σε ενα δυσκολο απο καθε πλευρα περιβαλλον και προσθετει,0
"Άρειος Πάγος – Ντογιάκος: «Αναλαμβάνω μέσα σε ένα δύσκολο, από κάθε πλευρά, περιβάλλον» ... https://t.co/AToLz3uNY4",αρειοσ παγοσ ντογιακοσ αναλαμβανω μεσα σε ενα δυσκολο απο καθε πλευρα περιβαλλον,0
"Εισαγγελέας Α.Π. Ισίδωρος Ντογιάκος: Αναλαμβάνω μέσα σε ένα δύσκολο, από κάθε πλευρά περιβάλλον

https://t.co/X8wPusMJs9 https://t.co/j3eiqZDejK",εισαγγελεασ απ ισιδωροσ ντογιακοσ αναλαμβανω μεσα σε ενα δυσκολο απο καθε πλευρα περιβαλλον,0
"Σαχίνης (ΕΥΔΑΠ): Επενδύσεις 1,6 δισ. ευρώ σε έργα για το περιβάλλον και την κοινωνία https://t.co/xRF5oldqsC #businessnewsgr",σαχινησ ευδαπ επενδυσεισ δισ ευρω σε εργα για το περιβαλλον και την κοινωνια businessnewsgr,0
"Χάρης Σαχίνης (ΕΥΔΑΠ): Επενδύσεις 1,6 δισ. σε έργα για το περιβάλλον και την κοινωνία - mononews #mononewsGR https://t.co/ueEpYOSiyV",χαρησ σαχινησ ευδαπ επενδυσεισ δισ σε εργα για το περιβαλλον και την κοινωνια mononews mononewsgr,0
e-Newsletter ΕΒΕΠ: «Έντονη δραστηριότητα στον ενεργειακό και τουριστικό τομέα σε πληθωριστικό περιβάλλον» https://t.co/cxbu2BB87y,enewsletter εβεπ εντονη δραστηριοτητα στον ενεργειακο και τουριστικο τομεα σε πληθωριστικο περιβαλλον,0
"Χ. Σαχίνης: Επενδύσεις 1,6 δισ. από την ΕΥΔΑΠ σε έργα για το περιβάλλον και την κοινωνία https://t.co/amtWM703ik",χ σαχινησ επενδυσεισ δισ απο την ευδαπ σε εργα για το περιβαλλον και την κοινωνια,0
"Πως βλέπουν οι μεγάλοι επιχειρηματικοί όμιλοι τις αυτονόητες υποχρεώσεις τους για το περιβάλλον, την πολιτική διαφάνειας, την υπεύθυνη διακυβέρνηση; 

https://t.co/NxFUi0kBrw",πωσ βλεπουν οι μεγαλοι επιχειρηματικοι ομιλοι τισ αυτονοητεσ υποχρεωσεισ τουσ για το περιβαλλον την πολιτικη διαφανειασ την υπευθυνη διακυβερνηση,0
Με σεβασμό στο περιβάλλον η εκτός έδρας εμφάνιση του Αστέρα για τη νέα σεζόν https://t.co/9CcbBHchsi,με σεβασμο στο περιβαλλον η εκτοσ εδρασ εμφανιση του αστερα για τη νεα σεζον,0
RT @godelitsas: οριστε η λυση στην κλιματικη κριση ----&gt; a full-scale nuclear war would cool the planet https://t.co/nojDR8zFiJ,rt godelitsas οριστε η λυση στην κλιματικη κριση gt a fullscale nuclear war would cool the planet,0
"Δράσεις στην Τσαριτσάνη για το περιβάλλον,τον πολιτισμό και τον αθλητισμό - LarissaPress https://t.co/6bsW2yp1Iq",δρασεισ στην τσαριτσανη για το περιβαλλοντον πολιτισμο και τον αθλητισμο larissapress,0
Οι ασθενείς διεκδικούν ένα δίκαιο και πολιτικά βιώσιμο σύστημα υγείας - Τι δείχνει η μελέτη PHSSR - https://t.co/rOEMnTUH9r https://t.co/IQgDMJSGbS,οι ασθενεισ διεκδικουν ενα δικαιο και πολιτικα βιωσιμο συστημα υγειασ τι δειχνει η μελετη phssr,0
Η πύρινη λαίλαπα συνεχίζεται: Φωτιά στους Άγιους Θεοδώρους - https://t.co/P917Bt2ihY #κλιματικήαλλαγή #φωτιά #Οικολογία-ΚλιματικήΑλλαγή #Περιβάλλον,η πυρινη λαιλαπα συνεχιζεται φωτια στουσ αγιουσ θεοδωρουσ κλιματικηαλλαγη φωτια οικολογιακλιματικηαλλαγη περιβαλλον,0
"[Κλικ και διαβάστε στο NewsIt]Χάρης Σαχίνης της  #ΕΥΔΑΠ από το  #ECONOMIST: Επενδύσεις 1,6 δισ.ευρώ σε έργα για το περιβάλλον και την κοινωνία https://t.co/hPMtcoA0dv",κλικ και διαβαστε στο newsitχαρησ σαχινησ τησ ευδαπ απο το economist επενδυσεισ δισευρω σε εργα για το περιβαλλον και την κοινωνια,0
"Επενδύσεις 1,6 δισ. από την ΕΥΔΑΠ σε έργα για το περιβάλλον και την κοινωνία https://t.co/dbeM0LLerh",επενδυσεισ δισ απο την ευδαπ σε εργα για το περιβαλλον και την κοινωνια,0
"Το Dubrovnik Forum έχει άλλη μία ιδιαίτερα ενδιαφέρουσα διάσταση, την περιβαλλοντική διάσταση. Η προσπάθεια να προστατεύσουμε το περιβάλλον &amp; ιδιαίτερα τη Μεσόγειο. Τη θάλασσα που μας περιβάλλει όλους, τη θάλασσα που αποτελεί το ιδιαίτερο χαρακτηριστικό τηςhttps://t.co/5ahRbn2noK https://t.co/iwn7O0FmOW",το dubrovnik forum εχει αλλη μια ιδιαιτερα ενδιαφερουσα διασταση την περιβαλλοντικη διασταση η προσπαθεια να προστατευσουμε το περιβαλλον amp ιδιαιτερα τη μεσογειο τη θαλασσα που μασ περιβαλλει ολουσ τη θαλασσα που αποτελει το ιδιαιτερο χαρακτηριστικο τησ,0
"Η βιωσιμότητα αφορά τις μελλοντικές γενιές, γι’ αυτό καλό είναι να προβληματιστούμε πως τις ανατρέφουμε. Πρέπει να σταματήσουμε να τους λέμε ότι η κλιματική αλλαγή θα καταστρέψει τον κόσμο τους. 

https://t.co/ol75Ot5qMO",η βιωσιμοτητα αφορα τισ μελλοντικεσ γενιεσ γι αυτο καλο ειναι να προβληματιστουμε πωσ τισ ανατρεφουμε πρεπει να σταματησουμε να τουσ λεμε οτι η κλιματικη αλλαγη θα καταστρεψει τον κοσμο τουσ,0
"Διχάζει απόφαση του Ευρωκοινοβουλίου για ""πράσινη"" ετικέτα στην πυρηνική ενέργεια - LarissaPress https://t.co/hOxPeoWW32",διχαζει αποφαση του ευρωκοινοβουλιου για πρασινη ετικετα στην πυρηνικη ενεργεια larissapress,0
Σπάνιο «χρυσό τσακάλι» εμφανίστηκε στην λίμνη Κάρλα https://t.co/gLTCTMRGme,σπανιο χρυσο τσακαλι εμφανιστηκε στην λιμνη καρλα,0
"Μαρούσι: Σημαντική καταγγελία για παράνομη κοπή δέντρων και συγκάλυψη από τις αρχές
#Μαρουσι #περιβαλλον #οικολογια #δέντρα #πρασινο #καταγγελια #mynewsgr 

https://t.co/6DqqNL9aWv",μαρουσι σημαντικη καταγγελια για παρανομη κοπη δεντρων και συγκαλυψη απο τισ αρχεσ μαρουσι περιβαλλον οικολογια δεντρα πρασινο καταγγελια mynewsgr,0
[Κλικ και διαβάστε στο protagon]Κρούσμα κορονοϊού στο περιβάλλον της  #Προέδρου της Δημοκρατίας – ανεβλήθη η επίσκεψή της στη  #Βιέννη https://t.co/yeTKsFWp9c,κλικ και διαβαστε στο protagonκρουσμα κορονοϊου στο περιβαλλον τησ προεδρου τησ δημοκρατιασ ανεβληθη η επισκεψη τησ στη βιεννη,0
Τα απολογιστικά στοιχεία για τη φετινή σχολική χρονιά δημοσιοποίησε το Κέντρο Εκπαίδευσης για το Περιβάλλον και την Αειφορία (ΚΕΠΕΑ) Βάμου. https://t.co/9C3n4c8R20,τα απολογιστικα στοιχεια για τη φετινη σχολικη χρονια δημοσιοποιησε το κεντρο εκπαιδευσησ για το περιβαλλον και την αειφορια κεπεα βαμου,0
Premia Properties: Στις εταιρίες με το καλύτερο εργασιακό περιβάλλον https://t.co/8bE72Q9nD0 #businessnewsgr,premia properties στισ εταιριεσ με το καλυτερο εργασιακο περιβαλλον businessnewsgr,0
Google: Αναζητά ιδέες για δράσεις ενάντια στην κλιματική αλλαγή - https://t.co/uRWN4XT5Gf https://t.co/yEUjqRYDP4,google αναζητα ιδεεσ για δρασεισ εναντια στην κλιματικη αλλαγη,0
Αμπελουργία Ραψάνης: Προοπτικές για Βιώσιμη Ανάπτυξη https://t.co/oXwJhzl5z5,αμπελουργια ραψανησ προοπτικεσ για βιωσιμη αναπτυξη,0
"Νέο, πιο βιώσιμο μοντέλο αγορών από τα Public https://t.co/qg1HHj2Pmu",νεο πιο βιωσιμο μοντελο αγορων απο τα public,0
"Τα τελευταία 10 χρόνια η ραγδαία τεχνολογική ανάπτυξη έχει διαμορφώσει ένα εντελώς διαφορετικό επιχειρηματικό περιβάλλον, από αυτό που γνωρίζαμε.

https://t.co/5PoH0OTO9R https://t.co/bbQidF88xj",τα τελευταια χρονια η ραγδαια τεχνολογικη αναπτυξη εχει διαμορφωσει ενα εντελωσ διαφορετικο επιχειρηματικο περιβαλλον απο αυτο που γνωριζαμε,0
"Νέο, πιο βιώσιμο μοντέλο αγορών από τα Public https://t.co/SrriuPSEDF",νεο πιο βιωσιμο μοντελο αγορων απο τα public,0
Στο Ζαρό του Δήμου Φαιστού διοργανώθηκε το 3ο Θερινό Σχολείο για την αειφορία… https://t.co/GCIwmlm4nI,στο ζαρο του δημου φαιστου διοργανωθηκε το ο θερινο σχολειο για την αειφορια,0
"ΣΠΑΠ: Εθελοντικό Πότισμα στο Πεντελικό, σε συνεργασία με το «Όλοι Μαζί Μπορούμε και στο Περιβάλλον» https://t.co/Ctat1EeqVf",σπαπ εθελοντικο ποτισμα στο πεντελικο σε συνεργασια με το ολοι μαζι μπορουμε και στο περιβαλλον,0
"Λ. Αβραμάκης: «Συνεχίζει τα περιβαλλοντικά εγκλήματα η κυβέρνηση της ΝΔ απειλώντας ακόμα περισσότερο τις προστατευόμενες περιοχές» 
#Αβραμάκης #ΣΥΡΙΖΑ #Σέρρες #περιβάλλον #Serres
https://t.co/lPQ5p0eWNt",λ αβραμακησ συνεχιζει τα περιβαλλοντικα εγκληματα η κυβερνηση τησ νδ απειλωντασ ακομα περισσοτερο τισ προστατευομενεσ περιοχεσ αβραμακησ συριζα σερρεσ περιβαλλον serres,0
Η πορεία προς τη Βιώσιμη Ανάπτυξη μέσω της υλοποίησης των 17 Στόχων Βιώσιμης Ανάπτυξης της Ατζέντας 2030 των Ηνωμένων Εθνών (SDGs) είναι πλέον https://t.co/d5ofA05Duy https://t.co/bXp2WRAl4N,η πορεια προσ τη βιωσιμη αναπτυξη μεσω τησ υλοποιησησ των στοχων βιωσιμησ αναπτυξησ τησ ατζεντασ των ηνωμενων εθνων sdgs ειναι πλεον,0
Νέο βραβείο και διάκριση για το Περιβάλλον απέσπασε ο Δήμος Ιλίου https://t.co/Vnzqs4gNq5 https://t.co/MxFXV9VZYr,νεο βραβειο και διακριση για το περιβαλλον απεσπασε ο δημοσ ιλιου,0
Οικονόμου: Οι εθνικές μας πολιτικές είναι τέτοιες που δημιουργούν ένα περιβάλλον ενεργειακής σταθερότητας - mononews #mononewsGR https://t.co/gpPFYUSEpN,οικονομου οι εθνικεσ μασ πολιτικεσ ειναι τετοιεσ που δημιουργουν ενα περιβαλλον ενεργειακησ σταθεροτητασ mononews mononewsgr,0
"Πρωτοπόρος ο Δήμος Βισαλτίας στην πρόληψη και έγκαιρη αντιμετώπιση των επιπτώσεων της κλιματικής αλλαγής με την εγκατάσταση του συστήματος active ptt weather 
#Δήμος_Βισαλτίας #κλιματική_αλλαγή #περιβάλλον #Serres
https://t.co/K2impvuzah",πρωτοποροσ ο δημοσ βισαλτιασ στην προληψη και εγκαιρη αντιμετωπιση των επιπτωσεων τησ κλιματικησ αλλαγησ με την εγκατασταση του συστηματοσ active ptt weather δημοσ_βισαλτιασ κλιματικη_αλλαγη περιβαλλον serres,0
RT @Moneypressgr: Οικονόμου: Οι πολιτικές που ακολουθούμε δημιουργούν περιβάλλον ενεργειακής στα...  #moneypress https://t.co/6wA53Yfscx ht…,rt moneypressgr οικονομου οι πολιτικεσ που ακολουθουμε δημιουργουν περιβαλλον ενεργειακησ στα moneypress ht,0
Οικονόμου: Οι πολιτικές που ακολουθούμε δημιουργούν περιβάλλον ενεργειακής στα...  #moneypress https://t.co/6wA53Yfscx https://t.co/lidlZpRYqq,οικονομου οι πολιτικεσ που ακολουθουμε δημιουργουν περιβαλλον ενεργειακησ στα moneypress,0
Οικονόμου: Οι εθνικές μας πολιτικές είναι τέτοιες που δημιουργούν ένα περιβάλλον ενεργειακής σταθερότητας ... https://t.co/BRiBIFJJfq,οικονομου οι εθνικεσ μασ πολιτικεσ ειναι τετοιεσ που δημιουργουν ενα περιβαλλον ενεργειακησ σταθεροτητασ,0
".@joikonomou: Οι εθνικές μας πολιτικές είναι τέτοιες που δημιουργούν ένα περιβάλλον ενεργειακής σταθερότητας

https://t.co/n8XMhRU3sI https://t.co/OqoxLKuyMb",joikonomou οι εθνικεσ μασ πολιτικεσ ειναι τετοιεσ που δημιουργουν ενα περιβαλλον ενεργειακησ σταθεροτητασ,0
"Ο κ. Κικίλιας αναφέρθηκε στον μεγάλο στόχο της επιμήκυνσης της τουριστικής περιόδου και τους δώδεκα μήνες τον χρόνο, προαναγγέλλοντας μάλιστα ότι η επόμενη καμπάνια για τον βιώσιμο τουρισμό -που αποτελεί, όπως επισήμανε, τη νέα ισχυρή τάση στο τουριστικό… https://t.co/ZXz2D1AR6F",ο κ κικιλιασ αναφερθηκε στον μεγαλο στοχο τησ επιμηκυνσησ τησ τουριστικησ περιοδου και τουσ δωδεκα μηνεσ τον χρονο προαναγγελλοντασ μαλιστα οτι η επομενη καμπανια για τον βιωσιμο τουρισμο που αποτελει οπωσ επισημανε τη νεα ισχυρη ταση στο τουριστικο,0
RT @CostasKadis: Ο Υπουργός Περιβάλλοντος της #Ukraine παρουσιάζει στο Συμβούλιο Υπουργών Περιβάλλοντος της #EU τις επιπτώσεις της Ρωσικής…,rt costaskadis ο υπουργοσ περιβαλλοντοσ τησ ukraine παρουσιαζει στο συμβουλιο υπουργων περιβαλλοντοσ τησ eu τισ επιπτωσεισ τησ ρωσικησ,0
Κυκλάδες: Πράξη γίνεται η βιώσιμη αλιεία σε Ανδρο και Κύθνο https://t.co/D2gsUDHXIb,κυκλαδεσ πραξη γινεται η βιωσιμη αλιεια σε ανδρο και κυθνο,0
"Όμιλος ΟΤΕ: Δέσμευση για έναν πιο βιώσιμο κόσμο, καλύτερο για όλους https://t.co/0tW6BKAIsJ #greece #Πολεμος_στην_Ουκρανια #πανδημια #πολιτικη #survivorGR",ομιλοσ οτε δεσμευση για εναν πιο βιωσιμο κοσμο καλυτερο για ολουσ greece πολεμοσ_στην_ουκρανια πανδημια πολιτικη survivorgr,0
"Όμιλος ΟΤΕ: Δέσμευση για έναν πιο βιώσιμο κόσμο, καλύτερο για όλους https://t.co/tMxt1sPYcq",ομιλοσ οτε δεσμευση για εναν πιο βιωσιμο κοσμο καλυτερο για ολουσ,0
Η Έλενα Κουντουρά ομιλήτρια-συντονίστρια της συζήτησης για τον βιώσιμο τουρισμό στο Asian Leadership Conference-2022 https://t.co/b132S1I6Nk #ΕΛΕΝΑΚΟΥΝΤΟΥΡΑ,η ελενα κουντουρα ομιλητριασυντονιστρια τησ συζητησησ για τον βιωσιμο τουρισμο στο asian leadership conference ελενακουντουρα,0
"Όμιλος ΟΤΕ: Δέσμευση για έναν πιο βιώσιμο κόσμο, καλύτερο για όλους - mononews #mononewsGR https://t.co/0RT09WbAo1",ομιλοσ οτε δεσμευση για εναν πιο βιωσιμο κοσμο καλυτερο για ολουσ mononews mononewsgr,0
"Τι σας προσφέρει μεγαλύτερη ευχαρίστηση στις καλοκαιρινές διακοπές; Αρχίζω εγώ παρουσιάζοντας κλιμακωτά:
Το φαγητό,το οικιστικό περιβάλλον,τα πολιτιστικά κάθε είδους( μουσεία, χώροι τέχνης,μνημεία, εκδηλώσεις),οι παραλίες",τι σασ προσφερει μεγαλυτερη ευχαριστηση στισ καλοκαιρινεσ διακοπεσ αρχιζω εγω παρουσιαζοντασ κλιμακωτα το φαγητοτο οικιστικο περιβαλλοντα πολιτιστικα καθε ειδουσ μουσεια χωροι τεχνησμνημεια εκδηλωσεισοι παραλιεσ,0
Δήμος Καισαριανής: «Υμηττός: Πρόγραμμα Κλιματική Αλλαγή στα σχολεία» https://t.co/ucvsQo4cZV,δημοσ καισαριανησ υμηττοσ προγραμμα κλιματικη αλλαγη στα σχολεια,0
WWF: Η βιώσιμη αλιεία γίνεται πράξη σε Άνδρο και Κύθνο https://t.co/6fNLXsfoY7,wwf η βιωσιμη αλιεια γινεται πραξη σε ανδρο και κυθνο,0
"[Κλικ και διαβάστε στο mononews]Όμιλος ΟΤΕ: Δέσμευση για έναν πιο βιώσιμο κόσμο, καλύτερο για όλους https://t.co/yl6G8RqT2f",κλικ και διαβαστε στο mononewsομιλοσ οτε δεσμευση για εναν πιο βιωσιμο κοσμο καλυτερο για ολουσ,0
Οικονόμου: Οι εθνικές μας πολιτικές δημιουργούν περιβάλλον ενεργειακής σταθερότητας https://t.co/fNHTJ6nfNK,οικονομου οι εθνικεσ μασ πολιτικεσ δημιουργουν περιβαλλον ενεργειακησ σταθεροτητασ,0
"RT @LykavitosGr: Όμιλος ΟΤΕ: Δέσμευση για έναν πιο βιώσιμο κόσμο, καλύτερο για όλους  #ote #ESG #Μιχάλης_Τσαμάζ https://t.co/YUqNdd0nsC",rt lykavitosgr ομιλοσ οτε δεσμευση για εναν πιο βιωσιμο κοσμο καλυτερο για ολουσ ote esg μιχαλησ_τσαμαζ,0
"RT @LykavitosGr: Όμιλος ΟΤΕ: Δέσμευση για έναν πιο βιώσιμο κόσμο, καλύτερο για όλους  #ote #ESG #Μιχάλης_Τσαμάζ https://t.co/YUqNdd0nsC",rt lykavitosgr ομιλοσ οτε δεσμευση για εναν πιο βιωσιμο κοσμο καλυτερο για ολουσ ote esg μιχαλησ_τσαμαζ,0
"RT @Moneypressgr: Όμιλος ΟΤΕ: Δέσμευση για έναν πιο βιώσιμο κόσμο, καλύτερο για όλους  #moneypress https://t.co/MGWww0tV7J https://t.co/B6K…",rt moneypressgr ομιλοσ οτε δεσμευση για εναν πιο βιωσιμο κοσμο καλυτερο για ολουσ moneypress,0
"Όμιλος ΟΤΕ: Δέσμευση για έναν πιο βιώσιμο κόσμο, καλύτερο για όλους  #moneypress https://t.co/MGWww0tV7J https://t.co/B6KHto8dOV",ομιλοσ οτε δεσμευση για εναν πιο βιωσιμο κοσμο καλυτερο για ολουσ moneypress,0
Κιλκίς: Εντοπίστηκε νέο είδους φυτού για πρώτη φορά στη Γουμένισσα https://t.co/aKEU9dRnJa #ΑΡΘΡΑ #ΚΙΛΚΙΣ #ΝΕΟΕΙΔΟΣ #ΠΕΡΙΒΑΛΛΟΝ #ΦΥΤΟ By https://t.co/p9zfHy5mYe https://t.co/Gw56qBFwOA,κιλκισ εντοπιστηκε νεο ειδουσ φυτου για πρωτη φορα στη γουμενισσα αρθρα κιλκις νεοειδος περιβαλλον φυτο by,0
Τσίπρας: Μια ακόμα παρέμβαση σας ήταν τα δυσβάσταχτα δίδακτρα για τα μεταπτυχιακά - Ζείτε σε ένα περιβάλλον που ποτέ δεν σας απασχόλησε το θέμα των σπουδών,τσιπρασ μια ακομα παρεμβαση σασ ηταν τα δυσβασταχτα διδακτρα για τα μεταπτυχιακα ζειτε σε ενα περιβαλλον που ποτε δεν σασ απασχολησε το θεμα των σπουδων,0
Αμυράς: Δεν θα αφήσουμε ψευτο-οικολόγους να μπλοκάρουν έργα αντιπυρικής προστασίας στο Σέιχ-Σου https://t.co/iOQBPd9ITk #ΔΑΣΑΡΧΕΙΟ #ΠΕΡΙΒΑΛΛΟΝ #ΠΕΡΙΞ #ΠΥΡΟΣΒΕΣΤΙΚΗ https://t.co/FiJvM9H8T3,αμυρασ δεν θα αφησουμε ψευτοοικολογουσ να μπλοκαρουν εργα αντιπυρικησ προστασιασ στο σειχσου δασαρχειο περιβαλλον περιξ πυροσβεστικη,0
"Η βιώσιμη ανάπτυξη είναι ο, μόνος ίσως, ελπιδοφόρος δρόμος που μας οδηγεί από τη σημερινή -κοινωνική, οικονομική και περιβαλλοντική- παγκόσμια κρίση στο μέλλον.

https://t.co/7lq6DgvqOg",η βιωσιμη αναπτυξη ειναι ο μονοσ ισωσ ελπιδοφοροσ δρομοσ που μασ οδηγει απο τη σημερινη κοινωνικη οικονομικη και περιβαλλοντικη παγκοσμια κριση στο μελλον,0
"RT @atthis72: Πυρκαγιές- αποχαιρετάμε την πολιτιστική, αρχαιολογική, τουριστική κληρονομιά, το δασικό, γεωργικό και αστικό περιβάλλον. http…",rt atthis πυρκαγιεσ αποχαιρεταμε την πολιτιστικη αρχαιολογικη τουριστικη κληρονομια το δασικο γεωργικο και αστικο περιβαλλον,0
BlackRock: Bιώνουμε το χειρότερο μακροοικονομικό περιβάλλον των τελευταίων δεκαετιών https://t.co/XZX83NCTXl,blackrock bιωνουμε το χειροτερο μακροοικονομικο περιβαλλον των τελευταιων δεκαετιων,0
"Τα βασικά χαρακτηριστικά ενός συστήματος δημόσιας υγείας που θα ανταποκρίνεται στις ανάγκες των πολιτών και θα είναι βιώσιμο, λειτουργώντας παράλληλα με ευελιξία και συνεργασιμότητα, περιέγραψε η αναπληρώτρια υπουργός Υγείας Μίνα Γκάγκα, μιλώντας στο 1ο

https://t.co/IdBOXHMc2J https://t.co/oHiL54hFym",τα βασικα χαρακτηριστικα ενοσ συστηματοσ δημοσιασ υγειασ που θα ανταποκρινεται στισ αναγκεσ των πολιτων και θα ειναι βιωσιμο λειτουργωντασ παραλληλα με ευελιξια και συνεργασιμοτητα περιεγραψε η αναπληρωτρια υπουργοσ υγειασ μινα γκαγκα μιλωντασ στο ο,0
"Τα βασικά χαρακτηριστικά ενός συστήματος δημόσιας υγείας που θα ανταποκρίνεται στις ανάγκες των πολιτών και θα είναι βιώσιμο, λειτουργώντας παράλληλα με ευελιξία και συνεργασιμότητα, περιέγραψε η αναπληρώτρια υπουργός Υγείας Μίνα Γκάγκα, μιλώντας στο 1ο

https://t.co/IdBOXHMc2J",τα βασικα χαρακτηριστικα ενοσ συστηματοσ δημοσιασ υγειασ που θα ανταποκρινεται στισ αναγκεσ των πολιτων και θα ειναι βιωσιμο λειτουργωντασ παραλληλα με ευελιξια και συνεργασιμοτητα περιεγραψε η αναπληρωτρια υπουργοσ υγειασ μινα γκαγκα μιλωντασ στο ο,0
"Έργα συνδιαλέγονται με τα τοπικά, φυσικά υλικά και παράλληλες μουσικές εκδηλώσεις/ ξεναγήσεις, τονίζουν τη μεγαλύτερη ανθρώπινη κληρονομιά απ’όλες: το περιβάλλον μας.  https://t.co/LO8ttHJYkT",εργα συνδιαλεγονται με τα τοπικα φυσικα υλικα και παραλληλεσ μουσικεσ εκδηλωσεισ ξεναγησεισ τονιζουν τη μεγαλυτερη ανθρωπινη κληρονομια απολεσ το περιβαλλον μασ,0
Νέο βραβείο και διάκριση για το Περιβάλλον απέσπασε ο Δήμος Ιλίου https://t.co/WokhiBPEg5 #δημοςιλιου,νεο βραβειο και διακριση για το περιβαλλον απεσπασε ο δημοσ ιλιου δημοσιλιου,0
Χρηματοδοτικά εργαλεία για μια βιώσιμη ύπαιθρο - Σταϊκούρας και Οικονόμου στις εκδηλώσεις για την αγροτική ανάπτυξη στο Δομοκό https://t.co/uhGIETKkhi,χρηματοδοτικα εργαλεια για μια βιωσιμη υπαιθρο σταϊκουρασ και οικονομου στισ εκδηλωσεισ για την αγροτικη αναπτυξη στο δομοκο,0
"«Άγρυπνο φρουρό» για τους πολίτες και το περιβάλλον, αποτελεί το νέο υπερσύγχρονο «όπλο» διαρκούς επιτήρησης και δυνατότητας άμεσης ενεργοποίησης του μηχανισμού Πολιτικής Προστασίας όταν παραστεί ανάγκη, το οποίο έθεσε σε λειτουργία για το προσεχές

https://t.co/i9oqe0urpg",αγρυπνο φρουρο για τουσ πολιτεσ και το περιβαλλον αποτελει το νεο υπερσυγχρονο οπλο διαρκουσ επιτηρησησ και δυνατοτητασ αμεσησ ενεργοποιησησ του μηχανισμου πολιτικησ προστασιασ οταν παραστει αναγκη το οποιο εθεσε σε λειτουργια για το προσεχεσ,0
Δήμος Νεάπολης Συκεών: Γενική σάρωση στο Δημοτικό Άλσος Πεύκων - https://t.co/n5tRReWRtl #δήμοςΝεάποληςΣυκεών #Θεσσαλονίκη #περιβάλλον #Θεσσαλονίκη #Κοινωνία,δημοσ νεαπολησ συκεων γενικη σαρωση στο δημοτικο αλσοσ πευκων δημοσνεαπολησσυκεων θεσσαλονικη περιβαλλον θεσσαλονικη κοινωνια,0
"Δουλεύοντας συνεργατικά και με αποφασιστικότητα, μπορούμε να διαφυλάξουμε το περιβάλλον, την κοινωνία και την οικονομία. Αυτή είναι η επιτακτική ανάγκη για να διασφαλίσουμε ένα καλύτερο μέλλον.

https://t.co/vDOUmApXg3",δουλευοντασ συνεργατικα και με αποφασιστικοτητα μπορουμε να διαφυλαξουμε το περιβαλλον την κοινωνια και την οικονομια αυτη ειναι η επιτακτικη αναγκη για να διασφαλισουμε ενα καλυτερο μελλον,0
"Ίδρυμα Αντενάουερ: H Aστυπάλαια σημαντικό παράδειγμα των προσπαθειών της ελληνικής κυβέρνησης για καινοτομία και πράσινη ενέργεια

https://t.co/XQopcQmvEB",ιδρυμα αντεναουερ h aστυπαλαια σημαντικο παραδειγμα των προσπαθειων τησ ελληνικησ κυβερνησησ για καινοτομια και πρασινη ενεργεια,0
Ίδρυμα Αντενάουερ: H Aστυπάλαια σημαντικό παράδειγμα για καινοτομία και πράσινη ενέργεια https://t.co/lr4XfgDkAN #businessnewsgr,ιδρυμα αντεναουερ h aστυπαλαια σημαντικο παραδειγμα για καινοτομια και πρασινη ενεργεια businessnewsgr,0
"RT @HELMEPA: ✅Νέο ρεκόρ μελών με 2.033 πλοία 🚢, 268 εταιρείες και 14.000+ ναυτικούς έχει η  #HELMEPA.
#Στόχος μας συνεχίζει να είναι η προσ…",rt helmepa νεο ρεκορ μελων με πλοια εταιρειεσ και ναυτικουσ εχει η helmepa στοχοσ μασ συνεχιζει να ειναι η προσ,0
Στο Sustainability Forum της Global Sustainη JTI: Άμεση η σύνδεση της επιχειρηματικότητας με την κοινωνία  και το περιβάλλον στο οποίο αναπτύσσεται https://t.co/4ehXF8GYyA,στο sustainability forum τησ global sustainη jti αμεση η συνδεση τησ επιχειρηματικοτητασ με την κοινωνια και το περιβαλλον στο οποιο αναπτυσσεται,0
"Δεν αρκούν ημίμετρα και προσαρμογές, αλλά μία καλά σχεδιασμένη αλυσίδα αλλαγών, που θα επιταχύνουν τη μετάβαση σε ένα βιώσιμο πρότυπο ανάπτυξης...

https://t.co/Yml8L5dUJe",δεν αρκουν ημιμετρα και προσαρμογεσ αλλα μια καλα σχεδιασμενη αλυσιδα αλλαγων που θα επιταχυνουν τη μεταβαση σε ενα βιωσιμο προτυπο αναπτυξησ,0
Ποιός είπε ότι όλα τα αρκουδάκια είναι άγρια; (VIDEO) - https://t.co/GnipSlmyhc #αρκούδα #Αρκτούρος #Περιβάλλον,ποιοσ ειπε οτι ολα τα αρκουδακια ειναι αγρια video αρκουδα αρκτουροσ περιβαλλον,0
ΤΙΤΑΝ Ελλάδας: Νέα ορόσημα στη Βιώσιμη Ανάπτυξη το 2021 - mononews #mononewsGR https://t.co/iSmskCMlWf,τιταν ελλαδασ νεα οροσημα στη βιωσιμη αναπτυξη το mononews mononewsgr,0
ΤΙΤΑΝ Ελλάδας: Νέα ορόσημα στη Βιώσιμη Ανάπτυξη το 2021 - https://t.co/eiOPQNSsIs https://t.co/JsIXPpOJNQ #ΒιώσιμηΑνάπτυξη #ΌμιλοςΤιτάν #ΤΙΤΑΝ,τιταν ελλαδασ νεα οροσημα στη βιωσιμη αναπτυξη το βιωσιμηαναπτυξη ομιλοστιταν τιταν,0
Κέλλας: Δίκαιη - Βιώσιμη λύση στο Κυπριακό - LarissaPress https://t.co/SvmdPkaqXf,κελλασ δικαιη βιωσιμη λυση στο κυπριακο larissapress,0
Κέλλας: Δίκαιη - Βιώσιμη λύση στο Κυπριακό https://t.co/GmEN0YKoXu,κελλασ δικαιη βιωσιμη λυση στο κυπριακο,0
ΦΤΑΙΕΙ Η ΚΛΙΜΑΤΙΚΗ ΑΛΛΑΓΗ ΗΛΙΘΙΕ.... https://t.co/1DnNCOLzbf,φταιει η κλιματικη αλλαγη ηλιθιε,0
Μέγαρα: Η φωτιά απειλεί κατοικημένες περιοχές - https://t.co/PLf4YvgbSd #featured #featured_top #trend #Μέγαρα #πυροσβεστική #φωτιά #Περιβάλλον #Ροή,μεγαρα η φωτια απειλει κατοικημενεσ περιοχεσ featured featured_top trend μεγαρα πυροσβεστικη φωτια περιβαλλον ροη,0
MYTILINEOS-Η Βιώσιμη Ανάπτυξη αποτελεί αναπόσπαστο στοιχείο της μακροπρόθεσμης επιχειρηματικής στρατηγικής μας https://t.co/Ey4TdRFkfQ,mytilineosη βιωσιμη αναπτυξη αποτελει αναποσπαστο στοιχειο τησ μακροπροθεσμησ επιχειρηματικησ στρατηγικησ μασ,0
“Βιώσιμη λύση” η ολοκληρωτική διχοτόμηση της Κύπρου για τον Ερντογάν: Το προκλητικό μήνυμα προς Τατάρ https://t.co/n4XQV8ZrE7,βιωσιμη λυση η ολοκληρωτικη διχοτομηση τησ κυπρου για τον ερντογαν το προκλητικο μηνυμα προσ ταταρ,0
RT @KostasVaxevanis: Αγαπητέ συμπολίτη. Όσα σπίτια και αν καούν θα φταίει η κλιματική αλλαγή. Θα πρέπει να είσαι ευχαριστημένος που ζεις. Η…,rt kostasvaxevanis αγαπητε συμπολιτη οσα σπιτια και αν καουν θα φταιει η κλιματικη αλλαγη θα πρεπει να εισαι ευχαριστημενοσ που ζεισ η,0
Νικητιάδης από Αστυπάλαια: Η βιώσιμη ανάπτυξη σημαντικό εργαλείο για τον τουρισμό https://t.co/mnvoJDNaPP via @aegeanews,νικητιαδησ απο αστυπαλαια η βιωσιμη αναπτυξη σημαντικο εργαλειο για τον τουρισμο via aegeanews,0
Ζαρκάδι τεσσάρων μηνών έσωσε ο Αρκτούρος - https://t.co/Ly305wRGPz #Αρκτούρος #ζαρκαδι #Οιφίλοιμαςτα΄ζώα #Περιβάλλον,ζαρκαδι τεσσαρων μηνων εσωσε ο αρκτουροσ αρκτουροσ ζαρκαδι οιφιλοιμασταζωα περιβαλλον,0
"#ΑΕΚ: Μεταγραφική βόμβα με #Βίντα; Μύλος με τον σούπερ στόπερ – Οι Κροάτες τον στέλνουν #Ελλάδα, τι έλεγε ο ατζέντης του στο περιβάλλον του #aek #aekfc #vida 

https://t.co/BxmUHY58GX",αεκ μεταγραφικη βομβα με βιντα μυλοσ με τον σουπερ στοπερ οι κροατεσ τον στελνουν ελλαδα τι ελεγε ο ατζεντησ του στο περιβαλλον του aek aekfc vida,0
Δηλώσεις του Γιάννης Γκιόκα στον ΑΝΤ1 για τις πυρκαγιες - https://t.co/I8Hk1Dnjr7 #2022 #ΓιάννηςΓκιόκας #ΚΚΕ #πυρκαγιές #Ελλάδα #Περιβάλλον #ΠολιτικέςΘέσεις,δηλωσεισ του γιαννησ γκιοκα στον αντ για τισ πυρκαγιεσ γιαννησγκιοκασ κκε πυρκαγιεσ ελλαδα περιβαλλον πολιτικεσθεσεισ,0
Μεγάλη φωτιά στη Λέσβο - Εκκενώνεται οικισμός - https://t.co/o3z4lEcwdX #2022 #Λέσβος #πυρκαγιά #Ελλάδα #Περιβάλλον #Περιφέρεια,μεγαλη φωτια στη λεσβο εκκενωνεται οικισμοσ λεσβοσ πυρκαγια ελλαδα περιβαλλον περιφερεια,0
Δηλώσεις του Γιάννης Γκιόκα στον ΑΝΤ1 για τις πυρκαγιες - #2022 #ΓιάννηςΓκιόκας #ΚΚΕ #πυρκαγιές #Ελλάδα #Περιβάλλον #ΠολιτικέςΘέσεις,δηλωσεισ του γιαννησ γκιοκα στον αντ για τισ πυρκαγιεσ γιαννησγκιοκασ κκε πυρκαγιεσ ελλαδα περιβαλλον πολιτικεσθεσεισ,0
RT @THEOCHAROUSE: Πάρνηθα-Μέγαρα-Δαδιά-Σαλαμίνα-Σέϊχ Σου: Φταίει η κλιματική αλλαγή ή τα ογλάνια του κάθε γιλμάζ;,rt theocharouse παρνηθαμεγαραδαδιασαλαμινασεϊχ σου φταιει η κλιματικη αλλαγη η τα ογλανια του καθε γιλμαζ,0
Καλλιεργητής χασίς ο ύποπτος για την πυρκαγιά στο Σέιχ Σου - https://t.co/mAhkqVgQV2 #δάσοςτουΣειχΣου #πυρκαγιά #Κοινωνία #Περιβάλλον #Ροή,καλλιεργητησ χασισ ο υποπτοσ για την πυρκαγια στο σειχ σου δασοστουσειχσου πυρκαγια κοινωνια περιβαλλον ροη,0
ΓΕΩΡΓΙΟΣ ΠΟΛΥΜΕΡΗΣ: Η ΕΠΙΡΡΟΗ ΤΟΥ ΠΛΑΣΤΙΚΟΥ ΣΤΟ ΠΕΡΙΒΑΛΛΟΝ ΚΑΙ ΣΤΗ ΖΩΗ ΜΑΣ https://t.co/gfF872YDKY,γεωργιος πολυμερης η επιρροη του πλαστικου στο περιβαλλον και στη ζωη μας,0
"Επιτροπή Πρέβεζα: ”Ιστορία, Πολιτισμός, Περιβάλλον”: Ποιοι θα σταθούν στο πλάϊ του Ανδρούτσου; via @onprevezanews https://t.co/B6zseZvtis",επιτροπη πρεβεζα ιστορια πολιτισμοσ περιβαλλον ποιοι θα σταθουν στο πλαϊ του ανδρουτσου via onprevezanews,0
"[Κλικ και διαβάστε στο mononews]Ποσειδώνια: Κορυφαία επιτεύγματα σε  #Κοινωνία, Οικονομία, Υγεία &amp; Περιβάλλον https://t.co/0bVe39A67S",κλικ και διαβαστε στο mononewsποσειδωνια κορυφαια επιτευγματα σε κοινωνια οικονομια υγεια amp περιβαλλον,0
Ολοκληρώθηκε η 2η Συνάντηση εργασίας για την ενεργειακή μετάβαση του δήμου Θέρμης στην κλιματική ουδετερότητα https://t.co/8aE3qCIT4V #ΔΤ #ΕΝΕΡΓΕΙΑ #ΚΛΙΜΑ #ΠΕΡΙΒΑΛΛΟΝ https://t.co/PABF7yNR7c,ολοκληρωθηκε η η συναντηση εργασιασ για την ενεργειακη μεταβαση του δημου θερμησ στην κλιματικη ουδετεροτητα δτ ενεργεια κλιμα περιβαλλον,0
"""Στις δημοκρατίες τίθενται σήμερα σκληρά διλήμματα και δύσκολες επιλογές, σε ένα αβέβαιο και απειλητικό διεθνές περιβάλλον. Σε αυτές τις κρίσιμες συνθήκες, προέχει η ενότητα, η αναζήτηση των συναινέσεων και των συγκλίσεων για το κα
https://t.co/OY9QKnJf7V
https://t.co/PFTDQET8Rq https://t.co/3URc0L5YIw",στισ δημοκρατιεσ τιθενται σημερα σκληρα διλημματα και δυσκολεσ επιλογεσ σε ενα αβεβαιο και απειλητικο διεθνεσ περιβαλλον σε αυτεσ τισ κρισιμεσ συνθηκεσ προεχει η ενοτητα η αναζητηση των συναινεσεων και των συγκλισεων για το κα,0
Πώς η Σαουδική Αραβία μετατρέπει την έρημο σε μια όαση καλλιεργήσιμου εδάφους (Βίντεο) https://t.co/GYTZFqT2NB #ΕΡΓΑ #ΚΟΣΜΟΣ #ΠΕΡΙΒΑΛΛΟΝ https://t.co/j9sjZs2hsv,πωσ η σαουδικη αραβια μετατρεπει την ερημο σε μια οαση καλλιεργησιμου εδαφουσ βιντεο εργα κοσμος περιβαλλον,0
"Ποσειδώνια: Δείχνει το δρόμο προς τη βιωσιμότητα – Οι πρωτοβουλίες για Κοινωνία, Οικονομία, Υγεία, Περιβάλλον https://t.co/8axkolwU1o",ποσειδωνια δειχνει το δρομο προσ τη βιωσιμοτητα οι πρωτοβουλιεσ για κοινωνια οικονομια υγεια περιβαλλον,0
Επιμελητήριο Κεφαλληνίας &amp; Ιθάκης : H καρδιά μας χτυπάει για το περιβάλλον! https://t.co/YRBmgiyQod,επιμελητηριο κεφαλληνιασ amp ιθακησ h καρδια μασ χτυπαει για το περιβαλλον,0
"RT @elliafxentiou: ..Ο Υπουργός Γεωργίας, Αγροτικής Ανάπτυξης και Περιβάλλοντος της Κυπριακής Δημοκρατίας, Κώστας Καδής, γράφει στο @Propag…",rt elliafxentiou ο υπουργοσ γεωργιασ αγροτικησ αναπτυξησ και περιβαλλοντοσ τησ κυπριακησ δημοκρατιασ κωστασ καδησ γραφει στο propag,0
Έρευνα: Ευνοϊκό για σεξουαλική παρενόχληση το εργασιακό περιβάλλον στο Δημόσιο https://t.co/nGGnJKlstL,ερευνα ευνοϊκο για σεξουαλικη παρενοχληση το εργασιακο περιβαλλον στο δημοσιο,0
Τύμβος Καστά: Το ΥΠΠΟ  ρίχνει την ευθύνη για τις ζημιές στην «κλιματική κρίση» https://t.co/TJHeZmTCio,τυμβοσ καστα το υππο ριχνει την ευθυνη για τισ ζημιεσ στην κλιματικη κριση,0
Γόνιμο σε συμπεράσματα το «CIVITAS Summer School» με επίκεντρο τη βιώσιμη αστική κινητικότητα https://t.co/7AIXpNwzgf,γονιμο σε συμπερασματα το civitas summer school με επικεντρο τη βιωσιμη αστικη κινητικοτητα,0
To εργασιακό περιβάλλον στο Δημόσιο «ευνοεί» την σεξουαλική παρενόχληση https://t.co/bvMCPUwSYV,to εργασιακο περιβαλλον στο δημοσιο ευνοει την σεξουαλικη παρενοχληση,0
To εργασιακό περιβάλλον στο Δημόσιο «ευνοεί» την σεξουαλική παρενόχληση https://t.co/iPb6peShIA #survivorGR #greece #πανδημια #Πολεμος_στην_Ουκρανια #πολιτικη,to εργασιακο περιβαλλον στο δημοσιο ευνοει την σεξουαλικη παρενοχληση survivorgr greece πανδημια πολεμοσ_στην_ουκρανια πολιτικη,0
"Έρευνα ΑΔΕΔΥ: Ευνοϊκό για σεξουαλική παρενόχληση το εργασιακό περιβάλλον στο Δημόσιο

https://t.co/CvMpOVGalm",ερευνα αδεδυ ευνοϊκο για σεξουαλικη παρενοχληση το εργασιακο περιβαλλον στο δημοσιο,0
"RT @NikosDendias: Με την ευκαιρία της τελετής παράδοσης του αρχειακού υλικού του Δημήτριου Μπίτσιου, είχα την χαρά να καλωσορίσω στο Υπουργ…",rt nikosdendias με την ευκαιρια τησ τελετησ παραδοσησ του αρχειακου υλικου του δημητριου μπιτσιου ειχα την χαρα να καλωσορισω στο υπουργ,0
Η πρόταση - βόμβα Bin Salman για πολλαπλασιασμό της ισχύος στη διασύνδεση για φθηνή πράσινη ενέργεια https://t.co/Eo5DMfvE1L,η προταση βομβα bin salman για πολλαπλασιασμο τησ ισχυοσ στη διασυνδεση για φθηνη πρασινη ενεργεια,0
"EY: Οι Έλληνες καταναλωτές ανήσυχοι και με νέες αγοραστικές συνήθειες, σε ένα διαρκώς πιο αβέβαιο περιβάλλον https://t.co/5uKFpvfLr7",ey οι ελληνεσ καταναλωτεσ ανησυχοι και με νεεσ αγοραστικεσ συνηθειεσ σε ενα διαρκωσ πιο αβεβαιο περιβαλλον,0
"H Ελλάδα της οικονομικής μετριότητας πέταξε σχεδόν 50 δισεκ. για πανδημία, ενεργειακή κρίση και πληθωρισμό δημιουργώντας υπέρογκα ελλείμματα και τοξικά μη βιώσιμο χρέος 
https://t.co/KEASoU7Zo0",h ελλαδα τησ οικονομικησ μετριοτητασ πεταξε σχεδον δισεκ για πανδημια ενεργειακη κριση και πληθωρισμο δημιουργωντασ υπερογκα ελλειμματα και τοξικα μη βιωσιμο χρεοσ,0
Κλιματική αλλαγή: Πότε έχει νόημα η δενδροφύτευση; https://t.co/7LzX0dJvzR,κλιματικη αλλαγη ποτε εχει νοημα η δενδροφυτευση,0
Έρευνα: Ευνοϊκό για σεξουαλική παρενόχληση το εργασιακό περιβάλλον στο Δημόσιο - https://t.co/yu087MaNYn https://t.co/VYZUo2t4rq,ερευνα ευνοϊκο για σεξουαλικη παρενοχληση το εργασιακο περιβαλλον στο δημοσιο,0
"ΕΤΣΙ ΘΑ ΕΝΘΡΟΝΙΣΟΥΝ ΚΑΙ ΤΟΝ ΑΝΤΙΧΡΙΣΤΟ... Γι' αυτό και χαίρει η φύσης όλη και δεν θα μείνει ούτε κλαδάκι όρθιο. Προετοιμάζουν το ανάλογο τεχνοκρατικό περιβάλλον που θα τον υπηρετεί...
Τώρα γιατί θα σωθούν πολλοί στα βουνά; Το ξέρετε ήδη. https://t.co/F9loMbrb6D via @dimpenewscom1",ετσι θα ενθρονισουν και τον αντιχριστο γι αυτο και χαιρει η φυσησ ολη και δεν θα μεινει ουτε κλαδακι ορθιο προετοιμαζουν το αναλογο τεχνοκρατικο περιβαλλον που θα τον υπηρετει τωρα γιατι θα σωθουν πολλοι στα βουνα το ξερετε ηδη via dimpenewscom,0
Χαλκιδική: Φωτιά στα Ψακούδια - https://t.co/HmcM8NR5Wl #Σιθωνία #φωτιά #ψακούδια #Κοινωνία #Μακεδονία-Θράκη #Περιβάλλον,χαλκιδικη φωτια στα ψακουδια σιθωνια φωτια ψακουδια κοινωνια μακεδονιαθρακη περιβαλλον,0
ΦΤΑΙΕΙ Η ΚΛΙΜΑΤΙΚΗ ΑΛΛΑΓΗ ΛΕΝΕ ...ΔΕΝ ΘΑ ΑΦΗΣΟΥΝ ΟΥΤΕ ΡΑΔΙΚΙ ΤΑ ΚΑΘΙΚΙΑ... https://t.co/q4bFszyUiA,φταιει η κλιματικη αλλαγη λενε δεν θα αφησουν ουτε ραδικι τα καθικια,0
Πράσινη ενέργεια στο γηροκομείο των ιδρυμάτων Καλοκαιρινού https://t.co/WWTDVi9D1y,πρασινη ενεργεια στο γηροκομειο των ιδρυματων καλοκαιρινου,0
RT @Moneypressgr: To εργασιακό περιβάλλον στο Δημόσιο «ευνοεί» την σεξουαλική παρενόχληση  #moneypress https://t.co/Zygo55Aroa,rt moneypressgr to εργασιακο περιβαλλον στο δημοσιο ευνοει την σεξουαλικη παρενοχληση moneypress,0
To εργασιακό περιβάλλον στο Δημόσιο «ευνοεί» την σεξουαλική παρενόχληση  #moneypress https://t.co/Zygo55Aroa,to εργασιακο περιβαλλον στο δημοσιο ευνοει την σεξουαλικη παρενοχληση moneypress,0
Μάξιμος με Χρήστο Ζερεφό: Ο σεβασμός στο περιβάλλον η απάντηση στην κλιματική κρίση! ⋆ TirnavosPress https://t.co/9ph7JqwVxJ @pantamaximos,μαξιμοσ με χρηστο ζερεφο ο σεβασμοσ στο περιβαλλον η απαντηση στην κλιματικη κριση tirnavospress pantamaximos,0
Πώς βλέπει ο εφευρέτης του κύβου του Ρούμπικ τις εξελίξεις στο περιβάλλον και τo... gaming - https://t.co/2NUyIedkYR https://t.co/Y7QbMeYgAf,πωσ βλεπει ο εφευρετησ του κυβου του ρουμπικ τισ εξελιξεισ στο περιβαλλον και τo gaming,0
Χαρακόπουλος με Χρ. Ζερεφό: Ο σεβασμός στο περιβάλλον απάντηση στην κλιματική κρίση - LarissaPress https://t.co/TTWutZWdpZ,χαρακοπουλοσ με χρ ζερεφο ο σεβασμοσ στο περιβαλλον απαντηση στην κλιματικη κριση larissapress,0
ΧΑΡΑΛΑΜΠΟΣ ΧΑΡΙΤΟΠΟΥΛΟΣ: ΚΑΛΟΚΑΙΡΙ ΠΕΡΙΒΑΛΛΟΝ ΠΥΡΚΑΓΙΕΣ https://t.co/3k3XoosgAI,χαραλαμπος χαριτοπουλος καλοκαιρι περιβαλλον πυρκαγιες,0
"Διεθνής μελέτη στην οποία συμμετέχει το Εθνικό Αστεροσκοπείο Αθηνών εντόπισε μια άνευ προηγουμένου αλλαγή στο καθεστώς των πυρκαγιών στην Ευρώπη η οποία συνδέεται με την κλιματική αλλαγή 
https://t.co/bFUpar9QZK https://t.co/4gO1HX0Z2p",διεθνησ μελετη στην οποια συμμετεχει το εθνικο αστεροσκοπειο αθηνων εντοπισε μια ανευ προηγουμενου αλλαγη στο καθεστωσ των πυρκαγιων στην ευρωπη η οποια συνδεεται με την κλιματικη αλλαγη,0
"#Θεσσαλονίκη

Σε εγρήγορση καλεί ο εισαγγελέας να βρίσκονται οι αστυνομικές Αρχές, προκειμένου να αποτραπούν πυρκαγιές από εμπρησμούς, εν μέσω της περιόδου του θέρους, με καταστροφικές συνέπειες τόσο για τον ανθρώπινο παράγοντα όσο και για το περιβάλλον. 

https://t.co/WlSJPBzL4Z https://t.co/DBBmE1Ih1M",θεσσαλονικη σε εγρηγορση καλει ο εισαγγελεασ να βρισκονται οι αστυνομικεσ αρχεσ προκειμενου να αποτραπουν πυρκαγιεσ απο εμπρησμουσ εν μεσω τησ περιοδου του θερουσ με καταστροφικεσ συνεπειεσ τοσο για τον ανθρωπινο παραγοντα οσο και για το περιβαλλον,0
RT @sofokleous10: Alpha Services and Holdings: Σχέδια και δράσεις για ένα βιώσιμο μέλλον Απολογισμός Βιώσιμης Ανάπτυξης 2021   https://t.co…,rt sofokleous alpha services and holdings σχεδια και δρασεισ για ενα βιωσιμο μελλον απολογισμοσ βιωσιμησ αναπτυξησ,0
Συνεχίζονται τα μεγάλα deals στην πράσινη ενέργεια https://t.co/RJGu7jjgTi,συνεχιζονται τα μεγαλα deals στην πρασινη ενεργεια,0
Alpha Services and Holdings: Σχέδια και δράσεις για ένα βιώσιμο μέλλον Απολογισμός Βιώσιμης Ανάπτυξης 2021 https://t.co/78EXzg4Z0x,alpha services and holdings σχεδια και δρασεισ για ενα βιωσιμο μελλον απολογισμοσ βιωσιμησ αναπτυξησ,0
RT @lena_savvidou: Στη Θεσσαλία ο υδροφόρος ορίζοντας είναι μολυσμένος από φυτοφάρμακα. Κάθε σπίτι πλέον έχει τον καρκίνο του. Σε αυτή  τη…,rt lena_savvidou στη θεσσαλια ο υδροφοροσ οριζοντασ ειναι μολυσμενοσ απο φυτοφαρμακα καθε σπιτι πλεον εχει τον καρκινο του σε αυτη τη,0
Στήριξη Βαγενά στην πρωτοβουλία Κόκκαλη κατά της εγκατάστασης φωτοβολταικών όταν θίγεται το περιβάλλον - LarissaPress https://t.co/3unIN5jg26,στηριξη βαγενα στην πρωτοβουλια κοκκαλη κατα τησ εγκαταστασησ φωτοβολταικων οταν θιγεται το περιβαλλον larissapress,0
"3️⃣   Όπως κάθε παρασκευή, συλλογή ρεπορτάζ για την κλιματική αλλαγή και οι πιο ενδιαφέρουσες αναλύσεις για θέματα της διεθνούς επικαιρότητας. Το Νήμα είναι η μεγάλη εικόνα των ειδήσεων. Κάθε παρασκευή στο mailbox σας μεσω του @substack https://t.co/HGEPncojkp",οπωσ καθε παρασκευη συλλογη ρεπορταζ για την κλιματικη αλλαγη και οι πιο ενδιαφερουσεσ αναλυσεισ για θεματα τησ διεθνουσ επικαιροτητασ το νημα ειναι η μεγαλη εικονα των ειδησεων καθε παρασκευη στο mailbox σασ μεσω του substack,0
"ΠτΔ και η ε/κ πλευρά με αποφασιστικότητα και θέληση στοχεύουν σε δίκαιη και βιώσιμη λύση του Κυπριακού, είπε ο Καρούσος

https://t.co/nLjYLfh936",πτδ και η εκ πλευρα με αποφασιστικοτητα και θεληση στοχευουν σε δικαιη και βιωσιμη λυση του κυπριακου ειπε ο καρουσοσ,0
Ε.Ε: Η εισβολή της Ρωσίας στην Ουκρανία πάει πίσω την πράσινη ανάπτυξη https://t.co/3Ui14z8zYn #οικονομια #news #Πολεμος_στην_Ουκρανια #πανδημια #greece #survivorGR,εε η εισβολη τησ ρωσιασ στην ουκρανια παει πισω την πρασινη αναπτυξη οικονομια news πολεμοσ_στην_ουκρανια πανδημια greece survivorgr,0
Ευτυχίδου (ΓΓ Βιομηχανίας): Η πρώτη Εθνική Στρατηγική Βιομηχανίας για τη βιώσιμη οικονομική ανάπτυξη και την κοινωνική ευημερία https://t.co/gaJBOpnEfV #businessnewsgr,ευτυχιδου γγ βιομηχανιασ η πρωτη εθνικη στρατηγικη βιομηχανιασ για τη βιωσιμη οικονομικη αναπτυξη και την κοινωνικη ευημερια businessnewsgr,0
"Τι επισημαίνει ο γραμματέας της Ακαδημίας Αθηνών και εθνικός εκπρόσωπος της Ελλάδας για την Κλιματική Αλλαγή, Χρήστος Ζερεφός. https://t.co/UuRLc4CLqP",τι επισημαινει ο γραμματεασ τησ ακαδημιασ αθηνων και εθνικοσ εκπροσωποσ τησ ελλαδασ για την κλιματικη αλλαγη χρηστοσ ζερεφοσ,0
"Άρθρο Θέμιδος Ευτυχίδου, ΓΓ Βιομηχανίας: Η πρώτη Εθνική Στρατηγική Βιομηχανίας για τη βιώσιμη οικονομική ανάπτυξη και την κοινωνική ευημερία

https://t.co/2kjeTRGy6C",αρθρο θεμιδοσ ευτυχιδου γγ βιομηχανιασ η πρωτη εθνικη στρατηγικη βιομηχανιασ για τη βιωσιμη οικονομικη αναπτυξη και την κοινωνικη ευημερια,0
Όλοι Μαζί Μπορούμε: Διπλή δράση ποτίσματος στην Πεντέλη την Παρασκευή 5 Αυγούστου https://t.co/dx4207RyPJ,ολοι μαζι μπορουμε διπλη δραση ποτισματοσ στην πεντελη την παρασκευη αυγουστου,0
Δήμος Παιανίας: Νέοι κάδοι απορριμμάτων και ανακύκλωσης – Ισ. Μάδης: Προστατεύουμε κατοίκους και περιβάλλον https://t.co/SrSyrFTZJ7 #ΑΥΤΟΔΙΟΙΚΗΣΗ #ΔΗΜΟΣΠΑΙΑΝΙΑΣ #ΚΑΔΟΙΑΠΟΡΡΙΜΜΑΤΩΝ By https://t.co/p9zfHy5mYe,δημοσ παιανιασ νεοι καδοι απορριμματων και ανακυκλωσησ ισ μαδησ προστατευουμε κατοικουσ και περιβαλλον αυτοδιοικηση δημοσπαιανιας καδοιαπορριμματων by,0
#ΕΥΔΑΠ: Η κυκλική οικονομία γίνεται πράξη σε 4 άξονες - #mononewsGR https://t.co/Q9VWLw5oSH,ευδαπ η κυκλικη οικονομια γινεται πραξη σε αξονεσ mononewsgr,0
"ΔΗΜΟΣ ΝΕΑΠΟΛΗΣ-ΣΥΚΕΩΝ: Επένδυση 4,5 εκατ. στο περιβάλλον και στην οικονομία - https://t.co/jQyuvoc6gB #ΔήμοςΝεαπολεωςΣυκεων #ΕΝΕΡΓΕΙΑ #επένδυση #οικονομία",δημος νεαπολησσυκεων επενδυση εκατ στο περιβαλλον και στην οικονομια δημοσνεαπολεωσσυκεων ενεργεια επενδυση οικονομια,0
"Γκριμάλντι: Διαθέτουμε στόλο σύγχρονο, αποδοτικό και βιώσιμο - Στη Νάπολη το νεότευκτο υβριδικό Eco Adriatica - mononews #mononewsGR https://t.co/S0606Nawju",γκριμαλντι διαθετουμε στολο συγχρονο αποδοτικο και βιωσιμο στη ναπολη το νεοτευκτο υβριδικο eco adriatica mononews mononewsgr,0
Η Nissan εγκαινιάζει βιώσιμο χρηματοδοτικό πλαίσιο για τη χρηματοδότηση ηλεκτρικών οχημάτων https://t.co/DYf2x0UjS5,η nissan εγκαινιαζει βιωσιμο χρηματοδοτικο πλαισιο για τη χρηματοδοτηση ηλεκτρικων οχηματων,0
Η Nissan εγκαινιάζει βιώσιμο χρηματοδοτικό πλαίσιο για τη χρηματοδότηση ηλεκτρικών οχημάτων ... https://t.co/S4VO57tjZO,η nissan εγκαινιαζει βιωσιμο χρηματοδοτικο πλαισιο για τη χρηματοδοτηση ηλεκτρικων οχηματων,0
"#ΕΥΔΑΠ: Έμφαση στην πράσινη ενέργεια από Βιοαέριο, Υδροηλεκτρικά και Φωτοβολταϊκά - #mononewsGR https://t.co/6K8WZScZEN",ευδαπ εμφαση στην πρασινη ενεργεια απο βιοαεριο υδροηλεκτρικα και φωτοβολταϊκα mononewsgr,0
Περιφέρεια Θεσσαλίας και ΕΚΠΑ μελετούν τις επιπτώσεις του Ιανού στη Λίμνη Πλαστήρα https://t.co/CNL4PetVDj,περιφερεια θεσσαλιασ και εκπα μελετουν τισ επιπτωσεισ του ιανου στη λιμνη πλαστηρα,0
[Κλικ και διαβάστε στο newsbomb]Αειφορία σε τρεις άξονες: Οι δράσεις της Henkel για το περιβάλλον https://t.co/9c1CUdZu3s,κλικ και διαβαστε στο newsbombαειφορια σε τρεισ αξονεσ οι δρασεισ τησ henkel για το περιβαλλον,0
"Φωτιές και κλιματική αλλαγή πλήττουν την μελισσοκομία

Ο υφυπουργός Αγροτικής Ανάπτυξης, @SimosKedikoglou, αρθρογραφεί στο Newsbeast

https://t.co/b9xfv2aY9x",φωτιεσ και κλιματικη αλλαγη πληττουν την μελισσοκομια ο υφυπουργοσ αγροτικησ αναπτυξησ simoskedikoglou αρθρογραφει στο newsbeast,0
"Έχουμε γράψει πολλά άρθρα για τους τοξικούς ανθρώπους. Είναι άλλωστε άνθρωποι που έχουμε γύρω μας, είτε στο επαγγελματικό μας περιβάλλον, είτε στην προσωπική μας ζωή.
#ValueNewsgr #valuenews #GreeceNews #news https://t.co/LCha24M6MO",εχουμε γραψει πολλα αρθρα για τουσ τοξικουσ ανθρωπουσ ειναι αλλωστε ανθρωποι που εχουμε γυρω μασ ειτε στο επαγγελματικο μασ περιβαλλον ειτε στην προσωπικη μασ ζωη valuenewsgr valuenews greecenews news,0
"Κλιματική αλλαγή, σύγκρουση στον Ειρηνικό, απερίσκεπτοι “ηγέτες”, πολύτιμοι ημιαγωγοί, κυρώσεις και στις γκόμενες τις νυν και τις επόμενες. Ευτυχώς που τα άστρα είναι θετικά σήμερα… https://t.co/0JWzuOPJbw",κλιματικη αλλαγη συγκρουση στον ειρηνικο απερισκεπτοι ηγετεσ πολυτιμοι ημιαγωγοι κυρωσεισ και στισ γκομενεσ τισ νυν και τισ επομενεσ ευτυχωσ που τα αστρα ειναι θετικα σημερα,0
"Τότε το λέγαμε καλοκαίρι, σήμερα κλιματική αλλαγή – Ειδήσεις – νέα – Το Βήμα Online https://t.co/kmMwciZqth",τοτε το λεγαμε καλοκαιρι σημερα κλιματικη αλλαγη ειδησεισ νεα το βημα online,0
[Κλικ και διαβάστε στο mononews]Stéphane Monier(Lombard Odier):  Πότε ενσωματώνουμε τις τεχνολογικές επενδύσεις σε ένα βιώσιμο χαρτοφυλάκιο https://t.co/THXJ0Jo07h,κλικ και διαβαστε στο mononewsstéphane monierlombard odier ποτε ενσωματωνουμε τισ τεχνολογικεσ επενδυσεισ σε ενα βιωσιμο χαρτοφυλακιο,0
"Η καθαρή ενέργεια, η βιώσιμη ανάπτυξη και η προστασία του περιβάλλοντος “πρωταγωνιστούν” στο αφιέρωμα της Κυκλικής Οικονομίας στην 86η ΔΕΘ https://t.co/s0snyb05ZF",η καθαρη ενεργεια η βιωσιμη αναπτυξη και η προστασια του περιβαλλοντοσ πρωταγωνιστουν στο αφιερωμα τησ κυκλικησ οικονομιασ στην η δεθ,0
Η βιώσιμη ανάπτυξη γίνεται τρόπος ζωής: Ανακύκλωση και δράσεις για το περιβάλλον - https://t.co/trsLuY2w23 https://t.co/Yt7X6eCK6N,η βιωσιμη αναπτυξη γινεται τροποσ ζωησ ανακυκλωση και δρασεισ για το περιβαλλον,0
"Εκμεταλλευόμενοι το ασταθές διεθνές περιβάλλον, οι Τούρκοι απασφάλισαν πλήρως
#τουρκια
https://t.co/urWLAjqlMN",εκμεταλλευομενοι το ασταθεσ διεθνεσ περιβαλλον οι τουρκοι απασφαλισαν πληρωσ τουρκια,0
[Κλικ και διαβάστε στο skai](video)«Ένα γράμμα από την Ιένη»: Μία ταινία για το περιβάλλον από τη Σενεγάλη με μηνύματα για την  #Ελλάδα https://t.co/EJtRm4UQFm,κλικ και διαβαστε στο skaivideoενα γραμμα απο την ιενη μια ταινια για το περιβαλλον απο τη σενεγαλη με μηνυματα για την ελλαδα,0
Το CNN ετοιμάζει προπαγάνδα για την κλιματική αλλαγή https://t.co/mdzf4Y8c5n,το cnn ετοιμαζει προπαγανδα για την κλιματικη αλλαγη,0
Stéphane Monier (Lombard Odier): Πότε ενσωματώνουμε τις τεχνολογικές επενδύσεις σε ένα βιώσιμο χαρτοφυλάκιο - mononews #mononewsGR https://t.co/fV94jKDBCh,stéphane monier lombard odier ποτε ενσωματωνουμε τισ τεχνολογικεσ επενδυσεισ σε ενα βιωσιμο χαρτοφυλακιο mononews mononewsgr,0
Η κυκλική οικονομία στο επίκεντρο αφιερώματος της 86ης ΔΕΘ https://t.co/KxyyVgCJbD #businessnewsgr,η κυκλικη οικονομια στο επικεντρο αφιερωματοσ τησ ησ δεθ businessnewsgr,0
[Κλικ και διαβάστε στο iefimerida] #Θεσσαλονίκη: Η κυκλική οικονομία στο επίκεντρο του αφιερώματος της φετινής 86ης ΔΕΘ https://t.co/lg04RGIjUk,κλικ και διαβαστε στο iefimerida θεσσαλονικη η κυκλικη οικονομια στο επικεντρο του αφιερωματοσ τησ φετινησ ησ δεθ,0
RT @TheOpinion_News: Θεσσαλονίκη: Η κυκλική οικονομία στο επίκεντρο του αφιερώματος της φετινής 86ης ΔΕΘ https://t.co/jf0vVeQ5ir #Thessalon…,rt theopinion_news θεσσαλονικη η κυκλικη οικονομια στο επικεντρο του αφιερωματοσ τησ φετινησ ησ δεθ thessalon,0
ΔΕΗ: Δέσμευση στο Science Based Targets initiative για την κλιματική κρίση https://t.co/l8QDCCtLAJ,δεη δεσμευση στο science based targets initiative για την κλιματικη κριση,0
ΔΕΗ: Δέσμευση στο Science Based Targets initiative για την κλιματική κρίση https://t.co/GLZoJu2WXn,δεη δεσμευση στο science based targets initiative για την κλιματικη κριση,0
ΔΕΗ: Δέσμευση στο Science Based Targets initiative για την κλιματική κρίση https://t.co/DJTfweQnNK #businessnewsgr,δεη δεσμευση στο science based targets initiative για την κλιματικη κριση businessnewsgr,0
Με τους Πυροσβέστες από Φινλανδία και Νορβηγία ο Υπουργός Κλιματικής Κρίσης και Πολιτικής Προστασίας: «Η Ευρώπη ενώνει δυνάμεις ενάντια στην κλιματική κρίση» https://t.co/GG09VFec9A,με τουσ πυροσβεστεσ απο φινλανδια και νορβηγια ο υπουργοσ κλιματικησ κρισησ και πολιτικησ προστασιασ η ευρωπη ενωνει δυναμεισ εναντια στην κλιματικη κριση,0
RT @Moneypressgr: 86η ΔΕΘ: Η κυκλική οικονομία στο επίκεντρο του ειδικού αφιερώματος  #moneypress https://t.co/tuRkTMKiwC,rt moneypressgr η δεθ η κυκλικη οικονομια στο επικεντρο του ειδικου αφιερωματοσ moneypress,0
86η ΔΕΘ: Η κυκλική οικονομία στο επίκεντρο του ειδικού αφιερώματος  #moneypress https://t.co/tuRkTMKiwC,η δεθ η κυκλικη οικονομια στο επικεντρο του ειδικου αφιερωματοσ moneypress,0
Εκδήλωση για την κλιματική κρίση και οι συνέπειες της https://t.co/NRjFXnR054,εκδηλωση για την κλιματικη κριση και οι συνεπειεσ τησ,0
Η βιώσιμη ανάπτυξη γίνεται τρόπος ζωής: Ανακύκλωση και δράσεις για το περιβάλλον https://t.co/Tb7bBHo1Cb,η βιωσιμη αναπτυξη γινεται τροποσ ζωησ ανακυκλωση και δρασεισ για το περιβαλλον,0
«Βιώσιμη Ανάπτυξη στην Ορεινή Κρήτη» https://t.co/KP6nvztaej,βιωσιμη αναπτυξη στην ορεινη κρητη,0
Tουρισμός: και κλιματική αλλαγή | Ειδήσεις – νέα – Το Βήμα Online https://t.co/DygcM6wlLd,tουρισμοσ και κλιματικη αλλαγη ειδησεισ νεα το βημα online,0
Η κλιματική αλλαγή στοιχίζει τη ζωή σε χιλιάδες Ευρωπαίους - Ανησυχητικά στοιχεία για τους καύσωνες - https://t.co/pbrN25IwNd https://t.co/ScUGln1Rqo,η κλιματικη αλλαγη στοιχιζει τη ζωη σε χιλιαδεσ ευρωπαιουσ ανησυχητικα στοιχεια για τουσ καυσωνεσ,0
"Πρόκειται για ερευνητικό έργο στο πλαίσιο του οποίου θα υλοποιηθούν δράσεις που θα παρέχουν νέα γνώση στα στοιχεία που αφορούν το βιοτικό και αβιοτικό περιβάλλον του νησιού, το οικοσύστημα και την εξέλιξη της οριοθέτησής του… https://t.co/UoaXAfQHyU",προκειται για ερευνητικο εργο στο πλαισιο του οποιου θα υλοποιηθουν δρασεισ που θα παρεχουν νεα γνωση στα στοιχεια που αφορουν το βιοτικο και αβιοτικο περιβαλλον του νησιου το οικοσυστημα και την εξελιξη τησ οριοθετησησ του,0
"RT @gt_kke: 🔴Το σκάνδαλο των παρακολουθήσεων φέρνει στην επιφάνεια ένα σκοτεινό περιβάλλον &amp; διάτρητο θεσμικό πλαίσιο
🔴Το ΚΚΕ συμφωνεί στη…",rt gt_kke το σκανδαλο των παρακολουθησεων φερνει στην επιφανεια ενα σκοτεινο περιβαλλον amp διατρητο θεσμικο πλαισιο το κκε συμφωνει στη,0
"Το «ΑΝΑΚΥΚΛΩΝΩ-ΑΛΛΑΖΩ ΣΥΣΚΕΥΗ» επιχορηγεί νοικοκυριά για την αντικατάσταση παλαιών ηλεκτρικών συσκευών με νέες, φιλικές προς το περιβάλλον και ενεργειακά πιο αποδοτικές… η κυβέρνηση όμως του “άλλαξε” το όνομα σε… «ΔΕΝ ΑΝΑΚΥΚΛΩΝΩ-ΔΕΝ ΑΛΛΑΖΩ ΣΥΣΚΕΥΗ» https://t.co/TnbsgyaH4O",το ανακυκλωνωαλλαζω συσκευη επιχορηγει νοικοκυρια για την αντικατασταση παλαιων ηλεκτρικων συσκευων με νεεσ φιλικεσ προσ το περιβαλλον και ενεργειακα πιο αποδοτικεσ η κυβερνηση ομωσ του αλλαξε το ονομα σε δεν ανακυκλωνωδεν αλλαζω συσκευη,0
WWF: Η βιώσιμη αλιεία γίνεται πράξη σε Άνδρο και Κύθνο https://t.co/XiGrgCnQRK,wwf η βιωσιμη αλιεια γινεται πραξη σε ανδρο και κυθνο,0
Πιλοτικές δράσεις και έργα στο Δήμο Ιωαννιτών για το κλίμα και το περιβάλλον - https://t.co/Wa6jtfETgz https://t.co/uFDMpzuIWK,πιλοτικεσ δρασεισ και εργα στο δημο ιωαννιτων για το κλιμα και το περιβαλλον,0
Οι προβλέψεις αυτές διατυπώθηκαν έπειτα από τη δημοσιοποίηση του σχεδίου JetZero της Βρετανικής κυβέρνησης για την αντιμετώπιση του αντίκτυπου που έχουν οι αερομεταφορές στο περιβάλλον. Το σχέδιο δέχθηκε ευρεία κριτική καθώς θεωρήθηκε αναποτελεσματικό. https://t.co/jhzWGZ11eZ,οι προβλεψεισ αυτεσ διατυπωθηκαν επειτα απο τη δημοσιοποιηση του σχεδιου jetzero τησ βρετανικησ κυβερνησησ για την αντιμετωπιση του αντικτυπου που εχουν οι αερομεταφορεσ στο περιβαλλον το σχεδιο δεχθηκε ευρεια κριτικη καθωσ θεωρηθηκε αναποτελεσματικο,0
Ντύσιμο βιβλίων με διαφανές πλαστικό. Η αχρείαστη “προστασία” που επιβαρύνει το περιβάλλον - Vegan Times https://t.co/ZbJbUjwsNa,ντυσιμο βιβλιων με διαφανεσ πλαστικο η αχρειαστη προστασια που επιβαρυνει το περιβαλλον vegan times,0
"@Koufii_ds εννοείται, αλλά είναι σκουπίδι της ιστορίας του πολιτισμού και μας το πουλάνε για ατραξιόν, όταν τους επιστρέφουμε τα σκουπίδια, ωω το περιβάλλον.",koufii_ds εννοειται αλλα ειναι σκουπιδι τησ ιστοριασ του πολιτισμου και μασ το πουλανε για ατραξιον οταν τουσ επιστρεφουμε τα σκουπιδια ωω το περιβαλλον,0
Σε εξέλιξη η φωτιά σε δασική έκταση στη Σαμοθράκη - https://t.co/83UTSVEJHY #Σαμοθράκη #φωτιά #Περιβάλλον,σε εξελιξη η φωτια σε δασικη εκταση στη σαμοθρακη σαμοθρακη φωτια περιβαλλον,0
Ασφαλές περιβάλλον και δωρεάν νομική βοήθεια για την 26χρονη που την απείλησε με κατσαβίδι ο σύντροφός της https://t.co/q4sTGbkbMO #ΒΟΛΟΣ #ΓΙΩΡΓΟΣΒΕΛΙΣΙΩΤΗΣ #ΕΝΔΟΟΙΚΟΓΕΝΕΙΑΚΗΒΙΑ #ΚΑΤΣΑΒΙΔΙ,ασφαλεσ περιβαλλον και δωρεαν νομικη βοηθεια για την χρονη που την απειλησε με κατσαβιδι ο συντροφοσ τησ βολος γιωργοσβελισιωτης ενδοοικογενειακηβια κατσαβιδι,0
Νικήτας Σπίνος: Η επιτροπή είναι υπεύθυνη και για το περιβάλλον και για την καθαριότητα στο Ναυάγιο https://t.co/idV2ok1rXE,νικητασ σπινοσ η επιτροπη ειναι υπευθυνη και για το περιβαλλον και για την καθαριοτητα στο ναυαγιο,0
Γραμμένη Οξυά Ναυπακτίας: «ΟΛΟΙ ΜΑΖΙ ΜΠΟΡΟΥΜΕ» για το περιβάλλον https://t.co/GK56jHBKsN,γραμμενη οξυα ναυπακτιασ ολοι μαζι μπορουμε για το περιβαλλον,0
"Από την πρώτη στιγμή ο δράστης αναζητήθηκε στο περιβάλλον της γυναίκας και προσήχθη ένας άνδρας 50 ετών, ο πρώην σύζυγος της γυναίκας, ο οποίος στη συνέχεια συνελήφθη. Σύμφωνα με πληροφορίες, αγόρασε άκουα φόρτε (υδροχλωρικό

https://t.co/5jxB6VKvoz https://t.co/zuUjpLemWO",απο την πρωτη στιγμη ο δραστησ αναζητηθηκε στο περιβαλλον τησ γυναικασ και προσηχθη ενασ ανδρασ ετων ο πρωην συζυγοσ τησ γυναικασ ο οποιοσ στη συνεχεια συνεληφθη συμφωνα με πληροφοριεσ αγορασε ακουα φορτε υδροχλωρικο,0
"Τα νέα αναδιπλούμενα Samsung Galaxy smartphones ανοίγουν το δρόμο για ένα πιο βιώσιμο μέλλον, παρέχοντας την πιο ευέλικτη εμπειρία κινητής https://t.co/HDYxVTwOWY",τα νεα αναδιπλουμενα samsung galaxy smartphones ανοιγουν το δρομο για ενα πιο βιωσιμο μελλον παρεχοντασ την πιο ευελικτη εμπειρια κινητησ,0
"Ενημερωτικό Δελτίο
• Πολιτισμός • Ομογένεια  • Τουρισμός • Οικονομία • Ενέργεια • Περιβάλλον • Έρευνα • Κυκλοφοριακές ρυθμίσεις •
https://t.co/RnV5BLgDDE https://t.co/551zEx9gMT",ενημερωτικο δελτιο πολιτισμοσ ομογενεια τουρισμοσ οικονομια ενεργεια περιβαλλον ερευνα κυκλοφοριακεσ ρυθμισεισ,0
ΧΑΡΑΛΑΜΠΟΣ ΧΑΡΙΤΟΠΟΥΛΟΣ: ΚΛΙΜΑΤΙΚΗ ΑΛΛΑΓΗ ΚΑΙ ΥΠΕΡΘΕΡΜΑΝΣΗ ΤΟΥ ΠΛΑΝΗΤΗ ΑΛΗΘΕΙΑ Η ΑΠΑΤΗ; https://t.co/0KTbSzz2ux,χαραλαμπος χαριτοπουλος κλιματικη αλλαγη και υπερθερμανση του πλανητη αληθεια η απατη,0
Μαίνεται η φωτιά στη Θάσο - Ενισχύονται οι πυροσβεστικές δυνάμεις (VIDEO) - https://t.co/aOzjFuyPJb #ΘΑΣΟΣ #πυροσβεστική #φωτιά #Περιβάλλον,μαινεται η φωτια στη θασο ενισχυονται οι πυροσβεστικεσ δυναμεισ video θασος πυροσβεστικη φωτια περιβαλλον,0
ΙΛΛΥΡΙΑ WEB TV | ΠΡΟΣΧΗΜΑ ΤΟ ΠΕΡΙΒΑΛΛΟΝ ... ΣΤΟΧΟΣ Η ΕΞΑΘΛΙΩΣΗ ΤΟΥ ΠΟΛΙΤΗ | ΕΙΡΗΝΗ ΚΑΝΕΛΛΟΥ https://t.co/N1aNvwbVNy,ιλλυρια web tv προσχημα το περιβαλλον στοχος η εξαθλιωση του πολιτη ειρηνη κανελλου,0
ΙΛΛΥΡΙΑ WEB TV | ΠΡΟΣΧΗΜΑ ΤΟ ΠΕΡΙΒΑΛΛΟΝ ... ΣΤΟΧΟΣ Η ΕΞΑΘΛΙΩΣΗ ΤΟΥ ΠΟΛΙΤΗ | ΕΙΡΗΝΗ ΚΑΝΕΛΛΟΥ https://t.co/ruOWBav1gI,ιλλυρια web tv προσχημα το περιβαλλον στοχος η εξαθλιωση του πολιτη ειρηνη κανελλου,0
Αρκούδα με τα δυο μωρά της βολτάρει σε παραλίμνιο σημείο της πόλης της Καστοριάς - https://t.co/LTMMqkrM3p #αγριαζώα #αρκούδα #Περιβάλλον,αρκουδα με τα δυο μωρα τησ βολταρει σε παραλιμνιο σημειο τησ πολησ τησ καστοριασ αγριαζωα αρκουδα περιβαλλον,0
Η κλιματική αλλαγή ειναι υπεύθυνη για την κατάρρευση προηγμένων πολιτισμών? https://t.co/DG1CPvOffQ,η κλιματικη αλλαγη ειναι υπευθυνη για την καταρρευση προηγμενων πολιτισμων,0
Κλιματική αλλαγή: Βρετανός προετοιμάζεται για την «Αποκάλυψη» μετατρέποντας πρώην στρατώνα σε φάρμα - https://t.co/O139lqkdWD https://t.co/ZlTcXdUcH1,κλιματικη αλλαγη βρετανοσ προετοιμαζεται για την αποκαλυψη μετατρεποντασ πρωην στρατωνα σε φαρμα,0
Η κλιματική αλλαγή υπεύθυνη για την κατάρρευση προηγμένων πολιτισμών - Τι διδάσκει η Ιστορία - https://t.co/IWL7ufhiUF https://t.co/QXgHH77EI0,η κλιματικη αλλαγη υπευθυνη για την καταρρευση προηγμενων πολιτισμων τι διδασκει η ιστορια,0
Η κλιματική αλλαγή ευθύνεται για την κατάρρευση προηγμένων πολιτισμών – Τι αποκαλύπτει κορυφαίος καθηγητής γεω – οικολογίας https://t.co/9EODcpKZgk,η κλιματικη αλλαγη ευθυνεται για την καταρρευση προηγμενων πολιτισμων τι αποκαλυπτει κορυφαιοσ καθηγητησ γεω οικολογιασ,0
"Γκέρχαρντ Γκέρολντ: Η κλιματική αλλαγή υπεύθυνη για την κατάρρευση προηγμένων πολιτισμών

https://t.co/R7x8RbPoKO

#climate https://t.co/geQP0GUKJ2",γκερχαρντ γκερολντ η κλιματικη αλλαγη υπευθυνη για την καταρρευση προηγμενων πολιτισμων climate,0
Η κλιματική αλλαγή υπεύθυνη για την κατάρρευση προηγμένων πολιτισμών https://t.co/4DNU57FJv2,η κλιματικη αλλαγη υπευθυνη για την καταρρευση προηγμενων πολιτισμων,0
"Η κλιματική αλλαγή υπεύθυνη για την κατάρρευση προηγμένων πολιτισμών, λέει Γερμανός καθηγητής γεωοικολογίας--https://t.co/WSDnLtVvAN",η κλιματικη αλλαγη υπευθυνη για την καταρρευση προηγμενων πολιτισμων λεει γερμανοσ καθηγητησ γεωοικολογιασ,0
"Γκέρχαρντ Γκέρολντ: Η κλιματική αλλαγή υπεύθυνη για την κατάρρευση προηγμένων πολιτισμών,
https://t.co/7S8baxJqi1,",γκερχαρντ γκερολντ η κλιματικη αλλαγη υπευθυνη για την καταρρευση προηγμενων πολιτισμων,0
ΙΛΛΥΡΙΑ WEB TV | ΟΙΚΟΝΟΜΙΑ ΚΑΙ ΠΕΡΙΒΑΛΛΟΝ | ΕΙΡΗΝΗ ΚΑΝΕΛΛΟΥ https://t.co/GaVjYv510B,ιλλυρια web tv οικονομια και περιβαλλον ειρηνη κανελλου,0
Πράσινη οικονομία και επενδύσεις είναι το μέλλον της Ευρώπης - https://t.co/eiOPQNSsIs https://t.co/mA0ufXozk0  #ΕΕ,πρασινη οικονομια και επενδυσεισ ειναι το μελλον τησ ευρωπησ εε,0
"@Melaplaystowin Ο Σταύρος ΕΙΝΑΙ ο πατέρας από την στιγμή που η Αργυρώ τον παντρεύτηκε και τον έβαλε μέσα στην ζωή της ίδιας και του παιδιού της. Όλοι στο περιβάλλον του μωρού, όπως και το ίδιο, αναγνωρίζουν εκείνον ως πατέρα του παιδιού καθώς είναι εκεί από τη στιγμή που γεννήθηκε. Τόσο απλό",melaplaystowin ο σταυροσ ειναι ο πατερασ απο την στιγμη που η αργυρω τον παντρευτηκε και τον εβαλε μεσα στην ζωη τησ ιδιασ και του παιδιου τησ ολοι στο περιβαλλον του μωρου οπωσ και το ιδιο αναγνωριζουν εκεινον ωσ πατερα του παιδιου καθωσ ειναι εκει απο τη στιγμη που γεννηθηκε τοσο απλο,0
Revenge porn στη Βόρεια Ελλάδα: Αλλάζουν τα δεδομένα στην υπόθεση &amp;#8211; Ο ρόλος γυναίκας από το περιβάλλον του δράστη https://t.co/KINXJl9xRu,revenge porn στη βορεια ελλαδα αλλαζουν τα δεδομενα στην υποθεση amp ο ρολοσ γυναικασ απο το περιβαλλον του δραστη,0
Revenge porn στη Βόρεια Ελλάδα: Νέα τροπή στην υπόθεση – Ο ρόλος γυναίκας από το περιβάλλον του δράστη ... https://t.co/TpONtIBvQg,revenge porn στη βορεια ελλαδα νεα τροπη στην υποθεση ο ρολοσ γυναικασ απο το περιβαλλον του δραστη,0
[Κλικ και διαβάστε στο Huffington Post]Γιατί η κλιματική  #Αλλαγή διχάζει τη Γροιλανδία https://t.co/Bqt9eCx8BT,κλικ και διαβαστε στο huffington postγιατι η κλιματικη αλλαγη διχαζει τη γροιλανδια,0
RT @FChaniwn: Τυφλή γατούλα για σπίτι! 😻❤️Είναι μόλις 3 μηνών και αναζητά μια οικογένεια γιατί δεν μπορεί να επιβιώσει στο δρόμο. 😿 Τα τυφλ…,rt fchaniwn τυφλη γατουλα για σπιτι ειναι μολισ μηνων και αναζητα μια οικογενεια γιατι δεν μπορει να επιβιωσει στο δρομο τα τυφλ,0
Λαμία: Πυρκαγιά ξέσπασε στο χωριό Σύκα Φθιώτιδας - https://t.co/n4Z3rnd1fZ #featured #trend #Λαμία #Φθιώτιδα #φωτιά #Περιβάλλον,λαμια πυρκαγια ξεσπασε στο χωριο συκα φθιωτιδασ featured trend λαμια φθιωτιδα φωτια περιβαλλον,0
Τέθηκε υπό έλεγχο η φωτιά στη Φθιώτιδα - https://t.co/GyXaGvfXwB #Λαμία #Φθιώτιδα #Περιβάλλον,τεθηκε υπο ελεγχο η φωτια στη φθιωτιδα λαμια φθιωτιδα περιβαλλον,0
RT @FChaniwn: Τυφλή γατούλα για σπίτι! 😻❤️Είναι μόλις 3 μηνών και αναζητά μια οικογένεια γιατί δεν μπορεί να επιβιώσει στο δρόμο. 😿 Τα τυφλ…,rt fchaniwn τυφλη γατουλα για σπιτι ειναι μολισ μηνων και αναζητα μια οικογενεια γιατι δεν μπορει να επιβιωσει στο δρομο τα τυφλ,0
ΙΛΛΥΡΙΑ WEB TV | Η ΚΑΤΑΣΤΡΟΦΗ ΣΤΟ ΠΕΡΙΒΑΛΛΟΝ ΚΑΙ Η ΣΥΝΕΠΕΙΕΣ | ΓΙΑΝΝΗΣ ΜΑΖΗΣ https://t.co/jwrZLJF5K7,ιλλυρια web tv η καταστροφη στο περιβαλλον και η συνεπειες γιαννης μαζης,0
ΧΑΡΑΛΑΜΠΟΣ ΧΑΡΙΤΟΠΟΥΛΟΣ: ΚΛΙΜΑΤΙΚΗ ΑΛΛΑΓΗ ΤΙ ΙΣΧΥΕΙ ΠΡΑΓΜΑΤΙΚΑ; https://t.co/6konRSMNSv,χαραλαμπος χαριτοπουλος κλιματικη αλλαγη τι ισχυει πραγματικα,0
Φώτα Led σε όλους τους κεντρικούς οδικούς άξονες της Αττικής https://t.co/go9ql0eoyY,φωτα led σε ολουσ τουσ κεντρικουσ οδικουσ αξονεσ τησ αττικησ,0
Η εντυπωσιακή φυσική πισίνα μέσα σε παγόβουνο https://t.co/iYGbdoA3vY #ΠΑΡΑΞΕΝΑ #ΠΕΡΙΒΑΛΛΟΝ https://t.co/5RJfMtz35s,η εντυπωσιακη φυσικη πισινα μεσα σε παγοβουνο παραξενα περιβαλλον,0
Περιβάλλον και κλιματική αλλαγή στο 35ο συνέδριο Μυλοποταμιτών https://t.co/jxVHGlZ9a3,περιβαλλον και κλιματικη αλλαγη στο ο συνεδριο μυλοποταμιτων,0
Ο ρόλος του ανθρώπινου δυναμικού στη βιώσιμη ανάπτυξη των εταιρειών: Στόχοι και προκλήσεις https://t.co/HfHM7FD0mq,ο ρολοσ του ανθρωπινου δυναμικου στη βιωσιμη αναπτυξη των εταιρειων στοχοι και προκλησεισ,0
"Το «ΑΝΑΚΥΚΛΩΝΩ-ΑΛΛΑΖΩ ΣΥΣΚΕΥΗ» επιχορηγεί νοικοκυριά για την αντικατάσταση παλαιών ηλεκτρικών συσκευών με νέες, φιλικές προς το περιβάλλον και ενεργειακά πιο αποδοτικές… η κυβέρνηση όμως του “άλλαξε” το όνομα σε… «ΔΕΝ ΑΝΑΚΥΚΛΩΝΩ-ΔΕΝ ΑΛΛΑΖΩ ΣΥΣΚΕΥΗ» https://t.co/J3bRpLCH6o",το ανακυκλωνωαλλαζω συσκευη επιχορηγει νοικοκυρια για την αντικατασταση παλαιων ηλεκτρικων συσκευων με νεεσ φιλικεσ προσ το περιβαλλον και ενεργειακα πιο αποδοτικεσ η κυβερνηση ομωσ του αλλαξε το ονομα σε δεν ανακυκλωνωδεν αλλαζω συσκευη,0
"RT @VMdesignblogg: Μια μπουλντόζα θάβει λεπίδες ανεμογεννητριών, καθώς όταν φθείρονται δεν υπάρχει τρόπος ανακύκλωσης. Πράσινη ενέργεια και…",rt vmdesignblogg μια μπουλντοζα θαβει λεπιδεσ ανεμογεννητριων καθωσ οταν φθειρονται δεν υπαρχει τροποσ ανακυκλωσησ πρασινη ενεργεια και,0
"RT @VMdesignblogg: Μια μπουλντόζα θάβει λεπίδες ανεμογεννητριών, καθώς όταν φθείρονται δεν υπάρχει τρόπος ανακύκλωσης. Πράσινη ενέργεια και…",rt vmdesignblogg μια μπουλντοζα θαβει λεπιδεσ ανεμογεννητριων καθωσ οταν φθειρονται δεν υπαρχει τροποσ ανακυκλωσησ πρασινη ενεργεια και,0
"Το μικρό κίτρινο πράγμα είναι μπουλντόζα. Θάβει λεπίδες ανεμόμυλου που χρησιμοποιούνται για πράσινη ενέργεια.
Γιατί; Γιατί είναι φθαρμένα και δεν υπάρχει τρόπος ανακύκλωσης προς το παρόν.
Έτσι λειτουργεί η πράσινη ενέργεια!
Απλά θάψτε τους στο χώμα.. https://t.co/qGQoj8rjpv",το μικρο κιτρινο πραγμα ειναι μπουλντοζα θαβει λεπιδεσ ανεμομυλου που χρησιμοποιουνται για πρασινη ενεργεια γιατι γιατι ειναι φθαρμενα και δεν υπαρχει τροποσ ανακυκλωσησ προσ το παρον ετσι λειτουργει η πρασινη ενεργεια απλα θαψτε τουσ στο χωμα,0
"Ενημερωτικό Δελτίο
• Πολιτισμός • Τουρισμός • Οικονομία • Ενέργεια • Περιβάλλον • Έρευνα • Διαγωνισμός • Υγεία • Ακίνητα •
https://t.co/ZbgBr5G8Wg https://t.co/VoPui7FnZx",ενημερωτικο δελτιο πολιτισμοσ τουρισμοσ οικονομια ενεργεια περιβαλλον ερευνα διαγωνισμοσ υγεια ακινητα,0
Βιώσιμη και δίκαιη ανάπτυξη με ισχυρή Δημόσια Υγεία και Κοινωνική Φροντίδα https://t.co/V7qI31AKUi,βιωσιμη και δικαιη αναπτυξη με ισχυρη δημοσια υγεια και κοινωνικη φροντιδα,0
"Επιτροπή Πρέβεζα ”Ιστορία΄-Περιβάλλον-Πολιτισμός” – Γόρανα, ένα ξεχασμένο χωριό via @onprevezanews https://t.co/41m6OmCqRf",επιτροπη πρεβεζα ιστοριαπεριβαλλονπολιτισμοσ γορανα ενα ξεχασμενο χωριο via onprevezanews,0
"Εκπαιδευτικοί όμιλοι – μέντορες – ενδοσχολικοί συντονιστές: οι καινοτομίες στα σχολεία μας συνεχίζονται, αναβαθμίζοντας το εκπαιδευτικό έργο και το σχολικό περιβάλλον https://t.co/aieWrgBx0J https://t.co/giG9cw7rlf",εκπαιδευτικοι ομιλοι μεντορεσ ενδοσχολικοι συντονιστεσ οι καινοτομιεσ στα σχολεια μασ συνεχιζονται αναβαθμιζοντασ το εκπαιδευτικο εργο και το σχολικο περιβαλλον,0
Αυστηρότερο το νομικό πλαίσιο με τσουχτερά πρόστιμα για όσους ρυπαίνουν τους δρόμους με αφίσες https://t.co/L9x3YTXil4 #ΠΕΡΙΒΑΛΛΟΝ https://t.co/DoalcGpqUl,αυστηροτερο το νομικο πλαισιο με τσουχτερα προστιμα για οσουσ ρυπαινουν τουσ δρομουσ με αφισεσ περιβαλλον,0
Υπ. Παιδείας: Οι τρεις καινοτομίες που αναβαθμίζουν εκπαίδευση και περιβάλλον - https://t.co/eiOPQNARjS https://t.co/3miWriL7vt #Εκπαίδευση #Καινοτομίες #Περιβάλλλον #Σχολεία #ΥπουργείοΠαιδείας,υπ παιδειασ οι τρεισ καινοτομιεσ που αναβαθμιζουν εκπαιδευση και περιβαλλον εκπαιδευση καινοτομιεσ περιβαλλλον σχολεια υπουργειοπαιδειασ,0
ΙΛΛΥΡΙΑ WEB TV | ΠΕΡΙΒΑΛΛΟΝ - ΟΠΤΙΚΗ ΡΥΠΑΝΣΗ | ΕΙΡΗΝΗ ΚΑΝΕΛΛΟΥ https://t.co/TjC23X9fRV,ιλλυρια web tv περιβαλλον οπτικη ρυπανση ειρηνη κανελλου,0
Η Acer επεκτείνει τη φιλική προς το περιβάλλον σειρά Vero με το Acer Chromebook Vero 514 https://t.co/Q8zHiKHxG5 https://t.co/srEH7rl5xf,η acer επεκτεινει τη φιλικη προσ το περιβαλλον σειρα vero με το acer chromebook vero,0
"RT @CyMOApress: Επίσκεψη Υπουργού ΓΑΑΠ ,Κώστα Καδή στην Αίγυπτο: Στόχος η υιοθέτηση της πρωτοβουλίας της Κύπρου για την Κλιματική Αλλαγή, σ…",rt cymoapress επισκεψη υπουργου γααπ κωστα καδη στην αιγυπτο στοχοσ η υιοθετηση τησ πρωτοβουλιασ τησ κυπρου για την κλιματικη αλλαγη σ,0
"Επίσκεψη Υπουργού ΓΑΑΠ ,Κώστα Καδή στην Αίγυπτο: Στόχος η υιοθέτηση της πρωτοβουλίας της Κύπρου για την Κλιματική Αλλαγή, στην Διάσκεψη των Ηνωμένων Εθνών για το Κλίμα.#KadesEgypt https://t.co/KwfbFqfMA6",επισκεψη υπουργου γααπ κωστα καδη στην αιγυπτο στοχοσ η υιοθετηση τησ πρωτοβουλιασ τησ κυπρου για την κλιματικη αλλαγη στην διασκεψη των ηνωμενων εθνων για το κλιμαkadesegypt,0
"Στο σημερινό αβέβαιο οικονομικό περιβάλλον, οι επιχειρήσεις θα πρέπει να είναι σε θέση να κινηθούν άμεσα για να εκμεταλλευτούν τις ευκαιρίες πριν από τον ανταγωνισμό.

https://t.co/hSo1V2UQxv https://t.co/k6tkl3c2Gm",στο σημερινο αβεβαιο οικονομικο περιβαλλον οι επιχειρησεισ θα πρεπει να ειναι σε θεση να κινηθουν αμεσα για να εκμεταλλευτουν τισ ευκαιριεσ πριν απο τον ανταγωνισμο,0
Η Vodafone στηρίζει το συνέδριο του ΟΗΕ για την κλιματική αλλαγή https://t.co/mqrFi24RaR,η vodafone στηριζει το συνεδριο του οηε για την κλιματικη αλλαγη,0
Υπό μερικό έλεγχο η φωτιά στο Λαύριο - https://t.co/ZiqnxSWuX0 #Ελλάδα #πυρκαγιές #Περιβάλλον,υπο μερικο ελεγχο η φωτια στο λαυριο ελλαδα πυρκαγιεσ περιβαλλον,0
ΕΕ: Ετοιμάζουν νέα lockdown και περιορισμό της κυκλοφορίας των πολιτών με πρόφαση την κλιματική αλλαγή! https://t.co/qrUJU0BiSD μέσω @Fornews_Portal,εε ετοιμαζουν νεα lockdown και περιορισμο τησ κυκλοφοριασ των πολιτων με προφαση την κλιματικη αλλαγη μεσω fornews_portal,0
"Οι ανανεώσιμες πηγές ενέργειας και η ενίσχυση των επενδύσεων στο επίκεντρο της συνάντησης του πρωθυπουργού με τον Πρόεδρο των Η.Α.Ε
https://t.co/jxFmc49ZYf",οι ανανεωσιμεσ πηγεσ ενεργειασ και η ενισχυση των επενδυσεων στο επικεντρο τησ συναντησησ του πρωθυπουργου με τον προεδρο των ηαε,0
Φωτιά ξέσπασε στο Λαύριο - https://t.co/iWGaGtNZIp #Λαύριο #φωτιά #Περιβάλλον,φωτια ξεσπασε στο λαυριο λαυριο φωτια περιβαλλον,0
"Οι ανανεώσιμες πηγές ενέργειας και η ενίσχυση των επενδύσεων στο επίκεντρο της συνάντησης του @PrimeministerGR με τον Πρόεδρο των Η.Α.Ε

https://t.co/AbkQD2jxeZ",οι ανανεωσιμεσ πηγεσ ενεργειασ και η ενισχυση των επενδυσεων στο επικεντρο τησ συναντησησ του primeministergr με τον προεδρο των ηαε,0
"Μητσοτάκης: Ζητάτε εκλογές σε αυτό το περιβάλλον αστάθειας, χωρίς να αναλογίζεστε τι μπορεί να σημαίνει αυτό - Τι θα σήμαινε μια υπηρεσιακή κυβέρνηση εν μέσω αυτής της κρίσης - Θέλετε κε.Τσίπρα να οδηγήσετε την χώρα στην αστάθεια",μητσοτακησ ζητατε εκλογεσ σε αυτο το περιβαλλον ασταθειασ χωρισ να αναλογιζεστε τι μπορει να σημαινει αυτο τι θα σημαινε μια υπηρεσιακη κυβερνηση εν μεσω αυτησ τησ κρισησ θελετε κετσιπρα να οδηγησετε την χωρα στην ασταθεια,0
Στην Αθήνα ο Τζον Κέρι για την κλιματική κρίση https://t.co/7RsmpPkSEW,στην αθηνα ο τζον κερι για την κλιματικη κριση,0
''Ο #Ζελενσκι διέφυγε με το περιβάλλον του άρον άρον από το Κίεβο στο Λβοβ όπου τέθηκε υπό την προστασία των νεοναζί'' (Πρόεδρος της Δούμας Ρωσίας) #Zelensky https://t.co/XW5QWQ6b3G,ο ζελενσκι διεφυγε με το περιβαλλον του αρον αρον απο το κιεβο στο λβοβ οπου τεθηκε υπο την προστασια των νεοναζι προεδροσ τησ δουμασ ρωσιασ zelensky,0
"''Ο #Ζελενσκι διέφυγε με το περιβάλλον του άρον άρον από το Κίεβο στο Λβοβ όπου τέθηκε υπό την προστασία των νεοναζί'' (Πρόεδρος της Δούμας Ρωσίας) #Zelensky #Ουκρανια #Ρωσια 
https://t.co/XW5QWQ6b3G",ο ζελενσκι διεφυγε με το περιβαλλον του αρον αρον απο το κιεβο στο λβοβ οπου τεθηκε υπο την προστασια των νεοναζι προεδροσ τησ δουμασ ρωσιασ zelensky ουκρανια ρωσια,0
"Πέλλα: Σκουπιδότοπος και κίνδυνος από τοξικά απόβλητα σε δεξαμενή (video)

#mynewsgr  #πελλα #σκουπιδια #περιβαλλον #τοξικα #οικολογια #ανακυκλωση #recycle 

https://t.co/i4t6EuR6Ie",πελλα σκουπιδοτοποσ και κινδυνοσ απο τοξικα αποβλητα σε δεξαμενη video mynewsgr πελλα σκουπιδια περιβαλλον τοξικα οικολογια ανακυκλωση recycle,0
Σοκ: Προωθούν τον κανιβαλισμό ως λύση για την επισιτιστική κρίση και την… κλιματική αλλαγή! (βίντεο) https://t.co/pG2VuJlAQv μέσω @Fornews_Portal,σοκ προωθουν τον κανιβαλισμο ωσ λυση για την επισιτιστικη κριση και την κλιματικη αλλαγη βιντεο μεσω fornews_portal,0
Σοκ: Προωθούν τον κανιβαλισμό ως λύση για επισιτιστική κρίση-κλιματική αλλαγή!!!https://t.co/sBUM85tvWz,σοκ προωθουν τον κανιβαλισμο ωσ λυση για επισιτιστικη κρισηκλιματικη αλλαγη,0
"«Είναι τρελό από άποψη εθνικής ασφάλειας και κακό για το περιβάλλον να κλείνουν (τα εργοστάσια)», έγραψε ο ιδρυτής της Tesla στο Twitter. https://t.co/ybapZI3Ofs",ειναι τρελο απο αποψη εθνικησ ασφαλειασ και κακο για το περιβαλλον να κλεινουν τα εργοστασια εγραψε ο ιδρυτησ τησ tesla στο twitter,0
"Προπονητής Βερόνα: «Θέλαμε να κρατήσουμε τον Ρέτσο, αλλά αποφάσισε να αλλάξει περιβάλλον» #athlosnews #ΑΘΛΟΣ https://t.co/XP9GKo1IDA",προπονητησ βερονα θελαμε να κρατησουμε τον ρετσο αλλα αποφασισε να αλλαξει περιβαλλον athlosnews αθλος,0
Διημερίδα εκδηλώσεων του Δικτύου Πίνδος για την κλιματική αλλαγή https://t.co/6CeQSAFdbT μέσω @mouzakinews.gr,διημεριδα εκδηλωσεων του δικτυου πινδοσ για την κλιματικη αλλαγη μεσω mouzakinewsgr,0
"RT @vickdimin: Ηλικίες 0-14 ετών.
Αύξηση +542%  non-covid θανάτων σε όλη την Ευρώπη.
Φαουστφουντάδικα,κλιματική αλλαγή,long covid...
Κοιμηθ…",rt vickdimin ηλικιεσ ετων αυξηση noncovid θανατων σε ολη την ευρωπη φαουστφουνταδικακλιματικη αλλαγηlong covid κοιμηθ,0
"Μ. Γραφάκος: Θετικός για τους πολίτες και το περιβάλλον ο τριετής απολογισμός στη διαχείριση αποβλήτων

https://t.co/1DjPdfMJ47",μ γραφακοσ θετικοσ για τουσ πολιτεσ και το περιβαλλον ο τριετησ απολογισμοσ στη διαχειριση αποβλητων,0
"Αττική Οδός: Επενδύοντας διαχρονικά στον άνθρωπο, την κοινωνία, το περιβάλλον και την ασφάλειά μας https://t.co/ICDaW9fAoR",αττικη οδοσ επενδυοντασ διαχρονικα στον ανθρωπο την κοινωνια το περιβαλλον και την ασφαλεια μασ,0
"Oι προκλήσεις από την κλιματική αλλαγή και η εμβάθυνση της συνεργασίας Ελλάδας-ΗΠΑ, στο επίκεντρο της συνάντησης Κυρ. Μητσοτάκη – Τζ. Κέρι

https://t.co/E40cEn8IQX",oι προκλησεισ απο την κλιματικη αλλαγη και η εμβαθυνση τησ συνεργασιασ ελλαδασηπα στο επικεντρο τησ συναντησησ κυρ μητσοτακη τζ κερι,0
Πράσινο φως από Κομισιόν στο πρόγραμμα ΕΣΠΑ «Περιβάλλον και Κλιματική Αλλαγή 2021-2027» https://t.co/asEjXIuWNL,πρασινο φωσ απο κομισιον στο προγραμμα εσπα περιβαλλον και κλιματικη αλλαγη,0
Τι είπαν για την κλιματική αλλαγή Μητσοτάκης – Κέρι https://t.co/BoD2NGeih4,τι ειπαν για την κλιματικη αλλαγη μητσοτακησ κερι,0
ΔΙΚΤΥΟ ΠΙΝΔΟΣ: Διημερίδα για την κλιματική αλλαγή στην Πύλη από 2 έως 4 Σεπτεμβρίου – Αναλυτικά το πρόγραμμα https://t.co/DeZNjh4Jsk μέσω @mouzakinews.gr https://t.co/9sQnFs1oKV,δικτυο πινδος διημεριδα για την κλιματικη αλλαγη στην πυλη απο εωσ σεπτεμβριου αναλυτικα το προγραμμα μεσω mouzakinewsgr,0
EΣΠΑ: «Πράσινο φως» από την Κομισιόν στο πρόγραμμα «Περιβάλλον και Κλιματική Αλλαγή 2021-2027» https://t.co/xkhntDzLFl,eσπα πρασινο φωσ απο την κομισιον στο προγραμμα περιβαλλον και κλιματικη αλλαγη,0
"Oι προκλήσεις από την κλιματική αλλαγή και η εμβάθυνση της συνεργασίας Ελλάδας-ΗΠΑ, στο επίκεντρο της συνάντησης  Μητσοτάκη –  Κέρι
https://t.co/UB62xX462j",oι προκλησεισ απο την κλιματικη αλλαγη και η εμβαθυνση τησ συνεργασιασ ελλαδασηπα στο επικεντρο τησ συναντησησ μητσοτακη κερι,0
"Ενδιαφέροντα συμπεράσματα για την επίδραση της πανδημίας COVID-19 στο εργασιακό περιβάλλον και στη συμπεριφορά επιχειρήσεων και εργαζομένων ανέδειξε η έρευνα του ομίλου Adecco, με τίτλο «Disconnect toReconnect», στην οποία συμμετείχαν πάνω από 1000

https://t.co/7J7TWhB1Xs",ενδιαφεροντα συμπερασματα για την επιδραση τησ πανδημιασ covid στο εργασιακο περιβαλλον και στη συμπεριφορα επιχειρησεων και εργαζομενων ανεδειξε η ερευνα του ομιλου adecco με τιτλο disconnect toreconnect στην οποια συμμετειχαν πανω απο,0
"Έρευνα Adecco: Η επίδραση του #COVID19 στο εργασιακό περιβάλλον και στη συμπεριφορά επιχειρήσεων και εργαζομένων

https://t.co/5SmCpY8dLZ",ερευνα adecco η επιδραση του covid στο εργασιακο περιβαλλον και στη συμπεριφορα επιχειρησεων και εργαζομενων,0
Η επίδραση της πανδημίας COVID-19 στο εργασιακό περιβάλλον https://t.co/pqHVU0Kl3l,η επιδραση τησ πανδημιασ covid στο εργασιακο περιβαλλον,0
Μασσαλία: Αντιδράσεις για την έλευση υπερπολυτελούς κρουαζιερόπλοιου - «Πλήττει το περιβάλλον» https://t.co/g1NVrfk7bg,μασσαλια αντιδρασεισ για την ελευση υπερπολυτελουσ κρουαζιεροπλοιου πληττει το περιβαλλον,0
"Το Ρότερνταμ έγινε η πρώτη πόλη στον κόσμο που διαθέτει πάρκο με φωτισμό που τροφοδοτείται με φυτά, μια εντελώς φιλική προς το περιβάλλον και διαδραστική ιδέα και ελπίζουν να το χρησιμοποιήσουν σε μεγάλη κλίμακα.
https://t.co/qpr32pyIjb",το ροτερνταμ εγινε η πρωτη πολη στον κοσμο που διαθετει παρκο με φωτισμο που τροφοδοτειται με φυτα μια εντελωσ φιλικη προσ το περιβαλλον και διαδραστικη ιδεα και ελπιζουν να το χρησιμοποιησουν σε μεγαλη κλιμακα,0
Έρευνα Adecco: Η επίδραση της πανδημίας COVID-19 στο εργασιακό περιβάλλον - https://t.co/HOdHXBpLjo https://t.co/Idx3UPEgQt,ερευνα adecco η επιδραση τησ πανδημιασ covid στο εργασιακο περιβαλλον,0
Έρευνα Adecco: Πώς επέδρασε η πανδημία στο εργασιακό περιβάλλον και στη συμπεριφορά επιχειρήσεων και εργαζομένων https://t.co/xjVHiE3GE9 #businessnewsgr,ερευνα adecco πωσ επεδρασε η πανδημια στο εργασιακο περιβαλλον και στη συμπεριφορα επιχειρησεων και εργαζομενων businessnewsgr,0
Η ώρα της #Motor #Oil να ανακοινώσει εκπληκτικά #κέρδη – Πως θα αντιδράσει η μετοχή με τέτοιο περιβάλλον; https://t.co/QGklISbNBs,η ωρα τησ motor oil να ανακοινωσει εκπληκτικα κερδη πωσ θα αντιδρασει η μετοχη με τετοιο περιβαλλον,0
Αυτοί είναι οι έξι στρατηγικοί στόχοι του επιχειρησιακού πρόγραμματος του ΕΣΠΑ «Περιβάλλον και Κλιματική Αλλαγή» https://t.co/eiSvi77s9T,αυτοι ειναι οι εξι στρατηγικοι στοχοι του επιχειρησιακου προγραμματοσ του εσπα περιβαλλον και κλιματικη αλλαγη,0
"Το ΚΚΕ Κισσάμου αναφέρεται στις σχεδιαζόμενες επενδύσεις σε Λαφονήσι, Φαλάσαρνα και Στόμιο, αλλά και στην ουσιαστική αδιαφορία για το περιβάλλον https://t.co/9v9WasmzyJ",το κκε κισσαμου αναφερεται στισ σχεδιαζομενεσ επενδυσεισ σε λαφονησι φαλασαρνα και στομιο αλλα και στην ουσιαστικη αδιαφορια για το περιβαλλον,0
Η επίδραση της πανδημίας COVID-19 στο εργασιακό περιβάλλον και στη συμπεριφορά επιχειρήσεων και εργαζομένων https://t.co/BWqW5velub,η επιδραση τησ πανδημιασ covid στο εργασιακο περιβαλλον και στη συμπεριφορα επιχειρησεων και εργαζομενων,0
Η κυκλική οικονομία στην 86η ΔΕΘ - https://t.co/eiOPQNSsIs https://t.co/KMEN6XkYpb #86ηΔΕΘ #ΒιώσιμηΑνάπτυξη #ΚαθαρήΕνέργεια #ΚυκλικήΟικονομία,η κυκλικη οικονομια στην η δεθ ηδεθ βιωσιμηαναπτυξη καθαρηενεργεια κυκλικηοικονομια,0
"[Κλικ και διαβάστε στο thetoc] #Κέρκυρα: Το εύρημα που μπορεί να ""κάψει"" τον στραγγαλιστή της 93χρονης - Στο συγγενικό περιβάλλον ψάχνουν οι αρ https://t.co/yO3PaADraO",κλικ και διαβαστε στο thetoc κερκυρα το ευρημα που μπορει να καψει τον στραγγαλιστη τησ χρονησ στο συγγενικο περιβαλλον ψαχνουν οι αρ,0
"Με έναν τύπο κινητήρα που χρησιμοποιείται σε ανεμιστήρες, η έρευνα του Robert Sansone θα μπορούσε να ανοίξει το δρόμο για μία πιο οικονομική και φιλική προς το περιβάλλον κατασκευή ηλεκτρικών οχημάτων.

https://t.co/xG1mp6KHBm https://t.co/CVI7WvzqaW",με εναν τυπο κινητηρα που χρησιμοποιειται σε ανεμιστηρεσ η ερευνα του robert sansone θα μπορουσε να ανοιξει το δρομο για μια πιο οικονομικη και φιλικη προσ το περιβαλλον κατασκευη ηλεκτρικων οχηματων,0
RT @maras_mode: Ο Τζορτζ Σόρος/Το Παγκόσμιο Οικονομικό Φόρουμ δωροδοκησε ενα παιδί ηθοποιό και το δίδαξε πως να παραπονιεται για την «Κλιμα…,rt maras_mode ο τζορτζ σοροστο παγκοσμιο οικονομικο φορουμ δωροδοκησε ενα παιδι ηθοποιο και το διδαξε πωσ να παραπονιεται για την κλιμα,0
"Η υπόθεση θα μπορούσε να δημιουργήσει προηγούμενο σχετικά με αξιώσεις και αγωγές για ζημιές που σχετίζονται με την κλιματική αλλαγή.
#insurance #news #climatechange

https://t.co/v0V1yPfNVr https://t.co/DheKuLTnzY",η υποθεση θα μπορουσε να δημιουργησει προηγουμενο σχετικα με αξιωσεισ και αγωγεσ για ζημιεσ που σχετιζονται με την κλιματικη αλλαγη insurance news climatechange,0
"Κώστας Καραμανλής: Πανικός και ενόχληση στο περιβάλλον Μητσοτάκη, μετά την ηχηρή παρέμβαση του https://t.co/oxfugqwDGg #Καραμανλης",κωστασ καραμανλησ πανικοσ και ενοχληση στο περιβαλλον μητσοτακη μετα την ηχηρη παρεμβαση του καραμανλησ,0
ΙΛΛΥΡΙΑ WEB TV | ΠΕΡΙΒΑΛΛΟΝ - ΠΙΣΤΟΠΟΙΗΣΗ ΔΙΑΤΡΟΦΗΣ | ΕΙΡΗΝΗ ΚΑΝΕΛΛΟΥ https://t.co/GbXqtL8ioS,ιλλυρια web tv περιβαλλον πιστοποιηση διατροφης ειρηνη κανελλου,0
"Ανεμογεννήτριες: πόσο «πράσινη» είναι η ενέργειά τους;, γράφει ο Βαγγέλης Ντάλης https://t.co/kvWNbj9nZ4",ανεμογεννητριεσ ποσο πρασινη ειναι η ενεργεια τουσ γραφει ο βαγγελησ νταλησ,0
"«Η συμμετοχή των γυναικών σε θέσεις λήψης αποφάσεων στην τεχνολογία, την καινοτομία και την επιχειρηματικότητα, είναι απαραίτητη για την οικονομική και βιώσιμη ανάπτυξη της χώρας», υπογράμμισε χθες σεομιλία της η υφυπουργός Εργασίας και Κοινωνικών

https://t.co/ay70h06i7t",η συμμετοχη των γυναικων σε θεσεισ ληψησ αποφασεων στην τεχνολογια την καινοτομια και την επιχειρηματικοτητα ειναι απαραιτητη για την οικονομικη και βιωσιμη αναπτυξη τησ χωρασ υπογραμμισε χθεσ σεομιλια τησ η υφυπουργοσ εργασιασ και κοινωνικων,0
"#PraktoreioLife
Το δεντρόσπιτο KOJA, μια πρόταση για βιώσιμο ταξίδι

https://t.co/otaPvAXfqT https://t.co/6BWRT34qN7",praktoreiolife το δεντροσπιτο koja μια προταση για βιωσιμο ταξιδι,0
Επιχειρησιακό σχέδιο για τον βιώσιμο τουρισμό και την επιμήκυνση της τουριστικής περιόδου στον Δήμο Χερσονήσου https://t.co/mEJpAy9x37,επιχειρησιακο σχεδιο για τον βιωσιμο τουρισμο και την επιμηκυνση τησ τουριστικησ περιοδου στον δημο χερσονησου,0
Ημερίδα Υπερταμείου στη ΔΕΘ για βιώσιμη και περιφερειακή ανάπτυξη https://t.co/9EQIQfmWVA,ημεριδα υπερταμειου στη δεθ για βιωσιμη και περιφερειακη αναπτυξη,0
"Το δεντρόσπιτο KOJA, μια πρόταση για βιώσιμο ταξίδι https://t.co/bXrpOoAKVM",το δεντροσπιτο koja μια προταση για βιωσιμο ταξιδι,0
Με επιτυχία η Εκδήλωση-Διημερίδα για την Κλιματική Αλλαγή που πραγματοποιήθηκε στην Πύλη https://t.co/EM54G8EehS μέσω @mouzakinews.gr,με επιτυχια η εκδηλωσηδιημεριδα για την κλιματικη αλλαγη που πραγματοποιηθηκε στην πυλη μεσω mouzakinewsgr,0
"Το δεντρόσπιτο KOJA, μια πρόταση για βιώσιμο ταξίδι https://t.co/NfzWfF5gZJ",το δεντροσπιτο koja μια προταση για βιωσιμο ταξιδι,0
Χώρισαν Ελεωνόρα Ζουγανέλη και Σπύρος Δημητρίου; – Το περιβάλλον του ζευγαριού απαντά https://t.co/Fr4qy90FbI,χωρισαν ελεωνορα ζουγανελη και σπυροσ δημητριου το περιβαλλον του ζευγαριου απαντα,0
"RT @disorderisti: #Παπιγκο 
Περίφραξη δρόμου μεσα στον δρυμό κχαρακτηρισμός ως ιδιωτικός.
Νέες καταγγελίες απο #Καλλιστω για τις βίλες που…",rt disorderisti παπιγκο περιφραξη δρομου μεσα στον δρυμο κχαρακτηρισμοσ ωσ ιδιωτικοσ νεεσ καταγγελιεσ απο καλλιστω για τισ βιλεσ που,0
GSEU: Ευρωπαϊκή κοινοπραξία για τη βιώσιμη χρήση του υπεδάφους και των πόρων του - https://t.co/EdHiGer7kR https://t.co/RoHc148oY0,gseu ευρωπαϊκη κοινοπραξια για τη βιωσιμη χρηση του υπεδαφουσ και των πορων του,0
Οικονόμου για Ναυπηγεία Ελευσίνας: Βιώσιμο μοντέλο επανεκκίνησης και διασφάλιση των θέσεων εργασίας - https://t.co/yxR4SeyM7S https://t.co/l9Ysezz0ik,οικονομου για ναυπηγεια ελευσινασ βιωσιμο μοντελο επανεκκινησησ και διασφαλιση των θεσεων εργασιασ,0
IFA 2022: H LG παρουσιάζει ένα νέο gaming περιβάλλον και εμπλουτίζει την εμπειρία του παιχνιδιού με νέες υπηρεσίες που βασίζονται στο cloud ... https://t.co/cUhZAhNDZV,ifa h lg παρουσιαζει ενα νεο gaming περιβαλλον και εμπλουτιζει την εμπειρια του παιχνιδιου με νεεσ υπηρεσιεσ που βασιζονται στο cloud,0
Πανεπιστημιακές Σπουδές στο πιο σύγχρονο εκπαιδευτικό περιβάλλον https://t.co/7tkHecRBlv #greece #πανδημια #Πολεμος_στην_Ουκρανια #πολιτικη #survivorGR,πανεπιστημιακεσ σπουδεσ στο πιο συγχρονο εκπαιδευτικο περιβαλλον greece πανδημια πολεμοσ_στην_ουκρανια πολιτικη survivorgr,0
Οικονόμου: Βιώσιμο μοντέλο επανεκκίνησης των Ναυπηγείων Ελευσίνας και διασφάλιση των θέσεων εργασίας - mononews #mononewsGR https://t.co/nlHW4R3lYp,οικονομου βιωσιμο μοντελο επανεκκινησησ των ναυπηγειων ελευσινασ και διασφαλιση των θεσεων εργασιασ mononews mononewsgr,0
Γιάννης Οικονόμου: Η Συμφωνία Εξυγίανσης των Ναυπηγείων Ελευσίνας διαμορφώνει ένα βιώσιμο μοντέλο επανεκκίνησης https://t.co/cuaM9T2KTd,γιαννησ οικονομου η συμφωνια εξυγιανσησ των ναυπηγειων ελευσινασ διαμορφωνει ενα βιωσιμο μοντελο επανεκκινησησ,0
Γιάννης Οικονόμου: Η Συμφωνία Εξυγίανσης των Ναυπηγείων Ελευσίνας διαμορφώνει ένα βιώσιμο μοντέλο επανεκκίνησης--https://t.co/lMhmqmHnS6,γιαννησ οικονομου η συμφωνια εξυγιανσησ των ναυπηγειων ελευσινασ διαμορφωνει ενα βιωσιμο μοντελο επανεκκινησησ,0
Γ.Οικονόμου: «Βιώσιμο το μοντέλο επανεκκίνησης των Ναυπηγείων Ελευσίνας» https://t.co/AL8PuvIsIT,γοικονομου βιωσιμο το μοντελο επανεκκινησησ των ναυπηγειων ελευσινασ,0
"Για βιώσιμο μοντέλο επανεκκίνησης των Ναυπηγείων Ελευσίνας, κάνει λόγο ο Γιάννης Οικονόμου
#Οικονομου 

https://t.co/H2ABBsmRR2",για βιωσιμο μοντελο επανεκκινησησ των ναυπηγειων ελευσινασ κανει λογο ο γιαννησ οικονομου οικονομου,0
[Κλικ και διαβάστε στο mononews]Οικονόμου: Βιώσιμο  #Μοντέλο επανεκκίνησης των Ναυπηγείων Ελευσίνας και διασφάλιση των θέσεων εργασίας https://t.co/EThGTRsiIp,κλικ και διαβαστε στο mononewsοικονομου βιωσιμο μοντελο επανεκκινησησ των ναυπηγειων ελευσινασ και διασφαλιση των θεσεων εργασιασ,0
".@joikonomou: Βιώσιμο μοντέλο επανεκκίνησης των Ναυπηγείων Ελευσίνας και διασφάλιση των θέσεων εργασίας 

https://t.co/hF91Q3oPRs",joikonomou βιωσιμο μοντελο επανεκκινησησ των ναυπηγειων ελευσινασ και διασφαλιση των θεσεων εργασιασ,0
ΔΕΗ ενεργώ για το περιβάλλον: Αποκατάσταση πυρόπληκτων περιοχών Αρχαίας Ολυμπίας https://t.co/KgAsYQIrB0,δεη ενεργω για το περιβαλλον αποκατασταση πυροπληκτων περιοχων αρχαιασ ολυμπιασ,0
"«Ισχυρή Ελλάδα στο νέο διεθνές περιβάλλον»

Εκδήλωση με ομιλητές τους @katsaniotis και @Avramopoulos 

https://t.co/zuDDspy2Xh",ισχυρη ελλαδα στο νεο διεθνεσ περιβαλλον εκδηλωση με ομιλητεσ τουσ katsaniotis και avramopoulos,0
ΔΕΗ ενεργώ για το περιβάλλον: Αποκατάσταση πυρόπληκτων περιοχών Αρχαίας Ολυμπίας https://t.co/rgLZiMEHY5,δεη ενεργω για το περιβαλλον αποκατασταση πυροπληκτων περιοχων αρχαιασ ολυμπιασ,0
"Κλιματική κρίση, διμερή συνεργασία, Κυπριακό, συζήτησαν Κασουλίδης - Γερμανίδα ΥΦΕΞ https://t.co/CLBQRGDWP7",κλιματικη κριση διμερη συνεργασια κυπριακο συζητησαν κασουλιδησ γερμανιδα υφεξ,0
"Η μεγάλη προσπάθεια για την προστασία της Γυάρου που πραγματοποιείται από το #WWF_Ελλάς σε συνεργασία με πλήθος άλλων φορέων, φαίνεται πως αποδίδει καρπούς, δίνοντας μια σημαντική «ανάσα» στο θαλάσσιο περιβάλλον της περιοχής. 
#Γυαρος #Αλιεια 

https://t.co/7r7Aa8ZlLv",η μεγαλη προσπαθεια για την προστασια τησ γυαρου που πραγματοποιειται απο το wwf_ελλασ σε συνεργασια με πληθοσ αλλων φορεων φαινεται πωσ αποδιδει καρπουσ δινοντασ μια σημαντικη ανασα στο θαλασσιο περιβαλλον τησ περιοχησ γυαροσ αλιεια,0
Μην κόψεις τη ζάχαρη μόνο για το καλό της υγείας σου αλλά και για να προστατεύσεις το περιβάλλον https://t.co/SIyoFzd152,μην κοψεισ τη ζαχαρη μονο για το καλο τησ υγειασ σου αλλα και για να προστατευσεισ το περιβαλλον,0
Τσίπρας: Χρειάζεται βιώσιμη ασπίδα προστασίας για νοικοκυριά και επιχειρήσεις https://t.co/Xo42kDT1Z3 #businessnewsgr,τσιπρασ χρειαζεται βιωσιμη ασπιδα προστασιασ για νοικοκυρια και επιχειρησεισ businessnewsgr,0
".@joikonomou: 
«Η Ελλάδα εξακολουθεί να αναπτύσσεται δυναμικά παρά τις αβεβαιότητες στο διεθνές περιβάλλον»

https://t.co/wQji95kZkD",joikonomou η ελλαδα εξακολουθει να αναπτυσσεται δυναμικα παρα τισ αβεβαιοτητεσ στο διεθνεσ περιβαλλον,0
Θορυβημένο το περιβάλλον Αγοραστού από την.. «υποψηφιότητα» Λανάρα για το Δήμο Τεμπών https://t.co/6hKNCqqeZj,θορυβημενο το περιβαλλον αγοραστου απο την υποψηφιοτητα λαναρα για το δημο τεμπων,0
Τσίπρας: Βιώσιμη ασπίδα προστασίας για νοικοκυριά και επιχειρήσεις από την ενεργειακή κρίση και τον πληθωρισμό https://t.co/Dj78y0ibuh,τσιπρασ βιωσιμη ασπιδα προστασιασ για νοικοκυρια και επιχειρησεισ απο την ενεργειακη κριση και τον πληθωρισμο,0
"Volterra: Πολυτέλεια σε ρόδες και με σεβασμό στο περιβάλλον

https://t.co/eGx3THbvlu",volterra πολυτελεια σε ροδεσ και με σεβασμο στο περιβαλλον,0
Ερμιονίδα| Ανοικτή εκδήλωση για το θαλάσσιο περιβάλλον https://t.co/jNQxXN78Fa μέσω @Arena News | Ηλεκτρονική εφημερίδα της Πελοποννήσου,ερμιονιδα ανοικτη εκδηλωση για το θαλασσιο περιβαλλον μεσω arena news ηλεκτρονικη εφημεριδα τησ πελοποννησου,0
Περιβάλλον : «Πότε και που εξημερώθηκε ο Γάιδαρος» https://t.co/hs9wNE3om9,περιβαλλον ποτε και που εξημερωθηκε ο γαιδαροσ,0
Διαμάντια για ενοικίαση: Η νέα τάση στην κυκλική οικονομία και η προοπτική για την Ελλάδα - mononews #mononewsGR https://t.co/aOSw69sgqC,διαμαντια για ενοικιαση η νεα ταση στην κυκλικη οικονομια και η προοπτικη για την ελλαδα mononews mononewsgr,0
"""Η ειρήνη στην Κύπρο θα πρέπει να είναι βιώσιμη και να διαρκεί""
#alphanewslive #cyprus
 https://t.co/mOSvpH7Ci7",η ειρηνη στην κυπρο θα πρεπει να ειναι βιωσιμη και να διαρκει alphanewslive cyprus,0
RT @OlympiaAnast: Στα πλαίσια της 86ης Διεθνούς Έκθεσης Θεσσαλονίκης (#ΔΕΘ) όπου μίλησα για τον βιώσιμο τουρισμό και τα θαλάσσιο χωροταξικό…,rt olympiaanast στα πλαισια τησ ησ διεθνουσ εκθεσησ θεσσαλονικησ δεθ οπου μιλησα για τον βιωσιμο τουρισμο και τα θαλασσιο χωροταξικο,0
Στις εταιρίες με το καλύτερο εργασιακό περιβάλλον στην Ευρώπη η Epsilon Net https://t.co/1z2Dsm4UXq,στισ εταιριεσ με το καλυτερο εργασιακο περιβαλλον στην ευρωπη η epsilon net,0
«Europe’s Best Workplaces 2022»: Ο Όμιλος EPSILON NET ανάμεσα στις 10 κορυφαίες εταιρίες στην Ευρώπη για το εργασιακό περιβάλλον https://t.co/XaMTokTPeK,europes best workplaces ο ομιλοσ epsilon net αναμεσα στισ κορυφαιεσ εταιριεσ στην ευρωπη για το εργασιακο περιβαλλον,0
"[Κλικ και διαβάστε στο ΠΡΩΤΟ ΘΕΜΑ]Αυτή η μικρή, βιώσιμη πόλη στη  #Γερμανία είναι σαν να έχει βγει από παραμύθι των αδελφών Γκριμ https://t.co/Bh4Mqd2NaP",κλικ και διαβαστε στο πρωτο θεμααυτη η μικρη βιωσιμη πολη στη γερμανια ειναι σαν να εχει βγει απο παραμυθι των αδελφων γκριμ,0
"RT @LykavitosGr: Κατρίνης: «Η Κυκλική Οικονομία δεν αποτελεί επιβάρυνση, αλλά ένα πεδίο επενδύσεων υψηλής προστιθέμενης αξίας»  https://t.c…",rt lykavitosgr κατρινησ η κυκλικη οικονομια δεν αποτελει επιβαρυνση αλλα ενα πεδιο επενδυσεων υψηλησ προστιθεμενησ αξιασ,0
"RT @LykavitosGr: Κατρίνης: «Η Κυκλική Οικονομία δεν αποτελεί επιβάρυνση, αλλά ένα πεδίο επενδύσεων υψηλής προστιθέμενης αξίας»  https://t.c…",rt lykavitosgr κατρινησ η κυκλικη οικονομια δεν αποτελει επιβαρυνση αλλα ενα πεδιο επενδυσεων υψηλησ προστιθεμενησ αξιασ,0
"Αυτή η μικρή, βιώσιμη πόλη στη Γερμανία είναι σαν να έχει βγει από παραμύθι των αδελφών Γκριμ https://t.co/UBAcsMWJzZ",αυτη η μικρη βιωσιμη πολη στη γερμανια ειναι σαν να εχει βγει απο παραμυθι των αδελφων γκριμ,0
Μ. Κατρίνης: «Η Κυκλική Οικονομία δεν αποτελεί επιβάρυνση» - https://t.co/Y5xNKfj77j #εκλογές2022 #Κατρινηςμιχαλης #πολιτική #ΣΥΡΙΖΑ,μ κατρινησ η κυκλικη οικονομια δεν αποτελει επιβαρυνση εκλογεσ κατρινησμιχαλησ πολιτικη συριζα,0
"Μιχάλης Κατρίνης: «Η Κυκλική Οικονομία δεν αποτελεί επιβάρυνση, αλλά ένα πεδίο επενδύσεων υψηλής προστιθέμενης αξίας» https://t.co/qTudoxaEhl",μιχαλησ κατρινησ η κυκλικη οικονομια δεν αποτελει επιβαρυνση αλλα ενα πεδιο επενδυσεων υψηλησ προστιθεμενησ αξιασ,0
"Παρελθόν και μέλλον: Η Ευρώπη, το φυσικό αέριο, τα επιτόκια, η ύφεση, η Κλιματική αλλαγή και ο… θρόνος του Ηνωμένου Βασιλείου https://t.co/s43FVhEfKp",παρελθον και μελλον η ευρωπη το φυσικο αεριο τα επιτοκια η υφεση η κλιματικη αλλαγη και ο θρονοσ του ηνωμενου βασιλειου,0
"Αειφορία, κυκλική οικονομία και πράσινη ενέργεια οι βασικές επενδυτικές ευκαιρίες του μέλλοντος https://t.co/DDmblRDkXz #businessnewsgr",αειφορια κυκλικη οικονομια και πρασινη ενεργεια οι βασικεσ επενδυτικεσ ευκαιριεσ του μελλοντοσ businessnewsgr,0
"Αειφορία, κυκλική οικονομία και πράσινη ενέργεια οι βασικές επενδυτικές ευκαιρίες https://t.co/CFk4iKyXHf",αειφορια κυκλικη οικονομια και πρασινη ενεργεια οι βασικεσ επενδυτικεσ ευκαιριεσ,0
"RT @AMavroyiannis: Είχα σήμερα την τιμή, να προεδρεύω της πρώτης συνόδου του Συνέδριου τoυ Ευρωπαϊκού Επιστημονικού Συμβουλίου (EGPL) του @…",rt amavroyiannis ειχα σημερα την τιμη να προεδρευω τησ πρωτησ συνοδου του συνεδριου τoυ ευρωπαϊκου επιστημονικου συμβουλιου egpl του,0
"#86ηΔΕΘ

Αειφορία, κυκλική οικονομία και πράσινη ενέργεια οι βασικές επενδυτικές ευκαιρίες του μέλλοντος, σύμφωνα με μελέτη 

https://t.co/xm2lU8Vogd

Η #ΔΕΘ2022 στο ΑΠΕ-ΜΠΕ 🔗 https://t.co/chtcB3GZFG

#TIFHelexpo #ΔΕΘ https://t.co/29HzQngvcI",ηδεθ αειφορια κυκλικη οικονομια και πρασινη ενεργεια οι βασικεσ επενδυτικεσ ευκαιριεσ του μελλοντοσ συμφωνα με μελετη η δεθ στο απεμπε tifhelexpo δεθ,0
"Κατρίνης: Η Κυκλική Οικονομία δεν αποτελεί επιβάρυνση, αλλά ένα πεδίο επενδύσεων υψηλής προστιθέμενης αξίας - https://t.co/eiOPQNSsIs https://t.co/CpEF2BTNo3",κατρινησ η κυκλικη οικονομια δεν αποτελει επιβαρυνση αλλα ενα πεδιο επενδυσεων υψηλησ προστιθεμενησ αξιασ,0
"#86ηΔΕΘ

Η Κυκλική Οικονομία στο επίκεντρο της μεγαλύτερης εκθεσιακής διοργάνωσης της χώρας

https://t.co/Azex2COAEE

Η #ΔΕΘ2022 στο ΑΠΕ-ΜΠΕ 🔗 https://t.co/QW6951JO3B

#TIFHelexpo #ΔΕΘ #DETH2022 https://t.co/BXLLq72zMU",ηδεθ η κυκλικη οικονομια στο επικεντρο τησ μεγαλυτερησ εκθεσιακησ διοργανωσησ τησ χωρασ η δεθ στο απεμπε tifhelexpo δεθ deth,0
"Πόλος έλξης οι συναυλίες και οι παράλληλες εκδηλώσεις της 86ης ΔΕΘ-Η Κυκλική Οικονομία στο επίκεντρο της μεγαλύτερης εκθεσιακής διοργάνωσης της χώρας
https://t.co/rPc3NR4DqG https://t.co/yjtQieudWi",πολοσ ελξησ οι συναυλιεσ και οι παραλληλεσ εκδηλωσεισ τησ ησ δεθη κυκλικη οικονομια στο επικεντρο τησ μεγαλυτερησ εκθεσιακησ διοργανωσησ τησ χωρασ,0
"Σε ένα νέο, υπερσύγχρονο σχολικό περιβάλλον υποδεχόμαστε τους μικρούς μαθητές και μαθήτριες του Δημοτικού Σχολείου Ίσθμιας, στη θέση “Κυρα-Βρύση”.
https://t.co/KwuwK8xO5Z",σε ενα νεο υπερσυγχρονο σχολικο περιβαλλον υποδεχομαστε τουσ μικρουσ μαθητεσ και μαθητριεσ του δημοτικου σχολειου ισθμιασ στη θεση κυραβρυση,0
ΕΕ: Ο ρόλος του ΤΑΑ για μια πράσινη Οικονομία https://t.co/Ih6vIXnrpB,εε ο ρολοσ του ταα για μια πρασινη οικονομια,0
Βιώσιμη Ανάπτυξη και ESG στο επίκεντρο των αξιών της ΕΥΔΑΠ https://t.co/LpN1cpm0Al,βιωσιμη αναπτυξη και esg στο επικεντρο των αξιων τησ ευδαπ,0
Αειφορία μέσω της βιοποικιλότητας των αλυσίδων αξίας αγροδιατροφικών αλυσίδων https://t.co/3LhdxR44lo,αειφορια μεσω τησ βιοποικιλοτητασ των αλυσιδων αξιασ αγροδιατροφικων αλυσιδων,0
ΙΛΛΥΡΙΑ WEB TV | ΠΕΡΙΒΑΛΛΟΝ - ΠΙΣΤΟΠΟΙΗΣΗ ΔΙΑΤΡΟΦΗΣ | ΕΙΡΗΝΗ ΚΑΝΕΛΛΟΥ https://t.co/IucSSGq4ld,ιλλυρια web tv περιβαλλον πιστοποιηση διατροφης ειρηνη κανελλου,0
Στέργιος Μπαμπανάσης – παρουσίαση του βιβλίου του με τίτλο «Αναστοχασμοί για μια Βιώσιμη Κοινωνία της Ευημερίας» https://t.co/Qubkj1k4dN,στεργιοσ μπαμπανασησ παρουσιαση του βιβλιου του με τιτλο αναστοχασμοι για μια βιωσιμη κοινωνια τησ ευημεριασ,0
"Η πόλη Χάρλεμ απαγορεύει όλες τις διαφημίσεις που προωθούν το κρέας, λόγω των υποτιθέμενων αρνητικών επιδράσεων που έχει το κρέας στην κλιματική αλλαγή 
https://t.co/9MDILIMvVg",η πολη χαρλεμ απαγορευει ολεσ τισ διαφημισεισ που προωθουν το κρεασ λογω των υποτιθεμενων αρνητικων επιδρασεων που εχει το κρεασ στην κλιματικη αλλαγη,0
"Και με ινδική πόλη η συνεργασία του Δ. Τρικκαίων για περιβάλλον, τεχνολογία, καινοτομία https://t.co/AwAwQJz9Nn",και με ινδικη πολη η συνεργασια του δ τρικκαιων για περιβαλλον τεχνολογια καινοτομια,0
"Προς μια πράσινη Οικονομία: Ενεργειακή απόδοση, περιβαλλοντική βιωσιμότητα και ο ρόλος του Ταμείου Ανάκαμψης https://t.co/eZkk0EkSmi",προσ μια πρασινη οικονομια ενεργειακη αποδοση περιβαλλοντικη βιωσιμοτητα και ο ρολοσ του ταμειου ανακαμψησ,0
"RT @nansou: Η βάση κάθε επιτυχίας, ψυχραιμίας και πηγής λάμψης του ανθρώπου, είναι η ευτυχία κι η ηρεμία στην προσωπική του ζωή. Και η αυτο…",rt nansou η βαση καθε επιτυχιασ ψυχραιμιασ και πηγησ λαμψησ του ανθρωπου ειναι η ευτυχια κι η ηρεμια στην προσωπικη του ζωη και η αυτο,0
Κλιματική αλλαγή: Νέοι κανόνες για περιορισμό της παγκόσμιας αποψίλωσης δασών - https://t.co/jArVevCQRH https://t.co/05D2lOgHoo,κλιματικη αλλαγη νεοι κανονεσ για περιορισμο τησ παγκοσμιασ αποψιλωσησ δασων,0
Κλιματική αλλαγή: νέοι κανόνες για περιορισμό της παγκόσμιας αποψίλωσης δασών https://t.co/X0bqAMj26z https://t.co/GR4Foo1UQg,κλιματικη αλλαγη νεοι κανονεσ για περιορισμο τησ παγκοσμιασ αποψιλωσησ δασων,0
RT @LykavitosGr: Γεραπετρίτης: Ανάγκη σταθερότητας και να έχουμε μια βιώσιμη και ισχυρή κυβέρνηση  #Γιώργος_Γεραπετρίτης https://t.co/pANOG…,rt lykavitosgr γεραπετριτησ αναγκη σταθεροτητασ και να εχουμε μια βιωσιμη και ισχυρη κυβερνηση γιωργοσ_γεραπετριτησ,0
RT @LykavitosGr: Γεραπετρίτης: Ανάγκη σταθερότητας και να έχουμε μια βιώσιμη και ισχυρή κυβέρνηση  #Γιώργος_Γεραπετρίτης https://t.co/pANOG…,rt lykavitosgr γεραπετριτησ αναγκη σταθεροτητασ και να εχουμε μια βιωσιμη και ισχυρη κυβερνηση γιωργοσ_γεραπετριτησ,0
"Με θεματικό τίτλο «Τώρα είναι η ώρα»,  η Διεύθυνση της CNP CYPRIALIFE ανάδειξε τα χαρακτηριστικά εκείνα που κάνουν την Εταιρία, το Δίκτυο και τους εργαζομένους της να ξεχωρίζουν μέσα σε ένα συνεχώς μεταβαλλόμενο περιβάλλον.

https://t.co/3KMSX8G953 https://t.co/6kXiqnusdn",με θεματικο τιτλο τωρα ειναι η ωρα η διευθυνση τησ cnp cyprialife αναδειξε τα χαρακτηριστικα εκεινα που κανουν την εταιρια το δικτυο και τουσ εργαζομενουσ τησ να ξεχωριζουν μεσα σε ενα συνεχωσ μεταβαλλομενο περιβαλλον,0
Δίκη Φιλιππίδη: Συνέχεια με καταθέσεις από το οικογενειακό του περιβάλλον https://t.co/sr1WNYaAWK,δικη φιλιππιδη συνεχεια με καταθεσεισ απο το οικογενειακο του περιβαλλον,0
"Ανδρουλάκης (ΠΑΣΟΚ): Βρισκόμαστε σε ένα πολύ δύσκολο γεωπολιτικό περιβάλλον - Άλλοι δεν το κατανοούν - Δεν φοβόμαστε τις εκλογές, όποτε και αν γίνουν - Περιμένουμε να πάρουμε εντολή από την πρώτη Κυριακή",ανδρουλακησ πασοκ βρισκομαστε σε ενα πολυ δυσκολο γεωπολιτικο περιβαλλον αλλοι δεν το κατανοουν δεν φοβομαστε τισ εκλογεσ οποτε και αν γινουν περιμενουμε να παρουμε εντολη απο την πρωτη κυριακη,0
[Κλικ και διαβάστε στο Huffington Post]Ο δισεκατομμυριούχος ιδρυτής της Patagonia χαρίζει την εταιρία και τα κέρδη της για το περιβάλλον https://t.co/kJ9o2n3Ajw,κλικ και διαβαστε στο huffington postο δισεκατομμυριουχοσ ιδρυτησ τησ patagonia χαριζει την εταιρια και τα κερδη τησ για το περιβαλλον,0
[Κλικ και διαβάστε στο Huffington Post]Ο δισεκατομμυριούχος ιδρυτής της Patagonia χαρίζει την εταιρία και τα κέρδη της για το περιβάλλον https://t.co/kJ9o2n32tY,κλικ και διαβαστε στο huffington postο δισεκατομμυριουχοσ ιδρυτησ τησ patagonia χαριζει την εταιρια και τα κερδη τησ για το περιβαλλον,0
RT @FChaniwn: Η Λάρα έχασε τον άνθρωπό της και κανείς από το οικογενειακό του περιβάλλον δεν ενδιαφέρθηκε για εκείνη. 😔💔 Αναζητήσαμε φιλοξε…,rt fchaniwn η λαρα εχασε τον ανθρωπο τησ και κανεισ απο το οικογενειακο του περιβαλλον δεν ενδιαφερθηκε για εκεινη αναζητησαμε φιλοξε,0
"Το «Τάλως» έρχεται να καλύψει τις ανάγκες που έχει δημιουργήσει η κλιματική αλλαγή αλλά και η σημαντική αύξηση της διέλευσης τάνκερ από τον Κόλπο, μετά την έναρξη του πολέμου στην Ουκρανία. https://t.co/6hJrgVcw7m",το ταλωσ ερχεται να καλυψει τισ αναγκεσ που εχει δημιουργησει η κλιματικη αλλαγη αλλα και η σημαντικη αυξηση τησ διελευσησ τανκερ απο τον κολπο μετα την εναρξη του πολεμου στην ουκρανια,0
Εργασίες κοπής δέντρων σήμερα στην Εθνική Οδό Θεσσαλονίκης-Νέων Μουδανιών https://t.co/5gz43Zn9Ls #ΕΡΓΑ #ΚΥΚΛΟΦΟΡΙΑΚΑ #ΠΕΡΙΒΑΛΛΟΝ https://t.co/VotfDfp7FH,εργασιεσ κοπησ δεντρων σημερα στην εθνικη οδο θεσσαλονικησνεων μουδανιων εργα κυκλοφοριακα περιβαλλον,0
Έγκλημα στην Καβάλα: Στο οικογενειακό και φιλικό περιβάλλον του 52χρονου ψάχνουν τον δολοφόνο--https://t.co/eZKZ4z9AjY,εγκλημα στην καβαλα στο οικογενειακο και φιλικο περιβαλλον του χρονου ψαχνουν τον δολοφονο,0
Θεσσαλονίκη: Παράνομη επιχείρηση παραγωγής ρυζιού μόλυνε το περιβάλλον https://t.co/hJLO8SZvcA,θεσσαλονικη παρανομη επιχειρηση παραγωγησ ρυζιου μολυνε το περιβαλλον,0
Θεσσαλονίκη: Επιχείρηση στην Χαλάστρα μόλυνε το περιβάλλον - Πετούσαν ανεξέλεγκτα στάχτη σε χωράφι (ΦΩΤΟ) - https://t.co/eiOPQNT0y0 https://t.co/QNUFc8O1sO #Δικογραφία #ΕΛΑΣ #Εργοστάσιο #ΠεριβαλλοντικήΡύπανση #Στάχτη,θεσσαλονικη επιχειρηση στην χαλαστρα μολυνε το περιβαλλον πετουσαν ανεξελεγκτα σταχτη σε χωραφι φωτο δικογραφια ελας εργοστασιο περιβαλλοντικηρυπανση σταχτη,0
Μιχάλης Παπαδόπουλος: Ενθαρρύνουμε τους Φορείς να προάγουν τη βιώσιμη αστική κινητικότητα https://t.co/TONaKR7KCj,μιχαλησ παπαδοπουλοσ ενθαρρυνουμε τουσ φορεισ να προαγουν τη βιωσιμη αστικη κινητικοτητα,0
Το νέο κέντρο της Remix για την κυκλική μόδα οδηγεί σε ένα βιώσιμο μέλλον τη  βιομηχανία https://t.co/87CVvGd1Ko,το νεο κεντρο τησ remix για την κυκλικη μοδα οδηγει σε ενα βιωσιμο μελλον τη βιομηχανια,0
Γ. Γεωργαντάς: Παρέμβαση για τη διασφάλιση της επισιτιστικής επάρκειας και τη βιώσιμη παραγωγή τροφίμων - https://t.co/eiOPQNT0y0 #Γεωργαντάς https://t.co/Rm5xF2QJag,γ γεωργαντασ παρεμβαση για τη διασφαλιση τησ επισιτιστικησ επαρκειασ και τη βιωσιμη παραγωγη τροφιμων γεωργαντασ,0
"Θεσσαλονίκη: Επιχείρηση μόλυνε το περιβάλλον πετώντας στάχτη σε χωράφι

https://t.co/NcpuHZkONb",θεσσαλονικη επιχειρηση μολυνε το περιβαλλον πετωντασ σταχτη σε χωραφι,0
[https://t.co/bDHZLmoC6L] #Κομισιόν: Καλύτερες συνδέσεις για βιώσιμη αστική κινητικότητα https://t.co/mg1SLWUZx0,κομισιον καλυτερεσ συνδεσεισ για βιωσιμη αστικη κινητικοτητα,0
"Με αφορμή το 9ο Ευρωπαϊκό Φόρουμ Αστικής Ανθεκτικότητας που φέτος πραγματοποιήθηκε στην Αθήνα, μέσα σε μια χρονική συγκυρία που η κλιματική αλλαγή και η υπερθέρμανση του πλανήτη προκαλούν παγκόσμια ανησυχία, η πρώτη επικεφαλής αντιμετώπισης

https://t.co/gBBjkHR3W7",με αφορμη το ο ευρωπαϊκο φορουμ αστικησ ανθεκτικοτητασ που φετοσ πραγματοποιηθηκε στην αθηνα μεσα σε μια χρονικη συγκυρια που η κλιματικη αλλαγη και η υπερθερμανση του πλανητη προκαλουν παγκοσμια ανησυχια η πρωτη επικεφαλησ αντιμετωπισησ,0
ΓΕΩΡΓΙΟΣ ΠΟΛΥΜΕΡΗΣ: Η ΕΠΙΡΡΟΗ ΤΟΥ ΠΛΑΣΤΙΚΟΥ ΣΤΟ ΠΕΡΙΒΑΛΛΟΝ ΚΑΙ ΣΤΗ ΖΩΗ ΜΑΣ https://t.co/IyW5o2Ajz6,γεωργιος πολυμερης η επιρροη του πλαστικου στο περιβαλλον και στη ζωη μας,0
"Συστηματική συνεργασία Ελλάδας-ΗΠΑ στην προστασία της Πολιτιστικής Κληρονομιάς από την κλιματική κρίση και την παράνομη διακίνηση 
- Χαιρετισμός Υπουργού στο Σεμινάριο “Cultural Heritage School”,Μέγαρο Μουσικής Αθηνών, 19-21 Σεπτεμβρίου 2022
https://t.co/KYhW3YFyzf https://t.co/KEuZaT3B5F",συστηματικη συνεργασια ελλαδασηπα στην προστασια τησ πολιτιστικησ κληρονομιασ απο την κλιματικη κριση και την παρανομη διακινηση χαιρετισμοσ υπουργου στο σεμιναριο cultural heritage schoolμεγαρο μουσικησ αθηνων σεπτεμβριου,0
Πυρηνική ενέργεια και φυσικό αέριο: Προσφυγή οργανώσεων για την «πρασινη ταμπέλα» της Ε.Ε. - https://t.co/5H4rS5OIu4 https://t.co/BpO8wzXz6S,πυρηνικη ενεργεια και φυσικο αεριο προσφυγη οργανωσεων για την πρασινη ταμπελα τησ εε,0
ΕΕ.Πυρηνική ενέργεια και φυσικό αέριο: Προσφυγή οργανώσεων για την «πρασινη ταμπέλα» της Ε.Ε. https://t.co/pb6nKahtBO,εεπυρηνικη ενεργεια και φυσικο αεριο προσφυγη οργανωσεων για την πρασινη ταμπελα τησ εε,0
Τράπεζες: Ευνοϊκό περιβάλλον παρά τις μακροοικονομικές ανησυχίες… https://t.co/qaXynSNB3a #οικονομια #news #survivorGR #greece #πανδημια #Πολεμος_στην_Ουκρανια,τραπεζεσ ευνοϊκο περιβαλλον παρα τισ μακροοικονομικεσ ανησυχιεσ οικονομια news survivorgr greece πανδημια πολεμοσ_στην_ουκρανια,0
"Υπάρχει ενδιαφέρον από τη νέα γενιά για τη Βιώσιμη Κινητικότητα, ανέφερε ο Υπουργός Μεταφορών https://t.co/zKDhH3kwXJ",υπαρχει ενδιαφερον απο τη νεα γενια για τη βιωσιμη κινητικοτητα ανεφερε ο υπουργοσ μεταφορων,0
"Υπάρχει ενδιαφέρον από τη νέα γενιά για τη Βιώσιμη Κινητικότητα, ανέφερε ο Υπουργός Μεταφορών https://t.co/zKDhH3jZ8b",υπαρχει ενδιαφερον απο τη νεα γενια για τη βιωσιμη κινητικοτητα ανεφερε ο υπουργοσ μεταφορων,0
Ν.Ηλιόπουλος: «Η ομιλία του Α.Τσίπρα δείχνει ότι κατανοεί το παγκόσμιο &amp;#038; ευρωπαϊκό περιβάλλον» https://t.co/5Pu4UbqgLA,νηλιοπουλοσ η ομιλια του ατσιπρα δειχνει οτι κατανοει το παγκοσμιο amp ευρωπαϊκο περιβαλλον,0
Το μετασχολικό ενισχυτικό πρόγραμμα γύρω από την κλιματική δράση και τη βιώσιμη ανάπτυξη με σύνθημα “Local Green Hero” διοργανώνει ο μη κυβερνητικός οργανισμός Ecogenia σε συνεργασία με τον Δήμο Χανίων. https://t.co/69BEJLax8G,το μετασχολικο ενισχυτικο προγραμμα γυρω απο την κλιματικη δραση και τη βιωσιμη αναπτυξη με συνθημα local green hero διοργανωνει ο μη κυβερνητικοσ οργανισμοσ ecogenia σε συνεργασια με τον δημο χανιων,0
"SNFCC Green Weekend: Η Κλιματική Αλλαγή και Εγώ,
https://t.co/MvzVZLA2iV,",snfcc green weekend η κλιματικη αλλαγη και εγω,0
«Η Πανεπιστημιακή Αστυνομία θα προχωρήσει για να αποκτήσουν τα ΑΕΙ το περιβάλλον που τους αρμόζει» ξεκαθαρίζει η Κεραμέως https://t.co/ca10k7rbhL,η πανεπιστημιακη αστυνομια θα προχωρησει για να αποκτησουν τα αει το περιβαλλον που τουσ αρμοζει ξεκαθαριζει η κεραμεωσ,0
“Έξυπνες Πόλεις: Λύσεις για ένα βιώσιμο μέλλον”: Συνέδριο απ’ την Ένωση Νέων Αυτοδιοικητικών https://t.co/uBUjBQ7Jkv #ΕΠΙΚΑΙΡΟΤΗΤΑ #ΕΝΩΣΗΝΕΩΝΑΥΤΟΔΙΟΙΚΗΤΙΚΩΝ By https://t.co/p9zfHynwcm https://t.co/1gX1lnlRVV,εξυπνεσ πολεισ λυσεισ για ενα βιωσιμο μελλον συνεδριο απ την ενωση νεων αυτοδιοικητικων επικαιροτητα ενωσηνεωναυτοδιοικητικων by,0
Συστηματική συνεργασία Ελλάδας-ΗΠΑ στην προστασία της Πολιτιστικής Κληρονομιάς από την κλιματική κρίση και την παράνομη διακίνηση https://t.co/kMVS6xvHjW,συστηματικη συνεργασια ελλαδασηπα στην προστασια τησ πολιτιστικησ κληρονομιασ απο την κλιματικη κριση και την παρανομη διακινηση,0
"⭕ Ο Γ. Μαντζουράνης έκανε λόγο για «κακοποιητική εργαλειοποίηση της Δικαιοσύνης από τον πρωθυπουργό και το περιβάλλον του», καθώς επίσης και για «βαρύτατο πλήγμα για το κράτος δικαίου».

Η δήλωση του ⤵️

https://t.co/IUlZ4CJO7y",ο γ μαντζουρανησ εκανε λογο για κακοποιητικη εργαλειοποιηση τησ δικαιοσυνησ απο τον πρωθυπουργο και το περιβαλλον του καθωσ επισησ και για βαρυτατο πληγμα για το κρατοσ δικαιου η δηλωση του,0
Επαφές για συνεργασία Σλοβακίας – Κύπρου με αφορμή της Υπουργική Διάσκεψη των ΗΕ «Περιβάλλον για την Ευρώπη» https://t.co/4ebHci6Jd9,επαφεσ για συνεργασια σλοβακιασ κυπρου με αφορμη τησ υπουργικη διασκεψη των ηε περιβαλλον για την ευρωπη,0
"Η Εφορεία Αρχαιοτήτων Θεσπρωτίας συμμετέχει και στον φετινό εορτασμό των Ευρωπαϊκών Ημερών Πολιτιστικής Κληρονομιάς με τον γενικό τίτλο «Βιώσιμη Πολιτιστική Κληρονομιά. Συντηρώντας το παρελθόν για τιςμελλοντικές γενιές», προγραμματίζοντας δύο

https://t.co/x2zYBl3h6X https://t.co/8NSW5BhMfJ",η εφορεια αρχαιοτητων θεσπρωτιασ συμμετεχει και στον φετινο εορτασμο των ευρωπαϊκων ημερων πολιτιστικησ κληρονομιασ με τον γενικο τιτλο βιωσιμη πολιτιστικη κληρονομια συντηρωντασ το παρελθον για τισμελλοντικεσ γενιεσ προγραμματιζοντασ δυο,0
"Υπάρχει ανάγκη για αλλαγή κουλτούρας των πολιτών για τη βιώσιμη κινητικότητα, ανέφερε ο Υπουργός Μεταφορών https://t.co/Y7X4qWjSZL",υπαρχει αναγκη για αλλαγη κουλτουρασ των πολιτων για τη βιωσιμη κινητικοτητα ανεφερε ο υπουργοσ μεταφορων,0
Βιώσιμη ανάπτυξη μέσα από την Τοπική Αυτοδιοίκηση ζητάει ο Χάρης Μαμουλάκης https://t.co/UvnoC3SOXv,βιωσιμη αναπτυξη μεσα απο την τοπικη αυτοδιοικηση ζηταει ο χαρησ μαμουλακησ,0
Συνεργασία Ελλάδας-ΗΠΑ στην προστασία της Πολιτιστικής Κληρονομιάς από την κλιματική κρίση και την παράνομη διακίνηση--https://t.co/tIi1mQ2eiZ,συνεργασια ελλαδασηπα στην προστασια τησ πολιτιστικησ κληρονομιασ απο την κλιματικη κριση και την παρανομη διακινηση,0
Η Νίκη Κεραμέως στο Columbia για την εκπαίδευση που προάγει τη βιώσιμη ανάπτυξη https://t.co/iMQzldf6bf https://t.co/0A2ZnzMW74,η νικη κεραμεωσ στο columbia για την εκπαιδευση που προαγει τη βιωσιμη αναπτυξη,0
«Βιώσιμη Πολιτιστική Κληρονομιά» Διατηρώντας το παρελθόν για τις μελλοντικές γενιές 23 – 24 ΣΕΠΤΕΜΒΡΙΟΥ 2022 via @onprevezanews https://t.co/Qu5mcGIP0r,βιωσιμη πολιτιστικη κληρονομια διατηρωντασ το παρελθον για τισ μελλοντικεσ γενιεσ σεπτεμβριου via onprevezanews,0
"Βιώσιμη Αστική Κινητικότητα Πάτρας
https://t.co/hG8A5fcAgT https://t.co/RXuigo9UN1",βιωσιμη αστικη κινητικοτητα πατρασ,0
"RT @amna_sportgr: #Ποδόσφαιρο ⚽️
Πληθαίνουν οι εκκλήσεις για μποϊκοτάζ του Μουντιάλ 2022 στο Κατάρ, με πολλούς να επικαλούνται παραβίαση τω…",rt amna_sportgr ποδοσφαιρο πληθαινουν οι εκκλησεισ για μποϊκοταζ του μουντιαλ στο καταρ με πολλουσ να επικαλουνται παραβιαση τω,0
"Σοβαρές κυβερνητικές ευθύνες και έλλειμμα πολιτικής βούλησης, για βιώσιμη διαχείριση των δασικού πλούτου και έγκαιρη επένδυση στην πρόληψη των πυρκαγιών και τον περιορισμό των καταστροφών στα δάση, διαπιστώνει το νέο κόμμα των Πράσινων.
https://t.co/Tk4krX3cwd",σοβαρεσ κυβερνητικεσ ευθυνεσ και ελλειμμα πολιτικησ βουλησησ για βιωσιμη διαχειριση των δασικου πλουτου και εγκαιρη επενδυση στην προληψη των πυρκαγιων και τον περιορισμο των καταστροφων στα δαση διαπιστωνει το νεο κομμα των πρασινων,0
"Αειφόρος Ανάπτυξη Αστερουσίων
https://t.co/THB2othG8q https://t.co/vWbmuMNXJ7",αειφοροσ αναπτυξη αστερουσιων,0
Η κλιματική αλλαγή και οι νέες πανδημίες | Ειδήσεις – νέα – Το Βήμα Online https://t.co/LHEf8bQE2B,η κλιματικη αλλαγη και οι νεεσ πανδημιεσ ειδησεισ νεα το βημα online,0
RT @ilianewskoukos: Ν. Καλάκος: «Να δοθεί δίκαιη και βιώσιμη λύση με τις μοναστηριακές εκτάσεις» https://t.co/ydyrAhzhrh https://t.co/fi4Kh…,rt ilianewskoukos ν καλακοσ να δοθει δικαιη και βιωσιμη λυση με τισ μοναστηριακεσ εκτασεισ,0
Ν. Καλάκος: «Να δοθεί δίκαιη και βιώσιμη λύση με τις μοναστηριακές εκτάσεις» https://t.co/ydyrAhzhrh https://t.co/fi4KhZoLUk,ν καλακοσ να δοθει δικαιη και βιωσιμη λυση με τισ μοναστηριακεσ εκτασεισ,0
Τριαντόπουλος: Η σημασία των ΑΠΕ στην αντιμετώπιση των παραγόντων που έχουν οδηγήσει στην κλιματική κρίση https://t.co/agv1kqvcq6,τριαντοπουλοσ η σημασια των απε στην αντιμετωπιση των παραγοντων που εχουν οδηγησει στην κλιματικη κριση,0
ΙΛΛΥΡΙΑ WEB TV | ΠΕΡΙΒΑΛΛΟΝ - ΟΠΤΙΚΗ ΡΥΠΑΝΣΗ | ΕΙΡΗΝΗ ΚΑΝΕΛΛΟΥ https://t.co/BOWbg8LsuT,ιλλυρια web tv περιβαλλον οπτικη ρυπανση ειρηνη κανελλου,0
[https://t.co/bDHZLmoC6L]ΧΑ: «Άμυνες» κόντρα στο  #Διεθνές περιβάλλον - Προβληματίζει ο τζίρος  https://t.co/M7xQ6GS5j4,αμυνεσ κοντρα στο διεθνεσ περιβαλλον προβληματιζει ο τζιροσ,0
Ολοκληρώθηκε το 1ο Συνέδριο για τη Βιώσιμη Κινητικότητα My Green Mobility 2022 https://t.co/2vfeaSVsUj,ολοκληρωθηκε το ο συνεδριο για τη βιωσιμη κινητικοτητα my green mobility,0
Χρηματοδότηση ύψους 808.356 € εξασφάλισε ο Δήμος Χαλανδρίου για καφέ κάδο και πρόγραμμα κομποστοποίησης https://t.co/NfeWqBjbN3,χρηματοδοτηση υψουσ εξασφαλισε ο δημοσ χαλανδριου για καφε καδο και προγραμμα κομποστοποιησησ,0
"""Ευρωπαϊκές Ημέρες Πολιτιστικές Κληρονομιάς με θέμα Βιώσιμη Πολιτιστική Κληρονομιά- Διατηρώντας το παρελθόν για τις μελλοντικές γενιές"" https://t.co/go9TocATTU",ευρωπαϊκεσ ημερεσ πολιτιστικεσ κληρονομιασ με θεμα βιωσιμη πολιτιστικη κληρονομια διατηρωντασ το παρελθον για τισ μελλοντικεσ γενιεσ,0
Έρχεται νέο πρόγραμμα επιδότησης για ηλιακούς θερμοσίφωνες https://t.co/RWUDg4mChz,ερχεται νεο προγραμμα επιδοτησησ για ηλιακουσ θερμοσιφωνεσ,0
Δράσεις της Εφορείας Αρχαιοτήτων Λάρισας για μια «Βιώσιμη πολιτιστική κληρονομιά» - LarissaPress https://t.co/wK6sPuNyXh,δρασεισ τησ εφορειασ αρχαιοτητων λαρισασ για μια βιωσιμη πολιτιστικη κληρονομια larissapress,0
Κυκλάδες - Σίφνος: Διήμερο εκδηλώσεων και “Βιώσιμη Διαχείριση Φυσικών Πόρων” https://t.co/nGmU4XbLLM,κυκλαδεσ σιφνοσ διημερο εκδηλωσεων και βιωσιμη διαχειριση φυσικων πορων,0
"Ληστεία στη Γλυφάδα-Σοκάρει η αποκάλυψη της αστρολόγου: «Οι δράστες ήταν από το στενό μου περιβάλλον» (pics, vids)

#ληστεία #Γλυφαδα #αστυνομια #αστρολογος #mynewsgr 

https://t.co/zz8cv5w9DY",ληστεια στη γλυφαδασοκαρει η αποκαλυψη τησ αστρολογου οι δραστεσ ηταν απο το στενο μου περιβαλλον pics vids ληστεια γλυφαδα αστυνομια αστρολογοσ mynewsgr,0
Ε.Ε.: Η αειφορία είναι ζωτικής σημασίας για τη βιωσιμότητα των ευρωπαϊκών αερομεταφορών https://t.co/SpQjpTOP85 https://t.co/1fUsU6f0S8,εε η αειφορια ειναι ζωτικησ σημασιασ για τη βιωσιμοτητα των ευρωπαϊκων αερομεταφορων,0
Έγκλημα στην Ηλεία: Στο κοντινό περιβάλλον του 68χρονου επιχειρηματία στρέφονται οι έρευνες https://t.co/f57m9ePNfY,εγκλημα στην ηλεια στο κοντινο περιβαλλον του χρονου επιχειρηματια στρεφονται οι ερευνεσ,0
Κικίλιας: Επεκτείνεται η τουριστική περίοδος – Βάσεις για βιώσιμο τουριστικό μοντέλο όλο το χρόνο https://t.co/PZpv384ZBJ,κικιλιασ επεκτεινεται η τουριστικη περιοδοσ βασεισ για βιωσιμο τουριστικο μοντελο ολο το χρονο,0
Π. Κόκκαλης: «Ασφάλεια Δικαίου και κανόνες για όλους ως απαρέγκλιτοι όροι για μια βιώσιμη ανάπτυξη» https://t.co/JASTaaCnro,π κοκκαλησ ασφαλεια δικαιου και κανονεσ για ολουσ ωσ απαρεγκλιτοι οροι για μια βιωσιμη αναπτυξη,0
[Κλικ και διαβάστε στο iefimerida]Άγριο  #Έγκλημα στην Ηλεία:  #Ερευνες στο κοντινό περιβάλλον του 68χρονου επιχειρηματία https://t.co/FS24JNXMJb,κλικ και διαβαστε στο iefimeridaαγριο εγκλημα στην ηλεια ερευνεσ στο κοντινο περιβαλλον του χρονου επιχειρηματια,0
RT @LykavitosGr: Έγκλημα στην Ηλεία: Στο κοντινό περιβάλλον του 68χρονου επιχειρηματία στρέφονται οι έρευνες  #Ηλεία https://t.co/eSVFbILP4v,rt lykavitosgr εγκλημα στην ηλεια στο κοντινο περιβαλλον του χρονου επιχειρηματια στρεφονται οι ερευνεσ ηλεια,0
RT @LykavitosGr: Έγκλημα στην Ηλεία: Στο κοντινό περιβάλλον του 68χρονου επιχειρηματία στρέφονται οι έρευνες  #Ηλεία https://t.co/eSVFbILP4v,rt lykavitosgr εγκλημα στην ηλεια στο κοντινο περιβαλλον του χρονου επιχειρηματια στρεφονται οι ερευνεσ ηλεια,0
«Αγγίζουν» τον δολοφόνο του επιχειρηματία – Στο κοντινό περιβάλλον οι έρευνες https://t.co/fvPL0wiG49,αγγιζουν τον δολοφονο του επιχειρηματια στο κοντινο περιβαλλον οι ερευνεσ,0
Έγκλημα στην Ηλεία: Στο κοντινό περιβάλλον του 68χρονου επιχειρηματία στρέφονται οι έρευνες https://t.co/aUSPDQxHsH #GiTisElias #Sasmos #Pagidevmenoi #gntmgr #kaneotikoimasai,εγκλημα στην ηλεια στο κοντινο περιβαλλον του χρονου επιχειρηματια στρεφονται οι ερευνεσ gitiselias sasmos pagidevmenoi gntmgr kaneotikoimasai,0
Δολοφονία 68χρονου στην Ηλεία: Οι έρευνες στρέφονται στο κοντινό περιβάλλον του επιχειρηματία https://t.co/ge4b0pQH5G,δολοφονια χρονου στην ηλεια οι ερευνεσ στρεφονται στο κοντινο περιβαλλον του επιχειρηματια,0
Έγκλημα στην Ηλεία: Στο κοντινό περιβάλλον του 68χρονου επιχειρηματία στρέφονται οι έρευνες https://t.co/xPUn6JPsMV,εγκλημα στην ηλεια στο κοντινο περιβαλλον του χρονου επιχειρηματια στρεφονται οι ερευνεσ,0
"Το Αρχαιολογικό Μουσείο Χανίων συμμετέχει στον φετινό εορτασμό των ΕΗΠΚ (Ευρωπαϊκές Ημέρες Πολιτιστικής Κληρονομιάς), με θέμα «Βιώσιμη Πολιτιστική Κληρονομιά – Διατηρώντας το παρελθόν για τις μελλοντικές γενιές»… https://t.co/hMYtKMPhJf",το αρχαιολογικο μουσειο χανιων συμμετεχει στον φετινο εορτασμο των εηπκ ευρωπαϊκεσ ημερεσ πολιτιστικησ κληρονομιασ με θεμα βιωσιμη πολιτιστικη κληρονομια διατηρωντασ το παρελθον για τισ μελλοντικεσ γενιεσ,0
"Τρεις οργανώσεις των Ιωαννίνων που ασχολούνται με την βιώσιμη ανάπτυξη καταθέτουν ενδιαφέρουσες προτάσεις για το ενεργειακό με αφορμή την συζήτηση που έγινε στην Επιτροπή Περιβάλλοντος της Περιφέρειας Ηπείρου για το φωτοβολταϊκό στο Μαργαρίτι.

https://t.co/FVwG0242bF https://t.co/RAylhMLwZx",τρεισ οργανωσεισ των ιωαννινων που ασχολουνται με την βιωσιμη αναπτυξη καταθετουν ενδιαφερουσεσ προτασεισ για το ενεργειακο με αφορμη την συζητηση που εγινε στην επιτροπη περιβαλλοντοσ τησ περιφερειασ ηπειρου για το φωτοβολταϊκο στο μαργαριτι,0
RT @MaziGefyra: Επιχείρηση καθαρισμού της ακτής γύρω από το φρούριο του Ρίου από μέλη του προσωπικού της Γέφυρας. Aφορμή Hμέρα Δράσης για τ…,rt mazigefyra επιχειρηση καθαρισμου τησ ακτησ γυρω απο το φρουριο του ριου απο μελη του προσωπικου τησ γεφυρασ aφορμη hμερα δρασησ για τ,0
"Τόσο μακριά από το «πράσινο» και τόσο κοντά στην «κλιματική αλλαγή» 
https://t.co/oC4revh2b2",τοσο μακρια απο το πρασινο και τοσο κοντα στην κλιματικη αλλαγη,0
LCOY Greece: Εθνικό Συνέδριο Νέων για την Κλιματική Αλλαγή https://t.co/ARsewFzHnG,lcoy greece εθνικο συνεδριο νεων για την κλιματικη αλλαγη,0
"RT @CyMESYpress: ⏩ Ενημέρωση ξένων ανταποκριτών για την 9η Υπουργική Σύνοδο για το Περιβάλλον στην Ευρώπη #efe2022, της Οικονομικής Επιτροπ…",rt cymesypress ενημερωση ξενων ανταποκριτων για την η υπουργικη συνοδο για το περιβαλλον στην ευρωπη efe τησ οικονομικησ επιτροπ,0
Δολοφονία στην Καβάλα – Συνελήφθησαν 4 άτομα από το οικογενειακό περιβάλλον του δράστη--https://t.co/Yt5bjLZFVA,δολοφονια στην καβαλα συνεληφθησαν ατομα απο το οικογενειακο περιβαλλον του δραστη,0
Δολοφονία στην Καβάλα: Συνελήφθησαν 4 άτομα από το οικογενειακό περιβάλλον του 25χρονου δράστη - Documento https://t.co/CgVdnaui9O https://t.co/OhgCXv7Psp,δολοφονια στην καβαλα συνεληφθησαν ατομα απο το οικογενειακο περιβαλλον του χρονου δραστη documento,0
Δολοφονία στην Καβάλα – Συνελήφθησαν 4 άτομα από το οικογενειακό περιβάλλον του δράστη https://t.co/840egAqNDW,δολοφονια στην καβαλα συνεληφθησαν ατομα απο το οικογενειακο περιβαλλον του δραστη,0
Δολοφονία στην Καβάλα – Συνελήφθησαν 4 άτομα από το οικογενειακό περιβάλλον του δράστη https://t.co/tZOEpT2kiD,δολοφονια στην καβαλα συνεληφθησαν ατομα απο το οικογενειακο περιβαλλον του δραστη,0
Ραγδαίες εξελίξεις για το έγκλημα στην Καβάλα – Συνελήφθησαν 4 άτομα από το οικογενειακό περιβάλλον του δράστη https://t.co/A0stBHiVtH,ραγδαιεσ εξελιξεισ για το εγκλημα στην καβαλα συνεληφθησαν ατομα απο το οικογενειακο περιβαλλον του δραστη,0
Έγκλημα στην Καβάλα: Συνελήφθησαν 4 άτομα από το οικογενειακό περιβάλλον του 25χρονου-Η μηχανή που τον πρόδωσε (ΦΩΤΟ-VIDEO) - https://t.co/eiOPQNSsIs https://t.co/uspf9yod4s #Δολοφονία #Δράστης #Καβάλα #Μοτοσυκλέτα #Οικογένεια #Συλλήψεις,εγκλημα στην καβαλα συνεληφθησαν ατομα απο το οικογενειακο περιβαλλον του χρονουη μηχανη που τον προδωσε φωτοvideo δολοφονια δραστησ καβαλα μοτοσυκλετα οικογενεια συλληψεισ,0
"@pprodromou: Η Σύνοδος για το Περιβάλλον στην Ευρώπη παρέχει μια μοναδική ευκαιρία για διατομεακή και διυπουργική συνεργασία, ώστε να αντιμετωπίσουμε τις αναδυόμενες προκλήσεις που αντιμετωπίζει η ανθρωπότητα εξαιτίας της υποβάθμισης του περιβάλλοντος.
👉 https://t.co/ZwyO06hx7p https://t.co/2LOo9hPVd3",pprodromou η συνοδοσ για το περιβαλλον στην ευρωπη παρεχει μια μοναδικη ευκαιρια για διατομεακη και διυπουργικη συνεργασια ωστε να αντιμετωπισουμε τισ αναδυομενεσ προκλησεισ που αντιμετωπιζει η ανθρωποτητα εξαιτιασ τησ υποβαθμισησ του περιβαλλοντοσ,0
"⏩ Ενημέρωση ξένων ανταποκριτών για την 9η Υπουργική Σύνοδο για το Περιβάλλον στην Ευρώπη #efe2022, της Οικονομικής Επιτροπής των Ηνωμένων Εθνών για την Ευρώπη (UNECE) που θα πραγματοποιηθεί 5-7 Οκτωβρίου 2022, στη Λευκωσία.
#nicosiaefe https://t.co/UsASWZpEiz",ενημερωση ξενων ανταποκριτων για την η υπουργικη συνοδο για το περιβαλλον στην ευρωπη efe τησ οικονομικησ επιτροπησ των ηνωμενων εθνων για την ευρωπη unece που θα πραγματοποιηθει οκτωβριου στη λευκωσια nicosiaefe,0
"Ν. Παπαθανάσης: «Με προτεραιότητα στην αειφορία, εξασφαλίζουμε το μέλλον της χώρας» https://t.co/vmuSaxwzlS",ν παπαθανασησ με προτεραιοτητα στην αειφορια εξασφαλιζουμε το μελλον τησ χωρασ,0
"#News #Κόσμος Εβαλε φωτιά στο χέρι του για να διαμαρτυρηθεί για την κλιματική αλλαγή!
https://t.co/IKplEGM3T1",news κοσμοσ εβαλε φωτια στο χερι του για να διαμαρτυρηθει για την κλιματικη αλλαγη,0
Η Έλενα Κουντουρά προσκεκλημένη ομιλήτρια στο Πανεπιστήμιο της Σεούλ για τον βιώσιμο τουρισμό ⋆ TirnavosPress https://t.co/kmETEb4iH2,η ελενα κουντουρα προσκεκλημενη ομιλητρια στο πανεπιστημιο τησ σεουλ για τον βιωσιμο τουρισμο tirnavospress,0
Πώς το περιβάλλον επηρεάζει την παχυσαρκία: Τι είναι οι ενδοκρινικοί διαταράκτες https://t.co/epN7B1V6XA #GiTisElias #Sasmos #kaneotikoimasai #gntmgr #Pagidevmenoi,πωσ το περιβαλλον επηρεαζει την παχυσαρκια τι ειναι οι ενδοκρινικοι διαταρακτεσ gitiselias sasmos kaneotikoimasai gntmgr pagidevmenoi,0
Τα μάτια στην Κύπρο αρχές Οκτώβρη για την 9η Υπουργική Σύνοδο για το Περιβάλλον στην Ευρώπη της UNECE https://t.co/xUrknEr58J,τα ματια στην κυπρο αρχεσ οκτωβρη για την η υπουργικη συνοδο για το περιβαλλον στην ευρωπη τησ unece,0
Η Έλενα Κουντουρά προσκεκλημένη ομιλήτρια στο Πανεπιστήμιο της Σεούλ για τον βιώσιμο τουρισμό https://t.co/WGqrgdcmai,η ελενα κουντουρα προσκεκλημενη ομιλητρια στο πανεπιστημιο τησ σεουλ για τον βιωσιμο τουρισμο,0
Μάικλ Μπλούμπεργκ: Το ελληνικό οικονομικό και επενδυτικό περιβάλλον συνεχίζει να βελτιώνεται υπό την ηγεσία του Μητσοτάκη ... https://t.co/CWAix9y4fq,μαικλ μπλουμπεργκ το ελληνικο οικονομικο και επενδυτικο περιβαλλον συνεχιζει να βελτιωνεται υπο την ηγεσια του μητσοτακη,0
"Κλιματική αλλαγή- Μεγάλη  δημοσκόπηση https://t.co/VNOFdXLGOn μέσω @Meteo24News 
#Ελλαδα #αθηνα ΄#Καλοκαίρι #φωτια #Greece #ClimateCrisis #Weather",κλιματικη αλλαγη μεγαλη δημοσκοπηση μεσω meteonews ελλαδα αθηνα καλοκαιρι φωτια greece climatecrisis weather,0
"RT @TheOpinion_News: Θεσσαλονίκη: Αντίστροφη μέτρηση για το Kapani Project – Μικρές, ξεχωριστές, στιγμές μέσα στο αστικό περιβάλλον https:/…",rt theopinion_news θεσσαλονικη αντιστροφη μετρηση για το kapani project μικρεσ ξεχωριστεσ στιγμεσ μεσα στο αστικο περιβαλλον,0
"Η Ευρωπαϊκή Εβδομάδα Κινητικότητας και η συζήτηση για την βιώσιμη κινητικότητα
#alphanewslive #cyprus
https://t.co/VpzlhIS2F0",η ευρωπαϊκη εβδομαδα κινητικοτητασ και η συζητηση για την βιωσιμη κινητικοτητα alphanewslive cyprus,0
Περιβαλλοντική υγεία: Το 25% των θανάτων παγκοσμίως σχετίζεται με το περιβάλλον https://t.co/NJ4YRBPFw5,περιβαλλοντικη υγεια το των θανατων παγκοσμιωσ σχετιζεται με το περιβαλλον,0
Εθελοντική δράση ΟΝΝΕΔ - Η προστασία του περιβάλλοντος είναι υπόθεση όλων μας (ΦΩΤΟ) - https://t.co/eiOPQNT0y0 https://t.co/jabNzJNn9J #ΟΝΝΕΔ #Εθελοντική_Δράση #Περιβάλλον,εθελοντικη δραση οννεδ η προστασια του περιβαλλοντοσ ειναι υποθεση ολων μασ φωτο οννεδ εθελοντικη_δραση περιβαλλον,0
Παγκόσμιος Οργανισμός Υγείας: Το 25% όλων των θανάτων παγκοσμίως σχετίζονται με το περιβάλλον https://t.co/rZSdE1Khn2,παγκοσμιοσ οργανισμοσ υγειασ το ολων των θανατων παγκοσμιωσ σχετιζονται με το περιβαλλον,0
Παγκόσμια Ημέρα Περιβαλλοντικής Υγείας: Tο 25% των θανάτων παγκοσμίως ανά έτος σχετίζονται με το περιβάλλον - https://t.co/w8tRmcWbDH https://t.co/b64pp3GWdy,παγκοσμια ημερα περιβαλλοντικησ υγειασ tο των θανατων παγκοσμιωσ ανα ετοσ σχετιζονται με το περιβαλλον,0
Συνέδριο Economist: Σε νέο περιβάλλον προκλήσεων οι ελληνικές τράπεζες https://t.co/yHi6q3m2V4 #businessnewsgr,συνεδριο economist σε νεο περιβαλλον προκλησεων οι ελληνικεσ τραπεζεσ businessnewsgr,0
"Συνέδριο #EconSustainableFinance του 
@Economist_SEUR

Σε νέο περιβάλλον προκλήσεων οι ελληνικές τράπεζες

https://t.co/CQEbZWeOrD https://t.co/GQGupid8Lk",συνεδριο econsustainablefinance του economist_seur σε νεο περιβαλλον προκλησεων οι ελληνικεσ τραπεζεσ,0
"Το 25% των θανάτων σε όλο τον κόσμο σχετίζονται με το περιβάλλον

https://t.co/BuoaOpN1F6",το των θανατων σε ολο τον κοσμο σχετιζονται με το περιβαλλον,0
Στην Παγκόσμια Διάσκεψη της UNESCO για τις Πολιτιστικές Πολιτικές και τη Βιώσιμη Ανάπτυξη - MONDIACULT 2022 η Υπουργός Πολιτισμού και Αθλητισμού Λίνα Μενδώνη #MinCultureGR #CULTURE2030GOAL #Unesco #culture #Mexico #Greece @UNESCO #ΥΠΠΟΑ#MONDIACULT https://t.co/HXauRhTut3 https://t.co/LS5Mf4bz0j,στην παγκοσμια διασκεψη τησ unesco για τισ πολιτιστικεσ πολιτικεσ και τη βιωσιμη αναπτυξη mondiacult η υπουργοσ πολιτισμου και αθλητισμου λινα μενδωνη minculturegr culturegoal unesco culture mexico greece unesco υπποαmondiacult,0
Στην Παγκόσμια Διάσκεψη της UNESCO για τις Πολιτιστικές Πολιτικές και τη Βιώσιμη Ανάπτυξη – MONDIACULT 2022 η Υπουργός Πολιτισμού και Αθλητισμού Λίνα Μενδώνη https://t.co/sv0jB3g6SS,στην παγκοσμια διασκεψη τησ unesco για τισ πολιτιστικεσ πολιτικεσ και τη βιωσιμη αναπτυξη mondiacult η υπουργοσ πολιτισμου και αθλητισμου λινα μενδωνη,0
Χαιρετισμός Κουράκη στην ημερίδα του ΟΑΚ για την βιώσιμη καινοτομία και διακυβέρνηση https://t.co/C2P7DBORyg,χαιρετισμοσ κουρακη στην ημεριδα του οακ για την βιωσιμη καινοτομια και διακυβερνηση,0
Ημέρα Περιβαλλοντικής Υγείας: Το 25% όλων των θανάτων παγκοσμίως σχετίζεται με το περιβάλλον - https://t.co/SjiYqNkcFb https://t.co/lfzFhfpFkC,ημερα περιβαλλοντικησ υγειασ το ολων των θανατων παγκοσμιωσ σχετιζεται με το περιβαλλον,0
Παγκόσμια Ημέρα Περιβαλλοντικής Υγείας: Το 25% των θανάτων παγκοσμίως σχετίζονται με το περιβάλλον https://t.co/RdKiYASxJI,παγκοσμια ημερα περιβαλλοντικησ υγειασ το των θανατων παγκοσμιωσ σχετιζονται με το περιβαλλον,0
Παγκόσμια Ημέρα Περιβαλλοντικής Υγείας: Το 25% των θανάτων σχετίζονται με το περιβάλλον https://t.co/GPxYCgbUDf,παγκοσμια ημερα περιβαλλοντικησ υγειασ το των θανατων σχετιζονται με το περιβαλλον,0
Αποκλειστικό: Εκτεθειμένη η ΕΡΤ απέναντι στον Νίκο Κουρή – Τι μέλλει γενέσθαι με το «Δες και βρες» και τι διαμηνύει το περιβάλλον του ηθοποιού; https://t.co/4ecWKCOypd,αποκλειστικο εκτεθειμενη η ερτ απεναντι στον νικο κουρη τι μελλει γενεσθαι με το δεσ και βρεσ και τι διαμηνυει το περιβαλλον του ηθοποιου,0
Παπαδόπουλος: Η Ελλάδα μπορεί να είναι πρωτοπόρα στη βιώσιμη αστική κινητικότητα https://t.co/OwawTxWg89,παπαδοπουλοσ η ελλαδα μπορει να ειναι πρωτοπορα στη βιωσιμη αστικη κινητικοτητα,0
Γ. Ρέτσος (ΣΕΤΕ): Οι στόχοι για ένα βιώσιμο μοντέλο στρατηγικής ανάπτυξης του ελληνικού τουρισμού https://t.co/Ob8CqiZiJF,γ ρετσοσ σετε οι στοχοι για ενα βιωσιμο μοντελο στρατηγικησ αναπτυξησ του ελληνικου τουρισμου,0
RT @Moneypressgr: Σε νέο περιβάλλον προκλήσεων οι ελληνικές τράπεζες - Βλέπουν υψηλή ζήτηση για ...  #moneypress https://t.co/jgCX6IKcZP ht…,rt moneypressgr σε νεο περιβαλλον προκλησεων οι ελληνικεσ τραπεζεσ βλεπουν υψηλη ζητηση για moneypress ht,0
Σε νέο περιβάλλον προκλήσεων οι ελληνικές τράπεζες - Βλέπουν υψηλή ζήτηση για ...  #moneypress https://t.co/jgCX6IKcZP https://t.co/sqWAdX8dJ5,σε νεο περιβαλλον προκλησεων οι ελληνικεσ τραπεζεσ βλεπουν υψηλη ζητηση για moneypress,0
Πατούλης: Επενδύουμε στη βιώσιμη κινητικότητα - Προτεραιότητα στην ασφάλεια και στην παροχή ποιοτικών υπηρεσιών https://t.co/7JJCuxDDoa,πατουλησ επενδυουμε στη βιωσιμη κινητικοτητα προτεραιοτητα στην ασφαλεια και στην παροχη ποιοτικων υπηρεσιων,0
ΔΕΗ blue και ΣΚΛΑΒΕΝΙΤΗΣ ενώνουν τις δυνάμεις τους για τη βιώσιμη κινητικότητα https://t.co/mHUMYtCjk7,δεη blue και σκλαβενιτης ενωνουν τισ δυναμεισ τουσ για τη βιωσιμη κινητικοτητα,0
Από το Αργοστόλι με… (επιστημονική) αγάπη για το περιβάλλον – Ειδήσεις – νέα – Το Βήμα Online https://t.co/HF85R5sLEH,απο το αργοστολι με επιστημονικη αγαπη για το περιβαλλον ειδησεισ νεα το βημα online,0
Γ. Ρέτσος: Παγκόσμια Ημέρα Τουρισμού – Οι στόχοι για ένα βιώσιμο μοντέλο στρατηγικής ανάπτυξης του #Δημοκρατική #Ρόδος #Δωδεκάνησα https://t.co/YgZGhguvKM,γ ρετσοσ παγκοσμια ημερα τουρισμου οι στοχοι για ενα βιωσιμο μοντελο στρατηγικησ αναπτυξησ του δημοκρατικη ροδοσ δωδεκανησα,0
«Επενδύουμε στη βιώσιμη κινητικότητα» τονίζει ο Πατούλης παρουσιάζοντας τις παρεμβάσεις https://t.co/4NRqGPBRGG,επενδυουμε στη βιωσιμη κινητικοτητα τονιζει ο πατουλησ παρουσιαζοντασ τισ παρεμβασεισ,0
"ΔΕΗ blue και Σκλαβενίτης ενώνουν τις δυνάμεις τους για τη βιώσιμη κινητικότητα,
https://t.co/fTXFyqlTki,",δεη blue και σκλαβενιτησ ενωνουν τισ δυναμεισ τουσ για τη βιωσιμη κινητικοτητα,0
Bluegr Hotels and Resorts: Πολυτελής φιλοξενία με θετικό πρόσημο για το περιβάλλον και την κοινωνία https://t.co/fjT2jvJOdX,bluegr hotels and resorts πολυτελησ φιλοξενια με θετικο προσημο για το περιβαλλον και την κοινωνια,0
"“Ανοιχτές Πόρτες”, μια διαφορετική γιορτή στο Λιβάδι του δήμου Θέρμης https://t.co/NoE8FJhyhC #ΔΤ #ΕΚΠΑΙΔΕΥΣΗ #ΛΙΒΑΔΙ #ΠΕΡΙΒΑΛΛΟΝ https://t.co/HSc9QxrNEm",ανοιχτεσ πορτεσ μια διαφορετικη γιορτη στο λιβαδι του δημου θερμησ δτ εκπαιδευση λιβαδι περιβαλλον,0
"Επιστημονική ημερίδα: «Κλιματική κρίση: Περιβάλλον &amp; Άνθρωπος», το Σάββατο στο Αργοστόλι https://t.co/2ylrHwkEqv",επιστημονικη ημεριδα κλιματικη κριση περιβαλλον amp ανθρωποσ το σαββατο στο αργοστολι,0
«”Πράσινες” επενδύσεις με τις Περιφέρειες σε κεντρικό ρόλο το «κλειδί» για βιώσιμη ανάπτυξη» τονίζει ο Πατούλης https://t.co/3ocincLycB,πρασινεσ επενδυσεισ με τισ περιφερειεσ σε κεντρικο ρολο το κλειδι για βιωσιμη αναπτυξη τονιζει ο πατουλησ,0
"Η φετινή χρονιά σήμανε άλλη μία σημαντική επιτυχία για τη MetLife Cyprus, με το Great Place to Work® να ανακοινώνει επισήμως την πιστοποίησή της ως ένα εξαιρετικό εργασιακό περιβάλλον.

https://t.co/J7adYoKDRv https://t.co/KpdFFqB12P",η φετινη χρονια σημανε αλλη μια σημαντικη επιτυχια για τη metlife cyprus με το great place to work να ανακοινωνει επισημωσ την πιστοποιηση τησ ωσ ενα εξαιρετικο εργασιακο περιβαλλον,0
Τι ξέρουμε για τις διαρροές στους αγωγούς Nord Stream - Ο αντίκτυπος στην ενέργεια και το περιβάλλον - https://t.co/7ILiy5fmIJ https://t.co/Ox9XF5uEeo,τι ξερουμε για τισ διαρροεσ στουσ αγωγουσ nord stream ο αντικτυποσ στην ενεργεια και το περιβαλλον,0
Επέστρεψε στο φυσικό της περιβάλλον η θαλάσσια χελώνα “Καριάδα” που βρέθηκε με  τραύμα στο κεφάλι στην Πρέβεζα. https://t.co/QLlD6NbT5R,επεστρεψε στο φυσικο τησ περιβαλλον η θαλασσια χελωνα καριαδα που βρεθηκε με τραυμα στο κεφαλι στην πρεβεζα,0
Κύπρο αρχές Οκτώβρη η 9η Υπουργική Σύνοδος για το Περιβάλλον https://t.co/oQtCCqkRxz #cyprus #Europe #environment,κυπρο αρχεσ οκτωβρη η η υπουργικη συνοδοσ για το περιβαλλον cyprus europe environment,0
Γιάννης Ρέτσος: Οι στόχοι για ένα βιώσιμο μοντέλο στρατηγικής ανάπτυξης του ελληνικού τουρισμού https://t.co/sqAafo7iJm,γιαννησ ρετσοσ οι στοχοι για ενα βιωσιμο μοντελο στρατηγικησ αναπτυξησ του ελληνικου τουρισμου,0
"⏩ Συνέντευξη Τύπου για την 9η Υπουργική Σύνοδο της #UNECE για το περιβάλλον στην Ευρώπη.
@pprodromou: Η Σύνοδος αποτελεί τη μεγαλύτερη πολιτική πλατφόρμα επικοινωνίας των χωρών που ανήκουν στην #UNECE, σε θέματα περιβάλλοντος και  αειφόρου ανάπτυξης.
👉 https://t.co/AFrfP0piyP https://t.co/rtVRuK4EAM",συνεντευξη τυπου για την η υπουργικη συνοδο τησ unece για το περιβαλλον στην ευρωπη pprodromou η συνοδοσ αποτελει τη μεγαλυτερη πολιτικη πλατφορμα επικοινωνιασ των χωρων που ανηκουν στην unece σε θεματα περιβαλλοντοσ και αειφορου αναπτυξησ,0
"RT @KostasSkrekas: Η μείωση της σπατάλης τροφίμων είναι μια πράξη ευθύνης και σεβασμού απέναντι στο περιβάλλον.
Η Κυβέρνηση:
-Έχει εγκρίνει…",rt kostasskrekas η μειωση τησ σπαταλησ τροφιμων ειναι μια πραξη ευθυνησ και σεβασμου απεναντι στο περιβαλλον η κυβερνηση εχει εγκρινει,0
Στις εταιρίες με το καλύτερο εργασιακό περιβάλλον η Grant Thornton https://t.co/iQZ6nUCXUE,στισ εταιριεσ με το καλυτερο εργασιακο περιβαλλον η grant thornton,0
"Την Πιστοποίηση του Great Place to Work απέκτησε η Grant Thornton, ξεχωρίζοντας για το εξαιρετικό εργασιακό της περιβάλλον και την εταιρική της κουλτούρα, έπειτα από αξιολόγηση η οποία διενεργήθηκε από τον οργανισμό Great Place to Work Hellas.",την πιστοποιηση του great place to work απεκτησε η grant thornton ξεχωριζοντασ για το εξαιρετικο εργασιακο τησ περιβαλλον και την εταιρικη τησ κουλτουρα επειτα απο αξιολογηση η οποια διενεργηθηκε απο τον οργανισμο great place to work hellas,0
"Goldair Handling &amp; Διεθνής Αερολιμένας Αθηνών, μαζί στη Βιώσιμη Ανάπτυξη https://t.co/1OOKQtqnnQ https://t.co/6hkVhS0ii3",goldair handling amp διεθνησ αερολιμενασ αθηνων μαζι στη βιωσιμη αναπτυξη,0
Στο συγγενικό περιβάλλον ψάχνουν τον δολοφόνο του 68χρονου – 5 φορές κατέθεσαν ο αδερφός και ο ανιψιός του https://t.co/DbwOMmUv2d,στο συγγενικο περιβαλλον ψαχνουν τον δολοφονο του χρονου φορεσ κατεθεσαν ο αδερφοσ και ο ανιψιοσ του,0
RT @korallenia1: #sasmos Σιγά μην ευθύνεται ο Μαθιός και για την κλιματική αλλαγή. Ο καθένας είναι υπεύθυνος για τις πράξεις του. Άμα το πά…,rt korallenia sasmos σιγα μην ευθυνεται ο μαθιοσ και για την κλιματικη αλλαγη ο καθενασ ειναι υπευθυνοσ για τισ πραξεισ του αμα το πα,0
Ηλεία: Στο συγγενικό περιβάλλον οι έρευνες για τον δολοφόνο του 68χρονου https://t.co/Mu4AdUj0je,ηλεια στο συγγενικο περιβαλλον οι ερευνεσ για τον δολοφονο του χρονου,0
Γεωργαντάς: Στηρίζουμε τον κλάδο της ελιάς απέναντι στην κλιματική κρίση https://t.co/mQZIErGIxH,γεωργαντασ στηριζουμε τον κλαδο τησ ελιασ απεναντι στην κλιματικη κριση,0
Στο συγγενικό περιβάλλον ψάχνουν τον δολοφόνο του 68χρονου στην Ηλεία https://t.co/d1kLW7VRuS,στο συγγενικο περιβαλλον ψαχνουν τον δολοφονο του χρονου στην ηλεια,0
Γ. Γεωργαντάς: Στηρίζουμε τον κλάδο της ελιάς απέναντι στην κλιματική κρίση https://t.co/bZSkgisUyb #GiTisElias #Sasmos #kaneotikoimasai #Pagidevmenoi #gntmgr,γ γεωργαντασ στηριζουμε τον κλαδο τησ ελιασ απεναντι στην κλιματικη κριση gitiselias sasmos kaneotikoimasai pagidevmenoi gntmgr,0
"Τερζής (Alpha Bank): «Ευθύνη των μεγάλων επιχειρήσεων η αειφορία» - Ρεπορτάζ και ειδήσεις για την Οικονομία, τις Επιχειρήσεις, το Χρηματιστήριο, την Πολιτική #mononewsGR https://t.co/GqP3hDEdYv",τερζησ alpha bank ευθυνη των μεγαλων επιχειρησεων η αειφορια ρεπορταζ και ειδησεισ για την οικονομια τισ επιχειρησεισ το χρηματιστηριο την πολιτικη mononewsgr,0
Τερζής (Alpha Bank): Ευθύνη των μεγάλων επιχειρήσεων η αειφορία https://t.co/lU8sah1xsl #businessnewsgr,τερζησ alpha bank ευθυνη των μεγαλων επιχειρησεων η αειφορια businessnewsgr,0
"ΕΝΑΡΞΗ ΤΩΝ «ΕΚΠΑΙΔΕΥΤΙΚΩΝ ΤΑΞΙΔΙΩΝ ΣΤΗΝ ΑΕΙΦΟΡΙΑ» ΣΤΟ ΠΑΝΕΠΙΣΤΗΜΙΟ ΑΙΓΑΙΟΥ 
https://t.co/xSPWsg7o8t https://t.co/aMefcCndcd",εναρξη των εκπαιδευτικων ταξιδιων στην αειφορια στο πανεπιστημιο αιγαιου,0
Ηλεία: Στο συγγενικό περιβάλλον ψάχνουν τον δολοφόνο του 68χρονου https://t.co/gyToyfQn0O,ηλεια στο συγγενικο περιβαλλον ψαχνουν τον δολοφονο του χρονου,0
Environmental Awards 2022: Βραβείο στην ΟΛΥΜΠΟΣ για τις φιλικές προς το περιβάλλον συσκευασίες https://t.co/CJMV49Rgtm,environmental awards βραβειο στην ολυμπος για τισ φιλικεσ προσ το περιβαλλον συσκευασιεσ,0
Environmental Awards 2022: Βραβείο στην ΟΛΥΜΠΟΣ για τις φιλικές προς το περιβάλλον συσκευασίες - LarissaPress https://t.co/ju57W8DmIb,environmental awards βραβειο στην ολυμπος για τισ φιλικεσ προσ το περιβαλλον συσκευασιεσ larissapress,0
"Bitcoin: Η «εξόρυξη» του κρυπτονομίσματος βλάπτει σοβαρά το περιβάλλον

https://t.co/TKYMaVaO0k",bitcoin η εξορυξη του κρυπτονομισματοσ βλαπτει σοβαρα το περιβαλλον,0
Γ. Γεωργαντάς: Στηρίζουμε τον κλάδο της ελιάς απέναντι στην κλιματική κρίση https://t.co/JerG5q9Q7v,γ γεωργαντασ στηριζουμε τον κλαδο τησ ελιασ απεναντι στην κλιματικη κριση,0
Από το Αργοστόλι με… (επιστημονική) αγάπη για το περιβάλλον – Αύριο η Ημερίδα https://t.co/q6kd0fsX6B,απο το αργοστολι με επιστημονικη αγαπη για το περιβαλλον αυριο η ημεριδα,0
Φορολογικές εκπτώσεις για όσους επενδύουν στην πράσινη οικονομία https://t.co/YjNg2IzICX,φορολογικεσ εκπτωσεισ για οσουσ επενδυουν στην πρασινη οικονομια,0
"#Nordstream : Τι επίδραση θα έχουν οι διαρροές στο περιβάλλον
https://t.co/Zb84bnGYXK",nordstream τι επιδραση θα εχουν οι διαρροεσ στο περιβαλλον,0
Τι σημαίνει η διαρροή φυσικού αερίου για το περιβάλλον https://t.co/uhTu7dq3v1,τι σημαινει η διαρροη φυσικου αεριου για το περιβαλλον,0
...https://t.co/98tHHLz6sb #GiTisElias #Pagidevmenoi ...,gitiselias pagidevmenoi,0
Αδ. Γεωργιάδης: Εγκρίθηκε η περιβαλλοντική μελέτη για τη διπλή ανάπλαση και ξεκινά ο διαγωνισμός για το γήπεδο του ΠΑΟ ... https://t.co/98tHHLz6sb,αδ γεωργιαδησ εγκριθηκε η περιβαλλοντικη μελετη για τη διπλη αναπλαση και ξεκινα ο διαγωνισμοσ για το γηπεδο του παο,0
"RT @cygnetswift: Περιβάλλον όπου τίποτα δεν θα θεωρούνταν ως ""υπερβολικό"" μα όλα θα ήταν στο πλαίσιο εκδήλωσης αγάπης προς όμορφο. Άλλοτε δ…",rt cygnetswift περιβαλλον οπου τιποτα δεν θα θεωρουνταν ωσ υπερβολικο μα ολα θα ηταν στο πλαισιο εκδηλωσησ αγαπησ προσ ομορφο αλλοτε δ,0
Το παγκόσμιο περιβάλλον ευνοεί τον πόλεμο Ελλάδας – Τουρκίας! Αναφορά – σοκ από το Brookings https://t.co/KeutIV0hxv #brookings #voiceofamerica #ellada #toyrkia,το παγκοσμιο περιβαλλον ευνοει τον πολεμο ελλαδασ τουρκιασ αναφορα σοκ απο το brookings brookings voiceofamerica ellada toyrkia,0
Ο Χρήστος Κέλλας με παλιννοστήσαντες Ποντίους: Συνεργασία για τη βιώσιμη αποπληρωμή των στεγαστικών δανείων των ομογενών ⋆ TirnavosPress https://t.co/ivky3OiDOg @kellas_xristos,ο χρηστοσ κελλασ με παλιννοστησαντεσ ποντιουσ συνεργασια για τη βιωσιμη αποπληρωμη των στεγαστικων δανειων των ομογενων tirnavospress kellas_xristos,0
Bitcoin: Η «εξόρυξη» του κρυπτονομίσματος βλάπτει σοβαρά το περιβάλλον https://t.co/YkraGZahNf,bitcoin η εξορυξη του κρυπτονομισματοσ βλαπτει σοβαρα το περιβαλλον,0
"Ανθ. Αμανατίδης (ΕΥΑΘ): Πράττουμε για ένα βιώσιμο παρόν, σχεδιάζουμε ένα αειφόρο μέλλον https://t.co/KK5lJ33wuN",ανθ αμανατιδησ ευαθ πραττουμε για ενα βιωσιμο παρον σχεδιαζουμε ενα αειφορο μελλον,0
Επ. Ανταγωνισμού: Εκδήλωση για την επίσημη έναρξη λειτουργίας της πλατφόρμας Sandox για τη βιώσιμη ανάπτυξη https://t.co/MMSkhYVlal,επ ανταγωνισμου εκδηλωση για την επισημη εναρξη λειτουργιασ τησ πλατφορμασ sandox για τη βιωσιμη αναπτυξη,0
[Κλικ και διαβάστε στο mononews]Δήμας: Δημιουργία «sandbox» για τη βιώσιμη ανάπτυξη https://t.co/mpyfBkLcZb,κλικ και διαβαστε στο mononewsδημασ δημιουργια sandbox για τη βιωσιμη αναπτυξη,0
Ημερίδα με θέμα «Η ελιά και η κλιματική αλλαγή» https://t.co/MUdQsj2vgm,ημεριδα με θεμα η ελια και η κλιματικη αλλαγη,0
Grecotel Kos Imperial &amp; Casa Paradiso:  50.000 καπάκια για το περιβάλλον και προσφορά σχολικών ειδών στα παιδιά των εργαζόμενων - https://t.co/VrEIBoA6T3 https://t.co/8xvrelRTDx,grecotel kos imperial amp casa paradiso καπακια για το περιβαλλον και προσφορα σχολικων ειδων στα παιδια των εργαζομενων,0
Πόλεμος και κλιματική αλλαγή απειλούν την οινοπαραγωγή της Γεωργίας https://t.co/fDyN43NG1R,πολεμοσ και κλιματικη αλλαγη απειλουν την οινοπαραγωγη τησ γεωργιασ,0
Καραγιάννης: Θέμα ημερών να παραδώσουμε το Μετρό στον Πειραιά - Μέσα σε ένα δύσκολο περιβάλλον παραδίδουμε μεγάλα έργα υποδομών https://t.co/dCtPQsItl4,καραγιαννησ θεμα ημερων να παραδωσουμε το μετρο στον πειραια μεσα σε ενα δυσκολο περιβαλλον παραδιδουμε μεγαλα εργα υποδομων,0
Χρίστος Δήμας: Δημιουργία «sandbox» για τη βιώσιμη ανάπτυξη https://t.co/Q9b4xlkpn7,χριστοσ δημασ δημιουργια sandbox για τη βιωσιμη αναπτυξη,0
Σταϊκούρας: Θα συνεχιστούν τα μέτρα στήριξης παρά το δυσμενές περιβάλλον #Δημοκρατική #Ρόδος #Δωδεκάνησα https://t.co/5OeeJVy1QT,σταϊκουρασ θα συνεχιστουν τα μετρα στηριξησ παρα το δυσμενεσ περιβαλλον δημοκρατικη ροδοσ δωδεκανησα,0
Σταϊκούρας: Θα συνεχιστούν τα μέτρα στήριξης παρά το δυσμενές περιβάλλον - https://t.co/IMdcJ25ghm https://t.co/9kbDvwj8hs,σταϊκουρασ θα συνεχιστουν τα μετρα στηριξησ παρα το δυσμενεσ περιβαλλον,0
Σταϊκούρας: Θα συνεχιστούν τα μέτρα στήριξης παρά το δυσμενές περιβάλλον (ΗΧΗΤΙΚΟ) - https://t.co/eiOPQNARjS https://t.co/bQt2yEebPc #Σταϊκούρας,σταϊκουρασ θα συνεχιστουν τα μετρα στηριξησ παρα το δυσμενεσ περιβαλλον ηχητικο σταϊκουρασ,0
Χ. Σταϊκούρας: Θα συνεχιστούν τα μέτρα στήριξης παρά το δυσμενές περιβάλλον https://t.co/Xe8ZZhAP97,χ σταϊκουρασ θα συνεχιστουν τα μετρα στηριξησ παρα το δυσμενεσ περιβαλλον,0
Εκδήλωση για την «Ολοκληρωμένη ενεργειακή μετάβαση του Δήμου προς την κλιματική ουδετερότητα» https://t.co/aYmBhNzCWm #ΔΤ #ΘΕΡΜΗ #ΠΕΡΙΒΑΛΛΟΝ https://t.co/cGaOskclHn,εκδηλωση για την ολοκληρωμενη ενεργειακη μεταβαση του δημου προσ την κλιματικη ουδετεροτητα δτ θερμη περιβαλλον,0
"Αθλητισμός και το περιβάλλον του - Καβάλα, Πρωϊνή, Ραδιόφωνο, Εφημερίδα της Καβάλας, νέα, καβάλα ειδήσεις, μικρές αγγελίες https://t.co/9C52UjYsV2",αθλητισμοσ και το περιβαλλον του καβαλα πρωϊνη ραδιοφωνο εφημεριδα τησ καβαλασ νεα καβαλα ειδησεισ μικρεσ αγγελιεσ,0
Μυτιληναίος: Η ενεργειακή κρίση δεν θα λήξει με τον πόλεμο- Μη βιώσιμη η πρόταση για πλαφόν στο ρωσικό αέριο https://t.co/aFTlP8LKfm,μυτιληναιοσ η ενεργειακη κριση δεν θα ληξει με τον πολεμο μη βιωσιμη η προταση για πλαφον στο ρωσικο αεριο,0
"Η Ν. Κεραμέως στην 9η Υπουργική Σύνοδο της διαδικασίας «Περιβάλλον για την Ευρώπη» - https://t.co/eiOPQNT0y0 https://t.co/oMTeB6Cvzs 
#Κύπρος #Κεραμέως #Υπουργός_Παιδείας",η ν κεραμεωσ στην η υπουργικη συνοδο τησ διαδικασιασ περιβαλλον για την ευρωπη κυπροσ κεραμεωσ υπουργοσ_παιδειασ,0
[Κλικ και διαβάστε στο eleftherostypos]Περιβάλλον-Σκρέκας: Κατά 50%  #Μειώθηκαν οι παράνομες χωματερές τα τελευταία τρία χρόνια https://t.co/3EUtz12XNK,κλικ και διαβαστε στο eleftherostyposπεριβαλλονσκρεκασ κατα μειωθηκαν οι παρανομεσ χωματερεσ τα τελευταια τρια χρονια,0
«Θωράκιση» της ελιάς απέναντι στην κλιματική κρίση https://t.co/Huu8rgvNfA,θωρακιση τησ ελιασ απεναντι στην κλιματικη κριση,0
"RT @CYpresidency: Στη Λευκωσία αύριο, η 9η Υπουργική Σύνοδος για το Περιβάλλον στην Ευρώπη.

Η δράση μας για το περιβάλλον, η αντιμετώπιση…",rt cypresidency στη λευκωσια αυριο η η υπουργικη συνοδοσ για το περιβαλλον στην ευρωπη η δραση μασ για το περιβαλλον η αντιμετωπιση,0
"RT @CYpresidency: Στη Λευκωσία αύριο, η 9η Υπουργική Σύνοδος για το Περιβάλλον στην Ευρώπη.

Η δράση μας για το περιβάλλον, η αντιμετώπιση…",rt cypresidency στη λευκωσια αυριο η η υπουργικη συνοδοσ για το περιβαλλον στην ευρωπη η δραση μασ για το περιβαλλον η αντιμετωπιση,0
Γιώργος Καραγιάννης: «Μέσα σε ένα δύσκολο περιβάλλον παραμένουμε συνεπείς και παραδίδουμε μεγάλα έργα υποδομών» https://t.co/YZhJhfkTko,γιωργοσ καραγιαννησ μεσα σε ενα δυσκολο περιβαλλον παραμενουμε συνεπεισ και παραδιδουμε μεγαλα εργα υποδομων,0
Καραγιάννης: «Μέσα σε ένα δύσκολο περιβάλλον παραμένουμε συνεπείς και παραδίδουμε μεγάλα έργα υποδομών» https://t.co/W75l2M0VdH,καραγιαννησ μεσα σε ενα δυσκολο περιβαλλον παραμενουμε συνεπεισ και παραδιδουμε μεγαλα εργα υποδομων,0
"RT @Etherea91414364: #Sasmos #Vasilikos
μάλιστα η ίδια η Βασιλική φρόντιζε να κρύβει επιμελως τα σημαδια και τις πληγές της σε σημείο που τ…",rt etherea sasmos vasilikos μαλιστα η ιδια η βασιλικη φροντιζε να κρυβει επιμελωσ τα σημαδια και τισ πληγεσ τησ σε σημειο που τ,0
Η Huawei και η Dronetech ενισχύουν τη συνεργασία τους  για βιώσιμη γεωργία στην Αυστρία https://t.co/XkIcUKsn7Z,η huawei και η dronetech ενισχυουν τη συνεργασια τουσ για βιωσιμη γεωργια στην αυστρια,0
RT @PIOcy: Στην παρουσία 71 υπουργών και 1000 αντιπροσώπων άρχισε στη Λευκωσία η μεγαλύτερη Σύνοδος για το #Περιβάλλον στην Ευρώπη #UNECE #…,rt piocy στην παρουσια υπουργων και αντιπροσωπων αρχισε στη λευκωσια η μεγαλυτερη συνοδοσ για το περιβαλλον στην ευρωπη unece,0
Η ανάγκη για διεθνή συνεργασία για το περιβάλλον αναδείχθηκε στις πρωινές εργασίες της 9ης Υπουργικής Συνόδου της UNECE στη Λευκωσία https://t.co/YvJ30qYctl,η αναγκη για διεθνη συνεργασια για το περιβαλλον αναδειχθηκε στισ πρωινεσ εργασιεσ τησ ησ υπουργικησ συνοδου τησ unece στη λευκωσια,0
"«Επιτακτική» ανάγκη για αποφάσεις και μέτρα για να διασφαλιστεί η αειφορία του πλανήτη, λέει ο Πρόεδρος Αναστασιάδης https://t.co/tR3qrZ4399",επιτακτικη αναγκη για αποφασεισ και μετρα για να διασφαλιστει η αειφορια του πλανητη λεει ο προεδροσ αναστασιαδησ,0
Κύπρος: Στην Λευκωσία η μεγαλύτερη σύνοδος για το περιβάλλον στην Ευρώπη- Συμμετέχουν 71 υπουργοί https://t.co/bALJbsVdah,κυπροσ στην λευκωσια η μεγαλυτερη συνοδοσ για το περιβαλλον στην ευρωπη συμμετεχουν υπουργοι,0
Η Huawei και η Dronetech ενισχύουν τη συνεργασία τους  για βιώσιμη γεωργία στην Αυστρία https://t.co/8ADGBzYCTe #kaneotikoimasai #GiTisElias #Sasmos #gntmgr #Pagidevmenoi,η huawei και η dronetech ενισχυουν τη συνεργασια τουσ για βιωσιμη γεωργια στην αυστρια kaneotikoimasai gitiselias sasmos gntmgr pagidevmenoi,0
Στην Κύπρο η 9η Υπουργική Σύνοδος της UNECE για το Περιβάλλον στην Ευρώπη https://t.co/FmBXmjRDxP,στην κυπρο η η υπουργικη συνοδοσ τησ unece για το περιβαλλον στην ευρωπη,0
"Αναγνώριση των πρωτοβουλιών της Κύπρου η Υπουργική Σύνοδος για Περιβάλλον, λέει ο Πρόεδρος https://t.co/o3QSo0p42c",αναγνωριση των πρωτοβουλιων τησ κυπρου η υπουργικη συνοδοσ για περιβαλλον λεει ο προεδροσ,0
"Αναγνώριση των πρωτοβουλιών της Κύπρου η Υπουργική Σύνοδος για Περιβάλλον, λέει ο Πρόεδρος https://t.co/xswwhWPSlm",αναγνωριση των πρωτοβουλιων τησ κυπρου η υπουργικη συνοδοσ για περιβαλλον λεει ο προεδροσ,0
Στην Κύπρο για την 9η Υπουργική Σύνοδο «Περιβάλλον για την Ευρώπη» η Κεραμέως - Συναντήσεις και επισκέψεις https://t.co/wZ4WyYEvOi,στην κυπρο για την η υπουργικη συνοδο περιβαλλον για την ευρωπη η κεραμεωσ συναντησεισ και επισκεψεισ,0
Αρχίζει στη Λευκωσία η 9η Υπουργική Σύνοδος για το Περιβάλλον στην Ευρώπη https://t.co/qYj5BA0PwA,αρχιζει στη λευκωσια η η υπουργικη συνοδοσ για το περιβαλλον στην ευρωπη,0
Κύπρος – Κεραμέως: Οδηγός για τον τρόπο που σχεδιάζουμε πολιτικές για ένα βιώσιμο μέλλον η Σύνοδος για το Περιβάλλον - https://t.co/eiOPQNSsIs https://t.co/0yGCbKBfOq #Νίκη_Κεραμέως #Περιβάλλον #Υπουργός_Παιδείας_και_Θρησκευμάτων,κυπροσ κεραμεωσ οδηγοσ για τον τροπο που σχεδιαζουμε πολιτικεσ για ενα βιωσιμο μελλον η συνοδοσ για το περιβαλλον νικη_κεραμεωσ περιβαλλον υπουργοσ_παιδειασ_και_θρησκευματων,0
"«Οι Πολιτιστικές Διαδρομές στη βιώσιμη ανάπτυξη της Ευρώπης και της Ελλάδας», από την Υπουργό Πολιτισμού και Αθλητισμού Λίνα Μενδώνη… https://t.co/IcIzUNGaTU",οι πολιτιστικεσ διαδρομεσ στη βιωσιμη αναπτυξη τησ ευρωπησ και τησ ελλαδασ απο την υπουργο πολιτισμου και αθλητισμου λινα μενδωνη,0
"RT @CyMESYpress: ⏩ Συνέντευξη Τύπου για την 9η Υπουργική Σύνοδο για το Περιβάλλον στην Ευρώπη
@pprodromou: Η σύνοδος αποτελεί μια εξαιρετικ…",rt cymesypress συνεντευξη τυπου για την η υπουργικη συνοδο για το περιβαλλον στην ευρωπη pprodromou η συνοδοσ αποτελει μια εξαιρετικ,0
"RT @nmousoulides: RT @CostasKadis RT @AnnitaDemetriou: 9ο Υπουργικό Συνέδριο ""Περιβάλλον για την Ευρώπη"" στην #Κύπρο

Κλιματική κρίση η μεγ…",rt nmousoulides rt costaskadis rt annitademetriou ο υπουργικο συνεδριο περιβαλλον για την ευρωπη στην κυπρο κλιματικη κριση η μεγ,0
"⏩ Συνέντευξη Τύπου για την 9η Υπουργική Σύνοδο για το Περιβάλλον στην Ευρώπη
@pprodromou: Η σύνοδος αποτελεί μια εξαιρετική ευκαιρία για να δεσμευτούμε για μια διεθνή και περιφερειακή συνεργασία για ένα καλύτερο κόσμο.
Περισσότερα 👉 https://t.co/0w0fFKy7Li
#nicosiaefe #efe2022 https://t.co/QK3PAUVFMn",συνεντευξη τυπου για την η υπουργικη συνοδο για το περιβαλλον στην ευρωπη pprodromou η συνοδοσ αποτελει μια εξαιρετικη ευκαιρια για να δεσμευτουμε για μια διεθνη και περιφερειακη συνεργασια για ενα καλυτερο κοσμο περισσοτερα nicosiaefe efe,0
RT @PIOcy: Χαιρετισμός του Προέδρου της Δημοκρατίας @AnastasiadesCY στην τελετή έναρξης των εργασιών της 9ης Υπουργικής Συνόδου #UNECE για…,rt piocy χαιρετισμοσ του προεδρου τησ δημοκρατιασ anastasiadescy στην τελετη εναρξησ των εργασιων τησ ησ υπουργικησ συνοδου unece για,0
RT @PIOcy: Δηλώσεις του Προέδρου της Δημοκρατίας για τη Σύνοδο της #UNECE για το #Περιβάλλον στην Ευρώπη και ενόψει της  Άτυπης Συνόδου Κορ…,rt piocy δηλωσεισ του προεδρου τησ δημοκρατιασ για τη συνοδο τησ unece για το περιβαλλον στην ευρωπη και ενοψει τησ ατυπησ συνοδου κορ,0
"RT @PIOcy: Χαιρετισμός του Υπουργού Γεωργίας, Αγροτικής Ανάπτυξης και Περιβάλλοντος κ. Κώστα Καδή στη συνέντευξη Τύπου για την 9η Υπουργική…",rt piocy χαιρετισμοσ του υπουργου γεωργιασ αγροτικησ αναπτυξησ και περιβαλλοντοσ κ κωστα καδη στη συνεντευξη τυπου για την η υπουργικη,0
RT @KJKoushos: Εξαιρετικά σημαντική η Σύνοδος @UNECE για το Περιβάλλον. Η πραγματοποίηση της στην Κύπρο καταδεικνύει την εμπιστοσύνη που λα…,rt kjkoushos εξαιρετικα σημαντικη η συνοδοσ unece για το περιβαλλον η πραγματοποιηση τησ στην κυπρο καταδεικνυει την εμπιστοσυνη που λα,0
Τα μικροφύκη υπόσχονται άφθονη υγιεινή τροφή και ζωοτροφές σε οποιοδήποτε περιβάλλον https://t.co/ZinNCDnuuW,τα μικροφυκη υποσχονται αφθονη υγιεινη τροφη και ζωοτροφεσ σε οποιοδηποτε περιβαλλον,0
Το παραπάνω ερώτημα θέτει με σημερινή της ανακοίνωση η «Ομάδα Περιβάλλον Καλαθά». https://t.co/1bzZVPlyL8,το παραπανω ερωτημα θετει με σημερινη τησ ανακοινωση η ομαδα περιβαλλον καλαθα,0
Κεραμέως: Εκπαίδευση και Περιβάλλον άρρηκτα συνδεδεμένες έννοιες - https://t.co/X3x51LS3SX https://t.co/g2e8jeFnNm,κεραμεωσ εκπαιδευση και περιβαλλον αρρηκτα συνδεδεμενεσ εννοιεσ,0
Ν. Κεραμέως: Άρρηκτα συνδεδεμένες έννοιες η Εκπαίδευση και το Περιβάλλον--https://t.co/JKAPddCgKT,ν κεραμεωσ αρρηκτα συνδεδεμενεσ εννοιεσ η εκπαιδευση και το περιβαλλον,0
«Open Village – Ανοιχτό Χωριό» Σαββατοκύριακο στον Άγιο Λαυρέντιο Πηλίου αφιερωμένο στο περιβάλλον https://t.co/V7VEMNR1c7 μέσω @mouzakinews.gr https://t.co/HfpSEfCTl9,open village ανοιχτο χωριο σαββατοκυριακο στον αγιο λαυρεντιο πηλιου αφιερωμενο στο περιβαλλον μεσω mouzakinewsgr,0
"Κ. Μητσοτάκης στην Πράγα: Συμπρόεδρος σε θεματικό τραπέζι για ενέργεια, οικονομία &amp; κλιματική αλλαγή - https://t.co/eiOPQNSsIs https://t.co/dJAjMGcFBd #Μητσοτάκης #Μητσοτακης #Πράγα #ενεργεια",κ μητσοτακησ στην πραγα συμπροεδροσ σε θεματικο τραπεζι για ενεργεια οικονομια amp κλιματικη αλλαγη μητσοτακησ μητσοτακησ πραγα ενεργεια,0
Χρ. Μεγάλου στο Bloomberg ESG Forum: Στοχεύουμε να αυξήσουμε τη βιώσιμη τραπεζική μας δραστηριότητα κατά περίπου €9 δισ. https://t.co/IoXRsPHiKO,χρ μεγαλου στο bloomberg esg forum στοχευουμε να αυξησουμε τη βιωσιμη τραπεζικη μασ δραστηριοτητα κατα περιπου δισ,0
RT @LykavitosGr: Χρήστος Μεγάλου (Πειραιώς): Για την περίοδο 2022-2025 στοχεύουμε να αυξήσουμε τη βιώσιμη τραπεζική μας δραστηριότητα κατά…,rt lykavitosgr χρηστοσ μεγαλου πειραιωσ για την περιοδο στοχευουμε να αυξησουμε τη βιωσιμη τραπεζικη μασ δραστηριοτητα κατα,0
RT @LykavitosGr: Χρήστος Μεγάλου (Πειραιώς): Για την περίοδο 2022-2025 στοχεύουμε να αυξήσουμε τη βιώσιμη τραπεζική μας δραστηριότητα κατά…,rt lykavitosgr χρηστοσ μεγαλου πειραιωσ για την περιοδο στοχευουμε να αυξησουμε τη βιωσιμη τραπεζικη μασ δραστηριοτητα κατα,0
"«PLASTIC FREE GREECE»: Πραγματοποιήθηκε καθαρισμός παράκτια της Λίμνης Κερκίνης 
#Κερκίνη #περιβάλλον #λίμνη_Κερκίνη #Kerkini #Kerkini_lake #Serres
https://t.co/pA3xA209tt",plastic free greece πραγματοποιηθηκε καθαρισμοσ παρακτια τησ λιμνησ κερκινησ κερκινη περιβαλλον λιμνη_κερκινη kerkini kerkini_lake serres,0
"Ο Δήμος Κω συμμετέχει στη μεγαλύτερη σκυταλοδρομία για την κλιματική αλλαγή ως μέλος του δικτύου των ""Bike Friendly Προορισμών"" στην Ελλάδα - https://t.co/VrEIBoR9V3 https://t.co/2w2u9VUU8n",ο δημοσ κω συμμετεχει στη μεγαλυτερη σκυταλοδρομια για την κλιματικη αλλαγη ωσ μελοσ του δικτυου των bike friendly προορισμων στην ελλαδα,0
RT @CostasKadis: Δεν υπήρχε καλύτερος τρόπος να κλείσει η Σύνοδος της ⁦@UNECE⁩ για το Περιβάλλον. Τα αποτελέσματα της Συνόδου εναρμονίζοντα…,rt costaskadis δεν υπηρχε καλυτεροσ τροποσ να κλεισει η συνοδοσ τησ unece για το περιβαλλον τα αποτελεσματα τησ συνοδου εναρμονιζοντα,0
"⏩ Παρέμβαση του Υπουργού Παιδείας @pprodromou για την εφαρμογή της Στρατηγικής για την Εκπαίδευση για την Αειφόρο Ανάπτυξη της #UNECE στην Κύπρο, στο πλαίσιο των εργασιών της 9ης Υπουργικής Συνόδου για το Περιβάλλον στην Ευρώπη 
👉 https://t.co/N3N8Yh6yiY

#nicosiaefe #efe2022 https://t.co/DgG8SOPlRz",παρεμβαση του υπουργου παιδειασ pprodromou για την εφαρμογη τησ στρατηγικησ για την εκπαιδευση για την αειφορο αναπτυξη τησ unece στην κυπρο στο πλαισιο των εργασιων τησ ησ υπουργικησ συνοδου για το περιβαλλον στην ευρωπη nicosiaefe efe,0
"Σεμινάριο με τίτλο «Διαχείριση περιβάλλοντος, κινδύνων και κρίσεων σε νησιωτικό περιβάλλον» πραγματοποιήθηκε στο Ηράκλειο με εισηγητή τον καθηγητή κ. Ευθύμη Λέκκα. https://t.co/4MkhQ8mRyy",σεμιναριο με τιτλο διαχειριση περιβαλλοντοσ κινδυνων και κρισεων σε νησιωτικο περιβαλλον πραγματοποιηθηκε στο ηρακλειο με εισηγητη τον καθηγητη κ ευθυμη λεκκα,0
Workspace Reservation: η Zoom καινοτομεί βελτιστοποιώντας το υβριδικό περιβάλλον εργασίας https://t.co/ZjaQfYuOgs https://t.co/SG9pbLXlgt,workspace reservation η zoom καινοτομει βελτιστοποιωντασ το υβριδικο περιβαλλον εργασιασ,0
"RT @cultureGR: 🇪🇺""Οι Πολιτιστικές Διαδρομές στη βιώσιμη ανάπτυξη της Ευρώπης και της Ελλάδας"", από την #ΥΠΠΟΑ Λίνα Μενδώνη, στο 11ο Ετήσιο…",rt culturegr οι πολιτιστικεσ διαδρομεσ στη βιωσιμη αναπτυξη τησ ευρωπησ και τησ ελλαδασ απο την υπποα λινα μενδωνη στο ο ετησιο,0
Γκρίνια στο Κρεμλίνο για τον πόλεμο: Άτομο στο περιβάλλον του Πούτιν διαφώνησε μαζί του - https://t.co/1rZdE3RW5Q https://t.co/k1auMGju9A,γκρινια στο κρεμλινο για τον πολεμο ατομο στο περιβαλλον του πουτιν διαφωνησε μαζι του,0
«Βλαντιμίρ χάνουμε!» – Γκρίνια στο περιβάλλον του Πούτιν – Δικός του άνθρωπος διαφώνησε μαζί του για την Ουκρανία https://t.co/Yb9sYBDRX4,βλαντιμιρ χανουμε γκρινια στο περιβαλλον του πουτιν δικοσ του ανθρωποσ διαφωνησε μαζι του για την ουκρανια,0
Διήμερο συνέδριο στο Μορφοβούνι για τον εναλλακτικό και βιώσιμο τουρισμό στη Θεσσαλία https://t.co/h8FkswtSB6,διημερο συνεδριο στο μορφοβουνι για τον εναλλακτικο και βιωσιμο τουρισμο στη θεσσαλια,0
«Εναλλακτικός και Βιώσιμος Τουρισμός στη Θεσσαλία»: Διήμερο Συνέδριο στο δήμο Πλαστήρα - LarissaPress https://t.co/yM8EzkRIbj,εναλλακτικοσ και βιωσιμοσ τουρισμοσ στη θεσσαλια διημερο συνεδριο στο δημο πλαστηρα larissapress,0
"ΕΥΑΘ: Πράττουμε για ένα βιώσιμο παρόν, σχεδιάζουμε ένα αειφόρο μέλλον https://t.co/woBdOQkRb4",ευαθ πραττουμε για ενα βιωσιμο παρον σχεδιαζουμε ενα αειφορο μελλον,0
Κοινότητα Λειβαδίου: Δραστηριότητες του Κέντρου Περιβαλλοντικής Εκπαίδευσης Δ.Θέρμης https://t.co/VbJ6DhHuEB #ΕΚΠΑΙΔΕΥΣΗ #ΛΙΒΑΔΙ #ΠΕΡΙΒΑΛΛΟΝ https://t.co/fuqXWtm1tT,κοινοτητα λειβαδιου δραστηριοτητεσ του κεντρου περιβαλλοντικησ εκπαιδευσησ δθερμησ εκπαιδευση λιβαδι περιβαλλον,0
"Γιάννης Τσιπουρίδης / Δεν θα υπάρχουν επιδόματα για την κλιματική κρίση,
https://t.co/YDTIVamFQZ,",γιαννησ τσιπουριδησ δεν θα υπαρχουν επιδοματα για την κλιματικη κριση,0
Β. Κικίλιας: «Η επόμενη τουριστική καμπάνια θα επικεντρωθεί στον βιώσιμο τουρισμό» https://t.co/ubtGarL870,β κικιλιασ η επομενη τουριστικη καμπανια θα επικεντρωθει στον βιωσιμο τουρισμο,0
"Η απάτη των Ανανεώσιμων Πηγών Ενέργειας: Είναι πανάκριβες, πιο επβλαβείς για το περιβάλλον και όταν τις χρειάζεσαι, απλώς δεν τις έχεις https://t.co/mAoR5WxOuc",η απατη των ανανεωσιμων πηγων ενεργειασ ειναι πανακριβεσ πιο επβλαβεισ για το περιβαλλον και οταν τισ χρειαζεσαι απλωσ δεν τισ εχεισ,0
"Η απάτη των Ανανεώσιμων Πηγών Ενέργειας: Είναι πανάκριβες, πιο επβλαβείς για το περιβάλλον και όταν τις χρειάζεσαι, απλώς δεν τις έχεις https://t.co/3m5w3AIofN",η απατη των ανανεωσιμων πηγων ενεργειασ ειναι πανακριβεσ πιο επβλαβεισ για το περιβαλλον και οταν τισ χρειαζεσαι απλωσ δεν τισ εχεισ,0
"Η απάτη των Ανανεώσιμων Πηγών Ενέργειας: Είναι πανάκριβες, πιο επβλαβείς για το περιβάλλον και όταν τις χρειάζεσαι, απλώς δεν τις έχεις https://t.co/HHEAQTXFii",η απατη των ανανεωσιμων πηγων ενεργειασ ειναι πανακριβεσ πιο επβλαβεισ για το περιβαλλον και οταν τισ χρειαζεσαι απλωσ δεν τισ εχεισ,0
ΕΕ: Βάζει «πράσινη» ταμπέλα στην πυρηνική ενέργεια- Αντιδρά η Αυστρία https://t.co/84uDRfAmtZ,εε βαζει πρασινη ταμπελα στην πυρηνικη ενεργεια αντιδρα η αυστρια,0
Στην ευρωπαϊκή δικαιοσύνη η Αυστρία για την «πράσινη» πυρηνική ενέργεια - https://t.co/yLIE8NWW5Y https://t.co/Wyw82c6B4C,στην ευρωπαϊκη δικαιοσυνη η αυστρια για την πρασινη πυρηνικη ενεργεια,0
Στην ευρωπαϊκή δικαιοσύνη προσέφυγε  η Αυστρία για την «πράσινη» πυρηνική ενέργεια https://t.co/s6WVwjSPs0,στην ευρωπαϊκη δικαιοσυνη προσεφυγε η αυστρια για την πρασινη πυρηνικη ενεργεια,0
Η Αυστρία προσφεύγει στην ευρωπαϊκή δικαιοσύνη για την “πράσινη” ταμπέλα στην πυρηνική ενέργεια από την ΕΕ https://t.co/9H91DKQqYu,η αυστρια προσφευγει στην ευρωπαϊκη δικαιοσυνη για την πρασινη ταμπελα στην πυρηνικη ενεργεια απο την εε,0
Η Αυστρία προσφεύγει στην ευρωπαϊκή δικαιοσύνη για την «πράσινη» ταμπέλα στην πυρηνική ενέργεια - https://t.co/YaKPdgFwjj #businessnewsgr,η αυστρια προσφευγει στην ευρωπαϊκη δικαιοσυνη για την πρασινη ταμπελα στην πυρηνικη ενεργεια businessnewsgr,0
[Κλικ και διαβάστε στο Real News]«Πράσινη» ταμπέλα στην πυρηνική ενέργεια από την ΕΕ: Η  #Αυστρία προσφεύγει στην ευρωπαϊκή  #Δικαιοσύνη https://t.co/e1cmoWrpv3,κλικ και διαβαστε στο real newsπρασινη ταμπελα στην πυρηνικη ενεργεια απο την εε η αυστρια προσφευγει στην ευρωπαϊκη δικαιοσυνη,0
«Πράσινη» ταμπέλα στην πυρηνική ενέργεια από την ΕΕ: Αντιδρά η Αυστρία με προσφυγή στην ευρωπαϊκή https://t.co/J0fmasHKdq,πρασινη ταμπελα στην πυρηνικη ενεργεια απο την εε αντιδρα η αυστρια με προσφυγη στην ευρωπαϊκη,0
"Η απάτη των Ανανεώσιμων Πηγών Ενέργειας: Είναι πανάκριβες, πιο επβλαβείς για το περιβάλλον και όταν τις χρειάζεσαι, απλώς δεν τις έχεις https://t.co/70mxS72L42",η απατη των ανανεωσιμων πηγων ενεργειασ ειναι πανακριβεσ πιο επβλαβεισ για το περιβαλλον και οταν τισ χρειαζεσαι απλωσ δεν τισ εχεισ,0
«Η επόμενη τουριστική καμπάνια θα επικεντρωθεί στον βιώσιμο τουρισμό» https://t.co/z2KswiI93a,η επομενη τουριστικη καμπανια θα επικεντρωθει στον βιωσιμο τουρισμο,0
"Είναι πανάκριβες, πιο επιβλαβείς για το περιβάλλον και όταν τις χρειαστείς, δεν σου προσφέρουν τίποτα 
https://t.co/pjEsRWu3o1",ειναι πανακριβεσ πιο επιβλαβεισ για το περιβαλλον και οταν τισ χρειαστεισ δεν σου προσφερουν τιποτα,0
"Η απάτη των Ανανεώσιμων Πηγών Ενέργειας: Είναι πανάκριβες, πιο επβλαβείς για το περιβάλλον και όταν τις χρειάζεσαι, απλώς δεν τις έχεις https://t.co/0kqyloypGK",η απατη των ανανεωσιμων πηγων ενεργειασ ειναι πανακριβεσ πιο επβλαβεισ για το περιβαλλον και οταν τισ χρειαζεσαι απλωσ δεν τισ εχεισ,0
"Η απάτη των Ανανεώσιμων Πηγών Ενέργειας: Είναι πανάκριβες, πιο επιβλαβείς για το περιβάλλον και όταν τις χρειάζεσαι, απλώς δεν τις έχεις https://t.co/gHfD39jl4c",η απατη των ανανεωσιμων πηγων ενεργειασ ειναι πανακριβεσ πιο επιβλαβεισ για το περιβαλλον και οταν τισ χρειαζεσαι απλωσ δεν τισ εχεισ,0
"«Δεν έχουν ζητηθεί οι απόψεις της Περιβαλλοντικής Αρχής για το εν λόγω εστιατόριο, και δεν υπήρξε οποιαδήποτε ενημέρωση μας πριν την ολοκλήρωση των υπό αναφορά επεμβάσεων»

#Άγιος_Γεώργιος_Αλαμάνου #Περιβάλλον #Κύπρος

https://t.co/wCYlWZLay8",δεν εχουν ζητηθει οι αποψεισ τησ περιβαλλοντικησ αρχησ για το εν λογω εστιατοριο και δεν υπηρξε οποιαδηποτε ενημερωση μασ πριν την ολοκληρωση των υπο αναφορα επεμβασεων αγιοσ_γεωργιοσ_αλαμανου περιβαλλον κυπροσ,0
"Δέκα Τσέρνομπιλ ή 3.000 Χιροσίμα, εάν κτυπηθεί η Ζαπορίζια: Τρομακτική ήδη ζημιά από την εισβολή, λέει στον «Π» ο Ουκρανός υπουργός για το Περιβάλλον

#Ουκρανία #Ρωσία

https://t.co/zBMesZEqcq",δεκα τσερνομπιλ η χιροσιμα εαν κτυπηθει η ζαποριζια τρομακτικη ηδη ζημια απο την εισβολη λεει στον π ο ουκρανοσ υπουργοσ για το περιβαλλον ουκρανια ρωσια,0
Διεθνές συνέδριο για την πράσινη εκτυπωμένη ενέργεια και τα αγροβολταϊκά https://t.co/Ut0rJpT9SM,διεθνεσ συνεδριο για την πρασινη εκτυπωμενη ενεργεια και τα αγροβολταϊκα,0
"Το περιβάλλον #Πούτιν πιέζει για αντίποινα
https://t.co/3bvw7HsdVR",το περιβαλλον πουτιν πιεζει για αντιποινα,0
"Η απάτη των Ανανεώσιμων Πηγών Ενέργειας: Είναι πανάκριβες, πιο επιβλαβείς για το περιβάλλον και όταν τις χρειάζεσαι, απλώς δεν τις έχεις https://t.co/38qmz4H9bs",η απατη των ανανεωσιμων πηγων ενεργειασ ειναι πανακριβεσ πιο επιβλαβεισ για το περιβαλλον και οταν τισ χρειαζεσαι απλωσ δεν τισ εχεισ,0
"Διεθνής συνάντησης ερευνητικού έργου με θέμα την προσαρμογή οπωροφόρων δενδρωδών καλλιεργειών στην κλιματική αλλαγή, με τη διοργάνωση του Τμήματος Φυλλοβόλων Οπωροφόρων Δένδρων Νάουσας» https://t.co/9bfx5bxEJy μέσω @BowThemes",διεθνησ συναντησησ ερευνητικου εργου με θεμα την προσαρμογη οπωροφορων δενδρωδων καλλιεργειων στην κλιματικη αλλαγη με τη διοργανωση του τμηματοσ φυλλοβολων οπωροφορων δενδρων ναουσασ μεσω bowthemes,0
ΑΔΗΜΕ: Η Ελλάδα ηλεκτροδοτήθηκε αποκλειστικά με «πράσινη» ενέργεια για πρώτη φορά στην ιστορία https://t.co/mcGCyV48LP,αδημε η ελλαδα ηλεκτροδοτηθηκε αποκλειστικα με πρασινη ενεργεια για πρωτη φορα στην ιστορια,0
Με πράσινη ενέργεια αποκλειστικά ηλεκτροδοτήθηκε η Ελλάδα για πρώτη φορά https://t.co/JGtsfXAbbw,με πρασινη ενεργεια αποκλειστικα ηλεκτροδοτηθηκε η ελλαδα για πρωτη φορα,0
Περιφέρειες και βιώσιμη ανάπτυξη: Τι ... δεν έχει πετύχει η Κρήτη https://t.co/tCcrc9U6Xo,περιφερειεσ και βιωσιμη αναπτυξη τι δεν εχει πετυχει η κρητη,0
Τα Ελληνικά Πανεπιστήμια Φάροι Αειφορίας:  Διεθνής παρουσίαση της Χάρτας Αειφορίας των Ελληνικών Πανεπιστημίων στην 9η Διάσκεψη για το Περιβάλλον,τα ελληνικα πανεπιστημια φαροι αειφοριασ διεθνησ παρουσιαση τησ χαρτασ αειφοριασ των ελληνικων πανεπιστημιων στην η διασκεψη για το περιβαλλον,0
Workspace Reservation: Η Zoom καινοτομεί βελτιστοποιώντας το υβριδικό περιβάλλον εργασίας https://t.co/SyUrHcjWd7,workspace reservation η zoom καινοτομει βελτιστοποιωντασ το υβριδικο περιβαλλον εργασιασ,0
Χτίζοντας ένα βιώσιμο τουριστικό θέρετρο στη χώρα με το χαμηλότερο υψόμετρο στον κόσμο https://t.co/M72cxhPYKI,χτιζοντασ ενα βιωσιμο τουριστικο θερετρο στη χωρα με το χαμηλοτερο υψομετρο στον κοσμο,0
Η JTIστο 4ο Diversityin Business Conference. LiliZigoslu: «Το βιώσιμο μέλλον ξεκινά από τον δικό μας χώρο εργασίας» https://t.co/0yz7maUnNF,η jtiστο ο diversityin business conference lilizigoslu το βιωσιμο μελλον ξεκινα απο τον δικο μασ χωρο εργασιασ,0
Η JTIστο 4ο Diversityin Business Conference. LiliZigoslu: «Το βιώσιμο μέλλον ξεκινά από τον δικό μας χώρο εργασίας» https://t.co/0yz7mbbqPF,η jtiστο ο diversityin business conference lilizigoslu το βιωσιμο μελλον ξεκινα απο τον δικο μασ χωρο εργασιασ,0
Κλιματική Αλλαγή και Αγροτικός Τομέας- Ένα καινοτόμο 4ήμερο σεμινάριο στο Πανεπιστήμιο Θεσσαλίας - LarissaPress https://t.co/yh68TZEtdF,κλιματικη αλλαγη και αγροτικοσ τομεασ ενα καινοτομο ημερο σεμιναριο στο πανεπιστημιο θεσσαλιασ larissapress,0
"Η αναθεώρηση της Ιστορίας καλά κρατεί. Ιδιαίτερα όταν βρίσκει ευνοϊκό πολιτικό περιβάλλον που την ενθαρρύνει και την υποθάλπτει. 

✏️Γράφει η Βασιλική Λάζου  https://t.co/LGGcNpcrnc",η αναθεωρηση τησ ιστοριασ καλα κρατει ιδιαιτερα οταν βρισκει ευνοϊκο πολιτικο περιβαλλον που την ενθαρρυνει και την υποθαλπτει γραφει η βασιλικη λαζου,0
"Η Grant Thornton στο πλαίσιο της μεθοδικής και συστηματικής υλοποίησης μιας σειράς δράσεων και πρωτοβουλιών που διασφαλίζουν την ισότητα και την ασφάλεια στο εργασιακό περιβάλλον, υπέγραψε τη Χάρτα Διαφορετικότητας για τις ελληνικές επιχειρήσεις",η grant thornton στο πλαισιο τησ μεθοδικησ και συστηματικησ υλοποιησησ μιασ σειρασ δρασεων και πρωτοβουλιων που διασφαλιζουν την ισοτητα και την ασφαλεια στο εργασιακο περιβαλλον υπεγραψε τη χαρτα διαφορετικοτητασ για τισ ελληνικεσ επιχειρησεισ,0
Για πρώτη φορά η Ελλάδα ηλεκτροδοτήθηκε κατά 100% από «πράσινη» ενέργεια https://t.co/6ZRIJ8shWt,για πρωτη φορα η ελλαδα ηλεκτροδοτηθηκε κατα απο πρασινη ενεργεια,0
"Για πρώτη φορά στην ιστορία του ελληνικού ηλεκτρικού συστήματος, την περασμένη Παρασκευή 7 Οκτωβρίου από τις 11 το πρωί ως τις 4 το μεσημέρι η ζήτηση καλύφθηκε κατά 100% από ανανεώσιμες πηγές ενέργειας. #mononewsGR https://t.co/l7r5kdicbt",για πρωτη φορα στην ιστορια του ελληνικου ηλεκτρικου συστηματοσ την περασμενη παρασκευη οκτωβριου απο τισ το πρωι ωσ τισ το μεσημερι η ζητηση καλυφθηκε κατα απο ανανεωσιμεσ πηγεσ ενεργειασ mononewsgr,0
Μητσοτάκης για Ανανεώσιμες Πηγές Ενέργειας: Η Ελλάδα αναδύεται ταχέως ως ένας πρωταγωνιστής https://t.co/BrJoPGdlC9,μητσοτακησ για ανανεωσιμεσ πηγεσ ενεργειασ η ελλαδα αναδυεται ταχεωσ ωσ ενασ πρωταγωνιστησ,0
Μητσοτάκης για Ανανεώσιμες Πηγές Ενέργειας: Η Ελλάδα αναδύεται ταχέως ως ένας πρωταγωνιστής - https://t.co/HyUGCNcMhX,μητσοτακησ για ανανεωσιμεσ πηγεσ ενεργειασ η ελλαδα αναδυεται ταχεωσ ωσ ενασ πρωταγωνιστησ,0
CREaTE: Ένα Βιώσιμο Μέλλον για τον Τουρισμό - Τι θα συζητηθεί στο Forum που θα πραγματοποιηθεί στα Χανιά - https://t.co/OEaHgCwvBx https://t.co/qAy60SPr2h,create ενα βιωσιμο μελλον για τον τουρισμο τι θα συζητηθει στο forum που θα πραγματοποιηθει στα χανια,0
Ο Σ.Φάμελλος στη Γενική Συνέλευση της ΠΕΔΔΥ - https://t.co/wltTseLNnN #ΠΕΔΔΥ #περιβάλλον #Σ.Φάμελλος #ΣΥΡΙΖΑ,ο σφαμελλοσ στη γενικη συνελευση τησ πεδδυ πεδδυ περιβαλλον σφαμελλοσ συριζα,0
RT @Moneypressgr: ΑΠΕ: Για πρώτη φορά η Ελλάδα ηλεκτροδοτήθηκε κατά 100% από «πράσινη» ενέργεια  #moneypress https://t.co/aaT4fxs2u6,rt moneypressgr απε για πρωτη φορα η ελλαδα ηλεκτροδοτηθηκε κατα απο πρασινη ενεργεια moneypress,0
ΑΠΕ: Για πρώτη φορά η Ελλάδα ηλεκτροδοτήθηκε κατά 100% από «πράσινη» ενέργεια  #moneypress https://t.co/aaT4fxs2u6,απε για πρωτη φορα η ελλαδα ηλεκτροδοτηθηκε κατα απο πρασινη ενεργεια moneypress,0
"Το Forum «CREaTE: Ένα Βιώσιμο Μέλλον για τον Τουρισμό», διοργανώνουν την Παρασκευή 14 Οκτωβρίου 2022 στα Χανιά στο  Θέατρο «Μίκης Θεοδωράκης» ο Δήμος Χανίων και η Bespoke Communications, με την υποστήριξη του ΕΟΤ. https://t.co/jQMSxvbud6",το forum create ενα βιωσιμο μελλον για τον τουρισμο διοργανωνουν την παρασκευη οκτωβριου στα χανια στο θεατρο μικησ θεοδωρακησ ο δημοσ χανιων και η bespoke communications με την υποστηριξη του εοτ,0
"Το χρονικό διάστημα 12-14 Οκτωβρίου 2022 διεξάγονται υπό την αιγίδα του Οργανισμού Οικονομικής Συνεργασίας των χωρών του Εύξεινου Πόντου το 15ο Διεθνές Επιστημονικό Συνέδριο για την «Ενέργεια και την Κλιματική Αλλαγή» και το 9ο Φόρουμ.
https://t.co/PwokkbuCkR",το χρονικο διαστημα οκτωβριου διεξαγονται υπο την αιγιδα του οργανισμου οικονομικησ συνεργασιασ των χωρων του ευξεινου ποντου το ο διεθνεσ επιστημονικο συνεδριο για την ενεργεια και την κλιματικη αλλαγη και το ο φορουμ,0
"Καραμανλής: Ο Πειραιάς γίνεται μία πόλη πιο ανθρώπινη, με ένα μέσο  βιώσιμο – Τέλος του 2023 το μετρό της Θεσσαλονίκης https://t.co/FIwwihBVMC",καραμανλησ ο πειραιασ γινεται μια πολη πιο ανθρωπινη με ενα μεσο βιωσιμο τελοσ του το μετρο τησ θεσσαλονικησ,0
"Ελλάδα: Για πρώτη φορά 5ώρη ηλεκτροδότηση κατά 100% από ""πράσινη"" ενέργεια https://t.co/9XjMd7IlNK",ελλαδα για πρωτη φορα ωρη ηλεκτροδοτηση κατα απο πρασινη ενεργεια,0
"#Κροατία- Αιμ. Περδικάρης: Το ΑΠΕ-ΜΠΕ στη μάχη για βιώσιμη ανάπτυξη

https://t.co/giknES9Xp1 https://t.co/YUFOKhno97",κροατια αιμ περδικαρησ το απεμπε στη μαχη για βιωσιμη αναπτυξη,0
"Η δημοσιονομική πολιτική θα πρέπει να εστιάσει στην προστασία των ευάλωτων ομάδων με στοχευμένα και προσωρινά μέτρα και να βοηθά με επενδύσεις στην πράσινη ενέργεια και την ψηφιακή οικονομία, λέει το το Διεθνές Νομισματικό Ταμείο
 https://t.co/hzTmgISdIV",η δημοσιονομικη πολιτικη θα πρεπει να εστιασει στην προστασια των ευαλωτων ομαδων με στοχευμενα και προσωρινα μετρα και να βοηθα με επενδυσεισ στην πρασινη ενεργεια και την ψηφιακη οικονομια λεει το το διεθνεσ νομισματικο ταμειο,0
Μητσοτάκης: Η Ελλάδα αναδύεται ταχέως σε πρωταγωνίστρια στις Ανανεώσιμες Πηγές Ενέργειας https://t.co/MgUK8QAd97 #Pagidevmenoi #Sasmos #gntmgr #kaneotikoimasai #GiTisElias,μητσοτακησ η ελλαδα αναδυεται ταχεωσ σε πρωταγωνιστρια στισ ανανεωσιμεσ πηγεσ ενεργειασ pagidevmenoi sasmos gntmgr kaneotikoimasai gitiselias,0
"Οι γονείς της Καρολάιν θέλουν να της εξασφαλίσουν ένα ασφαλές περιβάλλον
#alphanewslive #greece
 https://t.co/itPoh00Jmw",οι γονεισ τησ καρολαιν θελουν να τησ εξασφαλισουν ενα ασφαλεσ περιβαλλον alphanewslive greece,0
Τρεις ειδικοί αναλύουν τα ευρήματα ης δημοσκοπικής έρευνας για την κλιματική κρίση και τις συνέπειές της https://t.co/zCoU3Dsk5D,τρεισ ειδικοι αναλυουν τα ευρηματα ησ δημοσκοπικησ ερευνασ για την κλιματικη κριση και τισ συνεπειεσ τησ,0
@J_Spiliopoulos @H_TSOYXTRA @mairikarag Εννοειται πως οι γονεις μπηκαν φυλακη τωρα για ποσο καιρο δε γνωριζω παντως το παιδι μεταφερθηκε σε ασφαλες περιβαλλον,j_spiliopoulos h_tsoyxtra mairikarag εννοειται πωσ οι γονεισ μπηκαν φυλακη τωρα για ποσο καιρο δε γνωριζω παντωσ το παιδι μεταφερθηκε σε ασφαλεσ περιβαλλον,0
Βιασμός 12χρονης στα Σεπόλια:Έρχεται νέα σύλληψη αυτή τη φορά από το οικογενειακό περιβάλλον του 53χρονου.Τα νέα στοιχεία. https://t.co/U3OrgdMmH4 https://t.co/gO4SGon8dY,βιασμοσ χρονησ στα σεπολιαερχεται νεα συλληψη αυτη τη φορα απο το οικογενειακο περιβαλλον του χρονουτα νεα στοιχεια,0
Νέο ένταλμα σύλληψης από το περιβάλλον του 53χρονου Ηλία Μίχου - Είχε καταβάλει χρήματα στη https://t.co/4nuSgplmd5,νεο ενταλμα συλληψησ απο το περιβαλλον του χρονου ηλια μιχου ειχε καταβαλει χρηματα στη,0
Συνέδριο με θέμα «Εναλλακτικός και Βιώσιμος Τουρισμός στη Θεσσαλία» https://t.co/ulSheYkE9H,συνεδριο με θεμα εναλλακτικοσ και βιωσιμοσ τουρισμοσ στη θεσσαλια,0
"Παιχνίδια για όλα τα Νηπιαγωγεία του Δήμου Χανίων – «Δίνουμε χρώμα, χαρά και ασφαλές περιβάλλον για τα παιδιά» https://t.co/37QLObWcJN",παιχνιδια για ολα τα νηπιαγωγεια του δημου χανιων δινουμε χρωμα χαρα και ασφαλεσ περιβαλλον για τα παιδια,0
Σε χειμερινό σχολείο για τον βιώσιμο τουρισμό φοιτητές του Πανεπιστημίου Θεσσαλίας https://t.co/b4yhLtx6QG,σε χειμερινο σχολειο για τον βιωσιμο τουρισμο φοιτητεσ του πανεπιστημιου θεσσαλιασ,0
ΕΟΤ:  Οι βρετανοί απέκτησαν πλατφόρμα για τον βιώσιμο τουρισμό στην Ελλάδα https://t.co/WvJGI4O5F5,εοτ οι βρετανοι απεκτησαν πλατφορμα για τον βιωσιμο τουρισμο στην ελλαδα,0
ΕΟΤ: Οι βρετανοί απέκτησαν πλατφόρμα για τον βιώσιμο τουρισμό στην Ελλάδα https://t.co/bwPQjKxhYk,εοτ οι βρετανοι απεκτησαν πλατφορμα για τον βιωσιμο τουρισμο στην ελλαδα,0
ΕΟΤ: Παρουσίαση στην βρετανική αγορά πλατφόρμας για τον βιώσιμο τουρισμό στην Ελλάδα https://t.co/gYMSyFhgWY,εοτ παρουσιαση στην βρετανικη αγορα πλατφορμασ για τον βιωσιμο τουρισμο στην ελλαδα,0
Θεσσαλονίκη: 59χρονος μόλυνε το περιβάλλον με διαλυτήριο οχημάτων που δεν πληρούσε τις προδιαγραφές https://t.co/5bv3XOiVia,θεσσαλονικη χρονοσ μολυνε το περιβαλλον με διαλυτηριο οχηματων που δεν πληρουσε τισ προδιαγραφεσ,0
"Έρχονται πέντε εντάλματα σύλληψης, «μέσα» πρόσωπο από το στενό περιβάλλον του Μίχου https://t.co/wZANJl7puB",ερχονται πεντε ενταλματα συλληψησ μεσα προσωπο απο το στενο περιβαλλον του μιχου,0
"RT @LykavitosGr: Οι ανανεώσιμες πηγές και το μέλλον της χώρας, η στόχευση της Κυβέρνησης σε αγρότες και συνταξιούχους, ο φόβος για μια πυρη…",rt lykavitosgr οι ανανεωσιμεσ πηγεσ και το μελλον τησ χωρασ η στοχευση τησ κυβερνησησ σε αγροτεσ και συνταξιουχουσ ο φοβοσ για μια πυρη,0
"RT @LykavitosGr: Οι ανανεώσιμες πηγές και το μέλλον της χώρας, η στόχευση της Κυβέρνησης σε αγρότες και συνταξιούχους, ο φόβος για μια πυρη…",rt lykavitosgr οι ανανεωσιμεσ πηγεσ και το μελλον τησ χωρασ η στοχευση τησ κυβερνησησ σε αγροτεσ και συνταξιουχουσ ο φοβοσ για μια πυρη,0
"➡️ Εμείς τι κάνουμε για το περιβάλλον;

⏩ Από τα παραπολιτικά της «Σημερινής»

https://t.co/PJYajbqVMY",εμεισ τι κανουμε για το περιβαλλον απο τα παραπολιτικα τησ σημερινησ,0
Χαρίτσης: Η κυβέρνηση εξυπηρετεί συγκεκριμένα συμφέροντα και όχι τη βιώσιμη ανάπτυξη της βιομηχανίας https://t.co/jnwLDVOK9D #businessnewsgr,χαριτσησ η κυβερνηση εξυπηρετει συγκεκριμενα συμφεροντα και οχι τη βιωσιμη αναπτυξη τησ βιομηχανιασ businessnewsgr,0
Δήμος Ξάνθης: Εκδήλωση ενημέρωσης για το Περιβάλλον και τη Φιλοζωία στην κεντρική πλατεία https://t.co/JrDJeq9lga,δημοσ ξανθησ εκδηλωση ενημερωσησ για το περιβαλλον και τη φιλοζωια στην κεντρικη πλατεια,0
ναγκαία η στήριξη των νησιωτικών περιοχών στην ευρωπαϊκή στρατηγική για το βιώσιμο τουρισμό στην ΕΕ και τη Μεσόγειο https://t.co/TWP9zDWivy,ναγκαια η στηριξη των νησιωτικων περιοχων στην ευρωπαϊκη στρατηγικη για το βιωσιμο τουρισμο στην εε και τη μεσογειο,0
EOT: Παρουσίαση στη βρετανική αγορά πλατφόρμας για τον βιώσιμο τουρισμό στην Ελλάδα - https://t.co/b4ZChCca8a https://t.co/vZigmOQ6QU,eot παρουσιαση στη βρετανικη αγορα πλατφορμασ για τον βιωσιμο τουρισμο στην ελλαδα,0
Έ. Κουντουρά: Αναγκαία η στήριξη των νησιωτικών περιοχών στην ευρωπαϊκή στρατηγική για το βιώσιμο τουρισμό στην ΕΕ και τη Μεσόγειο. https://t.co/K3WInNKns8,ε κουντουρα αναγκαια η στηριξη των νησιωτικων περιοχων στην ευρωπαϊκη στρατηγικη για το βιωσιμο τουρισμο στην εε και τη μεσογειο,0
RT @PIOcy: Ομιλία του Προέδρου της Δημοκρατίας κ. Νίκου Αναστασιάδη στη Διάσκεψη Τύπου για την Πρωτοβουλία της Κυπριακής Δημοκρατίας για τη…,rt piocy ομιλια του προεδρου τησ δημοκρατιασ κ νικου αναστασιαδη στη διασκεψη τυπου για την πρωτοβουλια τησ κυπριακησ δημοκρατιασ για τη,0
Διαχείριση λυμάτων και κυκλική οικονομία https://t.co/qHzKV3px72,διαχειριση λυματων και κυκλικη οικονομια,0
Σταϊκούρας: Η Ελλάδα έχει χτίσει ισχυρές γραμμές άμυνας απέναντι σε ένα δυσμενές διεθνές περιβάλλον https://t.co/kRI2rGghHa,σταϊκουρασ η ελλαδα εχει χτισει ισχυρεσ γραμμεσ αμυνασ απεναντι σε ενα δυσμενεσ διεθνεσ περιβαλλον,0
Χρ. Σταϊκούρας – Σύνοδος ΔΝΤ: Χτίσαμε ισχυρές αμυντικές γραμμές απέναντι σε δυσμενές διεθνές περιβάλλον - https://t.co/eiOPQNARjS https://t.co/VmIyM2Up9A #Χρήστος_Σταϊκούρας #Σύνοδος #ΔΝΤ #Αμυντικές_γραμμές,χρ σταϊκουρασ συνοδοσ δντ χτισαμε ισχυρεσ αμυντικεσ γραμμεσ απεναντι σε δυσμενεσ διεθνεσ περιβαλλον χρηστοσ_σταϊκουρασ συνοδοσ δντ αμυντικεσ_γραμμεσ,0
"Χρήστος Σταϊκούρας στη Σύνοδο του ΔΝΤ: Η Ελλάδα έχει χτίσει ισχυρές γραμμές άμυνας απέναντι σε ένα δυσμενές διεθνές περιβάλλον - Ρεπορτάζ και ειδήσεις για την Οικονομία, τις Επιχειρήσεις, το Χρηματιστήριο, την Πολιτική #mononewsGR https://t.co/Ji36NBtIVP",χρηστοσ σταϊκουρασ στη συνοδο του δντ η ελλαδα εχει χτισει ισχυρεσ γραμμεσ αμυνασ απεναντι σε ενα δυσμενεσ διεθνεσ περιβαλλον ρεπορταζ και ειδησεισ για την οικονομια τισ επιχειρησεισ το χρηματιστηριο την πολιτικη mononewsgr,0
"Σταϊκούρας στη Σύνοδο του ΔΝΤ: Η Ελλάδα έχει χτίσει ισχυρές γραμμές άμυνας απέναντι σε ένα δυσμενές διεθνές περιβάλλον,
https://t.co/EvzYIjTCcb,",σταϊκουρασ στη συνοδο του δντ η ελλαδα εχει χτισει ισχυρεσ γραμμεσ αμυνασ απεναντι σε ενα δυσμενεσ διεθνεσ περιβαλλον,0
Χρ. Σταϊκούρας – Σύνοδος ΔΝΤ: Χτίσαμε ισχυρές αμυντικές γραμμές απέναντι σε δυσμενές διεθνές περιβάλλον https://t.co/5kOt04WO0e,χρ σταϊκουρασ συνοδοσ δντ χτισαμε ισχυρεσ αμυντικεσ γραμμεσ απεναντι σε δυσμενεσ διεθνεσ περιβαλλον,0
Πώς η Ελλάδα έχτισε ισχυρές γραμμές άμυνας απέναντι σε δυσμενές διεθνές περιβάλλον παρουσίασε στο ΔΝΤ ο Σταϊκούρας https://t.co/qNFDRuTH1z,πωσ η ελλαδα εχτισε ισχυρεσ γραμμεσ αμυνασ απεναντι σε δυσμενεσ διεθνεσ περιβαλλον παρουσιασε στο δντ ο σταϊκουρασ,0
"Χρ. Σταϊκούρας στη Σύνοδο του #ΔΝΤ: Η Ελλάδα έχει χτίσει ισχυρές γραμμές άμυνας απέναντι σε ένα δυσμενές διεθνές περιβάλλον 

https://t.co/qoqISbsOSA",χρ σταϊκουρασ στη συνοδο του δντ η ελλαδα εχει χτισει ισχυρεσ γραμμεσ αμυνασ απεναντι σε ενα δυσμενεσ διεθνεσ περιβαλλον,0
Η θεσμική προστασία της παραλίας Μαρίκες και οι πανηγυρισμοί (Μπουρνούς) https://t.co/xgmvBe0l9T #ΑΥΤΟΔΙΟΙΚΗΣΗ #ΠΑΡΑΛΙΑΜΑΡΙΚΕΣ #ΠΕΡΙΒΑΛΛΟΝ By https://t.co/p9zfHynwcm https://t.co/WOx1uasBGq,η θεσμικη προστασια τησ παραλιασ μαρικεσ και οι πανηγυρισμοι μπουρνουσ αυτοδιοικηση παραλιαμαρικες περιβαλλον by,0
Μαρούσι: Νέο καδοπλυντήριο και υπερσύγχρονη υδροφόρα https://t.co/EQvcb1O3XN,μαρουσι νεο καδοπλυντηριο και υπερσυγχρονη υδροφορα,0
Σταϊκούρας: H απώλεια της βιοποικιλότητας και η κλιματική αλλαγή είναι αλληλένδετες https://t.co/G99kxlyYbE #businessnewsgr,σταϊκουρασ h απωλεια τησ βιοποικιλοτητασ και η κλιματικη αλλαγη ειναι αλληλενδετεσ businessnewsgr,0
Οι 25 εταιρείες με το καλύτερο εργασιακό περιβάλλον διεθνώς - https://t.co/tFYcuWEfOu https://t.co/sTyHlkyNyI,οι εταιρειεσ με το καλυτερο εργασιακο περιβαλλον διεθνωσ,0
"RT @ambelesi01: Στην 🇳🇱 επαρχία Overijssel, τα σκουλήκια βρίσκονται στο μενού σε 100 δημοτικά σχολεία, μέρος ενός διδακτικού πακέτου για τη…",rt ambelesi στην επαρχια overijssel τα σκουληκια βρισκονται στο μενου σε δημοτικα σχολεια μεροσ ενοσ διδακτικου πακετου για τη,0
Οι 25 εταιρείες με το καλύτερο εργασιακό περιβάλλον διεθνώς - https://t.co/3L5jRzEhuT https://t.co/7TQZGBTSFh,οι εταιρειεσ με το καλυτερο εργασιακο περιβαλλον διεθνωσ,0
Η τιμολόγηση της ρύπανσης βάζει χρήματα στην τσέπη του πολίτη ενώ καταπολεμά την κλιματική αλλαγή https://t.co/e1cQFwgNVZ via @The Greek Press - Ελληνικός Τύπος,η τιμολογηση τησ ρυπανσησ βαζει χρηματα στην τσεπη του πολιτη ενω καταπολεμα την κλιματικη αλλαγη via the greek press ελληνικοσ τυποσ,0
RT @KostasVaxevanis: Ζόφος.  Ενας βάλτος όπου μόνο να βουλιάξεις μπορείς. Η βρόμα και η δυσωδία γίνονται το φυσικό περιβάλλον. Δεν έχει σημ…,rt kostasvaxevanis ζοφοσ ενασ βαλτοσ οπου μονο να βουλιαξεισ μπορεισ η βρομα και η δυσωδια γινονται το φυσικο περιβαλλον δεν εχει σημ,0
"Είναι προφανές πως ο Κινέζος ηγέτης ονειρεύεται μια αναβαθμισμένη θέση σε παγκόσμια κλίμακα, σε ένα μεταβαλλόμενο διεθνές περιβάλλον
https://t.co/qTEwJ4kJgk",ειναι προφανεσ πωσ ο κινεζοσ ηγετησ ονειρευεται μια αναβαθμισμενη θεση σε παγκοσμια κλιμακα σε ενα μεταβαλλομενο διεθνεσ περιβαλλον,0
"[Κλικ και διαβάστε στο ΠΡΩΤΟ ΘΕΜΑ]Γαλλία: Πληθωρισμός, ενεργειακή και κλιματική κρίση έβγαλαν στους δρόμους χιλιάδες πολίτες - «Πρωτεργάτης» ο  https://t.co/JFTkzIt26r",κλικ και διαβαστε στο πρωτο θεμαγαλλια πληθωρισμοσ ενεργειακη και κλιματικη κριση εβγαλαν στουσ δρομουσ χιλιαδεσ πολιτεσ πρωτεργατησ ο,0
"Την ανάγκη να αντικατασταθεί ο στόλος των ρυμουλκών, με ένταξη στο χρηματοδοτικό πρόγραμμα του Ταμείου Ανάκαμψης, προκειμένου να ναυπηγηθούν σε ελληνικά ναυπηγεία νέα αποδοτικότερα πλοία και με τη χρήση πιο φιλικών καυσίμων προς το περιβάλλον, ζητεί ο

https://t.co/Z2xRmGrLiL",την αναγκη να αντικατασταθει ο στολοσ των ρυμουλκων με ενταξη στο χρηματοδοτικο προγραμμα του ταμειου ανακαμψησ προκειμενου να ναυπηγηθουν σε ελληνικα ναυπηγεια νεα αποδοτικοτερα πλοια και με τη χρηση πιο φιλικων καυσιμων προσ το περιβαλλον ζητει ο,0
"Βασίλης Κικίλιας: Έργα υποδομής, πράσινη οικονομία και καμπάνια για τον βιώσιμο τουρισμό - Ρεπορτάζ και ειδήσεις για την Οικονομία, τις Επιχειρήσεις, το Χρηματιστήριο, την Πολιτική #mononewsGR https://t.co/cARGv9NpXy",βασιλησ κικιλιασ εργα υποδομησ πρασινη οικονομια και καμπανια για τον βιωσιμο τουρισμο ρεπορταζ και ειδησεισ για την οικονομια τισ επιχειρησεισ το χρηματιστηριο την πολιτικη mononewsgr,0
RT @LykavitosGr: Spiegel: Η Ελλάδα καλύπτει για πρώτη φορά τις ανάγκες της με ΑΠΕ  #Spiegel #Ελλάδα #ΑΠΕ #ανανεώσιμες_πηγές_ενέργειας https…,rt lykavitosgr spiegel η ελλαδα καλυπτει για πρωτη φορα τισ αναγκεσ τησ με απε spiegel ελλαδα απε ανανεωσιμεσ_πηγεσ_ενεργειασ,0
RT @LykavitosGr: Spiegel: Η Ελλάδα καλύπτει για πρώτη φορά τις ανάγκες της με ΑΠΕ  #Spiegel #Ελλάδα #ΑΠΕ #ανανεώσιμες_πηγές_ενέργειας https…,rt lykavitosgr spiegel η ελλαδα καλυπτει για πρωτη φορα τισ αναγκεσ τησ με απε spiegel ελλαδα απε ανανεωσιμεσ_πηγεσ_ενεργειασ,0
"Κικίλιας: «Έργα υποδομής, πράσινη οικονομία και καμπάνια για τον βιώσιμο τουρισμό» - https://t.co/9I99AKnLPL https://t.co/rttGKiAo07",κικιλιασ εργα υποδομησ πρασινη οικονομια και καμπανια για τον βιωσιμο τουρισμο,0
Κικίλιας: «Έργα υποδομής και καμπάνια για τον βιώσιμο τουρισμό» https://t.co/40E5XqC6O7,κικιλιασ εργα υποδομησ και καμπανια για τον βιωσιμο τουρισμο,0
"Β. Κικίλιας: Έργα υποδομής, πράσινη οικονομία και καμπάνια για τον βιώσιμο τουρισμό https://t.co/fJV7sTNA2Z",β κικιλιασ εργα υποδομησ πρασινη οικονομια και καμπανια για τον βιωσιμο τουρισμο,0
"Β. Κικίλιας: Έργα υποδομής, πράσινη οικονομία και καμπάνια για τον βιώσιμο τουρισμό https://t.co/VeTyTsxH7Y #gntmgr #Pagidevmenoi #kaneotikoimasai #GiTisElias #Sasmos",β κικιλιασ εργα υποδομησ πρασινη οικονομια και καμπανια για τον βιωσιμο τουρισμο gntmgr pagidevmenoi kaneotikoimasai gitiselias sasmos,0
"5 τρόποι να ανταπεξέλθεις σε ένα τοξικό εργασιακό περιβάλλον
@ergasia_gr #καριερα

https://t.co/NRRFzVv72b https://t.co/nNfolbW3s3",τροποι να ανταπεξελθεισ σε ενα τοξικο εργασιακο περιβαλλον ergasia_gr καριερα,0
"Πώς το Ντουμπρόβνικ κυνηγά το ""στοίχημα"" για βιώσιμο τουρισμό - https://t.co/ttEkwhSMXj https://t.co/tkPia15DZQ",πωσ το ντουμπροβνικ κυνηγα το στοιχημα για βιωσιμο τουρισμο,0
ΚΑΣΤΡΟ: Όχι στην Ιδιωτικοποίηση. Ναι στη Νέα Βιώσιμη Ανάπτυξη https://t.co/3yC8BWOsDD https://t.co/lt8yjp8gZN,καστρο οχι στην ιδιωτικοποιηση ναι στη νεα βιωσιμη αναπτυξη,0
Prem Watsa (FairFax Financial Holdings Limited) στο Οικονομικό Φόρουμ του Τορόντο: H επανεκλογή Μητσοτάκη θα δημιουργήσει ένα ακόμη πιο ασφαλές περιβάλλον για επενδύσεις https://t.co/tiXa4eEjuT https://t.co/CuHr0asqMO,prem watsa fairfax financial holdings limited στο οικονομικο φορουμ του τοροντο h επανεκλογη μητσοτακη θα δημιουργησει ενα ακομη πιο ασφαλεσ περιβαλλον για επενδυσεισ,0
Πρεμ Γουάτσα: Eπανεκλογή Μητσοτάκη θα δημιουργήσει ακόμη πιο ασφαλές περιβάλλον για επενδύσεις ... https://t.co/76mTLUivvt,πρεμ γουατσα eπανεκλογη μητσοτακη θα δημιουργησει ακομη πιο ασφαλεσ περιβαλλον για επενδυσεισ,0
Zoom Workspace Reservation: Βελτιστοποιώντας το υβριδικό περιβάλλον εργασίας https://t.co/HlXrVLgN63,zoom workspace reservation βελτιστοποιωντασ το υβριδικο περιβαλλον εργασιασ,0
"ΕΙΔΙΚΟ ΘΕΜΑ: Κάντο όπως το #Ντουμπρόβνικ... 

Πώς το «μαργαριτάρι της Αδριατικής» κυνηγά το «στοίχημα» για βιώσιμο τουρισμό

https://t.co/fmrMvuzL2j",ειδικο θεμα καντο οπωσ το ντουμπροβνικ πωσ το μαργαριταρι τησ αδριατικησ κυνηγα το στοιχημα για βιωσιμο τουρισμο,0
@QueenMa23646587 @queenmikaela_ Σχεδον ολοι οι κακοποιητες εχουν μεγαλωσει σε κακοποιητικο περιβαλλον η σε διαλυμενες οικογενειες με γονεις που τους παραμελουσαν.μπορει καποια παιδια σε αναλογο περιβαλλον να εχουν καλη πορεια μετα απο παρακολουθηση απο ψυχολογο κλπ.παντως κανεις δε γεννιεται βιαστης,queenma queenmikaela_ σχεδον ολοι οι κακοποιητεσ εχουν μεγαλωσει σε κακοποιητικο περιβαλλον η σε διαλυμενεσ οικογενειεσ με γονεισ που τουσ παραμελουσανμπορει καποια παιδια σε αναλογο περιβαλλον να εχουν καλη πορεια μετα απο παρακολουθηση απο ψυχολογο κλππαντωσ κανεισ δε γεννιεται βιαστησ,0
"Γιάννης Σέγκος : Οφείλουμε σεβασμό προς το περιβάλλον και τις επόμενες γενιές, να αναπτύξουμε ουσιαστικές και ρεαλιστικές δράσεις https://t.co/lHPPoXel1U",γιαννησ σεγκοσ οφειλουμε σεβασμο προσ το περιβαλλον και τισ επομενεσ γενιεσ να αναπτυξουμε ουσιαστικεσ και ρεαλιστικεσ δρασεισ,0
Θα φταίει η κλιματική κρίση... - https://t.co/1z0hApMKQA https://t.co/Xj6oCgPUpR,θα φταιει η κλιματικη κριση,0
Απόβλητα και Απορρίμματα: Περιβαλλοντικό Βάρος ή Ένας Νέος Πόρος για Βιώσιμη Ανάπτυξη; https://t.co/qkAj8OaBHn https://t.co/W2AGQLF0L7,αποβλητα και απορριμματα περιβαλλοντικο βαροσ η ενασ νεοσ ποροσ για βιωσιμη αναπτυξη,0
Στο συνέδριο για τον Εναλλακτικό και Βιώσιμο Τουρισμό στη Θεσσαλία ο Γιώργος Μανώλης - LarissaPress https://t.co/TelhAnWa61,στο συνεδριο για τον εναλλακτικο και βιωσιμο τουρισμο στη θεσσαλια ο γιωργοσ μανωλησ larissapress,0
Πρεμ Γουάτσα: Eπανεκλογή Μητσοτάκη θα δημιουργήσει ακόμη πιο ασφαλές περιβάλλον για επενδύσεις--https://t.co/OoScBIe09A,πρεμ γουατσα eπανεκλογη μητσοτακη θα δημιουργησει ακομη πιο ασφαλεσ περιβαλλον για επενδυσεισ,0
Πρεμ Γουάτσα (FairFax): “H επανεκλογή του Κυριάκου Μητσοτάκη θα δημιουργήσει ένα ακόμη πιο ασφαλές περιβάλλον για επενδύσεις” https://t.co/vimiuml1b2,πρεμ γουατσα fairfax h επανεκλογη του κυριακου μητσοτακη θα δημιουργησει ενα ακομη πιο ασφαλεσ περιβαλλον για επενδυσεισ,0
Eκθεση Kids Rights -Ένα δισεκατομμύριο παιδιά απειλούνται από την κλιματική αλλαγή https://t.co/7d7EOosMkg,eκθεση kids rights ενα δισεκατομμυριο παιδια απειλουνται απο την κλιματικη αλλαγη,0
Ολλανδική έκθεση: Η κλιματική αλλαγή απειλεί ένα δισεκατομμύριο παιδιά – Ειδήσεις – νέα – Το Βήμα Online https://t.co/9OcNv5Vd8I,ολλανδικη εκθεση η κλιματικη αλλαγη απειλει ενα δισεκατομμυριο παιδια ειδησεισ νεα το βημα online,0
Είναι η πυρηνική ενέργεια πράσινη; – Ειδήσεις – νέα – Το Βήμα Online https://t.co/F3pfHK8gzq,ειναι η πυρηνικη ενεργεια πρασινη ειδησεισ νεα το βημα online,0
Ένα δισεκατομμύριο παιδιά απειλούνται από την κλιματική αλλαγή https://t.co/3MqSZYCzFO,ενα δισεκατομμυριο παιδια απειλουνται απο την κλιματικη αλλαγη,0
Ένα δισεκατομμύριο παιδιά απειλούνται από την κλιματική αλλαγή - https://t.co/N40tGv8os6 https://t.co/EgAWcss3wx,ενα δισεκατομμυριο παιδια απειλουνται απο την κλιματικη αλλαγη,0
"Η κλιματική αλλαγή απειλεί ένα δισεκατομμύριο παιδιά

https://t.co/mFDmIlJiP6",η κλιματικη αλλαγη απειλει ενα δισεκατομμυριο παιδια,0
"Θεόδωρος Μητράκος / Χρειαζόμαστε ισχυρή, βιώσιμη αλλά και δίκαιη ανάπτυξη,
https://t.co/3uSmbVyiJp,",θεοδωροσ μητρακοσ χρειαζομαστε ισχυρη βιωσιμη αλλα και δικαιη αναπτυξη,0
KidsRights: Η κλιματική αλλαγή απειλεί ένα δισεκατομμύριο παιδιά https://t.co/vJjhaXEcJH,kidsrights η κλιματικη αλλαγη απειλει ενα δισεκατομμυριο παιδια,0
"Ξέφυγαν εντελώς!! Σε ακόμη μια ευρωπαϊκή χώρα προωθούν εντομοφαγία σε εκατοντάδες σχολεία - Παρουσιάζουν τα σκουλήκια ως “βιώσιμο” υποκατάστατο του κρέατος
https://t.co/v1FpkSOUVx",ξεφυγαν εντελωσ σε ακομη μια ευρωπαϊκη χωρα προωθουν εντομοφαγια σε εκατονταδεσ σχολεια παρουσιαζουν τα σκουληκια ωσ βιωσιμο υποκαταστατο του κρεατοσ,0
UNESCO: Ο Όλυμπος θέτει υποψηφιότητα για ένταξη στον κατάλογο Μνημείων Παγκόσμιας Πολιτιστικής και Φυσικής Κληρονομιάς https://t.co/mhzzaGvhz4 #ΕΛΛΑΔΑ #ΠΕΡΙΒΑΛΛΟΝ https://t.co/LGM6z8TAMo,unesco ο ολυμποσ θετει υποψηφιοτητα για ενταξη στον καταλογο μνημειων παγκοσμιασ πολιτιστικησ και φυσικησ κληρονομιασ ελλαδα περιβαλλον,0
Ωριωνίδες: Την Παρασκευή η «βροχή» από τα πεφταστέρια του φθινοπώρου https://t.co/lmg8gECV4O,ωριωνιδεσ την παρασκευη η βροχη απο τα πεφταστερια του φθινοπωρου,0
«9 στις 10 περιπτώσεις σεξουαλικής κακοποίησης είναι από στενό οικογενειακό περιβάλλον» τονίζει η Ράπτη https://t.co/29qC5p9E6M,στισ περιπτωσεισ σεξουαλικησ κακοποιησησ ειναι απο στενο οικογενειακο περιβαλλον τονιζει η ραπτη,0
Ζωή Ράπτη: 9 στις 10 περιπτώσεις σεξουαλικής κακοποίησης είναι από στενό οικογενειακό περιβάλλον https://t.co/LNsITlx1E4,ζωη ραπτη στισ περιπτωσεισ σεξουαλικησ κακοποιησησ ειναι απο στενο οικογενειακο περιβαλλον,0
Η κλιματική αλλαγή απειλεί ένα δισεκατομμύριο παιδιά https://t.co/T8poyS04Dg,η κλιματικη αλλαγη απειλει ενα δισεκατομμυριο παιδια,0
Κικίλιας: Αναβαθμίζουμε το brand της Σκύρου στο πλαίσιο της στρατηγικής μας για βιώσιμο τουρισμό https://t.co/f4qwlHpGh7,κικιλιασ αναβαθμιζουμε το brand τησ σκυρου στο πλαισιο τησ στρατηγικησ μασ για βιωσιμο τουρισμο,0
"Συμμαχία τεσσάρων μεσογειακών πρακτορείων ειδήσεων για την κλιματική κρίση - Το @amna_news   συμμετέχει στην πρωτοβουλία

https://t.co/BSHEMykUb7 https://t.co/qInii7AM0i",συμμαχια τεσσαρων μεσογειακων πρακτορειων ειδησεων για την κλιματικη κριση το amna_news συμμετεχει στην πρωτοβουλια,0
"Βασίλης Κικίλιας από Σκύρο: Αναβαθμιζουμε το brand της Σκύρου στο πλαίσιο της στρατηγικής μας για βιώσιμο τουρισμό"" https://t.co/g83wavUqRs https://t.co/HFXqQmvdkZ",βασιλησ κικιλιασ απο σκυρο αναβαθμιζουμε το brand τησ σκυρου στο πλαισιο τησ στρατηγικησ μασ για βιωσιμο τουρισμο,0
Κικίλιας: Αναβαθμίζουμε το brand της Σκύρου στο πλαίσιο της στρατηγικής μας για βιώσιμο τουρισμό - https://t.co/76bXnMX9Pv https://t.co/azYLYnfS8w,κικιλιασ αναβαθμιζουμε το brand τησ σκυρου στο πλαισιο τησ στρατηγικησ μασ για βιωσιμο τουρισμο,0
"RT @we_are_solomon: 🆕 #THREAD:

Η έρευνα των @unbiasthenews @RozanaFM που δημοσιεύει στα 🇬🇷 το Solomon διερευνά μια αόρατη αλλά σημαντική π…",rt we_are_solomon thread η ερευνα των unbiasthenews rozanafm που δημοσιευει στα το solomon διερευνα μια αορατη αλλα σημαντικη π,0
Χατζηδάκης: Πιο επιτακτική η «πράσινη» ενέργεια εν μέσω κρίσης https://t.co/A5For7x2My,χατζηδακησ πιο επιτακτικη η πρασινη ενεργεια εν μεσω κρισησ,0
Υπ. Εργασίας: 4 δράσεις για πράσινη ηλεκτρική ενέργεια https://t.co/4ToEZzDzqL,υπ εργασιασ δρασεισ για πρασινη ηλεκτρικη ενεργεια,0
"Στα πλαίσια της προσαρμογής του στην Ελλάδα ο Μπράντον Τόμας ξεκίνησε μαθήματα ελληνικών, προκειμένου να βελτιώσει την επικοινωνία του στο νέο του περιβάλλον.
https://t.co/upa3luaD0b",στα πλαισια τησ προσαρμογησ του στην ελλαδα ο μπραντον τομασ ξεκινησε μαθηματα ελληνικων προκειμενου να βελτιωσει την επικοινωνια του στο νεο του περιβαλλον,0
11-13 Νοεμβρίου 2022: Συνέδριο για τη «Βιώσιμη Ορεινή Ανάπτυξη» στα Καλάβρυτα https://t.co/znBebyapqL,νοεμβριου συνεδριο για τη βιωσιμη ορεινη αναπτυξη στα καλαβρυτα,0
Μαρία Καμμά – Αλιφέρη (Δήμαρχος Τήλου): Απαιτούμε ανταποδοτικά οφέλη στους κατοίκους των νησιών που παράγουν πράσινη ενέργεια - https://t.co/VrEIBoA6T3 https://t.co/S3KnkGncGe,μαρια καμμα αλιφερη δημαρχοσ τηλου απαιτουμε ανταποδοτικα οφελη στουσ κατοικουσ των νησιων που παραγουν πρασινη ενεργεια,0
RT @theFAQgr: (Αυτό ακριβώς) Μεγάλωσε με άλλα εφτά αδέλφια σε μια οικογένεια ακραίας στέρησης. Με έναν πατέρα που αντιμετωπίζει τους δικούς…,rt thefaqgr αυτο ακριβωσ μεγαλωσε με αλλα εφτα αδελφια σε μια οικογενεια ακραιασ στερησησ με εναν πατερα που αντιμετωπιζει τουσ δικουσ,0
"Πιθανώς, κάποιος δεν το πρόσεξε μέσα στην καθημερινή δίνη των γεγονότων, αλλά τις προάλλες υπήρξε ένα γεγονός που με έναν πολιορκητικό κριό γκρέμισε σε σκόνη, όπως φάνηκε, μια απαραβίαστη βάση της δυτικής κοινωνίας και πολιτικής.

https://t.co/pSMYIonCa5 https://t.co/CwhxJeVJ1a",πιθανωσ καποιοσ δεν το προσεξε μεσα στην καθημερινη δινη των γεγονοτων αλλα τισ προαλλεσ υπηρξε ενα γεγονοσ που με εναν πολιορκητικο κριο γκρεμισε σε σκονη οπωσ φανηκε μια απαραβιαστη βαση τησ δυτικησ κοινωνιασ και πολιτικησ,0
Μαρία Καμμά – Αλιφέρη (Δήμαρχος Τήλου): Απαιτούμε ανταποδοτικά οφέλη στους κατοίκους των νησιών που παράγουν πράσινη ενέργεια https://t.co/aQ7oT5ENSx https://t.co/EUqKPH7269,μαρια καμμα αλιφερη δημαρχοσ τηλου απαιτουμε ανταποδοτικα οφελη στουσ κατοικουσ των νησιων που παραγουν πρασινη ενεργεια,0
Νίκος Ανδρουλάκης (Πρόεδρος ΠΑΣΟΚ-ΚΙΝ.ΑΛ): «Η μετάβαση στην πράσινη ενέργεια δεν έπρεπε να γίνει με ένα ορυκτό καύσιμο» https://t.co/uZYgL7HxSt https://t.co/7zG1jsv3mR,νικοσ ανδρουλακησ προεδροσ πασοκκιναλ η μεταβαση στην πρασινη ενεργεια δεν επρεπε να γινει με ενα ορυκτο καυσιμο,0
Η Ελευθερία Τζανακούλη στο Olympia Forum III για την Ανάκαμψη και Βιώσιμη Ανάπτυξη https://t.co/iXLLEBcecU,η ελευθερια τζανακουλη στο olympia forum iii για την ανακαμψη και βιωσιμη αναπτυξη,0
Χ. Τριαντόπουλος: Τα έργα υποδομών θα είναι «διπλά» ανθεκτικά στην κλιματική κρίση https://t.co/CSaxv0dX2E,χ τριαντοπουλοσ τα εργα υποδομων θα ειναι διπλα ανθεκτικα στην κλιματικη κριση,0
".@CTriantopoulos: Τα έργα υποδομών θα είναι «διπλά» ανθεκτικά στην κλιματική κρίση

https://t.co/7zksAxBbAl

To @Olympia_Forum ΙΙΙ στο ΑΠΕ-ΜΠΕ (@amna_news)
🔗 https://t.co/igfLTCptO3

#OlympiaForum https://t.co/37lk7wJIXG",ctriantopoulos τα εργα υποδομων θα ειναι διπλα ανθεκτικα στην κλιματικη κριση to olympia_forum ιιι στο απεμπε amna_news olympiaforum,0
"Πρασινίζοντας την πόλη για την αντιμετώπιση της κλιματικής αλλαγής""- Η αστική χλωρίδα του Βόλου, άμυνα απέναντι στην κλιματική αλλαγή - LarissaPress https://t.co/VYJ9a886R4",πρασινιζοντασ την πολη για την αντιμετωπιση τησ κλιματικησ αλλαγησ η αστικη χλωριδα του βολου αμυνα απεναντι στην κλιματικη αλλαγη larissapress,0
Χρ. Τριαντόπουλος: Τα έργα υποδομών θα είναι «διπλά» ανθεκτικά στην κλιματική κρίση https://t.co/NVoCxBkSPH,χρ τριαντοπουλοσ τα εργα υποδομων θα ειναι διπλα ανθεκτικα στην κλιματικη κριση,0
"Χρ. Τριαντόπουλος: Τα έργα υποδομών θα είναι «διπλά» ανθεκτικά στην κλιματική κρίση

https://t.co/fuCyu40x9S

https://t.co/fuCyu40x9S

To @Olympia_Forum ΙΙΙ στο ΑΠΕ-ΜΠΕ (@amna_news)
🔗 https://t.co/igfLTCGwQ3 https://t.co/Zg54YskvpM",χρ τριαντοπουλοσ τα εργα υποδομων θα ειναι διπλα ανθεκτικα στην κλιματικη κριση to olympia_forum ιιι στο απεμπε amna_news,0
Σεπόλια: Ο Μίχος «ψάρευε» παιδεραστές και από το οικογενειακό περιβάλλον της 12χρονης https://t.co/9m9tBULXqF,σεπολια ο μιχοσ ψαρευε παιδεραστεσ και απο το οικογενειακο περιβαλλον τησ χρονησ,0
Οι start ups ανοίγουν τον δρόμο για την κυκλική οικονομία https://t.co/rnzurfmBch #businessnewsgr,οι start ups ανοιγουν τον δρομο για την κυκλικη οικονομια businessnewsgr,0
Ο Μίχος «ψάρευε» βιαστές και από το οικογενειακό περιβάλλον της 12χρονης! https://t.co/0acrNAuMR3,ο μιχοσ ψαρευε βιαστεσ και απο το οικογενειακο περιβαλλον τησ χρονησ,0
Κολωνός: Ο Μίχος «ψάρευε» βιαστές και από το οικογενειακό περιβάλλον της 12χρονης! Μυστήριο πότε άρχισε ο εφιάλτης της https://t.co/4xfQVwNfM3,κολωνοσ ο μιχοσ ψαρευε βιαστεσ και απο το οικογενειακο περιβαλλον τησ χρονησ μυστηριο ποτε αρχισε ο εφιαλτησ τησ,0
Tο Κολλέγιο Ιατρών του Κεμπέκ Καναδά προτείνει ευθανασία βρεφών...ΦΤΑΙΕΙ Η ΚΛΙΜΑΤΙΚΗ ΑΛΛΑΓΗ....ΒΛΑΔΙΜΗΡΑΚΟ ΣΕ ΠΑΡΑΚΑΛΩ..... ΠΑΤΑ ΤΟ ΤΟ ΓΑΜΗΜΕΝΟ!!!!,tο κολλεγιο ιατρων του κεμπεκ καναδα προτεινει ευθανασια βρεφωνφταιει η κλιματικη αλλαγηβλαδιμηρακο σε παρακαλω πατα το το γαμημενο,0
"Olympia Forum III: Βιώσιμη ανάπτυξη με λογική, καινοτομία και ταχύτητα https://t.co/WDmYKPKkzb #businessnewsgr",olympia forum iii βιωσιμη αναπτυξη με λογικη καινοτομια και ταχυτητα businessnewsgr,0
ΑΝΑΛΥΣΗ ΠΡΟΓΡΑΜΜΑΤΙΚΩΝ ΔΗΛΩΣΕΩΝ ΤΟΥ ΠΟΛΙΤΙΚΟΥ ΦΟΡΕΑ ΓΙΑ ΤΟ ΠΕΡΙΒΑΛΛΟΝ https://t.co/l6ZuJva5OD,αναλυση προγραμματικων δηλωσεων του πολιτικου φορεα για το περιβαλλον,0
Βριλησσός: To νέο ετήσιο πρόγραμμα https://t.co/yy1yO7ft1D,βριλησσοσ to νεο ετησιο προγραμμα,0
"διαΝΕΟσις: “Κυκλική οικονομία: Ευκαιρίες, προκλήσεις και επιδράσεις στην ελληνική οικονομία” https://t.co/n7HrBLVJsP #news #οικονομια ...",διανεοσισ κυκλικη οικονομια ευκαιριεσ προκλησεισ και επιδρασεισ στην ελληνικη οικονομια news οικονομια,0
"διαΝΕΟσις: «Κυκλική οικονομία: Ευκαιρίες, προκλήσεις και επιδράσεις στην ελληνική #οικονομία»

https://t.co/fmPMmPtQdd",διανεοσισ κυκλικη οικονομια ευκαιριεσ προκλησεισ και επιδρασεισ στην ελληνικη οικονομια,0
διαΝΕΟσις: Πόσο κυκλική είναι η ελληνική οικονομία https://t.co/PMbYMrzWSA,διανεοσισ ποσο κυκλικη ειναι η ελληνικη οικονομια,0
Έρευνα διαΝΕΟσις: Πόσο κυκλική είναι η ελληνική οικονομία https://t.co/qF38sYle9e #businessnewsgr,ερευνα διανεοσισ ποσο κυκλικη ειναι η ελληνικη οικονομια businessnewsgr,0
Έκλειψη ηλίου: Πότε θα γίνει και τι ώρα θα είναι ορατή στην κεντρική Ελλάδα https://t.co/GCDYsZnmoe,εκλειψη ηλιου ποτε θα γινει και τι ωρα θα ειναι ορατη στην κεντρικη ελλαδα,0
"Για μικρά, έξυπνα και συμβατά με το περιβάλλον έργα έκανε λόγο σήμερα στην εκπομπή ""Ενημέρωση"" της ΕΡΤ ο καθηγητής Ευθύμης Λέκκας https://t.co/qm87XaEZLt",για μικρα εξυπνα και συμβατα με το περιβαλλον εργα εκανε λογο σημερα στην εκπομπη ενημερωση τησ ερτ ο καθηγητησ ευθυμησ λεκκασ,0
"διαΝΕΟσις: “Κυκλική οικονομία: Ευκαιρίες, προκλήσεις και επιδράσεις στην ελληνική οικονομία” https://t.co/0ZsxP18JAV #gntmgr #GiTisElias #Pagidevmenoi #kaneotikoimasai #Sasmos",διανεοσισ κυκλικη οικονομια ευκαιριεσ προκλησεισ και επιδρασεισ στην ελληνικη οικονομια gntmgr gitiselias pagidevmenoi kaneotikoimasai sasmos,0
"διαΝΕΟσις για κυκλική οικονομία: Ευκαιρίες, προκλήσεις και επιδράσεις στην ελληνική οικονομία https://t.co/p7RqIVIqAz",διανεοσισ για κυκλικη οικονομια ευκαιριεσ προκλησεισ και επιδρασεισ στην ελληνικη οικονομια,0
διαΝΕΟσις: Πόσο κυκλική είναι η ελληνική οικονομία- Τι χρειάζεται να αλλάξει https://t.co/0BCVqsL3bo,διανεοσισ ποσο κυκλικη ειναι η ελληνικη οικονομια τι χρειαζεται να αλλαξει,0
"ΔιαΝΕΟσις: «Κυκλική οικονομία: Ευκαιρίες, προκλήσεις και επιδράσεις στην ελληνική οικονομία» https://t.co/nb7OYcc6nP",διανεοσισ κυκλικη οικονομια ευκαιριεσ προκλησεισ και επιδρασεισ στην ελληνικη οικονομια,0
διαΝΕΟσις: Κυκλική οικονομία – Ευκαιρίες και προκλήσεις στην οικονομία https://t.co/1bMZYeMigE,διανεοσισ κυκλικη οικονομια ευκαιριεσ και προκλησεισ στην οικονομια,0
"«Κυκλική οικονομία»: Ευκαιρίες, προκλήσεις και επιδράσεις στην ελληνική οικονομία https://t.co/rT5DhYXYu1",κυκλικη οικονομια ευκαιριεσ προκλησεισ και επιδρασεισ στην ελληνικη οικονομια,0
Vodafone Business: Η αειφορία απαραίτητη στις επιχειρήσεις για την επιβιωσή τους https://t.co/pimOPm5cnP,vodafone business η αειφορια απαραιτητη στισ επιχειρησεισ για την επιβιωση τουσ,0
«Περπάτα για το μέλλον σου»: Μεγάλη πορεία για το περιβάλλον στις Βρυξέλλες https://t.co/LhHZb9iT8a,περπατα για το μελλον σου μεγαλη πορεια για το περιβαλλον στισ βρυξελλεσ,0
Το bullying «βγαίνει» από το σχολικό περιβάλλον: Οι συνέπειες στην ενήλικη ζωή - https://t.co/o0sxVNi8Hh https://t.co/pFsgtudUGL,το bullying βγαινει απο το σχολικο περιβαλλον οι συνεπειεσ στην ενηλικη ζωη,0
«Ο Δήμος Κεντρικής Κέρκυρας συμμετέχει σε πρωτοβουλία για την αντιμετώπιση της κλιματικής αλλαγής-Εκδήλωση για την Κυκλική Οικονομία» -,ο δημοσ κεντρικησ κερκυρασ συμμετεχει σε πρωτοβουλια για την αντιμετωπιση τησ κλιματικησ αλλαγησεκδηλωση για την κυκλικη οικονομια,0
"#PraktoreioBusiness 
Κυκλική οικονομία: Ευκαιρίες, προκλήσεις και επιδράσεις στην ελληνική οικονομία

https://t.co/EGmpGZBQbM https://t.co/0IqjNv9MDF",praktoreiobusiness κυκλικη οικονομια ευκαιριεσ προκλησεισ και επιδρασεισ στην ελληνικη οικονομια,0
"Kiyosaki: Μετοχές και ομόλογα είναι στον κλίβανο και καίγονται – Μη βιώσιμο το ράλι στο δολάριο, θα καταρρεύσει https://t.co/MGTJ69N58F",kiyosaki μετοχεσ και ομολογα ειναι στον κλιβανο και καιγονται μη βιωσιμο το ραλι στο δολαριο θα καταρρευσει,0
"«Η #38χρονη δεν φοβάται την Αστυνομία ούτε τη φυλακή, αλλά τις πράξεις αντεκδίκησης από το συγγενικό περιβάλλον του 36χρονου», λέει ο δικηγόρος της. #κρητη
https://t.co/LScOHw9Gw4",η χρονη δεν φοβαται την αστυνομια ουτε τη φυλακη αλλα τισ πραξεισ αντεκδικησησ απο το συγγενικο περιβαλλον του χρονου λεει ο δικηγοροσ τησ κρητη,0
"Kiyosaki: Μετοχές και ομόλογα είναι στον κλίβανο και καίγονται – Μη βιώσιμο το ράλι στο δολάριο, θα καταρρεύσει https://t.co/cDRcvW7oFu",kiyosaki μετοχεσ και ομολογα ειναι στον κλιβανο και καιγονται μη βιωσιμο το ραλι στο δολαριο θα καταρρευσει,0
"Kiyosaki: Μετοχές και ομόλογα είναι στον κλίβανο και καίγονται – Μη βιώσιμο το ράλι στο δολάριο, θα καταρρεύσει https://t.co/2U1AJADIRt",kiyosaki μετοχεσ και ομολογα ειναι στον κλιβανο και καιγονται μη βιωσιμο το ραλι στο δολαριο θα καταρρευσει,0
Υelen (ΥΠΟΙΚ ΗΠΑ): «Επικίνδυνο και ασταθές» το μακροοικονομικό περιβάλλον https://t.co/yscLe1mvND,υelen υποικ ηπα επικινδυνο και ασταθεσ το μακροοικονομικο περιβαλλον,0
διαΝΕΟσις – Νέα Έρευνα: Μια κυκλική οικονομία για την Ελλάδα https://t.co/nA8U5HClyF,διανεοσισ νεα ερευνα μια κυκλικη οικονομια για την ελλαδα,0
ΧΑΡΑΛΑΜΠΟΣ ΧΑΡΙΤΟΠΟΥΛΟΣ: ΑΝΑΛΥΣΗ ΠΡΟΓΡΑΜΜΑΤΙΚΩΝ ΔΗΛΩΣΕΩΝ ΤΟΥ ΠΟΛΙΤΙΚΟΥ ΦΟΡΕΑ ΓΙΑ ΤΟ ΠΕΡΙΒΑΛΛΟΝ https://t.co/qgdYazxP0U,χαραλαμπος χαριτοπουλος αναλυση προγραμματικων δηλωσεων του πολιτικου φορεα για το περιβαλλον,0
"Ο “μούφα” πύραυλος, ο πάμπλουτος Ινδός μετανάστης, η βιώσιμη ψήφος των προσεχών εκλογών και το ανέκδοτο του Αλέξη Τσίπρα https://t.co/rU4xGBwo9j",ο μουφα πυραυλοσ ο παμπλουτοσ ινδοσ μεταναστησ η βιωσιμη ψηφοσ των προσεχων εκλογων και το ανεκδοτο του αλεξη τσιπρα,0
"Διεθνές Συνέδριο για την «Βιώσιμη Γαλάζια Οικονομία» από την Περιφέρεια Κρήτης, τη Διάσκεψη των Παράκτιων Περιφερειών, την Ευρωπαϊκή Επιτροπή και τις Γενικές Διευθύνσεις για τη Θαλάσσια Πολιτική - Αλιεία και Περιφερειακή Ανάπτυξη https://t.co/5i5Yak0t4V",διεθνεσ συνεδριο για την βιωσιμη γαλαζια οικονομια απο την περιφερεια κρητησ τη διασκεψη των παρακτιων περιφερειων την ευρωπαϊκη επιτροπη και τισ γενικεσ διευθυνσεισ για τη θαλασσια πολιτικη αλιεια και περιφερειακη αναπτυξη,0
"♾ Κυκλική Οικονομία &amp; Ελληνική Πραγματικότητα

Ποσοστό υλικών πόρων που χρησιμοποιούνταν το 2020 &amp; προέρχονταν από ανακυκλωμένα απόβλητα

🇬🇷 Ελλάδα 5,4%
🇪🇺 ΕΕ 2,8%
🇮🇹 Ιταλία 21,6%
🇳🇱 Ολλανδία 30,9%

#Γράφημα ΑΠΕ-ΜΠΕ - Έρευνα @dianeosis https://t.co/ReEercYVNs

#CircularEconomy https://t.co/QdxkBjY0nj",κυκλικη οικονομια amp ελληνικη πραγματικοτητα ποσοστο υλικων πορων που χρησιμοποιουνταν το amp προερχονταν απο ανακυκλωμενα αποβλητα ελλαδα εε ιταλια ολλανδια γραφημα απεμπε ερευνα dianeosis circulareconomy,0
"Κυκλική οικονομία: Ευκαιρίες, προκλήσεις και επιδράσεις στην ελληνική οικονομία https://t.co/NrUL3PrDVi",κυκλικη οικονομια ευκαιριεσ προκλησεισ και επιδρασεισ στην ελληνικη οικονομια,0
Ανοίγουν μετά τις εκλογές εκ νέου οι συμπράξεις Ασφαλιστικών – Κράτους απέναντι στην κλιματική αλλαγή https://t.co/MMX9F6ftsa,ανοιγουν μετα τισ εκλογεσ εκ νεου οι συμπραξεισ ασφαλιστικων κρατουσ απεναντι στην κλιματικη αλλαγη,0
ΕΕ: «Ο πόλεμος δεν θα εκτροχιάσει το πλάνο για το περιβάλλον» #EuropeNews https://t.co/NIptj1U6lO,εε ο πολεμοσ δεν θα εκτροχιασει το πλανο για το περιβαλλον europenews,0
"""Σώστε τον πλανήτη, δεν έχουμε άλλο σπίτι"" - Διαδήλωση παιδιών για το περιβάλλον στο κέντρο της Λάρισας https://t.co/WEluTaBbg7",σωστε τον πλανητη δεν εχουμε αλλο σπιτι διαδηλωση παιδιων για το περιβαλλον στο κεντρο τησ λαρισασ,0
ΙΛΛΥΡΙΑ WEB TV | ΠΕΡΙΒΑΛΛΟΝ - ΠΟΛΙΤΙΣΜΟΣ | ΕΙΡΗΝΗ ΚΑΝΕΛΛΟΥ https://t.co/NYn6kh37Rt,ιλλυρια web tv περιβαλλον πολιτισμος ειρηνη κανελλου,0
ΕΑΕΕ: Ο τριπλός ρόλος του ασφαλιστικού κλάδου στη βιώσιμη ανάπτυξη https://t.co/QEzignGusn,εαεε ο τριπλοσ ρολοσ του ασφαλιστικου κλαδου στη βιωσιμη αναπτυξη,0
"διαΝΕΟσις: Κυκλική οικονομία: Ευκαιρίες, προκλήσεις και επιδράσεις στην ελληνική οικονομία https://t.co/xlx53GZFau",διανεοσισ κυκλικη οικονομια ευκαιριεσ προκλησεισ και επιδρασεισ στην ελληνικη οικονομια,0
"Η PwC Ελλάδας με στόχο τη συνεχή ενδυνάμωση της σχέσης μεταξύ επιχειρηματικής και ακαδημαϊκής κοινότητας και την προώθηση της επιχειρηματικότητας στο ακαδημαϊκό περιβάλλον, ανακοινώνει την υπογραφή μνημονίου συνεργασίας με το Οικονομικό Πανεπιστήμιο Αθηνώ",η pwc ελλαδασ με στοχο τη συνεχη ενδυναμωση τησ σχεσησ μεταξυ επιχειρηματικησ και ακαδημαϊκησ κοινοτητασ και την προωθηση τησ επιχειρηματικοτητασ στο ακαδημαϊκο περιβαλλον ανακοινωνει την υπογραφη μνημονιου συνεργασιασ με το οικονομικο πανεπιστημιο αθηνω,0
Η Έλενα Κουντουρά ομιλήτρια στο Mediterranean MobilityForum στην Αθήνα για τη βιώσιμη αστική κινητικότητα https://t.co/zbvA7rgeAJ #elenakoyntoyra,η ελενα κουντουρα ομιλητρια στο mediterranean mobilityforum στην αθηνα για τη βιωσιμη αστικη κινητικοτητα elenakoyntoyra,0
"RT @marilitismos: Ο Νικηφόρος στην (2η μετά την γέννα) πιο ευτυχισμένη μέρα της ζωής της μητέρας του 🥹

Τώρα πια και επίσημα μαζί, όπως του…",rt marilitismos ο νικηφοροσ στην η μετα την γεννα πιο ευτυχισμενη μερα τησ ζωησ τησ μητερασ του τωρα πια και επισημα μαζι οπωσ του,0
RT @LykavitosGr: Βιώσιμη Ανάπτυξη και ESG στο επίκεντρο των αξιών της ΕΥΔΑΠ  #ΕΥΔΑΠ https://t.co/n1QChf8m2l,rt lykavitosgr βιωσιμη αναπτυξη και esg στο επικεντρο των αξιων τησ ευδαπ ευδαπ,0
RT @LykavitosGr: Βιώσιμη Ανάπτυξη και ESG στο επίκεντρο των αξιών της ΕΥΔΑΠ  #ΕΥΔΑΠ https://t.co/n1QChf8m2l,rt lykavitosgr βιωσιμη αναπτυξη και esg στο επικεντρο των αξιων τησ ευδαπ ευδαπ,0
Φον ντερ Λάιεν: Έτοιμη η ΕΕ για συνεργασία με Βρετανία για ουκρανικό και κλιματική αλλαγή - https://t.co/IZwaGSOHpm https://t.co/8Kpbnk0a2O,φον ντερ λαιεν ετοιμη η εε για συνεργασια με βρετανια για ουκρανικο και κλιματικη αλλαγη,0
Το Επενδυτικό Σχέδιο του δήμου Θέρμης για την “Ολοκληρωμένη ενεργειακή μετάβαση προς την κλιματική ουδετερότητα» https://t.co/SvQQC4diQD #ΔΤ #ΕΚΔΗΛΩΣΕΙΣ #ΘΕΡΜΗ #ΠΕΡΙΒΑΛΛΟΝ https://t.co/VTgJsNpPLl,το επενδυτικο σχεδιο του δημου θερμησ για την ολοκληρωμενη ενεργειακη μεταβαση προσ την κλιματικη ουδετεροτητα δτ εκδηλωσεις θερμη περιβαλλον,0
"Μάσκες: Σώζουν από την Covid, καταστρέφουν το περιβάλλον | Ειδήσεις – νέα – Το Βήμα Online https://t.co/CsrTM39v26",μασκεσ σωζουν απο την covid καταστρεφουν το περιβαλλον ειδησεισ νεα το βημα online,0
ΛΗΞΟΥΡΙ – Ionian Aquarium : Εκδήλωση για το περιβάλλον https://t.co/HTHans73PT,ληξουρι ionian aquarium εκδηλωση για το περιβαλλον,0
Φον Ντερ Λάιεν: Η ΕΕ αδημονεί να συνεργαστεί με την κυβέρνηση της Βρετανίας για Ουκρανία-κλιματική κρίση - https://t.co/eiOPQNSsIs https://t.co/koEzANgC5d,φον ντερ λαιεν η εε αδημονει να συνεργαστει με την κυβερνηση τησ βρετανιασ για ουκρανιακλιματικη κριση,0
"ΕΕ: Αυστηρότερα μέτρα για το περιβάλλον - Στόχος η μηδενική ρύπανση ως το 2050 #europeanunion #environment #pollution 
https://t.co/pd2sgIb2Qf",εε αυστηροτερα μετρα για το περιβαλλον στοχοσ η μηδενικη ρυπανση ωσ το europeanunion environment pollution,0
"Φον ντερ Λάιεν: Η #ΕΕ αδημονεί να συνεργαστεί με τη νέα κυβέρνηση της Βρετανίας για τον πόλεμο στην #Ουκρανία και την κλιματική κρίση

https://t.co/p1oFROCgrt https://t.co/YPlkRNloJi",φον ντερ λαιεν η εε αδημονει να συνεργαστει με τη νεα κυβερνηση τησ βρετανιασ για τον πολεμο στην ουκρανια και την κλιματικη κριση,0
Φον ντερ Λάιεν: Η ΕΕ αδημονεί να συνεργαστεί με τη νέα κυβέρνηση της Βρετανίας για τον πόλεμο στην Ουκρανία και την κλιματική κρίση https://t.co/z004r7SJbW,φον ντερ λαιεν η εε αδημονει να συνεργαστει με τη νεα κυβερνηση τησ βρετανιασ για τον πολεμο στην ουκρανια και την κλιματικη κριση,0
Η κλιματική αλλαγή απειλεί ένα δισεκατομμύριο παιδιά https://t.co/10jem18And,η κλιματικη αλλαγη απειλει ενα δισεκατομμυριο παιδια,0
Την πρωτοβουλία της Κύπρου για κλιματική αλλαγή θα παρουσιάσει ο Πρόεδρος στη Σύνοδο COP-27 της Αιγύπτου #Cyprus #cop27egypt @AnastasiadesCY  https://t.co/sG9kKuDq4Y,την πρωτοβουλια τησ κυπρου για κλιματικη αλλαγη θα παρουσιασει ο προεδροσ στη συνοδο cop τησ αιγυπτου cyprus copegypt anastasiadescy,0
"Είναι το συνθετικό κρέας μια βιώσιμη εναλλακτική λύση;,
https://t.co/yqzIxsq3PQ,",ειναι το συνθετικο κρεασ μια βιωσιμη εναλλακτικη λυση,0
Η μόνη βιώσιμη λύση «μια κοινά αποδεκτή λύση που να εφαρμόζεται ιδία βουλήσει» λέει ο Κόλιν Στιούαρτ https://t.co/Y86qQG4tqp,η μονη βιωσιμη λυση μια κοινα αποδεκτη λυση που να εφαρμοζεται ιδια βουλησει λεει ο κολιν στιουαρτ,0
"Λίγο να έχει η σειρά μια επαφή με το περιβάλλον. Σε ποιο ουράνιο και ποιο τόξο , ένα μαγαζί θα αγόραζε ένα απλό  φορμάκι 50€ ? #gitiselias",λιγο να εχει η σειρα μια επαφη με το περιβαλλον σε ποιο ουρανιο και ποιο τοξο ενα μαγαζι θα αγοραζε ενα απλο φορμακι gitiselias,0
"Οι γυναίκες στο οικογενειακό του περιβάλλον παραδέχτηκε πως έπαιξαν καθοριστικό ρόλο στη ζωή του

#znews #Δαδακαριδης #xamogelakaipali https://t.co/TvPSbYu5PU",οι γυναικεσ στο οικογενειακο του περιβαλλον παραδεχτηκε πωσ επαιξαν καθοριστικο ρολο στη ζωη του znews δαδακαριδησ xamogelakaipali,0
Πρωτιά για την ομάδα του iGEM Thessaly 2022 σε διεθνή διαγωνισμό με θέμα το περιβάλλον https://t.co/K3tKce4cej,πρωτια για την ομαδα του igem thessaly σε διεθνη διαγωνισμο με θεμα το περιβαλλον,0
Νάξος - Σύλλογος Μηχανικών Νάξου: Ζητούμενο ένα βιώσιμο μοντέλο τουριστικής ανάπτυξης https://t.co/gTmYWKpCoo https://t.co/lIovlbWA6x,ναξοσ συλλογοσ μηχανικων ναξου ζητουμενο ενα βιωσιμο μοντελο τουριστικησ αναπτυξησ,0
Νάξος - Σύλλογος Μηχανικών Νάξου: Ζητούμενο ένα βιώσιμο μοντέλο τουριστικής ανάπτυξης https://t.co/pY3UW2ugeh,ναξοσ συλλογοσ μηχανικων ναξου ζητουμενο ενα βιωσιμο μοντελο τουριστικησ αναπτυξησ,0
Επιχειρηματικό περιβάλλον: Άλμα 16 θέσεων για την Ελλάδα https://t.co/mUoYjSNont #businessnewsgr,επιχειρηματικο περιβαλλον αλμα θεσεων για την ελλαδα businessnewsgr,0
Μητσοτάκης: Άνοδος 16 θέσεων για την Ελλάδα στο επιχειρηματικό περιβάλλον – «Αναγνωρίζεται η προσπάθειά μας» ... https://t.co/uLTBYdQkgi,μητσοτακησ ανοδοσ θεσεων για την ελλαδα στο επιχειρηματικο περιβαλλον αναγνωριζεται η προσπαθεια μασ,0
Κ. Μητσοτάκης: Άνοδος 16 θέσεων για την Ελλάδα στο επιχειρηματικό περιβάλλον https://t.co/80UR2iPg0i,κ μητσοτακησ ανοδοσ θεσεων για την ελλαδα στο επιχειρηματικο περιβαλλον,0
ABB: Καινοτόμες λύσεις για την κλιματική κρίση μέσω του CRETON https://t.co/DmW7PcQ1mT #businessnewsgr,abb καινοτομεσ λυσεισ για την κλιματικη κριση μεσω του creton businessnewsgr,0
Στην Κύπρο η σκυταλοδρομία για την κλιματική αλλαγή https://t.co/MqxaF5ou9K,στην κυπρο η σκυταλοδρομια για την κλιματικη αλλαγη,0
ABB-C.R.E.T.O.N.: Καινοτόμες λύσεις για την κλιματική κρίση https://t.co/ing2e3ZNRc,abbcreton καινοτομεσ λυσεισ για την κλιματικη κριση,0
δορυφόρος: Το μέλλον στις ταχυμεταφορές είναι βιώσιμο https://t.co/JvgZVJFsHb,δορυφοροσ το μελλον στισ ταχυμεταφορεσ ειναι βιωσιμο,0
"#Infographic: «Άλμα» 16 θέσεων στο #επιχειρηματικό_περιβάλλον
https://t.co/0ebf8GBeyJ",infographic αλμα θεσεων στο επιχειρηματικο_περιβαλλον,0
Όσα ειπώθηκαν στο 24ο diaNEOsis Live για την Κυκλική Οικονομία στην Ελλάδα - https://t.co/mnaqXFtqr3 https://t.co/wRnuwOvdUV,οσα ειπωθηκαν στο ο dianeosis live για την κυκλικη οικονομια στην ελλαδα,0
Εκδήλωση-συζήτηση με θέμα: “Φαινόμενα σεξουαλικών διαστροφών και κοινωνικό οικονομικό περιβάλλον”. https://t.co/dy5Z6hmBQQ,εκδηλωσησυζητηση με θεμα φαινομενα σεξουαλικων διαστροφων και κοινωνικο οικονομικο περιβαλλον,0
"Κάλεσμα για την οργάνωση και συμμετοχή στην κοινή δράση με θέμα «Υπαίθρια Εκπαίδευση και Δράση για το Κλίμα» την Πέμπτη 3 Νοεμβρίου 2022, απευθύνει σε εκπαιδευτικούς και σχολεία το Κέντρο Εκπαίδευσης για το Περιβάλλον και την Αειφορία (ΚΕΠΕΑ) Βάμου. https://t.co/lqZ29saWCT",καλεσμα για την οργανωση και συμμετοχη στην κοινη δραση με θεμα υπαιθρια εκπαιδευση και δραση για το κλιμα την πεμπτη νοεμβριου απευθυνει σε εκπαιδευτικουσ και σχολεια το κεντρο εκπαιδευσησ για το περιβαλλον και την αειφορια κεπεα βαμου,0
"⏩Μαρτυρίες αρμοδίων, θεσμικών παραγόντων και μαθητών στην κάμερα της «Σημερινής» 
⏩Ανάμιξη ανηλίκων στο ηλεκτρονικό έγκλημα 
⏩Η ανάγκη για ένα ασφαλές και ειρηνικό σχολικό περιβάλλον
👉Δείτε στη «Σημερινή» / 🖋της Μαρίας Δημοσθένους

https://t.co/hffnoFllHp",μαρτυριεσ αρμοδιων θεσμικων παραγοντων και μαθητων στην καμερα τησ σημερινησ αναμιξη ανηλικων στο ηλεκτρονικο εγκλημα η αναγκη για ενα ασφαλεσ και ειρηνικο σχολικο περιβαλλον δειτε στη σημερινη τησ μαριασ δημοσθενουσ,0
"Εκδήλωση-συζήτηση με θέμα: ""Φαινόμενα σεξουαλικών διαστροφών και κοινωνικό οικονομικό περιβάλλον"" - https://t.co/q26qE4qgxV",εκδηλωσησυζητηση με θεμα φαινομενα σεξουαλικων διαστροφων και κοινωνικο οικονομικο περιβαλλον,0
ΦΤΑΙΕΙ Η ΚΛΙΜΑΤΙΚΗ ΑΛΛΑΓΗ ...ΛΕΕΙ ΤΟ ΕΒΡΑΙΟΠΟΥΛΟ ΟΤΙ ΤΗΣ ΕΚΛΕΨΑΝ ΤΑ ΟΝΕΙΡΑ....ΜΠΟΥΚΩΜΕΝΗ https://t.co/UOjWZqwaSQ,φταιει η κλιματικη αλλαγη λεει το εβραιοπουλο οτι της εκλεψαν τα ονειραμπουκωμενη,0
Χαιρετισμός του Υφυπουργού Εσωτερικών (Μακεδονίας - Θράκης) κ. Σταύρου Καλαφάτη στην έναρξη της Ολλανδο-Ελληνικής Οικονομικής Διάσκεψης για τη βιώσιμη αγροτική ανάπτυξη με θέμα: «Καλλιεργώντας το μέλλον» https://t.co/YFION4i9dE https://t.co/QUSYOYCQUZ,χαιρετισμοσ του υφυπουργου εσωτερικων μακεδονιασ θρακησ κ σταυρου καλαφατη στην εναρξη τησ ολλανδοελληνικησ οικονομικησ διασκεψησ για τη βιωσιμη αγροτικη αναπτυξη με θεμα καλλιεργωντασ το μελλον,0
διαΝΕΟσις: Όσα ειπώθηκαν στη διαδικτυακή συζήτηση για την κυκλική οικονομία στην Ελλάδα https://t.co/XMrUeeFs3b #businessnewsgr,διανεοσισ οσα ειπωθηκαν στη διαδικτυακη συζητηση για την κυκλικη οικονομια στην ελλαδα businessnewsgr,0
Όσα ειπώθηκαν στο 24ο diaNEOsis Live για την Κυκλική Οικονομία στην Ελλάδα https://t.co/NSV1eeCT7R,οσα ειπωθηκαν στο ο dianeosis live για την κυκλικη οικονομια στην ελλαδα,0
«Καμπανάκι» για την κλιματική αλλαγή: Το ένα τρίτο των παγετώνων παγκόσμιας κληρονομιάς της Unesco θα εξαφανιστεί ως το 2050 https://t.co/6geftNVz8M,καμπανακι για την κλιματικη αλλαγη το ενα τριτο των παγετωνων παγκοσμιασ κληρονομιασ τησ unesco θα εξαφανιστει ωσ το,0
Υπ. Αγροτικής Ανάπτυξης: Προσωρινός πίνακας αποτελεσμάτων αιτήσεων στήριξης για γεωργία και κλιματική αλλαγή ... https://t.co/aFVuZ7gPQM,υπ αγροτικησ αναπτυξησ προσωρινοσ πινακασ αποτελεσματων αιτησεων στηριξησ για γεωργια και κλιματικη αλλαγη,0
Uber: Απόλυτα μη βιώσιμο το μοντέλο της εταιρείας https://t.co/mnA8wFyVNU #businessnewsgr,uber απολυτα μη βιωσιμο το μοντελο τησ εταιρειασ businessnewsgr,0
Διεθνής Οργανισμός Ενέργειας: Η ρωσική εισβολή στην Ουκρανία  να οδηγήσει ταχύτερα στην «πράσινη ενέργεια» https://t.co/5Sq8wRLsot,διεθνησ οργανισμοσ ενεργειασ η ρωσικη εισβολη στην ουκρανια να οδηγησει ταχυτερα στην πρασινη ενεργεια,0
Ασφαλίζοντας το υβριδικό εργασιακό περιβάλλον: 4 βασικές αρχές για να προστατέψετε την επιχείρησή σας https://t.co/1rwQxtAByC,ασφαλιζοντασ το υβριδικο εργασιακο περιβαλλον βασικεσ αρχεσ για να προστατεψετε την επιχειρηση σασ,0
Συνεργασία της Πολιτικής Προστασίας με το Υπερταμείο για την προσαρμογή της Ελλάδας στην κλιματική αλλαγή https://t.co/CuLOk2fbR5,συνεργασια τησ πολιτικησ προστασιασ με το υπερταμειο για την προσαρμογη τησ ελλαδασ στην κλιματικη αλλαγη,0
Κλιματική αλλαγή: Το 1/3 των παγετώνων παγκόσμιας κληρονομιάς της Unesco θα εξαφανιστεί ως το 2050 – Ειδήσεις – νέα – Το Βήμα Online https://t.co/oAlv2WuXN0,κλιματικη αλλαγη το των παγετωνων παγκοσμιασ κληρονομιασ τησ unesco θα εξαφανιστει ωσ το ειδησεισ νεα το βημα online,0
"#Cyprus #ΓεΣΥ
Διαβεβαιώσεις Προέδρου ΟΑΥ στην Επιτροπή Υγείας για ένα μονοασφαλιστικό και βιώσιμο ΓεΣΥ https://t.co/mtZhW9H0TV",cyprus γεσυ διαβεβαιωσεισ προεδρου οαυ στην επιτροπη υγειασ για ενα μονοασφαλιστικο και βιωσιμο γεσυ,0
Κλιματική αλλαγή: Το 1/3 των παγετώνων παγκόσμιας κληρονομιάς της Unesco θα εξαφανιστεί ως το 2050--https://t.co/KRSZ69q5Eo,κλιματικη αλλαγη το των παγετωνων παγκοσμιασ κληρονομιασ τησ unesco θα εξαφανιστει ωσ το,0
Ασφαλίζοντας το υβριδικό εργασιακό περιβάλλον https://t.co/DgfHdw8REx,ασφαλιζοντασ το υβριδικο εργασιακο περιβαλλον,0
"Βρέθηκε η λύση, θα σώσουμε το περιβάλλον αν σταματήσουμε να… τρώμε κρέας (και θα βοηθήσουμε και την οικονομία) https://t.co/9FaMS5Mxrm https://t.co/inQisegcp0",βρεθηκε η λυση θα σωσουμε το περιβαλλον αν σταματησουμε να τρωμε κρεασ και θα βοηθησουμε και την οικονομια,0
Ν. Δένδιας: Στόχος ένα ασφαλές περιβάλλον για τους δημοσιογράφους https://t.co/peRxPt7ZHR,ν δενδιασ στοχοσ ενα ασφαλεσ περιβαλλον για τουσ δημοσιογραφουσ,0
Ημερίδα για την αειφορία και τη βιωσιμότητα στον τουριστικό και επιχειρηματικό κλάδο - https://t.co/eiOPQNT0y0 https://t.co/OmW22O64GT,ημεριδα για την αειφορια και τη βιωσιμοτητα στον τουριστικο και επιχειρηματικο κλαδο,0
RT @LykavitosGr: Δολοφονία 17χρονου στη Μάνδρα: Στο περιβάλλον του θύματος αναζητούν το δράστη  #Μάνδρα_Αττικής #δολοφονία https://t.co/NBG…,rt lykavitosgr δολοφονια χρονου στη μανδρα στο περιβαλλον του θυματοσ αναζητουν το δραστη μανδρα_αττικησ δολοφονια,0
RT @LykavitosGr: Δολοφονία 17χρονου στη Μάνδρα: Στο περιβάλλον του θύματος αναζητούν το δράστη  #Μάνδρα_Αττικής #δολοφονία https://t.co/NBG…,rt lykavitosgr δολοφονια χρονου στη μανδρα στο περιβαλλον του θυματοσ αναζητουν το δραστη μανδρα_αττικησ δολοφονια,0
Βρετανία: Ο πρωθυπουργός επαινεί τον βασιλιά για τη διορατικότητά στην κλιματική αλλαγή – Ειδήσεις – νέα – Το Βήμα Online https://t.co/AYdpWgxZfk,βρετανια ο πρωθυπουργοσ επαινει τον βασιλια για τη διορατικοτητα στην κλιματικη αλλαγη ειδησεισ νεα το βημα online,0
“9/10 δράστες σεξουαλικής κακοποίησης από το περιβάλλον του παιδιού” @wwwflynewsgr https://t.co/jdNBXc9SZ6,δραστεσ σεξουαλικησ κακοποιησησ απο το περιβαλλον του παιδιου,0
“9/10 δράστες σεξουαλικής κακοποίησης από το περιβάλλον του παιδιού” @wwwflynewsgr https://t.co/jdNBXbSPX6,δραστεσ σεξουαλικησ κακοποιησησ απο το περιβαλλον του παιδιου,0
"Παιδιά νηπιαγωγείου πραγματοποίησαν σκυταλοδρομία για την κλιματική αλλαγή με φιλικά προς το περιβάλλον υλικά

https://t.co/ftNZTIJOqe",παιδια νηπιαγωγειου πραγματοποιησαν σκυταλοδρομια για την κλιματικη αλλαγη με φιλικα προσ το περιβαλλον υλικα,0
Ελληνικά αεροδρόμια: Η κλιματική αλλαγή αλλάζει όσα ξέραμε για τις πτήσεις https://t.co/lY2gds3psq,ελληνικα αεροδρομια η κλιματικη αλλαγη αλλαζει οσα ξεραμε για τισ πτησεισ,0
Welt: Ποιες είναι οι μη ρεαλιστικές προβλέψεις τρόμου για την κλιματική αλλαγή https://t.co/mitpTAQh08 #gntmgr #kaneotikoimasai #GiTisElias #Sasmos #Pagidevmenoi,welt ποιεσ ειναι οι μη ρεαλιστικεσ προβλεψεισ τρομου για την κλιματικη αλλαγη gntmgr kaneotikoimasai gitiselias sasmos pagidevmenoi,0
Αίγυπτος: Ξεκινά η COP27- Ο Πρόεδρος της Κύπρου παρουσιάζει πρωτοβουλία για την κλιματική αλλαγή https://t.co/CyV72K093d,αιγυπτοσ ξεκινα η cop ο προεδροσ τησ κυπρου παρουσιαζει πρωτοβουλια για την κλιματικη αλλαγη,0
Τι κοστίζει η κλιματική αλλαγή στη Γερμανία; https://t.co/tbprCwWJtG #GiTisElias #Pagidevmenoi #gntmgr #Sasmos #kaneotikoimasai,τι κοστιζει η κλιματικη αλλαγη στη γερμανια gitiselias pagidevmenoi gntmgr sasmos kaneotikoimasai,0
"RT @PIOcy: Ο Υπουργός Γεωργίας θα συμμετάσχει στη Διάσκεψη των Ηνωμένων Εθνών  για την Κλιματική Αλλαγή, στην Αίγυπτο    👉 https://t.co/5ZA…",rt piocy ο υπουργοσ γεωργιασ θα συμμετασχει στη διασκεψη των ηνωμενων εθνων για την κλιματικη αλλαγη στην αιγυπτο,0
"Πολύ Σημαντικό: Δείτε πώς να αντιμετωπίσετε την μόλυνση του εμβολίου από την τοξική ακίδα! 
Παρακαλώ, μοιραστείτε το θέμα με όσους από το περιβάλλον σας έχουν εμβολιαστεί…
ΣΩΣΤΕ ΕΣΤΩ ΚΑΙ ΜΙΑ ΖΩΗ…
https://t.co/798HOL06yW",πολυ σημαντικο δειτε πωσ να αντιμετωπισετε την μολυνση του εμβολιου απο την τοξικη ακιδα παρακαλω μοιραστειτε το θεμα με οσουσ απο το περιβαλλον σασ εχουν εμβολιαστει σωστε εστω και μια ζωη,0
[Κλικ και διαβάστε στο cnn] #Σύνοδος COP27: Εκατομμύρια άνθρωποι υποφέρουν από την κλιματική  #Αλλαγή https://t.co/bwJO9WLjo2,κλικ και διαβαστε στο cnn συνοδοσ cop εκατομμυρια ανθρωποι υποφερουν απο την κλιματικη αλλαγη,0
Qualco: Ανάμεσα στις εταιρείες με το καλύτερο εργασιακό περιβάλλον https://t.co/oSzzMHogsZ #businessnewsgr,qualco αναμεσα στισ εταιρειεσ με το καλυτερο εργασιακο περιβαλλον businessnewsgr,0
Το παιδί μένει στάσιμο στο «ασφαλές» περιβάλλον των προπονήσεων του ΟΑΚΑ https://t.co/o5Wko6ZqpZ,το παιδι μενει στασιμο στο ασφαλεσ περιβαλλον των προπονησεων του οακα,0
Την κυπριακή πρωτοβουλία για την κλιματική αλλαγή θα παρουσιάσει ο Πρόεδρος στην COP27 στο Σαρμ Ελ Σέιχ https://t.co/ocHh5q3Vwt,την κυπριακη πρωτοβουλια για την κλιματικη αλλαγη θα παρουσιασει ο προεδροσ στην cop στο σαρμ ελ σειχ,0
ΟΤΕ: Οι στρατηγικές προτεραιότητες για βιώσιμη ανάπτυξη https://t.co/b2HM8WMAau,οτε οι στρατηγικεσ προτεραιοτητεσ για βιωσιμη αναπτυξη,0
RT @LykavitosGr: Η Βιώσιμη Ανάπτυξη βασική προτεραιότητα για τον Όμιλο ΟΤΕ  #όμιλος_ΟΤΕ https://t.co/okIBNHrUhk,rt lykavitosgr η βιωσιμη αναπτυξη βασικη προτεραιοτητα για τον ομιλο οτε ομιλοσ_οτε,0
RT @LykavitosGr: Η Βιώσιμη Ανάπτυξη βασική προτεραιότητα για τον Όμιλο ΟΤΕ  #όμιλος_ΟΤΕ https://t.co/okIBNHrUhk,rt lykavitosgr η βιωσιμη αναπτυξη βασικη προτεραιοτητα για τον ομιλο οτε ομιλοσ_οτε,0
Ομιλος ΟΤΕ: Τέσσερις στρατηγικές προτεραιότητες για βιώσιμη ανάπτυξη https://t.co/Kifgspis9Z,ομιλοσ οτε τεσσερισ στρατηγικεσ προτεραιοτητεσ για βιωσιμη αναπτυξη,0
Οι προτάσεις του ομίλου ΟΤΕ για την βιώσιμη ανάπτυξη https://t.co/ZFF2PNhKHk #businessnewsgr,οι προτασεισ του ομιλου οτε για την βιωσιμη αναπτυξη businessnewsgr,0
RT @Moneypressgr: Μιχάλης Τσαμάζ: Βασική προτεραιότητα για τον Όμιλο ΟΤΕ η βιώσιμη ανάπτυξη  #moneypress https://t.co/7Vl8zosQId https://t.…,rt moneypressgr μιχαλησ τσαμαζ βασικη προτεραιοτητα για τον ομιλο οτε η βιωσιμη αναπτυξη moneypress,0
Μιχάλης Τσαμάζ: Βασική προτεραιότητα για τον Όμιλο ΟΤΕ η βιώσιμη ανάπτυξη  #moneypress https://t.co/7Vl8zosQId https://t.co/kUKOwBwu27,μιχαλησ τσαμαζ βασικη προτεραιοτητα για τον ομιλο οτε η βιωσιμη αναπτυξη moneypress,0
Ομιλος ΟΤΕ: Τέσσερις στρατηγικές προτεραιότητες για βιώσιμη ανάπτυξη https://t.co/6at9ldam73,ομιλοσ οτε τεσσερισ στρατηγικεσ προτεραιοτητεσ για βιωσιμη αναπτυξη,0
Το μέλλον στις ταχυμεταφορές είναι βιώσιμο https://t.co/WPO2ro6tzt,το μελλον στισ ταχυμεταφορεσ ειναι βιωσιμο,0
Μητσοτάκης: Η Ελλάδα θα εξάγει πράσινη ενέργεια https://t.co/Jj8XCiWNTm,μητσοτακησ η ελλαδα θα εξαγει πρασινη ενεργεια,0
Διαδικτυακό εργαστήρι από τον ΣΘΕΒ με θέμα: «Εργαλεία οικονομικής ενίσχυσης των επιχειρήσεων από την Ε.Ε. για τη μετάβαση στην κυκλική οικονομία και τη βιώσιμη ανάπτυξη» https://t.co/OD1iOjJJWq,διαδικτυακο εργαστηρι απο τον σθεβ με θεμα εργαλεια οικονομικησ ενισχυσησ των επιχειρησεων απο την εε για τη μεταβαση στην κυκλικη οικονομια και τη βιωσιμη αναπτυξη,0
Η Βιώσιμη Ανάπτυξη βασική προτεραιότητα για τον Όμιλο ΟΤΕ https://t.co/74A98sCD0x #Pagidevmenoi #kaneotikoimasai #gntmgr #Sasmos #GiTisElias,η βιωσιμη αναπτυξη βασικη προτεραιοτητα για τον ομιλο οτε pagidevmenoi kaneotikoimasai gntmgr sasmos gitiselias,0
Πραγματοποιήθηκε η ημερίδα για τα Αρωματικά και Φαρμακευτικά φυτά στην Κοινότητα Βασιλικών στα πλαίσια της Δια Βίου Εκπαίδευσης https://t.co/MKvonwgoGz #ΒΑΣΙΛΙΚΑ #ΕΚΠΑΙΔΕΥΣΗ #ΠΕΡΙΒΑΛΛΟΝ https://t.co/y4MGdr9Nc7,πραγματοποιηθηκε η ημεριδα για τα αρωματικα και φαρμακευτικα φυτα στην κοινοτητα βασιλικων στα πλαισια τησ δια βιου εκπαιδευσησ βασιλικα εκπαιδευση περιβαλλον,0
"Ο εφιάλτης της παιδικής κακοποίησης στην Ελλάδα
Σύμφωνα με τα στοιχεία που αποτυπώνονται στο γράφημα, 9 στους 10 θύτες βρίσκονται στο στενό οικογενειακό, συγγενικό ή φιλικό περιβάλλον του παιδιού 
https://t.co/CiMWOvNUuH https://t.co/pmUbZZ63wa",ο εφιαλτησ τησ παιδικησ κακοποιησησ στην ελλαδα συμφωνα με τα στοιχεια που αποτυπωνονται στο γραφημα στουσ θυτεσ βρισκονται στο στενο οικογενειακο συγγενικο η φιλικο περιβαλλον του παιδιου,0
"RT @KostasSkrekas: Στην παρουσίαση του καλωδίου GREGY Interconnector, στο πλαίσιο της 27ης Διάσκεψης των Ηνωμένων Εθνών για την Κλιματική Α…",rt kostasskrekas στην παρουσιαση του καλωδιου gregy interconnector στο πλαισιο τησ ησ διασκεψησ των ηνωμενων εθνων για την κλιματικη α,0
Οι επόμενες κινήσεις του ΟΤΕ για βιώσιμη ανάπτυξη https://t.co/i7P455RF0b,οι επομενεσ κινησεισ του οτε για βιωσιμη αναπτυξη,0
"RT @Vkikilias: 1η μέρα στην #WTMLDN 
•Πάνω από 3εκ Βρετανοί επισκέπτες στη χώρα μας το 2022.
•Νέες πτήσεις σε καινούργιους προορισμούς 🇬🇷 α…",rt vkikilias η μερα στην wtmldn πανω απο εκ βρετανοι επισκεπτεσ στη χωρα μασ το νεεσ πτησεισ σε καινουργιουσ προορισμουσ α,0
"RT @sfairika: Skinny Fox: Σύγχρονο περιβάλλον με ρομαντικές πινελιές και ατμόσφαιρα γαλλικού bistrot
 https://t.co/yGILOunNRp",rt sfairika skinny fox συγχρονο περιβαλλον με ρομαντικεσ πινελιεσ και ατμοσφαιρα γαλλικου bistrot,0
Οι επόμενες κινήσεις του ΟΤΕ για βιώσιμη ανάπτυξη https://t.co/zJakxTph0B,οι επομενεσ κινησεισ του οτε για βιωσιμη αναπτυξη,0
Κικίλιας για Common Seas: H Ελλάδα στην πρωτοπορία της Ευρώπης για τον βιώσιμο τουρισμό https://t.co/HW4GRrcZoC,κικιλιασ για common seas h ελλαδα στην πρωτοπορια τησ ευρωπησ για τον βιωσιμο τουρισμο,0
Κλιματική κρίση: «Η ΕΕ είναι στο σωστό δρόμο» λέει η Ούρσουλα Φον Ντερ Λάιεν https://t.co/CHE9QdlXXs,κλιματικη κριση η εε ειναι στο σωστο δρομο λεει η ουρσουλα φον ντερ λαιεν,0
Κικίλιας: H Ελλάδα στην πρωτοπορία της Ευρώπης για τον βιώσιμο τουρισμό https://t.co/t5bUwXxnk6 #businessnewsgr,κικιλιασ h ελλαδα στην πρωτοπορια τησ ευρωπησ για τον βιωσιμο τουρισμο businessnewsgr,0
"COP27: «Έργα, όχι λόγια» το μήνυμα των νέων στους παγκόσμιους ηγέτες για το περιβάλλον https://t.co/Zd04EsSKZl #businessnewsgr",cop εργα οχι λογια το μηνυμα των νεων στουσ παγκοσμιουσ ηγετεσ για το περιβαλλον businessnewsgr,0
Παρέμβαση του Πρωθυπουργού Κυριάκου Μητσοτάκη στο πλαίσιο της συνόδου της 27ης Διάσκεψης των Μερών της Σύμβασης του ΟΗΕ για την Κλιματική Αλλαγή (COP27) https://t.co/gRSfJMAzad https://t.co/KxLyRSbTvo,παρεμβαση του πρωθυπουργου κυριακου μητσοτακη στο πλαισιο τησ συνοδου τησ ησ διασκεψησ των μερων τησ συμβασησ του οηε για την κλιματικη αλλαγη cop,0
Συμμετοχή του Πρωθυπουργού Κυριάκου Μητσοτάκη στη σύνοδο της 27ης Διάσκεψης των Μερών της Σύμβασης του ΟΗΕ για την Κλιματική Αλλαγή (COP27) https://t.co/4mgigthA7o https://t.co/3Ch5CM8Sz0,συμμετοχη του πρωθυπουργου κυριακου μητσοτακη στη συνοδο τησ ησ διασκεψησ των μερων τησ συμβασησ του οηε για την κλιματικη αλλαγη cop,0
Παρέμβαση του Κ. Μητσοτάκη στο πλαίσιο της συνόδου της 27ης Διάσκεψης των Μερών της Σύμβασης του ΟΗΕ για την Κλιματική Αλλαγή (COP27) https://t.co/lBADbYdnIg,παρεμβαση του κ μητσοτακη στο πλαισιο τησ συνοδου τησ ησ διασκεψησ των μερων τησ συμβασησ του οηε για την κλιματικη αλλαγη cop,0
"COP27: «Έργα, όχι λόγια» το μήνυμα των νέων στους παγκόσμιους ηγέτες για το περιβάλλον https://t.co/PED0XYBHG9",cop εργα οχι λογια το μηνυμα των νεων στουσ παγκοσμιουσ ηγετεσ για το περιβαλλον,0
"Βασίλης Κικίλιας για συμφωνία με Common Seas: ""H Ελλάδα στην πρωτοπορία της Ευρώπης για τον βιώσιμο τουρισμό"" https://t.co/ks2Qz98wG3 https://t.co/gGXIgJtIxV",βασιλησ κικιλιασ για συμφωνια με common seas h ελλαδα στην πρωτοπορια τησ ευρωπησ για τον βιωσιμο τουρισμο,0
Βασίλης Κικίλιας για συμφωνία με Common Seas: “H Ελλάδα στην πρωτοπορία της Ευρώπης για τον βιώσιμο τουρισμό” - https://t.co/H0lA9DYL8y,βασιλησ κικιλιασ για συμφωνια με common seas h ελλαδα στην πρωτοπορια τησ ευρωπησ για τον βιωσιμο τουρισμο,0
"Evia Film Project, η πρώτη βιώσιμη κινηματογραφική δράση του Φεστιβάλ Θεσσαλονίκης https://t.co/vjIebEiSNv #businessnewsgr",evia film project η πρωτη βιωσιμη κινηματογραφικη δραση του φεστιβαλ θεσσαλονικησ businessnewsgr,0
Χρ. Σταϊκούρας - COP27: Σημαντικές προκλήσεις για τους κρατικούς προϋπολογισμούς δημιουργεί η κλιματική αλλαγή - https://t.co/eiOPQNARjS https://t.co/25mXTkGE1q #Σταϊκουρας,χρ σταϊκουρασ cop σημαντικεσ προκλησεισ για τουσ κρατικουσ προϋπολογισμουσ δημιουργει η κλιματικη αλλαγη σταϊκουρασ,0
"Χρ. Σταϊκούρας: Αναγνωρίζουμε στην ΕΕ την ανάγκη ρεαλιστικών κανόνων, που θα διασφαλίζουν βιώσιμη οικονομική μεγέθυνση

https://t.co/ZjtgKZMRL8",χρ σταϊκουρασ αναγνωριζουμε στην εε την αναγκη ρεαλιστικων κανονων που θα διασφαλιζουν βιωσιμη οικονομικη μεγεθυνση,0
Ξεκινούν σήμερα οι σεισμικές έρευνες σε Κρήτη και Πελοπόννησο – Αυστηρό πλαίσιο για το περιβάλλον ... https://t.co/jsgbOOk2bw,ξεκινουν σημερα οι σεισμικεσ ερευνεσ σε κρητη και πελοποννησο αυστηρο πλαισιο για το περιβαλλον,0
Σταϊκούρας: Σημαντικές προκλήσεις για τον δημοσιονομικό σχεδιασμό η κλιματική αλλαγή https://t.co/lRS0qp6776,σταϊκουρασ σημαντικεσ προκλησεισ για τον δημοσιονομικο σχεδιασμο η κλιματικη αλλαγη,0
"Χρ. Σταϊκούρας: Σημαντικές προκλήσεις για τους κρατικούς προϋπολογισμούς δημιουργεί η κλιματική αλλαγή

https://t.co/pQU3fibg3c",χρ σταϊκουρασ σημαντικεσ προκλησεισ για τουσ κρατικουσ προϋπολογισμουσ δημιουργει η κλιματικη αλλαγη,0
"RT @maras_mode: Βραζιλία 🇧🇷 👀
Η δημοσιογραφος Vanessa Medeiros λυποθυμησε - Ξαφνικιτιδα-ενώ έκανε ρεπορτάζ live στην TV. Ένα από τα εκατομμ…",rt maras_mode βραζιλια η δημοσιογραφοσ vanessa medeiros λυποθυμησε ξαφνικιτιδαενω εκανε ρεπορταζ live στην tv ενα απο τα εκατομμ,0
Γιατί η κλιματική κρίση αφορά τις τράπεζες https://t.co/VVkNLyLR7M,γιατι η κλιματικη κριση αφορα τισ τραπεζεσ,0
Οι προκλήσεις των CEOs στο νέο περιβάλλον βρέθηκαν στο επίκεντρο του CEO Initiative 2022 https://t.co/gPlvhFP9lP #businessnewsgr,οι προκλησεισ των ceos στο νεο περιβαλλον βρεθηκαν στο επικεντρο του ceo initiative businessnewsgr,0
Κλιματική αλλαγή: Το ίδιο φονική με τον καρκίνο ή φονικότερη από τον Covid; | Ειδήσεις – νέα – Το Βήμα Online https://t.co/1wolMrEYwQ,κλιματικη αλλαγη το ιδιο φονικη με τον καρκινο η φονικοτερη απο τον covid ειδησεισ νεα το βημα online,0
Η ΡΟΔΟΠΗ σέβεται το περιβάλλον. Υιοθετούμε plant based συσκευασίες με μη αποσπώμενο καπάκι! https://t.co/kjXGBRaflQ,η ροδοπη σεβεται το περιβαλλον υιοθετουμε plant based συσκευασιεσ με μη αποσπωμενο καπακι,0
Η ΡΟΔΟΠΗ σέβεται το περιβάλλον. Υιοθετούμε plant based συσκευασίες με μη αποσπώμενο καπάκι! https://t.co/kjXGBQSDXg,η ροδοπη σεβεται το περιβαλλον υιοθετουμε plant based συσκευασιεσ με μη αποσπωμενο καπακι,0
RT @TheOpinion_News: Έρχεται η 1η Διεθνή Έκθεση για την Κυκλική Οικονομία “FORWARD GREEN” στη Θεσσαλονίκη https://t.co/yuRtxDQmhQ #Thessalo…,rt theopinion_news ερχεται η η διεθνη εκθεση για την κυκλικη οικονομια forward green στη θεσσαλονικη thessalo,0
Λισαβόνα: Διαδηλωτές οργισμένοι για την κλιματική κρίση εισέβαλαν σε κτίριο που μιλούσε ο υπουργός Οικονομικών https://t.co/kxcltRdAX6,λισαβονα διαδηλωτεσ οργισμενοι για την κλιματικη κριση εισεβαλαν σε κτιριο που μιλουσε ο υπουργοσ οικονομικων,0
"RT @Neossos: Αν αποκαλυφθεί ότι παρακολουθείτο η Πρόεδρος της Δημοκρατίας ή το περιβάλλον της, θα κάνει άραγε κάποια σχετική δήλωση η Πρόεδ…",rt neossos αν αποκαλυφθει οτι παρακολουθειτο η προεδροσ τησ δημοκρατιασ η το περιβαλλον τησ θα κανει αραγε καποια σχετικη δηλωση η προεδ,0
Τριμερής συνεργασία Ν. Κορέας - Κίνας - Ιαπωνίας για την ασφάλεια έναντι της Β. Κορέας και την κλιματική αλλαγή https://t.co/wM7YmmLW8G,τριμερησ συνεργασια ν κορεασ κινασ ιαπωνιασ για την ασφαλεια εναντι τησ β κορεασ και την κλιματικη αλλαγη,0
"Η κλιματική αλλαγή είναι ένας επικίνδυνος μύθος, μια απάτη, μια φάρσα και στηρίζεται σε διάτρητα επιστημονικά στοιχεία https://t.co/eMIyD9JVP0",η κλιματικη αλλαγη ειναι ενασ επικινδυνοσ μυθοσ μια απατη μια φαρσα και στηριζεται σε διατρητα επιστημονικα στοιχεια,0
"Η κλιματική αλλαγή είναι ένας επικίνδυνος μύθος, μια απάτη, μια φάρσα και στηρίζεται σε διάτρητα επιστημονικά στοιχεία https://t.co/Ef9dGWjpqq",η κλιματικη αλλαγη ειναι ενασ επικινδυνοσ μυθοσ μια απατη μια φαρσα και στηριζεται σε διατρητα επιστημονικα στοιχεια,0
Παπαθανάσης: Προτεραιότητα η πράσινη και βιώσιμη ανάπτυξη των νησιών #Δημοκρατική #Ρόδος #Δωδεκάνησα https://t.co/gnP8HUy3s8,παπαθανασησ προτεραιοτητα η πρασινη και βιωσιμη αναπτυξη των νησιων δημοκρατικη ροδοσ δωδεκανησα,0
Παπαθανάσης: Προτεραιότητα η πράσινη και βιώσιμη ανάπτυξη των νησιών https://t.co/E4WU1adbPk #businessnewsgr,παπαθανασησ προτεραιοτητα η πρασινη και βιωσιμη αναπτυξη των νησιων businessnewsgr,0
Παπαθανάσης: Προτεραιότητα η πράσινη και βιώσιμη ανάπτυξη των νησιών μέσω της πρωτοβουλίας GR-eco Islands https://t.co/JcjVoxYawK,παπαθανασησ προτεραιοτητα η πρασινη και βιωσιμη αναπτυξη των νησιων μεσω τησ πρωτοβουλιασ greco islands,0
Παπαθανάσης: Προτεραιότητα η πράσινη και βιώσιμη ανάπτυξη των νησιών https://t.co/32MF4eKY0n,παπαθανασησ προτεραιοτητα η πρασινη και βιωσιμη αναπτυξη των νησιων,0
Οι προτάσεις ΣΕΒ για τη Βιώσιμη Ανάπτυξη https://t.co/NL5FanmnUL,οι προτασεισ σεβ για τη βιωσιμη αναπτυξη,0
RT @Moneypressgr: ΣΕΒ: 9 προτάσεις για τη Βιώσιμη Ανάπτυξη για ταχύτερη και δικαιότερη πράσινη μ...  #moneypress https://t.co/IKkP9cjmDU ht…,rt moneypressgr σεβ προτασεισ για τη βιωσιμη αναπτυξη για ταχυτερη και δικαιοτερη πρασινη μ moneypress ht,0
ΣΕΒ: 9 προτάσεις για τη Βιώσιμη Ανάπτυξη για ταχύτερη και δικαιότερη πράσινη μ...  #moneypress https://t.co/IKkP9cjmDU https://t.co/d3blFXlRg7,σεβ προτασεισ για τη βιωσιμη αναπτυξη για ταχυτερη και δικαιοτερη πρασινη μ moneypress,0
[Κλικ και διαβάστε στο cnn]Κλιματική  #Αλλαγή: Είναι η δενδροφύτευση η λύση για να σωθεί ο πλανήτης; https://t.co/5U9vWPXXGs,κλικ και διαβαστε στο cnnκλιματικη αλλαγη ειναι η δενδροφυτευση η λυση για να σωθει ο πλανητησ,0
Η Έλενα Κουντουρά ομιλήτρια σε εκδήλωση της COP27 για τον βιώσιμο τουρισμό https://t.co/Ol582T7Jyo #elenakoyntoyra,η ελενα κουντουρα ομιλητρια σε εκδηλωση τησ cop για τον βιωσιμο τουρισμο elenakoyntoyra,0
Οι τροχοί του POWERSPIN γυρίζουν σε ψηφιακό περιβάλλον - https://t.co/g292LrtQBZ https://t.co/6WSfmGwPqi,οι τροχοι του powerspin γυριζουν σε ψηφιακο περιβαλλον,0
"💬🎬Οι θεσμικές αλλαγές που θεμελιώνουν ένα εγχώριο ακμάζον ο/α περιβάλλον καταγράφονται στη συνέντευξη του Προέδρου &amp; Δ/ντος Συμβούλου #ΕΚΟΜΕ .@panoskouanis στο .@tv100thess, στο πλαίσιο του 63ου .@filmfestivalgr.

Δείτε την εδώ 👇
https://t.co/QsGwWCgdK9

#tiff63 #studiogreece",οι θεσμικεσ αλλαγεσ που θεμελιωνουν ενα εγχωριο ακμαζον οα περιβαλλον καταγραφονται στη συνεντευξη του προεδρου amp δντοσ συμβουλου εκομε panoskouanis στο tvthess στο πλαισιο του ου filmfestivalgr δειτε την εδω tiff studiogreece,0
"RT @HrissyD: Συγνώμη επειδή δεν έχω καταλάβει.
Πετάνε μπογιές σε πίνακες γιατί καταστρέφουμε το περιβάλλον;
Γιατί δεν πάνε να μαζέψουν σκου…",rt hrissyd συγνωμη επειδη δεν εχω καταλαβει πετανε μπογιεσ σε πινακεσ γιατι καταστρεφουμε το περιβαλλον γιατι δεν πανε να μαζεψουν σκου,0
"RT @eydapgr: Ο Αναπληρωτής CEO της #ΕΥΔΑΠ Αναστάσιος Τόσιος ήταν μεταξύ των ομιλητών στο “Renewable &amp; Storage Forum”, που έγινε 20-21/10 απ…",rt eydapgr ο αναπληρωτησ ceo τησ ευδαπ αναστασιοσ τοσιοσ ηταν μεταξυ των ομιλητων στο renewable amp storage forum που εγινε απ,0
Σύνοδος κορυφής | Ο τουρισμός μπορεί να αποτελέσει λύση για την κλιματική κρίση και τη δημιουργία θέσεων εργασίας https://t.co/sqqyetPvbq,συνοδοσ κορυφησ ο τουρισμοσ μπορει να αποτελεσει λυση για την κλιματικη κριση και τη δημιουργια θεσεων εργασιασ,0
Ημερίδα με θέμα: Κυκλική Οικονομία &amp; Διαχείριση Απορριμμάτων (LIVE) - Πελοποννησιακό Πρακτορείο Ειδήσεων https://t.co/rMGsPYtFyR,ημεριδα με θεμα κυκλικη οικονομια amp διαχειριση απορριμματων live πελοποννησιακο πρακτορειο ειδησεων,0
ΔΗΜΟΠ Κέρκυρας: Διαδραστική παράσταση για την αλληλεπίδραση της Υγείας με το περιβάλλον. https://t.co/YdCnITxhHO,δημοπ κερκυρασ διαδραστικη παρασταση για την αλληλεπιδραση τησ υγειασ με το περιβαλλον,0
ΔΗΜΟΠ Κέρκυρας: Διαδραστική παράσταση για την αλληλεπίδραση της Υγείας με το περιβάλλον - https://t.co/Pk2cagrobV,δημοπ κερκυρασ διαδραστικη παρασταση για την αλληλεπιδραση τησ υγειασ με το περιβαλλον,0
«Στα 18 μου πήγε να με βιάσει άνθρωπος από το οικείο μου περιβάλλον» https://t.co/4YzINzjduM,στα μου πηγε να με βιασει ανθρωποσ απο το οικειο μου περιβαλλον,0
Ομιλος ΟΤΕ: Δράσεις και πρωτοβουλίες για τη βιώσιμη ανάπτυξη https://t.co/V8NTIKKAPF #businessnewsgr,ομιλοσ οτε δρασεισ και πρωτοβουλιεσ για τη βιωσιμη αναπτυξη businessnewsgr,0
"RT @EvangAntonaros: Ένας από τους 3 πρώην προέδρους της Νέας Δημοκρατίας είπε πρόσφατα σε στενό φιλικό του περιβάλλον: ""Εγώ με δαύτον στον…",rt evangantonaros ενασ απο τουσ πρωην προεδρουσ τησ νεασ δημοκρατιασ ειπε προσφατα σε στενο φιλικο του περιβαλλον εγω με δαυτον στον,0
9 συμβουλές για να δημιουργήσετε το ιδανικό περιβάλλον στην κρεβατοκάμαρά σας https://t.co/ltXzLfpJ2a,συμβουλεσ για να δημιουργησετε το ιδανικο περιβαλλον στην κρεβατοκαμαρα σασ,0
«Βραχνάς» για τους μυδοκαλλιεργητές του Θερμαϊκού Κόλπου οι θαλάσσιες φούσκες   - https://t.co/eiOPQNT0y0 https://t.co/he91Augc8k #Ημερίδα #Θαλάσσιες_Φούσκες #Θερμαϊκός_Κόλπος #Θεσσαλονίκη #Κλιματική_Κρίση #Μυδοκαλλιέργεια #Μυδοκαλλιεργητές,βραχνασ για τουσ μυδοκαλλιεργητεσ του θερμαϊκου κολπου οι θαλασσιεσ φουσκεσ ημεριδα θαλασσιεσ_φουσκεσ θερμαϊκοσ_κολποσ θεσσαλονικη κλιματικη_κριση μυδοκαλλιεργεια μυδοκαλλιεργητεσ,0
Κλιματική Αλλαγή: Η Τουβαλού πριν χαθεί μετακομίζει στο metaverse | Ειδήσεις – νέα – Το Βήμα Online https://t.co/1e2f77q74E,κλιματικη αλλαγη η τουβαλου πριν χαθει μετακομιζει στο metaverse ειδησεισ νεα το βημα online,0
έμφαση σε αυτούς που απορρέουν από το μακροοικονομικό περιβάλλον και έχουν άμεσο αντίκτυπο στον καθορισμό της στρατηγικής.,εμφαση σε αυτουσ που απορρεουν απο το μακροοικονομικο περιβαλλον και εχουν αμεσο αντικτυπο στον καθορισμο τησ στρατηγικησ,0
5 νέες ανακαλύψεις για την κλιματική αλλαγή που διαμορφώνουν τους τρόπους αντιμετώπισης στο μέλλον https://t.co/JOC362cjGL,νεεσ ανακαλυψεισ για την κλιματικη αλλαγη που διαμορφωνουν τουσ τροπουσ αντιμετωπισησ στο μελλον,0
"Οι Δελφοί επίκεντρο του διεθνούς διαλόγου για την προστασία της πολιτιστικής και φυσικής κληρονομιάς
Οι σύνθετες προκλήσεις σε ό,τι αφορά την προστασία της πολιτιστικής και φυσικής κληρονομιάς από την κλιματική κρίση και τον υπερτουρισμό, αποτελούν τα βασι
https://t.co/ajChcWVPl1",οι δελφοι επικεντρο του διεθνουσ διαλογου για την προστασια τησ πολιτιστικησ και φυσικησ κληρονομιασ οι συνθετεσ προκλησεισ σε οτι αφορα την προστασια τησ πολιτιστικησ και φυσικησ κληρονομιασ απο την κλιματικη κριση και τον υπερτουρισμο αποτελουν τα βασι,0
"Γιάννης Κότσιρας: Έχανα τους φίλους μου, έχανα το περιβάλλον μου, έχανα τα πάντα https://t.co/6NNYjImbVB",γιαννησ κοτσιρασ εχανα τουσ φιλουσ μου εχανα το περιβαλλον μου εχανα τα παντα,0
"RT @HellenicOlympic: Η ΕΟΕ με την Αλεξάνδρα Πάλλη μετείχε σε διεθνείς συναντήσεις κορυφής στην Πράγα και το Λονδίνο για το περιβάλλον
👉 htt…",rt hellenicolympic η εοε με την αλεξανδρα παλλη μετειχε σε διεθνεισ συναντησεισ κορυφησ στην πραγα και το λονδινο για το περιβαλλον htt,0
Δήμος Λυκόβρυσης-Πεύκης: Ψεκασμός κατά της κάμπιας των πεύκων￼ https://t.co/ZecAdSWi8x,δημοσ λυκοβρυσησπευκησ ψεκασμοσ κατα τησ καμπιασ των πευκων,0
Με επιτυχία ολοκληρώθηκε η διαδικτυακή εκδήλωση ΣΘΕΒ και Δικτύου ΠΡΑΞΗ για την κυκλική οικονομία και τη βιώσιμη ανάπτυξη - LarissaPress https://t.co/f6VHSNUQB3,με επιτυχια ολοκληρωθηκε η διαδικτυακη εκδηλωση σθεβ και δικτυου πραξη για την κυκλικη οικονομια και τη βιωσιμη αναπτυξη larissapress,0
Hyundai – Δίνει το παρών στο παγκόσμιο κύπελλο ποδοσφαίρου με φιλικά προς το περιβάλλον οχήματα https://t.co/QzSB0HNo1m,hyundai δινει το παρων στο παγκοσμιο κυπελλο ποδοσφαιρου με φιλικα προσ το περιβαλλον οχηματα,0
COP27: Νέοι αναπτύσσουν ψηφιακές λύσεις για να αντιμετωπίσουν την κλιματική αλλαγή https://t.co/gFPllh7bIJ #Sasmos #Pagidevmenoi #gntmgr #kaneotikoimasai #GiTisElias,cop νεοι αναπτυσσουν ψηφιακεσ λυσεισ για να αντιμετωπισουν την κλιματικη αλλαγη sasmos pagidevmenoi gntmgr kaneotikoimasai gitiselias,0
[Κλικ και διαβάστε στο cnn]11ο Πανελλήνιο  #Συνέδριο Ασθενών: Ανάγκη για ένα προσβάσιμο και βιώσιμο σύστημα υγείας https://t.co/tzBhra07mH,κλικ και διαβαστε στο cnnο πανελληνιο συνεδριο ασθενων αναγκη για ενα προσβασιμο και βιωσιμο συστημα υγειασ,0
11ο Πανελλήνιο Συνέδριο Ασθενών: Ανάγκη για ένα προσβάσιμο και βιώσιμο σύστημα υγείας - https://t.co/4SA1DHbm9y https://t.co/UHs1X4LCel,ο πανελληνιο συνεδριο ασθενων αναγκη για ενα προσβασιμο και βιωσιμο συστημα υγειασ,0
ΦΤΑΙΕΙ Η ΚΛΙΜΑΤΙΚΗ ΑΛΛΑΓΗ...ΡΕ ΨΕΚΙΑ.... https://t.co/wgTAhQH7CI,φταιει η κλιματικη αλλαγηρε ψεκια,0
Forward Green: 1η Διεθνής Έκθεση για την Κυκλική Οικονομία - https://t.co/eiOPQNSsIs https://t.co/AVnWShby9P #1ηΔιεθνήςΈκθεση #ΚυκλικήΟικονομία #ForwardGreen,forward green η διεθνησ εκθεση για την κυκλικη οικονομια ηδιεθνησεκθεση κυκλικηοικονομια forwardgreen,0
"ΕΙΔΙΚΟ ΘΕΜΑ
Η τσέπη του αγρότη και το περιβάλλον στους ορυζώνες της δυτικής Θεσσαλονίκης, μεγάλοι κερδισμένοι από την Γεωργία Ακριβείας 

https://t.co/A3njoqSa4i https://t.co/VLZOMWpFqc",ειδικο θεμα η τσεπη του αγροτη και το περιβαλλον στουσ ορυζωνεσ τησ δυτικησ θεσσαλονικησ μεγαλοι κερδισμενοι απο την γεωργια ακριβειασ,0
Μουσείο Τσιτσάνη: Βιωματικό σεμινάριο για εκπαιδευτικούς για την κλιματική αλλαγή στα πολιτιστικά αγαθά https://t.co/I0YddJyqUr,μουσειο τσιτσανη βιωματικο σεμιναριο για εκπαιδευτικουσ για την κλιματικη αλλαγη στα πολιτιστικα αγαθα,0
"Σακελλαροπούλου: Ας δώσουμε σε όλα τα παιδιά μια οικογένεια, ένα περιβάλλον αγάπης και φροντίδας https://t.co/nJD8UJpL3s",σακελλαροπουλου ασ δωσουμε σε ολα τα παιδια μια οικογενεια ενα περιβαλλον αγαπησ και φροντιδασ,0
"Σακελλαροπούλου: Ας δώσουμε σε όλα τα παιδιά μια οικογένεια, ένα περιβάλλον αγάπης και φροντίδας - https://t.co/OtZ9qAla4I https://t.co/qImFjOL0Ct",σακελλαροπουλου ασ δωσουμε σε ολα τα παιδια μια οικογενεια ενα περιβαλλον αγαπησ και φροντιδασ,0
"Κ. Σακελλαροπούλου: Ας δώσουμε σε όλα τα παιδιά μια οικογένεια, ένα περιβάλλον αγάπης και φροντίδας μέσα στο οποίο θα ανθίσουν https://t.co/9qmE4CO9fL",κ σακελλαροπουλου ασ δωσουμε σε ολα τα παιδια μια οικογενεια ενα περιβαλλον αγαπησ και φροντιδασ μεσα στο οποιο θα ανθισουν,0
"Νέβες: Έχουμε ένα εντυπωσιακό περιβάλλον, ο Ρονάλντο είναι σε εξαιρετική φόρμα #athlosnews #ΑΘΛΟΣ https://t.co/6pk8nHX9tP",νεβεσ εχουμε ενα εντυπωσιακο περιβαλλον ο ροναλντο ειναι σε εξαιρετικη φορμα athlosnews αθλος,0
"Σακελλαροπούλου: Να δώσουμε σε όλα τα παιδιά μια οικογένεια, ένα περιβάλλον αγάπης και φροντίδας https://t.co/gOmshnnxlJ",σακελλαροπουλου να δωσουμε σε ολα τα παιδια μια οικογενεια ενα περιβαλλον αγαπησ και φροντιδασ,0
[Κλικ και διαβάστε στο Real News] #Κατερίνα  #Σακελλαρόπουλου: Ας δώσουμε σε όλα τα παιδιά ένα περιβάλλον αγάπης και φροντίδας μέσα στο οποίο θ https://t.co/kdY3YbTYDP,κλικ και διαβαστε στο real news κατερινα σακελλαροπουλου ασ δωσουμε σε ολα τα παιδια ενα περιβαλλον αγαπησ και φροντιδασ μεσα στο οποιο θ,0
[Κλικ και διαβάστε στο Real News] #Κατερίνα  #Σακελλαρόπουλου: Ας δώσουμε σε όλα τα παιδιά ένα περιβάλλον αγάπης και φροντίδας μέσα στο οποίο θ https://t.co/kdY3YbTqOh,κλικ και διαβαστε στο real news κατερινα σακελλαροπουλου ασ δωσουμε σε ολα τα παιδια ενα περιβαλλον αγαπησ και φροντιδασ μεσα στο οποιο θ,0
"Σακελλαροπούλου: Να δώσουμε σε όλα τα παιδιά μια οικογένεια, ένα περιβάλλον αγάπης και φροντίδας--https://t.co/PlHg9Mggw5",σακελλαροπουλου να δωσουμε σε ολα τα παιδια μια οικογενεια ενα περιβαλλον αγαπησ και φροντιδασ,0
".@PresidencyGR: 
«Ας δώσουμε σε όλα τα παιδιά μια οικογένεια, ένα περιβάλλον αγάπης και φροντίδας μέσα στο οποίο θα ανθίσουν»

https://t.co/EImvSmsnoN https://t.co/PqjFrpire4",presidencygr ασ δωσουμε σε ολα τα παιδια μια οικογενεια ενα περιβαλλον αγαπησ και φροντιδασ μεσα στο οποιο θα ανθισουν,0
Εναρκτήρια εκδήλωση έργου «Υποστήριξη του Υπουργείου Κλιματικής Κρίσης και Πολιτικής Προστασίας για το Συντονισμό Δράσεων Προετοιμασίας και Κινητοποίησης για την Αντιμετώπιση Καταστάσεων Έκτακτης Ανάγκης και Προσαρμογής στην Κλιματική Αλλαγή» https://t.co/30WXi4hObi https://t.co/xMW321HgK8,εναρκτηρια εκδηλωση εργου υποστηριξη του υπουργειου κλιματικησ κρισησ και πολιτικησ προστασιασ για το συντονισμο δρασεων προετοιμασιασ και κινητοποιησησ για την αντιμετωπιση καταστασεων εκτακτησ αναγκησ και προσαρμογησ στην κλιματικη αλλαγη,0
Σακελλαροπούλου: Ας δώσουμε σε όλα τα παιδιά ένα περιβάλλον αγάπης και φροντίδας https://t.co/AeosGiC3n9 #GiTisElias #gntmgr #Sasmos #kaneotikoimasai #Pagidevmenoi,σακελλαροπουλου ασ δωσουμε σε ολα τα παιδια ενα περιβαλλον αγαπησ και φροντιδασ gitiselias gntmgr sasmos kaneotikoimasai pagidevmenoi,0
"🔐 Δεν βλέπεις λύσεις; Δημιούργησε ένα περιβάλλον απόλυτης ησυχίας για να αφουγκραστείς το Σύμπαν!
@AngeloLabrou #ΠροσωπικήΑνάπτυξη #Αυτοβελτίωση #ευτυχία #επιτυχία #inspresso",δεν βλεπεισ λυσεισ δημιουργησε ενα περιβαλλον απολυτησ ησυχιασ για να αφουγκραστεισ το συμπαν angelolabrou προσωπικηαναπτυξη αυτοβελτιωση ευτυχια επιτυχια inspresso,0
5th Athens Investment Forum: Ανοίγει η αυλαία για το κορυφαίο Συνέδριο του ελληνικού επιχειρείν με επίκεντρο τη βιώσιμη ανάπτυξη και τον ψηφιακό μετασχηματισμό https://t.co/y6UWj5qCuw,th athens investment forum ανοιγει η αυλαια για το κορυφαιο συνεδριο του ελληνικου επιχειρειν με επικεντρο τη βιωσιμη αναπτυξη και τον ψηφιακο μετασχηματισμο,0
"Επιτροπή Πρέβεζα, Ιστορία – Πολιτισμός – Περιβάλλον: Πολυσπόρια https://t.co/nZrN7re0YY https://t.co/zMrJHlVhzR",επιτροπη πρεβεζα ιστορια πολιτισμοσ περιβαλλον πολυσπορια,0
MYTILINEOS: Φέρνοντας τη Βιώσιμη Ανάπτυξη στο πλευρό της ελληνικής κοινωνίας https://t.co/Og2EftRPrB,mytilineos φερνοντασ τη βιωσιμη αναπτυξη στο πλευρο τησ ελληνικησ κοινωνιασ,0
"Το «Μικρό Χωριό» της Ευρυτανίας είναι ένα στολίδι μέσα στο ελατοδάσος - Η φύση έχει δημιουργήσει ένα μοναδικό σκηνικό και τα σπίτια μοιάζουν τόσο αρμονικά τοποθετημένα στο φυσικό περιβάλλον
#καρπενησι https://t.co/v7f4m2zBlb",το μικρο χωριο τησ ευρυτανιασ ειναι ενα στολιδι μεσα στο ελατοδασοσ η φυση εχει δημιουργησει ενα μοναδικο σκηνικο και τα σπιτια μοιαζουν τοσο αρμονικα τοποθετημενα στο φυσικο περιβαλλον καρπενησι,0
COP27: Νέοι αναπτύσσουν ψηφιακές λύσεις για να αντιμετωπίσουν την κλιματική αλλαγή μέσω της πρωτοβουλίας του Ιδρύματος Vodafone #YoungMakesGreen https://t.co/93bzdlThuS https://t.co/usBtIZcCBb,cop νεοι αναπτυσσουν ψηφιακεσ λυσεισ για να αντιμετωπισουν την κλιματικη αλλαγη μεσω τησ πρωτοβουλιασ του ιδρυματοσ vodafone youngmakesgreen,0
COP27: Νέοι αναπτύσσουν ψηφιακές λύσεις για να αντιμετωπίσουν την κλιματική αλλαγή μέσω της πρωτοβουλίας του Ιδρύματος Vodafone #YoungMakesGreen ... https://t.co/71A1FnRBNy,cop νεοι αναπτυσσουν ψηφιακεσ λυσεισ για να αντιμετωπισουν την κλιματικη αλλαγη μεσω τησ πρωτοβουλιασ του ιδρυματοσ vodafone youngmakesgreen,0
Vodafone: Ένα ξεχωριστό περιβάλλον εργασίας στην Ελλάδα που προσφέρει ευκαιρίες εξέλιξης και κατάρτισης https://t.co/1wdnMiYuHo,vodafone ενα ξεχωριστο περιβαλλον εργασιασ στην ελλαδα που προσφερει ευκαιριεσ εξελιξησ και καταρτισησ,0
Vodafone: Ένα ξεχωριστό περιβάλλον εργασίας που προσφέρει ευκαιρίες εξέλιξης και κατάρτισης https://t.co/HKrbGyYB6r,vodafone ενα ξεχωριστο περιβαλλον εργασιασ που προσφερει ευκαιριεσ εξελιξησ και καταρτισησ,0
"Καθώς η Διάσκεψη των Ηνωμένων Εθνών για την Κλιματική Αλλαγή (COP27) του 2022 ολοκληρωνόταν, η Ευρωπαϊκή Αρχή Ασφαλίσεων και Επαγγελματικών https://t.co/nindrJqAIk https://t.co/Iu6xk0rfvO",καθωσ η διασκεψη των ηνωμενων εθνων για την κλιματικη αλλαγη cop του ολοκληρωνοταν η ευρωπαϊκη αρχη ασφαλισεων και επαγγελματικων,0
⭕ “Ανησυχητικό” και “προκλητικό” χαρακτηρίζει η πρόεδρος της Ευρωπαϊκής Ομοσπονδίας Δημοσιογράφων το περιβάλλον του Τύπου στην Ελλάδα https://t.co/wYNvu2QX1u,ανησυχητικο και προκλητικο χαρακτηριζει η προεδροσ τησ ευρωπαϊκησ ομοσπονδιασ δημοσιογραφων το περιβαλλον του τυπου στην ελλαδα,0
"Γρηγόρης Δημητριάδης (Υπερταμείο): Επιτακτική η ανάγκη για βιώσιμη ανάπτυξη και ψηφιακό μετασχηματισμό - Ρεπορτάζ και ειδήσεις για την Οικονομία, τις Επιχειρήσεις, το Χρηματιστήριο, την Πολιτική #mononewsGR https://t.co/ieVQxUsg1Y",γρηγορησ δημητριαδησ υπερταμειο επιτακτικη η αναγκη για βιωσιμη αναπτυξη και ψηφιακο μετασχηματισμο ρεπορταζ και ειδησεισ για την οικονομια τισ επιχειρησεισ το χρηματιστηριο την πολιτικη mononewsgr,0
Γρηγόρης Δημητριάδης (Υπερταμείο): Αναγκαία η ψηφιακή και βιώσιμη μετάβαση https://t.co/CmEMeBHjOd #businessnewsgr,γρηγορησ δημητριαδησ υπερταμειο αναγκαια η ψηφιακη και βιωσιμη μεταβαση businessnewsgr,0
Β. Κουτεντάκης: Αρρηκτα συνδεδεμένες βιώσιμη ανάπτυξη και ψηφιακός μετασχηματισμός https://t.co/4wswre3gNC,β κουτεντακησ αρρηκτα συνδεδεμενεσ βιωσιμη αναπτυξη και ψηφιακοσ μετασχηματισμοσ,0
"Σχοινάς: Έχει έρθει η ώρα για ένα βιώσιμο ευρωπαϊκό πλαίσιο ασύλου και μετανάστευσης

https://t.co/uxso0nAmtO",σχοινασ εχει ερθει η ωρα για ενα βιωσιμο ευρωπαϊκο πλαισιο ασυλου και μεταναστευσησ,0
Μ. Σχοινάς: Έχει έρθει η ώρα για ένα βιώσιμο ευρωπαϊκό πλαίσιο ασύλου και μετανάστευσης https://t.co/JhVZ0GOCCO,μ σχοινασ εχει ερθει η ωρα για ενα βιωσιμο ευρωπαϊκο πλαισιο ασυλου και μεταναστευσησ,0
Μ. Σχοινάς: Έχει έρθει η ώρα για ένα βιώσιμο ευρωπαϊκό πλαίσιο ασύλου και μετανάστευσης https://t.co/GOqTlxNQhn #gntmgr #Pagidevmenoi #GiTisElias #kaneotikoimasai #Sasmos,μ σχοινασ εχει ερθει η ωρα για ενα βιωσιμο ευρωπαϊκο πλαισιο ασυλου και μεταναστευσησ gntmgr pagidevmenoi gitiselias kaneotikoimasai sasmos,0
Σχοινάς: Ώρα για βιώσιμο ευρωπαϊκό πλαίσιο ασύλου και μετανάστευσης - https://t.co/9QBkOFJXYW https://t.co/GdgxiMMROW,σχοινασ ωρα για βιωσιμο ευρωπαϊκο πλαισιο ασυλου και μεταναστευσησ,0
Μ. Σχοινάς: Έχει έρθει η ώρα για ένα βιώσιμο ευρωπαϊκό πλαίσιο ασύλου και μετανάστευσης https://t.co/zkAi2v61xt,μ σχοινασ εχει ερθει η ωρα για ενα βιωσιμο ευρωπαϊκο πλαισιο ασυλου και μεταναστευσησ,0
Ξεκίνησε επίσημα το έργο «Υποστήριξη του Υπουργείου Κλιματικής Κρίσης και Πολιτικής Προστασίας για το Συντονισμό Δράσεων Προετοιμασίας και Κινητοποίησης για την Αντιμετώπιση Καταστάσεων Έκτακτης Ανάγκης και Προσαρμογής στην Κλιματική Αλλαγή» https://t.co/aeISqSYQMD,ξεκινησε επισημα το εργο υποστηριξη του υπουργειου κλιματικησ κρισησ και πολιτικησ προστασιασ για το συντονισμο δρασεων προετοιμασιασ και κινητοποιησησ για την αντιμετωπιση καταστασεων εκτακτησ αναγκησ και προσαρμογησ στην κλιματικη αλλαγη,0
RT @ilianewskoukos: Έργο «πνοής» για το περιβάλλον και τη δημόσια υγεία των κατοίκων https://t.co/eic65xB3Zh https://t.co/5jrv0tSwJO,rt ilianewskoukos εργο πνοησ για το περιβαλλον και τη δημοσια υγεια των κατοικων,0
Έργο «πνοής» για το περιβάλλον και τη δημόσια υγεία των κατοίκων https://t.co/eic65xB3Zh https://t.co/5jrv0tSwJO,εργο πνοησ για το περιβαλλον και τη δημοσια υγεια των κατοικων,0
"""Η ευθύνη που φέρει η δική μας γενιά είναι μεγάλη. Η ελπίδ
ΧΑΙΡΕΤΙΣΜΟΣ ΤΗΣ ΠΡΟΕΔΡΟΥ ΤΗΣ ΔΗΜΟΚΡΑΤΙΑΣ ΚΑΤΕΡΙΝΑΣ ΣΑΚΕΛΛΑΡΟΠΟΥΛΟΥ ΣΤΑ ΕΓΚΑΙΝΙΑ ΤΗΣ ΕΚΘΕΣΗΣ «ΚΛΙΜΑΤΙΚΗ ΑΛΛΑΓΗ ΚΑΙ ΕΜΕΙΣ» ΣΤΟ ΜΟΥΣΕΙΟ ΓΟΥΛΑΝΔΡΗ ΦΥΣΙΚΗΣ ΙΣΤΟΡΙΑΣ – ΚΕΝΤΡΟ ΓΑΙΑ
https://t.co/LFYWniyybA
📸Τheodore Manolopoulos https://t.co/pGlbCsXVyt",η ευθυνη που φερει η δικη μασ γενια ειναι μεγαλη η ελπιδ χαιρετισμος της προεδρου της δημοκρατιας κατερινας σακελλαροπουλου στα εγκαινια της εκθεσης κλιματικη αλλαγη και εμεις στο μουσειο γουλανδρη φυσικης ιστοριας κεντρο γαια τheodore manolopoulos,0
ΕΥ: Αναγκαία η ευελιξία και η προσαρμοστικότητα στο νέο φορολογικό περιβάλλον https://t.co/ScTqH5ioeq,ευ αναγκαια η ευελιξια και η προσαρμοστικοτητα στο νεο φορολογικο περιβαλλον,0
"Πώς συνδέεται ο χορός με την επιστήμη, την τεχνολογία και το περιβάλλον https://t.co/8U41a6Bsc1",πωσ συνδεεται ο χοροσ με την επιστημη την τεχνολογια και το περιβαλλον,0
Μετανάστευση και άσυλο: Συζήτηση στο Ευρωκοινοβούλιο για βιώσιμη μακροπρόθεσμη λύση - https://t.co/Eh36lj7wpG https://t.co/KF5qh3iPop,μεταναστευση και ασυλο συζητηση στο ευρωκοινοβουλιο για βιωσιμη μακροπροθεσμη λυση,0
"Vodafone: Ένα ξεχωριστό περιβάλλον εργασίας στην Ελλάδα που προσφέρει ευκαιρίες εξέλιξης και κατάρτισης, σε ένα πλαίσιο ισότητας και καινοτομίας https://t.co/bSNkF553eW https://t.co/FII9BVfoeq",vodafone ενα ξεχωριστο περιβαλλον εργασιασ στην ελλαδα που προσφερει ευκαιριεσ εξελιξησ και καταρτισησ σε ενα πλαισιο ισοτητασ και καινοτομιασ,0
"Vodafone: Ένα ξεχωριστό περιβάλλον εργασίας στην Ελλάδα που προσφέρει ευκαιρίες εξέλιξης και κατάρτισης, σε ένα πλαίσιο ισότητας και ... https://t.co/RP4nS41aMO",vodafone ενα ξεχωριστο περιβαλλον εργασιασ στην ελλαδα που προσφερει ευκαιριεσ εξελιξησ και καταρτισησ σε ενα πλαισιο ισοτητασ και,0
Μαθητές μυούνται στην κυκλική οικονομία μέσα από το Δελφικό τοπίο https://t.co/mKNAoxwkJr,μαθητεσ μυουνται στην κυκλικη οικονομια μεσα απο το δελφικο τοπιο,0
RT @FOCUSFM1036: Σκάνδαλο στον Δήμο Κατερίνης! Δάνειο 5.000.000€ για αλλαγή λαμπτήρων με υλικό πεπερασμένης τεχνολογίας και επικίνδυνο για…,rt focusfm σκανδαλο στον δημο κατερινησ δανειο για αλλαγη λαμπτηρων με υλικο πεπερασμενησ τεχνολογιασ και επικινδυνο για,0
Motor Oil: Εξαγορά του 100% της Thalis - Επέκταση στην κυκλική οικονομία https://t.co/FDSHyyUgdg,motor oil εξαγορα του τησ thalis επεκταση στην κυκλικη οικονομια,0
"Motor Oil: Εξαγόρασε το 100% της Thalis ES, επενδύοντας στην κυκλική οικονομία https://t.co/QD9IyDR0yM #businessnewsgr",motor oil εξαγορασε το τησ thalis es επενδυοντασ στην κυκλικη οικονομια businessnewsgr,0
"Μαθητές μυούνται στην κυκλική οικονομία μέσα από το Δελφικό τοπίο

https://t.co/6Seie3bIYr https://t.co/vvSh6gLVNe",μαθητεσ μυουνται στην κυκλικη οικονομια μεσα απο το δελφικο τοπιο,0
"Στις 26 και 27 Νοεμβρίου 2022 στο θέατρο «Μίκης Θεοδωράκης» θα διοργανωθεί το «Climathon» των Χανίων, μια δράση ιδεών για το κλίμα, φιλική προς τις οικογένειες και τα παιδιά, με δωρεάν συμμετοχή. https://t.co/z18TvzWPn9",στισ και νοεμβριου στο θεατρο μικησ θεοδωρακησ θα διοργανωθει το climathon των χανιων μια δραση ιδεων για το κλιμα φιλικη προσ τισ οικογενειεσ και τα παιδια με δωρεαν συμμετοχη,0
"Ο Όμιλος Motor Oil το 2030: Επενδύει 2,5 δισ  ευρώ για ένα πιο βιώσιμο μέλλον. https://t.co/Vwe8V7D4Ho",ο ομιλοσ motor oil το επενδυει δισ ευρω για ενα πιο βιωσιμο μελλον,0
"Η Γκρέτα Τούνμπεργκ και 600 νέοι προσφεύγουν στη δικαιοσύνη κατά της Σουηδίας για το περιβάλλον

https://t.co/J4ziHh0DbW",η γκρετα τουνμπεργκ και νεοι προσφευγουν στη δικαιοσυνη κατα τησ σουηδιασ για το περιβαλλον,0
Καινοτόμος σχεδιασμός για πράσινη οικονομία στην επαγγελματική εκπαίδευση από το ΠΕΚΕΣ και το ΠΘ https://t.co/KThWNklVnr,καινοτομοσ σχεδιασμοσ για πρασινη οικονομια στην επαγγελματικη εκπαιδευση απο το πεκες και το πθ,0
H Έλενα Κουντουρά ομιλήτρια στο διεθνές συνέδριο Circle the Med Forum 2022 για τον βιώσιμο τουρισμό στη Μεσόγειο https://t.co/UC60xA150V,h ελενα κουντουρα ομιλητρια στο διεθνεσ συνεδριο circle the med forum για τον βιωσιμο τουρισμο στη μεσογειο,0
"Θέρμη: Ανησυχία για ρύπους από εργοστάσιο, δίπλα στο 2ο Δημοτικό σχολείο https://t.co/YV3o8A1dYn #ΘΕΡΜΗ #ΚΑΤΑΓΓΕΛΙΕΣ #ΠΕΡΙΒΑΛΛΟΝ #ΣΧΟΛΙΚΑ https://t.co/gPsRjnodGn",θερμη ανησυχια για ρυπουσ απο εργοστασιο διπλα στο ο δημοτικο σχολειο θερμη καταγγελιες περιβαλλον σχολικα,0
Παπαστεργίου: Τα πάντα είναι περιβάλλον – και τι κάνουμε για αυτό https://t.co/bDlx34padx,παπαστεργιου τα παντα ειναι περιβαλλον και τι κανουμε για αυτο,0
Η Ματίκα παραδέχεται: «Έχω δεχθεί κακοποιητικές συμπεριφορές στο εργασιακό περιβάλλον» https://t.co/AdG1J2uoRi,η ματικα παραδεχεται εχω δεχθει κακοποιητικεσ συμπεριφορεσ στο εργασιακο περιβαλλον,0
"Στην κυκλική οικονομία η Motor Oil
https://t.co/OxJ9rQ9FLR https://t.co/80fa0OEHrK",στην κυκλικη οικονομια η motor oil,0
"Κλιματική αλλαγή και ""επιχειρείν"" - Τι είναι το CGIG και ο ρόλος της EBRD https://t.co/9znoSUrRjp #businessnewsgr",κλιματικη αλλαγη και επιχειρειν τι ειναι το cgig και ο ρολοσ τησ ebrd businessnewsgr,0
Ο ρόλος της CGI Greece για την κλιματική αλλαγή στο επιχειρείν - https://t.co/05jkpUqMls https://t.co/RNIh4m2mlE,ο ρολοσ τησ cgi greece για την κλιματικη αλλαγη στο επιχειρειν,0
Βιώσιμη Ανάπτυξη και ESG στο επίκεντρο των αξιών της ΕΥΔΑΠ https://t.co/X9h97LRNWg,βιωσιμη αναπτυξη και esg στο επικεντρο των αξιων τησ ευδαπ,0
"Το γαλλικό περιοδικό επικαλείται το οικογενειακό περιβάλλον του Αργεντινού
https://t.co/61Ci3Hs6A7",το γαλλικο περιοδικο επικαλειται το οικογενειακο περιβαλλον του αργεντινου,0
Θάλεια Ματίκα: «Έχω δεχθεί κακοποιητικές συμπεριφορές στο εργασιακό περιβάλλον» https://t.co/WwItbPzwzz,θαλεια ματικα εχω δεχθει κακοποιητικεσ συμπεριφορεσ στο εργασιακο περιβαλλον,0
Περιφέρεια Κρήτης | Βράβευση για τη δράση της στην Κυκλική Οικονομία https://t.co/MsPEBMOrWA,περιφερεια κρητησ βραβευση για τη δραση τησ στην κυκλικη οικονομια,0
Ξεκινά νέο πρόγραμμα για τη βιώσιμη ανάπτυξη σε 10 ευρωπαϊκές περιφέρειες https://t.co/OxxEeNoGgn,ξεκινα νεο προγραμμα για τη βιωσιμη αναπτυξη σε ευρωπαϊκεσ περιφερειεσ,0
Βιώσιμη ανάπτυξη και εξωστρέφεια στο επίκεντρο της Γενικής Συνέλευσης του ΕΕΔΕΓΕ https://t.co/7cOJ6oPSV2 https://t.co/HE4Ng9HQcb,βιωσιμη αναπτυξη και εξωστρεφεια στο επικεντρο τησ γενικησ συνελευσησ του εεδεγε,0
Coca-Cola στην Ελλάδα: Ορίζοντες για ένα πιο βιώσιμο μέλλον | CNN Greece https://t.co/bWUvmWKyXx,cocacola στην ελλαδα οριζοντεσ για ενα πιο βιωσιμο μελλον cnn greece,0
"🗣️ ""Θα πρέπει να εστιάσουμε στις ανάγκες του παιδιού και των γονιών του, στην πρόληψη, στην ενδυνάμωση των οικογενειών στον τόπου που κατοικούν και όχι σε ένα ίδρυμα που είναι ένα χαοτικό περιβάλλον και καλείται να προστατέψει ένα παιδί με χαοτικά συνα... https://t.co/nyvlCOmuzL",θα πρεπει να εστιασουμε στισ αναγκεσ του παιδιου και των γονιων του στην προληψη στην ενδυναμωση των οικογενειων στον τοπου που κατοικουν και οχι σε ενα ιδρυμα που ειναι ενα χαοτικο περιβαλλον και καλειται να προστατεψει ενα παιδι με χαοτικα συνα,0
RT @pprodromou: Σύνοδος Συμβουλίου Παιδείας και Νεολαίας Ε.Ε. ✅Διαδρομές σχολικής επιτυχίας κ ευημερία στην ψηφιακή εκπαίδευση ✅Ευρωπαϊκό Έ…,rt pprodromou συνοδοσ συμβουλιου παιδειασ και νεολαιασ εε διαδρομεσ σχολικησ επιτυχιασ κ ευημερια στην ψηφιακη εκπαιδευση ευρωπαϊκο ε,0
"Ν. Ανδρουλάκης: Νέο κοινωνικό συμβόλαιο για ανάπτυξη, κοινωνική συνοχή, περιβάλλον-“Κανείς δεν θα μείνει πίσω” https://t.co/yfxyBSvRPl",ν ανδρουλακησ νεο κοινωνικο συμβολαιο για αναπτυξη κοινωνικη συνοχη περιβαλλονκανεισ δεν θα μεινει πισω,0
"Ν. Ανδρουλάκης: Νέο κοινωνικό συμβόλαιο για ανάπτυξη, κοινωνική συνοχή, περιβάλλον-“Κανείς δεν θα μείνει πίσω” https://t.co/LFN325GoTO",ν ανδρουλακησ νεο κοινωνικο συμβολαιο για αναπτυξη κοινωνικη συνοχη περιβαλλονκανεισ δεν θα μεινει πισω,0
Πώς θα το πάει ο ΣΥΡΙΖΑ και ποιος καθορίζει το περιβάλλον των εκλογών https://t.co/4O5BtwOLgO,πωσ θα το παει ο συριζα και ποιοσ καθοριζει το περιβαλλον των εκλογων,0
"RT @Hellenic_MOD: Ο ΥΦΕΘΑ @nhardalias  κήρυξε την έναρξη των εργασιών στην Ημερίδα «Κλιματική Αλλαγή και Ένοπλες Δυνάμεις»
@ChiefHNDGS 
htt…",rt hellenic_mod ο υφεθα nhardalias κηρυξε την εναρξη των εργασιων στην ημεριδα κλιματικη αλλαγη και ενοπλεσ δυναμεισ chiefhndgs htt,0
Σε διεθνές φόρουμ για τη βιώσιμη κινητικότητα ο Δήμος Πλατανιά. https://t.co/uh1ciuMYFk,σε διεθνεσ φορουμ για τη βιωσιμη κινητικοτητα ο δημοσ πλατανια,0
"Τσίπρας: Η Ελλάδα είναι σήμερα μια χώρα άδικη για τους πολλούς και χωρίς βιώσιμη αναπτυξιακή στρατηγική,
https://t.co/uR391PA1i3,",τσιπρασ η ελλαδα ειναι σημερα μια χωρα αδικη για τουσ πολλουσ και χωρισ βιωσιμη αναπτυξιακη στρατηγικη,0
".@atsipras στο συνέδριο της @naftemporikigr: Η Ελλάδα είναι σήμερα μια χώρα άδικη για τους πολλούς, αλλά και χωρίς βιώσιμη μακροπρόθεσμη αναπτυξιακή στρατηγική 

https://t.co/rVulESLpC1",atsipras στο συνεδριο τησ naftemporikigr η ελλαδα ειναι σημερα μια χωρα αδικη για τουσ πολλουσ αλλα και χωρισ βιωσιμη μακροπροθεσμη αναπτυξιακη στρατηγικη,0
Εκπαιδευτική εκδήλωση στον Βόλο για την πράσινη ενέργεια και τη ρομποτική https://t.co/beY1vEr2gP,εκπαιδευτικη εκδηλωση στον βολο για την πρασινη ενεργεια και τη ρομποτικη,0
Φ. Αδαμίδη για ΟΚΠΑ Βριλησσίων: Μη βιώσιμη λύση η εξάρτηση από την ΜΚΟ https://t.co/QYME0s83Ai,φ αδαμιδη για οκπα βριλησσιων μη βιωσιμη λυση η εξαρτηση απο την μκο,0
RT @LykavitosGr: ΕΥΔΑΠ - Διαχείριση υγρών και στερεών αποβλήτων (κυκλική οικονομία)  #ΕΥΔΑΠ https://t.co/Tr5mTzsZvt,rt lykavitosgr ευδαπ διαχειριση υγρων και στερεων αποβλητων κυκλικη οικονομια ευδαπ,0
RT @LykavitosGr: ΕΥΔΑΠ - Διαχείριση υγρών και στερεών αποβλήτων (κυκλική οικονομία)  #ΕΥΔΑΠ https://t.co/Tr5mTzsZvt,rt lykavitosgr ευδαπ διαχειριση υγρων και στερεων αποβλητων κυκλικη οικονομια ευδαπ,0
"Η Πρόεδρος της Δημοκρατίας Κατερίνα Σακελλαροπούλου παρέστη στην παρουσίαση του Σχεδίου Δράσης για το Περιβάλλον και το Κλίμα του Ιδρύματος Μποδοσάκη, στο Μέγαρο Μουσικής Αθηνών https://t.co/yiI3594vZW https://t.co/NEFHZhuAa4",η προεδροσ τησ δημοκρατιασ κατερινα σακελλαροπουλου παρεστη στην παρουσιαση του σχεδιου δρασησ για το περιβαλλον και το κλιμα του ιδρυματοσ μποδοσακη στο μεγαρο μουσικησ αθηνων,0
"Κλιματική αλλαγή: Νομική παροχή δικαιωμάτων και προστασία σε μη ανθρώπινες οντότητες,
https://t.co/bKx3cX73Lr,",κλιματικη αλλαγη νομικη παροχη δικαιωματων και προστασια σε μη ανθρωπινεσ οντοτητεσ,0
"Η υφυπουργός Εργασίας Δόμνα Μιχαηλίδου μίλησε στο συνέδριο του Economist για τον «επαναπροσδιορισμό της βιωσιμότητας σε έναν μη βιώσιμο κόσμο»

https://t.co/g3ovX7ANZL",η υφυπουργοσ εργασιασ δομνα μιχαηλιδου μιλησε στο συνεδριο του economist για τον επαναπροσδιορισμο τησ βιωσιμοτητασ σε εναν μη βιωσιμο κοσμο,0
RT @KostasVaxevanis: Σύμφωνα με την παρακολούθηση από το #predator ο πόλεμος φιλοκυβερνητικού δημοσιογράφου με το περιβάλλον του Μαξίμου ξε…,rt kostasvaxevanis συμφωνα με την παρακολουθηση απο το predator ο πολεμοσ φιλοκυβερνητικου δημοσιογραφου με το περιβαλλον του μαξιμου ξε,0
Καραγιώργος: «Για ένα ιδανικό αθλητικό περιβάλλον» https://t.co/RWHiScuYTL,καραγιωργοσ για ενα ιδανικο αθλητικο περιβαλλον,0
"Την ένταξη του έργου του Δήμου Χανίων «Ελληνικές έξυπνες πόλεις: Επενδύσεις σε υποδομές και συστήματα SSC για ένα βιώσιμο και πράσινο αστικό μέλλον» , με συνολικό προϋπολογισμό 2.970.000 ευρώ, στο Ταμείο Ανάκαμψης και Ανθεκτικότητας, ενέκρινε με απόφασή… https://t.co/H14RAlx7DB",την ενταξη του εργου του δημου χανιων ελληνικεσ εξυπνεσ πολεισ επενδυσεισ σε υποδομεσ και συστηματα ssc για ενα βιωσιμο και πρασινο αστικο μελλον με συνολικο προϋπολογισμο ευρω στο ταμειο ανακαμψησ και ανθεκτικοτητασ ενεκρινε με αποφαση,0
"Τζινπίνγκ: Το Πεκίνο ελπίζει σε ένα δίκαιο, διαφανές περιβάλλον για τις κινεζικές εταιρείες στην ΕΕ - https://t.co/vjqWLzvLdc https://t.co/N83KyqQEQV",τζινπινγκ το πεκινο ελπιζει σε ενα δικαιο διαφανεσ περιβαλλον για τισ κινεζικεσ εταιρειεσ στην εε,0
Σι Τζινπίνγκ σε Σαρλ Μισέλ: Θέλουμε ένα δίκαιο περιβάλλον για τις κινεζικές εταιρείες στην ΕΕ https://t.co/sum70GLzuE,σι τζινπινγκ σε σαρλ μισελ θελουμε ενα δικαιο περιβαλλον για τισ κινεζικεσ εταιρειεσ στην εε,0
Vodafone: Επενδύοντας σε ένα σύγχρονο περιβάλλον εργασίας https://t.co/sftT9P46q2,vodafone επενδυοντασ σε ενα συγχρονο περιβαλλον εργασιασ,0
"Κίνα: Ελπίζει σε δίκαιο, διαφανές περιβάλλον για τις κινεζικές εταιρείες στην ΕΕ - https://t.co/SImZszxdtz https://t.co/VONPaUII6s",κινα ελπιζει σε δικαιο διαφανεσ περιβαλλον για τισ κινεζικεσ εταιρειεσ στην εε,0
"Το Πεκίνο ελπίζει σε ένα δίκαιο, διαφανές περιβάλλον για τις κινεζικές εταιρείες στην ΕΕ λέει ο #XiJinping στον @eucopresident 

https://t.co/XOSLrGnoWx 

#Κίνα #EUChina",το πεκινο ελπιζει σε ενα δικαιο διαφανεσ περιβαλλον για τισ κινεζικεσ εταιρειεσ στην εε λεει ο xijinping στον eucopresident κινα euchina,0
"ΚΥΚΛΙΚΗ ΟΙΚΟΝΟΜΙΑ: Ο ΜΟΝΟΣ  ΔΡΟΜΟΣ ΓΙΑ ΤΗΝ ΑΝΤΙΜΕΤΩΠΙΣΗ ΤΗΣ ΚΛΙΜΑΤΙΚΗΣ ΚΡΙΣΗΣ, ΤΗ  ΒΙΩΣΙΜΗ ΑΝΑΠΤΥΞΗ ΚΑΙ ΤΗΝ ΕΥΗΜΕΡΙΑ ΣΤΗ ΜΕΣΟΓΕΙΟ - https://t.co/GL7JvC7exC",κυκλικη οικονομια ο μονος δρομος για την αντιμετωπιση της κλιματικης κρισης τη βιωσιμη αναπτυξη και την ευημερια στη μεσογειο,0
"«Στο αβέβαιο οικονομικό περιβάλλον που ζούμε, είναι σημαντικό να αναδεικνύονται και να επιβραβεύονται οι επιχειρηματίες που ξεχωρίζουν», τόνισε στην ομιλία του κατά τα 9α ΚΕΒΕ Business Awards, o γενικός διευθυντής των Γενικών Ασφαλειών, Κώστας Κώστα.

https://t.co/ak4zBQBa6b https://t.co/uv885TLNgu",στο αβεβαιο οικονομικο περιβαλλον που ζουμε ειναι σημαντικο να αναδεικνυονται και να επιβραβευονται οι επιχειρηματιεσ που ξεχωριζουν τονισε στην ομιλια του κατα τα α κεβε business awards o γενικοσ διευθυντησ των γενικων ασφαλειων κωστασ κωστα,0
"Βιομηχανία πλαστικών: Προκλήσεις, πρωτοβουλίες, λύσεις για την κλιματική κρίση https://t.co/5edkg9fw3U",βιομηχανια πλαστικων προκλησεισ πρωτοβουλιεσ λυσεισ για την κλιματικη κριση,0
[Κλικ και διαβάστε στο ΠΡΩΤΟ ΘΕΜΑ] #Τζορτζ  #Μίτσελ: Ο Έλληνας μεγιστάνας που ίδρυσε μια βιώσιμη πόλη κοντά στο Χιούστον https://t.co/jFnsvsht4j,κλικ και διαβαστε στο πρωτο θεμα τζορτζ μιτσελ ο ελληνασ μεγιστανασ που ιδρυσε μια βιωσιμη πολη κοντα στο χιουστον,0
"Το κυπριακό Σχέδιο Ανάκαμψης και Ανθεκτικότητας θα καταστήσει σταθερά βιώσιμη την οικονομία , λέει η Κυριακίδου 
https://t.co/owlV1Td4w5",το κυπριακο σχεδιο ανακαμψησ και ανθεκτικοτητασ θα καταστησει σταθερα βιωσιμη την οικονομια λεει η κυριακιδου,0
RT @CostasKadis: Σημαντική και θετικότατη εξέλιξη: Ο Επίτροπος @jwojc ανακοινώνει την έγκριση του Εθνικού Στρατηγικού Σχεδίου της Κύπρου γι…,rt costaskadis σημαντικη και θετικοτατη εξελιξη ο επιτροποσ jwojc ανακοινωνει την εγκριση του εθνικου στρατηγικου σχεδιου τησ κυπρου γι,0
Διαχείριση απορριμμάτων και κυκλική οικονομία δύο αντίθετες προσεγγίσεις στο συνέδριο της ΚΕΔΕ - https://t.co/WJ8yOay753,διαχειριση απορριμματων και κυκλικη οικονομια δυο αντιθετεσ προσεγγισεισ στο συνεδριο τησ κεδε,0
"Άδωνις Γεωργιάδης στο GR Times: Το Ελληνικό θα είναι η πρώτη σύγχρονη πόλη στον κόσμο με βιώσιμη ανάπτυξη - https://t.co/eiOPQNT0y0 https://t.co/fhiVCYAxBh 
@AdonisGeorgiadi  #Ελληνικό #ΕΥΠ #Εκλογές",αδωνισ γεωργιαδησ στο gr times το ελληνικο θα ειναι η πρωτη συγχρονη πολη στον κοσμο με βιωσιμη αναπτυξη adonisgeorgiadi ελληνικο ευπ εκλογεσ,0
Μία βιώσιμη καμπάνια που εξοικονομεί ενέργεια https://t.co/3G9LvlHOEQ,μια βιωσιμη καμπανια που εξοικονομει ενεργεια,0
"Οι 13 προτάσεις του Ανδρέα Μαυρογιάννη για ένα σύγχρονο και βιώσιμο πρωτογενή τομέα #Cyprus 
via @politis_news 
https://t.co/PzKNbss71T",οι προτασεισ του ανδρεα μαυρογιαννη για ενα συγχρονο και βιωσιμο πρωτογενη τομεα cyprus via politis_news,0
"ΥΠΠΟΑ: 
Βιώσιμο μοντέλο ανάπτυξης για την αξιοποίηση του τέως βασιλικού κτήματος, στο #Τατόι 

https://t.co/ewkFwfPIeA",υπποα βιωσιμο μοντελο αναπτυξησ για την αξιοποιηση του τεωσ βασιλικου κτηματοσ στο τατοι,0
"RT @CostasKadis: Οι λεβέντες της Εθνικής Ομάδας Πετοσφαίρισης, εκτός από καλό  βόλεϊ ξέρουν να προσφερθούν και στο περιβάλλον. Δεντροφύτευσ…",rt costaskadis οι λεβεντεσ τησ εθνικησ ομαδασ πετοσφαιρισησ εκτοσ απο καλο βολεϊ ξερουν να προσφερθουν και στο περιβαλλον δεντροφυτευσ,0
Τατόι: Βιώσιμο μοντέλο ανάπτυξης για την αξιοποίηση των πρώην βασιλικών ανακτόρων https://t.co/oyvXiBCS5w,τατοι βιωσιμο μοντελο αναπτυξησ για την αξιοποιηση των πρωην βασιλικων ανακτορων,0
"📌Βιώσιμο μοντέλο ανάπτυξης για την αξιοποίηση του τ. βασιλικού κτήματος, στο #Τατόι.
☑️Το στρατηγικό σχέδιο του #ΥΠΠΟΑ εξελίσσεται σύμφωνα με τον προγραμματισμό και το χρονοδιάγραμμα.
#MinCultureGr #Tatoi https://t.co/Us1dWGswR0 https://t.co/MZvCiXldXC",βιωσιμο μοντελο αναπτυξησ για την αξιοποιηση του τ βασιλικου κτηματοσ στο τατοι το στρατηγικο σχεδιο του υπποα εξελισσεται συμφωνα με τον προγραμματισμο και το χρονοδιαγραμμα minculturegr tatoi,0
Πράσινη ενέργεια και επενδύσεις στην Λάρισα - LarissaPress https://t.co/TEVdj0YLU6,πρασινη ενεργεια και επενδυσεισ στην λαρισα larissapress,0
"ΥΠΠΟΑ: Βιώσιμο μοντέλο ανάπτυξης για την αξιοποίηση του τέως βασιλικού κτήματος, στο Τατόι  - https://t.co/eiOPQNT0y0 https://t.co/0rc94fH2Tb #Ανάπλαση #Τατόι #ΥπουργείοΠολιτισμούΚαιΑθλητισμού",υπποα βιωσιμο μοντελο αναπτυξησ για την αξιοποιηση του τεωσ βασιλικου κτηματοσ στο τατοι αναπλαση τατοι υπουργειοπολιτισμουκαιαθλητισμου,0
«Επικίνδυνη αναπηρία»: Γυναίκες που αναμετρώνται με την αναπηρία στο ελληνικό περιβάλλον (video) https://t.co/eArc17RTRT,επικινδυνη αναπηρια γυναικεσ που αναμετρωνται με την αναπηρια στο ελληνικο περιβαλλον video,0
«Επικίνδυνη αναπηρία»: Γυναίκες που αναμετρώνται με την αναπηρία στο ελληνικό περιβάλλον (video) https://t.co/rWfNYoqiWB,επικινδυνη αναπηρια γυναικεσ που αναμετρωνται με την αναπηρια στο ελληνικο περιβαλλον video,0
"ΥΠΠΟΑ: Βιώσιμο μοντέλο ανάπτυξης για την αξιοποίηση του τ. βασιλικού κτήματος, στο Τατόι https://t.co/9iNTwtk8mr",υπποα βιωσιμο μοντελο αναπτυξησ για την αξιοποιηση του τ βασιλικου κτηματοσ στο τατοι,0
ΣΥΜΒΑΙΝΕΙ ΜΕ ΤΗΝ ΚΛΙΜΑΤΙΚΗ ΑΛΛΑΓΗ...ΟΟΟΟΟΧΙ! ΔΕΝ ΦΤΑΙΕΙ ΤΟ ΕΝΦΟΛΙΟ.... https://t.co/8ov7SImdYt,συμβαινει με την κλιματικη αλλαγηοοοοοχι δεν φταιει το ενφολιο,0
"RT @KostasSkrekas: Η αντιμετώπιση της ενεργειακής κρίσης, η επιτάχυνση της πράσινης μετάβασης και η κυκλική οικονομία βρέθηκαν στο επίκεντρ…",rt kostasskrekas η αντιμετωπιση τησ ενεργειακησ κρισησ η επιταχυνση τησ πρασινησ μεταβασησ και η κυκλικη οικονομια βρεθηκαν στο επικεντρ,0
"RT @KostasSkrekas: Παρουσία του @PrimeministerGR και συναδέλφων Υπουργών, ανέδειξα το Αναπτυξιακό Πρόγραμμα Πελοποννήσου της Κυβέρνησης για…",rt kostasskrekas παρουσια του primeministergr και συναδελφων υπουργων ανεδειξα το αναπτυξιακο προγραμμα πελοποννησου τησ κυβερνησησ για,0
Δήμος Ελασσόνας: Εγκαίνια αίθουσας τοπικού πολιτισμού με ημερίδα για τη βιώσιμη ορεινή ανάπτυξη - LarissaPress https://t.co/tMjELyKOK4,δημοσ ελασσονασ εγκαινια αιθουσασ τοπικου πολιτισμου με ημεριδα για τη βιωσιμη ορεινη αναπτυξη larissapress,0
Δήμος Ελασσόνας: Εγκαίνια αίθουσας τοπικού πολιτισμού με ημερίδα για τη βιώσιμη ορεινή ανάπτυξη https://t.co/7c5miWD9b2,δημοσ ελασσονασ εγκαινια αιθουσασ τοπικου πολιτισμου με ημεριδα για τη βιωσιμη ορεινη αναπτυξη,0
Πιο ελκυστικό το επιχειρηματικό περιβάλλον της Ελλάδας για το 2022 https://t.co/1LNOxyi9n2,πιο ελκυστικο το επιχειρηματικο περιβαλλον τησ ελλαδασ για το,0
Πιο ελκυστικό το επιχειρηματικό περιβάλλον της Ελλάδας για το 2022 https://t.co/qd4WFTxMe6,πιο ελκυστικο το επιχειρηματικο περιβαλλον τησ ελλαδασ για το,0
Διαδικτυακή εκδήλωση για την Κλιματική Αλλαγή με κύριο ομιλητή τον Ευθύμη Λέκκα - https://t.co/ro1nZWo701 https://t.co/6QdHvGdvll,διαδικτυακη εκδηλωση για την κλιματικη αλλαγη με κυριο ομιλητη τον ευθυμη λεκκα,0
Πιστοποίηση για το εργασιακό της περιβάλλον έλαβε η Danone Nutricia https://t.co/LUL4iUz8b5,πιστοποιηση για το εργασιακο τησ περιβαλλον ελαβε η danone nutricia,0
Ολοκληρώθηκε το επιτυχημένο πρόγραμμα «Προστατεύουμε το περιβάλλον…με πράξεις» της AstraZeneca Ελλάδας https://t.co/CiyzDmcYan,ολοκληρωθηκε το επιτυχημενο προγραμμα προστατευουμε το περιβαλλονμε πραξεισ τησ astrazeneca ελλαδασ,0
ΣΙΓΟΥΡΑ Η ΚΛΙΜΑΤΙΚΗ ΑΛΛΑΓΗ ΤΟΥ ΚΤΗΝΙΑΤΡΟΥ ΦΤΑΙΕΙ.... https://t.co/AE3sGcVWDo,σιγουρα η κλιματικη αλλαγη του κτηνιατρου φταιει,0
[Κλικ και διαβάστε στο cnn]Coca-Cola  #Hellas: Οι  #Τέσσερις πυλώνες δράσης για τη βιώσιμη ανάπτυξη https://t.co/T0uJ6qw482,κλικ και διαβαστε στο cnncocacola hellas οι τεσσερισ πυλωνεσ δρασησ για τη βιωσιμη αναπτυξη,0
"Πετυχημένη η ημερίδα «Διαχείριση Κρίσεων στο Σχολικό Περιβάλλον», που πραγματοποιήθηκε στο ΕΠΑΛ Σιδηροκάστρου 
#ΕΠΑΛ_Σιδηροκάστρου #Δήμος_Σιντικής #πολιτική_προστασία #Serres
https://t.co/grEzWJyTIA",πετυχημενη η ημεριδα διαχειριση κρισεων στο σχολικο περιβαλλον που πραγματοποιηθηκε στο επαλ σιδηροκαστρου επαλ_σιδηροκαστρου δημοσ_σιντικησ πολιτικη_προστασια serres,0
Με «πράσινες» πολιτικές η Vodafone στηρίζει το περιβάλλον https://t.co/cW1OI9vPJN,με πρασινεσ πολιτικεσ η vodafone στηριζει το περιβαλλον,0
Κέρκυρα: Υπογραφές για ψήφισμα πολιτών για μια «βιώσιμη ζωντανή πόλης για όλους». https://t.co/cpK8FcYBmH,κερκυρα υπογραφεσ για ψηφισμα πολιτων για μια βιωσιμη ζωντανη πολησ για ολουσ,0
Σταϊκούρας στη Νέα Υόρκη: Εχουμε ισχυρή και βιώσιμη ανάπτυξη παρά τις δυσκολίες https://t.co/ii1mLQxhYY,σταϊκουρασ στη νεα υορκη εχουμε ισχυρη και βιωσιμη αναπτυξη παρα τισ δυσκολιεσ,0
"Μητσοτάκης από συνέδριο της Capital Link: Να επενδύσετε στην Ελλάδα – Βελτιωμένο το επιχειρηματικό περιβάλλον
https://t.co/i4ttvL2H8Y",μητσοτακησ απο συνεδριο τησ capital link να επενδυσετε στην ελλαδα βελτιωμενο το επιχειρηματικο περιβαλλον,0
Σταϊκούρας από Νέα Υόρκη: Παρά τις δυσκολίες η ανάπτυξη είναι ισχυρή και βιώσιμη https://t.co/RoIoIjdC3S #businessnewsgr,σταϊκουρασ απο νεα υορκη παρα τισ δυσκολιεσ η αναπτυξη ειναι ισχυρη και βιωσιμη businessnewsgr,0
Attica: Η Ελλάδα σε περιβάλλον οικονομικής επιβράδυνσης διεθνώς https://t.co/3CNkKqcibh,attica η ελλαδα σε περιβαλλον οικονομικησ επιβραδυνσησ διεθνωσ,0
ΛΕΥΚΑΔΑ: Αλλάζει ριζικά το κυκλοφοριακό περιβάλλον στη Νικιάνα μετά από απόφαση του Περιφερειακού Συμβουλίου https://t.co/0dzccQk6qI,λευκαδα αλλαζει ριζικα το κυκλοφοριακο περιβαλλον στη νικιανα μετα απο αποφαση του περιφερειακου συμβουλιου,0
Ανδρέας Κτενάς: «Αλλάζει ριζικά το κυκλοφοριακό περιβάλλον στη Νικιάνα» – ‘Πράσινο φως’  από το Περιφερειακό Συμβούλιο https://t.co/8nxr6kiojo https://t.co/aGhCRa7vpj,ανδρεασ κτενασ αλλαζει ριζικα το κυκλοφοριακο περιβαλλον στη νικιανα πρασινο φωσ απο το περιφερειακο συμβουλιο,0
EUMED-9: Φυσικό αέριο και κλιματική αλλαγή στο επίκεντρο της Συνόδου Κορυφής https://t.co/RsdwjFpAoU,eumed φυσικο αεριο και κλιματικη αλλαγη στο επικεντρο τησ συνοδου κορυφησ,0
Κυβέρνηση Μητσοτάκη / Ολιγοπωλιακές τάσεις και στην πράσινη ενέργεια https://t.co/9RS2KHHHW2,κυβερνηση μητσοτακη ολιγοπωλιακεσ τασεισ και στην πρασινη ενεργεια,0
"Με μεγάλη επιτυχία στην Καβάλα η 40ή Σύσκεψη για την Υγεία, την  Ασφάλεια και το Περιβάλλον στη βιομηχανία πετρελαίου και αερίου - Καβάλα, Πρωϊνή, Ραδιόφωνο, Εφημερίδα της Καβάλας, νέα, καβάλα ειδήσεις, μικρές αγγελίες https://t.co/IBCBJOcAvB",με μεγαλη επιτυχια στην καβαλα η η συσκεψη για την υγεια την ασφαλεια και το περιβαλλον στη βιομηχανια πετρελαιου και αεριου καβαλα πρωϊνη ραδιοφωνο εφημεριδα τησ καβαλασ νεα καβαλα ειδησεισ μικρεσ αγγελιεσ,0
Qatar Gate - Η πρώτη αντίδραση από το περιβάλλον Σχοινά: Ψευδείς και ανυπόστατοι οι ισχυρισμοί - https://t.co/tuE4iAsIfA https://t.co/SxkRMj2TEj,qatar gate η πρωτη αντιδραση απο το περιβαλλον σχοινα ψευδεισ και ανυποστατοι οι ισχυρισμοι,0
"Ψευδείς και ανυπόστατοι οι ισχυρισμοί, λέει το περιβάλλον του Σχοινά https://t.co/3N6eAH6ilQ",ψευδεισ και ανυποστατοι οι ισχυρισμοι λεει το περιβαλλον του σχοινα,0
[Κλικ και διαβάστε στο cnn]Qatar Gate - Η πρώτη αντίδραση από το περιβάλλον  #Σχοινά: Ψευδείς και  #Ανυπόστατοι οι ισχυρισμοί https://t.co/j13zVyn7sp,κλικ και διαβαστε στο cnnqatar gate η πρωτη αντιδραση απο το περιβαλλον σχοινα ψευδεισ και ανυποστατοι οι ισχυρισμοι,0
"Ψευδείς και ανυπόστατοι οι ισχυρισμοί, λέει το περιβάλλον του Σχοινά https://t.co/AhL0vT886g",ψευδεισ και ανυποστατοι οι ισχυρισμοι λεει το περιβαλλον του σχοινα,0
Η πρώτη αντίδραση από το περιβάλλον του Μαργαρίτη Σχοινά για τις έρευνες - «Ανυπόστατοι ισχυρισμοί» https://t.co/BywvZUiNc3,η πρωτη αντιδραση απο το περιβαλλον του μαργαριτη σχοινα για τισ ερευνεσ ανυποστατοι ισχυρισμοι,0
"Η ομαδική κουλτούρα και οι ευκαιρίες εξέλιξης στο εργασιακό περιβάλλον, βασικό στοιχείο επιτυχίας της Kaizen Gaming https://t.co/3HEdKFtVup",η ομαδικη κουλτουρα και οι ευκαιριεσ εξελιξησ στο εργασιακο περιβαλλον βασικο στοιχειο επιτυχιασ τησ kaizen gaming,0
Η πρώτη αντίδραση από το περιβάλλον του Μαργαρίτη Σχοινά για τις έρευνες – «Ανυπόστατοι ισχυρισμοί» https://t.co/1mPPUZVL35,η πρωτη αντιδραση απο το περιβαλλον του μαργαριτη σχοινα για τισ ερευνεσ ανυποστατοι ισχυρισμοι,0
"Στενεύει ασφυκτικά ο κλοιός γύρω από την Εύα Καϊλή και το στενό οικογενειακό περιβάλλον της, μετά τις αποκαλύψεις για συμμετοχή της στο «QatarGate»

#Καιλη 
https://t.co/LC5kUHbcHC",στενευει ασφυκτικα ο κλοιοσ γυρω απο την ευα καϊλη και το στενο οικογενειακο περιβαλλον τησ μετα τισ αποκαλυψεισ για συμμετοχη τησ στο qatargate καιλη,0
"RT @Melaplaystowin: Ολοι αυτοι οι  ❄  που ταχα μου ενδιαφέρονται για το καλο και το δικαιο, και γινονται πλυντήρια βιαστων, που είναι να ζη…",rt melaplaystowin ολοι αυτοι οι που ταχα μου ενδιαφερονται για το καλο και το δικαιο και γινονται πλυντηρια βιαστων που ειναι να ζη,0
Σταϊκούρας: Απάντηση στο αβέβαιο περιβάλλον η συνεργασία Ελλάδας - Γαλλίας https://t.co/9JcsLHXdCf #businessnewsgr,σταϊκουρασ απαντηση στο αβεβαιο περιβαλλον η συνεργασια ελλαδασ γαλλιασ businessnewsgr,0
"Ελληνογαλλικό επιχειρηματικό φόρουμ «Συνεργασία Ελλάδας - Γαλλίας 2.0: Επενδύοντας στο μέλλον»

@cstaikouras: Απάντηση στο αβέβαιο περιβάλλον η ολόπλευρη ενίσχυση της συνεργασίας μας σε μια κοινή πορεία

https://t.co/zY0SAIujSl",ελληνογαλλικο επιχειρηματικο φορουμ συνεργασια ελλαδασ γαλλιασ επενδυοντασ στο μελλον cstaikouras απαντηση στο αβεβαιο περιβαλλον η ολοπλευρη ενισχυση τησ συνεργασιασ μασ σε μια κοινη πορεια,0
Σταϊκούρας: Οι σχέσεις Ελλάδας - Γαλλίας ανθεκτικές στον χρόνο - Απάντηση στο επιδεινούμενο ρευστό περιβάλλον η ολόπλευρη ενίσχυση της συνεργασίας https://t.co/jsnySN6CLq,σταϊκουρασ οι σχεσεισ ελλαδασ γαλλιασ ανθεκτικεσ στον χρονο απαντηση στο επιδεινουμενο ρευστο περιβαλλον η ολοπλευρη ενισχυση τησ συνεργασιασ,0
"ΑΑΔΕ: Στόχος ο Τελωνειακός Κώδικας να μεταβεί σε ένα περιβάλλον χωρίς χαρτί - https://t.co/eiOPQNSsIs https://t.co/xZKrj84zsc 
#ΑΑΔΕ #Τελωνειακός_Κώδικας #Περιβάλλον #Τεχνολογία",ααδε στοχοσ ο τελωνειακοσ κωδικασ να μεταβει σε ενα περιβαλλον χωρισ χαρτι ααδε τελωνειακοσ_κωδικασ περιβαλλον τεχνολογια,0
Εκδήλωση στον Δήμο Περιστερίου για Περιβάλλον με Φαραντούρη – Τσατραφύλλια -Δημαδάμα https://t.co/d13KQIYjER,εκδηλωση στον δημο περιστεριου για περιβαλλον με φαραντουρη τσατραφυλλια δημαδαμα,0
"#Cyprus 
Βαθμολογική πρωτιά PHAETHON στην ΕΕ για δημιουργία Κέντρου Αριστείας στην Πράσινη και Αειφόρο Ενέργεια 
@UCYOfficial @UCYRector5 
https://t.co/oVN5k6tz5I",cyprus βαθμολογικη πρωτια phaethon στην εε για δημιουργια κεντρου αριστειασ στην πρασινη και αειφορο ενεργεια ucyofficial ucyrector,0
"Η επίσκεψη του Α.Γ Πρίγκιπα Αλβέρτου Β’ του #Μονακό στην Αθήνα και η μεγαλοπρεπής ομιλία του με επίκεντρο το περιβάλλον.

https://t.co/yp8oTHXNAW",η επισκεψη του αγ πριγκιπα αλβερτου β του μονακο στην αθηνα και η μεγαλοπρεπησ ομιλια του με επικεντρο το περιβαλλον,0
Κατανόηση του H.A.A.R.P. και της Tρομακτικής του Δύναμης (ΟΥΤΕ ΦΑΝΤΑΖΕΣΤΕ ΤΙ ΤΡΟΜΑΚΤΙΚΕΣ ΕΠΙΠΤΩΣΕΙΣ ΕΧΕΙ ΣΤΟ ΠΕΡΙΒΑΛΛΟΝ ΚΑΙ ΣΤΟΥΣ ΑΝΘΡΩΠΟΥΣ) https://t.co/7rDlw9h8Xl,κατανοηση του haarp και τησ tρομακτικησ του δυναμησ ουτε φανταζεστε τι τρομακτικες επιπτωσεις εχει στο περιβαλλον και στους ανθρωπους,0
Γενική Συνέλευση του Συλλόγου Πολιτών Μαγνησίας για την υγεία και το περιβάλλον https://t.co/QiOlexH9WN,γενικη συνελευση του συλλογου πολιτων μαγνησιασ για την υγεια και το περιβαλλον,0
Συνέδριο ΣΕΤΕ: Τουρισμός και μετάβαση στη βιώσιμη ανάπτυξη https://t.co/MIhAhx6mXq #businessnewsgr,συνεδριο σετε τουρισμοσ και μεταβαση στη βιωσιμη αναπτυξη businessnewsgr,0
Συνέδριο ΣΕΤΕ: Ο ελληνικός τουρισμός ως ουσιαστικός συντελεστής για τη βιώσιμη ανάπτυξη - https://t.co/y0jpOaV2mM https://t.co/1ZGNaYRQBo,συνεδριο σετε ο ελληνικοσ τουρισμοσ ωσ ουσιαστικοσ συντελεστησ για τη βιωσιμη αναπτυξη,0
Οικουμενικός Πατριάρχης Βαρθολομαίος: Το φυσικό περιβάλλον απειλείται σήμερα όσο ποτέ άλλοτε https://t.co/zOdhWeUoPb #GiTisElias #Pagidevmenoi #kaneotikoimasai #gntmgr #Sasmos,οικουμενικοσ πατριαρχησ βαρθολομαιοσ το φυσικο περιβαλλον απειλειται σημερα οσο ποτε αλλοτε gitiselias pagidevmenoi kaneotikoimasai gntmgr sasmos,0
Απροετοίμαστη η Θεσσαλία για την κλιματική αλλαγή - LarissaPress https://t.co/gAaHkXyZHj,απροετοιμαστη η θεσσαλια για την κλιματικη αλλαγη larissapress,0
Η Περιφέρεια Κεντρικής Μακεδονίας συμμετείχε στο Διεθνές Συνέδριο για την «Βιώσιμη Γαλάζια Οικονομία» https://t.co/A2mu2GXvas https://t.co/ASJsU4mGsi,η περιφερεια κεντρικησ μακεδονιασ συμμετειχε στο διεθνεσ συνεδριο για την βιωσιμη γαλαζια οικονομια,0
Διεπιστημονική ημερίδα: Kαταστροφικές οι  συνέπειες για το περιβάλλον από τα αιολικά σε Εύβοια και Σκύρο https://t.co/w6KS7G8FaW,διεπιστημονικη ημεριδα kαταστροφικεσ οι συνεπειεσ για το περιβαλλον απο τα αιολικα σε ευβοια και σκυρο,0
Μαρία Σπυράκη: «Θα στραφώ εναντίον του συνεργάτη μου» – Η πρώτη αντίδραση από το περιβάλλον του https://t.co/mz6aW4Qysj,μαρια σπυρακη θα στραφω εναντιον του συνεργατη μου η πρωτη αντιδραση απο το περιβαλλον του,0
Μαρια σπυρακη [Κλικ και διαβάστε στο usay]Η πρώτη αντίδραση από το περιβάλλον του συνεργάτη της Μαρίας Σπυράκη – «Θα στραφώ εναντίον του» λέει η ευρωβουλευτής https://t.co/AEgTYwyJsO,μαρια σπυρακη κλικ και διαβαστε στο usayη πρωτη αντιδραση απο το περιβαλλον του συνεργατη τησ μαριασ σπυρακη θα στραφω εναντιον του λεει η ευρωβουλευτησ,0
Από ανανεώσιμες πηγές το 39% της ζήτησης ηλεκτρικής ενέργειας το 2022 https://t.co/ySVGzkUcPJ #GiTisElias #gntmgr #Pagidevmenoi #Sasmos #kaneotikoimasai,απο ανανεωσιμεσ πηγεσ το τησ ζητησησ ηλεκτρικησ ενεργειασ το gitiselias gntmgr pagidevmenoi sasmos kaneotikoimasai,0
ΕΛΜΕ: Μην ξεριζώσετε τα παιδιά του «Χαμόγελου» από το περιβάλλον τους - ΕΝΗΜΕΡΩΣΗ On Line https://t.co/zHlZw7MQp2,ελμε μην ξεριζωσετε τα παιδια του χαμογελου απο το περιβαλλον τουσ ενημερωση on line,0
Η Yokohama θα προμηθεύει τη SUPER FORMULA του 2023 με ελαστικά απο βιώσιμο υλικό https://t.co/sz2IMUoM6n,η yokohama θα προμηθευει τη super formula του με ελαστικα απο βιωσιμο υλικο,0
"Στηρίζουμε την ελληνική κοινωνία υλοποιώντας τις προεκλογικές μας δεσμεύσεις, σε ένα ασταθές και αβέβαιο παγκόσμιο περιβάλλον https://t.co/PZvIraMTzk μέσω @mouzakinews.gr https://t.co/gzNdVdKBqU",στηριζουμε την ελληνικη κοινωνια υλοποιωντασ τισ προεκλογικεσ μασ δεσμευσεισ σε ενα ασταθεσ και αβεβαιο παγκοσμιο περιβαλλον μεσω mouzakinewsgr,0
Βιώσιμη ανάπτυξη; Γράφει ο Νίκος Παυλάτος https://t.co/5aKciqOvgi,βιωσιμη αναπτυξη γραφει ο νικοσ παυλατοσ,0
Ταραντίλης: Ο προϋπολογισμός του 2023 δημιουργεί περιβάλλον σταθερότητας και ανάπτυξης  https://t.co/k7nlh97diG,ταραντιλησ ο προϋπολογισμοσ του δημιουργει περιβαλλον σταθεροτητασ και αναπτυξησ,0
Ροκάκης: Καινοτομία και αειφορία στο επίκεντρο της περιφερειακής στρατηγικής https://t.co/UTnAJCALlt,ροκακησ καινοτομια και αειφορια στο επικεντρο τησ περιφερειακησ στρατηγικησ,0
"Ρεβεγιόν στο Grand Hotel Palace: Γιορτινά μενού σε ένα πολυτελές περιβάλλον https://t.co/eiOPQNSsIs https://t.co/8wqqgen26B 
#Grand_Hotel_Palace #Θεσσαλονίκη #Χριστουγεννιάτικο_Ρεβεγιόν #Χριστούγεννα #Ξενοδοχεία",ρεβεγιον στο grand hotel palace γιορτινα μενου σε ενα πολυτελεσ περιβαλλον grand_hotel_palace θεσσαλονικη χριστουγεννιατικο_ρεβεγιον χριστουγεννα ξενοδοχεια,0
ΚΑΙΜΕ ΟΙΚΟΛΟΓΙΚΟ ΠΕΤΡΕΛΑΙΟ ΓΙΑ ΝΑ ΦΟΡΤΙΣΟΥΜΕ ΤΗΝ ΜΠΑΤΑΡΙΑ ΕΠΕΙΔΗ ΣΕΒΟΜΑΣΤΕ ΤΟ ΠΕΡΙΒΑΛΛΟΝ.....ΜΠΕΕΕΕΕΕΕ... https://t.co/LFx0uXcgS4,καιμε οικολογικο πετρελαιο για να φορτισουμε την μπαταρια επειδη σεβομαστε το περιβαλλονμπεεεεεεε,0
«Βιώσιμη λύση στο Κυπριακό μόνο αν σέβεται δικαιώματα όλων των Κυπρίων» https://t.co/5bFGFZ45XE,βιωσιμη λυση στο κυπριακο μονο αν σεβεται δικαιωματα ολων των κυπριων,0
"Coca-Cola HBC: Η πιο βιώσιμη εταιρεία ποτών στον κόσμο, με βάση τον Δείκτη Βιώσιμης Ανάπτυξης Dow Jones (DJSI) - Ρεπορτάζ και ειδήσεις για την Οικονομία, τις Επιχειρήσεις, το Χρηματιστήριο, την Πολιτική #mononewsGR https://t.co/CLfXBuBUGl",cocacola hbc η πιο βιωσιμη εταιρεια ποτων στον κοσμο με βαση τον δεικτη βιωσιμησ αναπτυξησ dow jones djsi ρεπορταζ και ειδησεισ για την οικονομια τισ επιχειρησεισ το χρηματιστηριο την πολιτικη mononewsgr,0
"Βιώσιμη μια λύση του Κυπριακού εφόσον σέβεται τα ανθρώπινα δικαιώματα όλων των Κυπρίων, είπε η Υπουργός Δικαιοσύνης https://t.co/EZl48CzVkh",βιωσιμη μια λυση του κυπριακου εφοσον σεβεται τα ανθρωπινα δικαιωματα ολων των κυπριων ειπε η υπουργοσ δικαιοσυνησ,0
"Ρεβεγιόν στο Hyatt Regency Thessaloniki: Μοναδικές γιορτές σε φινετσάτο περιβάλλον https://t.co/eiOPQNSsIs https://t.co/NXvf42T6Fs 
#Hayatt_Regency_Thessaloniki #Χριστούγεννα #Χριστουγεννιάτικο_Δέντρο #Εορταστική_Διάθεση #Επισκέπτες #Θεσσαλονίκη #Πρωτοχρονιάτικο_Ρεβεγιόν",ρεβεγιον στο hyatt regency thessaloniki μοναδικεσ γιορτεσ σε φινετσατο περιβαλλον hayatt_regency_thessaloniki χριστουγεννα χριστουγεννιατικο_δεντρο εορταστικη_διαθεση επισκεπτεσ θεσσαλονικη πρωτοχρονιατικο_ρεβεγιον,0
RT @LykavitosGr: Σκρέκας: Για πρώτη φορά η Ε.Ε. προωθεί μέτρα για φυσικό περιβάλλον και βιοποικιλότητα  #Σκρέκας #Ευρωπαϊκή_Ένωση #Ε.Ε. htt…,rt lykavitosgr σκρεκασ για πρωτη φορα η εε προωθει μετρα για φυσικο περιβαλλον και βιοποικιλοτητα σκρεκασ ευρωπαϊκη_ενωση εε htt,0
RT @LykavitosGr: Σκρέκας: Για πρώτη φορά η Ε.Ε. προωθεί μέτρα για φυσικό περιβάλλον και βιοποικιλότητα  #Σκρέκας #Ευρωπαϊκή_Ένωση #Ε.Ε. htt…,rt lykavitosgr σκρεκασ για πρωτη φορα η εε προωθει μετρα για φυσικο περιβαλλον και βιοποικιλοτητα σκρεκασ ευρωπαϊκη_ενωση εε htt,0
Η Energean ανακοινώνει σήμερα ότι πέτυχε νέα αναβάθμιση στην αξιολόγησή της στο πλαίσιο του Carbon Disclosure Project Κλιματική Αλλαγή από το «Β» στο «Α-»,η energean ανακοινωνει σημερα οτι πετυχε νεα αναβαθμιση στην αξιολογηση τησ στο πλαισιο του carbon disclosure project κλιματικη αλλαγη απο το β στο α,0
Ημερίδα για τη Βιώσιμη Ορεινή Ανάπτυξη στην Ελασσόνα - LarissaPress https://t.co/KH1o080f8H,ημεριδα για τη βιωσιμη ορεινη αναπτυξη στην ελασσονα larissapress,0
Ελασσόνα: Τελετή εγκαινίων και ημερίδα για τη Βιώσιμη Ορεινή Ανάπτυξη στη νέα Αίθουσα Προβολής Τοπικού Πολιτισμού-Δημοτικού Ωδείου https://t.co/g7Z4oruoeQ,ελασσονα τελετη εγκαινιων και ημεριδα για τη βιωσιμη ορεινη αναπτυξη στη νεα αιθουσα προβολησ τοπικου πολιτισμουδημοτικου ωδειου,0
"Μία νέα #χρηματοδότηση εξασφάλισε ο #Δήμος #Ξυλοκάστρου_Ευρωστίνης αφού εγκρίθηκε η «Χωριστή Διαχείριση #Βιοαποβλήτων» από το #Επιχειρησιακό #Πρόγραμμα «#Υποδομές #Μεταφορών, #Περιβάλλον και Αειφόρος #Ανάπτυξη» συνολικού #προϋπολογισμού 657.048 €
https://t.co/6w6v2wYw3u",μια νεα χρηματοδοτηση εξασφαλισε ο δημοσ ξυλοκαστρου_ευρωστινησ αφου εγκριθηκε η χωριστη διαχειριση βιοαποβλητων απο το επιχειρησιακο προγραμμα υποδομεσ μεταφορων περιβαλλον και αειφοροσ αναπτυξη συνολικου προϋπολογισμου,0
ΤτΕ: Βιώσιμο το Δημόσιο Χρέος έως το 2060 - Τι προκύπτει από τα εναλλακτικά σενάρια https://t.co/6nbEmibCAo #businessnewsgr,ττε βιωσιμο το δημοσιο χρεοσ εωσ το τι προκυπτει απο τα εναλλακτικα σεναρια businessnewsgr,0
Τράπεζα της Ελλάδας: Βιώσιμο το δημόσιο χρέος - Τι προκύπτει από τα εναλλακτικά σενάρια - https://t.co/eiOPQNSsIs https://t.co/8L43QeN1hm,τραπεζα τησ ελλαδασ βιωσιμο το δημοσιο χρεοσ τι προκυπτει απο τα εναλλακτικα σεναρια,0
Βιώσιμο το δημόσιο χρέος σύμφωνα με την Τράπεζα της Ελλάδος https://t.co/vCErWAbBZX,βιωσιμο το δημοσιο χρεοσ συμφωνα με την τραπεζα τησ ελλαδοσ,0
"Βιώσιμο το δημόσιο #χρέος σύμφωνα με την #ΤτΕ 

Τι προκύπτει από τα εναλλακτικά σενάρια

https://t.co/Bj9Hof70FD https://t.co/Mj99ODJt2A",βιωσιμο το δημοσιο χρεοσ συμφωνα με την ττε τι προκυπτει απο τα εναλλακτικα σεναρια,0
Τελικά τι μάθαμε για τη βιώσιμη μόδα μέσα στο 2022; https://t.co/UXGQMIH1Bl,τελικα τι μαθαμε για τη βιωσιμη μοδα μεσα στο,0
Αλμυρός: Ψυχολόγοι και κοινωνικοί λειτουργοί θα εξομαλύνουν το σχολικό περιβάλλον https://t.co/ThhJSV9Upi,αλμυροσ ψυχολογοι και κοινωνικοι λειτουργοι θα εξομαλυνουν το σχολικο περιβαλλον,0
Ψυχολόγοι και κοινωνικοί λειτουργοί θα εξομαλύνουν το σχολικό περιβάλλον https://t.co/msKm8HKs4B,ψυχολογοι και κοινωνικοι λειτουργοι θα εξομαλυνουν το σχολικο περιβαλλον,0
"Το https://t.co/4P5syZUoai επικοινώνησε με άτομο από το περιβάλλον του ιδιοκτήτη του τουριστικού λεωφορείου που εμπλέκεται στο τροχαίο ο οποίος ανέφερε ότι οι ιδιοκτήτες του λεωφορείου βρίσκονται καθ’ οδόν για Βουκουρέστι
#Ρουμανια 
https://t.co/cy1a8Exv5v",το επικοινωνησε με ατομο απο το περιβαλλον του ιδιοκτητη του τουριστικου λεωφορειου που εμπλεκεται στο τροχαιο ο οποιοσ ανεφερε οτι οι ιδιοκτητεσ του λεωφορειου βρισκονται καθ οδον για βουκουρεστι ρουμανια,0
Χρ. Τριαντόπουλος: Σταθερή επιδίωξή μας η συνεχής βελτίωση στις ανάγκες των πολιτών στις νέες συνθήκες που έχει διαμορφώσει η κλιματική κρίση https://t.co/B4yNMe2tLD,χρ τριαντοπουλοσ σταθερη επιδιωξη μασ η συνεχησ βελτιωση στισ αναγκεσ των πολιτων στισ νεεσ συνθηκεσ που εχει διαμορφωσει η κλιματικη κριση,0
".@CTriantopoulos στο ΑΠΕ-ΜΠΕ: Σταθερή επιδίωξή μας η συνεχής βελτίωση για να ανταποκρινόμαστε στις ανάγκες των πολιτών στις νέες συνθήκες που έχει διαμορφώσει η κλιματική κρίση 

https://t.co/pVM4cesvLa https://t.co/fzFGW2kvnm",ctriantopoulos στο απεμπε σταθερη επιδιωξη μασ η συνεχησ βελτιωση για να ανταποκρινομαστε στισ αναγκεσ των πολιτων στισ νεεσ συνθηκεσ που εχει διαμορφωσει η κλιματικη κριση,0
Μέχρι πότε θα είναι βιώσιμο το ελληνικό χρέος – Η αριθμητική https://t.co/BdAuzj6dYU #Sasmos #kaneotikoimasai #gntmgr #Pagidevmenoi #GiTisElias,μεχρι ποτε θα ειναι βιωσιμο το ελληνικο χρεοσ η αριθμητικη sasmos kaneotikoimasai gntmgr pagidevmenoi gitiselias,0
RT @CostasKadis: Ακάμας: Από τους σχεδιασμούς στα έργα. Κατεδάφιση παράνομων υποστατικών και έναρξη έργων βελτίωσης οδικού δικτύου με φιλικ…,rt costaskadis ακαμασ απο τουσ σχεδιασμουσ στα εργα κατεδαφιση παρανομων υποστατικων και εναρξη εργων βελτιωσησ οδικου δικτυου με φιλικ,0
"Αυτό που μπορούμε να κάνουμε, ωστόσο, είναι να αποτρέψουμε το σπίτι μας από αυτές τις μυρωδιές του σκύλου μας, οι οποίες θα δημιουργήσουν ένα πολύ πιο φρέσκο περιβάλλον.

#hernewsgr 

https://t.co/FMe8nsLT2k",αυτο που μπορουμε να κανουμε ωστοσο ειναι να αποτρεψουμε το σπιτι μασ απο αυτεσ τισ μυρωδιεσ του σκυλου μασ οι οποιεσ θα δημιουργησουν ενα πολυ πιο φρεσκο περιβαλλον hernewsgr,0
ΖeniΘ: Διακρίθηκε ως κορυφαίο περιβάλλον εργασίας https://t.co/pLx9M9dNzj,ζeniθ διακριθηκε ωσ κορυφαιο περιβαλλον εργασιασ,0
Βιώσιμη στρατηγική ανάπτυξης ακολουθούν επτά στις 10 ελληνικές εταιρείες https://t.co/QLyBxYplJq,βιωσιμη στρατηγικη αναπτυξησ ακολουθουν επτα στισ ελληνικεσ εταιρειεσ,0
Βιώσιμη στρατηγική ανάπτυξης ακολουθούν επτά στις 10 ελληνικές εταιρείες https://t.co/2wIxk9r9UD,βιωσιμη στρατηγικη αναπτυξησ ακολουθουν επτα στισ ελληνικεσ εταιρειεσ,0
LEROY MERLIN Ελλάδος-Εκθεση βιώσιμης ανάπτυξης 2021: Δεσμεύεται για ένα βιώσιμο σπίτι https://t.co/qil3tloTLV #businessnewsgr,leroy merlin ελλαδοσεκθεση βιωσιμησ αναπτυξησ δεσμευεται για ενα βιωσιμο σπιτι businessnewsgr,0
Τι είναι η «βιώσιμη μόδα» και γιατί είναι σημαντική; - https://t.co/6B9turhGJR https://t.co/NeF1BYbZji,τι ειναι η βιωσιμη μοδα και γιατι ειναι σημαντικη,0
Πέντε parking της Cityzen εξυπηρετούν το βιώσιμο μοντέλο ταχυμεταφορών της ACS. https://t.co/7APasB8jUN https://t.co/bzqaJP5ox5,πεντε parking τησ cityzen εξυπηρετουν το βιωσιμο μοντελο ταχυμεταφορων τησ acs,0
"Στο Ταμείο Ανάκαμψης εντάχθηκε το έργο «Δήμος Ηρακλείου Ελληνικές Έξυπνες Πόλεις – Επενδύσεις σε υποδομές και συστήματα SSC για ένα βιώσιμο και πράσινο αστικό μέλλον», εξασφαλίζοντας χρηματοδότηση 5.000.000 ευρώ… https://t.co/qoUivX9IHu",στο ταμειο ανακαμψησ ενταχθηκε το εργο δημοσ ηρακλειου ελληνικεσ εξυπνεσ πολεισ επενδυσεισ σε υποδομεσ και συστηματα ssc για ενα βιωσιμο και πρασινο αστικο μελλον εξασφαλιζοντασ χρηματοδοτηση ευρω,0
"Διαθέσιμη είναι και επίσημα η νέα, ανανεωμένη ιστοσελίδα της Δημοτικής Βιβλιοθήκης Χανίων, https://t.co/D5Xly3WtDF. Ο διαδικτυακός τόπος αναβαθμίστηκε για να προσφέρει στους επισκέπτες του ένα περιβάλλον σύγχρονο και εύκολα προσβάσιμο… https://t.co/7wsnJ0CfqG",διαθεσιμη ειναι και επισημα η νεα ανανεωμενη ιστοσελιδα τησ δημοτικησ βιβλιοθηκησ χανιων ο διαδικτυακοσ τοποσ αναβαθμιστηκε για να προσφερει στουσ επισκεπτεσ του ενα περιβαλλον συγχρονο και ευκολα προσβασιμο,0
Θέρμη: Εταιρεία τυρογάλακτος έριξε 1.700 τόνους απόβλητα στο Θερμαϊκό - Δικογραφία για περιβαλλοντική ρύπανση από την αστυνομία https://t.co/SGYbDIR84h #ΑΣΤΥΝΟΜΙΚΑ #ΘΕΡΜΗ #ΠΕΡΙΒΑΛΛΟΝ https://t.co/vtqI7uPW8B,θερμη εταιρεια τυρογαλακτοσ εριξε τονουσ αποβλητα στο θερμαϊκο δικογραφια για περιβαλλοντικη ρυπανση απο την αστυνομια αστυνομικα θερμη περιβαλλον,0
"Δέκα «στοιχήματα» θέτει το τρέχον έτος το υπουργείο Οικονομικών για την ελληνική οικονομία, η οποία καλείται να κινηθεί σε ένα περιβάλλον έντονης ρευστότητας και επιδείνωσης των μακροοικονομικών προοπτικών σε μεγάλο μέρος της παγκόσμιας οικονομίας. https://t.co/c1ZYCmqjuv",δεκα στοιχηματα θετει το τρεχον ετοσ το υπουργειο οικονομικων για την ελληνικη οικονομια η οποια καλειται να κινηθει σε ενα περιβαλλον εντονησ ρευστοτητασ και επιδεινωσησ των μακροοικονομικων προοπτικων σε μεγαλο μεροσ τησ παγκοσμιασ οικονομιασ,0
"#Βουλγαρία - @BTA_TopNews: Διαδικτυακός οδηγός παρέχει συμβουλές για βιώσιμη διαβίωση

https://t.co/y8p0L9t85W https://t.co/lQWhbLoCpP",βουλγαρια bta_topnews διαδικτυακοσ οδηγοσ παρεχει συμβουλεσ για βιωσιμη διαβιωση,0
Δεκέμβριος 2022: Ο πιο θερμός Δεκέμβριος από το 2010 https://t.co/xfaUa9IiMv #ΠΕΡΙΒΑΛΛΟΝ https://t.co/cKzwu9hSba,δεκεμβριοσ ο πιο θερμοσ δεκεμβριοσ απο το περιβαλλον,0
RT @Moneypressgr: Πώς θα είναι το περιβάλλον εργασίας το 2023 – Τρεις προβλέψεις για τον τρόπο π...  #moneypress https://t.co/tbCjtPDxOk,rt moneypressgr πωσ θα ειναι το περιβαλλον εργασιασ το τρεισ προβλεψεισ για τον τροπο π moneypress,0
Πώς θα είναι το περιβάλλον εργασίας το 2023 – Τρεις προβλέψεις για τον τρόπο π...  #moneypress https://t.co/tbCjtPDxOk,πωσ θα ειναι το περιβαλλον εργασιασ το τρεισ προβλεψεισ για τον τροπο π moneypress,0
"Μια επαναστατική μέθοδος ανακύκλωσης πλαστικών αποβλήτων μπορεί όπως φαίνεται να τα μετατρέψει σε μια φιλική στο περιβάλλον πηγή κίνησης οχημάτων.

https://t.co/5uLw9p6aSJ https://t.co/XFCyt3FGbC",μια επαναστατικη μεθοδοσ ανακυκλωσησ πλαστικων αποβλητων μπορει οπωσ φαινεται να τα μετατρεψει σε μια φιλικη στο περιβαλλον πηγη κινησησ οχηματων,0
«Κλιματική Αλλαγή και Πολιτιστική Κληρονομιά»-Διήμερο Εργαστήριο στο Διαχρονικό Μουσείο Λάρισας - LarissaPress https://t.co/T6QAx9DC4z,κλιματικη αλλαγη και πολιτιστικη κληρονομιαδιημερο εργαστηριο στο διαχρονικο μουσειο λαρισασ larissapress,0
Blue Star Ferries: Περιβαλλοντική ημερίδα «Κλιματική αλλαγή και σημερινές προκλήσεις» https://t.co/6WDD3mZhCX,blue star ferries περιβαλλοντικη ημεριδα κλιματικη αλλαγη και σημερινεσ προκλησεισ,0
"⭕ Παγκόσμια αδιαφορία των κυβερνήσεων για την κλιματική αλλαγή

✏️ Γράφει ο Παναγιώτης Τουρκοχωρίτης https://t.co/BWhtykWSDe",παγκοσμια αδιαφορια των κυβερνησεων για την κλιματικη αλλαγη γραφει ο παναγιωτησ τουρκοχωριτησ,0
Περιβαλλοντική Ημερίδα «Κλιματική Αλλαγή &amp; Σημερινές Προκλήσεις»  από την BLUE STAR FERRIES https://t.co/kcdQy7TK3x,περιβαλλοντικη ημεριδα κλιματικη αλλαγη amp σημερινεσ προκλησεισ απο την blue star ferries,0
".@joikonomou: Το 2022, παρά το δυσχερέστατο παγκόσμιο περιβάλλον, η Ελλάδα άντεξε και σημείωσε σημαντικά βήματα προόδου

https://t.co/HdYSF5Wabr https://t.co/JviXnWlwe1",joikonomou το παρα το δυσχερεστατο παγκοσμιο περιβαλλον η ελλαδα αντεξε και σημειωσε σημαντικα βηματα προοδου,0
ΠΙΝ&amp;ΙΟΝΙΟ ΠΑΝΕΠΙΣΤΗΜΙΟ – Ημερίδα στη Ζάκυνθο για το περιβάλλον https://t.co/1fRexewJIQ,πινampιονιο πανεπιστημιο ημεριδα στη ζακυνθο για το περιβαλλον,0
Τμήμα Περιβάλλοντος Ιονίου Πανεπιστημίου &amp; ΠΙΝ: Διοργανώνουν σειρά ανοιχτών ομιλιών με κεντρικό θέμα «Περιβάλλον και Επιχειρηματικότητα» https://t.co/4qKWHbrjFF,τμημα περιβαλλοντοσ ιονιου πανεπιστημιου amp πιν διοργανωνουν σειρα ανοιχτων ομιλιων με κεντρικο θεμα περιβαλλον και επιχειρηματικοτητα,0
Πόλεμος στην Ουκρανία: «Σκοτώνοντας» και το περιβάλλον https://t.co/Vj1SzI6WOU,πολεμοσ στην ουκρανια σκοτωνοντασ και το περιβαλλον,0
Βέλτιστες πρακτικές για βιώσιμη φιλοξενία https://t.co/NEDXeCRrvT,βελτιστεσ πρακτικεσ για βιωσιμη φιλοξενια,0
"Βριλήσσια – Γ. Πισιμίσης: Στις 15/1 η εκδήλωση “Νέα Προοπτική για τα Βριλήσσια: Σύγχρονη, Βιώσιμη, Ανθρώπινη Πόλη” https://t.co/YMHO0dR7yR",βριλησσια γ πισιμισησ στισ η εκδηλωση νεα προοπτικη για τα βριλησσια συγχρονη βιωσιμη ανθρωπινη πολη,0
[Κλικ και διαβάστε στο thecaller]Με «βαρύ» εγκεφαλικό στη ΜΕΘ ο τέως βασιλιάς  #Κωνσταντίνος – Περιορισμένη η επαφή του με το περιβάλλον https://t.co/aq7aq8GzJc,κλικ και διαβαστε στο thecallerμε βαρυ εγκεφαλικο στη μεθ ο τεωσ βασιλιασ κωνσταντινοσ περιορισμενη η επαφη του με το περιβαλλον,0
Σκουρλέτης: Πρωτιά του ΣΥΡΙΖΑ-ΠΣ στις εκλογές για βιώσιμη κυβέρνηση https://t.co/PUTTrWnigd,σκουρλετησ πρωτια του συριζαπς στισ εκλογεσ για βιωσιμη κυβερνηση,0
Σκουρλέτης: Πρωτιά του ΣΥΡΙΖΑ-ΠΣ στις εκλογές για βιώσιμη κυβέρνηση που θα εμπνεύσει τον κόσμο και θα δώσει απαντήσεις - https://t.co/WAQ6kGvGQc https://t.co/6hyiURXpNH,σκουρλετησ πρωτια του συριζαπς στισ εκλογεσ για βιωσιμη κυβερνηση που θα εμπνευσει τον κοσμο και θα δωσει απαντησεισ,0
Ξεκίνησε η ανακύκλωση των φυσικών χριστουγεννιάτικων δέντρων από τον δήμο Θέρμης https://t.co/IbdZBMmZkt #ΔΗΜΟΤΙΚΑ #ΔΤ #ΠΕΡΙΒΑΛΛΟΝ https://t.co/NG2sHxP1Pc,ξεκινησε η ανακυκλωση των φυσικων χριστουγεννιατικων δεντρων απο τον δημο θερμησ δημοτικα δτ περιβαλλον,0
Ενεργειακή αυτονομία και πράσινη οικονομία μέσω του ορυκτού πλούτου https://t.co/00J3TnMfhX,ενεργειακη αυτονομια και πρασινη οικονομια μεσω του ορυκτου πλουτου,0
Στις εταιρίες με το καλύτερο εργασιακό περιβάλλον στην Ελλάδα η Intrum https://t.co/Qlb4OmWuM9,στισ εταιριεσ με το καλυτερο εργασιακο περιβαλλον στην ελλαδα η intrum,0
Nέες τοιχογραφίες με θέμα το περιβάλλον «ντύνουν» με χρώμα σχολεία της Αθήνας https://t.co/w4w00xmagc,nεεσ τοιχογραφιεσ με θεμα το περιβαλλον ντυνουν με χρωμα σχολεια τησ αθηνασ,0
Εντυπωσιακές τοιχογραφίες για το περιβάλλον «ντύνουν» σχολεία της Αθήνας - https://t.co/1dNhpMXBCd https://t.co/kUowJ5E0b7,εντυπωσιακεσ τοιχογραφιεσ για το περιβαλλον ντυνουν σχολεια τησ αθηνασ,0
"Τέσσερις νέες εντυπωσιακές τοιχογραφίες με θέμα το περιβάλλον γεμίζουν χρώμα σχολεία της Αθήνας

https://t.co/Mh7DOSZ7LA",τεσσερισ νεεσ εντυπωσιακεσ τοιχογραφιεσ με θεμα το περιβαλλον γεμιζουν χρωμα σχολεια τησ αθηνασ,0
Κλείνει το διάσημο Noma στην Κοπεγχάγη... δεν είναι βιώσιμο το μοντέλο πια https://t.co/AAJWppUw4Q,κλεινει το διασημο noma στην κοπεγχαγη δεν ειναι βιωσιμο το μοντελο πια,0
"Κ. Μπακογιάννης: «Με σεβασμό στον δημόσιο χώρο, τα murals γίνονται κομμάτι της αισθητικής ταυτότητας της σύγχρονης Αθήνας»-Δήμος Αθηναίων: Τέσσερις νέες εντυπωσιακές τοιχογραφίες  με θέμα το περιβάλλον «ντύνουν» με χρώμα σχολεία της πόλης https://t.co/f9VrO3KVm0 https://t.co/VWqjqMFr2t",κ μπακογιαννησ με σεβασμο στον δημοσιο χωρο τα murals γινονται κομματι τησ αισθητικησ ταυτοτητασ τησ συγχρονησ αθηνασδημοσ αθηναιων τεσσερισ νεεσ εντυπωσιακεσ τοιχογραφιεσ με θεμα το περιβαλλον ντυνουν με χρωμα σχολεια τησ πολησ,0
Ξεκίνησε η ανακύκλωση των φυσικών χριστουγεννιάτικων δέντρων από τον δήμο Θέρμης https://t.co/IbdZBMmZkt #ΔΗΜΟΤΙΚΑ #ΔΤ #ΠΕΡΙΒΑΛΛΟΝ #ΤΟΠΙΚΑ https://t.co/wv4Elq4twh,ξεκινησε η ανακυκλωση των φυσικων χριστουγεννιατικων δεντρων απο τον δημο θερμησ δημοτικα δτ περιβαλλον τοπικα,0
Δήμος Αθηναίων: Οι τέσσερις νέες τοιχογραφίες με θέμα το περιβάλλον «ντύνουν» με χρώμα σχολεία της πόλης https://t.co/ow39QsgQmc,δημοσ αθηναιων οι τεσσερισ νεεσ τοιχογραφιεσ με θεμα το περιβαλλον ντυνουν με χρωμα σχολεια τησ πολησ,0
"Ο πρόεδρος του Επιμελητηρίου Χανίων τονίζει ότι πρέπει να δοθεί έμφαση στην Καινοτομία, την Αειφορία και την Εξωστρέφεια, προκειμένου οι επιχειρήσεις να ανταπεξέλθουν αποτελεσματικά στις προκλήσεις του νέου Οικονομικού περιβάλλοντος… https://t.co/UQ85cqHoSh",ο προεδροσ του επιμελητηριου χανιων τονιζει οτι πρεπει να δοθει εμφαση στην καινοτομια την αειφορια και την εξωστρεφεια προκειμενου οι επιχειρησεισ να ανταπεξελθουν αποτελεσματικα στισ προκλησεισ του νεου οικονομικου περιβαλλοντοσ,0
Δήμος Αθηναίων: Τέσσερις νέες εντυπωσιακές τοιχογραφίες με θέμα το περιβάλλον «ντύνουν» με χρώμα σχολεία της πόλης https://t.co/7qXhqUDQLa,δημοσ αθηναιων τεσσερισ νεεσ εντυπωσιακεσ τοιχογραφιεσ με θεμα το περιβαλλον ντυνουν με χρωμα σχολεια τησ πολησ,0
"Ο κ. Πετρίδης λέει ότι η κυβέρνηση προτείνει ολιστική αναδιαμόρφωση του συστήματος συντάξεων, με αναλογιστικό τρόπο, βιώσιμο και θεσμοθέτηση του δεύτερου πυλώνα και στον ιδιωτικό τομέα. #Κύπρος
https://t.co/4bzzvgYrf1",ο κ πετριδησ λεει οτι η κυβερνηση προτεινει ολιστικη αναδιαμορφωση του συστηματοσ συνταξεων με αναλογιστικο τροπο βιωσιμο και θεσμοθετηση του δευτερου πυλωνα και στον ιδιωτικο τομεα κυπροσ,0
"[https://t.co/bDHZLmoC6L]Ψάλτης (Alpha Bank): «Εγκαινιάζουμε ένα νέο κύκλο εξέλιξης, ως απάντηση στο νέο περιβάλλον διαρκούς κρίσης» https://t.co/eEkHHNTM6m",alpha bank εγκαινιαζουμε ενα νεο κυκλο εξελιξησ ωσ απαντηση στο νεο περιβαλλον διαρκουσ κρισησ,0
"#Πρόκειται #για #την 5η #Περιφερειακή #Ενημερωτική #ημερίδα, #που #διοργανώνεται #στο #πλαίσιο #του #έργου #life-IP #AdaptInGR #και #επιδιώκει #την #ενημέρωση και #ευαισθητοποίηση #των #πολιτών #της #Στερεάς_Ελλάδας.
#περιβάλλον #κλίμα
https://t.co/MHDFjDt61W",προκειται για την η περιφερειακη ενημερωτικη ημεριδα που διοργανωνεται στο πλαισιο του εργου lifeip adaptingr και επιδιωκει την ενημερωση και ευαισθητοποιηση των πολιτων τησ στερεασ_ελλαδασ περιβαλλον κλιμα,0
Τμήμα Περιβάλλοντος Ιονίου Πανεπιστημίου &amp; ΠΙΝ: Σειρά ανοιχτών ομιλιών με κεντρικό θέμα «Περιβάλλον και Επιχειρηματικότητα» (Βίντεο-Ολόκληρη Μετάδοση) https://t.co/roRYMcGzqW,τμημα περιβαλλοντοσ ιονιου πανεπιστημιου amp πιν σειρα ανοιχτων ομιλιων με κεντρικο θεμα περιβαλλον και επιχειρηματικοτητα βιντεοολοκληρη μεταδοση,0
Δηλαδή αν μας μιλήσει για το onlyfans τι γραφικό περιβάλλον θα χρησιμοποιήσει; https://t.co/jNnSUK1OKi,δηλαδη αν μασ μιλησει για το onlyfans τι γραφικο περιβαλλον θα χρησιμοποιησει,0
Tο Γεωπάρκο Μετεώρων-Πύλης αναδεικνύει τη Θεσσαλία σε παγκόσμιο προορισμό τουρισμού φύσης https://t.co/l62D3wb65W,tο γεωπαρκο μετεωρωνπυλησ αναδεικνυει τη θεσσαλια σε παγκοσμιο προορισμο τουρισμου φυσησ,0
Επιστολή Δένδια στον Μπορέλ: «Επικίνδυνο περιβάλλον ασφαλείας» εκ μέρους της Τουρκίας https://t.co/xEfI2x3g7Q,επιστολη δενδια στον μπορελ επικινδυνο περιβαλλον ασφαλειασ εκ μερουσ τησ τουρκιασ,0
Διπλωματικές πηγές: Επιστολή Δένδια στην ΕΕ – «Επικίνδυνο περιβάλλον ασφαλείας» εκ μέρους της Τουρκίας https://t.co/oSHd0Fe0lu,διπλωματικεσ πηγεσ επιστολη δενδια στην εε επικινδυνο περιβαλλον ασφαλειασ εκ μερουσ τησ τουρκιασ,0
"Έμφαση στο περιβάλλον και την κλιματική αλλαγή στην έκθεση του #ΟΟΣΑ για την Ελλάδα 

Προτάσεις και κατευθύνσεις 

https://t.co/Ap88ktOgI4",εμφαση στο περιβαλλον και την κλιματικη αλλαγη στην εκθεση του οοσα για την ελλαδα προτασεισ και κατευθυνσεισ,0
"Ο πρόεδρος του Επιμελητηρίου Χανίων τονίζει ότι πρέπει να δοθεί έμφαση στην Καινοτομία, την Αειφορία και την Εξωστρέφεια, προκειμένου οι επιχειρήσεις να ανταπεξέλθουν αποτελεσματικά στις προκλήσεις του νέου Οικονομικού περιβάλλοντος… https://t.co/v29xvQFfzs",ο προεδροσ του επιμελητηριου χανιων τονιζει οτι πρεπει να δοθει εμφαση στην καινοτομια την αειφορια και την εξωστρεφεια προκειμενου οι επιχειρησεισ να ανταπεξελθουν αποτελεσματικα στισ προκλησεισ του νεου οικονομικου περιβαλλοντοσ,0
Μνημόνιο συνεργασίας από ΕΜΠ και ΙΜΕ ΓΣΕΒΕΕ για την κυκλική οικονομία https://t.co/z28IlFF9Em #businessnewsgr,μνημονιο συνεργασιασ απο εμπ και ιμε γσεβεε για την κυκλικη οικονομια businessnewsgr,0
"Η ""Πρωτοβουλία Πολιτών για τη βιώσιμη Ανάπτυξη και την πρόοδο στον Δήμο Τεμπών"" για το Κέντρο Πληροφόρησης για την Κοιλάδα Τεμπών https://t.co/XH3NIEgilH",η πρωτοβουλια πολιτων για τη βιωσιμη αναπτυξη και την προοδο στον δημο τεμπων για το κεντρο πληροφορησησ για την κοιλαδα τεμπων,0
"✍🏻ΥΠΕΓΡΑΦΗ Η ΣΥΜΒΑΣΗ ΓΙΑ ΤΗΝ ΑΝΤΙΚΑΤΑΣΤΑΣΗ ΤΟΥ ΑΜΙΑΝΤΟΣΩΛΗΝΑ ΣΤΗΝ ΟΔΟ ΜΕΣΟΛΟΓΓΙΟΥ
👉🏻Με σοβαρό σχεδιασμό ένα έργο κομβικής σημασίας για το #περιβάλλον και την #υγεία όλων ξεκινά να εκτελείται https://t.co/IkxxaP45xJ",υπεγραφη η συμβαση για την αντικατασταση του αμιαντοσωληνα στην οδο μεσολογγιου με σοβαρο σχεδιασμο ενα εργο κομβικησ σημασιασ για το περιβαλλον και την υγεια ολων ξεκινα να εκτελειται,0
Η Πρωτοβουλία Πολιτών για τη βιώσιμη Ανάπτυξη και την πρόοδο στο Δήμο Τεμπών καταγγέλλει - LarissaPress https://t.co/Sf0CGfm0q3,η πρωτοβουλια πολιτων για τη βιωσιμη αναπτυξη και την προοδο στο δημο τεμπων καταγγελλει larissapress,0
Οι Αυστραλοί επιλέγουν Νάξο για βιώσιμο ταξίδι το 2023 https://t.co/VRdgZdUKuS μέσω @Naxos Press,οι αυστραλοι επιλεγουν ναξο για βιωσιμο ταξιδι το μεσω naxos press,0
"Διήμερο εργαστήριο, για την κλιματική αλλαγή και την πολιτιστική κληρονομιά, στο Διαχρονικό Μουσείο Λάρισας https://t.co/UJ3QFWr6Id",διημερο εργαστηριο για την κλιματικη αλλαγη και την πολιτιστικη κληρονομια στο διαχρονικο μουσειο λαρισασ,0
⭕ «Εχθρικό περιβάλλον η Ελλάδα για υπερασπιστές ανθρωπίνων δικαιωμάτων και δημοσιογράφους» https://t.co/IglDAOyncH,εχθρικο περιβαλλον η ελλαδα για υπερασπιστεσ ανθρωπινων δικαιωματων και δημοσιογραφουσ,0
Καλαμάτα: Τον Μάιο το 2ο Φεστιβάλ Ρομποτικής &amp; Ευφυών Συστημάτων και το Επιστημονικό Συνέδριο με θέμα «Κλιματική Αλλαγή &amp; Νέες Τεχνολογίες» https://t.co/llEL0RcS24 https://t.co/nbo636KRaU,καλαματα τον μαιο το ο φεστιβαλ ρομποτικησ amp ευφυων συστηματων και το επιστημονικο συνεδριο με θεμα κλιματικη αλλαγη amp νεεσ τεχνολογιεσ,0
"Αν και το σουβλάκι δεν μπορεί να το χαρακτηρίσει κανείς ακόμη και σήμερα «ακριβό προϊόν» μέσα μάλιστα σε ένα περιβάλλον γενικευμένης ακρίβειας, εντούτοις, γεγονός είναι ότι στο «συμβολικά» πιο φθηνό γρήγορο φαγητό, οι ανατιμήσεις που έχουν γίνει, κάθε… https://t.co/8jbXuN3x6r",αν και το σουβλακι δεν μπορει να το χαρακτηρισει κανεισ ακομη και σημερα ακριβο προϊον μεσα μαλιστα σε ενα περιβαλλον γενικευμενησ ακριβειασ εντουτοισ γεγονοσ ειναι οτι στο συμβολικα πιο φθηνο γρηγορο φαγητο οι ανατιμησεισ που εχουν γινει καθε,0
Μαρίνα Φλοίσβου: Η βιώσιμη ανάπτυξη στην πράξη https://t.co/8rlZNATg1z,μαρινα φλοισβου η βιωσιμη αναπτυξη στην πραξη,0
"ΟΟΣΑ: Mόνο με πρωτογενή πλεονάσματα 1,5% - 2% του ΑΕΠ από το 2023 καθίσταται βιώσιμο το δημόσιο χρέος https://t.co/Vwk6U3g4FX",οοσα mονο με πρωτογενη πλεονασματα του αεπ απο το καθισταται βιωσιμο το δημοσιο χρεοσ,0
RT @Moneypressgr: ΟΟΣΑ: Το συνταξιοδοτικό σύστημα στην Ελλάδα γίνεται πιο βιώσιμο  #moneypress https://t.co/tPrHxQRavP,rt moneypressgr οοσα το συνταξιοδοτικο συστημα στην ελλαδα γινεται πιο βιωσιμο moneypress,0
ΟΟΣΑ: Το συνταξιοδοτικό σύστημα στην Ελλάδα γίνεται πιο βιώσιμο  #moneypress https://t.co/tPrHxQRavP,οοσα το συνταξιοδοτικο συστημα στην ελλαδα γινεται πιο βιωσιμο moneypress,0
2ο Φεστιβάλ Ρομποτικής &amp; Ευφυών Συστημάτων – Επιστημονικό Συνέδριο με θέμα «Κλιματική Αλλαγή &amp; Νέες Τεχνολογίες» https://t.co/AjsoB90XOk https://t.co/lghI2tJZEK,ο φεστιβαλ ρομποτικησ amp ευφυων συστηματων επιστημονικο συνεδριο με θεμα κλιματικη αλλαγη amp νεεσ τεχνολογιεσ,0
Δήμος Αθηναίων : Εντυπωσιακές τοιχογραφίες για το περιβάλλον «ντύνουν» σχολεία της Αθήνας https://t.co/4cWxVBK6UZ,δημοσ αθηναιων εντυπωσιακεσ τοιχογραφιεσ για το περιβαλλον ντυνουν σχολεια τησ αθηνασ,0
"Τώρα τούτη η είδηση αυτή την εποχή γιατί δεν περνάει ούτε καν σαν μαύρο χιούμορ το βλέπει ο καθένας γύρω του και στο οικείο του ""κοντινό"" περιβάλλον. https://t.co/u9sXkdSRj1",τωρα τουτη η ειδηση αυτη την εποχη γιατι δεν περναει ουτε καν σαν μαυρο χιουμορ το βλεπει ο καθενασ γυρω του και στο οικειο του κοντινο περιβαλλον,0
Συνεχίζεται η υποβολή αιτήσεων για το μεταπτυχιακό του ΠΘ με τίτλο «Αειφόρος και Βιώσιμη Φυτική Παραγωγή» https://t.co/bsHr9qxbHp,συνεχιζεται η υποβολη αιτησεων για το μεταπτυχιακο του πθ με τιτλο αειφοροσ και βιωσιμη φυτικη παραγωγη,0
Αθήνα: Άνδρας εντοπίστηκε νεκρός στο σπίτι του - Εξετάζεται γυναίκα από το στενό περιβάλλον του https://t.co/ouGmjGRSgh,αθηνα ανδρασ εντοπιστηκε νεκροσ στο σπιτι του εξεταζεται γυναικα απο το στενο περιβαλλον του,0
Άνδρας εντοπίστηκε νεκρός στο Μοσχάτο - Εξετάζεται γυναίκα από το περιβάλλον του - https://t.co/5hjQcIw0CI https://t.co/GwZaryod60,ανδρασ εντοπιστηκε νεκροσ στο μοσχατο εξεταζεται γυναικα απο το περιβαλλον του,0
"Χρήστος Σταϊκούρας: «Στο ασταθές παγκόσμιο περιβάλλον, η Ελλάδα τα έχει καταφέρει» https://t.co/OIENwSjCQs",χρηστοσ σταϊκουρασ στο ασταθεσ παγκοσμιο περιβαλλον η ελλαδα τα εχει καταφερει,0
"Χρήστος Σταϊκούρας: «Στο ασταθές παγκόσμιο περιβάλλον, η Ελλάδα τα έχει καταφέρει» - LarissaPress https://t.co/S9UOGZUJGc",χρηστοσ σταϊκουρασ στο ασταθεσ παγκοσμιο περιβαλλον η ελλαδα τα εχει καταφερει larissapress,0
Σταικούρας: Η Ελλάδα τα έχει καταφέρει στο ασταθές παγκόσμιο περιβάλλον https://t.co/gWB8MbVHFM,σταικουρασ η ελλαδα τα εχει καταφερει στο ασταθεσ παγκοσμιο περιβαλλον,0
Eurogroup - Σταϊκούρας: Η Ελλάδα τα έχει καταφέρει παρά το ασταθές περιβάλλον - https://t.co/0DecuKYmrI,eurogroup σταϊκουρασ η ελλαδα τα εχει καταφερει παρα το ασταθεσ περιβαλλον,0
"RT @LykavitosGr: Σταϊκούρας: «Στο ασταθές παγκόσμιο περιβάλλον, η Ελλάδα τα έχει καταφέρει»  #Χρήστος_Σταικούρας #Eurogroup https://t.co/nW…",rt lykavitosgr σταϊκουρασ στο ασταθεσ παγκοσμιο περιβαλλον η ελλαδα τα εχει καταφερει χρηστοσ_σταικουρασ eurogroup,0
"RT @LykavitosGr: Σταϊκούρας: «Στο ασταθές παγκόσμιο περιβάλλον, η Ελλάδα τα έχει καταφέρει»  #Χρήστος_Σταικούρας #Eurogroup https://t.co/nW…",rt lykavitosgr σταϊκουρασ στο ασταθεσ παγκοσμιο περιβαλλον η ελλαδα τα εχει καταφερει χρηστοσ_σταικουρασ eurogroup,0
"Χρήστος Σταϊκούρας: «Στο ασταθές παγκόσμιο περιβάλλον, η Ελλάδα τα έχει καταφέρει» https://t.co/rzFNB1mz7b",χρηστοσ σταϊκουρασ στο ασταθεσ παγκοσμιο περιβαλλον η ελλαδα τα εχει καταφερει,0
".@cstaikouras : «Στο ασταθές παγκόσμιο περιβάλλον, η Ελλάδα τα έχει καταφέρει»

https://t.co/21CoQ35HwN https://t.co/hNjxzMN0Sc",cstaikouras στο ασταθεσ παγκοσμιο περιβαλλον η ελλαδα τα εχει καταφερει,0
"Σταϊκούρας στο Eurogroup: Η Ελλάδα τα έχει καταφέρει, παρά το ασταθές περιβάλλον https://t.co/0L6XWQqLST",σταϊκουρασ στο eurogroup η ελλαδα τα εχει καταφερει παρα το ασταθεσ περιβαλλον,0
"Νταβός 2023: Οικονομία, πόλεμος, κλιματική κρίση στο Παγκόσμιο Οικονομικό Φόρουμ https://t.co/FQ8iKhXev9",νταβοσ οικονομια πολεμοσ κλιματικη κριση στο παγκοσμιο οικονομικο φορουμ,0
RT @Moneypressgr: Eurogroup – Σταϊκούρας: Η Ελλάδα τα έχει καταφέρει παρά το ασταθές περιβάλλον  #moneypress https://t.co/s4rqCAv4L4 https:…,rt moneypressgr eurogroup σταϊκουρασ η ελλαδα τα εχει καταφερει παρα το ασταθεσ περιβαλλον moneypress,0
Eurogroup – Σταϊκούρας: Η Ελλάδα τα έχει καταφέρει παρά το ασταθές περιβάλλον  #moneypress https://t.co/s4rqCAv4L4 https://t.co/RqKZZ5PVKY,eurogroup σταϊκουρασ η ελλαδα τα εχει καταφερει παρα το ασταθεσ περιβαλλον moneypress,0
"Το 1ο Συμμετοχικό Εργαστήριο Εξερεύνησης &amp; Σχεδιασμού Παρεμβάσεων Φιλικών προς το Περιβάλλον στο κέντρο της πόλης διοργανώνει η Δημοτική Επιχείρηση ΚΥΔΩΝ Α.Ε., σε συνεργασία με το Πολυτεχνείο Κρήτης. https://t.co/ScI11G6hrE",το ο συμμετοχικο εργαστηριο εξερευνησησ amp σχεδιασμου παρεμβασεων φιλικων προσ το περιβαλλον στο κεντρο τησ πολησ διοργανωνει η δημοτικη επιχειρηση κυδων αε σε συνεργασια με το πολυτεχνειο κρητησ,0
Θανάσης Νασιακόπουλος: Διεκδικούμε και πραγματοποιούμε έργα που προωθούν τη βιώσιμη ανάπτυξη https://t.co/t0jdXYUZPh,θανασησ νασιακοπουλοσ διεκδικουμε και πραγματοποιουμε εργα που προωθουν τη βιωσιμη αναπτυξη,0
Δημοπρατήθηκε η μονάδα επεξεργασίας αποβλήτων στoν Αγιο Αντώνιο Θέρμης https://t.co/ZMTTz9xXb6 #ΑΓΑΝΤΩΝΙΟΣ #ΠΕΡΙΒΑΛΛΟΝ https://t.co/VZ8wndDxRm,δημοπρατηθηκε η μοναδα επεξεργασιασ αποβλητων στoν αγιο αντωνιο θερμησ αγαντωνιος περιβαλλον,0
"Χρήστος Σταϊκούρας: «Στο ασταθές παγκόσμιο περιβάλλον, η Ελλάδα τα έχει καταφέρει» https://t.co/JxvTHW6ERe",χρηστοσ σταϊκουρασ στο ασταθεσ παγκοσμιο περιβαλλον η ελλαδα τα εχει καταφερει,0
Τι απαντά το περιβάλλον του δολοφόνου της Κάρολαϊν στους γονείς της https://t.co/90OZS79nPq,τι απαντα το περιβαλλον του δολοφονου τησ καρολαϊν στουσ γονεισ τησ,0
«Κυκλική οικονομία: Ένας νέος δρόμος προοπτικής!» https://t.co/VKJRINgFWS,κυκλικη οικονομια ενασ νεοσ δρομοσ προοπτικησ,0
"#Η Κένυα κήρυξε «πόλεμο» σε #εκατομμύρια #πουλιά.
#διεθνή #περιβάλλον
https://t.co/fqR0h2thyB",η κενυα κηρυξε πολεμο σε εκατομμυρια πουλια διεθνη περιβαλλον,0
"Χρήστος Σταϊκούρας: «Η σημερινή έκδοση του 10ετούς ομολόγου ήταν επιτυχής, ενισχύουμε τη βιώσιμη ανάπτυξη της ελληνικής οικονομίας» https://t.co/5H2HmFFiFY",χρηστοσ σταϊκουρασ η σημερινη εκδοση του ετουσ ομολογου ηταν επιτυχησ ενισχυουμε τη βιωσιμη αναπτυξη τησ ελληνικησ οικονομιασ,0
Θανάσης Νασιακόπουλος: Διεκδικούμε και πραγματοποιούμε έργα που προωθούν τη βιώσιμη ανάπτυξη https://t.co/M623vzOf1D,θανασησ νασιακοπουλοσ διεκδικουμε και πραγματοποιουμε εργα που προωθουν τη βιωσιμη αναπτυξη,0
ΧΑΡΑΛΑΜΠΟΣ ΧΑΡΙΤΟΠΟΥΛΟΣ: ΒΛΑΠΤΟΥΝ ΟΙ ΑΝΕΜΟΓΕΝΝΗΤΡΙΕΣ ΤΟ ΠΕΡΙΒΑΛΛΟΝ; https://t.co/7gIagCPP91,χαραλαμπος χαριτοπουλος βλαπτουν οι ανεμογεννητριες το περιβαλλον,0
RT @LykavitosGr: Eurolife FFH: Αξία έχει να φροντίζεις για την επιχείρησή σου και στο ψηφιακό περιβάλλον  #Eurolife_FFH https://t.co/4NqrVE…,rt lykavitosgr eurolife ffh αξια εχει να φροντιζεισ για την επιχειρηση σου και στο ψηφιακο περιβαλλον eurolife_ffh,0
RT @LykavitosGr: Eurolife FFH: Αξία έχει να φροντίζεις για την επιχείρησή σου και στο ψηφιακό περιβάλλον  #Eurolife_FFH https://t.co/4NqrVE…,rt lykavitosgr eurolife ffh αξια εχει να φροντιζεισ για την επιχειρηση σου και στο ψηφιακο περιβαλλον eurolife_ffh,0
Σε έξι μήνες μικρές και μεσαίες επιχειρήσεις θα πάρουν 1 δις ευρώ για επενδύσεις σε ψηφιακά μέσα και σε πράσινη ενέργεια https://t.co/MMgo9xwoL0,σε εξι μηνεσ μικρεσ και μεσαιεσ επιχειρησεισ θα παρουν δισ ευρω για επενδυσεισ σε ψηφιακα μεσα και σε πρασινη ενεργεια,0
"«Ποιο είναι το συμφέρον του παιδιού; Να ζήσει στις Φιλιππίνες ή να ανατραφεί στο περιβάλλον που ανετράφη και ο δολοφόνος;» αναρωτήθηκε ο συνήγορος της οικογένειας της #Καρολάιν Κράουτς για το θέμα της επιμέλειας της μικρής Λυδίας. 
https://t.co/Als5rWSsgf",ποιο ειναι το συμφερον του παιδιου να ζησει στισ φιλιππινεσ η να ανατραφει στο περιβαλλον που ανετραφη και ο δολοφονοσ αναρωτηθηκε ο συνηγοροσ τησ οικογενειασ τησ καρολαιν κραουτσ για το θεμα τησ επιμελειασ τησ μικρησ λυδιασ,0
Γλυκά Νερά: Το περιβάλλον του Μπάμπη Αναγνωστόπουλου διαψεύδει επικοινωνία του με τη μικρή Λυδία https://t.co/kcJTnanDNS,γλυκα νερα το περιβαλλον του μπαμπη αναγνωστοπουλου διαψευδει επικοινωνια του με τη μικρη λυδια,0
"«Προστατεύουμε το περιβάλλον…με πράξεις»
Μια συνεργασία με σκοπό την περιβαλλοντική αφύπνιση και την υιοθέτηση μιας βιώσιμης καθημερινότητας
#WE4ALL #GreenFuture #AstraZeneca https://t.co/tru5oRy2rf",προστατευουμε το περιβαλλονμε πραξεισ μια συνεργασια με σκοπο την περιβαλλοντικη αφυπνιση και την υιοθετηση μιασ βιωσιμησ καθημερινοτητασ weall greenfuture astrazeneca,0
Ως κορυφαίο περιβάλλον εργασίας πιστοποιήθηκε η ΖeniΘ https://t.co/95XrmtOxvj,ωσ κορυφαιο περιβαλλον εργασιασ πιστοποιηθηκε η ζeniθ,0
Ως κορυφαίο περιβάλλον εργασίας πιστοποιήθηκε η ΖeniΘ https://t.co/MXAf2Tjxvc,ωσ κορυφαιο περιβαλλον εργασιασ πιστοποιηθηκε η ζeniθ,0
ΖeniΘ: Πιστοποιήθηκε ως κορυφαίο περιβάλλον εργασίας https://t.co/Agua5LMp4W #businessnewsgr,ζeniθ πιστοποιηθηκε ωσ κορυφαιο περιβαλλον εργασιασ businessnewsgr,0
H ΖeniΘ διακρίθηκε ως κορυφαίο περιβάλλον εργασίας https://t.co/KuKNAF8g16,h ζeniθ διακριθηκε ωσ κορυφαιο περιβαλλον εργασιασ,0
Πολιτιστικός Σύλλογος Μονοπήγαδου: Ολοι μαζί στη 2η φάση αναδάσωσης - Κυριακή 29/1/2023 https://t.co/NwanCOahyP #ΔΡΑΣΕΙΣ #ΕΘΕΛΟΝΤΙΣΜΟΣ #ΜΟΝΟΠΗΓΑΔΟ #ΠΕΡΙΒΑΛΛΟΝ https://t.co/GNOFIoQ1Uf,πολιτιστικοσ συλλογοσ μονοπηγαδου ολοι μαζι στη η φαση αναδασωσησ κυριακη δρασεις εθελοντισμος μονοπηγαδο περιβαλλον,0
Πάρος: Ημερίδα για τη βιώσιμη ανάπτυξη του νησιού https://t.co/Gb9lDr1aOT μέσω @Naxos Press,παροσ ημεριδα για τη βιωσιμη αναπτυξη του νησιου μεσω naxos press,0
"#Νταβός – Παγκόσμιο Οικονομικό Φόρουμ: Πανδημία, Οικονομία, Ενέργεια, Ουκρανία &amp; Περιβάλλον στην ατζέντα (video) https://t.co/DFRU2GuwN4",νταβοσ παγκοσμιο οικονομικο φορουμ πανδημια οικονομια ενεργεια ουκρανια amp περιβαλλον στην ατζεντα video,0
Το Εδιμβούργο αφαιρεί το κρέας από το μενού στα σχολεία για να μειώσει το αποτύπωμα άνθρακα https://t.co/D1D0jxQUU9,το εδιμβουργο αφαιρει το κρεασ απο το μενου στα σχολεια για να μειωσει το αποτυπωμα ανθρακα,0
Το Εδιμβούργο αφαιρεί το κρέας από το μενού στα σχολεία για να μειώσει το αποτύπωμα άνθρακα https://t.co/mEJxnIUvSj,το εδιμβουργο αφαιρει το κρεασ απο το μενου στα σχολεια για να μειωσει το αποτυπωμα ανθρακα,0
H Lidl Ελλάς δημιουργεί αξία στον δρόμο για ένα βιώσιμο αύριο - https://t.co/eiOPQNSsIs https://t.co/3yyiroCvKm #Lidl,h lidl ελλασ δημιουργει αξια στον δρομο για ενα βιωσιμο αυριο lidl,0
"💵💷10 «στοιχήματα» για την ελληνική #οικονομία το 2023
Το γράφημα αποτυπώνει τους στόχους του υπουργείου Οικονομικών για το τρέχον έτος, την ώρα που η παγκόσμια οικονομία κινείται σε ένα περιβάλλον έντονης ρευστότητας

https://t.co/GHmszVHhBH https://t.co/mVQVVzmwdx",στοιχηματα για την ελληνικη οικονομια το το γραφημα αποτυπωνει τουσ στοχουσ του υπουργειου οικονομικων για το τρεχον ετοσ την ωρα που η παγκοσμια οικονομια κινειται σε ενα περιβαλλον εντονησ ρευστοτητασ,0
ΝΑΙ ΡΕ ΜΑΛΑΚΑ ΩΡΑ ΝΑ ΦΤΙΑΞΕΙΣ ΚΑΛΥΤΕΡΟ ΣΥΣΤΗΜΑ ΟΜΒΡΙΩΝ ΥΔΑΤΩΝ....ΜΗΝ ΧΕΣΩ ΣΤΗΝ ΚΛΙΜΑΤΙΚΗ ΑΛΛΑΓΗ ΣΟΥ.... https://t.co/fEr8wHX8iy,ναι ρε μαλακα ωρα να φτιαξεις καλυτερο συστημα ομβριων υδατωνμην χεσω στην κλιματικη αλλαγη σου,0
ΚΛΙΜΑΤΙΚΗ ΑΛΛΑΓΗ ...ΓΙΑ ΤΟ ΠΕΟΣ ΟΣΟΙ ΤΗΝ ΕΠΙΚΑΛΟΥΝΤΑΙ ΛΕΕΙ ΤΟ ΑΦΕΝΤΙΚΟ ΤΟΥ WEATHER CHANNEL....#CNN #ClimateScam #GlobalWarming #climate #ScumMedia https://t.co/2uLdybeYew,κλιματικη αλλαγη για το πεος οσοι την επικαλουνται λεει το αφεντικο του weather channelcnn climatescam globalwarming climate scummedia,0
"Σε ένα όμορφο και οικογενειακό περιβάλλον η ομάδα της ΑΕ Περιβόλας έκοψε την πρωτοχρονιάτικη πίτα της στην καντίνα του ‘...
https://t.co/hsI53hCdvs",σε ενα ομορφο και οικογενειακο περιβαλλον η ομαδα τησ αε περιβολασ εκοψε την πρωτοχρονιατικη πιτα τησ στην καντινα του,0
ΟΙ ΕΠΙΠΤΩΣΕΙΣ ΤΩΝ ΕΞΟΡΥΞΕΩΝ ΤΟΥ ΠΕΤΡΕΛΑΙΟΥ ΣΤΟ ΠΕΡΙΒΑΛΛΟΝ https://t.co/RGCxchfvC2,οι επιπτωσεις των εξορυξεων του πετρελαιου στο περιβαλλον,0
"Ολοκληρώθηκε το 1ο Συμμετοχικό Εργαστήριο για το Ευρωπαϊκό Ερευνητικό Πρόγραμμα (HORIZON) στο οποίο συμμετέχει η ΚΥΔΩΝ Α.Ε., με κύριο αντικείμενο τη διερεύνηση των αναγκών και το συμμετοχικό σχεδιασμό στην εφαρμογή λύσεων φιλικών προς το περιβάλλον. https://t.co/m9uZDm0YhC",ολοκληρωθηκε το ο συμμετοχικο εργαστηριο για το ευρωπαϊκο ερευνητικο προγραμμα horizon στο οποιο συμμετεχει η κυδων αε με κυριο αντικειμενο τη διερευνηση των αναγκων και το συμμετοχικο σχεδιασμο στην εφαρμογη λυσεων φιλικων προσ το περιβαλλον,0
"H Lidl Ελλάς δημιουργεί αξία στον δρόμο για ένα βιώσιμο αύριο - Ρεπορτάζ και ειδήσεις για την Οικονομία, τις Επιχειρήσεις, το Χρηματιστήριο, την Πολιτική #mononewsGR https://t.co/eGbGiTDtxC",h lidl ελλασ δημιουργει αξια στον δρομο για ενα βιωσιμο αυριο ρεπορταζ και ειδησεισ για την οικονομια τισ επιχειρησεισ το χρηματιστηριο την πολιτικη mononewsgr,0
"#KlimaSeniorinnen
Οι ηλικιωμένες από την #Ελβετία που αγωνίζονται για κλιματική δικαιοσύνη 

#περιβάλλον #κλιματική_αλλαγή 

https://t.co/EcVOe5q2WA",klimaseniorinnen οι ηλικιωμενεσ απο την ελβετια που αγωνιζονται για κλιματικη δικαιοσυνη περιβαλλον κλιματικη_αλλαγη,0
Νίκος Βέρτης: Τι λέει το περιβάλλον του για την έξωση από νυχτερινό κέντρο της Θεσσαλονίκης - https://t.co/k8suIKVkIr https://t.co/kMSBh3iwzM,νικοσ βερτησ τι λεει το περιβαλλον του για την εξωση απο νυχτερινο κεντρο τησ θεσσαλονικησ,0
"Σε ένα όμορφο και ζεστό περιβάλλον η ομάδα του Διαγόρα Βραχναιΐκων έκοψε την πρωτοχρονιάτικη πίτα του στο Σταυροπούλειο ...
https://t.co/cicGap7KuO",σε ενα ομορφο και ζεστο περιβαλλον η ομαδα του διαγορα βραχναιΐκων εκοψε την πρωτοχρονιατικη πιτα του στο σταυροπουλειο,0
"ESG Shipping Awards: Tα πρώτα Ναυτιλιακά Βραβεία για Περιβάλλον, Κοινωνική και Εταιρική διακυβέρνηση https://t.co/XxtnlCZR1l",esg shipping awards tα πρωτα ναυτιλιακα βραβεια για περιβαλλον κοινωνικη και εταιρικη διακυβερνηση,0
"Μάντζος: Πρόοδος και σταθερότητα σημαίνει ισχυροί θεσμοί δημοκρατίας, βιώσιμο παραγωγικό μοντέλο ανάπτυξης και καλές δουλειές https://t.co/rJVT6ZwE9A",μαντζοσ προοδοσ και σταθεροτητα σημαινει ισχυροι θεσμοι δημοκρατιασ βιωσιμο παραγωγικο μοντελο αναπτυξησ και καλεσ δουλειεσ,0
ΧΑΡΑΛΑΜΠΟΣ ΧΑΡΙΤΟΠΟΥΛΟΣ: ΥΓΕΙΑ ΘΑ ΕΧΟΥΜΕ ΜΕ ΕΝΑ ΥΓΙΕΣ ΠΕΡΙΒΑΛΛΟΝ https://t.co/uSlB6xWEBi,χαραλαμπος χαριτοπουλος υγεια θα εχουμε με ενα υγιες περιβαλλον,0
Γ. Πολυχρονάκος:  “Η βιώσιμη ανάπτυξη των νησιών μας θα εξαρτηθεί από την επάρκεια νερού”. https://t.co/bliaEfXntR μέσω @Naxos Press,γ πολυχρονακοσ η βιωσιμη αναπτυξη των νησιων μασ θα εξαρτηθει απο την επαρκεια νερου μεσω naxos press,0
"Μητσοτάκης: Βαθιά ελλειμματική η Ελλάδα όσον αφορά τις ενεργειακές της ανάγκες - Ένα μεγάλο κομμάτι που παράγεται από πετρέλαιο, αέριο, θα παράγεται από πράσινη ενέργεια",μητσοτακησ βαθια ελλειμματικη η ελλαδα οσον αφορα τισ ενεργειακεσ τησ αναγκεσ ενα μεγαλο κομματι που παραγεται απο πετρελαιο αεριο θα παραγεται απο πρασινη ενεργεια,0
Μεγαλώνοντας τα παιδιά μας σε περιβάλλον «βρώμικης ενέργειας» https://t.co/ZLYQfaUqHQ,μεγαλωνοντασ τα παιδια μασ σε περιβαλλον βρωμικησ ενεργειασ,0
Ιδιαίτερα θετικές εντυπώσεις άφησε στο Ταλίν η παρουσίαση του Ολοκληρωμένου Σχεδίου Δράσης για την υλοποίηση του οράματος: «Ηράκλειο: Έξυπνος – Ανθεκτικός – Βιώσιμος Δήμος» https://t.co/Me0yT52qam,ιδιαιτερα θετικεσ εντυπωσεισ αφησε στο ταλιν η παρουσιαση του ολοκληρωμενου σχεδιου δρασησ για την υλοποιηση του οραματοσ ηρακλειο εξυπνοσ ανθεκτικοσ βιωσιμοσ δημοσ,0
Public: Νέα φιλική προς το περιβάλλον υπηρεσία 24ωρης παραλαβής από locker σε περισσότερα από 1.200 σημεία πανελλαδικά   https://t.co/3ZHLorxtDW https://t.co/wFEl3Hha6M,public νεα φιλικη προσ το περιβαλλον υπηρεσια ωρησ παραλαβησ απο locker σε περισσοτερα απο σημεια πανελλαδικα,0
Στη Λάρισα στελέχη της Παγκόσμιας Τράπεζας για τη βιώσιμη ανάπτυξη της πόλης https://t.co/qnCO6rGbjU,στη λαρισα στελεχη τησ παγκοσμιασ τραπεζασ για τη βιωσιμη αναπτυξη τησ πολησ,0
Στη Λάρισα στελέχη της Παγκόσμιας Τράπεζας για τη βιώσιμη ανάπτυξη της πόλης https://t.co/TYyMbOpmMD,στη λαρισα στελεχη τησ παγκοσμιασ τραπεζασ για τη βιωσιμη αναπτυξη τησ πολησ,0
ΕΥ: Οι 10 γεωπολιτικές εξελίξεις που θα επηρεάσουν το επιχειρηματικό περιβάλλον το 2023 - https://t.co/8bhSsrEg6s https://t.co/3mJKB0QkCw,ευ οι γεωπολιτικεσ εξελιξεισ που θα επηρεασουν το επιχειρηματικο περιβαλλον το,0
Το «περιβάλλον» στοιχείο διεκδίκησης δράσεων - έργων και όχι εργαλείο εξυπηρέτησης ιδεοληψιών και συμφερόντων - LarissaPress https://t.co/Xig1Id4gWZ,το περιβαλλον στοιχειο διεκδικησησ δρασεων εργων και οχι εργαλειο εξυπηρετησησ ιδεοληψιων και συμφεροντων larissapress,0
"ΕΥ: Οι 10 γεωπολιτικές εξελίξεις που θα επηρεάσουν το επιχειρηματικό περιβάλλον το 2023

https://t.co/eS3iuu5xV4",ευ οι γεωπολιτικεσ εξελιξεισ που θα επηρεασουν το επιχειρηματικο περιβαλλον το,0
Στη Λάρισα στελέχη της Παγκόσμιας Τράπεζας για τη βιώσιμη ανάπτυξη της πόλης - LarissaPress https://t.co/6OBavQukWO,στη λαρισα στελεχη τησ παγκοσμιασ τραπεζασ για τη βιωσιμη αναπτυξη τησ πολησ larissapress,0
ΕΒΕ Ξάνθης: Eκδήλωση με τίτλο «Κυκλική Οικονομία &amp; Τουρισμός» https://t.co/PQ9cZ5ty5P,εβε ξανθησ eκδηλωση με τιτλο κυκλικη οικονομια amp τουρισμοσ,0
"Τις τελευταίες μέρες παρατηρήθηκε και πάλι το καταστροφικό για το περιβάλλον, φαινόμενο της εκτός δρόμου οδήγησης με μηχανοκίνητα οχήματα στα μικρά και μεγάλα οροπέδια του Ψηλορείτη, εντός των διοικητικών ορίων του Δήμου Ανωγείων… https://t.co/JW6dOLJzcH",τισ τελευταιεσ μερεσ παρατηρηθηκε και παλι το καταστροφικο για το περιβαλλον φαινομενο τησ εκτοσ δρομου οδηγησησ με μηχανοκινητα οχηματα στα μικρα και μεγαλα οροπεδια του ψηλορειτη εντοσ των διοικητικων οριων του δημου ανωγειων,0
Κόβει την πίτα του ο ΣΒΘΣΕ με εκδήλωση για την Βιώσιμη Ανάπτυξη και την Κυκλική Οικονομία https://t.co/4Ghxpi4l6D,κοβει την πιτα του ο σβθσε με εκδηλωση για την βιωσιμη αναπτυξη και την κυκλικη οικονομια,0
ΕΥ: Οι 10 γεωπολιτικές εξελίξεις που θα επηρεάσουν το επιχειρηματικό περιβάλλον το 2023 https://t.co/LzfGJmtf7J,ευ οι γεωπολιτικεσ εξελιξεισ που θα επηρεασουν το επιχειρηματικο περιβαλλον το,0
Η «Νύχτα των μεγάλων μαχαιριών» στο Κίεβο με νέα παραίτηση από το περιβάλλον του Ζελένσκι https://t.co/zYYx1EUtjq #volontimirzelenski,η νυχτα των μεγαλων μαχαιριων στο κιεβο με νεα παραιτηση απο το περιβαλλον του ζελενσκι volontimirzelenski,0
SKAG: Πιστοποίηση από Quality Net Foundation σε βιώσιμη ανάπτυξη και υπεύθυνη επιχειρηματικότητα https://t.co/nnJZ9jldEA #businessnewsgr,skag πιστοποιηση απο quality net foundation σε βιωσιμη αναπτυξη και υπευθυνη επιχειρηματικοτητα businessnewsgr,0
"RT @cultureGR: ✨Όλη η Ελλάδα ένας Πολιτισμός 2023✨

Ανακοινώνεται πρόσκληση υποβολής προτάσεων για συμμετοχή στο πρόγραμμα του Θεσμού.

Από…",rt culturegr ολη η ελλαδα ενασ πολιτισμοσ ανακοινωνεται προσκληση υποβολησ προτασεων για συμμετοχη στο προγραμμα του θεσμου απο,0
Παρούσα η Κλιματική αλλαγή – Τα συμπεράσματα ημερίδας στον Βόλο υπό τον Υπουργό Χρ. Στυλιανίδη https://t.co/CjipiDG6Ye,παρουσα η κλιματικη αλλαγη τα συμπερασματα ημεριδασ στον βολο υπο τον υπουργο χρ στυλιανιδη,0
"o Δήμος Πλατανιά θα παρουσιάσει τα προβλήματα, τις προκλήσεις αλλά και τα συμπεράσματα από τα συμμετοχικά εργαστήρια που έλαβαν χώρα τα προηγούμενα χρόνια καθώς και τα έργα- υποδομές που έχουν γίνει για τη μετάβαση σε βιώσιμη περιοχή. https://t.co/BTAPC4zYuL",o δημοσ πλατανια θα παρουσιασει τα προβληματα τισ προκλησεισ αλλα και τα συμπερασματα απο τα συμμετοχικα εργαστηρια που ελαβαν χωρα τα προηγουμενα χρονια καθωσ και τα εργα υποδομεσ που εχουν γινει για τη μεταβαση σε βιωσιμη περιοχη,0
Η μισή Gen Z δηλώνει πρόθυμη να δεχτεί βραχυπρόθεσμους οικονομικούς περιορισμούς για ένα πιο βιώσιμο μέλλον https://t.co/8UpveZLiKS https://t.co/SZeyBiVhkx,η μιση gen z δηλωνει προθυμη να δεχτει βραχυπροθεσμουσ οικονομικουσ περιορισμουσ για ενα πιο βιωσιμο μελλον,0
Η μισή Gen Z δηλώνει πρόθυμη να δεχτεί βραχυπρόθεσμους οικονομικούς περιορισμούς για ένα πιο βιώσιμο μέλλον https://t.co/S6ED32bEaJ,η μιση gen z δηλωνει προθυμη να δεχτει βραχυπροθεσμουσ οικονομικουσ περιορισμουσ για ενα πιο βιωσιμο μελλον,0
Κώστας Σκρέκας στη ΟΝΝΕΔ: «Χρέος μας να κάνουμε την κυκλική οικονομία αναπόσπαστο κομμάτι της καθημερινότητάς μας» https://t.co/VTCfQWzI4W,κωστασ σκρεκασ στη οννεδ χρεοσ μασ να κανουμε την κυκλικη οικονομια αναποσπαστο κομματι τησ καθημερινοτητασ μασ,0
Οι 10 παγκόσμιες τάσεις που θα επηρεάσουν καθοριστικά το επιχειρηματικό περιβάλλον το 2023 https://t.co/CSAk1yvNAn,οι παγκοσμιεσ τασεισ που θα επηρεασουν καθοριστικα το επιχειρηματικο περιβαλλον το,0
H SKAG πιστοποιήθηκε από το Quality Net Foundation στην βιώσιμη ανάπτυξη και τη υπεύθυνη επιχειρηματικότητα - https://t.co/6WersNjVyB https://t.co/8SWFpwhDQi,h skag πιστοποιηθηκε απο το quality net foundation στην βιωσιμη αναπτυξη και τη υπευθυνη επιχειρηματικοτητα,0
Ημερίδα με θέμα την «Βιώσιμη Ανάπτυξη του Τουρισμού στα Ιόνια Νησιά» https://t.co/OldHMBH2P2,ημεριδα με θεμα την βιωσιμη αναπτυξη του τουρισμου στα ιονια νησια,0
RT @TheOpinion_News: Το Περιαστικό Δάσος της Θεσσαλονίκης μέσα από τα μάτια των ειδικών: Ένα βιβλίο για την ιστορία και το φυσικό περιβάλλο…,rt theopinion_news το περιαστικο δασοσ τησ θεσσαλονικησ μεσα απο τα ματια των ειδικων ενα βιβλιο για την ιστορια και το φυσικο περιβαλλο,0
"ΣΥΡΙΖΑ: Καλεί σε διαμαρτυρία έξω από τον Άρειο Πάγο για βιώσιμη λύση στο ιδιωτικό χρέος,
https://t.co/pATttd6Nn2,",συριζα καλει σε διαμαρτυρια εξω απο τον αρειο παγο για βιωσιμη λυση στο ιδιωτικο χρεοσ,0
"Χρ. Σταϊκούρας στο Eurogroup: “Στο ασταθές παγκόσμιο περιβάλλον, η Ελλάδα τα έχει καταφέρει” https://t.co/vaW4GXMzT0",χρ σταϊκουρασ στο eurogroup στο ασταθεσ παγκοσμιο περιβαλλον η ελλαδα τα εχει καταφερει,0
"#Cyprus 
Το Πλαίσιο Πολιτικής για τη βιώσιμη χρηματοδότηση επιτρέπει πρόσβαση σε πρόσθετες πηγές χρηματοδότησης, αναφέρει ο ΥΠΟΙΚ @Petrides_C 
https://t.co/UrTPnuWa7c",cyprus το πλαισιο πολιτικησ για τη βιωσιμη χρηματοδοτηση επιτρεπει προσβαση σε προσθετεσ πηγεσ χρηματοδοτησησ αναφερει ο υποικ petrides_c,0
"⭕ Στην «άνοδο του Αρτούρο Ούι», ο Μπρεχτ ανασυνθέτει την ιστορία και μεταφέρει τη δράση στο γκανγκστερικό περιβάλλον της Αμερικής του μεσοπολέμου την εποχή της μεγάλης οικονομικής κρίσης.

🎙️ Συνέντευξη στην Ηλέκτρα Ζαργάνη και το Docville https://t.co/OADBl9e8mW",στην ανοδο του αρτουρο ουι ο μπρεχτ ανασυνθετει την ιστορια και μεταφερει τη δραση στο γκανγκστερικο περιβαλλον τησ αμερικησ του μεσοπολεμου την εποχη τησ μεγαλησ οικονομικησ κρισησ συνεντευξη στην ηλεκτρα ζαργανη και το docville,0
Μερόπη Υδραίου: Ξεκίνησε ο διαγωνισμός για μόνιμη και βιώσιμη λύση στην υδροδότηση του νησιού - https://t.co/s4SgwAfUee,μεροπη υδραιου ξεκινησε ο διαγωνισμοσ για μονιμη και βιωσιμη λυση στην υδροδοτηση του νησιου,0
"Σπύρος Κροκίδης: «Ναι στη μαρίνα Mega Yacht, αλλά και άμεση, οριστική και βιώσιμη λύση για την απρόσκοπτη λειτουργία των Καρνάγιων» - https://t.co/qhyBxFqXa5",σπυροσ κροκιδησ ναι στη μαρινα mega yacht αλλα και αμεση οριστικη και βιωσιμη λυση για την απροσκοπτη λειτουργια των καρναγιων,0
"Βιώσιμη γαστρονομία και Επιχειρηματικότητα
https://t.co/F4qeh4rVoL https://t.co/pgLrEinNSj",βιωσιμη γαστρονομια και επιχειρηματικοτητα,0
ΣΒΘΣΕ: Βιώσιμη Ανάπτυξη και Κυκλική Οικονομία (live) https://t.co/M0IVxMKD2n,σβθσε βιωσιμη αναπτυξη και κυκλικη οικονομια live,0
Εκδήλωση για την κλιματικη αλλαγή πραγματοποίησε το 7ο Δημοτικό Σχολείο Βέροιας(https://t.co/LdcMvFuP3Q),εκδηλωση για την κλιματικη αλλαγη πραγματοποιησε το ο δημοτικο σχολειο βεροιασ,0
Κλιματική αλλαγή: 4 πράγματα που μπορούμε να κάνουμε για να μειώσουμε το ανθρακικό μας αποτύπωμα - https://t.co/KHhcQZhjAS https://t.co/qyYIAoKcAN,κλιματικη αλλαγη πραγματα που μπορουμε να κανουμε για να μειωσουμε το ανθρακικο μασ αποτυπωμα,0
Σε 48ωρη απεργία οι καλλιτέχνες παρά τις εξαγγελίες Μητσοτάκη - «Στο άγονο περιβάλλον συνεχίζουμε τις κινητοποιήσεις» - LarissaPress https://t.co/fcnuI6H35v,σε ωρη απεργια οι καλλιτεχνεσ παρα τισ εξαγγελιεσ μητσοτακη στο αγονο περιβαλλον συνεχιζουμε τισ κινητοποιησεισ larissapress,0
"#Cyprus #Greece #climatecrisis #civilprotection 
Συνεργασία Κύπρου-Ελλάδας για κλιματική κρίση και πολιτική προστασία συζήτησαν Κασουλίδης-Στυλιανίδης 
@IKasoulides @StylianidesEU @CyprusMFA @demetris_dem 
https://t.co/J6UT8ZD6Mp",cyprus greece climatecrisis civilprotection συνεργασια κυπρουελλαδασ για κλιματικη κριση και πολιτικη προστασια συζητησαν κασουλιδησστυλιανιδησ ikasoulides stylianideseu cyprusmfa demetris_dem,0
Στο επίκεντρο βιώσιμη ανάπτυξη και κυκλική οικονομία (βίντεο και φωτογραφίες) https://t.co/jKF5tymLLq,στο επικεντρο βιωσιμη αναπτυξη και κυκλικη οικονομια βιντεο και φωτογραφιεσ,0
ΠΡΑΣΙΝΗ ΕΠΑΝΑΣΤΑΣΗ - ΠΕΡΙΒΑΛΛΟΝ https://t.co/wsoFcD7K6f,πρασινη επανασταση περιβαλλον,0
"Ν. Ανδρουλάκης: Δυνατό ΠΑΣΟΚ σημαίνει δυνατή Ελλάδα με βιώσιμη ανάπτυξη, ισχυρούς θεσμούς και δίκαιη κοινωνία https://t.co/z8iHFWAhK5",ν ανδρουλακησ δυνατο πασοκ σημαινει δυνατη ελλαδα με βιωσιμη αναπτυξη ισχυρουσ θεσμουσ και δικαιη κοινωνια,0
Παρουσίαση του βιβλίου του Ζήση Αργυρόπουλου «Κλιματική αλλαγή: Προετοιμάζοντας τη Θεσσαλία» https://t.co/vg0PuSHjjO μέσω @mouzakinews.gr https://t.co/KVFPCiCXAC,παρουσιαση του βιβλιου του ζηση αργυροπουλου κλιματικη αλλαγη προετοιμαζοντασ τη θεσσαλια μεσω mouzakinewsgr,0
"Αναγνωστική Εταιρεία Κέρκυρας: Ομιλία του Καθηγητή Ιολογίας της Ιατρικής Σχολής του Πανεπιστημίου Κρήτης κ. Γιώργου Σουρβίνου, με θέμα: «Πανδημίες και κλιματική αλλαγή». https://t.co/pUVrijMYhr",αναγνωστικη εταιρεια κερκυρασ ομιλια του καθηγητη ιολογιασ τησ ιατρικησ σχολησ του πανεπιστημιου κρητησ κ γιωργου σουρβινου με θεμα πανδημιεσ και κλιματικη αλλαγη,0
Τίποτα δεν άλλαξε ζούμε τα ίδια σε hi-tech περιβάλλον μόνο που ο παγκόσμιος δικτάτορας αυτή την φορά θα έχει όλη την ενέργεια του σατανά. https://t.co/66B5GPoUQv,τιποτα δεν αλλαξε ζουμε τα ιδια σε hitech περιβαλλον μονο που ο παγκοσμιοσ δικτατορασ αυτη την φορα θα εχει ολη την ενεργεια του σατανα,0
"Περιφέρεια Αττικής, ΕΔΣΝΑ &amp; 1.500 αρτοποιοί, «ανοίγουν» το δρόμο στην κυκλική οικονομία https://t.co/ppIart04g0",περιφερεια αττικησ εδσνα amp αρτοποιοι ανοιγουν το δρομο στην κυκλικη οικονομια,0
Η Dell Technologies προωθεί την εξέλιξη του Concept Luna που δείχνει το δρόμο για το βιώσιμο PC του μέλλοντος https://t.co/vKYWsAvtMZ,η dell technologies προωθει την εξελιξη του concept luna που δειχνει το δρομο για το βιωσιμο pc του μελλοντοσ,0
Οι δραστηριότητες του Κέντρου Περιβαλλοντικής Εκπαίδευσης και Αειφορίας (ΚΕ.Π.Ε.Α) Δ.Θέρμης στο Λειβάδι https://t.co/yCu6bY9Xyh #ΛΙΒΑΔΙ #ΠΕΡΙΒΑΛΛΟΝ https://t.co/j5zvpCK7oZ,οι δραστηριοτητεσ του κεντρου περιβαλλοντικησ εκπαιδευσησ και αειφοριασ κεπεα δθερμησ στο λειβαδι λιβαδι περιβαλλον,0
ΚΑΙ ΑΥΤΗ ΕΠΑΘΕ ΚΛΙΜΑΤΙΚΗ ΑΛΛΑΓΗ... ΕΦΑΓΕ ΠΟΛΛΑ ΑΥΓΑ... ΑΚΟΥΓΟΝΤΑΣ ΔΥΝΑΤΑ  ΜΟΥΣΙΚΗ... ΚΑΙ ....#ξαφνικιτιδα https://t.co/4O6201KD93,και αυτη επαθε κλιματικη αλλαγη εφαγε πολλα αυγα ακουγοντας δυνατα μουσικη και ξαφνικιτιδα,0
"Έκθεση Βιώσιμης Ανάπτυξης του Ομίλου ΔΕΗ 2021: Ενδυναμώνουμε τη συμβολή μας στην επίτευξη των Στόχων Βιώσιμης Ανάπτυξης (SDGs) με σεβασμό στο περιβάλλον και τις επόμενες γενιές,
https://t.co/Q0z3KSAFqY,",εκθεση βιωσιμησ αναπτυξησ του ομιλου δεη ενδυναμωνουμε τη συμβολη μασ στην επιτευξη των στοχων βιωσιμησ αναπτυξησ sdgs με σεβασμο στο περιβαλλον και τισ επομενεσ γενιεσ,0
Διαγωνισμός φωτογραφίας με θέμα «Το μέλλον που θέλουμε - βιώσιμη ανάπτυξη» https://t.co/8E6ad4jLQ7 #ΔΙΑΓΩΝΙΣΜΟΙ #ΔΤ #ΣΧΟΛΙΚΑ #ΦΩΤΟΓΡΑΦΙΑ https://t.co/Sa5yZ74P2j,διαγωνισμοσ φωτογραφιασ με θεμα το μελλον που θελουμε βιωσιμη αναπτυξη διαγωνισμοι δτ σχολικα φωτογραφια,0
"RT @pprodromou: Το καινούριο νηπιαγωγείο στο Φρέναρος. 70 παιδιά σε ένα σύγχρονο και φροντισμένο, όμορφο περιβάλλον. https://t.co/BRmVa941I0",rt pprodromou το καινουριο νηπιαγωγειο στο φρεναροσ παιδια σε ενα συγχρονο και φροντισμενο ομορφο περιβαλλον,0
Διαγωνισμός καινοτόμων και έξυπνων λύσεων για νησιωτικούς προορισμούς με πρόσημο την αειφορία https://t.co/RhepPpWjYI,διαγωνισμοσ καινοτομων και εξυπνων λυσεων για νησιωτικουσ προορισμουσ με προσημο την αειφορια,0
"Κυριάκος Μητσοτάκης στη συνάντηση με Νίκο Αναστασιάδη: Θα πετύχουμε μια δίκαιη, βιώσιμη και λειτουργική λύση του Κυπριακού https://t.co/OkrrCC3Oy2",κυριακοσ μητσοτακησ στη συναντηση με νικο αναστασιαδη θα πετυχουμε μια δικαιη βιωσιμη και λειτουργικη λυση του κυπριακου,0
"RT @amirasgiorgos: Ελλάδα και Κύπρος σε κοινό αγώνα, ενάντια στην κλιματική κρίση.
Σήμερα, εδώ στην Λευκωσία από κοινού  με τον Υπουργό Περ…",rt amirasgiorgos ελλαδα και κυπροσ σε κοινο αγωνα εναντια στην κλιματικη κριση σημερα εδω στην λευκωσια απο κοινου με τον υπουργο περ,0
Σε επαγρύπνηση για τους υγροτόπους της Θεσσαλονίκης με αφορμή την Παγκόσμια Ημέρα σήμερα 2 Φεβρουαρίου https://t.co/uaJPEiraP7 #ΕΛΛΑΔΑ #ΖΩΑ #ΠΑΓΚΟΣΜΙΑΗΜΕΡΑ #ΠΕΡΙΒΑΛΛΟΝ https://t.co/xpZg8gpjO9,σε επαγρυπνηση για τουσ υγροτοπουσ τησ θεσσαλονικησ με αφορμη την παγκοσμια ημερα σημερα φεβρουαριου ελλαδα ζωα παγκοσμιαημερα περιβαλλον,0
Επι τάπητος η βιώσιμη τουριστική ανάπτυξη σε ημερίδα της Περιφέρειας Ιονίων Νήσων - ΕΝΗΜΕΡΩΣΗ On Line https://t.co/T7r3NNlEFB,επι ταπητοσ η βιωσιμη τουριστικη αναπτυξη σε ημεριδα τησ περιφερειασ ιονιων νησων ενημερωση on line,0
Δοκιμαστική πτήση με «βιώσιμο» καύσιμο πραγματοποίησε η Emirates https://t.co/LNgU4OufE1,δοκιμαστικη πτηση με βιωσιμο καυσιμο πραγματοποιησε η emirates,0
"Νέα Τάξη Πραγμάτων: Συνθετικό κρέας και άλευρα από έντομα – Η διατροφική παράνοια που μας σερβίρεται ως «βιώσιμη επανάσταση» #κυβερνηση_Μητσοτακη #ΣΥΡΙΖΑ #ΝΔ #ΕΛΛΑΔΑ 

https://t.co/kZyTC1zo4y",νεα ταξη πραγματων συνθετικο κρεασ και αλευρα απο εντομα η διατροφικη παρανοια που μασ σερβιρεται ωσ βιωσιμη επανασταση κυβερνηση_μητσοτακη συριζα νδ ελλαδα,0
"Το στενό περιβάλλον του Παύλου ενημερώνεται διαρκώς για τα όσα συμβαίνουν στην Ελλάδα
https://t.co/pLC0nUrU17",το στενο περιβαλλον του παυλου ενημερωνεται διαρκωσ για τα οσα συμβαινουν στην ελλαδα,0
"Aναβάλλεται η παρουσίαση του βιβλίου με τίτλο «Κλιματική αλλαγή, προετοιμάζοντας τη Θεσσαλία».  https://t.co/ky6DooVdzc μέσω @mouzakinews.gr",aναβαλλεται η παρουσιαση του βιβλιου με τιτλο κλιματικη αλλαγη προετοιμαζοντασ τη θεσσαλια μεσω mouzakinewsgr,0
Ρ. Κράτσα: «Η ΠΙΝ ξεκινά τη συζήτηση για την Βιώσιμη Τουριστική Ανάπτυξη». https://t.co/J6hWgZ0E31,ρ κρατσα η πιν ξεκινα τη συζητηση για την βιωσιμη τουριστικη αναπτυξη,0
"Ρόδη Κράτσα-Τσαγκαροπούλου: «Η ΠΙΝ, πρώτη απ’ όλους στην Ελλάδα,  ξεκινά τη συζήτηση για τον καθορισμό του πλαισίου,  που απαιτείται για Βιώσιμη",ροδη κρατσατσαγκαροπουλου η πιν πρωτη απ ολουσ στην ελλαδα ξεκινα τη συζητηση για τον καθορισμο του πλαισιου που απαιτειται για βιωσιμη,0
Φωτορύπανση: Οι συνέπειες στους ζωντανούς οργανισμούς και το περιβάλλον https://t.co/f6qyS0rusw,φωτορυπανση οι συνεπειεσ στουσ ζωντανουσ οργανισμουσ και το περιβαλλον,0
"Ρόδη Κράτσα: «Η ΠΙΝ, πρώτη απ’ όλους στην Ελλάδα, ξεκινά τη συζήτηση για τον καθορισμό του πλαισίου για Βιώσιμη Τουριστική Ανάπτυξη» https://t.co/DmLG0aaQog",ροδη κρατσα η πιν πρωτη απ ολουσ στην ελλαδα ξεκινα τη συζητηση για τον καθορισμο του πλαισιου για βιωσιμη τουριστικη αναπτυξη,0
"Επίσκεψη Χρ. Ταραντίλη στο Δημοκρίτειο Πανεπιστήμιο Θράκης: Έρευνα και καινοτομία για βιώσιμη περιφερειακή ανάπτυξη 

https://t.co/pePJBMB3d3 https://t.co/q63RZw2yOW",επισκεψη χρ ταραντιλη στο δημοκριτειο πανεπιστημιο θρακησ ερευνα και καινοτομια για βιωσιμη περιφερειακη αναπτυξη,0
Έλενα Ράπτη: «9 στις 10 η σεξουαλική κακοποίηση ανηλίκων προέρχεται από το οικείο περιβάλλον» https://t.co/KqZfnFWOaQ #anilikoi #elenarapti #thymata #sexoyalikikakopoiisi,ελενα ραπτη στισ η σεξουαλικη κακοποιηση ανηλικων προερχεται απο το οικειο περιβαλλον anilikoi elenarapti thymata sexoyalikikakopoiisi,0
"Σε ζεστό και όμορφο περιβάλλον η κοπή πίτας της «Μέριμνας Παιδιού Καβάλας» (φωτογραφίες) - Καβάλα, Πρωϊνή, Ραδιόφωνο, Εφημερίδα της Καβάλας, νέα, καβάλα ειδήσεις, μικρές αγγελίες https://t.co/ySKY8XpNyd",σε ζεστο και ομορφο περιβαλλον η κοπη πιτασ τησ μεριμνασ παιδιου καβαλασ φωτογραφιεσ καβαλα πρωϊνη ραδιοφωνο εφημεριδα τησ καβαλασ νεα καβαλα ειδησεισ μικρεσ αγγελιεσ,0
"Κρήτη | Ενέργεια, υγιεινή και ασφάλεια προτεραιότητες για βιώσιμο τουρισμό https://t.co/kzHTi9NaP5",κρητη ενεργεια υγιεινη και ασφαλεια προτεραιοτητεσ για βιωσιμο τουρισμο,0
Πιστοποίηση για το εργασιακό της περιβάλλον έλαβε η Cardlink https://t.co/gCRAKxHvSE,πιστοποιηση για το εργασιακο τησ περιβαλλον ελαβε η cardlink,0
Πιστοποίηση για το εργασιακό της περιβάλλον έλαβε η Cardlink https://t.co/M972oKSflD,πιστοποιηση για το εργασιακο τησ περιβαλλον ελαβε η cardlink,0
Τα γεράκια του Δήμου Λαρισαίων σε ημερίδα για την αντιμετώπιση των κορακοειδών σε αστικό περιβάλλον ⋆ TirnavosPress https://t.co/DRutkBuAvg,τα γερακια του δημου λαρισαιων σε ημεριδα για την αντιμετωπιση των κορακοειδων σε αστικο περιβαλλον tirnavospress,0
"Περιβάλλον, εκπαίδευση και τεχνολογία στον «νέο» λόφο Προφήτη Ηλία που αναπλάθει ο Δήμος Τρικκαίων https://t.co/aEmKavdZYj μέσω @mouzakinews.gr https://t.co/BKacwJ2uQz",περιβαλλον εκπαιδευση και τεχνολογια στον νεο λοφο προφητη ηλια που αναπλαθει ο δημοσ τρικκαιων μεσω mouzakinewsgr,0
RT @densevlepo: #survivorGR Η Δαλακα χθες έκανα κάποια ανφολοου (σε παίκτες και περιβάλλον τους) που θα συζητηθουν με το που πήρε το κινητό…,rt densevlepo survivorgr η δαλακα χθεσ εκανα καποια ανφολοου σε παικτεσ και περιβαλλον τουσ που θα συζητηθουν με το που πηρε το κινητο,0
Από το Ωραιόκαστρο ως τη Θέρμη εμφανίζονται όλο και περισσότεροι πράσινοι παπαγάλοι - Πώς εξηγείται; https://t.co/sAoECL9nQh #ΖΩΑ #ΘΕΡΜΗ #ΠΕΡΙΒΑΛΛΟΝ #ΠΕΡΙΞ,απο το ωραιοκαστρο ωσ τη θερμη εμφανιζονται ολο και περισσοτεροι πρασινοι παπαγαλοι πωσ εξηγειται ζωα θερμη περιβαλλον περιξ,0
"Μπρίτνεϊ Σπίαρς: «Πρέπει να λάβει ιατρική φροντίδα – Η ζωή της βρίσκεται σε κίνδυνο», λέει το στενό της περιβάλλον

https://t.co/DXpvZiCphd",μπριτνεϊ σπιαρσ πρεπει να λαβει ιατρικη φροντιδα η ζωη τησ βρισκεται σε κινδυνο λεει το στενο τησ περιβαλλον,0
"99,2 εκατομμύρια ευρώ από το νέο ΕΣΠΑ Θεσσαλίας 2021-2027 για Βιώσιμη Αστική Ανάπτυξη και Χωρικές Επενδύσεις – Κ. Αγοραστός: να προχωρήσουμε με ταχύτητα και ώριμα έργα για να προεξοφλήσουμε το μέλλον https://t.co/BpdCpS9fVF https://t.co/2gV6YjrZ85",εκατομμυρια ευρω απο το νεο εσπα θεσσαλιασ για βιωσιμη αστικη αναπτυξη και χωρικεσ επενδυσεισ κ αγοραστοσ να προχωρησουμε με ταχυτητα και ωριμα εργα για να προεξοφλησουμε το μελλον,0
"99,2 εκατομμύρια ευρώ από το νέο ΕΣΠΑ Θεσσαλίας 2021-2027 για Βιώσιμη Αστική Ανάπτυξη και Χωρικές Επενδύσεις ⋆ TirnavosPress https://t.co/LhTWe7fORr @perifthessalias @kostasagorastos",εκατομμυρια ευρω απο το νεο εσπα θεσσαλιασ για βιωσιμη αστικη αναπτυξη και χωρικεσ επενδυσεισ tirnavospress perifthessalias kostasagorastos,0
Δήμος Πλατανιά | 3η συνάντηση εργασίας για τη βιώσιμη κινητικότητα https://t.co/W1tQlugVEC,δημοσ πλατανια η συναντηση εργασιασ για τη βιωσιμη κινητικοτητα,0
"99,2 εκατομμύρια ευρώ από το νέο ΕΣΠΑ Θεσσαλίας 2021-2027 για Βιώσιμη Αστική Ανάπτυξη και Χωρικές Επενδύσεις https://t.co/4TKa7oIkqt",εκατομμυρια ευρω απο το νεο εσπα θεσσαλιασ για βιωσιμη αστικη αναπτυξη και χωρικεσ επενδυσεισ,0
"99,2 εκατομμύρια ευρώ από το νέο ΕΣΠΑ Θεσσαλίας 2021-2027 για Βιώσιμη Αστική Ανάπτυξη και Χωρικές Επενδύσεις - LarissaPress https://t.co/S1xsOyTwLd",εκατομμυρια ευρω απο το νεο εσπα θεσσαλιασ για βιωσιμη αστικη αναπτυξη και χωρικεσ επενδυσεισ larissapress,0
Ενημέρωση για την κατασκευή της Μονάδας Επεξεργασίας Απορριμάτων Αγ.Αντωνίου από Δήμο Θέρμης και ΦοΔΣΑ https://t.co/vAD7WeSIrZ #ΑΓΑΝΤΩΝΙΟΣ #ΑΝΑΚΥΚΛΩΣΗ #ΔΗΜΟΤΙΚΑ #ΠΕΡΙΒΑΛΛΟΝ https://t.co/ZsIXHBLNNF,ενημερωση για την κατασκευη τησ μοναδασ επεξεργασιασ απορριματων αγαντωνιου απο δημο θερμησ και φοδσα αγαντωνιος ανακυκλωση δημοτικα περιβαλλον,0
Σκρέκας: Οι 5 άξονες στο Αναπτυξιακό Πρόγραμμα της Περ. Δυτικής Μακεδονίας για ενέργεια και περιβάλλον - https://t.co/Kfe6AXDz1x https://t.co/p1AMlFaqKh,σκρεκασ οι αξονεσ στο αναπτυξιακο προγραμμα τησ περ δυτικησ μακεδονιασ για ενεργεια και περιβαλλον,0
Εκδήλωση ΕΝΑ | Προσαρμογή &amp; Ανθεκτικότητα της Ελληνικής Οικονομίας στην Κλιματική Αλλαγή - https://t.co/6Z8GFxFxIW #εκδήλωση #ΕΝΑ #Ινστιτουτο #κλιματικήαλλαγή,εκδηλωση ενα προσαρμογη amp ανθεκτικοτητα τησ ελληνικησ οικονομιασ στην κλιματικη αλλαγη εκδηλωση ενα ινστιτουτο κλιματικηαλλαγη,0
Διαγωνισμός φωτογραφίας με θέμα «Το μέλλον που θέλουμε – βιώσιμη ανάπτυξη» από την Ανατολική Α.Ε. https://t.co/h0sAxtg1Al #ΔΙΑΓΩΝΙΣΜΟΙ #ΠΕΡΙΦΕΡΕΙΑ #ΣΧΟΛΙΚΑ #ΦΩΤΟΓΡΑΦΙΑ https://t.co/UGHU6ZJgTx,διαγωνισμοσ φωτογραφιασ με θεμα το μελλον που θελουμε βιωσιμη αναπτυξη απο την ανατολικη αε διαγωνισμοι περιφερεια σχολικα φωτογραφια,0
RT @k_grigoriadis: Εδώ και 4 χρόνια καταγγέλλουμε ότι το στενό οικογενειακό περιβάλλον του Κυριάκου Μητσοτάκη έχει όφελος οικονομικό από το…,rt k_grigoriadis εδω και χρονια καταγγελλουμε οτι το στενο οικογενειακο περιβαλλον του κυριακου μητσοτακη εχει οφελοσ οικονομικο απο το,0
"RT @cynewsagency: #Cyprus #greengrowth #CircularEconomy 
Η πράσινη ανάπτυξη και η κυκλική οικονομία στην πράξη, είπε ο @CostasKadis  για έρ…",rt cynewsagency cyprus greengrowth circulareconomy η πρασινη αναπτυξη και η κυκλικη οικονομια στην πραξη ειπε ο costaskadis για ερ,0
"#Cyprus #greengrowth #CircularEconomy 
Η πράσινη ανάπτυξη και η κυκλική οικονομία στην πράξη, είπε ο @CostasKadis  για έργο σταθμού λυμάτων στην Άχνα 
@CyMOApress 
https://t.co/KdH5XSLWzb",cyprus greengrowth circulareconomy η πρασινη αναπτυξη και η κυκλικη οικονομια στην πραξη ειπε ο costaskadis για εργο σταθμου λυματων στην αχνα cymoapress,0
"Ο οικονομολόγος Τάσος Γιασεμίδης, αναφέρεται στους κινδύνους, στις προκλήσεις της νέας διακυβέρνησης στην οικονομία και στο περιβάλλον μέσα στο οποίο θα κληθεί να δουλέψει ο νέος υπουργός Οικονομικών

https://t.co/Qjm3K1KB2y",ο οικονομολογοσ τασοσ γιασεμιδησ αναφερεται στουσ κινδυνουσ στισ προκλησεισ τησ νεασ διακυβερνησησ στην οικονομια και στο περιβαλλον μεσα στο οποιο θα κληθει να δουλεψει ο νεοσ υπουργοσ οικονομικων,0
"RT @0minus_Prime: Κλιματοψέκες, που σας κόβω να έχετε και μεταπτυχιακά στη μαλακία (σε αντίθεση με τους εμβολιοψέκες, που είναι bachelor's)…",rt minus_prime κλιματοψεκεσ που σασ κοβω να εχετε και μεταπτυχιακα στη μαλακια σε αντιθεση με τουσ εμβολιοψεκεσ που ειναι bachelors,0
Ίταμος ή αλλιώς το «δέντρο του θανάτου» https://t.co/omR4XIx3YJ #ΛΟΙΠΑ #ΠΕΡΙΒΑΛΛΟΝ https://t.co/9bTLFItJLC,ιταμοσ η αλλιωσ το δεντρο του θανατου λοιπα περιβαλλον,0
"Εσείς συνεχίστε εγώ δεν επικοινωνώ με το περιβάλλον 
#sasmos #vasilikos https://t.co/e0qlIMTgIf",εσεισ συνεχιστε εγω δεν επικοινωνω με το περιβαλλον sasmos vasilikos,0
RT @Moneypressgr: ΤτΕ: Παρουσίαση μελέτης του ΙΟΒΕ για την κλιματική αλλαγή  #moneypress https://t.co/xHEm257VTI https://t.co/zzJADQny4M,rt moneypressgr ττε παρουσιαση μελετησ του ιοβε για την κλιματικη αλλαγη moneypress,0
ΤτΕ: Παρουσίαση μελέτης του ΙΟΒΕ για την κλιματική αλλαγή  #moneypress https://t.co/xHEm257VTI https://t.co/zzJADQny4M,ττε παρουσιαση μελετησ του ιοβε για την κλιματικη αλλαγη moneypress,0
RT @CostasKadis: Η Πράσινη Ανάπτυξη και η Κυκλική Οικονομία μετουσιώνονται σε πράξη μέσα από τα έργα του Υπουργείου μας @CyMOApress https:/…,rt costaskadis η πρασινη αναπτυξη και η κυκλικη οικονομια μετουσιωνονται σε πραξη μεσα απο τα εργα του υπουργειου μασ cymoapress,0
ΕΕΣ: Κατώτερα των φιλοδοξιών τα επιτεύγματα της “Παγκόσμιας Συμμαχίας για την κλιματική αλλαγή” https://t.co/hajjI6iL9F,εες κατωτερα των φιλοδοξιων τα επιτευγματα τησ παγκοσμιασ συμμαχιασ για την κλιματικη αλλαγη,0
"RT @ClaireZacharop: Πρώτη και τελευταία φορά που σχολιάζω το συγκεκριμένο προφίλ.

Ελπίζω η συγκεκριμένη ""κυρία"" να έχει υποστήριξη από το…",rt clairezacharop πρωτη και τελευταια φορα που σχολιαζω το συγκεκριμενο προφιλ ελπιζω η συγκεκριμενη κυρια να εχει υποστηριξη απο το,0
"Ο ΟΗΕ θα ζητήσει «ευρεία, δίκαιη και βιώσιμη ειρήνη», στον ένα χρόνο από την έναρξη του πολέμου στην Ουκρανία https://t.co/hyM7sMbbKf",ο οηε θα ζητησει ευρεια δικαιη και βιωσιμη ειρηνη στον ενα χρονο απο την εναρξη του πολεμου στην ουκρανια,0
Καρναβάλι στην Ευξεινούπολη με θέμα την Κλιματική Αλλαγή https://t.co/qHVDjIi4dT,καρναβαλι στην ευξεινουπολη με θεμα την κλιματικη αλλαγη,0
"Με αφορμή την πρώτη επέτειο από τη ρωσική εισβολή στην #Ουκρανία, η Γενική Συνέλευση του #ΟΗΕ θα ζητήσει ""βιώσιμη ειρήνη""

https://t.co/EeIE5B7yiI 

#Ukraine #UkraineRussiaWar https://t.co/6hZeROBgO2",με αφορμη την πρωτη επετειο απο τη ρωσικη εισβολη στην ουκρανια η γενικη συνελευση του οηε θα ζητησει βιωσιμη ειρηνη ukraine ukrainerussiawar,0
Καμπανάκι από τους ειδικούς: Η κλιματική αλλαγή διευκολύνει την εξάπλωση της ελονοσίας https://t.co/sRimOU0cjm #kaneotikoimasai #Pagidevmenoi #GiTisElias #Sasmos #gntmgr,καμπανακι απο τουσ ειδικουσ η κλιματικη αλλαγη διευκολυνει την εξαπλωση τησ ελονοσιασ kaneotikoimasai pagidevmenoi gitiselias sasmos gntmgr,0
"Rhodes Co-Lab: Πρόγραμμα μετατροπής της Ρόδου σε ""βιώσιμο τουριστικό προορισμό"" https://t.co/iLpvTErM5a #businessnewsgr",rhodes colab προγραμμα μετατροπησ τησ ροδου σε βιωσιμο τουριστικο προορισμο businessnewsgr,0
"Κικίλιας: Η νησιωτικότητα στρατηγικό πλεονέκτημα της Ελλάδας και στον βιώσιμο τουρισμό - Αύξηση 20% στην τουριστική κίνηση φέτος - Ρεπορτάζ και ειδήσεις για την Οικονομία, τις Επιχειρήσεις, το Χρηματιστήριο, την Πολιτική #mononewsGR https://t.co/evgXeC8NkT",κικιλιασ η νησιωτικοτητα στρατηγικο πλεονεκτημα τησ ελλαδασ και στον βιωσιμο τουρισμο αυξηση στην τουριστικη κινηση φετοσ ρεπορταζ και ειδησεισ για την οικονομια τισ επιχειρησεισ το χρηματιστηριο την πολιτικη mononewsgr,0
"B. Κικίλιας : Η νησιωτικότητα στρατηγικό πλεονέκτημα της Ελλάδας και στον βιώσιμο τουρισμό - Αύξηση 20% στην τουριστική κίνηση φέτος
https://t.co/MtJEt27xBs",b κικιλιασ η νησιωτικοτητα στρατηγικο πλεονεκτημα τησ ελλαδασ και στον βιωσιμο τουρισμο αυξηση στην τουριστικη κινηση φετοσ,0
Απαγορευμένα τα μολύβδινα σκάγια στους Ευρωπαϊκούς υγρότοπους https://t.co/0JTG5A0Muv #ΖΩΑ #ΚΥΝΗΓΙ #ΠΕΡΙΒΑΛΛΟΝ https://t.co/6u3658EADz,απαγορευμενα τα μολυβδινα σκαγια στουσ ευρωπαϊκουσ υγροτοπουσ ζωα κυνηγι περιβαλλον,0
".@Vkikilias: 
«Η νησιωτικότητα στρατηγικό πλεονέκτημα της Ελλάδας και στον βιώσιμο #τουρισμό- Αύξηση 20% στην τουριστική κίνηση φέτος»

#τουρισμός 

https://t.co/hUjvEYpAm5 https://t.co/cvwA7y4MOZ",vkikilias η νησιωτικοτητα στρατηγικο πλεονεκτημα τησ ελλαδασ και στον βιωσιμο τουρισμο αυξηση στην τουριστικη κινηση φετοσ τουρισμοσ,0
"""Η νησιωτικότητα αποτελεί στρατηγικό πλεονέκτημα της Ελλάδας και στον βιώσιμο τουρισμό"" δήλωσε χθες από τη Ρόδο ο υπουργός Τουρισμού Βασίλης Κικίλιας κατά τη διάρκεια της ομιλίας του στην εκδήλωση «The Rhodes Co-Lab Sustainable Destination- Strategy &amp;

https://t.co/S2UYbKkynr",η νησιωτικοτητα αποτελει στρατηγικο πλεονεκτημα τησ ελλαδασ και στον βιωσιμο τουρισμο δηλωσε χθεσ απο τη ροδο ο υπουργοσ τουρισμου βασιλησ κικιλιασ κατα τη διαρκεια τησ ομιλιασ του στην εκδηλωση the rhodes colab sustainable destination strategy amp,0
"Θεσσαλονίκη: Η ιστορία οικογένειας Πολωνών που έχει μετατρέψει ένα λεωφορείο σε σπίτι! (ΦΩΤΟ) https://t.co/eiOPQNSsIs https://t.co/4ewUOtALIY 
#Αειφορία #Βιωσιμότητα #Λεωφορείο #Σπίτι #Θεσσαλονίκη #Πολωνοί",θεσσαλονικη η ιστορια οικογενειασ πολωνων που εχει μετατρεψει ενα λεωφορειο σε σπιτι φωτο αειφορια βιωσιμοτητα λεωφορειο σπιτι θεσσαλονικη πολωνοι,0
"RT @Vkikilias: Χρέος μας για τις επόμενες γενιές, είναι να αφήσουμε ένα τόπο καλύτερο. Η νησιωτικότητα αποτελεί στρατηγικό στρατηγικό πλεον…",rt vkikilias χρεοσ μασ για τισ επομενεσ γενιεσ ειναι να αφησουμε ενα τοπο καλυτερο η νησιωτικοτητα αποτελει στρατηγικο στρατηγικο πλεον,0
"RT @Vkikilias: Χρέος μας για τις επόμενες γενιές, είναι να αφήσουμε ένα τόπο καλύτερο. Η νησιωτικότητα αποτελεί στρατηγικό στρατηγικό πλεον…",rt vkikilias χρεοσ μασ για τισ επομενεσ γενιεσ ειναι να αφησουμε ενα τοπο καλυτερο η νησιωτικοτητα αποτελει στρατηγικο στρατηγικο πλεον,0
"«Η νησιωτικότητα αποτελεί στρατηγικό πλεονέκτημα της Ελλάδας και στον βιώσιμο τουρισμό», δήλωσε χθες από τη Ρόδο ο υπουργός Τουρισμού Βασίλης Κικίλιας κατά τη διάρκεια της ομιλίας του στην εκδήλωση «The Rhodes Co-Lab Sustainable Destination- Strategy &amp;… https://t.co/Ie8R5tiXUh",η νησιωτικοτητα αποτελει στρατηγικο πλεονεκτημα τησ ελλαδασ και στον βιωσιμο τουρισμο δηλωσε χθεσ απο τη ροδο ο υπουργοσ τουρισμου βασιλησ κικιλιασ κατα τη διαρκεια τησ ομιλιασ του στην εκδηλωση the rhodes colab sustainable destination strategy amp,0
"«Περιβάλλον Κοινωνία Διακυβέρνηση (ESG): Κρίσιμοι παράγοντες για χρηματοδοτήσεις»

Άρθρο του Δρ. Τ. Θεοφανόπουλου, εντεταλμένου συμβούλου EUROCERT 

https://t.co/F7lzkKCIM8",περιβαλλον κοινωνια διακυβερνηση esg κρισιμοι παραγοντεσ για χρηματοδοτησεισ αρθρο του δρ τ θεοφανοπουλου εντεταλμενου συμβουλου eurocert,0
"25ο Φεστιβάλ Ντοκιμαντέρ Θεσσαλονίκης

Η 12χρονη Αφρίν «έρχεται» σε παγκόσμια πρεμιέρα του ντοκιμαντέρ για την κλιματική κρίση, «Mighty Afrin: In the Time of Floods»

https://t.co/Abrk1gSlOG

#tidf25 #ClimateEmergency https://t.co/raD4KKoLWi",ο φεστιβαλ ντοκιμαντερ θεσσαλονικησ η χρονη αφριν ερχεται σε παγκοσμια πρεμιερα του ντοκιμαντερ για την κλιματικη κριση mighty afrin in the time of floods tidf climateemergency,0
Υπογράφεται η σύμπραξη δήμων και ΜΟΔ για βιώσιμη ανάπτυξη στον Αμβρακικό - https://t.co/ZQ3PLclyZg https://t.co/IdYfmmsfub,υπογραφεται η συμπραξη δημων και μοδ για βιωσιμη αναπτυξη στον αμβρακικο,0
Ηλιακή γεωμηχανική: Σανίδα σωτηρίας απέναντι στην κλιματική κρίση ή δρόμος προς μία παγκόσμια πολεμική σύρραξη; - LarissaPress https://t.co/y5iZ3LgtSq,ηλιακη γεωμηχανικη σανιδα σωτηριασ απεναντι στην κλιματικη κριση η δρομοσ προσ μια παγκοσμια πολεμικη συρραξη larissapress,0
Ηλιακή γεωμηχανική: Σανίδα σωτηρίας απέναντι στην κλιματική κρίση ή δρόμος προς μία παγκόσμια πολεμική σύρραξη; https://t.co/9IgXOR8G4g,ηλιακη γεωμηχανικη σανιδα σωτηριασ απεναντι στην κλιματικη κριση η δρομοσ προσ μια παγκοσμια πολεμικη συρραξη,0
"Νομοθετική παρέμβαση που θα δίνει μια βιώσιμη λύση προς τον δανειολήπτη να αποπληρώσει το δάνειο του
#Valuenews #Valuenewsgr #Greecenews #politics #economy #δάνεια #επιτόκια #δανειολήπτες #ραυτόπουλος #ΕΕΚΕ https://t.co/rdoorLJRrN",νομοθετικη παρεμβαση που θα δινει μια βιωσιμη λυση προσ τον δανειοληπτη να αποπληρωσει το δανειο του valuenews valuenewsgr greecenews politics economy δανεια επιτοκια δανειοληπτεσ ραυτοπουλοσ εεκε,0
Κόκκαλης με Σύλλογο Ποντίων Λάρισας: Εδώ και τώρα δίκαιη και βιώσιμη λύση για τα δάνεια των παλινοστούντων ομογενών ⋆ TirnavosPress https://t.co/dMRYfDNZ1v,κοκκαλησ με συλλογο ποντιων λαρισασ εδω και τωρα δικαιη και βιωσιμη λυση για τα δανεια των παλινοστουντων ομογενων tirnavospress,0
[Κλικ και διαβάστε στο eleftherostypos]Κλιματική  #Αλλαγή: H  #ΒΕΝΕΤία «βουλιάζει» – Υπάρχει σωτηρία για την ιστορική πόλη https://t.co/3JTzZ5IL94,κλικ και διαβαστε στο eleftherostyposκλιματικη αλλαγη h βενετια βουλιαζει υπαρχει σωτηρια για την ιστορικη πολη,0
Καρναβάλι στην Ευξεινούπολη με θέμα την Κλιματική Αλλαγή https://t.co/y08pUA4BKm,καρναβαλι στην ευξεινουπολη με θεμα την κλιματικη αλλαγη,0
"RT @brom1323: Αντικειμενικά έχει απόλυτο δίκαιο.

Έβγαινε το περιβάλλον του Μαριου και την παρουσίαζε ως τρελή ως προς την σχέση τους και α…",rt brom αντικειμενικα εχει απολυτο δικαιο εβγαινε το περιβαλλον του μαριου και την παρουσιαζε ωσ τρελη ωσ προσ την σχεση τουσ και α,0
Κόκκαλης με Σύλλογο Ποντίων Λάρισας: Εδώ και τώρα δίκαιη και βιώσιμη λύση για τα δάνεια των παλινοστούντων ομογενών https://t.co/gWr5LPYhU1,κοκκαλησ με συλλογο ποντιων λαρισασ εδω και τωρα δικαιη και βιωσιμη λυση για τα δανεια των παλινοστουντων ομογενων,0
Κόκκαλης με Σύλλογο Ποντίων Λάρισας: Εδώ και τώρα δίκαιη και βιώσιμη λύση για τα δάνεια των παλινοστούντων ομογενών - LarissaPress https://t.co/bdnDf9ChvK,κοκκαλησ με συλλογο ποντιων λαρισασ εδω και τωρα δικαιη και βιωσιμη λυση για τα δανεια των παλινοστουντων ομογενων larissapress,0
Less is more: Η MMD ολοκληρώνει με επιτυχία πιλοτικό έργο για τη βιώσιμη μείωση των αποβλήτων οθόνης https://t.co/30QW2S4ryD https://t.co/EZMfWNT6yE,less is more η mmd ολοκληρωνει με επιτυχια πιλοτικο εργο για τη βιωσιμη μειωση των αποβλητων οθονησ,0
"@ConteGione Επίσης: συνάδει, αέναος, χρεοδουλοπαροικία, σε πνεύμα ομόνοιας, αειφόρος, πράσινη ανάπτυξη, μετεωρολογική βόμβα, σύσσωμος, υλοποίηση, στην τσιμπίδα, κλίμα κατάνυξης, ευσεβείς πόθοι, δρομολογήθηκε, ενεός, σύγκλιση, δημοκρατικό τόξο και άλλα ""ηχηρά παρόμοια"" που δεν θυμάμαι τώρα.",contegione επισησ συναδει αεναοσ χρεοδουλοπαροικια σε πνευμα ομονοιασ αειφοροσ πρασινη αναπτυξη μετεωρολογικη βομβα συσσωμοσ υλοποιηση στην τσιμπιδα κλιμα κατανυξησ ευσεβεισ ποθοι δρομολογηθηκε ενεοσ συγκλιση δημοκρατικο τοξο και αλλα ηχηρα παρομοια που δεν θυμαμαι τωρα,0
"Οι πραγματικές επιπτώσεις της εφαρμογής του, ωστόσο, δεν θα μπορούσαν να είναι χειρότερες - Η ανανεώσιμη ενέργεια δεν είναι ούτε ανανεώσιμη ούτε βιώσιμη και η ενεργειακή μετάβαση του SDG7 απλώς επιδεινώνει το πρόβλημα της ενεργειακής φτώχειας
https://t.co/ubQSZbGctq",οι πραγματικεσ επιπτωσεισ τησ εφαρμογησ του ωστοσο δεν θα μπορουσαν να ειναι χειροτερεσ η ανανεωσιμη ενεργεια δεν ειναι ουτε ανανεωσιμη ουτε βιωσιμη και η ενεργειακη μεταβαση του sdg απλωσ επιδεινωνει το προβλημα τησ ενεργειακησ φτωχειασ,0
"«Στη Βουλή το ερευνητικό πρόγραμμα ΑΕΙ για τα μικρά νησιά της Δωδεκανήσου»| «Αειφόρος ανάπτυξη λιγότερο αναπτυγμένων περιοχών, με δημιουργία νέων τουριστικών πόρων» https://t.co/8NtsgmsFD2 via @aegeanews",στη βουλη το ερευνητικο προγραμμα αει για τα μικρα νησια τησ δωδεκανησου αειφοροσ αναπτυξη λιγοτερο αναπτυγμενων περιοχων με δημιουργια νεων τουριστικων πορων via aegeanews,0
Κλιματική Αλλαγή και Βιοασφάλεια: Ημερίδα στο Τεχνικό Επιμελητήριο Ελλάδος - https://t.co/00iOLn0vGk https://t.co/DBifrddNna,κλιματικη αλλαγη και βιοασφαλεια ημεριδα στο τεχνικο επιμελητηριο ελλαδοσ,0
Η PepsiCo Hellas ακολούθησε και το 2022 μία Υγιή επιχειρηματική ανάπτυξη με Έμφαση στο περιβάλλον και την Ανταπόδοση στην κοινωνία. https://t.co/uLTzXnKkEq,η pepsico hellas ακολουθησε και το μια υγιη επιχειρηματικη αναπτυξη με εμφαση στο περιβαλλον και την ανταποδοση στην κοινωνια,0
Ένα μεγάλο βήμα για το βιώσιμο περιβάλλον στα νησιά: 35.825 οικιακούς  κομποστοποιητές θα μοιράσει ο ΦοΔΣΑ σε νοικοκυριά του Νοτίου Αιγαίου - https://t.co/VrEIBozz3v https://t.co/n9PXxwaKdk,ενα μεγαλο βημα για το βιωσιμο περιβαλλον στα νησια οικιακουσ κομποστοποιητεσ θα μοιρασει ο φοδσα σε νοικοκυρια του νοτιου αιγαιου,0
Ένα μεγάλο βήμα για το βιώσιμο περιβάλλον στα νησιά: 35.825 οικιακούς  κομποστοποιητές θα μοιράσει ο ΦοΔΣΑ σε νοικοκυριά του Νοτίου Αιγαίου - https://t.co/VrEIBozz3v https://t.co/Eod3R5PKJf,ενα μεγαλο βημα για το βιωσιμο περιβαλλον στα νησια οικιακουσ κομποστοποιητεσ θα μοιρασει ο φοδσα σε νοικοκυρια του νοτιου αιγαιου,0
Επιτροπή Πρέβεζα: Ιστορία- Πολιτισμός-Περιβάλλον: Μνημεία του πολιτισμού μας σε κίνδυνο https://t.co/kbH42V1owR https://t.co/gFrVsxrCd7,επιτροπη πρεβεζα ιστορια πολιτισμοσπεριβαλλον μνημεια του πολιτισμου μασ σε κινδυνο,0
Αναδεικνύονται οι αδυναμίες του Βόλου στη βιώσιμη κινητικότητα https://t.co/Dd0GMda5Bb,αναδεικνυονται οι αδυναμιεσ του βολου στη βιωσιμη κινητικοτητα,0
Ισορροπία-αειφορία του περιβάλλοντος https://t.co/9MkbHqBqwX,ισορροπιααειφορια του περιβαλλοντοσ,0
"Mega deal στην «πράσινη» ενέργεια μεταξύ Vodafone, MYTILINEOS και Centrica https://t.co/jnjcojzraj",mega deal στην πρασινη ενεργεια μεταξυ vodafone mytilineos και centrica,0
"Επιτροπή Πρέβεζας: Ιστορία- Πολιτισμός-Περιβάλλον, Μνημεία του πολιτισμού μας σε κίνδυνο - https://t.co/es7GzuIE8k https://t.co/PQ45qmhYfL",επιτροπη πρεβεζασ ιστορια πολιτισμοσπεριβαλλον μνημεια του πολιτισμου μασ σε κινδυνο,0
"Άνθρωπος και φυσικό περιβάλλον
https://t.co/YeJeKSD8zi https://t.co/aBzY8XoID0",ανθρωποσ και φυσικο περιβαλλον,0
ΦΑΤΕ ΣΚΑΤΑ ... ΚΛΙΜΑΤΙΚΗ ΑΛΛΑΓΗ ....ΦΤΑΙΕΙ Η ΚΛΑΝΙΑ ΤΗΣ ΑΓΕΛΑΔΑΣ ΚΑΙ ΤΟ ΡΕΨΙΜΟ ΤΟΥ ΓΟΥΡΟΥΝΙΟΥ.... https://t.co/u9fTY6WC6W,φατε σκατα κλιματικη αλλαγη φταιει η κλανια της αγελαδας και το ρεψιμο του γουρουνιου,0
Παρουσίαση του βιβλίου του Ζήση Αργυρόπουλου «Κλιματική αλλαγή: Προετοιμάζοντας τη Θεσσαλία» https://t.co/vg0PuSGLug μέσω @mouzakinews.gr https://t.co/sUrEDheXC6,παρουσιαση του βιβλιου του ζηση αργυροπουλου κλιματικη αλλαγη προετοιμαζοντασ τη θεσσαλια μεσω mouzakinewsgr,0
Προ-Συνέδριο: «Η συμβολή της κτηνοτροφίας στην ισορροπία-αειφορία του περιβάλλοντος» https://t.co/mLmZstOBAu,προσυνεδριο η συμβολη τησ κτηνοτροφιασ στην ισορροπιααειφορια του περιβαλλοντοσ,0
Ά Γκερέκου: Ο τουρισμός παράγοντας ενδυνάμωσης των διεθνών σχέσεων-Χαιρετισμός της Προέδρου του ΕΟΤ σε διεθνές συνέδριο για τη βιώσιμη ανάπτυξη και την περιφερειακή ολοκλήρωση της Μεσογείου https://t.co/JlwFWgfKWP https://t.co/xDlF2sbUwX,α γκερεκου ο τουρισμοσ παραγοντασ ενδυναμωσησ των διεθνων σχεσεωνχαιρετισμοσ τησ προεδρου του εοτ σε διεθνεσ συνεδριο για τη βιωσιμη αναπτυξη και την περιφερειακη ολοκληρωση τησ μεσογειου,0
Δήμος Κεντρικής Κέρκυρας: «Παίξε &amp; Κέρδισε Δώρα –  Η κλιματική αλλαγή είναι γεγονός!» - https://t.co/K2UrLAGhCB,δημοσ κεντρικησ κερκυρασ παιξε amp κερδισε δωρα η κλιματικη αλλαγη ειναι γεγονοσ,0
«Ο οδηγός δεν είχε επαφή με το περιβάλλον» λέει ο επιβάτης που έσωσε την πορεία του ΚΤΕΛ https://t.co/6AHlZEhPpa,ο οδηγοσ δεν ειχε επαφη με το περιβαλλον λεει ο επιβατησ που εσωσε την πορεια του κτελ,0
RT @LykavitosGr: Βιώσιμη Ανάπτυξη και ESG στο Επίκεντρο των Αξιών της ΕΥΔΑΠ  #ΕΥΔΑΠ https://t.co/LE539dPyQx,rt lykavitosgr βιωσιμη αναπτυξη και esg στο επικεντρο των αξιων τησ ευδαπ ευδαπ,0
RT @LykavitosGr: Βιώσιμη Ανάπτυξη και ESG στο Επίκεντρο των Αξιών της ΕΥΔΑΠ  #ΕΥΔΑΠ https://t.co/LE539dPyQx,rt lykavitosgr βιωσιμη αναπτυξη και esg στο επικεντρο των αξιων τησ ευδαπ ευδαπ,0
"Alumil: Στόχος η βιώσιμη ανάπτυξη με επενδύσεις σε ΑΠΕ και καινοτομία,
https://t.co/qr9BTGjSnG,",alumil στοχοσ η βιωσιμη αναπτυξη με επενδυσεισ σε απε και καινοτομια,0
"#EE: Μετάβαση στην καθαρή ενέργεια και προστασία των οικοσυστημάτων για μεγαλύτερη βιωσιμότητα και ανθεκτικότητα

https://t.co/HlItHr6LC3

#περιβάλλον https://t.co/9gmXlGEcgz",ee μεταβαση στην καθαρη ενεργεια και προστασια των οικοσυστηματων για μεγαλυτερη βιωσιμοτητα και ανθεκτικοτητα περιβαλλον,0
"RT @Vkikilias: Στόχος μας είναι αυτό που ονομάζουμε βιώσιμο τουριστικό προϊόν. 

Πριν 5 μέρες ήμουν στη Ρόδο για το μεγάλο έργο της Περιφέρ…",rt vkikilias στοχοσ μασ ειναι αυτο που ονομαζουμε βιωσιμο τουριστικο προϊον πριν μερεσ ημουν στη ροδο για το μεγαλο εργο τησ περιφερ,0
"RT @Vkikilias: Η επιτυχία του τουρισμού συμβάλλει στη βιώσιμη ανάπτυξη &amp; στη κοινωνική συνοχή. 

Η κυβέρνηση διαθέτει σημαντικό μέρος από τ…",rt vkikilias η επιτυχια του τουρισμου συμβαλλει στη βιωσιμη αναπτυξη amp στη κοινωνικη συνοχη η κυβερνηση διαθετει σημαντικο μεροσ απο τ,0
Βασίλης Κικίλιας: «Η επιτυχία του τουρισμού συμβάλλει στη βιώσιμη ανάπτυξη και στη κοινωνική συνοχή» https://t.co/eceUiDXCN8 https://t.co/OLntA3M3ZG,βασιλησ κικιλιασ η επιτυχια του τουρισμου συμβαλλει στη βιωσιμη αναπτυξη και στη κοινωνικη συνοχη,0
"Επίσκεψη του Υφυπουργού Εσωτερικών (Μακεδονίας - Θράκης) στην Πυροσβεστική Υπηρεσία-Καλαφάτης: «Με αυταπάρνηση, αφοσίωση στο καθήκον και ανθρωπιά, το προσωπικό της Πυροσβεστικής Υπηρεσίας προστατεύει τους πολίτες, την περιουσία τους και το περιβάλλον» https://t.co/UGFm3GDJks https://t.co/Abn3ymNROs",επισκεψη του υφυπουργου εσωτερικων μακεδονιασ θρακησ στην πυροσβεστικη υπηρεσιακαλαφατησ με αυταπαρνηση αφοσιωση στο καθηκον και ανθρωπια το προσωπικο τησ πυροσβεστικησ υπηρεσιασ προστατευει τουσ πολιτεσ την περιουσια τουσ και το περιβαλλον,0
Κικίλιας: Υψηλότερες το 2023 οι επιδόσεις του τουρισμού - Η επιτυχία του συμβάλλει στη βιώσιμη ανάπτυξη https://t.co/g801XBVKNd,κικιλιασ υψηλοτερεσ το οι επιδοσεισ του τουρισμου η επιτυχια του συμβαλλει στη βιωσιμη αναπτυξη,0
".@Vkikilias: Η επιτυχία του τουρισμού συμβάλλει στη βιώσιμη ανάπτυξη και στη κοινωνική συνοχή

https://t.co/pwiUhTD2mT",vkikilias η επιτυχια του τουρισμου συμβαλλει στη βιωσιμη αναπτυξη και στη κοινωνικη συνοχη,0
Κικίλιας: «Η επιτυχία του τουρισμού συμβάλλει στη βιώσιμη ανάπτυξη και στη κοινωνική συνοχή» https://t.co/KTj2AtmEQQ,κικιλιασ η επιτυχια του τουρισμου συμβαλλει στη βιωσιμη αναπτυξη και στη κοινωνικη συνοχη,0
ΖΟΟΜ ΣΤΗΝ ΕΠΙΚΑΙΡΟΤΗΤΑ:ΠΕΡΙΒΑΛΛΟΝ ΚΑΙ ΗΛΕΚΤΡΙΚΟ ΑΥΤΟΚΙΝΗΤΟ.. https://t.co/I6gU8vblUc,ζοομ στην επικαιροτηταπεριβαλλον και ηλεκτρικο αυτοκινητο,0
"Προσυνεδριακή #Ημερίδα με θέμα: «Η #συμβολή της #κτηνοτροφίας στην ισορροπία-#αειφορία του #περιβάλλοντος.»
https://t.co/9O9eTRntkZ",προσυνεδριακη ημεριδα με θεμα η συμβολη τησ κτηνοτροφιασ στην ισορροπιααειφορια του περιβαλλοντοσ,0
Κικίλιας: Η επιτυχία του τουρισμού συμβάλλει στη βιώσιμη ανάπτυξη και στη κοινωνική συνοχή #Δημοκρατική #Ρόδος #Δωδεκάνησα https://t.co/vJ0VKUCilU,κικιλιασ η επιτυχια του τουρισμου συμβαλλει στη βιωσιμη αναπτυξη και στη κοινωνικη συνοχη δημοκρατικη ροδοσ δωδεκανησα,0
"Επικεφαλής Μυστικών Υπηρεσιών της Ουκρανίας: «Έχουμε πράκτορες στο περιβάλλον του Πούτιν»

https://t.co/nH8CKfdc48",επικεφαλησ μυστικων υπηρεσιων τησ ουκρανιασ εχουμε πρακτορεσ στο περιβαλλον του πουτιν,0
"Γ. Αρβανιτίδης: «Πράσινη Επιχειρηματικότητα και Κυκλική Οικονομία, τα μεγάλα στοιχήματα του αύριο»
#Αρβανιτίδης #επιχειρηματικότητα #ΠΑΣΟΚ
https://t.co/u14lrNGqXk",γ αρβανιτιδησ πρασινη επιχειρηματικοτητα και κυκλικη οικονομια τα μεγαλα στοιχηματα του αυριο αρβανιτιδησ επιχειρηματικοτητα πασοκ,0
"Ουσίες, που ονομάζονται «παντοτινά χημικά», και οι οποίες δεν διασπώνται στο περιβάλλον, συσσωρεύονται στο σώμα μας... 
https://t.co/3SDCESf7m2",ουσιεσ που ονομαζονται παντοτινα χημικα και οι οποιεσ δεν διασπωνται στο περιβαλλον συσσωρευονται στο σωμα μασ,0
Ουκρανία - Μπουντάνοφ: Έχουμε μυστικούς πράκτορες στο στενό περιβάλλον του Πούτιν - https://t.co/Z2teMJZ7ql https://t.co/LqX1NHT9im,ουκρανια μπουντανοφ εχουμε μυστικουσ πρακτορεσ στο στενο περιβαλλον του πουτιν,0
[Κλικ και διαβάστε στο cnn] #Ουκρανία - Μπουντάνοφ: Έχουμε μυστικούς πράκτορες στο στενό περιβάλλον του  #Πούτιν https://t.co/BZEldZobuE,κλικ και διαβαστε στο cnn ουκρανια μπουντανοφ εχουμε μυστικουσ πρακτορεσ στο στενο περιβαλλον του πουτιν,0
"Dataphoria: Όταν η προσπάθεια για αειφορία επιβραβεύεται! - https://t.co/eiOPQNSsIs https://t.co/MQlP6J89Wr 
#Dataphoria #Lidl_Ελλάς #Lidl #Αειφορία",dataphoria οταν η προσπαθεια για αειφορια επιβραβευεται dataphoria lidl_ελλασ lidl αειφορια,0
"Ώρα μηδέν για το περιβάλλον, ώρα μηδέν για την ενεργειακή ασφάλεια της χώρας και των πολιτών της https://t.co/6uARH2tWnl μέσω @mouzakinews.gr",ωρα μηδεν για το περιβαλλον ωρα μηδεν για την ενεργειακη ασφαλεια τησ χωρασ και των πολιτων τησ μεσω mouzakinewsgr,0
RT @Lnzlpd: Τώρα που θα φύγετε τριήμερο μην ξεχάσετε πως εκεί που θα πάτε θα στουμπώσει ο κωλος σας γιατι αλλάξατε περιβάλλον 😁🎈,rt lnzlpd τωρα που θα φυγετε τριημερο μην ξεχασετε πωσ εκει που θα πατε θα στουμπωσει ο κωλοσ σασ γιατι αλλαξατε περιβαλλον,0
Deutsche Bank: Θα φτάσει το φυσικό αέριο και το 2023; - Τι γίνεται με τις ανανεώσιμες πηγές ενέργειας https://t.co/zLkkpRiRJp,deutsche bank θα φτασει το φυσικο αεριο και το τι γινεται με τισ ανανεωσιμεσ πηγεσ ενεργειασ,0
Κάποιοι φελλοί μιλάνε για πλανηταρχες και Αμερικανούς κυρίαρχους....ετσι και κλάσουν όλοι μαζί οι Κινέζοι εκεί θα δείτε τι σήμαινει κλιματική αλλαγή χημικός πόλεμος ...υπερδυναμη https://t.co/vEEKS4ZuEm,καποιοι φελλοι μιλανε για πλανηταρχεσ και αμερικανουσ κυριαρχουσετσι και κλασουν ολοι μαζι οι κινεζοι εκει θα δειτε τι σημαινει κλιματικη αλλαγη χημικοσ πολεμοσ υπερδυναμη,0
Greenpeace: Οι συνέπειες που έχει στο φυσικό περιβάλλον ο πόλεμος στην Ουκρανία - https://t.co/W3X7Rutsur https://t.co/EysdKYLZ4U,greenpeace οι συνεπειεσ που εχει στο φυσικο περιβαλλον ο πολεμοσ στην ουκρανια,0
Ένθετο Τουρισμός: Η Ρόδος ως βιώσιμο τουριστικό μοντέλο https://t.co/2o6FK8TfFb,ενθετο τουρισμοσ η ροδοσ ωσ βιωσιμο τουριστικο μοντελο,0
Κλιματική αλλαγή: Κλειστό για πρώτη φορά το μεγαλύτερο φυσικό παγοδρόμιο στον κόσμο - Δεν έχει πάγο - https://t.co/SUHXu1fa3c https://t.co/uJRtegw2Hp,κλιματικη αλλαγη κλειστο για πρωτη φορα το μεγαλυτερο φυσικο παγοδρομιο στον κοσμο δεν εχει παγο,0
"💩☠️Σε λίγο στα πιστοποιητικά των ξαφνικών θανάτων θα αναγράφεται ως αίτιο η ""κλιματική αλλαγή"" με σφραγίδα Greta...",σε λιγο στα πιστοποιητικα των ξαφνικων θανατων θα αναγραφεται ωσ αιτιο η κλιματικη αλλαγη με σφραγιδα greta,0
Xiaomi: Αξιολόγηση του ανθρακικού αποτυπώματος των προϊόντων της και ευαισθητοποίηση για βιώσιμη διαβίωση https://t.co/U1xc6Evwr2 https://t.co/KMS6FAlRVm,xiaomi αξιολογηση του ανθρακικου αποτυπωματοσ των προϊοντων τησ και ευαισθητοποιηση για βιωσιμη διαβιωση,0
Κ. Καραμανλής: Η μετάβαση στις πράσινες μεταφορές προϋποθέτει επενδύσεις και ισχυρό νομοθετικό - ρυθμιστικό περιβάλλον - https://t.co/9Hv55gs9b6,κ καραμανλησ η μεταβαση στισ πρασινεσ μεταφορεσ προϋποθετει επενδυσεισ και ισχυρο νομοθετικο ρυθμιστικο περιβαλλον,0
"Η μετάβαση στις πράσινες μεταφορές προϋποθέτει επενδύσεις και ισχυρό νομοθετικό - ρυθμιστικό περιβάλλον, τόνισε ο υπουργός https://t.co/9aOkIL9TzO",η μεταβαση στισ πρασινεσ μεταφορεσ προϋποθετει επενδυσεισ και ισχυρο νομοθετικο ρυθμιστικο περιβαλλον τονισε ο υπουργοσ,0
"Το Δημοτικό Συμβούλιο Χανίων ζητά να μην εγκριθούν τα σχέδια της σχεδιαζόμενης επένδυσης στην παραλία στη Φαλάσαρνα, καθώς πλήττεται το περιβάλλον αλλά και το δικαίωμα στην ελεύθερη πρόσβαση των πολιτών… https://t.co/oku0e9j95B",το δημοτικο συμβουλιο χανιων ζητα να μην εγκριθουν τα σχεδια τησ σχεδιαζομενησ επενδυσησ στην παραλια στη φαλασαρνα καθωσ πληττεται το περιβαλλον αλλα και το δικαιωμα στην ελευθερη προσβαση των πολιτων,0
Καραμανλής: Η μετάβαση στις πράσινες μεταφορές προϋποθέτει επενδύσεις και ισχυρό νομοθετικό περιβάλλον https://t.co/OlJKbpqpWd #businessnewsgr,καραμανλησ η μεταβαση στισ πρασινεσ μεταφορεσ προϋποθετει επενδυσεισ και ισχυρο νομοθετικο περιβαλλον businessnewsgr,0
"5 + 1 μικροαλλαγές στη ρουτίνα σας που θα βοηθήσουν εσάς και το περιβάλλον 
https://t.co/X3YhQQFUN0",μικροαλλαγεσ στη ρουτινα σασ που θα βοηθησουν εσασ και το περιβαλλον,0
"Δ. Γαλαμάτης: Ανάγκη αντιμετώπισης της παραπληροφόρησης στο σύγχρονο ψηφιακό περιβάλλον

https://t.co/93Zwi9prkP https://t.co/7yPdHqaHIo",δ γαλαματησ αναγκη αντιμετωπισησ τησ παραπληροφορησησ στο συγχρονο ψηφιακο περιβαλλον,0
Η Περιφέρεια Κεντρικής Μακεδονίας μέλος της πρωτοβουλίας Ευρωπαϊκών Πόλεων και Περιφερειών που στηρίζουν την κυκλική οικονομία - https://t.co/eRdyC6Q1nY,η περιφερεια κεντρικησ μακεδονιασ μελοσ τησ πρωτοβουλιασ ευρωπαϊκων πολεων και περιφερειων που στηριζουν την κυκλικη οικονομια,0
"RT @KBakoyannis: Πράσινη ενέργεια, μηδενική εκπομπή ρύπων,βιώσιμη κινητικότητα. Βαρύγδουπες έννοιες.Η βασική μετάβαση που απαιτεί η κλιματι…",rt kbakoyannis πρασινη ενεργεια μηδενικη εκπομπη ρυπωνβιωσιμη κινητικοτητα βαρυγδουπεσ εννοιεση βασικη μεταβαση που απαιτει η κλιματι,0
ΦΤΑΙΕΙ Η ΚΛΙΜΑΤΙΚΗ ΑΛΛΑΓΗ....ΟΧΙ ΤΟ ΕΝΦΟΛΙΟ.... https://t.co/1b6MUbA01C,φταιει η κλιματικη αλλαγηοχι το ενφολιο,0
[Κλικ και διαβάστε στο cnn] #Γεωργιάδης: Η πράσινη ενέργεια θα κάνει πιο ανταγωνιστική την ελληνική  #Βιομηχανία https://t.co/UFDOPJOWry,κλικ και διαβαστε στο cnn γεωργιαδησ η πρασινη ενεργεια θα κανει πιο ανταγωνιστικη την ελληνικη βιομηχανια,0
"Ανδρέας Μικρούτσικος: Αποσωληνώθηκε και επικοινωνεί με το περιβάλλον ο παρουσιαστής

https://t.co/GjhblHd0V6",ανδρεασ μικρουτσικοσ αποσωληνωθηκε και επικοινωνει με το περιβαλλον ο παρουσιαστησ,0
Δίκαιο της Δόμησης - Προς μια βιώσιμη δόμηση και κτηριακή ανάπτυξη https://t.co/X0HBgROEEX,δικαιο τησ δομησησ προσ μια βιωσιμη δομηση και κτηριακη αναπτυξη,0
"@GeorgeTsarnas @HardCan75384103 Δε ξέρετε ξέρουμε τι συνέβη και μη ξεχνάτε πως ο Άγιος χαντα αποκάλεσε Στάθη και αυτόν σκουπίδια 
Ελάτε εσείς όλοι να συγκ με άτομα σε περιβάλλον με έλλειψη πείνας (σχετικό) και να σας αποκαλεί Καπιος Σκουπίδι 
Κρίνουμε βάση από μονταρισμένα πλάνα",georgetsarnas hardcan δε ξερετε ξερουμε τι συνεβη και μη ξεχνατε πωσ ο αγιοσ χαντα αποκαλεσε σταθη και αυτον σκουπιδια ελατε εσεισ ολοι να συγκ με ατομα σε περιβαλλον με ελλειψη πεινασ σχετικο και να σασ αποκαλει καπιοσ σκουπιδι κρινουμε βαση απο μονταρισμενα πλανα,0
Υποβάθμισε το περιβάλλον στη λίμνη Κάρλα από τα απόβλητα των βοοειδών https://t.co/XUwKUrsQTV,υποβαθμισε το περιβαλλον στη λιμνη καρλα απο τα αποβλητα των βοοειδων,0
Θεσσαλονίκη – 25ο ΦΝΘ: Δύο ντοκιμαντέρ για τον άνθρωπο και το περιβάλλον με το βλέμμα του Σωτήρη Δανέζη - Documento https://t.co/JCz0atOopE,θεσσαλονικη ο φνθ δυο ντοκιμαντερ για τον ανθρωπο και το περιβαλλον με το βλεμμα του σωτηρη δανεζη documento,0
"25ο Φεστιβάλ Ντοκιμαντέρ Θεσσαλονίκης

Δύο ντοκιμαντέρ για τον άνθρωπο και το περιβάλλον με το βλέμμα του @SotirisDanezis 

https://t.co/FLxlStfgK5

#TiDF25",ο φεστιβαλ ντοκιμαντερ θεσσαλονικησ δυο ντοκιμαντερ για τον ανθρωπο και το περιβαλλον με το βλεμμα του sotirisdanezis tidf,0
"Η συμφωνία που επιτεύχθηκε στα Ηνωμένα Έθνη για την πρώτη διεθνή συνθήκη για την προστασία της ανοικτής θάλασσας είναι «μια ιστορική στιγμή για τους ωκεανούς μας», δήλωσε σήμερα ο Ευρωπαίος επίτροπος για το Περιβάλλον Βιργκίνιους Σινκεβίτσιους,

https://t.co/o1gmM0PsIG",η συμφωνια που επιτευχθηκε στα ηνωμενα εθνη για την πρωτη διεθνη συνθηκη για την προστασια τησ ανοικτησ θαλασσασ ειναι μια ιστορικη στιγμη για τουσ ωκεανουσ μασ δηλωσε σημερα ο ευρωπαιοσ επιτροποσ για το περιβαλλον βιργκινιουσ σινκεβιτσιουσ,0
"25ο ΦΝΘ: Δύο ντοκιμαντέρ για τον άνθρωπο και το περιβάλλον με το βλέμμα του Σ. Δανέζη,
https://t.co/oNY2fW0aXq,",ο φνθ δυο ντοκιμαντερ για τον ανθρωπο και το περιβαλλον με το βλεμμα του σ δανεζη,0
Ολοκληρώθηκε το Σεμινάριο του Περιφερειακού Δικτύου Περιβαλλοντικής Εκπαίδευσης «Αλλά..Ζω για το Κλίμα» που οργάνωσε στις 3 και 4 Μαρτίου 2023 το Κέντρο Εκπαίδευσης για το Περιβάλλον και την Αειφορία Βάμου.  https://t.co/10e4UEE6KN,ολοκληρωθηκε το σεμιναριο του περιφερειακου δικτυου περιβαλλοντικησ εκπαιδευσησ αλλαζω για το κλιμα που οργανωσε στισ και μαρτιου το κεντρο εκπαιδευσησ για το περιβαλλον και την αειφορια βαμου,0
Αγρίνιο:Ενημερωτική ημερίδα για το αύριο του πρωτογενή τομέα στην Αιτ/νια και την κλιματική αλλαγή https://t.co/Ho5BfV8Jqm https://t.co/8lwIa5j1JI,αγρινιοενημερωτικη ημεριδα για το αυριο του πρωτογενη τομεα στην αιτνια και την κλιματικη αλλαγη,0
Εργαστήρια επιχειρηματικότητας στον τομέα της Κυκλικής Οικονομίας για μηχανικούς και επιστήμονες στο πλαίσιο του έργου “ENGINE-HUBs” - https://t.co/eiOPQNSsIs #Εργαστήρια_Επιχειρηματικότητας #Κυκλική_Οικονομία https://t.co/uSxz5anyTS,εργαστηρια επιχειρηματικοτητασ στον τομεα τησ κυκλικησ οικονομιασ για μηχανικουσ και επιστημονεσ στο πλαισιο του εργου enginehubs εργαστηρια_επιχειρηματικοτητασ κυκλικη_οικονομια,0
Ημερίδα για τους εκπαιδευτικούς «Προβληματικές συμπεριφορές στο σχολικό περιβάλλον: η σημασία της πρόληψης και της έγκαιρης αντιμετώπισης» https://t.co/1VRq8QkPuC,ημεριδα για τουσ εκπαιδευτικουσ προβληματικεσ συμπεριφορεσ στο σχολικο περιβαλλον η σημασια τησ προληψησ και τησ εγκαιρησ αντιμετωπισησ,0
"Ο διοικητής του Γενικού Νοσοκομείου της Λάρισας δήλωσε πως κανείς από το περιβάλλον της δεν έχει έρθει σε επαφή με το νοσοκομείο #Τέμπη #Τεμπη_εγκλημα_Μητσοτακη #Μητσοτακη_ΔΟΛΟΦΟΝΕ #μητσοτακη_παραιτησου 
https://t.co/MK7ynyPV3L",ο διοικητησ του γενικου νοσοκομειου τησ λαρισασ δηλωσε πωσ κανεισ απο το περιβαλλον τησ δεν εχει ερθει σε επαφη με το νοσοκομειο τεμπη τεμπη_εγκλημα_μητσοτακη μητσοτακη_δολοφονε μητσοτακη_παραιτησου,0
"Η δημοσιονομική πολιτική για το 2024 πρέπει να διασφαλίζει τη βιωσιμότητα του χρέους και τη βιώσιμη και χωρίς αποκλεισμούς ανάπτυξη, τονίζει η Ευρωπαϊκή Επιτροπή @EU_Commission 

https://t.co/umOwgDVjQV https://t.co/1url7lZp0o",η δημοσιονομικη πολιτικη για το πρεπει να διασφαλιζει τη βιωσιμοτητα του χρεουσ και τη βιωσιμη και χωρισ αποκλεισμουσ αναπτυξη τονιζει η ευρωπαϊκη επιτροπη eu_commission,0
Όμιλος Αστυνομικών Θεσσαλονίκης: Ημερίδα με θέμα την Κλιματική Αλλαγή και τον Σχολικό εκφοβισμό - https://t.co/eiOPQNSsIs https://t.co/uNaD6acKQZ  #Ημερίδα #Κλιματική_Αλλαγή #Όμιλος_Αστυνομικών_Θεσσαλονίκης #Σχολικός_Εκφοβισμός,ομιλοσ αστυνομικων θεσσαλονικησ ημεριδα με θεμα την κλιματικη αλλαγη και τον σχολικο εκφοβισμο ημεριδα κλιματικη_αλλαγη ομιλοσ_αστυνομικων_θεσσαλονικησ σχολικοσ_εκφοβισμοσ,0
"Η Ελληνικός Χρυσός υλοποιεί μία από τις μεγαλύτερες, άμεσες ξένες επενδύσεις στην Ελλάδα, με σεβασμό στο φυσικό περιβάλλον. https://t.co/Wdy88hfqvR",η ελληνικοσ χρυσοσ υλοποιει μια απο τισ μεγαλυτερεσ αμεσεσ ξενεσ επενδυσεισ στην ελλαδα με σεβασμο στο φυσικο περιβαλλον,0
"ΕΤΕπ: Έργα 17,06 δισ. ευρώ στη βιώσιμη ενέργεια το 2022 εντός ΕΕ https://t.co/B4aAQ0cteT #businessnewsgr",ετεπ εργα δισ ευρω στη βιωσιμη ενεργεια το εντοσ εε businessnewsgr,0
Περιφέρεια Θεσσαλίας: Έκτακτο δελτίο επιδείνωσης του καιρού https://t.co/7495IvtDsy,περιφερεια θεσσαλιασ εκτακτο δελτιο επιδεινωσησ του καιρου,0
Είναι η Νέα Υόρκη τόσο βιώσιμη όσο πριν από την πανδημία; https://t.co/IH3D52gJSg,ειναι η νεα υορκη τοσο βιωσιμη οσο πριν απο την πανδημια,0
ΚΑΠ: Ο κομβικός ρόλος της ευρωπαϊκής αγροτικής πολιτικής για ένα βιώσιμο σύστημα τροφίμων https://t.co/p8BLfxEznm,καπ ο κομβικοσ ρολοσ τησ ευρωπαϊκησ αγροτικησ πολιτικησ για ενα βιωσιμο συστημα τροφιμων,0
Cenergy: Αισιοδοξία για τα επόμενα χρόνια – Βιώσιμη κερδοφορία προσφέρει το υψηλό ανεκτέλεστο https://t.co/YA6Zt9EYFh,cenergy αισιοδοξια για τα επομενα χρονια βιωσιμη κερδοφορια προσφερει το υψηλο ανεκτελεστο,0
Ξύπνησαν οι αρκούδες στο Νυμφαίο https://t.co/q2dHxJli6T #ΖΩΑ #ΠΕΡΙΒΑΛΛΟΝ https://t.co/FepzwyCFc0,ξυπνησαν οι αρκουδεσ στο νυμφαιο ζωα περιβαλλον,0
Ορσαλία Παρθένη: Αειφορία στη μόδα και την Parthenis #mononewsGR https://t.co/qvK6pbuwud,ορσαλια παρθενη αειφορια στη μοδα και την parthenis mononewsgr,0
H περικύκλωση και ο περιορισμός του Πεκίνου δεν αποτελεί βιώσιμη στρατηγική για τις ΗΠΑ https://t.co/dOZKsxuRjN,h περικυκλωση και ο περιορισμοσ του πεκινου δεν αποτελει βιωσιμη στρατηγικη για τισ ηπα,0
ΚΛΙΜΑΤΙΚΗ ΑΛΛΑΓΗ ....ΚΑΙ ΚΟΨΤΕ ΤΑ ΑΥΓΑ https://t.co/m9mtQSUzkB,κλιματικη αλλαγη και κοψτε τα αυγα,0
Μεταλλευτική δραστηριότητα με σεβασμό για το φυσικό περιβάλλον - https://t.co/RBJ4pAPCaK,μεταλλευτικη δραστηριοτητα με σεβασμο για το φυσικο περιβαλλον,0
ΚΚΕ – Πρόσκληση σε τρεις συζητήσεις για το περιβάλλον με ομιλητή τον Αντώνη Ραλλάτο https://t.co/XjTf24FCgY,κκε προσκληση σε τρεισ συζητησεισ για το περιβαλλον με ομιλητη τον αντωνη ραλλατο,0
Ελληνικός Χρυσός: Ανάπτυξη με σεβασμό στο περιβάλλον https://t.co/duLNjZv2OG,ελληνικοσ χρυσοσ αναπτυξη με σεβασμο στο περιβαλλον,0
Αειφόρος Ήπειρος: Οι 4 άξονες για βιώσιμη αγροτική ανάπτυξη στην Ήπειρο - https://t.co/HDeNyRzh0P https://t.co/75YIl3PoAk,αειφοροσ ηπειροσ οι αξονεσ για βιωσιμη αγροτικη αναπτυξη στην ηπειρο,0
"Εκδήλωση του ΜέΡΑ25 για τη ""ζούγκλα"" στο εργασιακό περιβάλλον - https://t.co/mcK3RB6man https://t.co/zZrkOs7xLC",εκδηλωση του μερα για τη ζουγκλα στο εργασιακο περιβαλλον,0
"Εκδήλωση με τίτλο: Μεταναστευτική κρίση στην Ευρώπη και το υπό διαμόρφωση, νέο θεσμικό, κοινωνικό και πολιτικό περιβάλλον https://t.co/z0wTg3hXGG",εκδηλωση με τιτλο μεταναστευτικη κριση στην ευρωπη και το υπο διαμορφωση νεο θεσμικο κοινωνικο και πολιτικο περιβαλλον,0
RT @TheOpinion_News: Φάμμελος για Μητσοτάκη: «Ρουσφέτια που υποβαθμίζουν τις ενεργειακές κοινότητες και το ελληνικό φυσικό περιβάλλον» http…,rt theopinion_news φαμμελοσ για μητσοτακη ρουσφετια που υποβαθμιζουν τισ ενεργειακεσ κοινοτητεσ και το ελληνικο φυσικο περιβαλλον,0
"Αγοραστός στο CNN Greece: Στρατηγική μας, η πράσινη ενέργεια να γίνει πράσινη συνέργεια https://t.co/IxU9yrZS2e",αγοραστοσ στο cnn greece στρατηγικη μασ η πρασινη ενεργεια να γινει πρασινη συνεργεια,0
"RT @GPapasotiriou: Την ""οριστική απόσυρση του νομοσχεδίου-εκτρώματος"" (για το περιβάλλον) ζητάει στο κύριο άρθρο της η «Καθημερινή», αναφέρ…",rt gpapasotiriou την οριστικη αποσυρση του νομοσχεδιουεκτρωματοσ για το περιβαλλον ζηταει στο κυριο αρθρο τησ η καθημερινη αναφερ,0
ΟΟΟΟΟΟΧΙ!!!!......ΔΕΝ ΦΤΑΙΕΙ ΤΟ ΕΝΦΟΛΙΟ.....ΦΤΑΙΕΙ  Η ΚΛΙΜΑΤΙΚΗ ΑΛΛΑΓΗ ....ΚΑΙ ΤΑ ΑΥΓΑ..... https://t.co/uMU6oi7DyR,οοοοοοχιδεν φταιει το ενφολιοφταιει η κλιματικη αλλαγη και τα αυγα,0
Φωτογραφικές διατάξεις στο πολυνομοσχέδιο για το περιβάλλον | Καθημερινή https://t.co/gNaLG0Ajg5,φωτογραφικεσ διαταξεισ στο πολυνομοσχεδιο για το περιβαλλον καθημερινη,0
"RT @GiorgosKyrtsos: Τι πάθανε φιλομητσοτακικά ΜΜΕ και του βγάζουν λογαριασμούς;(πχ Καθημερινή για περιβάλλον)
Μπλοφάρουν για να κρατήσουν κ…",rt giorgoskyrtsos τι παθανε φιλομητσοτακικα μμε και του βγαζουν λογαριασμουσπχ καθημερινη για περιβαλλον μπλοφαρουν για να κρατησουν κ,0
Βιώσιμο επιχειρηματικό σχήμα για την αξιοποίηση των θερμών πηγών Eμπρός Θέρμης στην Κω #Δημοκρατική #Ρόδος #Δωδεκάνησα https://t.co/UWf4EjyALm,βιωσιμο επιχειρηματικο σχημα για την αξιοποιηση των θερμων πηγων eμπροσ θερμησ στην κω δημοκρατικη ροδοσ δωδεκανησα,0
Βιώσιμο επιχειρηματικό σχήμα για την αξιοποίηση των θερμών πηγών Eμπρός Θέρμης στην Κω https://t.co/vlKmOCJ6rx via @aegeanews,βιωσιμο επιχειρηματικο σχημα για την αξιοποιηση των θερμων πηγων eμπροσ θερμησ στην κω via aegeanews,0
Περιφέρεια Θεσσαλίας: Έκτακτο Δελτίο Επιδείνωσης του Καιρού-  Στο χάρτη της κακοκαιρίας και η Θεσσαλία https://t.co/J2kZ5Jc90j,περιφερεια θεσσαλιασ εκτακτο δελτιο επιδεινωσησ του καιρου στο χαρτη τησ κακοκαιριασ και η θεσσαλια,0
Παρατείνεται ο 6ος διαγωνισμός φωτογραφίας με θέμα «Το Μέλλον που θέλουμε – Βιώσιμη διαχείριση πόρων» https://t.co/rm1JTHQl9P #ΔΙΑΓΩΝΙΣΜΟΙ #ΠΕΡΙΦΕΡΕΙΑ #ΣΧΟΛΙΚΑ #ΦΩΤΟΓΡΑΦΙΑ https://t.co/gckx2XomdN,παρατεινεται ο οσ διαγωνισμοσ φωτογραφιασ με θεμα το μελλον που θελουμε βιωσιμη διαχειριση πορων διαγωνισμοι περιφερεια σχολικα φωτογραφια,0
Συμπέρασμα: Οι κυβερνήσεις θέλουν τον θάνατο σας με Ρότσιλντ εντολή και οι εναπομείναντες που θα παρακαλάνε για ειρήνη και λύση να προσκυνήσουν τον αντιηγέτη που έχουν έτοιμο σε ένα ολοκληρωτικό παγκόσμιο περιβάλλον απόλυτου ελέγχου. https://t.co/eRzXZe65sF,συμπερασμα οι κυβερνησεισ θελουν τον θανατο σασ με ροτσιλντ εντολη και οι εναπομειναντεσ που θα παρακαλανε για ειρηνη και λυση να προσκυνησουν τον αντιηγετη που εχουν ετοιμο σε ενα ολοκληρωτικο παγκοσμιο περιβαλλον απολυτου ελεγχου,0
"#Cyprus #MediterraneanDay #environment #climatecrisis 
Η Βουλή @CYParliament συμμετέχει ενεργά στις διαβουλεύσεις για το περιβάλλον της Μεσογείου, λέει η Α. Δημητρίου @AnnitaDemetriou 

https://t.co/w5XDxjYLjM",cyprus mediterraneanday environment climatecrisis η βουλη cyparliament συμμετεχει ενεργα στισ διαβουλευσεισ για το περιβαλλον τησ μεσογειου λεει η α δημητριου annitademetriou,0
Όμιλος Motor Oil: Ενισχύει έμπρακτα την κυκλική οικονομία https://t.co/8f4XMElW7f,ομιλοσ motor oil ενισχυει εμπρακτα την κυκλικη οικονομια,0
Δ. Καμπόσος| Οι μετακινήσεις αποκτούν βιώσιμο πρόσημο στο Δήμο Άργους https://t.co/Aj6RP7df6t μέσω @Arena News | Ηλεκτρονική εφημερίδα της Πελοποννήσου,δ καμποσοσ οι μετακινησεισ αποκτουν βιωσιμο προσημο στο δημο αργουσ μεσω arena news ηλεκτρονικη εφημεριδα τησ πελοποννησου,0
Έξωση σε 83χρονη γιατί το σπίτι που μένει 62 χρόνια δεν είναι ενεργειακά βιώσιμο https://t.co/H1JB6o72Y8,εξωση σε χρονη γιατι το σπιτι που μενει χρονια δεν ειναι ενεργειακα βιωσιμο,0
Κέρκυρα-ΕΞΑΡΧΗΣ: Θεματικές συσκέψεις για τη διαχείριση απορριμμάτων και τουρισμό-περιβάλλον - https://t.co/PDSUk0r8bz,κερκυραεξαρχης θεματικεσ συσκεψεισ για τη διαχειριση απορριμματων και τουρισμοπεριβαλλον,0
"RT @GreeceMFA: 📍 Νέα Υόρκη | Συνάντηση ΥΠΕΞ @NikosDendias με ΓΓ ΟΗΕ António Guterres. Στην ατζέντα των συνομιλιών:
🔹Διεθνή &amp; περιφ. ζητήματ…",rt greecemfa νεα υορκη συναντηση υπεξ nikosdendias με γγ οηε antónio guterres στην ατζεντα των συνομιλιων διεθνη amp περιφ ζητηματ,0
"ΗΜΕΡΙΔΑ ΧΙΟΥ: ΚΥΚΛΙΚΗ ΟΙΚΟΝΟΜΙΑ ΚΑΙ ΕΠΙΧΕΙΡΗΜΑΤΙΚΟΤΗΤΑ 
https://t.co/8Iet7HP6AM https://t.co/KfPNXI8G97",ημεριδα χιου κυκλικη οικονομια και επιχειρηματικοτητα,0
Στ. Καλαφάτης: Έχουμε μπει στην εποχή της κατάκτησης του στόχου όσον αφορά τη βιώσιμη ανάπτυξη και την καινοτομία -Χαιρετισμός του Υφυπουργού Εσωτερικών (Μακεδονίας - Θράκης) κ. Σταύρου Καλαφάτη στο 17ο Συνέδριο Καινοτομία και Ανάπτυξη του ka - Business https://t.co/lZIWEORPAk,στ καλαφατησ εχουμε μπει στην εποχη τησ κατακτησησ του στοχου οσον αφορα τη βιωσιμη αναπτυξη και την καινοτομια χαιρετισμοσ του υφυπουργου εσωτερικων μακεδονιασ θρακησ κ σταυρου καλαφατη στο ο συνεδριο καινοτομια και αναπτυξη του ka business,0
"Υπό την αιγίδα της Περιφέρειας Αττικής, η 5η Διεθνής Έκθεση Verde.Tec για τις Πράσινες Τεχνολογίες και την Κυκλική Οικονομία-Βραβεία στην Περιφέρεια Αττικής και στον ΕΣΝΑ για τις καινοτόμες δράσεις στην ανακύκλωση https://t.co/Q88LvX2Ubo https://t.co/OUdmBzDPxF",υπο την αιγιδα τησ περιφερειασ αττικησ η η διεθνησ εκθεση verdetec για τισ πρασινεσ τεχνολογιεσ και την κυκλικη οικονομιαβραβεια στην περιφερεια αττικησ και στον εσνα για τισ καινοτομεσ δρασεισ στην ανακυκλωση,0
"Μονοπήγαδο: Ολοκληρώθηκε χθες Κυριακή, με επιτυχία η Β' φάση αναδάσωσης https://t.co/KKFjtVe6sO #ΕΘΕΛΟΝΤΙΣΜΟΣ #ΜΟΝΟΠΗΓΑΔΟ #ΠΕΡΙΒΑΛΛΟΝ #ΣΥΛΛΟΓΟΙ https://t.co/uPNf8wzjx4",μονοπηγαδο ολοκληρωθηκε χθεσ κυριακη με επιτυχια η β φαση αναδασωσησ εθελοντισμος μονοπηγαδο περιβαλλον συλλογοι,0
Κέρκυρα: Δρ. Κωνσταντίνος Καποδίστριας | Επισκέφθηκε το Κέντρο Εκπαίδευσης για το Περιβάλλον και την Αειφορία Περιβαλλοντικής Εκπαίδευσης στις Αλυκές Λευκίμμης https://t.co/wtkZhvbk0C,κερκυρα δρ κωνσταντινοσ καποδιστριασ επισκεφθηκε το κεντρο εκπαιδευσησ για το περιβαλλον και την αειφορια περιβαλλοντικησ εκπαιδευσησ στισ αλυκεσ λευκιμμησ,0
ΕΦΑΓΕ ΠΟΛΛΑ ΑΥΓΑ ....ΚΑΙ  ΚΛΙΜΑΤΙΚΗ ΑΛΛΑΓΗ.... https://t.co/fn6Lse8WAT,εφαγε πολλα αυγα και κλιματικη αλλαγη,0
"Χρήστος Ζερεφός: Κλιματική Κρίση και Υδρόσφαιρα,
https://t.co/LAwFwnPzwB,",χρηστοσ ζερεφοσ κλιματικη κριση και υδροσφαιρα,0
Ένας “οδηγός επιβίωσης” από την Ομάδα Εμπειρογνωμόνων για την κλιματική αλλαγή https://t.co/l7TCqJF6BW,ενασ οδηγοσ επιβιωσησ απο την ομαδα εμπειρογνωμονων για την κλιματικη αλλαγη,0
"Θα τρώμε γρύλους, αλευροσκουλήκια και ακρίδες αντί για κρέας για… να αντιμετωπίσει την κλιματική αλλαγή! https://t.co/KB8YCFrIYY μέσω @Fornews_Portal",θα τρωμε γρυλουσ αλευροσκουληκια και ακριδεσ αντι για κρεασ για να αντιμετωπισει την κλιματικη αλλαγη μεσω fornews_portal,0
"Έχει αποκατασταθεί η επικοινωνία της με το περιβάλλον
https://t.co/P4yI8QeYs9",εχει αποκατασταθει η επικοινωνια τησ με το περιβαλλον,0
#Τρίκαλα2030: Το πρόγραμμα του εξ αναβολής συνεδρίου για τη Βιώσιμη Πόλη του Αύριο https://t.co/b3FFYMRZSL,τρικαλα το προγραμμα του εξ αναβολησ συνεδριου για τη βιωσιμη πολη του αυριο,0
Δ. Κωστούρος: «Το Ναύπλιο είναι μία φιλική προς το περιβάλλον πόλη» - Τοποθετούνται και νέες μονάδες Ανταποδοτικής Ανακύκλωσης https://t.co/xWqfKaUNxE https://t.co/6pAh5QKjh3,δ κωστουροσ το ναυπλιο ειναι μια φιλικη προσ το περιβαλλον πολη τοποθετουνται και νεεσ μοναδεσ ανταποδοτικησ ανακυκλωσησ,0
"Τ. Μοροπούλου στο ΑΠΕ-ΜΠΕ: Το έργο της αποκατάστασης του Ιερού Κουβουκλίου του Πανάγιου Τάφου έγινε σ’ ένα περιβάλλον κοινής αποδοχής

https://t.co/n7DFoLq7D6",τ μοροπουλου στο απεμπε το εργο τησ αποκαταστασησ του ιερου κουβουκλιου του παναγιου ταφου εγινε σ ενα περιβαλλον κοινησ αποδοχησ,0
Δόμνα Μιχαηλίδου: Η 14χρονη είναι σε ασφαλές περιβάλλον https://t.co/50Z8yz7NwB #ΕΠΙΚΑΙΡΟΤΗΤΑ #14ΧΡΟΝΗ #ΒΙΑΣΜΟΣ #ΔΟΜΗΦΙΛΟΞΕΝΙΑΣ By https://t.co/p9zfHynwcm https://t.co/1fYiBafQqg,δομνα μιχαηλιδου η χρονη ειναι σε ασφαλεσ περιβαλλον επικαιροτητα χρονη βιασμος δομηφιλοξενιας by,0
"Πρέπει να βγείτε από το 5g περιβάλλον και όλων των ακτινοβολιών τεχνολογίας, κινητων, υπολογιστων κ.λ.π όσο πιο γρήγορα γίνεται. Αν όλα αυτά πυροδοτούν το γραφένιο στο σώμα θα ζήσουμε ακραίες τραγικές καταστάσεις. https://t.co/hh0kYhnoOG",πρεπει να βγειτε απο το g περιβαλλον και ολων των ακτινοβολιων τεχνολογιασ κινητων υπολογιστων κλπ οσο πιο γρηγορα γινεται αν ολα αυτα πυροδοτουν το γραφενιο στο σωμα θα ζησουμε ακραιεσ τραγικεσ καταστασεισ,0
Οι δράσεις που “Φυτεύουν” δυνατά Κοινωνικά Μηνύματα: Η WE4ALL και ΜΕΓΑ Π. Α. Υγιεινής Α.Ε. δίνουν οξυγόνο σε κάθε δήμο https://t.co/FylF7FYqgxΜΕΓΑ Π. Α. Υ.#ΠΕΡΙΒΑΛΛΟΝ,οι δρασεισ που φυτευουν δυνατα κοινωνικα μηνυματα η weall και μεγα π α υγιεινησ αε δινουν οξυγονο σε καθε δημο π α υπεριβαλλον,0
"RT @VoltGreece: Η κλιματική κρίση είναι υπόθεση όλων μας και οι επιπτώσεις στη χώρα μας θα είναι σφοδρές αν δεν αλλάξουμε κάτι άμεσα.

#Κλι…",rt voltgreece η κλιματικη κριση ειναι υποθεση ολων μασ και οι επιπτωσεισ στη χωρα μασ θα ειναι σφοδρεσ αν δεν αλλαξουμε κατι αμεσα κλι,0
Σε ασφαλές περιβάλλον η 14χρονη που την εξέδιδε κύκλωμα μαστροπείας https://t.co/L1wVsYWdpP,σε ασφαλεσ περιβαλλον η χρονη που την εξεδιδε κυκλωμα μαστροπειασ,0
"Πληθαίνουν τα δημοσιεύματα σε ΜΜΕ του εξωτερικού που ξεχωρίζουν τους Λειψούς ανάμεσα στους Ελληνικούς προορισμούς που προωθούν το βιώσιμο τουρισμό. 
   Η γερμανική εκδοχή του Euronews, καθώς και η ιστοσελίδα Griechenland Zeitung, αναδεικνύουν τις

https://t.co/vacMkmraVw",πληθαινουν τα δημοσιευματα σε μμε του εξωτερικου που ξεχωριζουν τουσ λειψουσ αναμεσα στουσ ελληνικουσ προορισμουσ που προωθουν το βιωσιμο τουρισμο η γερμανικη εκδοχη του euronews καθωσ και η ιστοσελιδα griechenland zeitung αναδεικνυουν τισ,0
Δόμνα Μιχαηλίδου: Σε ασφαλές περιβάλλον η 14χρονη που έπεσε θύμα μαστροπείας @wwwflynewsgr https://t.co/U5YvZtN8lD,δομνα μιχαηλιδου σε ασφαλεσ περιβαλλον η χρονη που επεσε θυμα μαστροπειασ,0
Κ. Αγοραστός για την Παγκόσμια Ημέρα Νερού 2023: Βιολογική αφύπνιση  για την προστασία και τον εμπλουτισμό των υδατικών πόρων στη Θεσσαλία https://t.co/TapCTwTPhG,κ αγοραστοσ για την παγκοσμια ημερα νερου βιολογικη αφυπνιση για την προστασια και τον εμπλουτισμο των υδατικων πορων στη θεσσαλια,0
Περιβάλλον και «περιβάλλον» | Αυγή https://t.co/rV21nlmYce,περιβαλλον και περιβαλλον αυγη,0
Η ΔΩΔΩΝΗ Α.Ε. κάνει στροφή προς την πράσινη ενέργεια υποστηρίζοντας τη μακρόχρονη βιώσιμη ανάπτυξή της https://t.co/7Wavvg054N,η δωδωνη αε κανει στροφη προσ την πρασινη ενεργεια υποστηριζοντασ τη μακροχρονη βιωσιμη αναπτυξη τησ,0
Πώς προσαρμόζουν τη στρατηγική τους οι δανειολήπτες στο περιβάλλον αύξησης των επιτοκίων https://t.co/b9cTOyTVYW,πωσ προσαρμοζουν τη στρατηγικη τουσ οι δανειοληπτεσ στο περιβαλλον αυξησησ των επιτοκιων,0
"Με θέα τον κόλπο του Μιραμπέλλου στο Λασίθι, το «πράσινο» κατάλυμα «Limni» δείχνει το δρόμο για την αληθινά βιώσιμη τουριστική ανάπτυξη. https://t.co/IcY3IqZwBH",με θεα τον κολπο του μιραμπελλου στο λασιθι το πρασινο καταλυμα limni δειχνει το δρομο για την αληθινα βιωσιμη τουριστικη αναπτυξη,0
Άλλο «μπουμπούκι» ξεπετάχτηκε προεκλογικά από το πρωθυπουργικό περιβάλλον για να μας θέσει με περισσή αναίδεια το… δίλημμα εκλογών!!! https://t.co/IqdExMUYaY,αλλο μπουμπουκι ξεπεταχτηκε προεκλογικα απο το πρωθυπουργικο περιβαλλον για να μασ θεσει με περισση αναιδεια το διλημμα εκλογων,0
"RT @friendsofmisery: Τα Κογωπια μου και τα σκαμπό μου μέσα..

Άλλοι με auto-cue γ να πουν στα Ελληνικά 2 αραδες σε ασφαλές περιβάλλον κ άλλ…",rt friendsofmisery τα κογωπια μου και τα σκαμπο μου μεσα αλλοι με autocue γ να πουν στα ελληνικα αραδεσ σε ασφαλεσ περιβαλλον κ αλλ,0
Τι απαντά ο δήμος Θέρμης σχετικά με αποτελέσματα έρευνας ελβετικής εταιρείας για την ατμοσφαιρική ρύπανση https://t.co/5jhg8KiysG #ΔΗΜΟΤΙΚΑ #ΔΤ #ΠΕΡΙΒΑΛΛΟΝ #ΤΟΠΙΚΑ https://t.co/14I9EHKxVH,τι απαντα ο δημοσ θερμησ σχετικα με αποτελεσματα ερευνασ ελβετικησ εταιρειασ για την ατμοσφαιρικη ρυπανση δημοτικα δτ περιβαλλον τοπικα,0
Η υφυπουργός Κοινωνικών Υποθέσεων μίλησε για ένα κορίτσι από «πολυμελή οικογένεια και ένα εξαιρετικά κακοποιητικό περιβάλλον» https://t.co/b2HzRUmhpP,η υφυπουργοσ κοινωνικων υποθεσεων μιλησε για ενα κοριτσι απο πολυμελη οικογενεια και ενα εξαιρετικα κακοποιητικο περιβαλλον,0
ΣΜΑ επικίνδυνος για περιβάλλον και εργαζόμενους - https://t.co/K43aG2sxSo https://t.co/T4eY8COCaN,σμα επικινδυνοσ για περιβαλλον και εργαζομενουσ,0
"Το Ευρωπαϊκό Συμβούλιο καλεί όλους όσοι συμμετέχουν στην κατάρτιση νομοθεσίας για την ενέργεια να καταλήξουν «άμεσα σε συμφωνία» όσον αφορά «όλες» τις προτάσεις προκειμένου «να επιταχυνθεί η πράσινη μετάβαση», καθώς και «να προχωρήσει, χωρίς

https://t.co/JeI6Vptxjo",το ευρωπαϊκο συμβουλιο καλει ολουσ οσοι συμμετεχουν στην καταρτιση νομοθεσιασ για την ενεργεια να καταληξουν αμεσα σε συμφωνια οσον αφορα ολεσ τισ προτασεισ προκειμενου να επιταχυνθει η πρασινη μεταβαση καθωσ και να προχωρησει χωρισ,0
Ηλιούπολη: Όλα όσα δηλώνουν το οικογενειακό περιβάλλον της πρώην συζύγου του προπονητή - https://t.co/fxQXCdJkWy https://t.co/5S5WrQ2HCO,ηλιουπολη ολα οσα δηλωνουν το οικογενειακο περιβαλλον τησ πρωην συζυγου του προπονητη,0
Όλα όσα δηλώνουν το οικογενειακό περιβάλλον της πρώην συζύγου του προπονητή https://t.co/vztDbF4MEu,ολα οσα δηλωνουν το οικογενειακο περιβαλλον τησ πρωην συζυγου του προπονητη,0
"Σε ανάπτυξη εξακολουθεί να βρίσκεται η αγορά οικιστικών ακινήτων στην χώρα μας με τους εγχώριους αλλά και ξένους επενδυτές να αναζητούν ευκαιρίες σε ένα περιβάλλον αυξανόμενων τιμών που ξεπέρασε το 12% για το 2022, σύμφωνα με στοιχεία της Τράπεζας της

https://t.co/UX8i4BEqV9",σε αναπτυξη εξακολουθει να βρισκεται η αγορα οικιστικων ακινητων στην χωρα μασ με τουσ εγχωριουσ αλλα και ξενουσ επενδυτεσ να αναζητουν ευκαιριεσ σε ενα περιβαλλον αυξανομενων τιμων που ξεπερασε το για το συμφωνα με στοιχεια τησ τραπεζασ τησ,0
Σε νέο ψηφιακό περιβάλλον η φορολογία με τη διασύνδεση ταμειακών μηχανών και POS – Πώς θα λειτουργήσει https://t.co/ufFIp9sMFF,σε νεο ψηφιακο περιβαλλον η φορολογια με τη διασυνδεση ταμειακων μηχανων και pos πωσ θα λειτουργησει,0
"Σε νέο ψηφιακό περιβάλλον η φορολογία με την διασύνδεση ταμειακών μηχανών και POS - Πώς θα λειτουργήσει

https://t.co/l4JGPM3Th9",σε νεο ψηφιακο περιβαλλον η φορολογια με την διασυνδεση ταμειακων μηχανων και pos πωσ θα λειτουργησει,0
Σε νέο ψηφιακό περιβάλλον η φορολογία με την διασύνδεση ταμειακών μηχανών και POS – Πώς θα λειτουργήσει https://t.co/xOLzge9bpf,σε νεο ψηφιακο περιβαλλον η φορολογια με την διασυνδεση ταμειακων μηχανων και pos πωσ θα λειτουργησει,0
Πέδρο Σάντσεθ: «Θα πιέσω για δίκαιη και βιώσιμη ειρήνη στην Ουκρανία» λέει για την επίσκεψη στην Κίνα https://t.co/unUzxDdi9n,πεδρο σαντσεθ θα πιεσω για δικαιη και βιωσιμη ειρηνη στην ουκρανια λεει για την επισκεψη στην κινα,0
"Επρεπε η χώρα μας να καταδικαστεί από το Ευρωπαϊκό Δικαστήριο για να συμμορφωθεί τελικά. Δηλαδή να σωθεί από το περιβάλλον ότι είναι δυνατό. Έτσι με νέο καθεστώς θα προχωρούν στο εξής οι επενδύσεις σε περιοχές Natura.

https://t.co/8Zf2VlJNSW https://t.co/kxltodX5pS",επρεπε η χωρα μασ να καταδικαστει απο το ευρωπαϊκο δικαστηριο για να συμμορφωθει τελικα δηλαδη να σωθει απο το περιβαλλον οτι ειναι δυνατο ετσι με νεο καθεστωσ θα προχωρουν στο εξησ οι επενδυσεισ σε περιοχεσ natura,0
Πέδρο Σάντσεθ: «Θα πιέσω για δίκαιη και βιώσιμη ειρήνη στην Ουκρανία» λέει για την επίσκεψη στην Κίνα https://t.co/TFVsKTeLpl,πεδρο σαντσεθ θα πιεσω για δικαιη και βιωσιμη ειρηνη στην ουκρανια λεει για την επισκεψη στην κινα,0
"Σε νέο ψηφιακό περιβάλλον η φορολογία με την διασύνδεση ταμειακών μηχανών και POS - Ρεπορτάζ και ειδήσεις για την Οικονομία, τις Επιχειρήσεις, το Χρηματιστήριο, την Πολιτική #mononewsGR https://t.co/sF9Yrwh4Af",σε νεο ψηφιακο περιβαλλον η φορολογια με την διασυνδεση ταμειακων μηχανων και pos ρεπορταζ και ειδησεισ για την οικονομια τισ επιχειρησεισ το χρηματιστηριο την πολιτικη mononewsgr,0
RT @LykavitosGr: Σε νέο ψηφιακό περιβάλλον η φορολογία με την διασύνδεση ταμειακών μηχανών και POS - Πώς θα λειτουργήσει  #ταμειακές_μηχανέ…,rt lykavitosgr σε νεο ψηφιακο περιβαλλον η φορολογια με την διασυνδεση ταμειακων μηχανων και pos πωσ θα λειτουργησει ταμειακεσ_μηχανε,0
RT @LykavitosGr: Σε νέο ψηφιακό περιβάλλον η φορολογία με την διασύνδεση ταμειακών μηχανών και POS - Πώς θα λειτουργήσει  #ταμειακές_μηχανέ…,rt lykavitosgr σε νεο ψηφιακο περιβαλλον η φορολογια με την διασυνδεση ταμειακων μηχανων και pos πωσ θα λειτουργησει ταμειακεσ_μηχανε,0
RT @TheOpinion_News: Πώς θα λειτουργεί το νέο ψηφιακό περιβάλλον με την σύνδεση ταμειακών μηχανών και POS https://t.co/zjm9NRGNye #Thessalo…,rt theopinion_news πωσ θα λειτουργει το νεο ψηφιακο περιβαλλον με την συνδεση ταμειακων μηχανων και pos thessalo,0
Nέο ψηφιακό περιβάλλον για τη φορολογία με τη διασύνδεση ταμειακών μηχανών και POS – Πώς θα λειτουργεί https://t.co/pnoOPV6ykW,nεο ψηφιακο περιβαλλον για τη φορολογια με τη διασυνδεση ταμειακων μηχανων και pos πωσ θα λειτουργει,0
Ερώτηση (και) Αλ.Αυλωνίτη για την οικονομική στήριξη και βιώσιμη ανάπτυξη παράκτιας αλιείας μικρής κλίμακας - https://t.co/TDktJYNe5v #Αλ.Αυλωνίτης #εκλογές,ερωτηση και αλαυλωνιτη για την οικονομικη στηριξη και βιωσιμη αναπτυξη παρακτιασ αλιειασ μικρησ κλιμακασ αλαυλωνιτησ εκλογεσ,0
"Η Επιτροπή «Πρέβεζα, Ιστορία-Πολιτισμός-Περιβάλλον» και η Τοπική Κοινότητα Νέας Κερασούντας διοργάνωσαν στο Κάστρο των Ρωγών εκδήλωση με σκοπό την ανάδειξη της προσωπικότητάς του Επισκόπου Ρωγών και Κοζύλης Ιωσήφ via @OrthodoxtimesGr https://t.co/o39rw3ckWQ",η επιτροπη πρεβεζα ιστοριαπολιτισμοσπεριβαλλον και η τοπικη κοινοτητα νεασ κερασουντασ διοργανωσαν στο καστρο των ρωγων εκδηλωση με σκοπο την αναδειξη τησ προσωπικοτητασ του επισκοπου ρωγων και κοζυλησ ιωσηφ via orthodoxtimesgr,0
"⭕ Παρά το γεγονός πως χαρακτηρίζεται -από τα φίλια ΜΜΕ- ως λαοπρόβλητος, φαίνεται ότι προτιμά να εμφανίζεται δημόσια σε ένα άκρως προστατευμένο περιβάλλον. https://t.co/5utM7DcV74",παρα το γεγονοσ πωσ χαρακτηριζεται απο τα φιλια μμε ωσ λαοπροβλητοσ φαινεται οτι προτιμα να εμφανιζεται δημοσια σε ενα ακρωσ προστατευμενο περιβαλλον,0
Έρευνα ΕΥ: Διάσταση απόψεων μεταξύ επιχειρήσεων και επενδυτών ως προς τις πρωτοβουλίες για βιώσιμη ανάπτυξη https://t.co/P80dwAmHQ1,ερευνα ευ διασταση αποψεων μεταξυ επιχειρησεων και επενδυτων ωσ προσ τισ πρωτοβουλιεσ για βιωσιμη αναπτυξη,0
ΕΥ: Διχογνωμία επιχειρήσεων και επενδυτών για τη βιώσιμη ανάπτυξη https://t.co/EDPiZAAjEh #businessnewsgr,ευ διχογνωμια επιχειρησεων και επενδυτων για τη βιωσιμη αναπτυξη businessnewsgr,0
Έρευνα ΕΥ: Διάσταση απόψεων μεταξύ επιχειρήσεων και επενδυτών ως προς τις πρωτοβουλίες για τη βιώσιμη ανάπτυξη https://t.co/B6cEoFRIdW,ερευνα ευ διασταση αποψεων μεταξυ επιχειρησεων και επενδυτων ωσ προσ τισ πρωτοβουλιεσ για τη βιωσιμη αναπτυξη,0
ΚΛΙΜΑΤΙΚΗ ΑΛΛΑΓΗ ΚΑΙ ΕΤΡΩΓΕ ΠΟΛΛΑ ΑΥΓΑ...#ξαφνικιτιδα https://t.co/vx94zuslpZ,κλιματικη αλλαγη και ετρωγε πολλα αυγαξαφνικιτιδα,0
Η Βιώσιμη Αστική Κινητικότητα Στο Επίκεντρο Της 2ης Εκδήλωσης Του Αυτοδιοικητικού Φόρουμ Ηλιούπολης https://t.co/Yh3jJ1yNva,η βιωσιμη αστικη κινητικοτητα στο επικεντρο τησ ησ εκδηλωσησ του αυτοδιοικητικου φορουμ ηλιουπολησ,0
Στρατηγικές βιώσιμων και υπεύθυνων επενδύσεων υιοθέτησε η ΚΤΚ για συμβολή σε πράσινη ευρωπαϊκή οικονομία https://t.co/xSpTN9ENMO,στρατηγικεσ βιωσιμων και υπευθυνων επενδυσεων υιοθετησε η κτκ για συμβολη σε πρασινη ευρωπαϊκη οικονομια,0
Αυτή η χημική ουσία στο περιβάλλον που συνδέεται με την εκδήλωση του πάρκινσον https://t.co/hnhip5zpRe #Μαρινακη #Λαγονησι #Τεμπη #Documento #IQ160gr #ΚυριακοςΜητσοτακης #Παπαθανασης #Γκοτση #Σιλας,αυτη η χημικη ουσια στο περιβαλλον που συνδεεται με την εκδηλωση του παρκινσον μαρινακη λαγονησι τεμπη documento iqgr κυριακοσμητσοτακησ παπαθανασησ γκοτση σιλασ,0
Ομιλία στο Λύκειο Ελληνίδων Ξάνθης: “Κλιματική αλλαγή και αναπαραγωγή Βιο-Ηθικές και Κοινωνικές Διαστάσεις” https://t.co/hEz8452Vf3,ομιλια στο λυκειο ελληνιδων ξανθησ κλιματικη αλλαγη και αναπαραγωγη βιοηθικεσ και κοινωνικεσ διαστασεισ,0
Άσπα Γοσποδίνη: «Η ενίσχυση των τριτέκνων μοχλός για τη βιώσιμη ανάπτυξη του πληθυσμού και ασφαλιστικού συστήματος στη χώρα» https://t.co/uzQODWfiXz,ασπα γοσποδινη η ενισχυση των τριτεκνων μοχλοσ για τη βιωσιμη αναπτυξη του πληθυσμου και ασφαλιστικου συστηματοσ στη χωρα,0
Αρχιεπίσκοπος Ελπιδοφόρος: «Δεν είναι δυνατόν να ζούμε ως κοινωνία σε περιβάλλον ένοπλης βίας» - https://t.co/Ih9pzWoGbm,αρχιεπισκοποσ ελπιδοφοροσ δεν ειναι δυνατον να ζουμε ωσ κοινωνια σε περιβαλλον ενοπλησ βιασ,0
"Αρχιεπίσκοπος #Ελπιδοφόρος: «Δεν είναι δυνατόν να ζούμε ως κοινωνία σε περιβάλλον ένοπλης #βίας» 

https://t.co/7JrspQ18vH https://t.co/b3bWviGKZa",αρχιεπισκοποσ ελπιδοφοροσ δεν ειναι δυνατον να ζουμε ωσ κοινωνια σε περιβαλλον ενοπλησ βιασ,0
Δίκτη: Στα Απάτητα Βουνά εντάσσεται το όρος όπου γεννήθηκε ο Δίας https://t.co/TlItSUC9jy #ΕΠΙΚΑΙΡΟΤΗΤΑ #ΑΠΑΤΗΤΑΒΟΥΝΑ #ΔΙΚΤΗ #ΠΕΡΙΒΑΛΛΟΝ By https://t.co/p9zfHynwcm https://t.co/fLDgiA4d6i,δικτη στα απατητα βουνα εντασσεται το οροσ οπου γεννηθηκε ο διασ επικαιροτητα απατηταβουνα δικτη περιβαλλον by,0
Νέα έρευνα της ΕΥ: Χάσμα μεταξύ επιχειρήσεων &amp; επενδυτών ως προς τις πρωτοβουλίες για βιώσιμη ανάπτυξη https://t.co/TgRmSugnlF #oikonomia,νεα ερευνα τησ ευ χασμα μεταξυ επιχειρησεων amp επενδυτων ωσ προσ τισ πρωτοβουλιεσ για βιωσιμη αναπτυξη oikonomia,0
"Πόλος έλξης µαθητών και από το εξωτερικό, το ΚΠΕ https://t.co/uqp2ze4CRA 
#Περιβαλλον #ΚΠΕ #ΚΠΕ_Μεσολογγιου #environnement #environmental_education",πολοσ ελξησ µαθητων και απο το εξωτερικο το κπε περιβαλλον κπε κπε_μεσολογγιου environnement environmental_education,0
"Η @EU_Commission προτείνει μεγαλύτερη διαφάνεια και λιγότερη γραφειοκρατία για τις εταιρείες, με στόχο να βελτιωθεί το επιχειρηματικό περιβάλλον στην ΕΕ 

https://t.co/6iBiAiX3Lk

#EUCompanyLaw https://t.co/KeaIBtoOpM",η eu_commission προτεινει μεγαλυτερη διαφανεια και λιγοτερη γραφειοκρατια για τισ εταιρειεσ με στοχο να βελτιωθει το επιχειρηματικο περιβαλλον στην εε eucompanylaw,0
Ζαχαράκη: Βιώσιμη ανάπτυξη στη Στερεά Ελλάδα μέσα από τις ειδικές μορφές τουρισμού https://t.co/qFQCFpS7ND https://t.co/EhdHuR9FLm,ζαχαρακη βιωσιμη αναπτυξη στη στερεα ελλαδα μεσα απο τισ ειδικεσ μορφεσ τουρισμου,0
"Ελληνικό: Έμφαση στην κυκλική οικονομία και σε έργα υποδομής για βιώσιμη ανάπτυξη δίνει η Lamda Development

https://t.co/V7LvJSmaUI",ελληνικο εμφαση στην κυκλικη οικονομια και σε εργα υποδομησ για βιωσιμη αναπτυξη δινει η lamda development,0
"Aπό το βράδυ της 8ης Μαρτίου που ξεκίνησε το πρόβλημα, ακόμα συνεχίζεται, ενώ υπολογίζουν ότι την επόμενη εβδομάδα θα είναι σε θέση να λειτουργήσουν πλήρως, σε ένα νέο περιβάλλον. #Κύπρος #Cyprus 

https://t.co/kPgbe2IMRn",aπο το βραδυ τησ ησ μαρτιου που ξεκινησε το προβλημα ακομα συνεχιζεται ενω υπολογιζουν οτι την επομενη εβδομαδα θα ειναι σε θεση να λειτουργησουν πληρωσ σε ενα νεο περιβαλλον κυπροσ cyprus,0
Ελληνικό: Έμφαση σε κυκλική οικονομία και έργα υποδομής για βιώσιμη ανάπτυξη από την Lamda Development https://t.co/HrCvXcUFos,ελληνικο εμφαση σε κυκλικη οικονομια και εργα υποδομησ για βιωσιμη αναπτυξη απο την lamda development,0
Ελληνικό: Έμφαση στην κυκλική οικονομία και σε έργα υποδομής για βιώσιμη ανάπτυξη https://t.co/KbjtgpBYxn,ελληνικο εμφαση στην κυκλικη οικονομια και σε εργα υποδομησ για βιωσιμη αναπτυξη,0
"#Ελληνικό: Έμφαση στην κυκλική οικονομία και σε έργα υποδομής για βιώσιμη ανάπτυξη από την Lamda Development

https://t.co/xYQqqdZlI8",ελληνικο εμφαση στην κυκλικη οικονομια και σε εργα υποδομησ για βιωσιμη αναπτυξη απο την lamda development,0
Μπάμπαλος: «Επενδύουμε στο πράσινο… στο βιώσιμο μέλλον για τα παιδιά μας» https://t.co/YqorqOVj3P,μπαμπαλοσ επενδυουμε στο πρασινο στο βιωσιμο μελλον για τα παιδια μασ,0
Αμερικής Ελπιδοφόρος: «Δεν είναι δυνατόν να ζούμε ως κοινωνία σε περιβάλλον ένοπλης βίας» https://t.co/GNfunqB77C https://t.co/Ird6oJmE6Z,αμερικησ ελπιδοφοροσ δεν ειναι δυνατον να ζουμε ωσ κοινωνια σε περιβαλλον ενοπλησ βιασ,0
Φον ντερ Λάιεν: Μη βιώσιμη η αποσύνδεση της ΕΕ από την Κίνα https://t.co/BdrM1Z4NcB,φον ντερ λαιεν μη βιωσιμη η αποσυνδεση τησ εε απο την κινα,0
Ελατόδασος από ανακυκλωμένα Χριστουγεννιάτικα δέντρα στην περιοχή του Αγίου Παντελεήμονα Τριαδίου https://t.co/3jr4QSkxCf #ΑΝΑΚΥΚΛΩΣΗ #ΔΗΜΟΤΙΚΑ #ΠΕΡΙΒΑΛΛΟΝ #ΤΡΙΑΔΙ https://t.co/dhFGClqxHm,ελατοδασοσ απο ανακυκλωμενα χριστουγεννιατικα δεντρα στην περιοχη του αγιου παντελεημονα τριαδιου ανακυκλωση δημοτικα περιβαλλον τριαδι,0
Θεσσαλονίκη: Επιχείρηση μόλυνε με απόβλητα το περιβάλλον στον δήμο Δέλτα https://t.co/lqsVu5oWgq,θεσσαλονικη επιχειρηση μολυνε με αποβλητα το περιβαλλον στον δημο δελτα,0
"Watch the video till the end. Crime is unprecedented. Get out of the 5G environment now the vaccinated are especially at risk.
Δείτε το βίντεο ως το τέλος. Το έγκλημα είναι πρωτόγνωρο. Βγείτε από το περιβάλλον 5G τώρα οι εμβολιασμένοι ειδικά κινδυνεύουν.
https://t.co/cL2f7aQZF5",watch the video till the end crime is unprecedented get out of the g environment now the vaccinated are especially at risk δειτε το βιντεο ωσ το τελοσ το εγκλημα ειναι πρωτογνωρο βγειτε απο το περιβαλλον g τωρα οι εμβολιασμενοι ειδικα κινδυνευουν,0
Σε ασφαλές περιβάλλον η 14χρονη που την εξέδιδε κύκλωμα μαστροπείας https://t.co/t9iU9vknyM,σε ασφαλεσ περιβαλλον η χρονη που την εξεδιδε κυκλωμα μαστροπειασ,0
RT @thistimefromme: Watch the video till the end. Crime is unprecedented. Get out of the 5G environment now the vaccinated are especially a…,rt thistimefromme watch the video till the end crime is unprecedented get out of the g environment now the vaccinated are especially a,0
"Το φωνάζαμε από χρόνια αλλά μας έλεγαν τρελούς η μόνη λύση τώρα είναι να μείνετε μακριά από το περιβάλλον ακτινοβολίας 5G ο λόγος που θα σωθούν πολλοί στα βουνά είναι αυτός και μόνο αυτός. Οι ""έξυπνοι"" παλιότερα απλά κορόιδευαν. Τώρα; Τι; https://t.co/zFnY5EkZFd",το φωναζαμε απο χρονια αλλα μασ ελεγαν τρελουσ η μονη λυση τωρα ειναι να μεινετε μακρια απο το περιβαλλον ακτινοβολιασ g ο λογοσ που θα σωθουν πολλοι στα βουνα ειναι αυτοσ και μονο αυτοσ οι εξυπνοι παλιοτερα απλα κοροιδευαν τωρα τι,0
"Έρευνα EY-Economist Impact: Οι προσδοκίες των καταναλωτών και η κερδοφορία των επιχειρήσεων, οι κινητήριες δυνάμεις για τη βιώσιμη ανάπτυξη https://t.co/e12H8sFlys",ερευνα eyeconomist impact οι προσδοκιεσ των καταναλωτων και η κερδοφορια των επιχειρησεων οι κινητηριεσ δυναμεισ για τη βιωσιμη αναπτυξη,0
"EY - Economist Impact: Κερδοφορία των επιχειρήσεων και καταναλωτικές προσδοκίες, οι κινητήριες δυνάμεις για βιώσιμη ανάπτυξη https://t.co/w4sImy6LOA #businessnewsgr",ey economist impact κερδοφορια των επιχειρησεων και καταναλωτικεσ προσδοκιεσ οι κινητηριεσ δυναμεισ για βιωσιμη αναπτυξη businessnewsgr,0
Δήμος Κηφισιάς: Ημερίδα για τη βιώσιμη ανάπτυξη των πόλεων https://t.co/w5FqI9J3wp,δημοσ κηφισιασ ημεριδα για τη βιωσιμη αναπτυξη των πολεων,0
Το «αναπτυξιακό κράτος» και η βιώσιμη ανάπτυξη της ελληνικής οικονομίας https://t.co/QkG2WDb1IQ,το αναπτυξιακο κρατοσ και η βιωσιμη αναπτυξη τησ ελληνικησ οικονομιασ,0
"Όλοι θέλουμε ηρεμία και ένα ήρεμο περιβάλλον στο σπίτι και να νιώθουμε ότι μπορούμε να χαλαρώσουμε στο τέλος της ημέρας.

#decor #hernewsgr 

https://t.co/lRywrQxpUV",ολοι θελουμε ηρεμια και ενα ηρεμο περιβαλλον στο σπιτι και να νιωθουμε οτι μπορουμε να χαλαρωσουμε στο τελοσ τησ ημερασ decor hernewsgr,0
"Τετ α τετ Μητσοτάκη με τον ΥΠΕΞ των Ηνωμένων Αραβικών Εμιράτων για επενδύσεις, ενέργεια και κλιματική αλλαγή

https://t.co/3CDaWuWUAp",τετ α τετ μητσοτακη με τον υπεξ των ηνωμενων αραβικων εμιρατων για επενδυσεισ ενεργεια και κλιματικη αλλαγη,0
"Με την εξέταση νέων μαρτύρων υπεράσπισης από το περιβάλλον των οικογενειών των κατηγορουμένων συνεχίστηκε η δίκη για το δολοφονία του Άλκη Καμπανού.

✏️Γράφει ο Αλέξανδρος Λιτσαρδάκης https://t.co/IXSUzfAIrT",με την εξεταση νεων μαρτυρων υπερασπισησ απο το περιβαλλον των οικογενειων των κατηγορουμενων συνεχιστηκε η δικη για το δολοφονια του αλκη καμπανου γραφει ο αλεξανδροσ λιτσαρδακησ,0
Πετρέλαιο: Τι σημαίνει η κίνηση-σοκ του OPEC+ για τη μετάβαση στην πράσινη ενέργεια https://t.co/EzEcZtfScr #businessnewsgr,πετρελαιο τι σημαινει η κινησησοκ του opec για τη μεταβαση στην πρασινη ενεργεια businessnewsgr,0
Survivor: Ξέσπασαν σε κλάματα η Στέλλα Ανδρέαδου και η Ρία Κολοβού – «Τοξικό περιβάλλον» https://t.co/cpYmRw3tzF #survivoGR #kaneotikoimasai #GiTisElias #Sasmos,survivor ξεσπασαν σε κλαματα η στελλα ανδρεαδου και η ρια κολοβου τοξικο περιβαλλον survivogr kaneotikoimasai gitiselias sasmos,0
"RT @to_kazanaki: Ε Π Ι Τ Ε Λ Ο Υ C
Η Ρ Θ Ε Ε Ε Ε Ε Ε 
🎉 @esogiinos 🎉

Κάντε φόλο να πιάσουν τόπο η γκρίνια και τα παρακάλια μου. Τόσο κόπο…",rt to_kazanaki ε π ι τ ε λ ο υ c η ρ θ ε ε ε ε ε ε esogiinos καντε φολο να πιασουν τοπο η γκρινια και τα παρακαλια μου τοσο κοπο,0
Σε περιβάλλον ισχυρού ανταγωνισμού και διαδοχικών επενδύσεων εξελίσσεται αυτό των smart lockers https://t.co/2DKvndMfbb,σε περιβαλλον ισχυρου ανταγωνισμου και διαδοχικων επενδυσεων εξελισσεται αυτο των smart lockers,0
"Νέα έρευνα: Η διαβίωση σε κρύο περιβάλλον μειώνει την ευπάθεια στην ανάπτυξη νοσημάτων και αυξάνει τη μακροζωία https://t.co/6G4saqEpW4 #Κασιδιαρη #Λιγναδη #Κεραμεως #Ερχεται
#mavrorodo #MasterChefGR #shoppingstar #Μιθριδατη #Αγορου #Γρηγορης #Στεφανος #αργυρω #Πετρος #Μιτσελ",νεα ερευνα η διαβιωση σε κρυο περιβαλλον μειωνει την ευπαθεια στην αναπτυξη νοσηματων και αυξανει τη μακροζωια κασιδιαρη λιγναδη κεραμεωσ ερχεται mavrorodo masterchefgr shoppingstar μιθριδατη αγορου γρηγορησ στεφανοσ αργυρω πετροσ μιτσελ,0
Καββαθάς (ΓΣΕΒΕΕ): Στόχος ο οικονομικός μετασχηματισμός και η βιώσιμη ανάπτυξη την επόμενη μέρα της απολιγνιτοποίησης https://t.co/qHzji1Mcw1 #businessnewsgr,καββαθασ γσεβεε στοχοσ ο οικονομικοσ μετασχηματισμοσ και η βιωσιμη αναπτυξη την επομενη μερα τησ απολιγνιτοποιησησ businessnewsgr,0
"Παρουσίαση της Έρευνας του ΙΜΕ ΓΣΕΒΕΕ “Μια δεύτερη ζωή για την Μεγαλόπολη, προτάσεις για τον οικονομικό μετασχηματισμό και την βιώσιμη ανάπτυξη την επόμενη μέρα της απολιγνιτοποίησης"" https://t.co/j1AgDqzg3V https://t.co/q0XIsuv2I8",παρουσιαση τησ ερευνασ του ιμε γσεβεε μια δευτερη ζωη για την μεγαλοπολη προτασεισ για τον οικονομικο μετασχηματισμο και την βιωσιμη αναπτυξη την επομενη μερα τησ απολιγνιτοποιησησ,0
Deloitte Ελλάδος: Μία από τις εταιρείες με το καλύτερο εργασιακό περιβάλλον για γυναίκες στην Ελλάδα https://t.co/Rhmg8Aw9FB,deloitte ελλαδοσ μια απο τισ εταιρειεσ με το καλυτερο εργασιακο περιβαλλον για γυναικεσ στην ελλαδα,0
Αρσάκειο: «Αισθάνεται δικαιωμένος &amp; δυνατός» – Τι λέει το περιβάλλον του 15χρονου στο MEGA - https://t.co/kQD83Kj57F https://t.co/sXpqqur1eU,αρσακειο αισθανεται δικαιωμενοσ amp δυνατοσ τι λεει το περιβαλλον του χρονου στο mega,0
Αρσάκειο: «Αισθάνεται δικαιωμένος &amp; δυνατός» – Τι λέει το περιβάλλον του 15χρονου στο MEGA - https://t.co/tR1DW9tHiZ https://t.co/2m80xgkbrg,αρσακειο αισθανεται δικαιωμενοσ amp δυνατοσ τι λεει το περιβαλλον του χρονου στο mega,0
Η ΚΛΙΜΑΤΙΚΗ ΑΛΛΑΓΗ....ΚΑΙ ΤΑ ΒΡΑΣΤΑ ΑΥΓΑ... https://t.co/GAxY3HYJ6i,η κλιματικη αλλαγηκαι τα βραστα αυγα,0
"Τις προτεραιότητες της Κυβέρνησης @Christodulides για το περιβάλλον παρουσίασε σήμερα στα μέλη της Κοινοβουλευτικής Επιτροπής Περιβάλλοντος ο Υπουργός Γεωργίας, Αγροτικής Ανάπτυξης και Περιβάλλοντος Πέτρος Ξενοφώντος.

Περισσότερα 👉 https://t.co/MBS1MYOn47 https://t.co/2XQZKFC4vx",τισ προτεραιοτητεσ τησ κυβερνησησ christodulides για το περιβαλλον παρουσιασε σημερα στα μελη τησ κοινοβουλευτικησ επιτροπησ περιβαλλοντοσ ο υπουργοσ γεωργιασ αγροτικησ αναπτυξησ και περιβαλλοντοσ πετροσ ξενοφωντοσ περισσοτερα,0
Οι θέσεις μας για το Περιβάλλον – Μαγνησία https://t.co/XxHW2gMjty,οι θεσεισ μασ για το περιβαλλον μαγνησια,0
"Στα €12 δις η ζήτηση για το Βιώσιμο ομόλογο της Δημοκρατίας με επιτόκιο 4,125% https://t.co/d28vwPxmqi",στα δισ η ζητηση για το βιωσιμο ομολογο τησ δημοκρατιασ με επιτοκιο,0
RT @Faklana38: Ο Μπογδανος σήμερα στο φυσικό του περιβάλλον. #survivorGR https://t.co/fxiuEz5DXs,rt faklana ο μπογδανοσ σημερα στο φυσικο του περιβαλλον survivorgr,0
"RT @LykavitosGr: 1.200 μαθητές ανέπτυξαν τεχνολογικές λύσεις για μια «έξυπνη» πόλη, πιο φιλική για τον άνθρωπο και το περιβάλλον  #COSMOTE…",rt lykavitosgr μαθητεσ ανεπτυξαν τεχνολογικεσ λυσεισ για μια εξυπνη πολη πιο φιλικη για τον ανθρωπο και το περιβαλλον cosmote,0
"RT @LykavitosGr: 1.200 μαθητές ανέπτυξαν τεχνολογικές λύσεις για μια «έξυπνη» πόλη, πιο φιλική για τον άνθρωπο και το περιβάλλον  #COSMOTE…",rt lykavitosgr μαθητεσ ανεπτυξαν τεχνολογικεσ λυσεισ για μια εξυπνη πολη πιο φιλικη για τον ανθρωπο και το περιβαλλον cosmote,0
Νίκος Τζούμας: «Η Αειφορία είναι στα χέρια των νέων» https://t.co/gbg9JGGMzs,νικοσ τζουμασ η αειφορια ειναι στα χερια των νεων,0
"RT @PIOcy: Ομιλία Υπουργού Γεωργίας, Αγροτικής Ανάπτυξης και Περιβάλλοντος κ. Πέτρου Ξενοφώντος στο Συνέδριο με θέμα «Πράσινη Μετάβαση και…",rt piocy ομιλια υπουργου γεωργιασ αγροτικησ αναπτυξησ και περιβαλλοντοσ κ πετρου ξενοφωντοσ στο συνεδριο με θεμα πρασινη μεταβαση και,0
RT @aris_rigas: - Kύριε ΠΘ θέλω να σας ρωτήσω κάτι που είναι στο μυαλό όλων των νέων ανθρώπων που προσπαθούν να επιβιώσουν στο αντίξοο αυτό…,rt aris_rigas kυριε πθ θελω να σασ ρωτησω κατι που ειναι στο μυαλο ολων των νεων ανθρωπων που προσπαθουν να επιβιωσουν στο αντιξοο αυτο,0
Παπανάτσιου: «Στόχος μας ένα βιώσιμο σύστημα υγείας που οι πολίτες θα έχουν πλήρη και ισότιμη πρόσβαση» https://t.co/sAzZLNzhSk,παπανατσιου στοχοσ μασ ενα βιωσιμο συστημα υγειασ που οι πολιτεσ θα εχουν πληρη και ισοτιμη προσβαση,0
Αλ. Τσίπρας: Η προοδευτική κυβέρνηση θα είναι βιώσιμη και μακράς πνοής https://t.co/gBOGzyhwFQ,αλ τσιπρασ η προοδευτικη κυβερνηση θα ειναι βιωσιμη και μακρασ πνοησ,0
Πράσινη ενέργεια: Άλμα στις πατέντες για μπαταρίες και υδρογόνο [γραφήματα] https://t.co/CQRsAT7vU8,πρασινη ενεργεια αλμα στισ πατεντεσ για μπαταριεσ και υδρογονο γραφηματα,0
"Τσίπρας: Η προοδευτική κυβέρνηση θα είναι βιώσιμη και μακράς πνοής,
https://t.co/C7gIuhP7zr,",τσιπρασ η προοδευτικη κυβερνηση θα ειναι βιωσιμη και μακρασ πνοησ,0
"«Η προοδευτική κυβέρνηση θα είναι βιώσιμη και μακράς πνοής», υποστηρίζει σε συνέντευξή του στην ""Καθημερινή"", ο πρόεδρος του ΣΥΡΙΖΑ-ΠΣ, Αλέξης Τσίπρας και διευκρινίζει ότι από την πρόσκληση δεν εξαιρεί κανέναν, πλην της Ν.Δ., του κ.

https://t.co/CXvC6Qmerp",η προοδευτικη κυβερνηση θα ειναι βιωσιμη και μακρασ πνοησ υποστηριζει σε συνεντευξη του στην καθημερινη ο προεδροσ του συριζαπς αλεξησ τσιπρασ και διευκρινιζει οτι απο την προσκληση δεν εξαιρει κανεναν πλην τησ νδ του κ,0
Αλ. Τσίπρας: Η προοδευτική κυβέρνηση θα είναι βιώσιμη και μακράς πνοής https://t.co/l6S1vqj7Qg,αλ τσιπρασ η προοδευτικη κυβερνηση θα ειναι βιωσιμη και μακρασ πνοησ,0
Αλέξης Τσίπρας: «Η προοδευτική κυβέρνηση θα είναι βιώσιμη και μακράς πνοής» – Τι είπε για τον Παύλο Πολάκη https://t.co/TMiDc993R9,αλεξησ τσιπρασ η προοδευτικη κυβερνηση θα ειναι βιωσιμη και μακρασ πνοησ τι ειπε για τον παυλο πολακη,0
".@atsipras: Η προοδευτική κυβέρνηση θα είναι βιώσιμη και μακράς πνοής

https://t.co/I5BJxAsxPh",atsipras η προοδευτικη κυβερνηση θα ειναι βιωσιμη και μακρασ πνοησ,0
"Αλέξης Τσίπρας στην «Κ»: «Η προοδευτική κυβέρνηση θα είναι βιώσιμη και μακράς πνοής»
https://t.co/6sAnje4RG1",αλεξησ τσιπρασ στην κ η προοδευτικη κυβερνηση θα ειναι βιωσιμη και μακρασ πνοησ,0
"Αλέξης Τσίπρας: Η προοδευτική κυβέρνηση θα είναι βιώσιμη και μακράς πνοής - Ρεπορτάζ και ειδήσεις για την Οικονομία, τις Επιχειρήσεις, το Χρηματιστήριο, την Πολιτική #mononewsGR https://t.co/mB7LtumtT0",αλεξησ τσιπρασ η προοδευτικη κυβερνηση θα ειναι βιωσιμη και μακρασ πνοησ ρεπορταζ και ειδησεισ για την οικονομια τισ επιχειρησεισ το χρηματιστηριο την πολιτικη mononewsgr,0
Αλ. Τσίπρας: Η προοδευτική κυβέρνηση θα είναι βιώσιμη και μακράς πνοής https://t.co/wW7DRMoaho,αλ τσιπρασ η προοδευτικη κυβερνηση θα ειναι βιωσιμη και μακρασ πνοησ,0
Αλέξης Τσίπρας: Βιώσιμη μια κυβέρνηση συνεργασίας των προοδευτικών δυνάμεων - Documento https://t.co/qUSWOLpgy3,αλεξησ τσιπρασ βιωσιμη μια κυβερνηση συνεργασιασ των προοδευτικων δυναμεων documento,0
"Αλ. Τσίπρας: Βιώσιμη μια κυβέρνηση συνεργασίας – Προϋπόθεση για την αλλαγή, η νίκη του ΣΥΡΙΖΑ https://t.co/gqPkybmdVX #maritime #shipping #supplychain #maritimenetwork",αλ τσιπρασ βιωσιμη μια κυβερνηση συνεργασιασ προϋποθεση για την αλλαγη η νικη του συριζα maritime shipping supplychain maritimenetwork,0
Οι Θέσεις μας για το Περιβάλλον – Μαγνησία https://t.co/8G24z0DFAM,οι θεσεισ μασ για το περιβαλλον μαγνησια,0
Σκύλος: Πως θα δημιουργήσετε ένα ασφαλές περιβάλλον στο σπίτι και στον κήπο https://t.co/GPAQteSJ8t #ΣΚΥΛΟΣ https://t.co/pxqIrfGEOR,σκυλοσ πωσ θα δημιουργησετε ενα ασφαλεσ περιβαλλον στο σπιτι και στον κηπο σκυλος,0
@e_amyna Όμορφα είναι στο φυσικό τους περιβάλλον.,e_amyna ομορφα ειναι στο φυσικο τουσ περιβαλλον,0
"Συνέδριο με θέμα «Hospitality in Crete: Extending the Tourist season | Over tourism and Sustainability (Φιλοξενία στην Κρήτη: Επέκταση τουριστικής περιόδου | Υπερτουρισμός και αειφορία)», διοργανώνει το Σάββατο 6 Μαΐου στο Μεγάλο Αρσενάλι, Κέντρο… https://t.co/Nvpyy9mZl5",συνεδριο με θεμα hospitality in crete extending the tourist season over tourism and sustainability φιλοξενια στην κρητη επεκταση τουριστικησ περιοδου υπερτουρισμοσ και αειφορια διοργανωνει το σαββατο μαΐου στο μεγαλο αρσεναλι κεντρο,0
"Οικονομικό Φόρουμ των Δελφών: Έμφαση στην κλιματική κρίση,
https://t.co/dKZz8qSRb4,",οικονομικο φορουμ των δελφων εμφαση στην κλιματικη κριση,0
Αλέξης Τσίπρας στην «Καθημερινή της Κυριακής»: Βιώσιμη μια Κυβέρνηση Συνεργασίας των προοδευτικών δυνάμεων. https://t.co/VGjZxiS57X via @Kifisia Press,αλεξησ τσιπρασ στην καθημερινη τησ κυριακησ βιωσιμη μια κυβερνηση συνεργασιασ των προοδευτικων δυναμεων via kifisia press,0
2ο Συνέδριο ΕΚΠΑ για την Κλιματική Κρίση-«Η συμβολή του ΕΚΠΑ στην αντιμετώπιση της κλιματικής κρίσης: από τη διεπιστημονική έρευνα και εκπαίδευση στην παροχή επιστημονικής γνώσης για τη λήψη αποφάσεων πολιτικής» https://t.co/VHaX6zbXP9 https://t.co/8ggmGHhRfg,ο συνεδριο εκπα για την κλιματικη κρισηη συμβολη του εκπα στην αντιμετωπιση τησ κλιματικησ κρισησ απο τη διεπιστημονικη ερευνα και εκπαιδευση στην παροχη επιστημονικησ γνωσησ για τη ληψη αποφασεων πολιτικησ,0
"RT @KostasVaxevanis: Και άλλος παιδόφιλος στο πρωθυπουργικό περιβάλλον; Τι συμβαίνει;

https://t.co/Y0TFi9ojVx",rt kostasvaxevanis και αλλοσ παιδοφιλοσ στο πρωθυπουργικο περιβαλλον τι συμβαινει,0
"⭕ Ολιγωρία των Αρχών για σοβαρή καταγγελία σεξουαλικής κακοποίησης ανήλικης από τον πατέρα της, πρώην στέλεχος σε επιχείρηση με άμεση σχέση με το πρωθυπουργικό περιβάλλον.

✏️ Γράφει η Δανάη Κισκήρα - Μπαρτσώκα

https://t.co/SGSpMAMcrt",ολιγωρια των αρχων για σοβαρη καταγγελια σεξουαλικησ κακοποιησησ ανηλικησ απο τον πατερα τησ πρωην στελεχοσ σε επιχειρηση με αμεση σχεση με το πρωθυπουργικο περιβαλλον γραφει η δαναη κισκηρα μπαρτσωκα,0
Η ΜΑΙΜΟΥ ΣΕ ΦΥΣΙΚΟ ΠΕΡΙΒΑΛΛΟΝ.... https://t.co/SzWOfkIf7e,η μαιμου σε φυσικο περιβαλλον,0
"ΑΠΙΣΤΕΥΤΟ: ΟΛΙΓΩΡΙΑ ΤΩΝ ΑΡΧΩΝ ΣΕ ΥΠΟΘΕΣΗ ΣΕΞΟΥΑΛΙΚΗΣ ΚΑΚΟΠΟΙΗΣΗΣ ΑΝΗΛΙΚΗΣ, ΚΑΤΑΓΓΕΛΛΕΙ ΜΗΤΕΡΑ! ΓΙΑΤΙ ΒΑΖΟΥΝ ΕΜΠΟΔΙΑ ΟΙ ΑΡΧΕΣ ΣΤΗΝ ΥΠΟΘΕΣΗ; ΕΠΕΙΔΗ Ο ΘΥΤΗΣ ΕΧΕΙ ΑΜΕΣΗ ΣΧΕΣΗ ΜΕ ΤΟ ΠΕΡΙΒΑΛΛΟΝ ΤΟΥ ΠΡΩΘΥΠΟΥΡΓΟΥ; https://t.co/FWD8rNOWXY via @Makeleio.gr",απιστευτο ολιγωρια των αρχων σε υποθεση σεξουαλικης κακοποιησης ανηλικης καταγγελλει μητερα γιατι βαζουν εμποδια οι αρχες στην υποθεση επειδη ο θυτης εχει αμεση σχεση με το περιβαλλον του πρωθυπουργου via makeleiogr,0
ΟΛΑ ΚΑΛΑ ΒΡΕ ....ΔΕΝ ΦΤΑΙΕΙ ΤΟ ΕΝΦΟΛΙΟ...ΦΤΑΙΕΙ Η ΚΛΙΜΑΤΙΚΗ ΑΛΛΑΓΗ ΣΤΗΝ ΤΡΙΤΗ ΔΟΣΗ https://t.co/Xv5jki8bzU,ολα καλα βρε δεν φταιει το ενφολιοφταιει η κλιματικη αλλαγη στην τριτη δοση,0
"""Διεκδικούμε την αυτοδυναμία, για να συνεχίσουμε να πορευόμαστε στον ίδιο δρόμο. Ιδιαίτερα σήμερα, σε ένα αβέβαιο διεθνές περιβάλλον και µε έναν απρόβλεπτο γείτονα, η Ελλάδα χρειάζεται σταθερό τιμόνι, µε σαφή πορεία.

https://t.co/RREy77E7Fg",διεκδικουμε την αυτοδυναμια για να συνεχισουμε να πορευομαστε στον ιδιο δρομο ιδιαιτερα σημερα σε ενα αβεβαιο διεθνεσ περιβαλλον και µε εναν απροβλεπτο γειτονα η ελλαδα χρειαζεται σταθερο τιμονι µε σαφη πορεια,0
"Ηλεκτρικό αυτοκίνητο: Καλό για το περιβάλλον, ακριβό για την τσέπη https://t.co/JcIF9jvIzb",ηλεκτρικο αυτοκινητο καλο για το περιβαλλον ακριβο για την τσεπη,0
....ΚΛΙΜΑΤΙΚΗ ΑΛΛΑΓΗ.... ΚΑΙ ΕΤΡΩΓΕ ΚΑΙ ΑΥΤΟΣ ΠΟΛΛΑ ΑΥΓΑ #ξαφνικιτιδα https://t.co/TuUhqypszQ,κλιματικη αλλαγη και ετρωγε και αυτος πολλα αυγα ξαφνικιτιδα,0
ΚΛΙΜΑΤΙΚΗ ΑΛΛΑΓΗ ΚΑΙ ΠΟΛΛΑ ΑΥΓΑ.... https://t.co/fyn5XzqQ88,κλιματικη αλλαγη και πολλα αυγα,0
"Στην κλιματική αλλαγή και τις συνέπειές της στην ανθρωπότητα εστιάζει η νέα δραματική σειρά της Apple TV «Extrapolations».
Κατά κάποιο τρόπο, είναι ένα οικολογικό θρίλερ, καθώς απεικονίζει έναν πλανήτη στο χείλος της περιβαλλοντικής κρίσης, όπου τα

https://t.co/oZF0YFhmXu",στην κλιματικη αλλαγη και τισ συνεπειεσ τησ στην ανθρωποτητα εστιαζει η νεα δραματικη σειρα τησ apple tv extrapolations κατα καποιο τροπο ειναι ενα οικολογικο θριλερ καθωσ απεικονιζει εναν πλανητη στο χειλοσ τησ περιβαλλοντικησ κρισησ οπου τα,0
Η κλιματική κρίση δημιουργεί μετανάστες του κλίματος https://t.co/79fxETtaIQ,η κλιματικη κριση δημιουργει μεταναστεσ του κλιματοσ,0
1ο ΓΕΛ Θέρμης: Σημαντική πρωτοβουλία με bazzar ρούχων την Τετάρτη 17 Μαϊου https://t.co/zqSrFyyP14 #ΠΕΡΙΒΑΛΛΟΝ #ΣΥΜΒΟΥΛΙΟΝΕΩΝ https://t.co/1CjVDPbbAm,ο γελ θερμησ σημαντικη πρωτοβουλια με bazzar ρουχων την τεταρτη μαϊου περιβαλλον συμβουλιονεων,0
Δοκιμές σε αρκτικό περιβάλλον για το Hyundai IONIQ 5 N https://t.co/7aJKKFwpbs,δοκιμεσ σε αρκτικο περιβαλλον για το hyundai ioniq n,0
"Μαρία Κορινθίου: «Δεν ξέρω εάν θα έκανα πρωινό με τον Γιάννη Αϊβάζη. Εξαρτάται από τις συνθήκες και το περιβάλλον»

#The2NightShow #Κορινθιου

https://t.co/SIWKzuexpq https://t.co/L6Bh30jae6",μαρια κορινθιου δεν ξερω εαν θα εκανα πρωινο με τον γιαννη αϊβαζη εξαρταται απο τισ συνθηκεσ και το περιβαλλον thenightshow κορινθιου,0
Αυστραλία: Δεκάδες καρέτα – καρέτα επέστρεψαν στο φυσικό τους περιβάλλον - https://t.co/HEK3RnTLp7 https://t.co/eotTCEvPR0,αυστραλια δεκαδεσ καρετα καρετα επεστρεψαν στο φυσικο τουσ περιβαλλον,0
Αυστραλία: Δεκάδες καρέτα – καρέτα επέστρεψαν στο φυσικό τους περιβάλλον - https://t.co/kKENOpMdJm https://t.co/4TcSA7Lf1i,αυστραλια δεκαδεσ καρετα καρετα επεστρεψαν στο φυσικο τουσ περιβαλλον,0
"Φον ντερ Λάιεν: Η αποσύνδεση από την Κίνα δεν είναι βιώσιμη, επιθυμητή και πρακτική για την Ευρώπη https://t.co/BPKvg5WxMd",φον ντερ λαιεν η αποσυνδεση απο την κινα δεν ειναι βιωσιμη επιθυμητη και πρακτικη για την ευρωπη,0
Φον ντερ Λάιεν: Δεν είναι βιώσιμη η αποσύνδεση από την Κίνα - LarissaPress https://t.co/RL2frvFU3M,φον ντερ λαιεν δεν ειναι βιωσιμη η αποσυνδεση απο την κινα larissapress,0
Εργαστήριο από την ΕΣΗΕΜ-Θ για την ασφαλή άσκηση του δημοσιογραφικού έργου σε επικίνδυνο περιβάλλον https://t.co/c1yLUo5UQh,εργαστηριο απο την εσηεμθ για την ασφαλη ασκηση του δημοσιογραφικου εργου σε επικινδυνο περιβαλλον,0
RT @sofokleous10: Οι σκιές της Credit Suisse παραμένουν στο ευρωπαϊκό τραπεζικό περιβάλλον και φαίνεται ότι… κοστίζουν https://t.co/eKShC6u…,rt sofokleous οι σκιεσ τησ credit suisse παραμενουν στο ευρωπαϊκο τραπεζικο περιβαλλον και φαινεται οτι κοστιζουν,0
Εκπαιδευτικό εργαστήριο για την ασφαλή άσκηση του δημοσιογραφικού έργου σε επικίνδυνο περιβάλλον - https://t.co/moloZR8sHO,εκπαιδευτικο εργαστηριο για την ασφαλη ασκηση του δημοσιογραφικου εργου σε επικινδυνο περιβαλλον,0
Μουσειακή Εκπαίδευση- Κριτική και δημιουργική σκέψη στο μουσειακό περιβάλλον ⋆ TirnavosPress https://t.co/EbcrPvJAzy,μουσειακη εκπαιδευση κριτικη και δημιουργικη σκεψη στο μουσειακο περιβαλλον tirnavospress,0
Μουσειακή Εκπαίδευση- Κριτική και δημιουργική σκέψη στο μουσειακό περιβάλλον https://t.co/DYXYwxdwxE,μουσειακη εκπαιδευση κριτικη και δημιουργικη σκεψη στο μουσειακο περιβαλλον,0
RT @sofokleous10: Οι σκιές της Credit Suisse παραμένουν στο ευρωπαϊκό τραπεζικό περιβάλλον και φαίνεται ότι… κοστίζουν https://t.co/ifGlqCd…,rt sofokleous οι σκιεσ τησ credit suisse παραμενουν στο ευρωπαϊκο τραπεζικο περιβαλλον και φαινεται οτι κοστιζουν,0
Σε σοκ ο Αλέξης Γεωργούλης μετά την καταγγελία σε βάρος του – Τι λέει το περιβάλλον του https://t.co/iS79J2TzXT #agriosxylodarmos #alexisgeorgoylis #viasmos #vryxelles,σε σοκ ο αλεξησ γεωργουλησ μετα την καταγγελια σε βαροσ του τι λεει το περιβαλλον του agriosxylodarmos alexisgeorgoylis viasmos vryxelles,0
"Ο ηθοποιός και πρώην Ευρωβουλευτής, σύμφωνα με το περιβάλλον του και όσα ανέφερε η Όλγα Λαφαζάνη μέσα από την εκπομπή Happy Day ενημερώθηκε την Μεγάλη Παρασκευή για την καταγγελία που εκκρεμεί σε βάρος του.

#hernewsgr 

https://t.co/EmW0uYo2Yu",ο ηθοποιοσ και πρωην ευρωβουλευτησ συμφωνα με το περιβαλλον του και οσα ανεφερε η ολγα λαφαζανη μεσα απο την εκπομπη happy day ενημερωθηκε την μεγαλη παρασκευη για την καταγγελια που εκκρεμει σε βαροσ του hernewsgr,0
"Τι λέει το περιβάλλον του Αλέξη Γεωργούλη για την καταγγελία σε βάρος του – «Είναι σε κατάσταση σοκ»

https://t.co/9qHWWADcEV",τι λεει το περιβαλλον του αλεξη γεωργουλη για την καταγγελια σε βαροσ του ειναι σε κατασταση σοκ,0
Σε σοκ ο Αλ. Γεωργούλης μετά την καταγγελία σε βάρος του – Τι λέει το περιβάλλον του https://t.co/djECmMff3v,σε σοκ ο αλ γεωργουλησ μετα την καταγγελια σε βαροσ του τι λεει το περιβαλλον του,0
Νέες καταγγελίες σε βάρος Γεωργούλη – «Είναι σε κατάσταση σοκ» λέει το περιβάλλον του https://t.co/vTM8OQ5vSZ #alexisgeorgoylis,νεεσ καταγγελιεσ σε βαροσ γεωργουλη ειναι σε κατασταση σοκ λεει το περιβαλλον του alexisgeorgoylis,0
Εκδήλωση ενημέρωσης για την ποιότητα του αέρα στο Δήμο Θέρμης https://t.co/R91q2Gbh93 #ΕΚΔΗΛΩΣΕΙΣ #ΠΕΡΙΒΑΛΛΟΝ https://t.co/MMS353SGx5,εκδηλωση ενημερωσησ για την ποιοτητα του αερα στο δημο θερμησ εκδηλωσεις περιβαλλον,0
ΣΕΒ: Διαδικτυακή εκδήλωση “Innovation Ready” με τίτλο «Μία νέα οικονομία βασισμένη στην βιομηχανική συμβίωση και την πράσινη ενέργεια αναδύεται» https://t.co/gs8wVSfy8j,σεβ διαδικτυακη εκδηλωση innovation ready με τιτλο μια νεα οικονομια βασισμενη στην βιομηχανικη συμβιωση και την πρασινη ενεργεια αναδυεται,0
Έρχεται το 1ο Forum για την Κυκλική Οικονομία - https://t.co/eiOPQNSsIs https://t.co/3kiwrM4TVz,ερχεται το ο forum για την κυκλικη οικονομια,0
Δήμος Θέρμης: Υποχρέωση καθαρισμού των οικοπέδων ενόψει της έναρξης της αντιπυρικής περιόδου https://t.co/rKA6lRMvW2 #ΔΗΜΟΤΙΚΑ #ΔΤ #ΘΕΡΜΗ #ΠΕΡΙΒΑΛΛΟΝ https://t.co/rhnwVTzfEv,δημοσ θερμησ υποχρεωση καθαρισμου των οικοπεδων ενοψει τησ εναρξησ τησ αντιπυρικησ περιοδου δημοτικα δτ θερμη περιβαλλον,0
"Kοστολογημένο και βιώσιμο το σχέδιο ""ΚτίΖΩ"" λέει στο ΚΥΠΕ ο ΥΠΕΣ [BINTEO] https://t.co/EGDJlVRydr",kοστολογημενο και βιωσιμο το σχεδιο κτιζω λεει στο κυπε ο υπες binteo,0
"Kοστολογημένο και βιώσιμο το σχέδιο ""ΚτίΖΩ"" λέει στο ΚΥΠΕ ο ΥΠΕΣ [BINTEO] https://t.co/EGDJlVRydr 
#cyprus #housingmarket",kοστολογημενο και βιωσιμο το σχεδιο κτιζω λεει στο κυπε ο υπες binteo cyprus housingmarket,0
Μπάμπαλος: «Διαμορφώνουμε ένα καλύτερο σχολικό περιβάλλον για τα παιδιά μας» https://t.co/3AXKFFX07T,μπαμπαλοσ διαμορφωνουμε ενα καλυτερο σχολικο περιβαλλον για τα παιδια μασ,0
"Το 1ο Forum για την Κυκλική Οικονομία, στη Θεσσαλονίκη (8-10/6) https://t.co/7s5OQzAlHu",το ο forum για την κυκλικη οικονομια στη θεσσαλονικη,0
".@PetrosKokkalis: 
«Είμαστε η τελευταία γενιά με την ευκαιρία να αποτρέψουμε την κοινωνική κατάρρευση που συνοδεύει την κλιματική κρίση» 

https://t.co/dh7ikqk0FC https://t.co/Aa5PCAQKXW",petroskokkalis ειμαστε η τελευταια γενια με την ευκαιρια να αποτρεψουμε την κοινωνικη καταρρευση που συνοδευει την κλιματικη κριση,0
"Τι είπε ο άνθρωπος που πέρασαν μαζί το Πάσχα, αλλά και δύο ακόμα άνθρωποι από το φιλικό του περιβάλλον
https://t.co/eudm07HKzl

#znews #Γεωργουλης https://t.co/EsvlzNCBfG",τι ειπε ο ανθρωποσ που περασαν μαζι το πασχα αλλα και δυο ακομα ανθρωποι απο το φιλικο του περιβαλλον znews γεωργουλησ,0
"«Στις 21 Μαΐου καλούμε τους πολίτες να πάρουμε μαζί απόφαση Αλλαγής για ένα κράτος που θα λειτουργεί με αξιοπιστία, διαφάνεια και αξιοκρατία. Με ισχυρή δημόσια υγεία και παιδεία. Με δίκαιη ανάπτυξη, που θα σέβεται το περιβάλλον και τον άνθρωπο»,

https://t.co/1A2lon69Bl",στισ μαΐου καλουμε τουσ πολιτεσ να παρουμε μαζι αποφαση αλλαγησ για ενα κρατοσ που θα λειτουργει με αξιοπιστια διαφανεια και αξιοκρατια με ισχυρη δημοσια υγεια και παιδεια με δικαιη αναπτυξη που θα σεβεται το περιβαλλον και τον ανθρωπο,0
"Ικανοποίηση εκφράζει η πλειονότητα των εμπόρων από την αγοραστική κίνηση την εφετινή πασχαλινή περίοδο η οποία πλησίασε τα προ πανδημίας επίπεδα μοιράζοντας αισιοδοξία στις επιχειρήσεις παρά το δυσμενές περιβάλλον.

https://t.co/NV4xeXgnis",ικανοποιηση εκφραζει η πλειονοτητα των εμπορων απο την αγοραστικη κινηση την εφετινη πασχαλινη περιοδο η οποια πλησιασε τα προ πανδημιασ επιπεδα μοιραζοντασ αισιοδοξια στισ επιχειρησεισ παρα το δυσμενεσ περιβαλλον,0
Aegean Rebreath: ξεκίνησε η δράση για το περιβάλλον στη Νάξο https://t.co/DQgqjzcQNx μέσω @Naxos Press,aegean rebreath ξεκινησε η δραση για το περιβαλλον στη ναξο μεσω naxos press,0
Κυκλική Οικονομία στην Πράξη: Δωρεάν διανομή 5.000 σάκων λιπάσματος στο Γεωργικό Συνεταιρισμό Κορωπίου από την Περιφέρεια Αττικής και τον ΕΔΣΝΑ https://t.co/22bWvlGjNC,κυκλικη οικονομια στην πραξη δωρεαν διανομη σακων λιπασματοσ στο γεωργικο συνεταιρισμο κορωπιου απο την περιφερεια αττικησ και τον εδσνα,0
Κλιματική κρίση: Τι δείχνει ο “Κοπέρνικος” για το φετινό καλοκαίρι στην Ελλάδα https://t.co/Jhq8iU2u35 μέσω @Naxos Press,κλιματικη κριση τι δειχνει ο κοπερνικοσ για το φετινο καλοκαιρι στην ελλαδα μεσω naxos press,0
«Άτομα από το περιβάλλον του αποφεύγουν να κάνουν δηλώσεις» https://t.co/pfgtmMFThZ,ατομα απο το περιβαλλον του αποφευγουν να κανουν δηλωσεισ,0
"Οι θέσεις του ΚΚΕ για το περιβάλλον και τις ΑΠΕ- Εκδήλωση την Κυριακή στις Σέρρες 
#ΚΚΕ #Σέρρες #ΑΠΕ #περιβάλλον #Serres
https://t.co/yAHsejucEg",οι θεσεισ του κκε για το περιβαλλον και τισ απε εκδηλωση την κυριακη στισ σερρεσ κκε σερρεσ απε περιβαλλον serres,0
"Η 3win Action, καινοτόμος Κοινωνική Συνεταιριστική Επιχείρηση για τη βιώσιμη ανάπτυξη υλοποιεί μια έρευνα για τις προοπτικές ανάπτυξης των Δήμων της Περιφερειακής Ενότητας Ηρακλείου - Τα ευρήματα της έρευνας θα χρησιμοποιηθούν για επιστημονική ανάλυση. Η έρευνα αυτή δεν αποτελεί… https://t.co/wz344x8YZc",η win action καινοτομοσ κοινωνικη συνεταιριστικη επιχειρηση για τη βιωσιμη αναπτυξη υλοποιει μια ερευνα για τισ προοπτικεσ αναπτυξησ των δημων τησ περιφερειακησ ενοτητασ ηρακλειου τα ευρηματα τησ ερευνασ θα χρησιμοποιηθουν για επιστημονικη αναλυση η ερευνα αυτη δεν αποτελει,0
Πως η κλιματική αλλαγή έπηρρεάζει την στρατηγική δανειοδοτήσεων των τραπεζών https://t.co/NmGBDsEv9d #businessnewsgr,πωσ η κλιματικη αλλαγη επηρρεαζει την στρατηγικη δανειοδοτησεων των τραπεζων businessnewsgr,0
Η ανθρωπότητα σε κρίσιμο σταυροδρόμι: Μπορούμε να πετύχουμε ένα βιώσιμο κλιματικά μέλλον; https://t.co/NU7OsqQg4Z,η ανθρωποτητα σε κρισιμο σταυροδρομι μπορουμε να πετυχουμε ενα βιωσιμο κλιματικα μελλον,0
"ΑΝΑΦΟΡΑ ΣΤΟΝ ΕΠΕΡΧΟΜΕΝΟ ΔΙΑΤΡΟΦΙΚΟ ΕΦΙΑΛΤΗ (Η διατροφική παράνοια που μας σερβίρεται ως «βιώσιμη επανάσταση»)
https://t.co/bLPg6wiyqP",αναφορα στον επερχομενο διατροφικο εφιαλτη η διατροφικη παρανοια που μασ σερβιρεται ωσ βιωσιμη επανασταση,0
ΕΚΔΗΛΩΣΗ – ΣΥΖΗΤΗΣΗ: ΟΙ ΘΕΣΕΙΣ ΤΟΥ ΚΚΕ ΓΙΑ ΤΟ ΠΕΡΙΒΑΛΛΟΝ ΚΑΙ ΤΙΣ ΑΠΕ -  https://t.co/Nq0EBsyrBp,εκδηλωση συζητηση οι θεσεις του κκε για το περιβαλλον και τις απε,0
"Κατ. Σακελλαροπούλου στο @delphi_forum: 

«Μέσα σε ένα περιβάλλον γεωπολιτικών ανακατατάξεων, η Ελλάδα ατενίζει το μέλλον με αισιοδοξία και αυτοπεποίθηση»

https://t.co/dTApV50kac

#delphiforum https://t.co/SErpfJX5IK",κατ σακελλαροπουλου στο delphi_forum μεσα σε ενα περιβαλλον γεωπολιτικων ανακαταταξεων η ελλαδα ατενιζει το μελλον με αισιοδοξια και αυτοπεποιθηση delphiforum,0
Κ.Μάκαρης | Η Δημοτική Αρχή Ναυπλίου αδιαφορεί για το περιβάλλον https://t.co/0hwIMSOQbK μέσω @Arena News | Ηλεκτρονική εφημερίδα της Πελοποννήσου,κμακαρησ η δημοτικη αρχη ναυπλιου αδιαφορει για το περιβαλλον μεσω arena news ηλεκτρονικη εφημεριδα τησ πελοποννησου,0
"RT @PIOcy: Το Προεδρικό Μέγαρο καθίσταται πρότυπο μετάβασης στην κυκλική οικονομία. «Το Μηδέν, Το Μείζον» 
➡️ https://t.co/WTecPm2euM https…",rt piocy το προεδρικο μεγαρο καθισταται προτυπο μεταβασησ στην κυκλικη οικονομια το μηδεν το μειζον,0
"Το κολοσσιαίο σχέδιο των Ηνωμένων Πολιτειών για να επιταχύνουν τη μετάβαση προς την πράσινη ενέργεια είναι «πολύ επικίνδυνο για την Ευρώπη», προειδοποίησε σήμερα ο εκτελεστικός πρόεδρος της Airbus καικάλεσε τη Γηραιά Ήπειρο να προχωρήσει πέρα από τα

https://t.co/B1XFBykMRJ",το κολοσσιαιο σχεδιο των ηνωμενων πολιτειων για να επιταχυνουν τη μεταβαση προσ την πρασινη ενεργεια ειναι πολυ επικινδυνο για την ευρωπη προειδοποιησε σημερα ο εκτελεστικοσ προεδροσ τησ airbus καικαλεσε τη γηραια ηπειρο να προχωρησει περα απο τα,0
Γρηγόρης Αρναούτογλου: «Στο στενό οικογενειακό μου περιβάλλον έχουμε υιοθετήσει παιδί 10 χρονών» https://t.co/WdtMrRiWUT,γρηγορησ αρναουτογλου στο στενο οικογενειακο μου περιβαλλον εχουμε υιοθετησει παιδι χρονων,0
"Τεράστιες συνέπειες σε ανθρώπους, περιβάλλον
 https://t.co/ZONmfCbI3W",τεραστιεσ συνεπειεσ σε ανθρωπουσ περιβαλλον,0
"Σακελλαροπούλου: Μέσα σε ένα περιβάλλον γεωπολιτικών ανακατατάξεων η Ελλάδα ατενίζει το μέλλον με αισιοδοξία

https://t.co/RSg1sy0idN",σακελλαροπουλου μεσα σε ενα περιβαλλον γεωπολιτικων ανακαταταξεων η ελλαδα ατενιζει το μελλον με αισιοδοξια,0
Μαστροπεία: Σε ασφαλές περιβάλλον η 14χρονη που το έσκασε από δομή και την εξέδιδαν https://t.co/GtR1rQOEtp,μαστροπεια σε ασφαλεσ περιβαλλον η χρονη που το εσκασε απο δομη και την εξεδιδαν,0
Σε ασφαλές περιβάλλον η 14χρονη που είχε πέσει θύμα μαστροπείας στη Νέα Σμύρνη https://t.co/ZcnHeTPpmN,σε ασφαλεσ περιβαλλον η χρονη που ειχε πεσει θυμα μαστροπειασ στη νεα σμυρνη,0
RT @atsipras: Ζητάω ισχυρή λαϊκή εντολή με νίκη του ΣΥΡΙΖΑ για να σχηματίσουμε προοδευτική κυβέρνηση συνεργασίας την επόμενη των εκλογών. Τ…,rt atsipras ζηταω ισχυρη λαϊκη εντολη με νικη του συριζα για να σχηματισουμε προοδευτικη κυβερνηση συνεργασιασ την επομενη των εκλογων τ,0
RT @MichaelidouAth: Πρωινή επίσκεψη στο Γυμνάσιο Αγλαντζιάς. Μαζί με τους/τις μαθητές/τριες και τις/τους εκπαιδευτικούς μας. Καινοτόμα προγ…,rt michaelidouath πρωινη επισκεψη στο γυμνασιο αγλαντζιασ μαζι με τουστισ μαθητεστριεσ και τιστουσ εκπαιδευτικουσ μασ καινοτομα προγ,0
Σε ασφαλές περιβάλλον η 14χρονη που είχε πέσει θύμα μαστροπείας στη Νέα Σμύρνη https://t.co/VFH4NdnY7i #aniliki #mastropeia #neasmyrni,σε ασφαλεσ περιβαλλον η χρονη που ειχε πεσει θυμα μαστροπειασ στη νεα σμυρνη aniliki mastropeia neasmyrni,0
Νέα Σμύρνη: Σε ασφαλές περιβάλλον η 14χρονη που το έσκασε από δομή και την εξέδιδαν - https://t.co/IMKuNW5UcS https://t.co/z5jtRugzQi,νεα σμυρνη σε ασφαλεσ περιβαλλον η χρονη που το εσκασε απο δομη και την εξεδιδαν,0
Νέα Σμύρνη: Σε ασφαλές περιβάλλον η 14χρονη που το έσκασε από δομή και την εξέδιδαν - https://t.co/0iEjitWJgv https://t.co/P5DCP9jrd3,νεα σμυρνη σε ασφαλεσ περιβαλλον η χρονη που το εσκασε απο δομη και την εξεδιδαν,0
"Γρ. Τάσιος: «Τα Ζερβοχώρια Χαλκιδικής αξίζουν και μπορούν να έχουν βιώσιμη τουριστική ανάπτυξη» - https://t.co/eiOPQNSsIs https://t.co/EZKPKfT6ck 
@Grigoristasios #Ζερβεροχώρια #Χαλκιδική #Υποψήφιος_Βουλευτής #Τουριστική_Ανάπτυξη",γρ τασιοσ τα ζερβοχωρια χαλκιδικησ αξιζουν και μπορουν να εχουν βιωσιμη τουριστικη αναπτυξη grigoristasios ζερβεροχωρια χαλκιδικη υποψηφιοσ_βουλευτησ τουριστικη_αναπτυξη,0
"RT @sofokleous10: Λαιμός (Enesel): Η ελληνική ναυτιλία, πιστή στη δέσμευσή της για το περιβάλλον https://t.co/yI9Az3UR92",rt sofokleous λαιμοσ enesel η ελληνικη ναυτιλια πιστη στη δεσμευση τησ για το περιβαλλον,0
Ο Ευθύμιος Λέκκας στη Λάρισα για την παρουσίαση του Προγράμματος Επιμόρφωσης στην Διαχείριση Κινδύνων &amp; Κρίσεων στο Σχολικό Περιβάλλον στην Περιφέρεια Θεσσαλίας - LarissaPress https://t.co/VTE3M0SsLC,ο ευθυμιοσ λεκκασ στη λαρισα για την παρουσιαση του προγραμματοσ επιμορφωσησ στην διαχειριση κινδυνων amp κρισεων στο σχολικο περιβαλλον στην περιφερεια θεσσαλιασ larissapress,0
RT @ilianewskoukos: ΕΠΣΗ/Παρασκήνιο: Το σενάριο πρόωρων εκλογών και γιατί το φοβάται το περιβάλλον Κουλούρη https://t.co/WWMwouJxzy,rt ilianewskoukos επσηπαρασκηνιο το σεναριο προωρων εκλογων και γιατι το φοβαται το περιβαλλον κουλουρη,0
ΕΠΣΗ/Παρασκήνιο: Το σενάριο πρόωρων εκλογών και γιατί το φοβάται το περιβάλλον Κουλούρη https://t.co/WWMwouJxzy,επσηπαρασκηνιο το σεναριο προωρων εκλογων και γιατι το φοβαται το περιβαλλον κουλουρη,0
"Ø Μείωση σπατάλης τροφίμων
Ø Προστατεύουμε το περιβάλλον
Ø Δημοσιογραφική διάσκεψη για τη σπατάλη τροφίμων του συγχρηματοδοτούμενου από την ΕΕ έργου Life FoodPrint για ενημέρωση καταναλωτών, επιχειρήσεων και ενδιαφερομένων φορέων. https://t.co/dSSprTQBVr https://t.co/7IfvELqElr",ø μειωση σπαταλησ τροφιμων ø προστατευουμε το περιβαλλον ø δημοσιογραφικη διασκεψη για τη σπαταλη τροφιμων του συγχρηματοδοτουμενου απο την εε εργου life foodprint για ενημερωση καταναλωτων επιχειρησεων και ενδιαφερομενων φορεων,0
"Το φετινό θέμα που ορίστηκε από τη Διεθνή Οργάνωση Εργασίας (ΔΟΕ) είναι: «Ένα ασφαλές και υγιές εργασιακό περιβάλλον είναι θεμελιώδης αρχή και δικαίωμα στην εργασία».

https://t.co/SDdeLmmz0p https://t.co/aURRNlr191",το φετινο θεμα που οριστηκε απο τη διεθνη οργανωση εργασιασ δοε ειναι ενα ασφαλεσ και υγιεσ εργασιακο περιβαλλον ειναι θεμελιωδησ αρχη και δικαιωμα στην εργασια,0
Η «Ολυμπος» στηρίζει το Larissa Cycling Forum και τη βιώσιμη κινητικότητα στη Λάρισα https://t.co/Ka60FCElu3,η ολυμποσ στηριζει το larissa cycling forum και τη βιωσιμη κινητικοτητα στη λαρισα,0
Η «Όλυμπος» στηρίζει τη βιώσιμη κινητικότητα στη Λάρισα - LarissaPress https://t.co/H1H4ECpYKG,η ολυμποσ στηριζει τη βιωσιμη κινητικοτητα στη λαρισα larissapress,0
"Η κλιματική αλλαγή είναι πλέον αναπόσπαστο κομμάτι των συζητήσεων στον κόσμο των επιχειρήσεων αφού οι συνέπειες της είναι ικανές να επηρεάσουν την επιχειρηματική δραστηριότητα σε πολλούς τομείς.

https://t.co/eh0OF4np1z https://t.co/MfAhVf0Ema",η κλιματικη αλλαγη ειναι πλεον αναποσπαστο κομματι των συζητησεων στον κοσμο των επιχειρησεων αφου οι συνεπειεσ τησ ειναι ικανεσ να επηρεασουν την επιχειρηματικη δραστηριοτητα σε πολλουσ τομεισ,0
Μίνα Γκάγκα: «Από την κακή κατανομή υγειονομικού προσωπικού σε ένα βιώσιμο σύστημα υγείας» https://t.co/siovcbgO4h,μινα γκαγκα απο την κακη κατανομη υγειονομικου προσωπικου σε ενα βιωσιμο συστημα υγειασ,0
Βιώσιμη ανάπτυξη και ελληνικός τουρισμός (του Γεώργιου Μεσσήνη) https://t.co/rHRw4ghxFh https://t.co/8xx3DsKySQ,βιωσιμη αναπτυξη και ελληνικοσ τουρισμοσ του γεωργιου μεσσηνη,0
"Ο ρόλος και ο σκοπός των ESG στην κοινωνία, το περιβάλλον και την οικονομία https://t.co/PqXZN1Nze0 https://t.co/iXdxYvefYn",ο ρολοσ και ο σκοποσ των esg στην κοινωνια το περιβαλλον και την οικονομια,0
Η συνεργασία προϋπόθεση για ένα πιο βιώσιμο και κερδοφόρο μέλλον https://t.co/umTYd64GVz,η συνεργασια προϋποθεση για ενα πιο βιωσιμο και κερδοφορο μελλον,0
"Έξι χώρες ζητούν από την Κομισιόν να υιοθετήσει δεσμευτικούς κανόνες για τον περιορισμό των μικροπλαστικών

https://t.co/at4hzwumZG

#περιβαλλον @EU_Commission https://t.co/oTN6O0FBWf",εξι χωρεσ ζητουν απο την κομισιον να υιοθετησει δεσμευτικουσ κανονεσ για τον περιορισμο των μικροπλαστικων περιβαλλον eu_commission,0
Εξελίξεις σχετικά με το έργο ΣΔΙΤ της διαχείρισης απορριμμάτων. Χρονοδιάγραμμα λειτουργίας ολοκληρωμένης διαχείρισης στις μονάδες Καλλιρρόης Μεσσηνίας και της Σκάλας Λακωνίας. https://t.co/7yxkwXCCCd #σδιτ #πελοπόννησος #Νικολάκου #ontimenewsgr #απορρίμματα  #περιβάλλον,εξελιξεισ σχετικα με το εργο σδιτ τησ διαχειρισησ απορριμματων χρονοδιαγραμμα λειτουργιασ ολοκληρωμενησ διαχειρισησ στισ μοναδεσ καλλιρροησ μεσσηνιασ και τησ σκαλασ λακωνιασ σδιτ πελοποννησοσ νικολακου ontimenewsgr απορριμματα περιβαλλον,0
"Διαδραστικές oμιλίες σε Βυρώνεια, Καστανούσσα και Ν. Πετρίτσι με θέματα «Σχέσεις σχολείου – οικογένειας» και «Τεχνικές επικοινωνίας – Διαχείριση συγκρουσιακών καταστάσεων στο οικογενειακό και σχολικό περιβάλλον» 
#Δήμος_Σιντικής #Serres
https://t.co/oje9x0qsr9",διαδραστικεσ oμιλιεσ σε βυρωνεια καστανουσσα και ν πετριτσι με θεματα σχεσεισ σχολειου οικογενειασ και τεχνικεσ επικοινωνιασ διαχειριση συγκρουσιακων καταστασεων στο οικογενειακο και σχολικο περιβαλλον δημοσ_σιντικησ serres,0
Πιλοτικό πρόγραμμα διαχείρισης κινδύνων και κρίσεων στο σχολικό περιβάλλον στην Περιφέρεια Θεσσαλίας https://t.co/fxCBjBII5i μέσω @mouzakinews.gr,πιλοτικο προγραμμα διαχειρισησ κινδυνων και κρισεων στο σχολικο περιβαλλον στην περιφερεια θεσσαλιασ μεσω mouzakinewsgr,0
Πιλοτικό πρόγραμμα διαχείρισης κινδύνων και κρίσεων στο σχολικό περιβάλλον στην Περιφέρεια Θεσσαλίας https://t.co/q7B8NCMUOU,πιλοτικο προγραμμα διαχειρισησ κινδυνων και κρισεων στο σχολικο περιβαλλον στην περιφερεια θεσσαλιασ,0
Από την κακή κατανομή υγειονομικού προσωπικού σε ένα βιώσιμο σύστημα υγείας https://t.co/WDli9HETBI https://t.co/EyeMxsJnZq,απο την κακη κατανομη υγειονομικου προσωπικου σε ενα βιωσιμο συστημα υγειασ,0
Πιλοτικό πρόγραμμα διαχείρισης κινδύνων και κρίσεων στο σχολικό περιβάλλον στην Περιφέρεια Θεσσαλίας - Συμμετέχουν 29 σχολικές μονάδες και 89 εκπαιδευτικοί -Λέκκας: Ξεκινάμε από τη Θεσσαλία γιατί εδώ αντιμετωπίσαμε άμεσα και αποτελεσματικά όλες τις κρίσεις https://t.co/2XgmrnQ0oG,πιλοτικο προγραμμα διαχειρισησ κινδυνων και κρισεων στο σχολικο περιβαλλον στην περιφερεια θεσσαλιασ συμμετεχουν σχολικεσ μοναδεσ και εκπαιδευτικοι λεκκασ ξεκιναμε απο τη θεσσαλια γιατι εδω αντιμετωπισαμε αμεσα και αποτελεσματικα ολεσ τισ κρισεισ,0
ΦΤΑΙΕΙ Η ΚΛΙΜΑΤΙΚΗ ΑΛΛΑΓΗ ΚΑΙ ΤΑ ΑΥΓΑ ΠΟΥ ΕΤΡΩΓΕ  ΔΕΝ ΗΤΑΝ ΗΜΕΡΑΣ....#ξαφνικιτιδα https://t.co/ge3qCR0MQp,φταιει η κλιματικη αλλαγη και τα αυγα που ετρωγε δεν ηταν ημερασξαφνικιτιδα,0
Πιλοτικό πρόγραμμα διαχείρισης κινδύνων και κρίσεων στο σχολικό περιβάλλον https://t.co/0ykX2B8wd4,πιλοτικο προγραμμα διαχειρισησ κινδυνων και κρισεων στο σχολικο περιβαλλον,0
ΜέΡΑ25 – Συμμαχία για τη Ρήξη: Σημαντική η προσθήκη της θεματικής για το Περιβάλλον στο debate - LarissaPress https://t.co/BXLx7qCQ8e,μερα συμμαχια για τη ρηξη σημαντικη η προσθηκη τησ θεματικησ για το περιβαλλον στο debate larissapress,0
"RT @h_doukas: Με τον όρο ""βιώσιμο χρέος"", χάθηκε η έννοια της βιωσιμότητας.
Ακολουθούν οι 10 χώρες με το μεγαλύτερο χρέος (% του ΑΕΠ):
🇬🇷 G…",rt h_doukas με τον ορο βιωσιμο χρεοσ χαθηκε η εννοια τησ βιωσιμοτητασ ακολουθουν οι χωρεσ με το μεγαλυτερο χρεοσ του αεπ g,0
"@h_doukas Βιώσιμο και χρέος δεν γινεται. Ειτε θα εισαι βιωσιμος, ειτε θα χρωστας. Εχουν κανει την γλωσσα μας ξεσκονοπανο...",h_doukas βιωσιμο και χρεοσ δεν γινεται ειτε θα εισαι βιωσιμοσ ειτε θα χρωστασ εχουν κανει την γλωσσα μασ ξεσκονοπανο,0
επιχείρησης του αλλά και σε πιο μακροπρόθεσμο ορίζοντα ιδιαίτερα με τις συνθήκες που διαμορφώνει σήμερα το εξωτερικό περιβάλλον.,επιχειρησησ του αλλα και σε πιο μακροπροθεσμο οριζοντα ιδιαιτερα με τισ συνθηκεσ που διαμορφωνει σημερα το εξωτερικο περιβαλλον,0
"Σε ένα περιβάλλον που μπορεί να χαρακτηριστεί ως το δυσκολότερο μετά τον 2ο Παγκόσμιο Πόλεμο, οι επιχειρήσεις τόσο στη χώρα μας αλλά και ανά τον κόσμο είναι αντιμέτωπες με μία σειρά από προκλήσεις που απειλούν καθημερινά τη βιωσιμότητα τους.

https://t.co/hfeQbc4NTu https://t.co/F52vz1y3KT",σε ενα περιβαλλον που μπορει να χαρακτηριστει ωσ το δυσκολοτερο μετα τον ο παγκοσμιο πολεμο οι επιχειρησεισ τοσο στη χωρα μασ αλλα και ανα τον κοσμο ειναι αντιμετωπεσ με μια σειρα απο προκλησεισ που απειλουν καθημερινα τη βιωσιμοτητα τουσ,0
"Καραλαριώτου: «Βιώσιμη γεωργία, στήριξη στους παραγωγούς» - LarissaPress https://t.co/OEcE5kWL8X",καραλαριωτου βιωσιμη γεωργια στηριξη στουσ παραγωγουσ larissapress,0
Μελέτη BCG: Επενδύοντας σε μια πράσινη οικονομία υδρογόνου #businessnewsgr https://t.co/BlUlxFHSEt,μελετη bcg επενδυοντασ σε μια πρασινη οικονομια υδρογονου businessnewsgr,0
"ΙΕΚ Τουρισμού Μακεδονίας: Στο ‘μικροσκόπιο’ η βιώσιμη τουριστική διαχείριση στην παράκτια ζώνη Δήμου Θερμαϊκού https://t.co/eiOPQNSsIs https://t.co/B8TTIKXVBs 
#Τουρισμός #Δήμος_Θερμαϊκού",ιεκ τουρισμου μακεδονιασ στο μικροσκοπιο η βιωσιμη τουριστικη διαχειριση στην παρακτια ζωνη δημου θερμαϊκου τουρισμοσ δημοσ_θερμαϊκου,0
Εκδήλωση για την παρουσίαση της Έκθεσης «Η Ανθεκτικότητα των Ελληνικών Δασικών Οικοσυστημάτων στην Κλιματική Αλλαγή» της Επιτροπής για την Ανθεκτικότητα των Ελληνικών Δασικών Οικοσυστημάτων στην Κλιματική Αλλαγή-ΕΑΔΟ https://t.co/zKVpgYnmUB https://t.co/3kWEeroCDO,εκδηλωση για την παρουσιαση τησ εκθεσησ η ανθεκτικοτητα των ελληνικων δασικων οικοσυστηματων στην κλιματικη αλλαγη τησ επιτροπησ για την ανθεκτικοτητα των ελληνικων δασικων οικοσυστηματων στην κλιματικη αλλαγηεαδο,0
"RT @stavroforos_: ""Στενές επαφές του κομματάρχη Κανελλόπουλου με το περιβάλλον Μητσοτάκη!Όπως αποδείχτηκε &amp; με την έγκριση συμμετοχής στις…",rt stavroforos_ στενεσ επαφεσ του κομματαρχη κανελλοπουλου με το περιβαλλον μητσοτακηοπωσ αποδειχτηκε amp με την εγκριση συμμετοχησ στισ,0
ΕΙΠΑΜΕ.... ΦΤΑΙΕΙ Η ΚΛΙΜΑΤΙΚΗ ΑΛΛΑΓΗ ΚΑΙ ΤΑ ΠΟΛΛΑ ΑΥΓΑ....ΘΑ ΤΡΩΤΕ ΜΟΝΟ ΑΥΓΑ ΣΤΡΟΥΘΟΚΑΜΗΛΟΥ... https://t.co/ydBkebMc9Y,ειπαμε φταιει η κλιματικη αλλαγη και τα πολλα αυγαθα τρωτε μονο αυγα στρουθοκαμηλου,0
"https://t.co/ioRPRjiITw
Να και ένα καλό νέο! 
#περιβάλλον",να και ενα καλο νεο περιβαλλον,0
Ανδρεάδη (Sani/Ikos): Ελλάδα και Μεσόγειος μπορούν να οδηγήσουν τη βιώσιμη τουριστική ανάπτυξη μέσω ESG #businessnewsgr https://t.co/ak9BY604ys,ανδρεαδη saniikos ελλαδα και μεσογειοσ μπορουν να οδηγησουν τη βιωσιμη τουριστικη αναπτυξη μεσω esg businessnewsgr,0
Οι 5 καλύτερες τροφές για το περιβάλλον και οι 5 χειρότερες https://t.co/tRD0wGgdB9 https://t.co/KrQMxljWzf,οι καλυτερεσ τροφεσ για το περιβαλλον και οι χειροτερεσ,0
"Εκδήλωση του ΚΚΕ για το περιβάλλον και τις ΑΠΕ- Οι τοποθετήσεις των ομιλητών 
#ΚΚΕ #Σέρρες #ΑΠΕ #περιβάλλον #Serres
https://t.co/cgAyMkNMG0",εκδηλωση του κκε για το περιβαλλον και τισ απε οι τοποθετησεισ των ομιλητων κκε σερρεσ απε περιβαλλον serres,0
"♻️ Μια μεγάλη γιορτή για το περιβάλλον και τα παιδια, αυτή την Κυριακή 7/5, στις 11 το πρωί στο Πολιτιστικό Κέντρο Γέρακα.

Βραβεύουμε :🔸Τους μαθητές όλων των σχολείων για τις επιδόσεις τους στον φετινό 7ο Μαραθώνιο Ανακύκλωσης🔸Τα καλύτερα έργα του

https://t.co/hKQgJMoIWo https://t.co/gumXDKhUKI",μια μεγαλη γιορτη για το περιβαλλον και τα παιδια αυτη την κυριακη στισ το πρωι στο πολιτιστικο κεντρο γερακα βραβευουμε τουσ μαθητεσ ολων των σχολειων για τισ επιδοσεισ τουσ στον φετινο ο μαραθωνιο ανακυκλωσηστα καλυτερα εργα του,0
Τύρναβος: Δράση ευαισθητοποίησης στους μαθητές με θέμα: Συγκρούσεις – Διαφωνίες στο σχολικό περιβάλλον - LarissaPress https://t.co/aNA5X1TAUj,τυρναβοσ δραση ευαισθητοποιησησ στουσ μαθητεσ με θεμα συγκρουσεισ διαφωνιεσ στο σχολικο περιβαλλον larissapress,0
"ΜακΚίσικ: Να απαντήσουμε στη δύναμη με περισσότερη δύναμη, θέλουμε από τον κόσμο εχθρικό περιβάλλον στο ΣΕΦ #athlosnews #ΑΘΛΟΣ https://t.co/WRZwdOnSSW",μακκισικ να απαντησουμε στη δυναμη με περισσοτερη δυναμη θελουμε απο τον κοσμο εχθρικο περιβαλλον στο σεφ athlosnews αθλος,0
Κυριάκος Μητσοτάκης: Αδύνατο να προκύψει βιώσιμη κυβέρνηση στις 21 Μαΐου https://t.co/MjQqcAuhUF,κυριακοσ μητσοτακησ αδυνατο να προκυψει βιωσιμη κυβερνηση στισ μαΐου,0
"#Εκλογές
Συνέντευξη ΑΠΕ-ΜΠΕ   
Δέσποινα Δαλαμπούρα: 
«Διακύβευμα των εκλογών είναι η δημιουργία μιας ανθεκτικής και συνεκτικής κοινωνίας, μέσα από μια δίκαιη και βιώσιμη ανάπτυξη»

#Εκλογες_21__Μαιου #Εκλογές2023 

https://t.co/DMmdTANIYj",εκλογεσ συνεντευξη απεμπε δεσποινα δαλαμπουρα διακυβευμα των εκλογων ειναι η δημιουργια μιασ ανθεκτικησ και συνεκτικησ κοινωνιασ μεσα απο μια δικαιη και βιωσιμη αναπτυξη εκλογεσ___μαιου εκλογεσ,0
Εκλογές 2023 – Κυριάκος Μητσοτάκης: Αδύνατο να προκύψει βιώσιμη κυβέρνηση στις 21 Μαΐου – Η συνέντευξη του πρωθυπουργού στο Action24 https://t.co/uKrvq6ytNQ,εκλογεσ κυριακοσ μητσοτακησ αδυνατο να προκυψει βιωσιμη κυβερνηση στισ μαΐου η συνεντευξη του πρωθυπουργου στο action,0
"Ο ρόλος και ο σκοπός των ESG στην κοινωνία, το περιβάλλον και την οικονομία https://t.co/gYdDtEJZer",ο ρολοσ και ο σκοποσ των esg στην κοινωνια το περιβαλλον και την οικονομια,0
Οι καταρράκτες της Λευκάδας με το θαυμάσιο φυσικό περιβάλλον και τις ιδεώδεις διαδρομές https://t.co/bUJkZUz24a,οι καταρρακτεσ τησ λευκαδασ με το θαυμασιο φυσικο περιβαλλον και τισ ιδεωδεισ διαδρομεσ,0
"RT @machiavelli_gr: Εικόνα από τις μάχες στο αστικό περιβάλλον του δυτικού #Μπαχμούτ
#Bakhmut https://t.co/iUsP3Htzvf",rt machiavelli_gr εικονα απο τισ μαχεσ στο αστικο περιβαλλον του δυτικου μπαχμουτ bakhmut,0
"🗣 Νέα καθαρή εντολή στη Νέα Δημοκρατία: Βιώσιμη και αναγκαία συνθήκη για την ευημερία και την πρόοδο του τόπου

✍ Άρθρο της @olgakef, υποψήφιας βουλευτή ΝΔ Α’ Αθηνών, στο Newsbeast

https://t.co/v4OWahkx3v",νεα καθαρη εντολη στη νεα δημοκρατια βιωσιμη και αναγκαια συνθηκη για την ευημερια και την προοδο του τοπου αρθρο τησ olgakef υποψηφιασ βουλευτη νδ α αθηνων στο newsbeast,0
"RT @AgricultureCY: 12η Μαΐου: Διεθνής Ημέρα της Υγείας των Φυτών έρχεται να τονίσει ότι το κλειδί για βιώσιμη ανάπτυξη της γεωργίας, επισιτ…",rt agriculturecy η μαΐου διεθνησ ημερα τησ υγειασ των φυτων ερχεται να τονισει οτι το κλειδι για βιωσιμη αναπτυξη τησ γεωργιασ επισιτ,0
"Διημερίδα Δικτύου ""Πίνδος"" και Δήμου Ν. Σκουφά για την Κλιματική Αλλαγή - https://t.co/bmBo3BAo3w https://t.co/sT7Of0EMR3",διημεριδα δικτυου πινδοσ και δημου ν σκουφα για την κλιματικη αλλαγη,0
"Μουσείο Ασιατικής Τέχνης Κέρκυρας: Διεθνής Ημέρα Μουσείων, ICOM, 18 Μαΐου 2023 με θέμα «Μουσεία, Αειφορία και Ποιότητα Ζωής». - https://t.co/yzIMOKGNW8",μουσειο ασιατικησ τεχνησ κερκυρασ διεθνησ ημερα μουσειων icom μαΐου με θεμα μουσεια αειφορια και ποιοτητα ζωησ,0
"Σκρέκας: Στηρίζουμε την ηλεκτροκίνηση, αναπτύσσουμε την «πράσινη» οικονομία https://t.co/f1fDcI2RD2",σκρεκασ στηριζουμε την ηλεκτροκινηση αναπτυσσουμε την πρασινη οικονομια,0
Campeόn Gaming: Διακρίθηκε για το εργασιακό της περιβάλλον #businessnewsgr https://t.co/rxNrBKpU8Z,campeοn gaming διακριθηκε για το εργασιακο τησ περιβαλλον businessnewsgr,0
Εκλογές 2023: Δημήτρης Καραβέλλας - WWF: «Οι πολιτικοί να αναλάβουν δεσμεύσεις για το περιβάλλον» https://t.co/aYyhngYGBj,εκλογεσ δημητρησ καραβελλασ wwf οι πολιτικοι να αναλαβουν δεσμευσεισ για το περιβαλλον,0
"Μουσείο Τηλεπικοινωνιών Ομίλου ΟΤΕ: «Μουσεία, Αειφορία και Ποιότητα Ζωής» https://t.co/ZoXecp7vcQ",μουσειο τηλεπικοινωνιων ομιλου οτε μουσεια αειφορια και ποιοτητα ζωησ,0
"«Τουρισμός, Πρωτογενής Τομέας, Περιβάλλον και Πανεπιστήμιο» https://t.co/Bbbhw9BVgz",τουρισμοσ πρωτογενησ τομεασ περιβαλλον και πανεπιστημιο,0
Κυκλική Οικονομία στην πράξη από την Περιφέρεια Αττικής και τον ΕΔΣΝΑ https://t.co/jHEdU3ifM3 https://t.co/qPFmOtbEK2,κυκλικη οικονομια στην πραξη απο την περιφερεια αττικησ και τον εδσνα,0
Κικίλιας: Αύξηση εσόδων με ποιοτικούς επισκέπτες διασφαλίζοντας βιώσιμο τουριστικό μοντέλο https://t.co/gdoxL9mJOt,κικιλιασ αυξηση εσοδων με ποιοτικουσ επισκεπτεσ διασφαλιζοντασ βιωσιμο τουριστικο μοντελο,0
".@Vkikilias : Αυξάνουμε τα έσοδα με ποιοτικούς επισκέπτες διασφαλίζοντας το βιώσιμο #τουριστικό μοντέλο

https://t.co/EdK4HHWtRx https://t.co/uH74e82rrd",vkikilias αυξανουμε τα εσοδα με ποιοτικουσ επισκεπτεσ διασφαλιζοντασ το βιωσιμο τουριστικο μοντελο,0
Βασίλης Κικίλιας: «Αυξάνουμε τα έσοδα με ποιοτικούς επισκέπτες διασφαλίζοντας το βιώσιμο τουριστικό μοντέλο» https://t.co/KUAzN3n4MC,βασιλησ κικιλιασ αυξανουμε τα εσοδα με ποιοτικουσ επισκεπτεσ διασφαλιζοντασ το βιωσιμο τουριστικο μοντελο,0
"RT @olgakef: Νέα καθαρή εντολή στη Νέα Δημοκρατία: Βιώσιμη και αναγκαία συνθήκη για την ευημερία και την πρόοδο του τόπου 

Σημερινό άρθρο…",rt olgakef νεα καθαρη εντολη στη νεα δημοκρατια βιωσιμη και αναγκαια συνθηκη για την ευημερια και την προοδο του τοπου σημερινο αρθρο,0
"📌👉 ΠΑΚΟΕ: Οι λίμνες Κερκίνη και Κάρλα «εκβράζουν θάνατο» και οι εκλογές δεν είναι δικαιολογία για την απραξία
#νεκρά_ψάρια #λίμνη_Κερκίνη #ΠΑΚΟΕ #Κερκίνη #περιβάλλον #Kerkini #Serres #Kerkini_lake https://t.co/8LlvY7OzYS",πακοε οι λιμνεσ κερκινη και καρλα εκβραζουν θανατο και οι εκλογεσ δεν ειναι δικαιολογια για την απραξια νεκρα_ψαρια λιμνη_κερκινη πακοε κερκινη περιβαλλον kerkini serres kerkini_lake,0
Σπ. Κροκίδης: «Στόχος μας η αειφόρος τουριστική ανάπτυξη» - Συνάντηση με AOCTA - ΕΝΗΜΕΡΩΣΗ On Line https://t.co/SUmhi13wxv,σπ κροκιδησ στοχοσ μασ η αειφοροσ τουριστικη αναπτυξη συναντηση με aocta ενημερωση on line,0
"Βιώσιμη ανάπτυξη μιας επιχείρησης επιτυγχάνεται όταν οι σημερινές ανάγκες των πελατών της καλύπτονται χωρίς να θυσιάζει πόρους, απερίσκεπτα και αλόγιστα, που θα χρειαστεί για να καλύψει τις μελλοντικές τους ανάγκες. 

https://t.co/qFEHWQ62sz https://t.co/hAfFAqozrm",βιωσιμη αναπτυξη μιασ επιχειρησησ επιτυγχανεται οταν οι σημερινεσ αναγκεσ των πελατων τησ καλυπτονται χωρισ να θυσιαζει πορουσ απερισκεπτα και αλογιστα που θα χρειαστει για να καλυψει τισ μελλοντικεσ τουσ αναγκεσ,0
Σπύρος Κροκίδης: «Στόχος μας η αειφόρος τουριστική ανάπτυξη» - https://t.co/2nyi1GXGbO,σπυροσ κροκιδησ στοχοσ μασ η αειφοροσ τουριστικη αναπτυξη,0
Ευρωπαϊκό μαθητικό συνέδριο για την κλιματική αλλαγή στην Ελευσίνα https://t.co/BzQKwAf3AK,ευρωπαϊκο μαθητικο συνεδριο για την κλιματικη αλλαγη στην ελευσινα,0
"RT @CYpresidency: Στόχος μας η αειφόρος ανάπτυξη, η ενίσχυση της ανταγωνιστικότητας της 🇨🇾σημαίας και η περαιτέρω προώθηση της εξαιρετικής…",rt cypresidency στοχοσ μασ η αειφοροσ αναπτυξη η ενισχυση τησ ανταγωνιστικοτητασ τησ σημαιασ και η περαιτερω προωθηση τησ εξαιρετικησ,0
"Οι έρευνες χρειάζονται σταθερό περιβάλλον, συνέχεια και συνέπεια
👇👇👇
https://t.co/ycVRNOpY9C",οι ερευνεσ χρειαζονται σταθερο περιβαλλον συνεχεια και συνεπεια,0
"⭕ Η προσπάθεια από το περιβάλλον της πολιτικής ηγεσίας του υπουργείου Πολιτισμού να διοχετευθεί στο κοινό από τα μέσα κοινωνικής δικτύωσης (ποιο ΜΜΕ θα έπαιρνε πάνω τέτοιο ψέμα;) ένα κλίμα ομηρείας και κακοποίησης των μελών της ΧΑΕ, δεν τελεσφόρησε.

https://t.co/LR7fDyLYRo",η προσπαθεια απο το περιβαλλον τησ πολιτικησ ηγεσιασ του υπουργειου πολιτισμου να διοχετευθει στο κοινο απο τα μεσα κοινωνικησ δικτυωσησ ποιο μμε θα επαιρνε πανω τετοιο ψεμα ενα κλιμα ομηρειασ και κακοποιησησ των μελων τησ χαε δεν τελεσφορησε,0
"Τριήμερο περιβαλλοντικό σεμινάριο με τίτλο: «Ανθρωπογενές πολιτιστικό απόθεμα σε απόλυτη αρμονική συνύπαρξη με παρθένο φυσικό περιβάλλον. Περίπτωση ανοιχτού μουσείου ή θετικής προσδοκίας αειφόρου ανάπτυξης;», πραγματοποιήθηκε στις 28-29-30 Απριλίου

https://t.co/s60qwRaCCv https://t.co/veqFMxqY78",τριημερο περιβαλλοντικο σεμιναριο με τιτλο ανθρωπογενεσ πολιτιστικο αποθεμα σε απολυτη αρμονικη συνυπαρξη με παρθενο φυσικο περιβαλλον περιπτωση ανοιχτου μουσειου η θετικησ προσδοκιασ αειφορου αναπτυξησ πραγματοποιηθηκε στισ απριλιου,0
Νέο πρόγραμμα απασχόλησης 5.000 ανέργων: Από σήμερα οι αιτήσεις – Έμφαση σε πράσινη οικονομία/γυναίκες https://t.co/lGyGgXh199,νεο προγραμμα απασχολησησ ανεργων απο σημερα οι αιτησεισ εμφαση σε πρασινη οικονομιαγυναικεσ,0
Νέο πρόγραμμα απασχόλησης 5.000 ανέργων: Ξεκινούν σήμερα οι αιτήσεις -Έμφαση σε πράσινη οικονομία και γυναίκες - https://t.co/RfED0Wqpa1,νεο προγραμμα απασχολησησ ανεργων ξεκινουν σημερα οι αιτησεισ εμφαση σε πρασινη οικονομια και γυναικεσ,0
ΔΥΠΑ: Ξεκινούν οι αιτήσεις για το νέο πρόγραμμα απασχόλησης 5.000 ανέργων – Έμφαση σε πράσινη οικονομία και γυναίκες https://t.co/HXGHzGWsjj,δυπα ξεκινουν οι αιτησεισ για το νεο προγραμμα απασχολησησ ανεργων εμφαση σε πρασινη οικονομια και γυναικεσ,0
"Από σήμερα οι αιτήσεις για το νέο πρόγραμμα απασχόλησης 5.000 ανέργων - Έμφαση σε πράσινη οικονομία και γυναίκες

https://t.co/cOZbAmPRqq https://t.co/sQiWpdqY0A",απο σημερα οι αιτησεισ για το νεο προγραμμα απασχολησησ ανεργων εμφαση σε πρασινη οικονομια και γυναικεσ,0
"«Alternative Finance Forum 2023: Οδεύοντας προς ένα βιώσιμο μέλλον!» - https://t.co/eiOPQNSsIs https://t.co/InoDKaH2DB 
#Alternative_Finance_Forum #Crowdfunding #ΕΤΕπ #Χρηματοδοτήσεις",alternative finance forum οδευοντασ προσ ενα βιωσιμο μελλον alternative_finance_forum crowdfunding ετεπ χρηματοδοτησεισ,0
"#Εκλογές2023 — Ντιμπέιτ: Οι πολιτικοί αρχηγοί για Περιβάλλον και Ενέργεια
https://t.co/e2qzNyNzUS #Debate #Debate2023 #DebateERT",εκλογεσ ντιμπειτ οι πολιτικοι αρχηγοι για περιβαλλον και ενεργεια debate debate debateert,0
"Εκλογές 2023 — Ντιμπέιτ: Οι πολιτικοί αρχηγοί για Περιβάλλον και Ενέργεια,
https://t.co/gAOMQmFv6m,",εκλογεσ ντιμπειτ οι πολιτικοι αρχηγοι για περιβαλλον και ενεργεια,0
Νέο πρόγραμμα απασχόλησης 5.000 ανέργων: Από σήμερα οι αιτήσεις – Έμφαση σε πράσινη οικονομία/γυναίκες https://t.co/gY2pUdL8h8,νεο προγραμμα απασχολησησ ανεργων απο σημερα οι αιτησεισ εμφαση σε πρασινη οικονομιαγυναικεσ,0
RT @LykavitosGr: Η βιώσιμη ανάπτυξη αναπόσπαστο κομμάτι του DNA της Lidl Ελλάς  #Lidl_Ελλάς https://t.co/OkdpvEYAVc,rt lykavitosgr η βιωσιμη αναπτυξη αναποσπαστο κομματι του dna τησ lidl ελλασ lidl_ελλασ,0
RT @LykavitosGr: Η βιώσιμη ανάπτυξη αναπόσπαστο κομμάτι του DNA της Lidl Ελλάς  #Lidl_Ελλάς https://t.co/OkdpvEYAVc,rt lykavitosgr η βιωσιμη αναπτυξη αναποσπαστο κομματι του dna τησ lidl ελλασ lidl_ελλασ,0
Δήμος Ιωαννιτών: Οι προτάσεις του ΤΕΕ για τη Βιώσιμη Ανάπτυξη της πόλης - https://t.co/dDw6kVzTeU https://t.co/mfbxdpxwET,δημοσ ιωαννιτων οι προτασεισ του τεε για τη βιωσιμη αναπτυξη τησ πολησ,0
"Λετυμπιώτης: Εφικτή βιώσιμη λύση στο Κυπριακό αν καθίσουμε στο τραπέζι των διαπραγματεύσεων #Cyprus 
https://t.co/5LAMIoQvsG",λετυμπιωτησ εφικτη βιωσιμη λυση στο κυπριακο αν καθισουμε στο τραπεζι των διαπραγματευσεων cyprus,0
Μαθητικό δημοτικό συμβούλιο με θέμα «Βιώσιμη Πόλη» #Δημοκρατική #Ρόδος #Δωδεκάνησα https://t.co/1mfJbIMYqo,μαθητικο δημοτικο συμβουλιο με θεμα βιωσιμη πολη δημοκρατικη ροδοσ δωδεκανησα,0
RT @sofokleous10: Εκλογές 2023 — Ντιμπέιτ: Οι πολιτικοί αρχηγοί για Περιβάλλον και Ενέργεια https://t.co/U6Tf24IJfx,rt sofokleous εκλογεσ ντιμπειτ οι πολιτικοι αρχηγοι για περιβαλλον και ενεργεια,0
"Καραλαριώτου: «Στήριξη στους αγρότες, βιώσιμη αγροτική ανάπτυξη»
https://t.co/5KAkU1XNSi",καραλαριωτου στηριξη στουσ αγροτεσ βιωσιμη αγροτικη αναπτυξη,0
"Ρένα Καραλαριώτου στα χωριά του Δήμου Κιλελέρ: «Στήριξη στους αγρότες, βιώσιμη αγροτική ανάπτυξη» ⋆ TirnavosPress https://t.co/EhFcFuCyiN",ρενα καραλαριωτου στα χωρια του δημου κιλελερ στηριξη στουσ αγροτεσ βιωσιμη αγροτικη αναπτυξη tirnavospress,0
"Καραλαριώτου: «Στήριξη στους αγρότες, βιώσιμη αγροτική ανάπτυξη» - LarissaPress https://t.co/MeaYbLbHMn",καραλαριωτου στηριξη στουσ αγροτεσ βιωσιμη αγροτικη αναπτυξη larissapress,0
Αναταραχή στο πρωθυπουργικό περιβάλλον: https://t.co/VAhUWk2EUt,αναταραχη στο πρωθυπουργικο περιβαλλον,0
RT @Moneypressgr: Η βιώσιμη ανάπτυξη αναπόσπαστο κομμάτι του DNA της Lidl Ελλάς  #moneypress https://t.co/HdkN61RpHd https://t.co/G1pKaqvQ3r,rt moneypressgr η βιωσιμη αναπτυξη αναποσπαστο κομματι του dna τησ lidl ελλασ moneypress,0
Η βιώσιμη ανάπτυξη αναπόσπαστο κομμάτι του DNA της Lidl Ελλάς  #moneypress https://t.co/HdkN61RpHd https://t.co/G1pKaqvQ3r,η βιωσιμη αναπτυξη αναποσπαστο κομματι του dna τησ lidl ελλασ moneypress,0
"Ενημερωτική ημερίδα για τις «Απαραίτητες στρατηγικές ενέργειες σε ένα αβέβαιο οικονομικό περιβάλλον» στις Σέρρες 
#ΕΒΕΣ #Σέρρες #Επιμελητήριο_Σερρών #ημερίδα #Serres
https://t.co/Vmz4azPHpF",ενημερωτικη ημεριδα για τισ απαραιτητεσ στρατηγικεσ ενεργειεσ σε ενα αβεβαιο οικονομικο περιβαλλον στισ σερρεσ εβες σερρεσ επιμελητηριο_σερρων ημεριδα serres,0
"To πρωτοποριακό πρόγραμμα ""ΤΥΤΩ"" παρουσίασε ο Κ. Αγοραστός - ""Βοηθά την αγροτική παραγωγή και είναι φιλικό προς το περιβάλλον""
https://t.co/plRH3i8HBX",to πρωτοποριακο προγραμμα τυτω παρουσιασε ο κ αγοραστοσ βοηθα την αγροτικη παραγωγη και ειναι φιλικο προσ το περιβαλλον,0
Focus στη νέα γενιά με 8 εκπαιδευτικά προγράμματα για 14.000 μαθητές - Στο επίκεντρο η Βιώσιμη https://t.co/5F0WjJHxkg,focus στη νεα γενια με εκπαιδευτικα προγραμματα για μαθητεσ στο επικεντρο η βιωσιμη,0
"Εκπαιδευτικό Σεμινάριο για τα ΑμεΑ σε περιβάλλον κατασκηνώσεων στη Θάσο - Καβάλα, Πρωϊνή, Ραδιόφωνο, Εφημερίδα της Καβάλας, νέα, καβάλα ειδήσεις, μικρές αγγελίες https://t.co/ysnXGvW4q2",εκπαιδευτικο σεμιναριο για τα αμεα σε περιβαλλον κατασκηνωσεων στη θασο καβαλα πρωϊνη ραδιοφωνο εφημεριδα τησ καβαλασ νεα καβαλα ειδησεισ μικρεσ αγγελιεσ,0
"Ο Κων. Μαραβέγιας σε Σούρπη, Αμαλιάπολη, Πλάτανο: «Περιβάλλον και πολιτισμός, ο “θησαυρός” της Μαγνησίας» https://t.co/zgmUTX5ceN",ο κων μαραβεγιασ σε σουρπη αμαλιαπολη πλατανο περιβαλλον και πολιτισμοσ ο θησαυροσ τησ μαγνησιασ,0
Χρυσαετός απελευθερώθηκε στο φυσικό του περιβάλλον στην Πάρνηθα https://t.co/ud2Jd3Avxf,χρυσαετοσ απελευθερωθηκε στο φυσικο του περιβαλλον στην παρνηθα,0
Η πιο βιώσιμη τάση της χρονιάς είναι το patchwork -Πώς τα φθαρμένα ρούχα έγιναν πιο hot από ποτέ https://t.co/Z0PEt9rwoD,η πιο βιωσιμη ταση τησ χρονιασ ειναι το patchwork πωσ τα φθαρμενα ρουχα εγιναν πιο hot απο ποτε,0
Καράογλου: «Στόχος στις 21 Μαΐου μια αποφασιστική νίκη της ΝΔ που θα οδηγήσει σε βιώσιμη κυβερνητική επιλογή» - https://t.co/eiOPQNSsIs https://t.co/XGEmSjLtz3 #Εκλογές #Θεόδωρος_Καράογλου #Νέα_Δημοκρατία,καραογλου στοχοσ στισ μαΐου μια αποφασιστικη νικη τησ νδ που θα οδηγησει σε βιωσιμη κυβερνητικη επιλογη εκλογεσ θεοδωροσ_καραογλου νεα_δημοκρατια,0
RT @sofokleous10: Βαρουφάκης από Λάρισα: Μη βιώσιμη χώρα η Ελλάδα https://t.co/BFlDGMXp0v,rt sofokleous βαρουφακησ απο λαρισα μη βιωσιμη χωρα η ελλαδα,0
ΕΧΟΥΜΕ ΚΛΙΜΑΤΙΚΗ ΑΛΛΑΓΗ ....ΦΤΑΙΕΙ ΤΟ ΚΛΑΣΙΜΟ ΤΩΝ ΓΟΥΡΟΥΝΙΩΝ ΚΑΙ ΤΟ ΡΕΨΙΜΟ ΤΩΝ ΑΓΕΛΑΔΩΝ....ΚΑΜΠΟΒΟΔΑ.... https://t.co/s6lzY0VvPQ,εχουμε κλιματικη αλλαγη φταιει το κλασιμο των γουρουνιων και το ρεψιμο των αγελαδωνκαμποβοδα,0
"8ο Εκπαιδευτικό Σεμινάριο ""Ατόμα με Αναπηρία σε Περιβάλλον Κατασκηνώσεων"" https://t.co/Pkena453sl #Θασος",ο εκπαιδευτικο σεμιναριο ατομα με αναπηρια σε περιβαλλον κατασκηνωσεων θασοσ,0
Στο φυσικό περιβάλλον της Πάρνηθας απελευθερώθηκε Χρυσαετός #FEATURED #ΕΠΙΚΑΙΡΟΤΗΤΑ #ΑΠΕΛΕΥΘΕΡΩΣΗ #ΠΑΡΝΗΘΑ By https://t.co/p9zfHynwcm https://t.co/XH5JuxrLNl,στο φυσικο περιβαλλον τησ παρνηθασ απελευθερωθηκε χρυσαετοσ featured επικαιροτητα απελευθερωση παρνηθα by,0
ΧΑΡΑΛΑΜΠΟΣ ΧΑΡΙΤΟΠΟΥΛΟΣ: ΤΟ ΠΕΡΙΒΑΛΛΟΝ ΚΑΙ Η ΚΥΒΕΡΝΗΣΗ https://t.co/CZl6NQcrPV,χαραλαμπος χαριτοπουλος το περιβαλλον και η κυβερνηση,0
Πρόεδρος Ταγαράδων: ''Παγκόσμια ημέρα περιβάλλοντος και η περιοχή Ταγαράδων'' #ΠΕΡΙΒΑΛΛΟΝ #ΤΑΓΑΡΑΔΕΣ  https://t.co/PHwNgfI31r https://t.co/LbeiIdKl9s,προεδροσ ταγαραδων παγκοσμια ημερα περιβαλλοντοσ και η περιοχη ταγαραδων περιβαλλον ταγαραδες,0
Τι θέλουν οι μέτοχοι των πετρελαϊκών για την επόμενη ημέρα ως προς την μετάβαση που επιχειρείται στην πράσινη ενέργεια https://t.co/0EA9noTtIG,τι θελουν οι μετοχοι των πετρελαϊκων για την επομενη ημερα ωσ προσ την μεταβαση που επιχειρειται στην πρασινη ενεργεια,0
"Τ. Χατζηνικολάου στο ΑΠΕ-ΜΠΕ: Τα μουσεία «μάς παρακινούν να ξανασκεφθούμε τη σχέση μας με το περιβάλλον και τη θέση μας σε έναν κόσμο που αλλάζει με ταχύτατους ρυθμούς»

https://t.co/kXcqP2LcSh

#InternationalMuseumDay #IMD2023 https://t.co/vnJsLJFvA9",τ χατζηνικολαου στο απεμπε τα μουσεια μασ παρακινουν να ξανασκεφθουμε τη σχεση μασ με το περιβαλλον και τη θεση μασ σε εναν κοσμο που αλλαζει με ταχυτατουσ ρυθμουσ internationalmuseumday imd,0
RT @sofokleous10: Εκδήλωση του ΚΚΕ στο Σουφλί για το περιβάλλον https://t.co/14tquLB3kE,rt sofokleous εκδηλωση του κκε στο σουφλι για το περιβαλλον,0
Η Ελλάδα μπορεί να οδηγήσει τη βιώσιμη τουριστική ανάπτυξη μέσω της πλατφόρμας ESG https://t.co/wa5hlU8Moh,η ελλαδα μπορει να οδηγησει τη βιωσιμη τουριστικη αναπτυξη μεσω τησ πλατφορμασ esg,0
"Διεθνής Ημέρα Μουσείων: «Μουσεία, Αειφορία και Ποιότητα Ζωής» https://t.co/WNNqq3915e",διεθνησ ημερα μουσειων μουσεια αειφορια και ποιοτητα ζωησ,0
RT @sofokleous10: Εκλογές στην Τουρκία: Προειδοποιώ το Ανώτατο Εκλογικό Συμβούλιο – Η καταμέτρηση των ψήφων δεν γίνεται σε υγιές περιβάλλον…,rt sofokleous εκλογεσ στην τουρκια προειδοποιω το ανωτατο εκλογικο συμβουλιο η καταμετρηση των ψηφων δεν γινεται σε υγιεσ περιβαλλον,0
"Ενέργεια και βιώσιμη ανάπτυξη, ελληνικές πρωτοβουλίες και ευρωπαϊκές προκλήσεις,
https://t.co/X0OMFtFiBb,",ενεργεια και βιωσιμη αναπτυξη ελληνικεσ πρωτοβουλιεσ και ευρωπαϊκεσ προκλησεισ,0
«Εξοικονομώ – Ανακαινίζω για Νέους»: Πότε κάνει πρεμιέρα το πρόγραμμα – Οι δικαιούχοι #ΕΠΙΔΟΜΑΤΑ #ΠΕΡΙΒΑΛΛΟΝ  https://t.co/2fiLqPBUQn https://t.co/UGHDJW9XxW,εξοικονομω ανακαινιζω για νεουσ ποτε κανει πρεμιερα το προγραμμα οι δικαιουχοι επιδοματα περιβαλλον,0
Ήμουν εδώ για ζητήματα που αφορούν το περιβάλλον και το μέλλον μας στην Ημαθία https://t.co/OOPeQrso47 μέσω @BowThemes,ημουν εδω για ζητηματα που αφορουν το περιβαλλον και το μελλον μασ στην ημαθια μεσω bowthemes,0
Με επιτυχία το 3ο θεματικό ζωντανό εργαστήρι για την  Βιώσιμη Αστική Κινητικότητα https://t.co/URsBRiKBRm μέσω @mouzakinews.gr,με επιτυχια το ο θεματικο ζωντανο εργαστηρι για την βιωσιμη αστικη κινητικοτητα μεσω mouzakinewsgr,0
RT @HellenicOlympic: Η ΕΟΕ αναγνωρίζοντας τη μεγάλη ευθύνη του αθλητισμού στο έργο της προστασίας του περιβάλλοντος και προκειμένου να επιτ…,rt hellenicolympic η εοε αναγνωριζοντασ τη μεγαλη ευθυνη του αθλητισμου στο εργο τησ προστασιασ του περιβαλλοντοσ και προκειμενου να επιτ,0
"ΞΕΝΗ ΔΗΜΟΣΙΕΥΣΗ

Christian Rodseth - #Janssen: Αποστολή μας η συνεργασία για ένα δίκαιο και βιώσιμο σύστημα υγείας

https://t.co/uFvfmkizgd",ξενη δημοσιευση christian rodseth janssen αποστολη μασ η συνεργασια για ενα δικαιο και βιωσιμο συστημα υγειασ,0
Μαθητές και Καθηγητές του Πειραματικού ΓΕ.Λ. Ρεθύμνου στη μάχη για τη Βιώσιμη Ανάπτυξη https://t.co/jEoJxZe3xq,μαθητεσ και καθηγητεσ του πειραματικου γελ ρεθυμνου στη μαχη για τη βιωσιμη αναπτυξη,0
"ΞΕΝΗ ΔΗΜΟΣΙΕΥΣΗ 

Christian Rodseth - #Janssen: Αποστολή μας η συνεργασία για ένα δίκαιο και βιώσιμο σύστημα υγείας

https://t.co/T48avmCw4B https://t.co/KjGNa8ed4z",ξενη δημοσιευση christian rodseth janssen αποστολη μασ η συνεργασια για ενα δικαιο και βιωσιμο συστημα υγειασ,0
Δημήτρης Τσιμπανάκος: “Η ανάπτυξη δεν είναι βιώσιμη χωρίς στήριξη των εργαζομένων” https://t.co/gNejGZQDLc,δημητρησ τσιμπανακοσ η αναπτυξη δεν ειναι βιωσιμη χωρισ στηριξη των εργαζομενων,0
"🗣 Η επόμενη μέρα της νίκης του ΣΥΡΙΖΑ-ΠΣ την 21η Μαΐου: Βιώσιμη, δίκαιη και συμπεριληπτική ανάπτυξη

✍ Άρθρο του @alexischaritsis, υποψήφιου βουλευτή ΣΥΡΙΖΑ – Προοδευτική Συμμαχία νομού Μαγνησίας, πρώην υπουργού, στο Newsbeast

https://t.co/BwlH4fXAWk",η επομενη μερα τησ νικησ του συριζαπς την η μαΐου βιωσιμη δικαιη και συμπεριληπτικη αναπτυξη αρθρο του alexischaritsis υποψηφιου βουλευτη συριζα προοδευτικη συμμαχια νομου μαγνησιασ πρωην υπουργου στο newsbeast,0
Η κτηνοτροφία φροντίζει το περιβάλλον https://t.co/qDFVk3PWcy,η κτηνοτροφια φροντιζει το περιβαλλον,0
"ΞΕΝΗ ΔΗΜΟΣΙΕΥΣΗ

Christian Rodseth - #Janssen: Αποστολή μας η συνεργασία για ένα δίκαιο και βιώσιμο σύστημα υγείας

https://t.co/1XoLS6f6oy",ξενη δημοσιευση christian rodseth janssen αποστολη μασ η συνεργασια για ενα δικαιο και βιωσιμο συστημα υγειασ,0
"🌏 Διεθνής Ημέρα Μουσείων 2023
📅 18 Μαΐου 2023 με ελεύθερη 🆓 είσοδο σε όλα τα #μουσεία
🟢Το θέμα του εορτασμού της Διεθνούς Ημέρας Μουσείων 2023 είναι:
👉 «Μουσεία, Αειφορία και 
#InternationalMuseumDay #IMD2023 #Museums4Wellbeing #SustainableMuseums 
https://t.co/r110rVNwZw https://t.co/6BSNRWwt2c",διεθνησ ημερα μουσειων μαΐου με ελευθερη εισοδο σε ολα τα μουσεια το θεμα του εορτασμου τησ διεθνουσ ημερασ μουσειων ειναι μουσεια αειφορια και internationalmuseumday imd museumswellbeing sustainablemuseums,0
Αλεξανδρούπολη: Εκπρόσωποι μαθητών συζητούν για την βιώσιμη ανάπτυξη https://t.co/hRQBe4YrUu,αλεξανδρουπολη εκπροσωποι μαθητων συζητουν για την βιωσιμη αναπτυξη,0
"Σέρρες: Ενημερωτική ημερίδα για τις «Απαραίτητες στρατηγικές ενέργειες σε ένα αβέβαιο οικονομικό περιβάλλον» 
#ΕΒΕΣ #Σέρρες #Οικονομικό_επιμελητήριο #ημερίδα #Επιμελητήριο_Σερρών #Ένωση_Φοροτεχνικών_Σερρών #Serres
https://t.co/Ry4HPTVnQe",σερρεσ ενημερωτικη ημεριδα για τισ απαραιτητεσ στρατηγικεσ ενεργειεσ σε ενα αβεβαιο οικονομικο περιβαλλον εβες σερρεσ οικονομικο_επιμελητηριο ημεριδα επιμελητηριο_σερρων ενωση_φοροτεχνικων_σερρων serres,0
"Διεθνής Ημέρα Μουσείων: Ελεύθερη είσοδος – «Μουσεία, αειφορία και ποιότητα ζωής» η φετινή θεματική
https://t.co/aFE86Cqub7 #InternationalMuseumDay",διεθνησ ημερα μουσειων ελευθερη εισοδοσ μουσεια αειφορια και ποιοτητα ζωησ η φετινη θεματικη internationalmuseumday,0
Η κτηνοτροφία φροντίζει το περιβάλλον - NemeaPress https://t.co/19swDhRTmQ,η κτηνοτροφια φροντιζει το περιβαλλον nemeapress,0
"ΞΕΝΗ ΔΗΜΟΣΙΕΥΣΗ

Christian Rodseth - #Janssen: Αποστολή μας η συνεργασία για ένα δίκαιο και βιώσιμο σύστημα υγείας

https://t.co/Nao1dZzcKw",ξενη δημοσιευση christian rodseth janssen αποστολη μασ η συνεργασια για ενα δικαιο και βιωσιμο συστημα υγειασ,0
"Συνέδριο για το περιβάλλον στο Λιδωρίκι, 10-11/6/2023 https://t.co/OJQnoQK9AL",συνεδριο για το περιβαλλον στο λιδωρικι,0
"Οι στόχοι της Ε.Ε. για τις ανανεώσιμες πηγές ενέργειας και ο ρόλος της Μεσογείου ως κέντρου πράσινης ενέργειας συζητήθηκαν στην πρώτη Σύνοδο των Υπουργών Ενέργειας της EU-MED9, που διεξήχθη στη Βαλέτατης Μάλτας, στην οποία συμμετείχε η Γενική

https://t.co/3GmZfD9wrp",οι στοχοι τησ εε για τισ ανανεωσιμεσ πηγεσ ενεργειασ και ο ρολοσ τησ μεσογειου ωσ κεντρου πρασινησ ενεργειασ συζητηθηκαν στην πρωτη συνοδο των υπουργων ενεργειασ τησ eumed που διεξηχθη στη βαλετατησ μαλτασ στην οποια συμμετειχε η γενικη,0
Έργο “κομβικής” σημασίας για το περιβάλλον και την οικονομία η νέα μονάδα επεξεργασίας στερεών αποβλήτων στο Αμάρι https://t.co/d16d38wzK2,εργο κομβικησ σημασιασ για το περιβαλλον και την οικονομια η νεα μοναδα επεξεργασιασ στερεων αποβλητων στο αμαρι,0
RT @sofokleous10: Στο ΥΠΟΙΚ η έκθεση της ομάδας εργασίας για βιώσιμη χρηματοδότηση και πράσινη μετάβαση https://t.co/0ZmFg5Z648,rt sofokleous στο υποικ η εκθεση τησ ομαδασ εργασιασ για βιωσιμη χρηματοδοτηση και πρασινη μεταβαση,0
Υπουργείο Οικονομικών: Έκθεση της ομάδας εργασίας για την Βιώσιμη Ανάπτυξη στον Υπουργό Χρήστο Σταϊκούρα https://t.co/m3cs32vqYb,υπουργειο οικονομικων εκθεση τησ ομαδασ εργασιασ για την βιωσιμη αναπτυξη στον υπουργο χρηστο σταϊκουρα,0
"Παραολυμπιακοί αγώνες 2024: Η MORE στηρίζει τις Παραολυμπιονίκες Λουφάκη και Σταματοπούλου. Η ΜΟRE, θυγατρική εταιρεία του Ομίλου Μotor Oil και ένας από τους μεγαλύτερους παραγωγούς ενέργειας από ανανεώσιμες πηγές, στέκεται ως…Περισσότερα... https://t.co/06oDFi2zl4 https://t.co/1hIG9SvsfZ",παραολυμπιακοι αγωνεσ η more στηριζει τισ παραολυμπιονικεσ λουφακη και σταματοπουλου η μοre θυγατρικη εταιρεια του ομιλου μotor oil και ενασ απο τουσ μεγαλυτερουσ παραγωγουσ ενεργειασ απο ανανεωσιμεσ πηγεσ στεκεται ωσπερισσοτερα,0
Γ.Χαράρι: «Δεν ήταν πολύ θανατηφόρος ο Covid-19 αλλά μας έμαθε τα lockdown – Μπορούμε και για την κλιματική αλλαγή»! https://t.co/MFKNuxjtuO #OlympiacosBC #ΚαλοΣαββατοκυριακο #Θησειο #εκλογες2023 #F4GLORY #Κατρουγκαλος #Ποντιων #Μονακο,γχαραρι δεν ηταν πολυ θανατηφοροσ ο covid αλλα μασ εμαθε τα lockdown μπορουμε και για την κλιματικη αλλαγη olympiacosbc καλοσαββατοκυριακο θησειο εκλογεσ fglory κατρουγκαλοσ ποντιων μονακο,0
"ΞΕΝΗ ΔΗΜΟΣΙΕΥΣΗ

Christian Rodseth - #Janssen: Αποστολή μας η συνεργασία για ένα δίκαιο και βιώσιμο σύστημα υγείας

https://t.co/T48avmBYf3",ξενη δημοσιευση christian rodseth janssen αποστολη μασ η συνεργασια για ενα δικαιο και βιωσιμο συστημα υγειασ,0
Γ.Χαράρι: «Δεν ήταν πολύ θανατηφόρος ο Covid αλλά μας έμαθε τα lockdown.. Μπορούμε και για την κλιματική αλλαγή»!.,γχαραρι δεν ηταν πολυ θανατηφοροσ ο covid αλλα μασ εμαθε τα lockdown μπορουμε και για την κλιματικη αλλαγη,0
Δήμος Ηρακλείου:  Ανανεώνουμε τα δέντρα του Κτήματος #Φιξ με σεβασμό στο περιβάλλον και τους δημότες https://t.co/z2QdjVRu7F,δημοσ ηρακλειου ανανεωνουμε τα δεντρα του κτηματοσ φιξ με σεβασμο στο περιβαλλον και τουσ δημοτεσ,0
"Ρωσία: Πλήγμα για το περιβάλλον το «λουκέτο» στη Greenpeace, εκτιμούν στελέχη της εταιρείας https://t.co/6kvvayKcEX",ρωσια πληγμα για το περιβαλλον το λουκετο στη greenpeace εκτιμουν στελεχη τησ εταιρειασ,0
"#Cyprus #EU #desalination #circulareconomy 
Πρακτικές αφαλάτωσης και κυκλική οικονομία στην ΕΕ σε συνέδριο στη Λεμεσό https://t.co/XREu5JpGo0",cyprus eu desalination circulareconomy πρακτικεσ αφαλατωσησ και κυκλικη οικονομια στην εε σε συνεδριο στη λεμεσο,0
"@boisIter Το περιβάλλον του,ωστόσο,δεν το έχει αντιληφθεί",boisiter το περιβαλλον τουωστοσοδεν το εχει αντιληφθει,0
"Energean: Μια ακόμη χρονιά με κορυφαίες επιδόσεις στο Περιβάλλον, την Κοινωνία και την Εταιρική Διακυβέρνηση - Καβάλα, Πρωϊνή, Ραδιόφωνο, Εφημερίδα της Καβάλας, νέα, καβάλα ειδήσεις, μικρές αγγελίες https://t.co/MIrkJZyUAW",energean μια ακομη χρονια με κορυφαιεσ επιδοσεισ στο περιβαλλον την κοινωνια και την εταιρικη διακυβερνηση καβαλα πρωϊνη ραδιοφωνο εφημεριδα τησ καβαλασ νεα καβαλα ειδησεισ μικρεσ αγγελιεσ,0
"Energean, Έκθεση Βιώσιμης Ανάπτυξης 2022: μια ακόμη χρονιά με κορυφαίες επιδόσεις στο Περιβάλλον, την Κοινωνία και την Εταιρική Διακυβέρνηση https://t.co/svTfgUqECB",energean εκθεση βιωσιμησ αναπτυξησ μια ακομη χρονια με κορυφαιεσ επιδοσεισ στο περιβαλλον την κοινωνια και την εταιρικη διακυβερνηση,0
"RT @sofokleous10: Ρωσία: Πλήγμα για το περιβάλλον το «λουκέτο» στη Greenpeace, εκτιμούν στελέχη της εταιρείας https://t.co/R1KBIGCqHt",rt sofokleous ρωσια πληγμα για το περιβαλλον το λουκετο στη greenpeace εκτιμουν στελεχη τησ εταιρειασ,0
"Οι μεταρρυθμίσεις στην Παιδεία, η αναθεώρηση του Συντάγματος,η πάταξη της φοροδιαφυγής,η αύξηση της παραγωγής θα δώσουν επενδύσεις,θέσεις εργασίας,νεο εκπαιδευτικό περιβάλλον, περισσότερη δικαιοσύνη στην φορολογία.Να γιατί ο Μητσοτάκης αν κερδίσει με αυτοδυναμία έχει δύσκολο έργο",οι μεταρρυθμισεισ στην παιδεια η αναθεωρηση του συνταγματοση παταξη τησ φοροδιαφυγηση αυξηση τησ παραγωγησ θα δωσουν επενδυσεισθεσεισ εργασιασνεο εκπαιδευτικο περιβαλλον περισσοτερη δικαιοσυνη στην φορολογιανα γιατι ο μητσοτακησ αν κερδισει με αυτοδυναμια εχει δυσκολο εργο,0
Δήμος Σαλαμίνας: Φεστιβάλ με τίτλο «Βιώσιμος Πλανήτης: Οι Νέοι Σχεδιάζουν» - Η Οθόνη μας Ενώνει https://t.co/eZ77LCh8VC https://t.co/iXQByWNzU3,δημοσ σαλαμινασ φεστιβαλ με τιτλο βιωσιμοσ πλανητησ οι νεοι σχεδιαζουν η οθονη μασ ενωνει,0
"RT @sofokleous10: Πόρισμα για Ελλάδα: Βιώσιμο το χρέος, επαρκή μέτρα στήριξης- Καλή πρόοδος σε κτηματολόγιο και ιδιωτικοποιήσεις https://t.…",rt sofokleous πορισμα για ελλαδα βιωσιμο το χρεοσ επαρκη μετρα στηριξησ καλη προοδοσ σε κτηματολογιο και ιδιωτικοποιησεισ,0
RT @sofokleous10: ΤΑΙΠΕΔ: Σεμινάρια για την αειφορία στα λιμάνια και τις μαρίνες https://t.co/SkPJ83lfHs,rt sofokleous ταιπεδ σεμιναρια για την αειφορια στα λιμανια και τισ μαρινεσ,0
"RT @sofokleous10: Πόρισμα Κομισιόν για Ελλάδα: Βιώσιμο το χρέος, επαρκή μέτρα στήριξης- Καλή πρόοδος σε κτηματολόγιο και ιδιωτικοποιήσεις h…",rt sofokleous πορισμα κομισιον για ελλαδα βιωσιμο το χρεοσ επαρκη μετρα στηριξησ καλη προοδοσ σε κτηματολογιο και ιδιωτικοποιησεισ h,0
Siemens Healthineers Ελλάδος: Διακρίθηκε για δεύτερη φορά για το καλό της εργασιακό περιβάλλον #SIEMENS_HEALTHINEERS #SIEMENS #ΕΡΓΑΣΙΑΚΟ_ΠΕΡΙΒΑΛΛΟΝ https://t.co/zTB18MVXBX,siemens healthineers ελλαδοσ διακριθηκε για δευτερη φορα για το καλο τησ εργασιακο περιβαλλον siemens_healthineers siemens εργασιακο_περιβαλλον,0
"Moody’s: Θετική για το αξιόχρεο της Ελλάδας μία νέα κυβέρνηση της ΝΔ. Σύμφωνα με τον Moody's, το βάρος του ελληνικού χρέους έχει γίνει σημαντικά πιο βιώσιμο https://t.co/l9xHSJ1nMh https://t.co/oLaohO17pN",moodys θετικη για το αξιοχρεο τησ ελλαδασ μια νεα κυβερνηση τησ νδ συμφωνα με τον moodys το βαροσ του ελληνικου χρεουσ εχει γινει σημαντικα πιο βιωσιμο,0
Moody's: Το χρέος της Ελλάδας έχει γίνει σημαντικά πιο βιώσιμο #businessnewsgr https://t.co/i1hzc72gyZ,moodys το χρεοσ τησ ελλαδασ εχει γινει σημαντικα πιο βιωσιμο businessnewsgr,0
Optima bank: Νέες χρεωστικές κάρτες φιλικές προς το περιβάλλον #businessnewsgr https://t.co/ia2j959tZ5,optima bank νεεσ χρεωστικεσ καρτεσ φιλικεσ προσ το περιβαλλον businessnewsgr,0
"Φιλική στο περιβάλλον βιβλιοθήκη, προτείνει το γραφείο Snøhetta για το Μπρονξ της Νέας Υόρκης. Σχέδια για μια νέα βιβλιοθήκη στη συνοικία Westchester Square του Μπρονξ έχει δώσει στη δημοσιότητα το φημισμένο αρχιτεκτονικό γραφείο Snøhetta. https://t.co/vBpfDbJlV3 https://t.co/ZdcGyTqkh6",φιλικη στο περιβαλλον βιβλιοθηκη προτεινει το γραφειο snøhetta για το μπρονξ τησ νεασ υορκησ σχεδια για μια νεα βιβλιοθηκη στη συνοικια westchester square του μπρονξ εχει δωσει στη δημοσιοτητα το φημισμενο αρχιτεκτονικο γραφειο snøhetta,0
"«Χρειαζόμαστε μια ρυθμιστική παύση στα μέτρα για την κλιματική αλλαγή, δεν γίνεται να τα κάνουμε όλα ταυτόχρονα» είπε ο Βέλγος πρωθυπουργός, Αλεξάντερ Ντε Κρο
https://t.co/hPeHq8ZdNm",χρειαζομαστε μια ρυθμιστικη παυση στα μετρα για την κλιματικη αλλαγη δεν γινεται να τα κανουμε ολα ταυτοχρονα ειπε ο βελγοσ πρωθυπουργοσ αλεξαντερ ντε κρο,0
"Forum Capital Link: «Χρηματοδότηση, Επενδύσεις &amp; Βιώσιμη Ανάπτυξη Financing &amp; Investments Spearheading Sustainable Growth» https://t.co/q5rcCMhwiV via @bankingnewsgr",forum capital link χρηματοδοτηση επενδυσεισ amp βιωσιμη αναπτυξη financing amp investments spearheading sustainable growth via bankingnewsgr,0
Όμιλος Ιατρικού Αθηνών: Πρωτοπορεί στις πολιτικές Βιώσιμης Ανάπτυξης - Σημαντική διάκριση σε έρευνα του «Forbes» #ΟΜΙΛΟΣ_ΙΑΤΡΙΚΟΥ_ΑΘΗΝΩΝ #ΒΙΩΣΙΜΗ_ΑΝΑΠΤΥΞΗ #ΔΙΑΚΡΙΣΗ https://t.co/M0eCl24W7l,ομιλοσ ιατρικου αθηνων πρωτοπορει στισ πολιτικεσ βιωσιμησ αναπτυξησ σημαντικη διακριση σε ερευνα του forbes ομιλος_ιατρικου_αθηνων βιωσιμη_αναπτυξη διακριση,0
Έκθεση Beyond: Στρατηγικές βιώσιμης μόδας από ανακυκλώσιμα υλικά – Ρούχα από φελλό και πολυεστέρα https://t.co/eiOPQNSsIs https://t.co/P6wzTdhuAu #Beyond #Modtissimo #Zero_Waste #Ανακυκλώσιμα_Υλικά #Βιώσιμη_μόδα,εκθεση beyond στρατηγικεσ βιωσιμησ μοδασ απο ανακυκλωσιμα υλικα ρουχα απο φελλο και πολυεστερα beyond modtissimo zero_waste ανακυκλωσιμα_υλικα βιωσιμη_μοδα,0
"⭕️ Ούτε ένα, ούτε δύο, αλλά τουλάχιστον εννέα είναι τα πρόσωπα επιρροής ή κίνησης στο ευρύτερο περιβάλλον του Κυριάκου Μητσοτάκη που ανακοινώθηκαν στη σύνθεση της υπηρεσιακής κυβέρνησης του Ιωάννη Σαρμά ⤵️ https://t.co/GPo8wkjZoS",ουτε ενα ουτε δυο αλλα τουλαχιστον εννεα ειναι τα προσωπα επιρροησ η κινησησ στο ευρυτερο περιβαλλον του κυριακου μητσοτακη που ανακοινωθηκαν στη συνθεση τησ υπηρεσιακησ κυβερνησησ του ιωαννη σαρμα,0
"Ο ΠΕΡΙΒΟΣ συμμετέχει στο Φεστιβάλ ""Βιώσιμος Πλανήτης: Οι Νέοι Σχεδιάζουν"" https://t.co/aU0v3MNQ1r",ο περιβος συμμετεχει στο φεστιβαλ βιωσιμοσ πλανητησ οι νεοι σχεδιαζουν,0
"♻️ Συμμετοχή του Δήμου Μαραθώνος στην Attica Green Expo 2023.

▪️Ο Δήμος Μαραθώνος συμμετέχει για πρώτη φορά στην Attica Green Expo 2023, την έκθεση για την πράσινη κυκλική οικονομία, τα εγκαίνια της οποίας πραγματοποιήθηκαν την Τετάρτη 24 Μαΐου στο

https://t.co/ifmzTPoWnz https://t.co/i4igbGssw6",συμμετοχη του δημου μαραθωνοσ στην attica green expo ο δημοσ μαραθωνοσ συμμετεχει για πρωτη φορα στην attica green expo την εκθεση για την πρασινη κυκλικη οικονομια τα εγκαινια τησ οποιασ πραγματοποιηθηκαν την τεταρτη μαΐου στο,0
"Ηγουμενίτσα: Μετέτρεψαν τα νεκρά πλατάνια σε έργα τέχνης. Ξυλόγλυπτες δημιουργίες, που συνθέτουν ένα ιδιαίτερο εικαστικό περιβάλλον βρίσκονται στον ποδηλατοδρόμο της Ηγουμενίτσας https://t.co/1rFeSEIh5R https://t.co/MJQzwoxIo6",ηγουμενιτσα μετετρεψαν τα νεκρα πλατανια σε εργα τεχνησ ξυλογλυπτεσ δημιουργιεσ που συνθετουν ενα ιδιαιτερο εικαστικο περιβαλλον βρισκονται στον ποδηλατοδρομο τησ ηγουμενιτσασ,0
"Ηγουμενίτσα: Μετέτρεψαν τα νεκρά πλατάνια σε έργα τέχνης μετατρέπει. Ξυλόγλυπτες δημιουργίες, που συνθέτουν ένα ιδιαίτερο εικαστικό περιβάλλον βρίσκονται στον ποδηλατοδρόμο της Ηγουμενίτσας https://t.co/5MSxbhu5MH https://t.co/FZNFP4lT8d",ηγουμενιτσα μετετρεψαν τα νεκρα πλατανια σε εργα τεχνησ μετατρεπει ξυλογλυπτεσ δημιουργιεσ που συνθετουν ενα ιδιαιτερο εικαστικο περιβαλλον βρισκονται στον ποδηλατοδρομο τησ ηγουμενιτσασ,0
"Δέλτα Αξιού - 6ο Φεστιβάλ Περιβαλλοντικού Παιχνιδιού: Αύριο η γιορτή με περιβαλλοντικά παιχνίδια https://t.co/eiOPQNSsIs https://t.co/TjOUUUHxsu 
#Φεστιβάλ #Περιβάλλον",δελτα αξιου ο φεστιβαλ περιβαλλοντικου παιχνιδιου αυριο η γιορτη με περιβαλλοντικα παιχνιδια φεστιβαλ περιβαλλον,0
Πώς θα αντιμετωπιστεί ο ακτιβισμός για το περιβάλλον; https://t.co/X2cOILmBQm,πωσ θα αντιμετωπιστει ο ακτιβισμοσ για το περιβαλλον,0
@hkallimorou @malamw_mou @SotiStra Μα ειπα και πριν οτι υπαρχουν αυτιστικοι με υψηλη νοημοσυνη και εσεις προφανως ανηκετε σε αυτην την κατηγορια και μπραβο σας πο τα καταφερατε και ξεφυγατε απο ενα τετοιο οικογενειακο περιβαλλον.ειστε αξιοθαυμαστη γιατι λιγοι θα το καταφερναν αυτο.,hkallimorou malamw_mou sotistra μα ειπα και πριν οτι υπαρχουν αυτιστικοι με υψηλη νοημοσυνη και εσεισ προφανωσ ανηκετε σε αυτην την κατηγορια και μπραβο σασ πο τα καταφερατε και ξεφυγατε απο ενα τετοιο οικογενειακο περιβαλλονειστε αξιοθαυμαστη γιατι λιγοι θα το καταφερναν αυτο,0
Μ. Ρέμα Ραφήνας: Προτάσεις Βασιλόπουλου για αντιπλημμυρική προστασία παράλληλα με βιώσιμη ανάπτυξη για το σύνολο του Δήμου #FEATURED #ΑΥΤΟΔΙΟΙΚΗΣΗ #ΑΝΔΡΕΑΣΒΑΣΙΛΟΠΟΥΛΟΣ By https://t.co/p9zfHynwcm https://t.co/9RqxKBd07F https://t.co/4owTgInXE5,μ ρεμα ραφηνασ προτασεισ βασιλοπουλου για αντιπλημμυρικη προστασια παραλληλα με βιωσιμη αναπτυξη για το συνολο του δημου featured αυτοδιοικηση ανδρεασβασιλοπουλος by,0
"Ιδιαίτερα δυσμενείς οι επιπτώσεις στο περιβάλλον από τα προϊόντα καπνού

Μιλάει στο ΑΠΕ-ΜΠΕ η Μ.Τσικρικά πρόεδρος Ένωσης Πνευμονολόγων Ελλάδας 

https://t.co/CaZw5u4NGY",ιδιαιτερα δυσμενεισ οι επιπτωσεισ στο περιβαλλον απο τα προϊοντα καπνου μιλαει στο απεμπε η μτσικρικα προεδροσ ενωσησ πνευμονολογων ελλαδασ,0
@kic54989272 γιατι αν το παιδι εχει αγνοια μπορει να το προσεγγισει καποιος παιδεραστης απο το ευρυτερο περιβαλλον -σχολικο η μη-και να ασελγησει πανω του και το παιδι να μην καταλαβει τι ακριβως συμβαινει,kic γιατι αν το παιδι εχει αγνοια μπορει να το προσεγγισει καποιοσ παιδεραστησ απο το ευρυτερο περιβαλλον σχολικο η μηκαι να ασελγησει πανω του και το παιδι να μην καταλαβει τι ακριβωσ συμβαινει,0
@kic54989272 Πατησα google αυτο που λες και βγαζει ενα σχεδιο για βιωσιμη αναπτυξη το 2030.ειναι κακο αυτο?γιατι εμενα καλο μου φαινεται,kic πατησα google αυτο που λεσ και βγαζει ενα σχεδιο για βιωσιμη αναπτυξη το ειναι κακο αυτογιατι εμενα καλο μου φαινεται,0
Bayer Ελλάς: Στηρίζει την πράσινη και βιώσιμη ανάπτυξη με το πρόγραμμα «Green and Sustainable Development Accelerator» https://t.co/KYs4JpuRyQ,bayer ελλασ στηριζει την πρασινη και βιωσιμη αναπτυξη με το προγραμμα green and sustainable development accelerator,0
"Τεμπονέρας: Το πρόγραμμα μας είναι ρεαλιστικό, βιώσιμο και άμεσα εφαρμόσιμο https://t.co/YVQy9kYrMp",τεμπονερασ το προγραμμα μασ ειναι ρεαλιστικο βιωσιμο και αμεσα εφαρμοσιμο,0
Πράσινη διαχείριση και περιβάλλον να μπουν στην ατζέντα των εκλογών. Τα απόβλητα εξακολουθούν να προβληματίζουν την ηγεσία της ΕΕ. https://t.co/dUJj9Ap5B6 https://t.co/oA08ljK1nq,πρασινη διαχειριση και περιβαλλον να μπουν στην ατζεντα των εκλογων τα αποβλητα εξακολουθουν να προβληματιζουν την ηγεσια τησ εε,0
Tetra Pak: Η συμβολή των χάρτινων συσκευασιών στην κυκλική οικονομία #businessnewsgr https://t.co/w9QuGe68ZT,tetra pak η συμβολη των χαρτινων συσκευασιων στην κυκλικη οικονομια businessnewsgr,0
Πώς αλλάζει η κλιματική αλλαγή τη συμπεριφορά των ζώων https://t.co/5uJDjXf6jz,πωσ αλλαζει η κλιματικη αλλαγη τη συμπεριφορα των ζωων,0
"Δ. #Τεμπονέρας: Το πρόγραμμα μας, ρεαλιστικό, βιώσιμο, άμεσα εφαρμόσιμο, μπορεί να δώσει λύσει στα προβλήματα της λαϊκής πλειοψηφίας

#ΣΥΡΙΖΑ 
#Εκλογες25Ιουνιου 

https://t.co/GJUNHU6aj4 https://t.co/fc7tkUa5gH",δ τεμπονερασ το προγραμμα μασ ρεαλιστικο βιωσιμο αμεσα εφαρμοσιμο μπορει να δωσει λυσει στα προβληματα τησ λαϊκησ πλειοψηφιασ συριζα εκλογεσιουνιου,0
Bayer Ελλάς και HIGGS «ενώνονται» για την πράσινη και βιώσιμη ανάπτυξη #BAYER_ΕΛΛΑΣ #HIGGS #ΠΡΑΣΙΝΗ_ΑΝΑΠΤΥΞΗ https://t.co/nYvChg3thu,bayer ελλασ και higgs ενωνονται για την πρασινη και βιωσιμη αναπτυξη bayer_ελλας higgs πρασινη_αναπτυξη,0
RT @TheOpinion_News: Θεσσαλονίκη: «Μαρτύριο» η μετακίνηση των πολιτών – Εκδήλωση για τη βιώσιμη κινητικότητα (ΦΩΤΟ –VIDEO) #Thessaloniki #s…,rt theopinion_news θεσσαλονικη μαρτυριο η μετακινηση των πολιτων εκδηλωση για τη βιωσιμη κινητικοτητα φωτο video thessaloniki s,0
RT @sofokleous10: Έλον Μασκ: Δίκαιο οικονομικό περιβάλλον για τις ξένες επιχειρήσεις του υποσχέθηκε ο Κινέζος ΥΠΕΞ https://t.co/pFwuUoOPWz,rt sofokleous ελον μασκ δικαιο οικονομικο περιβαλλον για τισ ξενεσ επιχειρησεισ του υποσχεθηκε ο κινεζοσ υπεξ,0
"Σύλλογος Ελλήνων Ολυμπιονικών (ΣΕΟ): Yπογραφή συμφώνου συνεργασίας με την εταιρεία  ΤΕΧΑΝ  ΑΒΕΕ η οποία βασίστηκε στο κοινό όραμα για ένα καλύτερο περιβάλλον και αποσκοπεί στην ανάπτυξη της περιβαλλοντικής συνείδησης όλων – και ιδιαίτερα, των νέων ανθρώπων https://t.co/JB2Dsc8kyt",συλλογοσ ελληνων ολυμπιονικων σεο yπογραφη συμφωνου συνεργασιασ με την εταιρεια τεχαν αβεε η οποια βασιστηκε στο κοινο οραμα για ενα καλυτερο περιβαλλον και αποσκοπει στην αναπτυξη τησ περιβαλλοντικησ συνειδησησ ολων και ιδιαιτερα των νεων ανθρωπων,0
Έως 15/6 η συμμετοχή επιχειρήσεων στον Εθνικό Διάλογο για τη Βιώσιμη Ανάπτυξη #businessnewsgr https://t.co/Adh7qbxvbl,εωσ η συμμετοχη επιχειρησεων στον εθνικο διαλογο για τη βιωσιμη αναπτυξη businessnewsgr,0
Παρατείνεται ως τις 15/6 ο Εθνικός Διάλογος για τη Βιώσιμη Ανάπτυξη https://t.co/CbgOgiiZjt,παρατεινεται ωσ τισ ο εθνικοσ διαλογοσ για τη βιωσιμη αναπτυξη,0
περιβάλλον.,περιβαλλον,0
Η απάτη της κλιματικής κρίσης γίνεται πλέον ξεκάθαρη: Η συμμαχία για το περιβάλλον έχει χάσει τα μισά της μέλη και… συνεχίζει https://t.co/3VWdDNRZ4U via @bankingnewsgr,η απατη τησ κλιματικησ κρισησ γινεται πλεον ξεκαθαρη η συμμαχια για το περιβαλλον εχει χασει τα μισα τησ μελη και συνεχιζει via bankingnewsgr,0
"1st Larissa Cycling Forum: Θεμέλιο για μια ποδηλατικά βιώσιμη πραγματικότητα (video &amp; photo)
https://t.co/37L0PQds3P",st larissa cycling forum θεμελιο για μια ποδηλατικα βιωσιμη πραγματικοτητα video amp photo,0
RT @bankingnewsgr: Η απάτη της κλιματικής κρίσης γίνεται πλέον ξεκάθαρη: Η συμμαχία για το περιβάλλον έχει χάσει τα μισά της μέλη και… συνε…,rt bankingnewsgr η απατη τησ κλιματικησ κρισησ γινεται πλεον ξεκαθαρη η συμμαχια για το περιβαλλον εχει χασει τα μισα τησ μελη και συνε,0
Η απάτη της κλιματικής κρίσης γίνεται πλέον ξεκάθαρη: Η συμμαχία για το περιβάλλον έχει χάσει τα μισά της μέλη και… συνεχίζει https://t.co/zyDp2L8Gwh via @bankingnewsgr,η απατη τησ κλιματικησ κρισησ γινεται πλεον ξεκαθαρη η συμμαχια για το περιβαλλον εχει χασει τα μισα τησ μελη και συνεχιζει via bankingnewsgr,0
ΕΚ: Ελάττωση των επιπτώσεων εταιρικής δραστηριότητας σε ανθρώπους και περιβάλλον #businessnewsgr https://t.co/EEtmY038GV,εκ ελαττωση των επιπτωσεων εταιρικησ δραστηριοτητασ σε ανθρωπουσ και περιβαλλον businessnewsgr,0
"Χριστοδουλίδης: Ύψιστης σημασίας ένα σταθερό και ασφαλές περιβάλλον στην Αν. Μεσόγειο. Η διατήρηση ενός σταθερού και ασφαλούς περιβάλλοντος στην Ανατολική Μεσόγειο παραμένει ύψιστης στρατηγικής σημασίας, είπε σήμερα ο Πρόεδρος της Kυπριακής... https://t.co/HsaY961I6s https://t.co/5oxqInRsJr",χριστοδουλιδησ υψιστησ σημασιασ ενα σταθερο και ασφαλεσ περιβαλλον στην αν μεσογειο η διατηρηση ενοσ σταθερου και ασφαλουσ περιβαλλοντοσ στην ανατολικη μεσογειο παραμενει υψιστησ στρατηγικησ σημασιασ ειπε σημερα ο προεδροσ τησ kυπριακησ,0
ΓΣΕΕ: Είναι καιρός να επιταχυνθεί η μετάβαση σε μία κυκλική οικονομία #businessnewsgr https://t.co/VqgPzL2xTi,γσεε ειναι καιροσ να επιταχυνθει η μεταβαση σε μια κυκλικη οικονομια businessnewsgr,0
ΓΣΕΕ: Είναι καιρός να επιταχυνθεί η μετάβαση σε μία κυκλική οικονομία https://t.co/JJr7Zyroao,γσεε ειναι καιροσ να επιταχυνθει η μεταβαση σε μια κυκλικη οικονομια,0
"ΓΣΕΕ: Είναι καιρός να επιταχυνθεί η μετάβαση σε μία κυκλική οικονομία

https://t.co/FML18NfXbK https://t.co/lJzdCrMl5i",γσεε ειναι καιροσ να επιταχυνθει η μεταβαση σε μια κυκλικη οικονομια,0
Εκδήλωση με την CLIA για τη βιώσιμη ανάπτυξη των προορισμών κρουαζιέρας συνδιοργάνωσε η Έλενα Κουντουρά στο Ευρωπαϊκό Κοινοβούλιο https://t.co/n4z4wYgtbM,εκδηλωση με την clia για τη βιωσιμη αναπτυξη των προορισμων κρουαζιερασ συνδιοργανωσε η ελενα κουντουρα στο ευρωπαϊκο κοινοβουλιο,0
RT @TheOpinion_News: ΕΒΕΘ: Με 9 επιχειρήσεις-μέλη του στην 1η Διεθνή Έκθεση για την Κυκλική Οικονομία Forward Green #Thessaloniki #skg #The…,rt theopinion_news εβεθ με επιχειρησεισμελη του στην η διεθνη εκθεση για την κυκλικη οικονομια forward green thessaloniki skg the,0
Παγκόσμια Ημέρα Περιβάλλοντος: Ολοκληρωμένη στρατηγική της Sunlight Group για την κυκλική οικονομία https://t.co/W8JUVV8MLz,παγκοσμια ημερα περιβαλλοντοσ ολοκληρωμενη στρατηγικη τησ sunlight group για την κυκλικη οικονομια,0
"Κώστας Λαϊνάς: Ο μαέστρος του Διονύση Σχοινά στην εντατική. Με συμπτώματα σηψαιμίας νοσηλεύεται στη μονάδα Εντατικής θεραπείας ο μαέστρος του Διονύση Σχοινά, Κώστας Λαϊνάς. Τι λέει άνθρωπος από το περιβάλλον του στο gossip-tv. https://t.co/pc1i6VLwu5 https://t.co/ZkbWfXLBkr",κωστασ λαϊνασ ο μαεστροσ του διονυση σχοινα στην εντατικη με συμπτωματα σηψαιμιασ νοσηλευεται στη μοναδα εντατικησ θεραπειασ ο μαεστροσ του διονυση σχοινα κωστασ λαϊνασ τι λεει ανθρωποσ απο το περιβαλλον του στο gossiptv,0
ΓΣΕΕ: Είναι καιρός να επιταχυνθεί η μετάβαση σε μία κυκλική οικονομία #businessnewsgr https://t.co/zrOdxpcNgu,γσεε ειναι καιροσ να επιταχυνθει η μεταβαση σε μια κυκλικη οικονομια businessnewsgr,0
ΔΕΗ: Επενδύει σε ένα πράσινο μέλλον – Πυξίδα η βιώσιμη ανάπτυξη #businessnewsgr https://t.co/emwP1YII33,δεη επενδυει σε ενα πρασινο μελλον πυξιδα η βιωσιμη αναπτυξη businessnewsgr,0
ΔΕΗ: Επενδύει σε ένα πράσινο μέλλον – Πυξίδα η βιώσιμη ανάπτυξη #businessnewsgr https://t.co/5KLObNzMRS,δεη επενδυει σε ενα πρασινο μελλον πυξιδα η βιωσιμη αναπτυξη businessnewsgr,0
RT @HellenicOlympic: Η Πρόεδρος της Επιτροπής Αθλητισμός και Περιβάλλον της ΕΟΕ Αλεξάνδρα Πάλλη συμμετείχε στην ATTICA GREEN EXPO τη μεγαλύ…,rt hellenicolympic η προεδροσ τησ επιτροπησ αθλητισμοσ και περιβαλλον τησ εοε αλεξανδρα παλλη συμμετειχε στην attica green expo τη μεγαλυ,0
Η απάτη της κλιματικής κρίσης γίνεται πλέον ξεκάθαρη: Η συμμαχία για το περιβάλλον έχει χάσει τα μισά της μέλη και… συνεχίζει https://t.co/RdpniRZt1y,η απατη τησ κλιματικησ κρισησ γινεται πλεον ξεκαθαρη η συμμαχια για το περιβαλλον εχει χασει τα μισα τησ μελη και συνεχιζει,0
Σκότωσαν στο ξύλο 68χρονη σε χωριό της Καβάλας! – Το συγγενικό της περιβάλλον ερευνά η αστυνομία https://t.co/B4AF1nLRA0 #dolofonia #kavala,σκοτωσαν στο ξυλο χρονη σε χωριο τησ καβαλασ το συγγενικο τησ περιβαλλον ερευνα η αστυνομια dolofonia kavala,0
Γ. Οικονόμου: Η ισχυρή αυτοδυναμία της Ν.Δ. είναι η μοναδική βιώσιμη πρόταση διακυβέρνησης https://t.co/RDI4js8Npi,γ οικονομου η ισχυρη αυτοδυναμια τησ νδ ειναι η μοναδικη βιωσιμη προταση διακυβερνησησ,0
Marc: Προοπτική αυτοδυναμίας για τη ΝΔ σε περιβάλλον επτακομματικής Βουλής #businessnewsgr https://t.co/QLRWL38KR2,marc προοπτικη αυτοδυναμιασ για τη νδ σε περιβαλλον επτακομματικησ βουλησ businessnewsgr,0
"Παγκόσμια Ημέρα Περιβάλλοντος 2023: Με πυξίδα τη βιώσιμη ανάπτυξη η ΔΕΗ επενδύει σε ένα πράσινο, καλύτερο μέλλον

https://t.co/DfgKNTXnwv

Εκρηκτική Ενημέρωση από την Ελλάδα και τον Κόσμο στην https://t.co/ffHLvlQhM8

#PRESSBOMB #NEWS https://t.co/SZ0CTWlMNy",παγκοσμια ημερα περιβαλλοντοσ με πυξιδα τη βιωσιμη αναπτυξη η δεη επενδυει σε ενα πρασινο καλυτερο μελλον εκρηκτικη ενημερωση απο την ελλαδα και τον κοσμο στην pressbomb news,0
"5 Ιουνίου: Παγκόσμια Ημέρα Περιβάλλοντος https://t.co/DlDLaEi12k 
#παγκοσμια_ημέρα #περιβαλλον #ontimenewsgr",ιουνιου παγκοσμια ημερα περιβαλλοντοσ παγκοσμια_ημερα περιβαλλον ontimenewsgr,0
"Νόσος Χ και…«κλιματική αλλαγή»: Στην ελληνική TV το νέο αφήγημα, vid https://t.co/Q3nBL3PJZV",νοσοσ χ καικλιματικη αλλαγη στην ελληνικη tv το νεο αφηγημα vid,0
Σύνδεση οδικής ασφάλειας με βιώσιμη κινητικότητα https://t.co/pxUeC17TdG,συνδεση οδικησ ασφαλειασ με βιωσιμη κινητικοτητα,0
"Μαθητές και μαθήτριες απ’ όλη την Ελλάδα δημιουργούν αφίσες, σκίτσα και κολάζ για την κλιματική κρίση https://t.co/SiJcVHrYQt",μαθητεσ και μαθητριεσ απ ολη την ελλαδα δημιουργουν αφισεσ σκιτσα και κολαζ για την κλιματικη κριση,0
"Μαθητές και μαθήτριες απ' όλη την Ελλάδα δημιουργούν αφίσες, σκίτσα και κολλάζ για την κλιματική κρίση 

https://t.co/CmiZrw8FRJ https://t.co/8WO3tRTQqK",μαθητεσ και μαθητριεσ απ ολη την ελλαδα δημιουργουν αφισεσ σκιτσα και κολλαζ για την κλιματικη κριση,0
"«Η παγκόσμια ημέρα περιβάλλοντος δεν είναι μια μέρα γιορτής αλλά μια μέρα συναγερμού, για την κλιματική κρίση και για την ανάγκη εφαρμογής πολιτικών που θα αντιμετωπίζουν τις συνέπειες της», ανέφερε οπρόεδρος του ΣΥΡΙΖΑ-ΠΣ, Αλέξης Τσίπρας ο οποίος

https://t.co/iNdUZg7KX3",η παγκοσμια ημερα περιβαλλοντοσ δεν ειναι μια μερα γιορτησ αλλα μια μερα συναγερμου για την κλιματικη κριση και για την αναγκη εφαρμογησ πολιτικων που θα αντιμετωπιζουν τισ συνεπειεσ τησ ανεφερε οπροεδροσ του συριζαπς αλεξησ τσιπρασ ο οποιοσ,0
"Γιώργος Πατούλης για την Παγκόσμια Ημέρα Περιβάλλοντος: «Το Περιβάλλον είναι η ίδια μας η ζωή, καθήκον μας να το προστατεύουμε» - #OknewsGr https://t.co/vjAfNMmKOU",γιωργοσ πατουλησ για την παγκοσμια ημερα περιβαλλοντοσ το περιβαλλον ειναι η ιδια μασ η ζωη καθηκον μασ να το προστατευουμε oknewsgr,0
"«Η παγκόσμια ημέρα περιβάλλοντος δεν είναι μια μέρα γιορτής αλλά μια μέρα συναγερμού, για την κλιματική κρίση και για την ανάγκη εφαρμογής πολιτικών που θα αντιμετωπίζουν τις συνέπειες της», ανέφερε οπρόεδρος του ΣΥΡΙΖΑ-ΠΣ, Αλέξης Τσίπρας ο οποίος

https://t.co/B8l77ntAc7",η παγκοσμια ημερα περιβαλλοντοσ δεν ειναι μια μερα γιορτησ αλλα μια μερα συναγερμου για την κλιματικη κριση και για την αναγκη εφαρμογησ πολιτικων που θα αντιμετωπιζουν τισ συνεπειεσ τησ ανεφερε οπροεδροσ του συριζαπς αλεξησ τσιπρασ ο οποιοσ,0
"Αλέξης Τσίπρας για Παγκόσμια Ημέρα Περιβάλλοντος: «Ημέρα συναγερμού για την κλιματική κρίση, η πράσινη μετάβαση να είναι δίκαιη μετάβαση» - #OknewsGr https://t.co/CEE7wFz8fV",αλεξησ τσιπρασ για παγκοσμια ημερα περιβαλλοντοσ ημερα συναγερμου για την κλιματικη κριση η πρασινη μεταβαση να ειναι δικαιη μεταβαση oknewsgr,0
"#WorldEnvironmentDay 
.@atsipras: 
«Ημέρα συναγερμού για την κλιματική κρίση η Ημέρα Περιβάλλοντος - Η πράσινη μετάβαση να είναι δίκαιη μετάβαση» 

#WorldEnvironmentDay2023 #environment #EnvironmentDay #BeatPlasticPollution 

https://t.co/xbd7g3iHv9",worldenvironmentday atsipras ημερα συναγερμου για την κλιματικη κριση η ημερα περιβαλλοντοσ η πρασινη μεταβαση να ειναι δικαιη μεταβαση worldenvironmentday environment environmentday beatplasticpollution,0
"«Κεντρικός στόχος της μάχης για το περιβάλλον είναι ο μηδενισμός της καύσης ορυκτών καυσίμων», δήλωσε ο υπουργός Περιβάλλοντος και Ενέργειας, Παντελής Κάπρος, με αφορμή την Παγκόσμια Ημέρα Περιβάλλοντος.

https://t.co/oQNVoE4XK9",κεντρικοσ στοχοσ τησ μαχησ για το περιβαλλον ειναι ο μηδενισμοσ τησ καυσησ ορυκτων καυσιμων δηλωσε ο υπουργοσ περιβαλλοντοσ και ενεργειασ παντελησ καπροσ με αφορμη την παγκοσμια ημερα περιβαλλοντοσ,0
"ΚΚΕ: Ενάντια στην εκμετάλλευση του περιβάλλοντος, ενάντια στην πανάκριβη «πράσινη» ενέργεια https://t.co/jzsnbBNYft",κκε εναντια στην εκμεταλλευση του περιβαλλοντοσ εναντια στην πανακριβη πρασινη ενεργεια,0
"#ΚΚΕ: 
«Ενάντια στην εκμετάλλευση και υποβάθμιση του περιβάλλοντος, ενάντια στην πανάκριβη για τον λαό αλλά κερδοφόρα για τους ομίλους ""πράσινη"" ενέργεια» 

https://t.co/N0OX5qKsyq https://t.co/Zy9F0sXg1Y",κκε εναντια στην εκμεταλλευση και υποβαθμιση του περιβαλλοντοσ εναντια στην πανακριβη για τον λαο αλλα κερδοφορα για τουσ ομιλουσ πρασινη ενεργεια,0
"Εκλογές 2023 - Τσίπρας: «Ημέρα συναγερμού για την κλιματική κρίση η Ημέρα Περιβάλλοντος». Ο πρόεδρος του ΣΥΡΙΖΑ - Προοδευτική Συμμαχία, Αλέξης Τσίπρας, με αφορμή την Ημέρα Περιβάλλοντος, επισκέφτηκε σήμερα το Κέντρο Προστασίας Δασών και Φυσικού... https://t.co/TmOpTWiQfX https://t.co/28Lkx5OKU8",εκλογεσ τσιπρασ ημερα συναγερμου για την κλιματικη κριση η ημερα περιβαλλοντοσ ο προεδροσ του συριζα προοδευτικη συμμαχια αλεξησ τσιπρασ με αφορμη την ημερα περιβαλλοντοσ επισκεφτηκε σημερα το κεντρο προστασιασ δασων και φυσικου,0
Green Week: Η κλιματική αλλαγή οδηγεί σε αλλαγή των ποικιλιών σταφυλιών στην Αυστρία https://t.co/voWw1ugGZf,green week η κλιματικη αλλαγη οδηγει σε αλλαγη των ποικιλιων σταφυλιων στην αυστρια,0
"RT @sofokleous10: Τι προτείνουν ΝΔ, ΣΥΡΙΖΑ και ΠΑΣΟΚ-ΚΙΝΑΛ για το περιβάλλον https://t.co/WFX4lcTZAQ",rt sofokleous τι προτεινουν νδ συριζα και πασοκκιναλ για το περιβαλλον,0
"«Η σημερινή Παγκόσμια Μέρα Περιβάλλοντος είναι μέρα αναστοχασμού για όσα οφείλουμε να κάνουμε για την προστασία και ανάδειξη του φυσικού περιβάλλοντος και τη βιώσιμη ανάπτυξη των προστατευόμενων περιοχών».

https://t.co/GS4mnbKAFc",η σημερινη παγκοσμια μερα περιβαλλοντοσ ειναι μερα αναστοχασμου για οσα οφειλουμε να κανουμε για την προστασια και αναδειξη του φυσικου περιβαλλοντοσ και τη βιωσιμη αναπτυξη των προστατευομενων περιοχων,0
"#WorldEnvironmentDay   
Ο Κώστας Τριάντης στο ΑΠΕ-ΜΠΕ: 
«Οι προκλήσεις και οι απαιτήσεις για το περιβάλλον μεγαλώνουν» 

#WorldEnvironmentDay2023 #environment #EnvironmentDay #BeatPlasticPollution

https://t.co/AkxWPH17Ck",worldenvironmentday ο κωστασ τριαντησ στο απεμπε οι προκλησεισ και οι απαιτησεισ για το περιβαλλον μεγαλωνουν worldenvironmentday environment environmentday beatplasticpollution,0
Περιβάλλον: Οι πυρομανείς που εμφανίζονται ως πυροσβέστες | ARTI NEWS https://t.co/hOjcjCBYkW,περιβαλλον οι πυρομανεισ που εμφανιζονται ωσ πυροσβεστεσ arti news,0
Mια άλλη οικολογική περιπέτεια γιατί ως γνωστό μας ενδιαφέρει το περιβάλλον και η πράσινη ανάπτυξη... ...απλώς η χωματερή και ο σκουπιδοτενεκές ας είναι έξω από το σπίτι του γείτονα. https://t.co/eUaKXHJQy9,mια αλλη οικολογικη περιπετεια γιατι ωσ γνωστο μασ ενδιαφερει το περιβαλλον και η πρασινη αναπτυξη απλωσ η χωματερη και ο σκουπιδοτενεκεσ ασ ειναι εξω απο το σπιτι του γειτονα,0
"RT @odigitis: 📌Με πεζοπορία στον Υμηττό έστειλε η ΚΝΕ μήνυμα αγώνα για την προστασία του περιβάλλοντος
✊«Το περιβάλλον θύμα της πολιτικής τ…",rt odigitis με πεζοπορια στον υμηττο εστειλε η κνε μηνυμα αγωνα για την προστασια του περιβαλλοντοσ το περιβαλλον θυμα τησ πολιτικησ τ,0
ΠΑΡΑΤΗΡΗΤΗΡΙΟ ΠΕΙΡΑΪΚΗΣ: Συγκέντρωση για το περιβάλλον στον Σταυρό της Πειραϊκής https://t.co/A6XIho5h6o,παρατηρητηριο πειραϊκης συγκεντρωση για το περιβαλλον στον σταυρο τησ πειραϊκησ,0
RT @kmitsotakis: Σας ευχαριστώ για τη θερμή υποδοχή στη Νέα Ιωνία! Με τους πολίτες σήμερα συζητήσαμε για το πώς οραματιζόμαστε την Ελλάδα τ…,rt kmitsotakis σασ ευχαριστω για τη θερμη υποδοχη στη νεα ιωνια με τουσ πολιτεσ σημερα συζητησαμε για το πωσ οραματιζομαστε την ελλαδα τ,0
Οι βερμπαλισμοί για το Περιβάλλον και η αφόρητη δυσοσμία στον Κηφισό | ARTI NEWS https://t.co/Lpz7tCpY1C,οι βερμπαλισμοι για το περιβαλλον και η αφορητη δυσοσμια στον κηφισο arti news,0
Παπουτσάνης: Για ένα βιώσιμο μέλλον με υπεύθυνη παραγωγή και αειφόρο καινοτομία #businessnewsgr https://t.co/J0TgU77IDv,παπουτσανησ για ενα βιωσιμο μελλον με υπευθυνη παραγωγη και αειφορο καινοτομια businessnewsgr,0
"Εκλογές 2023 - Κυριάκος Μητσοτάκης: Σταθερή και βιώσιμη ανάπτυξη. Εκλογές 2023: Ευχαριστίες για τη θερμή υποδοχή στη Νέα Ιωνία, εκφράζει ο πρόεδρος της ΝΔ Κυριάκος Μητσοτάκης και θέτει το πρόγραμμα για μια Ελλάδα με σταθερή και βιώσιμη ανάπτυξη. https://t.co/DBvMXJDr6Q https://t.co/qDJbYyzPVw",εκλογεσ κυριακοσ μητσοτακησ σταθερη και βιωσιμη αναπτυξη εκλογεσ ευχαριστιεσ για τη θερμη υποδοχη στη νεα ιωνια εκφραζει ο προεδροσ τησ νδ κυριακοσ μητσοτακησ και θετει το προγραμμα για μια ελλαδα με σταθερη και βιωσιμη αναπτυξη,0
Η κτηνοτροφία συμβάλει στην αειφορία του περιβάλλοντος - NemeaPress https://t.co/XkwsycKoKt,η κτηνοτροφια συμβαλει στην αειφορια του περιβαλλοντοσ nemeapress,0
Η κτηνοτροφία συμβάλλει στην αειφορία του περιβάλλοντος https://t.co/RC9bSS9AS3,η κτηνοτροφια συμβαλλει στην αειφορια του περιβαλλοντοσ,0
"Ομιλία του Δ. Κουτσούμπα για το περιβάλλον, απόψε στο πάρκο «Αντ. Τρίτσης» 

https://t.co/JbZCjTCpnI https://t.co/bXV30C5u5T",ομιλια του δ κουτσουμπα για το περιβαλλον αποψε στο παρκο αντ τριτσησ,0
"Αίθουσα Σύνταξης ΕπικαιρότηταΣτην ενίσχυση των υποδομών που προστατεύουν το περιβάλλον, προχώρησε η Energean σε περιοχές που δραστηριοποιείται στην Ελλάδα, με αφορμή την Παγκόσμια Ημέρα Περιβάλλοντος, η οποία τιμάται διεθνώς στις 5 Ιουνίου κάθε χρόνο. #

https://t.co/YytUP51TMn",αιθουσα συνταξησ επικαιροτηταστην ενισχυση των υποδομων που προστατευουν το περιβαλλον προχωρησε η energean σε περιοχεσ που δραστηριοποιειται στην ελλαδα με αφορμη την παγκοσμια ημερα περιβαλλοντοσ η οποια τιμαται διεθνωσ στισ ιουνιου καθε χρονο,0
Ειδήμονες: χημική-τοξική βόμβα για το περιβάλλον η κατάρρευση του φράγματος Νόβα Καχόβκα. #Kakhovka #Kherson #Χερσωνα #Ρωσια #Russia #Ukraine https://t.co/v3nGJNeJjb,ειδημονεσ χημικητοξικη βομβα για το περιβαλλον η καταρρευση του φραγματοσ νοβα καχοβκα kakhovka kherson χερσωνα ρωσια russia ukraine,0
"Ειδήμονες: χημική-τοξική βόμβα για το περιβάλλον η κατάρρευση του φράγματος Νόβα Καχόβκα. #Kakhovka #Kherson #Χερσωνα #Ρωσια #Russia #Ukraine 
https://t.co/v3nGJNeJjb",ειδημονεσ χημικητοξικη βομβα για το περιβαλλον η καταρρευση του φραγματοσ νοβα καχοβκα kakhovka kherson χερσωνα ρωσια russia ukraine,0
"METRO: Εξοικονόμηση Φυσικών Πόρων για ένα Βιώσιμο Μέλλον
https://t.co/TKijwRnqv9",metro εξοικονομηση φυσικων πορων για ενα βιωσιμο μελλον,0
"Στο άρθρο του στη γνωστή ιστοσελίδα Project Syndicate, τα ανακατεύει όλα, τεχνητή νοημοσύνη, κλιματική αλλαγή, Ουκρανία, έχοντας όμως έναν κοινό σκοπό... https://t.co/e3jOdfzXbB",στο αρθρο του στη γνωστη ιστοσελιδα project syndicate τα ανακατευει ολα τεχνητη νοημοσυνη κλιματικη αλλαγη ουκρανια εχοντασ ομωσ εναν κοινο σκοπο,0
Στουρνάρας: Επιτακτική η ανάγκη για ταχεία μετάβαση σε μια περισσότερο βιώσιμη ανάπτυξη - https://t.co/hnD4iXhSYP https://t.co/m1qqwYcuIS,στουρναρασ επιτακτικη η αναγκη για ταχεια μεταβαση σε μια περισσοτερο βιωσιμη αναπτυξη,0
Το Παρίσι προωθεί πρωτοβουλίες φιλικές προς το περιβάλλον https://t.co/CJrTC5ribV,το παρισι προωθει πρωτοβουλιεσ φιλικεσ προσ το περιβαλλον,0
"Η 1η Διεθνής Έκθεση Κυκλικής Οικονομίας ForwardGreen από τις 8 έως τις 10 Ιουνίου στο Διεθνές Εκθεσιακό Κέντρο Θεσσαλονίκης - Τιμώμενη Χώρα η Βουλγαρία, 138 εκθέτες, 60 ξένοι εμπορικοί επισκέπτες, Forum για την Κυκλική Οικονομία και πλήθος εκδηλώσεων https://t.co/cALUOzdUb7",η η διεθνησ εκθεση κυκλικησ οικονομιασ forwardgreen απο τισ εωσ τισ ιουνιου στο διεθνεσ εκθεσιακο κεντρο θεσσαλονικησ τιμωμενη χωρα η βουλγαρια εκθετεσ ξενοι εμπορικοι επισκεπτεσ forum για την κυκλικη οικονομια και πληθοσ εκδηλωσεων,0
"1η FORWARD GREEN: ""Ντεμπούτο"" της Έκθεσης για την Κυκλική Οικονομία με 138 εκθέτες και πάνω από 270 ραντεβού ελληνικών και βουλγαρικών επιχειρήσεων - https://t.co/eiOPQNT0y0 https://t.co/u7tYRX0hmG 
#Forward_Green #Κυκλική_Οικονομία",η forward green ντεμπουτο τησ εκθεσησ για την κυκλικη οικονομια με εκθετεσ και πανω απο ραντεβου ελληνικων και βουλγαρικων επιχειρησεων forward_green κυκλικη_οικονομια,0
Γιάννης Στουρνάρας: «Επιτακτική ανάγκη η μετάβαση σε πιο βιώσιμη ανάπτυξη» #businessnewsgr https://t.co/EwdjtTBGPm,γιαννησ στουρναρασ επιτακτικη αναγκη η μεταβαση σε πιο βιωσιμη αναπτυξη businessnewsgr,0
Στουρνάρας: Επιτακτική η ανάγκη για ταχεία μετάβαση σε βιώσιμη ανάπτυξη  #moneypress https://t.co/VSrSyUvizr,στουρναρασ επιτακτικη η αναγκη για ταχεια μεταβαση σε βιωσιμη αναπτυξη moneypress,0
"1η FORWARD GREEN: ""Ντεμπούτο"" της Έκθεσης για την Κυκλική Οικονομία με 138 εκθέτες και πάνω από 270 ραντεβού ελληνικών και βουλγαρικών επιχειρήσεων - https://t.co/eiOPQNSsIs https://t.co/3hjWVdGxQW #forward_green #ΔΕΘ #Θεσσαλονίκη #Θεσσαλονικη",η forward green ντεμπουτο τησ εκθεσησ για την κυκλικη οικονομια με εκθετεσ και πανω απο ραντεβου ελληνικων και βουλγαρικων επιχειρησεων forward_green δεθ θεσσαλονικη θεσσαλονικη,0
"Ημερίδα ΠΕΔ Θεσσαλίας: «Η κλιματική κρίση και η επιρροή της στην αγροτική οικονομία της περιοχής. Μέτρα και δράσεις»
https://t.co/X95kItPl2L",ημεριδα πεδ θεσσαλιασ η κλιματικη κριση και η επιρροη τησ στην αγροτικη οικονομια τησ περιοχησ μετρα και δρασεισ,0
RT @sofokleous10: Στουρνάρας: Επιτακτική η ανάγκη για ταχεία μετάβαση σε μια περισσότερο βιώσιμη ανάπτυξη https://t.co/rPeRDIlaXQ,rt sofokleous στουρναρασ επιτακτικη η αναγκη για ταχεια μεταβαση σε μια περισσοτερο βιωσιμη αναπτυξη,0
METRO: Εξοικονόμηση Φυσικών Πόρων για ένα Βιώσιμο Μέλλον https://t.co/xQgZ1n0cAz,metro εξοικονομηση φυσικων πορων για ενα βιωσιμο μελλον,0
Τα έργα συνδυάζονται με το περιβάλλον και δημιουργούν «ένα νησί μέσα στο νησί» https://t.co/fEDAr3Oh0r,τα εργα συνδυαζονται με το περιβαλλον και δημιουργουν ενα νησι μεσα στο νησι,0
"Πελαγίδης: Ανθεκτική η ελληνική οικονομία, παρά το δυσμενές περιβάλλον - https://t.co/eTafNWbsse https://t.co/BqQJlYUnyO",πελαγιδησ ανθεκτικη η ελληνικη οικονομια παρα το δυσμενεσ περιβαλλον,0
RT @sofokleous10: Οι θέσεις του ΠΑΣΟΚ – ΚΙΝΑΛ για το περιβάλλον παρουσιάστηκαν στην Καλαμάτα (video) https://t.co/ObwMWYEapl,rt sofokleous οι θεσεισ του πασοκ κιναλ για το περιβαλλον παρουσιαστηκαν στην καλαματα video,0
"Αλ. Χαρίτσης: Παραγωγικό και αναπτυξιακό μοντέλο για δίκαιη, βιώσιμη και πράσινη ανάπτυξη,
https://t.co/gB0fYzOqZ3,",αλ χαριτσησ παραγωγικο και αναπτυξιακο μοντελο για δικαιη βιωσιμη και πρασινη αναπτυξη,0
"Αλ. #Χαρίτσης: Παραγωγικό και αναπτυξιακό μοντέλο για δίκαιη, βιώσιμη και πράσινη ανάπτυξη
@syriza_gr 

https://t.co/Hhm66uLKvL https://t.co/Ef7NwPChfD",αλ χαριτσησ παραγωγικο και αναπτυξιακο μοντελο για δικαιη βιωσιμη και πρασινη αναπτυξη syriza_gr,0
Ημερίδα της ΠΕΔ για την κλιματική κρίση και την επιρροή της στην αγροτική οικονομία ⋆ TirnavosPress https://t.co/yQ09XhVkzK,ημεριδα τησ πεδ για την κλιματικη κριση και την επιρροη τησ στην αγροτικη οικονομια tirnavospress,0
RT @sofokleous10: Πελαγίδης: Ανθεκτική η ελληνική οικονομία σε ένα αβέβαιο περιβάλλον https://t.co/uOWcDk0gV4,rt sofokleous πελαγιδησ ανθεκτικη η ελληνικη οικονομια σε ενα αβεβαιο περιβαλλον,0
"Η Θεσσαλονίκη ανοίγει τον δρόμο προς ένα πράσινο, βιώσιμο μέλλον – Εγκαίνια 2ου Φεστιβάλ Κυκλικής Οικονομίας Thess Clean - Thess Green

https://t.co/Zw9CbEcgRe",η θεσσαλονικη ανοιγει τον δρομο προσ ενα πρασινο βιωσιμο μελλον εγκαινια ου φεστιβαλ κυκλικησ οικονομιασ thess clean thess green,0
Πελεγίδης – Υπουργείο Οικονομικών: “Ανθεκτικότητα της ελληνικής οικονομίας παρά το αβέβαιο οικονομικό περιβάλλον” - #OknewsGr https://t.co/zvIhyldRTX,πελεγιδησ υπουργειο οικονομικων ανθεκτικοτητα τησ ελληνικησ οικονομιασ παρα το αβεβαιο οικονομικο περιβαλλον oknewsgr,0
"Θ. Πελαγίδης: Η ελληνική οικονομία συνεχίζει να παρουσιάζει σημαντική ανθεκτικότητα μέσα σε ένα δυσμενές και αβέβαιο οικονομικό περιβάλλον

https://t.co/bulzQG3SAr https://t.co/QHKj6tLlRm",θ πελαγιδησ η ελληνικη οικονομια συνεχιζει να παρουσιαζει σημαντικη ανθεκτικοτητα μεσα σε ενα δυσμενεσ και αβεβαιο οικονομικο περιβαλλον,0
"«Κάνουμε πράσινες τις γειτονιές μας»: Διήμερο περιβαλλοντικών δράσεων το Σαββατοκύριακο στο Δήμο Βισαλτίας 
#Δήμος_Βισαλτίας #Ημέρα_Περιβάλλοντος #περιβάλλον #Serres
https://t.co/t4dojtNmN2",κανουμε πρασινεσ τισ γειτονιεσ μασ διημερο περιβαλλοντικων δρασεων το σαββατοκυριακο στο δημο βισαλτιασ δημοσ_βισαλτιασ ημερα_περιβαλλοντοσ περιβαλλον serres,0
Coffee Island: Επενδύει στην βιώσιμη ανάπτυξη και την Coffe-Ecο #businessnewsgr https://t.co/JroxYtAUUW,coffee island επενδυει στην βιωσιμη αναπτυξη και την coffeecο businessnewsgr,0
"H Βουλγαρία Τιμώμενη Χώρα στην 1η ""Forward Green"" και άνευ απροόπτου και στη φετινή ΔΕΘ - https://t.co/eiOPQNSsIs https://t.co/ZQfmj9blWW 
#Forward_Green_Expo #ΔΕΘ #Κυκλική_Οικονομία",h βουλγαρια τιμωμενη χωρα στην η forward green και ανευ απροοπτου και στη φετινη δεθ forward_green_expo δεθ κυκλικη_οικονομια,0
Goldman Sachs: Οι συνθήκες στο χρηματοπιστωτικό περιβάλλον θα γίνουν δυσμενέστερες https://t.co/2fNLHct1GH,goldman sachs οι συνθηκεσ στο χρηματοπιστωτικο περιβαλλον θα γινουν δυσμενεστερεσ,0
"Mε την ατζέντα της για το περιβάλλον, την κοινωνία και τη διακυβέρνηση (Environmental, Social, and Governance-ESG), προσπαθεί να εφαρμόσει το σύστημα κοινωνικής πίστωσης της Κίνας στις αμερικανικές εταιρείες https://t.co/B0LOcpMDeJ",mε την ατζεντα τησ για το περιβαλλον την κοινωνια και τη διακυβερνηση environmental social and governanceesg προσπαθει να εφαρμοσει το συστημα κοινωνικησ πιστωσησ τησ κινασ στισ αμερικανικεσ εταιρειεσ,0
Ψήφισμα Βουλής για περιβάλλον καλεί σε συντονισμό δράσεων https://t.co/fPBZ05w43G,ψηφισμα βουλησ για περιβαλλον καλει σε συντονισμο δρασεων,0
1ο Forum για την Κυκλική Οικονομία: Έρχονται επενδύσεις-Αναπτυξιακές προοπτικές για την ελληνική βιομηχανία από την Κυκλική Οικονομία-Κρίσιμος ο ρόλος της εκπαίδευσης - https://t.co/eiOPQNSsIs https://t.co/o8hvkX61Nm,ο forum για την κυκλικη οικονομια ερχονται επενδυσεισαναπτυξιακεσ προοπτικεσ για την ελληνικη βιομηχανια απο την κυκλικη οικονομιακρισιμοσ ο ρολοσ τησ εκπαιδευσησ,0
"Η Πράσινη Ελλάδα αποτελεί βασικό πυλώνα του προγράμματός μας. Ώστε μέσα από συγκεκριμένες πολιτικές να ενισχύσουμε την ενεργειακή ασφάλεια της πατρίδας μας, αλλά κυρίως να παραδώσουμε στις επόμενες γενιές ένα καλύτερο περιβάλλον.

https://t.co/WxxRJWmtiY https://t.co/JeUXQszHp6",η πρασινη ελλαδα αποτελει βασικο πυλωνα του προγραμματοσ μασ ωστε μεσα απο συγκεκριμενεσ πολιτικεσ να ενισχυσουμε την ενεργειακη ασφαλεια τησ πατριδασ μασ αλλα κυριωσ να παραδωσουμε στισ επομενεσ γενιεσ ενα καλυτερο περιβαλλον,0
RT @sofokleous10: Σαράντη (ΣΒΕ) : Ανάγκη για επενδύσεις στην κυκλική οικονομία https://t.co/JF2CGLmbjO,rt sofokleous σαραντη σβε αναγκη για επενδυσεισ στην κυκλικη οικονομια,0
«Ο ΣΥΡΙΖΑ επαναφέρει το θέμα όταν ζορίζεται» – Τι απαντούν από το περιβάλλον Σαμαρά για την «τουρκική» μειονότητα https://t.co/IDkS7PlqM7,ο συριζα επαναφερει το θεμα οταν ζοριζεται τι απαντουν απο το περιβαλλον σαμαρα για την τουρκικη μειονοτητα,0
"Στο Πρόγραμμα «Υποδομές Μεταφορών, Περιβάλλον &amp; Αειφόρος Ανάπτυξη» το έργο ρέματος Κόρμπι #businessnewsgr https://t.co/xn5U9Ow7OH",στο προγραμμα υποδομεσ μεταφορων περιβαλλον amp αειφοροσ αναπτυξη το εργο ρεματοσ κορμπι businessnewsgr,0
"Πώς τα ταμεία πολιτικής συνοχής στηρίζουν τη βιώσιμη κινητικότητα και δημιουργία υποδομών
#alphanewslive #cyprus
 https://t.co/V5Pt0QBmz3",πωσ τα ταμεια πολιτικησ συνοχησ στηριζουν τη βιωσιμη κινητικοτητα και δημιουργια υποδομων alphanewslive cyprus,0
"Ημερίδα ΠΕΔ Θεσσαλίας για την κλιματική κρίση και την επιρροή της στην αγροτική οικονομία της περιοχής
https://t.co/e2EaSRu3p0",ημεριδα πεδ θεσσαλιασ για την κλιματικη κριση και την επιρροη τησ στην αγροτικη οικονομια τησ περιοχησ,0
"Η παγκόσμια οικονομία βάλλεται από δομικά στοιχεία αστάθειας (χρέος, ανισοκατανομή πλούτου, πράσινη μετάβαση), αλλά και από στοιχεία που συνδέονται  με την ακόρεστη επιθυμία κέρδους και με την προσπάθεια επικυριαρχίας / εξουσίας (στρατιωτικές δαπάνες).
https://t.co/iNVQo2q4cy",η παγκοσμια οικονομια βαλλεται απο δομικα στοιχεια ασταθειασ χρεοσ ανισοκατανομη πλουτου πρασινη μεταβαση αλλα και απο στοιχεια που συνδεονται με την ακορεστη επιθυμια κερδουσ και με την προσπαθεια επικυριαρχιασ εξουσιασ στρατιωτικεσ δαπανεσ,0
Ημερίδα της ΠΕΔ Θεσσαλίας με θέμα «Η κλιματική κρίση και η επιρροή της στην αγροτική οικονομία της περιοχής. Μέτρα και δράσεις» https://t.co/pzqoJdGyJb μέσω @mouzakinews.gr https://t.co/xU0bMPym2h,ημεριδα τησ πεδ θεσσαλιασ με θεμα η κλιματικη κριση και η επιρροη τησ στην αγροτικη οικονομια τησ περιοχησ μετρα και δρασεισ μεσω mouzakinewsgr,0
"Περιβαλλοντικά παιχνίδια για τους μαθητές του 18ου Δ.Σ. Σερρών και του Δ.Σ. Κερκίνης στον υγροβιότοπο 
#Κερκίνη #18ο_ΔΣ_Σερρών #σχολεία #λίμνη_Κερκίνη #περιβάλλον #18ο_Δημοτικό_Σχολείο_Σερρών #Δημοτικό_Σχολείο_Κερκίνης #μαθητές #Serres #Kerkini
https://t.co/2CLMK8FrRK",περιβαλλοντικα παιχνιδια για τουσ μαθητεσ του ου δς σερρων και του δς κερκινησ στον υγροβιοτοπο κερκινη ο_δς_σερρων σχολεια λιμνη_κερκινη περιβαλλον ο_δημοτικο_σχολειο_σερρων δημοτικο_σχολειο_κερκινησ μαθητεσ serres kerkini,0
RT @sofokleous10: «Ο ΣΥΡΙΖΑ επαναφέρει το θέμα όταν ζορίζεται» – Τι απαντούν από το περιβάλλον Σαμαρά για την «τουρκική» μειονότητα https:/…,rt sofokleous ο συριζα επαναφερει το θεμα οταν ζοριζεται τι απαντουν απο το περιβαλλον σαμαρα για την τουρκικη μειονοτητα,0
"Μητσοτάκης από Ωραιόκαστρο: Ισχυρή αυτοδυναμία ΝΔ, η μόνη βιώσιμη λύση (ΦΩΤΟ-VIDEO) - https://t.co/eiOPQNT0y0 https://t.co/6mprHdbI4U 
#Μητσοτάκης #Εκλογές #GRTimes",μητσοτακησ απο ωραιοκαστρο ισχυρη αυτοδυναμια νδ η μονη βιωσιμη λυση φωτοvideo μητσοτακησ εκλογεσ grtimes,0
Forward Green: Μια μοναδική έκθεση για την Κυκλική Οικονομία σε «ανθισμένο» φόντο και με πολλαπλά μηνύματα βιώσιμης ανάπτυξης https://t.co/IL67SWK05X https://t.co/KOsTFFTvHA,forward green μια μοναδικη εκθεση για την κυκλικη οικονομια σε ανθισμενο φοντο και με πολλαπλα μηνυματα βιωσιμησ αναπτυξησ,0
"Θεσσαλονίκη: Ενημερώνοντας τους πολίτες για την ασφαλή μετακίνηση με ποδήλατο, για μια βιώσιμη πόλη (ΦΩΤΟ-VIDEO) - https://t.co/eiOPQNSsIs https://t.co/YXdiqIjgha 
#Θεσσαλονίκη #Ποδήλατα #Μητροπολιτική_Ενότητα_Θεσσαλονίκης #ΠΑΣΘ #GRTimes",θεσσαλονικη ενημερωνοντασ τουσ πολιτεσ για την ασφαλη μετακινηση με ποδηλατο για μια βιωσιμη πολη φωτοvideo θεσσαλονικη ποδηλατα μητροπολιτικη_ενοτητα_θεσσαλονικησ πασθ grtimes,0
"ΠΕΔ: Σημαντικές εισηγήσεις στην ημερίδα με θέμα ""Η κλιματική κρίση και η επιρροή της στην αγροτική οικονομία της περιοχής. Μέτρα και δράσεις"" (photo)
https://t.co/yxHhEs8PCl",πεδ σημαντικεσ εισηγησεισ στην ημεριδα με θεμα η κλιματικη κριση και η επιρροη τησ στην αγροτικη οικονομια τησ περιοχησ μετρα και δρασεισ photo,0
RT @sofokleous10: Νεολαία ΣΥΡΙΖΑ Αγρινίου: Εκδήλωση για το περιβάλλον και την κλιματική αλλαγή https://t.co/U8BYm0MXQa,rt sofokleous νεολαια συριζα αγρινιου εκδηλωση για το περιβαλλον και την κλιματικη αλλαγη,0
"Σε μία εποχή όπου η τεχνολογία πρωτοπορεί και πρωτοστατεί, η μετάβαση των τοπικών κοινωνιών στη βιώσιμη κινητικότητα και φυσικά την οδική ασφάλεια είναι απόλυτα αναγκαία.
 
Οι καθηγητές Θεοχάρης Τσούτσος, Σταυρούλα Τουρνάκη και Μαρία Φράγκου από το

https://t.co/di3iN40NRQ",σε μια εποχη οπου η τεχνολογια πρωτοπορει και πρωτοστατει η μεταβαση των τοπικων κοινωνιων στη βιωσιμη κινητικοτητα και φυσικα την οδικη ασφαλεια ειναι απολυτα αναγκαια οι καθηγητεσ θεοχαρησ τσουτσοσ σταυρουλα τουρνακη και μαρια φραγκου απο το,0
ICAP: Το ελληνικό επιχειρείν επενδύει στην βιώσιμη ανάπτυξη #businessnewsgr https://t.co/kn0ouMC50F,icap το ελληνικο επιχειρειν επενδυει στην βιωσιμη αναπτυξη businessnewsgr,0
"PRODEA Investments: Ανάπτυξη με έμφαση στην αειφορία. Η PRODEA Investments υλοποιεί κι ένα μεγάλο πρόγραμμα εταιρικής υπευθυνότητας, τις «Δομές Ευθύνης», που σε σημαντικό βαθμό εστιάζει στο περιβάλλον. https://t.co/eonT5iiNWo https://t.co/7dPC8bTsUH",prodea investments αναπτυξη με εμφαση στην αειφορια η prodea investments υλοποιει κι ενα μεγαλο προγραμμα εταιρικησ υπευθυνοτητασ τισ δομεσ ευθυνησ που σε σημαντικο βαθμο εστιαζει στο περιβαλλον,0
PRODEA Investments: Ανάπτυξη με έμφαση στην αειφορία  #moneypress https://t.co/BQS6ZI3rD5,prodea investments αναπτυξη με εμφαση στην αειφορια moneypress,0
Πραγματοποιήθηκε η ημερίδα της Π.Ε.Δ. Θεσσαλίας «Η κλιματική κρίση και η επιρροή της στην αγροτική οικονομία της περιοχής. Μέτρα και δράσεις» https://t.co/RvlkjcjXQ0 μέσω @mouzakinews.gr https://t.co/CGYKAvyntI,πραγματοποιηθηκε η ημεριδα τησ πεδ θεσσαλιασ η κλιματικη κριση και η επιρροη τησ στην αγροτικη οικονομια τησ περιοχησ μετρα και δρασεισ μεσω mouzakinewsgr,0
"Διάκριση Λαρισαίων μαθητών σε διεθνές εικαστικό πρόγραμμα για την κλιματική αλλαγή
https://t.co/tl6W9fOLp3",διακριση λαρισαιων μαθητων σε διεθνεσ εικαστικο προγραμμα για την κλιματικη αλλαγη,0
"Με αφορμή την παγκόσμια ημέρα περιβάλλοντος και με την ιδιότητα του Πρεσβευτή της ΕΕ για το περιβάλλον, ο υπ. δήμαρχος Ραφήνας-Πικερμίου Ανδρέας Βασιλόπουλος, βρέθηκε ως ομιλητής σε εκδήλωση για το απειλούμενο ρέμα της Κίρκης στη Νέα Φιλαδέλφεια.

https://t.co/DhTZUruWhd https://t.co/F3agQ50FOG",με αφορμη την παγκοσμια ημερα περιβαλλοντοσ και με την ιδιοτητα του πρεσβευτη τησ εε για το περιβαλλον ο υπ δημαρχοσ ραφηνασπικερμιου ανδρεασ βασιλοπουλοσ βρεθηκε ωσ ομιλητησ σε εκδηλωση για το απειλουμενο ρεμα τησ κιρκησ στη νεα φιλαδελφεια,0
"Σέρρες: Δράση εθελοντικού καθαρισμού με συμμετοχή εθελοντών και ευπαθών ομάδων 
#Δήμος_Σερρών #περιβάλλον #Σέρρες #Serres
https://t.co/8rl9U1d2kk",σερρεσ δραση εθελοντικου καθαρισμου με συμμετοχη εθελοντων και ευπαθων ομαδων δημοσ_σερρων περιβαλλον σερρεσ serres,0
"«Ενημέρωση μέσω διαδικτύου, σεβασμός σε εργαζομένους και περιβάλλον» - Καβάλα, Πρωϊνή, Ραδιόφωνο, Εφημερίδα της Καβάλας, νέα, καβάλα ειδήσεις, μικρές αγγελίες https://t.co/EOpCjDlgUL",ενημερωση μεσω διαδικτυου σεβασμοσ σε εργαζομενουσ και περιβαλλον καβαλα πρωϊνη ραδιοφωνο εφημεριδα τησ καβαλασ νεα καβαλα ειδησεισ μικρεσ αγγελιεσ,0
Capital Link: Ολοκληρώθηκε με επιτυχία το ετήσιο συνέδριο για τη βιώσιμη ανάπτυξη - https://t.co/5NQy6YBCTQ https://t.co/r7gXLn4jZA,capital link ολοκληρωθηκε με επιτυχια το ετησιο συνεδριο για τη βιωσιμη αναπτυξη,0
"Επτά παιδιά με στρεπτόκοκκο στη Νάουσα, τα τρία από το περιβάλλον του 7χρονου https://t.co/2Nxgn5TQX3",επτα παιδια με στρεπτοκοκκο στη ναουσα τα τρια απο το περιβαλλον του χρονου,0
"Θετικά στον στρεπτόκοκκο Α έξι παιδιά από το περιβάλλον του 7χρονου που έχασε χθες τη ζωή του από την λοίμωξη

https://t.co/CTTAFwwlKK",θετικα στον στρεπτοκοκκο α εξι παιδια απο το περιβαλλον του χρονου που εχασε χθεσ τη ζωη του απο την λοιμωξη,0
"Στρεπτόκοκκος: Ακόμη επτά θετικά παιδιά στη Νάουσα - Τρία από το περιβάλλον του 7χρονου. Είκοσι ένα παιδιά έκαναν τεστ για στρεπτόκοκκο στο νοσοκομείο της Νάουσας, μετά τον θάνατο του 7χρονου.   https://t.co/G7xrU3b2XV https://t.co/n9kMkbZAHm",στρεπτοκοκκοσ ακομη επτα θετικα παιδια στη ναουσα τρια απο το περιβαλλον του χρονου εικοσι ενα παιδια εκαναν τεστ για στρεπτοκοκκο στο νοσοκομειο τησ ναουσασ μετα τον θανατο του χρονου,0
Συναγερμός στη Νάουσα: Επτά παιδιά με στρεπτόκοκκο – Tα τρία από το περιβάλλον του 7χρονου https://t.co/K9KBgSBJUR #naoysa #poedin #streptokokkos,συναγερμοσ στη ναουσα επτα παιδια με στρεπτοκοκκο tα τρια απο το περιβαλλον του χρονου naoysa poedin streptokokkos,0
"ΠΟΕΔΗΝ: Επτά παιδιά με στρεπτόκοκκο στη Νάουσα, τα 3 από το περιβάλλον του 7χρονου https://t.co/YDQmNi5ge8 via @bankingnewsgr",ποεδην επτα παιδια με στρεπτοκοκκο στη ναουσα τα απο το περιβαλλον του χρονου via bankingnewsgr,0
ΠΟΕΔΗΝ: Επτά νέα κρούσματα στρεπτόκοκκου Α στη Νάουσα – Ποια είχαν επαφές με το περιβάλλον του 7χρονου - #OknewsGr https://t.co/hUSYrxzGO0,ποεδην επτα νεα κρουσματα στρεπτοκοκκου α στη ναουσα ποια ειχαν επαφεσ με το περιβαλλον του χρονου oknewsgr,0
Θετικά στον στρεπτόκοκκο επτά παιδιά στη Νάουσα – Τα τρία από το περιβάλλον του 8χρονου https://t.co/Ue12Asxe0a #ΚαλημεραΜαιρη #NBAFinals📷 #Γιοκιτς #Μπερλουσκονι #ΚαλημεραΑθηνα #ΚαλημεραΜαρια #Ροδοπη #shoppingstar #Θρακη #Ναγκετς,θετικα στον στρεπτοκοκκο επτα παιδια στη ναουσα τα τρια απο το περιβαλλον του χρονου καλημεραμαιρη nbafinals γιοκιτσ μπερλουσκονι καλημερααθηνα καλημεραμαρια ροδοπη shoppingstar θρακη ναγκετσ,0
"Επτά παιδιά θετικά στον στρεπτόκοκκο στη Νάουσα – Τα τρία από το περιβάλλον του 7χρονου

https://t.co/oir3iNOcrc",επτα παιδια θετικα στον στρεπτοκοκκο στη ναουσα τα τρια απο το περιβαλλον του χρονου,0
Γιορτή για το περιβάλλον με βαρκάδες στο Δέλτα του Πηνειού ⋆ TirnavosPress https://t.co/lPg7lZOi8q,γιορτη για το περιβαλλον με βαρκαδεσ στο δελτα του πηνειου tirnavospress,0
RT @dimigalano: Ευτυχώς που παράγουμε αρκετή πράσινη ενέργεια από ΑΠΕ και οι τιμές στο ράφι πέφτουν.,rt dimigalano ευτυχωσ που παραγουμε αρκετη πρασινη ενεργεια απο απε και οι τιμεσ στο ραφι πεφτουν,0
"Στην #Ελλάδα το επιμορφωτικό πρόγραμμα ενδυνάμωσης των νέων γυναικών για τη βιώσιμη ανάπτυξη της υδατοκαλλιέργειας

https://t.co/2BUMWgFLV6 https://t.co/KJpNwgrYG3",στην ελλαδα το επιμορφωτικο προγραμμα ενδυναμωσησ των νεων γυναικων για τη βιωσιμη αναπτυξη τησ υδατοκαλλιεργειασ,0
Ο πρόεδρος της ΚΕΔΕ στο otavoice για Κυκλική Οικονομία και Forward Green Expo https://t.co/QS5bDF1GIO,ο προεδροσ τησ κεδε στο otavoice για κυκλικη οικονομια και forward green expo,0
Πράσινη Ατζέντα – Γερμανία: Κάθε νέο σύστημα θέρμανσης θα πρέπει να έχει τουλάχιστον 65% πράσινη ενέργεια!!! https://t.co/vpegqVTetY,πρασινη ατζεντα γερμανια καθε νεο συστημα θερμανσησ θα πρεπει να εχει τουλαχιστον πρασινη ενεργεια,0
"#news #24news #Κόσμος #stories Είναι γεγονός πως οι επιπτώσεις από την κλιματική αλλαγή γίνονται ολοένα και πιο αισθητές στην καθημερινή μας ζωή
https://t.co/dLz0OQKRz8",news news κοσμοσ stories ειναι γεγονοσ πωσ οι επιπτωσεισ απο την κλιματικη αλλαγη γινονται ολοενα και πιο αισθητεσ στην καθημερινη μασ ζωη,0
Στρεπτόκοκκος: Θετικά στον ιό άλλα έξι παιδιά από το περιβάλλον του 7χρονου που έχασε τη ζωή του https://t.co/9eEFyCYGOq,στρεπτοκοκκοσ θετικα στον ιο αλλα εξι παιδια απο το περιβαλλον του χρονου που εχασε τη ζωη του,0
Εγκαινιάστηκε το ΚΕΠΕΑ Δήμου Θέρμης στο Λιβάδι #ΕΚΠΑΙΔΕΥΣΗ #ΛΙΒΑΔΙ #ΠΕΡΙΒΑΛΛΟΝ  https://t.co/FhLE6kgGxl https://t.co/jFMvzUZ6XE,εγκαινιαστηκε το κεπεα δημου θερμησ στο λιβαδι εκπαιδευση λιβαδι περιβαλλον,0
Στρεπτόκοκκος ομάδας Α - Νάουσα: Θετικά έξι παιδιά από το περιβάλλον του 7χρονου https://t.co/HwWU8TJ9aI,στρεπτοκοκκοσ ομαδασ α ναουσα θετικα εξι παιδια απο το περιβαλλον του χρονου,0
Ξεκίνησε στις ΗΠΑ η πρώτη δίκη για την κλιματική αλλαγή - https://t.co/PW05u7XgIU https://t.co/f4p2551AG9,ξεκινησε στισ ηπα η πρωτη δικη για την κλιματικη αλλαγη,0
Βιώσιμη υδατοκαλλιέργεια: Στην Ελλάδα επιμορφωτικό πρόγραμμα για νέες γυναίκες https://t.co/yPb6cevNGv https://t.co/MqaBNqjJYA,βιωσιμη υδατοκαλλιεργεια στην ελλαδα επιμορφωτικο προγραμμα για νεεσ γυναικεσ,0
RT @sofokleous10: Βιώσιμη χρηματοδότηση: Περαιτέρω μέτρα από την Κομισιόν για την τόνωση των επενδύσεων https://t.co/g11KzUUyit,rt sofokleous βιωσιμη χρηματοδοτηση περαιτερω μετρα απο την κομισιον για την τονωση των επενδυσεων,0
Βιώσιμη χρηματοδότηση: Περαιτέρω μέτρα από την Κομισιόν για την τόνωση των επενδύσεων #businessnewsgr https://t.co/Oh2PqdNvZq,βιωσιμη χρηματοδοτηση περαιτερω μετρα απο την κομισιον για την τονωση των επενδυσεων businessnewsgr,0
"Επτά παιδιά με στρεπτόκοκκο στη Νάουσα - Τα τρία από το περιβάλλον του 7χρονου
https://t.co/vXBvDEFAZi",επτα παιδια με στρεπτοκοκκο στη ναουσα τα τρια απο το περιβαλλον του χρονου,0
Επτά παιδιά με στρεπτόκοκκο στη Νάουσα – Τα τρία από το περιβάλλον του 7χρονου – Τι αναφέρει η ΠΟΕΔΗΝ https://t.co/Kws3TwbK8m,επτα παιδια με στρεπτοκοκκο στη ναουσα τα τρια απο το περιβαλλον του χρονου τι αναφερει η ποεδην,0
Έξι παιδιά από το περιβάλλον του 7χρονου θετικά στον στρεπτόκοκκο - #OknewsGr https://t.co/hUSYrxzGO0,εξι παιδια απο το περιβαλλον του χρονου θετικα στον στρεπτοκοκκο oknewsgr,0
"Ξεκίνησε στις ΗΠΑ η πρώτη δίκη για την κλιματική αλλαγή,
https://t.co/87ufQLnwtw,",ξεκινησε στισ ηπα η πρωτη δικη για την κλιματικη αλλαγη,0
"7 παιδιά θετικά στον στρεπτόκοκκο Α

Τα τρία είναι από το περιβάλλον του 7χρονου που έχασε τη ζωή του

https://t.co/roLyM9nbsB https://t.co/A0EmjBqlXe",παιδια θετικα στον στρεπτοκοκκο α τα τρια ειναι απο το περιβαλλον του χρονου που εχασε τη ζωη του,0
Στρεπτόκοκκος ομάδας Α – Νάουσα: Θετικά έξι παιδιά από το περιβάλλον του 7χρονου https://t.co/O7wXFPMmTU,στρεπτοκοκκοσ ομαδασ α ναουσα θετικα εξι παιδια απο το περιβαλλον του χρονου,0
#στρεπτοκοκκος : Θετικά 6 παιδιά από το περιβάλλον του 7χρονου στη Νάουσα https://t.co/5101xK6fuo,στρεπτοκοκκοσ θετικα παιδια απο το περιβαλλον του χρονου στη ναουσα,0
Με στρεπτόκοκκο έξι παιδιά από το περιβάλλον του 8χρονου – Οδηγίες του ΕΟΔΥ στα νοσοκομεία #ΕΠΙΚΑΙΡΟΤΗΤΑ #ΕΟΔΥ #ΝΑΟΥΣΑ #ΣΤΡΕΠΤΟΚΟΚΚΟΣ By https://t.co/p9zfHynwcm https://t.co/8TwDPib1FA https://t.co/PRdOg7NJKO,με στρεπτοκοκκο εξι παιδια απο το περιβαλλον του χρονου οδηγιεσ του εοδυ στα νοσοκομεια επικαιροτητα εοδυ ναουσα στρεπτοκοκκος by,0
Η κτηνοτροφία διατηρεί την ισορροπία στο περιβάλλον https://t.co/BEzhVDxz4g,η κτηνοτροφια διατηρει την ισορροπια στο περιβαλλον,0
Η κτηνοτροφία διατηρεί την ισορροπία στο περιβάλλον - NemeaPress https://t.co/wwFh0Gshwy,η κτηνοτροφια διατηρει την ισορροπια στο περιβαλλον nemeapress,0
"Δράσεις για ένα πιο βιώσιμο μέλλον: Διεθνές Διαδικτυακό Συνέδριο για την εξάλειψη του υδραργύρου σε αστικά περιβάλλοντα
https://t.co/yv1b6ZRlXh",δρασεισ για ενα πιο βιωσιμο μελλον διεθνεσ διαδικτυακο συνεδριο για την εξαλειψη του υδραργυρου σε αστικα περιβαλλοντα,0
"Οσα είδαμε στην Αστυπάλαια για τη μετατροπή της σε «έξυπνο και βιώσιμο νησί»
https://t.co/ALk9MQca6T",οσα ειδαμε στην αστυπαλαια για τη μετατροπη τησ σε εξυπνο και βιωσιμο νησι,0
Η κτηνοτροφία διατηρεί την ισορροπία στο περιβάλλον https://t.co/CASeMGEt1z,η κτηνοτροφια διατηρει την ισορροπια στο περιβαλλον,0
"#forests #climatecrisis 
Τα δάση είναι το φυσικό όπλο απέναντι στην κλιματική κρίση είπε ο Υπ. Γεωργίας 
@CyMOApress 
https://t.co/bdqrT0kWUj",forests climatecrisis τα δαση ειναι το φυσικο οπλο απεναντι στην κλιματικη κριση ειπε ο υπ γεωργιασ cymoapress,0
«Ο ΣΥΡΙΖΑ επαναφέρει το θέμα όταν ζορίζεται» – Τι απαντούν από το περιβάλλον Σαμαρά για την «τουρκική» μειονότητα https://t.co/3Z1izSSzJp,ο συριζα επαναφερει το θεμα οταν ζοριζεται τι απαντουν απο το περιβαλλον σαμαρα για την τουρκικη μειονοτητα,0
Δήμος Παιανίας: Η νέα γενιά αναλαμβάνει δράση υπέρ του περιβάλλοντος #ΑΥΤΟΔΙΟΙΚΗΣΗ #ΔΗΜΟΣΠΑΙΑΝΙΑΣ #ΠΑΙΔΙΑ #ΠΕΡΙΒΑΛΛΟΝ By https://t.co/p9zfHynwcm https://t.co/MeedzF2PFz https://t.co/YDLt0hLMUG,δημοσ παιανιασ η νεα γενια αναλαμβανει δραση υπερ του περιβαλλοντοσ αυτοδιοικηση δημοσπαιανιας παιδια περιβαλλον by,0
"Κυκλική οικονομία: Οι νέοι κανόνες για πιο ανθεκτικές, ενεργειακά αποδοτικές και εύκολα επισκευάσιμες κινητές συσκευές #businessnewsgr https://t.co/ZVh4NkdH13",κυκλικη οικονομια οι νεοι κανονεσ για πιο ανθεκτικεσ ενεργειακα αποδοτικεσ και ευκολα επισκευασιμεσ κινητεσ συσκευεσ businessnewsgr,0
"Σε μια δύσκολη εποχή, που τα μικρά παιδιά δέχονται πολυάριθμες απειλές από το εξω-οικογενειακό, αλλά και το ενδο-οικογενειακό περιβάλλον τους, το ""Δημοτικό Βρεφοκομείο Αθηνών"", το οποίο αποτελεί το δίκτυο των Βρεφονηπιακών σταθμών του Δήμου της

https://t.co/yosRzvfR8z",σε μια δυσκολη εποχη που τα μικρα παιδια δεχονται πολυαριθμεσ απειλεσ απο το εξωοικογενειακο αλλα και το ενδοοικογενειακο περιβαλλον τουσ το δημοτικο βρεφοκομειο αθηνων το οποιο αποτελει το δικτυο των βρεφονηπιακων σταθμων του δημου τησ,0
"Σταϊκούρας: Τι λέει για επενδυτική βαθμίδα, φοροδιαφυγή και επιχειρηματικό περιβάλλον στην Ελλάδα #businessnewsgr https://t.co/2vGQZe6uSH",σταϊκουρασ τι λεει για επενδυτικη βαθμιδα φοροδιαφυγη και επιχειρηματικο περιβαλλον στην ελλαδα businessnewsgr,0
"RT @kmitsotakis: Προτεραιότητά μας είναι η ανάπτυξη, με διαφορετικά όμως χαρακτηριστικά από το παρελθόν. Ανάπτυξη που να στηρίζεται σε επεν…",rt kmitsotakis προτεραιοτητα μασ ειναι η αναπτυξη με διαφορετικα ομωσ χαρακτηριστικα απο το παρελθον αναπτυξη που να στηριζεται σε επεν,0
RT @GiannisEutux: Στη φωτογραφία βλέπουμε κάτι δίποδους  άχρηστους σαπιοκοιλάδες που το μόνο που προσφέρουν είναι να επιβαρύνουν το περιβάλ…,rt gianniseutux στη φωτογραφια βλεπουμε κατι διποδουσ αχρηστουσ σαπιοκοιλαδεσ που το μονο που προσφερουν ειναι να επιβαρυνουν το περιβαλ,0
"Η ανάλυση δεδομένων μεγάλης κλίμακας, η κλιματική αλλαγή και οι τεχνολογίες περιβαλλοντικής διαχείρισης, αλλά και η κρυπτογράφηση, η ασφάλεια στον κυβερνοχώρο, αναμένεται να είναι οι μεγαλύτεροι μοχλοί ανάπτυξης θέσεων εργασίας.

https://t.co/7O8DMlg6BI",η αναλυση δεδομενων μεγαλησ κλιμακασ η κλιματικη αλλαγη και οι τεχνολογιεσ περιβαλλοντικησ διαχειρισησ αλλα και η κρυπτογραφηση η ασφαλεια στον κυβερνοχωρο αναμενεται να ειναι οι μεγαλυτεροι μοχλοι αναπτυξησ θεσεων εργασιασ,0
Ορεστιάδα: 19χρονος κατήγγειλε βιασμό από στρατιωτικό. Ο νεαρός εκμυστηρεύτηκε το περιστατικό στο οικογενειακό του περιβάλλον και στη συνέχεια προχώρησε σε καταγγελία.Περισσότερα... https://t.co/c02DtKzMvW https://t.co/I2xuk1m44S,ορεστιαδα χρονοσ κατηγγειλε βιασμο απο στρατιωτικο ο νεαροσ εκμυστηρευτηκε το περιστατικο στο οικογενειακο του περιβαλλον και στη συνεχεια προχωρησε σε καταγγελιαπερισσοτερα,0
"https://t.co/V9wjyDAowA
#αγρινιο #σχολεια #περιβαλλον #εργα #environment",αγρινιο σχολεια περιβαλλον εργα environment,0
"RT @poirazis: Τα παιδιά επιβαρύνουν την κλιματική αλλαγή.
Απαιτούν το ""δικαίωμα"" στην ανεξέλεγκτη έκτρωση.
Αντιλαμβάνεστε τι αφήγημα και σκ…",rt poirazis τα παιδια επιβαρυνουν την κλιματικη αλλαγη απαιτουν το δικαιωμα στην ανεξελεγκτη εκτρωση αντιλαμβανεστε τι αφηγημα και σκ,0
RT @sofokleous10: Η οικονομία της Ευρωζώνης αντιμετωπίζει προκλήσεις λόγω των υψηλών τιμών και του ενεργειακού σοκ που προκαλεί η “πράσινη…,rt sofokleous η οικονομια τησ ευρωζωνησ αντιμετωπιζει προκλησεισ λογω των υψηλων τιμων και του ενεργειακου σοκ που προκαλει η πρασινη,0
"Υπεγράφη η σύμβαση για την κατασκευή του έργου «Κατασκευή Πράσινου Σημείου ΔήμουΗγουμενίτσας», προϋπολογισμού 719.160,00 συμπεριλαμβανομένου Φ.Π.Α. 24%.Το έργο χρηματοδοτείται από το Επιχειρησιακό Πρόγραμμα «Υποδομές Μεταφορών, Περιβάλλον καιΑειφόρος

https://t.co/pEsgyLhTq8 https://t.co/9TjN6QOFYo",υπεγραφη η συμβαση για την κατασκευη του εργου κατασκευη πρασινου σημειου δημουηγουμενιτσασ προϋπολογισμου συμπεριλαμβανομενου φπα το εργο χρηματοδοτειται απο το επιχειρησιακο προγραμμα υποδομεσ μεταφορων περιβαλλον καιαειφοροσ,0
"Το Τμήμα Αθλητισμού και Πολιτισμού του Π.Α.Κ.Π.ΠΟ. του Δήμου Ηγουμενίτσας σε συνεργασία με τη δομή φιλοξενίας ασυνόδευτων ανηλίκων προσφύγων του «Διεθνούς Κέντρου για τη Βιώσιμη Ανάπτυξη (ICSD)» – Α.Μ.Κ.Ε.

https://t.co/ZqBcqAdlLW https://t.co/2nGAcv7OdF",το τμημα αθλητισμου και πολιτισμου του πακππο του δημου ηγουμενιτσασ σε συνεργασια με τη δομη φιλοξενιασ ασυνοδευτων ανηλικων προσφυγων του διεθνουσ κεντρου για τη βιωσιμη αναπτυξη icsd αμκε,0
Η ΑΒ Βασιλόπουλος επιβραβεύεται πολλαπλώς για την καινοτομία της και τον σεβασμό προς το περιβάλλον https://t.co/WSGPVNTpS9,η αβ βασιλοπουλοσ επιβραβευεται πολλαπλωσ για την καινοτομια τησ και τον σεβασμο προσ το περιβαλλον,0
"Καλπάζει η Ελλάδα στις ανανεώσιμες πηγές ενέργειας. Η Ελλάδα βρέθηκε, για πρώτη φορά, στην πρώτη θέση του προσαρμοσμένου δείκτη της EY για τις ανανεώσιμες πηγές ενέργειας (ΑΠΕ), που εξετάζει τις…Περισσότερα... https://t.co/AmaviftYQn",καλπαζει η ελλαδα στισ ανανεωσιμεσ πηγεσ ενεργειασ η ελλαδα βρεθηκε για πρωτη φορα στην πρωτη θεση του προσαρμοσμενου δεικτη τησ ey για τισ ανανεωσιμεσ πηγεσ ενεργειασ απε που εξεταζει τισπερισσοτερα,0
Στα 403 δισ. ευρώ το ελληνικό δημόσιο χρέος-Πως είναι βιώσιμο;https://t.co/6au7EYewer,στα δισ ευρω το ελληνικο δημοσιο χρεοσπωσ ειναι βιωσιμο,0
"Πώς η πλατεία «Σοφία Βέμπο» στους Αμπελόκηπους μετατράπηκε σε έναν βιώσιμο αστικό χώρο. Η Ολυμπιακή Ζυθοποιία και η ΦΙΞ Ελλάς, σε συνεργασία με το Δήμο Αθηναίων, έκαναν «πράσινη» μία ακόμη γειτονιά της πόληςΠερισσότερα... https://t.co/cMSN72J3U3 https://t.co/mhgoICGzO9",πωσ η πλατεια σοφια βεμπο στουσ αμπελοκηπουσ μετατραπηκε σε εναν βιωσιμο αστικο χωρο η ολυμπιακη ζυθοποιια και η φιξ ελλασ σε συνεργασια με το δημο αθηναιων εκαναν πρασινη μια ακομη γειτονια τησ πολησπερισσοτερα,0
"#ECONOMIST Gala Dinner - Κρις #Μπάρτον: Η ενίσχυση των σχέσεων #Βρετανίας και #Ελλάδας στο εμπόριο και τις επενδύσεις είναι πιο σημαντική τώρα που κάνουμε τη μετάβαση των οικονομιών μας για ένα βιώσιμο μέλλον

https://t.co/0lsBGun6aR https://t.co/7KvT571WHL",economist gala dinner κρισ μπαρτον η ενισχυση των σχεσεων βρετανιασ και ελλαδασ στο εμποριο και τισ επενδυσεισ ειναι πιο σημαντικη τωρα που κανουμε τη μεταβαση των οικονομιων μασ για ενα βιωσιμο μελλον,0
Γερογιάννης (Aegean): Οι βασικές προϋποθέσεις για βιώσιμη τουριστική ανάπτυξη https://t.co/MD44AkTPeR via @bankingnewsgr,γερογιαννησ aegean οι βασικεσ προϋποθεσεισ για βιωσιμη τουριστικη αναπτυξη via bankingnewsgr,0
"Νίκος Παπανδρέου: «Πρέπει να αναλάβουμε δράση για να διασφαλίσουμε καθαρές θάλασσες, ωκεανούς και ένα βιώσιμο περιβάλλον» https://t.co/xNt3cUHeaY",νικοσ παπανδρεου πρεπει να αναλαβουμε δραση για να διασφαλισουμε καθαρεσ θαλασσεσ ωκεανουσ και ενα βιωσιμο περιβαλλον,0
Γερογιάννης (Aegean): Τρεις προϋποθέσεις για βιώσιμη τουριστική ανάπτυξη #businessnewsgr https://t.co/cKxSMaq2tJ,γερογιαννησ aegean τρεισ προϋποθεσεισ για βιωσιμη τουριστικη αναπτυξη businessnewsgr,0
Δ. Γερογιάννης (Aegean): Οι αναγκαίες προϋποθέσεις για τη βιώσιμη ανάπτυξη του...  #moneypress https://t.co/N7I9AsS9C8,δ γερογιαννησ aegean οι αναγκαιεσ προϋποθεσεισ για τη βιωσιμη αναπτυξη του moneypress,0
RT @sofokleous10: Πώς θα εξασφαλίσουμε τη βιώσιμη μετάβαση στην οικονομία της επόμενης γενιάς; https://t.co/iGqaPtLt1Y,rt sofokleous πωσ θα εξασφαλισουμε τη βιωσιμη μεταβαση στην οικονομια τησ επομενησ γενιασ,0
Συνέδριο Fit 4 Future Finance: Πώς θα εξασφαλίσουμε τη βιώσιμη μετάβαση στην οικονομία της επόμενης γενιάς https://t.co/QHvk2wXrPZ,συνεδριο fit future finance πωσ θα εξασφαλισουμε τη βιωσιμη μεταβαση στην οικονομια τησ επομενησ γενιασ,0
"@MichaelidouAth: To @cymoec, στη βάση και του Προγράμματος Διακυβέρνησης του Προέδρου της Δημοκρατίας, προχωρεί με άμεσες και αποφασιστικές δράσεις, ώστε να ενισχύσει το σχολικό - μαθησιακό περιβάλλον με νέες τεχνολογίες.

👉 https://t.co/r8zpghE4kT https://t.co/4iUxQ7YXqE",michaelidouath to cymoec στη βαση και του προγραμματοσ διακυβερνησησ του προεδρου τησ δημοκρατιασ προχωρει με αμεσεσ και αποφασιστικεσ δρασεισ ωστε να ενισχυσει το σχολικο μαθησιακο περιβαλλον με νεεσ τεχνολογιεσ,0
Η Lidl Ελλάς επενδύει στην πράσινη ενέργεια. Επεκτείνει την τοποθέτηση φωτοβολταϊκών συστημάτων και σταθμών ηλεκτρικής φόρτισης στις εγκαταστάσεις της.Περισσότερα... https://t.co/UiFzGgIoDT https://t.co/UQAUyf9Az1,η lidl ελλασ επενδυει στην πρασινη ενεργεια επεκτεινει την τοποθετηση φωτοβολταϊκων συστηματων και σταθμων ηλεκτρικησ φορτισησ στισ εγκαταστασεισ τησπερισσοτερα,0
Lidl Ελλάς: Επενδύει στην πράσινη ενέργεια #businessnewsgr https://t.co/AbtNfSsdrz,lidl ελλασ επενδυει στην πρασινη ενεργεια businessnewsgr,0
Η κτηνοτροφία ισορροπεί το περιβάλλον https://t.co/8g8VNroSQc,η κτηνοτροφια ισορροπει το περιβαλλον,0
"Ενισχυόμενα οικολογικά προγράμματα για φυτοκάλυψη, κυκλική οικονομία, αναβαθμίδες και μνημειακούς ελαιώνες https://t.co/5imJkVyH6q",ενισχυομενα οικολογικα προγραμματα για φυτοκαλυψη κυκλικη οικονομια αναβαθμιδεσ και μνημειακουσ ελαιωνεσ,0
"Σ’ ένα περιβάλλον το οποίο αλλάζει συνεχώς, με τους κινδύνους να πολλαπλασιάζονται γεωμετρικά και να εκτείνονται πέρα απ’ ότι μπορεί να φανταστεί κανείς, το να κρατήσεις ασφαλή την επιχείρησή σου καθίσταται όλο και πιο δύσκολο.

https://t.co/RikM9APniC https://t.co/TIbLLzALSo",σ ενα περιβαλλον το οποιο αλλαζει συνεχωσ με τουσ κινδυνουσ να πολλαπλασιαζονται γεωμετρικα και να εκτεινονται περα απ οτι μπορει να φανταστει κανεισ το να κρατησεισ ασφαλη την επιχειρηση σου καθισταται ολο και πιο δυσκολο,0
AEGEAN: Στο επίκεντρο η βιώσιμη ανάπτυξη του τουρισμού και των αερομεταφορών https://t.co/JHRGPAQx3Q,aegean στο επικεντρο η βιωσιμη αναπτυξη του τουρισμου και των αερομεταφορων,0
"Κώστας Σκρέκας: ""Στόχος το 2030, το 80% της ενέργειας της Ελλάδας να προέρχεται από ΑΠΕ”-Ανάγκη συνεργασίας ανάμεσα στις χώρες της Μεσογείου και σταθερό περιβάλλον για επενδύσεις που αφορούν την ενέργεια https://t.co/1Al09Y5jkS https://t.co/CjgQnPp0by",κωστασ σκρεκασ στοχοσ το το τησ ενεργειασ τησ ελλαδασ να προερχεται απο απεαναγκη συνεργασιασ αναμεσα στισ χωρεσ τησ μεσογειου και σταθερο περιβαλλον για επενδυσεισ που αφορουν την ενεργεια,0
Η Lidl Ελλάς επενδύει στην πράσινη ενέργεια https://t.co/ksZnPs68SU,η lidl ελλασ επενδυει στην πρασινη ενεργεια,0
Η Coca-Cola στην Ελλάδα ενισχύει τη συμβολή της στη βιώσιμη ανάπτυξη της Κρήτης με το νέο πρόγραμμα προστασίας υδατικών πόρων «Zero Drop» https://t.co/pGeMcZbdTx,η cocacola στην ελλαδα ενισχυει τη συμβολη τησ στη βιωσιμη αναπτυξη τησ κρητησ με το νεο προγραμμα προστασιασ υδατικων πορων zero drop,0
Η συμβολή της κτηνοτροφίας στην ισορροπία-αειφορία του περιβάλλοντος - NemeaPress https://t.co/gKgXfFFqSH,η συμβολη τησ κτηνοτροφιασ στην ισορροπιααειφορια του περιβαλλοντοσ nemeapress,0
"Ελληνογερμανικό Επιμελητήριο: 1ο Forum για την Κυκλική Οικονομία, Forward Green Expo https://t.co/B5ZvRFUtVE",ελληνογερμανικο επιμελητηριο ο forum για την κυκλικη οικονομια forward green expo,0
Η κτηνοτροφία ισορροπεί το περιβάλλον https://t.co/Q5nntTWTVR,η κτηνοτροφια ισορροπει το περιβαλλον,0
"Μάθετε πώς ο GS1 ενισχύει τη   διαφάνεια, τη βιωσιμότητα και την κυκλική οικονομία σε όλη την αλυσίδα εφοδιασμού. https://t.co/9Js5BLGZXZ 

#GS1Barcode50 #SupplyChain https://t.co/K9pGjlJHWZ",μαθετε πωσ ο gs ενισχυει τη διαφανεια τη βιωσιμοτητα και την κυκλικη οικονομια σε ολη την αλυσιδα εφοδιασμου gsbarcode supplychain,0
RT @KYTKYTKYTKYTKYT: Ο Ντελή Γιουσούφ ανήκει στο στενό περιβάλλον της οικογένειας Μητσοτάκη (ιδιαίτερα της Ντόρας) και στην εκλογική αναμέτ…,rt kytkytkytkytkyt ο ντελη γιουσουφ ανηκει στο στενο περιβαλλον τησ οικογενειασ μητσοτακη ιδιαιτερα τησ ντορασ και στην εκλογικη αναμετ,0
RT @sofokleous10: ΣΕΒ: Οι προκλήσεις για τη βιώσιμη ανάπτυξη στο επίκεντρο της Γ.Σ. – Οι προτάσεις  https://t.co/qfXRbtwkVW,rt sofokleous σεβ οι προκλησεισ για τη βιωσιμη αναπτυξη στο επικεντρο τησ γς οι προτασεισ,0
"Κατερίνη: Λειτουργικές &amp; προσαρμοσμένες στο περιβάλλον, 27 στάσεις λεωφορείων https://t.co/GJR4KanQei #Κατερινη",κατερινη λειτουργικεσ amp προσαρμοσμενεσ στο περιβαλλον στασεισ λεωφορειων κατερινη,0
"Δυσθρεψία: Τι είναι και πώς θα καταλάβουμε ότι ένας δικός μας άνθρωπος χρειάζεται βοήθεια. Αν στο κοντινό μας περιβάλλον έχουμε άτομα τρίτης ηλικίας, γνωρίζουμε καλά ότι όσο τα χρόνια περνούν, οφείλουμε να παρατηρούμε τα…Περισσότερα... https://t.co/PpioAzCO2W https://t.co/tnJMyh0390",δυσθρεψια τι ειναι και πωσ θα καταλαβουμε οτι ενασ δικοσ μασ ανθρωποσ χρειαζεται βοηθεια αν στο κοντινο μασ περιβαλλον εχουμε ατομα τριτησ ηλικιασ γνωριζουμε καλα οτι οσο τα χρονια περνουν οφειλουμε να παρατηρουμε ταπερισσοτερα,0
"Πατριάρχης Βαρθολομαίος: Η Ορθοδοξία ήταν ανέκαθεν η «πράσινη εκκλησία». «Η οδός προς ένα βιώσιμο μέλλον είναι η αειφόρος ανάπτυξη» υπογράμμισε ο Οικουμενικός Πατριάρχης Βαρθολομαίος, απόψε, στην φετινή τελετή αποφοίτησης,…Περισσότερα... https://t.co/oKVSIEFDr8 https://t.co/1IxhXb3rNh",πατριαρχησ βαρθολομαιοσ η ορθοδοξια ηταν ανεκαθεν η πρασινη εκκλησια η οδοσ προσ ενα βιωσιμο μελλον ειναι η αειφοροσ αναπτυξη υπογραμμισε ο οικουμενικοσ πατριαρχησ βαρθολομαιοσ αποψε στην φετινη τελετη αποφοιτησησπερισσοτερα,0
RT @ilianewskoukos: Θ. Βασιλόπουλος: Διαμορφώνουμε φάκελο για την Ε.Ε. – Καταγράφονται απώλειες στην αγροτική παραγωγή από την κλιματική αλ…,rt ilianewskoukos θ βασιλοπουλοσ διαμορφωνουμε φακελο για την εε καταγραφονται απωλειεσ στην αγροτικη παραγωγη απο την κλιματικη αλ,0
"Συνεργασία ΕΟΔΥ και ""Safe Water Sports"" για την ασφάλεια των πολιτών στο υδάτινο περιβάλλον #ΕΟΔΥ #SAFE_WATER_SPORTS #ΑΣΦΑΛΕΙΑ https://t.co/0FuEDqW5pW",συνεργασια εοδυ και safe water sports για την ασφαλεια των πολιτων στο υδατινο περιβαλλον εοδυ safe_water_sports ασφαλεια,0
"ΣΤΟΧΟΙ ΒΙΩΣΙΜΗΣ ΑΝΑΠΤΥΞΗΣ ΓΙΑ ΕΝΑ ΒΙΩΣΙΜΟ ΜΕΛΛΟΝ ΤΗΣ ΠΕΡΙΦΕΡΕΙΑΣ  
https://t.co/rUIzGjDSlF https://t.co/UF8UrhO8fD",στοχοι βιωσιμης αναπτυξης για ενα βιωσιμο μελλον της περιφερειας,0
Ν. Παναγιωτόπουλος: Το σύνθετο περιβάλλον ασφαλείας απαιτεί αποφάσεις και κυρίως πράξεις https://t.co/liCuk7lzY1,ν παναγιωτοπουλοσ το συνθετο περιβαλλον ασφαλειασ απαιτει αποφασεισ και κυριωσ πραξεισ,0
Attica Bank: Στόχος η λειτουργική κερδοφορία με περιβαλλοντικά βιώσιμη και κοινωνικά υπεύθυνη ανάπτυξη https://t.co/Zg9TldrpkC,attica bank στοχοσ η λειτουργικη κερδοφορια με περιβαλλοντικα βιωσιμη και κοινωνικα υπευθυνη αναπτυξη,0
"Ισίδωρος Ντογιάκος: Αναλαμβάνω μέσα σε ένα δύσκολο, από κάθε πλευρά περιβάλλον https://t.co/1l62lX0RPR",ισιδωροσ ντογιακοσ αναλαμβανω μεσα σε ενα δυσκολο απο καθε πλευρα περιβαλλον,0
ΕΥ: Μονόδρομος ο ψηφιακός μετασχηματισμός των επιχειρήσεων στο νέο αβέβαιο περιβάλλον https://t.co/bvF4XrmF7s,ευ μονοδρομοσ ο ψηφιακοσ μετασχηματισμοσ των επιχειρησεων στο νεο αβεβαιο περιβαλλον,0
"Ισίδωρος Ντογιάκος: Αναλαμβάνω μέσα σε ένα δύσκολο, από κάθε πλευρά περιβάλλον https://t.co/u82qjPkmef",ισιδωροσ ντογιακοσ αναλαμβανω μεσα σε ενα δυσκολο απο καθε πλευρα περιβαλλον,0
"Το Public Group αναλαμβάνει δράση για έναν βιώσιμο πλανήτη με το πρόγραμμα ""Love Earth"" https://t.co/MU5PnIxpZt",το public group αναλαμβανει δραση για εναν βιωσιμο πλανητη με το προγραμμα love earth,0
"Χ. Σαχίνης: Επενδύσεις 1,6 δισ. από την ΕΥΔΑΠ σε έργα για το περιβάλλον και την κοινωνία https://t.co/5km3XpR2Kq",χ σαχινησ επενδυσεισ δισ απο την ευδαπ σε εργα για το περιβαλλον και την κοινωνια,0
"Χάρης Σαχίνης στο Economist: Επενδύσεις 1,6 δισ. από την ΕΥΔΑΠ σε έργα για το περιβάλλον και την κοινωνία https://t.co/rA7J1anJMx",χαρησ σαχινησ στο economist επενδυσεισ δισ απο την ευδαπ σε εργα για το περιβαλλον και την κοινωνια,0
"Σαχίνης (ΕΥΔΑΠ): Επενδύσεις €1,6 δισ. για το περιβάλλον και την κοινωνία https://t.co/onbCfzh7QO",σαχινησ ευδαπ επενδυσεισ δισ για το περιβαλλον και την κοινωνια,0
"Το Public Group αναλαμβάνει δράση για έναν βιώσιμο πλανήτη με το πρόγραμμα ""Love Earth"" https://t.co/OFAlaXk3gK",το public group αναλαμβανει δραση για εναν βιωσιμο πλανητη με το προγραμμα love earth,0
"Χάρης Σαχίνης στο Economist: Επενδύσεις 1,6 δισ. από την ΕΥΔΑΠ σε έργα για το περιβάλλον και την κοινωνία https://t.co/T9HeJv3RqY",χαρησ σαχινησ στο economist επενδυσεισ δισ απο την ευδαπ σε εργα για το περιβαλλον και την κοινωνια,0
Η «βιώσιμη» ατζέντα του σύγχρονου ελληνικού «πολιτισμού»: Από το «θαύμα της Θεσσαλονίκης» στην ετεροπροσδιοριζόμενη αυτοαναφορικότητά https://t.co/cZaCDcVtzY,η βιωσιμη ατζεντα του συγχρονου ελληνικου πολιτισμου απο το θαυμα τησ θεσσαλονικησ στην ετεροπροσδιοριζομενη αυτοαναφορικοτητα,0
Η «βιώσιμη» ατζέντα του σύγχρονου ελληνικού «πολιτισμού»: Από το «θαύμα της Θεσσαλονίκης» στην ετεροπροσδιοριζόμενη αυτοαναφορικότητά https://t.co/sGLMQuXWUK,η βιωσιμη ατζεντα του συγχρονου ελληνικου πολιτισμου απο το θαυμα τησ θεσσαλονικησ στην ετεροπροσδιοριζομενη αυτοαναφορικοτητα,0
Παιδιατρική Κλινική ΜΗΤΕΡΑ: Ένα μοναδικό περιβάλλον για τους μικρούς ασθενείς https://t.co/kcDsfMKoFG,παιδιατρικη κλινικη μητερα ενα μοναδικο περιβαλλον για τουσ μικρουσ ασθενεισ,0
Google: Προς αναζήτηση ιδεών για την προώθηση δράσεων ενάντια στην κλιματική αλλαγή https://t.co/xIRtHL09DV,google προσ αναζητηση ιδεων για την προωθηση δρασεων εναντια στην κλιματικη αλλαγη,0
Google: Προς αναζήτηση ιδεών για την προώθηση δράσεων ενάντια στην κλιματική αλλαγή https://t.co/q1J5nckz4B,google προσ αναζητηση ιδεων για την προωθηση δρασεων εναντια στην κλιματικη αλλαγη,0
Ίδρυμα Αντενάουερ: H Aστυπάλαια σημαντικό παράδειγμα των προσπαθειών της ελληνικής κυβέρνησης για καινοτομία και πράσινη ενέργεια https://t.co/XRfWbJYcXZ,ιδρυμα αντεναουερ h aστυπαλαια σημαντικο παραδειγμα των προσπαθειων τησ ελληνικησ κυβερνησησ για καινοτομια και πρασινη ενεργεια,0
Η JTI στο Sustainability Forum της Global Sustain: Άμεση η σύνδεση της επιχειρηματικότητας με την κοινωνία και το περιβάλλον https://t.co/WLAGGdfeF6,η jti στο sustainability forum τησ global sustain αμεση η συνδεση τησ επιχειρηματικοτητασ με την κοινωνια και το περιβαλλον,0
"""Βιώσιμη λύση"" η ολοκληρωτική διχοτόμηση της Κύπρου για τον Ερντογάν: Το προκλητικό μήνυμα προς Τατάρ https://t.co/tFTb3PXaDN",βιωσιμη λυση η ολοκληρωτικη διχοτομηση τησ κυπρου για τον ερντογαν το προκλητικο μηνυμα προσ ταταρ,0
'Βιώσιμη λύση' η ολοκληρωτική διχοτόμηση της Κύπρου για τον Ερντογάν: Το προκλητικό μήνυμα προς Τατάρ https://t.co/Q2HwbFLsdV,βιωσιμη λυση η ολοκληρωτικη διχοτομηση τησ κυπρου για τον ερντογαν το προκλητικο μηνυμα προσ ταταρ,0
RT @5OUMC4yZw0jVqOA: @CyMeteorology Οι περίοδος αυτή είναι σχετικά θερμή τόσο τη ημέρα όσο και το βράδυ προσοχή στις ευάλωτες ομάδες του κο…,rt oumcyzwjvqoa cymeteorology οι περιοδοσ αυτη ειναι σχετικα θερμη τοσο τη ημερα οσο και το βραδυ προσοχη στισ ευαλωτεσ ομαδεσ του κο,0
"EY: Οι Έλληνες καταναλωτές ανήσυχοι και με νέες αγοραστικές συνήθειες, σε ένα διαρκώς πιο αβέβαιο περιβάλλον https://t.co/rJsia3DnNj",ey οι ελληνεσ καταναλωτεσ ανησυχοι και με νεεσ αγοραστικεσ συνηθειεσ σε ενα διαρκωσ πιο αβεβαιο περιβαλλον,0
Νομοσχέδιο για το περιβάλλον: «Μετάβαση στη πράσινη οικονομία» λέει η κυβέρνηση- Καταψηφίζει η αντιπολίτευση https://t.co/m2DtNnT01r,νομοσχεδιο για το περιβαλλον μεταβαση στη πρασινη οικονομια λεει η κυβερνηση καταψηφιζει η αντιπολιτευση,0
Συνεχίζονται τα μεγάλα deals στην πράσινη ενέργεια https://t.co/NGnPtCU75b,συνεχιζονται τα μεγαλα deals στην πρασινη ενεργεια,0
Νομοσχέδιο για το περιβάλλον: «Μετάβαση στη πράσινη οικονομία» λέει η κυβέρνηση- Καταψηφίζει η αντιπολίτευση https://t.co/YSRXBpzFad,νομοσχεδιο για το περιβαλλον μεταβαση στη πρασινη οικονομια λεει η κυβερνηση καταψηφιζει η αντιπολιτευση,0
RT @bkex: Παγκόσμιο πρόβλημα που χρήζει παγκοσμιας απάντησης περιγράφεται από τον εκπρόσωπο της κυβέρνησης το ζήτημα με τις παρακολουθήσεις…,rt bkex παγκοσμιο προβλημα που χρηζει παγκοσμιασ απαντησησ περιγραφεται απο τον εκπροσωπο τησ κυβερνησησ το ζητημα με τισ παρακολουθησεισ,0
Ευτυχίδου: Η πρώτη Εθνική Στρατηγική Βιομηχανίας για τη βιώσιμη οικονομική ανάπτυξη https://t.co/HPi92AVOv5,ευτυχιδου η πρωτη εθνικη στρατηγικη βιομηχανιασ για τη βιωσιμη οικονομικη αναπτυξη,0
Η Nissan εγκαινιάζει βιώσιμο χρηματοδοτικό πλαίσιο για τη χρηματοδότηση ηλεκτρικών οχημάτων https://t.co/NRlaa4nXIl,η nissan εγκαινιαζει βιωσιμο χρηματοδοτικο πλαισιο για τη χρηματοδοτηση ηλεκτρικων οχηματων,0
86η ΔΕΘ: Η κυκλική οικονομία στο επίκεντρο του ειδικού αφιερώματος https://t.co/LMEGjzF2Fj,η δεθ η κυκλικη οικονομια στο επικεντρο του ειδικου αφιερωματοσ,0
"@Satanna33 Σεβασμό στον κάθε Λάμπρο αλλά να αφήνουμε και κάτι στα παιδιά εκτός από τα σκουπίδια μας και τις γόπες που πρέπει να καθαρίσουν μετά. Επίσης, εκτός Λάμπρου σεβασμό στον δίπλα μας και στο περιβάλλον.",satanna σεβασμο στον καθε λαμπρο αλλα να αφηνουμε και κατι στα παιδια εκτοσ απο τα σκουπιδια μασ και τισ γοπεσ που πρεπει να καθαρισουν μετα επισησ εκτοσ λαμπρου σεβασμο στον διπλα μασ και στο περιβαλλον,0
Ελληνικές Αλυκές: Παραγωγική διαδικασία με έμφαση στην κυκλική οικονομία https://t.co/qkQH3Xf5WQ,ελληνικεσ αλυκεσ παραγωγικη διαδικασια με εμφαση στην κυκλικη οικονομια,0
"Η κλιματική αλλαγή υπεύθυνη για την κατάρρευση προηγμένων πολιτισμών, λέει Γερμανός καθηγητής γεωοικολογίας https://t.co/3RHBOzH8Uf",η κλιματικη αλλαγη υπευθυνη για την καταρρευση προηγμενων πολιτισμων λεει γερμανοσ καθηγητησ γεωοικολογιασ,0
Εξέλιξη σοκ στην υπόθεση revenge porn στη Βόρεια Ελλάδα: Ο ρόλος γυναίκας από το περιβάλλον του δράστη https://t.co/yyeJ9fBih3,εξελιξη σοκ στην υποθεση revenge porn στη βορεια ελλαδα ο ρολοσ γυναικασ απο το περιβαλλον του δραστη,0
Εξέλιξη σοκ στην υπόθεση revenge porn στη Βόρεια Ελλάδα: Ο ρόλος γυναίκας από το περιβάλλον του δράστη https://t.co/goEMyCp9ZM,εξελιξη σοκ στην υποθεση revenge porn στη βορεια ελλαδα ο ρολοσ γυναικασ απο το περιβαλλον του δραστη,0
"RT @VMdesignblogg: Μια μπουλντόζα θάβει λεπίδες ανεμογεννητριών, καθώς όταν φθείρονται δεν υπάρχει τρόπος ανακύκλωσης. Πράσινη ενέργεια και…",rt vmdesignblogg μια μπουλντοζα θαβει λεπιδεσ ανεμογεννητριων καθωσ οταν φθειρονται δεν υπαρχει τροποσ ανακυκλωσησ πρασινη ενεργεια και,0
"RT @VMdesignblogg: Μια μπουλντόζα θάβει λεπίδες ανεμογεννητριών, καθώς όταν φθείρονται δεν υπάρχει τρόπος ανακύκλωσης. Πράσινη ενέργεια και…",rt vmdesignblogg μια μπουλντοζα θαβει λεπιδεσ ανεμογεννητριων καθωσ οταν φθειρονται δεν υπαρχει τροποσ ανακυκλωσησ πρασινη ενεργεια και,0
5th Athens Investment Forum: Βιώσιμη ανάπτυξη και ψηφιακός μετασχηματισμός https://t.co/6PIHflumyN,th athens investment forum βιωσιμη αναπτυξη και ψηφιακοσ μετασχηματισμοσ,0
"RT @mikros_prigkipa: Δεν θα θεραπευτείς ποτέ αν μένεις σε ένα περιβάλλον που σε αρρωσταίνει.
Αν φύγεις και θεραπευτείς και γυρίσεις, πάλι θ…",rt mikros_prigkipa δεν θα θεραπευτεισ ποτε αν μενεισ σε ενα περιβαλλον που σε αρρωσταινει αν φυγεισ και θεραπευτεισ και γυρισεισ παλι θ,0
"Ο Κωνσταντίνος Μαργαρίτης σημειώνει ότι η 86η ΔΕΘ  ανοίγει ορίζοντες στην παγκόσμια αγορά, το μεταβαλλόμενο περιβάλλον στους τομείς υγείας και ενέργειας, αλλά και τις καλπάζουσες  εξελίξεις στην τεχνολογία.

https://t.co/HyblkWdrTf https://t.co/Wjsm4vyBgB",ο κωνσταντινοσ μαργαριτησ σημειωνει οτι η η δεθ ανοιγει οριζοντεσ στην παγκοσμια αγορα το μεταβαλλομενο περιβαλλον στουσ τομεισ υγειασ και ενεργειασ αλλα και τισ καλπαζουσεσ εξελιξεισ στην τεχνολογια,0
"Lili Zigoslu (JTI Hellas): Η βιώσιμη ηγεσία προάγει την αειφορία σε οικονομικό, περιβαλλοντικό και κοινωνικό επίπεδο https://t.co/3fnjdkzOe5",lili zigoslu jti hellas η βιωσιμη ηγεσια προαγει την αειφορια σε οικονομικο περιβαλλοντικο και κοινωνικο επιπεδο,0
"RT @disorderisti: #Παπιγκο 
Περίφραξη δρόμου μεσα στον δρυμό κχαρακτηρισμός ως ιδιωτικός.
Νέες καταγγελίες απο #Καλλιστω για τις βίλες που…",rt disorderisti παπιγκο περιφραξη δρομου μεσα στον δρυμο κχαρακτηρισμοσ ωσ ιδιωτικοσ νεεσ καταγγελιεσ απο καλλιστω για τισ βιλεσ που,0
Οικονόμου: Βιώσιμο μοντέλο επανεκκίνησης των Ναυπηγείων Ελευσίνας https://t.co/3sm4Jr1NWm,οικονομου βιωσιμο μοντελο επανεκκινησησ των ναυπηγειων ελευσινασ,0
Γ. Οικονόμου: Βιώσιμο μοντέλο επανεκκίνησης των Ναυπηγείων Ελευσίνας και διασφάλιση των θέσεων εργασίας https://t.co/lkQczogVa1,γ οικονομου βιωσιμο μοντελο επανεκκινησησ των ναυπηγειων ελευσινασ και διασφαλιση των θεσεων εργασιασ,0
Συνταγή για ζυμαρικά που προστατεύει το περιβάλλον προκαλεί οργή στους σεφ https://t.co/bAuUrEjAEY,συνταγη για ζυμαρικα που προστατευει το περιβαλλον προκαλει οργη στουσ σεφ,0
Δήλος 2022: Οι εθελοντές δηλώνουν το «παρών» για ένα βιώσιμο μέλλον https://t.co/sVuNZ4oC6e,δηλοσ οι εθελοντεσ δηλωνουν το παρων για ενα βιωσιμο μελλον,0
Ευνοϊκό το περιβάλλον για τις τράπεζες https://t.co/aG9k0pLArl,ευνοϊκο το περιβαλλον για τισ τραπεζεσ,0
"ΕΒΕΤΑΜ ΑΕ "" Η σημασία των Εθνικών Υποδομών Ποιότητας στη Βιώσιμη Ανάπτυξη"". https://t.co/6aQRbCqcUu",εβεταμ αε η σημασια των εθνικων υποδομων ποιοτητασ στη βιωσιμη αναπτυξη,0
I've just posted a new blog: Ο πρόεδρος της Παγκόσμιας Τράπεζας  δεν παραιτείται   ΕΠΕΙΔΗ ΑΜΦΙΣΒΗΤΕΊ ΤΗΝ ΚΛΙΜΑΤΙΚΉ ΑΛΛΑΓΉ ΤΟΝ ΠIΕΖΟΥΝ Να παραιτηθεί  https://t.co/2futyZHxnt,ive just posted a new blog ο προεδροσ τησ παγκοσμιασ τραπεζασ δεν παραιτειται επειδη αμφισβητει την κλιματικη αλλαγη τον πiεζουν να παραιτηθει,0
ΔΕΗ ενεργώ για το περιβάλλον: Αποκατάσταση περιοχών Αρχαίας Ολυµπίας https://t.co/hNVByLL044,δεη ενεργω για το περιβαλλον αποκατασταση περιοχων αρχαιασ ολυµπιασ,0
ΔΕΗ blue και Σκλαβενίτης ενώνουν τις δυνάμεις τους για τη βιώσιμη κινητικότητα https://t.co/W7tFxN5Y5d,δεη blue και σκλαβενιτησ ενωνουν τισ δυναμεισ τουσ για τη βιωσιμη κινητικοτητα,0
Γ. Ρέτσος (ΣΕΤΕ): Οι στόχοι για ένα βιώσιμο μοντέλο στρατηγικής ανάπτυξης του ελληνικού τουρισμού https://t.co/KrqrCsQChL,γ ρετσοσ σετε οι στοχοι για ενα βιωσιμο μοντελο στρατηγικησ αναπτυξησ του ελληνικου τουρισμου,0
ΔΕΗ blue και ΣΚΛΑΒΕΝΙΤΗΣ ενώνουν τις δυνάμεις τους για τη βιώσιμη κινητικότητα https://t.co/ApOYC2PkoX,δεη blue και σκλαβενιτης ενωνουν τισ δυναμεισ τουσ για τη βιωσιμη κινητικοτητα,0
ΔΕΗ blue και ΣΚΛΑΒΕΝΙΤΗΣ ενώνουν τις δυνάμεις τους για τη βιώσιμη κινητικότητα https://t.co/U9brKHH7pi,δεη blue και σκλαβενιτης ενωνουν τισ δυναμεισ τουσ για τη βιωσιμη κινητικοτητα,0
Κομισιόν: Νέοι κανόνες περί ευθύνης για την τεχνητή νοημοσύνη και την κυκλική οικονομία https://t.co/MCzUmmT1NN,κομισιον νεοι κανονεσ περι ευθυνησ για την τεχνητη νοημοσυνη και την κυκλικη οικονομια,0
Γ. Τερζής (Alpha Bank): Ευθύνη των μεγάλων επιχειρήσεων η αειφορία https://t.co/DWpFDjC0A2,γ τερζησ alpha bank ευθυνη των μεγαλων επιχειρησεων η αειφορια,0
"Μικρές απώλειες για τον χρυσό, μέσα σε μη ευνοϊκό περιβάλλον https://t.co/j7pSYx0Kvb",μικρεσ απωλειεσ για τον χρυσο μεσα σε μη ευνοϊκο περιβαλλον,0
Αγροτικές Ειδήσεις: Γεωργαντάς: Στηρίζουμε τον κλάδο της ελιάς απέναντι στην κλιματική κρίση https://t.co/AovW80tSLd,αγροτικεσ ειδησεισ γεωργαντασ στηριζουμε τον κλαδο τησ ελιασ απεναντι στην κλιματικη κριση,0
I've just posted a new blog: Γ. Γεωργαντάς: Στηρίζουμε το εθνικό προϊόν της ελιάς απέναντι στην κλιματική κρίση https://t.co/RrOa4veyKn,ive just posted a new blog γ γεωργαντασ στηριζουμε το εθνικο προϊον τησ ελιασ απεναντι στην κλιματικη κριση,0
"RT @FChaniwn: 🌿Vegan Life Festival Athens 2022!🌿
Σήμερα και αύριο στην Τεχνόπολη, αφιερωμένο στην κλιματική κρίση που μας αφορά περισσότερο…",rt fchaniwn vegan life festival athens σημερα και αυριο στην τεχνοπολη αφιερωμενο στην κλιματικη κριση που μασ αφορα περισσοτερο,0
"RT @FChaniwn: 🌿Vegan Life Festival Athens 2022!🌿
Σήμερα και αύριο στην Τεχνόπολη, αφιερωμένο στην κλιματική κρίση που μας αφορά περισσότερο…",rt fchaniwn vegan life festival athens σημερα και αυριο στην τεχνοπολη αφιερωμενο στην κλιματικη κριση που μασ αφορα περισσοτερο,0
EU Taxonomy – O δρόμος προς ένα πιο βιώσιμο μέλλον https://t.co/gFGF3WMHO5,eu taxonomy o δρομοσ προσ ενα πιο βιωσιμο μελλον,0
"RT @psillides_c: ""Κλιματική αλλαγή και μαλακίες"", είπε, σκουπίζοντας το μέτωπο του από τον ιδρώτα, λιώνοντας στους 42 βαθμούς τον Οκτώβρη.",rt psillides_c κλιματικη αλλαγη και μαλακιεσ ειπε σκουπιζοντασ το μετωπο του απο τον ιδρωτα λιωνοντασ στουσ βαθμουσ τον οκτωβρη,0
EU Taxonomy – O δρόμος προς ένα πιο βιώσιμο μέλλον https://t.co/rUDNRl1lYi,eu taxonomy o δρομοσ προσ ενα πιο βιωσιμο μελλον,0
«Πράσινη» ταμπέλα στην πυρηνική ενέργεια από την ΕΕ - Η Αυστρία πάει στα δικαστήρια https://t.co/B2Q4VjWS3h,πρασινη ταμπελα στην πυρηνικη ενεργεια απο την εε η αυστρια παει στα δικαστηρια,0
Η επόμενη τουριστική καμπάνια θα επικεντρωθεί στον βιώσιμο τουρισμό https://t.co/BfgCJkG489,η επομενη τουριστικη καμπανια θα επικεντρωθει στον βιωσιμο τουρισμο,0
Το Insta έχει γίνει επίσημα το πουτανάδικο των social. Είναι θλιβερό να βλέπεις νέα παιδιά να ψωνίζονται με αυτόν τον τρόπο και να επιδεικνύουν ένα lifestyle που ούτε πραγματικό είναι αλλά ούτε βιώσιμο. Μου θυμίζει λίγο την προ κρίσης νοοτροπία.,το insta εχει γινει επισημα το πουταναδικο των social ειναι θλιβερο να βλεπεισ νεα παιδια να ψωνιζονται με αυτον τον τροπο και να επιδεικνυουν ενα lifestyle που ουτε πραγματικο ειναι αλλα ουτε βιωσιμο μου θυμιζει λιγο την προ κρισησ νοοτροπια,0
Η επόμενη τουριστική καμπάνια θα επικεντρωθεί στον βιώσιμο τουρισμό https://t.co/t8tFPE0Tow,η επομενη τουριστικη καμπανια θα επικεντρωθει στον βιωσιμο τουρισμο,0
"Νίκαια: Αρπαγή 14χρονης - Την είχαν απαγάγει ξανά, λέει το περιβάλλον της - «Παντρεμένος με παιδιά» https://t.co/MBMh8MQjyP",νικαια αρπαγη χρονησ την ειχαν απαγαγει ξανα λεει το περιβαλλον τησ παντρεμενοσ με παιδια,0
MORE: Μισό εκατομμύριο νοικοκυριά θα ηλεκτροδοτεί με πράσινη ενέργεια η Μοtor Oil https://t.co/XWkSbzxAWr,more μισο εκατομμυριο νοικοκυρια θα ηλεκτροδοτει με πρασινη ενεργεια η μοtor oil,0
Great Place to Work 2022: Οι 25 πολυεθνικές εταιρείες με το καλύτερο εργασιακό περιβάλλον παγκοσμίως https://t.co/XQaDTAUxCE,great place to work οι πολυεθνικεσ εταιρειεσ με το καλυτερο εργασιακο περιβαλλον παγκοσμιωσ,0
Σταϊκούρας: «Η Ελλάδα έχει χτίσει ισχυρές γραμμές άμυνας απέναντι σε ένα δυσμενές διεθνές περιβάλλον» https://t.co/wN9DdFE96M,σταϊκουρασ η ελλαδα εχει χτισει ισχυρεσ γραμμεσ αμυνασ απεναντι σε ενα δυσμενεσ διεθνεσ περιβαλλον,0
Σταϊκούρας στη Σύνοδο του ΔΝΤ: Η Ελλάδα έχει χτίσει ισχυρές γραμμές άμυνας απέναντι σε ένα δυσμενές διεθνές περιβάλλον https://t.co/CCcYrkvsKO,σταϊκουρασ στη συνοδο του δντ η ελλαδα εχει χτισει ισχυρεσ γραμμεσ αμυνασ απεναντι σε ενα δυσμενεσ διεθνεσ περιβαλλον,0
Σταϊκούρας: Η απώλεια της βιοποικιλότητας και η κλιματική αλλαγή αυξάνουν τον κίνδυνο για την οικονομική ανάπτυξη https://t.co/TUrzBLbmVj,σταϊκουρασ η απωλεια τησ βιοποικιλοτητασ και η κλιματικη αλλαγη αυξανουν τον κινδυνο για την οικονομικη αναπτυξη,0
Σταϊκούρας: «Η Ελλάδα έχει χτίσει ισχυρές γραμμές άμυνας απέναντι σε ένα δυσμενές διεθνές περιβάλλον» https://t.co/9u4zFj3Llx,σταϊκουρασ η ελλαδα εχει χτισει ισχυρεσ γραμμεσ αμυνασ απεναντι σε ενα δυσμενεσ διεθνεσ περιβαλλον,0
Πρεμ Γουάτσα: H επανεκλογή Μητσοτάκη θα δημιουργήσει ένα ακόμη πιο ασφαλές περιβάλλον για επενδύσεις https://t.co/YGCIZRFQF3,πρεμ γουατσα h επανεκλογη μητσοτακη θα δημιουργησει ενα ακομη πιο ασφαλεσ περιβαλλον για επενδυσεισ,0
Πρεμ Γουάτσα: Eπανεκλογή Μητσοτάκη θα δημιουργήσει ακόμη πιο ασφαλές περιβάλλον για επενδύσεις https://t.co/Tc9l1FxLbO,πρεμ γουατσα eπανεκλογη μητσοτακη θα δημιουργησει ακομη πιο ασφαλεσ περιβαλλον για επενδυσεισ,0
"Β. Κικίλιας: Έργα υποδομής, πράσινη οικονομία και καμπάνια για τον βιώσιμο τουρισμό https://t.co/tzmobvkVtu",β κικιλιασ εργα υποδομησ πρασινη οικονομια και καμπανια για τον βιωσιμο τουρισμο,0
"Dialectica: Μετακομίζει στον Piraeus Tower, τον πρώτο υπερσύγχρονο, βιώσιμο ουρανοξύστη της πόλης (pics) https://t.co/ohLy6o8O80",dialectica μετακομιζει στον piraeus tower τον πρωτο υπερσυγχρονο βιωσιμο ουρανοξυστη τησ πολησ pics,0
Η κλιματική αλλαγή απειλεί ένα δισεκατομμύριο παιδιά https://t.co/lvHfwG4HWS,η κλιματικη αλλαγη απειλει ενα δισεκατομμυριο παιδια,0
Κλιματική αλλαγή: Πώς απειλεί ένα δισεκατομμύριο παιδιά https://t.co/T63THHZza0,κλιματικη αλλαγη πωσ απειλει ενα δισεκατομμυριο παιδια,0
Σεπόλια: Ο Ηλίας Μίχος «ψάρευε» βιαστές και από το οικογενειακό περιβάλλον της 12χρονης https://t.co/4apyjmT1sO,σεπολια ο ηλιασ μιχοσ ψαρευε βιαστεσ και απο το οικογενειακο περιβαλλον τησ χρονησ,0
"διαΝΕΟσις: 'Κυκλική οικονομία: Ευκαιρίες, προκλήσεις και επιδράσεις στην ελληνική οικονομία' https://t.co/D2sO9Zj1J9",διανεοσισ κυκλικη οικονομια ευκαιριεσ προκλησεισ και επιδρασεισ στην ελληνικη οικονομια,0
"να κινείσαι αργά, να ζεις σε αυτό που εσύ θεωρείς ""φυσικό σου περιβάλλον"" και να 'χεις όσο το δυνατόν λιγότερους εχθρούς
( ας την πούμε μια συνταγή για μακροζωϊα )",να κινεισαι αργα να ζεισ σε αυτο που εσυ θεωρεισ φυσικο σου περιβαλλον και να χεισ οσο το δυνατον λιγοτερουσ εχθρουσ ασ την πουμε μια συνταγη για μακροζωϊα,0
Economist Intelligence: Άλμα 16 θέσεων για την Ελλάδα στο επιχειρηματικό περιβάλλον https://t.co/5T2IjWGHOs,economist intelligence αλμα θεσεων για την ελλαδα στο επιχειρηματικο περιβαλλον,0
Μητσοτάκης για το επιχειρηματικό περιβάλλον της Ελλάδας: «Αναγνωρίζεται η προσπάθειά μας» https://t.co/PRuc4aJsaA,μητσοτακησ για το επιχειρηματικο περιβαλλον τησ ελλαδασ αναγνωριζεται η προσπαθεια μασ,0
Η «πράσινη» μετάβαση για μια βιώσιμη οικονομία με μέλλον και προοπτικές – Οι στόχοι του ΟΗΕ https://t.co/K4j4cdDqRV,η πρασινη μεταβαση για μια βιωσιμη οικονομια με μελλον και προοπτικεσ οι στοχοι του οηε,0
Uber: 'Απόλυτα' μη βιώσιμο εξακολουθεί να είναι το μοντέλο απασχόλησης που εφαρμόζει η εταιρία https://t.co/HjWb5yMNok,uber απολυτα μη βιωσιμο εξακολουθει να ειναι το μοντελο απασχολησησ που εφαρμοζει η εταιρια,0
Υπ. Αγροτικής Ανάπτυξης: Προσωρινός πίνακας αποτελεσμάτων αιτήσεων στήριξης για γεωργία και κλιματική αλλαγή https://t.co/OtiXIvcQyF,υπ αγροτικησ αναπτυξησ προσωρινοσ πινακασ αποτελεσματων αιτησεων στηριξησ για γεωργια και κλιματικη αλλαγη,0
"📍 Στοιχείο υπεροχής και διαφοροποίησης στο σύγχρονο επιχειρηματικό περιβάλλον είναι οι δράσεις, οι πρωτοβουλίες και οι παρεμβάσεις που απευθύνονται στην κοινωνία, το περιβάλλον, τον άνθρωπο https://t.co/hzza2R9T9O",στοιχειο υπεροχησ και διαφοροποιησησ στο συγχρονο επιχειρηματικο περιβαλλον ειναι οι δρασεισ οι πρωτοβουλιεσ και οι παρεμβασεισ που απευθυνονται στην κοινωνια το περιβαλλον τον ανθρωπο,0
Αστικό περιβάλλον και αστική νεοβαρβαρότητα https://t.co/jdfXuk51d1,αστικο περιβαλλον και αστικη νεοβαρβαροτητα,0
Ν. Δένδιας: Στόχος μας ένα ελεύθερο και ασφαλές περιβάλλον για τους δημοσιογράφους https://t.co/EKfJhEjmjA,ν δενδιασ στοχοσ μασ ενα ελευθερο και ασφαλεσ περιβαλλον για τουσ δημοσιογραφουσ,0
"Μια ολοκληρωμένη επιχειρηματική δραστηριότητα, μια βιώσιμη εταιρεία που σέβεται περιβάλλον και κοινωνία https://t.co/lyJsum6eJi",μια ολοκληρωμενη επιχειρηματικη δραστηριοτητα μια βιωσιμη εταιρεια που σεβεται περιβαλλον και κοινωνια,0
"Μια ολοκληρωμένη επιχειρηματική δραστηριότητα, μια βιώσιμη εταιρεία που σέβεται περιβάλλον και κοινωνία https://t.co/JtHHFXQiJy",μια ολοκληρωμενη επιχειρηματικη δραστηριοτητα μια βιωσιμη εταιρεια που σεβεται περιβαλλον και κοινωνια,0
"ΟΛΠ ΑΕ: Συνεισφέρει το 0,76% του ΑΕΠ - Η προσφορά στην κοινωνία και στο περιβάλλον https://t.co/t91rl8u6Lo",ολπ αε συνεισφερει το του αεπ η προσφορα στην κοινωνια και στο περιβαλλον,0
Η βιώσιμη εξόρυξη αναδιαμορφώνει τη βιομηχανία και θέτει τα θεμέλια για την αειφόρο ανάπτυξη https://t.co/Nnwn17snUC,η βιωσιμη εξορυξη αναδιαμορφωνει τη βιομηχανια και θετει τα θεμελια για την αειφορο αναπτυξη,0
Ζ. Μπορέλ: Πρέπει να προσαρμόσουμε τις πολιτικές άμυνάς μας στο νέο περιβάλλον https://t.co/iOkd29p3EN,ζ μπορελ πρεπει να προσαρμοσουμε τισ πολιτικεσ αμυνασ μασ στο νεο περιβαλλον,0
Χρ. Σταϊκούρας: Σημαντικές προκλήσεις για τους κρατικούς προϋπολογισμούς δημιουργεί η κλιματική αλλαγή https://t.co/3MnGtX5fG4,χρ σταϊκουρασ σημαντικεσ προκλησεισ για τουσ κρατικουσ προϋπολογισμουσ δημιουργει η κλιματικη αλλαγη,0
Γιατί η κλιματική κρίση αφορά τις τράπεζες https://t.co/0VAWqh3O6f,γιατι η κλιματικη κριση αφορα τισ τραπεζεσ,0
"📍 Η Netcompany-Intrasoft, η μεγαλύτερη εταιρία πληροφορικής στην Ελλάδα και μια από τις σημαντικότερες στην Ευρώπη, μέλος του δανικού ομίλου Netcompany, από το 1996 συμβάλλει έμπρακτα στη βιώσιμη ανάπτυξη και στη βελτίωση της ζωής των πολιτών υλοποιώντ... https://t.co/wB28UDenGR",η netcompanyintrasoft η μεγαλυτερη εταιρια πληροφορικησ στην ελλαδα και μια απο τισ σημαντικοτερεσ στην ευρωπη μελοσ του δανικου ομιλου netcompany απο το συμβαλλει εμπρακτα στη βιωσιμη αναπτυξη και στη βελτιωση τησ ζωησ των πολιτων υλοποιωντ,0
MYTILINEOS: Φέρνοντας τη Βιώσιμη Ανάπτυξη στο πλευρό της ελληνικής κοινωνίας https://t.co/fVxvMT5pZB,mytilineos φερνοντασ τη βιωσιμη αναπτυξη στο πλευρο τησ ελληνικησ κοινωνιασ,0
"📍 H ESG Στρατηγική του Ομίλου Quest έχει δημιουργηθεί με στόχους τη δημιουργία προστιθέμενης αξίας, την επιχειρηματική αριστεία και το βιώσιμο μέλλον. https://t.co/d5a2gulQ5l",h esg στρατηγικη του ομιλου quest εχει δημιουργηθει με στοχουσ τη δημιουργια προστιθεμενησ αξιασ την επιχειρηματικη αριστεια και το βιωσιμο μελλον,0
Γιατί το ελληνικό χρέος είναι το πιο «βιώσιμο» στον ευρωπαϊκό Νότο https://t.co/sryNy0XEXs,γιατι το ελληνικο χρεοσ ειναι το πιο βιωσιμο στον ευρωπαϊκο νοτο,0
"Optima bank: Το επενδυτικό περιβάλλον, προκλήσεις και ευκαιρίες https://t.co/dCbPxYHdRh",optima bank το επενδυτικο περιβαλλον προκλησεισ και ευκαιριεσ,0
Σχοινάς: Ώρα για βιώσιμο ευρωπαϊκό πλαίσιο ασύλου και μετανάστευσης https://t.co/DfInc2qwav,σχοινασ ωρα για βιωσιμο ευρωπαϊκο πλαισιο ασυλου και μεταναστευσησ,0
Β. Κουτεντάκης: Έννοιες αρρηκτα συνδεδεμένες η βιώσιμη ανάπτυξη και ο ψηφιακός μετασχηματισμός https://t.co/dlFETtwnMd,β κουτεντακησ εννοιεσ αρρηκτα συνδεδεμενεσ η βιωσιμη αναπτυξη και ο ψηφιακοσ μετασχηματισμοσ,0
Η ΧΗΤΟΣ ΑΒΕΕ αναλαμβάνει δράση για ένα βιώσιμο αύριο https://t.co/E2UgNV5PU0,η χητος αβεε αναλαμβανει δραση για ενα βιωσιμο αυριο,0
Κλιματική αλλαγή: Εγκαινιάστηκε η πρώτη διαδραστική έκθεση στο Μουσείο Γουλανδρή Φυσικής Ιστορίας https://t.co/iBQQ9HCIWF,κλιματικη αλλαγη εγκαινιαστηκε η πρωτη διαδραστικη εκθεση στο μουσειο γουλανδρη φυσικησ ιστοριασ,0
ΕΥ: Ευελιξία και προσαρμοστικότητα βασικά ζητούμενα στο νέο φορολογικό περιβάλλον https://t.co/DJZryFUblP,ευ ευελιξια και προσαρμοστικοτητα βασικα ζητουμενα στο νεο φορολογικο περιβαλλον,0
✔️ Με συνεχείς πρωτοβουλίες και δράσεις για ένα σύγχρονο εργασιακό περιβάλλον https://t.co/2oO0333xhA,με συνεχεισ πρωτοβουλιεσ και δρασεισ για ενα συγχρονο εργασιακο περιβαλλον,0
✔️ Με συνεχείς πρωτοβουλίες και δράσεις για ένα σύγχρονο εργασιακό περιβάλλον https://t.co/RtK6cPt4U9,με συνεχεισ πρωτοβουλιεσ και δρασεισ για ενα συγχρονο εργασιακο περιβαλλον,0
Το ΝΟΥΝΟΥ υλοποιεί δράσεις για ένα πιο βιώσιμο μέλλον! https://t.co/1WnbFmg9sr,το νουνου υλοποιει δρασεισ για ενα πιο βιωσιμο μελλον,0
Αλ. Τσίπρας: Η Ελλάδα σήμερα είναι χώρα άδικη για τους πολλούς χωρίς βιώσιμη αναπτυξιακή στρατηγική https://t.co/tgMi4GfMSG,αλ τσιπρασ η ελλαδα σημερα ειναι χωρα αδικη για τουσ πολλουσ χωρισ βιωσιμη αναπτυξιακη στρατηγικη,0
Μία βιώσιμη καμπάνια που εξοικονομεί ενέργεια https://t.co/FkPTYXjgdl,μια βιωσιμη καμπανια που εξοικονομει ενεργεια,0
Κλιματική αλλαγή: Η ζωή των ιθαγενών Ινουίτ στους πάγους που λιώνουν (εικόνες) https://t.co/hYI2sIFsdS,κλιματικη αλλαγη η ζωη των ιθαγενων ινουιτ στουσ παγουσ που λιωνουν εικονεσ,0
"ΕΕ: Nέο σχέδιο για πιο πράσινο, βιώσιμο και ψηφιοποιημένο ευρωπαϊκό τουρισμό https://t.co/DIF3N3Iim7",εε nεο σχεδιο για πιο πρασινο βιωσιμο και ψηφιοποιημενο ευρωπαϊκο τουρισμο,0
Σι Τζινπίνγκ σε Σαρλ Μισέλ: Θέλουμε ένα δίκαιο περιβάλλον για τις κινεζικές εταιρείες στην ΕΕ https://t.co/N9pBA3suFq,σι τζινπινγκ σε σαρλ μισελ θελουμε ενα δικαιο περιβαλλον για τισ κινεζικεσ εταιρειεσ στην εε,0
Τατόι: Βιώσιμο μοντέλο ανάπτυξης για την αξιοποίηση των πρώην βασιλικών ανακτόρων https://t.co/ECH8PVopOd,τατοι βιωσιμο μοντελο αναπτυξησ για την αξιοποιηση των πρωην βασιλικων ανακτορων,0
ΥΠΠΟΑ: Βιώσιμο μοντέλο ανάπτυξης για την αξιοποίηση του τέως βασιλικού κτήματος στο Τατόι https://t.co/V5fQHP4mrt,υπποα βιωσιμο μοντελο αναπτυξησ για την αξιοποιηση του τεωσ βασιλικου κτηματοσ στο τατοι,0
"📍 Το Αντίπαρος 1 είναι ένα μοναδικό υπόσκαφο έργο που πέτυχε να συγχωνευτεί με το περιβάλλον και παράλληλα να λουστεί με φυσικό φως.
#newmoney.gr https://t.co/qtMDHs1PzA",το αντιπαροσ ειναι ενα μοναδικο υποσκαφο εργο που πετυχε να συγχωνευτει με το περιβαλλον και παραλληλα να λουστει με φυσικο φωσ newmoneygr,0
Χ. Σταϊκούρας: Απάντηση στο αβέβαιο περιβάλλον η συνεργασία Ελλάδας-Γαλλίας https://t.co/aUD8WwcTM8,χ σταϊκουρασ απαντηση στο αβεβαιο περιβαλλον η συνεργασια ελλαδασγαλλιασ,0
"Η εξέλιξη και οι σχέσεις εμπιστοσύνης στο εργασιακό περιβάλλον της Kaizen Gaming, είναι τα βασικά στοιχεία της επιτυχίας της https://t.co/UU6VFnZpml",η εξελιξη και οι σχεσεισ εμπιστοσυνησ στο εργασιακο περιβαλλον τησ kaizen gaming ειναι τα βασικα στοιχεια τησ επιτυχιασ τησ,0
"Η εξέλιξη και οι σχέσεις εμπιστοσύνης στο εργασιακό περιβάλλον της Kaizen Gaming, είναι τα βασικά στοιχεία της επιτυχίας της https://t.co/HSP2fDzgD7",η εξελιξη και οι σχεσεισ εμπιστοσυνησ στο εργασιακο περιβαλλον τησ kaizen gaming ειναι τα βασικα στοιχεια τησ επιτυχιασ τησ,0
Η Roche Hellas συμμετέχει στο δημόσιο διάλογο για ένα βιώσιμο και αποδοτικό σύστημα υγείας https://t.co/ckRhvYyr5r,η roche hellas συμμετεχει στο δημοσιο διαλογο για ενα βιωσιμο και αποδοτικο συστημα υγειασ,0
Σέριφος: Βιώσιμη ανάπτυξη παρά την αυξανόμενη τουριστική πίεση https://t.co/duClT3WIZ4,σεριφοσ βιωσιμη αναπτυξη παρα την αυξανομενη τουριστικη πιεση,0
Τριαντόπουλος: Σταθερή επιδίωξή μας η συνεχής βελτίωση απέναντι στις νέες συνθήκες που έχει διαμορφώσει η κλιματική κρίση https://t.co/8HIrFwxbGL,τριαντοπουλοσ σταθερη επιδιωξη μασ η συνεχησ βελτιωση απεναντι στισ νεεσ συνθηκεσ που εχει διαμορφωσει η κλιματικη κριση,0
Μέχρι πότε θα είναι βιώσιμο το ελληνικό χρέος - Η αριθμητική https://t.co/Pf2lHfGB76,μεχρι ποτε θα ειναι βιωσιμο το ελληνικο χρεοσ η αριθμητικη,0
"📍 Ο ελληνικός εξορυκτικός κλάδος στηρίζει τη μετάβαση στο μοντέλο κυκλικής οικονομίας, δημιουργώντας πολλαπλά οφέλη για το περιβάλλον, την κοινωνία και την οικονομία https://t.co/rWm8UpPPbz",ο ελληνικοσ εξορυκτικοσ κλαδοσ στηριζει τη μεταβαση στο μοντελο κυκλικησ οικονομιασ δημιουργωντασ πολλαπλα οφελη για το περιβαλλον την κοινωνια και την οικονομια,0
"Πόλεμος στην Ουκρανία, πληθωρισμός και κλιματική αλλαγή - Όλα όσα συνέβησαν και δεν συνέβησαν το 2022 https://t.co/siDhW3j7Zw",πολεμοσ στην ουκρανια πληθωρισμοσ και κλιματικη αλλαγη ολα οσα συνεβησαν και δεν συνεβησαν το,0
Πώς θα είναι το περιβάλλον εργασίας το 2023 - Τρεις προβλέψεις για τον τρόπο που θα δουλεύουμε https://t.co/97e9bITnOM,πωσ θα ειναι το περιβαλλον εργασιασ το τρεισ προβλεψεισ για τον τροπο που θα δουλευουμε,0
Πώς θα είναι το περιβάλλον εργασίας το 2023 - Τρεις προβλέψεις για τον τρόπο που θα δουλεύουμε https://t.co/eiGELVc1x7,πωσ θα ειναι το περιβαλλον εργασιασ το τρεισ προβλεψεισ για τον τροπο που θα δουλευουμε,0
Περιβαλλοντική Ημερίδα 'Κλιματική Αλλαγή &amp; Σημερινές Προκλήσεις' από την Blue Star Ferries https://t.co/20gLB7b487,περιβαλλοντικη ημεριδα κλιματικη αλλαγη amp σημερινεσ προκλησεισ απο την blue star ferries,0
"Γ. Οικονόμου: Τη χρονιά που πέρασε, παρά το δυσχερέστατο παγκόσμιο περιβάλλον, η Ελλάδα άντεξε στις πιέσεις και σημείωσε σημαντικά βήματα προόδου https://t.co/QXODnD8Cmi",γ οικονομου τη χρονια που περασε παρα το δυσχερεστατο παγκοσμιο περιβαλλον η ελλαδα αντεξε στισ πιεσεισ και σημειωσε σημαντικα βηματα προοδου,0
Επίθεση με μπογιά στο πρωθυπουργικό μέγαρο της Γαλλίας από ακτιβιστές για το περιβάλλον https://t.co/zxxMfMq8oV,επιθεση με μπογια στο πρωθυπουργικο μεγαρο τησ γαλλιασ απο ακτιβιστεσ για το περιβαλλον,0
"Ψάλτης (Alpha Bank): Εγκαινιάζουμε έναν νέο κύκλο εξέλιξης, ως απάντηση στο νέο περιβάλλον «διαρκούς κρίσης» https://t.co/rfeTEbZcFW",ψαλτησ alpha bank εγκαινιαζουμε εναν νεο κυκλο εξελιξησ ωσ απαντηση στο νεο περιβαλλον διαρκουσ κρισησ,0
Πράσινη ενέργεια: Ο επόμενος στόχος της Κίνας είναι το υδρογόνο (πίνακες) https://t.co/eXpaCEJSbE,πρασινη ενεργεια ο επομενοσ στοχοσ τησ κινασ ειναι το υδρογονο πινακεσ,0
"Β. Ψάλτης: Εγκαινιάζουμε, το 2023, ένα νέο κύκλο εξέλιξης, ως απάντηση στο νέο περιβάλλον 'διαρκούς κρίσης' https://t.co/gphcr4KEAv",β ψαλτησ εγκαινιαζουμε το ενα νεο κυκλο εξελιξησ ωσ απαντηση στο νεο περιβαλλον διαρκουσ κρισησ,0
Μαρίνα Φλοίσβου: Η βιώσιμη ανάπτυξη στην πράξη https://t.co/6fAY0VIz2x,μαρινα φλοισβου η βιωσιμη αναπτυξη στην πραξη,0
"Χρ. Σταϊκούρας στο Eurogroup: 'Στο ασταθές παγκόσμιο περιβάλλον, η Ελλάδα τα έχει καταφέρει' https://t.co/L9GduGGAox",χρ σταϊκουρασ στο eurogroup στο ασταθεσ παγκοσμιο περιβαλλον η ελλαδα τα εχει καταφερει,0
Μοσχάτο: Άνδρας εντοπίστηκε νεκρός σε διαμέρισμα – Προσωρινά κρατούμενη γυναίκα από το στενό περιβάλλον του https://t.co/zIh2eT2Xz4,μοσχατο ανδρασ εντοπιστηκε νεκροσ σε διαμερισμα προσωρινα κρατουμενη γυναικα απο το στενο περιβαλλον του,0
Lidl Ελλάς: Δημιουργεί αξία στον δρόμο για ένα βιώσιμο αύριο https://t.co/x4LRr016Hg,lidl ελλασ δημιουργει αξια στον δρομο για ενα βιωσιμο αυριο,0
"ESG Shipping Awards: Tα πρώτα Ναυτιλιακά Βραβεία για Περιβάλλον, Κοινωνική και Εταιρική διακυβέρνηση (pics) https://t.co/Cw4cCaQGJ2",esg shipping awards tα πρωτα ναυτιλιακα βραβεια για περιβαλλον κοινωνικη και εταιρικη διακυβερνηση pics,0
SKAG: Πιστοποίηση από το Quality Net Foundation στη βιώσιμη ανάπτυξη και την υπεύθυνη επιχειρηματικότητα (pic) https://t.co/NTHWGigUIY,skag πιστοποιηση απο το quality net foundation στη βιωσιμη αναπτυξη και την υπευθυνη επιχειρηματικοτητα pic,0
📍 Πρόγραμμα σπουδών για εισαγωγή και επιμόρφωση των εκπαιδευτικών στο περιβάλλον STEAM προσφέρει το Ίδρυμα Vodafone https://t.co/1Z8kx5uq7p,προγραμμα σπουδων για εισαγωγη και επιμορφωση των εκπαιδευτικων στο περιβαλλον steam προσφερει το ιδρυμα vodafone,0
Βενετία Κουσία (Συμβούλιο Ανταγωνιστικότητας): «Το επιχειρηματικό περιβάλλον της Ελλάδας πρέπει οπωσδήποτε να βελτιωθεί» https://t.co/fzn8R46ffG,βενετια κουσια συμβουλιο ανταγωνιστικοτητασ το επιχειρηματικο περιβαλλον τησ ελλαδασ πρεπει οπωσδηποτε να βελτιωθει,0
Schroders Capital: Ποια assets «κρύβουν» ευκαιρίες στο υφεσιακό περιβάλλον του 2023 https://t.co/gjHEqZWozr,schroders capital ποια assets κρυβουν ευκαιριεσ στο υφεσιακο περιβαλλον του,0
Περιβάλλον: Οι νέοι κανόνες που θα μειώσουν τα ανώτατα όρια καταλοίπων φυτοφαρμάκων στα τρόφιμα https://t.co/xtMNrwqvcA,περιβαλλον οι νεοι κανονεσ που θα μειωσουν τα ανωτατα ορια καταλοιπων φυτοφαρμακων στα τροφιμα,0
Emirates: Δοκιμαστική πτήση - ορόσημο με 100% βιώσιμο αεροπορικό καύσιμο (SAF) https://t.co/7fcHAGPS3a,emirates δοκιμαστικη πτηση οροσημο με βιωσιμο αεροπορικο καυσιμο saf,0
Φωτορύπανση: Οι συνέπειες στους ζωντανούς οργανισμούς και το περιβάλλον https://t.co/0yOGdKzYv8,φωτορυπανση οι συνεπειεσ στουσ ζωντανουσ οργανισμουσ και το περιβαλλον,0
Παρουσίαση της μελέτης του ΙΟΒΕ για την κλιματική αλλαγή και την ελληνική οικονομία στην ΤτΕ https://t.co/zMu7eB7tuB,παρουσιαση τησ μελετησ του ιοβε για την κλιματικη αλλαγη και την ελληνικη οικονομια στην ττε,0
Περιβάλλον: Τα εγκαταλελειμμένα αγροκτήματα χρειάζονται δεκαετίες για να ανακτήσουν τη βιοποικιλότητα https://t.co/zlvksBbFfl,περιβαλλον τα εγκαταλελειμμενα αγροκτηματα χρειαζονται δεκαετιεσ για να ανακτησουν τη βιοποικιλοτητα,0
ΕΕΣ: Κατώτερα των φιλοδοξιών τα επιτεύγματα της 'Παγκόσμιας Συμμαχίας για την κλιματική αλλαγή' https://t.co/IqbY67xX7S,εες κατωτερα των φιλοδοξιων τα επιτευγματα τησ παγκοσμιασ συμμαχιασ για την κλιματικη αλλαγη,0
«Βιώσιμη ειρήνη» θα ζητήσει ο ΟΗΕ ενόψει της μαύρης επετείου της εισβολής στην Ουκρανία https://t.co/C875qQWkNR,βιωσιμη ειρηνη θα ζητησει ο οηε ενοψει τησ μαυρησ επετειου τησ εισβολησ στην ουκρανια,0
RT @Wyrlpx99hhKzSky: Το να πάρεις έναν καλό παίκτη να παίξει για τον σύλλογο είναι κάτι εφικτό. Το να βελτιωθεί σαν παίκτης στ περιβάλλον τ…,rt wyrlpxhhkzsky το να παρεισ εναν καλο παικτη να παιξει για τον συλλογο ειναι κατι εφικτο το να βελτιωθει σαν παικτησ στ περιβαλλον τ,0
HELMEPA: Κτύπησε το κουδούνι στη βιώσιμη ανάπτυξη στο Χρηματιστήριο Αθηνών (pic) https://t.co/PPvPhzg0CS,helmepa κτυπησε το κουδουνι στη βιωσιμη αναπτυξη στο χρηματιστηριο αθηνων pic,0
B. Κικίλιας: Η νησιωτικότητα στρατηγικό πλεονέκτημα της Ελλάδας και στον βιώσιμο τουρισμό https://t.co/8LU9CGUvLZ,b κικιλιασ η νησιωτικοτητα στρατηγικο πλεονεκτημα τησ ελλαδασ και στον βιωσιμο τουρισμο,0
Θοδωρής Σακελλαρίου (Unilever Food Solutions): Τα στοιχήματα στο HORECA και η στροφή στη βιώσιμη ανάπτυξη https://t.co/Vl9O8xRflk,θοδωρησ σακελλαριου unilever food solutions τα στοιχηματα στο horeca και η στροφη στη βιωσιμη αναπτυξη,0
"RT @Marka2free: Κάθε βδομαδα έχουμε δυο σκάνδαλα στο περιβάλλον του Πρωθυπουργού.
Η μποχα δεν μας επιτρέπει να αναπνεύσουμε 
Ο υφυπουργός π…",rt markafree καθε βδομαδα εχουμε δυο σκανδαλα στο περιβαλλον του πρωθυπουργου η μποχα δεν μασ επιτρεπει να αναπνευσουμε ο υφυπουργοσ π,0
Κόκκαλης με Σύλλογο Ποντίων Λάρισας: Εδώ και τώρα δίκαιη και βιώσιμη λύση για τα δάνεια των παλινοστούντων ομογενών https://t.co/dikjWooC0q,κοκκαλησ με συλλογο ποντιων λαρισασ εδω και τωρα δικαιη και βιωσιμη λυση για τα δανεια των παλινοστουντων ομογενων,0
ΥΠΕΝ: Ο θαλάσσιος χωροταξικός σχεδιασμός διασφαλίζει την ειρήνη και προστατεύει το περιβάλλον https://t.co/Z5vBfsFanl,υπεν ο θαλασσιοσ χωροταξικοσ σχεδιασμοσ διασφαλιζει την ειρηνη και προστατευει το περιβαλλον,0
PepsiCo Hellas: Ένας χρόνος Pep+ για ένα βιώσιμο μέλλον - Ο απολογισμός των δράσεων αειφόρου ανάπτυξης (vid) https://t.co/0xBFn59jGE,pepsico hellas ενασ χρονοσ pep για ενα βιωσιμο μελλον ο απολογισμοσ των δρασεων αειφορου αναπτυξησ vid,0
Β. Κικίλιας: Η επιτυχία του τουρισμού συμβάλλει στη βιώσιμη ανάπτυξη και στη κοινωνική συνοχή https://t.co/0nxFeQQToN,β κικιλιασ η επιτυχια του τουρισμου συμβαλλει στη βιωσιμη αναπτυξη και στη κοινωνικη συνοχη,0
Κικίλιας: Η επιτυχία του τουρισμού συμβάλλει στη βιώσιμη ανάπτυξη και στη κοινωνική συνοχή https://t.co/Rei1YPagCA,κικιλιασ η επιτυχια του τουρισμου συμβαλλει στη βιωσιμη αναπτυξη και στη κοινωνικη συνοχη,0
Greenpeace: Οι συνέπειες της ρωσικής εισβολής και του πολέμου στο φυσικό περιβάλλον https://t.co/kHknAYVMnq,greenpeace οι συνεπειεσ τησ ρωσικησ εισβολησ και του πολεμου στο φυσικο περιβαλλον,0
Συνέδριο Energy Efficiency in Buildings Conference 2023: «Έξυπνα» κτίρια για καλύτερο περιβάλλον και εξοικονόμηση ενέργειας https://t.co/yo3ZgYswsh,συνεδριο energy efficiency in buildings conference εξυπνα κτιρια για καλυτερο περιβαλλον και εξοικονομηση ενεργειασ,0
Καραμανλής: Η μετάβαση στις πράσινες μεταφορές προϋποθέτει επενδύσεις και ισχυρό νομοθετικό ρυθμιστικό περιβάλλον https://t.co/kg55vic2mw,καραμανλησ η μεταβαση στισ πρασινεσ μεταφορεσ προϋποθετει επενδυσεισ και ισχυρο νομοθετικο ρυθμιστικο περιβαλλον,0
"RT @nikos_sverkos: Την μια φταίει η κακιά η στιγμή. Την άλλη ένας άνθρωπος. Και την τρίτη, απλά η κλιματική αλλαγή.
Ποτέ κάποιος από την κυ…",rt nikos_sverkos την μια φταιει η κακια η στιγμη την αλλη ενασ ανθρωποσ και την τριτη απλα η κλιματικη αλλαγη ποτε καποιοσ απο την κυ,0
"RT @sleepygeor: Ζούμε στη χώρα που αν αποκλειστείς από το χιόνι ή καείς σε μία δασική φωτιά φταίει η κλιματική αλλαγή, που αν δεν είχες που…",rt sleepygeor ζουμε στη χωρα που αν αποκλειστεισ απο το χιονι η καεισ σε μια δασικη φωτια φταιει η κλιματικη αλλαγη που αν δεν ειχεσ που,0
"""Περιβάλλον"" Κ. Καραμανλή: Οι απόψεις Ρουσόπουλου είναι προσωπικές https://t.co/rFdjPkWff2",περιβαλλον κ καραμανλη οι αποψεισ ρουσοπουλου ειναι προσωπικεσ,0
"Οι γαλάζιες ""φωτιές"" για την υποψηφιότητα του Κ. Αχ Καραμανλή και το ""περιβάλλον"" του πρώην πρωθυπουργού https://t.co/IMZmRaj4lG",οι γαλαζιεσ φωτιεσ για την υποψηφιοτητα του κ αχ καραμανλη και το περιβαλλον του πρωην πρωθυπουργου,0
#radioarvyla συνεχίστε να είστε οι φωνή μας και ξευτιλιστε τους ξεφτιλισμένους που κυβερνούν τον τόπο και που μέχρι τωρα ζούσαν σε ασφαλές περιβάλλον παρα τα αίσχη τους μέσω των πετσοταισμενων δημοσιογράφων!!!👍,radioarvyla συνεχιστε να ειστε οι φωνη μασ και ξευτιλιστε τουσ ξεφτιλισμενουσ που κυβερνουν τον τοπο και που μεχρι τωρα ζουσαν σε ασφαλεσ περιβαλλον παρα τα αισχη τουσ μεσω των πετσοταισμενων δημοσιογραφων,0
Αγροτικές Ειδήσεις: ΚΑΠ: Ο κομβικός ρόλος της ευρωπαϊκής αγροτικής πολιτικής για ένα βιώσιμο σύστημα τροφίμων https://t.co/azF3bX2gY2,αγροτικεσ ειδησεισ καπ ο κομβικοσ ρολοσ τησ ευρωπαϊκησ αγροτικησ πολιτικησ για ενα βιωσιμο συστημα τροφιμων,0
Ελληνικός Χρυσός: Ανάπτυξη με σεβασμό στο περιβάλλον https://t.co/xohDuyZQRE,ελληνικοσ χρυσοσ αναπτυξη με σεβασμο στο περιβαλλον,0
Ελληνικός Χρυσός: Ανάπτυξη με σεβασμό στο περιβάλλον https://t.co/VN9wiZ3nWZ,ελληνικοσ χρυσοσ αναπτυξη με σεβασμο στο περιβαλλον,0
"RT @tetRadio: Πριονοκορδέλα από την Καθημερινή για το Ν/Σ για το περιβάλλον! Ζητάει «οριστική απόσυρση», η κυβέρνηση το ανέβαλε για μία εβδ…",rt tetradio πριονοκορδελα απο την καθημερινη για το νς για το περιβαλλον ζηταει οριστικη αποσυρση η κυβερνηση το ανεβαλε για μια εβδ,0
"RT @stratakisi: Πρωθυπουργική εμφάνιση #Τσίπρα στο ΜΕΓΚΑ! 
Ρωτήθηκε για όλα και απάντησε σε ολα, σε ενα μη φιλικο περιβάλλον. Ας τολμήσει τ…",rt stratakisi πρωθυπουργικη εμφανιση τσιπρα στο μεγκα ρωτηθηκε για ολα και απαντησε σε ολα σε ενα μη φιλικο περιβαλλον ασ τολμησει τ,0
"RT @temiszafiriou: #Τσιπρας στο #Mega:
Φάπες μαλακές έριξε. Με το γάντι. Ως φαίνεται, οι ολιγάρχες δεν τραβούν το χαλί απ τον #Μητσοτάκη (μ…",rt temiszafiriou τσιπρασ στο mega φαπεσ μαλακεσ εριξε με το γαντι ωσ φαινεται οι ολιγαρχεσ δεν τραβουν το χαλι απ τον μητσοτακη μ,0
"RT @IosifKapa: Ο Πρετεντέρης δεν τον αφήνει να αρθρώσει 5 συνεχόμενες λέξεις χωρίς διακοπή για νέα ερώτηση, αλλά ο #Τσιπρας δεν μασάει και…",rt iosifkapa ο πρετεντερησ δεν τον αφηνει να αρθρωσει συνεχομενεσ λεξεισ χωρισ διακοπη για νεα ερωτηση αλλα ο τσιπρασ δεν μασαει και,0
Κομισιόν: Πράσινη ενέργεια made in the EU - Αυτές είναι οι προτάσεις https://t.co/V1oQZEoZMQ,κομισιον πρασινη ενεργεια made in the eu αυτεσ ειναι οι προτασεισ,0
"RT @mgrigorakis: Ο νέος αρχηγός της ΕΛΑΣ είναι λέει κάτοχος πτυχίου ανοικτού πανεπιστημίου του δήμου Θεσσαλονίκης σε διοίκηση, οικονομία, ι…",rt mgrigorakis ο νεοσ αρχηγοσ τησ ελας ειναι λεει κατοχοσ πτυχιου ανοικτου πανεπιστημιου του δημου θεσσαλονικησ σε διοικηση οικονομια ι,0
"RT @michaelstath: Παρακολουθούμε έναν επικίνδυνο  άνθρωπο, προστατευμένο σε ένα αποστειρωμένο περιβάλλον, που έχει ξεχάσει ότι είναι Πρωθυπ…",rt michaelstath παρακολουθουμε εναν επικινδυνο ανθρωπο προστατευμενο σε ενα αποστειρωμενο περιβαλλον που εχει ξεχασει οτι ειναι πρωθυπ,0
Σε νέο ψηφιακό περιβάλλον η φορολογία με τη διασύνδεση ταμειακών μηχανών και POS - Πώς θα λειτουργήσει https://t.co/aAtjcDHNVo,σε νεο ψηφιακο περιβαλλον η φορολογια με τη διασυνδεση ταμειακων μηχανων και pos πωσ θα λειτουργησει,0
Έρευνα ΕΥ: Διάσταση απόψεων μεταξύ επιχειρήσεων και επενδυτών ως προς τις πρωτοβουλίες για βιώσιμη ανάπτυξη #capitalgr https://t.co/DAJCR9qnCC,ερευνα ευ διασταση αποψεων μεταξυ επιχειρησεων και επενδυτων ωσ προσ τισ πρωτοβουλιεσ για βιωσιμη αναπτυξη capitalgr,0
Σε νέο ψηφιακό περιβάλλον η φορολογία με την διασύνδεση ταμειακών μηχανών και POS - Πώς θα λειτουργήσει #capitalgr https://t.co/YS7vKFzzKa,σε νεο ψηφιακο περιβαλλον η φορολογια με την διασυνδεση ταμειακων μηχανων και pos πωσ θα λειτουργησει capitalgr,0
Lamda Development: Έμφαση στην κυκλική οικονομία και σε έργα υποδομής για βιώσιμη ανάπτυξη https://t.co/fWOiEdHlVt,lamda development εμφαση στην κυκλικη οικονομια και σε εργα υποδομησ για βιωσιμη αναπτυξη,0
Η υποστήριξη των πολιτών στις πολιτικές για την κλιματική αλλαγή είναι απαραίτητη για την πράσινη μετάβαση #capitalgr https://t.co/6QDMaRXyOj,η υποστηριξη των πολιτων στισ πολιτικεσ για την κλιματικη αλλαγη ειναι απαραιτητη για την πρασινη μεταβαση capitalgr,0
Ελληνικό: Έμφαση στην κυκλική οικονομία και σε έργα υποδομής για βιώσιμη ανάπτυξη από την Lamda Development #capitalgr https://t.co/dDxDdvOg2M,ελληνικο εμφαση στην κυκλικη οικονομια και σε εργα υποδομησ για βιωσιμη αναπτυξη απο την lamda development capitalgr,0
Φον ντερ Λάιεν: Μη βιώσιμη η αποσύνδεση της ΕΕ από την Κίνα - Πρέπει να υπάρξει όμως μείωση ρίσκου #capitalgr https://t.co/31oTV7J9wX,φον ντερ λαιεν μη βιωσιμη η αποσυνδεση τησ εε απο την κινα πρεπει να υπαρξει ομωσ μειωση ρισκου capitalgr,0
EY: Οι προσδοκίες των καταναλωτών και η κερδοφορία των επιχειρήσεων κινητήριες δυνάμεις για τη βιώσιμη ανάπτυξη #capitalgr https://t.co/JX8ULnunzk,ey οι προσδοκιεσ των καταναλωτων και η κερδοφορια των επιχειρησεων κινητηριεσ δυναμεισ για τη βιωσιμη αναπτυξη capitalgr,0
Πετρέλαιο: Τι σημαίνει η κίνηση-σοκ του OPEC+ για τη μετάβαση στην πράσινη ενέργεια https://t.co/EJbUWC1fb1,πετρελαιο τι σημαινει η κινησησοκ του opec για τη μεταβαση στην πρασινη ενεργεια,0
RT @atsipras: Στο εξής η εξωδικαστική ρύθμιση γίνεται υποχρεωτική. Κανένα fund δε θα μπορεί να κάνει bypass την υποχρέωση να προτείνει βιώσ…,rt atsipras στο εξησ η εξωδικαστικη ρυθμιση γινεται υποχρεωτικη κανενα fund δε θα μπορει να κανει bypass την υποχρεωση να προτεινει βιωσ,0
RT @atsipras: Στο εξής η εξωδικαστική ρύθμιση γίνεται υποχρεωτική. Κανένα fund δε θα μπορεί να κάνει bypass την υποχρέωση να προτείνει βιώσ…,rt atsipras στο εξησ η εξωδικαστικη ρυθμιση γινεται υποχρεωτικη κανενα fund δε θα μπορει να κανει bypass την υποχρεωση να προτεινει βιωσ,0
RT @atsipras: Στο εξής η εξωδικαστική ρύθμιση γίνεται υποχρεωτική. Κανένα fund δε θα μπορεί να κάνει bypass την υποχρέωση να προτείνει βιώσ…,rt atsipras στο εξησ η εξωδικαστικη ρυθμιση γινεται υποχρεωτικη κανενα fund δε θα μπορει να κανει bypass την υποχρεωση να προτεινει βιωσ,0
@kalabrytinos Η κλιματική αλλαγή φταίει.  Λιωσαν τα παγόβουνα.,kalabrytinos η κλιματικη αλλαγη φταιει λιωσαν τα παγοβουνα,0
RT @AretiAthanasiu: Ολιγωρία των Αρχών σε υπόθεση σεξουαλικής κακοποίησης 10χρονης από τον ίδιο της τον πατέρα που έχει άμεση σχέση με το π…,rt aretiathanasiu ολιγωρια των αρχων σε υποθεση σεξουαλικησ κακοποιησησ χρονησ απο τον ιδιο τησ τον πατερα που εχει αμεση σχεση με το π,0
''The New Daily Mail'': Φον ντερ Λάιεν: Δεν είναι βιώσιμη η αποσύνδεση από... https://t.co/vJP6PV0BeM,the new daily mail φον ντερ λαιεν δεν ειναι βιωσιμη η αποσυνδεση απο,0
"RT @yanisvaroufakis: Νάτα μας: EXXON, HALLIBURTON &amp; CHEVRON, οι εταιρείες που ακολούθησαν τον στρατό των ΗΠΑ στο Ιράκ, τώρα μπαίνουν γερά σ…",rt yanisvaroufakis νατα μασ exxon halliburton amp chevron οι εταιρειεσ που ακολουθησαν τον στρατο των ηπα στο ιρακ τωρα μπαινουν γερα σ,0
RT @atsipras: Ζητάω ισχυρή λαϊκή εντολή με νίκη του ΣΥΡΙΖΑ για να σχηματίσουμε προοδευτική κυβέρνηση συνεργασίας την επόμενη των εκλογών. Τ…,rt atsipras ζηταω ισχυρη λαϊκη εντολη με νικη του συριζα για να σχηματισουμε προοδευτικη κυβερνηση συνεργασιασ την επομενη των εκλογων τ,0
"Ξαναζούμε εκλογική αναμέτρηση με ατζέντα του 2000. Τι ακούμε: Μνημόνια, πλειστηριασμούς, επιστροφή σε δρχ, μεταναστευτικό. Τι δεν ακούμε: κλιματική αλλαγή, sustainable tourism, ανάπτυξη γεωργίας με νέες τεχνολογίες, AI, Machine Learning. Κοινώς θα μας πάρει και θα μας σηκώσει.",ξαναζουμε εκλογικη αναμετρηση με ατζεντα του τι ακουμε μνημονια πλειστηριασμουσ επιστροφη σε δρχ μεταναστευτικο τι δεν ακουμε κλιματικη αλλαγη sustainable tourism αναπτυξη γεωργιασ με νεεσ τεχνολογιεσ ai machine learning κοινωσ θα μασ παρει και θα μασ σηκωσει,0
"και καλύτερα όπλα και μετά προσπαθούμε να το κάνουμε να μοιάζει ότι προωθούμε την ειρήνη.

Δεν ακυρώνουμε εξορύξεις επειδή θέλουμε περισσότερη πράσινη ενέργεια ή για άλλα πράσινα άλογα. Κάνουμε εξορύξεις και μετά στρέφουμε τις κάμερες στο πόσο πράσινο είναι το Ελληνικό πχ. -&gt;",και καλυτερα οπλα και μετα προσπαθουμε να το κανουμε να μοιαζει οτι προωθουμε την ειρηνη δεν ακυρωνουμε εξορυξεισ επειδη θελουμε περισσοτερη πρασινη ενεργεια η για αλλα πρασινα αλογα κανουμε εξορυξεισ και μετα στρεφουμε τισ καμερεσ στο ποσο πρασινο ειναι το ελληνικο πχ gt,0
RT @GreekAnalyst: Δεν υπάρχει τίποτα πιο ταξικό από όσους επιλέγουν για εκείνους ή τα παιδιά τους τον δρόμο (1) κορυφαίων ιδιωτικών πανεπισ…,rt greekanalyst δεν υπαρχει τιποτα πιο ταξικο απο οσουσ επιλεγουν για εκεινουσ η τα παιδια τουσ τον δρομο κορυφαιων ιδιωτικων πανεπισ,0
"@hellaspecial @dimitrisnatsis @Stoikos0 Γτ άμα θέλουμε να γίνουμε ανταγωνιστικοί με όρους Ασίας κ Αφρικής,δλδ μισθοί χωρίς μέλλον κ να μην καλύπτουν το μήνα,ναι είν' ανταγωνιστικός σαν κράτος αλλά δεν θα μείνει κανείς στην χώρα. Γιατί κράτος στο οποίο το ενοίκιο αναλογεί με το 50+% του μισθού δν είν' βιώσιμο",hellaspecial dimitrisnatsis stoikos γτ αμα θελουμε να γινουμε ανταγωνιστικοι με ορουσ ασιασ κ αφρικησδλδ μισθοι χωρισ μελλον κ να μην καλυπτουν το μηναναι ειν ανταγωνιστικοσ σαν κρατοσ αλλα δεν θα μεινει κανεισ στην χωρα γιατι κρατοσ στο οποιο το ενοικιο αναλογει με το του μισθου δν ειν βιωσιμο,0
"RT @KostasVaxevanis: Φαντάζεστε τι σημαίνει σε εικόνα και ήχο το να πραγματοποιηθεί αυτό που ζητάμε εδώ και καιρό, να δεχθεί ο #Μητσοτακης…",rt kostasvaxevanis φανταζεστε τι σημαινει σε εικονα και ηχο το να πραγματοποιηθει αυτο που ζηταμε εδω και καιρο να δεχθει ο μητσοτακησ,0
Για τις αειφόρες γεωργικές πρακτικές που χρησιμοποιούνται στην καλλιέργεια των ελαιόδεντρων στην εκδήλωση που διοργάνωσε η Σχολή Δημόσιας Υγείας του #Yale (School of Public Health) με θέμα «Ελαιόλαδο – Περιβάλλον – Μεσογειακή Διατρ…https://t.co/Q1bOpRZbqe https://t.co/EF8CBeMaAP,για τισ αειφορεσ γεωργικεσ πρακτικεσ που χρησιμοποιουνται στην καλλιεργεια των ελαιοδεντρων στην εκδηλωση που διοργανωσε η σχολη δημοσιασ υγειασ του yale school of public health με θεμα ελαιολαδο περιβαλλον μεσογειακη διατρ,0
"https://t.co/yOMb2wLADX - 7ος Εθνικός Διαγωνισμός με θέμα: ""Περιβάλλον. Μετανάστευση. Πανδημία. 25 Χρόνια λειτουργίας της Πνευμονολογικής κλινικής του Πανεπιστημίου Θεσσαλίας"" https://t.co/ANcSYjRDqT",οσ εθνικοσ διαγωνισμοσ με θεμα περιβαλλον μεταναστευση πανδημια χρονια λειτουργιασ τησ πνευμονολογικησ κλινικησ του πανεπιστημιου θεσσαλιασ,0
"Παγκόσμια Ημέρα Περιβάλλοντος 2023: Με πυξίδα τη βιώσιμη ανάπτυξη η ΔΕΗ επενδύει σε ένα πράσινο, καλύτερο μέλλον (pics) | Ειδήσεις για την Οικονομία | newmoney https://t.co/KeB2EqubFS",παγκοσμια ημερα περιβαλλοντοσ με πυξιδα τη βιωσιμη αναπτυξη η δεη επενδυει σε ενα πρασινο καλυτερο μελλον pics ειδησεισ για την οικονομια newmoney,0
"RT @atsipras: Βήμα 1ο: Ανασυγκροτούμε το παραγωγικό και αναπτυξιακό μοντέλο. Για μια δίκαιη, βιώσιμη και πράσινη ανάπτυξη. Για μια οικονομί…",rt atsipras βημα ο ανασυγκροτουμε το παραγωγικο και αναπτυξιακο μοντελο για μια δικαιη βιωσιμη και πρασινη αναπτυξη για μια οικονομι,0
Σεμίραμις Παληού από το Όσλο: Από τις ηγέτιδες εταιρείες διεθνώς στον δρόμο για την πράσινη μετάβαση η Diana Shipping | Ειδήσεις για την Οικονομία | newmoney https://t.co/ZIIsvPaJnG,σεμιραμισ παληου απο το οσλο απο τισ ηγετιδεσ εταιρειεσ διεθνωσ στον δρομο για την πρασινη μεταβαση η diana shipping ειδησεισ για την οικονομια newmoney,0
Επτά παιδιά θετικά στον στρεπτόκοκκο Α -Τα 3 από το περιβάλλον του 7χρονου που έχασε τη ζωή του #capitalgr https://t.co/pasp6hEMS8,επτα παιδια θετικα στον στρεπτοκοκκο α τα απο το περιβαλλον του χρονου που εχασε τη ζωη του capitalgr,0
ΑΒ Βασιλόπουλος: Eπιβραβεύεται για την καινοτομία της και τον σεβασμό προς το περιβάλλον | Ειδήσεις για την Οικονομία | newmoney https://t.co/cE1NDbeH7Y,αβ βασιλοπουλοσ eπιβραβευεται για την καινοτομια τησ και τον σεβασμο προσ το περιβαλλον ειδησεισ για την οικονομια newmoney,0
Lidl Ελλάς: Επενδύει στην πράσινη ενέργεια | Ειδήσεις για την Οικονομία | newmoney https://t.co/X5AYT094J3,lidl ελλασ επενδυει στην πρασινη ενεργεια ειδησεισ για την οικονομια newmoney,0
Στο Παρίσι ξεκινά η προσπάθεια για ένα νέο Μπρέτον Γουντς – Φτώχεια και κλιματική αλλαγή στο επίκεντρο | Ειδήσεις για την Οικονομία | newmoney https://t.co/HBOAtCx7xq,στο παρισι ξεκινα η προσπαθεια για ενα νεο μπρετον γουντσ φτωχεια και κλιματικη αλλαγη στο επικεντρο ειδησεισ για την οικονομια newmoney,0
Έρευνα ΣΕΒ: Το 53% των επιχειρήσεων δεν είναι επαρκώς ενημερωμένες για την Κυκλική Οικονομία | Ειδήσεις για την Οικονομία | newmoney https://t.co/I1X54p7EHQ,ερευνα σεβ το των επιχειρησεων δεν ειναι επαρκωσ ενημερωμενεσ για την κυκλικη οικονομια ειδησεισ για την οικονομια newmoney,0
