text,text_processed,topic
Στο μεταβαλλόμενο περιβάλλον της σύγχρονης εποχής η υιοθέτηση πρακτικών διαχείρισης κινδύνων αποτελεί μονόδρομο για τη βιώσιμη ανάπτυξη https://t.co/zjHX84K7mb https://t.co/63TgIKd5A9,στο μεταβαλλομενο περιβαλλον τησ συγχρονησ εποχησ η υιοθετηση πρακτικων διαχειρισησ κινδυνων αποτελει μονοδρομο για τη βιωσιμη αναπτυξη,1
Καραμανλής: Πράσινο το σύνολο των έργων υποδομών - Φιλικά προς το περιβάλλον τα 1.300 νέα λεωφορεία που έρχονται https://t.co/WJgrYzSZw0,καραμανλησ πρασινο το συνολο των εργων υποδομων φιλικα προσ το περιβαλλον τα νεα λεωφορεια που ερχονται,1
Ανανεώσιμες Πηγές Ενέργειας: Το λάθος μείγμα στην Ελλάδα - Οι κίνδυνοι από τη μονοκαλλιέργεια https://t.co/lnKE3n3qdo,ανανεωσιμεσ πηγεσ ενεργειασ το λαθοσ μειγμα στην ελλαδα οι κινδυνοι απο τη μονοκαλλιεργεια,1
"Τέσσερις αντιπροτάσεις #Ερσίν_Τατάρ στα ΜΟΕ #Αναστασιάδη: Υδρογονάνθρακες, υδάτινοι πόροι, ηλεκτρική και πράσινη ενέργεια https://t.co/2ldqyyVBaK via @politis_news #Κύπρος #Κυπριακό",τεσσερισ αντιπροτασεισ ερσιν_ταταρ στα μοε αναστασιαδη υδρογονανθρακεσ υδατινοι ποροι ηλεκτρικη και πρασινη ενεργεια via politis_news κυπροσ κυπριακο,1
"Μπορεί ο Θάνος Πλεύρης να αποφεύγει όπως ο διάολος το λιβάνι τους δημοσιογράφους του Documento όταν του ζητούν μια δήλωση, αλλά αν πρόκειται για το ασφαλές περιβάλλον που εξασφαλίζει μία ανάρτηση στο Twitter, δεν έχει πρόβλημα να τοποθετηθεί δημόσια https://t.co/cAt9pwKKus",μπορει ο θανοσ πλευρησ να αποφευγει οπωσ ο διαολοσ το λιβανι τουσ δημοσιογραφουσ του documento οταν του ζητουν μια δηλωση αλλα αν προκειται για το ασφαλεσ περιβαλλον που εξασφαλιζει μια αναρτηση στο twitter δεν εχει προβλημα να τοποθετηθει δημοσια,1
RT @OlympiaAnast: Άρθρο μου στο ετήσιο έντυπο Thought Leaders 2022 του @gtpgr  σχετικά με τον βιώσιμο τουρισμό.👉Amid an unprecedented inter…, olympiaanast αρθρο μου στο ετησιο εντυπο thought leaders του gtpgr σχετικα με τον βιωσιμο τουρισμοamid an unprecedented inter,1
"Χανιά: Ο ενεργειακός μετασχηματισμός, στο επίκεντρο του 6ου Παγκρήτιου Ενεργειακού Συνεδρίου

https://t.co/xUkmas00nK https://t.co/GXxe5e4Qty",χανια ο ενεργειακοσ μετασχηματισμοσ στο επικεντρο του ου παγκρητιου ενεργειακου συνεδριου,1
"Καθώς η #αναζήτηση για λιγότερο βλαβερές για το #περιβάλλον αερομεταφορές συνεχίζεται, μια ισπανική αεροπορική #εταιρεία ανέλαβε την τεράστια #πρόκληση να παραγγείλει νέα υβριδικά #αερόπλοια.
#Διεθνη 

https://t.co/J9U6PcNdD4",καθωσ η αναζητηση για λιγοτερο βλαβερεσ για το περιβαλλον αερομεταφορεσ συνεχιζεται μια ισπανικη αεροπορικη εταιρεια ανελαβε την τεραστια προκληση να παραγγειλει νεα υβριδικα αεροπλοια διεθνη,1
"Βασίλης Κικίλιας: 
«Νούμερο 1 προορισμός η Ελλάδα για τους ταξιδιώτες από Γαλλία και Ιταλία» 

Ο υπουργός Τουρισμού επισήμανε, ότι παρά το παγκόσμιο ασταθές περιβάλλον, τα αποτελέσματα που υπάρχουν στις αφίξεις τουριστών στη χώρα μας είναι εντυπωσιακά

https://t.co/arzQCKG3DZ https://t.co/kGhr1hCAgb",βασιλησ κικιλιασ νουμερο προορισμοσ η ελλαδα για τουσ ταξιδιωτεσ απο γαλλια και ιταλια ο υπουργοσ τουρισμου επισημανε οτι παρα το παγκοσμιο ασταθεσ περιβαλλον τα αποτελεσματα που υπαρχουν στισ αφιξεισ τουριστων στη χωρα μασ ειναι εντυπωσιακα,1
"«Η Ελλάδα είναι φέτος ο νούμερο 1 προορισμός για τους ταξιδιώτες από Γαλλία και Ιταλία» ανέφερε ο υπουργός Τουρισμού Βασίλης Κικίλιας μιλώντας στον τηλεοπτικό σταθμό Open, επισημαίνοντας ότι -παρά το παγκόσμιο ασταθές περιβάλλον- τα εντυπωσιακά

https://t.co/ttKZ0oG5DQ",η ελλαδα ειναι φετοσ ο νουμερο προορισμοσ για τουσ ταξιδιωτεσ απο γαλλια και ιταλια ανεφερε ο υπουργοσ τουρισμου βασιλησ κικιλιασ μιλωντασ στον τηλεοπτικο σταθμο open επισημαινοντασ οτι παρα το παγκοσμιο ασταθεσ περιβαλλον τα εντυπωσιακα,1
"Τα Ηνωμένα Έθνη έχουν ορίσει την βιώσιμη ανάπτυξη στην έκθεση Brundtland, ως «μια ανάπτυξη που ικανοποιεί τις ανάγκες του παρόντος χωρίς να διακυβεύει την ικανότητα των μελλοντικών γενεών να ικανοποιήσουν τις δικές τους ανάγκες».

https://t.co/vDOUmApXg3",τα ηνωμενα εθνη εχουν ορισει την βιωσιμη αναπτυξη στην εκθεση brundtland ωσ μια αναπτυξη που ικανοποιει τισ αναγκεσ του παροντοσ χωρισ να διακυβευει την ικανοτητα των μελλοντικων γενεων να ικανοποιησουν τισ δικεσ τουσ αναγκεσ,1
"να κάτι τέτοια αρθράκια συνοψίζουν μέσα σε πενήντα λέξεις όλη την παράνοια του παλιού καλού καπιταλισμού με αλατοπίπερο την ηθική του ύστερου, καταστρέφεις το περιβάλλον για ωφελιμιστικούς λόγους, τώρα, ακριβώς για τους ίδιους λόγους, θα το προστατεύσεις. https://t.co/CovkJyZrdl",να κατι τετοια αρθρακια συνοψιζουν μεσα σε πενηντα λεξεισ ολη την παρανοια του παλιου καλου καπιταλισμου με αλατοπιπερο την ηθικη του υστερου καταστρεφεισ το περιβαλλον για ωφελιμιστικουσ λογουσ τωρα ακριβωσ για τουσ ιδιουσ λογουσ θα το προστατευσεισ,1
[Κλικ και διαβάστε στο NewsBeast]Οι  #Ελληνίδες υφάντρες που υπερασπίζονται τη βιώσιμη μόδα μέσω αρχαίων τεχνικών https://t.co/2Pfr8pqKBx,κλικ και διαβαστε στο newsbeastοι ελληνιδεσ υφαντρεσ που υπερασπιζονται τη βιωσιμη μοδα μεσω αρχαιων τεχνικων,1
ΙΛΛΥΡΙΑ WEB TV | ΟΙΚΟΝΟΜΙΑ ΚΑΙ ΠΕΡΙΒΑΛΛΟΝ | ΕΙΡΗΝΗ ΚΑΝΕΛΛΟΥ https://t.co/yondm4gZCs,ιλλυρια web tv οικονομια και περιβαλλον ειρηνη κανελλου,1
"ΠΔΕ: Ημερίδα της UNESCO, για την Εκπαίδευση τον Πολιτισμό &amp; τη Βιώσιμη Ανάπτυξη https://t.co/wYM3ZPjSVg",πδε ημεριδα τησ unesco για την εκπαιδευση τον πολιτισμο amp τη βιωσιμη αναπτυξη,1
Το περιβάλλον ως ...επαγγελματική διέξοδος - Συνέντευξη του Ευθύμιου Προβίδα στην Πολιτεία https://t.co/buUxjvFWsl,το περιβαλλον ωσ επαγγελματικη διεξοδοσ συνεντευξη του ευθυμιου προβιδα στην πολιτεια,1
ΠΕΡΙΒΑΛΛΟΝ – Η ΜΟΛΥΝΣΗ ΤΩΝ ΥΔΑΤΩΝ https://t.co/xhaeyPwZl8,περιβαλλον η μολυνση των υδατων,1
Καρδία: Εγκαινιάστηκε το Πάρκο Φυτοποικιλότητας με τα χίλια σπάνια φυτά https://t.co/gefkdgY1Ba #ΔΗΜΟΤΙΚΑ #ΔΤ #ΚΑΡΔΙΑ #ΠΕΡΙΒΑΛΛΟΝ https://t.co/V0peLWJLG2,καρδια εγκαινιαστηκε το παρκο φυτοποικιλοτητασ με τα χιλια σπανια φυτα δημοτικα δτ καρδια περιβαλλον,1
Πώς θα περνάς τέλεια στην παραλία χωρίς να επιβαρύνεις το περιβάλλον https://t.co/l1KdMzeYvg,πωσ θα περνασ τελεια στην παραλια χωρισ να επιβαρυνεισ το περιβαλλον,1
"#Ερευνητές της Κινεζικής Ακαδημίας Επιστημών, οι οποίοι έκαναν τη σχετική #δημοσίευση στο #περιοδικό βιοτεχνολογίας “#Nature_Biotechnology”, σύμφωνα με το #Live_Science
#Κλιματικη_αλλαγη #μικροβια #παγοι #περιβαλλον #Επιστημη #Υγεια 

https://t.co/TlXwd8b3gl",ερευνητεσ τησ κινεζικησ ακαδημιασ επιστημων οι οποιοι εκαναν τη σχετικη δημοσιευση στο περιοδικο βιοτεχνολογιασ nature_biotechnology συμφωνα με το live_science κλιματικη_αλλαγη μικροβια παγοι περιβαλλον επιστημη υγεια,1
Η στάση της κυβέρνησης και των κομμάτων κατασκεύασαν ένα εχθρικό περιβάλλον για τους πολίτες https://t.co/qksiZyal58 https://t.co/NGmog0Z28Y,η σταση τησ κυβερνησησ και των κομματων κατασκευασαν ενα εχθρικο περιβαλλον για τουσ πολιτεσ,1
RT @TakisKapetanio2: «Η σύγχρονη δημοκρατία έχει ιδιωτικοποιηθεί. Δεν είναι πια βιώσιμη»  https://t.co/n9uiKk5m5C, takiskapetanio η συγχρονη δημοκρατια εχει ιδιωτικοποιηθει δεν ειναι πια βιωσιμη,1
@NWOgohome @Epicrotus @kafros2016 Λάθος. Όλοι σε ένα ιδανικό περιβάλλον κάτι παραπάνωθα καταφέρναμε. Όσοι μένουμε είμαστε ήρωες και το πλήρωμα του χρόνου για το Έθνος.,nwogohome epicrotus kafros λαθοσ ολοι σε ενα ιδανικο περιβαλλον κατι παραπανωθα καταφερναμε οσοι μενουμε ειμαστε ηρωεσ και το πληρωμα του χρονου για το εθνοσ,1
RT @KostasVaxevanis: Ιωάννη Βαπτιστή δεν είναι περιβάλλον για να βάζεις τα άρθρα σου. Όπως βλέπεις δεν έχουν μεγάλη δημοφιλία. Όχι ότι έχου…, kostasvaxevanis ιωαννη βαπτιστη δεν ειναι περιβαλλον για να βαζεισ τα αρθρα σου οπωσ βλεπεισ δεν εχουν μεγαλη δημοφιλια οχι οτι εχου,1
Στη Φινλανδία η πρώτη στον κόσμο μπαταρία από άμμο που αποθηκεύει «πράσινη» ενέργεια - https://t.co/3v0HtATSpN https://t.co/SPC8Y0yjyv,στη φινλανδια η πρωτη στον κοσμο μπαταρια απο αμμο που αποθηκευει πρασινη ενεργεια,1
Φινλανδία: Μπαταρία άμμου αποθηκεύει πράσινη ενέργεια για μήνες – Πιθανή λύση στην ενεργειακή κρίση https://t.co/83KFxfWXgh,φινλανδια μπαταρια αμμου αποθηκευει πρασινη ενεργεια για μηνεσ πιθανη λυση στην ενεργειακη κριση,1
Δράση για το Περιβάλλον από το Κ.Δ.Α.Π Δήμου Κιλελέρ - LarissaPress https://t.co/xuZ8O61Rqp,δραση για το περιβαλλον απο το κδαπ δημου κιλελερ larissapress,1
«Θα συνεχίσουμε σε επόμενες δράσεις για το περιβάλλον και την πανέμορφη περιοχή μας» https://t.co/fUHKnAnr97,θα συνεχισουμε σε επομενεσ δρασεισ για το περιβαλλον και την πανεμορφη περιοχη μασ,1
"σπάθη ενός γενικευμένου πολέμου-, διαμορφώνει ένα άκρως ρευστό και ευμετάβλητο περιβάλλον.",σπαθη ενοσ γενικευμενου πολεμου διαμορφωνει ενα ακρωσ ρευστο και ευμεταβλητο περιβαλλον,1
"Ερευνητές εγκατέστησαν στη δυτική Φινλανδία την πρώτη στον κόσμο πλήρως λειτουργική μπαταρία άμμου, η οποία μπορεί να αποθηκεύσει «πράσινη» ενέργεια για μήνες

https://t.co/zIW743m75J",ερευνητεσ εγκατεστησαν στη δυτικη φινλανδια την πρωτη στον κοσμο πληρωσ λειτουργικη μπαταρια αμμου η οποια μπορει να αποθηκευσει πρασινη ενεργεια για μηνεσ,1
"Με στόχο να χρηματοδοτήσει επενδύσεις σε πράσινη ενέργεια, βιώσιμα κτήρια και συστήματα που δημιουργούν μια «έξυπνη» ενεργειακή πόλη στο Ελληνικό ξεκινάει αύριο Τετάρτη 6 Ιουλίου η δημόσια προσφορά για το επταετές «πράσινο» ομόλογο της Lamda Development

https://t.co/5xnBSVJ2a2 https://t.co/G2bhkE80bn",με στοχο να χρηματοδοτησει επενδυσεισ σε πρασινη ενεργεια βιωσιμα κτηρια και συστηματα που δημιουργουν μια εξυπνη ενεργειακη πολη στο ελληνικο ξεκιναει αυριο τεταρτη ιουλιου η δημοσια προσφορα για το επταετεσ πρασινο ομολογο τησ lamda development,1
Φινλανδία: Μπαταρία άμμου αποθηκεύει πράσινη ενέργεια για μήνες – Πιθανή λύση στην ενεργειακή κρίση ... https://t.co/uULSY3xvy8,φινλανδια μπαταρια αμμου αποθηκευει πρασινη ενεργεια για μηνεσ πιθανη λυση στην ενεργειακη κριση,1
"Μη βιώσιμο πλέον το all-inclusive για τον τουρισμό στην Τουρκία

https://t.co/eZYW1lL0M1

#Τουρκια  #allinclusive #τουρισμός #τουρίστες #ξενοδοχεία #οικονομία #πληθωρισμός #businessnews #biznews #biznewsgr",μη βιωσιμο πλεον το allinclusive για τον τουρισμο στην τουρκια τουρκια allinclusive τουρισμοσ τουριστεσ ξενοδοχεια οικονομια πληθωρισμοσ businessnews biznews biznewsgr,1
Attica Bank: Στόχος η λειτουργική κερδοφορία με περιβαλλοντικά βιώσιμη και κοινωνικά υπεύθυνη ανάπτυξη - https://t.co/td0fp9pdzb https://t.co/15YJpI9a2y,attica bank στοχοσ η λειτουργικη κερδοφορια με περιβαλλοντικα βιωσιμη και κοινωνικα υπευθυνη αναπτυξη,1
"Ο πιο αδικημένος ήταν ο βαλλαντης χάλασε η εικόνα του επαιτείας μιας αδυναμίας που χε και φυσικό είναι όταν συγκατοικείς μα άτομα σε τετιο περιβάλλον και το ειρωνικό αυτό που πε το πε κ η σταυρουλα 
 #survivorGR",ο πιο αδικημενοσ ηταν ο βαλλαντησ χαλασε η εικονα του επαιτειασ μιασ αδυναμιασ που χε και φυσικο ειναι οταν συγκατοικεισ μα ατομα σε τετιο περιβαλλον και το ειρωνικο αυτο που πε το πε κ η σταυρουλα survivorgr,1
Τρίτη παραίτηση από το στενό περιβάλλον του Τζόνσον: Παραιτήθηκε ο αντιπρόεδρος των Συντηρητικών Μπιμ Αφολάμι - mononews #mononewsGR https://t.co/OwcFzJEbCx,τριτη παραιτηση απο το στενο περιβαλλον του τζονσον παραιτηθηκε ο αντιπροεδροσ των συντηρητικων μπιμ αφολαμι mononews mononewsgr,1
[Κλικ και διαβάστε στο mononews]Τρίτη παραίτηση από το στενό περιβάλλον του  #Τζόνσον: Παραιτήθηκε ο  #Αντιπρόεδρος των Συντηρητικών Μπιμ Αφολά https://t.co/82ZrpcF898,κλικ και διαβαστε στο mononewsτριτη παραιτηση απο το στενο περιβαλλον του τζονσον παραιτηθηκε ο αντιπροεδροσ των συντηρητικων μπιμ αφολα,1
"Στο τέλος του 2022 το 50% της ζήτησης ηλεκτρικής ενέργειας στην Ελλάδα θα καλύπτεται από Ανανεώσιμες Πηγές Ενέργειας, ανέφερε ο υπουργός Περιβάλλοντος και Ενέργειας @KostasSkrekas μιλώντας σήμερα στο συνέδριο του #Εconomist

https://t.co/Uj0jDPzzVn https://t.co/FH38zfDFx5",στο τελοσ του το τησ ζητησησ ηλεκτρικησ ενεργειασ στην ελλαδα θα καλυπτεται απο ανανεωσιμεσ πηγεσ ενεργειασ ανεφερε ο υπουργοσ περιβαλλοντοσ και ενεργειασ kostasskrekas μιλωντασ σημερα στο συνεδριο του εconomist,1
Attica Bank: Στόχος η λειτουργική κερδοφορία και η βιώσιμη ανάπτυξη https://t.co/4P0Fa7wwZG #businessnewsgr,attica bank στοχοσ η λειτουργικη κερδοφορια και η βιωσιμη αναπτυξη businessnewsgr,1
ΓΕΩΡΓΙΟΣ ΠΟΛΥΜΕΡΗΣ: Ο ΑΝΘΡΩΠΟΣ ΚΑΙ ΤΟ ΠΕΡΙΒΑΛΛΟΝ ΣΤΗΝ ΕΛΛΗΝΩΝ ΠΟΛΙΤΕΙΑ https://t.co/bAp9nVWZWN,γεωργιοσ πολυμερησ ο ανθρωποσ και το περιβαλλον στην ελληνων πολιτεια,1
Οι πυροσβεστικές δυνάμεις περιόρισαν τη φωτιά στην περιοχή Ζωφράφου - https://t.co/tHGVwSMOl6 #Αθήνα #πυροσβεστική #φωτιά #Οικολογία-ΚλιματικήΑλλαγή #Περιβάλλον,οι πυροσβεστικεσ δυναμεισ περιορισαν τη φωτια στην περιοχη ζωφραφου αθηνα πυροσβεστικη φωτια οικολογιακλιματικηαλλαγη περιβαλλον,1
Η L’Oréal Hellas ενισχύει τις δεσμεύσεις της για βιώσιμη ανάπτυξη https://t.co/OEFTroJ26J,η loréal hellas ενισχυει τισ δεσμευσεισ τησ για βιωσιμη αναπτυξη,1
Ο ΑΝΘΡΩΠΟΣ ΚΑΙ ΤΟ ΠΕΡΙΒΑΛΛΟΝ ΣΤΗΝ ΕΛΛΗΝΩΝ ΠΟΛΙΤΕΙΑ https://t.co/G02W7De2Zm,ο ανθρωποσ και το περιβαλλον στην ελληνων πολιτεια,1
"Με αφορμή την  ανάληψη των νέων καθηκόντων του ο εισαγγελέας του Αρείου Πάγου, Ισίδωρος Ντογιάκος, σε δήλωση του, αναφέρει  ότι «αναλαμβάνει την διεύθυνση της Εισαγγελίας του Αρείου Πάγου μέσα σε ένα δύσκολο, από κάθε πλευρά περιβάλλον»
https://t.co/UVZeDPKvdy",με αφορμη την αναληψη των νεων καθηκοντων του ο εισαγγελεασ του αρειου παγου ισιδωροσ ντογιακοσ σε δηλωση του αναφερει οτι αναλαμβανει την διευθυνση τησ εισαγγελιασ του αρειου παγου μεσα σε ενα δυσκολο απο καθε πλευρα περιβαλλον,1
"RT @NAppelaios: Πρέπει να τονιστεί ότι, όταν εκδηλώθηκε η εισβολή του Αττίλα, οι αξιωματικοί και οι άνδρες της ΕΛΔΥΚ ζούσαν σε εχθρικό περι…", nappelaios πρεπει να τονιστει οτι οταν εκδηλωθηκε η εισβολη του αττιλα οι αξιωματικοι και οι ανδρεσ τησ ελδυκ ζουσαν σε εχθρικο περι,1
"RT @LykavitosGr: Ισίδωρος Ντογιάκος: «Αναλαμβάνω μέσα σε ένα δύσκολο, από κάθε πλευρά, περιβάλλον»  #Ισίδωρος_Ντογιάκος #Άρειος_Πάγος #καθή…", lykavitosgr ισιδωροσ ντογιακοσ αναλαμβανω μεσα σε ενα δυσκολο απο καθε πλευρα περιβαλλον ισιδωροσ_ντογιακοσ αρειοσ_παγοσ καθη,1
"RT @LykavitosGr: Ισίδωρος Ντογιάκος: «Αναλαμβάνω μέσα σε ένα δύσκολο, από κάθε πλευρά, περιβάλλον»  #Ισίδωρος_Ντογιάκος #Άρειος_Πάγος #καθή…", lykavitosgr ισιδωροσ ντογιακοσ αναλαμβανω μεσα σε ενα δυσκολο απο καθε πλευρα περιβαλλον ισιδωροσ_ντογιακοσ αρειοσ_παγοσ καθη,1
"[Κλικ και διαβάστε στο iefimerida] #Ντογιάκος: Αναλαμβάνω σε ένα δύσκολο, από κάθε πλευρά, περιβάλλον -Ο θεσμός της  #Δικαιοσύνης είναι ακατάλυ https://t.co/JLDWYJGemS",κλικ και διαβαστε στο iefimerida ντογιακοσ αναλαμβανω σε ενα δυσκολο απο καθε πλευρα περιβαλλον ο θεσμοσ τησ δικαιοσυνησ ειναι ακαταλυ,1
"Με αφορμή την  ανάληψη των νέων καθηκόντων του ο εισαγγελέας του Αρείου Πάγου, Ισίδωρος Ντογιάκος, σε δήλωση του, αναφέρει  ότι «αναλαμβάνει την διεύθυνση της Εισαγγελίας του Αρείου Πάγου μέσα σε ένα δύσκολο, από κάθε πλευρά περιβάλλον» και προσθέτει 

https://t.co/HN0jlLcEl4",με αφορμη την αναληψη των νεων καθηκοντων του ο εισαγγελεασ του αρειου παγου ισιδωροσ ντογιακοσ σε δηλωση του αναφερει οτι αναλαμβανει την διευθυνση τησ εισαγγελιασ του αρειου παγου μεσα σε ενα δυσκολο απο καθε πλευρα περιβαλλον και προσθετει,1
"Άρειος Πάγος – Ντογιάκος: «Αναλαμβάνω μέσα σε ένα δύσκολο, από κάθε πλευρά, περιβάλλον» ... https://t.co/AToLz3uNY4",αρειοσ παγοσ ντογιακοσ αναλαμβανω μεσα σε ενα δυσκολο απο καθε πλευρα περιβαλλον,1
"Εισαγγελέας Α.Π. Ισίδωρος Ντογιάκος: Αναλαμβάνω μέσα σε ένα δύσκολο, από κάθε πλευρά περιβάλλον

https://t.co/X8wPusMJs9 https://t.co/j3eiqZDejK",εισαγγελεασ απ ισιδωροσ ντογιακοσ αναλαμβανω μεσα σε ενα δυσκολο απο καθε πλευρα περιβαλλον,1
«Ο λαγοκέφαλος και τοξικά είδη ψαριών απειλούν την αλιεία και το θαλάσσιο περιβάλλον στο Αιγαίο» #Δημοκρατική #Ρόδος #Δωδεκάνησα https://t.co/QiNkPQ3DL8,ο λαγοκεφαλοσ και τοξικα ειδη ψαριων απειλουν την αλιεια και το θαλασσιο περιβαλλον στο αιγαιο δημοκρατικη ροδοσ δωδεκανησα,1
Το Public Group αναλαμβάνει δράση για έναν βιώσιμο πλανήτη με το πρόγραμμα Love Earth - mononews #mononewsGR https://t.co/fziVGCKmMw,το public group αναλαμβανει δραση για εναν βιωσιμο πλανητη με το προγραμμα love eah mononews mononewsgr,1
"Σαχίνης (ΕΥΔΑΠ): Επενδύσεις 1,6 δισ. ευρώ σε έργα για το περιβάλλον και την κοινωνία https://t.co/xRF5oldqsC #businessnewsgr",σαχινησ ευδαπ επενδυσεισ δισ ευρω σε εργα για το περιβαλλον και την κοινωνια businessnewsgr,1
"Χάρης Σαχίνης (ΕΥΔΑΠ): Επενδύσεις 1,6 δισ. σε έργα για το περιβάλλον και την κοινωνία - mononews #mononewsGR https://t.co/ueEpYOSiyV",χαρησ σαχινησ ευδαπ επενδυσεισ δισ σε εργα για το περιβαλλον και την κοινωνια mononews mononewsgr,1
e-Newsletter ΕΒΕΠ: «Έντονη δραστηριότητα στον ενεργειακό και τουριστικό τομέα σε πληθωριστικό περιβάλλον» https://t.co/cxbu2BB87y,enewsletter εβεπ εντονη δραστηριοτητα στον ενεργειακο και τουριστικο τομεα σε πληθωριστικο περιβαλλον,1
"Χ. Σαχίνης: Επενδύσεις 1,6 δισ. από την ΕΥΔΑΠ σε έργα για το περιβάλλον και την κοινωνία https://t.co/amtWM703ik",χ σαχινησ επενδυσεισ δισ απο την ευδαπ σε εργα για το περιβαλλον και την κοινωνια,1
"Πως βλέπουν οι μεγάλοι επιχειρηματικοί όμιλοι τις αυτονόητες υποχρεώσεις τους για το περιβάλλον, την πολιτική διαφάνειας, την υπεύθυνη διακυβέρνηση; 

https://t.co/NxFUi0kBrw",πωσ βλεπουν οι μεγαλοι επιχειρηματικοι ομιλοι τισ αυτονοητεσ υποχρεωσεισ τουσ για το περιβαλλον την πολιτικη διαφανειασ την υπευθυνη διακυβερνηση,1
Με σεβασμό στο περιβάλλον η εκτός έδρας εμφάνιση του Αστέρα για τη νέα σεζόν https://t.co/9CcbBHchsi,με σεβασμο στο περιβαλλον η εκτοσ εδρασ εμφανιση του αστερα για τη νεα σεζον,1
"Δράσεις στην Τσαριτσάνη για το περιβάλλον,τον πολιτισμό και τον αθλητισμό - LarissaPress https://t.co/6bsW2yp1Iq",δρασεισ στην τσαριτσανη για το περιβαλλοντον πολιτισμο και τον αθλητισμο larissapress,1
Οι ασθενείς διεκδικούν ένα δίκαιο και πολιτικά βιώσιμο σύστημα υγείας - Τι δείχνει η μελέτη PHSSR - https://t.co/rOEMnTUH9r https://t.co/IQgDMJSGbS,οι ασθενεισ διεκδικουν ενα δικαιο και πολιτικα βιωσιμο συστημα υγειασ τι δειχνει η μελετη phssr,1
Η πύρινη λαίλαπα συνεχίζεται: Φωτιά στους Άγιους Θεοδώρους - https://t.co/P917Bt2ihY #κλιματικήαλλαγή #φωτιά #Οικολογία-ΚλιματικήΑλλαγή #Περιβάλλον,η πυρινη λαιλαπα συνεχιζεται φωτια στουσ αγιουσ θεοδωρουσ κλιματικηαλλαγη φωτια οικολογιακλιματικηαλλαγη περιβαλλον,1
Η διατροφή που προλαμβάνει τον πρόωρο θάνατο και σώζει το περιβάλλον https://t.co/ak4fFSuRrg,η διατροφη που προλαμβανει τον προωρο θανατο και σωζει το περιβαλλον,1
"[Κλικ και διαβάστε στο NewsIt]Χάρης Σαχίνης της  #ΕΥΔΑΠ από το  #ECONOMIST: Επενδύσεις 1,6 δισ.ευρώ σε έργα για το περιβάλλον και την κοινωνία https://t.co/hPMtcoA0dv",κλικ και διαβαστε στο newsitχαρησ σαχινησ τησ ευδαπ απο το economist επενδυσεισ δισευρω σε εργα για το περιβαλλον και την κοινωνια,1
"Επενδύσεις 1,6 δισ. από την ΕΥΔΑΠ σε έργα για το περιβάλλον και την κοινωνία https://t.co/dbeM0LLerh",επενδυσεισ δισ απο την ευδαπ σε εργα για το περιβαλλον και την κοινωνια,1
Η Βασιλική του Αγίου Λεωνίδη στο λιμάνι Λεχαίου και το Περιβάλλον της - Πελοποννησιακό Πρακτορείο Ειδήσεων https://t.co/nZiLL4M7j3,η βασιλικη του αγιου λεωνιδη στο λιμανι λεχαιου και το περιβαλλον τησ πελοποννησιακο πρακτορειο ειδησεων,1
"Το Dubrovnik Forum έχει άλλη μία ιδιαίτερα ενδιαφέρουσα διάσταση, την περιβαλλοντική διάσταση. Η προσπάθεια να προστατεύσουμε το περιβάλλον &amp; ιδιαίτερα τη Μεσόγειο. Τη θάλασσα που μας περιβάλλει όλους, τη θάλασσα που αποτελεί το ιδιαίτερο χαρακτηριστικό τηςhttps://t.co/5ahRbn2noK https://t.co/iwn7O0FmOW",το dubrovnik forum εχει αλλη μια ιδιαιτερα ενδιαφερουσα διασταση την περιβαλλοντικη διασταση η προσπαθεια να προστατευσουμε το περιβαλλον amp ιδιαιτερα τη μεσογειο τη θαλασσα που μασ περιβαλλει ολουσ τη θαλασσα που αποτελει το ιδιαιτερο χαρακτηριστικο τησ,1
"Σε πραγματικό περιβάλλον αναμένεται να προσφέρουν τις γνώσεις τους Έλληνες φοιτητές, στο πλαίσιο ευρωπαϊκού έργου που θα πάρει σάρκα και οστά σε περιοχή των Αγράφων της Περιφερειακής Ενότητας Καρδίτσας.

https://t.co/Lxvkn6Mywc",σε πραγματικο περιβαλλον αναμενεται να προσφερουν τισ γνωσεισ τουσ ελληνεσ φοιτητεσ στο πλαισιο ευρωπαϊκου εργου που θα παρει σαρκα και οστα σε περιοχη των αγραφων τησ περιφερειακησ ενοτητασ καρδιτσασ,1
"Διχάζει απόφαση του Ευρωκοινοβουλίου για ""πράσινη"" ετικέτα στην πυρηνική ενέργεια - LarissaPress https://t.co/hOxPeoWW32",διχαζει αποφαση του ευρωκοινοβουλιου για πρασινη ετικετα στην πυρηνικη ενεργεια larissapress,1
"Εξαντλημένος, αλλά σε πλήρη επαφή με το περιβάλλον ήταν μετά την περιπέτεια επί 19 ώρες στη θάλασσα ο 30χρονος από τη Βόρεια Μακεδονία, ο οποίος παρασύρθηκε χθες το απόγευμα από τα κύματα στο Ποσείδι Χαλκιδικής.

https://t.co/Pal7ckOftX https://t.co/HuVF84i1NJ",εξαντλημενοσ αλλα σε πληρη επαφη με το περιβαλλον ηταν μετα την περιπετεια επι ωρεσ στη θαλασσα ο χρονοσ απο τη βορεια μακεδονια ο οποιοσ παρασυρθηκε χθεσ το απογευμα απο τα κυματα στο ποσειδι χαλκιδικησ,1
RT @tgportalblog: T.G.    Γερμανία:Πρωτόγνωρες εικόνες–  Ουρές στα συσσίτια  τροφίμων https://t.co/qav6nqusDo #ΝΤΠ #νεα_ταξη #ΕΕ #ακριβεια…, tgpoalblog tg γερμανιαπρωτογνωρεσ εικονεσ ουρεσ στα συσσιτια τροφιμων ντπ νεα_ταξη εε ακριβεια,1
"Μαρούσι: Σημαντική καταγγελία για παράνομη κοπή δέντρων και συγκάλυψη από τις αρχές
#Μαρουσι #περιβαλλον #οικολογια #δέντρα #πρασινο #καταγγελια #mynewsgr 

https://t.co/6DqqNL9aWv",μαρουσι σημαντικη καταγγελια για παρανομη κοπη δεντρων και συγκαλυψη απο τισ αρχεσ μαρουσι περιβαλλον οικολογια δεντρα πρασινο καταγγελια mynewsgr,1
"Εξαντλημένος, αλλά σε πλήρη επαφή με το περιβάλλον ήταν μετά την περιπέτεια επί 19 ώρες στη θάλασσα ο 30χρονος από τη Βόρεια Μακεδονία, ο οποίος παρασύρθηκε χθες το απόγευμα από τα κύματα στο Ποσείδι Χαλκιδικής.
Ο

https://t.co/Pal7ckOftX",εξαντλημενοσ αλλα σε πληρη επαφη με το περιβαλλον ηταν μετα την περιπετεια επι ωρεσ στη θαλασσα ο χρονοσ απο τη βορεια μακεδονια ο οποιοσ παρασυρθηκε χθεσ το απογευμα απο τα κυματα στο ποσειδι χαλκιδικησ ο,1
Β.Πούτιν για Δυτική υποκρισία-“Μιλάνε για πράσινη ενέργεια αλλά καίνε περισσότερο άνθρακα”https://t.co/vHI1nfTOMV,βπουτιν για δυτικη υποκρισιαμιλανε για πρασινη ενεργεια αλλα καινε περισσοτερο ανθρακα,1
"«Πράσινο» ΞΕΦΤΙΛΙΣΜΑ από Πούτιν: «Οι Δυτικοί κάνουν πολύ θόρυβο για το περιβάλλον ΑΛΛΑ καίνε περισσότερο άνθρακα από εμάς», vid 
https://t.co/CtpwurLMkf",πρασινο ξεφτιλισμα απο πουτιν οι δυτικοι κανουν πολυ θορυβο για το περιβαλλον αλλα καινε περισσοτερο ανθρακα απο εμασ vid,1
[Κλικ και διαβάστε στο protagon]Κρούσμα κορονοϊού στο περιβάλλον της  #Προέδρου της Δημοκρατίας – ανεβλήθη η επίσκεψή της στη  #Βιέννη https://t.co/yeTKsFWp9c,κλικ και διαβαστε στο protagonκρουσμα κορονοϊου στο περιβαλλον τησ προεδρου τησ δημοκρατιασ ανεβληθη η επισκεψη τησ στη βιεννη,1
Τα απολογιστικά στοιχεία για τη φετινή σχολική χρονιά δημοσιοποίησε το Κέντρο Εκπαίδευσης για το Περιβάλλον και την Αειφορία (ΚΕΠΕΑ) Βάμου. https://t.co/9C3n4c8R20,τα απολογιστικα στοιχεια για τη φετινη σχολικη χρονια δημοσιοποιησε το κεντρο εκπαιδευσησ για το περιβαλλον και την αειφορια κεπεα βαμου,1
"800.000 δέντρα και θάμνοι και 78.000 τ.μ. χλοοτάπητα, αποδεικνύουν ότι ο αυτοκινητόδρομος συνυπάρχει σε απόλυτη αρμονία με το περιβάλλον. https://t.co/uGizJBsxP7",δεντρα και θαμνοι και τμ χλοοταπητα αποδεικνυουν οτι ο αυτοκινητοδρομοσ συνυπαρχει σε απολυτη αρμονια με το περιβαλλον,1
Premia Properties: Στις εταιρίες με το καλύτερο εργασιακό περιβάλλον https://t.co/8bE72Q9nD0 #businessnewsgr,premia propeies στισ εταιριεσ με το καλυτερο εργασιακο περιβαλλον businessnewsgr,1
Ανανεώσιμες Πηγές Ενέργειας: Το νέο Χωροταξικό για τα αιολικά πάρκα – Ολο το σχέδιο #Δημοκρατική #Ρόδος #Δωδεκάνησα https://t.co/30pNB64msv,ανανεωσιμεσ πηγεσ ενεργειασ το νεο χωροταξικο για τα αιολικα παρκα ολο το σχεδιο δημοκρατικη ροδοσ δωδεκανησα,1
Σπάνιο χρυσό τσακάλι εμφανίστηκε στη λίμνη Κάρλα https://t.co/vsfCV3tE0T #ΑΡΘΡΑ #ΛΑΡΙΣΑ #ΛΙΜΝΗΚΑΡΛΑ #ΠΕΡΙΒΑΛΛΟΝ By https://t.co/p9zfHy5mYe,σπανιο χρυσο τσακαλι εμφανιστηκε στη λιμνη καρλα αρθρα λαρισα λιμνηκαρλα περιβαλλον by,1
Αμπελουργία Ραψάνης: Προοπτικές για Βιώσιμη Ανάπτυξη https://t.co/oXwJhzl5z5,αμπελουργια ραψανησ προοπτικεσ για βιωσιμη αναπτυξη,1
"Νέο, πιο βιώσιμο μοντέλο αγορών από τα Public https://t.co/qg1HHj2Pmu",νεο πιο βιωσιμο μοντελο αγορων απο τα public,1
"Τα τελευταία 10 χρόνια η ραγδαία τεχνολογική ανάπτυξη έχει διαμορφώσει ένα εντελώς διαφορετικό επιχειρηματικό περιβάλλον, από αυτό που γνωρίζαμε.

https://t.co/5PoH0OTO9R https://t.co/bbQidF88xj",τα τελευταια χρονια η ραγδαια τεχνολογικη αναπτυξη εχει διαμορφωσει ενα εντελωσ διαφορετικο επιχειρηματικο περιβαλλον απο αυτο που γνωριζαμε,1
Google: Πρόγραμμα 30 εκατ. ευρώ για τη χρηματοδότηση «πράσινων» πρότζεκτ https://t.co/5cE2w8AbYy #ΔΙΑΔΙΚΤΥΟ #ΠΕΡΙΒΑΛΛΟΝ https://t.co/oYg75T5qDM,google προγραμμα εκατ ευρω για τη χρηματοδοτηση πρασινων προτζεκτ διαδικτυο περιβαλλον,1
"Νέο, πιο βιώσιμο μοντέλο αγορών από τα Public https://t.co/SrriuPSEDF",νεο πιο βιωσιμο μοντελο αγορων απο τα public,1
Στο Ζαρό του Δήμου Φαιστού διοργανώθηκε το 3ο Θερινό Σχολείο για την αειφορία… https://t.co/GCIwmlm4nI,στο ζαρο του δημου φαιστου διοργανωθηκε το ο θερινο σχολειο για την αειφορια,1
WWF: Απαράδεκτο νομοσχέδιο για το περιβάλλον από το ΥΠΕΝ - Πελοποννησιακό Πρακτορείο Ειδήσεων https://t.co/mXxDi4tgDE,wwf απαραδεκτο νομοσχεδιο για το περιβαλλον απο το υπεν πελοποννησιακο πρακτορειο ειδησεων,1
"ΣΠΑΠ: Εθελοντικό Πότισμα στο Πεντελικό, σε συνεργασία με το «Όλοι Μαζί Μπορούμε και στο Περιβάλλον» https://t.co/Ctat1EeqVf",σπαπ εθελοντικο ποτισμα στο πεντελικο σε συνεργασια με το ολοι μαζι μπορουμε και στο περιβαλλον,1
WWF: Το υπουργείο βγάζει σε προσχηματική διαβούλευση απαράδεκτο νομοσχέδιο για το περιβάλλον https://t.co/iGqIehHB3k,wwf το υπουργειο βγαζει σε προσχηματικη διαβουλευση απαραδεκτο νομοσχεδιο για το περιβαλλον,1
"Λ. Αβραμάκης: «Συνεχίζει τα περιβαλλοντικά εγκλήματα η κυβέρνηση της ΝΔ απειλώντας ακόμα περισσότερο τις προστατευόμενες περιοχές» 
#Αβραμάκης #ΣΥΡΙΖΑ #Σέρρες #περιβάλλον #Serres
https://t.co/lPQ5p0eWNt",λ αβραμακησ συνεχιζει τα περιβαλλοντικα εγκληματα η κυβερνηση τησ νδ απειλωντασ ακομα περισσοτερο τισ προστατευομενεσ περιοχεσ αβραμακησ συριζα σερρεσ περιβαλλον serres,1
Η πορεία προς τη Βιώσιμη Ανάπτυξη μέσω της υλοποίησης των 17 Στόχων Βιώσιμης Ανάπτυξης της Ατζέντας 2030 των Ηνωμένων Εθνών (SDGs) είναι πλέον https://t.co/d5ofA05Duy https://t.co/bXp2WRAl4N,η πορεια προσ τη βιωσιμη αναπτυξη μεσω τησ υλοποιησησ των στοχων βιωσιμησ αναπτυξησ τησ ατζεντασ των ηνωμενων εθνων sdgs ειναι πλεον,1
"Σε μεγάλο βάθος πρέπει να σκάψει κάποιος στον Άρη προκειμένου να βρει πιθανά ίχνη ζωής, αποφαίνονται οι ειδικοί.

Ο λόγος είναι ότι η Αρειανή επιφάνεια βομβαρδίζεται ανηλεώς από την κοσμική ακτινοβολία για αμέτρητα χρόνια, δημιουργώντας ένα περιβάλλον

https://t.co/V5FQqdsBYH https://t.co/Z7ALdMFVq6",σε μεγαλο βαθοσ πρεπει να σκαψει καποιοσ στον αρη προκειμενου να βρει πιθανα ιχνη ζωησ αποφαινονται οι ειδικοι ο λογοσ ειναι οτι η αρειανη επιφανεια βομβαρδιζεται ανηλεωσ απο την κοσμικη ακτινοβολια για αμετρητα χρονια δημιουργωντασ ενα περιβαλλον,1
Ρέθυμνο: SOS από το Γεωπάρκο του Ψηλορείτη για την ανεξέλεγκτη ρίψη σκουπιδιών στο περιβάλλον https://t.co/YKAgcQaqjo,ρεθυμνο sos απο το γεωπαρκο του ψηλορειτη για την ανεξελεγκτη ριψη σκουπιδιων στο περιβαλλον,1
"Γεωργιάδης: Εάν η Ελλάδα εισέλθει μετά τις εκλογές σε πολιτική περιπέτεια, θα βλάψει το επενδυτικό περιβάλλον https://t.co/g5ryl5ZETV",γεωργιαδησ εαν η ελλαδα εισελθει μετα τισ εκλογεσ σε πολιτικη περιπετεια θα βλαψει το επενδυτικο περιβαλλον,1
Νέο βραβείο και διάκριση για το Περιβάλλον απέσπασε ο Δήμος Ιλίου https://t.co/Vnzqs4gNq5 https://t.co/MxFXV9VZYr,νεο βραβειο και διακριση για το περιβαλλον απεσπασε ο δημοσ ιλιου,1
Οικονόμου: Οι εθνικές μας πολιτικές είναι τέτοιες που δημιουργούν ένα περιβάλλον ενεργειακής σταθερότητας - mononews #mononewsGR https://t.co/gpPFYUSEpN,οικονομου οι εθνικεσ μασ πολιτικεσ ειναι τετοιεσ που δημιουργουν ενα περιβαλλον ενεργειακησ σταθεροτητασ mononews mononewsgr,1
"Πρωτοπόρος ο Δήμος Βισαλτίας στην πρόληψη και έγκαιρη αντιμετώπιση των επιπτώσεων της κλιματικής αλλαγής με την εγκατάσταση του συστήματος active ptt weather 
#Δήμος_Βισαλτίας #κλιματική_αλλαγή #περιβάλλον #Serres
https://t.co/K2impvuzah",πρωτοποροσ ο δημοσ βισαλτιασ στην προληψη και εγκαιρη αντιμετωπιση των επιπτωσεων τησ κλιματικησ αλλαγησ με την εγκατασταση του συστηματοσ active ptt weather δημοσ_βισαλτιασ κλιματικη_αλλαγη περιβαλλον serres,1
RT @Moneypressgr: Οικονόμου: Οι πολιτικές που ακολουθούμε δημιουργούν περιβάλλον ενεργειακής στα...  #moneypress https://t.co/6wA53Yfscx ht…, moneypressgr οικονομου οι πολιτικεσ που ακολουθουμε δημιουργουν περιβαλλον ενεργειακησ στα moneypress ht,1
Οικονόμου: Οι πολιτικές που ακολουθούμε δημιουργούν περιβάλλον ενεργειακής στα...  #moneypress https://t.co/6wA53Yfscx https://t.co/lidlZpRYqq,οικονομου οι πολιτικεσ που ακολουθουμε δημιουργουν περιβαλλον ενεργειακησ στα moneypress,1
Οικονόμου: Οι εθνικές μας πολιτικές είναι τέτοιες που δημιουργούν ένα περιβάλλον ενεργειακής σταθερότητας ... https://t.co/BRiBIFJJfq,οικονομου οι εθνικεσ μασ πολιτικεσ ειναι τετοιεσ που δημιουργουν ενα περιβαλλον ενεργειακησ σταθεροτητασ,1
".@joikonomou: Οι εθνικές μας πολιτικές είναι τέτοιες που δημιουργούν ένα περιβάλλον ενεργειακής σταθερότητας

https://t.co/n8XMhRU3sI https://t.co/OqoxLKuyMb",joikonomou οι εθνικεσ μασ πολιτικεσ ειναι τετοιεσ που δημιουργουν ενα περιβαλλον ενεργειακησ σταθεροτητασ,1
"Ο κ. Κικίλιας αναφέρθηκε στον μεγάλο στόχο της επιμήκυνσης της τουριστικής περιόδου και τους δώδεκα μήνες τον χρόνο, προαναγγέλλοντας μάλιστα ότι η επόμενη καμπάνια για τον βιώσιμο τουρισμό -που αποτελεί, όπως επισήμανε, τη νέα ισχυρή τάση στο τουριστικό… https://t.co/ZXz2D1AR6F",ο κ κικιλιασ αναφερθηκε στον μεγαλο στοχο τησ επιμηκυνσησ τησ τουριστικησ περιοδου και τουσ δωδεκα μηνεσ τον χρονο προαναγγελλοντασ μαλιστα οτι η επομενη καμπανια για τον βιωσιμο τουρισμο που αποτελει οπωσ επισημανε τη νεα ισχυρη ταση στο τουριστικο,1
Βασιλικά: Η Ανακοίνωση της Κοινότητας για τις εργασίες που πραγματοποιήθηκαν στα Κοιμητήρια τις προηγούμενες ημέρες https://t.co/qUriSKLfqp #ΒΑΣΙΛΙΚΑ #ΚΑΘΑΡΙΟΤΗΤΑ #ΠΕΡΙΒΑΛΛΟΝ https://t.co/F1NVWXOI3s,βασιλικα η ανακοινωση τησ κοινοτητασ για τισ εργασιεσ που πραγματοποιηθηκαν στα κοιμητηρια τισ προηγουμενεσ ημερεσ βασιλικα καθαριοτητα περιβαλλον,1
RT @CostasKadis: Ο Υπουργός Περιβάλλοντος της #Ukraine παρουσιάζει στο Συμβούλιο Υπουργών Περιβάλλοντος της #EU τις επιπτώσεις της Ρωσικής…, costaskadis ο υπουργοσ περιβαλλοντοσ τησ ukraine παρουσιαζει στο συμβουλιο υπουργων περιβαλλοντοσ τησ eu τισ επιπτωσεισ τησ ρωσικησ,1
Κυκλάδες: Πράξη γίνεται η βιώσιμη αλιεία σε Ανδρο και Κύθνο https://t.co/D2gsUDHXIb,κυκλαδεσ πραξη γινεται η βιωσιμη αλιεια σε ανδρο και κυθνο,1
"Όμιλος ΟΤΕ: Δέσμευση για έναν πιο βιώσιμο κόσμο, καλύτερο για όλους https://t.co/0tW6BKAIsJ #greece #Πολεμος_στην_Ουκρανια #πανδημια #πολιτικη #survivorGR",ομιλοσ οτε δεσμευση για εναν πιο βιωσιμο κοσμο καλυτερο για ολουσ greece πολεμοσ_στην_ουκρανια πανδημια πολιτικη survivorgr,1
"Όμιλος ΟΤΕ: Δέσμευση για έναν πιο βιώσιμο κόσμο, καλύτερο για όλους https://t.co/tMxt1sPYcq",ομιλοσ οτε δεσμευση για εναν πιο βιωσιμο κοσμο καλυτερο για ολουσ,1
Η Έλενα Κουντουρά ομιλήτρια-συντονίστρια της συζήτησης για τον βιώσιμο τουρισμό στο Asian Leadership Conference-2022 https://t.co/b132S1I6Nk #ΕΛΕΝΑΚΟΥΝΤΟΥΡΑ,η ελενα κουντουρα ομιλητριασυντονιστρια τησ συζητησησ για τον βιωσιμο τουρισμο στο asian leadership conference ελενακουντουρα,1
"Όμιλος ΟΤΕ: Δέσμευση για έναν πιο βιώσιμο κόσμο, καλύτερο για όλους - mononews #mononewsGR https://t.co/0RT09WbAo1",ομιλοσ οτε δεσμευση για εναν πιο βιωσιμο κοσμο καλυτερο για ολουσ mononews mononewsgr,1
"Τι σας προσφέρει μεγαλύτερη ευχαρίστηση στις καλοκαιρινές διακοπές; Αρχίζω εγώ παρουσιάζοντας κλιμακωτά:
Το φαγητό,το οικιστικό περιβάλλον,τα πολιτιστικά κάθε είδους( μουσεία, χώροι τέχνης,μνημεία, εκδηλώσεις),οι παραλίες",τι σασ προσφερει μεγαλυτερη ευχαριστηση στισ καλοκαιρινεσ διακοπεσ αρχιζω εγω παρουσιαζοντασ κλιμακωτα το φαγητοτο οικιστικο περιβαλλοντα πολιτιστικα καθε ειδουσ μουσεια χωροι τεχνησμνημεια εκδηλωσεισοι παραλιεσ,1
WWF: Η βιώσιμη αλιεία γίνεται πράξη σε Άνδρο και Κύθνο https://t.co/6fNLXsfoY7,wwf η βιωσιμη αλιεια γινεται πραξη σε ανδρο και κυθνο,1
TITAN: Νέο βιώσιμο σκυρόδεμα- Το ANTAEUS είναι 100% ανακυκλώσιμο δομικό υλικό - mononews #mononewsGR https://t.co/jIeQW3uofQ,titan νεο βιωσιμο σκυροδεμα το antaeus ειναι ανακυκλωσιμο δομικο υλικο mononews mononewsgr,1
"[Κλικ και διαβάστε στο mononews]Όμιλος ΟΤΕ: Δέσμευση για έναν πιο βιώσιμο κόσμο, καλύτερο για όλους https://t.co/yl6G8RqT2f",κλικ και διαβαστε στο mononewsομιλοσ οτε δεσμευση για εναν πιο βιωσιμο κοσμο καλυτερο για ολουσ,1
Οικονόμου: Οι εθνικές μας πολιτικές δημιουργούν περιβάλλον ενεργειακής σταθερότητας https://t.co/fNHTJ6nfNK,οικονομου οι εθνικεσ μασ πολιτικεσ δημιουργουν περιβαλλον ενεργειακησ σταθεροτητασ,1
"RT @LykavitosGr: Όμιλος ΟΤΕ: Δέσμευση για έναν πιο βιώσιμο κόσμο, καλύτερο για όλους  #ote #ESG #Μιχάλης_Τσαμάζ https://t.co/YUqNdd0nsC", lykavitosgr ομιλοσ οτε δεσμευση για εναν πιο βιωσιμο κοσμο καλυτερο για ολουσ ote esg μιχαλησ_τσαμαζ,1
"RT @LykavitosGr: Όμιλος ΟΤΕ: Δέσμευση για έναν πιο βιώσιμο κόσμο, καλύτερο για όλους  #ote #ESG #Μιχάλης_Τσαμάζ https://t.co/YUqNdd0nsC", lykavitosgr ομιλοσ οτε δεσμευση για εναν πιο βιωσιμο κοσμο καλυτερο για ολουσ ote esg μιχαλησ_τσαμαζ,1
"RT @Moneypressgr: Όμιλος ΟΤΕ: Δέσμευση για έναν πιο βιώσιμο κόσμο, καλύτερο για όλους  #moneypress https://t.co/MGWww0tV7J https://t.co/B6K…", moneypressgr ομιλοσ οτε δεσμευση για εναν πιο βιωσιμο κοσμο καλυτερο για ολουσ moneypress,1
"Όμιλος ΟΤΕ: Δέσμευση για έναν πιο βιώσιμο κόσμο, καλύτερο για όλους  #moneypress https://t.co/MGWww0tV7J https://t.co/B6KHto8dOV",ομιλοσ οτε δεσμευση για εναν πιο βιωσιμο κοσμο καλυτερο για ολουσ moneypress,1
"Καθηλωμένος 4 χρόνια, χωρίς επαφή με το περιβάλλον: Δίχως τέλος ο Γολγοθάς 15χρονου μαθητή από χτύπημα κεραυνού https://t.co/xUe9YOl5SB https://t.co/ucsaovQ0GQ",καθηλωμενοσ χρονια χωρισ επαφη με το περιβαλλον διχωσ τελοσ ο γολγοθασ χρονου μαθητη απο χτυπημα κεραυνου,1
Κιλκίς: Εντοπίστηκε νέο είδους φυτού για πρώτη φορά στη Γουμένισσα https://t.co/aKEU9dRnJa #ΑΡΘΡΑ #ΚΙΛΚΙΣ #ΝΕΟΕΙΔΟΣ #ΠΕΡΙΒΑΛΛΟΝ #ΦΥΤΟ By https://t.co/p9zfHy5mYe https://t.co/Gw56qBFwOA,κιλκισ εντοπιστηκε νεο ειδουσ φυτου για πρωτη φορα στη γουμενισσα αρθρα κιλκισ νεοειδοσ περιβαλλον φυτο by,1
Τσίπρας: Μια ακόμα παρέμβαση σας ήταν τα δυσβάσταχτα δίδακτρα για τα μεταπτυχιακά - Ζείτε σε ένα περιβάλλον που ποτέ δεν σας απασχόλησε το θέμα των σπουδών,τσιπρασ μια ακομα παρεμβαση σασ ηταν τα δυσβασταχτα διδακτρα για τα μεταπτυχιακα ζειτε σε ενα περιβαλλον που ποτε δεν σασ απασχολησε το θεμα των σπουδων,1
Πώς μπορεί η βιώσιμη ανάπτυξη να γίνει μέρος της καθημερινότητας; – Συνέδριο στη Νίσυρο #Δημοκρατική #Ρόδος #Δωδεκάνησα https://t.co/Y26eZW4FFe,πωσ μπορει η βιωσιμη αναπτυξη να γινει μεροσ τησ καθημερινοτητασ συνεδριο στη νισυρο δημοκρατικη ροδοσ δωδεκανησα,1
"Οι οικονομικές κρίσεις συμβαίνουν μερικές φορές, οδηγώντας συχνά σε ύφεση. Μέσα στο τρέχον χαοτικό επενδυτικό περιβάλλον, πολλοί άνθρωποι https://t.co/8AMqEDtI1C https://t.co/CBZS968qEE",οι οικονομικεσ κρισεισ συμβαινουν μερικεσ φορεσ οδηγωντασ συχνα σε υφεση μεσα στο τρεχον χαοτικο επενδυτικο περιβαλλον πολλοι ανθρωποι,1
Αμυράς: Δεν θα αφήσουμε ψευτο-οικολόγους να μπλοκάρουν έργα αντιπυρικής προστασίας στο Σέιχ-Σου https://t.co/iOQBPd9ITk #ΔΑΣΑΡΧΕΙΟ #ΠΕΡΙΒΑΛΛΟΝ #ΠΕΡΙΞ #ΠΥΡΟΣΒΕΣΤΙΚΗ https://t.co/FiJvM9H8T3,αμυρασ δεν θα αφησουμε ψευτοοικολογουσ να μπλοκαρουν εργα αντιπυρικησ προστασιασ στο σειχσου δασαρχειο περιβαλλον περιξ πυροσβεστικη,1
"Η βιώσιμη ανάπτυξη είναι ο, μόνος ίσως, ελπιδοφόρος δρόμος που μας οδηγεί από τη σημερινή -κοινωνική, οικονομική και περιβαλλοντική- παγκόσμια κρίση στο μέλλον.

https://t.co/7lq6DgvqOg",η βιωσιμη αναπτυξη ειναι ο μονοσ ισωσ ελπιδοφοροσ δρομοσ που μασ οδηγει απο τη σημερινη κοινωνικη οικονομικη και περιβαλλοντικη παγκοσμια κριση στο μελλον,1
"RT @atthis72: Πυρκαγιές- αποχαιρετάμε την πολιτιστική, αρχαιολογική, τουριστική κληρονομιά, το δασικό, γεωργικό και αστικό περιβάλλον. http…", atthis πυρκαγιεσ αποχαιρεταμε την πολιτιστικη αρχαιολογικη τουριστικη κληρονομια το δασικο γεωργικο και αστικο περιβαλλον,1
BlackRock: Bιώνουμε το χειρότερο μακροοικονομικό περιβάλλον των τελευταίων δεκαετιών https://t.co/XZX83NCTXl,blackrock bιωνουμε το χειροτερο μακροοικονομικο περιβαλλον των τελευταιων δεκαετιων,1
BlackRock: Το επενδυτικό περιβάλλον είναι στη χειρότερη κατάσταση των τελευταίων δεκαετιών https://t.co/nsxECH9Pnq,blackrock το επενδυτικο περιβαλλον ειναι στη χειροτερη κατασταση των τελευταιων δεκαετιων,1
BlackRock: Το επενδυτικό περιβάλλον είναι στη χειρότερη κατάσταση των τελευταίων δεκαετιών https://t.co/6UhiIZi5Ps,blackrock το επενδυτικο περιβαλλον ειναι στη χειροτερη κατασταση των τελευταιων δεκαετιων,1
"Τα βασικά χαρακτηριστικά ενός συστήματος δημόσιας υγείας που θα ανταποκρίνεται στις ανάγκες των πολιτών και θα είναι βιώσιμο, λειτουργώντας παράλληλα με ευελιξία και συνεργασιμότητα, περιέγραψε η αναπληρώτρια υπουργός Υγείας Μίνα Γκάγκα, μιλώντας στο 1ο

https://t.co/IdBOXHMc2J https://t.co/oHiL54hFym",τα βασικα χαρακτηριστικα ενοσ συστηματοσ δημοσιασ υγειασ που θα ανταποκρινεται στισ αναγκεσ των πολιτων και θα ειναι βιωσιμο λειτουργωντασ παραλληλα με ευελιξια και συνεργασιμοτητα περιεγραψε η αναπληρωτρια υπουργοσ υγειασ μινα γκαγκα μιλωντασ στο ο,1
"Τα βασικά χαρακτηριστικά ενός συστήματος δημόσιας υγείας που θα ανταποκρίνεται στις ανάγκες των πολιτών και θα είναι βιώσιμο, λειτουργώντας παράλληλα με ευελιξία και συνεργασιμότητα, περιέγραψε η αναπληρώτρια υπουργός Υγείας Μίνα Γκάγκα, μιλώντας στο 1ο

https://t.co/IdBOXHMc2J",τα βασικα χαρακτηριστικα ενοσ συστηματοσ δημοσιασ υγειασ που θα ανταποκρινεται στισ αναγκεσ των πολιτων και θα ειναι βιωσιμο λειτουργωντασ παραλληλα με ευελιξια και συνεργασιμοτητα περιεγραψε η αναπληρωτρια υπουργοσ υγειασ μινα γκαγκα μιλωντασ στο ο,1
"Έργα συνδιαλέγονται με τα τοπικά, φυσικά υλικά και παράλληλες μουσικές εκδηλώσεις/ ξεναγήσεις, τονίζουν τη μεγαλύτερη ανθρώπινη κληρονομιά απ’όλες: το περιβάλλον μας.  https://t.co/LO8ttHJYkT",εργα συνδιαλεγονται με τα τοπικα φυσικα υλικα και παραλληλεσ μουσικεσ εκδηλωσεισ ξεναγησεισ τονιζουν τη μεγαλυτερη ανθρωπινη κληρονομια απολεσ το περιβαλλον μασ,1
Νέο βραβείο και διάκριση για το Περιβάλλον απέσπασε ο Δήμος Ιλίου https://t.co/WokhiBPEg5 #δημοςιλιου,νεο βραβειο και διακριση για το περιβαλλον απεσπασε ο δημοσ ιλιου δημοσιλιου,1
Χρηματοδοτικά εργαλεία για μια βιώσιμη ύπαιθρο - Σταϊκούρας και Οικονόμου στις εκδηλώσεις για την αγροτική ανάπτυξη στο Δομοκό https://t.co/uhGIETKkhi,χρηματοδοτικα εργαλεια για μια βιωσιμη υπαιθρο σταϊκουρασ και οικονομου στισ εκδηλωσεισ για την αγροτικη αναπτυξη στο δομοκο,1
"«Άγρυπνο φρουρό» για τους πολίτες και το περιβάλλον, αποτελεί το νέο υπερσύγχρονο «όπλο» διαρκούς επιτήρησης και δυνατότητας άμεσης ενεργοποίησης του μηχανισμού Πολιτικής Προστασίας όταν παραστεί ανάγκη, το οποίο έθεσε σε λειτουργία για το προσεχές

https://t.co/i9oqe0urpg",αγρυπνο φρουρο για τουσ πολιτεσ και το περιβαλλον αποτελει το νεο υπερσυγχρονο οπλο διαρκουσ επιτηρησησ και δυνατοτητασ αμεσησ ενεργοποιησησ του μηχανισμου πολιτικησ προστασιασ οταν παραστει αναγκη το οποιο εθεσε σε λειτουργια για το προσεχεσ,1
Δήμος Νεάπολης Συκεών: Γενική σάρωση στο Δημοτικό Άλσος Πεύκων - https://t.co/n5tRReWRtl #δήμοςΝεάποληςΣυκεών #Θεσσαλονίκη #περιβάλλον #Θεσσαλονίκη #Κοινωνία,δημοσ νεαπολησ συκεων γενικη σαρωση στο δημοτικο αλσοσ πευκων δημοσνεαπολησσυκεων θεσσαλονικη περιβαλλον θεσσαλονικη κοινωνια,1
"Δουλεύοντας συνεργατικά και με αποφασιστικότητα, μπορούμε να διαφυλάξουμε το περιβάλλον, την κοινωνία και την οικονομία. Αυτή είναι η επιτακτική ανάγκη για να διασφαλίσουμε ένα καλύτερο μέλλον.

https://t.co/vDOUmApXg3",δουλευοντασ συνεργατικα και με αποφασιστικοτητα μπορουμε να διαφυλαξουμε το περιβαλλον την κοινωνια και την οικονομια αυτη ειναι η επιτακτικη αναγκη για να διασφαλισουμε ενα καλυτερο μελλον,1
"Ίδρυμα Αντενάουερ: H Aστυπάλαια σημαντικό παράδειγμα των προσπαθειών της ελληνικής κυβέρνησης για καινοτομία και πράσινη ενέργεια

https://t.co/XQopcQmvEB",ιδρυμα αντεναουερ h aστυπαλαια σημαντικο παραδειγμα των προσπαθειων τησ ελληνικησ κυβερνησησ για καινοτομια και πρασινη ενεργεια,1
Κ. Σκρέκας: Στα 500 εκατ. ευρώ το όφελος από τις ανανεώσιμες πηγές ενέργειας https://t.co/wbVAILB8ph,κ σκρεκασ στα εκατ ευρω το οφελοσ απο τισ ανανεωσιμεσ πηγεσ ενεργειασ,1
".@KostasSkrekas στο ΑΠΕ-ΜΠΕ (@amna_news): Στα 500 εκατ. ευρώ το όφελος από τις ανανεώσιμες πηγές ενέργειας εφέτος 

«Πράσινο» το 50% της ηλεκτρικής ενέργειας έως το τέλος του έτους

https://t.co/FgwyaZnQRz",kostasskrekas στο απεμπε amna_news στα εκατ ευρω το οφελοσ απο τισ ανανεωσιμεσ πηγεσ ενεργειασ εφετοσ πρασινο το τησ ηλεκτρικησ ενεργειασ εωσ το τελοσ του ετουσ,1
"Η ελευθερία, η δημοκρατία και η διατήρηση ενός βιώσιμου πλανήτη απαιτούν να ανταποκριθούμε σε αυτή την πρόκληση και να προσπαθήσουμε για έναν ασφαλέστερο και πιο βιώσιμο κόσμο.

https://t.co/dIThl3iVJv",η ελευθερια η δημοκρατια και η διατηρηση ενοσ βιωσιμου πλανητη απαιτουν να ανταποκριθουμε σε αυτη την προκληση και να προσπαθησουμε για εναν ασφαλεστερο και πιο βιωσιμο κοσμο,1
Έχασε τις αισθήσεις της την ώρα που οδηγούσε στη Λάρισα μη έχοντας επαφή με το περιβάλλον https://t.co/IC67wRevRz via @aegeanews,εχασε τισ αισθησεισ τησ την ωρα που οδηγουσε στη λαρισα μη εχοντασ επαφη με το περιβαλλον via aegeanews,1
Σκρέκας: Στα 500 εκατ. ευρώ το όφελος από τις ανανεώσιμες πηγές ενέργειας το 2022--https://t.co/zUeat59wg8,σκρεκασ στα εκατ ευρω το οφελοσ απο τισ ανανεωσιμεσ πηγεσ ενεργειασ το,1
ΥΠΕΝ: Μπαράζ διαγωνισμών για ανανεώσιμες πηγές ενέργειας συνολικής ισχύος 3.800 μεγαβάτ https://t.co/iqTnnTkTzb #businessnewsgr,υπεν μπαραζ διαγωνισμων για ανανεωσιμεσ πηγεσ ενεργειασ συνολικησ ισχυοσ μεγαβατ businessnewsgr,1
Κ.Σκρέκας: «Στα 500 εκατ. ευρώ το όφελος από τις ανανεώσιμες πηγές ενέργειας το 2022» https://t.co/2wbb5mLWkx,κσκρεκασ στα εκατ ευρω το οφελοσ απο τισ ανανεωσιμεσ πηγεσ ενεργειασ το,1
Σκρέκας: Στα 500 εκατ. ευρώ το όφελος από τις ανανεώσιμες πηγές ενέργειας φέτος https://t.co/ns5asG934w,σκρεκασ στα εκατ ευρω το οφελοσ απο τισ ανανεωσιμεσ πηγεσ ενεργειασ φετοσ,1
Ίδρυμα Αντενάουερ: H Aστυπάλαια σημαντικό παράδειγμα για καινοτομία και πράσινη ενέργεια https://t.co/lr4XfgDkAN #businessnewsgr,ιδρυμα αντεναουερ h aστυπαλαια σημαντικο παραδειγμα για καινοτομια και πρασινη ενεργεια businessnewsgr,1
Ίδρυμα Αντενάουερ: H Aστυπάλαια σημαντικό παράδειγμα των προσπαθειών για καινοτομία και πράσινη ενέργεια #Δημοκρατική #Ρόδος #Δωδεκάνησα https://t.co/iYRJ4HLnr5,ιδρυμα αντεναουερ h aστυπαλαια σημαντικο παραδειγμα των προσπαθειων για καινοτομια και πρασινη ενεργεια δημοκρατικη ροδοσ δωδεκανησα,1
Κ. Σκρέκας: Στα 500 εκατ. ευρώ το όφελος από τις ανανεώσιμες πηγές ενέργειας- Πράσινο το 50% της ηλεκτρικής ενέργειας έως τέλος του έτους https://t.co/26nvvpoWwI,κ σκρεκασ στα εκατ ευρω το οφελοσ απο τισ ανανεωσιμεσ πηγεσ ενεργειασ πρασινο το τησ ηλεκτρικησ ενεργειασ εωσ τελοσ του ετουσ,1
Σκρέκας: Στα 500 εκατ. ευρώ το όφελος από τις ανανεώσιμες πηγές ενέργειας - LarissaPress https://t.co/szF9L5swN6,σκρεκασ στα εκατ ευρω το οφελοσ απο τισ ανανεωσιμεσ πηγεσ ενεργειασ larissapress,1
Κ. Σκρέκας: Στα 500 εκατ. το όφελος από τις Ανανεώσιμες Πηγές Ενέργειας φέτος- «Πράσινο» το 50% της ηλεκτρικής ενέργειας έως το τέλος του έτους - mononews #mononewsGR https://t.co/9szxZcx7OZ,κ σκρεκασ στα εκατ το οφελοσ απο τισ ανανεωσιμεσ πηγεσ ενεργειασ φετοσ πρασινο το τησ ηλεκτρικησ ενεργειασ εωσ το τελοσ του ετουσ mononews mononewsgr,1
Κ. Σκρέκας στο ΑΠΕ-ΜΠΕ: Στα 500 εκατ. ευρώ το όφελος από τις ανανεώσιμες πηγές ενέργειας εφέτος - «Πράσινο» το 50% της ηλεκτρικής ενέργειας έως το τέλος του έτους https://t.co/RVyZB5HHsr,κ σκρεκασ στο απεμπε στα εκατ ευρω το οφελοσ απο τισ ανανεωσιμεσ πηγεσ ενεργειασ εφετοσ πρασινο το τησ ηλεκτρικησ ενεργειασ εωσ το τελοσ του ετουσ,1
"RT @HELMEPA: ✅Νέο ρεκόρ μελών με 2.033 πλοία 🚢, 268 εταιρείες και 14.000+ ναυτικούς έχει η  #HELMEPA.
#Στόχος μας συνεχίζει να είναι η προσ…", helmepa νεο ρεκορ μελων με πλοια εταιρειεσ και ναυτικουσ εχει η helmepa στοχοσ μασ συνεχιζει να ειναι η προσ,1
Στο Sustainability Forum της Global Sustainη JTI: Άμεση η σύνδεση της επιχειρηματικότητας με την κοινωνία  και το περιβάλλον στο οποίο αναπτύσσεται https://t.co/4ehXF8GYyA,στο sustainability forum τησ global sustainη jti αμεση η συνδεση τησ επιχειρηματικοτητασ με την κοινωνια και το περιβαλλον στο οποιο αναπτυσσεται,1
Tο «Running Out of Time» είναι μία παγκόσμια διοργάνωση με στόχο τη γνώση για το περιβάλλον - https://t.co/AqHuS6pMPI https://t.co/BW2KAvevhh,tο running out of time ειναι μια παγκοσμια διοργανωση με στοχο τη γνωση για το περιβαλλον,1
"Δεν αρκούν ημίμετρα και προσαρμογές, αλλά μία καλά σχεδιασμένη αλυσίδα αλλαγών, που θα επιταχύνουν τη μετάβαση σε ένα βιώσιμο πρότυπο ανάπτυξης...

https://t.co/Yml8L5dUJe",δεν αρκουν ημιμετρα και προσαρμογεσ αλλα μια καλα σχεδιασμενη αλυσιδα αλλαγων που θα επιταχυνουν τη μεταβαση σε ενα βιωσιμο προτυπο αναπτυξησ,1
Κ. Σκρέκας: Στα 500 εκατ. ευρώ το όφελος από τις ανανεώσιμες πηγές ενέργειας εφέτος https://t.co/1aiorxGctZ,κ σκρεκασ στα εκατ ευρω το οφελοσ απο τισ ανανεωσιμεσ πηγεσ ενεργειασ εφετοσ,1
"Δεν είναι οικονομικά βιώσιμη η μεταγραφή του Ρονάλντο από την Ατλέτικο, σύμφωνα με τη Marca https://t.co/CyAQu4VyAy",δεν ειναι οικονομικα βιωσιμη η μεταγραφη του ροναλντο απο την ατλετικο συμφωνα με τη marca,1
Ποιός είπε ότι όλα τα αρκουδάκια είναι άγρια; (VIDEO) - https://t.co/GnipSlmyhc #αρκούδα #Αρκτούρος #Περιβάλλον,ποιοσ ειπε οτι ολα τα αρκουδακια ειναι αγρια video αρκουδα αρκτουροσ περιβαλλον,1
ΤΙΤΑΝ Ελλάδας: Νέα ορόσημα στη Βιώσιμη Ανάπτυξη το 2021 - mononews #mononewsGR https://t.co/iSmskCMlWf,τιταν ελλαδασ νεα οροσημα στη βιωσιμη αναπτυξη το mononews mononewsgr,1
RT @LykavitosGr: Φονικός κάυσωνας σαρώνει την Ευρώπη - Περισσότεροι από 1000 θάνατοι  #καύσωνας #Ευρώπη #κλιματική_αλλαγή https://t.co/Vs7t…, lykavitosgr φονικοσ καυσωνασ σαρωνει την ευρωπη περισσοτεροι απο θανατοι καυσωνασ ευρωπη κλιματικη_αλλαγη,1
RT @LykavitosGr: Φονικός κάυσωνας σαρώνει την Ευρώπη - Περισσότεροι από 1000 θάνατοι  #καύσωνας #Ευρώπη #κλιματική_αλλαγή https://t.co/Vs7t…, lykavitosgr φονικοσ καυσωνασ σαρωνει την ευρωπη περισσοτεροι απο θανατοι καυσωνασ ευρωπη κλιματικη_αλλαγη,1
ΤΙΤΑΝ Ελλάδας: Νέα ορόσημα στη Βιώσιμη Ανάπτυξη το 2021 - https://t.co/eiOPQNSsIs https://t.co/JsIXPpOJNQ #ΒιώσιμηΑνάπτυξη #ΌμιλοςΤιτάν #ΤΙΤΑΝ,τιταν ελλαδασ νεα οροσημα στη βιωσιμη αναπτυξη το βιωσιμηαναπτυξη ομιλοστιταν τιταν,1
"Όλο και περισσότεροι άνθρωποι εξαρτώνται από τα #κλιματιστικά τα οποία καταναλώνουν μεγάλες ποσότητες ηλεκτρικής ενέργειας για τη δροσιά που παρέχουν, προκαλώντας ένα φαύλο κύκλο.
#Κλιματισμος #Καυσωνας #Περιβαλλον 

https://t.co/UNJpo6dBUq",ολο και περισσοτεροι ανθρωποι εξαρτωνται απο τα κλιματιστικα τα οποια καταναλωνουν μεγαλεσ ποσοτητεσ ηλεκτρικησ ενεργειασ για τη δροσια που παρεχουν προκαλωντασ ενα φαυλο κυκλο κλιματισμοσ καυσωνασ περιβαλλον,1
Ο Έλληνας νευροεπιστήμονας που χαρτογράφησε τον ανθρώπινο εγκέφαλο ζητά να εισακουστεί η επιστήμη στο περιβάλλον--https://t.co/bAs4jYWOTz,ο ελληνασ νευροεπιστημονασ που χαρτογραφησε τον ανθρωπινο εγκεφαλο ζητα να εισακουστει η επιστημη στο περιβαλλον,1
Και γιατί να λένε για τις φωτιές στην Κρήτη; Κούρασε η κατάσταση... άντε να τα κάψουμε όλα να ησυχάσουμε. Να έρθουμε μετά και οι επενδύσεις να γίνουμε πλούσιοι. Εξάλλου το περιβάλλον το έχουμε σώσει με τα χάρτινα καλαμάκια στον καφέ μας. Οπότε όλα θα πάνε καλά... https://t.co/csUCbewYq2,και γιατι να λενε για τισ φωτιεσ στην κρητη κουρασε η κατασταση αντε να τα καψουμε ολα να ησυχασουμε να ερθουμε μετα και οι επενδυσεισ να γινουμε πλουσιοι εξαλλου το περιβαλλον το εχουμε σωσει με τα χαρτινα καλαμακια στον καφε μασ οποτε ολα θα πανε καλα,1
"Ο πλανήτης μας, μπορεί να είναι βιώσιμος για εμάς, όσο δεν καταστρέφουμε τις ποικιλόμορφες δομές των έμβιων οργανισμών που τον συναποτελούν, ή με άλλα λόγια… όσο δεν καταστρέφουμε τη βιοποικιλότητα του.

https://t.co/at7oexM5Wd",ο πλανητησ μασ μπορει να ειναι βιωσιμοσ για εμασ οσο δεν καταστρεφουμε τισ ποικιλομορφεσ δομεσ των εμβιων οργανισμων που τον συναποτελουν η με αλλα λογια οσο δεν καταστρεφουμε τη βιοποικιλοτητα του,1
"Γ. Παξινός, ο επιστήμονας που χαρτογράφησε τον ανθρώπινο εγκέφαλο, στο @praktoreioFM: «Μακάρι να εισακουστεί η επιστήμη και στο περιβάλλον όπως έγινε με την πανδημία»
 
https://t.co/78x6L4QZ0U https://t.co/6sVIWZ7Dh4",γ παξινοσ ο επιστημονασ που χαρτογραφησε τον ανθρωπινο εγκεφαλο στο praktoreiofm μακαρι να εισακουστει η επιστημη και στο περιβαλλον οπωσ εγινε με την πανδημια,1
Κέλλας: Δίκαιη - Βιώσιμη λύση στο Κυπριακό - LarissaPress https://t.co/SvmdPkaqXf,κελλασ δικαιη βιωσιμη λυση στο κυπριακο larissapress,1
Κέλλας: Δίκαιη - Βιώσιμη λύση στο Κυπριακό https://t.co/GmEN0YKoXu,κελλασ δικαιη βιωσιμη λυση στο κυπριακο,1
Μέγαρα: Η φωτιά απειλεί κατοικημένες περιοχές - https://t.co/PLf4YvgbSd #featured #featured_top #trend #Μέγαρα #πυροσβεστική #φωτιά #Περιβάλλον #Ροή,μεγαρα η φωτια απειλει κατοικημενεσ περιοχεσ featured featured_top trend μεγαρα πυροσβεστικη φωτια περιβαλλον ροη,1
MYTILINEOS-Η Βιώσιμη Ανάπτυξη αποτελεί αναπόσπαστο στοιχείο της μακροπρόθεσμης επιχειρηματικής στρατηγικής μας https://t.co/Ey4TdRFkfQ,mytilineosη βιωσιμη αναπτυξη αποτελει αναποσπαστο στοιχειο τησ μακροπροθεσμησ επιχειρηματικησ στρατηγικησ μασ,1
“Βιώσιμη λύση” η ολοκληρωτική διχοτόμηση της Κύπρου για τον Ερντογάν: Το προκλητικό μήνυμα προς Τατάρ https://t.co/n4XQV8ZrE7,βιωσιμη λυση η ολοκληρωτικη διχοτομηση τησ κυπρου για τον ερντογαν το προκλητικο μηνυμα προσ ταταρ,1
Νικητιάδης απο Αστυπάλαια: Η βιώσιμη ανάπτυξη σημαντικό εργαλείο για τον τουρισμό #Δημοκρατική #Ρόδος #Δωδεκάνησα https://t.co/ROXq2QtJqH,νικητιαδησ απο αστυπαλαια η βιωσιμη αναπτυξη σημαντικο εργαλειο για τον τουρισμο δημοκρατικη ροδοσ δωδεκανησα,1
Νικητιάδης από Αστυπάλαια: Η βιώσιμη ανάπτυξη σημαντικό εργαλείο για τον τουρισμό https://t.co/mnvoJDNaPP via @aegeanews,νικητιαδησ απο αστυπαλαια η βιωσιμη αναπτυξη σημαντικο εργαλειο για τον τουρισμο via aegeanews,1
"#Καύσωνες 💥 διαρκείας, #πυρκαγιές 🔥 και #κλιματική_αλλαγή: Σήμα κινδύνου από ειδικούς για μια νέα πραγματικότητα
https://t.co/Kqt3yCMmWP",καυσωνεσ διαρκειασ πυρκαγιεσ και κλιματικη_αλλαγη σημα κινδυνου απο ειδικουσ για μια νεα πραγματικοτητα,1
Ζαρκάδι τεσσάρων μηνών έσωσε ο Αρκτούρος - https://t.co/Ly305wRGPz #Αρκτούρος #ζαρκαδι #Οιφίλοιμαςτα΄ζώα #Περιβάλλον,ζαρκαδι τεσσαρων μηνων εσωσε ο αρκτουροσ αρκτουροσ ζαρκαδι οιφιλοιμασταζωα περιβαλλον,1
"#ΑΕΚ: Μεταγραφική βόμβα με #Βίντα; Μύλος με τον σούπερ στόπερ – Οι Κροάτες τον στέλνουν #Ελλάδα, τι έλεγε ο ατζέντης του στο περιβάλλον του #aek #aekfc #vida 

https://t.co/BxmUHY58GX",αεκ μεταγραφικη βομβα με βιντα μυλοσ με τον σουπερ στοπερ οι κροατεσ τον στελνουν ελλαδα τι ελεγε ο ατζεντησ του στο περιβαλλον του aek aekfc vida,1
Δηλώσεις του Γιάννης Γκιόκα στον ΑΝΤ1 για τις πυρκαγιες - https://t.co/I8Hk1Dnjr7 #2022 #ΓιάννηςΓκιόκας #ΚΚΕ #πυρκαγιές #Ελλάδα #Περιβάλλον #ΠολιτικέςΘέσεις,δηλωσεισ του γιαννησ γκιοκα στον αντ για τισ πυρκαγιεσ γιαννησγκιοκασ κκε πυρκαγιεσ ελλαδα περιβαλλον πολιτικεσθεσεισ,1
Μεγάλη φωτιά στη Λέσβο - Εκκενώνεται οικισμός - https://t.co/o3z4lEcwdX #2022 #Λέσβος #πυρκαγιά #Ελλάδα #Περιβάλλον #Περιφέρεια,μεγαλη φωτια στη λεσβο εκκενωνεται οικισμοσ λεσβοσ πυρκαγια ελλαδα περιβαλλον περιφερεια,1
Δηλώσεις του Γιάννης Γκιόκα στον ΑΝΤ1 για τις πυρκαγιες - #2022 #ΓιάννηςΓκιόκας #ΚΚΕ #πυρκαγιές #Ελλάδα #Περιβάλλον #ΠολιτικέςΘέσεις,δηλωσεισ του γιαννησ γκιοκα στον αντ για τισ πυρκαγιεσ γιαννησγκιοκασ κκε πυρκαγιεσ ελλαδα περιβαλλον πολιτικεσθεσεισ,1
Bentley: Καθόλου πλαστικό στο περιβάλλον! - mononews #mononewsGR https://t.co/ZIF8xK5C9R,bentley καθολου πλαστικο στο περιβαλλον mononews mononewsgr,1
Καλλιεργητής χασίς ο ύποπτος για την πυρκαγιά στο Σέιχ Σου - https://t.co/mAhkqVgQV2 #δάσοςτουΣειχΣου #πυρκαγιά #Κοινωνία #Περιβάλλον #Ροή,καλλιεργητησ χασισ ο υποπτοσ για την πυρκαγια στο σειχ σου δασοστουσειχσου πυρκαγια κοινωνια περιβαλλον ροη,1
Αείλανθος: Ένα παρεξηγημένο δέντρο με ισχυρά πλεονεκτήματα για το περιβάλλον! https://t.co/kltXCop5VR,αειλανθοσ ενα παρεξηγημενο δεντρο με ισχυρα πλεονεκτηματα για το περιβαλλον,1
"Σε πολιτική και οικονομική αυτοκτονία οδηγούν την Ευρώπη οι κυρώσεις κατά Ρωσίας, η πράσινη ενέργεια και τα μέτρα για covid https://t.co/So6s5z0O9U",σε πολιτικη και οικονομικη αυτοκτονια οδηγουν την ευρωπη οι κυρωσεισ κατα ρωσιασ η πρασινη ενεργεια και τα μετρα για covid,1
Πέντε τρόποι για να «επιβιώσετε» σε ένα τοξικό εργασιακό περιβάλλον https://t.co/pPXJFbIFqo,πεντε τροποι για να επιβιωσετε σε ενα τοξικο εργασιακο περιβαλλον,1
"Σε πολιτική και οικονομική αυτοκτονία οδηγούν την Ευρώπη οι κυρώσεις κατά Ρωσίας, η πράσινη ενέργεια και τα μέτρα για covid https://t.co/s36AXRhTa7",σε πολιτικη και οικονομικη αυτοκτονια οδηγουν την ευρωπη οι κυρωσεισ κατα ρωσιασ η πρασινη ενεργεια και τα μετρα για covid,1
"RT @GiorgosKyrtsos: Η Ελλάδα φλέγεται και ο Μητσοτάκης που είχε τις «λύσεις» απλά χαμογελάει..
Επί Τσίπρα απέδιδε τις καταστροφές στα λάθη…", giorgoskysos η ελλαδα φλεγεται και ο μητσοτακησ που ειχε τισ λυσεισ απλα χαμογελαει επι τσιπρα απεδιδε τισ καταστροφεσ στα λαθη,1
Πέντε τρόποι για να «επιβιώσετε» σε ένα τοξικό εργασιακό περιβάλλον https://t.co/wVjJjJOIgK,πεντε τροποι για να επιβιωσετε σε ενα τοξικο εργασιακο περιβαλλον,1
"Σε πολιτική και οικονομική αυτοκτονία οδηγούν την Ευρώπη οι κυρώσεις κατά Ρωσίας, η πράσινη ενέργεια και τα μέτρα για covid https://t.co/KSCKj2Zwf6",σε πολιτικη και οικονομικη αυτοκτονια οδηγουν την ευρωπη οι κυρωσεισ κατα ρωσιασ η πρασινη ενεργεια και τα μετρα για covid,1
"Ποσειδώνια: Κορυφαία επιτεύγματα σε Κοινωνία, Οικονομία, Υγεία &amp; Περιβάλλον - mononews #mononewsGR https://t.co/7WBQmeIEqW",ποσειδωνια κορυφαια επιτευγματα σε κοινωνια οικονομια υγεια amp περιβαλλον mononews mononewsgr,1
ΓΕΩΡΓΙΟΣ ΠΟΛΥΜΕΡΗΣ: Η ΕΠΙΡΡΟΗ ΤΟΥ ΠΛΑΣΤΙΚΟΥ ΣΤΟ ΠΕΡΙΒΑΛΛΟΝ ΚΑΙ ΣΤΗ ΖΩΗ ΜΑΣ https://t.co/gfF872YDKY,γεωργιοσ πολυμερησ η επιρροη του πλαστικου στο περιβαλλον και στη ζωη μασ,1
Δράση παράκτιου και υποβρύχιου καθαρισμού του βυθού από το Neptune Hotels που διαδίδει τον εθελοντισμό και την αγάπη για το περιβάλλον https://t.co/PeCrY2GYCy via @aegeanews,δραση παρακτιου και υποβρυχιου καθαρισμου του βυθου απο το neptune hotels που διαδιδει τον εθελοντισμο και την αγαπη για το περιβαλλον via aegeanews,1
"Επιτροπή Πρέβεζα: ”Ιστορία, Πολιτισμός, Περιβάλλον”: Ποιοι θα σταθούν στο πλάϊ του Ανδρούτσου; via @onprevezanews https://t.co/B6zseZvtis",επιτροπη πρεβεζα ιστορια πολιτισμοσ περιβαλλον ποιοι θα σταθουν στο πλαϊ του ανδρουτσου via onprevezanews,1
"[Κλικ και διαβάστε στο mononews]Ποσειδώνια: Κορυφαία επιτεύγματα σε  #Κοινωνία, Οικονομία, Υγεία &amp; Περιβάλλον https://t.co/0bVe39A67S",κλικ και διαβαστε στο mononewsποσειδωνια κορυφαια επιτευγματα σε κοινωνια οικονομια υγεια amp περιβαλλον,1
Ολοκληρώθηκε η 2η Συνάντηση εργασίας για την ενεργειακή μετάβαση του δήμου Θέρμης στην κλιματική ουδετερότητα https://t.co/8aE3qCIT4V #ΔΤ #ΕΝΕΡΓΕΙΑ #ΚΛΙΜΑ #ΠΕΡΙΒΑΛΛΟΝ https://t.co/PABF7yNR7c,ολοκληρωθηκε η η συναντηση εργασιασ για την ενεργειακη μεταβαση του δημου θερμησ στην κλιματικη ουδετεροτητα δτ ενεργεια κλιμα περιβαλλον,1
"""Στις δημοκρατίες τίθενται σήμερα σκληρά διλήμματα και δύσκολες επιλογές, σε ένα αβέβαιο και απειλητικό διεθνές περιβάλλον. Σε αυτές τις κρίσιμες συνθήκες, προέχει η ενότητα, η αναζήτηση των συναινέσεων και των συγκλίσεων για το κα
https://t.co/OY9QKnJf7V
https://t.co/PFTDQET8Rq https://t.co/3URc0L5YIw",στισ δημοκρατιεσ τιθενται σημερα σκληρα διλημματα και δυσκολεσ επιλογεσ σε ενα αβεβαιο και απειλητικο διεθνεσ περιβαλλον σε αυτεσ τισ κρισιμεσ συνθηκεσ προεχει η ενοτητα η αναζητηση των συναινεσεων και των συγκλισεων για το κα,1
Υψηλός κίνδυνος πυρκαγιάς σήμερα για Αττική και Στερεά Ελλάδα - https://t.co/8YAoX7TWVR #Αττική #ΠεριφέρειαΣτερεάςΕλλάδος #Περιβάλλον #Ροή,υψηλοσ κινδυνοσ πυρκαγιασ σημερα για αττικη και στερεα ελλαδα αττικη περιφερειαστερεασελλαδοσ περιβαλλον ροη,1
Πώς η Σαουδική Αραβία μετατρέπει την έρημο σε μια όαση καλλιεργήσιμου εδάφους (Βίντεο) https://t.co/GYTZFqT2NB #ΕΡΓΑ #ΚΟΣΜΟΣ #ΠΕΡΙΒΑΛΛΟΝ https://t.co/j9sjZs2hsv,πωσ η σαουδικη αραβια μετατρεπει την ερημο σε μια οαση καλλιεργησιμου εδαφουσ βιντεο εργα κοσμοσ περιβαλλον,1
"Έστειλε το δικό της μήνυμα ελευθερίας που προσφέρει η επαφή με το φυσικό περιβάλλον

#znews #Ρενεση #Γαυδος https://t.co/KCmnCn2c0a",εστειλε το δικο τησ μηνυμα ελευθεριασ που προσφερει η επαφη με το φυσικο περιβαλλον znews ρενεση γαυδοσ,1
Θανάσης Καραΐσκος: Ναυάγιο | Ναι στον δρόμο διαφυγής αλλά να γίνει νόμιμα με λογικό κόστος και να συνάδει με το περιβάλλον της περιοχής https://t.co/N4inRHIUWa,θανασησ καραΐσκοσ ναυαγιο ναι στον δρομο διαφυγησ αλλα να γινει νομιμα με λογικο κοστοσ και να συναδει με το περιβαλλον τησ περιοχησ,1
"Ποσειδώνια: Δείχνει το δρόμο προς τη βιωσιμότητα – Οι πρωτοβουλίες για Κοινωνία, Οικονομία, Υγεία, Περιβάλλον https://t.co/8axkolwU1o",ποσειδωνια δειχνει το δρομο προσ τη βιωσιμοτητα οι πρωτοβουλιεσ για κοινωνια οικονομια υγεια περιβαλλον,1
Επιμελητήριο Κεφαλληνίας &amp; Ιθάκης : H καρδιά μας χτυπάει για το περιβάλλον! https://t.co/YRBmgiyQod,επιμελητηριο κεφαλληνιασ amp ιθακησ h καρδια μασ χτυπαει για το περιβαλλον,1
"RT @elliafxentiou: ..Ο Υπουργός Γεωργίας, Αγροτικής Ανάπτυξης και Περιβάλλοντος της Κυπριακής Δημοκρατίας, Κώστας Καδής, γράφει στο @Propag…", elliafxentiou ο υπουργοσ γεωργιασ αγροτικησ αναπτυξησ και περιβαλλοντοσ τησ κυπριακησ δημοκρατιασ κωστασ καδησ γραφει στο propag,1
Έρευνα: Ευνοϊκό για σεξουαλική παρενόχληση το εργασιακό περιβάλλον στο Δημόσιο https://t.co/nGGnJKlstL,ερευνα ευνοϊκο για σεξουαλικη παρενοχληση το εργασιακο περιβαλλον στο δημοσιο,1
Γόνιμο σε συμπεράσματα το «CIVITAS Summer School» με επίκεντρο τη βιώσιμη αστική κινητικότητα https://t.co/7AIXpNwzgf,γονιμο σε συμπερασματα το civitas summer school με επικεντρο τη βιωσιμη αστικη κινητικοτητα,1
To εργασιακό περιβάλλον στο Δημόσιο «ευνοεί» την σεξουαλική παρενόχληση https://t.co/bvMCPUwSYV,to εργασιακο περιβαλλον στο δημοσιο ευνοει την σεξουαλικη παρενοχληση,1
To εργασιακό περιβάλλον στο Δημόσιο «ευνοεί» την σεξουαλική παρενόχληση https://t.co/iPb6peShIA #survivorGR #greece #πανδημια #Πολεμος_στην_Ουκρανια #πολιτικη,to εργασιακο περιβαλλον στο δημοσιο ευνοει την σεξουαλικη παρενοχληση survivorgr greece πανδημια πολεμοσ_στην_ουκρανια πολιτικη,1
"Έρευνα ΑΔΕΔΥ: Ευνοϊκό για σεξουαλική παρενόχληση το εργασιακό περιβάλλον στο Δημόσιο

https://t.co/CvMpOVGalm",ερευνα αδεδυ ευνοϊκο για σεξουαλικη παρενοχληση το εργασιακο περιβαλλον στο δημοσιο,1
"RT @NikosDendias: Με την ευκαιρία της τελετής παράδοσης του αρχειακού υλικού του Δημήτριου Μπίτσιου, είχα την χαρά να καλωσορίσω στο Υπουργ…", nikosdendias με την ευκαιρια τησ τελετησ παραδοσησ του αρχειακου υλικου του δημητριου μπιτσιου ειχα την χαρα να καλωσορισω στο υπουργ,1
Η πρόταση - βόμβα Bin Salman για πολλαπλασιασμό της ισχύος στη διασύνδεση για φθηνή πράσινη ενέργεια https://t.co/Eo5DMfvE1L,η προταση βομβα bin salman για πολλαπλασιασμο τησ ισχυοσ στη διασυνδεση για φθηνη πρασινη ενεργεια,1
"EY: Οι Έλληνες καταναλωτές ανήσυχοι και με νέες αγοραστικές συνήθειες, σε ένα διαρκώς πιο αβέβαιο περιβάλλον https://t.co/5uKFpvfLr7",ey οι ελληνεσ καταναλωτεσ ανησυχοι και με νεεσ αγοραστικεσ συνηθειεσ σε ενα διαρκωσ πιο αβεβαιο περιβαλλον,1
«Πράσινη» ενέργεια με τη βοήθεια του ανέμου: Πώς γίνεται η παραγωγή αιολικής ενέργειας - https://t.co/II2OPKMfno https://t.co/TJZKytyowP,πρασινη ενεργεια με τη βοηθεια του ανεμου πωσ γινεται η παραγωγη αιολικησ ενεργειασ,1
"H Ελλάδα της οικονομικής μετριότητας πέταξε σχεδόν 50 δισεκ. για πανδημία, ενεργειακή κρίση και πληθωρισμό δημιουργώντας υπέρογκα ελλείμματα και τοξικά μη βιώσιμο χρέος 
https://t.co/KEASoU7Zo0",h ελλαδα τησ οικονομικησ μετριοτητασ πεταξε σχεδον δισεκ για πανδημια ενεργειακη κριση και πληθωρισμο δημιουργωντασ υπερογκα ελλειμματα και τοξικα μη βιωσιμο χρεοσ,1
"Δημητριάδος Ιγνάτιος: «Καταστρέψαμε το περιβάλλον, διαστρέψαμε την φύση» https://t.co/GXcFNjoGkv",δημητριαδοσ ιγνατιοσ καταστρεψαμε το περιβαλλον διαστρεψαμε την φυση,1
Έρευνα: Ευνοϊκό για σεξουαλική παρενόχληση το εργασιακό περιβάλλον στο Δημόσιο - https://t.co/yu087MaNYn https://t.co/VYZUo2t4rq,ερευνα ευνοϊκο για σεξουαλικη παρενοχληση το εργασιακο περιβαλλον στο δημοσιο,1
"ΕΤΣΙ ΘΑ ΕΝΘΡΟΝΙΣΟΥΝ ΚΑΙ ΤΟΝ ΑΝΤΙΧΡΙΣΤΟ... Γι' αυτό και χαίρει η φύσης όλη και δεν θα μείνει ούτε κλαδάκι όρθιο. Προετοιμάζουν το ανάλογο τεχνοκρατικό περιβάλλον που θα τον υπηρετεί...
Τώρα γιατί θα σωθούν πολλοί στα βουνά; Το ξέρετε ήδη. https://t.co/F9loMbrb6D via @dimpenewscom1",ετσι θα ενθρονισουν και τον αντιχριστο γι αυτο και χαιρει η φυσησ ολη και δεν θα μεινει ουτε κλαδακι ορθιο προετοιμαζουν το αναλογο τεχνοκρατικο περιβαλλον που θα τον υπηρετει τωρα γιατι θα σωθουν πολλοι στα βουνα το ξερετε ηδη via dimpenewscom,1
Χαλκιδική: Φωτιά στα Ψακούδια - https://t.co/HmcM8NR5Wl #Σιθωνία #φωτιά #ψακούδια #Κοινωνία #Μακεδονία-Θράκη #Περιβάλλον,χαλκιδικη φωτια στα ψακουδια σιθωνια φωτια ψακουδια κοινωνια μακεδονιαθρακη περιβαλλον,1
Καλλιέργειες: Ανησυχία προκαλεί η εμφάνιση του πολυφάγου λεπιδόπτερου Loxostege sticticalis https://t.co/y1UIMkANyr,καλλιεργειεσ ανησυχια προκαλει η εμφανιση του πολυφαγου λεπιδοπτερου loxostege sticticalis,1
Πράσινη ενέργεια στο γηροκομείο των ιδρυμάτων Καλοκαιρινού https://t.co/WWTDVi9D1y,πρασινη ενεργεια στο γηροκομειο των ιδρυματων καλοκαιρινου,1
Tα 12 σημεία-παραλίες στην Αττική που απαγορεύεται το κολύμπι https://t.co/HB9lweMEat,tα σημειαπαραλιεσ στην αττικη που απαγορευεται το κολυμπι,1
RT @Moneypressgr: To εργασιακό περιβάλλον στο Δημόσιο «ευνοεί» την σεξουαλική παρενόχληση  #moneypress https://t.co/Zygo55Aroa, moneypressgr to εργασιακο περιβαλλον στο δημοσιο ευνοει την σεξουαλικη παρενοχληση moneypress,1
To εργασιακό περιβάλλον στο Δημόσιο «ευνοεί» την σεξουαλική παρενόχληση  #moneypress https://t.co/Zygo55Aroa,to εργασιακο περιβαλλον στο δημοσιο ευνοει την σεξουαλικη παρενοχληση moneypress,1
Κέλλας σε Αμυρά - Αραβώση: Προστατέψτε το περιβάλλον και τη δημόσια υγεία στον Πλαταμώνα και την ευρύτερη περιοχή ⋆ TirnavosPress https://t.co/SYSLT0unVz @kellas_xristos,κελλασ σε αμυρα αραβωση προστατεψτε το περιβαλλον και τη δημοσια υγεια στον πλαταμωνα και την ευρυτερη περιοχη tirnavospress kellas_xristos,1
Πώς βλέπει ο εφευρέτης του κύβου του Ρούμπικ τις εξελίξεις στο περιβάλλον και τo... gaming - https://t.co/2NUyIedkYR https://t.co/Y7QbMeYgAf,πωσ βλεπει ο εφευρετησ του κυβου του ρουμπικ τισ εξελιξεισ στο περιβαλλον και τo gaming,1
Κέλλας σε Αμυρά - Αραβώση: Προστατέψτε το περιβάλλον και τη δημόσια υγεία στον Πλαταμώνακαι την ευρύτερη περιοχή https://t.co/NbTCt84gdf,κελλασ σε αμυρα αραβωση προστατεψτε το περιβαλλον και τη δημοσια υγεια στον πλαταμωνακαι την ευρυτερη περιοχη,1
Κέλλας σε Αμυρά - Αραβώση: Προστατέψτε το περιβάλλον και τη δημόσια υγεία στον Πλαταμώνα και την ευρύτερη περιοχή - LarissaPress https://t.co/sWYjyuux0C,κελλασ σε αμυρα αραβωση προστατεψτε το περιβαλλον και τη δημοσια υγεια στον πλαταμωνα και την ευρυτερη περιοχη larissapress,1
ΧΑΡΑΛΑΜΠΟΣ ΧΑΡΙΤΟΠΟΥΛΟΣ: ΚΑΛΟΚΑΙΡΙ ΠΕΡΙΒΑΛΛΟΝ ΠΥΡΚΑΓΙΕΣ https://t.co/3k3XoosgAI,χαραλαμποσ χαριτοπουλοσ καλοκαιρι περιβαλλον πυρκαγιεσ,1
Βουλή: Ψηφίζεται απόψε το πολυνομοσχέδιο για το περιβάλλον – Καταψηφίζει η αντιπολίτευση https://t.co/NrIjcwj2ng,βουλη ψηφιζεται αποψε το πολυνομοσχεδιο για το περιβαλλον καταψηφιζει η αντιπολιτευση,1
"#Βουλή

Ψηφίζεται απόψε από την Ολομέλεια το πολυνομοσχέδιο για το περιβάλλον 

Καταψηφίζει η αντιπολίτευση

https://t.co/Uugf76G48e https://t.co/e3ULBKF8dr",βουλη ψηφιζεται αποψε απο την ολομελεια το πολυνομοσχεδιο για το περιβαλλον καταψηφιζει η αντιπολιτευση,1
"#Θεσσαλονίκη

Σε εγρήγορση καλεί ο εισαγγελέας να βρίσκονται οι αστυνομικές Αρχές, προκειμένου να αποτραπούν πυρκαγιές από εμπρησμούς, εν μέσω της περιόδου του θέρους, με καταστροφικές συνέπειες τόσο για τον ανθρώπινο παράγοντα όσο και για το περιβάλλον. 

https://t.co/WlSJPBzL4Z https://t.co/DBBmE1Ih1M",θεσσαλονικη σε εγρηγορση καλει ο εισαγγελεασ να βρισκονται οι αστυνομικεσ αρχεσ προκειμενου να αποτραπουν πυρκαγιεσ απο εμπρησμουσ εν μεσω τησ περιοδου του θερουσ με καταστροφικεσ συνεπειεσ τοσο για τον ανθρωπινο παραγοντα οσο και για το περιβαλλον,1
RT @sofokleous10: Alpha Services and Holdings: Σχέδια και δράσεις για ένα βιώσιμο μέλλον Απολογισμός Βιώσιμης Ανάπτυξης 2021   https://t.co…, sofokleous alpha services and holdings σχεδια και δρασεισ για ενα βιωσιμο μελλον απολογισμοσ βιωσιμησ αναπτυξησ,1
Συνεχίζονται τα μεγάλα deals στην πράσινη ενέργεια https://t.co/RJGu7jjgTi,συνεχιζονται τα μεγαλα deals στην πρασινη ενεργεια,1
Βουλή: Ψηφίστηκε το περιβαλλοντικό ν/σ- Αποσύρθηκαν οι διατάξεις για τις περιοχές Natura - https://t.co/eiOPQNSsIs https://t.co/2PyjHgPsyj #Βουλή #νομοσχέδιο #περιβάλλον #Natura,βουλη ψηφιστηκε το περιβαλλοντικο νσ αποσυρθηκαν οι διαταξεισ για τισ περιοχεσ natura βουλη νομοσχεδιο περιβαλλον natura,1
Alpha Services and Holdings: Σχέδια και δράσεις για ένα βιώσιμο μέλλον Απολογισμός Βιώσιμης Ανάπτυξης 2021 https://t.co/78EXzg4Z0x,alpha services and holdings σχεδια και δρασεισ για ενα βιωσιμο μελλον απολογισμοσ βιωσιμησ αναπτυξησ,1
"Ο Μπιλ Γκέιτς θέλει να συμβάλλει στην καλυτέρευση των συνθηκών που επικρατούν στο περιβάλλον. Γι’ αυτό επένδυσε 20 δις εκατομμύρια δολάρια σε κλιματιστικά που δεν θα καίνε ρεύμα.

#hernewsgr 

https://t.co/EtofKoLZQC",ο μπιλ γκειτσ θελει να συμβαλλει στην καλυτερευση των συνθηκων που επικρατουν στο περιβαλλον γι αυτο επενδυσε δισ εκατομμυρια δολαρια σε κλιματιστικα που δεν θα καινε ρευμα hernewsgr,1
RT @lena_savvidou: Στη Θεσσαλία ο υδροφόρος ορίζοντας είναι μολυσμένος από φυτοφάρμακα. Κάθε σπίτι πλέον έχει τον καρκίνο του. Σε αυτή  τη…, lena_savvidou στη θεσσαλια ο υδροφοροσ οριζοντασ ειναι μολυσμενοσ απο φυτοφαρμακα καθε σπιτι πλεον εχει τον καρκινο του σε αυτη τη,1
Στήριξη Βαγενά στην πρωτοβουλία Κόκκαλη κατά της εγκατάστασης φωτοβολταικών όταν θίγεται το περιβάλλον - LarissaPress https://t.co/3unIN5jg26,στηριξη βαγενα στην πρωτοβουλια κοκκαλη κατα τησ εγκαταστασησ φωτοβολταικων οταν θιγεται το περιβαλλον larissapress,1
RT @u_know_n0th1ng: Να σημειωθεί παρακαλώ πολύ ότι εμείς τα #ψεκια που σας έχουμε ήδη προειδοποιησει για αυτο που συμβαίνει τώρα με τις παρ…, u_know_nthng να σημειωθει παρακαλω πολυ οτι εμεισ τα ψεκια που σασ εχουμε ηδη προειδοποιησει για αυτο που συμβαινει τωρα με τισ παρ,1
120μ. μέσα σε βουνό: Η καλύτερα φρουρούμενη τράπεζα στον κόσμο κρύβει την τελευταία ελπίδα της ανθρωπότητας https://t.co/mt6NfF4IF3 #ΚΟΣΜΟΣ #ΠΕΡΙΒΑΛΛΟΝ #ΦΥΤΑ https://t.co/mTskwTJMaC,μ μεσα σε βουνο η καλυτερα φρουρουμενη τραπεζα στον κοσμο κρυβει την τελευταια ελπιδα τησ ανθρωποτητασ κοσμοσ περιβαλλον φυτα,1
"Πωλήσεις που σημείωσαν ρεκόρ δεκαετίας, αλλά και ανησυχία για το επιβαρυμμένο οικονομικό περιβάλλον εξαιτίας των πληθωριστικών πιέσεων και των ανατιμήσεων, είναι τα βασικά συμπεράσματα της 8ης ετήσιαςέκθεσης Υδατοκαλλιέργειας, που εκδόθηκε φέτος από

https://t.co/WB3OJ03yPn https://t.co/xTR7ADaZ5w",πωλησεισ που σημειωσαν ρεκορ δεκαετιασ αλλα και ανησυχια για το επιβαρυμμενο οικονομικο περιβαλλον εξαιτιασ των πληθωριστικων πιεσεων και των ανατιμησεων ειναι τα βασικα συμπερασματα τησ ησ ετησιασεκθεσησ υδατοκαλλιεργειασ που εκδοθηκε φετοσ απο,1
"ΠτΔ και η ε/κ πλευρά με αποφασιστικότητα και θέληση στοχεύουν σε δίκαιη και βιώσιμη λύση του Κυπριακού, είπε ο Καρούσος

https://t.co/nLjYLfh936",πτδ και η εκ πλευρα με αποφασιστικοτητα και θεληση στοχευουν σε δικαιη και βιωσιμη λυση του κυπριακου ειπε ο καρουσοσ,1
Ε.Ε: Η εισβολή της Ρωσίας στην Ουκρανία πάει πίσω την πράσινη ανάπτυξη https://t.co/3Ui14z8zYn #οικονομια #news #Πολεμος_στην_Ουκρανια #πανδημια #greece #survivorGR,εε η εισβολη τησ ρωσιασ στην ουκρανια παει πισω την πρασινη αναπτυξη οικονομια news πολεμοσ_στην_ουκρανια πανδημια greece survivorgr,1
Ευτυχίδου (ΓΓ Βιομηχανίας): Η πρώτη Εθνική Στρατηγική Βιομηχανίας για τη βιώσιμη οικονομική ανάπτυξη και την κοινωνική ευημερία https://t.co/gaJBOpnEfV #businessnewsgr,ευτυχιδου γγ βιομηχανιασ η πρωτη εθνικη στρατηγικη βιομηχανιασ για τη βιωσιμη οικονομικη αναπτυξη και την κοινωνικη ευημερια businessnewsgr,1
"Άρθρο Θέμιδος Ευτυχίδου, ΓΓ Βιομηχανίας: Η πρώτη Εθνική Στρατηγική Βιομηχανίας για τη βιώσιμη οικονομική ανάπτυξη και την κοινωνική ευημερία

https://t.co/2kjeTRGy6C",αρθρο θεμιδοσ ευτυχιδου γγ βιομηχανιασ η πρωτη εθνικη στρατηγικη βιομηχανιασ για τη βιωσιμη οικονομικη αναπτυξη και την κοινωνικη ευημερια,1
Οι νέες μπαταρίες θα μειώσουν σημαντικά το αποτύπωμα άνθρακα στα ηλεκτρικά αυτοκίνητα - https://t.co/y8HB9jvY1F https://t.co/k2XRfWqOfy,οι νεεσ μπαταριεσ θα μειωσουν σημαντικα το αποτυπωμα ανθρακα στα ηλεκτρικα αυτοκινητα,1
RT @TheOpinion_News: Πέντε τρόποι για να «επιβιώσετε» σε ένα τοξικό εργασιακό περιβάλλον https://t.co/p6EscGkOrL #Thessaloniki #skg #TheOpi…, theopinion_news πεντε τροποι για να επιβιωσετε σε ενα τοξικο εργασιακο περιβαλλον thessaloniki skg theopi,1
Όλοι Μαζί Μπορούμε: Διπλή δράση ποτίσματος στην Πεντέλη την Παρασκευή 5 Αυγούστου https://t.co/dx4207RyPJ,ολοι μαζι μπορουμε διπλη δραση ποτισματοσ στην πεντελη την παρασκευη αυγουστου,1
"Η Siemens λανσάρει την Building X, μια ανοιχτή σουίτα με AI δυνατότητες για κτήρια με μηδενικό αποτύπωμα άνθρακα https://t.co/eZDFSzliQC",η siemens λανσαρει την building x μια ανοιχτη σουιτα με ai δυνατοτητεσ για κτηρια με μηδενικο αποτυπωμα ανθρακα,1
Ένωση Ελλήνων Εφοπλιστών: Οι Έλληνες εφοπλιστές ναυπηγούν 173 πλοία φιλικά προς το περιβάλλον - mononews #mononewsGR https://t.co/JEoq4BKDCa,ενωση ελληνων εφοπλιστων οι ελληνεσ εφοπλιστεσ ναυπηγουν πλοια φιλικα προσ το περιβαλλον mononews mononewsgr,1
Δήμος Παιανίας: Νέοι κάδοι απορριμμάτων και ανακύκλωσης – Ισ. Μάδης: Προστατεύουμε κατοίκους και περιβάλλον https://t.co/SrSyrFTZJ7 #ΑΥΤΟΔΙΟΙΚΗΣΗ #ΔΗΜΟΣΠΑΙΑΝΙΑΣ #ΚΑΔΟΙΑΠΟΡΡΙΜΜΑΤΩΝ By https://t.co/p9zfHy5mYe,δημοσ παιανιασ νεοι καδοι απορριμματων και ανακυκλωσησ ισ μαδησ προστατευουμε κατοικουσ και περιβαλλον αυτοδιοικηση δημοσπαιανιασ καδοιαπορριμματων by,1
#ΕΥΔΑΠ: Η κυκλική οικονομία γίνεται πράξη σε 4 άξονες - #mononewsGR https://t.co/Q9VWLw5oSH,ευδαπ η κυκλικη οικονομια γινεται πραξη σε αξονεσ mononewsgr,1
"ΔΗΜΟΣ ΝΕΑΠΟΛΗΣ-ΣΥΚΕΩΝ: Επένδυση 4,5 εκατ. στο περιβάλλον και στην οικονομία - https://t.co/jQyuvoc6gB #ΔήμοςΝεαπολεωςΣυκεων #ΕΝΕΡΓΕΙΑ #επένδυση #οικονομία",δημοσ νεαπολησσυκεων επενδυση εκατ στο περιβαλλον και στην οικονομια δημοσνεαπολεωσσυκεων ενεργεια επενδυση οικονομια,1
"Γκριμάλντι: Διαθέτουμε στόλο σύγχρονο, αποδοτικό και βιώσιμο - Στη Νάπολη το νεότευκτο υβριδικό Eco Adriatica - mononews #mononewsGR https://t.co/S0606Nawju",γκριμαλντι διαθετουμε στολο συγχρονο αποδοτικο και βιωσιμο στη ναπολη το νεοτευκτο υβριδικο eco adriatica mononews mononewsgr,1
Η Nissan εγκαινιάζει βιώσιμο χρηματοδοτικό πλαίσιο για τη χρηματοδότηση ηλεκτρικών οχημάτων https://t.co/DYf2x0UjS5,η nissan εγκαινιαζει βιωσιμο χρηματοδοτικο πλαισιο για τη χρηματοδοτηση ηλεκτρικων οχηματων,1
Η Nissan εγκαινιάζει βιώσιμο χρηματοδοτικό πλαίσιο για τη χρηματοδότηση ηλεκτρικών οχημάτων ... https://t.co/S4VO57tjZO,η nissan εγκαινιαζει βιωσιμο χρηματοδοτικο πλαισιο για τη χρηματοδοτηση ηλεκτρικων οχηματων,1
"#ΕΥΔΑΠ: Έμφαση στην πράσινη ενέργεια από Βιοαέριο, Υδροηλεκτρικά και Φωτοβολταϊκά - #mononewsGR https://t.co/6K8WZScZEN",ευδαπ εμφαση στην πρασινη ενεργεια απο βιοαεριο υδροηλεκτρικα και φωτοβολταϊκα mononewsgr,1
Την οργή της Κίνας προκαλεί η “απόβαση” Πελόζι στην Ταϊβάν. Κρίσιμο τεστ σε περιβάλλον διεθνών γεωπολιτικών απειλών https://t.co/9PRQSE7n7L,την οργη τησ κινασ προκαλει η αποβαση πελοζι στην ταϊβαν κρισιμο τεστ σε περιβαλλον διεθνων γεωπολιτικων απειλων,1
Περιφέρεια Θεσσαλίας και ΕΚΠΑ μελετούν τις επιπτώσεις του Ιανού στη Λίμνη Πλαστήρα https://t.co/CNL4PetVDj,περιφερεια θεσσαλιασ και εκπα μελετουν τισ επιπτωσεισ του ιανου στη λιμνη πλαστηρα,1
[Κλικ και διαβάστε στο newsbomb]Αειφορία σε τρεις άξονες: Οι δράσεις της Henkel για το περιβάλλον https://t.co/9c1CUdZu3s,κλικ και διαβαστε στο newsbombαειφορια σε τρεισ αξονεσ οι δρασεισ τησ henkel για το περιβαλλον,1
"Ενημερωτικό Δελτίο
• Πολιτισμός • Υγεία  • Τουρισμός • Οικονομία • Ενέργεια • Περιβάλλον • Βραζιλία • Αεροδρόμια • Γαστρονομία •
https://t.co/hE110j0qvw https://t.co/74lYoJBElt",ενημερωτικο δελτιο πολιτισμοσ υγεια τουρισμοσ οικονομια ενεργεια περιβαλλον βραζιλια αεροδρομια γαστρονομια,1
"Έχουμε γράψει πολλά άρθρα για τους τοξικούς ανθρώπους. Είναι άλλωστε άνθρωποι που έχουμε γύρω μας, είτε στο επαγγελματικό μας περιβάλλον, είτε στην προσωπική μας ζωή.
#ValueNewsgr #valuenews #GreeceNews #news https://t.co/LCha24M6MO",εχουμε γραψει πολλα αρθρα για τουσ τοξικουσ ανθρωπουσ ειναι αλλωστε ανθρωποι που εχουμε γυρω μασ ειτε στο επαγγελματικο μασ περιβαλλον ειτε στην προσωπικη μασ ζωη valuenewsgr valuenews greecenews news,1
"RT @MumRa667: Εύβοια 2022
Αυτή η φωτό ειναι αφιερωμενη εξαιρετικά σε ολα τα σκουπιδια και τα λαμογια που θεωρουν οτι οι καταστροφές του περ…", mumra ευβοια αυτη η φωτο ειναι αφιερωμενη εξαιρετικα σε ολα τα σκουπιδια και τα λαμογια που θεωρουν οτι οι καταστροφεσ του περ,1
[Κλικ και διαβάστε στο mononews]Stéphane Monier(Lombard Odier):  Πότε ενσωματώνουμε τις τεχνολογικές επενδύσεις σε ένα βιώσιμο χαρτοφυλάκιο https://t.co/THXJ0Jo07h,κλικ και διαβαστε στο mononewsstéphane monierlombard odier ποτε ενσωματωνουμε τισ τεχνολογικεσ επενδυσεισ σε ενα βιωσιμο χαρτοφυλακιο,1
"Η καθαρή ενέργεια, η βιώσιμη ανάπτυξη και η προστασία του περιβάλλοντος “πρωταγωνιστούν” στο αφιέρωμα της Κυκλικής Οικονομίας στην 86η ΔΕΘ https://t.co/s0snyb05ZF",η καθαρη ενεργεια η βιωσιμη αναπτυξη και η προστασια του περιβαλλοντοσ πρωταγωνιστουν στο αφιερωμα τησ κυκλικησ οικονομιασ στην η δεθ,1
Η βιώσιμη ανάπτυξη γίνεται τρόπος ζωής: Ανακύκλωση και δράσεις για το περιβάλλον - https://t.co/trsLuY2w23 https://t.co/Yt7X6eCK6N,η βιωσιμη αναπτυξη γινεται τροποσ ζωησ ανακυκλωση και δρασεισ για το περιβαλλον,1
"Εκμεταλλευόμενοι το ασταθές διεθνές περιβάλλον, οι Τούρκοι απασφάλισαν πλήρως
#τουρκια
https://t.co/urWLAjqlMN",εκμεταλλευομενοι το ασταθεσ διεθνεσ περιβαλλον οι τουρκοι απασφαλισαν πληρωσ τουρκια,1
Ολλανδία: Η κυβέρνηση κήρυξε κατάσταση λειψυδρίας λόγω ξηρασίας - https://t.co/eiOPQNSsIs https://t.co/On7sF9ogAe #Βροχή #Κυβέρνηση #Λειψυδρία #Ξηρασία #Ολλανδία #Περιβάλλον,ολλανδια η κυβερνηση κηρυξε κατασταση λειψυδριασ λογω ξηρασιασ βροχη κυβερνηση λειψυδρια ξηρασια ολλανδια περιβαλλον,1
[Κλικ και διαβάστε στο skai](video)«Ένα γράμμα από την Ιένη»: Μία ταινία για το περιβάλλον από τη Σενεγάλη με μηνύματα για την  #Ελλάδα https://t.co/EJtRm4UQFm,κλικ και διαβαστε στο skaivideoενα γραμμα απο την ιενη μια ταινια για το περιβαλλον απο τη σενεγαλη με μηνυματα για την ελλαδα,1
Τράπεζα Πειραιώς: Καθαρά κέρδη 614 εκατ. ευρώ στο α’ εξάμηνο. Χρήστος Μεγάλου: Το 2022 μπήκαν τα θεμέλια για βιώσιμη κερδοφορία https://t.co/wD9dqEGsA6,τραπεζα πειραιωσ καθαρα κερδη εκατ ευρω στο α εξαμηνο χρηστοσ μεγαλου το μπηκαν τα θεμελια για βιωσιμη κερδοφορια,1
"Μια ταινία για το θαλάσσιο περιβάλλον στη #Σενεγάλη που κουβαλάει μηνύματα για την #Ελλάδα 

https://t.co/nlnHmRd0eL https://t.co/iryihycYcb",μια ταινια για το θαλασσιο περιβαλλον στη σενεγαλη που κουβαλαει μηνυματα για την ελλαδα,1
Πώς ο θόρυβος από τα οχήματα επηρεάζει την υγεία https://t.co/VU7n9Qp1HO #ΕΡΕΥΝΕΣ #ΠΕΡΙΒΑΛΛΟΝ https://t.co/ceSj2byi0l,πωσ ο θορυβοσ απο τα οχηματα επηρεαζει την υγεια ερευνεσ περιβαλλον,1
Stéphane Monier (Lombard Odier): Πότε ενσωματώνουμε τις τεχνολογικές επενδύσεις σε ένα βιώσιμο χαρτοφυλάκιο - mononews #mononewsGR https://t.co/fV94jKDBCh,stéphane monier lombard odier ποτε ενσωματωνουμε τισ τεχνολογικεσ επενδυσεισ σε ενα βιωσιμο χαρτοφυλακιο mononews mononewsgr,1
Η κυκλική οικονομία στο επίκεντρο αφιερώματος της 86ης ΔΕΘ https://t.co/KxyyVgCJbD #businessnewsgr,η κυκλικη οικονομια στο επικεντρο αφιερωματοσ τησ ησ δεθ businessnewsgr,1
[Κλικ και διαβάστε στο iefimerida] #Θεσσαλονίκη: Η κυκλική οικονομία στο επίκεντρο του αφιερώματος της φετινής 86ης ΔΕΘ https://t.co/lg04RGIjUk,κλικ και διαβαστε στο iefimerida θεσσαλονικη η κυκλικη οικονομια στο επικεντρο του αφιερωματοσ τησ φετινησ ησ δεθ,1
RT @TheOpinion_News: Θεσσαλονίκη: Η κυκλική οικονομία στο επίκεντρο του αφιερώματος της φετινής 86ης ΔΕΘ https://t.co/jf0vVeQ5ir #Thessalon…, theopinion_news θεσσαλονικη η κυκλικη οικονομια στο επικεντρο του αφιερωματοσ τησ φετινησ ησ δεθ thessalon,1
"Η ΔΕΗ έχει μειώσει τις εκπομπές διοξειδίου του άνθρακα κατά 32% το 2021, σε σχέση με το 2019 και επιπλέον, υλοποιεί ένα επενδυτικό σχέδιο που θα αυξήσει την ισχύ της παραγωγής της από ανανεώσιμες πηγές ενέργειας σε 9,5 GW το 2026, από 3,4 GW που είναι

https://t.co/8Cj8qf9d9m",η δεη εχει μειωσει τισ εκπομπεσ διοξειδιου του ανθρακα κατα το σε σχεση με το και επιπλεον υλοποιει ενα επενδυτικο σχεδιο που θα αυξησει την ισχυ τησ παραγωγησ τησ απο ανανεωσιμεσ πηγεσ ενεργειασ σε gw το απο gw που ειναι,1
RT @Moneypressgr: 86η ΔΕΘ: Η κυκλική οικονομία στο επίκεντρο του ειδικού αφιερώματος  #moneypress https://t.co/tuRkTMKiwC, moneypressgr η δεθ η κυκλικη οικονομια στο επικεντρο του ειδικου αφιερωματοσ moneypress,1
86η ΔΕΘ: Η κυκλική οικονομία στο επίκεντρο του ειδικού αφιερώματος  #moneypress https://t.co/tuRkTMKiwC,η δεθ η κυκλικη οικονομια στο επικεντρο του ειδικου αφιερωματοσ moneypress,1
Η βιώσιμη ανάπτυξη γίνεται τρόπος ζωής: Ανακύκλωση και δράσεις για το περιβάλλον https://t.co/Tb7bBHo1Cb,η βιωσιμη αναπτυξη γινεται τροποσ ζωησ ανακυκλωση και δρασεισ για το περιβαλλον,1
#κλίμα #περιβάλλον #καιρός #ΕΛΛΑΔΑ #meteo #NEWS247 #Πυρκαγια https://t.co/5ilzPxa1KL,κλιμα περιβαλλον καιροσ ελλαδα meteo news πυρκαγια,1
RT @LykavitosGr: Τα νησιά Φίτζι βυθίζονται με τους κατοίκους να εγκαταλείπουν τα χωριά τους (βίντεο)  #νησιά_Φίτζι #κλιματική_κρίση https:/…, lykavitosgr τα νησια φιτζι βυθιζονται με τουσ κατοικουσ να εγκαταλειπουν τα χωρια τουσ βιντεο νησια_φιτζι κλιματικη_κριση,1
RT @LykavitosGr: Τα νησιά Φίτζι βυθίζονται με τους κατοίκους να εγκαταλείπουν τα χωριά τους (βίντεο)  #νησιά_Φίτζι #κλιματική_κρίση https:/…, lykavitosgr τα νησια φιτζι βυθιζονται με τουσ κατοικουσ να εγκαταλειπουν τα χωρια τουσ βιντεο νησια_φιτζι κλιματικη_κριση,1
Καστοριά: Παραβατική αρκούδα που μεταφέρθηκε σε άλλη περιοχή επέστρεψε στον τόπο του εγκλήματος https://t.co/XizUxbJpmX #ΑΡΘΡΑ #ΑΡΚΟΥΔΑ #ΚΑΣΤΟΡΙΑ #ΠΕΡΙΒΑΛΛΟΝ By https://t.co/p9zfHy5mYe https://t.co/LFy4qIu4aL,καστορια παραβατικη αρκουδα που μεταφερθηκε σε αλλη περιοχη επεστρεψε στον τοπο του εγκληματοσ αρθρα αρκουδα καστορια περιβαλλον by,1
"«Πρόκειται για συνήθη πρακτική των ζώων να επιστρέφουν εκ νέου στο περιβάλλον που είχαν γνωρίσει η ζήσει για ορισμένο χρονικό διάστημα ως βιότοπο τους», δηλώνει στο ΑΠΕ ΜΠΕ ο διευθυντής της Περιβαλλοντικής οργάνωσης «Καλλιστώ», Σπύρος Ψαρούδας,

https://t.co/Z8eHsu2QPj https://t.co/9BMjpzoS1n",προκειται για συνηθη πρακτικη των ζωων να επιστρεφουν εκ νεου στο περιβαλλον που ειχαν γνωρισει η ζησει για ορισμενο χρονικο διαστημα ωσ βιοτοπο τουσ δηλωνει στο απε μπε ο διευθυντησ τησ περιβαλλοντικησ οργανωσησ καλλιστω σπυροσ ψαρουδασ,1
"Αυτού του είδους η προσφυγιά θα μας απασχολήσει έντονα τα προσεχή χρόνια

#znews #κλιματικηαλλαγη #περιβαλλον #προσφυγες https://t.co/6tiIhwFWSb",αυτου του ειδουσ η προσφυγια θα μασ απασχολησει εντονα τα προσεχη χρονια znews κλιματικηαλλαγη περιβαλλον προσφυγεσ,1
«Βιώσιμη Ανάπτυξη στην Ορεινή Κρήτη» https://t.co/KP6nvztaej,βιωσιμη αναπτυξη στην ορεινη κρητη,1
"Πρόκειται για ερευνητικό έργο στο πλαίσιο του οποίου θα υλοποιηθούν δράσεις που θα παρέχουν νέα γνώση στα στοιχεία που αφορούν το βιοτικό και αβιοτικό περιβάλλον του νησιού, το οικοσύστημα και την εξέλιξη της οριοθέτησής του… https://t.co/UoaXAfQHyU",προκειται για ερευνητικο εργο στο πλαισιο του οποιου θα υλοποιηθουν δρασεισ που θα παρεχουν νεα γνωση στα στοιχεια που αφορουν το βιοτικο και αβιοτικο περιβαλλον του νησιου το οικοσυστημα και την εξελιξη τησ οριοθετησησ του,1
Κουτσούμπας: Το σκάνδαλο των παρακολουθήσεων φέρνει στην επιφάνεια ένα σκοτεινό περιβάλλον - «Ναι» στη σύσταση εξεταστικής https://t.co/HtcUYpfy6G,κουτσουμπασ το σκανδαλο των παρακολουθησεων φερνει στην επιφανεια ενα σκοτεινο περιβαλλον ναι στη συσταση εξεταστικησ,1
"Δημήτρης Κουτσούμπας: 
«Το σκάνδαλο των παρακολουθήσεων φέρνει στην επιφάνεια ένα σκοτεινό περιβάλλον και ένα διάτρητο θεσμικό πλαίσιο» 

https://t.co/qP9VAOfXGw https://t.co/BiKVmKemEV",δημητρησ κουτσουμπασ το σκανδαλο των παρακολουθησεων φερνει στην επιφανεια ενα σκοτεινο περιβαλλον και ενα διατρητο θεσμικο πλαισιο,1
Η Οικολογική Πρωτοβουλία Χανίων κάνει λόγο για υπερ-τουριστική φρενίτιδα που στέλνει χιλιάδες τουρίστες σε συγκεκριμένες ακτές ενώ προωθεί ανεξέλεγκτες καταστροφικές για το περιβάλλον παρεμβάσεις σε προστατευόμενες περιοχές όπως Φαλάσαρνα και Λαφονήσι… https://t.co/Z0ELnVqeGH,η οικολογικη πρωτοβουλια χανιων κανει λογο για υπερτουριστικη φρενιτιδα που στελνει χιλιαδεσ τουριστεσ σε συγκεκριμενεσ ακτεσ ενω προωθει ανεξελεγκτεσ καταστροφικεσ για το περιβαλλον παρεμβασεισ σε προστατευομενεσ περιοχεσ οπωσ φαλασαρνα και λαφονησι,1
"RT @gt_kke: 🔴Το σκάνδαλο των παρακολουθήσεων φέρνει στην επιφάνεια ένα σκοτεινό περιβάλλον &amp; διάτρητο θεσμικό πλαίσιο
🔴Το ΚΚΕ συμφωνεί στη…", gt_kke το σκανδαλο των παρακολουθησεων φερνει στην επιφανεια ενα σκοτεινο περιβαλλον amp διατρητο θεσμικο πλαισιο το κκε συμφωνει στη,1
Το σκάνδαλο των παρακολουθήσεων φέρνει στην επιφάνεια ένα σκοτεινό περιβάλλον κι ένα διάτρητο θεσμικό πλαίσιο https://t.co/OrbPTY7Dz3,το σκανδαλο των παρακολουθησεων φερνει στην επιφανεια ενα σκοτεινο περιβαλλον κι ενα διατρητο θεσμικο πλαισιο,1
"Το «ΑΝΑΚΥΚΛΩΝΩ-ΑΛΛΑΖΩ ΣΥΣΚΕΥΗ» επιχορηγεί νοικοκυριά για την αντικατάσταση παλαιών ηλεκτρικών συσκευών με νέες, φιλικές προς το περιβάλλον και ενεργειακά πιο αποδοτικές… η κυβέρνηση όμως του “άλλαξε” το όνομα σε… «ΔΕΝ ΑΝΑΚΥΚΛΩΝΩ-ΔΕΝ ΑΛΛΑΖΩ ΣΥΣΚΕΥΗ» https://t.co/TnbsgyaH4O",το ανακυκλωνωαλλαζω συσκευη επιχορηγει νοικοκυρια για την αντικατασταση παλαιων ηλεκτρικων συσκευων με νεεσ φιλικεσ προσ το περιβαλλον και ενεργειακα πιο αποδοτικεσ η κυβερνηση ομωσ του αλλαξε το ονομα σε δεν ανακυκλωνωδεν αλλαζω συσκευη,1
Γιατί «βράζει» η αγορά ενέργειας με τη ΔΕΗ και τις Ανανεώσιμες Πηγές Ενέργειας https://t.co/yG4GaCRQhO,γιατι βραζει η αγορα ενεργειασ με τη δεη και τισ ανανεωσιμεσ πηγεσ ενεργειασ,1
WWF: Η βιώσιμη αλιεία γίνεται πράξη σε Άνδρο και Κύθνο https://t.co/XiGrgCnQRK,wwf η βιωσιμη αλιεια γινεται πραξη σε ανδρο και κυθνο,1
Κίνα: Ταχύτερη αύξηση της θερμοκρασίας λόγω της κλιματικής αλλαγής σε σχέση με τον παγκόσμιο μέσο όρο https://t.co/J7vuiEgvQQ #ΚΛΙΜΑ #ΠΕΡΙΒΑΛΛΟΝ https://t.co/aSGboc6hM6,κινα ταχυτερη αυξηση τησ θερμοκρασιασ λογω τησ κλιματικησ αλλαγησ σε σχεση με τον παγκοσμιο μεσο ορο κλιμα περιβαλλον,1
Πιλοτικές δράσεις και έργα στο Δήμο Ιωαννιτών για το κλίμα και το περιβάλλον - https://t.co/Wa6jtfETgz https://t.co/uFDMpzuIWK,πιλοτικεσ δρασεισ και εργα στο δημο ιωαννιτων για το κλιμα και το περιβαλλον,1
Οι προβλέψεις αυτές διατυπώθηκαν έπειτα από τη δημοσιοποίηση του σχεδίου JetZero της Βρετανικής κυβέρνησης για την αντιμετώπιση του αντίκτυπου που έχουν οι αερομεταφορές στο περιβάλλον. Το σχέδιο δέχθηκε ευρεία κριτική καθώς θεωρήθηκε αναποτελεσματικό. https://t.co/jhzWGZ11eZ,οι προβλεψεισ αυτεσ διατυπωθηκαν επειτα απο τη δημοσιοποιηση του σχεδιου jetzero τησ βρετανικησ κυβερνησησ για την αντιμετωπιση του αντικτυπου που εχουν οι αερομεταφορεσ στο περιβαλλον το σχεδιο δεχθηκε ευρεια κριτικη καθωσ θεωρηθηκε αναποτελεσματικο,1
Ζάκυνθος: Σκουπιδότοπος το «Ναυάγιο» – Δείτε φωτογραφία https://t.co/DacQmr6GDs #ΑΡΘΡΑ #ΖΑΚΥΝΘΟΣ #ΝΑΥΑΓΙΟ #ΠΕΡΙΒΑΛΛΟΝ #ΣΚΟΥΠΙΔΙΑ By https://t.co/p9zfHy5mYe https://t.co/K9XDQUdYsv,ζακυνθοσ σκουπιδοτοποσ το ναυαγιο δειτε φωτογραφια αρθρα ζακυνθοσ ναυαγιο περιβαλλον σκουπιδια by,1
Ντύσιμο βιβλίων με διαφανές πλαστικό. Η αχρείαστη “προστασία” που επιβαρύνει το περιβάλλον - Vegan Times https://t.co/ZbJbUjwsNa,ντυσιμο βιβλιων με διαφανεσ πλαστικο η αχρειαστη προστασια που επιβαρυνει το περιβαλλον vegan times,1
"RT @KarahaliosNikos: Ερωτηματα κομβικα για τον Ακατανομαστο
Μηπως
1τον κρατανε για ψυχοθεραπευτικους λογους στην Κρητη?
2οι εκρηξεις οργης…", karahaliosnikos ερωτηματα κομβικα για τον ακατανομαστο μηπωσ τον κρατανε για ψυχοθεραπευτικουσ λογουσ στην κρητη οι εκρηξεισ οργησ,1
"@Koufii_ds εννοείται, αλλά είναι σκουπίδι της ιστορίας του πολιτισμού και μας το πουλάνε για ατραξιόν, όταν τους επιστρέφουμε τα σκουπίδια, ωω το περιβάλλον.",koufii_ds εννοειται αλλα ειναι σκουπιδι τησ ιστοριασ του πολιτισμου και μασ το πουλανε για ατραξιον οταν τουσ επιστρεφουμε τα σκουπιδια ωω το περιβαλλον,1
Σαμοθράκη: Σε ύφεση η πυρκαγιά που ξέσπασε τις πρωινές ώρες - https://t.co/1XuVKnpskw #featured #trend #πυρκαγιά #Σαμοθράκη #Ελλάδα #Περιβάλλον,σαμοθρακη σε υφεση η πυρκαγια που ξεσπασε τισ πρωινεσ ωρεσ featured trend πυρκαγια σαμοθρακη ελλαδα περιβαλλον,1
Σε εξέλιξη η φωτιά σε δασική έκταση στη Σαμοθράκη - https://t.co/83UTSVEJHY #Σαμοθράκη #φωτιά #Περιβάλλον,σε εξελιξη η φωτια σε δασικη εκταση στη σαμοθρακη σαμοθρακη φωτια περιβαλλον,1
Ασφαλές περιβάλλον και δωρεάν νομική βοήθεια για την 26χρονη που την απείλησε με κατσαβίδι ο σύντροφός της https://t.co/q4sTGbkbMO #ΒΟΛΟΣ #ΓΙΩΡΓΟΣΒΕΛΙΣΙΩΤΗΣ #ΕΝΔΟΟΙΚΟΓΕΝΕΙΑΚΗΒΙΑ #ΚΑΤΣΑΒΙΔΙ,ασφαλεσ περιβαλλον και δωρεαν νομικη βοηθεια για την χρονη που την απειλησε με κατσαβιδι ο συντροφοσ τησ βολοσ γιωργοσβελισιωτησ ενδοοικογενειακηβια κατσαβιδι,1
Νικήτας Σπίνος: Η επιτροπή είναι υπεύθυνη και για το περιβάλλον και για την καθαριότητα στο Ναυάγιο https://t.co/idV2ok1rXE,νικητασ σπινοσ η επιτροπη ειναι υπευθυνη και για το περιβαλλον και για την καθαριοτητα στο ναυαγιο,1
"Η πετρελαιοκηλίδα στον Κόλπο του Μεξικού συνεχίζει να μολύνει το περιβάλλον, λένε οι επιστήμονες https://t.co/B251fRzhTX",η πετρελαιοκηλιδα στον κολπο του μεξικου συνεχιζει να μολυνει το περιβαλλον λενε οι επιστημονεσ,1
Γραμμένη Οξυά Ναυπακτίας: «ΟΛΟΙ ΜΑΖΙ ΜΠΟΡΟΥΜΕ» για το περιβάλλον https://t.co/GK56jHBKsN,γραμμενη οξυα ναυπακτιασ ολοι μαζι μπορουμε για το περιβαλλον,1
Νάξος - Δημήτρια 2022: Τελικός πρέφας αλλά και διάλεξη για το περιβάλλον https://t.co/qJd0DTigMe,ναξοσ δημητρια τελικοσ πρεφασ αλλα και διαλεξη για το περιβαλλον,1
Ν. Σκαμπαρδώνη για ενδοοικογενειακή βία: Απαιτείται ένα οργανωμένο σχέδιο εξόδου για τις γυναίκες που ζουν σε τοξικό περιβάλλον (video) https://t.co/siDfr5Bjtx,ν σκαμπαρδωνη για ενδοοικογενειακη βια απαιτειται ενα οργανωμενο σχεδιο εξοδου για τισ γυναικεσ που ζουν σε τοξικο περιβαλλον video,1
"Από την πρώτη στιγμή ο δράστης αναζητήθηκε στο περιβάλλον της γυναίκας και προσήχθη ένας άνδρας 50 ετών, ο πρώην σύζυγος της γυναίκας, ο οποίος στη συνέχεια συνελήφθη. Σύμφωνα με πληροφορίες, αγόρασε άκουα φόρτε (υδροχλωρικό

https://t.co/5jxB6VKvoz https://t.co/zuUjpLemWO",απο την πρωτη στιγμη ο δραστησ αναζητηθηκε στο περιβαλλον τησ γυναικασ και προσηχθη ενασ ανδρασ ετων ο πρωην συζυγοσ τησ γυναικασ ο οποιοσ στη συνεχεια συνεληφθη συμφωνα με πληροφοριεσ αγορασε ακουα φορτε υδροχλωρικο,1
"Τα νέα αναδιπλούμενα Samsung Galaxy smartphones ανοίγουν το δρόμο για ένα πιο βιώσιμο μέλλον, παρέχοντας την πιο ευέλικτη εμπειρία κινητής https://t.co/HDYxVTwOWY",τα νεα αναδιπλουμενα samsung galaxy smaphones ανοιγουν το δρομο για ενα πιο βιωσιμο μελλον παρεχοντασ την πιο ευελικτη εμπειρια κινητησ,1
"Ενημερωτικό Δελτίο
• Πολιτισμός • Ομογένεια  • Τουρισμός • Οικονομία • Ενέργεια • Περιβάλλον • Έρευνα • Κυκλοφοριακές ρυθμίσεις •
https://t.co/RnV5BLgDDE https://t.co/551zEx9gMT",ενημερωτικο δελτιο πολιτισμοσ ομογενεια τουρισμοσ οικονομια ενεργεια περιβαλλον ερευνα κυκλοφοριακεσ ρυθμισεισ,1
Μαίνεται η φωτιά στη Θάσο - Ενισχύονται οι πυροσβεστικές δυνάμεις (VIDEO) - https://t.co/aOzjFuyPJb #ΘΑΣΟΣ #πυροσβεστική #φωτιά #Περιβάλλον,μαινεται η φωτια στη θασο ενισχυονται οι πυροσβεστικεσ δυναμεισ video θασοσ πυροσβεστικη φωτια περιβαλλον,1
Η υγιεινή διατροφή ωφελεί και τον πλανήτη https://t.co/mmc9oDhsUt #ΔΙΑΤΡΟΦΗ #ΠΕΡΙΒΑΛΛΟΝ https://t.co/bKUnXheVck,η υγιεινη διατροφη ωφελει και τον πλανητη διατροφη περιβαλλον,1
Νέες μπαταρίες στερεάς κατάστασης με μειωμένο αποτύπωμα άνθρακα στα ηλεκτρικά αυτοκίνητα https://t.co/3Yhxs97DOX,νεεσ μπαταριεσ στερεασ καταστασησ με μειωμενο αποτυπωμα ανθρακα στα ηλεκτρικα αυτοκινητα,1
ΙΛΛΥΡΙΑ WEB TV | ΠΡΟΣΧΗΜΑ ΤΟ ΠΕΡΙΒΑΛΛΟΝ ... ΣΤΟΧΟΣ Η ΕΞΑΘΛΙΩΣΗ ΤΟΥ ΠΟΛΙΤΗ | ΕΙΡΗΝΗ ΚΑΝΕΛΛΟΥ https://t.co/N1aNvwbVNy,ιλλυρια web tv προσχημα το περιβαλλον στοχοσ η εξαθλιωση του πολιτη ειρηνη κανελλου,1
ΙΛΛΥΡΙΑ WEB TV | ΠΡΟΣΧΗΜΑ ΤΟ ΠΕΡΙΒΑΛΛΟΝ ... ΣΤΟΧΟΣ Η ΕΞΑΘΛΙΩΣΗ ΤΟΥ ΠΟΛΙΤΗ | ΕΙΡΗΝΗ ΚΑΝΕΛΛΟΥ https://t.co/ruOWBav1gI,ιλλυρια web tv προσχημα το περιβαλλον στοχοσ η εξαθλιωση του πολιτη ειρηνη κανελλου,1
Αρκούδα με τα δυο μωρά της βολτάρει σε παραλίμνιο σημείο της πόλης της Καστοριάς - https://t.co/LTMMqkrM3p #αγριαζώα #αρκούδα #Περιβάλλον,αρκουδα με τα δυο μωρα τησ βολταρει σε παραλιμνιο σημειο τησ πολησ τησ καστοριασ αγριαζωα αρκουδα περιβαλλον,1
Γέμισε με νεκρά ψάρια ποταμός που διαρρέει Πολωνία και Γερμανία – Μεγάλη ανησυχία https://t.co/XkbaqsdkUn #ΕΥΡΩΠΗ #ΚΑΤΑΣΤΡΟΦΕΣ #ΚΟΣΜΟΣ #ΠΕΡΙΒΑΛΛΟΝ https://t.co/ZFWlCgFGT8,γεμισε με νεκρα ψαρια ποταμοσ που διαρρεει πολωνια και γερμανια μεγαλη ανησυχια ευρωπη καταστροφεσ κοσμοσ περιβαλλον,1
Πέντε τρόποι για να «επιβιώσετε» σε ένα τοξικό εργασιακό περιβάλλον https://t.co/hzpXhRgszr,πεντε τροποι για να επιβιωσετε σε ενα τοξικο εργασιακο περιβαλλον,1
Πρωτοφανής ξηρασία στην ΕΕ: Χιλιάδες νεκρά ψάρια στον ποταμό Όντερ (VIDEO-ΦΩΤΟ) - https://t.co/eiOPQNSsIs https://t.co/LwgS02yuuI  #Γερμανία #Ευρώπη #Ξηρασία #Περιβάλλον #Πολωνία #Ψάρια,πρωτοφανησ ξηρασια στην εε χιλιαδεσ νεκρα ψαρια στον ποταμο οντερ videoφωτο γερμανια ευρωπη ξηρασια περιβαλλον πολωνια ψαρια,1
SOS για το περιβάλλον: Στο παρελθόν μεγάλοι πολιτισμοί κατέρρευσαν λόγω της κλιματικής αλλαγής. Ιστορικά παραδείγματα https://t.co/u90sN8tVhn,sos για το περιβαλλον στο παρελθον μεγαλοι πολιτισμοι κατερρευσαν λογω τησ κλιματικησ αλλαγησ ιστορικα παραδειγματα,1
ΙΛΛΥΡΙΑ WEB TV | ΟΙΚΟΝΟΜΙΑ ΚΑΙ ΠΕΡΙΒΑΛΛΟΝ | ΕΙΡΗΝΗ ΚΑΝΕΛΛΟΥ https://t.co/GaVjYv510B,ιλλυρια web tv οικονομια και περιβαλλον ειρηνη κανελλου,1
"Καύσιμα, ηλεκτροδότηση των επιβατηγών και ναυπήγηση πλοίων φιλικών προς το περιβάλλον το μείζον πρόβλημα της ακτοπλοΐας - mononews #mononewsGR https://t.co/NSKfSdQ2eb",καυσιμα ηλεκτροδοτηση των επιβατηγων και ναυπηγηση πλοιων φιλικων προσ το περιβαλλον το μειζον προβλημα τησ ακτοπλοΐασ mononews mononewsgr,1
"Τα τρόφιμα που κάνουν καλό στην υγεία, ωφελούν και το περιβάλλον https://t.co/QgXnuOs3OH",τα τροφιμα που κανουν καλο στην υγεια ωφελουν και το περιβαλλον,1
"Καιρός-Αρναούτογλου: Μετά τον καύσωνα, έρχεται πτώση της θερμοκρασίας!
#καυσωνας #κακοκαιρια #καιρος #Αρναουτογλου #θερμοκρασια #κλιματικη_αλλαγη #προγνωση #ΕΜΥ 

https://t.co/wOYE83lJzO",καιροσαρναουτογλου μετα τον καυσωνα ερχεται πτωση τησ θερμοκρασιασ καυσωνασ κακοκαιρια καιροσ αρναουτογλου θερμοκρασια κλιματικη_αλλαγη προγνωση εμυ,1
Πράσινη οικονομία και επενδύσεις είναι το μέλλον της Ευρώπης - https://t.co/eiOPQNSsIs https://t.co/mA0ufXozk0  #ΕΕ,πρασινη οικονομια και επενδυσεισ ειναι το μελλον τησ ευρωπησ εε,1
"@Melaplaystowin Ο Σταύρος ΕΙΝΑΙ ο πατέρας από την στιγμή που η Αργυρώ τον παντρεύτηκε και τον έβαλε μέσα στην ζωή της ίδιας και του παιδιού της. Όλοι στο περιβάλλον του μωρού, όπως και το ίδιο, αναγνωρίζουν εκείνον ως πατέρα του παιδιού καθώς είναι εκεί από τη στιγμή που γεννήθηκε. Τόσο απλό",melaplaystowin ο σταυροσ ειναι ο πατερασ απο την στιγμη που η αργυρω τον παντρευτηκε και τον εβαλε μεσα στην ζωη τησ ιδιασ και του παιδιου τησ ολοι στο περιβαλλον του μωρου οπωσ και το ιδιο αναγνωριζουν εκεινον ωσ πατερα του παιδιου καθωσ ειναι εκει απο τη στιγμη που γεννηθηκε τοσο απλο,1
"Δημοσκόπηση Act for Earth: Ο τουρισμός επιβαρύνει το περιβάλλον – Μέτρα, ζητούν οι πολίτες - https://t.co/kayQdcIIOu https://t.co/qX8SnPfj4k",δημοσκοπηση act for eah ο τουρισμοσ επιβαρυνει το περιβαλλον μετρα ζητουν οι πολιτεσ,1
Revenge porn στη Βόρεια Ελλάδα: Αλλάζουν τα δεδομένα στην υπόθεση &amp;#8211; Ο ρόλος γυναίκας από το περιβάλλον του δράστη https://t.co/KINXJl9xRu,revenge porn στη βορεια ελλαδα αλλαζουν τα δεδομενα στην υποθεση amp ο ρολοσ γυναικασ απο το περιβαλλον του δραστη,1
Revenge porn στη Βόρεια Ελλάδα: Νέα τροπή στην υπόθεση – Ο ρόλος γυναίκας από το περιβάλλον του δράστη ... https://t.co/TpONtIBvQg,revenge porn στη βορεια ελλαδα νεα τροπη στην υποθεση ο ρολοσ γυναικασ απο το περιβαλλον του δραστη,1
RT @FChaniwn: Τυφλή γατούλα για σπίτι! 😻❤️Είναι μόλις 3 μηνών και αναζητά μια οικογένεια γιατί δεν μπορεί να επιβιώσει στο δρόμο. 😿 Τα τυφλ…, fchaniwn τυφλη γατουλα για σπιτι ειναι μολισ μηνων και αναζητα μια οικογενεια γιατι δεν μπορει να επιβιωσει στο δρομο τα τυφλ,1
Λαμία: Πυρκαγιά ξέσπασε στο χωριό Σύκα Φθιώτιδας - https://t.co/n4Z3rnd1fZ #featured #trend #Λαμία #Φθιώτιδα #φωτιά #Περιβάλλον,λαμια πυρκαγια ξεσπασε στο χωριο συκα φθιωτιδασ featured trend λαμια φθιωτιδα φωτια περιβαλλον,1
Τέθηκε υπό έλεγχο η φωτιά στη Φθιώτιδα - https://t.co/GyXaGvfXwB #Λαμία #Φθιώτιδα #Περιβάλλον,τεθηκε υπο ελεγχο η φωτια στη φθιωτιδα λαμια φθιωτιδα περιβαλλον,1
RT @FChaniwn: Τυφλή γατούλα για σπίτι! 😻❤️Είναι μόλις 3 μηνών και αναζητά μια οικογένεια γιατί δεν μπορεί να επιβιώσει στο δρόμο. 😿 Τα τυφλ…, fchaniwn τυφλη γατουλα για σπιτι ειναι μολισ μηνων και αναζητα μια οικογενεια γιατι δεν μπορει να επιβιωσει στο δρομο τα τυφλ,1
RT @LykavitosGr: Το 2021 καίγονταν κάθε λεπτό δέντρα έκτασης 16 ποδοσφαιρικών γηπέδων  #δέντρα #πυρκαγιές #φωτιές #γήπεδα #κλιματική_αλλαγή…, lykavitosgr το καιγονταν καθε λεπτο δεντρα εκτασησ ποδοσφαιρικων γηπεδων δεντρα πυρκαγιεσ φωτιεσ γηπεδα κλιματικη_αλλαγη,1
RT @LykavitosGr: Το 2021 καίγονταν κάθε λεπτό δέντρα έκτασης 16 ποδοσφαιρικών γηπέδων  #δέντρα #πυρκαγιές #φωτιές #γήπεδα #κλιματική_αλλαγή…, lykavitosgr το καιγονταν καθε λεπτο δεντρα εκτασησ ποδοσφαιρικων γηπεδων δεντρα πυρκαγιεσ φωτιεσ γηπεδα κλιματικη_αλλαγη,1
Τροφές που επηρεάζουν αρνητικά τον πλανήτη https://t.co/5rY0VZpEGO #ΕΡΕΥΝΕΣ #ΠΕΡΙΒΑΛΛΟΝ https://t.co/I7IN2dC6wD,τροφεσ που επηρεαζουν αρνητικα τον πλανητη ερευνεσ περιβαλλον,1
ΙΛΛΥΡΙΑ WEB TV | Η ΚΑΤΑΣΤΡΟΦΗ ΣΤΟ ΠΕΡΙΒΑΛΛΟΝ ΚΑΙ Η ΣΥΝΕΠΕΙΕΣ | ΓΙΑΝΝΗΣ ΜΑΖΗΣ https://t.co/jwrZLJF5K7,ιλλυρια web tv η καταστροφη στο περιβαλλον και η συνεπειεσ γιαννησ μαζησ,1
Φώτα Led σε όλους τους κεντρικούς οδικούς άξονες της Αττικής https://t.co/go9ql0eoyY,φωτα led σε ολουσ τουσ κεντρικουσ οδικουσ αξονεσ τησ αττικησ,1
Η εντυπωσιακή φυσική πισίνα μέσα σε παγόβουνο https://t.co/iYGbdoA3vY #ΠΑΡΑΞΕΝΑ #ΠΕΡΙΒΑΛΛΟΝ https://t.co/5RJfMtz35s,η εντυπωσιακη φυσικη πισινα μεσα σε παγοβουνο παραξενα περιβαλλον,1
"Το φαινόμενο της ξηρασίας που παρατηρείται τα τελευταία χρόνια στην Ευρώπη, συνέπεια της κλιματικής αλλαγής, έχει επηρεάσει σε μεγάλο βαθμό την εφοδιαστική αλυσίδα της Ευρώπης
#κλιματικη_αλλαγη
 https://t.co/pBzYJhTVCS",το φαινομενο τησ ξηρασιασ που παρατηρειται τα τελευταια χρονια στην ευρωπη συνεπεια τησ κλιματικησ αλλαγησ εχει επηρεασει σε μεγαλο βαθμο την εφοδιαστικη αλυσιδα τησ ευρωπησ κλιματικη_αλλαγη,1
Ο ρόλος του ανθρώπινου δυναμικού στη βιώσιμη ανάπτυξη των εταιρειών: Στόχοι και προκλήσεις https://t.co/HfHM7FD0mq,ο ρολοσ του ανθρωπινου δυναμικου στη βιωσιμη αναπτυξη των εταιρειων στοχοι και προκλησεισ,1
"Το «ΑΝΑΚΥΚΛΩΝΩ-ΑΛΛΑΖΩ ΣΥΣΚΕΥΗ» επιχορηγεί νοικοκυριά για την αντικατάσταση παλαιών ηλεκτρικών συσκευών με νέες, φιλικές προς το περιβάλλον και ενεργειακά πιο αποδοτικές… η κυβέρνηση όμως του “άλλαξε” το όνομα σε… «ΔΕΝ ΑΝΑΚΥΚΛΩΝΩ-ΔΕΝ ΑΛΛΑΖΩ ΣΥΣΚΕΥΗ» https://t.co/J3bRpLCH6o",το ανακυκλωνωαλλαζω συσκευη επιχορηγει νοικοκυρια για την αντικατασταση παλαιων ηλεκτρικων συσκευων με νεεσ φιλικεσ προσ το περιβαλλον και ενεργειακα πιο αποδοτικεσ η κυβερνηση ομωσ του αλλαξε το ονομα σε δεν ανακυκλωνωδεν αλλαζω συσκευη,1
"RT @VMdesignblogg: Μια μπουλντόζα θάβει λεπίδες ανεμογεννητριών, καθώς όταν φθείρονται δεν υπάρχει τρόπος ανακύκλωσης. Πράσινη ενέργεια και…", vmdesignblogg μια μπουλντοζα θαβει λεπιδεσ ανεμογεννητριων καθωσ οταν φθειρονται δεν υπαρχει τροποσ ανακυκλωσησ πρασινη ενεργεια και,1
"RT @VMdesignblogg: Μια μπουλντόζα θάβει λεπίδες ανεμογεννητριών, καθώς όταν φθείρονται δεν υπάρχει τρόπος ανακύκλωσης. Πράσινη ενέργεια και…", vmdesignblogg μια μπουλντοζα θαβει λεπιδεσ ανεμογεννητριων καθωσ οταν φθειρονται δεν υπαρχει τροποσ ανακυκλωσησ πρασινη ενεργεια και,1
SOS για την ξηρασία στην Ευρώπη: Σχεδόν τα 2/3 της ηπείρου αντιμετωπίζουν προβλήματα https://t.co/y5gAZiRERv #ΕΥΡΩΠΗ #ΠΕΡΙΒΑΛΛΟΝ https://t.co/8EQpMdM55n,sos για την ξηρασια στην ευρωπη σχεδον τα τησ ηπειρου αντιμετωπιζουν προβληματα ευρωπη περιβαλλον,1
"Το μικρό κίτρινο πράγμα είναι μπουλντόζα. Θάβει λεπίδες ανεμόμυλου που χρησιμοποιούνται για πράσινη ενέργεια.
Γιατί; Γιατί είναι φθαρμένα και δεν υπάρχει τρόπος ανακύκλωσης προς το παρόν.
Έτσι λειτουργεί η πράσινη ενέργεια!
Απλά θάψτε τους στο χώμα.. https://t.co/qGQoj8rjpv",το μικρο κιτρινο πραγμα ειναι μπουλντοζα θαβει λεπιδεσ ανεμομυλου που χρησιμοποιουνται για πρασινη ενεργεια γιατι γιατι ειναι φθαρμενα και δεν υπαρχει τροποσ ανακυκλωσησ προσ το παρον ετσι λειτουργει η πρασινη ενεργεια απλα θαψτε τουσ στο χωμα,1
"O 6χρονος αποσωληνώθηκε και αναπνέει πλέον χωρίς μηχανική υποστήριξη, ενώ έχει νευρολογική επαφή με το περιβάλλον, σύμφωνα με το https://t.co/zTmylNFvwM.  Οι γιατροί θα παρακολουθούν στενά την εξέλιξη της υγείαςτου τα επόμενα 24ωρα, ώστε να έχουν πιο

https://t.co/LTVrDHZvES https://t.co/Ag8hakRYin",o χρονοσ αποσωληνωθηκε και αναπνεει πλεον χωρισ μηχανικη υποστηριξη ενω εχει νευρολογικη επαφη με το περιβαλλον συμφωνα με το οι γιατροι θα παρακολουθουν στενα την εξελιξη τησ υγειαστου τα επομενα ωρα ωστε να εχουν πιο,1
"Ενημερωτικό Δελτίο
• Πολιτισμός • Τουρισμός • Οικονομία • Ενέργεια • Περιβάλλον • Έρευνα • Διαγωνισμός • Υγεία • Ακίνητα •
https://t.co/ZbgBr5G8Wg https://t.co/VoPui7FnZx",ενημερωτικο δελτιο πολιτισμοσ τουρισμοσ οικονομια ενεργεια περιβαλλον ερευνα διαγωνισμοσ υγεια ακινητα,1
"Μη ξεχνάμε ότι είναι ακόμη 24. 
Υγιής να 'ναι και μπορεί να επιστρέψει σε προσεκτικό περιβάλλον. 
#OlympiacosFC https://t.co/fbgM8PppFZ",μη ξεχναμε οτι ειναι ακομη υγιησ να ναι και μπορει να επιστρεψει σε προσεκτικο περιβαλλον olympiacosfc,1
Βιώσιμη και δίκαιη ανάπτυξη με ισχυρή Δημόσια Υγεία και Κοινωνική Φροντίδα https://t.co/V7qI31AKUi,βιωσιμη και δικαιη αναπτυξη με ισχυρη δημοσια υγεια και κοινωνικη φροντιδα,1
"Επιτροπή Πρέβεζα ”Ιστορία΄-Περιβάλλον-Πολιτισμός” – Γόρανα, ένα ξεχασμένο χωριό via @onprevezanews https://t.co/41m6OmCqRf",επιτροπη πρεβεζα ιστοριαπεριβαλλονπολιτισμοσ γορανα ενα ξεχασμενο χωριο via onprevezanews,1
"Εκπαιδευτικοί όμιλοι – μέντορες – ενδοσχολικοί συντονιστές: οι καινοτομίες στα σχολεία μας συνεχίζονται, αναβαθμίζοντας το εκπαιδευτικό έργο και το σχολικό περιβάλλον https://t.co/aieWrgBx0J https://t.co/giG9cw7rlf",εκπαιδευτικοι ομιλοι μεντορεσ ενδοσχολικοι συντονιστεσ οι καινοτομιεσ στα σχολεια μασ συνεχιζονται αναβαθμιζοντασ το εκπαιδευτικο εργο και το σχολικο περιβαλλον,1
Αυστηρότερο το νομικό πλαίσιο με τσουχτερά πρόστιμα για όσους ρυπαίνουν τους δρόμους με αφίσες https://t.co/L9x3YTXil4 #ΠΕΡΙΒΑΛΛΟΝ https://t.co/DoalcGpqUl,αυστηροτερο το νομικο πλαισιο με τσουχτερα προστιμα για οσουσ ρυπαινουν τουσ δρομουσ με αφισεσ περιβαλλον,1
"Γιατί θα προλάβει; Από δω και μπρος μόνο σε ελεγχόμενο εσωτερικό περιβάλλον, βασικά για την ακρίβεια από δω και μπρος μόνο σε λαμπατέρ θα δίνει συνέντευξη... https://t.co/HW4RpxTU88",γιατι θα προλαβει απο δω και μπροσ μονο σε ελεγχομενο εσωτερικο περιβαλλον βασικα για την ακριβεια απο δω και μπροσ μονο σε λαμπατερ θα δινει συνεντευξη,1
Υπ. Παιδείας: Οι τρεις καινοτομίες που αναβαθμίζουν εκπαίδευση και περιβάλλον - https://t.co/eiOPQNARjS https://t.co/3miWriL7vt #Εκπαίδευση #Καινοτομίες #Περιβάλλλον #Σχολεία #ΥπουργείοΠαιδείας,υπ παιδειασ οι τρεισ καινοτομιεσ που αναβαθμιζουν εκπαιδευση και περιβαλλον εκπαιδευση καινοτομιεσ περιβαλλλον σχολεια υπουργειοπαιδειασ,1
"RT @Etherea91414364: το περιβάλλον γύρω της. Ήταν όλα εκεί, οι πληγές τις, οι μνήμες που τη στοιχειωναν, οι τοίχοι ποτισμένοι από τον πόνο…", etherea το περιβαλλον γυρω τησ ηταν ολα εκει οι πληγεσ τισ οι μνημεσ που τη στοιχειωναν οι τοιχοι ποτισμενοι απο τον πονο,1
Αυστραλία: Πώς μερικά κουνελάκια προκάλεσαν ανεπανόρθωτη περιβαλλοντική καταστροφή https://t.co/JseJok4ciM #ΑΡΘΡΑ #ΑΥΣΤΡΑΛΙΑ #ΚΟΥΝΕΛΙΑ #ΠΕΡΙΒΑΛΛΟΝ By https://t.co/p9zfHy5mYe,αυστραλια πωσ μερικα κουνελακια προκαλεσαν ανεπανορθωτη περιβαλλοντικη καταστροφη αρθρα αυστραλια κουνελια περιβαλλον by,1
ΙΛΛΥΡΙΑ WEB TV | ΠΕΡΙΒΑΛΛΟΝ - ΟΠΤΙΚΗ ΡΥΠΑΝΣΗ | ΕΙΡΗΝΗ ΚΑΝΕΛΛΟΥ https://t.co/TjC23X9fRV,ιλλυρια web tv περιβαλλον οπτικη ρυπανση ειρηνη κανελλου,1
RT @sofokleous10: Oxford Economics στο https://t.co/wBftOCdGOu: Με βιώσιμο τρόπο η επιστροφή στα πλεονάσματα για να μη γυρίσει «μπούμερανγκ…, sofokleous oxford economics στο με βιωσιμο τροπο η επιστροφη στα πλεονασματα για να μη γυρισει μπουμερανγκ,1
Η Acer επεκτείνει τη φιλική προς το περιβάλλον σειρά Vero με το Acer Chromebook Vero 514 https://t.co/Q8zHiKHxG5 https://t.co/srEH7rl5xf,η acer επεκτεινει τη φιλικη προσ το περιβαλλον σειρα vero με το acer chromebook vero,1
"Στο σημερινό αβέβαιο οικονομικό περιβάλλον, οι επιχειρήσεις θα πρέπει να είναι σε θέση να κινηθούν άμεσα για να εκμεταλλευτούν τις ευκαιρίες πριν από τον ανταγωνισμό.

https://t.co/hSo1V2UQxv https://t.co/k6tkl3c2Gm",στο σημερινο αβεβαιο οικονομικο περιβαλλον οι επιχειρησεισ θα πρεπει να ειναι σε θεση να κινηθουν αμεσα για να εκμεταλλευτουν τισ ευκαιριεσ πριν απο τον ανταγωνισμο,1
Για ωραιοποίηση του αντικτύπου από τις εκπομπές των αερομεταφορών στο περιβάλλον εγκαλείται η Google https://t.co/YPkaqmQaA9,για ωραιοποιηση του αντικτυπου απο τισ εκπομπεσ των αερομεταφορων στο περιβαλλον εγκαλειται η google,1
"Στη Γαλλία μάλιστα φαίνεται πως είναι ήδη ανοιχτοί στο να κάνουν 60-90 μέρες lockdown το χρόνο για να «βοηθήσουν το περιβάλλον» 
https://t.co/x1nSsMYRDL",στη γαλλια μαλιστα φαινεται πωσ ειναι ηδη ανοιχτοι στο να κανουν μερεσ lockdown το χρονο για να βοηθησουν το περιβαλλον,1
Σκάνδαλο υποκλοπών: Και ανταποκριτής της Deutsche Welle αποκαλύπτει «παρεμβάσεις» από το πρωθυπουργικό περιβάλλον - Documento https://t.co/2WuRrFUIuM,σκανδαλο υποκλοπων και ανταποκριτησ τησ deutsche welle αποκαλυπτει παρεμβασεισ απο το πρωθυπουργικο περιβαλλον documento,1
Υπό μερικό έλεγχο η φωτιά στο Λαύριο - https://t.co/ZiqnxSWuX0 #Ελλάδα #πυρκαγιές #Περιβάλλον,υπο μερικο ελεγχο η φωτια στο λαυριο ελλαδα πυρκαγιεσ περιβαλλον,1
"Οι ανανεώσιμες πηγές ενέργειας και η ενίσχυση των επενδύσεων στο επίκεντρο της συνάντησης του πρωθυπουργού με τον Πρόεδρο των Η.Α.Ε
https://t.co/jxFmc49ZYf",οι ανανεωσιμεσ πηγεσ ενεργειασ και η ενισχυση των επενδυσεων στο επικεντρο τησ συναντησησ του πρωθυπουργου με τον προεδρο των ηαε,1
Φωτιά ξέσπασε στο Λαύριο - https://t.co/iWGaGtNZIp #Λαύριο #φωτιά #Περιβάλλον,φωτια ξεσπασε στο λαυριο λαυριο φωτια περιβαλλον,1
"Οι ανανεώσιμες πηγές ενέργειας και η ενίσχυση των επενδύσεων στο επίκεντρο της συνάντησης του @PrimeministerGR με τον Πρόεδρο των Η.Α.Ε

https://t.co/AbkQD2jxeZ",οι ανανεωσιμεσ πηγεσ ενεργειασ και η ενισχυση των επενδυσεων στο επικεντρο τησ συναντησησ του primeministergr με τον προεδρο των ηαε,1
"Μητσοτάκης: Ζητάτε εκλογές σε αυτό το περιβάλλον αστάθειας, χωρίς να αναλογίζεστε τι μπορεί να σημαίνει αυτό - Τι θα σήμαινε μια υπηρεσιακή κυβέρνηση εν μέσω αυτής της κρίσης - Θέλετε κε.Τσίπρα να οδηγήσετε την χώρα στην αστάθεια",μητσοτακησ ζητατε εκλογεσ σε αυτο το περιβαλλον ασταθειασ χωρισ να αναλογιζεστε τι μπορει να σημαινει αυτο τι θα σημαινε μια υπηρεσιακη κυβερνηση εν μεσω αυτησ τησ κρισησ θελετε κετσιπρα να οδηγησετε την χωρα στην ασταθεια,1
Για ωραιοποίηση του αντικτύπου από τις εκπομπές των αερομεταφορών στο περιβάλλον εγκαλείται η Google https://t.co/9gCie0Nmx1 #ΑΡΘΡΑ #ΑΕΡΟΜΕΤΑΦΟΡΕΣ By https://t.co/p9zfHynwcm,για ωραιοποιηση του αντικτυπου απο τισ εκπομπεσ των αερομεταφορων στο περιβαλλον εγκαλειται η google αρθρα αερομεταφορεσ by,1
''Ο #Ζελενσκι διέφυγε με το περιβάλλον του άρον άρον από το Κίεβο στο Λβοβ όπου τέθηκε υπό την προστασία των νεοναζί'' (Πρόεδρος της Δούμας Ρωσίας) #Zelensky https://t.co/XW5QWQ6b3G,ο ζελενσκι διεφυγε με το περιβαλλον του αρον αρον απο το κιεβο στο λβοβ οπου τεθηκε υπο την προστασια των νεοναζι προεδροσ τησ δουμασ ρωσιασ zelensky,1
"''Ο #Ζελενσκι διέφυγε με το περιβάλλον του άρον άρον από το Κίεβο στο Λβοβ όπου τέθηκε υπό την προστασία των νεοναζί'' (Πρόεδρος της Δούμας Ρωσίας) #Zelensky #Ουκρανια #Ρωσια 
https://t.co/XW5QWQ6b3G",ο ζελενσκι διεφυγε με το περιβαλλον του αρον αρον απο το κιεβο στο λβοβ οπου τεθηκε υπο την προστασια των νεοναζι προεδροσ τησ δουμασ ρωσιασ zelensky ουκρανια ρωσια,1
"Στα...σκουπίδια φαγητό αξίας 940 δισ. τον χρόνο! Το φαινόμενο της κατασπατάλησης των τροφίμων έχει άμεση συνέπεια και με την καταστροφή του φυσικού περιβάλλοντος.

#τροφιμα #περιβαλλον #hernewsgr

https://t.co/05rt4qU2rh https://t.co/TNFaUbi0LK",στασκουπιδια φαγητο αξιασ δισ τον χρονο το φαινομενο τησ κατασπαταλησησ των τροφιμων εχει αμεση συνεπεια και με την καταστροφη του φυσικου περιβαλλοντοσ τροφιμα περιβαλλον hernewsgr,1
"Πέλλα: Σκουπιδότοπος και κίνδυνος από τοξικά απόβλητα σε δεξαμενή (video)

#mynewsgr  #πελλα #σκουπιδια #περιβαλλον #τοξικα #οικολογια #ανακυκλωση #recycle 

https://t.co/i4t6EuR6Ie",πελλα σκουπιδοτοποσ και κινδυνοσ απο τοξικα αποβλητα σε δεξαμενη video mynewsgr πελλα σκουπιδια περιβαλλον τοξικα οικολογια ανακυκλωση recycle,1
"RT @ellada24: Γ. Πατούλης: Η Αττική χρειάζεται έργα και παρεμβάσεις που απαιτούν 10 δις ευρώ τα επόμενα χρόνια, για να θωρακιστεί από την κ…", ellada γ πατουλησ η αττικη χρειαζεται εργα και παρεμβασεισ που απαιτουν δισ ευρω τα επομενα χρονια για να θωρακιστει απο την κ,1
"«Είναι τρελό από άποψη εθνικής ασφάλειας και κακό για το περιβάλλον να κλείνουν (τα εργοστάσια)», έγραψε ο ιδρυτής της Tesla στο Twitter. https://t.co/ybapZI3Ofs",ειναι τρελο απο αποψη εθνικησ ασφαλειασ και κακο για το περιβαλλον να κλεινουν τα εργοστασια εγραψε ο ιδρυτησ τησ tesla στο twitter,1
"Προπονητής Βερόνα: «Θέλαμε να κρατήσουμε τον Ρέτσο, αλλά αποφάσισε να αλλάξει περιβάλλον» #athlosnews #ΑΘΛΟΣ https://t.co/XP9GKo1IDA",προπονητησ βερονα θελαμε να κρατησουμε τον ρετσο αλλα αποφασισε να αλλαξει περιβαλλον athlosnews αθλοσ,1
Η Ρόδος και η πορεία προς τον βιώσιμο τουρισμό #Δημοκρατική #Ρόδος #Δωδεκάνησα https://t.co/Cg34lKAu2f,η ροδοσ και η πορεια προσ τον βιωσιμο τουρισμο δημοκρατικη ροδοσ δωδεκανησα,1
"Μ. Γραφάκος: Θετικός για τους πολίτες και το περιβάλλον ο τριετής απολογισμός στη διαχείριση αποβλήτων

https://t.co/1DjPdfMJ47",μ γραφακοσ θετικοσ για τουσ πολιτεσ και το περιβαλλον ο τριετησ απολογισμοσ στη διαχειριση αποβλητων,1
"Αττική Οδός: Επενδύοντας διαχρονικά στον άνθρωπο, την κοινωνία, το περιβάλλον και την ασφάλειά μας https://t.co/ICDaW9fAoR",αττικη οδοσ επενδυοντασ διαχρονικα στον ανθρωπο την κοινωνια το περιβαλλον και την ασφαλεια μασ,1
"Κομισιόν: Εγκρίθηκε το πρόγραμμα του νέου ΕΣΠΑ  για το περιβάλλον –  Προϋπολογισμός 3,6 δισ. ευρώ https://t.co/DkYkbh5uma",κομισιον εγκριθηκε το προγραμμα του νεου εσπα για το περιβαλλον προϋπολογισμοσ δισ ευρω,1
"Κομισιόν: Εγκρίθηκε το πρόγραμμα του νέου ΕΣΠΑ για το περιβάλλον – Προϋπολογισμός 3,6 δισ. ευρώ https://t.co/Jn4Qxy20Nx",κομισιον εγκριθηκε το προγραμμα του νεου εσπα για το περιβαλλον προϋπολογισμοσ δισ ευρω,1
"Έγκριση νέου ΕΣΠΑ για Περιβάλλον ύψους 3,6 δις ευρώ https://t.co/c44bsVnZbw",εγκριση νεου εσπα για περιβαλλον υψουσ δισ ευρω,1
"Ενδιαφέροντα συμπεράσματα για την επίδραση της πανδημίας COVID-19 στο εργασιακό περιβάλλον και στη συμπεριφορά επιχειρήσεων και εργαζομένων ανέδειξε η έρευνα του ομίλου Adecco, με τίτλο «Disconnect toReconnect», στην οποία συμμετείχαν πάνω από 1000

https://t.co/7J7TWhB1Xs",ενδιαφεροντα συμπερασματα για την επιδραση τησ πανδημιασ covid στο εργασιακο περιβαλλον και στη συμπεριφορα επιχειρησεων και εργαζομενων ανεδειξε η ερευνα του ομιλου adecco με τιτλο disconnect toreconnect στην οποια συμμετειχαν πανω απο,1
"Έρευνα Adecco: Η επίδραση του #COVID19 στο εργασιακό περιβάλλον και στη συμπεριφορά επιχειρήσεων και εργαζομένων

https://t.co/5SmCpY8dLZ",ερευνα adecco η επιδραση του covid στο εργασιακο περιβαλλον και στη συμπεριφορα επιχειρησεων και εργαζομενων,1
Η επίδραση της πανδημίας COVID-19 στο εργασιακό περιβάλλον https://t.co/pqHVU0Kl3l,η επιδραση τησ πανδημιασ covid στο εργασιακο περιβαλλον,1
Μασσαλία: Αντιδράσεις για την έλευση υπερπολυτελούς κρουαζιερόπλοιου - «Πλήττει το περιβάλλον» https://t.co/g1NVrfk7bg,μασσαλια αντιδρασεισ για την ελευση υπερπολυτελουσ κρουαζιεροπλοιου πληττει το περιβαλλον,1
"Το Ρότερνταμ έγινε η πρώτη πόλη στον κόσμο που διαθέτει πάρκο με φωτισμό που τροφοδοτείται με φυτά, μια εντελώς φιλική προς το περιβάλλον και διαδραστική ιδέα και ελπίζουν να το χρησιμοποιήσουν σε μεγάλη κλίμακα.
https://t.co/qpr32pyIjb",το ροτερνταμ εγινε η πρωτη πολη στον κοσμο που διαθετει παρκο με φωτισμο που τροφοδοτειται με φυτα μια εντελωσ φιλικη προσ το περιβαλλον και διαδραστικη ιδεα και ελπιζουν να το χρησιμοποιησουν σε μεγαλη κλιμακα,1
Έρευνα Adecco: Η επίδραση της πανδημίας COVID-19 στο εργασιακό περιβάλλον - https://t.co/HOdHXBpLjo https://t.co/Idx3UPEgQt,ερευνα adecco η επιδραση τησ πανδημιασ covid στο εργασιακο περιβαλλον,1
Έρευνα Adecco: Πώς επέδρασε η πανδημία στο εργασιακό περιβάλλον και στη συμπεριφορά επιχειρήσεων και εργαζομένων https://t.co/xjVHiE3GE9 #businessnewsgr,ερευνα adecco πωσ επεδρασε η πανδημια στο εργασιακο περιβαλλον και στη συμπεριφορα επιχειρησεων και εργαζομενων businessnewsgr,1
"Ποια πράσινη ενέργεια; Ο σώζων εαυτόν σωθήτω...Η Γερμανία έθεσε σε λειτουργία άλλο ένα εργοστάσιο ηλεκτροπαραγωγής με καύση άνθρακα
https://t.co/V1O02oB0DX",ποια πρασινη ενεργεια ο σωζων εαυτον σωθητωη γερμανια εθεσε σε λειτουργια αλλο ενα εργοστασιο ηλεκτροπαραγωγησ με καυση ανθρακα,1
«Καμπανάκι» από τo WWF Ελλάς: Απογοητευτική η εφαρμογή του νόμου για τα πλαστικά μιας χρήσης https://t.co/h3DGCddMRQ #ΝΟΜΟΘΕΣΙΑ #ΠΕΡΙΒΑΛΛΟΝ https://t.co/ckTHdudr0h,καμπανακι απο τo wwf ελλασ απογοητευτικη η εφαρμογη του νομου για τα πλαστικα μιασ χρησησ νομοθεσια περιβαλλον,1
Η ώρα της #Motor #Oil να ανακοινώσει εκπληκτικά #κέρδη – Πως θα αντιδράσει η μετοχή με τέτοιο περιβάλλον; https://t.co/QGklISbNBs,η ωρα τησ motor oil να ανακοινωσει εκπληκτικα κερδη πωσ θα αντιδρασει η μετοχη με τετοιο περιβαλλον,1
Λουκίδης για τέλος υποχρεωτικότητας της μάσκας στα σχολεία: Βρισκόμαστε σε πολύ πιο σταθερό περιβάλλον φέτος https://t.co/twFwyMVM9v,λουκιδησ για τελοσ υποχρεωτικοτητασ τησ μασκασ στα σχολεια βρισκομαστε σε πολυ πιο σταθερο περιβαλλον φετοσ,1
"Το ΚΚΕ Κισσάμου αναφέρεται στις σχεδιαζόμενες επενδύσεις σε Λαφονήσι, Φαλάσαρνα και Στόμιο, αλλά και στην ουσιαστική αδιαφορία για το περιβάλλον https://t.co/9v9WasmzyJ",το κκε κισσαμου αναφερεται στισ σχεδιαζομενεσ επενδυσεισ σε λαφονησι φαλασαρνα και στομιο αλλα και στην ουσιαστικη αδιαφορια για το περιβαλλον,1
Κομισιόν: Εγκρίθηκε το πρόγραμμα του νέου ΕΣΠΑ για το περιβάλλον https://t.co/HRkK6fVMR3 https://t.co/y4RkFQCtRk,κομισιον εγκριθηκε το προγραμμα του νεου εσπα για το περιβαλλον,1
Η επίδραση της πανδημίας COVID-19 στο εργασιακό περιβάλλον και στη συμπεριφορά επιχειρήσεων και εργαζομένων https://t.co/BWqW5velub,η επιδραση τησ πανδημιασ covid στο εργασιακο περιβαλλον και στη συμπεριφορα επιχειρησεων και εργαζομενων,1
Η κυκλική οικονομία στην 86η ΔΕΘ - https://t.co/eiOPQNSsIs https://t.co/KMEN6XkYpb #86ηΔΕΘ #ΒιώσιμηΑνάπτυξη #ΚαθαρήΕνέργεια #ΚυκλικήΟικονομία,η κυκλικη οικονομια στην η δεθ ηδεθ βιωσιμηαναπτυξη καθαρηενεργεια κυκλικηοικονομια,1
"[Κλικ και διαβάστε στο thetoc] #Κέρκυρα: Το εύρημα που μπορεί να ""κάψει"" τον στραγγαλιστή της 93χρονης - Στο συγγενικό περιβάλλον ψάχνουν οι αρ https://t.co/yO3PaADraO",κλικ και διαβαστε στο thetoc κερκυρα το ευρημα που μπορει να καψει τον στραγγαλιστη τησ χρονησ στο συγγενικο περιβαλλον ψαχνουν οι αρ,1
"Με έναν τύπο κινητήρα που χρησιμοποιείται σε ανεμιστήρες, η έρευνα του Robert Sansone θα μπορούσε να ανοίξει το δρόμο για μία πιο οικονομική και φιλική προς το περιβάλλον κατασκευή ηλεκτρικών οχημάτων.

https://t.co/xG1mp6KHBm https://t.co/CVI7WvzqaW",με εναν τυπο κινητηρα που χρησιμοποιειται σε ανεμιστηρεσ η ερευνα του robe sansone θα μπορουσε να ανοιξει το δρομο για μια πιο οικονομικη και φιλικη προσ το περιβαλλον κατασκευη ηλεκτρικων οχηματων,1
Ελένη Πολυχρονοπούλου (Environmental): Το HAZDASH λειτουργεί για την ακριβή καταγραφή των επικίνδυνων υλικών στο πλοίο και προστατεύει το θαλάσσιο περιβάλλον - mononews #mononewsGR https://t.co/HkmcCQ21qo,ελενη πολυχρονοπουλου environmental το hazdash λειτουργει για την ακριβη καταγραφη των επικινδυνων υλικων στο πλοιο και προστατευει το θαλασσιο περιβαλλον mononews mononewsgr,1
Κομισιόν: Εγκρίθηκε το πρόγραμμα του νέου ΕΣΠΑ για το περιβάλλον--https://t.co/7oFxhH3xMW,κομισιον εγκριθηκε το προγραμμα του νεου εσπα για το περιβαλλον,1
Κομισιόν: Εγκρίθηκε το πρόγραμμα του νέου ΕΣΠΑ για το περιβάλλον - https://t.co/rpjphoVvYq https://t.co/LgICKVBcxM,κομισιον εγκριθηκε το προγραμμα του νεου εσπα για το περιβαλλον,1
RT @maras_mode: Ο Τζορτζ Σόρος/Το Παγκόσμιο Οικονομικό Φόρουμ δωροδοκησε ενα παιδί ηθοποιό και το δίδαξε πως να παραπονιεται για την «Κλιμα…, maras_mode ο τζορτζ σοροστο παγκοσμιο οικονομικο φορουμ δωροδοκησε ενα παιδι ηθοποιο και το διδαξε πωσ να παραπονιεται για την κλιμα,1
Πώς τα τραγούδια της μεγάπτερης φάλαινας γίνονται παγκόσμια σουξέ https://t.co/qPg7nmv3tQ #ΑΡΘΡΑ #ΑΡΣΕΝΙΚΑ #ΠΕΡΙΒΑΛΛΟΝ #ΤΡΑΓΟΥΔΙ #ΦΑΛΑΙΝΕΣ By https://t.co/p9zfHynwcm https://t.co/s1Gcbg5raF,πωσ τα τραγουδια τησ μεγαπτερησ φαλαινασ γινονται παγκοσμια σουξε αρθρα αρσενικα περιβαλλον τραγουδι φαλαινεσ by,1
Πλωτοί τερματικοί σταθμοί θα τροφοδοτούν την Ευρώπη με αέριο – Ανησυχία για το περιβάλλον https://t.co/hMBrXP9MZO,πλωτοι τερματικοι σταθμοι θα τροφοδοτουν την ευρωπη με αεριο ανησυχια για το περιβαλλον,1
Διευκρινήσεις από το περιβάλλον του Κώστα Καραμανλή: Καμία αιχμή κατά της κυβέρνησης - mononews #mononewsGR https://t.co/J9RlkZ5RZQ,διευκρινησεισ απο το περιβαλλον του κωστα καραμανλη καμια αιχμη κατα τησ κυβερνησησ mononews mononewsgr,1
"Το περιβάλλον Καραμανλή ρίχνει τους τόνους μετά τον σάλο: Καμία αιχμή κατά της κυβέρνησης https://t.co/wikV52VXQo 

#υποκλοπες #Καραμανλη #Καραμανλης",το περιβαλλον καραμανλη ριχνει τουσ τονουσ μετα τον σαλο καμια αιχμη κατα τησ κυβερνησησ υποκλοπεσ καραμανλη καραμανλησ,1
RT @thistimefromme: Το σχέδιο του παγκοσμίου αποπληθυσμού σε νέες οικολογικές περιπέτειες και όποιος αντέξει. Ποιος θα φέρει την λύση σε όλ…, thistimefromme το σχεδιο του παγκοσμιου αποπληθυσμου σε νεεσ οικολογικεσ περιπετειεσ και οποιοσ αντεξει ποιοσ θα φερει την λυση σε ολ,1
Μαξίμου και περιβάλλον Καραμανλή ρίχνουν τους τόνους και δηλώνουν ότι… συμφωνούν για τις θεσμικές αλλαγές ... https://t.co/Qz19i22W9z,μαξιμου και περιβαλλον καραμανλη ριχνουν τουσ τονουσ και δηλωνουν οτι συμφωνουν για τισ θεσμικεσ αλλαγεσ,1
"Κώστας Καραμανλής: Πανικός και ενόχληση στο περιβάλλον Μητσοτάκη, μετά την ηχηρή παρέμβαση του https://t.co/oxfugqwDGg #Καραμανλης",κωστασ καραμανλησ πανικοσ και ενοχληση στο περιβαλλον μητσοτακη μετα την ηχηρη παρεμβαση του καραμανλησ,1
ΙΛΛΥΡΙΑ WEB TV | ΠΕΡΙΒΑΛΛΟΝ - ΠΙΣΤΟΠΟΙΗΣΗ ΔΙΑΤΡΟΦΗΣ | ΕΙΡΗΝΗ ΚΑΝΕΛΛΟΥ https://t.co/GbXqtL8ioS,ιλλυρια web tv περιβαλλον πιστοποιηση διατροφησ ειρηνη κανελλου,1
"Ανεμογεννήτριες: πόσο «πράσινη» είναι η ενέργειά τους;, γράφει ο Βαγγέλης Ντάλης https://t.co/kvWNbj9nZ4",ανεμογεννητριεσ ποσο πρασινη ειναι η ενεργεια τουσ γραφει ο βαγγελησ νταλησ,1
"«Η συμμετοχή των γυναικών σε θέσεις λήψης αποφάσεων στην τεχνολογία, την καινοτομία και την επιχειρηματικότητα, είναι απαραίτητη για την οικονομική και βιώσιμη ανάπτυξη της χώρας», υπογράμμισε χθες σεομιλία της η υφυπουργός Εργασίας και Κοινωνικών

https://t.co/ay70h06i7t",η συμμετοχη των γυναικων σε θεσεισ ληψησ αποφασεων στην τεχνολογια την καινοτομια και την επιχειρηματικοτητα ειναι απαραιτητη για την οικονομικη και βιωσιμη αναπτυξη τησ χωρασ υπογραμμισε χθεσ σεομιλια τησ η υφυπουργοσ εργασιασ και κοινωνικων,1
"#PraktoreioLife
Το δεντρόσπιτο KOJA, μια πρόταση για βιώσιμο ταξίδι

https://t.co/otaPvAXfqT https://t.co/6BWRT34qN7",praktoreiolife το δεντροσπιτο koja μια προταση για βιωσιμο ταξιδι,1
Επιχειρησιακό σχέδιο για τον βιώσιμο τουρισμό και την επιμήκυνση της τουριστικής περιόδου στον Δήμο Χερσονήσου https://t.co/mEJpAy9x37,επιχειρησιακο σχεδιο για τον βιωσιμο τουρισμο και την επιμηκυνση τησ τουριστικησ περιοδου στον δημο χερσονησου,1
Ημερίδα Υπερταμείου στη ΔΕΘ για βιώσιμη και περιφερειακή ανάπτυξη https://t.co/9EQIQfmWVA,ημεριδα υπερταμειου στη δεθ για βιωσιμη και περιφερειακη αναπτυξη,1
"Το δεντρόσπιτο KOJA, μια πρόταση για βιώσιμο ταξίδι https://t.co/bXrpOoAKVM",το δεντροσπιτο koja μια προταση για βιωσιμο ταξιδι,1
"Το δεντρόσπιτο KOJA, μια πρόταση για βιώσιμο ταξίδι https://t.co/NfzWfF5gZJ",το δεντροσπιτο koja μια προταση για βιωσιμο ταξιδι,1
Χώρισαν Ελεωνόρα Ζουγανέλη και Σπύρος Δημητρίου; – Το περιβάλλον του ζευγαριού απαντά https://t.co/Fr4qy90FbI,χωρισαν ελεωνορα ζουγανελη και σπυροσ δημητριου το περιβαλλον του ζευγαριου απαντα,1
"RT @disorderisti: #Παπιγκο 
Περίφραξη δρόμου μεσα στον δρυμό κχαρακτηρισμός ως ιδιωτικός.
Νέες καταγγελίες απο #Καλλιστω για τις βίλες που…", disorderisti παπιγκο περιφραξη δρομου μεσα στον δρυμο κχαρακτηρισμοσ ωσ ιδιωτικοσ νεεσ καταγγελιεσ απο καλλιστω για τισ βιλεσ που,1
GSEU: Ευρωπαϊκή κοινοπραξία για τη βιώσιμη χρήση του υπεδάφους και των πόρων του - https://t.co/EdHiGer7kR https://t.co/RoHc148oY0,gseu ευρωπαϊκη κοινοπραξια για τη βιωσιμη χρηση του υπεδαφουσ και των πορων του,1
Οικονόμου για Ναυπηγεία Ελευσίνας: Βιώσιμο μοντέλο επανεκκίνησης και διασφάλιση των θέσεων εργασίας - https://t.co/yxR4SeyM7S https://t.co/l9Ysezz0ik,οικονομου για ναυπηγεια ελευσινασ βιωσιμο μοντελο επανεκκινησησ και διασφαλιση των θεσεων εργασιασ,1
IFA 2022: H LG παρουσιάζει ένα νέο gaming περιβάλλον και εμπλουτίζει την εμπειρία του παιχνιδιού με νέες υπηρεσίες που βασίζονται στο cloud ... https://t.co/cUhZAhNDZV,ifa h lg παρουσιαζει ενα νεο gaming περιβαλλον και εμπλουτιζει την εμπειρια του παιχνιδιου με νεεσ υπηρεσιεσ που βασιζονται στο cloud,1
Πανεπιστημιακές Σπουδές στο πιο σύγχρονο εκπαιδευτικό περιβάλλον https://t.co/7tkHecRBlv #greece #πανδημια #Πολεμος_στην_Ουκρανια #πολιτικη #survivorGR,πανεπιστημιακεσ σπουδεσ στο πιο συγχρονο εκπαιδευτικο περιβαλλον greece πανδημια πολεμοσ_στην_ουκρανια πολιτικη survivorgr,1
Οικονόμου: Βιώσιμο μοντέλο επανεκκίνησης των Ναυπηγείων Ελευσίνας και διασφάλιση των θέσεων εργασίας - mononews #mononewsGR https://t.co/nlHW4R3lYp,οικονομου βιωσιμο μοντελο επανεκκινησησ των ναυπηγειων ελευσινασ και διασφαλιση των θεσεων εργασιασ mononews mononewsgr,1
Γιάννης Οικονόμου: Η Συμφωνία Εξυγίανσης των Ναυπηγείων Ελευσίνας διαμορφώνει ένα βιώσιμο μοντέλο επανεκκίνησης https://t.co/cuaM9T2KTd,γιαννησ οικονομου η συμφωνια εξυγιανσησ των ναυπηγειων ελευσινασ διαμορφωνει ενα βιωσιμο μοντελο επανεκκινησησ,1
Γιάννης Οικονόμου: Η Συμφωνία Εξυγίανσης των Ναυπηγείων Ελευσίνας διαμορφώνει ένα βιώσιμο μοντέλο επανεκκίνησης--https://t.co/lMhmqmHnS6,γιαννησ οικονομου η συμφωνια εξυγιανσησ των ναυπηγειων ελευσινασ διαμορφωνει ενα βιωσιμο μοντελο επανεκκινησησ,1
Γ.Οικονόμου: «Βιώσιμο το μοντέλο επανεκκίνησης των Ναυπηγείων Ελευσίνας» https://t.co/AL8PuvIsIT,γοικονομου βιωσιμο το μοντελο επανεκκινησησ των ναυπηγειων ελευσινασ,1
"Για βιώσιμο μοντέλο επανεκκίνησης των Ναυπηγείων Ελευσίνας, κάνει λόγο ο Γιάννης Οικονόμου
#Οικονομου 

https://t.co/H2ABBsmRR2",για βιωσιμο μοντελο επανεκκινησησ των ναυπηγειων ελευσινασ κανει λογο ο γιαννησ οικονομου οικονομου,1
[Κλικ και διαβάστε στο mononews]Οικονόμου: Βιώσιμο  #Μοντέλο επανεκκίνησης των Ναυπηγείων Ελευσίνας και διασφάλιση των θέσεων εργασίας https://t.co/EThGTRsiIp,κλικ και διαβαστε στο mononewsοικονομου βιωσιμο μοντελο επανεκκινησησ των ναυπηγειων ελευσινασ και διασφαλιση των θεσεων εργασιασ,1
".@joikonomou: Βιώσιμο μοντέλο επανεκκίνησης των Ναυπηγείων Ελευσίνας και διασφάλιση των θέσεων εργασίας 

https://t.co/hF91Q3oPRs",joikonomou βιωσιμο μοντελο επανεκκινησησ των ναυπηγειων ελευσινασ και διασφαλιση των θεσεων εργασιασ,1
Κομισιόν: Εγκρίνει το ελληνικό μέτρο για την αποθήκευση ηλεκτρικής ενέργειας από ανανεώσιμες πηγές https://t.co/kfxzg2FI49,κομισιον εγκρινει το ελληνικο μετρο για την αποθηκευση ηλεκτρικησ ενεργειασ απο ανανεωσιμεσ πηγεσ,1
ΔΕΗ ενεργώ για το περιβάλλον: Αποκατάσταση πυρόπληκτων περιοχών Αρχαίας Ολυμπίας https://t.co/KgAsYQIrB0,δεη ενεργω για το περιβαλλον αποκατασταση πυροπληκτων περιοχων αρχαιασ ολυμπιασ,1
"«Ισχυρή Ελλάδα στο νέο διεθνές περιβάλλον»

Εκδήλωση με ομιλητές τους @katsaniotis και @Avramopoulos 

https://t.co/zuDDspy2Xh",ισχυρη ελλαδα στο νεο διεθνεσ περιβαλλον εκδηλωση με ομιλητεσ τουσ katsaniotis και avramopoulos,1
ΔΕΗ ενεργώ για το περιβάλλον: Αποκατάσταση πυρόπληκτων περιοχών Αρχαίας Ολυμπίας https://t.co/rgLZiMEHY5,δεη ενεργω για το περιβαλλον αποκατασταση πυροπληκτων περιοχων αρχαιασ ολυμπιασ,1
"➡️ 300 εκατ. το κόστος που επωμίζεται ο καταναλωτής
➡️ Φυσικό αέριο και ανανεώσιμες πηγές ενέργειας θα μειώσουν το κόστος

⏩ Διαβάστε στη «Σημερινή» | Του Άγγελου Αγγελοδήμου

https://t.co/Rqs7jznv4H",εκατ το κοστοσ που επωμιζεται ο καταναλωτησ φυσικο αεριο και ανανεωσιμεσ πηγεσ ενεργειασ θα μειωσουν το κοστοσ διαβαστε στη σημερινη του αγγελου αγγελοδημου,1
"Η μεγάλη προσπάθεια για την προστασία της Γυάρου που πραγματοποιείται από το #WWF_Ελλάς σε συνεργασία με πλήθος άλλων φορέων, φαίνεται πως αποδίδει καρπούς, δίνοντας μια σημαντική «ανάσα» στο θαλάσσιο περιβάλλον της περιοχής. 
#Γυαρος #Αλιεια 

https://t.co/7r7Aa8ZlLv",η μεγαλη προσπαθεια για την προστασια τησ γυαρου που πραγματοποιειται απο το wwf_ελλασ σε συνεργασια με πληθοσ αλλων φορεων φαινεται πωσ αποδιδει καρπουσ δινοντασ μια σημαντικη ανασα στο θαλασσιο περιβαλλον τησ περιοχησ γυαροσ αλιεια,1
"Δρ Χαράλαμπος Έλληνας: Οικονομικά βιώσιμος ο αγωγός East Med – Απαρχαιωμένο το δίκτυο της ΑΗΚ (ηχητικό) #Cyprus #EastMed @CharlesEllinas   
via @politis_news 
https://t.co/YIqrEaBsDc",δρ χαραλαμποσ ελληνασ οικονομικα βιωσιμοσ ο αγωγοσ east med απαρχαιωμενο το δικτυο τησ αηκ ηχητικο cyprus eastmed charlesellinas via politis_news,1
Μηδενικό αποτύπωμα άνθρακα και οι πολιτικές «βιώσιμων δραστηριοτήτων» ως παράμετροι συρρίκνωσης της ανταγωνιστικότητας - mononews #mononewsGR https://t.co/klL9ZVIhOX,μηδενικο αποτυπωμα ανθρακα και οι πολιτικεσ βιωσιμων δραστηριοτητων ωσ παραμετροι συρρικνωσησ τησ ανταγωνιστικοτητασ mononews mononewsgr,1
Τσίπρας: «Δεν είναι βιώσιμο το να επιδοτεί το κράτος από τα δημόσια έσοδα» - mononews #mononewsGR https://t.co/87wFh79o0T,τσιπρασ δεν ειναι βιωσιμο το να επιδοτει το κρατοσ απο τα δημοσια εσοδα mononews mononewsgr,1
Μην κόψεις τη ζάχαρη μόνο για το καλό της υγείας σου αλλά και για να προστατεύσεις το περιβάλλον https://t.co/SIyoFzd152,μην κοψεισ τη ζαχαρη μονο για το καλο τησ υγειασ σου αλλα και για να προστατευσεισ το περιβαλλον,1
Τσίπρας: Χρειάζεται βιώσιμη ασπίδα προστασίας για νοικοκυριά και επιχειρήσεις https://t.co/Xo42kDT1Z3 #businessnewsgr,τσιπρασ χρειαζεται βιωσιμη ασπιδα προστασιασ για νοικοκυρια και επιχειρησεισ businessnewsgr,1
RT @LykavitosGr: Μεγάλη ανησυχία για τον «Παγετώνα της Αποκάλυψης»  - Λιώνει με ταχύ ρυθμό  #«Παγετώνας_της_Αποκάλυψης» #Thwaites #κλιματικ…, lykavitosgr μεγαλη ανησυχια για τον παγετωνα τησ αποκαλυψησ λιωνει με ταχυ ρυθμο παγετωνασ_τησ_αποκαλυψησ thwaites κλιματικ,1
RT @LykavitosGr: Μεγάλη ανησυχία για τον «Παγετώνα της Αποκάλυψης»  - Λιώνει με ταχύ ρυθμό  #«Παγετώνας_της_Αποκάλυψης» #Thwaites #κλιματικ…, lykavitosgr μεγαλη ανησυχια για τον παγετωνα τησ αποκαλυψησ λιωνει με ταχυ ρυθμο παγετωνασ_τησ_αποκαλυψησ thwaites κλιματικ,1
".@joikonomou: 
«Η Ελλάδα εξακολουθεί να αναπτύσσεται δυναμικά παρά τις αβεβαιότητες στο διεθνές περιβάλλον»

https://t.co/wQji95kZkD",joikonomou η ελλαδα εξακολουθει να αναπτυσσεται δυναμικα παρα τισ αβεβαιοτητεσ στο διεθνεσ περιβαλλον,1
Θορυβημένο το περιβάλλον Αγοραστού από την.. «υποψηφιότητα» Λανάρα για το Δήμο Τεμπών https://t.co/6hKNCqqeZj,θορυβημενο το περιβαλλον αγοραστου απο την υποψηφιοτητα λαναρα για το δημο τεμπων,1
Τσίπρας: Βιώσιμη ασπίδα προστασίας για νοικοκυριά και επιχειρήσεις από την ενεργειακή κρίση και τον πληθωρισμό https://t.co/Dj78y0ibuh,τσιπρασ βιωσιμη ασπιδα προστασιασ για νοικοκυρια και επιχειρησεισ απο την ενεργειακη κριση και τον πληθωρισμο,1
Περισσότεροι τρόποι για οδικές μετακινήσεις με βιώσιμο πρόσημο και εξοικονόμηση χρημάτων με τους Χάρτες Google https://t.co/1xwj7qJ7xk,περισσοτεροι τροποι για οδικεσ μετακινησεισ με βιωσιμο προσημο και εξοικονομηση χρηματων με τουσ χαρτεσ google,1
"Volterra: Πολυτέλεια σε ρόδες και με σεβασμό στο περιβάλλον

https://t.co/eGx3THbvlu",volterra πολυτελεια σε ροδεσ και με σεβασμο στο περιβαλλον,1
RT @LykavitosGr: Παραγωγή ενέργειας από ανανεώσιμες και εναλλακτικές πήγες  #ΕΥΔΑΠ https://t.co/dFhr91Hs1J, lykavitosgr παραγωγη ενεργειασ απο ανανεωσιμεσ και εναλλακτικεσ πηγεσ ευδαπ,1
RT @LykavitosGr: Παραγωγή ενέργειας από ανανεώσιμες και εναλλακτικές πήγες  #ΕΥΔΑΠ https://t.co/dFhr91Hs1J, lykavitosgr παραγωγη ενεργειασ απο ανανεωσιμεσ και εναλλακτικεσ πηγεσ ευδαπ,1
Ερμιονίδα| Ανοικτή εκδήλωση για το θαλάσσιο περιβάλλον https://t.co/jNQxXN78Fa μέσω @Arena News | Ηλεκτρονική εφημερίδα της Πελοποννήσου,ερμιονιδα ανοικτη εκδηλωση για το θαλασσιο περιβαλλον μεσω arena news ηλεκτρονικη εφημεριδα τησ πελοποννησου,1
"Southeast Europe Energy Forum: Αναζητώντας την ενεργειακή σταθερότητα σε ένα διαρκώς μεταβαλλόμενο περιβάλλον (VIDEO) - https://t.co/eiOPQNSsIs https://t.co/LluoDlCHGg 
#Southeast_Europe_Energy_Forum #Ενεργειακή_Κρίση #Επιπτώσεις #Μέτρα",southeast europe energy forum αναζητωντασ την ενεργειακη σταθεροτητα σε ενα διαρκωσ μεταβαλλομενο περιβαλλον video southeast_europe_energy_forum ενεργειακη_κριση επιπτωσεισ μετρα,1
#ΠΑΣΟΚ  – Κίνημα Αλλάγης :  Η ανάπτυξη για να είναι βιώσιμη μακροπρόθεσμα δεν μπορεί να βασίζεται μόνο στην κατανάλωση https://t.co/qzNJvsEe0y,πασοκ κινημα αλλαγησ η αναπτυξη για να ειναι βιωσιμη μακροπροθεσμα δεν μπορει να βασιζεται μονο στην καταναλωση,1
Περιβάλλον : «Πότε και που εξημερώθηκε ο Γάιδαρος» https://t.co/hs9wNE3om9,περιβαλλον ποτε και που εξημερωθηκε ο γαιδαροσ,1
Διαμάντια για ενοικίαση: Η νέα τάση στην κυκλική οικονομία και η προοπτική για την Ελλάδα - mononews #mononewsGR https://t.co/aOSw69sgqC,διαμαντια για ενοικιαση η νεα ταση στην κυκλικη οικονομια και η προοπτικη για την ελλαδα mononews mononewsgr,1
"""Η ειρήνη στην Κύπρο θα πρέπει να είναι βιώσιμη και να διαρκεί""
#alphanewslive #cyprus
 https://t.co/mOSvpH7Ci7",η ειρηνη στην κυπρο θα πρεπει να ειναι βιωσιμη και να διαρκει alphanewslive cyprus,1
Γεωργιάδης: Η πράσινη ενέργεια μπορεί να γίνει το μεγαλύτερο ανταγωνιστικό πλεονέκτημα της Ελλάδας - https://t.co/11PJ6qfLcE https://t.co/h5DMtRiK6o,γεωργιαδησ η πρασινη ενεργεια μπορει να γινει το μεγαλυτερο ανταγωνιστικο πλεονεκτημα τησ ελλαδασ,1
"SOS από τους επιστήμονες: Αν η θερμοκρασία στη Γη αυξηθεί πάνω από 1,5° Κελσίου ίσως υπάρξουν αλλαγές «χωρίς επιστροφή» https://t.co/jilqFvzze5 #ΕΡΕΥΝΕΣ #ΚΛΙΜΑ #ΠΕΡΙΒΑΛΛΟΝ https://t.co/bAn1zVA4Zd",sos απο τουσ επιστημονεσ αν η θερμοκρασια στη γη αυξηθει πανω απο κελσιου ισωσ υπαρξουν αλλαγεσ χωρισ επιστροφη ερευνεσ κλιμα περιβαλλον,1
Γεωργιάδης: Τα επόμενα 4-6 χρόνια θα είναι χρόνια κοσμογονίας στις ανανεώσιμες πηγές ενέργειας - mononews #mononewsGR https://t.co/ZUSuaNhNtX,γεωργιαδησ τα επομενα χρονια θα ειναι χρονια κοσμογονιασ στισ ανανεωσιμεσ πηγεσ ενεργειασ mononews mononewsgr,1
".@AdonisGeorgiadi: Τα επόμενα 4-6 χρόνια θα είναι χρόνια κοσμογονίας στο δίκτυο και στις επενδύσεις στις ανανεώσιμες πηγές ενέργειας στην Ελλάδα

https://t.co/29uLdxHKSL https://t.co/hPBu5OJA1c",adonisgeorgiadi τα επομενα χρονια θα ειναι χρονια κοσμογονιασ στο δικτυο και στισ επενδυσεισ στισ ανανεωσιμεσ πηγεσ ενεργειασ στην ελλαδα,1
RT @OlympiaAnast: Στα πλαίσια της 86ης Διεθνούς Έκθεσης Θεσσαλονίκης (#ΔΕΘ) όπου μίλησα για τον βιώσιμο τουρισμό και τα θαλάσσιο χωροταξικό…, olympiaanast στα πλαισια τησ ησ διεθνουσ εκθεσησ θεσσαλονικησ δεθ οπου μιλησα για τον βιωσιμο τουρισμο και τα θαλασσιο χωροταξικο,1
Στις εταιρίες με το καλύτερο εργασιακό περιβάλλον στην Ευρώπη η Epsilon Net https://t.co/1z2Dsm4UXq,στισ εταιριεσ με το καλυτερο εργασιακο περιβαλλον στην ευρωπη η epsilon net,1
«Europe’s Best Workplaces 2022»: Ο Όμιλος EPSILON NET ανάμεσα στις 10 κορυφαίες εταιρίες στην Ευρώπη για το εργασιακό περιβάλλον https://t.co/XaMTokTPeK,europes best workplaces ο ομιλοσ epsilon net αναμεσα στισ κορυφαιεσ εταιριεσ στην ευρωπη για το εργασιακο περιβαλλον,1
"[Κλικ και διαβάστε στο ΠΡΩΤΟ ΘΕΜΑ]Αυτή η μικρή, βιώσιμη πόλη στη  #Γερμανία είναι σαν να έχει βγει από παραμύθι των αδελφών Γκριμ https://t.co/Bh4Mqd2NaP",κλικ και διαβαστε στο πρωτο θεμααυτη η μικρη βιωσιμη πολη στη γερμανια ειναι σαν να εχει βγει απο παραμυθι των αδελφων γκριμ,1
"RT @LykavitosGr: Κατρίνης: «Η Κυκλική Οικονομία δεν αποτελεί επιβάρυνση, αλλά ένα πεδίο επενδύσεων υψηλής προστιθέμενης αξίας»  https://t.c…", lykavitosgr κατρινησ η κυκλικη οικονομια δεν αποτελει επιβαρυνση αλλα ενα πεδιο επενδυσεων υψηλησ προστιθεμενησ αξιασ,1
"RT @LykavitosGr: Κατρίνης: «Η Κυκλική Οικονομία δεν αποτελεί επιβάρυνση, αλλά ένα πεδίο επενδύσεων υψηλής προστιθέμενης αξίας»  https://t.c…", lykavitosgr κατρινησ η κυκλικη οικονομια δεν αποτελει επιβαρυνση αλλα ενα πεδιο επενδυσεων υψηλησ προστιθεμενησ αξιασ,1
"Αυτή η μικρή, βιώσιμη πόλη στη Γερμανία είναι σαν να έχει βγει από παραμύθι των αδελφών Γκριμ https://t.co/UBAcsMWJzZ",αυτη η μικρη βιωσιμη πολη στη γερμανια ειναι σαν να εχει βγει απο παραμυθι των αδελφων γκριμ,1
Μ. Κατρίνης: «Η Κυκλική Οικονομία δεν αποτελεί επιβάρυνση» - https://t.co/Y5xNKfj77j #εκλογές2022 #Κατρινηςμιχαλης #πολιτική #ΣΥΡΙΖΑ,μ κατρινησ η κυκλικη οικονομια δεν αποτελει επιβαρυνση εκλογεσ κατρινησμιχαλησ πολιτικη συριζα,1
"Το περιβάλλον  και όχι γενετικοί  παράγοντες,  προκαλούν μυωπία  στα παιδιά https://t.co/UqZqS2TClT",το περιβαλλον και οχι γενετικοι παραγοντεσ προκαλουν μυωπια στα παιδια,1
"Μιχάλης Κατρίνης: «Η Κυκλική Οικονομία δεν αποτελεί επιβάρυνση, αλλά ένα πεδίο επενδύσεων υψηλής προστιθέμενης αξίας» https://t.co/qTudoxaEhl",μιχαλησ κατρινησ η κυκλικη οικονομια δεν αποτελει επιβαρυνση αλλα ενα πεδιο επενδυσεων υψηλησ προστιθεμενησ αξιασ,1
RT @LykavitosGr: Σε κατάσταση «ακραίου κινδύνου» η παραγωγή τροφίμων μέχρι το 2045  #παραγωγή #τρόφιμα #κλιματική_κρίση https://t.co/8ReTLE…, lykavitosgr σε κατασταση ακραιου κινδυνου η παραγωγη τροφιμων μεχρι το παραγωγη τροφιμα κλιματικη_κριση,1
RT @LykavitosGr: Σε κατάσταση «ακραίου κινδύνου» η παραγωγή τροφίμων μέχρι το 2045  #παραγωγή #τρόφιμα #κλιματική_κρίση https://t.co/8ReTLE…, lykavitosgr σε κατασταση ακραιου κινδυνου η παραγωγη τροφιμων μεχρι το παραγωγη τροφιμα κλιματικη_κριση,1
Γεωργιάδης: Η πράσινη ενέργεια μπορεί να γίνει το ανταγωνιστικό πλεονέκτημα της Ελλάδας https://t.co/KatJqHDSyA,γεωργιαδησ η πρασινη ενεργεια μπορει να γινει το ανταγωνιστικο πλεονεκτημα τησ ελλαδασ,1
"Νάξος - Σύλλογος Προστασίας Αγριας Ζωής: Ο ""Don"" επέστρεψε στο φυσικό του περιβάλλον https://t.co/0oRuxlqxS9",ναξοσ συλλογοσ προστασιασ αγριασ ζωησ ο don επεστρεψε στο φυσικο του περιβαλλον,1
"Αειφορία, κυκλική οικονομία και πράσινη ενέργεια οι βασικές επενδυτικές ευκαιρίες του μέλλοντος https://t.co/DDmblRDkXz #businessnewsgr",αειφορια κυκλικη οικονομια και πρασινη ενεργεια οι βασικεσ επενδυτικεσ ευκαιριεσ του μελλοντοσ businessnewsgr,1
"Αειφορία, κυκλική οικονομία και πράσινη ενέργεια οι βασικές επενδυτικές ευκαιρίες https://t.co/CFk4iKyXHf",αειφορια κυκλικη οικονομια και πρασινη ενεργεια οι βασικεσ επενδυτικεσ ευκαιριεσ,1
"RT @AMavroyiannis: Είχα σήμερα την τιμή, να προεδρεύω της πρώτης συνόδου του Συνέδριου τoυ Ευρωπαϊκού Επιστημονικού Συμβουλίου (EGPL) του @…", amavroyiannis ειχα σημερα την τιμη να προεδρευω τησ πρωτησ συνοδου του συνεδριου τoυ ευρωπαϊκου επιστημονικου συμβουλιου egpl του,1
"#86ηΔΕΘ

Αειφορία, κυκλική οικονομία και πράσινη ενέργεια οι βασικές επενδυτικές ευκαιρίες του μέλλοντος, σύμφωνα με μελέτη 

https://t.co/xm2lU8Vogd

Η #ΔΕΘ2022 στο ΑΠΕ-ΜΠΕ 🔗 https://t.co/chtcB3GZFG

#TIFHelexpo #ΔΕΘ https://t.co/29HzQngvcI",ηδεθ αειφορια κυκλικη οικονομια και πρασινη ενεργεια οι βασικεσ επενδυτικεσ ευκαιριεσ του μελλοντοσ συμφωνα με μελετη η δεθ στο απεμπε tifhelexpo δεθ,1
"Κατρίνης: Η Κυκλική Οικονομία δεν αποτελεί επιβάρυνση, αλλά ένα πεδίο επενδύσεων υψηλής προστιθέμενης αξίας - https://t.co/eiOPQNSsIs https://t.co/CpEF2BTNo3",κατρινησ η κυκλικη οικονομια δεν αποτελει επιβαρυνση αλλα ενα πεδιο επενδυσεων υψηλησ προστιθεμενησ αξιασ,1
"#86ηΔΕΘ

Η Κυκλική Οικονομία στο επίκεντρο της μεγαλύτερης εκθεσιακής διοργάνωσης της χώρας

https://t.co/Azex2COAEE

Η #ΔΕΘ2022 στο ΑΠΕ-ΜΠΕ 🔗 https://t.co/QW6951JO3B

#TIFHelexpo #ΔΕΘ #DETH2022 https://t.co/BXLLq72zMU",ηδεθ η κυκλικη οικονομια στο επικεντρο τησ μεγαλυτερησ εκθεσιακησ διοργανωσησ τησ χωρασ η δεθ στο απεμπε tifhelexpo δεθ deth,1
"Πόλος έλξης οι συναυλίες και οι παράλληλες εκδηλώσεις της 86ης ΔΕΘ-Η Κυκλική Οικονομία στο επίκεντρο της μεγαλύτερης εκθεσιακής διοργάνωσης της χώρας
https://t.co/rPc3NR4DqG https://t.co/yjtQieudWi",πολοσ ελξησ οι συναυλιεσ και οι παραλληλεσ εκδηλωσεισ τησ ησ δεθη κυκλικη οικονομια στο επικεντρο τησ μεγαλυτερησ εκθεσιακησ διοργανωσησ τησ χωρασ,1
"Σε ένα νέο, υπερσύγχρονο σχολικό περιβάλλον υποδεχόμαστε τους μικρούς μαθητές και μαθήτριες του Δημοτικού Σχολείου Ίσθμιας, στη θέση “Κυρα-Βρύση”.
https://t.co/KwuwK8xO5Z",σε ενα νεο υπερσυγχρονο σχολικο περιβαλλον υποδεχομαστε τουσ μικρουσ μαθητεσ και μαθητριεσ του δημοτικου σχολειου ισθμιασ στη θεση κυραβρυση,1
Σοφία Παυλίδου: «Το υποστηρικτικό οικογενειακό περιβάλλον μπορεί να βοηθήσει τους μαθητές να ξεπεράσουν το #Δημοκρατική #Ρόδος #Δωδεκάνησα https://t.co/c0N9iF0fdY,σοφια παυλιδου το υποστηρικτικο οικογενειακο περιβαλλον μπορει να βοηθησει τουσ μαθητεσ να ξεπερασουν το δημοκρατικη ροδοσ δωδεκανησα,1
Συνέντευξη Τύπου σε προστατευμένο περιβάλλον από ένα πρωθυπουργό χωρίς απαντήσεις - Documento https://t.co/2FCvaTrXaj,συνεντευξη τυπου σε προστατευμενο περιβαλλον απο ενα πρωθυπουργο χωρισ απαντησεισ documento,1
ΕΕ: Ο ρόλος του ΤΑΑ για μια πράσινη Οικονομία https://t.co/Ih6vIXnrpB,εε ο ρολοσ του ταα για μια πρασινη οικονομια,1
Βιώσιμη Ανάπτυξη και ESG στο επίκεντρο των αξιών της ΕΥΔΑΠ https://t.co/LpN1cpm0Al,βιωσιμη αναπτυξη και esg στο επικεντρο των αξιων τησ ευδαπ,1
"Παραγωγή ενέργειας από ανανεώσιμες και εναλλακτικές πηγές,
https://t.co/igdn3jf2S5,",παραγωγη ενεργειασ απο ανανεωσιμεσ και εναλλακτικεσ πηγεσ,1
Αειφορία μέσω της βιοποικιλότητας των αλυσίδων αξίας αγροδιατροφικών αλυσίδων https://t.co/3LhdxR44lo,αειφορια μεσω τησ βιοποικιλοτητασ των αλυσιδων αξιασ αγροδιατροφικων αλυσιδων,1
BlackRock: Έξυπνος καπιταλισμός η «πράσινη ενέργεια» - Επικίνδυνες οι επενδύσεις σε παραγωγούς ορυκτών καυσίμων https://t.co/flRLt161Yt,blackrock εξυπνοσ καπιταλισμοσ η πρασινη ενεργεια επικινδυνεσ οι επενδυσεισ σε παραγωγουσ ορυκτων καυσιμων,1
BlackRock: Έξυπνος καπιταλισμός η «πράσινη ενέργεια» - Επικίνδυνες οι επενδύσεις σε παραγωγούς ορυκτών καυσίμων https://t.co/ibSw7R0Gs4,blackrock εξυπνοσ καπιταλισμοσ η πρασινη ενεργεια επικινδυνεσ οι επενδυσεισ σε παραγωγουσ ορυκτων καυσιμων,1
ΙΛΛΥΡΙΑ WEB TV | ΠΕΡΙΒΑΛΛΟΝ - ΠΙΣΤΟΠΟΙΗΣΗ ΔΙΑΤΡΟΦΗΣ | ΕΙΡΗΝΗ ΚΑΝΕΛΛΟΥ https://t.co/IucSSGq4ld,ιλλυρια web tv περιβαλλον πιστοποιηση διατροφησ ειρηνη κανελλου,1
Στέργιος Μπαμπανάσης – παρουσίαση του βιβλίου του με τίτλο «Αναστοχασμοί για μια Βιώσιμη Κοινωνία της Ευημερίας» https://t.co/Qubkj1k4dN,στεργιοσ μπαμπανασησ παρουσιαση του βιβλιου του με τιτλο αναστοχασμοι για μια βιωσιμη κοινωνια τησ ευημεριασ,1
"Και με ινδική πόλη η συνεργασία του Δ. Τρικκαίων για περιβάλλον, τεχνολογία, καινοτομία https://t.co/AwAwQJz9Nn",και με ινδικη πολη η συνεργασια του δ τρικκαιων για περιβαλλον τεχνολογια καινοτομια,1
"Προς μια πράσινη Οικονομία: Ενεργειακή απόδοση, περιβαλλοντική βιωσιμότητα και ο ρόλος του Ταμείου Ανάκαμψης https://t.co/eZkk0EkSmi",προσ μια πρασινη οικονομια ενεργειακη αποδοση περιβαλλοντικη βιωσιμοτητα και ο ρολοσ του ταμειου ανακαμψησ,1
Προβληματική η κάλυψη των διατροφικών αναγκών μας χωρίς βιώσιμη χρήση των υδάτων και αντιμετώπιση της ξηρασίας - LarissaPress https://t.co/MCOvSFZlR7,προβληματικη η καλυψη των διατροφικων αναγκων μασ χωρισ βιωσιμη χρηση των υδατων και αντιμετωπιση τησ ξηρασιασ larissapress,1
Οι συναλλαγές χωρίς μετρητά βοηθούν το περιβάλλον https://t.co/t6rIXvJiyw,οι συναλλαγεσ χωρισ μετρητα βοηθουν το περιβαλλον,1
"RT @nansou: Η βάση κάθε επιτυχίας, ψυχραιμίας και πηγής λάμψης του ανθρώπου, είναι η ευτυχία κι η ηρεμία στην προσωπική του ζωή. Και η αυτο…", nansou η βαση καθε επιτυχιασ ψυχραιμιασ και πηγησ λαμψησ του ανθρωπου ειναι η ευτυχια κι η ηρεμια στην προσωπικη του ζωη και η αυτο,1
"""ΠΕΡΙΒΑΛΛΟΝ ΚΑΙ ΕΞΟΙΚΟΝΟΜΗΣΗ ΕΝΕΡΓΕΙΑΣ"" https://t.co/SIp5LQRBtP",περιβαλλον και εξοικονομηση ενεργειασ,1
"@kakakatapult @kobarsos πελτ ήμουνα παιδάκι όταν είδα το wild at heart και διαμόρφωσε κατά πολύ τον τρόπο που βλέπω, θέλω να πω είναι και οι περιστάσεις, το περιβάλλον, η ηλικία, η οπτική που καθορίζουν τι μπορεί να σε σημαδέψει στο σινεμά, και παντού φαντάζομαι.",kakakatapult kobarsos πελτ ημουνα παιδακι οταν ειδα το wild at hea και διαμορφωσε κατα πολυ τον τροπο που βλεπω θελω να πω ειναι και οι περιστασεισ το περιβαλλον η ηλικια η οπτικη που καθοριζουν τι μπορει να σε σημαδεψει στο σινεμα και παντου φανταζομαι,1
RT @LykavitosGr: Γεραπετρίτης: Ανάγκη σταθερότητας και να έχουμε μια βιώσιμη και ισχυρή κυβέρνηση  #Γιώργος_Γεραπετρίτης https://t.co/pANOG…, lykavitosgr γεραπετριτησ αναγκη σταθεροτητασ και να εχουμε μια βιωσιμη και ισχυρη κυβερνηση γιωργοσ_γεραπετριτησ,1
RT @LykavitosGr: Γεραπετρίτης: Ανάγκη σταθερότητας και να έχουμε μια βιώσιμη και ισχυρή κυβέρνηση  #Γιώργος_Γεραπετρίτης https://t.co/pANOG…, lykavitosgr γεραπετριτησ αναγκη σταθεροτητασ και να εχουμε μια βιωσιμη και ισχυρη κυβερνηση γιωργοσ_γεραπετριτησ,1
“ΠΕΡΙΒΑΛΛΟΝ ΚΑΙ ΕΞΟΙΚΟΝΟΜΗΣΗ ΕΝΕΡΓΕΙΑΣ” https://t.co/2cu6iPqPSx,περιβαλλον και εξοικονομηση ενεργειασ,1
[Κλικ και διαβάστε στο Real News]Στυλιανίδης: Η ευρωπαϊκή πράσινη συμφωνία είναι η απάντηση της ΕΕ στην κλιματική κρίση https://t.co/z0gXZDKCBz,κλικ και διαβαστε στο real newsστυλιανιδησ η ευρωπαϊκη πρασινη συμφωνια ειναι η απαντηση τησ εε στην κλιματικη κριση,1
Στυλιανίδης: «Η ευρωπαϊκή πράσινη συμφωνία είναι η απάντηση της ΕΕ στην κλιματική κρίση» - mononews #mononewsGR https://t.co/yZlWIO8EUX,στυλιανιδησ η ευρωπαϊκη πρασινη συμφωνια ειναι η απαντηση τησ εε στην κλιματικη κριση mononews mononewsgr,1
Στυλιανίδης: «Η ευρωπαϊκή πράσινη συμφωνία είναι η απάντηση της ΕΕ στην κλιματική κρίση» - mononews #mononewsGR https://t.co/SF497rm604,στυλιανιδησ η ευρωπαϊκη πρασινη συμφωνια ειναι η απαντηση τησ εε στην κλιματικη κριση mononews mononewsgr,1
"Με θεματικό τίτλο «Τώρα είναι η ώρα»,  η Διεύθυνση της CNP CYPRIALIFE ανάδειξε τα χαρακτηριστικά εκείνα που κάνουν την Εταιρία, το Δίκτυο και τους εργαζομένους της να ξεχωρίζουν μέσα σε ένα συνεχώς μεταβαλλόμενο περιβάλλον.

https://t.co/3KMSX8G953 https://t.co/6kXiqnusdn",με θεματικο τιτλο τωρα ειναι η ωρα η διευθυνση τησ cnp cyprialife αναδειξε τα χαρακτηριστικα εκεινα που κανουν την εταιρια το δικτυο και τουσ εργαζομενουσ τησ να ξεχωριζουν μεσα σε ενα συνεχωσ μεταβαλλομενο περιβαλλον,1
Δίκη Φιλιππίδη: Συνέχεια με καταθέσεις από το οικογενειακό του περιβάλλον https://t.co/sr1WNYaAWK,δικη φιλιππιδη συνεχεια με καταθεσεισ απο το οικογενειακο του περιβαλλον,1
"Ανδρουλάκης (ΠΑΣΟΚ): Βρισκόμαστε σε ένα πολύ δύσκολο γεωπολιτικό περιβάλλον - Άλλοι δεν το κατανοούν - Δεν φοβόμαστε τις εκλογές, όποτε και αν γίνουν - Περιμένουμε να πάρουμε εντολή από την πρώτη Κυριακή",ανδρουλακησ πασοκ βρισκομαστε σε ενα πολυ δυσκολο γεωπολιτικο περιβαλλον αλλοι δεν το κατανοουν δεν φοβομαστε τισ εκλογεσ οποτε και αν γινουν περιμενουμε να παρουμε εντολη απο την πρωτη κυριακη,1
[Κλικ και διαβάστε στο Huffington Post]Ο δισεκατομμυριούχος ιδρυτής της Patagonia χαρίζει την εταιρία και τα κέρδη της για το περιβάλλον https://t.co/kJ9o2n3Ajw,κλικ και διαβαστε στο huffington postο δισεκατομμυριουχοσ ιδρυτησ τησ patagonia χαριζει την εταιρια και τα κερδη τησ για το περιβαλλον,1
[Κλικ και διαβάστε στο Huffington Post]Ο δισεκατομμυριούχος ιδρυτής της Patagonia χαρίζει την εταιρία και τα κέρδη της για το περιβάλλον https://t.co/kJ9o2n32tY,κλικ και διαβαστε στο huffington postο δισεκατομμυριουχοσ ιδρυτησ τησ patagonia χαριζει την εταιρια και τα κερδη τησ για το περιβαλλον,1
RT @FChaniwn: Η Λάρα έχασε τον άνθρωπό της και κανείς από το οικογενειακό του περιβάλλον δεν ενδιαφέρθηκε για εκείνη. 😔💔 Αναζητήσαμε φιλοξε…, fchaniwn η λαρα εχασε τον ανθρωπο τησ και κανεισ απο το οικογενειακο του περιβαλλον δεν ενδιαφερθηκε για εκεινη αναζητησαμε φιλοξε,1
Εργασίες κοπής δέντρων σήμερα στην Εθνική Οδό Θεσσαλονίκης-Νέων Μουδανιών https://t.co/5gz43Zn9Ls #ΕΡΓΑ #ΚΥΚΛΟΦΟΡΙΑΚΑ #ΠΕΡΙΒΑΛΛΟΝ https://t.co/VotfDfp7FH,εργασιεσ κοπησ δεντρων σημερα στην εθνικη οδο θεσσαλονικησνεων μουδανιων εργα κυκλοφοριακα περιβαλλον,1
Ραφήνα: Ποια είναι η πραγματικότητα και ποιοι οι μύθοι για την παραλία Μαρίκες https://t.co/1a5fbrpRjK #ΑΥΤΟΔΙΟΙΚΗΣΗ #ΠΑΡΑΛΙΑΜΑΡΙΚΕΣ #ΠΕΡΙΒΑΛΛΟΝ By https://t.co/p9zfHynwcm https://t.co/Rhq6DMkkPi,ραφηνα ποια ειναι η πραγματικοτητα και ποιοι οι μυθοι για την παραλια μαρικεσ αυτοδιοικηση παραλιαμαρικεσ περιβαλλον by,1
Η ΕΕ πρέπει να ενισχύσει επειγόντως τη δράση της για το κλίμα https://t.co/W32tTdNxuA via @Europarl_EL,η εε πρεπει να ενισχυσει επειγοντωσ τη δραση τησ για το κλιμα via europarl_el,1
Έγκλημα στην Καβάλα: Στο οικογενειακό και φιλικό περιβάλλον του 52χρονου ψάχνουν τον δολοφόνο--https://t.co/eZKZ4z9AjY,εγκλημα στην καβαλα στο οικογενειακο και φιλικο περιβαλλον του χρονου ψαχνουν τον δολοφονο,1
Θεσσαλονίκη: Παράνομη επιχείρηση παραγωγής ρυζιού μόλυνε το περιβάλλον https://t.co/hJLO8SZvcA,θεσσαλονικη παρανομη επιχειρηση παραγωγησ ρυζιου μολυνε το περιβαλλον,1
Θεσσαλονίκη: Επιχείρηση στην Χαλάστρα μόλυνε το περιβάλλον - Πετούσαν ανεξέλεγκτα στάχτη σε χωράφι (ΦΩΤΟ) - https://t.co/eiOPQNT0y0 https://t.co/QNUFc8O1sO #Δικογραφία #ΕΛΑΣ #Εργοστάσιο #ΠεριβαλλοντικήΡύπανση #Στάχτη,θεσσαλονικη επιχειρηση στην χαλαστρα μολυνε το περιβαλλον πετουσαν ανεξελεγκτα σταχτη σε χωραφι φωτο δικογραφια ελασ εργοστασιο περιβαλλοντικηρυπανση σταχτη,1
"RT @amna_sportgr: Ο Τζαμ Νατζάφι, ζήτησε την παραίτηση του ιδιοκτήτη των @Suns, μετά τις καταγγελίες ότι δημιούργησε ένα τοξικό εργασιακό π…", amna_spogr ο τζαμ νατζαφι ζητησε την παραιτηση του ιδιοκτητη των suns μετα τισ καταγγελιεσ οτι δημιουργησε ενα τοξικο εργασιακο π,1
Η επισιτιστική επάρκεια και η βιώσιμη παραγωγή τροφίμων στο επίκεντρο των υπουργών Γεωργίας της ΕΕ - LarissaPress https://t.co/SCmwtXMifl,η επισιτιστικη επαρκεια και η βιωσιμη παραγωγη τροφιμων στο επικεντρο των υπουργων γεωργιασ τησ εε larissapress,1
Η ΕΕ πρέπει να ενισχύσει επειγόντως τη δράση της για το κλίμα https://t.co/0kOeWW3f5R,η εε πρεπει να ενισχυσει επειγοντωσ τη δραση τησ για το κλιμα,1
Μιχάλης Παπαδόπουλος: Ενθαρρύνουμε τους Φορείς να προάγουν τη βιώσιμη αστική κινητικότητα https://t.co/TONaKR7KCj,μιχαλησ παπαδοπουλοσ ενθαρρυνουμε τουσ φορεισ να προαγουν τη βιωσιμη αστικη κινητικοτητα,1
Το νέο κέντρο της Remix για την κυκλική μόδα οδηγεί σε ένα βιώσιμο μέλλον τη  βιομηχανία https://t.co/87CVvGd1Ko,το νεο κεντρο τησ remix για την κυκλικη μοδα οδηγει σε ενα βιωσιμο μελλον τη βιομηχανια,1
Γ. Γεωργαντάς: Παρέμβαση για τη διασφάλιση της επισιτιστικής επάρκειας και τη βιώσιμη παραγωγή τροφίμων - https://t.co/eiOPQNT0y0 #Γεωργαντάς https://t.co/Rm5xF2QJag,γ γεωργαντασ παρεμβαση για τη διασφαλιση τησ επισιτιστικησ επαρκειασ και τη βιωσιμη παραγωγη τροφιμων γεωργαντασ,1
ΥπΑΑΤ: Παρέμβαση για τη διασφάλιση της επισιτιστικής επάρκειας και τη βιώσιμη παραγωγή τροφίμων - https://t.co/L2hPgwGni9,υπαατ παρεμβαση για τη διασφαλιση τησ επισιτιστικησ επαρκειασ και τη βιωσιμη παραγωγη τροφιμων,1
"Θεσσαλονίκη: Επιχείρηση μόλυνε το περιβάλλον πετώντας στάχτη σε χωράφι

https://t.co/NcpuHZkONb",θεσσαλονικη επιχειρηση μολυνε το περιβαλλον πετωντασ σταχτη σε χωραφι,1
"Κ. Κοκολάκης στο Infonews24: «Πολλοί Δήμοι θεωρούν την πολιτική προστασία πάρεργο και παρεμβαίνουν όταν καταστραφούν» (Βίντεο) 
#Κωνσταντίνος_Κοκολάκης #πολιτική_προστασία #ΟΤΑ #κλιματική_αλλαγή
https://t.co/JpvWuUorpV",κ κοκολακησ στο infonews πολλοι δημοι θεωρουν την πολιτικη προστασια παρεργο και παρεμβαινουν οταν καταστραφουν βιντεο κωνσταντινοσ_κοκολακησ πολιτικη_προστασια οτα κλιματικη_αλλαγη,1
[https://t.co/bDHZLmoC6L] #Κομισιόν: Καλύτερες συνδέσεις για βιώσιμη αστική κινητικότητα https://t.co/mg1SLWUZx0,κομισιον καλυτερεσ συνδεσεισ για βιωσιμη αστικη κινητικοτητα,1
RT @zamboulakis: Νά γεύεσαι την απλή γραφικότητα τών Κυκλάδων απολαμβάνοντας σέ αυτό τό περιβάλλον της Σύρου τόν καφέ ή τούς νησιωτικούς με…, zamboulakis να γευεσαι την απλη γραφικοτητα των κυκλαδων απολαμβανοντασ σε αυτο το περιβαλλον τησ συρου τον καφε η τουσ νησιωτικουσ με,1
ΓΕΩΡΓΙΟΣ ΠΟΛΥΜΕΡΗΣ: Η ΕΠΙΡΡΟΗ ΤΟΥ ΠΛΑΣΤΙΚΟΥ ΣΤΟ ΠΕΡΙΒΑΛΛΟΝ ΚΑΙ ΣΤΗ ΖΩΗ ΜΑΣ https://t.co/IyW5o2Ajz6,γεωργιοσ πολυμερησ η επιρροη του πλαστικου στο περιβαλλον και στη ζωη μασ,1
Πυρηνική ενέργεια και φυσικό αέριο: Προσφυγή οργανώσεων για την «πρασινη ταμπέλα» της Ε.Ε. - https://t.co/5H4rS5OIu4 https://t.co/BpO8wzXz6S,πυρηνικη ενεργεια και φυσικο αεριο προσφυγη οργανωσεων για την πρασινη ταμπελα τησ εε,1
ΕΕ.Πυρηνική ενέργεια και φυσικό αέριο: Προσφυγή οργανώσεων για την «πρασινη ταμπέλα» της Ε.Ε. https://t.co/pb6nKahtBO,εεπυρηνικη ενεργεια και φυσικο αεριο προσφυγη οργανωσεων για την πρασινη ταμπελα τησ εε,1
Τράπεζες: Ευνοϊκό περιβάλλον παρά τις μακροοικονομικές ανησυχίες… https://t.co/qaXynSNB3a #οικονομια #news #survivorGR #greece #πανδημια #Πολεμος_στην_Ουκρανια,τραπεζεσ ευνοϊκο περιβαλλον παρα τισ μακροοικονομικεσ ανησυχιεσ οικονομια news survivorgr greece πανδημια πολεμοσ_στην_ουκρανια,1
"Υπάρχει ενδιαφέρον από τη νέα γενιά για τη Βιώσιμη Κινητικότητα, ανέφερε ο Υπουργός Μεταφορών https://t.co/zKDhH3kwXJ",υπαρχει ενδιαφερον απο τη νεα γενια για τη βιωσιμη κινητικοτητα ανεφερε ο υπουργοσ μεταφορων,1
"Υπάρχει ενδιαφέρον από τη νέα γενιά για τη Βιώσιμη Κινητικότητα, ανέφερε ο Υπουργός Μεταφορών https://t.co/zKDhH3jZ8b",υπαρχει ενδιαφερον απο τη νεα γενια για τη βιωσιμη κινητικοτητα ανεφερε ο υπουργοσ μεταφορων,1
Ν.Ηλιόπουλος: «Η ομιλία του Α.Τσίπρα δείχνει ότι κατανοεί το παγκόσμιο &amp;#038; ευρωπαϊκό περιβάλλον» https://t.co/5Pu4UbqgLA,νηλιοπουλοσ η ομιλια του ατσιπρα δειχνει οτι κατανοει το παγκοσμιο amp ευρωπαϊκο περιβαλλον,1
Το μετασχολικό ενισχυτικό πρόγραμμα γύρω από την κλιματική δράση και τη βιώσιμη ανάπτυξη με σύνθημα “Local Green Hero” διοργανώνει ο μη κυβερνητικός οργανισμός Ecogenia σε συνεργασία με τον Δήμο Χανίων. https://t.co/69BEJLax8G,το μετασχολικο ενισχυτικο προγραμμα γυρω απο την κλιματικη δραση και τη βιωσιμη αναπτυξη με συνθημα local green hero διοργανωνει ο μη κυβερνητικοσ οργανισμοσ ecogenia σε συνεργασια με τον δημο χανιων,1
«Ανακυκλώνω - Αλλάζω Συσκευή»: Προθεσμία έως 1η Νοεμβρίου - Τα βήματα που πρέπει να ακολουθήσετε https://t.co/gmFT83qMj9 #ΕΠΙΔΟΜΑΤΑ #ΠΕΡΙΒΑΛΛΟΝ https://t.co/qjp383qIfR,ανακυκλωνω αλλαζω συσκευη προθεσμια εωσ η νοεμβριου τα βηματα που πρεπει να ακολουθησετε επιδοματα περιβαλλον,1
«Η Πανεπιστημιακή Αστυνομία θα προχωρήσει για να αποκτήσουν τα ΑΕΙ το περιβάλλον που τους αρμόζει» ξεκαθαρίζει η Κεραμέως https://t.co/ca10k7rbhL,η πανεπιστημιακη αστυνομια θα προχωρησει για να αποκτησουν τα αει το περιβαλλον που τουσ αρμοζει ξεκαθαριζει η κεραμεωσ,1
“Έξυπνες Πόλεις: Λύσεις για ένα βιώσιμο μέλλον”: Συνέδριο απ’ την Ένωση Νέων Αυτοδιοικητικών https://t.co/uBUjBQ7Jkv #ΕΠΙΚΑΙΡΟΤΗΤΑ #ΕΝΩΣΗΝΕΩΝΑΥΤΟΔΙΟΙΚΗΤΙΚΩΝ By https://t.co/p9zfHynwcm https://t.co/1gX1lnlRVV,εξυπνεσ πολεισ λυσεισ για ενα βιωσιμο μελλον συνεδριο απ την ενωση νεων αυτοδιοικητικων επικαιροτητα ενωσηνεωναυτοδιοικητικων by,1
Κικίλιας: Ο βιώσιμος τουρισμός στο επίκεντρο της νέας και μεγάλης καμπάνιας του ΕΟΤ https://t.co/jLKfcv3XUG,κικιλιασ ο βιωσιμοσ τουρισμοσ στο επικεντρο τησ νεασ και μεγαλησ καμπανιασ του εοτ,1
"⭕ Ο Γ. Μαντζουράνης έκανε λόγο για «κακοποιητική εργαλειοποίηση της Δικαιοσύνης από τον πρωθυπουργό και το περιβάλλον του», καθώς επίσης και για «βαρύτατο πλήγμα για το κράτος δικαίου».

Η δήλωση του ⤵️

https://t.co/IUlZ4CJO7y",ο γ μαντζουρανησ εκανε λογο για κακοποιητικη εργαλειοποιηση τησ δικαιοσυνησ απο τον πρωθυπουργο και το περιβαλλον του καθωσ επισησ και για βαρυτατο πληγμα για το κρατοσ δικαιου η δηλωση του,1
Επαφές για συνεργασία Σλοβακίας – Κύπρου με αφορμή της Υπουργική Διάσκεψη των ΗΕ «Περιβάλλον για την Ευρώπη» https://t.co/4ebHci6Jd9,επαφεσ για συνεργασια σλοβακιασ κυπρου με αφορμη τησ υπουργικη διασκεψη των ηε περιβαλλον για την ευρωπη,1
Κικίλιας: Ο βιώσιμος τουρισμός στο επίκεντρο της νέας μεγάλης καμπάνιας του ΕΟΤ https://t.co/DpeitZiUXL,κικιλιασ ο βιωσιμοσ τουρισμοσ στο επικεντρο τησ νεασ μεγαλησ καμπανιασ του εοτ,1
Μ. Χαρακόπουλος: Απαιτείται δυναμική στροφή προς Ανανεώσιμες Πηγές Ενέργειας https://t.co/kikUx8zE2g,μ χαρακοπουλοσ απαιτειται δυναμικη στροφη προσ ανανεωσιμεσ πηγεσ ενεργειασ,1
"Κικίλιας: Ο βιώσιμος τουρισμός στο επίκεντρο της νέας και μεγάλης καμπάνιας του ΕΟΤ

https://t.co/WPtgJC0XqI",κικιλιασ ο βιωσιμοσ τουρισμοσ στο επικεντρο τησ νεασ και μεγαλησ καμπανιασ του εοτ,1
"Η Εφορεία Αρχαιοτήτων Θεσπρωτίας συμμετέχει και στον φετινό εορτασμό των Ευρωπαϊκών Ημερών Πολιτιστικής Κληρονομιάς με τον γενικό τίτλο «Βιώσιμη Πολιτιστική Κληρονομιά. Συντηρώντας το παρελθόν για τιςμελλοντικές γενιές», προγραμματίζοντας δύο

https://t.co/x2zYBl3h6X https://t.co/8NSW5BhMfJ",η εφορεια αρχαιοτητων θεσπρωτιασ συμμετεχει και στον φετινο εορτασμο των ευρωπαϊκων ημερων πολιτιστικησ κληρονομιασ με τον γενικο τιτλο βιωσιμη πολιτιστικη κληρονομια συντηρωντασ το παρελθον για τισμελλοντικεσ γενιεσ προγραμματιζοντασ δυο,1
Ο βιώσιμος τουρισμός στο επίκεντρο της νέας μεγάλης καμπάνιας... https://t.co/5LFPPAhjCv,ο βιωσιμοσ τουρισμοσ στο επικεντρο τησ νεασ μεγαλησ καμπανιασ,1
RT @Moneypressgr: JUMBO: Θετικό μήνυμα από τα αποτελέσματα 6μήνου - Το ασταθές περιβάλλον παραμένει  #moneypress https://t.co/8mWD1SWa7p, moneypressgr jumbo θετικο μηνυμα απο τα αποτελεσματα μηνου το ασταθεσ περιβαλλον παραμενει moneypress,1
JUMBO: Θετικό μήνυμα από τα αποτελέσματα 6μήνου - Το ασταθές περιβάλλον παραμένει  #moneypress https://t.co/8mWD1SWa7p,jumbo θετικο μηνυμα απο τα αποτελεσματα μηνου το ασταθεσ περιβαλλον παραμενει moneypress,1
[Κλικ και διαβάστε στο NewsIt] #Βασίλης  #Κικίλιας: Ο βιώσιμος τουρισμός στο επίκεντρο της νέας μεγάλης καμπάνιας του ΕΟΤ https://t.co/VEWBYYRqbz,κλικ και διαβαστε στο newsit βασιλησ κικιλιασ ο βιωσιμοσ τουρισμοσ στο επικεντρο τησ νεασ μεγαλησ καμπανιασ του εοτ,1
RT @LykavitosGr: JUMBO: Θετικό μήνυμα από τα αποτελέσματα 6μήνου - Το ασταθές περιβάλλον παραμένει  #Jumbo #αποτελεσματα https://t.co/FgDmr…, lykavitosgr jumbo θετικο μηνυμα απο τα αποτελεσματα μηνου το ασταθεσ περιβαλλον παραμενει jumbo αποτελεσματα,1
RT @LykavitosGr: JUMBO: Θετικό μήνυμα από τα αποτελέσματα 6μήνου - Το ασταθές περιβάλλον παραμένει  #Jumbo #αποτελεσματα https://t.co/FgDmr…, lykavitosgr jumbo θετικο μηνυμα απο τα αποτελεσματα μηνου το ασταθεσ περιβαλλον παραμενει jumbo αποτελεσματα,1
Βιώσιμη ανάπτυξη μέσα από την Τοπική Αυτοδιοίκηση ζητάει ο Χάρης Μαμουλάκης https://t.co/UvnoC3SOXv,βιωσιμη αναπτυξη μεσα απο την τοπικη αυτοδιοικηση ζηταει ο χαρησ μαμουλακησ,1
Κικίλιας: Ο βιώσιμος τουρισμός στο επίκεντρο της καμπάνιας του ΕΟΤ #Δημοκρατική #Ρόδος #Δωδεκάνησα https://t.co/rFmKFG0D23,κικιλιασ ο βιωσιμοσ τουρισμοσ στο επικεντρο τησ καμπανιασ του εοτ δημοκρατικη ροδοσ δωδεκανησα,1
Κικίλιας: Ο βιώσιμος τουρισμός στο επίκεντρο της νέας μεγάλης καμπάνιας του ΕΟΤ https://t.co/ynj0od9PV0,κικιλιασ ο βιωσιμοσ τουρισμοσ στο επικεντρο τησ νεασ μεγαλησ καμπανιασ του εοτ,1
Κικίλιας: Ο βιώσιμος τουρισμός στο επίκεντρο της νέας καμπάνιας του ΕΟΤ - https://t.co/Sb3xjcqYTB https://t.co/7wyw77XsND,κικιλιασ ο βιωσιμοσ τουρισμοσ στο επικεντρο τησ νεασ καμπανιασ του εοτ,1
[https://t.co/bDHZLmoC6L] #Κικίλιας:  «Ο βιώσιμος τουρισμός στο επίκεντρο της νέας μεγάλης καμπάνιας του ΕΟΤ» https://t.co/sisp0vRLhS,κικιλιασ ο βιωσιμοσ τουρισμοσ στο επικεντρο τησ νεασ μεγαλησ καμπανιασ του εοτ,1
Κικίλιας: Ο βιώσιμος τουρισμός στο επίκεντρο της νέας μεγάλης καμπάνιας του ΕΟΤ https://t.co/pBuvBoWLq0 #businessnewsgr,κικιλιασ ο βιωσιμοσ τουρισμοσ στο επικεντρο τησ νεασ μεγαλησ καμπανιασ του εοτ businessnewsgr,1
Κικίλιας: Ο βιώσιμος τουρισμός στο επίκεντρο της νέας καμπάνιας του ΕΟΤ - Η Ελλάδα πρωτοπόρος στην επιτάχυνση της πράσινης μετάβασης https://t.co/n52xvaoNy9,κικιλιασ ο βιωσιμοσ τουρισμοσ στο επικεντρο τησ νεασ καμπανιασ του εοτ η ελλαδα πρωτοποροσ στην επιταχυνση τησ πρασινησ μεταβασησ,1
Βασίλης Κικίλιας: «Ο βιώσιμος τουρισμός στο επίκεντρο της νέας μεγάλης καμπάνιας του ΕΟΤ»  https://t.co/Wea3NpGUKa,βασιλησ κικιλιασ ο βιωσιμοσ τουρισμοσ στο επικεντρο τησ νεασ μεγαλησ καμπανιασ του εοτ,1
Η Νίκη Κεραμέως στο Columbia για την εκπαίδευση που προάγει τη βιώσιμη ανάπτυξη https://t.co/iMQzldf6bf https://t.co/0A2ZnzMW74,η νικη κεραμεωσ στο columbia για την εκπαιδευση που προαγει τη βιωσιμη αναπτυξη,1
Κικίλιας: «Ο βιώσιμος τουρισμός στο επίκεντρο της νέας μεγάλης καμπάνιας του ΕΟΤ» https://t.co/l3ZHUK47Yg,κικιλιασ ο βιωσιμοσ τουρισμοσ στο επικεντρο τησ νεασ μεγαλησ καμπανιασ του εοτ,1
Χαρακόπουλος: Απαιτείται δυναμική στροφή προς Ανανεώσιμες Πηγές Ενέργειας - LarissaPress https://t.co/BlLleOKbsY,χαρακοπουλοσ απαιτειται δυναμικη στροφη προσ ανανεωσιμεσ πηγεσ ενεργειασ larissapress,1
«Βιώσιμη Πολιτιστική Κληρονομιά» Διατηρώντας το παρελθόν για τις μελλοντικές γενιές 23 – 24 ΣΕΠΤΕΜΒΡΙΟΥ 2022 via @onprevezanews https://t.co/Qu5mcGIP0r,βιωσιμη πολιτιστικη κληρονομια διατηρωντασ το παρελθον για τισ μελλοντικεσ γενιεσ σεπτεμβριου via onprevezanews,1
"Βιώσιμη Αστική Κινητικότητα Πάτρας
https://t.co/hG8A5fcAgT https://t.co/RXuigo9UN1",βιωσιμη αστικη κινητικοτητα πατρασ,1
"Σοβαρές κυβερνητικές ευθύνες και έλλειμμα πολιτικής βούλησης, για βιώσιμη διαχείριση των δασικού πλούτου και έγκαιρη επένδυση στην πρόληψη των πυρκαγιών και τον περιορισμό των καταστροφών στα δάση, διαπιστώνει το νέο κόμμα των Πράσινων.
https://t.co/Tk4krX3cwd",σοβαρεσ κυβερνητικεσ ευθυνεσ και ελλειμμα πολιτικησ βουλησησ για βιωσιμη διαχειριση των δασικου πλουτου και εγκαιρη επενδυση στην προληψη των πυρκαγιων και τον περιορισμο των καταστροφων στα δαση διαπιστωνει το νεο κομμα των πρασινων,1
"Η κλιματική αλλαγή μπορεί να κάνει τις πανδημίες πιο συχνές - Αποκαλυπτικό ρεπορτάζ, αρθρογραφία και άμεση ενημέρωση, με όλα τα τελευταία νέα και ειδήσεις για την Οικονομία, τις Επιχειρήσεις, το Χρηματιστήριο, το Bitcoin, τις πολιτικές εξελίξεις και τον... https://t.co/UKbNchYAyP",η κλιματικη αλλαγη μπορει να κανει τισ πανδημιεσ πιο συχνεσ αποκαλυπτικο ρεπορταζ αρθρογραφια και αμεση ενημερωση με ολα τα τελευταια νεα και ειδησεισ για την οικονομια τισ επιχειρησεισ το χρηματιστηριο το bitcoin τισ πολιτικεσ εξελιξεισ και τον,1
"Αειφόρος Ανάπτυξη Αστερουσίων
https://t.co/THB2othG8q https://t.co/vWbmuMNXJ7",αειφοροσ αναπτυξη αστερουσιων,1
"Η #κλιματική_αλλαγή μπορεί να κάνει τις πανδημίες πιο συχνές 

https://t.co/7sdzMLkca3

#climatecrisis #πανδημία",η κλιματικη_αλλαγη μπορει να κανει τισ πανδημιεσ πιο συχνεσ climatecrisis πανδημια,1
"Η #κλιματική_αλλαγή μπορεί να κάνει τις πανδημίες πιο συχνές

https://t.co/7sdzMLkJZB

#climatecrisis #πανδημία",η κλιματικη_αλλαγη μπορει να κανει τισ πανδημιεσ πιο συχνεσ climatecrisis πανδημια,1
RT @LykavitosGr: H «La Nina» προκαλεί μία σειρά από έντονα καιρικά φαινόμενα και κοστίζει 1 τρισεκατομμύριο δολάρια  #«La_Nina» #καιρικά_φα…, lykavitosgr h la nina προκαλει μια σειρα απο εντονα καιρικα φαινομενα και κοστιζει τρισεκατομμυριο δολαρια la_nina καιρικα_φα,1
RT @LykavitosGr: H «La Nina» προκαλεί μία σειρά από έντονα καιρικά φαινόμενα και κοστίζει 1 τρισεκατομμύριο δολάρια  #«La_Nina» #καιρικά_φα…, lykavitosgr h la nina προκαλει μια σειρα απο εντονα καιρικα φαινομενα και κοστιζει τρισεκατομμυριο δολαρια la_nina καιρικα_φα,1
Jumbo: Θετικό μήνυμα από τα αποτελέσματα 6μήνου – το ασταθές περιβάλλον παραμένει https://t.co/EpBVKXEZ3J,jumbo θετικο μηνυμα απο τα αποτελεσματα μηνου το ασταθεσ περιβαλλον παραμενει,1
RT @ilianewskoukos: Ν. Καλάκος: «Να δοθεί δίκαιη και βιώσιμη λύση με τις μοναστηριακές εκτάσεις» https://t.co/ydyrAhzhrh https://t.co/fi4Kh…, ilianewskoukos ν καλακοσ να δοθει δικαιη και βιωσιμη λυση με τισ μοναστηριακεσ εκτασεισ,1
Ν. Καλάκος: «Να δοθεί δίκαιη και βιώσιμη λύση με τις μοναστηριακές εκτάσεις» https://t.co/ydyrAhzhrh https://t.co/fi4KhZoLUk,ν καλακοσ να δοθει δικαιη και βιωσιμη λυση με τισ μοναστηριακεσ εκτασεισ,1
ΙΛΛΥΡΙΑ WEB TV | ΠΕΡΙΒΑΛΛΟΝ - ΟΠΤΙΚΗ ΡΥΠΑΝΣΗ | ΕΙΡΗΝΗ ΚΑΝΕΛΛΟΥ https://t.co/BOWbg8LsuT,ιλλυρια web tv περιβαλλον οπτικη ρυπανση ειρηνη κανελλου,1
"Είναι βιώσιμη η επένδυση του ΤΧΣ;
Προφανώς και όχι και εδώ εγείρονται πολλά ερωτηματικά...
 https://t.co/iumuk8Km6d",ειναι βιωσιμη η επενδυση του τχσ προφανωσ και οχι και εδω εγειρονται πολλα ερωτηματικα,1
[https://t.co/bDHZLmoC6L]ΧΑ: «Άμυνες» κόντρα στο  #Διεθνές περιβάλλον - Προβληματίζει ο τζίρος  https://t.co/M7xQ6GS5j4,αμυνεσ κοντρα στο διεθνεσ περιβαλλον προβληματιζει ο τζιροσ,1
Ολοκληρώθηκε το 1ο Συνέδριο για τη Βιώσιμη Κινητικότητα My Green Mobility 2022 https://t.co/2vfeaSVsUj,ολοκληρωθηκε το ο συνεδριο για τη βιωσιμη κινητικοτητα my green mobility,1
Χρηματοδότηση ύψους 808.356 € εξασφάλισε ο Δήμος Χαλανδρίου για καφέ κάδο και πρόγραμμα κομποστοποίησης https://t.co/NfeWqBjbN3,χρηματοδοτηση υψουσ εξασφαλισε ο δημοσ χαλανδριου για καφε καδο και προγραμμα κομποστοποιησησ,1
"""Ευρωπαϊκές Ημέρες Πολιτιστικές Κληρονομιάς με θέμα Βιώσιμη Πολιτιστική Κληρονομιά- Διατηρώντας το παρελθόν για τις μελλοντικές γενιές"" https://t.co/go9TocATTU",ευρωπαϊκεσ ημερεσ πολιτιστικεσ κληρονομιασ με θεμα βιωσιμη πολιτιστικη κληρονομια διατηρωντασ το παρελθον για τισ μελλοντικεσ γενιεσ,1
Έρχεται νέο πρόγραμμα επιδότησης για ηλιακούς θερμοσίφωνες https://t.co/RWUDg4mChz,ερχεται νεο προγραμμα επιδοτησησ για ηλιακουσ θερμοσιφωνεσ,1
Δράσεις της Εφορείας Αρχαιοτήτων Λάρισας για μια «Βιώσιμη πολιτιστική κληρονομιά» - LarissaPress https://t.co/wK6sPuNyXh,δρασεισ τησ εφορειασ αρχαιοτητων λαρισασ για μια βιωσιμη πολιτιστικη κληρονομια larissapress,1
Στα 500 δισ. ευρώ ο «λογαριασμός» της ενεργειακής κρίσης στην ΕΕ - Προειδοποίηση Bruegel: Μη βιώσιμο δημοσιονομικά https://t.co/G25sCDpvsW,στα δισ ευρω ο λογαριασμοσ τησ ενεργειακησ κρισησ στην εε προειδοποιηση bruegel μη βιωσιμο δημοσιονομικα,1
"Ρεπορτάζ: Τι Έχει Κάνει Η Δημοτική Αρχή Για Την Βιώσιμη Κινητικότητα Στην Ηλιούπολη
https://t.co/zGqQ8Q3BPI",ρεπορταζ τι εχει κανει η δημοτικη αρχη για την βιωσιμη κινητικοτητα στην ηλιουπολη,1
Κυκλάδες - Σίφνος: Διήμερο εκδηλώσεων και “Βιώσιμη Διαχείριση Φυσικών Πόρων” https://t.co/nGmU4XbLLM,κυκλαδεσ σιφνοσ διημερο εκδηλωσεων και βιωσιμη διαχειριση φυσικων πορων,1
Στα 500 δισ. ευρώ ο «λογαριασμός» της ενεργειακής κρίσης στην ΕΕ - Προειδοποίηση Bruegel: Μη βιώσιμο δημοσιονομικά https://t.co/pfDSSRhe92,στα δισ ευρω ο λογαριασμοσ τησ ενεργειακησ κρισησ στην εε προειδοποιηση bruegel μη βιωσιμο δημοσιονομικα,1
"Ενεργειακή κρίση: Ο “λογαριασμός” των 500 δισ. είναι “δημοσιονομικά μη βιώσιμος”  – Κίνδυνος διάλυσης της Ευρώπης,
https://t.co/uwwDhHmstZ,",ενεργειακη κριση ο λογαριασμοσ των δισ ειναι δημοσιονομικα μη βιωσιμοσ κινδυνοσ διαλυσησ τησ ευρωπησ,1
"Ενεργειακή κρίση: Ο “λογαριασμός” των 500 δισ. είναι “δημοσιονομικά μη βιώσιμος”  – Κίνδυνος διάλυσης της Ευρώπης,
https://t.co/uwwDhHn0jx,",ενεργειακη κριση ο λογαριασμοσ των δισ ειναι δημοσιονομικα μη βιωσιμοσ κινδυνοσ διαλυσησ τησ ευρωπησ,1
"Ληστεία στη Γλυφάδα-Σοκάρει η αποκάλυψη της αστρολόγου: «Οι δράστες ήταν από το στενό μου περιβάλλον» (pics, vids)

#ληστεία #Γλυφαδα #αστυνομια #αστρολογος #mynewsgr 

https://t.co/zz8cv5w9DY",ληστεια στη γλυφαδασοκαρει η αποκαλυψη τησ αστρολογου οι δραστεσ ηταν απο το στενο μου περιβαλλον pics vids ληστεια γλυφαδα αστυνομια αστρολογοσ mynewsgr,1
Ε.Ε.: Η αειφορία είναι ζωτικής σημασίας για τη βιωσιμότητα των ευρωπαϊκών αερομεταφορών https://t.co/SpQjpTOP85 https://t.co/1fUsU6f0S8,εε η αειφορια ειναι ζωτικησ σημασιασ για τη βιωσιμοτητα των ευρωπαϊκων αερομεταφορων,1
Έγκλημα στην Ηλεία: Στο κοντινό περιβάλλον του 68χρονου επιχειρηματία στρέφονται οι έρευνες https://t.co/f57m9ePNfY,εγκλημα στην ηλεια στο κοντινο περιβαλλον του χρονου επιχειρηματια στρεφονται οι ερευνεσ,1
"@Koufii_ds μα απ’την αρχή μίλαγα για το κλισέ που αναμασάται σαν κοινή πεποίθηση, δεν έχω αντίρρηση αν κάποιος δε γουστάρει μια ταινία, δεν έχει όμως τίποτα να μου πει ο τύπος που δεν την έχει δει αλλά μου τσαμπουνάει τις σαχλαμάρες που βασικά του επιβάλλει το πολιτικό περιβάλλον.",koufii_ds μα απτην αρχη μιλαγα για το κλισε που αναμασαται σαν κοινη πεποιθηση δεν εχω αντιρρηση αν καποιοσ δε γουσταρει μια ταινια δεν εχει ομωσ τιποτα να μου πει ο τυποσ που δεν την εχει δει αλλα μου τσαμπουναει τισ σαχλαμαρεσ που βασικα του επιβαλλει το πολιτικο περιβαλλον,1
Κικίλιας: Επεκτείνεται η τουριστική περίοδος – Βάσεις για βιώσιμο τουριστικό μοντέλο όλο το χρόνο https://t.co/PZpv384ZBJ,κικιλιασ επεκτεινεται η τουριστικη περιοδοσ βασεισ για βιωσιμο τουριστικο μοντελο ολο το χρονο,1
Π. Κόκκαλης: «Ασφάλεια Δικαίου και κανόνες για όλους ως απαρέγκλιτοι όροι για μια βιώσιμη ανάπτυξη» https://t.co/JASTaaCnro,π κοκκαλησ ασφαλεια δικαιου και κανονεσ για ολουσ ωσ απαρεγκλιτοι οροι για μια βιωσιμη αναπτυξη,1
[Κλικ και διαβάστε στο iefimerida]Άγριο  #Έγκλημα στην Ηλεία:  #Ερευνες στο κοντινό περιβάλλον του 68χρονου επιχειρηματία https://t.co/FS24JNXMJb,κλικ και διαβαστε στο iefimeridaαγριο εγκλημα στην ηλεια ερευνεσ στο κοντινο περιβαλλον του χρονου επιχειρηματια,1
RT @LykavitosGr: Έγκλημα στην Ηλεία: Στο κοντινό περιβάλλον του 68χρονου επιχειρηματία στρέφονται οι έρευνες  #Ηλεία https://t.co/eSVFbILP4v, lykavitosgr εγκλημα στην ηλεια στο κοντινο περιβαλλον του χρονου επιχειρηματια στρεφονται οι ερευνεσ ηλεια,1
RT @LykavitosGr: Έγκλημα στην Ηλεία: Στο κοντινό περιβάλλον του 68χρονου επιχειρηματία στρέφονται οι έρευνες  #Ηλεία https://t.co/eSVFbILP4v, lykavitosgr εγκλημα στην ηλεια στο κοντινο περιβαλλον του χρονου επιχειρηματια στρεφονται οι ερευνεσ ηλεια,1
«Αγγίζουν» τον δολοφόνο του επιχειρηματία – Στο κοντινό περιβάλλον οι έρευνες https://t.co/fvPL0wiG49,αγγιζουν τον δολοφονο του επιχειρηματια στο κοντινο περιβαλλον οι ερευνεσ,1
Έγκλημα στην Ηλεία: Στο κοντινό περιβάλλον του 68χρονου επιχειρηματία στρέφονται οι έρευνες https://t.co/aUSPDQxHsH #GiTisElias #Sasmos #Pagidevmenoi #gntmgr #kaneotikoimasai,εγκλημα στην ηλεια στο κοντινο περιβαλλον του χρονου επιχειρηματια στρεφονται οι ερευνεσ gitiselias sasmos pagidevmenoi gntmgr kaneotikoimasai,1
Δολοφονία 68χρονου στην Ηλεία: Οι έρευνες στρέφονται στο κοντινό περιβάλλον του επιχειρηματία https://t.co/ge4b0pQH5G,δολοφονια χρονου στην ηλεια οι ερευνεσ στρεφονται στο κοντινο περιβαλλον του επιχειρηματια,1
Έγκλημα στην Ηλεία: Στο κοντινό περιβάλλον του 68χρονου επιχειρηματία στρέφονται οι έρευνες https://t.co/xPUn6JPsMV,εγκλημα στην ηλεια στο κοντινο περιβαλλον του χρονου επιχειρηματια στρεφονται οι ερευνεσ,1
"Το Αρχαιολογικό Μουσείο Χανίων συμμετέχει στον φετινό εορτασμό των ΕΗΠΚ (Ευρωπαϊκές Ημέρες Πολιτιστικής Κληρονομιάς), με θέμα «Βιώσιμη Πολιτιστική Κληρονομιά – Διατηρώντας το παρελθόν για τις μελλοντικές γενιές»… https://t.co/hMYtKMPhJf",το αρχαιολογικο μουσειο χανιων συμμετεχει στον φετινο εορτασμο των εηπκ ευρωπαϊκεσ ημερεσ πολιτιστικησ κληρονομιασ με θεμα βιωσιμη πολιτιστικη κληρονομια διατηρωντασ το παρελθον για τισ μελλοντικεσ γενιεσ,1
"Τρεις οργανώσεις των Ιωαννίνων που ασχολούνται με την βιώσιμη ανάπτυξη καταθέτουν ενδιαφέρουσες προτάσεις για το ενεργειακό με αφορμή την συζήτηση που έγινε στην Επιτροπή Περιβάλλοντος της Περιφέρειας Ηπείρου για το φωτοβολταϊκό στο Μαργαρίτι.

https://t.co/FVwG0242bF https://t.co/RAylhMLwZx",τρεισ οργανωσεισ των ιωαννινων που ασχολουνται με την βιωσιμη αναπτυξη καταθετουν ενδιαφερουσεσ προτασεισ για το ενεργειακο με αφορμη την συζητηση που εγινε στην επιτροπη περιβαλλοντοσ τησ περιφερειασ ηπειρου για το φωτοβολταϊκο στο μαργαριτι,1
RT @MaziGefyra: Επιχείρηση καθαρισμού της ακτής γύρω από το φρούριο του Ρίου από μέλη του προσωπικού της Γέφυρας. Aφορμή Hμέρα Δράσης για τ…, mazigefyra επιχειρηση καθαρισμου τησ ακτησ γυρω απο το φρουριο του ριου απο μελη του προσωπικου τησ γεφυρασ aφορμη hμερα δρασησ για τ,1
"RT @CyMESYpress: ⏩ Ενημέρωση ξένων ανταποκριτών για την 9η Υπουργική Σύνοδο για το Περιβάλλον στην Ευρώπη #efe2022, της Οικονομικής Επιτροπ…", cymesypress ενημερωση ξενων ανταποκριτων για την η υπουργικη συνοδο για το περιβαλλον στην ευρωπη efe τησ οικονομικησ επιτροπ,1
Δολοφονία στην Καβάλα – Συνελήφθησαν 4 άτομα από το οικογενειακό περιβάλλον του δράστη--https://t.co/Yt5bjLZFVA,δολοφονια στην καβαλα συνεληφθησαν ατομα απο το οικογενειακο περιβαλλον του δραστη,1
Δολοφονία στην Καβάλα: Συνελήφθησαν 4 άτομα από το οικογενειακό περιβάλλον του 25χρονου δράστη - Documento https://t.co/CgVdnaui9O https://t.co/OhgCXv7Psp,δολοφονια στην καβαλα συνεληφθησαν ατομα απο το οικογενειακο περιβαλλον του χρονου δραστη documento,1
Δολοφονία στην Καβάλα – Συνελήφθησαν 4 άτομα από το οικογενειακό περιβάλλον του δράστη https://t.co/840egAqNDW,δολοφονια στην καβαλα συνεληφθησαν ατομα απο το οικογενειακο περιβαλλον του δραστη,1
Δολοφονία στην Καβάλα – Συνελήφθησαν 4 άτομα από το οικογενειακό περιβάλλον του δράστη https://t.co/tZOEpT2kiD,δολοφονια στην καβαλα συνεληφθησαν ατομα απο το οικογενειακο περιβαλλον του δραστη,1
Ραγδαίες εξελίξεις για το έγκλημα στην Καβάλα – Συνελήφθησαν 4 άτομα από το οικογενειακό περιβάλλον του δράστη https://t.co/A0stBHiVtH,ραγδαιεσ εξελιξεισ για το εγκλημα στην καβαλα συνεληφθησαν ατομα απο το οικογενειακο περιβαλλον του δραστη,1
Έγκλημα στην Καβάλα: Συνελήφθησαν 4 άτομα από το οικογενειακό περιβάλλον του 25χρονου-Η μηχανή που τον πρόδωσε (ΦΩΤΟ-VIDEO) - https://t.co/eiOPQNSsIs https://t.co/uspf9yod4s #Δολοφονία #Δράστης #Καβάλα #Μοτοσυκλέτα #Οικογένεια #Συλλήψεις,εγκλημα στην καβαλα συνεληφθησαν ατομα απο το οικογενειακο περιβαλλον του χρονουη μηχανη που τον προδωσε φωτοvideo δολοφονια δραστησ καβαλα μοτοσυκλετα οικογενεια συλληψεισ,1
"Νάξος - Νίκη Ευελπίδου: ""Γιατί δεν προσπαθούμε να συμφιλιωθούμε με το περιβάλλον;"" https://t.co/S9KjNQJ69y",ναξοσ νικη ευελπιδου γιατι δεν προσπαθουμε να συμφιλιωθουμε με το περιβαλλον,1
"@pprodromou: Η Σύνοδος για το Περιβάλλον στην Ευρώπη παρέχει μια μοναδική ευκαιρία για διατομεακή και διυπουργική συνεργασία, ώστε να αντιμετωπίσουμε τις αναδυόμενες προκλήσεις που αντιμετωπίζει η ανθρωπότητα εξαιτίας της υποβάθμισης του περιβάλλοντος.
👉 https://t.co/ZwyO06hx7p https://t.co/2LOo9hPVd3",pprodromou η συνοδοσ για το περιβαλλον στην ευρωπη παρεχει μια μοναδικη ευκαιρια για διατομεακη και διυπουργικη συνεργασια ωστε να αντιμετωπισουμε τισ αναδυομενεσ προκλησεισ που αντιμετωπιζει η ανθρωποτητα εξαιτιασ τησ υποβαθμισησ του περιβαλλοντοσ,1
"⏩ Ενημέρωση ξένων ανταποκριτών για την 9η Υπουργική Σύνοδο για το Περιβάλλον στην Ευρώπη #efe2022, της Οικονομικής Επιτροπής των Ηνωμένων Εθνών για την Ευρώπη (UNECE) που θα πραγματοποιηθεί 5-7 Οκτωβρίου 2022, στη Λευκωσία.
#nicosiaefe https://t.co/UsASWZpEiz",ενημερωση ξενων ανταποκριτων για την η υπουργικη συνοδο για το περιβαλλον στην ευρωπη efe τησ οικονομικησ επιτροπησ των ηνωμενων εθνων για την ευρωπη unece που θα πραγματοποιηθει οκτωβριου στη λευκωσια nicosiaefe,1
"Ν. Παπαθανάσης: «Με προτεραιότητα στην αειφορία, εξασφαλίζουμε το μέλλον της χώρας» https://t.co/vmuSaxwzlS",ν παπαθανασησ με προτεραιοτητα στην αειφορια εξασφαλιζουμε το μελλον τησ χωρασ,1
Η Έλενα Κουντουρά προσκεκλημένη ομιλήτρια στο Πανεπιστήμιο της Σεούλ για τον βιώσιμο τουρισμό ⋆ TirnavosPress https://t.co/kmETEb4iH2,η ελενα κουντουρα προσκεκλημενη ομιλητρια στο πανεπιστημιο τησ σεουλ για τον βιωσιμο τουρισμο tirnavospress,1
Πώς το περιβάλλον επηρεάζει την παχυσαρκία: Τι είναι οι ενδοκρινικοί διαταράκτες https://t.co/epN7B1V6XA #GiTisElias #Sasmos #kaneotikoimasai #gntmgr #Pagidevmenoi,πωσ το περιβαλλον επηρεαζει την παχυσαρκια τι ειναι οι ενδοκρινικοι διαταρακτεσ gitiselias sasmos kaneotikoimasai gntmgr pagidevmenoi,1
RT @gerasimos2016: Οι Ιδιοκτήτες της Δύσης που γουστάρουν πράσινη ενέργεια και πράσινα άλογα  μας πάνε για διατροφικό και ενεργειακό Γολοντ…, gerasimos οι ιδιοκτητεσ τησ δυσησ που γουσταρουν πρασινη ενεργεια και πρασινα αλογα μασ πανε για διατροφικο και ενεργειακο γολοντ,1
Τα μάτια στην Κύπρο αρχές Οκτώβρη για την 9η Υπουργική Σύνοδο για το Περιβάλλον στην Ευρώπη της UNECE https://t.co/xUrknEr58J,τα ματια στην κυπρο αρχεσ οκτωβρη για την η υπουργικη συνοδο για το περιβαλλον στην ευρωπη τησ unece,1
Η Έλενα Κουντουρά προσκεκλημένη ομιλήτρια στο Πανεπιστήμιο της Σεούλ για τον βιώσιμο τουρισμό https://t.co/WGqrgdcmai,η ελενα κουντουρα προσκεκλημενη ομιλητρια στο πανεπιστημιο τησ σεουλ για τον βιωσιμο τουρισμο,1
"Γερμανικό υπουργείο Άμυνας: «Αποτέλεσμα διαπραγμάτευσης με την Αθήνα η κυκλική ανταλλαγή τεθωρακισμένων για την Ουκρανία» - Ρεπορτάζ και ειδήσεις για την Οικονομία, τις Επιχειρήσεις, το Χρηματιστήριο, την Πολιτική #mononewsGR https://t.co/0y7jCFY40c",γερμανικο υπουργειο αμυνασ αποτελεσμα διαπραγματευσησ με την αθηνα η κυκλικη ανταλλαγη τεθωρακισμενων για την ουκρανια ρεπορταζ και ειδησεισ για την οικονομια τισ επιχειρησεισ το χρηματιστηριο την πολιτικη mononewsgr,1
Μάικλ Μπλούμπεργκ: Το ελληνικό οικονομικό και επενδυτικό περιβάλλον συνεχίζει να βελτιώνεται υπό την ηγεσία του Μητσοτάκη ... https://t.co/CWAix9y4fq,μαικλ μπλουμπεργκ το ελληνικο οικονομικο και επενδυτικο περιβαλλον συνεχιζει να βελτιωνεται υπο την ηγεσια του μητσοτακη,1
RT @BlackMa008: Πράσινη ενέργεια και πράσινα άλογα., blackma πρασινη ενεργεια και πρασινα αλογα,1
"(αρνητής, αντιεμβολιαστής, ρωσόφιλος, επιζήμιος για την ενέργεια και το περιβάλλον κ.ο.κ.) και αν ακόμα δεν μπορεί να ακολουθήσει λόγω ανέχειας, θα θεωρηθεί «απροσάρμοστος», και όπως μας ενημέρωσε ο Στέλιος Πέτσας «όποιος δεν προσαρμόζεται, πεθαίνει».",αρνητησ αντιεμβολιαστησ ρωσοφιλοσ επιζημιοσ για την ενεργεια και το περιβαλλον κοκ και αν ακομα δεν μπορει να ακολουθησει λογω ανεχειασ θα θεωρηθει απροσαρμοστοσ και οπωσ μασ ενημερωσε ο στελιοσ πετσασ οποιοσ δεν προσαρμοζεται πεθαινει,1
"RT @TheOpinion_News: Θεσσαλονίκη: Αντίστροφη μέτρηση για το Kapani Project – Μικρές, ξεχωριστές, στιγμές μέσα στο αστικό περιβάλλον https:/…", theopinion_news θεσσαλονικη αντιστροφη μετρηση για το kapani project μικρεσ ξεχωριστεσ στιγμεσ μεσα στο αστικο περιβαλλον,1
"Η Ευρωπαϊκή Εβδομάδα Κινητικότητας και η συζήτηση για την βιώσιμη κινητικότητα
#alphanewslive #cyprus
https://t.co/VpzlhIS2F0",η ευρωπαϊκη εβδομαδα κινητικοτητασ και η συζητηση για την βιωσιμη κινητικοτητα alphanewslive cyprus,1
Περιβαλλοντική υγεία: Το 25% των θανάτων παγκοσμίως σχετίζεται με το περιβάλλον https://t.co/NJ4YRBPFw5,περιβαλλοντικη υγεια το των θανατων παγκοσμιωσ σχετιζεται με το περιβαλλον,1
Εθελοντική δράση ΟΝΝΕΔ - Η προστασία του περιβάλλοντος είναι υπόθεση όλων μας (ΦΩΤΟ) - https://t.co/eiOPQNT0y0 https://t.co/jabNzJNn9J #ΟΝΝΕΔ #Εθελοντική_Δράση #Περιβάλλον,εθελοντικη δραση οννεδ η προστασια του περιβαλλοντοσ ειναι υποθεση ολων μασ φωτο οννεδ εθελοντικη_δραση περιβαλλον,1
Παγκόσμιος Οργανισμός Υγείας: Το 25% όλων των θανάτων παγκοσμίως σχετίζονται με το περιβάλλον https://t.co/rZSdE1Khn2,παγκοσμιοσ οργανισμοσ υγειασ το ολων των θανατων παγκοσμιωσ σχετιζονται με το περιβαλλον,1
Από το Αργοστόλι με… (επιστημονική) αγάπη για το περιβάλλον https://t.co/go3CCew6AY,απο το αργοστολι με επιστημονικη αγαπη για το περιβαλλον,1
Παγκόσμια Ημέρα Περιβαλλοντικής Υγείας: Tο 25% των θανάτων παγκοσμίως ανά έτος σχετίζονται με το περιβάλλον - https://t.co/w8tRmcWbDH https://t.co/b64pp3GWdy,παγκοσμια ημερα περιβαλλοντικησ υγειασ tο των θανατων παγκοσμιωσ ανα ετοσ σχετιζονται με το περιβαλλον,1
Συνέδριο Economist: Σε νέο περιβάλλον προκλήσεων οι ελληνικές τράπεζες https://t.co/yHi6q3m2V4 #businessnewsgr,συνεδριο economist σε νεο περιβαλλον προκλησεων οι ελληνικεσ τραπεζεσ businessnewsgr,1
"Συνέδριο #EconSustainableFinance του 
@Economist_SEUR

Σε νέο περιβάλλον προκλήσεων οι ελληνικές τράπεζες

https://t.co/CQEbZWeOrD https://t.co/GQGupid8Lk",συνεδριο econsustainablefinance του economist_seur σε νεο περιβαλλον προκλησεων οι ελληνικεσ τραπεζεσ,1
"Το 25% των θανάτων σε όλο τον κόσμο σχετίζονται με το περιβάλλον

https://t.co/BuoaOpN1F6",το των θανατων σε ολο τον κοσμο σχετιζονται με το περιβαλλον,1
"RT @cstaikouras: Τα 3 τελευταία χρόνια, η ελληνική οικονομία έχει επιτύχει επιδόσεις που εκπλήσσουν ευχάριστα, με το ΑΕΠ να διαμορφώνεται π…", cstaikouras τα τελευταια χρονια η ελληνικη οικονομια εχει επιτυχει επιδοσεισ που εκπλησσουν ευχαριστα με το αεπ να διαμορφωνεται π,1
Κίνδυνος για την δημόσια υγεία και το περιβάλλον οι παράνομες συνδέσεις στο υπό κατασκευή δίκτυο αποχέτευσης https://t.co/CcjRrFodXt https://t.co/TI3qb219V2,κινδυνοσ για την δημοσια υγεια και το περιβαλλον οι παρανομεσ συνδεσεισ στο υπο κατασκευη δικτυο αποχετευσησ,1
Στην Παγκόσμια Διάσκεψη της UNESCO για τις Πολιτιστικές Πολιτικές και τη Βιώσιμη Ανάπτυξη - MONDIACULT 2022 η Υπουργός Πολιτισμού και Αθλητισμού Λίνα Μενδώνη #MinCultureGR #CULTURE2030GOAL #Unesco #culture #Mexico #Greece @UNESCO #ΥΠΠΟΑ#MONDIACULT https://t.co/HXauRhTut3 https://t.co/LS5Mf4bz0j,στην παγκοσμια διασκεψη τησ unesco για τισ πολιτιστικεσ πολιτικεσ και τη βιωσιμη αναπτυξη mondiacult η υπουργοσ πολιτισμου και αθλητισμου λινα μενδωνη minculturegr culturegoal unesco culture mexico greece unesco υπποαmondiacult,1
Στην Παγκόσμια Διάσκεψη της UNESCO για τις Πολιτιστικές Πολιτικές και τη Βιώσιμη Ανάπτυξη – MONDIACULT 2022 η Υπουργός Πολιτισμού και Αθλητισμού Λίνα Μενδώνη https://t.co/sv0jB3g6SS,στην παγκοσμια διασκεψη τησ unesco για τισ πολιτιστικεσ πολιτικεσ και τη βιωσιμη αναπτυξη mondiacult η υπουργοσ πολιτισμου και αθλητισμου λινα μενδωνη,1
Χαιρετισμός Κουράκη στην ημερίδα του ΟΑΚ για την βιώσιμη καινοτομία και διακυβέρνηση https://t.co/C2P7DBORyg,χαιρετισμοσ κουρακη στην ημεριδα του οακ για την βιωσιμη καινοτομια και διακυβερνηση,1
Ημέρα Περιβαλλοντικής Υγείας: Το 25% όλων των θανάτων παγκοσμίως σχετίζεται με το περιβάλλον - https://t.co/SjiYqNkcFb https://t.co/lfzFhfpFkC,ημερα περιβαλλοντικησ υγειασ το ολων των θανατων παγκοσμιωσ σχετιζεται με το περιβαλλον,1
Παγκόσμια Ημέρα Περιβαλλοντικής Υγείας: Το 25% των θανάτων παγκοσμίως σχετίζονται με το περιβάλλον https://t.co/RdKiYASxJI,παγκοσμια ημερα περιβαλλοντικησ υγειασ το των θανατων παγκοσμιωσ σχετιζονται με το περιβαλλον,1
Παγκόσμια Ημέρα Περιβαλλοντικής Υγείας: Το 25% των θανάτων σχετίζονται με το περιβάλλον https://t.co/GPxYCgbUDf,παγκοσμια ημερα περιβαλλοντικησ υγειασ το των θανατων σχετιζονται με το περιβαλλον,1
Αποκλειστικό: Εκτεθειμένη η ΕΡΤ απέναντι στον Νίκο Κουρή – Τι μέλλει γενέσθαι με το «Δες και βρες» και τι διαμηνύει το περιβάλλον του ηθοποιού; https://t.co/4ecWKCOypd,αποκλειστικο εκτεθειμενη η ερτ απεναντι στον νικο κουρη τι μελλει γενεσθαι με το δεσ και βρεσ και τι διαμηνυει το περιβαλλον του ηθοποιου,1
"Παπαδόπουλος: Η Ελλάδα μπορεί να είναι πρωτοπόρα στη βιώσιμη αστική κινητικότητα - Ρεπορτάζ και ειδήσεις για την Οικονομία, τις Επιχειρήσεις, το Χρηματιστήριο, την Πολιτική #mononewsGR https://t.co/XshGXia8DY",παπαδοπουλοσ η ελλαδα μπορει να ειναι πρωτοπορα στη βιωσιμη αστικη κινητικοτητα ρεπορταζ και ειδησεισ για την οικονομια τισ επιχειρησεισ το χρηματιστηριο την πολιτικη mononewsgr,1
Παπαδόπουλος: Η Ελλάδα μπορεί να είναι πρωτοπόρα στη βιώσιμη αστική κινητικότητα https://t.co/OwawTxWg89,παπαδοπουλοσ η ελλαδα μπορει να ειναι πρωτοπορα στη βιωσιμη αστικη κινητικοτητα,1
Γ. Ρέτσος (ΣΕΤΕ): Οι στόχοι για ένα βιώσιμο μοντέλο στρατηγικής ανάπτυξης του ελληνικού τουρισμού https://t.co/Ob8CqiZiJF,γ ρετσοσ σετε οι στοχοι για ενα βιωσιμο μοντελο στρατηγικησ αναπτυξησ του ελληνικου τουρισμου,1
RT @Moneypressgr: Σε νέο περιβάλλον προκλήσεων οι ελληνικές τράπεζες - Βλέπουν υψηλή ζήτηση για ...  #moneypress https://t.co/jgCX6IKcZP ht…, moneypressgr σε νεο περιβαλλον προκλησεων οι ελληνικεσ τραπεζεσ βλεπουν υψηλη ζητηση για moneypress ht,1
Σε νέο περιβάλλον προκλήσεων οι ελληνικές τράπεζες - Βλέπουν υψηλή ζήτηση για ...  #moneypress https://t.co/jgCX6IKcZP https://t.co/sqWAdX8dJ5,σε νεο περιβαλλον προκλησεων οι ελληνικεσ τραπεζεσ βλεπουν υψηλη ζητηση για moneypress,1
Πατούλης: Επενδύουμε στη βιώσιμη κινητικότητα - Προτεραιότητα στην ασφάλεια και στην παροχή ποιοτικών υπηρεσιών https://t.co/7JJCuxDDoa,πατουλησ επενδυουμε στη βιωσιμη κινητικοτητα προτεραιοτητα στην ασφαλεια και στην παροχη ποιοτικων υπηρεσιων,1
Morgan Stanley: Μη βιώσιμο το ράλι του δολαρίου - Ιστορικά φέρνει κραχ στις αγορές https://t.co/eadHONfY2t,morgan stanley μη βιωσιμο το ραλι του δολαριου ιστορικα φερνει κραχ στισ αγορεσ,1
RT @Efthimakos1: Άκυρη η #ξαφνικιτιδα παίδες.Ο κόσμος που πέφτει νεκρός παντού είναι λόγω επιπτώσεωντου καύσωνα του 2021 σε συνδυασμό με τι…, efthimakos ακυρη η ξαφνικιτιδα παιδεσο κοσμοσ που πεφτει νεκροσ παντου ειναι λογω επιπτωσεωντου καυσωνα του σε συνδυασμο με τι,1
"Ινστιτούτο Elcano: Η λιτότητα σε Ελλάδα και Ευρωζώνη δεν είναι βιώσιμη, αλλά το όραμα της Γερμανίας θα παίξει θεμελιώδη ρόλο https://t.co/4Z7FP8B7Ng",ινστιτουτο elcano η λιτοτητα σε ελλαδα και ευρωζωνη δεν ειναι βιωσιμη αλλα το οραμα τησ γερμανιασ θα παιξει θεμελιωδη ρολο,1
"Ινστιτούτο Elcano: Η λιτότητα σε Ελλάδα και Ευρωζώνη δεν είναι βιώσιμη, αλλά το όραμα της Γερμανίας θα παίξει θεμελιώδη ρόλο https://t.co/lw6s9ZlvjS",ινστιτουτο elcano η λιτοτητα σε ελλαδα και ευρωζωνη δεν ειναι βιωσιμη αλλα το οραμα τησ γερμανιασ θα παιξει θεμελιωδη ρολο,1
"Ινστιτούτο Elcano: Η λιτότητα σε Ελλάδα και Ευρωζώνη δεν είναι βιώσιμη, αλλά το όραμα της Γερμανίας θα παίξει θεμελιώδη ρόλο https://t.co/RApFnGhTRO",ινστιτουτο elcano η λιτοτητα σε ελλαδα και ευρωζωνη δεν ειναι βιωσιμη αλλα το οραμα τησ γερμανιασ θα παιξει θεμελιωδη ρολο,1
"Ινστιτούτο Elcano: Η λιτότητα σε Ελλάδα και Ευρωζώνη δεν είναι βιώσιμη, αλλά το όραμα της Γερμανίας θα παίξει θεμελιώδη ρόλο https://t.co/J8z5vDBgsB",ινστιτουτο elcano η λιτοτητα σε ελλαδα και ευρωζωνη δεν ειναι βιωσιμη αλλα το οραμα τησ γερμανιασ θα παιξει θεμελιωδη ρολο,1
"Ινστιτούτο Elcano: Η λιτότητα σε Ελλάδα και Ευρωζώνη δεν είναι βιώσιμη, αλλά το όραμα της Γερμανίας θα παίξει θεμελιώδη ρόλο https://t.co/tcBIxjFPNU",ινστιτουτο elcano η λιτοτητα σε ελλαδα και ευρωζωνη δεν ειναι βιωσιμη αλλα το οραμα τησ γερμανιασ θα παιξει θεμελιωδη ρολο,1
"Ινστιτούτο Elcano: Η λιτότητα σε Ελλάδα και Ευρωζώνη δεν είναι βιώσιμη, αλλά το όραμα της Γερμανίας θα παίξει θεμελιώδη ρόλο https://t.co/km945Ug53O",ινστιτουτο elcano η λιτοτητα σε ελλαδα και ευρωζωνη δεν ειναι βιωσιμη αλλα το οραμα τησ γερμανιασ θα παιξει θεμελιωδη ρολο,1
ΔΕΗ blue και ΣΚΛΑΒΕΝΙΤΗΣ ενώνουν τις δυνάμεις τους για τη βιώσιμη κινητικότητα https://t.co/mHUMYtCjk7,δεη blue και σκλαβενιτησ ενωνουν τισ δυναμεισ τουσ για τη βιωσιμη κινητικοτητα,1
Από το Αργοστόλι με… (επιστημονική) αγάπη για το περιβάλλον – Ειδήσεις – νέα – Το Βήμα Online https://t.co/HF85R5sLEH,απο το αργοστολι με επιστημονικη αγαπη για το περιβαλλον ειδησεισ νεα το βημα online,1
Γ. Ρέτσος: Παγκόσμια Ημέρα Τουρισμού – Οι στόχοι για ένα βιώσιμο μοντέλο στρατηγικής ανάπτυξης του #Δημοκρατική #Ρόδος #Δωδεκάνησα https://t.co/YgZGhguvKM,γ ρετσοσ παγκοσμια ημερα τουρισμου οι στοχοι για ενα βιωσιμο μοντελο στρατηγικησ αναπτυξησ του δημοκρατικη ροδοσ δωδεκανησα,1
«Επενδύουμε στη βιώσιμη κινητικότητα» τονίζει ο Πατούλης παρουσιάζοντας τις παρεμβάσεις https://t.co/4NRqGPBRGG,επενδυουμε στη βιωσιμη κινητικοτητα τονιζει ο πατουλησ παρουσιαζοντασ τισ παρεμβασεισ,1
"ΔΕΗ blue και Σκλαβενίτης ενώνουν τις δυνάμεις τους για τη βιώσιμη κινητικότητα,
https://t.co/fTXFyqlTki,",δεη blue και σκλαβενιτησ ενωνουν τισ δυναμεισ τουσ για τη βιωσιμη κινητικοτητα,1
Bluegr Hotels and Resorts: Πολυτελής φιλοξενία με θετικό πρόσημο για το περιβάλλον και την κοινωνία https://t.co/fjT2jvJOdX,bluegr hotels and resos πολυτελησ φιλοξενια με θετικο προσημο για το περιβαλλον και την κοινωνια,1
"“Ανοιχτές Πόρτες”, μια διαφορετική γιορτή στο Λιβάδι του δήμου Θέρμης https://t.co/NoE8FJhyhC #ΔΤ #ΕΚΠΑΙΔΕΥΣΗ #ΛΙΒΑΔΙ #ΠΕΡΙΒΑΛΛΟΝ https://t.co/HSc9QxrNEm",ανοιχτεσ πορτεσ μια διαφορετικη γιορτη στο λιβαδι του δημου θερμησ δτ εκπαιδευση λιβαδι περιβαλλον,1
Τριάντα Έλληνες Πρεσβευτές του Ευρωπαϊκού Συμφώνου για το Κλίμα συναντούν τους υπεύθυνους χάραξης της ευρωπαϊκής πολιτικής για το περιβάλλον - Πελοποννησιακό Πρακτορείο Ειδήσεων https://t.co/Ss9iLU15Gf,τριαντα ελληνεσ πρεσβευτεσ του ευρωπαϊκου συμφωνου για το κλιμα συναντουν τουσ υπευθυνουσ χαραξησ τησ ευρωπαϊκησ πολιτικησ για το περιβαλλον πελοποννησιακο πρακτορειο ειδησεων,1
«”Πράσινες” επενδύσεις με τις Περιφέρειες σε κεντρικό ρόλο το «κλειδί» για βιώσιμη ανάπτυξη» τονίζει ο Πατούλης https://t.co/3ocincLycB,πρασινεσ επενδυσεισ με τισ περιφερειεσ σε κεντρικο ρολο το κλειδι για βιωσιμη αναπτυξη τονιζει ο πατουλησ,1
"Η φετινή χρονιά σήμανε άλλη μία σημαντική επιτυχία για τη MetLife Cyprus, με το Great Place to Work® να ανακοινώνει επισήμως την πιστοποίησή της ως ένα εξαιρετικό εργασιακό περιβάλλον.

https://t.co/J7adYoKDRv https://t.co/KpdFFqB12P",η φετινη χρονια σημανε αλλη μια σημαντικη επιτυχια για τη metlife cyprus με το great place to work να ανακοινωνει επισημωσ την πιστοποιηση τησ ωσ ενα εξαιρετικο εργασιακο περιβαλλον,1
Τι ξέρουμε για τις διαρροές στους αγωγούς Nord Stream - Ο αντίκτυπος στην ενέργεια και το περιβάλλον - https://t.co/7ILiy5fmIJ https://t.co/Ox9XF5uEeo,τι ξερουμε για τισ διαρροεσ στουσ αγωγουσ nord stream ο αντικτυποσ στην ενεργεια και το περιβαλλον,1
Επέστρεψε στο φυσικό της περιβάλλον η θαλάσσια χελώνα “Καριάδα” που βρέθηκε με  τραύμα στο κεφάλι στην Πρέβεζα. https://t.co/QLlD6NbT5R,επεστρεψε στο φυσικο τησ περιβαλλον η θαλασσια χελωνα καριαδα που βρεθηκε με τραυμα στο κεφαλι στην πρεβεζα,1
Κύπρο αρχές Οκτώβρη η 9η Υπουργική Σύνοδος για το Περιβάλλον https://t.co/oQtCCqkRxz #cyprus #Europe #environment,κυπρο αρχεσ οκτωβρη η η υπουργικη συνοδοσ για το περιβαλλον cyprus europe environment,1
Γιάννης Ρέτσος: Οι στόχοι για ένα βιώσιμο μοντέλο στρατηγικής ανάπτυξης του ελληνικού τουρισμού https://t.co/sqAafo7iJm,γιαννησ ρετσοσ οι στοχοι για ενα βιωσιμο μοντελο στρατηγικησ αναπτυξησ του ελληνικου τουρισμου,1
"ΥΠΕΞ Γερμανίας για το «αρουραίος» στον Ερντογάν: «Προσβλητικές δηλώσεις δεν έχουν θέση στο διεθνές περιβάλλον» - Ρεπορτάζ και ειδήσεις για την Οικονομία, τις Επιχειρήσεις, το Χρηματιστήριο, την Πολιτική #mononewsGR https://t.co/xrW4LhIR83",υπεξ γερμανιασ για το αρουραιοσ στον ερντογαν προσβλητικεσ δηλωσεισ δεν εχουν θεση στο διεθνεσ περιβαλλον ρεπορταζ και ειδησεισ για την οικονομια τισ επιχειρησεισ το χρηματιστηριο την πολιτικη mononewsgr,1
"⏩ Συνέντευξη Τύπου για την 9η Υπουργική Σύνοδο της #UNECE για το περιβάλλον στην Ευρώπη.
@pprodromou: Η Σύνοδος αποτελεί τη μεγαλύτερη πολιτική πλατφόρμα επικοινωνίας των χωρών που ανήκουν στην #UNECE, σε θέματα περιβάλλοντος και  αειφόρου ανάπτυξης.
👉 https://t.co/AFrfP0piyP https://t.co/rtVRuK4EAM",συνεντευξη τυπου για την η υπουργικη συνοδο τησ unece για το περιβαλλον στην ευρωπη pprodromou η συνοδοσ αποτελει τη μεγαλυτερη πολιτικη πλατφορμα επικοινωνιασ των χωρων που ανηκουν στην unece σε θεματα περιβαλλοντοσ και αειφορου αναπτυξησ,1
Παραγωγή ενέργειας από ανανεώσιμες και εναλλακτικές πηγές https://t.co/OBPEROtLOa,παραγωγη ενεργειασ απο ανανεωσιμεσ και εναλλακτικεσ πηγεσ,1
"RT @G_Plakiotakis: Φέτος, η Παγκόσμια Ημέρα Ναυτιλίας, δίνει έμφαση, της έρευνας κι ανάπτυξης, της τεχνολογικής συνεργασίας. Για πιο αποδοτ…", g_plakiotakis φετοσ η παγκοσμια ημερα ναυτιλιασ δινει εμφαση τησ ερευνασ κι αναπτυξησ τησ τεχνολογικησ συνεργασιασ για πιο αποδοτ,1
"RT @KostasSkrekas: Η μείωση της σπατάλης τροφίμων είναι μια πράξη ευθύνης και σεβασμού απέναντι στο περιβάλλον.
Η Κυβέρνηση:
-Έχει εγκρίνει…", kostasskrekas η μειωση τησ σπαταλησ τροφιμων ειναι μια πραξη ευθυνησ και σεβασμου απεναντι στο περιβαλλον η κυβερνηση εχει εγκρινει,1
Στις εταιρίες με το καλύτερο εργασιακό περιβάλλον η Grant Thornton https://t.co/iQZ6nUCXUE,στισ εταιριεσ με το καλυτερο εργασιακο περιβαλλον η grant thornton,1
"Την Πιστοποίηση του Great Place to Work απέκτησε η Grant Thornton, ξεχωρίζοντας για το εξαιρετικό εργασιακό της περιβάλλον και την εταιρική της κουλτούρα, έπειτα από αξιολόγηση η οποία διενεργήθηκε από τον οργανισμό Great Place to Work Hellas.",την πιστοποιηση του great place to work απεκτησε η grant thornton ξεχωριζοντασ για το εξαιρετικο εργασιακο τησ περιβαλλον και την εταιρικη τησ κουλτουρα επειτα απο αξιολογηση η οποια διενεργηθηκε απο τον οργανισμο great place to work hellas,1
"Goldair Handling &amp; Διεθνής Αερολιμένας Αθηνών, μαζί στη Βιώσιμη Ανάπτυξη https://t.co/1OOKQtqnnQ https://t.co/6hkVhS0ii3",goldair handling amp διεθνησ αερολιμενασ αθηνων μαζι στη βιωσιμη αναπτυξη,1
Στο συγγενικό περιβάλλον ψάχνουν τον δολοφόνο του 68χρονου – 5 φορές κατέθεσαν ο αδερφός και ο ανιψιός του https://t.co/DbwOMmUv2d,στο συγγενικο περιβαλλον ψαχνουν τον δολοφονο του χρονου φορεσ κατεθεσαν ο αδερφοσ και ο ανιψιοσ του,1
"29 Σεπτεμβρίου: Παγκόσμια Ημέρα Ναυτιλίας, αφιερωμένη στις «Νέες τεχνολογίες για μια πιο πράσινη Ναυτιλία» - Ρεπορτάζ και ειδήσεις για την Οικονομία, τις Επιχειρήσεις, το Χρηματιστήριο, την Πολιτική #mononewsGR https://t.co/fezgAKmHzj",σεπτεμβριου παγκοσμια ημερα ναυτιλιασ αφιερωμενη στισ νεεσ τεχνολογιεσ για μια πιο πρασινη ναυτιλια ρεπορταζ και ειδησεισ για την οικονομια τισ επιχειρησεισ το χρηματιστηριο την πολιτικη mononewsgr,1
Ηλεία: Στο συγγενικό περιβάλλον οι έρευνες για τον δολοφόνο του 68χρονου https://t.co/Mu4AdUj0je,ηλεια στο συγγενικο περιβαλλον οι ερευνεσ για τον δολοφονο του χρονου,1
ΕΥΔΑΠ: Κίνδυνος για την δημόσια υγεία και το περιβάλλον. https://t.co/ex6TAXTL2i https://t.co/nzqCQ0Sg5U,ευδαπ κινδυνοσ για την δημοσια υγεια και το περιβαλλον,1
Στο συγγενικό περιβάλλον ψάχνουν τον δολοφόνο του 68χρονου στην Ηλεία https://t.co/d1kLW7VRuS,στο συγγενικο περιβαλλον ψαχνουν τον δολοφονο του χρονου στην ηλεια,1
"Γεωργαντάς: Στηρίζουμε τον κλάδο της ελιάς απέναντι στην κλιματική κρίση - Ρεπορτάζ και ειδήσεις για την Οικονομία, τις Επιχειρήσεις, το Χρηματιστήριο, την Πολιτική #mononewsGR https://t.co/kO5rLBXUqG",γεωργαντασ στηριζουμε τον κλαδο τησ ελιασ απεναντι στην κλιματικη κριση ρεπορταζ και ειδησεισ για την οικονομια τισ επιχειρησεισ το χρηματιστηριο την πολιτικη mononewsgr,1
"Τερζής (Alpha Bank): «Ευθύνη των μεγάλων επιχειρήσεων η αειφορία» - Ρεπορτάζ και ειδήσεις για την Οικονομία, τις Επιχειρήσεις, το Χρηματιστήριο, την Πολιτική #mononewsGR https://t.co/GqP3hDEdYv",τερζησ alpha bank ευθυνη των μεγαλων επιχειρησεων η αειφορια ρεπορταζ και ειδησεισ για την οικονομια τισ επιχειρησεισ το χρηματιστηριο την πολιτικη mononewsgr,1
Τερζής (Alpha Bank): Ευθύνη των μεγάλων επιχειρήσεων η αειφορία https://t.co/lU8sah1xsl #businessnewsgr,τερζησ alpha bank ευθυνη των μεγαλων επιχειρησεων η αειφορια businessnewsgr,1
"Ένωση Ελλήνων Εφοπλιστών: Η ελληνική ναυτιλία πρωτοστατεί στην πράσινη μεταβαση του κλάδου - Ρεπορτάζ και ειδήσεις για την Οικονομία, τις Επιχειρήσεις, το Χρηματιστήριο, την Πολιτική #mononewsGR https://t.co/hGcPqHKL83",ενωση ελληνων εφοπλιστων η ελληνικη ναυτιλια πρωτοστατει στην πρασινη μεταβαση του κλαδου ρεπορταζ και ειδησεισ για την οικονομια τισ επιχειρησεισ το χρηματιστηριο την πολιτικη mononewsgr,1
"ΕΝΑΡΞΗ ΤΩΝ «ΕΚΠΑΙΔΕΥΤΙΚΩΝ ΤΑΞΙΔΙΩΝ ΣΤΗΝ ΑΕΙΦΟΡΙΑ» ΣΤΟ ΠΑΝΕΠΙΣΤΗΜΙΟ ΑΙΓΑΙΟΥ 
https://t.co/xSPWsg7o8t https://t.co/aMefcCndcd",εναρξη των εκπαιδευτικων ταξιδιων στην αειφορια στο πανεπιστημιο αιγαιου,1
Ηλεία: Στο συγγενικό περιβάλλον ψάχνουν τον δολοφόνο του 68χρονου https://t.co/gyToyfQn0O,ηλεια στο συγγενικο περιβαλλον ψαχνουν τον δολοφονο του χρονου,1
Environmental Awards 2022: Βραβείο στην ΟΛΥΜΠΟΣ για τις φιλικές προς το περιβάλλον συσκευασίες https://t.co/CJMV49Rgtm,environmental awards βραβειο στην ολυμποσ για τισ φιλικεσ προσ το περιβαλλον συσκευασιεσ,1
Environmental Awards 2022: Βραβείο στην ΟΛΥΜΠΟΣ για τις φιλικές προς το περιβάλλον συσκευασίες - LarissaPress https://t.co/ju57W8DmIb,environmental awards βραβειο στην ολυμποσ για τισ φιλικεσ προσ το περιβαλλον συσκευασιεσ larissapress,1
"Bitcoin: Η «εξόρυξη» του κρυπτονομίσματος βλάπτει σοβαρά το περιβάλλον

https://t.co/TKYMaVaO0k",bitcoin η εξορυξη του κρυπτονομισματοσ βλαπτει σοβαρα το περιβαλλον,1
Τριάντα Έλληνες Πρεσβευτές του Ευρωπαϊκού Συμφώνου για το Κλίμα συναντούν τους υπεύθυνους χάραξης της ευρωπαϊκής πολιτικής για το περιβάλλον https://t.co/9D48tsk16o,τριαντα ελληνεσ πρεσβευτεσ του ευρωπαϊκου συμφωνου για το κλιμα συναντουν τουσ υπευθυνουσ χαραξησ τησ ευρωπαϊκησ πολιτικησ για το περιβαλλον,1
Από το Αργοστόλι με… (επιστημονική) αγάπη για το περιβάλλον – Αύριο η Ημερίδα https://t.co/q6kd0fsX6B,απο το αργοστολι με επιστημονικη αγαπη για το περιβαλλον αυριο η ημεριδα,1
Φορολογικές εκπτώσεις για όσους επενδύουν στην πράσινη οικονομία https://t.co/YjNg2IzICX,φορολογικεσ εκπτωσεισ για οσουσ επενδυουν στην πρασινη οικονομια,1
"#Nordstream : Τι επίδραση θα έχουν οι διαρροές στο περιβάλλον
https://t.co/Zb84bnGYXK",nordstream τι επιδραση θα εχουν οι διαρροεσ στο περιβαλλον,1
Παραγωγή ενέργειας από ανανεώσιμες και εναλλακτικές πηγές https://t.co/DVxW9S8DkQ,παραγωγη ενεργειασ απο ανανεωσιμεσ και εναλλακτικεσ πηγεσ,1
Τι σημαίνει η διαρροή φυσικού αερίου για το περιβάλλον https://t.co/uhTu7dq3v1,τι σημαινει η διαρροη φυσικου αεριου για το περιβαλλον,1
"#NordStream: Τι λένε οι επιστήμονες για τις επιπτώσεις των διαρροών μεθανίου στο περιβάλλον
https://t.co/LxdB6fb1Vg",nordstream τι λενε οι επιστημονεσ για τισ επιπτωσεισ των διαρροων μεθανιου στο περιβαλλον,1
...https://t.co/98tHHLz6sb #GiTisElias #Pagidevmenoi ...,gitiselias pagidevmenoi,1
Αδ. Γεωργιάδης: Εγκρίθηκε η περιβαλλοντική μελέτη για τη διπλή ανάπλαση και ξεκινά ο διαγωνισμός για το γήπεδο του ΠΑΟ ... https://t.co/98tHHLz6sb,αδ γεωργιαδησ εγκριθηκε η περιβαλλοντικη μελετη για τη διπλη αναπλαση και ξεκινα ο διαγωνισμοσ για το γηπεδο του παο,1
Αυξάνεται η θερμοκρασία στις μεγαλουπόλεις – Τι είναι το φαινόμενο της «αστικής θερμικής νησίδας» https://t.co/vX3VT3VRi8 #ΚΛΙΜΑ #ΜΕΛΕΤΕΣ #ΠΕΡΙΒΑΛΛΟΝ https://t.co/OmOK5jYWYy,αυξανεται η θερμοκρασια στισ μεγαλουπολεισ τι ειναι το φαινομενο τησ αστικησ θερμικησ νησιδασ κλιμα μελετεσ περιβαλλον,1
"«Ο καθένας πρέπει να δουλεύει σε ένα περιβάλλον που του “πάει”» είπε χαρακτηριστικά

#znews #Πατερα #Νομικου #toproino https://t.co/NsmdXyVvdp",ο καθενασ πρεπει να δουλευει σε ενα περιβαλλον που του παει ειπε χαρακτηριστικα znews πατερα νομικου toproino,1
"RT @cygnetswift: Περιβάλλον όπου τίποτα δεν θα θεωρούνταν ως ""υπερβολικό"" μα όλα θα ήταν στο πλαίσιο εκδήλωσης αγάπης προς όμορφο. Άλλοτε δ…", cygnetswift περιβαλλον οπου τιποτα δεν θα θεωρουνταν ωσ υπερβολικο μα ολα θα ηταν στο πλαισιο εκδηλωσησ αγαπησ προσ ομορφο αλλοτε δ,1
Το παγκόσμιο περιβάλλον ευνοεί τον πόλεμο Ελλάδας – Τουρκίας! Αναφορά – σοκ από το Brookings https://t.co/KeutIV0hxv #brookings #voiceofamerica #ellada #toyrkia,το παγκοσμιο περιβαλλον ευνοει τον πολεμο ελλαδασ τουρκιασ αναφορα σοκ απο το brookings brookings voiceofamerica ellada toyrkia,1
Λίτσα Πατέρα για Δούκισσα Νομικού: Ο καθένας πρέπει να δουλεύει σε ένα περιβάλλον που του πάει https://t.co/Jk8Sqqwprj,λιτσα πατερα για δουκισσα νομικου ο καθενασ πρεπει να δουλευει σε ενα περιβαλλον που του παει,1
Η ιδαιίτερα ενδιαφέρουσα Επιστημονική Ημερίδα για την κλιματική κρίση και τις επιπτώσεις στο περιβάλλον και στον άνθρωπο https://t.co/mHYkIlowNT,η ιδαιιτερα ενδιαφερουσα επιστημονικη ημεριδα για την κλιματικη κριση και τισ επιπτωσεισ στο περιβαλλον και στον ανθρωπο,1
Ο Χρήστος Κέλλας με παλιννοστήσαντες Ποντίους: Συνεργασία για τη βιώσιμη αποπληρωμή των στεγαστικών δανείων των ομογενών ⋆ TirnavosPress https://t.co/ivky3OiDOg @kellas_xristos,ο χρηστοσ κελλασ με παλιννοστησαντεσ ποντιουσ συνεργασια για τη βιωσιμη αποπληρωμη των στεγαστικων δανειων των ομογενων tirnavospress kellas_xristos,1
RT @TheOpinion_News: Κ. Ζέρβας: Η Θεσσαλονίκη μέχρι το 2030 θα είναι μια βιώσιμη πόλη https://t.co/NzK4vMs5tC #Thessaloniki #skg #TheOpinion, theopinion_news κ ζερβασ η θεσσαλονικη μεχρι το θα ειναι μια βιωσιμη πολη thessaloniki skg theopinion,1
Bitcoin: Η «εξόρυξη» του κρυπτονομίσματος βλάπτει σοβαρά το περιβάλλον https://t.co/YkraGZahNf,bitcoin η εξορυξη του κρυπτονομισματοσ βλαπτει σοβαρα το περιβαλλον,1
Μ. Μανουσάκης (ΑΔΜΗΕ): Ισχυρά πράσινα δίκτυα  για μία πιο ανθεκτική και βιώσιμη Ευρώπη https://t.co/9ydtSlo52m,μ μανουσακησ αδμηε ισχυρα πρασινα δικτυα για μια πιο ανθεκτικη και βιωσιμη ευρωπη,1
"Ανθ. Αμανατίδης (ΕΥΑΘ): Πράττουμε για ένα βιώσιμο παρόν, σχεδιάζουμε ένα αειφόρο μέλλον https://t.co/KK5lJ33wuN",ανθ αμανατιδησ ευαθ πραττουμε για ενα βιωσιμο παρον σχεδιαζουμε ενα αειφορο μελλον,1
Ίδρυμα Χατζηγάκη: Εκπαιδευτικές Δραστηριότητες για το Περιβάλλον σε 6 Ακριτικά Νησιά – Πρώτος σταθμός το #Δημοκρατική #Ρόδος #Δωδεκάνησα https://t.co/Kv9hQH272N,ιδρυμα χατζηγακη εκπαιδευτικεσ δραστηριοτητεσ για το περιβαλλον σε ακριτικα νησια πρωτοσ σταθμοσ το δημοκρατικη ροδοσ δωδεκανησα,1
Επ. Ανταγωνισμού: Εκδήλωση για την επίσημη έναρξη λειτουργίας της πλατφόρμας Sandox για τη βιώσιμη ανάπτυξη https://t.co/MMSkhYVlal,επ ανταγωνισμου εκδηλωση για την επισημη εναρξη λειτουργιασ τησ πλατφορμασ sandox για τη βιωσιμη αναπτυξη,1
[Κλικ και διαβάστε στο mononews]Δήμας: Δημιουργία «sandbox» για τη βιώσιμη ανάπτυξη https://t.co/mpyfBkLcZb,κλικ και διαβαστε στο mononewsδημασ δημιουργια sandbox για τη βιωσιμη αναπτυξη,1
"Δήμας: Δημιουργία «sandbox» για τη βιώσιμη ανάπτυξη - Ρεπορτάζ και ειδήσεις για την Οικονομία, τις Επιχειρήσεις, το Χρηματιστήριο, την Πολιτική #mononewsGR https://t.co/a3aZSyCJp2",δημασ δημιουργια sandbox για τη βιωσιμη αναπτυξη ρεπορταζ και ειδησεισ για την οικονομια τισ επιχειρησεισ το χρηματιστηριο την πολιτικη mononewsgr,1
Grecotel Kos Imperial &amp; Casa Paradiso:  50.000 καπάκια για το περιβάλλον και προσφορά σχολικών ειδών στα παιδιά των εργαζόμενων https://t.co/5MiwsDfXcm via @aegeanews,grecotel kos imperial amp casa paradiso καπακια για το περιβαλλον και προσφορα σχολικων ειδων στα παιδια των εργαζομενων via aegeanews,1
"Μ. Μανουσάκης (#ΑΔΜΗΕ): Ισχυρά πράσινα δίκτυα για μία πιο ανθεκτική και βιώσιμη Ευρώπη

https://t.co/mdB7e8eExP https://t.co/sF9Y91ORjH",μ μανουσακησ αδμηε ισχυρα πρασινα δικτυα για μια πιο ανθεκτικη και βιωσιμη ευρωπη,1
Grecotel Kos Imperial &amp; Casa Paradiso:  50.000 καπάκια για το περιβάλλον και προσφορά σχολικών ειδών στα παιδιά των εργαζόμενων - https://t.co/VrEIBoA6T3 https://t.co/8xvrelRTDx,grecotel kos imperial amp casa paradiso καπακια για το περιβαλλον και προσφορα σχολικων ειδων στα παιδια των εργαζομενων,1
Καραγιάννης: Θέμα ημερών να παραδώσουμε το Μετρό στον Πειραιά - Μέσα σε ένα δύσκολο περιβάλλον παραδίδουμε μεγάλα έργα υποδομών https://t.co/dCtPQsItl4,καραγιαννησ θεμα ημερων να παραδωσουμε το μετρο στον πειραια μεσα σε ενα δυσκολο περιβαλλον παραδιδουμε μεγαλα εργα υποδομων,1
Χρίστος Δήμας: Δημιουργία «sandbox» για τη βιώσιμη ανάπτυξη https://t.co/Q9b4xlkpn7,χριστοσ δημασ δημιουργια sandbox για τη βιωσιμη αναπτυξη,1
Σταϊκούρας: Θα συνεχιστούν τα μέτρα στήριξης παρά το δυσμενές περιβάλλον #Δημοκρατική #Ρόδος #Δωδεκάνησα https://t.co/5OeeJVy1QT,σταϊκουρασ θα συνεχιστουν τα μετρα στηριξησ παρα το δυσμενεσ περιβαλλον δημοκρατικη ροδοσ δωδεκανησα,1
Σταϊκούρας: Θα συνεχιστούν τα μέτρα στήριξης παρά το δυσμενές περιβάλλον - https://t.co/IMdcJ25ghm https://t.co/9kbDvwj8hs,σταϊκουρασ θα συνεχιστουν τα μετρα στηριξησ παρα το δυσμενεσ περιβαλλον,1
Σταϊκούρας: Θα συνεχιστούν τα μέτρα στήριξης παρά το δυσμενές περιβάλλον (ΗΧΗΤΙΚΟ) - https://t.co/eiOPQNARjS https://t.co/bQt2yEebPc #Σταϊκούρας,σταϊκουρασ θα συνεχιστουν τα μετρα στηριξησ παρα το δυσμενεσ περιβαλλον ηχητικο σταϊκουρασ,1
Χ. Σταϊκούρας: Θα συνεχιστούν τα μέτρα στήριξης παρά το δυσμενές περιβάλλον https://t.co/Xe8ZZhAP97,χ σταϊκουρασ θα συνεχιστουν τα μετρα στηριξησ παρα το δυσμενεσ περιβαλλον,1
Εκδήλωση για την «Ολοκληρωμένη ενεργειακή μετάβαση του Δήμου προς την κλιματική ουδετερότητα» https://t.co/aYmBhNzCWm #ΔΤ #ΘΕΡΜΗ #ΠΕΡΙΒΑΛΛΟΝ https://t.co/cGaOskclHn,εκδηλωση για την ολοκληρωμενη ενεργειακη μεταβαση του δημου προσ την κλιματικη ουδετεροτητα δτ θερμη περιβαλλον,1
"Αθλητισμός και το περιβάλλον του - Καβάλα, Πρωϊνή, Ραδιόφωνο, Εφημερίδα της Καβάλας, νέα, καβάλα ειδήσεις, μικρές αγγελίες https://t.co/9C52UjYsV2",αθλητισμοσ και το περιβαλλον του καβαλα πρωϊνη ραδιοφωνο εφημεριδα τησ καβαλασ νεα καβαλα ειδησεισ μικρεσ αγγελιεσ,1
Μυτιληναίος: Η ενεργειακή κρίση δεν θα λήξει με τον πόλεμο- Μη βιώσιμη η πρόταση για πλαφόν στο ρωσικό αέριο https://t.co/aFTlP8LKfm,μυτιληναιοσ η ενεργειακη κριση δεν θα ληξει με τον πολεμο μη βιωσιμη η προταση για πλαφον στο ρωσικο αεριο,1
"RT @Nausicaaa2: - Σε θέλουν πολύ σε μια δουλειά. 
Λες όχι. 
- Σου δίνουν αστρονομικό μισθό. 
Αρνείσαι γιατί δεν σου αρέσει το περιβάλλον.…", nausicaaa σε θελουν πολυ σε μια δουλεια λεσ οχι σου δινουν αστρονομικο μισθο αρνεισαι γιατι δεν σου αρεσει το περιβαλλον,1
"Η Ν. Κεραμέως στην 9η Υπουργική Σύνοδο της διαδικασίας «Περιβάλλον για την Ευρώπη» - https://t.co/eiOPQNT0y0 https://t.co/oMTeB6Cvzs 
#Κύπρος #Κεραμέως #Υπουργός_Παιδείας",η ν κεραμεωσ στην η υπουργικη συνοδο τησ διαδικασιασ περιβαλλον για την ευρωπη κυπροσ κεραμεωσ υπουργοσ_παιδειασ,1
"RT @MAravantinos: Ο κ. Καιρίδης, μάλλον κρίνει εξ ιδίων. Ας γνωρίζει όμως ότι δεν έγινα και δεν πρόκειται να γίνω σφουγγοκωλάριος κανενός.…", maravantinos ο κ καιριδησ μαλλον κρινει εξ ιδιων ασ γνωριζει ομωσ οτι δεν εγινα και δεν προκειται να γινω σφουγγοκωλαριοσ κανενοσ,1
[Κλικ και διαβάστε στο eleftherostypos]Περιβάλλον-Σκρέκας: Κατά 50%  #Μειώθηκαν οι παράνομες χωματερές τα τελευταία τρία χρόνια https://t.co/3EUtz12XNK,κλικ και διαβαστε στο eleftherostyposπεριβαλλονσκρεκασ κατα μειωθηκαν οι παρανομεσ χωματερεσ τα τελευταια τρια χρονια,1
"RT @CYpresidency: Στη Λευκωσία αύριο, η 9η Υπουργική Σύνοδος για το Περιβάλλον στην Ευρώπη.

Η δράση μας για το περιβάλλον, η αντιμετώπιση…", cypresidency στη λευκωσια αυριο η η υπουργικη συνοδοσ για το περιβαλλον στην ευρωπη η δραση μασ για το περιβαλλον η αντιμετωπιση,1
"🗣️ «Τα στεγανά, τους τρομοκρατημένους εργαζόμενους και τα παντός είδους τσιράκια, να τα αναζητήσει αλλού. Στο περιβάλλον του και ίσως στον καθρέφτη του, αλλά όχι σ’ εμένα».

Μια οφειλόμενη απάντηση στον κ. Καιρίδη από τον δημοσιογράφο Μάριο Αραβαντινό ⤵️ https://t.co/w3KFPk0zfb",τα στεγανα τουσ τρομοκρατημενουσ εργαζομενουσ και τα παντοσ ειδουσ τσιρακια να τα αναζητησει αλλου στο περιβαλλον του και ισωσ στον καθρεφτη του αλλα οχι σ εμενα μια οφειλομενη απαντηση στον κ καιριδη απο τον δημοσιογραφο μαριο αραβαντινο,1
Κικίλιας: Τα ταξιδωτικά έσοδα στηρίζουν τα ελληνικά νοικοκυριά-Επόμενη καμπάνια ο βιώσιμος τουρισμός - https://t.co/LlfcDmYNwR https://t.co/2eI6BGHCcb,κικιλιασ τα ταξιδωτικα εσοδα στηριζουν τα ελληνικα νοικοκυριαεπομενη καμπανια ο βιωσιμοσ τουρισμοσ,1
"➡️ Επενδύσεις ανανέωσης των τεχνολογιών χρήσης ορυκτών καυσίμων ή επιτάχυνση των επενδύσεων σε ανανεώσιμες πηγές ενέργειας;

⏩ Διαβάστε στη «Σημερινή» | Του Δρος Ανδρέα Πουλλικκά

https://t.co/gdvca1DCPC",επενδυσεισ ανανεωσησ των τεχνολογιων χρησησ ορυκτων καυσιμων η επιταχυνση των επενδυσεων σε ανανεωσιμεσ πηγεσ ενεργειασ διαβαστε στη σημερινη του δροσ ανδρεα πουλλικκα,1
"RT @CYpresidency: Στη Λευκωσία αύριο, η 9η Υπουργική Σύνοδος για το Περιβάλλον στην Ευρώπη.

Η δράση μας για το περιβάλλον, η αντιμετώπιση…", cypresidency στη λευκωσια αυριο η η υπουργικη συνοδοσ για το περιβαλλον στην ευρωπη η δραση μασ για το περιβαλλον η αντιμετωπιση,1
Γιώργος Καραγιάννης: «Μέσα σε ένα δύσκολο περιβάλλον παραμένουμε συνεπείς και παραδίδουμε μεγάλα έργα υποδομών» https://t.co/YZhJhfkTko,γιωργοσ καραγιαννησ μεσα σε ενα δυσκολο περιβαλλον παραμενουμε συνεπεισ και παραδιδουμε μεγαλα εργα υποδομων,1
Καραγιάννης: «Μέσα σε ένα δύσκολο περιβάλλον παραμένουμε συνεπείς και παραδίδουμε μεγάλα έργα υποδομών» https://t.co/W75l2M0VdH,καραγιαννησ μεσα σε ενα δυσκολο περιβαλλον παραμενουμε συνεπεισ και παραδιδουμε μεγαλα εργα υποδομων,1
"Ζ. Κωνσταντοπούλου για Μπέο: «Το δικαίωμα για νερό, περιβάλλον, δημοκρατία έτρεψε σε φυγή τους ψευδομηνυτές» https://t.co/tBvav24Wqd",ζ κωνσταντοπουλου για μπεο το δικαιωμα για νερο περιβαλλον δημοκρατια ετρεψε σε φυγη τουσ ψευδομηνυτεσ,1
"RT @Etherea91414364: #Sasmos #Vasilikos
Ο Μαθιός λοιπόν ναι μεν ήξερε, αλλά στην ουσία δεν ήξερε τίποτα.
Όχι δεν μπορεί κάποιος που μεγαλών…", etherea sasmos vasilikos ο μαθιοσ λοιπον ναι μεν ηξερε αλλα στην ουσια δεν ηξερε τιποτα οχι δεν μπορει καποιοσ που μεγαλων,1
"RT @Etherea91414364: #Sasmos #Vasilikos
μάλιστα η ίδια η Βασιλική φρόντιζε να κρύβει επιμελως τα σημαδια και τις πληγές της σε σημείο που τ…", etherea sasmos vasilikos μαλιστα η ιδια η βασιλικη φροντιζε να κρυβει επιμελωσ τα σημαδια και τισ πληγεσ τησ σε σημειο που τ,1
Η Huawei και η Dronetech ενισχύουν τη συνεργασία τους  για βιώσιμη γεωργία στην Αυστρία https://t.co/XkIcUKsn7Z,η huawei και η dronetech ενισχυουν τη συνεργασια τουσ για βιωσιμη γεωργια στην αυστρια,1
RT @PIOcy: Στην παρουσία 71 υπουργών και 1000 αντιπροσώπων άρχισε στη Λευκωσία η μεγαλύτερη Σύνοδος για το #Περιβάλλον στην Ευρώπη #UNECE #…, piocy στην παρουσια υπουργων και αντιπροσωπων αρχισε στη λευκωσια η μεγαλυτερη συνοδοσ για το περιβαλλον στην ευρωπη unece,1
Αντ. Καμπουράκης: «Εξασφαλίσαμε τη βιώσιμη λειτουργία της ΕΤΑΙΠΡΟΦΥΚΑ. Κλείνει μια εκκρεμότητα χρόνων για #Δημοκρατική #Ρόδος #Δωδεκάνησα https://t.co/KX3WleT7cd,αντ καμπουρακησ εξασφαλισαμε τη βιωσιμη λειτουργια τησ εταιπροφυκα κλεινει μια εκκρεμοτητα χρονων για δημοκρατικη ροδοσ δωδεκανησα,1
Η ανάγκη για διεθνή συνεργασία για το περιβάλλον αναδείχθηκε στις πρωινές εργασίες της 9ης Υπουργικής Συνόδου της UNECE στη Λευκωσία https://t.co/YvJ30qYctl,η αναγκη για διεθνη συνεργασια για το περιβαλλον αναδειχθηκε στισ πρωινεσ εργασιεσ τησ ησ υπουργικησ συνοδου τησ unece στη λευκωσια,1
"«Επιτακτική» ανάγκη για αποφάσεις και μέτρα για να διασφαλιστεί η αειφορία του πλανήτη, λέει ο Πρόεδρος Αναστασιάδης https://t.co/tR3qrZ4399",επιτακτικη αναγκη για αποφασεισ και μετρα για να διασφαλιστει η αειφορια του πλανητη λεει ο προεδροσ αναστασιαδησ,1
Κύπρος: Στην Λευκωσία η μεγαλύτερη σύνοδος για το περιβάλλον στην Ευρώπη- Συμμετέχουν 71 υπουργοί https://t.co/bALJbsVdah,κυπροσ στην λευκωσια η μεγαλυτερη συνοδοσ για το περιβαλλον στην ευρωπη συμμετεχουν υπουργοι,1
Η Huawei και η Dronetech ενισχύουν τη συνεργασία τους  για βιώσιμη γεωργία στην Αυστρία https://t.co/8ADGBzYCTe #kaneotikoimasai #GiTisElias #Sasmos #gntmgr #Pagidevmenoi,η huawei και η dronetech ενισχυουν τη συνεργασια τουσ για βιωσιμη γεωργια στην αυστρια kaneotikoimasai gitiselias sasmos gntmgr pagidevmenoi,1
Στην Κύπρο η 9η Υπουργική Σύνοδος της UNECE για το Περιβάλλον στην Ευρώπη https://t.co/FmBXmjRDxP,στην κυπρο η η υπουργικη συνοδοσ τησ unece για το περιβαλλον στην ευρωπη,1
"Αναγνώριση των πρωτοβουλιών της Κύπρου η Υπουργική Σύνοδος για Περιβάλλον, λέει ο Πρόεδρος https://t.co/o3QSo0p42c",αναγνωριση των πρωτοβουλιων τησ κυπρου η υπουργικη συνοδοσ για περιβαλλον λεει ο προεδροσ,1
"Αναγνώριση των πρωτοβουλιών της Κύπρου η Υπουργική Σύνοδος για Περιβάλλον, λέει ο Πρόεδρος https://t.co/xswwhWPSlm",αναγνωριση των πρωτοβουλιων τησ κυπρου η υπουργικη συνοδοσ για περιβαλλον λεει ο προεδροσ,1
"Για 4η χρονιά το μεγαλύτερο και επιδραστικότερο forum για τις Ανανεώσιμες Πηγές και την Αποθήκευση Ενέργειας που οργανώνει το energypress.
Για περισσότερες πληροφορίες https://t.co/tYvdlGCMiW
#energypressgr #renewablestorageforum #GreenEnergy #renewables #energystorage https://t.co/kI0B6JCcBc",για η χρονια το μεγαλυτερο και επιδραστικοτερο forum για τισ ανανεωσιμεσ πηγεσ και την αποθηκευση ενεργειασ που οργανωνει το energypress για περισσοτερεσ πληροφοριεσ energypressgr renewablestorageforum greenenergy renewables energystorage,1
Κικίλιας στη Le Monde: Ο βιώσιμος τουρισμός στο επίκεντρο της επόμενης καμπάνιας #Δημοκρατική #Ρόδος #Δωδεκάνησα https://t.co/rV3fejaXiB,κικιλιασ στη le monde ο βιωσιμοσ τουρισμοσ στο επικεντρο τησ επομενησ καμπανιασ δημοκρατικη ροδοσ δωδεκανησα,1
Στην Κύπρο για την 9η Υπουργική Σύνοδο «Περιβάλλον για την Ευρώπη» η Κεραμέως - Συναντήσεις και επισκέψεις https://t.co/wZ4WyYEvOi,στην κυπρο για την η υπουργικη συνοδο περιβαλλον για την ευρωπη η κεραμεωσ συναντησεισ και επισκεψεισ,1
Αρχίζει στη Λευκωσία η 9η Υπουργική Σύνοδος για το Περιβάλλον στην Ευρώπη https://t.co/qYj5BA0PwA,αρχιζει στη λευκωσια η η υπουργικη συνοδοσ για το περιβαλλον στην ευρωπη,1
Λιονέλ Μέσι: Το περιβάλλον του διαψεύδει τη συμφωνία για επιστροφή στην Μπαρτσελόνα https://t.co/N5me4Uye7W,λιονελ μεσι το περιβαλλον του διαψευδει τη συμφωνια για επιστροφη στην μπαρτσελονα,1
Κύπρος – Κεραμέως: Οδηγός για τον τρόπο που σχεδιάζουμε πολιτικές για ένα βιώσιμο μέλλον η Σύνοδος για το Περιβάλλον - https://t.co/eiOPQNSsIs https://t.co/0yGCbKBfOq #Νίκη_Κεραμέως #Περιβάλλον #Υπουργός_Παιδείας_και_Θρησκευμάτων,κυπροσ κεραμεωσ οδηγοσ για τον τροπο που σχεδιαζουμε πολιτικεσ για ενα βιωσιμο μελλον η συνοδοσ για το περιβαλλον νικη_κεραμεωσ περιβαλλον υπουργοσ_παιδειασ_και_θρησκευματων,1
"«Οι Πολιτιστικές Διαδρομές στη βιώσιμη ανάπτυξη της Ευρώπης και της Ελλάδας», από την Υπουργό Πολιτισμού και Αθλητισμού Λίνα Μενδώνη… https://t.co/IcIzUNGaTU",οι πολιτιστικεσ διαδρομεσ στη βιωσιμη αναπτυξη τησ ευρωπησ και τησ ελλαδασ απο την υπουργο πολιτισμου και αθλητισμου λινα μενδωνη,1
"RT @CyMESYpress: ⏩ Συνέντευξη Τύπου για την 9η Υπουργική Σύνοδο για το Περιβάλλον στην Ευρώπη
@pprodromou: Η σύνοδος αποτελεί μια εξαιρετικ…", cymesypress συνεντευξη τυπου για την η υπουργικη συνοδο για το περιβαλλον στην ευρωπη pprodromou η συνοδοσ αποτελει μια εξαιρετικ,1
"⏩ Συνέντευξη Τύπου για την 9η Υπουργική Σύνοδο για το Περιβάλλον στην Ευρώπη
@pprodromou: Η σύνοδος αποτελεί μια εξαιρετική ευκαιρία για να δεσμευτούμε για μια διεθνή και περιφερειακή συνεργασία για ένα καλύτερο κόσμο.
Περισσότερα 👉 https://t.co/0w0fFKy7Li
#nicosiaefe #efe2022 https://t.co/QK3PAUVFMn",συνεντευξη τυπου για την η υπουργικη συνοδο για το περιβαλλον στην ευρωπη pprodromou η συνοδοσ αποτελει μια εξαιρετικη ευκαιρια για να δεσμευτουμε για μια διεθνη και περιφερειακη συνεργασια για ενα καλυτερο κοσμο περισσοτερα nicosiaefe efe,1
RT @PIOcy: Χαιρετισμός του Προέδρου της Δημοκρατίας @AnastasiadesCY στην τελετή έναρξης των εργασιών της 9ης Υπουργικής Συνόδου #UNECE για…, piocy χαιρετισμοσ του προεδρου τησ δημοκρατιασ anastasiadescy στην τελετη εναρξησ των εργασιων τησ ησ υπουργικησ συνοδου unece για,1
RT @PIOcy: Δηλώσεις του Προέδρου της Δημοκρατίας για τη Σύνοδο της #UNECE για το #Περιβάλλον στην Ευρώπη και ενόψει της  Άτυπης Συνόδου Κορ…, piocy δηλωσεισ του προεδρου τησ δημοκρατιασ για τη συνοδο τησ unece για το περιβαλλον στην ευρωπη και ενοψει τησ ατυπησ συνοδου κορ,1
"RT @PIOcy: Χαιρετισμός του Υπουργού Γεωργίας, Αγροτικής Ανάπτυξης και Περιβάλλοντος κ. Κώστα Καδή στη συνέντευξη Τύπου για την 9η Υπουργική…", piocy χαιρετισμοσ του υπουργου γεωργιασ αγροτικησ αναπτυξησ και περιβαλλοντοσ κ κωστα καδη στη συνεντευξη τυπου για την η υπουργικη,1
RT @KJKoushos: Εξαιρετικά σημαντική η Σύνοδος @UNECE για το Περιβάλλον. Η πραγματοποίηση της στην Κύπρο καταδεικνύει την εμπιστοσύνη που λα…, kjkoushos εξαιρετικα σημαντικη η συνοδοσ unece για το περιβαλλον η πραγματοποιηση τησ στην κυπρο καταδεικνυει την εμπιστοσυνη που λα,1
Τα μικροφύκη υπόσχονται άφθονη υγιεινή τροφή και ζωοτροφές σε οποιοδήποτε περιβάλλον https://t.co/ZinNCDnuuW,τα μικροφυκη υποσχονται αφθονη υγιεινη τροφη και ζωοτροφεσ σε οποιοδηποτε περιβαλλον,1
Το παραπάνω ερώτημα θέτει με σημερινή της ανακοίνωση η «Ομάδα Περιβάλλον Καλαθά». https://t.co/1bzZVPlyL8,το παραπανω ερωτημα θετει με σημερινη τησ ανακοινωση η ομαδα περιβαλλον καλαθα,1
Κεραμέως: Εκπαίδευση και Περιβάλλον άρρηκτα συνδεδεμένες έννοιες - https://t.co/X3x51LS3SX https://t.co/g2e8jeFnNm,κεραμεωσ εκπαιδευση και περιβαλλον αρρηκτα συνδεδεμενεσ εννοιεσ,1
Ν. Κεραμέως: Άρρηκτα συνδεδεμένες έννοιες η Εκπαίδευση και το Περιβάλλον--https://t.co/JKAPddCgKT,ν κεραμεωσ αρρηκτα συνδεδεμενεσ εννοιεσ η εκπαιδευση και το περιβαλλον,1
«Open Village – Ανοιχτό Χωριό» Σαββατοκύριακο στον Άγιο Λαυρέντιο Πηλίου αφιερωμένο στο περιβάλλον https://t.co/V7VEMNR1c7 μέσω @mouzakinews.gr https://t.co/HfpSEfCTl9,open village ανοιχτο χωριο σαββατοκυριακο στον αγιο λαυρεντιο πηλιου αφιερωμενο στο περιβαλλον μεσω mouzakinewsgr,1
"Μηνάς Παπαδάκης (Οργανισμός Λιμένος Ηρακλείου): Η πράσινη μετάβαση γίνεται πράξη - Ρεπορτάζ και ειδήσεις για την Οικονομία, τις Επιχειρήσεις, το Χρηματιστήριο, την Πολιτική #mononewsGR https://t.co/WEqdiFcRfA",μηνασ παπαδακησ οργανισμοσ λιμενοσ ηρακλειου η πρασινη μεταβαση γινεται πραξη ρεπορταζ και ειδησεισ για την οικονομια τισ επιχειρησεισ το χρηματιστηριο την πολιτικη mononewsgr,1
Κικίλιας στη Le Monde: Ο βιώσιμος τουρισμός στο επίκεντρο της επόμενης καμπάνιας https://t.co/W3h2DZdhQR,κικιλιασ στη le monde ο βιωσιμοσ τουρισμοσ στο επικεντρο τησ επομενησ καμπανιασ,1
"Χρήστος Μεγάλου: Στοχεύουμε να αυξήσουμε τη βιώσιμη τραπεζική μας δραστηριότητα κατά περίπου €9 δισ. - Ρεπορτάζ και ειδήσεις για την Οικονομία, τις Επιχειρήσεις, το Χρηματιστήριο, την Πολιτική #mononewsGR https://t.co/RYILJhjrHC",χρηστοσ μεγαλου στοχευουμε να αυξησουμε τη βιωσιμη τραπεζικη μασ δραστηριοτητα κατα περιπου δισ ρεπορταζ και ειδησεισ για την οικονομια τισ επιχειρησεισ το χρηματιστηριο την πολιτικη mononewsgr,1
"Επένδυση - μαμούθ  10,2 δισ. ευρώ του τσεχικού ενεργειακού ομίλου EPH σε ανανεώσιμες πηγές ενέργειας στην Γερμανία https://t.co/ZGH2Mnh55H",επενδυση μαμουθ δισ ευρω του τσεχικου ενεργειακου ομιλου eph σε ανανεωσιμεσ πηγεσ ενεργειασ στην γερμανια,1
Χρ. Μεγάλου στο Bloomberg ESG Forum: Στοχεύουμε να αυξήσουμε τη βιώσιμη τραπεζική μας δραστηριότητα κατά περίπου €9 δισ. https://t.co/IoXRsPHiKO,χρ μεγαλου στο bloomberg esg forum στοχευουμε να αυξησουμε τη βιωσιμη τραπεζικη μασ δραστηριοτητα κατα περιπου δισ,1
Μεγάλου (Πειραιώς): Στόχος να αυξήσουμε τη βιώσιμη τραπεζική μας δραστηριότητα κατά περίπου 9 δισ. ευρώ την περίοδο 2022-2025 https://t.co/lWl9aObAeG,μεγαλου πειραιωσ στοχοσ να αυξησουμε τη βιωσιμη τραπεζικη μασ δραστηριοτητα κατα περιπου δισ ευρω την περιοδο,1
RT @LykavitosGr: Χρήστος Μεγάλου (Πειραιώς): Για την περίοδο 2022-2025 στοχεύουμε να αυξήσουμε τη βιώσιμη τραπεζική μας δραστηριότητα κατά…, lykavitosgr χρηστοσ μεγαλου πειραιωσ για την περιοδο στοχευουμε να αυξησουμε τη βιωσιμη τραπεζικη μασ δραστηριοτητα κατα,1
RT @LykavitosGr: Χρήστος Μεγάλου (Πειραιώς): Για την περίοδο 2022-2025 στοχεύουμε να αυξήσουμε τη βιώσιμη τραπεζική μας δραστηριότητα κατά…, lykavitosgr χρηστοσ μεγαλου πειραιωσ για την περιοδο στοχευουμε να αυξησουμε τη βιωσιμη τραπεζικη μασ δραστηριοτητα κατα,1
"«PLASTIC FREE GREECE»: Πραγματοποιήθηκε καθαρισμός παράκτια της Λίμνης Κερκίνης 
#Κερκίνη #περιβάλλον #λίμνη_Κερκίνη #Kerkini #Kerkini_lake #Serres
https://t.co/pA3xA209tt",plastic free greece πραγματοποιηθηκε καθαρισμοσ παρακτια τησ λιμνησ κερκινησ κερκινη περιβαλλον λιμνη_κερκινη kerkini kerkini_lake serres,1
RT @CostasKadis: Δεν υπήρχε καλύτερος τρόπος να κλείσει η Σύνοδος της ⁦@UNECE⁩ για το Περιβάλλον. Τα αποτελέσματα της Συνόδου εναρμονίζοντα…, costaskadis δεν υπηρχε καλυτεροσ τροποσ να κλεισει η συνοδοσ τησ unece για το περιβαλλον τα αποτελεσματα τησ συνοδου εναρμονιζοντα,1
"⏩ Παρέμβαση του Υπουργού Παιδείας @pprodromou για την εφαρμογή της Στρατηγικής για την Εκπαίδευση για την Αειφόρο Ανάπτυξη της #UNECE στην Κύπρο, στο πλαίσιο των εργασιών της 9ης Υπουργικής Συνόδου για το Περιβάλλον στην Ευρώπη 
👉 https://t.co/N3N8Yh6yiY

#nicosiaefe #efe2022 https://t.co/DgG8SOPlRz",παρεμβαση του υπουργου παιδειασ pprodromou για την εφαρμογη τησ στρατηγικησ για την εκπαιδευση για την αειφορο αναπτυξη τησ unece στην κυπρο στο πλαισιο των εργασιων τησ ησ υπουργικησ συνοδου για το περιβαλλον στην ευρωπη nicosiaefe efe,1
"Σεμινάριο με τίτλο «Διαχείριση περιβάλλοντος, κινδύνων και κρίσεων σε νησιωτικό περιβάλλον» πραγματοποιήθηκε στο Ηράκλειο με εισηγητή τον καθηγητή κ. Ευθύμη Λέκκα. https://t.co/4MkhQ8mRyy",σεμιναριο με τιτλο διαχειριση περιβαλλοντοσ κινδυνων και κρισεων σε νησιωτικο περιβαλλον πραγματοποιηθηκε στο ηρακλειο με εισηγητη τον καθηγητη κ ευθυμη λεκκα,1
Workspace Reservation: η Zoom καινοτομεί βελτιστοποιώντας το υβριδικό περιβάλλον εργασίας https://t.co/ZjaQfYuOgs https://t.co/SG9pbLXlgt,workspace reservation η zoom καινοτομει βελτιστοποιωντασ το υβριδικο περιβαλλον εργασιασ,1
"RT @cultureGR: 🇪🇺""Οι Πολιτιστικές Διαδρομές στη βιώσιμη ανάπτυξη της Ευρώπης και της Ελλάδας"", από την #ΥΠΠΟΑ Λίνα Μενδώνη, στο 11ο Ετήσιο…", culturegr οι πολιτιστικεσ διαδρομεσ στη βιωσιμη αναπτυξη τησ ευρωπησ και τησ ελλαδασ απο την υπποα λινα μενδωνη στο ο ετησιο,1
"Τι συμβαίνει με την Ιντρακόμ, η επιστροφή του Σπήλιου, ο Μεγάλου και η πράσινη Πειραιώς, ο Μπερσής και η νομική dream team και το hot κουΐζ με το απλό ROLEX - Ρεπορτάζ και ειδήσεις για την Οικονομία, τις Επιχειρήσεις, το Χρηματιστήριο, την Πολιτική ... https://t.co/tUpU0vZuUt",τι συμβαινει με την ιντρακομ η επιστροφη του σπηλιου ο μεγαλου και η πρασινη πειραιωσ ο μπερσησ και η νομικη dream team και το hot κουΐζ με το απλο rolex ρεπορταζ και ειδησεισ για την οικονομια τισ επιχειρησεισ το χρηματιστηριο την πολιτικη,1
Γκρίνια στο Κρεμλίνο για τον πόλεμο: Άτομο στο περιβάλλον του Πούτιν διαφώνησε μαζί του - https://t.co/1rZdE3RW5Q https://t.co/k1auMGju9A,γκρινια στο κρεμλινο για τον πολεμο ατομο στο περιβαλλον του πουτιν διαφωνησε μαζι του,1
«Βλαντιμίρ χάνουμε!» – Γκρίνια στο περιβάλλον του Πούτιν – Δικός του άνθρωπος διαφώνησε μαζί του για την Ουκρανία https://t.co/Yb9sYBDRX4,βλαντιμιρ χανουμε γκρινια στο περιβαλλον του πουτιν δικοσ του ανθρωποσ διαφωνησε μαζι του για την ουκρανια,1
"RT @Sylvestra_Jsc: Βλάκας είναι αυτός που έχει ένα χωράφι,το δίνει σε ένα Γερμανό,μετά ο ίδιος επιδοτεί τον Γερμανό.&amp; μετά ο βλάκας αγοράζε…", sylvestra_jsc βλακασ ειναι αυτοσ που εχει ενα χωραφιτο δινει σε ενα γερμανομετα ο ιδιοσ επιδοτει τον γερμανοamp μετα ο βλακασ αγοραζε,1
Διήμερο συνέδριο στο Μορφοβούνι για τον εναλλακτικό και βιώσιμο τουρισμό στη Θεσσαλία https://t.co/h8FkswtSB6,διημερο συνεδριο στο μορφοβουνι για τον εναλλακτικο και βιωσιμο τουρισμο στη θεσσαλια,1
«Εναλλακτικός και Βιώσιμος Τουρισμός στη Θεσσαλία»: Διήμερο Συνέδριο στο δήμο Πλαστήρα - LarissaPress https://t.co/yM8EzkRIbj,εναλλακτικοσ και βιωσιμοσ τουρισμοσ στη θεσσαλια διημερο συνεδριο στο δημο πλαστηρα larissapress,1
"ΕΥΑΘ: Πράττουμε για ένα βιώσιμο παρόν, σχεδιάζουμε ένα αειφόρο μέλλον https://t.co/woBdOQkRb4",ευαθ πραττουμε για ενα βιωσιμο παρον σχεδιαζουμε ενα αειφορο μελλον,1
Κοινότητα Λειβαδίου: Δραστηριότητες του Κέντρου Περιβαλλοντικής Εκπαίδευσης Δ.Θέρμης https://t.co/VbJ6DhHuEB #ΕΚΠΑΙΔΕΥΣΗ #ΛΙΒΑΔΙ #ΠΕΡΙΒΑΛΛΟΝ https://t.co/fuqXWtm1tT,κοινοτητα λειβαδιου δραστηριοτητεσ του κεντρου περιβαλλοντικησ εκπαιδευσησ δθερμησ εκπαιδευση λιβαδι περιβαλλον,1
Β. Κικίλιας: «Η επόμενη τουριστική καμπάνια θα επικεντρωθεί στον βιώσιμο τουρισμό» https://t.co/ubtGarL870,β κικιλιασ η επομενη τουριστικη καμπανια θα επικεντρωθει στον βιωσιμο τουρισμο,1
"Η απάτη των Ανανεώσιμων Πηγών Ενέργειας: Είναι πανάκριβες, πιο επβλαβείς για το περιβάλλον και όταν τις χρειάζεσαι, απλώς δεν τις έχεις https://t.co/mAoR5WxOuc",η απατη των ανανεωσιμων πηγων ενεργειασ ειναι πανακριβεσ πιο επβλαβεισ για το περιβαλλον και οταν τισ χρειαζεσαι απλωσ δεν τισ εχεισ,1
"Η απάτη των Ανανεώσιμων Πηγών Ενέργειας: Είναι πανάκριβες, πιο επβλαβείς για το περιβάλλον και όταν τις χρειάζεσαι, απλώς δεν τις έχεις https://t.co/3m5w3AIofN",η απατη των ανανεωσιμων πηγων ενεργειασ ειναι πανακριβεσ πιο επβλαβεισ για το περιβαλλον και οταν τισ χρειαζεσαι απλωσ δεν τισ εχεισ,1
"Η απάτη των Ανανεώσιμων Πηγών Ενέργειας: Είναι πανάκριβες, πιο επβλαβείς για το περιβάλλον και όταν τις χρειάζεσαι, απλώς δεν τις έχεις https://t.co/HHEAQTXFii",η απατη των ανανεωσιμων πηγων ενεργειασ ειναι πανακριβεσ πιο επβλαβεισ για το περιβαλλον και οταν τισ χρειαζεσαι απλωσ δεν τισ εχεισ,1
ΕΕ: Βάζει «πράσινη» ταμπέλα στην πυρηνική ενέργεια- Αντιδρά η Αυστρία https://t.co/84uDRfAmtZ,εε βαζει πρασινη ταμπελα στην πυρηνικη ενεργεια αντιδρα η αυστρια,1
Η ψυχική υγεία στο εργασιακό περιβάλλον: Η πανδημία και οι παράγοντες που χρειάζονται προσοχή https://t.co/Yr2Gl5LPQE,η ψυχικη υγεια στο εργασιακο περιβαλλον η πανδημια και οι παραγοντεσ που χρειαζονται προσοχη,1
Στην ευρωπαϊκή δικαιοσύνη η Αυστρία για την «πράσινη» πυρηνική ενέργεια - https://t.co/yLIE8NWW5Y https://t.co/Wyw82c6B4C,στην ευρωπαϊκη δικαιοσυνη η αυστρια για την πρασινη πυρηνικη ενεργεια,1
Στην ευρωπαϊκή δικαιοσύνη προσέφυγε  η Αυστρία για την «πράσινη» πυρηνική ενέργεια https://t.co/s6WVwjSPs0,στην ευρωπαϊκη δικαιοσυνη προσεφυγε η αυστρια για την πρασινη πυρηνικη ενεργεια,1
Η Αυστρία προσφεύγει στην ευρωπαϊκή δικαιοσύνη για την “πράσινη” ταμπέλα στην πυρηνική ενέργεια από την ΕΕ https://t.co/9H91DKQqYu,η αυστρια προσφευγει στην ευρωπαϊκη δικαιοσυνη για την πρασινη ταμπελα στην πυρηνικη ενεργεια απο την εε,1
Η Αυστρία προσφεύγει στην ευρωπαϊκή δικαιοσύνη για την «πράσινη» ταμπέλα στην πυρηνική ενέργεια - https://t.co/YaKPdgFwjj #businessnewsgr,η αυστρια προσφευγει στην ευρωπαϊκη δικαιοσυνη για την πρασινη ταμπελα στην πυρηνικη ενεργεια businessnewsgr,1
[Κλικ και διαβάστε στο Real News]«Πράσινη» ταμπέλα στην πυρηνική ενέργεια από την ΕΕ: Η  #Αυστρία προσφεύγει στην ευρωπαϊκή  #Δικαιοσύνη https://t.co/e1cmoWrpv3,κλικ και διαβαστε στο real newsπρασινη ταμπελα στην πυρηνικη ενεργεια απο την εε η αυστρια προσφευγει στην ευρωπαϊκη δικαιοσυνη,1
«Πράσινη» ταμπέλα στην πυρηνική ενέργεια από την ΕΕ: Αντιδρά η Αυστρία με προσφυγή στην ευρωπαϊκή https://t.co/J0fmasHKdq,πρασινη ταμπελα στην πυρηνικη ενεργεια απο την εε αντιδρα η αυστρια με προσφυγη στην ευρωπαϊκη,1
"Η απάτη των Ανανεώσιμων Πηγών Ενέργειας: Είναι πανάκριβες, πιο επβλαβείς για το περιβάλλον και όταν τις χρειάζεσαι, απλώς δεν τις έχεις https://t.co/70mxS72L42",η απατη των ανανεωσιμων πηγων ενεργειασ ειναι πανακριβεσ πιο επβλαβεισ για το περιβαλλον και οταν τισ χρειαζεσαι απλωσ δεν τισ εχεισ,1
Σκέρτσος: H στοχευμένη μείωση φόρων στο κεφάλαιο και την εργασία οδηγούν σε ένα πιο ελκυστικό επενδυτικό περιβάλλον https://t.co/dRDYQJ4Woh,σκερτσοσ h στοχευμενη μειωση φορων στο κεφαλαιο και την εργασια οδηγουν σε ενα πιο ελκυστικο επενδυτικο περιβαλλον,1
«Η επόμενη τουριστική καμπάνια θα επικεντρωθεί στον βιώσιμο τουρισμό» https://t.co/z2KswiI93a,η επομενη τουριστικη καμπανια θα επικεντρωθει στον βιωσιμο τουρισμο,1
"Είναι πανάκριβες, πιο επιβλαβείς για το περιβάλλον και όταν τις χρειαστείς, δεν σου προσφέρουν τίποτα 
https://t.co/pjEsRWu3o1",ειναι πανακριβεσ πιο επιβλαβεισ για το περιβαλλον και οταν τισ χρειαστεισ δεν σου προσφερουν τιποτα,1
"Η απάτη των Ανανεώσιμων Πηγών Ενέργειας: Είναι πανάκριβες, πιο επβλαβείς για το περιβάλλον και όταν τις χρειάζεσαι, απλώς δεν τις έχεις https://t.co/0kqyloypGK",η απατη των ανανεωσιμων πηγων ενεργειασ ειναι πανακριβεσ πιο επβλαβεισ για το περιβαλλον και οταν τισ χρειαζεσαι απλωσ δεν τισ εχεισ,1
"Η απάτη των Ανανεώσιμων Πηγών Ενέργειας: Είναι πανάκριβες, πιο επιβλαβείς για το περιβάλλον και όταν τις χρειάζεσαι, απλώς δεν τις έχεις https://t.co/gHfD39jl4c",η απατη των ανανεωσιμων πηγων ενεργειασ ειναι πανακριβεσ πιο επιβλαβεισ για το περιβαλλον και οταν τισ χρειαζεσαι απλωσ δεν τισ εχεισ,1
"«Δεν έχουν ζητηθεί οι απόψεις της Περιβαλλοντικής Αρχής για το εν λόγω εστιατόριο, και δεν υπήρξε οποιαδήποτε ενημέρωση μας πριν την ολοκλήρωση των υπό αναφορά επεμβάσεων»

#Άγιος_Γεώργιος_Αλαμάνου #Περιβάλλον #Κύπρος

https://t.co/wCYlWZLay8",δεν εχουν ζητηθει οι αποψεισ τησ περιβαλλοντικησ αρχησ για το εν λογω εστιατοριο και δεν υπηρξε οποιαδηποτε ενημερωση μασ πριν την ολοκληρωση των υπο αναφορα επεμβασεων αγιοσ_γεωργιοσ_αλαμανου περιβαλλον κυπροσ,1
Εκπαιδευτικές δραστηριότητες για το περιβάλλον σε 6 ακριτικά νησιά από το ίδρυμα Χατζηγάκη https://t.co/XQLUArmQaz,εκπαιδευτικεσ δραστηριοτητεσ για το περιβαλλον σε ακριτικα νησια απο το ιδρυμα χατζηγακη,1
Εκπαιδευτικές δραστηριότητες για το περιβάλλον σε 6 ακριτικά νησιά από το ίδρυμα Χατζηγάκη https://t.co/8YLNEEI9cv,εκπαιδευτικεσ δραστηριοτητεσ για το περιβαλλον σε ακριτικα νησια απο το ιδρυμα χατζηγακη,1
Καυσόξυλα: Οι κίνδυνοι για την υγεία και το περιβάλλον https://t.co/x3uatKqaAK,καυσοξυλα οι κινδυνοι για την υγεια και το περιβαλλον,1
"Δέκα Τσέρνομπιλ ή 3.000 Χιροσίμα, εάν κτυπηθεί η Ζαπορίζια: Τρομακτική ήδη ζημιά από την εισβολή, λέει στον «Π» ο Ουκρανός υπουργός για το Περιβάλλον

#Ουκρανία #Ρωσία

https://t.co/zBMesZEqcq",δεκα τσερνομπιλ η χιροσιμα εαν κτυπηθει η ζαποριζια τρομακτικη ηδη ζημια απο την εισβολη λεει στον π ο ουκρανοσ υπουργοσ για το περιβαλλον ουκρανια ρωσια,1
Διεθνές συνέδριο για την πράσινη εκτυπωμένη ενέργεια και τα αγροβολταϊκά https://t.co/Ut0rJpT9SM,διεθνεσ συνεδριο για την πρασινη εκτυπωμενη ενεργεια και τα αγροβολταϊκα,1
"Το περιβάλλον #Πούτιν πιέζει για αντίποινα
https://t.co/3bvw7HsdVR",το περιβαλλον πουτιν πιεζει για αντιποινα,1
"Η απάτη των Ανανεώσιμων Πηγών Ενέργειας: Είναι πανάκριβες, πιο επιβλαβείς για το περιβάλλον και όταν τις χρειάζεσαι, απλώς δεν τις έχεις https://t.co/38qmz4H9bs",η απατη των ανανεωσιμων πηγων ενεργειασ ειναι πανακριβεσ πιο επιβλαβεισ για το περιβαλλον και οταν τισ χρειαζεσαι απλωσ δεν τισ εχεισ,1
"Αυστρία: Προσφυγή κατά της απόφασης της ΕΕ να χαρακτηρίσει «πράσινη» την πυρηνική ενέργεια | Ρεπορτάζ και ειδήσεις για την Οικονομία, τις Επιχειρήσεις, το Χρηματιστήριο, την Πολιτική https://t.co/wLEEOZNsBI",αυστρια προσφυγη κατα τησ αποφασησ τησ εε να χαρακτηρισει πρασινη την πυρηνικη ενεργεια ρεπορταζ και ειδησεισ για την οικονομια τισ επιχειρησεισ το χρηματιστηριο την πολιτικη,1
Αυτοί είναι οι κίνδυνοι για την υγεία και το περιβάλλον από την καύση ξύλων https://t.co/XXkY5jkWci,αυτοι ειναι οι κινδυνοι για την υγεια και το περιβαλλον απο την καυση ξυλων,1
Κέρκυρα – Σπ. Κροκίδης: Η Ελλάδα στην πράσινη ενέργεια. (Βίντεο) https://t.co/MvUkxDdKRZ,κερκυρα σπ κροκιδησ η ελλαδα στην πρασινη ενεργεια βιντεο,1
"#Κλιματική_αλλαγή
Ολόκληρες περιοχές δεν θα είναι πλέον κατοικήσιμες τις επόμενες δεκαετίες 

https://t.co/8nqWlfFdgz https://t.co/DlG9wxsSGr",κλιματικη_αλλαγη ολοκληρεσ περιοχεσ δεν θα ειναι πλεον κατοικησιμεσ τισ επομενεσ δεκαετιεσ,1
ΑΔΗΜΕ: Η Ελλάδα ηλεκτροδοτήθηκε αποκλειστικά με «πράσινη» ενέργεια για πρώτη φορά στην ιστορία https://t.co/mcGCyV48LP,αδημε η ελλαδα ηλεκτροδοτηθηκε αποκλειστικα με πρασινη ενεργεια για πρωτη φορα στην ιστορια,1
Με πράσινη ενέργεια αποκλειστικά ηλεκτροδοτήθηκε η Ελλάδα για πρώτη φορά https://t.co/JGtsfXAbbw,με πρασινη ενεργεια αποκλειστικα ηλεκτροδοτηθηκε η ελλαδα για πρωτη φορα,1
Περιφέρειες και βιώσιμη ανάπτυξη: Τι ... δεν έχει πετύχει η Κρήτη https://t.co/tCcrc9U6Xo,περιφερειεσ και βιωσιμη αναπτυξη τι δεν εχει πετυχει η κρητη,1
Τα Ελληνικά Πανεπιστήμια Φάροι Αειφορίας:  Διεθνής παρουσίαση της Χάρτας Αειφορίας των Ελληνικών Πανεπιστημίων στην 9η Διάσκεψη για το Περιβάλλον,τα ελληνικα πανεπιστημια φαροι αειφοριασ διεθνησ παρουσιαση τησ χαρτασ αειφοριασ των ελληνικων πανεπιστημιων στην η διασκεψη για το περιβαλλον,1
Workspace Reservation: Η Zoom καινοτομεί βελτιστοποιώντας το υβριδικό περιβάλλον εργασίας https://t.co/SyUrHcjWd7,workspace reservation η zoom καινοτομει βελτιστοποιωντασ το υβριδικο περιβαλλον εργασιασ,1
ΕΟΤ - Κυκλάδες: Οι βρετανοί γνωρίζουν τα νησιά που επενδύουν στον βιώσιμο τουρισμό https://t.co/WcrEydB541,εοτ κυκλαδεσ οι βρετανοι γνωριζουν τα νησια που επενδυουν στον βιωσιμο τουρισμο,1
ΑΠΕ: Για πρώτη φορά η Ελλάδα ηλεκτροδοτήθηκε κατά 100% από «πράσινη» ενέργεια #Δημοκρατική #Ρόδος #Δωδεκάνησα https://t.co/geRwm0xuLj,απε για πρωτη φορα η ελλαδα ηλεκτροδοτηθηκε κατα απο πρασινη ενεργεια δημοκρατικη ροδοσ δωδεκανησα,1
Χτίζοντας ένα βιώσιμο τουριστικό θέρετρο στη χώρα με το χαμηλότερο υψόμετρο στον κόσμο https://t.co/M72cxhPYKI,χτιζοντασ ενα βιωσιμο τουριστικο θερετρο στη χωρα με το χαμηλοτερο υψομετρο στον κοσμο,1
Η JTIστο 4ο Diversityin Business Conference. LiliZigoslu: «Το βιώσιμο μέλλον ξεκινά από τον δικό μας χώρο εργασίας» https://t.co/0yz7maUnNF,η jtiστο ο diversityin business conference lilizigoslu το βιωσιμο μελλον ξεκινα απο τον δικο μασ χωρο εργασιασ,1
Η JTIστο 4ο Diversityin Business Conference. LiliZigoslu: «Το βιώσιμο μέλλον ξεκινά από τον δικό μας χώρο εργασίας» https://t.co/0yz7mbbqPF,η jtiστο ο diversityin business conference lilizigoslu το βιωσιμο μελλον ξεκινα απο τον δικο μασ χωρο εργασιασ,1
"Η αναθεώρηση της Ιστορίας καλά κρατεί. Ιδιαίτερα όταν βρίσκει ευνοϊκό πολιτικό περιβάλλον που την ενθαρρύνει και την υποθάλπτει. 

✏️Γράφει η Βασιλική Λάζου  https://t.co/LGGcNpcrnc",η αναθεωρηση τησ ιστοριασ καλα κρατει ιδιαιτερα οταν βρισκει ευνοϊκο πολιτικο περιβαλλον που την ενθαρρυνει και την υποθαλπτει γραφει η βασιλικη λαζου,1
"Η Grant Thornton στο πλαίσιο της μεθοδικής και συστηματικής υλοποίησης μιας σειράς δράσεων και πρωτοβουλιών που διασφαλίζουν την ισότητα και την ασφάλεια στο εργασιακό περιβάλλον, υπέγραψε τη Χάρτα Διαφορετικότητας για τις ελληνικές επιχειρήσεις",η grant thornton στο πλαισιο τησ μεθοδικησ και συστηματικησ υλοποιησησ μιασ σειρασ δρασεων και πρωτοβουλιων που διασφαλιζουν την ισοτητα και την ασφαλεια στο εργασιακο περιβαλλον υπεγραψε τη χαρτα διαφορετικοτητασ για τισ ελληνικεσ επιχειρησεισ,1
Για πρώτη φορά η Ελλάδα ηλεκτροδοτήθηκε κατά 100% από «πράσινη» ενέργεια https://t.co/6ZRIJ8shWt,για πρωτη φορα η ελλαδα ηλεκτροδοτηθηκε κατα απο πρασινη ενεργεια,1
"Για πρώτη φορά στην ιστορία του ελληνικού ηλεκτρικού συστήματος, την περασμένη Παρασκευή 7 Οκτωβρίου από τις 11 το πρωί ως τις 4 το μεσημέρι η ζήτηση καλύφθηκε κατά 100% από ανανεώσιμες πηγές ενέργειας. #mononewsGR https://t.co/l7r5kdicbt",για πρωτη φορα στην ιστορια του ελληνικου ηλεκτρικου συστηματοσ την περασμενη παρασκευη οκτωβριου απο τισ το πρωι ωσ τισ το μεσημερι η ζητηση καλυφθηκε κατα απο ανανεωσιμεσ πηγεσ ενεργειασ mononewsgr,1
[Κλικ και διαβάστε στο cnn]ΑΔΜΗΕ: Νέο ιστορικό υψηλό για την  #Παράγωγή ηλεκτρικής ενέργειας από Ανανεώσιμες Πηγές Ενέργειας https://t.co/IjTxukIuyx,κλικ και διαβαστε στο cnnαδμηε νεο ιστορικο υψηλο για την παραγωγη ηλεκτρικησ ενεργειασ απο ανανεωσιμεσ πηγεσ ενεργειασ,1
Μητσοτάκης για Ανανεώσιμες Πηγές Ενέργειας: Η Ελλάδα αναδύεται ταχέως ως ένας πρωταγωνιστής https://t.co/BrJoPGdlC9,μητσοτακησ για ανανεωσιμεσ πηγεσ ενεργειασ η ελλαδα αναδυεται ταχεωσ ωσ ενασ πρωταγωνιστησ,1
Μητσοτάκης για Ανανεώσιμες Πηγές Ενέργειας: Η Ελλάδα αναδύεται ταχέως ως ένας πρωταγωνιστής - https://t.co/HyUGCNcMhX,μητσοτακησ για ανανεωσιμεσ πηγεσ ενεργειασ η ελλαδα αναδυεται ταχεωσ ωσ ενασ πρωταγωνιστησ,1
Χάρης Δούκας στο Ράδιο ΕΝΑ: «Να μην μπούμε το «παιχνίδι» του LNG- Στόχος η «πράσινη» ηλεκτρική ενέργεια https://t.co/NkALKP3O5D,χαρησ δουκασ στο ραδιο ενα να μην μπουμε το παιχνιδι του lng στοχοσ η πρασινη ηλεκτρικη ενεργεια,1
RT @LykavitosGr: Μητσοτάκης: Η Ελλάδα αναδύεται ταχέως σε πρωταγωνίστρια στις Ανανεώσιμες Πηγές Ενέργειας   #Μητσοτάκης https://t.co/AhTCJg…, lykavitosgr μητσοτακησ η ελλαδα αναδυεται ταχεωσ σε πρωταγωνιστρια στισ ανανεωσιμεσ πηγεσ ενεργειασ μητσοτακησ,1
RT @LykavitosGr: Μητσοτάκης: Η Ελλάδα αναδύεται ταχέως σε πρωταγωνίστρια στις Ανανεώσιμες Πηγές Ενέργειας   #Μητσοτάκης https://t.co/AhTCJg…, lykavitosgr μητσοτακησ η ελλαδα αναδυεται ταχεωσ σε πρωταγωνιστρια στισ ανανεωσιμεσ πηγεσ ενεργειασ μητσοτακησ,1
Κ.Μητσοτάκης: «Πρέπει να κινηθούμε ταχύτερα για περισσότερες Ανανεώσιμες Πηγές Ενέργειας» https://t.co/x6s6Z5ktYO,κμητσοτακησ πρεπει να κινηθουμε ταχυτερα για περισσοτερεσ ανανεωσιμεσ πηγεσ ενεργειασ,1
Η Ελλάδα πρωταγωνιστής στις Ανανεώσιμες Πηγές Ενέργειας – Η ανάρτηση Μητσοτάκη https://t.co/i8UQX1wDpO,η ελλαδα πρωταγωνιστησ στισ ανανεωσιμεσ πηγεσ ενεργειασ η αναρτηση μητσοτακη,1
CREaTE: Ένα Βιώσιμο Μέλλον για τον Τουρισμό - Τι θα συζητηθεί στο Forum που θα πραγματοποιηθεί στα Χανιά - https://t.co/OEaHgCwvBx https://t.co/qAy60SPr2h,create ενα βιωσιμο μελλον για τον τουρισμο τι θα συζητηθει στο forum που θα πραγματοποιηθει στα χανια,1
Ο Σ.Φάμελλος στη Γενική Συνέλευση της ΠΕΔΔΥ - https://t.co/wltTseLNnN #ΠΕΔΔΥ #περιβάλλον #Σ.Φάμελλος #ΣΥΡΙΖΑ,ο σφαμελλοσ στη γενικη συνελευση τησ πεδδυ πεδδυ περιβαλλον σφαμελλοσ συριζα,1
Reuters : Οι ελληνικές ανανεώσιμες πηγές ενέργειας κάλυψαν πλήρως (για ώρες ) τη ζήτηση ηλεκτρικής ενέργειας για πρώτη φορά. Σημαντική αύξηση των εναλλακτικών πηγών ενέργειας https://t.co/L4S6qLSqWe,reuters οι ελληνικεσ ανανεωσιμεσ πηγεσ ενεργειασ καλυψαν πληρωσ για ωρεσ τη ζητηση ηλεκτρικησ ενεργειασ για πρωτη φορα σημαντικη αυξηση των εναλλακτικων πηγων ενεργειασ,1
RT @Moneypressgr: ΑΠΕ: Για πρώτη φορά η Ελλάδα ηλεκτροδοτήθηκε κατά 100% από «πράσινη» ενέργεια  #moneypress https://t.co/aaT4fxs2u6, moneypressgr απε για πρωτη φορα η ελλαδα ηλεκτροδοτηθηκε κατα απο πρασινη ενεργεια moneypress,1
ΑΠΕ: Για πρώτη φορά η Ελλάδα ηλεκτροδοτήθηκε κατά 100% από «πράσινη» ενέργεια  #moneypress https://t.co/aaT4fxs2u6,απε για πρωτη φορα η ελλαδα ηλεκτροδοτηθηκε κατα απο πρασινη ενεργεια moneypress,1
"Το Forum «CREaTE: Ένα Βιώσιμο Μέλλον για τον Τουρισμό», διοργανώνουν την Παρασκευή 14 Οκτωβρίου 2022 στα Χανιά στο  Θέατρο «Μίκης Θεοδωράκης» ο Δήμος Χανίων και η Bespoke Communications, με την υποστήριξη του ΕΟΤ. https://t.co/jQMSxvbud6",το forum create ενα βιωσιμο μελλον για τον τουρισμο διοργανωνουν την παρασκευη οκτωβριου στα χανια στο θεατρο μικησ θεοδωρακησ ο δημοσ χανιων και η bespoke communications με την υποστηριξη του εοτ,1
"Καραμανλής: Ο Πειραιάς γίνεται μία πόλη πιο ανθρώπινη, με ένα μέσο  βιώσιμο – Τέλος του 2023 το μετρό της Θεσσαλονίκης https://t.co/FIwwihBVMC",καραμανλησ ο πειραιασ γινεται μια πολη πιο ανθρωπινη με ενα μεσο βιωσιμο τελοσ του το μετρο τησ θεσσαλονικησ,1
"Ελλάδα: Για πρώτη φορά 5ώρη ηλεκτροδότηση κατά 100% από ""πράσινη"" ενέργεια https://t.co/9XjMd7IlNK",ελλαδα για πρωτη φορα ωρη ηλεκτροδοτηση κατα απο πρασινη ενεργεια,1
"#Κροατία- Αιμ. Περδικάρης: Το ΑΠΕ-ΜΠΕ στη μάχη για βιώσιμη ανάπτυξη

https://t.co/giknES9Xp1 https://t.co/YUFOKhno97",κροατια αιμ περδικαρησ το απεμπε στη μαχη για βιωσιμη αναπτυξη,1
Μητσοτάκης: Η Ελλάδα αναδεικνύεται σε ηγετική δύναμη στις Ανανεώσιμες Πηγές Ενέργειας--https://t.co/0vaZQjMSO4,μητσοτακησ η ελλαδα αναδεικνυεται σε ηγετικη δυναμη στισ ανανεωσιμεσ πηγεσ ενεργειασ,1
Κολωνός: Ποινική δίωξη και για trafficking στον 53χρονο – Έρευνα στο περιβάλλον της 12χρονης https://t.co/IBC6l2kkid,κολωνοσ ποινικη διωξη και για trafficking στον χρονο ερευνα στο περιβαλλον τησ χρονησ,1
"Η δημοσιονομική πολιτική θα πρέπει να εστιάσει στην προστασία των ευάλωτων ομάδων με στοχευμένα και προσωρινά μέτρα και να βοηθά με επενδύσεις στην πράσινη ενέργεια και την ψηφιακή οικονομία, λέει το το Διεθνές Νομισματικό Ταμείο
 https://t.co/hzTmgISdIV",η δημοσιονομικη πολιτικη θα πρεπει να εστιασει στην προστασια των ευαλωτων ομαδων με στοχευμενα και προσωρινα μετρα και να βοηθα με επενδυσεισ στην πρασινη ενεργεια και την ψηφιακη οικονομια λεει το το διεθνεσ νομισματικο ταμειο,1
Μητσοτάκης: Η Ελλάδα αναδύεται ταχέως σε πρωταγωνίστρια στις Ανανεώσιμες Πηγές Ενέργειας https://t.co/MgUK8QAd97 #Pagidevmenoi #Sasmos #gntmgr #kaneotikoimasai #GiTisElias,μητσοτακησ η ελλαδα αναδυεται ταχεωσ σε πρωταγωνιστρια στισ ανανεωσιμεσ πηγεσ ενεργειασ pagidevmenoi sasmos gntmgr kaneotikoimasai gitiselias,1
"Οι γονείς της Καρολάιν θέλουν να της εξασφαλίσουν ένα ασφαλές περιβάλλον
#alphanewslive #greece
 https://t.co/itPoh00Jmw",οι γονεισ τησ καρολαιν θελουν να τησ εξασφαλισουν ενα ασφαλεσ περιβαλλον alphanewslive greece,1
Ψάχνουν στο περιβάλλον της 12χρονης αν κάποιος γνώριζε εδώ και μήνες τι συνέβαινε! https://t.co/ZRGBYr7CJG,ψαχνουν στο περιβαλλον τησ χρονησ αν καποιοσ γνωριζε εδω και μηνεσ τι συνεβαινε,1
@J_Spiliopoulos @H_TSOYXTRA @mairikarag Εννοειται πως οι γονεις μπηκαν φυλακη τωρα για ποσο καιρο δε γνωριζω παντως το παιδι μεταφερθηκε σε ασφαλες περιβαλλον,j_spiliopoulos h_tsoyxtra mairikarag εννοειται πωσ οι γονεισ μπηκαν φυλακη τωρα για ποσο καιρο δε γνωριζω παντωσ το παιδι μεταφερθηκε σε ασφαλεσ περιβαλλον,1
Πρόσωπο από το πολύ κοντινό περιβάλλον της 12χρονης θα κατονομάσει ο 53χρονος μαστροπός https://t.co/QP08KluED9,προσωπο απο το πολυ κοντινο περιβαλλον τησ χρονησ θα κατονομασει ο χρονοσ μαστροποσ,1
Βρετανία: Πλαφόν στα έσοδα των παραγωγών ενέργειας από ανανεώσιμες πηγές https://t.co/KrovgWGhLN #businessnewsgr,βρετανια πλαφον στα εσοδα των παραγωγων ενεργειασ απο ανανεωσιμεσ πηγεσ businessnewsgr,1
Βιασμός 12χρονης στα Σεπόλια:Έρχεται νέα σύλληψη αυτή τη φορά από το οικογενειακό περιβάλλον του 53χρονου.Τα νέα στοιχεία. https://t.co/U3OrgdMmH4 https://t.co/gO4SGon8dY,βιασμοσ χρονησ στα σεπολιαερχεται νεα συλληψη αυτη τη φορα απο το οικογενειακο περιβαλλον του χρονουτα νεα στοιχεια,1
[Κλικ και διαβάστε στο NewsBeast] #Κολωνός: «Έρχεται κι άλλη  #Συλλήψη που δεν βρίσκεται στο περιβάλλον της 12χρονης» https://t.co/1FsPIxQ1m7,κλικ και διαβαστε στο newsbeast κολωνοσ ερχεται κι αλλη συλληψη που δεν βρισκεται στο περιβαλλον τησ χρονησ,1
[Κλικ και διαβάστε στο NewsBeast] #Κολωνός: «Έρχεται κι άλλη  #Συλλήψη που δεν βρίσκεται στο περιβάλλον της 12χρονης» https://t.co/1FsPIy74o7,κλικ και διαβαστε στο newsbeast κολωνοσ ερχεται κι αλλη συλληψη που δεν βρισκεται στο περιβαλλον τησ χρονησ,1
Νέο ένταλμα σύλληψης από το περιβάλλον του 53χρονου Ηλία Μίχου - Είχε καταβάλει χρήματα στη https://t.co/4nuSgplmd5,νεο ενταλμα συλληψησ απο το περιβαλλον του χρονου ηλια μιχου ειχε καταβαλει χρηματα στη,1
Συνέδριο με θέμα «Εναλλακτικός και Βιώσιμος Τουρισμός στη Θεσσαλία» https://t.co/ulSheYkE9H,συνεδριο με θεμα εναλλακτικοσ και βιωσιμοσ τουρισμοσ στη θεσσαλια,1
"Κολωνός: Πληροφορίες για σύλληψη ατόμου από το περιβάλλον της 12χρονης (VIDEO) - https://t.co/eiOPQNARjS https://t.co/aXZW3Dg6OM 
#Κολωνός #12χρονη",κολωνοσ πληροφοριεσ για συλληψη ατομου απο το περιβαλλον τησ χρονησ video κολωνοσ χρονη,1
Δ.Ε.Ε.Π. Μαγνησίας: Να κινηθούμε ταχύτερα για περισσότερες Ανανεώσιμες Πηγές Ενέργειας https://t.co/3hx6qTdfNU,δεεπ μαγνησιασ να κινηθουμε ταχυτερα για περισσοτερεσ ανανεωσιμεσ πηγεσ ενεργειασ,1
"Παιχνίδια για όλα τα Νηπιαγωγεία του Δήμου Χανίων – «Δίνουμε χρώμα, χαρά και ασφαλές περιβάλλον για τα παιδιά» https://t.co/37QLObWcJN",παιχνιδια για ολα τα νηπιαγωγεια του δημου χανιων δινουμε χρωμα χαρα και ασφαλεσ περιβαλλον για τα παιδια,1
Σεπόλια: Πληροφορίες για σύλληψη από το περιβάλλον της 12χρονης https://t.co/jLdzPmYk9i,σεπολια πληροφοριεσ για συλληψη απο το περιβαλλον τησ χρονησ,1
"Έκδοση εντάλματος σύλληψης αναμένεται τα επόμενα λεπτά, σύμφωνα με πληροφορίες του MEGA, για άτομο από το περιβάλλον της 12χρονης
#Sepolia 
https://t.co/BzLZLrMgaD",εκδοση ενταλματοσ συλληψησ αναμενεται τα επομενα λεπτα συμφωνα με πληροφοριεσ του mega για ατομο απο το περιβαλλον τησ χρονησ sepolia,1
Πληροφορίες για σύλληψη από το περιβάλλον της 12χρονης https://t.co/lu7dQozmC8,πληροφοριεσ για συλληψη απο το περιβαλλον τησ χρονησ,1
Σε χειμερινό σχολείο για τον βιώσιμο τουρισμό φοιτητές του Πανεπιστημίου Θεσσαλίας https://t.co/b4yhLtx6QG,σε χειμερινο σχολειο για τον βιωσιμο τουρισμο φοιτητεσ του πανεπιστημιου θεσσαλιασ,1
ΕΟΤ:  Οι βρετανοί απέκτησαν πλατφόρμα για τον βιώσιμο τουρισμό στην Ελλάδα https://t.co/WvJGI4O5F5,εοτ οι βρετανοι απεκτησαν πλατφορμα για τον βιωσιμο τουρισμο στην ελλαδα,1
ΕΟΤ: Οι βρετανοί απέκτησαν πλατφόρμα για τον βιώσιμο τουρισμό στην Ελλάδα https://t.co/bwPQjKxhYk,εοτ οι βρετανοι απεκτησαν πλατφορμα για τον βιωσιμο τουρισμο στην ελλαδα,1
ΕΟΤ: Παρουσίαση στην βρετανική αγορά πλατφόρμας για τον βιώσιμο τουρισμό στην Ελλάδα https://t.co/gYMSyFhgWY,εοτ παρουσιαση στην βρετανικη αγορα πλατφορμασ για τον βιωσιμο τουρισμο στην ελλαδα,1
Θεσσαλονίκη: 59χρονος μόλυνε το περιβάλλον με διαλυτήριο οχημάτων που δεν πληρούσε τις προδιαγραφές https://t.co/5bv3XOiVia,θεσσαλονικη χρονοσ μολυνε το περιβαλλον με διαλυτηριο οχηματων που δεν πληρουσε τισ προδιαγραφεσ,1
"Έρχονται πέντε εντάλματα σύλληψης, «μέσα» πρόσωπο από το στενό περιβάλλον του Μίχου https://t.co/wZANJl7puB",ερχονται πεντε ενταλματα συλληψησ μεσα προσωπο απο το στενο περιβαλλον του μιχου,1
RT @TheOpinion_News: Καλοχώρι: Είχε παράνομη μάντρα αυτοκινήτων – Αποθήκευαν επίκινδυνα υλικά για το περιβάλλον (ΦΩΤΟ) https://t.co/ql3eo1h…, theopinion_news καλοχωρι ειχε παρανομη μαντρα αυτοκινητων αποθηκευαν επικινδυνα υλικα για το περιβαλλον φωτο,1
"Κολωνός: Συνελήφθη ο πατέρας της 12χρονης για ναρκωτικά – Πιθανή και σύλληψη από το περιβάλλον του 53χρονου

https://t.co/Uvw1Y8zS27",κολωνοσ συνεληφθη ο πατερασ τησ χρονησ για ναρκωτικα πιθανη και συλληψη απο το περιβαλλον του χρονου,1
«Τουρισμός και Αειφορία στις Παράκτιες Περιοχές της Ευρώπης» https://t.co/nWN0nHcTVA,τουρισμοσ και αειφορια στισ παρακτιεσ περιοχεσ τησ ευρωπησ,1
"RT @LykavitosGr: Οι ανανεώσιμες πηγές και το μέλλον της χώρας, η στόχευση της Κυβέρνησης σε αγρότες και συνταξιούχους, ο φόβος για μια πυρη…", lykavitosgr οι ανανεωσιμεσ πηγεσ και το μελλον τησ χωρασ η στοχευση τησ κυβερνησησ σε αγροτεσ και συνταξιουχουσ ο φοβοσ για μια πυρη,1
"RT @LykavitosGr: Οι ανανεώσιμες πηγές και το μέλλον της χώρας, η στόχευση της Κυβέρνησης σε αγρότες και συνταξιούχους, ο φόβος για μια πυρη…", lykavitosgr οι ανανεωσιμεσ πηγεσ και το μελλον τησ χωρασ η στοχευση τησ κυβερνησησ σε αγροτεσ και συνταξιουχουσ ο φοβοσ για μια πυρη,1
"➡️ Εμείς τι κάνουμε για το περιβάλλον;

⏩ Από τα παραπολιτικά της «Σημερινής»

https://t.co/PJYajbqVMY",εμεισ τι κανουμε για το περιβαλλον απο τα παραπολιτικα τησ σημερινησ,1
"Περαιτέρω πτώση του ΣΠΟΔ τον Σεπτέμβριο σε ένα περιβάλλον υψηλής αβεβαιότητας, ειδικότερα στην Ευρώπη https://t.co/ZiLg3mEiIe",περαιτερω πτωση του σποδ τον σεπτεμβριο σε ενα περιβαλλον υψηλησ αβεβαιοτητασ ειδικοτερα στην ευρωπη,1
Χαρίτσης: Η κυβέρνηση εξυπηρετεί συγκεκριμένα συμφέροντα και όχι τη βιώσιμη ανάπτυξη της βιομηχανίας https://t.co/jnwLDVOK9D #businessnewsgr,χαριτσησ η κυβερνηση εξυπηρετει συγκεκριμενα συμφεροντα και οχι τη βιωσιμη αναπτυξη τησ βιομηχανιασ businessnewsgr,1
Δήμος Ξάνθης: Εκδήλωση ενημέρωσης για το Περιβάλλον και τη Φιλοζωία στην κεντρική πλατεία https://t.co/JrDJeq9lga,δημοσ ξανθησ εκδηλωση ενημερωσησ για το περιβαλλον και τη φιλοζωια στην κεντρικη πλατεια,1
ναγκαία η στήριξη των νησιωτικών περιοχών στην ευρωπαϊκή στρατηγική για το βιώσιμο τουρισμό στην ΕΕ και τη Μεσόγειο https://t.co/TWP9zDWivy,ναγκαια η στηριξη των νησιωτικων περιοχων στην ευρωπαϊκη στρατηγικη για το βιωσιμο τουρισμο στην εε και τη μεσογειο,1
Ελεονώρα Μελέτη: Μου έχει συμβεί σε επαγγελματικό περιβάλλον να κατουριέμαι από τον φόβο μου https://t.co/SwE6rqz5i3,ελεονωρα μελετη μου εχει συμβει σε επαγγελματικο περιβαλλον να κατουριεμαι απο τον φοβο μου,1
EOT: Παρουσίαση στη βρετανική αγορά πλατφόρμας για τον βιώσιμο τουρισμό στην Ελλάδα - https://t.co/b4ZChCca8a https://t.co/vZigmOQ6QU,eot παρουσιαση στη βρετανικη αγορα πλατφορμασ για τον βιωσιμο τουρισμο στην ελλαδα,1
Μελέτη: «Μου έχει συμβεί σε επαγγελματικό περιβάλλον να κατουρ@@μ@@ από τον φόβο μου» https://t.co/GGkAOluEqy,μελετη μου εχει συμβει σε επαγγελματικο περιβαλλον να κατουρμ απο τον φοβο μου,1
Έ. Κουντουρά: Αναγκαία η στήριξη των νησιωτικών περιοχών στην ευρωπαϊκή στρατηγική για το βιώσιμο τουρισμό στην ΕΕ και τη Μεσόγειο. https://t.co/K3WInNKns8,ε κουντουρα αναγκαια η στηριξη των νησιωτικων περιοχων στην ευρωπαϊκη στρατηγικη για το βιωσιμο τουρισμο στην εε και τη μεσογειο,1
RT @PIOcy: Ομιλία του Προέδρου της Δημοκρατίας κ. Νίκου Αναστασιάδη στη Διάσκεψη Τύπου για την Πρωτοβουλία της Κυπριακής Δημοκρατίας για τη…, piocy ομιλια του προεδρου τησ δημοκρατιασ κ νικου αναστασιαδη στη διασκεψη τυπου για την πρωτοβουλια τησ κυπριακησ δημοκρατιασ για τη,1
Διαχείριση λυμάτων και κυκλική οικονομία https://t.co/qHzKV3px72,διαχειριση λυματων και κυκλικη οικονομια,1
Σταϊκούρας: Η Ελλάδα έχει χτίσει ισχυρές γραμμές άμυνας απέναντι σε ένα δυσμενές διεθνές περιβάλλον https://t.co/kRI2rGghHa,σταϊκουρασ η ελλαδα εχει χτισει ισχυρεσ γραμμεσ αμυνασ απεναντι σε ενα δυσμενεσ διεθνεσ περιβαλλον,1
Χρ. Σταϊκούρας – Σύνοδος ΔΝΤ: Χτίσαμε ισχυρές αμυντικές γραμμές απέναντι σε δυσμενές διεθνές περιβάλλον - https://t.co/eiOPQNARjS https://t.co/VmIyM2Up9A #Χρήστος_Σταϊκούρας #Σύνοδος #ΔΝΤ #Αμυντικές_γραμμές,χρ σταϊκουρασ συνοδοσ δντ χτισαμε ισχυρεσ αμυντικεσ γραμμεσ απεναντι σε δυσμενεσ διεθνεσ περιβαλλον χρηστοσ_σταϊκουρασ συνοδοσ δντ αμυντικεσ_γραμμεσ,1
"Χρήστος Σταϊκούρας στη Σύνοδο του ΔΝΤ: Η Ελλάδα έχει χτίσει ισχυρές γραμμές άμυνας απέναντι σε ένα δυσμενές διεθνές περιβάλλον - Ρεπορτάζ και ειδήσεις για την Οικονομία, τις Επιχειρήσεις, το Χρηματιστήριο, την Πολιτική #mononewsGR https://t.co/Ji36NBtIVP",χρηστοσ σταϊκουρασ στη συνοδο του δντ η ελλαδα εχει χτισει ισχυρεσ γραμμεσ αμυνασ απεναντι σε ενα δυσμενεσ διεθνεσ περιβαλλον ρεπορταζ και ειδησεισ για την οικονομια τισ επιχειρησεισ το χρηματιστηριο την πολιτικη mononewsgr,1
"Σταϊκούρας στη Σύνοδο του ΔΝΤ: Η Ελλάδα έχει χτίσει ισχυρές γραμμές άμυνας απέναντι σε ένα δυσμενές διεθνές περιβάλλον,
https://t.co/EvzYIjTCcb,",σταϊκουρασ στη συνοδο του δντ η ελλαδα εχει χτισει ισχυρεσ γραμμεσ αμυνασ απεναντι σε ενα δυσμενεσ διεθνεσ περιβαλλον,1
Χρ. Σταϊκούρας – Σύνοδος ΔΝΤ: Χτίσαμε ισχυρές αμυντικές γραμμές απέναντι σε δυσμενές διεθνές περιβάλλον https://t.co/5kOt04WO0e,χρ σταϊκουρασ συνοδοσ δντ χτισαμε ισχυρεσ αμυντικεσ γραμμεσ απεναντι σε δυσμενεσ διεθνεσ περιβαλλον,1
Πώς η Ελλάδα έχτισε ισχυρές γραμμές άμυνας απέναντι σε δυσμενές διεθνές περιβάλλον παρουσίασε στο ΔΝΤ ο Σταϊκούρας https://t.co/qNFDRuTH1z,πωσ η ελλαδα εχτισε ισχυρεσ γραμμεσ αμυνασ απεναντι σε δυσμενεσ διεθνεσ περιβαλλον παρουσιασε στο δντ ο σταϊκουρασ,1
"Χρ. Σταϊκούρας στη Σύνοδο του #ΔΝΤ: Η Ελλάδα έχει χτίσει ισχυρές γραμμές άμυνας απέναντι σε ένα δυσμενές διεθνές περιβάλλον 

https://t.co/qoqISbsOSA",χρ σταϊκουρασ στη συνοδο του δντ η ελλαδα εχει χτισει ισχυρεσ γραμμεσ αμυνασ απεναντι σε ενα δυσμενεσ διεθνεσ περιβαλλον,1
RT @TheOpinion_News: Τα ζώδια σήμερα 14 Οκτωβρίου – Το περιβάλλον θα σε επηρεάσει αρνητικά https://t.co/oufYUTwVxi #Thessaloniki #skg #TheO…, theopinion_news τα ζωδια σημερα οκτωβριου το περιβαλλον θα σε επηρεασει αρνητικα thessaloniki skg theo,1
Η θεσμική προστασία της παραλίας Μαρίκες και οι πανηγυρισμοί (Μπουρνούς) https://t.co/xgmvBe0l9T #ΑΥΤΟΔΙΟΙΚΗΣΗ #ΠΑΡΑΛΙΑΜΑΡΙΚΕΣ #ΠΕΡΙΒΑΛΛΟΝ By https://t.co/p9zfHynwcm https://t.co/WOx1uasBGq,η θεσμικη προστασια τησ παραλιασ μαρικεσ και οι πανηγυρισμοι μπουρνουσ αυτοδιοικηση παραλιαμαρικεσ περιβαλλον by,1
Προς νέο ρεκόρ για τις Ανανεώσιμες Πηγές Ενέργειας – Σπάνε το φράγμα των 10.000 μεγαβάτ https://t.co/vPeY8PgT4C #businessnewsgr,προσ νεο ρεκορ για τισ ανανεωσιμεσ πηγεσ ενεργειασ σπανε το φραγμα των μεγαβατ businessnewsgr,1
Μαρούσι: Νέο καδοπλυντήριο και υπερσύγχρονη υδροφόρα https://t.co/EQvcb1O3XN,μαρουσι νεο καδοπλυντηριο και υπερσυγχρονη υδροφορα,1
Καμπύλης: Δουλεύουμε πάνω σε έργα και υποδομές που συνεισφέρουν στη βιώσιμη ανάπτυξη του τόπου μας - Πελοποννησιακό Πρακτορείο Ειδήσεων https://t.co/IP4IdREp8P,καμπυλησ δουλευουμε πανω σε εργα και υποδομεσ που συνεισφερουν στη βιωσιμη αναπτυξη του τοπου μασ πελοποννησιακο πρακτορειο ειδησεων,1
"Προς νέο ρεκόρ για τις Ανανεώσιμες Πηγές Ενέργειας  

Σπάνε το φράγμα των 10.000 μεγαβάτ

https://t.co/QWbNkwVbDP",προσ νεο ρεκορ για τισ ανανεωσιμεσ πηγεσ ενεργειασ σπανε το φραγμα των μεγαβατ,1
Προς νέο ρεκόρ οι Ανανεώσιμες Πηγές Ενέργειας – Σπάνε το φράγμα των 10.000 μεγαβάτ--https://t.co/ykIWxN0zH1,προσ νεο ρεκορ οι ανανεωσιμεσ πηγεσ ενεργειασ σπανε το φραγμα των μεγαβατ,1
Προς νέο ρεκόρ για τις Ανανεώσιμες Πηγές Ενέργειας – Σπάνε το φράγμα των 10.000 μεγαβάτ - https://t.co/eiOPQNT0y0 https://t.co/AQIr3eEVyc,προσ νεο ρεκορ για τισ ανανεωσιμεσ πηγεσ ενεργειασ σπανε το φραγμα των μεγαβατ,1
[Κλικ και διαβάστε στο thetoc] #Κολωνός: 300 τηλεφωνικές επαφές ενηλίκων στο κινητό της 12χρονης - Έρχονται  #Συλλήψεις από το περιβάλλον των κ https://t.co/B1JfE3qaVI,κλικ και διαβαστε στο thetoc κολωνοσ τηλεφωνικεσ επαφεσ ενηλικων στο κινητο τησ χρονησ ερχονται συλληψεισ απο το περιβαλλον των κ,1
Προς νέο ρεκόρ για τις Ανανεώσιμες Πηγές Ενέργειας - Σπάνε το φράγμα των 10.000 μεγαβάτ - https://t.co/R0SVXksO4n https://t.co/oVnFlh5Dos,προσ νεο ρεκορ για τισ ανανεωσιμεσ πηγεσ ενεργειασ σπανε το φραγμα των μεγαβατ,1
Προς νέο ρεκόρ για τις Ανανεώσιμες Πηγές Ενέργειας – Σπάνε το φράγμα των 10.000 μεγαβάτ - https://t.co/x2Ht4XeAVG https://t.co/IIDOiwxm1v,προσ νεο ρεκορ για τισ ανανεωσιμεσ πηγεσ ενεργειασ σπανε το φραγμα των μεγαβατ,1
Οι 25 εταιρείες με το καλύτερο εργασιακό περιβάλλον διεθνώς - https://t.co/tFYcuWEfOu https://t.co/sTyHlkyNyI,οι εταιρειεσ με το καλυτερο εργασιακο περιβαλλον διεθνωσ,1
Προς νέο ρεκόρ για τις Ανανεώσιμες Πηγές Ενέργειας – Σπάνε το φράγμα των 10.000 μεγαβάτ - LarissaPress https://t.co/1SjLBZvm68,προσ νεο ρεκορ για τισ ανανεωσιμεσ πηγεσ ενεργειασ σπανε το φραγμα των μεγαβατ larissapress,1
"Μετά το ρεκόρ όλων των εποχών για τις ανανεώσιμες πηγές ενέργειας, που για πρώτη φορά υπερκάλυψαν επί 5 ώρες τη ζήτηση ρεύματος την Παρασκευή 7 Οκτωβρίου, άλλο ένα ορόσημο αναμένεται να σπάσει μέσα στη χρονιά... https://t.co/HGH6F0PJ3u",μετα το ρεκορ ολων των εποχων για τισ ανανεωσιμεσ πηγεσ ενεργειασ που για πρωτη φορα υπερκαλυψαν επι ωρεσ τη ζητηση ρευματοσ την παρασκευη οκτωβριου αλλο ενα οροσημο αναμενεται να σπασει μεσα στη χρονια,1
"RT @ambelesi01: Στην 🇳🇱 επαρχία Overijssel, τα σκουλήκια βρίσκονται στο μενού σε 100 δημοτικά σχολεία, μέρος ενός διδακτικού πακέτου για τη…", ambelesi στην επαρχια overijssel τα σκουληκια βρισκονται στο μενου σε δημοτικα σχολεια μεροσ ενοσ διδακτικου πακετου για τη,1
Σπάνε το φράγμα των 10.000 μεγαβάτ οι Ανανεώσιμες Πηγές Ενέργειας https://t.co/9iJSBR2Ubo,σπανε το φραγμα των μεγαβατ οι ανανεωσιμεσ πηγεσ ενεργειασ,1
Οι 25 εταιρείες με το καλύτερο εργασιακό περιβάλλον διεθνώς - https://t.co/3L5jRzEhuT https://t.co/7TQZGBTSFh,οι εταιρειεσ με το καλυτερο εργασιακο περιβαλλον διεθνωσ,1
"Spiegel: Η Ελλάδα καταρρίπτει ένα ρεκόρ- Κάλυψε για πρώτη φορά τις ανάγκες της, με Ανανεώσιμες Πηγές Ενέργειας--https://t.co/4ycMFAqjZG",spiegel η ελλαδα καταρριπτει ενα ρεκορ καλυψε για πρωτη φορα τισ αναγκεσ τησ με ανανεωσιμεσ πηγεσ ενεργειασ,1
RT @KostasVaxevanis: Ζόφος.  Ενας βάλτος όπου μόνο να βουλιάξεις μπορείς. Η βρόμα και η δυσωδία γίνονται το φυσικό περιβάλλον. Δεν έχει σημ…, kostasvaxevanis ζοφοσ ενασ βαλτοσ οπου μονο να βουλιαξεισ μπορεισ η βρομα και η δυσωδια γινονται το φυσικο περιβαλλον δεν εχει σημ,1
"Είναι προφανές πως ο Κινέζος ηγέτης ονειρεύεται μια αναβαθμισμένη θέση σε παγκόσμια κλίμακα, σε ένα μεταβαλλόμενο διεθνές περιβάλλον
https://t.co/qTEwJ4kJgk",ειναι προφανεσ πωσ ο κινεζοσ ηγετησ ονειρευεται μια αναβαθμισμενη θεση σε παγκοσμια κλιμακα σε ενα μεταβαλλομενο διεθνεσ περιβαλλον,1
"Ο νεοφώτιστος Ραφαήλ - Νικόλαος απολαμβάνει τις αγκαλιές των νονών του, οι οποίοι δεν προέρχονται από το περιβάλλον των γονιών του, αλλά ανέπτυξαν μαζί τους μία σχέση ζωής, όταν πριν από εννέα μήνες, κατά τη διάρκεια έντονης κακοκαιρίας, του έσωσαν τη

https://t.co/zqHYz1bcAe",ο νεοφωτιστοσ ραφαηλ νικολαοσ απολαμβανει τισ αγκαλιεσ των νονων του οι οποιοι δεν προερχονται απο το περιβαλλον των γονιων του αλλα ανεπτυξαν μαζι τουσ μια σχεση ζωησ οταν πριν απο εννεα μηνεσ κατα τη διαρκεια εντονησ κακοκαιριασ του εσωσαν τη,1
"Την ανάγκη να αντικατασταθεί ο στόλος των ρυμουλκών, με ένταξη στο χρηματοδοτικό πρόγραμμα του Ταμείου Ανάκαμψης, προκειμένου να ναυπηγηθούν σε ελληνικά ναυπηγεία νέα αποδοτικότερα πλοία και με τη χρήση πιο φιλικών καυσίμων προς το περιβάλλον, ζητεί ο

https://t.co/Z2xRmGrLiL",την αναγκη να αντικατασταθει ο στολοσ των ρυμουλκων με ενταξη στο χρηματοδοτικο προγραμμα του ταμειου ανακαμψησ προκειμενου να ναυπηγηθουν σε ελληνικα ναυπηγεια νεα αποδοτικοτερα πλοια και με τη χρηση πιο φιλικων καυσιμων προσ το περιβαλλον ζητει ο,1
"ΑΔΜΗΕ: Η πράσινη μετάβαση είναι πραγματικότητα και όχι fake news - Ρεπορτάζ και ειδήσεις για την Οικονομία, τις Επιχειρήσεις, το Χρηματιστήριο, την Πολιτική #mononewsGR https://t.co/Zw3CXjZ6UE",αδμηε η πρασινη μεταβαση ειναι πραγματικοτητα και οχι fake news ρεπορταζ και ειδησεισ για την οικονομια τισ επιχειρησεισ το χρηματιστηριο την πολιτικη mononewsgr,1
"Βασίλης Κικίλιας: Έργα υποδομής, πράσινη οικονομία και καμπάνια για τον βιώσιμο τουρισμό - Ρεπορτάζ και ειδήσεις για την Οικονομία, τις Επιχειρήσεις, το Χρηματιστήριο, την Πολιτική #mononewsGR https://t.co/cARGv9NpXy",βασιλησ κικιλιασ εργα υποδομησ πρασινη οικονομια και καμπανια για τον βιωσιμο τουρισμο ρεπορταζ και ειδησεισ για την οικονομια τισ επιχειρησεισ το χρηματιστηριο την πολιτικη mononewsgr,1
RT @LykavitosGr: Spiegel: Η Ελλάδα καλύπτει για πρώτη φορά τις ανάγκες της με ΑΠΕ  #Spiegel #Ελλάδα #ΑΠΕ #ανανεώσιμες_πηγές_ενέργειας https…, lykavitosgr spiegel η ελλαδα καλυπτει για πρωτη φορα τισ αναγκεσ τησ με απε spiegel ελλαδα απε ανανεωσιμεσ_πηγεσ_ενεργειασ,1
RT @LykavitosGr: Spiegel: Η Ελλάδα καλύπτει για πρώτη φορά τις ανάγκες της με ΑΠΕ  #Spiegel #Ελλάδα #ΑΠΕ #ανανεώσιμες_πηγές_ενέργειας https…, lykavitosgr spiegel η ελλαδα καλυπτει για πρωτη φορα τισ αναγκεσ τησ με απε spiegel ελλαδα απε ανανεωσιμεσ_πηγεσ_ενεργειασ,1
"Κικίλιας: «Έργα υποδομής, πράσινη οικονομία και καμπάνια για τον βιώσιμο τουρισμό» - https://t.co/9I99AKnLPL https://t.co/rttGKiAo07",κικιλιασ εργα υποδομησ πρασινη οικονομια και καμπανια για τον βιωσιμο τουρισμο,1
"RT @iosif3rd: Η Αγία Πελαγία καταστράφηκε από την πλημμύρα, αυτό δεν αλλάζει.
Το θέμα είναι τι θα κάνει η Πολιτεία για να μην ξανασυμβεί. Α…", iosifrd η αγια πελαγια καταστραφηκε απο την πλημμυρα αυτο δεν αλλαζει το θεμα ειναι τι θα κανει η πολιτεια για να μην ξανασυμβει α,1
Κικίλιας: «Έργα υποδομής και καμπάνια για τον βιώσιμο τουρισμό» https://t.co/40E5XqC6O7,κικιλιασ εργα υποδομησ και καμπανια για τον βιωσιμο τουρισμο,1
"Β. Κικίλιας: Έργα υποδομής, πράσινη οικονομία και καμπάνια για τον βιώσιμο τουρισμό https://t.co/fJV7sTNA2Z",β κικιλιασ εργα υποδομησ πρασινη οικονομια και καμπανια για τον βιωσιμο τουρισμο,1
"Β. Κικίλιας: Έργα υποδομής, πράσινη οικονομία και καμπάνια για τον βιώσιμο τουρισμό https://t.co/VeTyTsxH7Y #gntmgr #Pagidevmenoi #kaneotikoimasai #GiTisElias #Sasmos",β κικιλιασ εργα υποδομησ πρασινη οικονομια και καμπανια για τον βιωσιμο τουρισμο gntmgr pagidevmenoi kaneotikoimasai gitiselias sasmos,1
"5 τρόποι να ανταπεξέλθεις σε ένα τοξικό εργασιακό περιβάλλον
@ergasia_gr #καριερα

https://t.co/NRRFzVv72b https://t.co/nNfolbW3s3",τροποι να ανταπεξελθεισ σε ενα τοξικο εργασιακο περιβαλλον ergasia_gr καριερα,1
"Πώς το Ντουμπρόβνικ κυνηγά το ""στοίχημα"" για βιώσιμο τουρισμό - https://t.co/ttEkwhSMXj https://t.co/tkPia15DZQ",πωσ το ντουμπροβνικ κυνηγα το στοιχημα για βιωσιμο τουρισμο,1
"Prem Watsa (FairFax): «H επανεκλογή Μητσοτάκη θα δημιουργήσει ακόμα πιο ασφαλές περιβάλλον για επενδύσεις» - Ρεπορτάζ και ειδήσεις για την Οικονομία, τις Επιχειρήσεις, το Χρηματιστήριο, την Πολιτική #mononewsGR https://t.co/sY1xDbrxZF",prem watsa fairfax h επανεκλογη μητσοτακη θα δημιουργησει ακομα πιο ασφαλεσ περιβαλλον για επενδυσεισ ρεπορταζ και ειδησεισ για την οικονομια τισ επιχειρησεισ το χρηματιστηριο την πολιτικη mononewsgr,1
ΚΑΣΤΡΟ: Όχι στην Ιδιωτικοποίηση. Ναι στη Νέα Βιώσιμη Ανάπτυξη https://t.co/3yC8BWOsDD https://t.co/lt8yjp8gZN,καστρο οχι στην ιδιωτικοποιηση ναι στη νεα βιωσιμη αναπτυξη,1
Prem Watsa (FairFax Financial Holdings Limited) στο Οικονομικό Φόρουμ του Τορόντο: H επανεκλογή Μητσοτάκη θα δημιουργήσει ένα ακόμη πιο ασφαλές περιβάλλον για επενδύσεις https://t.co/tiXa4eEjuT https://t.co/CuHr0asqMO,prem watsa fairfax financial holdings limited στο οικονομικο φορουμ του τοροντο h επανεκλογη μητσοτακη θα δημιουργησει ενα ακομη πιο ασφαλεσ περιβαλλον για επενδυσεισ,1
Πρεμ Γουάτσα: Eπανεκλογή Μητσοτάκη θα δημιουργήσει ακόμη πιο ασφαλές περιβάλλον για επενδύσεις ... https://t.co/76mTLUivvt,πρεμ γουατσα eπανεκλογη μητσοτακη θα δημιουργησει ακομη πιο ασφαλεσ περιβαλλον για επενδυσεισ,1
Zoom Workspace Reservation: Βελτιστοποιώντας το υβριδικό περιβάλλον εργασίας https://t.co/HlXrVLgN63,zoom workspace reservation βελτιστοποιωντασ το υβριδικο περιβαλλον εργασιασ,1
"ΕΙΔΙΚΟ ΘΕΜΑ: Κάντο όπως το #Ντουμπρόβνικ... 

Πώς το «μαργαριτάρι της Αδριατικής» κυνηγά το «στοίχημα» για βιώσιμο τουρισμό

https://t.co/fmrMvuzL2j",ειδικο θεμα καντο οπωσ το ντουμπροβνικ πωσ το μαργαριταρι τησ αδριατικησ κυνηγα το στοιχημα για βιωσιμο τουρισμο,1
@QueenMa23646587 @queenmikaela_ Σχεδον ολοι οι κακοποιητες εχουν μεγαλωσει σε κακοποιητικο περιβαλλον η σε διαλυμενες οικογενειες με γονεις που τους παραμελουσαν.μπορει καποια παιδια σε αναλογο περιβαλλον να εχουν καλη πορεια μετα απο παρακολουθηση απο ψυχολογο κλπ.παντως κανεις δε γεννιεται βιαστης,queenma queenmikaela_ σχεδον ολοι οι κακοποιητεσ εχουν μεγαλωσει σε κακοποιητικο περιβαλλον η σε διαλυμενεσ οικογενειεσ με γονεισ που τουσ παραμελουσανμπορει καποια παιδια σε αναλογο περιβαλλον να εχουν καλη πορεια μετα απο παρακολουθηση απο ψυχολογο κλππαντωσ κανεισ δε γεννιεται βιαστησ,1
"Γιάννης Σέγκος : Οφείλουμε σεβασμό προς το περιβάλλον και τις επόμενες γενιές, να αναπτύξουμε ουσιαστικές και ρεαλιστικές δράσεις https://t.co/lHPPoXel1U",γιαννησ σεγκοσ οφειλουμε σεβασμο προσ το περιβαλλον και τισ επομενεσ γενιεσ να αναπτυξουμε ουσιαστικεσ και ρεαλιστικεσ δρασεισ,1
Απόβλητα και Απορρίμματα: Περιβαλλοντικό Βάρος ή Ένας Νέος Πόρος για Βιώσιμη Ανάπτυξη; https://t.co/qkAj8OaBHn https://t.co/W2AGQLF0L7,αποβλητα και απορριμματα περιβαλλοντικο βαροσ η ενασ νεοσ ποροσ για βιωσιμη αναπτυξη,1
Στο συνέδριο για τον Εναλλακτικό και Βιώσιμο Τουρισμό στη Θεσσαλία ο Γιώργος Μανώλης - LarissaPress https://t.co/TelhAnWa61,στο συνεδριο για τον εναλλακτικο και βιωσιμο τουρισμο στη θεσσαλια ο γιωργοσ μανωλησ larissapress,1
Πρεμ Γουάτσα: Eπανεκλογή Μητσοτάκη θα δημιουργήσει ακόμη πιο ασφαλές περιβάλλον για επενδύσεις--https://t.co/OoScBIe09A,πρεμ γουατσα eπανεκλογη μητσοτακη θα δημιουργησει ακομη πιο ασφαλεσ περιβαλλον για επενδυσεισ,1
Πώς το περιβάλλον έχει γίνει πιο ευνοϊκό για τυφώνες και ακραία καιρικά και φυσικά φαινόμενα; https://t.co/4BDZhSHxmE,πωσ το περιβαλλον εχει γινει πιο ευνοϊκο για τυφωνεσ και ακραια καιρικα και φυσικα φαινομενα,1
Πρεμ Γουάτσα (FairFax): “H επανεκλογή του Κυριάκου Μητσοτάκη θα δημιουργήσει ένα ακόμη πιο ασφαλές περιβάλλον για επενδύσεις” https://t.co/vimiuml1b2,πρεμ γουατσα fairfax h επανεκλογη του κυριακου μητσοτακη θα δημιουργησει ενα ακομη πιο ασφαλεσ περιβαλλον για επενδυσεισ,1
"CLIA: Σε καλό δρόμο η δέσμευση για κρουαζιέρα με μηδενικό αποτύπωμα άνθρακα έως το 2050 - Ρεπορτάζ και ειδήσεις για την Οικονομία, τις Επιχειρήσεις, το Χρηματιστήριο, την Πολιτική #mononewsGR https://t.co/FQe2O3dYQ3",clia σε καλο δρομο η δεσμευση για κρουαζιερα με μηδενικο αποτυπωμα ανθρακα εωσ το ρεπορταζ και ειδησεισ για την οικονομια τισ επιχειρησεισ το χρηματιστηριο την πολιτικη mononewsgr,1
Είναι η πυρηνική ενέργεια πράσινη; – Ειδήσεις – νέα – Το Βήμα Online https://t.co/F3pfHK8gzq,ειναι η πυρηνικη ενεργεια πρασινη ειδησεισ νεα το βημα online,1
Ο κλάδος της κρουαζιέρας αποδεικνύει τη δέσμευσή του για κρουαζιέρα με μηδενικό αποτύπωμα άνθρακα παγκοσμίως έως το 2050 https://t.co/7Kr6ubgtYa,ο κλαδοσ τησ κρουαζιερασ αποδεικνυει τη δεσμευση του για κρουαζιερα με μηδενικο αποτυπωμα ανθρακα παγκοσμιωσ εωσ το,1
"Θεόδωρος Μητράκος / Χρειαζόμαστε ισχυρή, βιώσιμη αλλά και δίκαιη ανάπτυξη,
https://t.co/3uSmbVyiJp,",θεοδωροσ μητρακοσ χρειαζομαστε ισχυρη βιωσιμη αλλα και δικαιη αναπτυξη,1
Η MYTILINEOS στο Re-Source – τη μεγαλύτερη πλατφόρμα για την πράσινη ενέργεια https://t.co/uGxFsQMFSs,η mytilineos στο resource τη μεγαλυτερη πλατφορμα για την πρασινη ενεργεια,1
"Σκυλακάκης στη Βουλή: Η επένδυση στις Ανανεώσιμες Πηγές Ενέργειας είναι μονόδρομος, αποτελούν το μέλλον

https://t.co/VOxNojjnuU",σκυλακακησ στη βουλη η επενδυση στισ ανανεωσιμεσ πηγεσ ενεργειασ ειναι μονοδρομοσ αποτελουν το μελλον,1
"Ξέφυγαν εντελώς!! Σε ακόμη μια ευρωπαϊκή χώρα προωθούν εντομοφαγία σε εκατοντάδες σχολεία - Παρουσιάζουν τα σκουλήκια ως “βιώσιμο” υποκατάστατο του κρέατος
https://t.co/v1FpkSOUVx",ξεφυγαν εντελωσ σε ακομη μια ευρωπαϊκη χωρα προωθουν εντομοφαγια σε εκατονταδεσ σχολεια παρουσιαζουν τα σκουληκια ωσ βιωσιμο υποκαταστατο του κρεατοσ,1
UNESCO: Ο Όλυμπος θέτει υποψηφιότητα για ένταξη στον κατάλογο Μνημείων Παγκόσμιας Πολιτιστικής και Φυσικής Κληρονομιάς https://t.co/mhzzaGvhz4 #ΕΛΛΑΔΑ #ΠΕΡΙΒΑΛΛΟΝ https://t.co/LGM6z8TAMo,unesco ο ολυμποσ θετει υποψηφιοτητα για ενταξη στον καταλογο μνημειων παγκοσμιασ πολιτιστικησ και φυσικησ κληρονομιασ ελλαδα περιβαλλον,1
Ωριωνίδες: Την Παρασκευή η «βροχή» από τα πεφταστέρια του φθινοπώρου https://t.co/lmg8gECV4O,ωριωνιδεσ την παρασκευη η βροχη απο τα πεφταστερια του φθινοπωρου,1
«9 στις 10 περιπτώσεις σεξουαλικής κακοποίησης είναι από στενό οικογενειακό περιβάλλον» τονίζει η Ράπτη https://t.co/29qC5p9E6M,στισ περιπτωσεισ σεξουαλικησ κακοποιησησ ειναι απο στενο οικογενειακο περιβαλλον τονιζει η ραπτη,1
Ζωή Ράπτη: 9 στις 10 περιπτώσεις σεξουαλικής κακοποίησης είναι από στενό οικογενειακό περιβάλλον https://t.co/LNsITlx1E4,ζωη ραπτη στισ περιπτωσεισ σεξουαλικησ κακοποιησησ ειναι απο στενο οικογενειακο περιβαλλον,1
Η MYTILINEOS στο Re-Source – τη μεγαλύτερη πλατφόρμα για την πράσινη ενέργεια https://t.co/f5ljmFnxYd,η mytilineos στο resource τη μεγαλυτερη πλατφορμα για την πρασινη ενεργεια,1
Κικίλιας: Αναβαθμίζουμε το brand της Σκύρου στο πλαίσιο της στρατηγικής μας για βιώσιμο τουρισμό https://t.co/f4qwlHpGh7,κικιλιασ αναβαθμιζουμε το brand τησ σκυρου στο πλαισιο τησ στρατηγικησ μασ για βιωσιμο τουρισμο,1
"Βασίλης Κικίλιας από Σκύρο: Αναβαθμιζουμε το brand της Σκύρου στο πλαίσιο της στρατηγικής μας για βιώσιμο τουρισμό"" https://t.co/g83wavUqRs https://t.co/HFXqQmvdkZ",βασιλησ κικιλιασ απο σκυρο αναβαθμιζουμε το brand τησ σκυρου στο πλαισιο τησ στρατηγικησ μασ για βιωσιμο τουρισμο,1
Κικίλιας: Αναβαθμίζουμε το brand της Σκύρου στο πλαίσιο της στρατηγικής μας για βιώσιμο τουρισμό - https://t.co/76bXnMX9Pv https://t.co/azYLYnfS8w,κικιλιασ αναβαθμιζουμε το brand τησ σκυρου στο πλαισιο τησ στρατηγικησ μασ για βιωσιμο τουρισμο,1
"Σχολεία αντικαθίστανται από αστυνομικά τμήματα - Επαναφέρει μια διάταξη για κατάργηση αναδασώσεων, ενώ δίνει πράσινο φως σε Ανανεώσιμες Πηγές Ενέργειας μέσα σε δάση
https://t.co/1SfQ5DAjau",σχολεια αντικαθιστανται απο αστυνομικα τμηματα επαναφερει μια διαταξη για καταργηση αναδασωσεων ενω δινει πρασινο φωσ σε ανανεωσιμεσ πηγεσ ενεργειασ μεσα σε δαση,1
"RT @we_are_solomon: 🆕 #THREAD:

Η έρευνα των @unbiasthenews @RozanaFM που δημοσιεύει στα 🇬🇷 το Solomon διερευνά μια αόρατη αλλά σημαντική π…", we_are_solomon thread η ερευνα των unbiasthenews rozanafm που δημοσιευει στα το solomon διερευνα μια αορατη αλλα σημαντικη π,1
Χατζηδάκης: Πιο επιτακτική η «πράσινη» ενέργεια εν μέσω κρίσης https://t.co/A5For7x2My,χατζηδακησ πιο επιτακτικη η πρασινη ενεργεια εν μεσω κρισησ,1
Υπ. Εργασίας: 4 δράσεις για πράσινη ηλεκτρική ενέργεια https://t.co/4ToEZzDzqL,υπ εργασιασ δρασεισ για πρασινη ηλεκτρικη ενεργεια,1
"Στα πλαίσια της προσαρμογής του στην Ελλάδα ο Μπράντον Τόμας ξεκίνησε μαθήματα ελληνικών, προκειμένου να βελτιώσει την επικοινωνία του στο νέο του περιβάλλον.
https://t.co/upa3luaD0b",στα πλαισια τησ προσαρμογησ του στην ελλαδα ο μπραντον τομασ ξεκινησε μαθηματα ελληνικων προκειμενου να βελτιωσει την επικοινωνια του στο νεο του περιβαλλον,1
11-13 Νοεμβρίου 2022: Συνέδριο για τη «Βιώσιμη Ορεινή Ανάπτυξη» στα Καλάβρυτα https://t.co/znBebyapqL,νοεμβριου συνεδριο για τη βιωσιμη ορεινη αναπτυξη στα καλαβρυτα,1
Μαρία Καμμά – Αλιφέρη (Δήμαρχος Τήλου): Απαιτούμε ανταποδοτικά οφέλη στους κατοίκους των νησιών που παράγουν πράσινη ενέργεια - https://t.co/VrEIBoA6T3 https://t.co/S3KnkGncGe,μαρια καμμα αλιφερη δημαρχοσ τηλου απαιτουμε ανταποδοτικα οφελη στουσ κατοικουσ των νησιων που παραγουν πρασινη ενεργεια,1
RT @theFAQgr: (Αυτό ακριβώς) Μεγάλωσε με άλλα εφτά αδέλφια σε μια οικογένεια ακραίας στέρησης. Με έναν πατέρα που αντιμετωπίζει τους δικούς…, thefaqgr αυτο ακριβωσ μεγαλωσε με αλλα εφτα αδελφια σε μια οικογενεια ακραιασ στερησησ με εναν πατερα που αντιμετωπιζει τουσ δικουσ,1
"Πιθανώς, κάποιος δεν το πρόσεξε μέσα στην καθημερινή δίνη των γεγονότων, αλλά τις προάλλες υπήρξε ένα γεγονός που με έναν πολιορκητικό κριό γκρέμισε σε σκόνη, όπως φάνηκε, μια απαραβίαστη βάση της δυτικής κοινωνίας και πολιτικής.

https://t.co/pSMYIonCa5 https://t.co/CwhxJeVJ1a",πιθανωσ καποιοσ δεν το προσεξε μεσα στην καθημερινη δινη των γεγονοτων αλλα τισ προαλλεσ υπηρξε ενα γεγονοσ που με εναν πολιορκητικο κριο γκρεμισε σε σκονη οπωσ φανηκε μια απαραβιαστη βαση τησ δυτικησ κοινωνιασ και πολιτικησ,1
"Κικίλιας: Αναβαθμίζουμε το brand της Σκύρου στο πλαίσιο της στρατηγικής μας για βιώσιμο τουρισμό - Ρεπορτάζ και ειδήσεις για την Οικονομία, τις Επιχειρήσεις, το Χρηματιστήριο, την Πολιτική #mononewsGR https://t.co/WXG8IjIool",κικιλιασ αναβαθμιζουμε το brand τησ σκυρου στο πλαισιο τησ στρατηγικησ μασ για βιωσιμο τουρισμο ρεπορταζ και ειδησεισ για την οικονομια τισ επιχειρησεισ το χρηματιστηριο την πολιτικη mononewsgr,1
Για την κρίση στην Ευρώπη ευθύνονται οι ακραίες κρατικές παρεμβάσεις στην ενέργεια.. και η ανόητη πράσινη ανάπτυξη https://t.co/uEbDM5NecV,για την κριση στην ευρωπη ευθυνονται οι ακραιεσ κρατικεσ παρεμβασεισ στην ενεργεια και η ανοητη πρασινη αναπτυξη,1
"Πράσινη ενέργεια, μηδενικοί ρύποι, οικολογία…. Με τέτοιες αερολογίες, τέτοιες ανοησίες η Ευρώπη σήμερα βρίσκεται σε ενεργειακό αδιέξοδο και οδηγεί εκατομμύρια ανθρώπους στην απόγνωση και στην καταστροφή… 
https://t.co/m3LgHTBIIf",πρασινη ενεργεια μηδενικοι ρυποι οικολογια με τετοιεσ αερολογιεσ τετοιεσ ανοησιεσ η ευρωπη σημερα βρισκεται σε ενεργειακο αδιεξοδο και οδηγει εκατομμυρια ανθρωπουσ στην απογνωση και στην καταστροφη,1
Μαρία Καμμά – Αλιφέρη (Δήμαρχος Τήλου): Απαιτούμε ανταποδοτικά οφέλη στους κατοίκους των νησιών που παράγουν πράσινη ενέργεια https://t.co/aQ7oT5ENSx https://t.co/EUqKPH7269,μαρια καμμα αλιφερη δημαρχοσ τηλου απαιτουμε ανταποδοτικα οφελη στουσ κατοικουσ των νησιων που παραγουν πρασινη ενεργεια,1
Νίκος Ανδρουλάκης (Πρόεδρος ΠΑΣΟΚ-ΚΙΝ.ΑΛ): «Η μετάβαση στην πράσινη ενέργεια δεν έπρεπε να γίνει με ένα ορυκτό καύσιμο» https://t.co/uZYgL7HxSt https://t.co/7zG1jsv3mR,νικοσ ανδρουλακησ προεδροσ πασοκκιναλ η μεταβαση στην πρασινη ενεργεια δεν επρεπε να γινει με ενα ορυκτο καυσιμο,1
Η Ελευθερία Τζανακούλη στο Olympia Forum III για την Ανάκαμψη και Βιώσιμη Ανάπτυξη https://t.co/iXLLEBcecU,η ελευθερια τζανακουλη στο olympia forum iii για την ανακαμψη και βιωσιμη αναπτυξη,1
Ο κλάδος της κρουαζιέρας αποδεικνύει τη δέσμευσή του για κρουαζιέρα με μηδενικό αποτύπωμα άνθρακα παγκοσμίως έως το 2050 https://t.co/6CWqp2ZOFM,ο κλαδοσ τησ κρουαζιερασ αποδεικνυει τη δεσμευση του για κρουαζιερα με μηδενικο αποτυπωμα ανθρακα παγκοσμιωσ εωσ το,1
"Σεπόλια: Έρχονται στη δημοσιότητα σημαντικές πληροφορίες για το περιβάλλον που ζούσε το 12χρονο κορίτσι
#Σεπολια #παιδοβιαστής_Κολωνός 
https://t.co/jB21di6fjv",σεπολια ερχονται στη δημοσιοτητα σημαντικεσ πληροφοριεσ για το περιβαλλον που ζουσε το χρονο κοριτσι σεπολια παιδοβιαστησ_κολωνοσ,1
Σεπόλια: Ο Μίχος «ψάρευε» παιδεραστές και από το οικογενειακό περιβάλλον της 12χρονης https://t.co/9m9tBULXqF,σεπολια ο μιχοσ ψαρευε παιδεραστεσ και απο το οικογενειακο περιβαλλον τησ χρονησ,1
Οι start ups ανοίγουν τον δρόμο για την κυκλική οικονομία https://t.co/rnzurfmBch #businessnewsgr,οι sta ups ανοιγουν τον δρομο για την κυκλικη οικονομια businessnewsgr,1
Κολωνός: Ο Μίχος «ψάρευε» πελάτες και από το οικογενειακό περιβάλλον της 12χρονης - https://t.co/Mgc7yf1QwI,κολωνοσ ο μιχοσ ψαρευε πελατεσ και απο το οικογενειακο περιβαλλον τησ χρονησ,1
Ο Μίχος «ψάρευε» βιαστές και από το οικογενειακό περιβάλλον της 12χρονης! https://t.co/0acrNAuMR3,ο μιχοσ ψαρευε βιαστεσ και απο το οικογενειακο περιβαλλον τησ χρονησ,1
Κολωνός: Ο Μίχος «ψάρευε» βιαστές και από το οικογενειακό περιβάλλον της 12χρονης! Μυστήριο πότε άρχισε ο εφιάλτης της https://t.co/4xfQVwNfM3,κολωνοσ ο μιχοσ ψαρευε βιαστεσ και απο το οικογενειακο περιβαλλον τησ χρονησ μυστηριο ποτε αρχισε ο εφιαλτησ τησ,1
Για την κρίση στην Ευρώπη ευθύνονται οι ακραίες κρατικές παρεμβάσεις στην ενέργεια.. και η ανόητη πράσινη ανάπτυξη https://t.co/dnQIBPlBrz,για την κριση στην ευρωπη ευθυνονται οι ακραιεσ κρατικεσ παρεμβασεισ στην ενεργεια και η ανοητη πρασινη αναπτυξη,1
"Olympia Forum III: Βιώσιμη ανάπτυξη με λογική, καινοτομία και ταχύτητα https://t.co/WDmYKPKkzb #businessnewsgr",olympia forum iii βιωσιμη αναπτυξη με λογικη καινοτομια και ταχυτητα businessnewsgr,1
ΑΝΑΛΥΣΗ ΠΡΟΓΡΑΜΜΑΤΙΚΩΝ ΔΗΛΩΣΕΩΝ ΤΟΥ ΠΟΛΙΤΙΚΟΥ ΦΟΡΕΑ ΓΙΑ ΤΟ ΠΕΡΙΒΑΛΛΟΝ https://t.co/l6ZuJva5OD,αναλυση προγραμματικων δηλωσεων του πολιτικου φορεα για το περιβαλλον,1
Βριλησσός: To νέο ετήσιο πρόγραμμα https://t.co/yy1yO7ft1D,βριλησσοσ to νεο ετησιο προγραμμα,1
"διαΝΕΟσις: “Κυκλική οικονομία: Ευκαιρίες, προκλήσεις και επιδράσεις στην ελληνική οικονομία” https://t.co/n7HrBLVJsP #news #οικονομια ...",διανεοσισ κυκλικη οικονομια ευκαιριεσ προκλησεισ και επιδρασεισ στην ελληνικη οικονομια news οικονομια,1
"διαΝΕΟσις: «Κυκλική οικονομία: Ευκαιρίες, προκλήσεις και επιδράσεις στην ελληνική #οικονομία»

https://t.co/fmPMmPtQdd",διανεοσισ κυκλικη οικονομια ευκαιριεσ προκλησεισ και επιδρασεισ στην ελληνικη οικονομια,1
διαΝΕΟσις: Πόσο κυκλική είναι η ελληνική οικονομία https://t.co/PMbYMrzWSA,διανεοσισ ποσο κυκλικη ειναι η ελληνικη οικονομια,1
Έρευνα διαΝΕΟσις: Πόσο κυκλική είναι η ελληνική οικονομία https://t.co/qF38sYle9e #businessnewsgr,ερευνα διανεοσισ ποσο κυκλικη ειναι η ελληνικη οικονομια businessnewsgr,1
Έκλειψη ηλίου: Πότε θα γίνει και τι ώρα θα είναι ορατή στην κεντρική Ελλάδα https://t.co/GCDYsZnmoe,εκλειψη ηλιου ποτε θα γινει και τι ωρα θα ειναι ορατη στην κεντρικη ελλαδα,1
"Για μικρά, έξυπνα και συμβατά με το περιβάλλον έργα έκανε λόγο σήμερα στην εκπομπή ""Ενημέρωση"" της ΕΡΤ ο καθηγητής Ευθύμης Λέκκας https://t.co/qm87XaEZLt",για μικρα εξυπνα και συμβατα με το περιβαλλον εργα εκανε λογο σημερα στην εκπομπη ενημερωση τησ ερτ ο καθηγητησ ευθυμησ λεκκασ,1
"διαΝΕΟσις: “Κυκλική οικονομία: Ευκαιρίες, προκλήσεις και επιδράσεις στην ελληνική οικονομία” https://t.co/0ZsxP18JAV #gntmgr #GiTisElias #Pagidevmenoi #kaneotikoimasai #Sasmos",διανεοσισ κυκλικη οικονομια ευκαιριεσ προκλησεισ και επιδρασεισ στην ελληνικη οικονομια gntmgr gitiselias pagidevmenoi kaneotikoimasai sasmos,1
"διαΝΕΟσις για κυκλική οικονομία: Ευκαιρίες, προκλήσεις και επιδράσεις στην ελληνική οικονομία https://t.co/p7RqIVIqAz",διανεοσισ για κυκλικη οικονομια ευκαιριεσ προκλησεισ και επιδρασεισ στην ελληνικη οικονομια,1
διαΝΕΟσις: Πόσο κυκλική είναι η ελληνική οικονομία- Τι χρειάζεται να αλλάξει https://t.co/0BCVqsL3bo,διανεοσισ ποσο κυκλικη ειναι η ελληνικη οικονομια τι χρειαζεται να αλλαξει,1
"ΔιαΝΕΟσις: «Κυκλική οικονομία: Ευκαιρίες, προκλήσεις και επιδράσεις στην ελληνική οικονομία» https://t.co/nb7OYcc6nP",διανεοσισ κυκλικη οικονομια ευκαιριεσ προκλησεισ και επιδρασεισ στην ελληνικη οικονομια,1
διαΝΕΟσις: Κυκλική οικονομία – Ευκαιρίες και προκλήσεις στην οικονομία https://t.co/1bMZYeMigE,διανεοσισ κυκλικη οικονομια ευκαιριεσ και προκλησεισ στην οικονομια,1
Φάρμα Ρόδου: Δωρεάν είσοδος στις 30 Οκτωβρίου με Φεστιβάλ για το Περιβάλλον #Δημοκρατική #Ρόδος #Δωδεκάνησα https://t.co/mZTPkfnREt,φαρμα ροδου δωρεαν εισοδοσ στισ οκτωβριου με φεστιβαλ για το περιβαλλον δημοκρατικη ροδοσ δωδεκανησα,1
"«Κυκλική οικονομία»: Ευκαιρίες, προκλήσεις και επιδράσεις στην ελληνική οικονομία https://t.co/rT5DhYXYu1",κυκλικη οικονομια ευκαιριεσ προκλησεισ και επιδρασεισ στην ελληνικη οικονομια,1
Vodafone Business: Η αειφορία απαραίτητη στις επιχειρήσεις για την επιβιωσή τους https://t.co/pimOPm5cnP,vodafone business η αειφορια απαραιτητη στισ επιχειρησεισ για την επιβιωση τουσ,1
«Περπάτα για το μέλλον σου»: Μεγάλη πορεία για το περιβάλλον στις Βρυξέλλες https://t.co/LhHZb9iT8a,περπατα για το μελλον σου μεγαλη πορεια για το περιβαλλον στισ βρυξελλεσ,1
Το bullying «βγαίνει» από το σχολικό περιβάλλον: Οι συνέπειες στην ενήλικη ζωή - https://t.co/o0sxVNi8Hh https://t.co/pFsgtudUGL,το bullying βγαινει απο το σχολικο περιβαλλον οι συνεπειεσ στην ενηλικη ζωη,1
«Ο Δήμος Κεντρικής Κέρκυρας συμμετέχει σε πρωτοβουλία για την αντιμετώπιση της κλιματικής αλλαγής-Εκδήλωση για την Κυκλική Οικονομία» -,ο δημοσ κεντρικησ κερκυρασ συμμετεχει σε πρωτοβουλια για την αντιμετωπιση τησ κλιματικησ αλλαγησεκδηλωση για την κυκλικη οικονομια,1
"#PraktoreioBusiness 
Κυκλική οικονομία: Ευκαιρίες, προκλήσεις και επιδράσεις στην ελληνική οικονομία

https://t.co/EGmpGZBQbM https://t.co/0IqjNv9MDF",praktoreiobusiness κυκλικη οικονομια ευκαιριεσ προκλησεισ και επιδρασεισ στην ελληνικη οικονομια,1
"Kiyosaki: Μετοχές και ομόλογα είναι στον κλίβανο και καίγονται – Μη βιώσιμο το ράλι στο δολάριο, θα καταρρεύσει https://t.co/MGTJ69N58F",kiyosaki μετοχεσ και ομολογα ειναι στον κλιβανο και καιγονται μη βιωσιμο το ραλι στο δολαριο θα καταρρευσει,1
"«Η #38χρονη δεν φοβάται την Αστυνομία ούτε τη φυλακή, αλλά τις πράξεις αντεκδίκησης από το συγγενικό περιβάλλον του 36χρονου», λέει ο δικηγόρος της. #κρητη
https://t.co/LScOHw9Gw4",η χρονη δεν φοβαται την αστυνομια ουτε τη φυλακη αλλα τισ πραξεισ αντεκδικησησ απο το συγγενικο περιβαλλον του χρονου λεει ο δικηγοροσ τησ κρητη,1
"Σκρέκας: «Επενδύουμε στη μετατροπή της Ελλάδας σε ενεργειακό κόμβο, επιταχύνοντας την πράσινη μετάβαση» - Ρεπορτάζ και ειδήσεις για την Οικονομία, τις Επιχειρήσεις, το Χρηματιστήριο, την Πολιτική #mononewsGR https://t.co/POHUY1K5hE",σκρεκασ επενδυουμε στη μετατροπη τησ ελλαδασ σε ενεργειακο κομβο επιταχυνοντασ την πρασινη μεταβαση ρεπορταζ και ειδησεισ για την οικονομια τισ επιχειρησεισ το χρηματιστηριο την πολιτικη mononewsgr,1
"Φόρτιση με «πράσινη» ενέργεια, βιβλιοθήκες φωτογραφιών και γυμναστική χωρίς ρολόι
#alphanewslive 
https://t.co/GUqFuorl1u",φορτιση με πρασινη ενεργεια βιβλιοθηκεσ φωτογραφιων και γυμναστικη χωρισ ρολοι alphanewslive,1
"Kiyosaki: Μετοχές και ομόλογα είναι στον κλίβανο και καίγονται – Μη βιώσιμο το ράλι στο δολάριο, θα καταρρεύσει https://t.co/cDRcvW7oFu",kiyosaki μετοχεσ και ομολογα ειναι στον κλιβανο και καιγονται μη βιωσιμο το ραλι στο δολαριο θα καταρρευσει,1
"Kiyosaki: Μετοχές και ομόλογα είναι στον κλίβανο και καίγονται – Μη βιώσιμο το ράλι στο δολάριο, θα καταρρεύσει https://t.co/2U1AJADIRt",kiyosaki μετοχεσ και ομολογα ειναι στον κλιβανο και καιγονται μη βιωσιμο το ραλι στο δολαριο θα καταρρευσει,1
Υelen (ΥΠΟΙΚ ΗΠΑ): «Επικίνδυνο και ασταθές» το μακροοικονομικό περιβάλλον https://t.co/yscLe1mvND,υelen υποικ ηπα επικινδυνο και ασταθεσ το μακροοικονομικο περιβαλλον,1
ΠΡΟΓΡΑΜΜΑΤΙΣΜΕΝΗ ΚΑΤΑΣΤΡΟΦΗ ΣΤΟ ΠΕΡΙΒΑΛΛΟΝ https://t.co/7mujsajFIp,προγραμματισμενη καταστροφη στο περιβαλλον,1
Δείτε ζωντανά «Βιώσιμη Παραγωγή Τροφίμων και Χρηματοδοτικά Εργαλεία» - Πελοποννησιακό Πρακτορείο Ειδήσεων https://t.co/lX0ecmUsg8,δειτε ζωντανα βιωσιμη παραγωγη τροφιμων και χρηματοδοτικα εργαλεια πελοποννησιακο πρακτορειο ειδησεων,1
διαΝΕΟσις – Νέα Έρευνα: Μια κυκλική οικονομία για την Ελλάδα https://t.co/nA8U5HClyF,διανεοσισ νεα ερευνα μια κυκλικη οικονομια για την ελλαδα,1
ΧΑΡΑΛΑΜΠΟΣ ΧΑΡΙΤΟΠΟΥΛΟΣ: ΑΝΑΛΥΣΗ ΠΡΟΓΡΑΜΜΑΤΙΚΩΝ ΔΗΛΩΣΕΩΝ ΤΟΥ ΠΟΛΙΤΙΚΟΥ ΦΟΡΕΑ ΓΙΑ ΤΟ ΠΕΡΙΒΑΛΛΟΝ https://t.co/qgdYazxP0U,χαραλαμποσ χαριτοπουλοσ αναλυση προγραμματικων δηλωσεων του πολιτικου φορεα για το περιβαλλον,1
"Μια νέα μελέτη που πραγματοποίησαν ερευνητές στο Πανεπιστήμιο Penn State στις #ΗΠΑ, διαπίστωσε ότι οι ηλεκτρικές εκκενώσεις που εκπέμπουν τα δέντρα και τα φυτά από τις άκρες των φύλλων τους κατά τη διάρκεια καταιγίδων
#Περιβαλλον

https://t.co/xFMedGecgJ",μια νεα μελετη που πραγματοποιησαν ερευνητεσ στο πανεπιστημιο penn state στισ ηπα διαπιστωσε οτι οι ηλεκτρικεσ εκκενωσεισ που εκπεμπουν τα δεντρα και τα φυτα απο τισ ακρεσ των φυλλων τουσ κατα τη διαρκεια καταιγιδων περιβαλλον,1
"Ο “μούφα” πύραυλος, ο πάμπλουτος Ινδός μετανάστης, η βιώσιμη ψήφος των προσεχών εκλογών και το ανέκδοτο του Αλέξη Τσίπρα https://t.co/rU4xGBwo9j",ο μουφα πυραυλοσ ο παμπλουτοσ ινδοσ μεταναστησ η βιωσιμη ψηφοσ των προσεχων εκλογων και το ανεκδοτο του αλεξη τσιπρα,1
"Διεθνές Συνέδριο για την «Βιώσιμη Γαλάζια Οικονομία» από την Περιφέρεια Κρήτης, τη Διάσκεψη των Παράκτιων Περιφερειών, την Ευρωπαϊκή Επιτροπή και τις Γενικές Διευθύνσεις για τη Θαλάσσια Πολιτική - Αλιεία και Περιφερειακή Ανάπτυξη https://t.co/5i5Yak0t4V",διεθνεσ συνεδριο για την βιωσιμη γαλαζια οικονομια απο την περιφερεια κρητησ τη διασκεψη των παρακτιων περιφερειων την ευρωπαϊκη επιτροπη και τισ γενικεσ διευθυνσεισ για τη θαλασσια πολιτικη αλιεια και περιφερειακη αναπτυξη,1
"♾ Κυκλική Οικονομία &amp; Ελληνική Πραγματικότητα

Ποσοστό υλικών πόρων που χρησιμοποιούνταν το 2020 &amp; προέρχονταν από ανακυκλωμένα απόβλητα

🇬🇷 Ελλάδα 5,4%
🇪🇺 ΕΕ 2,8%
🇮🇹 Ιταλία 21,6%
🇳🇱 Ολλανδία 30,9%

#Γράφημα ΑΠΕ-ΜΠΕ - Έρευνα @dianeosis https://t.co/ReEercYVNs

#CircularEconomy https://t.co/QdxkBjY0nj",κυκλικη οικονομια amp ελληνικη πραγματικοτητα ποσοστο υλικων πορων που χρησιμοποιουνταν το amp προερχονταν απο ανακυκλωμενα αποβλητα ελλαδα εε ιταλια ολλανδια γραφημα απεμπε ερευνα dianeosis circulareconomy,1
"Κυκλική οικονομία: Ευκαιρίες, προκλήσεις και επιδράσεις στην ελληνική οικονομία https://t.co/NrUL3PrDVi",κυκλικη οικονομια ευκαιριεσ προκλησεισ και επιδρασεισ στην ελληνικη οικονομια,1
ΕΕ: «Ο πόλεμος δεν θα εκτροχιάσει το πλάνο για το περιβάλλον» #EuropeNews https://t.co/NIptj1U6lO,εε ο πολεμοσ δεν θα εκτροχιασει το πλανο για το περιβαλλον europenews,1
"""Σώστε τον πλανήτη, δεν έχουμε άλλο σπίτι"" - Διαδήλωση παιδιών για το περιβάλλον στο κέντρο της Λάρισας https://t.co/WEluTaBbg7",σωστε τον πλανητη δεν εχουμε αλλο σπιτι διαδηλωση παιδιων για το περιβαλλον στο κεντρο τησ λαρισασ,1
RT @LykavitosGr: Σ. Παπαλάμπρου (ABO WIND): Η επέκταση των ΑΠΕ και η υποκατάσταση των ορυκτών καυσίμων είναι η μόνη βιώσιμη λύση για τη συγ…, lykavitosgr σ παπαλαμπρου abo wind η επεκταση των απε και η υποκατασταση των ορυκτων καυσιμων ειναι η μονη βιωσιμη λυση για τη συγ,1
RT @LykavitosGr: Σ. Παπαλάμπρου (ABO WIND): Η επέκταση των ΑΠΕ και η υποκατάσταση των ορυκτών καυσίμων είναι η μόνη βιώσιμη λύση για τη συγ…, lykavitosgr σ παπαλαμπρου abo wind η επεκταση των απε και η υποκατασταση των ορυκτων καυσιμων ειναι η μονη βιωσιμη λυση για τη συγ,1
Παπαλάμπρου (ABO WIND):  Η επέκταση των ΑΠΕ και η υποκατάσταση των ορυκτών καυσίμων είναι η μόνη βιώσιμη λύση για τη συγκράτηση του ενεργειακού κόστους - https://t.co/cyi5rYg96T https://t.co/hzKtzNtJXv,παπαλαμπρου abo wind η επεκταση των απε και η υποκατασταση των ορυκτων καυσιμων ειναι η μονη βιωσιμη λυση για τη συγκρατηση του ενεργειακου κοστουσ,1
ΙΛΛΥΡΙΑ WEB TV | ΠΕΡΙΒΑΛΛΟΝ - ΠΟΛΙΤΙΣΜΟΣ | ΕΙΡΗΝΗ ΚΑΝΕΛΛΟΥ https://t.co/NYn6kh37Rt,ιλλυρια web tv περιβαλλον πολιτισμοσ ειρηνη κανελλου,1
ΕΑΕΕ: Ο τριπλός ρόλος του ασφαλιστικού κλάδου στη βιώσιμη ανάπτυξη https://t.co/QEzignGusn,εαεε ο τριπλοσ ρολοσ του ασφαλιστικου κλαδου στη βιωσιμη αναπτυξη,1
"διαΝΕΟσις: Κυκλική οικονομία: Ευκαιρίες, προκλήσεις και επιδράσεις στην ελληνική οικονομία https://t.co/xlx53GZFau",διανεοσισ κυκλικη οικονομια ευκαιριεσ προκλησεισ και επιδρασεισ στην ελληνικη οικονομια,1
"Η PwC Ελλάδας με στόχο τη συνεχή ενδυνάμωση της σχέσης μεταξύ επιχειρηματικής και ακαδημαϊκής κοινότητας και την προώθηση της επιχειρηματικότητας στο ακαδημαϊκό περιβάλλον, ανακοινώνει την υπογραφή μνημονίου συνεργασίας με το Οικονομικό Πανεπιστήμιο Αθηνώ",η pwc ελλαδασ με στοχο τη συνεχη ενδυναμωση τησ σχεσησ μεταξυ επιχειρηματικησ και ακαδημαϊκησ κοινοτητασ και την προωθηση τησ επιχειρηματικοτητασ στο ακαδημαϊκο περιβαλλον ανακοινωνει την υπογραφη μνημονιου συνεργασιασ με το οικονομικο πανεπιστημιο αθηνω,1
Η Έλενα Κουντουρά ομιλήτρια στο Mediterranean MobilityForum στην Αθήνα για τη βιώσιμη αστική κινητικότητα https://t.co/zbvA7rgeAJ #elenakoyntoyra,η ελενα κουντουρα ομιλητρια στο mediterranean mobilityforum στην αθηνα για τη βιωσιμη αστικη κινητικοτητα elenakoyntoyra,1
RT @LykavitosGr: Εθνική Τράπεζα: Ο ελληνικός τουρισμός έχει βάλει πλώρη να ξεπεράσει το 2019 κερδίζοντας μερίδια σε ένα περιβάλλον προκλήσε…, lykavitosgr εθνικη τραπεζα ο ελληνικοσ τουρισμοσ εχει βαλει πλωρη να ξεπερασει το κερδιζοντασ μεριδια σε ενα περιβαλλον προκλησε,1
RT @LykavitosGr: Εθνική Τράπεζα: Ο ελληνικός τουρισμός έχει βάλει πλώρη να ξεπεράσει το 2019 κερδίζοντας μερίδια σε ένα περιβάλλον προκλήσε…, lykavitosgr εθνικη τραπεζα ο ελληνικοσ τουρισμοσ εχει βαλει πλωρη να ξεπερασει το κερδιζοντασ μεριδια σε ενα περιβαλλον προκλησε,1
"RT @marilitismos: Ο Νικηφόρος στην (2η μετά την γέννα) πιο ευτυχισμένη μέρα της ζωής της μητέρας του 🥹

Τώρα πια και επίσημα μαζί, όπως του…", marilitismos ο νικηφοροσ στην η μετα την γεννα πιο ευτυχισμενη μερα τησ ζωησ τησ μητερασ του τωρα πια και επισημα μαζι οπωσ του,1
RT @LykavitosGr: Βιώσιμη Ανάπτυξη και ESG στο επίκεντρο των αξιών της ΕΥΔΑΠ  #ΕΥΔΑΠ https://t.co/n1QChf8m2l, lykavitosgr βιωσιμη αναπτυξη και esg στο επικεντρο των αξιων τησ ευδαπ ευδαπ,1
RT @LykavitosGr: Βιώσιμη Ανάπτυξη και ESG στο επίκεντρο των αξιών της ΕΥΔΑΠ  #ΕΥΔΑΠ https://t.co/n1QChf8m2l, lykavitosgr βιωσιμη αναπτυξη και esg στο επικεντρο των αξιων τησ ευδαπ ευδαπ,1
Το Επενδυτικό Σχέδιο του δήμου Θέρμης για την “Ολοκληρωμένη ενεργειακή μετάβαση προς την κλιματική ουδετερότητα» https://t.co/SvQQC4diQD #ΔΤ #ΕΚΔΗΛΩΣΕΙΣ #ΘΕΡΜΗ #ΠΕΡΙΒΑΛΛΟΝ https://t.co/VTgJsNpPLl,το επενδυτικο σχεδιο του δημου θερμησ για την ολοκληρωμενη ενεργειακη μεταβαση προσ την κλιματικη ουδετεροτητα δτ εκδηλωσεισ θερμη περιβαλλον,1
"Μάσκες: Σώζουν από την Covid, καταστρέφουν το περιβάλλον | Ειδήσεις – νέα – Το Βήμα Online https://t.co/CsrTM39v26",μασκεσ σωζουν απο την covid καταστρεφουν το περιβαλλον ειδησεισ νεα το βημα online,1
ΛΗΞΟΥΡΙ – Ionian Aquarium : Εκδήλωση για το περιβάλλον https://t.co/HTHans73PT,ληξουρι ionian aquarium εκδηλωση για το περιβαλλον,1
Φον Ντερ Λάιεν: Η ΕΕ αδημονεί να συνεργαστεί με την κυβέρνηση της Βρετανίας για Ουκρανία-κλιματική κρίση - https://t.co/eiOPQNSsIs https://t.co/koEzANgC5d,φον ντερ λαιεν η εε αδημονει να συνεργαστει με την κυβερνηση τησ βρετανιασ για ουκρανιακλιματικη κριση,1
"ΕΕ: Αυστηρότερα μέτρα για το περιβάλλον - Στόχος η μηδενική ρύπανση ως το 2050 #europeanunion #environment #pollution 
https://t.co/pd2sgIb2Qf",εε αυστηροτερα μετρα για το περιβαλλον στοχοσ η μηδενικη ρυπανση ωσ το europeanunion environment pollution,1
IEA: Αξιολόγησε τη βιωσιμότητα του Power of Siberia 2 στη Ρωσία - Οι Κινέζοι ποντάρουν στις ανανεώσιμες πηγές ενέργειας https://t.co/otG4gH4SKV,iea αξιολογησε τη βιωσιμοτητα του power of siberia στη ρωσια οι κινεζοι πονταρουν στισ ανανεωσιμεσ πηγεσ ενεργειασ,1
"Είναι το συνθετικό κρέας μια βιώσιμη εναλλακτική λύση;,
https://t.co/yqzIxsq3PQ,",ειναι το συνθετικο κρεασ μια βιωσιμη εναλλακτικη λυση,1
Η μόνη βιώσιμη λύση «μια κοινά αποδεκτή λύση που να εφαρμόζεται ιδία βουλήσει» λέει ο Κόλιν Στιούαρτ https://t.co/Y86qQG4tqp,η μονη βιωσιμη λυση μια κοινα αποδεκτη λυση που να εφαρμοζεται ιδια βουλησει λεει ο κολιν στιουαρτ,1
"Λίγο να έχει η σειρά μια επαφή με το περιβάλλον. Σε ποιο ουράνιο και ποιο τόξο , ένα μαγαζί θα αγόραζε ένα απλό  φορμάκι 50€ ? #gitiselias",λιγο να εχει η σειρα μια επαφη με το περιβαλλον σε ποιο ουρανιο και ποιο τοξο ενα μαγαζι θα αγοραζε ενα απλο φορμακι gitiselias,1
Bέλγιο: Mειώστε το χρόνο που κάνετε ντους για να εξοικονομήσετε ενέργεια – Το μήνυμα που στέλνει ίδρυμα για το περιβάλλον https://t.co/tysBsdwkSw,bελγιο mειωστε το χρονο που κανετε ντουσ για να εξοικονομησετε ενεργεια το μηνυμα που στελνει ιδρυμα για το περιβαλλον,1
Bέλγιο: «Μειώστε τη διάρκεια του ντους» για εξοικονόμηση ενέργειας προτρέπει ίδρυμα για το περιβάλλον--https://t.co/WSstyAXEjf,bελγιο μειωστε τη διαρκεια του ντουσ για εξοικονομηση ενεργειασ προτρεπει ιδρυμα για το περιβαλλον,1
"Οι Έλληνες «Πρεσβευτές για το #Κλίμα» της Ευρωπαϊκής Επιτροπής αναλαμβάνουν δράση

https://t.co/eoMIcE2r3k 

#ClimateAction https://t.co/8ntxNzvN8M",οι ελληνεσ πρεσβευτεσ για το κλιμα τησ ευρωπαϊκησ επιτροπησ αναλαμβανουν δραση climateaction,1
"Βέλγιο: Ίδρυμα για το περιβάλλον καλεί τους πολίτες να μειώσουν τον χρόνο του ντους για εξοικονόμηση ενέργειας - Ρεπορτάζ και ειδήσεις για την Οικονομία, τις Επιχειρήσεις, το Χρηματιστήριο, την Πολιτική #mononewsGR https://t.co/QC8LbRq4J7",βελγιο ιδρυμα για το περιβαλλον καλει τουσ πολιτεσ να μειωσουν τον χρονο του ντουσ για εξοικονομηση ενεργειασ ρεπορταζ και ειδησεισ για την οικονομια τισ επιχειρησεισ το χρηματιστηριο την πολιτικη mononewsgr,1
Bέλγιο: Ίδρυμα για το περιβάλλον καλεί να... μειώσουμε τη διάρκεια του ντους για εξοικονόμηση ενέργειας https://t.co/xbWQ5stC9x,bελγιο ιδρυμα για το περιβαλλον καλει να μειωσουμε τη διαρκεια του ντουσ για εξοικονομηση ενεργειασ,1
"Mειώστε το χρόνο που κάνετε ντους για να εξοικονομήσετε #ενέργεια, καλεί τους Βέλγους το ίδρυμα για το περιβάλλον @milieucentraal

Σήμερα περνούν κατά μ.ο. 9 λεπτά στο 🚿 &amp; καλούνται να τα μειώσουν σε 5 λεπτά

https://t.co/aa7yX8kjha

#EnergyCrisis #Βέλγιο",mειωστε το χρονο που κανετε ντουσ για να εξοικονομησετε ενεργεια καλει τουσ βελγουσ το ιδρυμα για το περιβαλλον milieucentraal σημερα περνουν κατα μο λεπτα στο amp καλουνται να τα μειωσουν σε λεπτα energycrisis βελγιο,1
"Οι γυναίκες στο οικογενειακό του περιβάλλον παραδέχτηκε πως έπαιξαν καθοριστικό ρόλο στη ζωή του

#znews #Δαδακαριδης #xamogelakaipali https://t.co/TvPSbYu5PU",οι γυναικεσ στο οικογενειακο του περιβαλλον παραδεχτηκε πωσ επαιξαν καθοριστικο ρολο στη ζωη του znews δαδακαριδησ xamogelakaipali,1
Πρωτιά για την ομάδα του iGEM Thessaly 2022 σε διεθνή διαγωνισμό με θέμα το περιβάλλον https://t.co/K3tKce4cej,πρωτια για την ομαδα του igem thessaly σε διεθνη διαγωνισμο με θεμα το περιβαλλον,1
Νάξος - Σύλλογος Μηχανικών Νάξου: Ζητούμενο ένα βιώσιμο μοντέλο τουριστικής ανάπτυξης https://t.co/gTmYWKpCoo https://t.co/lIovlbWA6x,ναξοσ συλλογοσ μηχανικων ναξου ζητουμενο ενα βιωσιμο μοντελο τουριστικησ αναπτυξησ,1
Νάξος - Σύλλογος Μηχανικών Νάξου: Ζητούμενο ένα βιώσιμο μοντέλο τουριστικής ανάπτυξης https://t.co/pY3UW2ugeh,ναξοσ συλλογοσ μηχανικων ναξου ζητουμενο ενα βιωσιμο μοντελο τουριστικησ αναπτυξησ,1
Bέλγιο: Για μείωση της διάρκειας του ντους με στόχο την εξοικονόμηση ενέργειας καλεί ίδρυμα για το περιβάλλον https://t.co/xRmlm7TCxv,bελγιο για μειωση τησ διαρκειασ του ντουσ με στοχο την εξοικονομηση ενεργειασ καλει ιδρυμα για το περιβαλλον,1
Επιχειρηματικό περιβάλλον: Άλμα 16 θέσεων για την Ελλάδα https://t.co/mUoYjSNont #businessnewsgr,επιχειρηματικο περιβαλλον αλμα θεσεων για την ελλαδα businessnewsgr,1
Μητσοτάκης: Άνοδος 16 θέσεων για την Ελλάδα στο επιχειρηματικό περιβάλλον – «Αναγνωρίζεται η προσπάθειά μας» ... https://t.co/uLTBYdQkgi,μητσοτακησ ανοδοσ θεσεων για την ελλαδα στο επιχειρηματικο περιβαλλον αναγνωριζεται η προσπαθεια μασ,1
Κ. Μητσοτάκης: Άνοδος 16 θέσεων για την Ελλάδα στο επιχειρηματικό περιβάλλον https://t.co/80UR2iPg0i,κ μητσοτακησ ανοδοσ θεσεων για την ελλαδα στο επιχειρηματικο περιβαλλον,1
"Μητσοτάκης: «Άνοδος 16 θέσεων για την Ελλάδα στο επιχειρηματικό περιβάλλον» - Ρεπορτάζ και ειδήσεις για την Οικονομία, τις Επιχειρήσεις, το Χρηματιστήριο, την Πολιτική #mononewsGR https://t.co/vbDjst4Gr1",μητσοτακησ ανοδοσ θεσεων για την ελλαδα στο επιχειρηματικο περιβαλλον ρεπορταζ και ειδησεισ για την οικονομια τισ επιχειρησεισ το χρηματιστηριο την πολιτικη mononewsgr,1
Πώς θα ακολουθήσουμε μία περισσότερο βιώσιμη διατροφή; https://t.co/kI2CLA5XJx,πωσ θα ακολουθησουμε μια περισσοτερο βιωσιμη διατροφη,1
"Bέλγιο: Μειώστε τη διάρκεια του ντους για εξοικονόμηση ενέργειας, λέει ίδρυμα για το περιβάλλον https://t.co/v5UOdtwWUu",bελγιο μειωστε τη διαρκεια του ντουσ για εξοικονομηση ενεργειασ λεει ιδρυμα για το περιβαλλον,1
δορυφόρος: Το μέλλον στις ταχυμεταφορές είναι βιώσιμο https://t.co/JvgZVJFsHb,δορυφοροσ το μελλον στισ ταχυμεταφορεσ ειναι βιωσιμο,1
"#Infographic: «Άλμα» 16 θέσεων στο #επιχειρηματικό_περιβάλλον
https://t.co/0ebf8GBeyJ",infographic αλμα θεσεων στο επιχειρηματικο_περιβαλλον,1
"RT @Wyrlpx99hhKzSky: ""Αν θα μου δοθεί η δυνατότητα να μείνω εδώ στο υπόλοιπο της καριέρας μου θα υπέγραφα αυτή τη στιγμή. Είναι τέτοιο το ε…", wyrlpxhhkzsky αν θα μου δοθει η δυνατοτητα να μεινω εδω στο υπολοιπο τησ καριερασ μου θα υπεγραφα αυτη τη στιγμη ειναι τετοιο το ε,1
BNEF: Ανανεώσιμες πηγές ενέργειας και χρηματοδότηση για το κλίμα χαμένο στοίχημα οι επενδύσεις https://t.co/JbfYlLiAlz,bnef ανανεωσιμεσ πηγεσ ενεργειασ και χρηματοδοτηση για το κλιμα χαμενο στοιχημα οι επενδυσεισ,1
Όταν η Βρετανία αναδύθηκε από τους πάγους και έγινε νησί https://t.co/3epXAvRvLh #ΑΡΘΡΑ #ΒΡΕΤΑΝΙΑ #ΠΑΓΕΤΩΝΕΣ #ΠΕΡΙΒΑΛΛΟΝ By https://t.co/p9zfHynwcm,οταν η βρετανια αναδυθηκε απο τουσ παγουσ και εγινε νησι αρθρα βρετανια παγετωνεσ περιβαλλον by,1
Όσα ειπώθηκαν στο 24ο diaNEOsis Live για την Κυκλική Οικονομία στην Ελλάδα - https://t.co/mnaqXFtqr3 https://t.co/wRnuwOvdUV,οσα ειπωθηκαν στο ο dianeosis live για την κυκλικη οικονομια στην ελλαδα,1
Εκδήλωση-συζήτηση με θέμα: “Φαινόμενα σεξουαλικών διαστροφών και κοινωνικό οικονομικό περιβάλλον”. https://t.co/dy5Z6hmBQQ,εκδηλωσησυζητηση με θεμα φαινομενα σεξουαλικων διαστροφων και κοινωνικο οικονομικο περιβαλλον,1
"Κάλεσμα για την οργάνωση και συμμετοχή στην κοινή δράση με θέμα «Υπαίθρια Εκπαίδευση και Δράση για το Κλίμα» την Πέμπτη 3 Νοεμβρίου 2022, απευθύνει σε εκπαιδευτικούς και σχολεία το Κέντρο Εκπαίδευσης για το Περιβάλλον και την Αειφορία (ΚΕΠΕΑ) Βάμου. https://t.co/lqZ29saWCT",καλεσμα για την οργανωση και συμμετοχη στην κοινη δραση με θεμα υπαιθρια εκπαιδευση και δραση για το κλιμα την πεμπτη νοεμβριου απευθυνει σε εκπαιδευτικουσ και σχολεια το κεντρο εκπαιδευσησ για το περιβαλλον και την αειφορια κεπεα βαμου,1
"⏩Μαρτυρίες αρμοδίων, θεσμικών παραγόντων και μαθητών στην κάμερα της «Σημερινής» 
⏩Ανάμιξη ανηλίκων στο ηλεκτρονικό έγκλημα 
⏩Η ανάγκη για ένα ασφαλές και ειρηνικό σχολικό περιβάλλον
👉Δείτε στη «Σημερινή» / 🖋της Μαρίας Δημοσθένους

https://t.co/hffnoFllHp",μαρτυριεσ αρμοδιων θεσμικων παραγοντων και μαθητων στην καμερα τησ σημερινησ αναμιξη ανηλικων στο ηλεκτρονικο εγκλημα η αναγκη για ενα ασφαλεσ και ειρηνικο σχολικο περιβαλλον δειτε στη σημερινη τησ μαριασ δημοσθενουσ,1
"Εκδήλωση-συζήτηση με θέμα: ""Φαινόμενα σεξουαλικών διαστροφών και κοινωνικό οικονομικό περιβάλλον"" - https://t.co/q26qE4qgxV",εκδηλωσησυζητηση με θεμα φαινομενα σεξουαλικων διαστροφων και κοινωνικο οικονομικο περιβαλλον,1
"Το βασιλικό ζεύγος με τον Δήμαρχο Ζέρβα «έσωζαν το περιβάλλον» ποδηλατώντας για μερικά μέτρα μπροστά στις κάμερες, την ίδια στιγμή που πίσω τους, 15 αμάξια μεγάλου κυβισμού έκαιγαν καύσιμα για να τους προστατεύουν. 

✏️Γράφει ο Χρήστος Αβραμίδης https://t.co/yn8vUYLfNl",το βασιλικο ζευγοσ με τον δημαρχο ζερβα εσωζαν το περιβαλλον ποδηλατωντασ για μερικα μετρα μπροστα στισ καμερεσ την ιδια στιγμη που πισω τουσ αμαξια μεγαλου κυβισμου εκαιγαν καυσιμα για να τουσ προστατευουν γραφει ο χρηστοσ αβραμιδησ,1
Χαιρετισμός του Υφυπουργού Εσωτερικών (Μακεδονίας - Θράκης) κ. Σταύρου Καλαφάτη στην έναρξη της Ολλανδο-Ελληνικής Οικονομικής Διάσκεψης για τη βιώσιμη αγροτική ανάπτυξη με θέμα: «Καλλιεργώντας το μέλλον» https://t.co/YFION4i9dE https://t.co/QUSYOYCQUZ,χαιρετισμοσ του υφυπουργου εσωτερικων μακεδονιασ θρακησ κ σταυρου καλαφατη στην εναρξη τησ ολλανδοελληνικησ οικονομικησ διασκεψησ για τη βιωσιμη αγροτικη αναπτυξη με θεμα καλλιεργωντασ το μελλον,1
διαΝΕΟσις: Όσα ειπώθηκαν στη διαδικτυακή συζήτηση για την κυκλική οικονομία στην Ελλάδα https://t.co/XMrUeeFs3b #businessnewsgr,διανεοσισ οσα ειπωθηκαν στη διαδικτυακη συζητηση για την κυκλικη οικονομια στην ελλαδα businessnewsgr,1
Όσα ειπώθηκαν στο 24ο diaNEOsis Live για την Κυκλική Οικονομία στην Ελλάδα https://t.co/NSV1eeCT7R,οσα ειπωθηκαν στο ο dianeosis live για την κυκλικη οικονομια στην ελλαδα,1
Uber: Απόλυτα μη βιώσιμο το μοντέλο της εταιρείας https://t.co/mnA8wFyVNU #businessnewsgr,uber απολυτα μη βιωσιμο το μοντελο τησ εταιρειασ businessnewsgr,1
PwC Net Zero Economy Index: Ανάγκη για υπερεντατικοποίηση του ρυθμού μείωσης των εκπομπών διοξειδίου του άνθρακα - https://t.co/eiOPQNSsIs https://t.co/MuQ0SD6Gmi #περιβάλλον #διοξείδιο_άνθρακα #έρευνα #PwC,pwc net zero economy index αναγκη για υπερεντατικοποιηση του ρυθμου μειωσησ των εκπομπων διοξειδιου του ανθρακα περιβαλλον διοξειδιο_ανθρακα ερευνα pwc,1
Διεθνής Οργανισμός Ενέργειας: Η ρωσική εισβολή στην Ουκρανία  να οδηγήσει ταχύτερα στην «πράσινη ενέργεια» https://t.co/5Sq8wRLsot,διεθνησ οργανισμοσ ενεργειασ η ρωσικη εισβολη στην ουκρανια να οδηγησει ταχυτερα στην πρασινη ενεργεια,1
Ασφαλίζοντας το υβριδικό εργασιακό περιβάλλον: 4 βασικές αρχές για να προστατέψετε την επιχείρησή σας https://t.co/1rwQxtAByC,ασφαλιζοντασ το υβριδικο εργασιακο περιβαλλον βασικεσ αρχεσ για να προστατεψετε την επιχειρηση σασ,1
"#Cyprus #ΓεΣΥ
Διαβεβαιώσεις Προέδρου ΟΑΥ στην Επιτροπή Υγείας για ένα μονοασφαλιστικό και βιώσιμο ΓεΣΥ https://t.co/mtZhW9H0TV",cyprus γεσυ διαβεβαιωσεισ προεδρου οαυ στην επιτροπη υγειασ για ενα μονοασφαλιστικο και βιωσιμο γεσυ,1
Εκδήλωση με θέμα Βιώσιμος Τουρισμός στα νησιά του Αιγαίου #Δημοκρατική #Ρόδος #Δωδεκάνησα https://t.co/KbI8buHDzT,εκδηλωση με θεμα βιωσιμοσ τουρισμοσ στα νησια του αιγαιου δημοκρατικη ροδοσ δωδεκανησα,1
Ασφαλίζοντας το υβριδικό εργασιακό περιβάλλον https://t.co/DgfHdw8REx,ασφαλιζοντασ το υβριδικο εργασιακο περιβαλλον,1
Κυκλάδες - Σύρος: Εκδήλωση με θέμα Βιώσιμος Τουρισμός στα νησιά του Αιγαίου https://t.co/pvuPdK0ktW,κυκλαδεσ συροσ εκδηλωση με θεμα βιωσιμοσ τουρισμοσ στα νησια του αιγαιου,1
"Βρέθηκε η λύση, θα σώσουμε το περιβάλλον αν σταματήσουμε να… τρώμε κρέας (και θα βοηθήσουμε και την οικονομία) https://t.co/9FaMS5Mxrm https://t.co/inQisegcp0",βρεθηκε η λυση θα σωσουμε το περιβαλλον αν σταματησουμε να τρωμε κρεασ και θα βοηθησουμε και την οικονομια,1
"Βρετανία: Ο Σούνακ επαινεί τον βασιλιά Κάρολο για τη διορατικότητά του σχετικά με την κλιματική αλλαγή - Ρεπορτάζ και ειδήσεις για την Οικονομία, τις Επιχειρήσεις, το Χρηματιστήριο, την Πολιτική #mononewsGR https://t.co/v29a1yRsdy",βρετανια ο σουνακ επαινει τον βασιλια καρολο για τη διορατικοτητα του σχετικα με την κλιματικη αλλαγη ρεπορταζ και ειδησεισ για την οικονομια τισ επιχειρησεισ το χρηματιστηριο την πολιτικη mononewsgr,1
"Georgieva (ΔΝΤ): Δράση άμεσα για το κλίμα – Οι αδύναμες οικονομίες πληρώνουν το τίμημα
https://t.co/kmZ2Z3Hj12",georgieva δντ δραση αμεσα για το κλιμα οι αδυναμεσ οικονομιεσ πληρωνουν το τιμημα,1
Ν. Δένδιας: Στόχος ένα ασφαλές περιβάλλον για τους δημοσιογράφους https://t.co/peRxPt7ZHR,ν δενδιασ στοχοσ ενα ασφαλεσ περιβαλλον για τουσ δημοσιογραφουσ,1
Ημερίδα για την αειφορία και τη βιωσιμότητα στον τουριστικό και επιχειρηματικό κλάδο - https://t.co/eiOPQNT0y0 https://t.co/OmW22O64GT,ημεριδα για την αειφορια και τη βιωσιμοτητα στον τουριστικο και επιχειρηματικο κλαδο,1
RT @LykavitosGr: Δολοφονία 17χρονου στη Μάνδρα: Στο περιβάλλον του θύματος αναζητούν το δράστη  #Μάνδρα_Αττικής #δολοφονία https://t.co/NBG…, lykavitosgr δολοφονια χρονου στη μανδρα στο περιβαλλον του θυματοσ αναζητουν το δραστη μανδρα_αττικησ δολοφονια,1
RT @LykavitosGr: Δολοφονία 17χρονου στη Μάνδρα: Στο περιβάλλον του θύματος αναζητούν το δράστη  #Μάνδρα_Αττικής #δολοφονία https://t.co/NBG…, lykavitosgr δολοφονια χρονου στη μανδρα στο περιβαλλον του θυματοσ αναζητουν το δραστη μανδρα_αττικησ δολοφονια,1
“9/10 δράστες σεξουαλικής κακοποίησης από το περιβάλλον του παιδιού” @wwwflynewsgr https://t.co/jdNBXc9SZ6,δραστεσ σεξουαλικησ κακοποιησησ απο το περιβαλλον του παιδιου,1
“9/10 δράστες σεξουαλικής κακοποίησης από το περιβάλλον του παιδιού” @wwwflynewsgr https://t.co/jdNBXbSPX6,δραστεσ σεξουαλικησ κακοποιησησ απο το περιβαλλον του παιδιου,1
"ΤΙ ΦΩΝΑΖΕΤΕ ΡΕ?....Ο #Μητσοτακη_καθαρμα ΚΑΙ  #Μητσοτακη_γαμιεσαι ΑΝ ΔΕΝ ΚΑΕΙ ΤΟ ΒΟΥΝΟ ΠΟΥ ΘΑ ΣΤΗΣΕΙ ΤΑ ΦΟΥΡΦΟΥΡΙΑ ΤΗΣ ΖΗΜΕΝΣ ΤΩΝ ΕΒΡΑΙΩΝ ΓΕΡΜΑΝΩΝ?...Ε?...ΣΤΟΝ ΠΑΤΟ ΤΟΥ?
ΑΜΑΝ ΠΧΙΑ!! ....ΤΙΠΟΤΑ ΔΕΝ ΚΑΤΑΛΑΒΑΙΝΕΤΕ!!!....ΓΙΑ ΝΑ ΣΩΘΕΙ ΤΟ ΠΕΡΙΒΑΛΛΟΝ ΤΟ ΚΑΝΕΙ .....ΤΟ ΜΟΥΝΟΠΑΝΟ.... https://t.co/AU3QvLgirt",τι φωναζετε ρεο μητσοτακη_καθαρμα και μητσοτακη_γαμιεσαι αν δεν καει το βουνο που θα στησει τα φουρφουρια τησ ζημενσ των εβραιων γερμανωνεστον πατο του αμαν πχια τιποτα δεν καταλαβαινετεγια να σωθει το περιβαλλον το κανει το μουνοπανο,1
Ακρίτα για αποκάλυψη Documento: «Εκεί στον πάτο της διαφθοράς... εκεί στο φυσικό σας περιβάλλον» - Documento https://t.co/wbKESG3aLn,ακριτα για αποκαλυψη documento εκει στον πατο τησ διαφθορασ εκει στο φυσικο σασ περιβαλλον documento,1
"Πολύ Σημαντικό: Δείτε πώς να αντιμετωπίσετε την μόλυνση του εμβολίου από την τοξική ακίδα! 
Παρακαλώ, μοιραστείτε το θέμα με όσους από το περιβάλλον σας έχουν εμβολιαστεί…
ΣΩΣΤΕ ΕΣΤΩ ΚΑΙ ΜΙΑ ΖΩΗ…
https://t.co/798HOL06yW",πολυ σημαντικο δειτε πωσ να αντιμετωπισετε την μολυνση του εμβολιου απο την τοξικη ακιδα παρακαλω μοιραστειτε το θεμα με οσουσ απο το περιβαλλον σασ εχουν εμβολιαστει σωστε εστω και μια ζωη,1
Qualco: Ανάμεσα στις εταιρείες με το καλύτερο εργασιακό περιβάλλον https://t.co/oSzzMHogsZ #businessnewsgr,qualco αναμεσα στισ εταιρειεσ με το καλυτερο εργασιακο περιβαλλον businessnewsgr,1
Το παιδί μένει στάσιμο στο «ασφαλές» περιβάλλον των προπονήσεων του ΟΑΚΑ https://t.co/o5Wko6ZqpZ,το παιδι μενει στασιμο στο ασφαλεσ περιβαλλον των προπονησεων του οακα,1
RT @TheOpinion_News: Φωτοβολταϊκά στις στέγες: Έρχονται επιδοτήσεις για την «πράσινη» ενέργεια – Τι να προσέξετε https://t.co/K46dpJdp6P #T…, theopinion_news φωτοβολταϊκα στισ στεγεσ ερχονται επιδοτησεισ για την πρασινη ενεργεια τι να προσεξετε t,1
"Μιχάλης Τσαμάζ: Πρέπει να κάνουμε άλματα στη Βιώσιμη Ανάπτυξη, για να δούμε ουσιαστική αλλαγή-Δεν υπάρχει χρόνος για χάσιμο - Ρεπορτάζ και ειδήσεις για την Οικονομία, τις Επιχειρήσεις, το Χρηματιστήριο, την Πολιτική #mononewsGR https://t.co/vgzu14D1jP",μιχαλησ τσαμαζ πρεπει να κανουμε αλματα στη βιωσιμη αναπτυξη για να δουμε ουσιαστικη αλλαγηδεν υπαρχει χρονοσ για χασιμο ρεπορταζ και ειδησεισ για την οικονομια τισ επιχειρησεισ το χρηματιστηριο την πολιτικη mononewsgr,1
ΟΤΕ: Οι στρατηγικές προτεραιότητες για βιώσιμη ανάπτυξη https://t.co/b2HM8WMAau,οτε οι στρατηγικεσ προτεραιοτητεσ για βιωσιμη αναπτυξη,1
RT @LykavitosGr: Η Βιώσιμη Ανάπτυξη βασική προτεραιότητα για τον Όμιλο ΟΤΕ  #όμιλος_ΟΤΕ https://t.co/okIBNHrUhk, lykavitosgr η βιωσιμη αναπτυξη βασικη προτεραιοτητα για τον ομιλο οτε ομιλοσ_οτε,1
RT @LykavitosGr: Η Βιώσιμη Ανάπτυξη βασική προτεραιότητα για τον Όμιλο ΟΤΕ  #όμιλος_ΟΤΕ https://t.co/okIBNHrUhk, lykavitosgr η βιωσιμη αναπτυξη βασικη προτεραιοτητα για τον ομιλο οτε ομιλοσ_οτε,1
Ομιλος ΟΤΕ: Τέσσερις στρατηγικές προτεραιότητες για βιώσιμη ανάπτυξη https://t.co/Kifgspis9Z,ομιλοσ οτε τεσσερισ στρατηγικεσ προτεραιοτητεσ για βιωσιμη αναπτυξη,1
Οι προτάσεις του ομίλου ΟΤΕ για την βιώσιμη ανάπτυξη https://t.co/ZFF2PNhKHk #businessnewsgr,οι προτασεισ του ομιλου οτε για την βιωσιμη αναπτυξη businessnewsgr,1
RT @Moneypressgr: Μιχάλης Τσαμάζ: Βασική προτεραιότητα για τον Όμιλο ΟΤΕ η βιώσιμη ανάπτυξη  #moneypress https://t.co/7Vl8zosQId https://t.…, moneypressgr μιχαλησ τσαμαζ βασικη προτεραιοτητα για τον ομιλο οτε η βιωσιμη αναπτυξη moneypress,1
Μιχάλης Τσαμάζ: Βασική προτεραιότητα για τον Όμιλο ΟΤΕ η βιώσιμη ανάπτυξη  #moneypress https://t.co/7Vl8zosQId https://t.co/kUKOwBwu27,μιχαλησ τσαμαζ βασικη προτεραιοτητα για τον ομιλο οτε η βιωσιμη αναπτυξη moneypress,1
Ομιλος ΟΤΕ: Τέσσερις στρατηγικές προτεραιότητες για βιώσιμη ανάπτυξη https://t.co/6at9ldam73,ομιλοσ οτε τεσσερισ στρατηγικεσ προτεραιοτητεσ για βιωσιμη αναπτυξη,1
Το μέλλον στις ταχυμεταφορές είναι βιώσιμο https://t.co/WPO2ro6tzt,το μελλον στισ ταχυμεταφορεσ ειναι βιωσιμο,1
RT @LykavitosGr: Εθνική Τράπεζα: Τα ισχυρά χαρτιά της Κρήτης σε ένα περιβάλλον προκλήσεων  #Εθνική_Τράπεζα https://t.co/hHGMdxe5qh, lykavitosgr εθνικη τραπεζα τα ισχυρα χαρτια τησ κρητησ σε ενα περιβαλλον προκλησεων εθνικη_τραπεζα,1
RT @LykavitosGr: Εθνική Τράπεζα: Τα ισχυρά χαρτιά της Κρήτης σε ένα περιβάλλον προκλήσεων  #Εθνική_Τράπεζα https://t.co/hHGMdxe5qh, lykavitosgr εθνικη τραπεζα τα ισχυρα χαρτια τησ κρητησ σε ενα περιβαλλον προκλησεων εθνικη_τραπεζα,1
RT @Moneypressgr: Εθνική Τράπεζα: Τα ισχυρά χαρτιά της Κρήτης σε ένα περιβάλλον προκλήσεων  #moneypress https://t.co/l1EEZWtBo5, moneypressgr εθνικη τραπεζα τα ισχυρα χαρτια τησ κρητησ σε ενα περιβαλλον προκλησεων moneypress,1
Εθνική Τράπεζα: Τα ισχυρά χαρτιά της Κρήτης σε ένα περιβάλλον προκλήσεων  #moneypress https://t.co/l1EEZWtBo5,εθνικη τραπεζα τα ισχυρα χαρτια τησ κρητησ σε ενα περιβαλλον προκλησεων moneypress,1
"ΙΕΑ (COP 27): Επιπλέον 20 εκ. άνθρωποι δεν έχουν πρόσβαση στο ηλεκτρικό ρεύμα το 2022- Πάει πίσω η βιώσιμη ανάπτυξη - Ρεπορτάζ και ειδήσεις για την Οικονομία, τις Επιχειρήσεις, το Χρηματιστήριο, την Πολιτική #mononewsGR https://t.co/CwvJknZ6Et",ιεα cop επιπλεον εκ ανθρωποι δεν εχουν προσβαση στο ηλεκτρικο ρευμα το παει πισω η βιωσιμη αναπτυξη ρεπορταζ και ειδησεισ για την οικονομια τισ επιχειρησεισ το χρηματιστηριο την πολιτικη mononewsgr,1
Εθνική Τράπεζα: Τα ισχυρά χαρτιά της Κρήτης σε ένα περιβάλλον προκλήσεων https://t.co/yaBeOBmA0X,εθνικη τραπεζα τα ισχυρα χαρτια τησ κρητησ σε ενα περιβαλλον προκλησεων,1
Μητσοτάκης: Η Ελλάδα θα εξάγει πράσινη ενέργεια https://t.co/Jj8XCiWNTm,μητσοτακησ η ελλαδα θα εξαγει πρασινη ενεργεια,1
Διαδικτυακό εργαστήρι από τον ΣΘΕΒ με θέμα: «Εργαλεία οικονομικής ενίσχυσης των επιχειρήσεων από την Ε.Ε. για τη μετάβαση στην κυκλική οικονομία και τη βιώσιμη ανάπτυξη» https://t.co/OD1iOjJJWq,διαδικτυακο εργαστηρι απο τον σθεβ με θεμα εργαλεια οικονομικησ ενισχυσησ των επιχειρησεων απο την εε για τη μεταβαση στην κυκλικη οικονομια και τη βιωσιμη αναπτυξη,1
Η Βιώσιμη Ανάπτυξη βασική προτεραιότητα για τον Όμιλο ΟΤΕ https://t.co/74A98sCD0x #Pagidevmenoi #kaneotikoimasai #gntmgr #Sasmos #GiTisElias,η βιωσιμη αναπτυξη βασικη προτεραιοτητα για τον ομιλο οτε pagidevmenoi kaneotikoimasai gntmgr sasmos gitiselias,1
Πραγματοποιήθηκε η ημερίδα για τα Αρωματικά και Φαρμακευτικά φυτά στην Κοινότητα Βασιλικών στα πλαίσια της Δια Βίου Εκπαίδευσης https://t.co/MKvonwgoGz #ΒΑΣΙΛΙΚΑ #ΕΚΠΑΙΔΕΥΣΗ #ΠΕΡΙΒΑΛΛΟΝ https://t.co/y4MGdr9Nc7,πραγματοποιηθηκε η ημεριδα για τα αρωματικα και φαρμακευτικα φυτα στην κοινοτητα βασιλικων στα πλαισια τησ δια βιου εκπαιδευσησ βασιλικα εκπαιδευση περιβαλλον,1
"Ο εφιάλτης της παιδικής κακοποίησης στην Ελλάδα
Σύμφωνα με τα στοιχεία που αποτυπώνονται στο γράφημα, 9 στους 10 θύτες βρίσκονται στο στενό οικογενειακό, συγγενικό ή φιλικό περιβάλλον του παιδιού 
https://t.co/CiMWOvNUuH https://t.co/pmUbZZ63wa",ο εφιαλτησ τησ παιδικησ κακοποιησησ στην ελλαδα συμφωνα με τα στοιχεια που αποτυπωνονται στο γραφημα στουσ θυτεσ βρισκονται στο στενο οικογενειακο συγγενικο η φιλικο περιβαλλον του παιδιου,1
Οι επόμενες κινήσεις του ΟΤΕ για βιώσιμη ανάπτυξη https://t.co/i7P455RF0b,οι επομενεσ κινησεισ του οτε για βιωσιμη αναπτυξη,1
"RT @Vkikilias: 1η μέρα στην #WTMLDN 
•Πάνω από 3εκ Βρετανοί επισκέπτες στη χώρα μας το 2022.
•Νέες πτήσεις σε καινούργιους προορισμούς 🇬🇷 α…", vkikilias η μερα στην wtmldn πανω απο εκ βρετανοι επισκεπτεσ στη χωρα μασ το νεεσ πτησεισ σε καινουργιουσ προορισμουσ α,1
"RT @sfairika: Skinny Fox: Σύγχρονο περιβάλλον με ρομαντικές πινελιές και ατμόσφαιρα γαλλικού bistrot
 https://t.co/yGILOunNRp", sfairika skinny fox συγχρονο περιβαλλον με ρομαντικεσ πινελιεσ και ατμοσφαιρα γαλλικου bistrot,1
Οι επόμενες κινήσεις του ΟΤΕ για βιώσιμη ανάπτυξη https://t.co/zJakxTph0B,οι επομενεσ κινησεισ του οτε για βιωσιμη αναπτυξη,1
Κικίλιας για Common Seas: H Ελλάδα στην πρωτοπορία της Ευρώπης για τον βιώσιμο τουρισμό https://t.co/HW4GRrcZoC,κικιλιασ για common seas h ελλαδα στην πρωτοπορια τησ ευρωπησ για τον βιωσιμο τουρισμο,1
"Ζελένσκι: «Χωρίς ειρήνη δεν μπορεί να υπάρξει αποτελεσματική πολιτική για την κλιματική αλλαγή» - Ρεπορτάζ και ειδήσεις για την Οικονομία, τις Επιχειρήσεις, το Χρηματιστήριο, την Πολιτική #mononewsGR https://t.co/zTqyvoyZ1y",ζελενσκι χωρισ ειρηνη δεν μπορει να υπαρξει αποτελεσματικη πολιτικη για την κλιματικη αλλαγη ρεπορταζ και ειδησεισ για την οικονομια τισ επιχειρησεισ το χρηματιστηριο την πολιτικη mononewsgr,1
"Costa Navarino: Αργυρό βραβείο στην κατηγορία «Μείωση των Πλαστικών Απορριμμάτων στο Περιβάλλον» στην World Travel Market 2022 - Ρεπορτάζ και ειδήσεις για την Οικονομία, τις Επιχειρήσεις, το Χρηματιστήριο, την Πολιτική #mononewsGR https://t.co/fks4ctEKDQ",costa navarino αργυρο βραβειο στην κατηγορια μειωση των πλαστικων απορριμματων στο περιβαλλον στην world travel market ρεπορταζ και ειδησεισ για την οικονομια τισ επιχειρησεισ το χρηματιστηριο την πολιτικη mononewsgr,1
Κικίλιας: H Ελλάδα στην πρωτοπορία της Ευρώπης για τον βιώσιμο τουρισμό https://t.co/t5bUwXxnk6 #businessnewsgr,κικιλιασ h ελλαδα στην πρωτοπορια τησ ευρωπησ για τον βιωσιμο τουρισμο businessnewsgr,1
"Κικίλιας για συμφωνία με Common Seas: «Πρωτοπόρα η Ελλάδα στην Ευρώπη για τον βιώσιμο τουρισμό» - Ρεπορτάζ και ειδήσεις για την Οικονομία, τις Επιχειρήσεις, το Χρηματιστήριο, την Πολιτική #mononewsGR https://t.co/56NotZOrgO",κικιλιασ για συμφωνια με common seas πρωτοπορα η ελλαδα στην ευρωπη για τον βιωσιμο τουρισμο ρεπορταζ και ειδησεισ για την οικονομια τισ επιχειρησεισ το χρηματιστηριο την πολιτικη mononewsgr,1
Κικίλιας για συμφωνία με Common Seas: “H Ελλάδα στην πρωτοπορία της Ευρώπης για τον βιώσιμο τουρισμό” https://t.co/hhzBS09NrL,κικιλιασ για συμφωνια με common seas h ελλαδα στην πρωτοπορια τησ ευρωπησ για τον βιωσιμο τουρισμο,1
"COP27: «Έργα, όχι λόγια» το μήνυμα των νέων στους παγκόσμιους ηγέτες για το περιβάλλον https://t.co/Zd04EsSKZl #businessnewsgr",cop εργα οχι λογια το μηνυμα των νεων στουσ παγκοσμιουσ ηγετεσ για το περιβαλλον businessnewsgr,1
"COP27: «Έργα, όχι λόγια» το μήνυμα των νέων στους παγκόσμιους ηγέτες για το περιβάλλον https://t.co/PED0XYBHG9",cop εργα οχι λογια το μηνυμα των νεων στουσ παγκοσμιουσ ηγετεσ για το περιβαλλον,1
"Βασίλης Κικίλιας για συμφωνία με Common Seas: ""H Ελλάδα στην πρωτοπορία της Ευρώπης για τον βιώσιμο τουρισμό"" https://t.co/ks2Qz98wG3 https://t.co/gGXIgJtIxV",βασιλησ κικιλιασ για συμφωνια με common seas h ελλαδα στην πρωτοπορια τησ ευρωπησ για τον βιωσιμο τουρισμο,1
Βασίλης Κικίλιας για συμφωνία με Common Seas: “H Ελλάδα στην πρωτοπορία της Ευρώπης για τον βιώσιμο τουρισμό” - https://t.co/H0lA9DYL8y,βασιλησ κικιλιασ για συμφωνια με common seas h ελλαδα στην πρωτοπορια τησ ευρωπησ για τον βιωσιμο τουρισμο,1
"Evia Film Project, η πρώτη βιώσιμη κινηματογραφική δράση του Φεστιβάλ Θεσσαλονίκης https://t.co/vjIebEiSNv #businessnewsgr",evia film project η πρωτη βιωσιμη κινηματογραφικη δραση του φεστιβαλ θεσσαλονικησ businessnewsgr,1
Save Planet: Το μήνυμα της Κορίνθου για το περιβάλλον | NemeaPress https://t.co/lnX4KkBosN,save planet το μηνυμα τησ κορινθου για το περιβαλλον nemeapress,1
"Σταϊκούρας στη Διάσκεψη COP27: Σημαντικές προκλήσεις για τους κρατικούς προϋπολογισμούς η κλιματική αλλαγή - Ρεπορτάζ και ειδήσεις για την Οικονομία, τις Επιχειρήσεις, το Χρηματιστήριο, την Πολιτική #mononewsGR https://t.co/fBDG1UUlqW",σταϊκουρασ στη διασκεψη cop σημαντικεσ προκλησεισ για τουσ κρατικουσ προϋπολογισμουσ η κλιματικη αλλαγη ρεπορταζ και ειδησεισ για την οικονομια τισ επιχειρησεισ το χρηματιστηριο την πολιτικη mononewsgr,1
Αη Στράτης: Το πρώτο πράσινο ελληνικό νησί - Θα χρησιμοποιεί μόνο ανανεώσιμες πηγές ενέργειας - https://t.co/u82yLEDhBr https://t.co/aJ2Mura3qZ,αη στρατησ το πρωτο πρασινο ελληνικο νησι θα χρησιμοποιει μονο ανανεωσιμεσ πηγεσ ενεργειασ,1
"Χρ. Σταϊκούρας: Αναγνωρίζουμε στην ΕΕ την ανάγκη ρεαλιστικών κανόνων, που θα διασφαλίζουν βιώσιμη οικονομική μεγέθυνση

https://t.co/ZjtgKZMRL8",χρ σταϊκουρασ αναγνωριζουμε στην εε την αναγκη ρεαλιστικων κανονων που θα διασφαλιζουν βιωσιμη οικονομικη μεγεθυνση,1
Ξεκινούν σήμερα οι σεισμικές έρευνες σε Κρήτη και Πελοπόννησο – Αυστηρό πλαίσιο για το περιβάλλον ... https://t.co/jsgbOOk2bw,ξεκινουν σημερα οι σεισμικεσ ερευνεσ σε κρητη και πελοποννησο αυστηρο πλαισιο για το περιβαλλον,1
"Κικίλιας: H Ελλάδα στην πρωτοπορία της Ευρώπης για τον βιώσιμο τουρισμό με τις δράσεις σε Ρόδο, Αστυπάλαια, #Δημοκρατική #Ρόδος #Δωδεκάνησα https://t.co/0BgPdlU7Yv",κικιλιασ h ελλαδα στην πρωτοπορια τησ ευρωπησ για τον βιωσιμο τουρισμο με τισ δρασεισ σε ροδο αστυπαλαια δημοκρατικη ροδοσ δωδεκανησα,1
Περιστέρης: Η ενεργειακή κρίση θα ήταν σχεδόν αμελητέα αν είχε γίνει η πράσινη μετάβαση στην ενέργεια https://t.co/IrkF2Z7hrV,περιστερησ η ενεργειακη κριση θα ηταν σχεδον αμελητεα αν ειχε γινει η πρασινη μεταβαση στην ενεργεια,1
Μπορέλ: Προσαρμογή των ευρωπαϊκών πολιτικών για την άμυνα στο νέο περιβάλλον https://t.co/X0a1TIPogd,μπορελ προσαρμογη των ευρωπαϊκων πολιτικων για την αμυνα στο νεο περιβαλλον,1
"RT @maras_mode: Βραζιλία 🇧🇷 👀
Η δημοσιογραφος Vanessa Medeiros λυποθυμησε - Ξαφνικιτιδα-ενώ έκανε ρεπορτάζ live στην TV. Ένα από τα εκατομμ…", maras_mode βραζιλια η δημοσιογραφοσ vanessa medeiros λυποθυμησε ξαφνικιτιδαενω εκανε ρεπορταζ live στην tv ενα απο τα εκατομμ,1
"RT @OlympiaAnast: 👉 Ο βιώσιμος τουρισμός δεν είναι μόνον ανάγκη για τον πλανήτη και τη χώρα μας, είναι &amp; πλέον &amp; βασική προϋπόθεση, προκειμ…", olympiaanast ο βιωσιμοσ τουρισμοσ δεν ειναι μονον αναγκη για τον πλανητη και τη χωρα μασ ειναι amp πλεον amp βασικη προϋποθεση προκειμ,1
Γ. Περιστέρης: Η ενεργειακή κρίση θα ήταν σχεδόν αμελητέα αν είχε γίνει η πράσινη μετάβαση στην ενέργεια https://t.co/QnmgfN8bFx,γ περιστερησ η ενεργειακη κριση θα ηταν σχεδον αμελητεα αν ειχε γινει η πρασινη μεταβαση στην ενεργεια,1
Η ενεργειακή κρίση θα ήταν σχεδόν αμελητέα αν είχε γίνει η πράσινη μετάβαση στην ενέργεια. Τι αναφέρει ο Πρόεδρος και Διευθύνων Σύμβουλος της ΓΕΚ ΤΕΡΝΑ στο CEO Initiative Forum https://t.co/ilgHzd17Aw,η ενεργειακη κριση θα ηταν σχεδον αμελητεα αν ειχε γινει η πρασινη μεταβαση στην ενεργεια τι αναφερει ο προεδροσ και διευθυνων συμβουλοσ τησ γεκ τερνα στο ceo initiative forum,1
"Μπορέλ: Πρέπει να προσαρμόσουμε τις πολιτικές άμυνάς μας στο νέο περιβάλλον - Ρεπορτάζ και ειδήσεις για την Οικονομία, τις Επιχειρήσεις, το Χρηματιστήριο, την Πολιτική #mononewsGR https://t.co/qpew2LI2Jz",μπορελ πρεπει να προσαρμοσουμε τισ πολιτικεσ αμυνασ μασ στο νεο περιβαλλον ρεπορταζ και ειδησεισ για την οικονομια τισ επιχειρησεισ το χρηματιστηριο την πολιτικη mononewsgr,1
RT @LykavitosGr: Γ. Περιστέρης: Η ενεργειακή κρίση θα ήταν σχεδόν αμελητέα αν είχε γίνει η πράσινη μετάβαση στην ενέργεια  #Γ._Περιστέρης h…, lykavitosgr γ περιστερησ η ενεργειακη κριση θα ηταν σχεδον αμελητεα αν ειχε γινει η πρασινη μεταβαση στην ενεργεια γ_περιστερησ h,1
RT @LykavitosGr: Γ. Περιστέρης: Η ενεργειακή κρίση θα ήταν σχεδόν αμελητέα αν είχε γίνει η πράσινη μετάβαση στην ενέργεια  #Γ._Περιστέρης h…, lykavitosgr γ περιστερησ η ενεργειακη κριση θα ηταν σχεδον αμελητεα αν ειχε γινει η πρασινη μεταβαση στην ενεργεια γ_περιστερησ h,1
Βόλτα στο δάσος: Ποια βήματα πρέπει να ακολουθούμε για να προστατεύουμε το φυσικό περιβάλλον - https://t.co/7xtwodZwUi https://t.co/6a7He3Ah3l,βολτα στο δασοσ ποια βηματα πρεπει να ακολουθουμε για να προστατευουμε το φυσικο περιβαλλον,1
Οι προκλήσεις των CEOs στο νέο περιβάλλον βρέθηκαν στο επίκεντρο του CEO Initiative 2022 https://t.co/gPlvhFP9lP #businessnewsgr,οι προκλησεισ των ceos στο νεο περιβαλλον βρεθηκαν στο επικεντρο του ceo initiative businessnewsgr,1
"Μπάιντεν: «H παγκόσμια κλιματική κρίση αποτελεί υπαρξιακή απειλή για τον πλανήτη» - Ρεπορτάζ και ειδήσεις για την Οικονομία, τις Επιχειρήσεις, το Χρηματιστήριο, την Πολιτική #mononewsGR https://t.co/bwqKlcqsAI",μπαιντεν h παγκοσμια κλιματικη κριση αποτελει υπαρξιακη απειλη για τον πλανητη ρεπορταζ και ειδησεισ για την οικονομια τισ επιχειρησεισ το χρηματιστηριο την πολιτικη mononewsgr,1
Η ΡΟΔΟΠΗ σέβεται το περιβάλλον. Υιοθετούμε plant based συσκευασίες με μη αποσπώμενο καπάκι! https://t.co/kjXGBRaflQ,η ροδοπη σεβεται το περιβαλλον υιοθετουμε plant based συσκευασιεσ με μη αποσπωμενο καπακι,1
Η ΡΟΔΟΠΗ σέβεται το περιβάλλον. Υιοθετούμε plant based συσκευασίες με μη αποσπώμενο καπάκι! https://t.co/kjXGBQSDXg,η ροδοπη σεβεται το περιβαλλον υιοθετουμε plant based συσκευασιεσ με μη αποσπωμενο καπακι,1
Η Φινλανδία ως ο πιο βιώσιμος προορισμός της Ευρώπης για αγορές https://t.co/n4oiHCjPO7 #aystria #voreiaeyropi #dania #malta,η φινλανδια ωσ ο πιο βιωσιμοσ προορισμοσ τησ ευρωπησ για αγορεσ aystria voreiaeyropi dania malta,1
Η Φινλανδία είναι Νο1 βιώσιμος προορισμός της Ευρώπης για αγορές – Μεγάλη βελτίωση για την Ελλάδα https://t.co/kWvffrZ3jT,η φινλανδια ειναι νο βιωσιμοσ προορισμοσ τησ ευρωπησ για αγορεσ μεγαλη βελτιωση για την ελλαδα,1
Η Φινλανδία είναι ο πιο βιώσιμος προορισμός της Ευρώπης για αγορές https://t.co/GlPHdgkVEl,η φινλανδια ειναι ο πιο βιωσιμοσ προορισμοσ τησ ευρωπησ για αγορεσ,1
"#PraktoreioLife 
Η #Φινλανδία ο πιο βιώσιμος προορισμός της Ευρώπης για αγορές

https://t.co/FdxYNi3877 https://t.co/ETFIpO3b8J",praktoreiolife η φινλανδια ο πιο βιωσιμοσ προορισμοσ τησ ευρωπησ για αγορεσ,1
RT @TheOpinion_News: Έρχεται η 1η Διεθνή Έκθεση για την Κυκλική Οικονομία “FORWARD GREEN” στη Θεσσαλονίκη https://t.co/yuRtxDQmhQ #Thessalo…, theopinion_news ερχεται η η διεθνη εκθεση για την κυκλικη οικονομια forward green στη θεσσαλονικη thessalo,1
RT @dstefanos: Πες τα ρε αδερφέ… κάθε πρωί μαλώνω όταν ζητάω πλαστικό καλαμάκι για τον καφέ και δε μου δίνουν και όταν ρωτάω γιατί το ποτήρ…, dstefanos πεσ τα ρε αδερφε καθε πρωι μαλωνω οταν ζηταω πλαστικο καλαμακι για τον καφε και δε μου δινουν και οταν ρωταω γιατι το ποτηρ,1
"RT @Neossos: Αν αποκαλυφθεί ότι παρακολουθείτο η Πρόεδρος της Δημοκρατίας ή το περιβάλλον της, θα κάνει άραγε κάποια σχετική δήλωση η Πρόεδ…", neossos αν αποκαλυφθει οτι παρακολουθειτο η προεδροσ τησ δημοκρατιασ η το περιβαλλον τησ θα κανει αραγε καποια σχετικη δηλωση η προεδ,1
Bitcoin: Γιατί δεν μπορεί να είναι βιώσιμο https://t.co/rRHT9FXMN7,bitcoin γιατι δεν μπορει να ειναι βιωσιμο,1
Bitcoin: Γιατί δεν μπορεί να είναι βιώσιμο https://t.co/D8BKX8n17s,bitcoin γιατι δεν μπορει να ειναι βιωσιμο,1
Παπαθανάσης: Προτεραιότητα η πράσινη και βιώσιμη ανάπτυξη των νησιών #Δημοκρατική #Ρόδος #Δωδεκάνησα https://t.co/gnP8HUy3s8,παπαθανασησ προτεραιοτητα η πρασινη και βιωσιμη αναπτυξη των νησιων δημοκρατικη ροδοσ δωδεκανησα,1
Παπαθανάσης: Προτεραιότητα η πράσινη και βιώσιμη ανάπτυξη των νησιών https://t.co/E4WU1adbPk #businessnewsgr,παπαθανασησ προτεραιοτητα η πρασινη και βιωσιμη αναπτυξη των νησιων businessnewsgr,1
"Παπαθανάσης: «Προτεραιότητα η πράσινη και βιώσιμη ανάπτυξη των νησιών» - Ρεπορτάζ και ειδήσεις για την Οικονομία, τις Επιχειρήσεις, το Χρηματιστήριο, την Πολιτική #mononewsGR https://t.co/a9jL8bTvuf",παπαθανασησ προτεραιοτητα η πρασινη και βιωσιμη αναπτυξη των νησιων ρεπορταζ και ειδησεισ για την οικονομια τισ επιχειρησεισ το χρηματιστηριο την πολιτικη mononewsgr,1
Παπαθανάσης: Προτεραιότητα η πράσινη και βιώσιμη ανάπτυξη των νησιών μέσω της πρωτοβουλίας GR-eco Islands https://t.co/JcjVoxYawK,παπαθανασησ προτεραιοτητα η πρασινη και βιωσιμη αναπτυξη των νησιων μεσω τησ πρωτοβουλιασ greco islands,1
Παπαθανάσης: Προτεραιότητα η πράσινη και βιώσιμη ανάπτυξη των νησιών https://t.co/32MF4eKY0n,παπαθανασησ προτεραιοτητα η πρασινη και βιωσιμη αναπτυξη των νησιων,1
Οι προτάσεις ΣΕΒ για τη Βιώσιμη Ανάπτυξη https://t.co/NL5FanmnUL,οι προτασεισ σεβ για τη βιωσιμη αναπτυξη,1
RT @Moneypressgr: ΣΕΒ: 9 προτάσεις για τη Βιώσιμη Ανάπτυξη για ταχύτερη και δικαιότερη πράσινη μ...  #moneypress https://t.co/IKkP9cjmDU ht…, moneypressgr σεβ προτασεισ για τη βιωσιμη αναπτυξη για ταχυτερη και δικαιοτερη πρασινη μ moneypress ht,1
ΣΕΒ: 9 προτάσεις για τη Βιώσιμη Ανάπτυξη για ταχύτερη και δικαιότερη πράσινη μ...  #moneypress https://t.co/IKkP9cjmDU https://t.co/d3blFXlRg7,σεβ προτασεισ για τη βιωσιμη αναπτυξη για ταχυτερη και δικαιοτερη πρασινη μ moneypress,1
Η Έλενα Κουντουρά ομιλήτρια σε εκδήλωση της COP27 για τον βιώσιμο τουρισμό https://t.co/Ol582T7Jyo #elenakoyntoyra,η ελενα κουντουρα ομιλητρια σε εκδηλωση τησ cop για τον βιωσιμο τουρισμο elenakoyntoyra,1
"ΣΕΒ: Προκλήσεις για την ανταγωνιστικότητα δημιουργεί ο στόχος για κλιματική ουδετερότητα -Προτάσεις για Βιώσιμη Ανάπτυξη - Ρεπορτάζ και ειδήσεις για την Οικονομία, τις Επιχειρήσεις, το Χρηματιστήριο, την Πολιτική #mononewsGR https://t.co/gD98MnebRF",σεβ προκλησεισ για την ανταγωνιστικοτητα δημιουργει ο στοχοσ για κλιματικη ουδετεροτητα προτασεισ για βιωσιμη αναπτυξη ρεπορταζ και ειδησεισ για την οικονομια τισ επιχειρησεισ το χρηματιστηριο την πολιτικη mononewsgr,1
Κλίμα: Στα 8 δις ο παγκόσμιος πληθυσμός - Πως επηρεάζεται το περιβάλλον https://t.co/1v26yzPxPz,κλιμα στα δισ ο παγκοσμιοσ πληθυσμοσ πωσ επηρεαζεται το περιβαλλον,1
Οι τροχοί του POWERSPIN γυρίζουν σε ψηφιακό περιβάλλον - https://t.co/g292LrtQBZ https://t.co/6WSfmGwPqi,οι τροχοι του powerspin γυριζουν σε ψηφιακο περιβαλλον,1
"💬🎬Οι θεσμικές αλλαγές που θεμελιώνουν ένα εγχώριο ακμάζον ο/α περιβάλλον καταγράφονται στη συνέντευξη του Προέδρου &amp; Δ/ντος Συμβούλου #ΕΚΟΜΕ .@panoskouanis στο .@tv100thess, στο πλαίσιο του 63ου .@filmfestivalgr.

Δείτε την εδώ 👇
https://t.co/QsGwWCgdK9

#tiff63 #studiogreece",οι θεσμικεσ αλλαγεσ που θεμελιωνουν ενα εγχωριο ακμαζον οα περιβαλλον καταγραφονται στη συνεντευξη του προεδρου amp δντοσ συμβουλου εκομε panoskouanis στο tvthess στο πλαισιο του ου filmfestivalgr δειτε την εδω tiff studiogreece,1
Τζόρτζια Μελόνι: Η G20 σε θυελλώδη νερά – Από την ενεργειακή κρίση ευκαιρία για έναν πιο βιώσιμο κόσμο https://t.co/gJ7zJ3eAgI,τζορτζια μελονι η g σε θυελλωδη νερα απο την ενεργειακη κριση ευκαιρια για εναν πιο βιωσιμο κοσμο,1
"RT @HrissyD: Συγνώμη επειδή δεν έχω καταλάβει.
Πετάνε μπογιές σε πίνακες γιατί καταστρέφουμε το περιβάλλον;
Γιατί δεν πάνε να μαζέψουν σκου…", hrissyd συγνωμη επειδη δεν εχω καταλαβει πετανε μπογιεσ σε πινακεσ γιατι καταστρεφουμε το περιβαλλον γιατι δεν πανε να μαζεψουν σκου,1
Σκέφτομαι ότι το χειρότερο με τους βανδαλισμούς των έργων τέχνης είναι η αποτυχία των δρώντων να αντιληφθούν τον πολιτισμό και το περιβάλλον ως ενιαίο αγαθό,σκεφτομαι οτι το χειροτερο με τουσ βανδαλισμουσ των εργων τεχνησ ειναι η αποτυχια των δρωντων να αντιληφθουν τον πολιτισμο και το περιβαλλον ωσ ενιαιο αγαθο,1
Ένθετο #Περιβάλλον: Οι εξελίξεις των διαπραγματεύσεων στην Παγκόσμια Διάσκεψη του ΟΗΕ για το κλίμα https://t.co/jeBDKmCvrP,ενθετο περιβαλλον οι εξελιξεισ των διαπραγματευσεων στην παγκοσμια διασκεψη του οηε για το κλιμα,1
Η #Φινλανδία είναι ο πιο βιώσιμος προορισμός της Ευρώπης για αγορές https://t.co/5plKM3wTsG,η φινλανδια ειναι ο πιο βιωσιμοσ προορισμοσ τησ ευρωπησ για αγορεσ,1
"RT @eydapgr: Ο Αναπληρωτής CEO της #ΕΥΔΑΠ Αναστάσιος Τόσιος ήταν μεταξύ των ομιλητών στο “Renewable &amp; Storage Forum”, που έγινε 20-21/10 απ…", eydapgr ο αναπληρωτησ ceo τησ ευδαπ αναστασιοσ τοσιοσ ηταν μεταξυ των ομιλητων στο renewable amp storage forum που εγινε απ,1
Ημερίδα με θέμα: Κυκλική Οικονομία &amp; Διαχείριση Απορριμμάτων (LIVE) - Πελοποννησιακό Πρακτορείο Ειδήσεων https://t.co/rMGsPYtFyR,ημεριδα με θεμα κυκλικη οικονομια amp διαχειριση απορριμματων live πελοποννησιακο πρακτορειο ειδησεων,1
ΔΗΜΟΠ Κέρκυρας: Διαδραστική παράσταση για την αλληλεπίδραση της Υγείας με το περιβάλλον. https://t.co/YdCnITxhHO,δημοπ κερκυρασ διαδραστικη παρασταση για την αλληλεπιδραση τησ υγειασ με το περιβαλλον,1
ΔΗΜΟΠ Κέρκυρας: Διαδραστική παράσταση για την αλληλεπίδραση της Υγείας με το περιβάλλον - https://t.co/Pk2cagrobV,δημοπ κερκυρασ διαδραστικη παρασταση για την αλληλεπιδραση τησ υγειασ με το περιβαλλον,1
Κώστας Σκρέκας: «Οι Ανανεώσιμες Πηγές Ενέργειας είναι η λύση» Η Ελλάδα αναδεικνύεται σε πυλώνα ενεργειακής ασφάλειας και πράσινης μετάβασης https://t.co/ndUoQKU6eO https://t.co/Qkbl1Mvqnb,κωστασ σκρεκασ οι ανανεωσιμεσ πηγεσ ενεργειασ ειναι η λυση η ελλαδα αναδεικνυεται σε πυλωνα ενεργειακησ ασφαλειασ και πρασινησ μεταβασησ,1
Κ. Σκρέκας: Πυλώνας ενεργειακής ασφάλειας η Ελλάδα – Λύση οι Ανανεώσιμες Πηγές Ενέργειας - LarissaPress https://t.co/Ma15lBZWYI,κ σκρεκασ πυλωνασ ενεργειακησ ασφαλειασ η ελλαδα λυση οι ανανεωσιμεσ πηγεσ ενεργειασ larissapress,1
«Στα 18 μου πήγε να με βιάσει άνθρωπος από το οικείο μου περιβάλλον» https://t.co/4YzINzjduM,στα μου πηγε να με βιασει ανθρωποσ απο το οικειο μου περιβαλλον,1
Ομιλος ΟΤΕ: Δράσεις και πρωτοβουλίες για τη βιώσιμη ανάπτυξη https://t.co/V8NTIKKAPF #businessnewsgr,ομιλοσ οτε δρασεισ και πρωτοβουλιεσ για τη βιωσιμη αναπτυξη businessnewsgr,1
"RT @EvangAntonaros: Ένας από τους 3 πρώην προέδρους της Νέας Δημοκρατίας είπε πρόσφατα σε στενό φιλικό του περιβάλλον: ""Εγώ με δαύτον στον…", evangantonaros ενασ απο τουσ πρωην προεδρουσ τησ νεασ δημοκρατιασ ειπε προσφατα σε στενο φιλικο του περιβαλλον εγω με δαυτον στον,1
Ο Λούλα πήγε στη σύνοδο του ΟΗΕ για το περιβάλλον με το ιδιωτικό τζετ εκατομμυριούχου https://t.co/SPeVSwzoAi,ο λουλα πηγε στη συνοδο του οηε για το περιβαλλον με το ιδιωτικο τζετ εκατομμυριουχου,1
Κώστας Σκρέκας: «Οι Ανανεώσιμες Πηγές Ενέργειας είναι η λύση»--https://t.co/gNIzU6bana,κωστασ σκρεκασ οι ανανεωσιμεσ πηγεσ ενεργειασ ειναι η λυση,1
9 συμβουλές για να δημιουργήσετε το ιδανικό περιβάλλον στην κρεβατοκάμαρά σας https://t.co/ltXzLfpJ2a,συμβουλεσ για να δημιουργησετε το ιδανικο περιβαλλον στην κρεβατοκαμαρα σασ,1
«Βραχνάς» για τους μυδοκαλλιεργητές του Θερμαϊκού Κόλπου οι θαλάσσιες φούσκες   - https://t.co/eiOPQNT0y0 https://t.co/he91Augc8k #Ημερίδα #Θαλάσσιες_Φούσκες #Θερμαϊκός_Κόλπος #Θεσσαλονίκη #Κλιματική_Κρίση #Μυδοκαλλιέργεια #Μυδοκαλλιεργητές,βραχνασ για τουσ μυδοκαλλιεργητεσ του θερμαϊκου κολπου οι θαλασσιεσ φουσκεσ ημεριδα θαλασσιεσ_φουσκεσ θερμαϊκοσ_κολποσ θεσσαλονικη κλιματικη_κριση μυδοκαλλιεργεια μυδοκαλλιεργητεσ,1
"Κώστας Σκρέκας: Οι Ανανεώσιμες Πηγές Ενέργειας είναι η λύση - Ρεπορτάζ και ειδήσεις για την Οικονομία, τις Επιχειρήσεις, το Χρηματιστήριο, την Πολιτική #mononewsGR https://t.co/1KBetbIds3",κωστασ σκρεκασ οι ανανεωσιμεσ πηγεσ ενεργειασ ειναι η λυση ρεπορταζ και ειδησεισ για την οικονομια τισ επιχειρησεισ το χρηματιστηριο την πολιτικη mononewsgr,1
Σκρέκας: Οι Ανανεώσιμες Πηγές Ενέργειας είναι η λύση https://t.co/nBISpOPSWt,σκρεκασ οι ανανεωσιμεσ πηγεσ ενεργειασ ειναι η λυση,1
έμφαση σε αυτούς που απορρέουν από το μακροοικονομικό περιβάλλον και έχουν άμεσο αντίκτυπο στον καθορισμό της στρατηγικής.,εμφαση σε αυτουσ που απορρεουν απο το μακροοικονομικο περιβαλλον και εχουν αμεσο αντικτυπο στον καθορισμο τησ στρατηγικησ,1
"Χατζηδάκης: Συνεχίζουμε την πράσινη μετάβαση με κοινωνικό πρόσημο - Ρεπορτάζ και ειδήσεις για την Οικονομία, τις Επιχειρήσεις, το Χρηματιστήριο, την Πολιτική #mononewsGR https://t.co/qEyRCn7CKq",χατζηδακησ συνεχιζουμε την πρασινη μεταβαση με κοινωνικο προσημο ρεπορταζ και ειδησεισ για την οικονομια τισ επιχειρησεισ το χρηματιστηριο την πολιτικη mononewsgr,1
"RT @Fenagytaxase479: Στα είκοσι χρόνια του έγγαμου βίου της με τον Στεφανή ζούσε μέσα στο φόβο, εκτελώντας κατά γράμμα τις εντολές του, ενώ…", fenagytaxase στα εικοσι χρονια του εγγαμου βιου τησ με τον στεφανη ζουσε μεσα στο φοβο εκτελωντασ κατα γραμμα τισ εντολεσ του ενω,1
"Οι Δελφοί επίκεντρο του διεθνούς διαλόγου για την προστασία της πολιτιστικής και φυσικής κληρονομιάς
Οι σύνθετες προκλήσεις σε ό,τι αφορά την προστασία της πολιτιστικής και φυσικής κληρονομιάς από την κλιματική κρίση και τον υπερτουρισμό, αποτελούν τα βασι
https://t.co/ajChcWVPl1",οι δελφοι επικεντρο του διεθνουσ διαλογου για την προστασια τησ πολιτιστικησ και φυσικησ κληρονομιασ οι συνθετεσ προκλησεισ σε οτι αφορα την προστασια τησ πολιτιστικησ και φυσικησ κληρονομιασ απο την κλιματικη κριση και τον υπερτουρισμο αποτελουν τα βασι,1
"Η 46χρονη βρέθηκε στην περιοχή της Νέας Σμύρνης από αστυνομικούς και βρίσκεται σε ασφαλές περιβάλλον
https://t.co/vF6a9M47J6",η χρονη βρεθηκε στην περιοχη τησ νεασ σμυρνησ απο αστυνομικουσ και βρισκεται σε ασφαλεσ περιβαλλον,1
Σκρέκας : Πρωτοπόρα η Ελλάδα στην πράσινη ενέργεια. Έχει κατευθύνει ήδη 7 δισ. ευρώ για τη στήριξη των καταναλωτών από την ενεργειακή κρίση https://t.co/4M3QpKCIdz,σκρεκασ πρωτοπορα η ελλαδα στην πρασινη ενεργεια εχει κατευθυνει ηδη δισ ευρω για τη στηριξη των καταναλωτων απο την ενεργειακη κριση,1
"Πρόκειται για παιδιά που έχουν υποστεί κάποιου είδους κακοποίηση ή παιδιά που κρίθηκε ότι είναι ακατάλληλο το οικογενειακό τους περιβάλλον και πρέπει να απομακρυνθούν από αυτό

#znews #παιδια #νοσοκομειο https://t.co/1LQ4Hx2IaC",προκειται για παιδια που εχουν υποστει καποιου ειδουσ κακοποιηση η παιδια που κριθηκε οτι ειναι ακαταλληλο το οικογενειακο τουσ περιβαλλον και πρεπει να απομακρυνθουν απο αυτο znews παιδια νοσοκομειο,1
"Γιάννης Κότσιρας: Έχανα τους φίλους μου, έχανα το περιβάλλον μου, έχανα τα πάντα https://t.co/6NNYjImbVB",γιαννησ κοτσιρασ εχανα τουσ φιλουσ μου εχανα το περιβαλλον μου εχανα τα παντα,1
"RT @HellenicOlympic: Η ΕΟΕ με την Αλεξάνδρα Πάλλη μετείχε σε διεθνείς συναντήσεις κορυφής στην Πράγα και το Λονδίνο για το περιβάλλον
👉 htt…", hellenicolympic η εοε με την αλεξανδρα παλλη μετειχε σε διεθνεισ συναντησεισ κορυφησ στην πραγα και το λονδινο για το περιβαλλον htt,1
Δήμος Λυκόβρυσης-Πεύκης: Ψεκασμός κατά της κάμπιας των πεύκων￼ https://t.co/ZecAdSWi8x,δημοσ λυκοβρυσησπευκησ ψεκασμοσ κατα τησ καμπιασ των πευκων,1
Ελλάδα: Δεύτερη παγκοσμίως σε ελκυστικότητα επενδύσεων για Ανανεώσιμες πηγές ενέργειας https://t.co/UXrFwUy0ZI,ελλαδα δευτερη παγκοσμιωσ σε ελκυστικοτητα επενδυσεων για ανανεωσιμεσ πηγεσ ενεργειασ,1
Με επιτυχία ολοκληρώθηκε η διαδικτυακή εκδήλωση ΣΘΕΒ και Δικτύου ΠΡΑΞΗ για την κυκλική οικονομία και τη βιώσιμη ανάπτυξη - LarissaPress https://t.co/f6VHSNUQB3,με επιτυχια ολοκληρωθηκε η διαδικτυακη εκδηλωση σθεβ και δικτυου πραξη για την κυκλικη οικονομια και τη βιωσιμη αναπτυξη larissapress,1
Hyundai – Δίνει το παρών στο παγκόσμιο κύπελλο ποδοσφαίρου με φιλικά προς το περιβάλλον οχήματα https://t.co/QzSB0HNo1m,hyundai δινει το παρων στο παγκοσμιο κυπελλο ποδοσφαιρου με φιλικα προσ το περιβαλλον οχηματα,1
Schaeuble: Επιμένω η πρότασή μου για προσωρινό Grexit ήταν οικονομικά σωστή – Μη βιώσιμη μία εσωτερική υποτίμηση https://t.co/pVlqlpQBKl,schaeuble επιμενω η προταση μου για προσωρινο grexit ηταν οικονομικα σωστη μη βιωσιμη μια εσωτερικη υποτιμηση,1
[Κλικ και διαβάστε στο cnn]11ο Πανελλήνιο  #Συνέδριο Ασθενών: Ανάγκη για ένα προσβάσιμο και βιώσιμο σύστημα υγείας https://t.co/tzBhra07mH,κλικ και διαβαστε στο cnnο πανελληνιο συνεδριο ασθενων αναγκη για ενα προσβασιμο και βιωσιμο συστημα υγειασ,1
11ο Πανελλήνιο Συνέδριο Ασθενών: Ανάγκη για ένα προσβάσιμο και βιώσιμο σύστημα υγείας - https://t.co/4SA1DHbm9y https://t.co/UHs1X4LCel,ο πανελληνιο συνεδριο ασθενων αναγκη για ενα προσβασιμο και βιωσιμο συστημα υγειασ,1
Ernst&amp;Young : Στη δεύτερη θέση παγκοσμίως η Ελλάδα σε ελκυστικότητα για επενδύσεις σε Ανανεώσιμες Πηγές Ενέργειας https://t.co/u8iXR56Qrk,ernstampyoung στη δευτερη θεση παγκοσμιωσ η ελλαδα σε ελκυστικοτητα για επενδυσεισ σε ανανεωσιμεσ πηγεσ ενεργειασ,1
"COP27: Νέο ταμείο για τις φτωχότερες χώρες που πλήττονται από την κλιματική αλλαγή - Ρεπορτάζ και ειδήσεις για την Οικονομία, τις Επιχειρήσεις, το Χρηματιστήριο, την Πολιτική #mononewsGR https://t.co/ovWXvDKz9N",cop νεο ταμειο για τισ φτωχοτερεσ χωρεσ που πληττονται απο την κλιματικη αλλαγη ρεπορταζ και ειδησεισ για την οικονομια τισ επιχειρησεισ το χρηματιστηριο την πολιτικη mononewsgr,1
Forward Green: 1η Διεθνής Έκθεση για την Κυκλική Οικονομία - https://t.co/eiOPQNSsIs https://t.co/AVnWShby9P #1ηΔιεθνήςΈκθεση #ΚυκλικήΟικονομία #ForwardGreen,forward green η διεθνησ εκθεση για την κυκλικη οικονομια ηδιεθνησεκθεση κυκλικηοικονομια forwardgreen,1
"ΕΙΔΙΚΟ ΘΕΜΑ
Η τσέπη του αγρότη και το περιβάλλον στους ορυζώνες της δυτικής Θεσσαλονίκης, μεγάλοι κερδισμένοι από την Γεωργία Ακριβείας 

https://t.co/A3njoqSa4i https://t.co/VLZOMWpFqc",ειδικο θεμα η τσεπη του αγροτη και το περιβαλλον στουσ ορυζωνεσ τησ δυτικησ θεσσαλονικησ μεγαλοι κερδισμενοι απο την γεωργια ακριβειασ,1
"Σακελλαροπούλου: Ας δώσουμε σε όλα τα παιδιά μια οικογένεια, ένα περιβάλλον αγάπης και φροντίδας https://t.co/nJD8UJpL3s",σακελλαροπουλου ασ δωσουμε σε ολα τα παιδια μια οικογενεια ενα περιβαλλον αγαπησ και φροντιδασ,1
Τι είναι το διατροφικό περιβάλλον και πώς επηρεάζει τη σχέση μας με την τροφή; https://t.co/3UBe7PqUaI,τι ειναι το διατροφικο περιβαλλον και πωσ επηρεαζει τη σχεση μασ με την τροφη,1
"Σακελλαροπούλου: Ας δώσουμε σε όλα τα παιδιά μια οικογένεια, ένα περιβάλλον αγάπης και φροντίδας - https://t.co/OtZ9qAla4I https://t.co/qImFjOL0Ct",σακελλαροπουλου ασ δωσουμε σε ολα τα παιδια μια οικογενεια ενα περιβαλλον αγαπησ και φροντιδασ,1
"Κ. Σακελλαροπούλου: Ας δώσουμε σε όλα τα παιδιά μια οικογένεια, ένα περιβάλλον αγάπης και φροντίδας μέσα στο οποίο θα ανθίσουν https://t.co/9qmE4CO9fL",κ σακελλαροπουλου ασ δωσουμε σε ολα τα παιδια μια οικογενεια ενα περιβαλλον αγαπησ και φροντιδασ μεσα στο οποιο θα ανθισουν,1
"Νέβες: Έχουμε ένα εντυπωσιακό περιβάλλον, ο Ρονάλντο είναι σε εξαιρετική φόρμα #athlosnews #ΑΘΛΟΣ https://t.co/6pk8nHX9tP",νεβεσ εχουμε ενα εντυπωσιακο περιβαλλον ο ροναλντο ειναι σε εξαιρετικη φορμα athlosnews αθλοσ,1
"Σακελλαροπούλου: Να δώσουμε σε όλα τα παιδιά μια οικογένεια, ένα περιβάλλον αγάπης και φροντίδας https://t.co/gOmshnnxlJ",σακελλαροπουλου να δωσουμε σε ολα τα παιδια μια οικογενεια ενα περιβαλλον αγαπησ και φροντιδασ,1
[Κλικ και διαβάστε στο Real News] #Κατερίνα  #Σακελλαρόπουλου: Ας δώσουμε σε όλα τα παιδιά ένα περιβάλλον αγάπης και φροντίδας μέσα στο οποίο θ https://t.co/kdY3YbTYDP,κλικ και διαβαστε στο real news κατερινα σακελλαροπουλου ασ δωσουμε σε ολα τα παιδια ενα περιβαλλον αγαπησ και φροντιδασ μεσα στο οποιο θ,1
[Κλικ και διαβάστε στο Real News] #Κατερίνα  #Σακελλαρόπουλου: Ας δώσουμε σε όλα τα παιδιά ένα περιβάλλον αγάπης και φροντίδας μέσα στο οποίο θ https://t.co/kdY3YbTqOh,κλικ και διαβαστε στο real news κατερινα σακελλαροπουλου ασ δωσουμε σε ολα τα παιδια ενα περιβαλλον αγαπησ και φροντιδασ μεσα στο οποιο θ,1
"Σακελλαροπούλου: Να δώσουμε σε όλα τα παιδιά μια οικογένεια, ένα περιβάλλον αγάπης και φροντίδας--https://t.co/PlHg9Mggw5",σακελλαροπουλου να δωσουμε σε ολα τα παιδια μια οικογενεια ενα περιβαλλον αγαπησ και φροντιδασ,1
".@PresidencyGR: 
«Ας δώσουμε σε όλα τα παιδιά μια οικογένεια, ένα περιβάλλον αγάπης και φροντίδας μέσα στο οποίο θα ανθίσουν»

https://t.co/EImvSmsnoN https://t.co/PqjFrpire4",presidencygr ασ δωσουμε σε ολα τα παιδια μια οικογενεια ενα περιβαλλον αγαπησ και φροντιδασ μεσα στο οποιο θα ανθισουν,1
Ανανεώσιμες Πηγές Ενέργειας: Γιατί αντιδρά η ΕΛΕΤΑΕΝ στις Ειδικές Περιβαλλοντικές Μελέτες https://t.co/vaYzCrMVuA #businessnewsgr,ανανεωσιμεσ πηγεσ ενεργειασ γιατι αντιδρα η ελεταεν στισ ειδικεσ περιβαλλοντικεσ μελετεσ businessnewsgr,1
Βιώσιμη Γεωργία: Μια Εφικτή Λύση με Πολλαπλά Οφέλη για τον Πλανήτη – Act for Earth | CNN Greece https://t.co/RS9Bl73XGS,βιωσιμη γεωργια μια εφικτη λυση με πολλαπλα οφελη για τον πλανητη act for eah cnn greece,1
Σακελλαροπούλου: Ας δώσουμε σε όλα τα παιδιά ένα περιβάλλον αγάπης και φροντίδας https://t.co/AeosGiC3n9 #GiTisElias #gntmgr #Sasmos #kaneotikoimasai #Pagidevmenoi,σακελλαροπουλου ασ δωσουμε σε ολα τα παιδια ενα περιβαλλον αγαπησ και φροντιδασ gitiselias gntmgr sasmos kaneotikoimasai pagidevmenoi,1
Πόσο εύκολα προσαρμόζονται γάτες και σκύλοι στο νέο περιβάλλον και με ξένους [μελέτη] https://t.co/gaBXOMumfH,ποσο ευκολα προσαρμοζονται γατεσ και σκυλοι στο νεο περιβαλλον και με ξενουσ μελετη,1
"🔐 Δεν βλέπεις λύσεις; Δημιούργησε ένα περιβάλλον απόλυτης ησυχίας για να αφουγκραστείς το Σύμπαν!
@AngeloLabrou #ΠροσωπικήΑνάπτυξη #Αυτοβελτίωση #ευτυχία #επιτυχία #inspresso",δεν βλεπεισ λυσεισ δημιουργησε ενα περιβαλλον απολυτησ ησυχιασ για να αφουγκραστεισ το συμπαν angelolabrou προσωπικηαναπτυξη αυτοβελτιωση ευτυχια επιτυχια inspresso,1
5th Athens Investment Forum: Ανοίγει η αυλαία για το κορυφαίο Συνέδριο του ελληνικού επιχειρείν με επίκεντρο τη βιώσιμη ανάπτυξη και τον ψηφιακό μετασχηματισμό https://t.co/y6UWj5qCuw,th athens investment forum ανοιγει η αυλαια για το κορυφαιο συνεδριο του ελληνικου επιχειρειν με επικεντρο τη βιωσιμη αναπτυξη και τον ψηφιακο μετασχηματισμο,1
"Επιτροπή Πρέβεζα, Ιστορία – Πολιτισμός – Περιβάλλον: Πολυσπόρια https://t.co/nZrN7re0YY https://t.co/zMrJHlVhzR",επιτροπη πρεβεζα ιστορια πολιτισμοσ περιβαλλον πολυσπορια,1
MYTILINEOS: Φέρνοντας τη Βιώσιμη Ανάπτυξη στο πλευρό της ελληνικής κοινωνίας https://t.co/Og2EftRPrB,mytilineos φερνοντασ τη βιωσιμη αναπτυξη στο πλευρο τησ ελληνικησ κοινωνιασ,1
"Το «Μικρό Χωριό» της Ευρυτανίας είναι ένα στολίδι μέσα στο ελατοδάσος - Η φύση έχει δημιουργήσει ένα μοναδικό σκηνικό και τα σπίτια μοιάζουν τόσο αρμονικά τοποθετημένα στο φυσικό περιβάλλον
#καρπενησι https://t.co/v7f4m2zBlb",το μικρο χωριο τησ ευρυτανιασ ειναι ενα στολιδι μεσα στο ελατοδασοσ η φυση εχει δημιουργησει ενα μοναδικο σκηνικο και τα σπιτια μοιαζουν τοσο αρμονικα τοποθετημενα στο φυσικο περιβαλλον καρπενησι,1
"Η Linde Hellas ανακοίνωσε ότι ξεκίνησε την παραγωγή πράσινου υδρογόνου στις εγκαταστάσεις της στη Μάνδρα, χρησιμοποιώντας ανανεώσιμες πηγές ενέργειας για την ηλεκτρόλυση διαλύματος KOH",η linde hellas ανακοινωσε οτι ξεκινησε την παραγωγη πρασινου υδρογονου στισ εγκαταστασεισ τησ στη μανδρα χρησιμοποιωντασ ανανεωσιμεσ πηγεσ ενεργειασ για την ηλεκτρολυση διαλυματοσ koh,1
Vodafone: Ένα ξεχωριστό περιβάλλον εργασίας στην Ελλάδα που προσφέρει ευκαιρίες εξέλιξης και κατάρτισης https://t.co/1wdnMiYuHo,vodafone ενα ξεχωριστο περιβαλλον εργασιασ στην ελλαδα που προσφερει ευκαιριεσ εξελιξησ και καταρτισησ,1
Οι ανανεώσιμες πηγές ενέργειας στο επίκεντρο του 5th Athens Investment Forum https://t.co/zajFbokMjr,οι ανανεωσιμεσ πηγεσ ενεργειασ στο επικεντρο του th athens investment forum,1
Vodafone: Ένα ξεχωριστό περιβάλλον εργασίας που προσφέρει ευκαιρίες εξέλιξης και κατάρτισης https://t.co/HKrbGyYB6r,vodafone ενα ξεχωριστο περιβαλλον εργασιασ που προσφερει ευκαιριεσ εξελιξησ και καταρτισησ,1
⭕ “Ανησυχητικό” και “προκλητικό” χαρακτηρίζει η πρόεδρος της Ευρωπαϊκής Ομοσπονδίας Δημοσιογράφων το περιβάλλον του Τύπου στην Ελλάδα https://t.co/wYNvu2QX1u,ανησυχητικο και προκλητικο χαρακτηριζει η προεδροσ τησ ευρωπαϊκησ ομοσπονδιασ δημοσιογραφων το περιβαλλον του τυπου στην ελλαδα,1
"Γρηγόρης Δημητριάδης (Υπερταμείο): Επιτακτική η ανάγκη για βιώσιμη ανάπτυξη και ψηφιακό μετασχηματισμό - Ρεπορτάζ και ειδήσεις για την Οικονομία, τις Επιχειρήσεις, το Χρηματιστήριο, την Πολιτική #mononewsGR https://t.co/ieVQxUsg1Y",γρηγορησ δημητριαδησ υπερταμειο επιτακτικη η αναγκη για βιωσιμη αναπτυξη και ψηφιακο μετασχηματισμο ρεπορταζ και ειδησεισ για την οικονομια τισ επιχειρησεισ το χρηματιστηριο την πολιτικη mononewsgr,1
Γρηγόρης Δημητριάδης (Υπερταμείο): Αναγκαία η ψηφιακή και βιώσιμη μετάβαση https://t.co/CmEMeBHjOd #businessnewsgr,γρηγορησ δημητριαδησ υπερταμειο αναγκαια η ψηφιακη και βιωσιμη μεταβαση businessnewsgr,1
Β. Κουτεντάκης: Αρρηκτα συνδεδεμένες βιώσιμη ανάπτυξη και ψηφιακός μετασχηματισμός https://t.co/4wswre3gNC,β κουτεντακησ αρρηκτα συνδεδεμενεσ βιωσιμη αναπτυξη και ψηφιακοσ μετασχηματισμοσ,1
"Σχοινάς: Έχει έρθει η ώρα για ένα βιώσιμο ευρωπαϊκό πλαίσιο ασύλου και μετανάστευσης

https://t.co/uxso0nAmtO",σχοινασ εχει ερθει η ωρα για ενα βιωσιμο ευρωπαϊκο πλαισιο ασυλου και μεταναστευσησ,1
"Η #κλιματική_αλλαγή ευνοεί την εξάπλωση μολυσματικών ασθενειών, προειδοποιεί το Παγκόσμιο Ταμείο Καταπολέμησης του #AIDS, της φυματίωσης και της ελονοσίας

https://t.co/ohWshMeBGZ https://t.co/7fOaZorcCE",η κλιματικη_αλλαγη ευνοει την εξαπλωση μολυσματικων ασθενειων προειδοποιει το παγκοσμιο ταμειο καταπολεμησησ του aids τησ φυματιωσησ και τησ ελονοσιασ,1
Ίδρυμα Μποδοσάκη: «Σχέδιο Δράσης για το Περιβάλλον και το Κλίμα» https://t.co/mbDFnbr8Fk,ιδρυμα μποδοσακη σχεδιο δρασησ για το περιβαλλον και το κλιμα,1
Μ. Σχοινάς: Έχει έρθει η ώρα για ένα βιώσιμο ευρωπαϊκό πλαίσιο ασύλου και μετανάστευσης https://t.co/JhVZ0GOCCO,μ σχοινασ εχει ερθει η ωρα για ενα βιωσιμο ευρωπαϊκο πλαισιο ασυλου και μεταναστευσησ,1
Μ. Σχοινάς: Έχει έρθει η ώρα για ένα βιώσιμο ευρωπαϊκό πλαίσιο ασύλου και μετανάστευσης https://t.co/GOqTlxNQhn #gntmgr #Pagidevmenoi #GiTisElias #kaneotikoimasai #Sasmos,μ σχοινασ εχει ερθει η ωρα για ενα βιωσιμο ευρωπαϊκο πλαισιο ασυλου και μεταναστευσησ gntmgr pagidevmenoi gitiselias kaneotikoimasai sasmos,1
Σχοινάς: Ώρα για βιώσιμο ευρωπαϊκό πλαίσιο ασύλου και μετανάστευσης - https://t.co/9QBkOFJXYW https://t.co/GdgxiMMROW,σχοινασ ωρα για βιωσιμο ευρωπαϊκο πλαισιο ασυλου και μεταναστευσησ,1
Μ. Σχοινάς: Έχει έρθει η ώρα για ένα βιώσιμο ευρωπαϊκό πλαίσιο ασύλου και μετανάστευσης https://t.co/zkAi2v61xt,μ σχοινασ εχει ερθει η ωρα για ενα βιωσιμο ευρωπαϊκο πλαισιο ασυλου και μεταναστευσησ,1
RT @ilianewskoukos: Έργο «πνοής» για το περιβάλλον και τη δημόσια υγεία των κατοίκων https://t.co/eic65xB3Zh https://t.co/5jrv0tSwJO, ilianewskoukos εργο πνοησ για το περιβαλλον και τη δημοσια υγεια των κατοικων,1
Έργο «πνοής» για το περιβάλλον και τη δημόσια υγεία των κατοίκων https://t.co/eic65xB3Zh https://t.co/5jrv0tSwJO,εργο πνοησ για το περιβαλλον και τη δημοσια υγεια των κατοικων,1
"""Η ευθύνη που φέρει η δική μας γενιά είναι μεγάλη. Η ελπίδ
ΧΑΙΡΕΤΙΣΜΟΣ ΤΗΣ ΠΡΟΕΔΡΟΥ ΤΗΣ ΔΗΜΟΚΡΑΤΙΑΣ ΚΑΤΕΡΙΝΑΣ ΣΑΚΕΛΛΑΡΟΠΟΥΛΟΥ ΣΤΑ ΕΓΚΑΙΝΙΑ ΤΗΣ ΕΚΘΕΣΗΣ «ΚΛΙΜΑΤΙΚΗ ΑΛΛΑΓΗ ΚΑΙ ΕΜΕΙΣ» ΣΤΟ ΜΟΥΣΕΙΟ ΓΟΥΛΑΝΔΡΗ ΦΥΣΙΚΗΣ ΙΣΤΟΡΙΑΣ – ΚΕΝΤΡΟ ΓΑΙΑ
https://t.co/LFYWniyybA
📸Τheodore Manolopoulos https://t.co/pGlbCsXVyt",η ευθυνη που φερει η δικη μασ γενια ειναι μεγαλη η ελπιδ χαιρετισμοσ τησ προεδρου τησ δημοκρατιασ κατερινασ σακελλαροπουλου στα εγκαινια τησ εκθεσησ κλιματικη αλλαγη και εμεισ στο μουσειο γουλανδρη φυσικησ ιστοριασ κεντρο γαια τheodore manolopoulos,1
ΕΥ: Αναγκαία η ευελιξία και η προσαρμοστικότητα στο νέο φορολογικό περιβάλλον https://t.co/ScTqH5ioeq,ευ αναγκαια η ευελιξια και η προσαρμοστικοτητα στο νεο φορολογικο περιβαλλον,1
"Πώς συνδέεται ο χορός με την επιστήμη, την τεχνολογία και το περιβάλλον https://t.co/8U41a6Bsc1",πωσ συνδεεται ο χοροσ με την επιστημη την τεχνολογια και το περιβαλλον,1
Μετανάστευση και άσυλο: Συζήτηση στο Ευρωκοινοβούλιο για βιώσιμη μακροπρόθεσμη λύση - https://t.co/Eh36lj7wpG https://t.co/KF5qh3iPop,μεταναστευση και ασυλο συζητηση στο ευρωκοινοβουλιο για βιωσιμη μακροπροθεσμη λυση,1
"Vodafone: Ένα ξεχωριστό περιβάλλον εργασίας στην Ελλάδα που προσφέρει ευκαιρίες εξέλιξης και κατάρτισης, σε ένα πλαίσιο ισότητας και καινοτομίας https://t.co/bSNkF553eW https://t.co/FII9BVfoeq",vodafone ενα ξεχωριστο περιβαλλον εργασιασ στην ελλαδα που προσφερει ευκαιριεσ εξελιξησ και καταρτισησ σε ενα πλαισιο ισοτητασ και καινοτομιασ,1
"Vodafone: Ένα ξεχωριστό περιβάλλον εργασίας στην Ελλάδα που προσφέρει ευκαιρίες εξέλιξης και κατάρτισης, σε ένα πλαίσιο ισότητας και ... https://t.co/RP4nS41aMO",vodafone ενα ξεχωριστο περιβαλλον εργασιασ στην ελλαδα που προσφερει ευκαιριεσ εξελιξησ και καταρτισησ σε ενα πλαισιο ισοτητασ και,1
Μαθητές μυούνται στην κυκλική οικονομία μέσα από το Δελφικό τοπίο https://t.co/mKNAoxwkJr,μαθητεσ μυουνται στην κυκλικη οικονομια μεσα απο το δελφικο τοπιο,1
"Κλιματική αλλαγή: Περισσότεροι από 20.000 θάνατοι στη Δυτική Ευρώπη συνδέονται με τους θερινούς καύσωνες - Ρεπορτάζ και ειδήσεις για την Οικονομία, τις Επιχειρήσεις, το Χρηματιστήριο, την Πολιτική #mononewsGR https://t.co/6eryuVGOWU",κλιματικη αλλαγη περισσοτεροι απο θανατοι στη δυτικη ευρωπη συνδεονται με τουσ θερινουσ καυσωνεσ ρεπορταζ και ειδησεισ για την οικονομια τισ επιχειρησεισ το χρηματιστηριο την πολιτικη mononewsgr,1
Νερό «δηλητήριο» από λιπάσματα - Η περιοχή που χτυπά «κόκκινο» στη Θεσσαλονίκη https://t.co/pFXplWTVyu #ΠΕΡΙΒΑΛΛΟΝ #ΠΕΡΙΞ #ΥΔΡΕΥΣΗ https://t.co/msa2xiYgLy,νερο δηλητηριο απο λιπασματα η περιοχη που χτυπα κοκκινο στη θεσσαλονικη περιβαλλον περιξ υδρευση,1
Motor Oil: Εξαγορά του 100% της Thalis - Επέκταση στην κυκλική οικονομία https://t.co/FDSHyyUgdg,motor oil εξαγορα του τησ thalis επεκταση στην κυκλικη οικονομια,1
"Motor Oil: Εξαγόρασε το 100% της Thalis ES, επενδύοντας στην κυκλική οικονομία https://t.co/QD9IyDR0yM #businessnewsgr",motor oil εξαγορασε το τησ thalis es επενδυοντασ στην κυκλικη οικονομια businessnewsgr,1
"Μαθητές μυούνται στην κυκλική οικονομία μέσα από το Δελφικό τοπίο

https://t.co/6Seie3bIYr https://t.co/vvSh6gLVNe",μαθητεσ μυουνται στην κυκλικη οικονομια μεσα απο το δελφικο τοπιο,1
"Στις 26 και 27 Νοεμβρίου 2022 στο θέατρο «Μίκης Θεοδωράκης» θα διοργανωθεί το «Climathon» των Χανίων, μια δράση ιδεών για το κλίμα, φιλική προς τις οικογένειες και τα παιδιά, με δωρεάν συμμετοχή. https://t.co/z18TvzWPn9",στισ και νοεμβριου στο θεατρο μικησ θεοδωρακησ θα διοργανωθει το climathon των χανιων μια δραση ιδεων για το κλιμα φιλικη προσ τισ οικογενειεσ και τα παιδια με δωρεαν συμμετοχη,1
"Δημήτρης Ταμβάκης (ΔΕΠΑ Εμπορίας): Προετοιμάζουμε το έδαφος για τη νέα «πράσινη» πραγματικότητα - Ρεπορτάζ και ειδήσεις για την Οικονομία, τις Επιχειρήσεις, το Χρηματιστήριο, την Πολιτική #mononewsGR https://t.co/jCNVja0EEP",δημητρησ ταμβακησ δεπα εμποριασ προετοιμαζουμε το εδαφοσ για τη νεα πρασινη πραγματικοτητα ρεπορταζ και ειδησεισ για την οικονομια τισ επιχειρησεισ το χρηματιστηριο την πολιτικη mononewsgr,1
"ΚΕΔΕ: Οι προτεραιότητες των δήμων για κυβερνησιμότητα, οικονομικά, ενέργεια και περιβάλλον https://t.co/H8Kg7hPPsJ",κεδε οι προτεραιοτητεσ των δημων για κυβερνησιμοτητα οικονομικα ενεργεια και περιβαλλον,1
Ίδρυμα Μποδοσάκη: Σχέδιο Δράσης για το περιβάλλον και το κλίμα στη διάθεση της Πολιτείας https://t.co/Wb6HuSQJsE,ιδρυμα μποδοσακη σχεδιο δρασησ για το περιβαλλον και το κλιμα στη διαθεση τησ πολιτειασ,1
"Ο Όμιλος Motor Oil το 2030: Επενδύει 2,5 δισ  ευρώ για ένα πιο βιώσιμο μέλλον. https://t.co/Vwe8V7D4Ho",ο ομιλοσ motor oil το επενδυει δισ ευρω για ενα πιο βιωσιμο μελλον,1
"Ευρωπαϊκή Επιτροπή-προγραμμα LIFE για το περιβάλλον: Χρηματοδότηση 380 εκατ. ευρώ για 168 νέα έργα - Ρεπορτάζ και ειδήσεις για την Οικονομία, τις Επιχειρήσεις, το Χρηματιστήριο, την Πολιτική #mononewsGR https://t.co/OoSBKSU0rQ",ευρωπαϊκη επιτροπηπρογραμμα life για το περιβαλλον χρηματοδοτηση εκατ ευρω για νεα εργα ρεπορταζ και ειδησεισ για την οικονομια τισ επιχειρησεισ το χρηματιστηριο την πολιτικη mononewsgr,1
"Η Γκρέτα Τούνμπεργκ και 600 νέοι προσφεύγουν στη δικαιοσύνη κατά της Σουηδίας για το περιβάλλον

https://t.co/J4ziHh0DbW",η γκρετα τουνμπεργκ και νεοι προσφευγουν στη δικαιοσυνη κατα τησ σουηδιασ για το περιβαλλον,1
Καινοτόμος σχεδιασμός για πράσινη οικονομία στην επαγγελματική εκπαίδευση από το ΠΕΚΕΣ και το ΠΘ https://t.co/KThWNklVnr,καινοτομοσ σχεδιασμοσ για πρασινη οικονομια στην επαγγελματικη εκπαιδευση απο το πεκεσ και το πθ,1
H Έλενα Κουντουρά ομιλήτρια στο διεθνές συνέδριο Circle the Med Forum 2022 για τον βιώσιμο τουρισμό στη Μεσόγειο https://t.co/UC60xA150V,h ελενα κουντουρα ομιλητρια στο διεθνεσ συνεδριο circle the med forum για τον βιωσιμο τουρισμο στη μεσογειο,1
"Θέρμη: Ανησυχία για ρύπους από εργοστάσιο, δίπλα στο 2ο Δημοτικό σχολείο https://t.co/YV3o8A1dYn #ΘΕΡΜΗ #ΚΑΤΑΓΓΕΛΙΕΣ #ΠΕΡΙΒΑΛΛΟΝ #ΣΧΟΛΙΚΑ https://t.co/gPsRjnodGn",θερμη ανησυχια για ρυπουσ απο εργοστασιο διπλα στο ο δημοτικο σχολειο θερμη καταγγελιεσ περιβαλλον σχολικα,1
Γερμανία - «Τελευταία γενιά»: Οργή για τη δράση των ακτιβιστών για το κλίμα - https://t.co/uuo1NeZ6QO https://t.co/sfI7fofCle,γερμανια τελευταια γενια οργη για τη δραση των ακτιβιστων για το κλιμα,1
Γερμανία: Κυβέρνηση και αντιπολίτευση καταδικάζουν τη δράση των ακραίων ακτιβιστών για το κλίμα “Τελευταία Γενιά” https://t.co/Wgv7IsRrsg,γερμανια κυβερνηση και αντιπολιτευση καταδικαζουν τη δραση των ακραιων ακτιβιστων για το κλιμα τελευταια γενια,1
Γερμανία: Κυβέρνηση και αντιπολίτευση καταδικάζουν τη δράση των ακτιβιστών για το κλίμα «Τελευταία Γενιά» https://t.co/8GUfj3QYTq,γερμανια κυβερνηση και αντιπολιτευση καταδικαζουν τη δραση των ακτιβιστων για το κλιμα τελευταια γενια,1
Παπαστεργίου: Τα πάντα είναι περιβάλλον – και τι κάνουμε για αυτό https://t.co/bDlx34padx,παπαστεργιου τα παντα ειναι περιβαλλον και τι κανουμε για αυτο,1
"Γερμανία: Κυβέρνηση και αντιπολίτευση καταδικάζουν τη δράση των ακτιβιστών για το κλίμα «Τελευταία Γενιά» - Ρεπορτάζ και ειδήσεις για την Οικονομία, τις Επιχειρήσεις, το Χρηματιστήριο, την Πολιτική #mononewsGR https://t.co/xL8wOBfKkt",γερμανια κυβερνηση και αντιπολιτευση καταδικαζουν τη δραση των ακτιβιστων για το κλιμα τελευταια γενια ρεπορταζ και ειδησεισ για την οικονομια τισ επιχειρησεισ το χρηματιστηριο την πολιτικη mononewsgr,1
Η Ματίκα παραδέχεται: «Έχω δεχθεί κακοποιητικές συμπεριφορές στο εργασιακό περιβάλλον» https://t.co/AdG1J2uoRi,η ματικα παραδεχεται εχω δεχθει κακοποιητικεσ συμπεριφορεσ στο εργασιακο περιβαλλον,1
"Στην κυκλική οικονομία η Motor Oil
https://t.co/OxJ9rQ9FLR https://t.co/80fa0OEHrK",στην κυκλικη οικονομια η motor oil,1
Βιώσιμη Ανάπτυξη και ESG στο επίκεντρο των αξιών της ΕΥΔΑΠ https://t.co/X9h97LRNWg,βιωσιμη αναπτυξη και esg στο επικεντρο των αξιων τησ ευδαπ,1
"Το γαλλικό περιοδικό επικαλείται το οικογενειακό περιβάλλον του Αργεντινού
https://t.co/61Ci3Hs6A7",το γαλλικο περιοδικο επικαλειται το οικογενειακο περιβαλλον του αργεντινου,1
Ίδρυμα Μποδοσάκη: 10 μεταρρυθμίσεις στο Σχέδιο Δράσης για το Περιβάλλον και το Κλίμα - https://t.co/s8ee5SCjZa https://t.co/umNB34idM4,ιδρυμα μποδοσακη μεταρρυθμισεισ στο σχεδιο δρασησ για το περιβαλλον και το κλιμα,1
Bloomberg: “Η Γερμανία θα ΦΟΡΟΛΟΓΗΣΕΙ ΥΠΕΡΟΓΚΑ και την πράσινη ενέργεια” https://t.co/FYC0DeBadR,bloomberg η γερμανια θα φορολογησει υπερογκα και την πρασινη ενεργεια,1
Θάλεια Ματίκα: «Έχω δεχθεί κακοποιητικές συμπεριφορές στο εργασιακό περιβάλλον» https://t.co/WwItbPzwzz,θαλεια ματικα εχω δεχθει κακοποιητικεσ συμπεριφορεσ στο εργασιακο περιβαλλον,1
Περιφέρεια Κρήτης | Βράβευση για τη δράση της στην Κυκλική Οικονομία https://t.co/MsPEBMOrWA,περιφερεια κρητησ βραβευση για τη δραση τησ στην κυκλικη οικονομια,1
Βράβευση της Περιφέρειας Κρήτης για την δράση της στη Κυκλική Οικονομία https://t.co/qtaa97S1Ej,βραβευση τησ περιφερειασ κρητησ για την δραση τησ στη κυκλικη οικονομια,1
Ξεκινά νέο πρόγραμμα για τη βιώσιμη ανάπτυξη σε 10 ευρωπαϊκές περιφέρειες https://t.co/OxxEeNoGgn,ξεκινα νεο προγραμμα για τη βιωσιμη αναπτυξη σε ευρωπαϊκεσ περιφερειεσ,1
Βιώσιμη ανάπτυξη και εξωστρέφεια στο επίκεντρο της Γενικής Συνέλευσης του ΕΕΔΕΓΕ https://t.co/7cOJ6oPSV2 https://t.co/HE4Ng9HQcb,βιωσιμη αναπτυξη και εξωστρεφεια στο επικεντρο τησ γενικησ συνελευσησ του εεδεγε,1
Coca-Cola στην Ελλάδα: Ορίζοντες για ένα πιο βιώσιμο μέλλον | CNN Greece https://t.co/bWUvmWKyXx,cocacola στην ελλαδα οριζοντεσ για ενα πιο βιωσιμο μελλον cnn greece,1
"🗣️ ""Θα πρέπει να εστιάσουμε στις ανάγκες του παιδιού και των γονιών του, στην πρόληψη, στην ενδυνάμωση των οικογενειών στον τόπου που κατοικούν και όχι σε ένα ίδρυμα που είναι ένα χαοτικό περιβάλλον και καλείται να προστατέψει ένα παιδί με χαοτικά συνα... https://t.co/nyvlCOmuzL",θα πρεπει να εστιασουμε στισ αναγκεσ του παιδιου και των γονιων του στην προληψη στην ενδυναμωση των οικογενειων στον τοπου που κατοικουν και οχι σε ενα ιδρυμα που ειναι ενα χαοτικο περιβαλλον και καλειται να προστατεψει ενα παιδι με χαοτικα συνα,1
RT @pprodromou: Σύνοδος Συμβουλίου Παιδείας και Νεολαίας Ε.Ε. ✅Διαδρομές σχολικής επιτυχίας κ ευημερία στην ψηφιακή εκπαίδευση ✅Ευρωπαϊκό Έ…, pprodromou συνοδοσ συμβουλιου παιδειασ και νεολαιασ εε διαδρομεσ σχολικησ επιτυχιασ κ ευημερια στην ψηφιακη εκπαιδευση ευρωπαϊκο ε,1
"Ν. Ανδρουλάκης: Νέο κοινωνικό συμβόλαιο για ανάπτυξη, κοινωνική συνοχή, περιβάλλον-“Κανείς δεν θα μείνει πίσω” https://t.co/yfxyBSvRPl",ν ανδρουλακησ νεο κοινωνικο συμβολαιο για αναπτυξη κοινωνικη συνοχη περιβαλλονκανεισ δεν θα μεινει πισω,1
"Ν. Ανδρουλάκης: Νέο κοινωνικό συμβόλαιο για ανάπτυξη, κοινωνική συνοχή, περιβάλλον-“Κανείς δεν θα μείνει πίσω” https://t.co/LFN325GoTO",ν ανδρουλακησ νεο κοινωνικο συμβολαιο για αναπτυξη κοινωνικη συνοχη περιβαλλονκανεισ δεν θα μεινει πισω,1
Πώς θα το πάει ο ΣΥΡΙΖΑ και ποιος καθορίζει το περιβάλλον των εκλογών https://t.co/4O5BtwOLgO,πωσ θα το παει ο συριζα και ποιοσ καθοριζει το περιβαλλον των εκλογων,1
Ο Μεγάλος κοραλλιογενής Ύφαλος βρίσκεται σε κίνδυνο https://t.co/nzBiE5CeKJ #ΘΑΛΑΣΣΑ #ΚΟΣΜΟΣ #ΠΕΡΙΒΑΛΛΟΝ https://t.co/94IWgAXPGU,ο μεγαλοσ κοραλλιογενησ υφαλοσ βρισκεται σε κινδυνο θαλασσα κοσμοσ περιβαλλον,1
Η Greta Thunberg δεν σταματά τη δράση της για το κλίμα https://t.co/Cxr2njBWXn,η greta thunberg δεν σταματα τη δραση τησ για το κλιμα,1
Σε διεθνές φόρουμ για τη βιώσιμη κινητικότητα ο Δήμος Πλατανιά. https://t.co/uh1ciuMYFk,σε διεθνεσ φορουμ για τη βιωσιμη κινητικοτητα ο δημοσ πλατανια,1
"Τσίπρας: Η Ελλάδα είναι σήμερα μια χώρα άδικη για τους πολλούς και χωρίς βιώσιμη αναπτυξιακή στρατηγική,
https://t.co/uR391PA1i3,",τσιπρασ η ελλαδα ειναι σημερα μια χωρα αδικη για τουσ πολλουσ και χωρισ βιωσιμη αναπτυξιακη στρατηγικη,1
".@atsipras στο συνέδριο της @naftemporikigr: Η Ελλάδα είναι σήμερα μια χώρα άδικη για τους πολλούς, αλλά και χωρίς βιώσιμη μακροπρόθεσμη αναπτυξιακή στρατηγική 

https://t.co/rVulESLpC1",atsipras στο συνεδριο τησ naftemporikigr η ελλαδα ειναι σημερα μια χωρα αδικη για τουσ πολλουσ αλλα και χωρισ βιωσιμη μακροπροθεσμη αναπτυξιακη στρατηγικη,1
Εκπαιδευτική εκδήλωση στον Βόλο για την πράσινη ενέργεια και τη ρομποτική https://t.co/beY1vEr2gP,εκπαιδευτικη εκδηλωση στον βολο για την πρασινη ενεργεια και τη ρομποτικη,1
Φ. Αδαμίδη για ΟΚΠΑ Βριλησσίων: Μη βιώσιμη λύση η εξάρτηση από την ΜΚΟ https://t.co/QYME0s83Ai,φ αδαμιδη για οκπα βριλησσιων μη βιωσιμη λυση η εξαρτηση απο την μκο,1
RT @LykavitosGr: ΕΥΔΑΠ - Διαχείριση υγρών και στερεών αποβλήτων (κυκλική οικονομία)  #ΕΥΔΑΠ https://t.co/Tr5mTzsZvt, lykavitosgr ευδαπ διαχειριση υγρων και στερεων αποβλητων κυκλικη οικονομια ευδαπ,1
RT @LykavitosGr: ΕΥΔΑΠ - Διαχείριση υγρών και στερεών αποβλήτων (κυκλική οικονομία)  #ΕΥΔΑΠ https://t.co/Tr5mTzsZvt, lykavitosgr ευδαπ διαχειριση υγρων και στερεων αποβλητων κυκλικη οικονομια ευδαπ,1
"Η Πρόεδρος της Δημοκρατίας Κατερίνα Σακελλαροπούλου παρέστη στην παρουσίαση του Σχεδίου Δράσης για το Περιβάλλον και το Κλίμα του Ιδρύματος Μποδοσάκη, στο Μέγαρο Μουσικής Αθηνών https://t.co/yiI3594vZW https://t.co/NEFHZhuAa4",η προεδροσ τησ δημοκρατιασ κατερινα σακελλαροπουλου παρεστη στην παρουσιαση του σχεδιου δρασησ για το περιβαλλον και το κλιμα του ιδρυματοσ μποδοσακη στο μεγαρο μουσικησ αθηνων,1
"Ισημερινός:δημοψήφισμα για τη δημόσια ασφάλεια, πολιτική, περιβάλλον προκηρύσσει ο πρόεδρος https://t.co/zkCwXY5mnz",ισημερινοσδημοψηφισμα για τη δημοσια ασφαλεια πολιτικη περιβαλλον προκηρυσσει ο προεδροσ,1
"Η υφυπουργός Εργασίας Δόμνα Μιχαηλίδου μίλησε στο συνέδριο του Economist για τον «επαναπροσδιορισμό της βιωσιμότητας σε έναν μη βιώσιμο κόσμο»

https://t.co/g3ovX7ANZL",η υφυπουργοσ εργασιασ δομνα μιχαηλιδου μιλησε στο συνεδριο του economist για τον επαναπροσδιορισμο τησ βιωσιμοτητασ σε εναν μη βιωσιμο κοσμο,1
RT @KostasVaxevanis: Σύμφωνα με την παρακολούθηση από το #predator ο πόλεμος φιλοκυβερνητικού δημοσιογράφου με το περιβάλλον του Μαξίμου ξε…, kostasvaxevanis συμφωνα με την παρακολουθηση απο το predator ο πολεμοσ φιλοκυβερνητικου δημοσιογραφου με το περιβαλλον του μαξιμου ξε,1
Καραγιώργος: «Για ένα ιδανικό αθλητικό περιβάλλον» https://t.co/RWHiScuYTL,καραγιωργοσ για ενα ιδανικο αθλητικο περιβαλλον,1
"Την ένταξη του έργου του Δήμου Χανίων «Ελληνικές έξυπνες πόλεις: Επενδύσεις σε υποδομές και συστήματα SSC για ένα βιώσιμο και πράσινο αστικό μέλλον» , με συνολικό προϋπολογισμό 2.970.000 ευρώ, στο Ταμείο Ανάκαμψης και Ανθεκτικότητας, ενέκρινε με απόφασή… https://t.co/H14RAlx7DB",την ενταξη του εργου του δημου χανιων ελληνικεσ εξυπνεσ πολεισ επενδυσεισ σε υποδομεσ και συστηματα ssc για ενα βιωσιμο και πρασινο αστικο μελλον με συνολικο προϋπολογισμο ευρω στο ταμειο ανακαμψησ και ανθεκτικοτητασ ενεκρινε με αποφαση,1
"Τζινπίνγκ: Το Πεκίνο ελπίζει σε ένα δίκαιο, διαφανές περιβάλλον για τις κινεζικές εταιρείες στην ΕΕ - https://t.co/vjqWLzvLdc https://t.co/N83KyqQEQV",τζινπινγκ το πεκινο ελπιζει σε ενα δικαιο διαφανεσ περιβαλλον για τισ κινεζικεσ εταιρειεσ στην εε,1
Σι Τζινπίνγκ σε Σαρλ Μισέλ: Θέλουμε ένα δίκαιο περιβάλλον για τις κινεζικές εταιρείες στην ΕΕ https://t.co/sum70GLzuE,σι τζινπινγκ σε σαρλ μισελ θελουμε ενα δικαιο περιβαλλον για τισ κινεζικεσ εταιρειεσ στην εε,1
Vodafone: Επενδύοντας σε ένα σύγχρονο περιβάλλον εργασίας https://t.co/sftT9P46q2,vodafone επενδυοντασ σε ενα συγχρονο περιβαλλον εργασιασ,1
"Κίνα: Ελπίζει σε δίκαιο, διαφανές περιβάλλον για τις κινεζικές εταιρείες στην ΕΕ - https://t.co/SImZszxdtz https://t.co/VONPaUII6s",κινα ελπιζει σε δικαιο διαφανεσ περιβαλλον για τισ κινεζικεσ εταιρειεσ στην εε,1
"Το Πεκίνο ελπίζει σε ένα δίκαιο, διαφανές περιβάλλον για τις κινεζικές εταιρείες στην ΕΕ λέει ο #XiJinping στον @eucopresident 

https://t.co/XOSLrGnoWx 

#Κίνα #EUChina",το πεκινο ελπιζει σε ενα δικαιο διαφανεσ περιβαλλον για τισ κινεζικεσ εταιρειεσ στην εε λεει ο xijinping στον eucopresident κινα euchina,1
"Η ανανέωση του ευρωπαϊκού στόλου με αυτοκίνητα #Euro6 /VI θα έχει καλύτερα αποτελέσματα για το περιβάλλον από την εφαρμογή των προτύπων #Euro7

https://t.co/7M9A4xfzFh",η ανανεωση του ευρωπαϊκου στολου με αυτοκινητα euro vi θα εχει καλυτερα αποτελεσματα για το περιβαλλον απο την εφαρμογη των προτυπων euro,1
"ΚΥΚΛΙΚΗ ΟΙΚΟΝΟΜΙΑ: Ο ΜΟΝΟΣ  ΔΡΟΜΟΣ ΓΙΑ ΤΗΝ ΑΝΤΙΜΕΤΩΠΙΣΗ ΤΗΣ ΚΛΙΜΑΤΙΚΗΣ ΚΡΙΣΗΣ, ΤΗ  ΒΙΩΣΙΜΗ ΑΝΑΠΤΥΞΗ ΚΑΙ ΤΗΝ ΕΥΗΜΕΡΙΑ ΣΤΗ ΜΕΣΟΓΕΙΟ - https://t.co/GL7JvC7exC",κυκλικη οικονομια ο μονοσ δρομοσ για την αντιμετωπιση τησ κλιματικησ κρισησ τη βιωσιμη αναπτυξη και την ευημερια στη μεσογειο,1
ΦΩΣ: Το περιβάλλον πάνω από τις απευθείας αναθέσεις του κ. Καχριμάνη - https://t.co/lFXVjFW384 https://t.co/ow1B8uTNam,φωσ το περιβαλλον πανω απο τισ απευθειασ αναθεσεισ του κ καχριμανη,1
"«Στο αβέβαιο οικονομικό περιβάλλον που ζούμε, είναι σημαντικό να αναδεικνύονται και να επιβραβεύονται οι επιχειρηματίες που ξεχωρίζουν», τόνισε στην ομιλία του κατά τα 9α ΚΕΒΕ Business Awards, o γενικός διευθυντής των Γενικών Ασφαλειών, Κώστας Κώστα.

https://t.co/ak4zBQBa6b https://t.co/uv885TLNgu",στο αβεβαιο οικονομικο περιβαλλον που ζουμε ειναι σημαντικο να αναδεικνυονται και να επιβραβευονται οι επιχειρηματιεσ που ξεχωριζουν τονισε στην ομιλια του κατα τα α κεβε business awards o γενικοσ διευθυντησ των γενικων ασφαλειων κωστασ κωστα,1
Πώς η διατροφή που στηρίζεται σε φυτικά τρόφιμα επηρεάζει το περιβάλλον https://t.co/E9omMvcI4O,πωσ η διατροφη που στηριζεται σε φυτικα τροφιμα επηρεαζει το περιβαλλον,1
[Κλικ και διαβάστε στο ΠΡΩΤΟ ΘΕΜΑ] #Τζορτζ  #Μίτσελ: Ο Έλληνας μεγιστάνας που ίδρυσε μια βιώσιμη πόλη κοντά στο Χιούστον https://t.co/jFnsvsht4j,κλικ και διαβαστε στο πρωτο θεμα τζορτζ μιτσελ ο ελληνασ μεγιστανασ που ιδρυσε μια βιωσιμη πολη κοντα στο χιουστον,1
"Το κυπριακό Σχέδιο Ανάκαμψης και Ανθεκτικότητας θα καταστήσει σταθερά βιώσιμη την οικονομία , λέει η Κυριακίδου 
https://t.co/owlV1Td4w5",το κυπριακο σχεδιο ανακαμψησ και ανθεκτικοτητασ θα καταστησει σταθερα βιωσιμη την οικονομια λεει η κυριακιδου,1
RT @CostasKadis: Σημαντική και θετικότατη εξέλιξη: Ο Επίτροπος @jwojc ανακοινώνει την έγκριση του Εθνικού Στρατηγικού Σχεδίου της Κύπρου γι…, costaskadis σημαντικη και θετικοτατη εξελιξη ο επιτροποσ jwojc ανακοινωνει την εγκριση του εθνικου στρατηγικου σχεδιου τησ κυπρου γι,1
Διαχείριση απορριμμάτων και κυκλική οικονομία δύο αντίθετες προσεγγίσεις στο συνέδριο της ΚΕΔΕ - https://t.co/WJ8yOay753,διαχειριση απορριμματων και κυκλικη οικονομια δυο αντιθετεσ προσεγγισεισ στο συνεδριο τησ κεδε,1
"Άδωνις Γεωργιάδης στο GR Times: Το Ελληνικό θα είναι η πρώτη σύγχρονη πόλη στον κόσμο με βιώσιμη ανάπτυξη - https://t.co/eiOPQNT0y0 https://t.co/fhiVCYAxBh 
@AdonisGeorgiadi  #Ελληνικό #ΕΥΠ #Εκλογές",αδωνισ γεωργιαδησ στο gr times το ελληνικο θα ειναι η πρωτη συγχρονη πολη στον κοσμο με βιωσιμη αναπτυξη adonisgeorgiadi ελληνικο ευπ εκλογεσ,1
Μία βιώσιμη καμπάνια που εξοικονομεί ενέργεια https://t.co/3G9LvlHOEQ,μια βιωσιμη καμπανια που εξοικονομει ενεργεια,1
"Οι 13 προτάσεις του Ανδρέα Μαυρογιάννη για ένα σύγχρονο και βιώσιμο πρωτογενή τομέα #Cyprus 
via @politis_news 
https://t.co/PzKNbss71T",οι προτασεισ του ανδρεα μαυρογιαννη για ενα συγχρονο και βιωσιμο πρωτογενη τομεα cyprus via politis_news,1
Κίνδυνος πυρκαγιάς από μπαταρίες στα σκουπίδια https://t.co/lnX1rN3pS2 #ΠΕΡΙΒΑΛΛΟΝ https://t.co/KQw6LebM4d,κινδυνοσ πυρκαγιασ απο μπαταριεσ στα σκουπιδια περιβαλλον,1
"ΥΠΠΟΑ: 
Βιώσιμο μοντέλο ανάπτυξης για την αξιοποίηση του τέως βασιλικού κτήματος, στο #Τατόι 

https://t.co/ewkFwfPIeA",υπποα βιωσιμο μοντελο αναπτυξησ για την αξιοποιηση του τεωσ βασιλικου κτηματοσ στο τατοι,1
"RT @CostasKadis: Οι λεβέντες της Εθνικής Ομάδας Πετοσφαίρισης, εκτός από καλό  βόλεϊ ξέρουν να προσφερθούν και στο περιβάλλον. Δεντροφύτευσ…", costaskadis οι λεβεντεσ τησ εθνικησ ομαδασ πετοσφαιρισησ εκτοσ απο καλο βολεϊ ξερουν να προσφερθουν και στο περιβαλλον δεντροφυτευσ,1
Τατόι: Βιώσιμο μοντέλο ανάπτυξης για την αξιοποίηση των πρώην βασιλικών ανακτόρων https://t.co/oyvXiBCS5w,τατοι βιωσιμο μοντελο αναπτυξησ για την αξιοποιηση των πρωην βασιλικων ανακτορων,1
"📌Βιώσιμο μοντέλο ανάπτυξης για την αξιοποίηση του τ. βασιλικού κτήματος, στο #Τατόι.
☑️Το στρατηγικό σχέδιο του #ΥΠΠΟΑ εξελίσσεται σύμφωνα με τον προγραμματισμό και το χρονοδιάγραμμα.
#MinCultureGr #Tatoi https://t.co/Us1dWGswR0 https://t.co/MZvCiXldXC",βιωσιμο μοντελο αναπτυξησ για την αξιοποιηση του τ βασιλικου κτηματοσ στο τατοι το στρατηγικο σχεδιο του υπποα εξελισσεται συμφωνα με τον προγραμματισμο και το χρονοδιαγραμμα minculturegr tatoi,1
Πράσινη ενέργεια και επενδύσεις στην Λάρισα - LarissaPress https://t.co/TEVdj0YLU6,πρασινη ενεργεια και επενδυσεισ στην λαρισα larissapress,1
"@Chickennuggt98_ @PETE_MITCHELL22 @strawdaiq Οπως καταλαβαινουμε λοιπον δεν εφευγε γιατι δεν ειχε στηριξη,γιατι το οικογενειακο της περιβαλλον ηταν εξισου κακοποιητικο,γιατι ειχε μεγαλωσει σε μια οικογενεια που της εμαθαν οτι ο αντρας ειναι ο αφεντης και ειναι αναγκασμενη να τον υπηρετει χωρις να αντιδρα 3/3",chickennuggt_ pete_mitchell strawdaiq οπωσ καταλαβαινουμε λοιπον δεν εφευγε γιατι δεν ειχε στηριξηγιατι το οικογενειακο τησ περιβαλλον ηταν εξισου κακοποιητικογιατι ειχε μεγαλωσει σε μια οικογενεια που τησ εμαθαν οτι ο αντρασ ειναι ο αφεντησ και ειναι αναγκασμενη να τον υπηρετει χωρισ να αντιδρα,1
Η ανανέωση του ευρωπαϊκού στόλου με αυτοκίνητα Euro 6/VI θα έχει καλύτερα αποτελέσματα για το περιβάλλον - https://t.co/56jCgDSPiR https://t.co/NLrfIpu59x,η ανανεωση του ευρωπαϊκου στολου με αυτοκινητα euro vi θα εχει καλυτερα αποτελεσματα για το περιβαλλον,1
"ΥΠΠΟΑ: Βιώσιμο μοντέλο ανάπτυξης για την αξιοποίηση του τέως βασιλικού κτήματος, στο Τατόι  - https://t.co/eiOPQNT0y0 https://t.co/0rc94fH2Tb #Ανάπλαση #Τατόι #ΥπουργείοΠολιτισμούΚαιΑθλητισμού",υπποα βιωσιμο μοντελο αναπτυξησ για την αξιοποιηση του τεωσ βασιλικου κτηματοσ στο τατοι αναπλαση τατοι υπουργειοπολιτισμουκαιαθλητισμου,1
«Επικίνδυνη αναπηρία»: Γυναίκες που αναμετρώνται με την αναπηρία στο ελληνικό περιβάλλον (video) https://t.co/eArc17RTRT,επικινδυνη αναπηρια γυναικεσ που αναμετρωνται με την αναπηρια στο ελληνικο περιβαλλον video,1
«Επικίνδυνη αναπηρία»: Γυναίκες που αναμετρώνται με την αναπηρία στο ελληνικό περιβάλλον (video) https://t.co/rWfNYoqiWB,επικινδυνη αναπηρια γυναικεσ που αναμετρωνται με την αναπηρια στο ελληνικο περιβαλλον video,1
"ΥΠΠΟΑ: Βιώσιμο μοντέλο ανάπτυξης για την αξιοποίηση του τ. βασιλικού κτήματος, στο Τατόι https://t.co/9iNTwtk8mr",υπποα βιωσιμο μοντελο αναπτυξησ για την αξιοποιηση του τ βασιλικου κτηματοσ στο τατοι,1
Η πρώτη έκθεση αυτοκινήτου σε περιβάλλον metaverse είναι της FIAT https://t.co/KO6El61GSw,η πρωτη εκθεση αυτοκινητου σε περιβαλλον metaverse ειναι τησ fiat,1
"RT @KostasSkrekas: Η αντιμετώπιση της ενεργειακής κρίσης, η επιτάχυνση της πράσινης μετάβασης και η κυκλική οικονομία βρέθηκαν στο επίκεντρ…", kostasskrekas η αντιμετωπιση τησ ενεργειακησ κρισησ η επιταχυνση τησ πρασινησ μεταβασησ και η κυκλικη οικονομια βρεθηκαν στο επικεντρ,1
"RT @KostasSkrekas: Παρουσία του @PrimeministerGR και συναδέλφων Υπουργών, ανέδειξα το Αναπτυξιακό Πρόγραμμα Πελοποννήσου της Κυβέρνησης για…", kostasskrekas παρουσια του primeministergr και συναδελφων υπουργων ανεδειξα το αναπτυξιακο προγραμμα πελοποννησου τησ κυβερνησησ για,1
Δήμος Ελασσόνας: Εγκαίνια αίθουσας τοπικού πολιτισμού με ημερίδα για τη βιώσιμη ορεινή ανάπτυξη - LarissaPress https://t.co/tMjELyKOK4,δημοσ ελασσονασ εγκαινια αιθουσασ τοπικου πολιτισμου με ημεριδα για τη βιωσιμη ορεινη αναπτυξη larissapress,1
"Διεθνής Οργανισμός Ενέργειας: Η #ενεργειακή_κρίση δίνει πρωτοφανή ώθηση στις ανανεώσιμες πηγές

https://t.co/DWBaz896o1 https://t.co/ddLfH73zub",διεθνησ οργανισμοσ ενεργειασ η ενεργειακη_κριση δινει πρωτοφανη ωθηση στισ ανανεωσιμεσ πηγεσ,1
"Capital (Βαγγέλης Μαρινάκης): Επενδύσεις ύψους 5,5 δισ. δολ. την τελευταία διετία στην πράσινη ναυτιλία - Ρεπορτάζ και ειδήσεις για την Οικονομία, τις Επιχειρήσεις, το Χρηματιστήριο, την Πολιτική #mononewsGR https://t.co/1pgsdHWX8Z",capital βαγγελησ μαρινακησ επενδυσεισ υψουσ δισ δολ την τελευταια διετια στην πρασινη ναυτιλια ρεπορταζ και ειδησεισ για την οικονομια τισ επιχειρησεισ το χρηματιστηριο την πολιτικη mononewsgr,1
Κοινωνική έρευνα για το περιβάλλον 13χρονης στον Βόλο https://t.co/VhBYZsvqBU,κοινωνικη ερευνα για το περιβαλλον χρονησ στον βολο,1
Δήμος Ελασσόνας: Εγκαίνια αίθουσας τοπικού πολιτισμού με ημερίδα για τη βιώσιμη ορεινή ανάπτυξη https://t.co/7c5miWD9b2,δημοσ ελασσονασ εγκαινια αιθουσασ τοπικου πολιτισμου με ημεριδα για τη βιωσιμη ορεινη αναπτυξη,1
Θεοδωρίδης: Πετάμε πάνω από 460 μερίδες φαγητού ετησίως – Η εφαρμογή που θα «σώσει» τα νοικοκυριά https://t.co/zgsppVSd2W #ΑΡΘΡΑ #ΠΕΡΙΒΑΛΛΟΝ #ΣΠΑΤΑΛΗΤΡΟΦΙΜΩΝ By https://t.co/p9zfHynwcm https://t.co/mVU9VIXujN,θεοδωριδησ πεταμε πανω απο μεριδεσ φαγητου ετησιωσ η εφαρμογη που θα σωσει τα νοικοκυρια αρθρα περιβαλλον σπαταλητροφιμων by,1
Βρετανική έρευνα: Λίγες εταιρίες που παίρνουν μέτρα για το περιβάλλον - https://t.co/1jp6OSuaTg https://t.co/sG2Kv42gKN,βρετανικη ερευνα λιγεσ εταιριεσ που παιρνουν μετρα για το περιβαλλον,1
Η αγνοούμενη θαλάσσια αγελάδα που θα μπορούσε να είχε σώσει τα δάση των φυκιών https://t.co/VrNmQHR77N #ΑΡΘΡΑ #ΘΑΛΑΣΣΙΑΑΓΕΛΑΔΑ #ΟΙΚΟΣΥΣΤΗΜΑ #ΠΕΡΙΒΑΛΛΟΝ By https://t.co/p9zfHynwcm,η αγνοουμενη θαλασσια αγελαδα που θα μπορουσε να ειχε σωσει τα δαση των φυκιων αρθρα θαλασσιααγελαδα οικοσυστημα περιβαλλον by,1
Δραματική προειδοποίηση Solomon (Goldman Sachs): Μειώστε το ρίσκο - Το περιβάλλον είναι ανησυχητικό https://t.co/MK0vcn5Fjb,δραματικη προειδοποιηση solomon goldman sachs μειωστε το ρισκο το περιβαλλον ειναι ανησυχητικο,1
Πιο ελκυστικό το επιχειρηματικό περιβάλλον της Ελλάδας για το 2022 https://t.co/1LNOxyi9n2,πιο ελκυστικο το επιχειρηματικο περιβαλλον τησ ελλαδασ για το,1
Πιο ελκυστικό το επιχειρηματικό περιβάλλον της Ελλάδας για το 2022 https://t.co/qd4WFTxMe6,πιο ελκυστικο το επιχειρηματικο περιβαλλον τησ ελλαδασ για το,1
"Ο στόχος για βιώσιμη #αλιεία σε Μεσόγειο και Μαύρη Θάλασσα απέχει ακόμη πολύ από την επίτευξή του, σύμφωνα με τον #ΟΗΕ

https://t.co/dF57TNGJK7",ο στοχοσ για βιωσιμη αλιεια σε μεσογειο και μαυρη θαλασσα απεχει ακομη πολυ απο την επιτευξη του συμφωνα με τον οηε,1
"Μείωση υπεραλιείας σε Μεσόγειο και Μαύρη Θάλασσα, αλλά απέχει ακόμα ο βιώσιμος στόχος https://t.co/fS5vuzudbV",μειωση υπεραλιειασ σε μεσογειο και μαυρη θαλασσα αλλα απεχει ακομα ο βιωσιμοσ στοχοσ,1
Πιστοποίηση για το εργασιακό της περιβάλλον έλαβε η Danone Nutricia https://t.co/LUL4iUz8b5,πιστοποιηση για το εργασιακο τησ περιβαλλον ελαβε η danone nutricia,1
"Βαγγέλης Μαρινάκης (Capital): Επενδύσεις ύψους 5,5 δισ. δολ. την τελευταία διετία στην πράσινη ναυτιλία - mononewsTV - Ρεπορτάζ και ειδήσεις για την Οικονομία, τις Επιχειρήσεις, το Χρηματιστήριο, την Πολιτική #mononewsGR https://t.co/AY6aqppkTy",βαγγελησ μαρινακησ capital επενδυσεισ υψουσ δισ δολ την τελευταια διετια στην πρασινη ναυτιλια mononewstv ρεπορταζ και ειδησεισ για την οικονομια τισ επιχειρησεισ το χρηματιστηριο την πολιτικη mononewsgr,1
"Autohellas: Πράσινη μετάβαση με τη συγχρηματοδότηση της Εθνικής Τράπεζας και του Ταμείου Ανάκαμψης και Ανθεκτικότητας - Ρεπορτάζ και ειδήσεις για την Οικονομία, τις Επιχειρήσεις, το Χρηματιστήριο, την Πολιτική #mononewsGR https://t.co/C3MuXZ62tC",autohellas πρασινη μεταβαση με τη συγχρηματοδοτηση τησ εθνικησ τραπεζασ και του ταμειου ανακαμψησ και ανθεκτικοτητασ ρεπορταζ και ειδησεισ για την οικονομια τισ επιχειρησεισ το χρηματιστηριο την πολιτικη mononewsgr,1
Ολοκληρώθηκε το επιτυχημένο πρόγραμμα «Προστατεύουμε το περιβάλλον…με πράξεις» της AstraZeneca Ελλάδας https://t.co/CiyzDmcYan,ολοκληρωθηκε το επιτυχημενο προγραμμα προστατευουμε το περιβαλλονμε πραξεισ τησ astrazeneca ελλαδασ,1
RT @lcvingannette: η βασιλική είναι έτοιμη να χαλάσει την ευτυχία της προκειμένου να είναι ασφαλής ο νικηφόρος. η ρωρω από την άλλη επιμένε…, lcvingannette η βασιλικη ειναι ετοιμη να χαλασει την ευτυχια τησ προκειμενου να ειναι ασφαλησ ο νικηφοροσ η ρωρω απο την αλλη επιμενε,1
￼O Σύλλογος Προστασίας της Ρεματιάς εκπέμπει SOS για την αύξηση των συντελεστών δόμησης  https://t.co/Qzt3L91FVS,o συλλογοσ προστασιασ τησ ρεματιασ εκπεμπει sos για την αυξηση των συντελεστων δομησησ,1
[Κλικ και διαβάστε στο cnn]Coca-Cola  #Hellas: Οι  #Τέσσερις πυλώνες δράσης για τη βιώσιμη ανάπτυξη https://t.co/T0uJ6qw482,κλικ και διαβαστε στο cnncocacola hellas οι τεσσερισ πυλωνεσ δρασησ για τη βιωσιμη αναπτυξη,1
"Πετυχημένη η ημερίδα «Διαχείριση Κρίσεων στο Σχολικό Περιβάλλον», που πραγματοποιήθηκε στο ΕΠΑΛ Σιδηροκάστρου 
#ΕΠΑΛ_Σιδηροκάστρου #Δήμος_Σιντικής #πολιτική_προστασία #Serres
https://t.co/grEzWJyTIA",πετυχημενη η ημεριδα διαχειριση κρισεων στο σχολικο περιβαλλον που πραγματοποιηθηκε στο επαλ σιδηροκαστρου επαλ_σιδηροκαστρου δημοσ_σιντικησ πολιτικη_προστασια serres,1
Με «πράσινες» πολιτικές η Vodafone στηρίζει το περιβάλλον https://t.co/cW1OI9vPJN,με πρασινεσ πολιτικεσ η vodafone στηριζει το περιβαλλον,1
Κέρκυρα: Υπογραφές για ψήφισμα πολιτών για μια «βιώσιμη ζωντανή πόλης για όλους». https://t.co/cpK8FcYBmH,κερκυρα υπογραφεσ για ψηφισμα πολιτων για μια βιωσιμη ζωντανη πολησ για ολουσ,1
Σταϊκούρας στη Νέα Υόρκη: Εχουμε ισχυρή και βιώσιμη ανάπτυξη παρά τις δυσκολίες https://t.co/ii1mLQxhYY,σταϊκουρασ στη νεα υορκη εχουμε ισχυρη και βιωσιμη αναπτυξη παρα τισ δυσκολιεσ,1
"Μητσοτάκης από συνέδριο της Capital Link: Να επενδύσετε στην Ελλάδα – Βελτιωμένο το επιχειρηματικό περιβάλλον
https://t.co/i4ttvL2H8Y",μητσοτακησ απο συνεδριο τησ capital link να επενδυσετε στην ελλαδα βελτιωμενο το επιχειρηματικο περιβαλλον,1
Σταϊκούρας από Νέα Υόρκη: Παρά τις δυσκολίες η ανάπτυξη είναι ισχυρή και βιώσιμη https://t.co/RoIoIjdC3S #businessnewsgr,σταϊκουρασ απο νεα υορκη παρα τισ δυσκολιεσ η αναπτυξη ειναι ισχυρη και βιωσιμη businessnewsgr,1
Attica: Η Ελλάδα σε περιβάλλον οικονομικής επιβράδυνσης διεθνώς https://t.co/3CNkKqcibh,attica η ελλαδα σε περιβαλλον οικονομικησ επιβραδυνσησ διεθνωσ,1
ΛΕΥΚΑΔΑ: Αλλάζει ριζικά το κυκλοφοριακό περιβάλλον στη Νικιάνα μετά από απόφαση του Περιφερειακού Συμβουλίου https://t.co/0dzccQk6qI,λευκαδα αλλαζει ριζικα το κυκλοφοριακο περιβαλλον στη νικιανα μετα απο αποφαση του περιφερειακου συμβουλιου,1
Ανδρέας Κτενάς: «Αλλάζει ριζικά το κυκλοφοριακό περιβάλλον στη Νικιάνα» – ‘Πράσινο φως’  από το Περιφερειακό Συμβούλιο https://t.co/8nxr6kiojo https://t.co/aGhCRa7vpj,ανδρεασ κτενασ αλλαζει ριζικα το κυκλοφοριακο περιβαλλον στη νικιανα πρασινο φωσ απο το περιφερειακο συμβουλιο,1
"Σκρέκας στο Capital Link στις ΗΠΑ: «Πρωτοπόρα η Ελλάδα στην ενεργειακή ασφάλεια και την πράσινη μετάβαση» - Ρεπορτάζ και ειδήσεις για την Οικονομία, τις Επιχειρήσεις, το Χρηματιστήριο, την Πολιτική #mononewsGR https://t.co/4ZWS8tZuYd",σκρεκασ στο capital link στισ ηπα πρωτοπορα η ελλαδα στην ενεργειακη ασφαλεια και την πρασινη μεταβαση ρεπορταζ και ειδησεισ για την οικονομια τισ επιχειρησεισ το χρηματιστηριο την πολιτικη mononewsgr,1
"Τις επόμενες ώρες θα ενταθούν οι σεισμικές δονήσεις σε όλο τον κόσμο, και θα υπάρχουν πολλά blackout; Για να δούμε θα τα ρίξουν στην ενεργειακή-κλιματική κρίση ή θα πουν την αλήθεια ότι είναι ένα δώρο από το εσωτερικό του Ηλίου για όλη την ανθρωπότητα; https://t.co/BHstbwn1t4",τισ επομενεσ ωρεσ θα ενταθουν οι σεισμικεσ δονησεισ σε ολο τον κοσμο και θα υπαρχουν πολλα blackout για να δουμε θα τα ριξουν στην ενεργειακηκλιματικη κριση η θα πουν την αληθεια οτι ειναι ενα δωρο απο το εσωτερικο του ηλιου για ολη την ανθρωποτητα,1
"RT @thistimefromme: Τις επόμενες ώρες θα ενταθούν οι σεισμικές δονήσεις σε όλο τον κόσμο, και θα υπάρχουν πολλά blackout; Για να δούμε θα τ…", thistimefromme τισ επομενεσ ωρεσ θα ενταθουν οι σεισμικεσ δονησεισ σε ολο τον κοσμο και θα υπαρχουν πολλα blackout για να δουμε θα τ,1
Κυβέρνηση Μητσοτάκη / Ολιγοπωλιακές τάσεις και στην πράσινη ενέργεια https://t.co/9RS2KHHHW2,κυβερνηση μητσοτακη ολιγοπωλιακεσ τασεισ και στην πρασινη ενεργεια,1
"ΑΠΟΚΛΕΙΣΤΙΚΌ: Κοινωνικού χαρακτήρα η φωτογραφία με την Εύα Καϊλή, τονίζει στο Mononews το περιβάλλον του Ευρωπαίου Επιτρόπου #Καιλη - Ρεπορτάζ και ειδήσεις για την Οικονομία, τις Επιχειρήσεις, το Χρηματιστήριο, την Πολιτική #mononewsGR https://t.co/mkugNZ08XT",αποκλειστικο κοινωνικου χαρακτηρα η φωτογραφια με την ευα καϊλη τονιζει στο mononews το περιβαλλον του ευρωπαιου επιτροπου καιλη ρεπορταζ και ειδησεισ για την οικονομια τισ επιχειρησεισ το χρηματιστηριο την πολιτικη mononewsgr,1
"Energean: 40ή Σύσκεψη για την Υγεία, την Ασφάλεια και το Περιβάλλον στη βιομηχανία πετρελαίου και αερίου - Ρεπορτάζ και ειδήσεις για την Οικονομία, τις Επιχειρήσεις, το Χρηματιστήριο, την Πολιτική #mononewsGR https://t.co/i9Qs1iZaSX",energean η συσκεψη για την υγεια την ασφαλεια και το περιβαλλον στη βιομηχανια πετρελαιου και αεριου ρεπορταζ και ειδησεισ για την οικονομια τισ επιχειρησεισ το χρηματιστηριο την πολιτικη mononewsgr,1
"Energean: 40ή Σύσκεψη για την Υγεία, την Ασφάλεια και το Περιβάλλον στη βιομηχανία πετρελαίου και αερίου - Ρεπορτάζ και ειδήσεις για την Οικονομία, τις Επιχειρήσεις, το Χρηματιστήριο, την Πολιτική #mononewsGR https://t.co/XkAqeG9vnM",energean η συσκεψη για την υγεια την ασφαλεια και το περιβαλλον στη βιομηχανια πετρελαιου και αεριου ρεπορταζ και ειδησεισ για την οικονομια τισ επιχειρησεισ το χρηματιστηριο την πολιτικη mononewsgr,1
"Με μεγάλη επιτυχία στην Καβάλα η 40ή Σύσκεψη για την Υγεία, την  Ασφάλεια και το Περιβάλλον στη βιομηχανία πετρελαίου και αερίου - Καβάλα, Πρωϊνή, Ραδιόφωνο, Εφημερίδα της Καβάλας, νέα, καβάλα ειδήσεις, μικρές αγγελίες https://t.co/IBCBJOcAvB",με μεγαλη επιτυχια στην καβαλα η η συσκεψη για την υγεια την ασφαλεια και το περιβαλλον στη βιομηχανια πετρελαιου και αεριου καβαλα πρωϊνη ραδιοφωνο εφημεριδα τησ καβαλασ νεα καβαλα ειδησεισ μικρεσ αγγελιεσ,1
Qatar Gate - Η πρώτη αντίδραση από το περιβάλλον Σχοινά: Ψευδείς και ανυπόστατοι οι ισχυρισμοί - https://t.co/tuE4iAsIfA https://t.co/SxkRMj2TEj,qatar gate η πρωτη αντιδραση απο το περιβαλλον σχοινα ψευδεισ και ανυποστατοι οι ισχυρισμοι,1
"Ψευδείς και ανυπόστατοι οι ισχυρισμοί, λέει το περιβάλλον του Σχοινά https://t.co/3N6eAH6ilQ",ψευδεισ και ανυποστατοι οι ισχυρισμοι λεει το περιβαλλον του σχοινα,1
[Κλικ και διαβάστε στο cnn]Qatar Gate - Η πρώτη αντίδραση από το περιβάλλον  #Σχοινά: Ψευδείς και  #Ανυπόστατοι οι ισχυρισμοί https://t.co/j13zVyn7sp,κλικ και διαβαστε στο cnnqatar gate η πρωτη αντιδραση απο το περιβαλλον σχοινα ψευδεισ και ανυποστατοι οι ισχυρισμοι,1
"Ψευδείς και ανυπόστατοι οι ισχυρισμοί, λέει το περιβάλλον του Σχοινά https://t.co/AhL0vT886g",ψευδεισ και ανυποστατοι οι ισχυρισμοι λεει το περιβαλλον του σχοινα,1
Η πρώτη αντίδραση από το περιβάλλον του Μαργαρίτη Σχοινά για τις έρευνες - «Ανυπόστατοι ισχυρισμοί» https://t.co/BywvZUiNc3,η πρωτη αντιδραση απο το περιβαλλον του μαργαριτη σχοινα για τισ ερευνεσ ανυποστατοι ισχυρισμοι,1
"Η ομαδική κουλτούρα και οι ευκαιρίες εξέλιξης στο εργασιακό περιβάλλον, βασικό στοιχείο επιτυχίας της Kaizen Gaming https://t.co/3HEdKFtVup",η ομαδικη κουλτουρα και οι ευκαιριεσ εξελιξησ στο εργασιακο περιβαλλον βασικο στοιχειο επιτυχιασ τησ kaizen gaming,1
Η πρώτη αντίδραση από το περιβάλλον του Μαργαρίτη Σχοινά για τις έρευνες – «Ανυπόστατοι ισχυρισμοί» https://t.co/1mPPUZVL35,η πρωτη αντιδραση απο το περιβαλλον του μαργαριτη σχοινα για τισ ερευνεσ ανυποστατοι ισχυρισμοι,1
"Στενεύει ασφυκτικά ο κλοιός γύρω από την Εύα Καϊλή και το στενό οικογενειακό περιβάλλον της, μετά τις αποκαλύψεις για συμμετοχή της στο «QatarGate»

#Καιλη 
https://t.co/LC5kUHbcHC",στενευει ασφυκτικα ο κλοιοσ γυρω απο την ευα καϊλη και το στενο οικογενειακο περιβαλλον τησ μετα τισ αποκαλυψεισ για συμμετοχη τησ στο qatargate καιλη,1
"RT @Melaplaystowin: Ολοι αυτοι οι  ❄  που ταχα μου ενδιαφέρονται για το καλο και το δικαιο, και γινονται πλυντήρια βιαστων, που είναι να ζη…", melaplaystowin ολοι αυτοι οι που ταχα μου ενδιαφερονται για το καλο και το δικαιο και γινονται πλυντηρια βιαστων που ειναι να ζη,1
Σταϊκούρας: Απάντηση στο αβέβαιο περιβάλλον η συνεργασία Ελλάδας - Γαλλίας https://t.co/9JcsLHXdCf #businessnewsgr,σταϊκουρασ απαντηση στο αβεβαιο περιβαλλον η συνεργασια ελλαδασ γαλλιασ businessnewsgr,1
"EDP: Η πιο βιώσιμη εταιρεία ηλεκτρικής ενέργειας σύμφωνα με το δείκτη Dow Jones Sustainability Index - Ρεπορτάζ και ειδήσεις για την Οικονομία, τις Επιχειρήσεις, το Χρηματιστήριο, την Πολιτική #mononewsGR https://t.co/HeG9j801Vl",edp η πιο βιωσιμη εταιρεια ηλεκτρικησ ενεργειασ συμφωνα με το δεικτη dow jones sustainability index ρεπορταζ και ειδησεισ για την οικονομια τισ επιχειρησεισ το χρηματιστηριο την πολιτικη mononewsgr,1
"Ελληνογαλλικό επιχειρηματικό φόρουμ «Συνεργασία Ελλάδας - Γαλλίας 2.0: Επενδύοντας στο μέλλον»

@cstaikouras: Απάντηση στο αβέβαιο περιβάλλον η ολόπλευρη ενίσχυση της συνεργασίας μας σε μια κοινή πορεία

https://t.co/zY0SAIujSl",ελληνογαλλικο επιχειρηματικο φορουμ συνεργασια ελλαδασ γαλλιασ επενδυοντασ στο μελλον cstaikouras απαντηση στο αβεβαιο περιβαλλον η ολοπλευρη ενισχυση τησ συνεργασιασ μασ σε μια κοινη πορεια,1
"Με επιτυχία η 40ή Σύσκεψη για την Υγεία, την Ασφάλεια και το Περιβάλλον στη βιομηχανία πετρελαίου και αερίου https://t.co/4RU9jRNxGP",με επιτυχια η η συσκεψη για την υγεια την ασφαλεια και το περιβαλλον στη βιομηχανια πετρελαιου και αεριου,1
Σταϊκούρας: Οι σχέσεις Ελλάδας - Γαλλίας ανθεκτικές στον χρόνο - Απάντηση στο επιδεινούμενο ρευστό περιβάλλον η ολόπλευρη ενίσχυση της συνεργασίας https://t.co/jsnySN6CLq,σταϊκουρασ οι σχεσεισ ελλαδασ γαλλιασ ανθεκτικεσ στον χρονο απαντηση στο επιδεινουμενο ρευστο περιβαλλον η ολοπλευρη ενισχυση τησ συνεργασιασ,1
"Το ΝΟΥΝΟΥ υλοποιεί δράσεις για ένα πιο βιώσιμο μέλλον! - Ρεπορτάζ και ειδήσεις για την Οικονομία, τις Επιχειρήσεις, το Χρηματιστήριο, την Πολιτική #mononewsGR https://t.co/CF42bwSTld",το νουνου υλοποιει δρασεισ για ενα πιο βιωσιμο μελλον ρεπορταζ και ειδησεισ για την οικονομια τισ επιχειρησεισ το χρηματιστηριο την πολιτικη mononewsgr,1
"ΑΑΔΕ: Στόχος ο Τελωνειακός Κώδικας να μεταβεί σε ένα περιβάλλον χωρίς χαρτί - https://t.co/eiOPQNSsIs https://t.co/xZKrj84zsc 
#ΑΑΔΕ #Τελωνειακός_Κώδικας #Περιβάλλον #Τεχνολογία",ααδε στοχοσ ο τελωνειακοσ κωδικασ να μεταβει σε ενα περιβαλλον χωρισ χαρτι ααδε τελωνειακοσ_κωδικασ περιβαλλον τεχνολογια,1
"🗣️ ""Προερχόμαστε από ένα περιβάλλον όπου η συμπεριφορά και το ντύσιμο ήταν πολύ συντηρητικά. Θέλαμε να το αλλάξουμε αυτό και νιώθαμε ασφυκτικά με τόση επιβεβλημένη τάξη"".

⭕ Η Έμυ Ντούρου μιλά με τον Μικ Μποξ, ιδρυτικό μέλος των Βρετανών θρύλων https://t.co/crDVX4P8g0",προερχομαστε απο ενα περιβαλλον οπου η συμπεριφορα και το ντυσιμο ηταν πολυ συντηρητικα θελαμε να το αλλαξουμε αυτο και νιωθαμε ασφυκτικα με τοση επιβεβλημενη ταξη η εμυ ντουρου μιλα με τον μικ μποξ ιδρυτικο μελοσ των βρετανων θρυλων,1
Εκδήλωση στον Δήμο Περιστερίου για Περιβάλλον με Φαραντούρη – Τσατραφύλλια -Δημαδάμα https://t.co/d13KQIYjER,εκδηλωση στον δημο περιστεριου για περιβαλλον με φαραντουρη τσατραφυλλια δημαδαμα,1
"#Cyprus 
Βαθμολογική πρωτιά PHAETHON στην ΕΕ για δημιουργία Κέντρου Αριστείας στην Πράσινη και Αειφόρο Ενέργεια 
@UCYOfficial @UCYRector5 
https://t.co/oVN5k6tz5I",cyprus βαθμολογικη πρωτια phaethon στην εε για δημιουργια κεντρου αριστειασ στην πρασινη και αειφορο ενεργεια ucyofficial ucyrector,1
"Η κλιματική αλλαγή θα επιτείνει τις ανθρωπιστικές κρίσεις το 2023 - Ρεπορτάζ και ειδήσεις για την Οικονομία, τις Επιχειρήσεις, το Χρηματιστήριο, την Πολιτική #mononewsGR https://t.co/EXT22GZ4by",η κλιματικη αλλαγη θα επιτεινει τισ ανθρωπιστικεσ κρισεισ το ρεπορταζ και ειδησεισ για την οικονομια τισ επιχειρησεισ το χρηματιστηριο την πολιτικη mononewsgr,1
"Η επίσκεψη του Α.Γ Πρίγκιπα Αλβέρτου Β’ του #Μονακό στην Αθήνα και η μεγαλοπρεπής ομιλία του με επίκεντρο το περιβάλλον.

https://t.co/yp8oTHXNAW",η επισκεψη του αγ πριγκιπα αλβερτου β του μονακο στην αθηνα και η μεγαλοπρεπησ ομιλια του με επικεντρο το περιβαλλον,1
"Η κλιματική αλλαγή θα επιτείνει τις ανθρωπιστικές κρίσεις το 2023 - Ρεπορτάζ και ειδήσεις για την Οικονομία, τις Επιχειρήσεις, το Χρηματιστήριο, την Πολιτική #mononewsGR https://t.co/aAUfJSP5F4",η κλιματικη αλλαγη θα επιτεινει τισ ανθρωπιστικεσ κρισεισ το ρεπορταζ και ειδησεισ για την οικονομια τισ επιχειρησεισ το χρηματιστηριο την πολιτικη mononewsgr,1
"Η #κλιματική_αλλαγή θα επιτείνει τις ανθρωπιστικές κρίσεις το 2023

https://t.co/BJdQ0AR4O5",η κλιματικη_αλλαγη θα επιτεινει τισ ανθρωπιστικεσ κρισεισ το,1
Κατανόηση του H.A.A.R.P. και της Tρομακτικής του Δύναμης (ΟΥΤΕ ΦΑΝΤΑΖΕΣΤΕ ΤΙ ΤΡΟΜΑΚΤΙΚΕΣ ΕΠΙΠΤΩΣΕΙΣ ΕΧΕΙ ΣΤΟ ΠΕΡΙΒΑΛΛΟΝ ΚΑΙ ΣΤΟΥΣ ΑΝΘΡΩΠΟΥΣ) https://t.co/7rDlw9h8Xl,κατανοηση του haarp και τησ tρομακτικησ του δυναμησ ουτε φανταζεστε τι τρομακτικεσ επιπτωσεισ εχει στο περιβαλλον και στουσ ανθρωπουσ,1
Γενική Συνέλευση του Συλλόγου Πολιτών Μαγνησίας για την υγεία και το περιβάλλον https://t.co/QiOlexH9WN,γενικη συνελευση του συλλογου πολιτων μαγνησιασ για την υγεια και το περιβαλλον,1
Συνέδριο ΣΕΤΕ: Τουρισμός και μετάβαση στη βιώσιμη ανάπτυξη https://t.co/MIhAhx6mXq #businessnewsgr,συνεδριο σετε τουρισμοσ και μεταβαση στη βιωσιμη αναπτυξη businessnewsgr,1
Συνέδριο ΣΕΤΕ: Ο ελληνικός τουρισμός ως ουσιαστικός συντελεστής για τη βιώσιμη ανάπτυξη - https://t.co/y0jpOaV2mM https://t.co/1ZGNaYRQBo,συνεδριο σετε ο ελληνικοσ τουρισμοσ ωσ ουσιαστικοσ συντελεστησ για τη βιωσιμη αναπτυξη,1
Οικουμενικός Πατριάρχης Βαρθολομαίος: Το φυσικό περιβάλλον απειλείται σήμερα όσο ποτέ άλλοτε https://t.co/zOdhWeUoPb #GiTisElias #Pagidevmenoi #kaneotikoimasai #gntmgr #Sasmos,οικουμενικοσ πατριαρχησ βαρθολομαιοσ το φυσικο περιβαλλον απειλειται σημερα οσο ποτε αλλοτε gitiselias pagidevmenoi kaneotikoimasai gntmgr sasmos,1
Προστατεύονται όλοι οι υγρότοποι – Ανοίγει ο δρόμος για να σωθούν κι οι Μαρίκες Ραφήνας από αντλιοστάσιο ΕΥΔΑΠ https://t.co/VwT3ozFs1h #ΑΡΘΡΑ #ΘΕΣΣΑΛΟΝΙΚΗ #ΠΕΡΙΒΑΛΛΟΝ #ΡΑΦΗΝΑ By https://t.co/p9zfHynwcm,προστατευονται ολοι οι υγροτοποι ανοιγει ο δρομοσ για να σωθουν κι οι μαρικεσ ραφηνασ απο αντλιοστασιο ευδαπ αρθρα θεσσαλονικη περιβαλλον ραφηνα by,1
Η Περιφέρεια Κεντρικής Μακεδονίας συμμετείχε στο Διεθνές Συνέδριο για την «Βιώσιμη Γαλάζια Οικονομία» https://t.co/A2mu2GXvas https://t.co/ASJsU4mGsi,η περιφερεια κεντρικησ μακεδονιασ συμμετειχε στο διεθνεσ συνεδριο για την βιωσιμη γαλαζια οικονομια,1
Διεπιστημονική ημερίδα: Kαταστροφικές οι  συνέπειες για το περιβάλλον από τα αιολικά σε Εύβοια και Σκύρο https://t.co/w6KS7G8FaW,διεπιστημονικη ημεριδα kαταστροφικεσ οι συνεπειεσ για το περιβαλλον απο τα αιολικα σε ευβοια και σκυρο,1
Συνέδριο ΣΕΤΕ: Τουρισμός και μετάβαση στη βιώσιμη ανάπτυξη #Δημοκρατική #Ρόδος #Δωδεκάνησα https://t.co/TtNKDkAdTC,συνεδριο σετε τουρισμοσ και μεταβαση στη βιωσιμη αναπτυξη δημοκρατικη ροδοσ δωδεκανησα,1
"Καραγιάννης: Άμεσα συνδεδεμένες με τη βιώσιμη ανάπτυξη οι νέες υποδομές - Ρεπορτάζ και ειδήσεις για την Οικονομία, τις Επιχειρήσεις, το Χρηματιστήριο, την Πολιτική #mononewsGR https://t.co/duxZL9QxgZ",καραγιαννησ αμεσα συνδεδεμενεσ με τη βιωσιμη αναπτυξη οι νεεσ υποδομεσ ρεπορταζ και ειδησεισ για την οικονομια τισ επιχειρησεισ το χρηματιστηριο την πολιτικη mononewsgr,1
Μαρία Σπυράκη: «Θα στραφώ εναντίον του συνεργάτη μου» – Η πρώτη αντίδραση από το περιβάλλον του https://t.co/mz6aW4Qysj,μαρια σπυρακη θα στραφω εναντιον του συνεργατη μου η πρωτη αντιδραση απο το περιβαλλον του,1
"Ανησυχούν Λέκκας – Τσελέντης για το ρήγμα στις Αλκυονίδες: «Αν γίνει σεισμός θα είναι 6 με 6,5 Ρίχτερ» https://t.co/srEhQeQs5o",ανησυχουν λεκκασ τσελεντησ για το ρηγμα στισ αλκυονιδεσ αν γινει σεισμοσ θα ειναι με ριχτερ,1
Κώστας Σκρέκας / Τα 14 ψέματα και οι μισές αλήθειες για ενέργεια και περιβάλλον https://t.co/HnP0jCx4JU,κωστασ σκρεκασ τα ψεματα και οι μισεσ αληθειεσ για ενεργεια και περιβαλλον,1
Από ανανεώσιμες πηγές το 39% της ζήτησης ηλεκτρικής ενέργειας το 2022 https://t.co/HuhcKdudGi,απο ανανεωσιμεσ πηγεσ το τησ ζητησησ ηλεκτρικησ ενεργειασ το,1
Από ανανεώσιμες πηγές το 39% της ζήτησης ηλεκτρικής ενέργειας το 2022 https://t.co/ZbafaM9HJ4,απο ανανεωσιμεσ πηγεσ το τησ ζητησησ ηλεκτρικησ ενεργειασ το,1
Μαρια σπυρακη [Κλικ και διαβάστε στο usay]Η πρώτη αντίδραση από το περιβάλλον του συνεργάτη της Μαρίας Σπυράκη – «Θα στραφώ εναντίον του» λέει η ευρωβουλευτής https://t.co/AEgTYwyJsO,μαρια σπυρακη κλικ και διαβαστε στο usayη πρωτη αντιδραση απο το περιβαλλον του συνεργατη τησ μαριασ σπυρακη θα στραφω εναντιον του λεει η ευρωβουλευτησ,1
"Από ανανεώσιμες πηγές το 39% της ζήτησης ηλεκτρικής ενέργειας το 2022 - Ρεπορτάζ και ειδήσεις για την Οικονομία, τις Επιχειρήσεις, το Χρηματιστήριο, την Πολιτική #mononewsGR https://t.co/pRthFqPcGt",απο ανανεωσιμεσ πηγεσ το τησ ζητησησ ηλεκτρικησ ενεργειασ το ρεπορταζ και ειδησεισ για την οικονομια τισ επιχειρησεισ το χρηματιστηριο την πολιτικη mononewsgr,1
Από ανανεώσιμες πηγές το 39% της ζήτησης ηλεκτρικής ενέργειας το 2022 https://t.co/ySVGzkUcPJ #GiTisElias #gntmgr #Pagidevmenoi #Sasmos #kaneotikoimasai,απο ανανεωσιμεσ πηγεσ το τησ ζητησησ ηλεκτρικησ ενεργειασ το gitiselias gntmgr pagidevmenoi sasmos kaneotikoimasai,1
"Από ανανεώσιμες πηγές το 39% της ζήτησης ηλεκτρικής ενέργειας το 2022

https://t.co/g0le8O6HMA",απο ανανεωσιμεσ πηγεσ το τησ ζητησησ ηλεκτρικησ ενεργειασ το,1
ΕΛΜΕ: Μην ξεριζώσετε τα παιδιά του «Χαμόγελου» από το περιβάλλον τους - ΕΝΗΜΕΡΩΣΗ On Line https://t.co/zHlZw7MQp2,ελμε μην ξεριζωσετε τα παιδια του χαμογελου απο το περιβαλλον τουσ ενημερωση on line,1
"Αλεξάνδρα Σδούκου: Η πράσινη μετάβαση σε εκδήλωση της WIMA στο Βιοτεχνικό Επιμελητήριο Πειραιά - Ρεπορτάζ και ειδήσεις για την Οικονομία, τις Επιχειρήσεις, το Χρηματιστήριο, την Πολιτική #mononewsGR https://t.co/n7qQK0YMW8",αλεξανδρα σδουκου η πρασινη μεταβαση σε εκδηλωση τησ wima στο βιοτεχνικο επιμελητηριο πειραια ρεπορταζ και ειδησεισ για την οικονομια τισ επιχειρησεισ το χρηματιστηριο την πολιτικη mononewsgr,1
Η Yokohama θα προμηθεύει τη SUPER FORMULA του 2023 με ελαστικά απο βιώσιμο υλικό https://t.co/sz2IMUoM6n,η yokohama θα προμηθευει τη super formula του με ελαστικα απο βιωσιμο υλικο,1
"Στηρίζουμε την ελληνική κοινωνία υλοποιώντας τις προεκλογικές μας δεσμεύσεις, σε ένα ασταθές και αβέβαιο παγκόσμιο περιβάλλον https://t.co/PZvIraMTzk μέσω @mouzakinews.gr https://t.co/gzNdVdKBqU",στηριζουμε την ελληνικη κοινωνια υλοποιωντασ τισ προεκλογικεσ μασ δεσμευσεισ σε ενα ασταθεσ και αβεβαιο παγκοσμιο περιβαλλον μεσω mouzakinewsgr,1
Βιώσιμη ανάπτυξη; Γράφει ο Νίκος Παυλάτος https://t.co/5aKciqOvgi,βιωσιμη αναπτυξη γραφει ο νικοσ παυλατοσ,1
Ταραντίλης: Ο προϋπολογισμός του 2023 δημιουργεί περιβάλλον σταθερότητας και ανάπτυξης  https://t.co/k7nlh97diG,ταραντιλησ ο προϋπολογισμοσ του δημιουργει περιβαλλον σταθεροτητασ και αναπτυξησ,1
Από ανανεώσιμες πηγές το 39% της ζήτησης ηλεκτρικής ενέργειας το 2022 https://t.co/V9mJ0241FJ,απο ανανεωσιμεσ πηγεσ το τησ ζητησησ ηλεκτρικησ ενεργειασ το,1
Ροκάκης: Καινοτομία και αειφορία στο επίκεντρο της περιφερειακής στρατηγικής https://t.co/UTnAJCALlt,ροκακησ καινοτομια και αειφορια στο επικεντρο τησ περιφερειακησ στρατηγικησ,1
Υγεία και περιβάλλον: Η μείωση των εκπομπών φθοριούχων αερίων και οι συνέπειες στην υγεία https://t.co/CyNkWDIt9S,υγεια και περιβαλλον η μειωση των εκπομπων φθοριουχων αεριων και οι συνεπειεσ στην υγεια,1
Δένδιας: «Το περιβάλλον είναι η τεράστια πρόκληση» - https://t.co/PrYU35R8dz https://t.co/u7klPOpWHV,δενδιασ το περιβαλλον ειναι η τεραστια προκληση,1
"Δένδιας: «Το περιβάλλον είναι η τεράστια πρόκληση που αντιμετωπίζει η ανθρωπότητα στον 21ο αιώνα» - Ρεπορτάζ και ειδήσεις για την Οικονομία, τις Επιχειρήσεις, το Χρηματιστήριο, την Πολιτική #mononewsGR https://t.co/e06jCSl3rY",δενδιασ το περιβαλλον ειναι η τεραστια προκληση που αντιμετωπιζει η ανθρωποτητα στον ο αιωνα ρεπορταζ και ειδησεισ για την οικονομια τισ επιχειρησεισ το χρηματιστηριο την πολιτικη mononewsgr,1
".@NikosDendias: Το περιβάλλον είναι η τεράστια πρόκληση που αντιμετωπίζει η ανθρωπότητα στον 21ο αιώνα

https://t.co/9wxJThRDrO",nikosdendias το περιβαλλον ειναι η τεραστια προκληση που αντιμετωπιζει η ανθρωποτητα στον ο αιωνα,1
"Δενδροφύτευση στην Πεντέλη – Δένδιας: «Το περιβάλλον, η τεράστια πρόκληση για την ανθρωπότητα του 21ου αιώνα» ... https://t.co/y7OT81zfw9",δενδροφυτευση στην πεντελη δενδιασ το περιβαλλον η τεραστια προκληση για την ανθρωποτητα του ου αιωνα,1
"Ρεβεγιόν στο Grand Hotel Palace: Γιορτινά μενού σε ένα πολυτελές περιβάλλον https://t.co/eiOPQNSsIs https://t.co/8wqqgen26B 
#Grand_Hotel_Palace #Θεσσαλονίκη #Χριστουγεννιάτικο_Ρεβεγιόν #Χριστούγεννα #Ξενοδοχεία",ρεβεγιον στο grand hotel palace γιορτινα μενου σε ενα πολυτελεσ περιβαλλον grand_hotel_palace θεσσαλονικη χριστουγεννιατικο_ρεβεγιον χριστουγεννα ξενοδοχεια,1
«Βιώσιμη λύση στο Κυπριακό μόνο αν σέβεται δικαιώματα όλων των Κυπρίων» https://t.co/5bFGFZ45XE,βιωσιμη λυση στο κυπριακο μονο αν σεβεται δικαιωματα ολων των κυπριων,1
"Coca-Cola HBC: Η πιο βιώσιμη εταιρεία ποτών στον κόσμο, με βάση τον Δείκτη Βιώσιμης Ανάπτυξης Dow Jones (DJSI) - Ρεπορτάζ και ειδήσεις για την Οικονομία, τις Επιχειρήσεις, το Χρηματιστήριο, την Πολιτική #mononewsGR https://t.co/CLfXBuBUGl",cocacola hbc η πιο βιωσιμη εταιρεια ποτων στον κοσμο με βαση τον δεικτη βιωσιμησ αναπτυξησ dow jones djsi ρεπορταζ και ειδησεισ για την οικονομια τισ επιχειρησεισ το χρηματιστηριο την πολιτικη mononewsgr,1
"Βιώσιμη μια λύση του Κυπριακού εφόσον σέβεται τα ανθρώπινα δικαιώματα όλων των Κυπρίων, είπε η Υπουργός Δικαιοσύνης https://t.co/EZl48CzVkh",βιωσιμη μια λυση του κυπριακου εφοσον σεβεται τα ανθρωπινα δικαιωματα ολων των κυπριων ειπε η υπουργοσ δικαιοσυνησ,1
Διατηρεί η ΕΕ τον στόχο για τις ανανεώσιμες πηγές ενέργειας στο 40% https://t.co/xGVt99FAA3,διατηρει η εε τον στοχο για τισ ανανεωσιμεσ πηγεσ ενεργειασ στο,1
RT @Moneypressgr: Στο 40% διατηρεί η ΕΕ τον στόχο για τις ανανεώσιμες πηγές ενέργειας  #moneypress https://t.co/QHz0DGFGMa https://t.co/Alu…, moneypressgr στο διατηρει η εε τον στοχο για τισ ανανεωσιμεσ πηγεσ ενεργειασ moneypress,1
Στο 40% διατηρεί η ΕΕ τον στόχο για τις ανανεώσιμες πηγές ενέργειας  #moneypress https://t.co/QHz0DGFGMa https://t.co/Alu23Vw8zn,στο διατηρει η εε τον στοχο για τισ ανανεωσιμεσ πηγεσ ενεργειασ moneypress,1
Ανανεώσιμες πηγές ενέργειας: Οι 27 διατηρούν αμετάβλητο τον στόχο ενόψει 2030 https://t.co/JjOKu5Wfwn,ανανεωσιμεσ πηγεσ ενεργειασ οι διατηρουν αμεταβλητο τον στοχο ενοψει,1
Στο 40% διατηρεί η Ε.Ε. τον στόχο για τις ανανεώσιμες πηγές ενέργειας https://t.co/Ofj4vRxIoY,στο διατηρει η εε τον στοχο για τισ ανανεωσιμεσ πηγεσ ενεργειασ,1
"Στο 40% διατηρεί η ΕΕ τον στόχο για τις #ανανεώσιμες πηγές ενέργειας

https://t.co/5Z9iNqpoWw

#energycrisis #energyefficiency #ενέργεια #φυσικό_αέριο #renewables",στο διατηρει η εε τον στοχο για τισ ανανεωσιμεσ πηγεσ ενεργειασ energycrisis energyefficiency ενεργεια φυσικο_αεριο renewables,1
"Ρεβεγιόν στο Hyatt Regency Thessaloniki: Μοναδικές γιορτές σε φινετσάτο περιβάλλον https://t.co/eiOPQNSsIs https://t.co/NXvf42T6Fs 
#Hayatt_Regency_Thessaloniki #Χριστούγεννα #Χριστουγεννιάτικο_Δέντρο #Εορταστική_Διάθεση #Επισκέπτες #Θεσσαλονίκη #Πρωτοχρονιάτικο_Ρεβεγιόν",ρεβεγιον στο hyatt regency thessaloniki μοναδικεσ γιορτεσ σε φινετσατο περιβαλλον hayatt_regency_thessaloniki χριστουγεννα χριστουγεννιατικο_δεντρο εορταστικη_διαθεση επισκεπτεσ θεσσαλονικη πρωτοχρονιατικο_ρεβεγιον,1
RT @LykavitosGr: Σκρέκας: Για πρώτη φορά η Ε.Ε. προωθεί μέτρα για φυσικό περιβάλλον και βιοποικιλότητα  #Σκρέκας #Ευρωπαϊκή_Ένωση #Ε.Ε. htt…, lykavitosgr σκρεκασ για πρωτη φορα η εε προωθει μετρα για φυσικο περιβαλλον και βιοποικιλοτητα σκρεκασ ευρωπαϊκη_ενωση εε htt,1
RT @LykavitosGr: Σκρέκας: Για πρώτη φορά η Ε.Ε. προωθεί μέτρα για φυσικό περιβάλλον και βιοποικιλότητα  #Σκρέκας #Ευρωπαϊκή_Ένωση #Ε.Ε. htt…, lykavitosgr σκρεκασ για πρωτη φορα η εε προωθει μετρα για φυσικο περιβαλλον και βιοποικιλοτητα σκρεκασ ευρωπαϊκη_ενωση εε htt,1
Ημερίδα για τη Βιώσιμη Ορεινή Ανάπτυξη στην Ελασσόνα - LarissaPress https://t.co/KH1o080f8H,ημεριδα για τη βιωσιμη ορεινη αναπτυξη στην ελασσονα larissapress,1
Ελασσόνα: Τελετή εγκαινίων και ημερίδα για τη Βιώσιμη Ορεινή Ανάπτυξη στη νέα Αίθουσα Προβολής Τοπικού Πολιτισμού-Δημοτικού Ωδείου https://t.co/g7Z4oruoeQ,ελασσονα τελετη εγκαινιων και ημεριδα για τη βιωσιμη ορεινη αναπτυξη στη νεα αιθουσα προβολησ τοπικου πολιτισμουδημοτικου ωδειου,1
Επιστημονική ΥΠΕΡΒΟΜΒΑ: «Οι ‘ΠΡΑΣΙΝΕΣ’ πηγές ενέργειας προκαλούν ΖΗΜΙΑ στο περιβάλλον»!!! https://t.co/1hRwIF3kKd,επιστημονικη υπερβομβα οι πρασινεσ πηγεσ ενεργειασ προκαλουν ζημια στο περιβαλλον,1
"ΤΕΝ: Έχουμε ευθύνη να βοηθήσουμε την παγκόσμια κοινότητα της ναυτιλίας να μεταβεί σε ένα πιο βιώσιμο μέλλον - Ρεπορτάζ και ειδήσεις για την Οικονομία, τις Επιχειρήσεις, το Χρηματιστήριο, την Πολιτική #mononewsGR https://t.co/eKrXYTpR4v",τεν εχουμε ευθυνη να βοηθησουμε την παγκοσμια κοινοτητα τησ ναυτιλιασ να μεταβει σε ενα πιο βιωσιμο μελλον ρεπορταζ και ειδησεισ για την οικονομια τισ επιχειρησεισ το χρηματιστηριο την πολιτικη mononewsgr,1
"Μία νέα #χρηματοδότηση εξασφάλισε ο #Δήμος #Ξυλοκάστρου_Ευρωστίνης αφού εγκρίθηκε η «Χωριστή Διαχείριση #Βιοαποβλήτων» από το #Επιχειρησιακό #Πρόγραμμα «#Υποδομές #Μεταφορών, #Περιβάλλον και Αειφόρος #Ανάπτυξη» συνολικού #προϋπολογισμού 657.048 €
https://t.co/6w6v2wYw3u",μια νεα χρηματοδοτηση εξασφαλισε ο δημοσ ξυλοκαστρου_ευρωστινησ αφου εγκριθηκε η χωριστη διαχειριση βιοαποβλητων απο το επιχειρησιακο προγραμμα υποδομεσ μεταφορων περιβαλλον και αειφοροσ αναπτυξη συνολικου προϋπολογισμου,1
ΤτΕ: Βιώσιμο το Δημόσιο Χρέος έως το 2060 - Τι προκύπτει από τα εναλλακτικά σενάρια https://t.co/6nbEmibCAo #businessnewsgr,ττε βιωσιμο το δημοσιο χρεοσ εωσ το τι προκυπτει απο τα εναλλακτικα σεναρια businessnewsgr,1
Τράπεζα της Ελλάδας: Βιώσιμο το δημόσιο χρέος - Τι προκύπτει από τα εναλλακτικά σενάρια - https://t.co/eiOPQNSsIs https://t.co/8L43QeN1hm,τραπεζα τησ ελλαδασ βιωσιμο το δημοσιο χρεοσ τι προκυπτει απο τα εναλλακτικα σεναρια,1
Βιώσιμο το δημόσιο χρέος σύμφωνα με την Τράπεζα της Ελλάδος https://t.co/vCErWAbBZX,βιωσιμο το δημοσιο χρεοσ συμφωνα με την τραπεζα τησ ελλαδοσ,1
"Βιώσιμο το δημόσιο #χρέος σύμφωνα με την #ΤτΕ 

Τι προκύπτει από τα εναλλακτικά σενάρια

https://t.co/Bj9Hof70FD https://t.co/Mj99ODJt2A",βιωσιμο το δημοσιο χρεοσ συμφωνα με την ττε τι προκυπτει απο τα εναλλακτικα σεναρια,1
Τελικά τι μάθαμε για τη βιώσιμη μόδα μέσα στο 2022; https://t.co/UXGQMIH1Bl,τελικα τι μαθαμε για τη βιωσιμη μοδα μεσα στο,1
Αλμυρός: Ψυχολόγοι και κοινωνικοί λειτουργοί θα εξομαλύνουν το σχολικό περιβάλλον https://t.co/ThhJSV9Upi,αλμυροσ ψυχολογοι και κοινωνικοι λειτουργοι θα εξομαλυνουν το σχολικο περιβαλλον,1
Δέσμη Fit for 55 για το περιβάλλον - https://t.co/T2by1i5drV,δεσμη fit for για το περιβαλλον,1
Ψυχολόγοι και κοινωνικοί λειτουργοί θα εξομαλύνουν το σχολικό περιβάλλον https://t.co/msKm8HKs4B,ψυχολογοι και κοινωνικοι λειτουργοι θα εξομαλυνουν το σχολικο περιβαλλον,1
"Το https://t.co/4P5syZUoai επικοινώνησε με άτομο από το περιβάλλον του ιδιοκτήτη του τουριστικού λεωφορείου που εμπλέκεται στο τροχαίο ο οποίος ανέφερε ότι οι ιδιοκτήτες του λεωφορείου βρίσκονται καθ’ οδόν για Βουκουρέστι
#Ρουμανια 
https://t.co/cy1a8Exv5v",το επικοινωνησε με ατομο απο το περιβαλλον του ιδιοκτητη του τουριστικου λεωφορειου που εμπλεκεται στο τροχαιο ο οποιοσ ανεφερε οτι οι ιδιοκτητεσ του λεωφορειου βρισκονται καθ οδον για βουκουρεστι ρουμανια,1
Μέχρι πότε θα είναι βιώσιμο το ελληνικό χρέος – Η αριθμητική https://t.co/BdAuzj6dYU #Sasmos #kaneotikoimasai #gntmgr #Pagidevmenoi #GiTisElias,μεχρι ποτε θα ειναι βιωσιμο το ελληνικο χρεοσ η αριθμητικη sasmos kaneotikoimasai gntmgr pagidevmenoi gitiselias,1
RT @CostasKadis: Ακάμας: Από τους σχεδιασμούς στα έργα. Κατεδάφιση παράνομων υποστατικών και έναρξη έργων βελτίωσης οδικού δικτύου με φιλικ…, costaskadis ακαμασ απο τουσ σχεδιασμουσ στα εργα κατεδαφιση παρανομων υποστατικων και εναρξη εργων βελτιωσησ οδικου δικτυου με φιλικ,1
"Αυτό που μπορούμε να κάνουμε, ωστόσο, είναι να αποτρέψουμε το σπίτι μας από αυτές τις μυρωδιές του σκύλου μας, οι οποίες θα δημιουργήσουν ένα πολύ πιο φρέσκο περιβάλλον.

#hernewsgr 

https://t.co/FMe8nsLT2k",αυτο που μπορουμε να κανουμε ωστοσο ειναι να αποτρεψουμε το σπιτι μασ απο αυτεσ τισ μυρωδιεσ του σκυλου μασ οι οποιεσ θα δημιουργησουν ενα πολυ πιο φρεσκο περιβαλλον hernewsgr,1
"Πολύ δύσκολες ώρες για τον παγκόσμιο θρύλο Pele - Επιδεινώθηκε η υγεία του, χωρίς επαφή με το περιβάλλον - Συγκλονίζουν τα παιδιά του https://t.co/fWGuPwlrQh",πολυ δυσκολεσ ωρεσ για τον παγκοσμιο θρυλο pele επιδεινωθηκε η υγεια του χωρισ επαφη με το περιβαλλον συγκλονιζουν τα παιδια του,1
ΖeniΘ: Διακρίθηκε ως κορυφαίο περιβάλλον εργασίας https://t.co/pLx9M9dNzj,ζeniθ διακριθηκε ωσ κορυφαιο περιβαλλον εργασιασ,1
"Κακοκαιρία-Προειδοποίηση Συνολάκη: «Και στην Ελλάδα θα έχουμε ακραία καιρικά φαινόμενα πιο συχνά»

#κακοκαιρια #ΗΠΑ #usak #USA #Weather #Ελλάδα #κλιματικη_αλλαγη #ΕΜΥ #Mynewsgr 

https://t.co/iV84x8x9f2",κακοκαιριαπροειδοποιηση συνολακη και στην ελλαδα θα εχουμε ακραια καιρικα φαινομενα πιο συχνα κακοκαιρια ηπα usak usa weather ελλαδα κλιματικη_αλλαγη εμυ mynewsgr,1
Βιώσιμη στρατηγική ανάπτυξης ακολουθούν επτά στις 10 ελληνικές εταιρείες https://t.co/QLyBxYplJq,βιωσιμη στρατηγικη αναπτυξησ ακολουθουν επτα στισ ελληνικεσ εταιρειεσ,1
Βιώσιμη στρατηγική ανάπτυξης ακολουθούν επτά στις 10 ελληνικές εταιρείες https://t.co/2wIxk9r9UD,βιωσιμη στρατηγικη αναπτυξησ ακολουθουν επτα στισ ελληνικεσ εταιρειεσ,1
LEROY MERLIN Ελλάδος-Εκθεση βιώσιμης ανάπτυξης 2021: Δεσμεύεται για ένα βιώσιμο σπίτι https://t.co/qil3tloTLV #businessnewsgr,leroy merlin ελλαδοσεκθεση βιωσιμησ αναπτυξησ δεσμευεται για ενα βιωσιμο σπιτι businessnewsgr,1
Τι είναι η «βιώσιμη μόδα» και γιατί είναι σημαντική; - https://t.co/6B9turhGJR https://t.co/NeF1BYbZji,τι ειναι η βιωσιμη μοδα και γιατι ειναι σημαντικη,1
Πέντε parking της Cityzen εξυπηρετούν το βιώσιμο μοντέλο ταχυμεταφορών της ACS. https://t.co/7APasB8jUN https://t.co/bzqaJP5ox5,πεντε parking τησ cityzen εξυπηρετουν το βιωσιμο μοντελο ταχυμεταφορων τησ acs,1
"Στο Ταμείο Ανάκαμψης εντάχθηκε το έργο «Δήμος Ηρακλείου Ελληνικές Έξυπνες Πόλεις – Επενδύσεις σε υποδομές και συστήματα SSC για ένα βιώσιμο και πράσινο αστικό μέλλον», εξασφαλίζοντας χρηματοδότηση 5.000.000 ευρώ… https://t.co/qoUivX9IHu",στο ταμειο ανακαμψησ ενταχθηκε το εργο δημοσ ηρακλειου ελληνικεσ εξυπνεσ πολεισ επενδυσεισ σε υποδομεσ και συστηματα ssc για ενα βιωσιμο και πρασινο αστικο μελλον εξασφαλιζοντασ χρηματοδοτηση ευρω,1
Αλλάζουν όλα στα Fast Food: Τέλος στα πλαστικά μιας χρήσης για να σωθεί το περιβάλλον!!! Για τα εκατομμύρια Rapid test από πλαστικό που ξοδεύτηκαν στα χρόνια της ψευτοπανδημίας δεν τρέχει τίποτα!!! https://t.co/64QdcTBlOn via @Karditsastakra,αλλαζουν ολα στα fast food τελοσ στα πλαστικα μιασ χρησησ για να σωθει το περιβαλλον για τα εκατομμυρια rapid test απο πλαστικο που ξοδευτηκαν στα χρονια τησ ψευτοπανδημιασ δεν τρεχει τιποτα via karditsastakra,1
"Τό ἐνεργειακό κόστος αὐξάνεται, ἔχει αὐξηθεῖ μέ 300%-500% στήν Εὐρώπη σέ ἕνα χρόνο, αὐτό εἶναι σαφῶς μή βιώσιμο καί στήν πραγματικότητα σημαίνει ὅτι ἡ εὐρωπαϊκή βιομηχανία καταστρέφεται ἀπό τήν ἔλλειψη ἀνταγωνιστικότητας.",το ἐνεργειακο κοστοσ αὐξανεται ἔχει αὐξηθεῖ με στην εὐρωπη σε ἕνα χρονο αὐτο εἶναι σαφῶσ μη βιωσιμο και στην πραγματικοτητα σημαινει ὅτι ἡ εὐρωπαϊκη βιομηχανια καταστρεφεται ἀπο την ἔλλειψη ἀνταγωνιστικοτητασ,1
"Διαθέσιμη είναι και επίσημα η νέα, ανανεωμένη ιστοσελίδα της Δημοτικής Βιβλιοθήκης Χανίων, https://t.co/D5Xly3WtDF. Ο διαδικτυακός τόπος αναβαθμίστηκε για να προσφέρει στους επισκέπτες του ένα περιβάλλον σύγχρονο και εύκολα προσβάσιμο… https://t.co/7wsnJ0CfqG",διαθεσιμη ειναι και επισημα η νεα ανανεωμενη ιστοσελιδα τησ δημοτικησ βιβλιοθηκησ χανιων ο διαδικτυακοσ τοποσ αναβαθμιστηκε για να προσφερει στουσ επισκεπτεσ του ενα περιβαλλον συγχρονο και ευκολα προσβασιμο,1
Θέρμη: Εταιρεία τυρογάλακτος έριξε 1.700 τόνους απόβλητα στο Θερμαϊκό - Δικογραφία για περιβαλλοντική ρύπανση από την αστυνομία https://t.co/SGYbDIR84h #ΑΣΤΥΝΟΜΙΚΑ #ΘΕΡΜΗ #ΠΕΡΙΒΑΛΛΟΝ https://t.co/vtqI7uPW8B,θερμη εταιρεια τυρογαλακτοσ εριξε τονουσ αποβλητα στο θερμαϊκο δικογραφια για περιβαλλοντικη ρυπανση απο την αστυνομια αστυνομικα θερμη περιβαλλον,1
Μπορντώ: O αυτοκινητόδρομος που θα δίνει «πράσινη» ενέργεια σε 40.000 σπίτια https://t.co/y6OoVZKbBH,μπορντω o αυτοκινητοδρομοσ που θα δινει πρασινη ενεργεια σε σπιτια,1
ΕΙΝΑΙ Η ΜΟΝΗ ΤΑΙΝΙΑ ΠΟΥ Ο ΠΡΩΤΑΓΩΝΙΣΤΗΣ ΠΑΡΑΜΕΝΕΙ ΛΕΥΚΟΣ....ΓΙΑ ΦΑΝΤΑΣΟΥ ΕΝΑΝ ΑΡΑΠΗ ΝΑ ΚΑΝΕΙ ΤΟΝ ΤΑΡΖΑΝ...Η ΜΑΙΜΟΥ ΣΤΟ ΦΥΣΙΚΟ ΤΗΣ ΠΕΡΙΒΑΛΛΟΝ ΧΑΛΑΕΙ ΤΟ ΑΦΗΓΗΜΑ..... https://t.co/ZAK2o3fKJo,ειναι η μονη ταινια που ο πρωταγωνιστησ παραμενει λευκοσγια φαντασου εναν αραπη να κανει τον ταρζανη μαιμου στο φυσικο τησ περιβαλλον χαλαει το αφηγημα,1
Κικίλιας: Ο βιώσιμος τουρισμός η μεγάλη πρόκληση για το 2023 https://t.co/riYtZZC3Yj #businessnewsgr,κικιλιασ ο βιωσιμοσ τουρισμοσ η μεγαλη προκληση για το businessnewsgr,1
"Δέκα «στοιχήματα» θέτει το τρέχον έτος το υπουργείο Οικονομικών για την ελληνική οικονομία, η οποία καλείται να κινηθεί σε ένα περιβάλλον έντονης ρευστότητας και επιδείνωσης των μακροοικονομικών προοπτικών σε μεγάλο μέρος της παγκόσμιας οικονομίας. https://t.co/c1ZYCmqjuv",δεκα στοιχηματα θετει το τρεχον ετοσ το υπουργειο οικονομικων για την ελληνικη οικονομια η οποια καλειται να κινηθει σε ενα περιβαλλον εντονησ ρευστοτητασ και επιδεινωσησ των μακροοικονομικων προοπτικων σε μεγαλο μεροσ τησ παγκοσμιασ οικονομιασ,1
"#Βουλγαρία - @BTA_TopNews: Διαδικτυακός οδηγός παρέχει συμβουλές για βιώσιμη διαβίωση

https://t.co/y8p0L9t85W https://t.co/lQWhbLoCpP",βουλγαρια bta_topnews διαδικτυακοσ οδηγοσ παρεχει συμβουλεσ για βιωσιμη διαβιωση,1
Δεκέμβριος 2022: Ο πιο θερμός Δεκέμβριος από το 2010 https://t.co/xfaUa9IiMv #ΠΕΡΙΒΑΛΛΟΝ https://t.co/cKzwu9hSba,δεκεμβριοσ ο πιο θερμοσ δεκεμβριοσ απο το περιβαλλον,1
RT @Moneypressgr: Πώς θα είναι το περιβάλλον εργασίας το 2023 – Τρεις προβλέψεις για τον τρόπο π...  #moneypress https://t.co/tbCjtPDxOk, moneypressgr πωσ θα ειναι το περιβαλλον εργασιασ το τρεισ προβλεψεισ για τον τροπο π moneypress,1
Πώς θα είναι το περιβάλλον εργασίας το 2023 – Τρεις προβλέψεις για τον τρόπο π...  #moneypress https://t.co/tbCjtPDxOk,πωσ θα ειναι το περιβαλλον εργασιασ το τρεισ προβλεψεισ για τον τροπο π moneypress,1
"#περιβάλλον: #ένα #εγκαταλελειμμένο #ορυχείο #στην #Ισπανία, #κρύβει #έναν #εντυπωσιακό #γεωλογικό #θησαυρό.
https://t.co/6zkuKXARy7",περιβαλλον ενα εγκαταλελειμμενο ορυχειο στην ισπανια κρυβει εναν εντυπωσιακο γεωλογικο θησαυρο,1
"Σταύρος Κατσικάδης: Η Μαρίνα Φλοίσβου κρατά σταθερές τις κύριες πολιτικές της για το περιβάλλον και την κοινωνία - Ρεπορτάζ και ειδήσεις για την Οικονομία, τις Επιχειρήσεις, το Χρηματιστήριο, την Πολιτική #mononewsGR https://t.co/cr50tZXFCm",σταυροσ κατσικαδησ η μαρινα φλοισβου κρατα σταθερεσ τισ κυριεσ πολιτικεσ τησ για το περιβαλλον και την κοινωνια ρεπορταζ και ειδησεισ για την οικονομια τισ επιχειρησεισ το χρηματιστηριο την πολιτικη mononewsgr,1
"Μια επαναστατική μέθοδος ανακύκλωσης πλαστικών αποβλήτων μπορεί όπως φαίνεται να τα μετατρέψει σε μια φιλική στο περιβάλλον πηγή κίνησης οχημάτων.

https://t.co/5uLw9p6aSJ https://t.co/XFCyt3FGbC",μια επαναστατικη μεθοδοσ ανακυκλωσησ πλαστικων αποβλητων μπορει οπωσ φαινεται να τα μετατρεψει σε μια φιλικη στο περιβαλλον πηγη κινησησ οχηματων,1
@giorgos_vr @not_least @bobidion Οι ψυχικες ασθενειες ειναι κληρονομικες οποτε δεν γνωριζουμε σε τι κατασταση ηταν και το οικογενειακος της περιβαλλον,giorgos_vr not_least bobidion οι ψυχικεσ ασθενειεσ ειναι κληρονομικεσ οποτε δεν γνωριζουμε σε τι κατασταση ηταν και το οικογενειακοσ τησ περιβαλλον,1
"BLUE STAR FERRIES: Περιβαλλοντική Ημερίδα «Κλιματική Αλλαγή και Σημερινές Προκλήσεις» - Ρεπορτάζ και ειδήσεις για την Οικονομία, τις Επιχειρήσεις, το Χρηματιστήριο, την Πολιτική #mononewsGR https://t.co/mERJP678SN",blue star ferries περιβαλλοντικη ημεριδα κλιματικη αλλαγη και σημερινεσ προκλησεισ ρεπορταζ και ειδησεισ για την οικονομια τισ επιχειρησεισ το χρηματιστηριο την πολιτικη mononewsgr,1
".@joikonomou: Το 2022, παρά το δυσχερέστατο παγκόσμιο περιβάλλον, η Ελλάδα άντεξε και σημείωσε σημαντικά βήματα προόδου

https://t.co/HdYSF5Wabr https://t.co/JviXnWlwe1",joikonomou το παρα το δυσχερεστατο παγκοσμιο περιβαλλον η ελλαδα αντεξε και σημειωσε σημαντικα βηματα προοδου,1
"Σταύρος Κατσικάδης: Η Μαρίνα Φλοίσβου κρατά σταθερές τις κύριες πολιτικές της για το περιβάλλον και την κοινωνία - mononewsTV - Ρεπορτάζ και ειδήσεις για την Οικονομία, τις Επιχειρήσεις, το Χρηματιστήριο, την Πολιτική #mononewsGR https://t.co/wHPzNCVL8I",σταυροσ κατσικαδησ η μαρινα φλοισβου κρατα σταθερεσ τισ κυριεσ πολιτικεσ τησ για το περιβαλλον και την κοινωνια mononewstv ρεπορταζ και ειδησεισ για την οικονομια τισ επιχειρησεισ το χρηματιστηριο την πολιτικη mononewsgr,1
ΠΙΝ&amp;ΙΟΝΙΟ ΠΑΝΕΠΙΣΤΗΜΙΟ – Ημερίδα στη Ζάκυνθο για το περιβάλλον https://t.co/1fRexewJIQ,πινampιονιο πανεπιστημιο ημεριδα στη ζακυνθο για το περιβαλλον,1
Τμήμα Περιβάλλοντος Ιονίου Πανεπιστημίου &amp; ΠΙΝ: Διοργανώνουν σειρά ανοιχτών ομιλιών με κεντρικό θέμα «Περιβάλλον και Επιχειρηματικότητα» https://t.co/4qKWHbrjFF,τμημα περιβαλλοντοσ ιονιου πανεπιστημιου amp πιν διοργανωνουν σειρα ανοιχτων ομιλιων με κεντρικο θεμα περιβαλλον και επιχειρηματικοτητα,1
Πόλεμος στην Ουκρανία: «Σκοτώνοντας» και το περιβάλλον https://t.co/Vj1SzI6WOU,πολεμοσ στην ουκρανια σκοτωνοντασ και το περιβαλλον,1
Βέλτιστες πρακτικές για βιώσιμη φιλοξενία https://t.co/NEDXeCRrvT,βελτιστεσ πρακτικεσ για βιωσιμη φιλοξενια,1
"Πόλεμος για την πράσινη ενέργεια από τους δύο πιο ισχυρούς άντρες της Ινδίας - Ρεπορτάζ και ειδήσεις για την Οικονομία, τις Επιχειρήσεις, το Χρηματιστήριο, την Πολιτική #mononewsGR https://t.co/QppqF9iYiH",πολεμοσ για την πρασινη ενεργεια απο τουσ δυο πιο ισχυρουσ αντρεσ τησ ινδιασ ρεπορταζ και ειδησεισ για την οικονομια τισ επιχειρησεισ το χρηματιστηριο την πολιτικη mononewsgr,1
"Βριλήσσια – Γ. Πισιμίσης: Στις 15/1 η εκδήλωση “Νέα Προοπτική για τα Βριλήσσια: Σύγχρονη, Βιώσιμη, Ανθρώπινη Πόλη” https://t.co/YMHO0dR7yR",βριλησσια γ πισιμισησ στισ η εκδηλωση νεα προοπτικη για τα βριλησσια συγχρονη βιωσιμη ανθρωπινη πολη,1
Θερμότερο κλίμα και υψηλότερες θερμοκρασίες στη Μεσόγειο τα επόμενα χρόνια https://t.co/qxPXvJQ3rG #ΚΛΙΜΑ #ΠΕΡΙΒΑΛΛΟΝ https://t.co/7KRSSBNl0Q,θερμοτερο κλιμα και υψηλοτερεσ θερμοκρασιεσ στη μεσογειο τα επομενα χρονια κλιμα περιβαλλον,1
"Ο 82χρονος τέως μονάρχης δεν είναι διασωληνωμένος, αλλά η επαφή του με το περιβάλλον είναι πολύ περιορισμένη. #Ελλάδα
https://t.co/hVqY8JkYBL",ο χρονοσ τεωσ μοναρχησ δεν ειναι διασωληνωμενοσ αλλα η επαφη του με το περιβαλλον ειναι πολυ περιορισμενη ελλαδα,1
[Κλικ και διαβάστε στο thecaller]Με «βαρύ» εγκεφαλικό στη ΜΕΘ ο τέως βασιλιάς  #Κωνσταντίνος – Περιορισμένη η επαφή του με το περιβάλλον https://t.co/aq7aq8GzJc,κλικ και διαβαστε στο thecallerμε βαρυ εγκεφαλικο στη μεθ ο τεωσ βασιλιασ κωνσταντινοσ περιορισμενη η επαφη του με το περιβαλλον,1
Σκουρλέτης: Πρωτιά του ΣΥΡΙΖΑ-ΠΣ στις εκλογές για βιώσιμη κυβέρνηση https://t.co/PUTTrWnigd,σκουρλετησ πρωτια του συριζαπσ στισ εκλογεσ για βιωσιμη κυβερνηση,1
"RT @0minus_Prime: Κλιματοψέκες, εμβολιοψέκες και ακόμη ουκρανοψέκες, δείτε εδώ τι παίζει, γιατί σε λίγο θα μας ζαλίζετε τα @@ με την ""κλιμα…", minus_prime κλιματοψεκεσ εμβολιοψεκεσ και ακομη ουκρανοψεκεσ δειτε εδω τι παιζει γιατι σε λιγο θα μασ ζαλιζετε τα με την κλιμα,1
RT @TheOpinion_News: «Κοιτάμε Μπροστά»: «Είναι βιώσιμη η ανάπτυξη της Θεσσαλονίκης;» https://t.co/LI7p2T9uEM #Thessaloniki #skg #TheOpinion, theopinion_news κοιταμε μπροστα ειναι βιωσιμη η αναπτυξη τησ θεσσαλονικησ thessaloniki skg theopinion,1
Σκουρλέτης: Πρωτιά του ΣΥΡΙΖΑ-ΠΣ στις εκλογές για βιώσιμη κυβέρνηση που θα εμπνεύσει τον κόσμο και θα δώσει απαντήσεις - https://t.co/WAQ6kGvGQc https://t.co/6hyiURXpNH,σκουρλετησ πρωτια του συριζαπσ στισ εκλογεσ για βιωσιμη κυβερνηση που θα εμπνευσει τον κοσμο και θα δωσει απαντησεισ,1
Ξεκίνησε η ανακύκλωση των φυσικών χριστουγεννιάτικων δέντρων από τον δήμο Θέρμης https://t.co/IbdZBMmZkt #ΔΗΜΟΤΙΚΑ #ΔΤ #ΠΕΡΙΒΑΛΛΟΝ https://t.co/NG2sHxP1Pc,ξεκινησε η ανακυκλωση των φυσικων χριστουγεννιατικων δεντρων απο τον δημο θερμησ δημοτικα δτ περιβαλλον,1
Ενεργειακή αυτονομία και πράσινη οικονομία μέσω του ορυκτού πλούτου https://t.co/00J3TnMfhX,ενεργειακη αυτονομια και πρασινη οικονομια μεσω του ορυκτου πλουτου,1
"Άγγελος Ξηντάρης: Χτίζουμε μια Σκόπελο ψηφιακή ,σύγχρονη, έξυπνη, βιώσιμη και ανθρώπινη. https://t.co/KuHFjx4XRu",αγγελοσ ξηνταρησ χτιζουμε μια σκοπελο ψηφιακη συγχρονη εξυπνη βιωσιμη και ανθρωπινη,1
Στις εταιρίες με το καλύτερο εργασιακό περιβάλλον στην Ελλάδα η Intrum https://t.co/Qlb4OmWuM9,στισ εταιριεσ με το καλυτερο εργασιακο περιβαλλον στην ελλαδα η intrum,1
Nέες τοιχογραφίες με θέμα το περιβάλλον «ντύνουν» με χρώμα σχολεία της Αθήνας https://t.co/w4w00xmagc,nεεσ τοιχογραφιεσ με θεμα το περιβαλλον ντυνουν με χρωμα σχολεια τησ αθηνασ,1
Εντυπωσιακές τοιχογραφίες για το περιβάλλον «ντύνουν» σχολεία της Αθήνας - https://t.co/1dNhpMXBCd https://t.co/kUowJ5E0b7,εντυπωσιακεσ τοιχογραφιεσ για το περιβαλλον ντυνουν σχολεια τησ αθηνασ,1
"Τέσσερις νέες εντυπωσιακές τοιχογραφίες με θέμα το περιβάλλον γεμίζουν χρώμα σχολεία της Αθήνας

https://t.co/Mh7DOSZ7LA",τεσσερισ νεεσ εντυπωσιακεσ τοιχογραφιεσ με θεμα το περιβαλλον γεμιζουν χρωμα σχολεια τησ αθηνασ,1
Κλείνει το διάσημο Noma στην Κοπεγχάγη... δεν είναι βιώσιμο το μοντέλο πια https://t.co/AAJWppUw4Q,κλεινει το διασημο noma στην κοπεγχαγη δεν ειναι βιωσιμο το μοντελο πια,1
"Κ. Μπακογιάννης: «Με σεβασμό στον δημόσιο χώρο, τα murals γίνονται κομμάτι της αισθητικής ταυτότητας της σύγχρονης Αθήνας»-Δήμος Αθηναίων: Τέσσερις νέες εντυπωσιακές τοιχογραφίες  με θέμα το περιβάλλον «ντύνουν» με χρώμα σχολεία της πόλης https://t.co/f9VrO3KVm0 https://t.co/VWqjqMFr2t",κ μπακογιαννησ με σεβασμο στον δημοσιο χωρο τα murals γινονται κομματι τησ αισθητικησ ταυτοτητασ τησ συγχρονησ αθηνασδημοσ αθηναιων τεσσερισ νεεσ εντυπωσιακεσ τοιχογραφιεσ με θεμα το περιβαλλον ντυνουν με χρωμα σχολεια τησ πολησ,1
Ξεκίνησε η ανακύκλωση των φυσικών χριστουγεννιάτικων δέντρων από τον δήμο Θέρμης https://t.co/IbdZBMmZkt #ΔΗΜΟΤΙΚΑ #ΔΤ #ΠΕΡΙΒΑΛΛΟΝ #ΤΟΠΙΚΑ https://t.co/wv4Elq4twh,ξεκινησε η ανακυκλωση των φυσικων χριστουγεννιατικων δεντρων απο τον δημο θερμησ δημοτικα δτ περιβαλλον τοπικα,1
"#Περιβάλλον: #Τι #προκάλεσε #τον #πρωτοχρονιάτικο #καύσωνα #στην #Ευρώπη;
#καιρός
https://t.co/5on2lO6Vfr",περιβαλλον τι προκαλεσε τον πρωτοχρονιατικο καυσωνα στην ευρωπη καιροσ,1
Δήμος Αθηναίων: Οι τέσσερις νέες τοιχογραφίες με θέμα το περιβάλλον «ντύνουν» με χρώμα σχολεία της πόλης https://t.co/ow39QsgQmc,δημοσ αθηναιων οι τεσσερισ νεεσ τοιχογραφιεσ με θεμα το περιβαλλον ντυνουν με χρωμα σχολεια τησ πολησ,1
"Ο πρόεδρος του Επιμελητηρίου Χανίων τονίζει ότι πρέπει να δοθεί έμφαση στην Καινοτομία, την Αειφορία και την Εξωστρέφεια, προκειμένου οι επιχειρήσεις να ανταπεξέλθουν αποτελεσματικά στις προκλήσεις του νέου Οικονομικού περιβάλλοντος… https://t.co/UQ85cqHoSh",ο προεδροσ του επιμελητηριου χανιων τονιζει οτι πρεπει να δοθει εμφαση στην καινοτομια την αειφορια και την εξωστρεφεια προκειμενου οι επιχειρησεισ να ανταπεξελθουν αποτελεσματικα στισ προκλησεισ του νεου οικονομικου περιβαλλοντοσ,1
Δήμος Αθηναίων: Τέσσερις νέες εντυπωσιακές τοιχογραφίες με θέμα το περιβάλλον «ντύνουν» με χρώμα σχολεία της πόλης https://t.co/7qXhqUDQLa,δημοσ αθηναιων τεσσερισ νεεσ εντυπωσιακεσ τοιχογραφιεσ με θεμα το περιβαλλον ντυνουν με χρωμα σχολεια τησ πολησ,1
"Ο κ. Πετρίδης λέει ότι η κυβέρνηση προτείνει ολιστική αναδιαμόρφωση του συστήματος συντάξεων, με αναλογιστικό τρόπο, βιώσιμο και θεσμοθέτηση του δεύτερου πυλώνα και στον ιδιωτικό τομέα. #Κύπρος
https://t.co/4bzzvgYrf1",ο κ πετριδησ λεει οτι η κυβερνηση προτεινει ολιστικη αναδιαμορφωση του συστηματοσ συνταξεων με αναλογιστικο τροπο βιωσιμο και θεσμοθετηση του δευτερου πυλωνα και στον ιδιωτικο τομεα κυπροσ,1
"[https://t.co/bDHZLmoC6L]Ψάλτης (Alpha Bank): «Εγκαινιάζουμε ένα νέο κύκλο εξέλιξης, ως απάντηση στο νέο περιβάλλον διαρκούς κρίσης» https://t.co/eEkHHNTM6m",alpha bank εγκαινιαζουμε ενα νεο κυκλο εξελιξησ ωσ απαντηση στο νεο περιβαλλον διαρκουσ κρισησ,1
"#Πρόκειται #για #την 5η #Περιφερειακή #Ενημερωτική #ημερίδα, #που #διοργανώνεται #στο #πλαίσιο #του #έργου #life-IP #AdaptInGR #και #επιδιώκει #την #ενημέρωση και #ευαισθητοποίηση #των #πολιτών #της #Στερεάς_Ελλάδας.
#περιβάλλον #κλίμα
https://t.co/MHDFjDt61W",προκειται για την η περιφερειακη ενημερωτικη ημεριδα που διοργανωνεται στο πλαισιο του εργου lifeip adaptingr και επιδιωκει την ενημερωση και ευαισθητοποιηση των πολιτων τησ στερεασ_ελλαδασ περιβαλλον κλιμα,1
Τμήμα Περιβάλλοντος Ιονίου Πανεπιστημίου &amp; ΠΙΝ: Σειρά ανοιχτών ομιλιών με κεντρικό θέμα «Περιβάλλον και Επιχειρηματικότητα» (Βίντεο-Ολόκληρη Μετάδοση) https://t.co/roRYMcGzqW,τμημα περιβαλλοντοσ ιονιου πανεπιστημιου amp πιν σειρα ανοιχτων ομιλιων με κεντρικο θεμα περιβαλλον και επιχειρηματικοτητα βιντεοολοκληρη μεταδοση,1
"Μπέττυ Χαραλαμποπούλου (TRIQUETRA): Πώς 6 χώρες ενώνουν τις δυνάμεις τους για την κλιματική αλλαγή - Ρεπορτάζ και ειδήσεις για την Οικονομία, τις Επιχειρήσεις, το Χρηματιστήριο, την Πολιτική #mononewsGR https://t.co/6xirMreszh",μπεττυ χαραλαμποπουλου triquetra πωσ χωρεσ ενωνουν τισ δυναμεισ τουσ για την κλιματικη αλλαγη ρεπορταζ και ειδησεισ για την οικονομια τισ επιχειρησεισ το χρηματιστηριο την πολιτικη mononewsgr,1
Δηλαδή αν μας μιλήσει για το onlyfans τι γραφικό περιβάλλον θα χρησιμοποιήσει; https://t.co/jNnSUK1OKi,δηλαδη αν μασ μιλησει για το onlyfans τι γραφικο περιβαλλον θα χρησιμοποιησει,1
Tο Γεωπάρκο Μετεώρων-Πύλης αναδεικνύει τη Θεσσαλία σε παγκόσμιο προορισμό τουρισμού φύσης https://t.co/l62D3wb65W,tο γεωπαρκο μετεωρωνπυλησ αναδεικνυει τη θεσσαλια σε παγκοσμιο προορισμο τουρισμου φυσησ,1
Επιστολή Δένδια στον Μπορέλ: «Επικίνδυνο περιβάλλον ασφαλείας» εκ μέρους της Τουρκίας https://t.co/xEfI2x3g7Q,επιστολη δενδια στον μπορελ επικινδυνο περιβαλλον ασφαλειασ εκ μερουσ τησ τουρκιασ,1
Διπλωματικές πηγές: Επιστολή Δένδια στην ΕΕ – «Επικίνδυνο περιβάλλον ασφαλείας» εκ μέρους της Τουρκίας https://t.co/oSHd0Fe0lu,διπλωματικεσ πηγεσ επιστολη δενδια στην εε επικινδυνο περιβαλλον ασφαλειασ εκ μερουσ τησ τουρκιασ,1
"Ο πρόεδρος του Επιμελητηρίου Χανίων τονίζει ότι πρέπει να δοθεί έμφαση στην Καινοτομία, την Αειφορία και την Εξωστρέφεια, προκειμένου οι επιχειρήσεις να ανταπεξέλθουν αποτελεσματικά στις προκλήσεις του νέου Οικονομικού περιβάλλοντος… https://t.co/v29xvQFfzs",ο προεδροσ του επιμελητηριου χανιων τονιζει οτι πρεπει να δοθει εμφαση στην καινοτομια την αειφορια και την εξωστρεφεια προκειμενου οι επιχειρησεισ να ανταπεξελθουν αποτελεσματικα στισ προκλησεισ του νεου οικονομικου περιβαλλοντοσ,1
Μνημόνιο συνεργασίας από ΕΜΠ και ΙΜΕ ΓΣΕΒΕΕ για την κυκλική οικονομία https://t.co/z28IlFF9Em #businessnewsgr,μνημονιο συνεργασιασ απο εμπ και ιμε γσεβεε για την κυκλικη οικονομια businessnewsgr,1
"Η ""Πρωτοβουλία Πολιτών για τη βιώσιμη Ανάπτυξη και την πρόοδο στον Δήμο Τεμπών"" για το Κέντρο Πληροφόρησης για την Κοιλάδα Τεμπών https://t.co/XH3NIEgilH",η πρωτοβουλια πολιτων για τη βιωσιμη αναπτυξη και την προοδο στον δημο τεμπων για το κεντρο πληροφορησησ για την κοιλαδα τεμπων,1
Η Νάξος στις κορυφαίες τάσεις του κόσμου για βιώσιμο ταξίδι το 2023! https://t.co/NqL303PVro μέσω @Naxos Press,η ναξοσ στισ κορυφαιεσ τασεισ του κοσμου για βιωσιμο ταξιδι το μεσω naxos press,1
"Η Νάξος στις κορυφαίες τάσεις του κόσμου για βιώσιμο ταξίδι το 2023! 
https://t.co/BolJYyt1yd",η ναξοσ στισ κορυφαιεσ τασεισ του κοσμου για βιωσιμο ταξιδι το,1
Η Νάξος στις κορυφαίες τάσεις του κόσμου για βιώσιμο ταξίδι το 2023 https://t.co/751ic0eP9J,η ναξοσ στισ κορυφαιεσ τασεισ του κοσμου για βιωσιμο ταξιδι το,1
"✍🏻ΥΠΕΓΡΑΦΗ Η ΣΥΜΒΑΣΗ ΓΙΑ ΤΗΝ ΑΝΤΙΚΑΤΑΣΤΑΣΗ ΤΟΥ ΑΜΙΑΝΤΟΣΩΛΗΝΑ ΣΤΗΝ ΟΔΟ ΜΕΣΟΛΟΓΓΙΟΥ
👉🏻Με σοβαρό σχεδιασμό ένα έργο κομβικής σημασίας για το #περιβάλλον και την #υγεία όλων ξεκινά να εκτελείται https://t.co/IkxxaP45xJ",υπεγραφη η συμβαση για την αντικατασταση του αμιαντοσωληνα στην οδο μεσολογγιου με σοβαρο σχεδιασμο ενα εργο κομβικησ σημασιασ για το περιβαλλον και την υγεια ολων ξεκινα να εκτελειται,1
Η Πρωτοβουλία Πολιτών για τη βιώσιμη Ανάπτυξη και την πρόοδο στο Δήμο Τεμπών καταγγέλλει - LarissaPress https://t.co/Sf0CGfm0q3,η πρωτοβουλια πολιτων για τη βιωσιμη αναπτυξη και την προοδο στο δημο τεμπων καταγγελλει larissapress,1
Η Νάξος στις κορυφαίες τάσεις του κόσμου για βιώσιμο ταξίδι το 2023 – Η πρώτη διεθνής διάκριση για φέτος https://t.co/0mgYsmvZ9k #diakrisi #naxos,η ναξοσ στισ κορυφαιεσ τασεισ του κοσμου για βιωσιμο ταξιδι το η πρωτη διεθνησ διακριση για φετοσ diakrisi naxos,1
Η Νάξος στις κορυφαίες τάσεις του κόσμου για βιώσιμο ταξίδι το 2023 - https://t.co/PNo8i9lcVQ https://t.co/uEsUA5hYUI,η ναξοσ στισ κορυφαιεσ τασεισ του κοσμου για βιωσιμο ταξιδι το,1
"Η Νάξος στις κορυφαίες επιλογές για βιώσιμο ταξίδι

https://t.co/fZCFm1eWb1",η ναξοσ στισ κορυφαιεσ επιλογεσ για βιωσιμο ταξιδι,1
"Η Νάξος στις κορυφαίες τάσεις του κόσμου για βιώσιμο ταξίδι το 2023 - Ρεπορτάζ και ειδήσεις για την Οικονομία, τις Επιχειρήσεις, το Χρηματιστήριο, την Πολιτική #mononewsGR https://t.co/Py56tR7Blc",η ναξοσ στισ κορυφαιεσ τασεισ του κοσμου για βιωσιμο ταξιδι το ρεπορταζ και ειδησεισ για την οικονομια τισ επιχειρησεισ το χρηματιστηριο την πολιτικη mononewsgr,1
Η Νάξος στις κορυφαίες τάσεις του κόσμου για βιώσιμο ταξίδι το 2023 https://t.co/q8wczMFdFW,η ναξοσ στισ κορυφαιεσ τασεισ του κοσμου για βιωσιμο ταξιδι το,1
Στις κορυφαίες τάσεις του κόσμου για βιώσιμο ταξίδι το 2023 η Νάξος https://t.co/g2Q77VfbnU,στισ κορυφαιεσ τασεισ του κοσμου για βιωσιμο ταξιδι το η ναξοσ,1
Οι Αυστραλοί επιλέγουν Νάξο για βιώσιμο ταξίδι το 2023 https://t.co/VRdgZdUKuS μέσω @Naxos Press,οι αυστραλοι επιλεγουν ναξο για βιωσιμο ταξιδι το μεσω naxos press,1
"Η #Νάξος στις κορυφαίες τάσεις του κόσμου για βιώσιμο ταξίδι το 2023

https://t.co/8gJriEI7N8

#τουρισμός",η ναξοσ στισ κορυφαιεσ τασεισ του κοσμου για βιωσιμο ταξιδι το τουρισμοσ,1
"Νάξος, ο απόλυτος προορισμός για ένα βιώσιμο ταξίδι – «Στην κορυφή» της NZ Herald της Νέας Ζηλανδίας https://t.co/Y6bUIrIaDg",ναξοσ ο απολυτοσ προορισμοσ για ενα βιωσιμο ταξιδι στην κορυφη τησ nz herald τησ νεασ ζηλανδιασ,1
"Μνημόνια Συνεργασίας ΕΜΠ με ΜμΕ για κυκλική παραγωγή και διάθεση προϊόντων - Ρεπορτάζ και ειδήσεις για την Οικονομία, τις Επιχειρήσεις, το Χρηματιστήριο, την Πολιτική #mononewsGR https://t.co/470MMGJLVa",μνημονια συνεργασιασ εμπ με μμε για κυκλικη παραγωγη και διαθεση προϊοντων ρεπορταζ και ειδησεισ για την οικονομια τισ επιχειρησεισ το χρηματιστηριο την πολιτικη mononewsgr,1
⭕ «Εχθρικό περιβάλλον η Ελλάδα για υπερασπιστές ανθρωπίνων δικαιωμάτων και δημοσιογράφους» https://t.co/IglDAOyncH,εχθρικο περιβαλλον η ελλαδα για υπερασπιστεσ ανθρωπινων δικαιωματων και δημοσιογραφουσ,1
"Σε 11 χρόνια, η #Ονδούρα έχασε το 10% των δασών της

https://t.co/7k436vDf5z

#δάση #κλίμα #περιβάλλον #κλιματική_κρίση",σε χρονια η ονδουρα εχασε το των δασων τησ δαση κλιμα περιβαλλον κλιματικη_κριση,1
"Αν και το σουβλάκι δεν μπορεί να το χαρακτηρίσει κανείς ακόμη και σήμερα «ακριβό προϊόν» μέσα μάλιστα σε ένα περιβάλλον γενικευμένης ακρίβειας, εντούτοις, γεγονός είναι ότι στο «συμβολικά» πιο φθηνό γρήγορο φαγητό, οι ανατιμήσεις που έχουν γίνει, κάθε… https://t.co/8jbXuN3x6r",αν και το σουβλακι δεν μπορει να το χαρακτηρισει κανεισ ακομη και σημερα ακριβο προϊον μεσα μαλιστα σε ενα περιβαλλον γενικευμενησ ακριβειασ εντουτοισ γεγονοσ ειναι οτι στο συμβολικα πιο φθηνο γρηγορο φαγητο οι ανατιμησεισ που εχουν γινει καθε,1
Μαρίνα Φλοίσβου: Η βιώσιμη ανάπτυξη στην πράξη https://t.co/8rlZNATg1z,μαρινα φλοισβου η βιωσιμη αναπτυξη στην πραξη,1
"ΟΟΣΑ: Mόνο με πρωτογενή πλεονάσματα 1,5% - 2% του ΑΕΠ από το 2023 καθίσταται βιώσιμο το δημόσιο χρέος https://t.co/Vwk6U3g4FX",οοσα mονο με πρωτογενη πλεονασματα του αεπ απο το καθισταται βιωσιμο το δημοσιο χρεοσ,1
Xανιά | «Θρανίο» για ενέργεια - περιβάλλον ο σταθμός παραγωγής ρεύματος που ίδρυσε ο Βενιζέλος https://t.co/HkzfWJQF6t,xανια θρανιο για ενεργεια περιβαλλον ο σταθμοσ παραγωγησ ρευματοσ που ιδρυσε ο βενιζελοσ,1
RT @Moneypressgr: ΟΟΣΑ: Το συνταξιοδοτικό σύστημα στην Ελλάδα γίνεται πιο βιώσιμο  #moneypress https://t.co/tPrHxQRavP, moneypressgr οοσα το συνταξιοδοτικο συστημα στην ελλαδα γινεται πιο βιωσιμο moneypress,1
ΟΟΣΑ: Το συνταξιοδοτικό σύστημα στην Ελλάδα γίνεται πιο βιώσιμο  #moneypress https://t.co/tPrHxQRavP,οοσα το συνταξιοδοτικο συστημα στην ελλαδα γινεται πιο βιωσιμο moneypress,1
«Δεν μας ψεκάζουν… αλλά κάνουν τεράστια ζημιά στο περιβάλλον»: H λύση για τις άσπρες ουρές πίσω από τα αεροπλάνα https://t.co/Fgz3uQQPOw,δεν μασ ψεκαζουν αλλα κανουν τεραστια ζημια στο περιβαλλον h λυση για τισ ασπρεσ ουρεσ πισω απο τα αεροπλανα,1
Η Νάξος στις κορυφαίες τάσεις του κόσμου για βιώσιμο ταξίδι το 2023 - https://t.co/PNo8i9lcVQ https://t.co/RRtOtfXpqv,η ναξοσ στισ κορυφαιεσ τασεισ του κοσμου για βιωσιμο ταξιδι το,1
Δήμος Αθηναίων : Εντυπωσιακές τοιχογραφίες για το περιβάλλον «ντύνουν» σχολεία της Αθήνας https://t.co/4cWxVBK6UZ,δημοσ αθηναιων εντυπωσιακεσ τοιχογραφιεσ για το περιβαλλον ντυνουν σχολεια τησ αθηνασ,1
"Τώρα τούτη η είδηση αυτή την εποχή γιατί δεν περνάει ούτε καν σαν μαύρο χιούμορ το βλέπει ο καθένας γύρω του και στο οικείο του ""κοντινό"" περιβάλλον. https://t.co/u9sXkdSRj1",τωρα τουτη η ειδηση αυτη την εποχη γιατι δεν περναει ουτε καν σαν μαυρο χιουμορ το βλεπει ο καθενασ γυρω του και στο οικειο του κοντινο περιβαλλον,1
Συνεχίζεται η υποβολή αιτήσεων για το μεταπτυχιακό του ΠΘ με τίτλο «Αειφόρος και Βιώσιμη Φυτική Παραγωγή» https://t.co/bsHr9qxbHp,συνεχιζεται η υποβολη αιτησεων για το μεταπτυχιακο του πθ με τιτλο αειφοροσ και βιωσιμη φυτικη παραγωγη,1
Αθήνα: Άνδρας εντοπίστηκε νεκρός στο σπίτι του - Εξετάζεται γυναίκα από το στενό περιβάλλον του https://t.co/ouGmjGRSgh,αθηνα ανδρασ εντοπιστηκε νεκροσ στο σπιτι του εξεταζεται γυναικα απο το στενο περιβαλλον του,1
"«Τα Πράσινα Επαγγέλματα του Μέλλοντος»- Περιβάλλον, κλιματική αλλαγή, νέες θέσεις εργασίας 
#κλιματική_αλλαγή #περιβάλλον #επαγγέλματα #MONEYSHOW #Θεσσαλονίκη
https://t.co/d3sbmPN9hX",τα πρασινα επαγγελματα του μελλοντοσ περιβαλλον κλιματικη αλλαγη νεεσ θεσεισ εργασιασ κλιματικη_αλλαγη περιβαλλον επαγγελματα moneyshow θεσσαλονικη,1
Άνδρας εντοπίστηκε νεκρός στο Μοσχάτο - Εξετάζεται γυναίκα από το περιβάλλον του - https://t.co/5hjQcIw0CI https://t.co/GwZaryod60,ανδρασ εντοπιστηκε νεκροσ στο μοσχατο εξεταζεται γυναικα απο το περιβαλλον του,1
"Χρήστος Σταϊκούρας: «Στο ασταθές παγκόσμιο περιβάλλον, η Ελλάδα τα έχει καταφέρει» https://t.co/OIENwSjCQs",χρηστοσ σταϊκουρασ στο ασταθεσ παγκοσμιο περιβαλλον η ελλαδα τα εχει καταφερει,1
"Χρήστος Σταϊκούρας: «Στο ασταθές παγκόσμιο περιβάλλον, η Ελλάδα τα έχει καταφέρει» - LarissaPress https://t.co/S9UOGZUJGc",χρηστοσ σταϊκουρασ στο ασταθεσ παγκοσμιο περιβαλλον η ελλαδα τα εχει καταφερει larissapress,1
Σταικούρας: Η Ελλάδα τα έχει καταφέρει στο ασταθές παγκόσμιο περιβάλλον https://t.co/gWB8MbVHFM,σταικουρασ η ελλαδα τα εχει καταφερει στο ασταθεσ παγκοσμιο περιβαλλον,1
"Σκρέκας: «Προωθούμε την Πράσινη Μετάβαση, συνεχίζουμε αποφασιστικά τη δημοπράτηση μονάδων επεξεργασίας αποβλήτων» - Ρεπορτάζ και ειδήσεις για την Οικονομία, τις Επιχειρήσεις, το Χρηματιστήριο, την Πολιτική #mononewsGR https://t.co/CAAvfZ0dmW",σκρεκασ προωθουμε την πρασινη μεταβαση συνεχιζουμε αποφασιστικα τη δημοπρατηση μοναδων επεξεργασιασ αποβλητων ρεπορταζ και ειδησεισ για την οικονομια τισ επιχειρησεισ το χρηματιστηριο την πολιτικη mononewsgr,1
Eurogroup - Σταϊκούρας: Η Ελλάδα τα έχει καταφέρει παρά το ασταθές περιβάλλον - https://t.co/0DecuKYmrI,eurogroup σταϊκουρασ η ελλαδα τα εχει καταφερει παρα το ασταθεσ περιβαλλον,1
"RT @LykavitosGr: Σταϊκούρας: «Στο ασταθές παγκόσμιο περιβάλλον, η Ελλάδα τα έχει καταφέρει»  #Χρήστος_Σταικούρας #Eurogroup https://t.co/nW…", lykavitosgr σταϊκουρασ στο ασταθεσ παγκοσμιο περιβαλλον η ελλαδα τα εχει καταφερει χρηστοσ_σταικουρασ eurogroup,1
"RT @LykavitosGr: Σταϊκούρας: «Στο ασταθές παγκόσμιο περιβάλλον, η Ελλάδα τα έχει καταφέρει»  #Χρήστος_Σταικούρας #Eurogroup https://t.co/nW…", lykavitosgr σταϊκουρασ στο ασταθεσ παγκοσμιο περιβαλλον η ελλαδα τα εχει καταφερει χρηστοσ_σταικουρασ eurogroup,1
"Χρήστος Σταϊκούρας: «Στο ασταθές παγκόσμιο περιβάλλον, η Ελλάδα τα έχει καταφέρει» https://t.co/rzFNB1mz7b",χρηστοσ σταϊκουρασ στο ασταθεσ παγκοσμιο περιβαλλον η ελλαδα τα εχει καταφερει,1
"Σταϊκούρας: «Στο ασταθές παγκόσμιο περιβάλλον, η Ελλάδα τα έχει καταφέρει» - Ρεπορτάζ και ειδήσεις για την Οικονομία, τις Επιχειρήσεις, το Χρηματιστήριο, την Πολιτική #mononewsGR https://t.co/fS9AZ3LHhK",σταϊκουρασ στο ασταθεσ παγκοσμιο περιβαλλον η ελλαδα τα εχει καταφερει ρεπορταζ και ειδησεισ για την οικονομια τισ επιχειρησεισ το χρηματιστηριο την πολιτικη mononewsgr,1
".@cstaikouras : «Στο ασταθές παγκόσμιο περιβάλλον, η Ελλάδα τα έχει καταφέρει»

https://t.co/21CoQ35HwN https://t.co/hNjxzMN0Sc",cstaikouras στο ασταθεσ παγκοσμιο περιβαλλον η ελλαδα τα εχει καταφερει,1
"Σταϊκούρας στο Eurogroup: Η Ελλάδα τα έχει καταφέρει, παρά το ασταθές περιβάλλον https://t.co/0L6XWQqLST",σταϊκουρασ στο eurogroup η ελλαδα τα εχει καταφερει παρα το ασταθεσ περιβαλλον,1
RT @Moneypressgr: Eurogroup – Σταϊκούρας: Η Ελλάδα τα έχει καταφέρει παρά το ασταθές περιβάλλον  #moneypress https://t.co/s4rqCAv4L4 https:…, moneypressgr eurogroup σταϊκουρασ η ελλαδα τα εχει καταφερει παρα το ασταθεσ περιβαλλον moneypress,1
Eurogroup – Σταϊκούρας: Η Ελλάδα τα έχει καταφέρει παρά το ασταθές περιβάλλον  #moneypress https://t.co/s4rqCAv4L4 https://t.co/RqKZZ5PVKY,eurogroup σταϊκουρασ η ελλαδα τα εχει καταφερει παρα το ασταθεσ περιβαλλον moneypress,1
"Το 1ο Συμμετοχικό Εργαστήριο Εξερεύνησης &amp; Σχεδιασμού Παρεμβάσεων Φιλικών προς το Περιβάλλον στο κέντρο της πόλης διοργανώνει η Δημοτική Επιχείρηση ΚΥΔΩΝ Α.Ε., σε συνεργασία με το Πολυτεχνείο Κρήτης. https://t.co/ScI11G6hrE",το ο συμμετοχικο εργαστηριο εξερευνησησ amp σχεδιασμου παρεμβασεων φιλικων προσ το περιβαλλον στο κεντρο τησ πολησ διοργανωνει η δημοτικη επιχειρηση κυδων αε σε συνεργασια με το πολυτεχνειο κρητησ,1
Θανάσης Νασιακόπουλος: Διεκδικούμε και πραγματοποιούμε έργα που προωθούν τη βιώσιμη ανάπτυξη https://t.co/t0jdXYUZPh,θανασησ νασιακοπουλοσ διεκδικουμε και πραγματοποιουμε εργα που προωθουν τη βιωσιμη αναπτυξη,1
Δημοπρατήθηκε η μονάδα επεξεργασίας αποβλήτων στoν Αγιο Αντώνιο Θέρμης https://t.co/ZMTTz9xXb6 #ΑΓΑΝΤΩΝΙΟΣ #ΠΕΡΙΒΑΛΛΟΝ https://t.co/VZ8wndDxRm,δημοπρατηθηκε η μοναδα επεξεργασιασ αποβλητων στoν αγιο αντωνιο θερμησ αγαντωνιοσ περιβαλλον,1
"Χρήστος Σταϊκούρας: «Στο ασταθές παγκόσμιο περιβάλλον, η Ελλάδα τα έχει καταφέρει» https://t.co/JxvTHW6ERe",χρηστοσ σταϊκουρασ στο ασταθεσ παγκοσμιο περιβαλλον η ελλαδα τα εχει καταφερει,1
RT @sassyyraccoon: @voulinora @Melaplaystowin Το ένα δεν αναιρεί το άλλο. Θα μπορούσε να αλλάξει περιβάλλον και να μην χάσει και τη μάνα τη…, sassyyraccoon voulinora melaplaystowin το ενα δεν αναιρει το αλλο θα μπορουσε να αλλαξει περιβαλλον και να μην χασει και τη μανα τη,1
Τι απαντά το περιβάλλον του δολοφόνου της Κάρολαϊν στους γονείς της https://t.co/90OZS79nPq,τι απαντα το περιβαλλον του δολοφονου τησ καρολαϊν στουσ γονεισ τησ,1
«Κυκλική οικονομία: Ένας νέος δρόμος προοπτικής!» https://t.co/VKJRINgFWS,κυκλικη οικονομια ενασ νεοσ δρομοσ προοπτικησ,1
"Το στενό του περιβάλλον προσεύχεται να πάρει άμεσα εξιτήριο

#znews #Ξανθοπουλος https://t.co/PV8B5uy4XF",το στενο του περιβαλλον προσευχεται να παρει αμεσα εξιτηριο znews ξανθοπουλοσ,1
ΠΑΡΑΙΤΗΣΑΝ τον Αρέστοβιτς! Χαμός στο περιβάλλον του Ζελένσκι https://t.co/36k51LiRyW,παραιτησαν τον αρεστοβιτσ χαμοσ στο περιβαλλον του ζελενσκι,1
"#Η Κένυα κήρυξε «πόλεμο» σε #εκατομμύρια #πουλιά.
#διεθνή #περιβάλλον
https://t.co/fqR0h2thyB",η κενυα κηρυξε πολεμο σε εκατομμυρια πουλια διεθνη περιβαλλον,1
Τζέρεμι Ρένερ: «Είναι χειρότερα από όσο νομίζετε» σύμφωνα με άτομο από το περιβάλλον του https://t.co/yFKOQXbpiW,τζερεμι ρενερ ειναι χειροτερα απο οσο νομιζετε συμφωνα με ατομο απο το περιβαλλον του,1
"Χρήστος Σταϊκούρας: «Η σημερινή έκδοση του 10ετούς ομολόγου ήταν επιτυχής, ενισχύουμε τη βιώσιμη ανάπτυξη της ελληνικής οικονομίας» https://t.co/5H2HmFFiFY",χρηστοσ σταϊκουρασ η σημερινη εκδοση του ετουσ ομολογου ηταν επιτυχησ ενισχυουμε τη βιωσιμη αναπτυξη τησ ελληνικησ οικονομιασ,1
"ΕΣΠΑ: Πρεμιέρα με 1 δισ. ευρώ σε ΜμΕ για πράσινη μετάβαση και ψηφιακό μετασχηματισμό - Ρεπορτάζ και ειδήσεις για την Οικονομία, τις Επιχειρήσεις, το Χρηματιστήριο, την Πολιτική #mononewsGR https://t.co/k55pcBQtUr",εσπα πρεμιερα με δισ ευρω σε μμε για πρασινη μεταβαση και ψηφιακο μετασχηματισμο ρεπορταζ και ειδησεισ για την οικονομια τισ επιχειρησεισ το χρηματιστηριο την πολιτικη mononewsgr,1
Θανάσης Νασιακόπουλος: Διεκδικούμε και πραγματοποιούμε έργα που προωθούν τη βιώσιμη ανάπτυξη https://t.co/M623vzOf1D,θανασησ νασιακοπουλοσ διεκδικουμε και πραγματοποιουμε εργα που προωθουν τη βιωσιμη αναπτυξη,1
ΧΑΡΑΛΑΜΠΟΣ ΧΑΡΙΤΟΠΟΥΛΟΣ: ΒΛΑΠΤΟΥΝ ΟΙ ΑΝΕΜΟΓΕΝΝΗΤΡΙΕΣ ΤΟ ΠΕΡΙΒΑΛΛΟΝ; https://t.co/7gIagCPP91,χαραλαμποσ χαριτοπουλοσ βλαπτουν οι ανεμογεννητριεσ το περιβαλλον,1
RT @LykavitosGr: Eurolife FFH: Αξία έχει να φροντίζεις για την επιχείρησή σου και στο ψηφιακό περιβάλλον  #Eurolife_FFH https://t.co/4NqrVE…, lykavitosgr eurolife ffh αξια εχει να φροντιζεισ για την επιχειρηση σου και στο ψηφιακο περιβαλλον eurolife_ffh,1
RT @LykavitosGr: Eurolife FFH: Αξία έχει να φροντίζεις για την επιχείρησή σου και στο ψηφιακό περιβάλλον  #Eurolife_FFH https://t.co/4NqrVE…, lykavitosgr eurolife ffh αξια εχει να φροντιζεισ για την επιχειρηση σου και στο ψηφιακο περιβαλλον eurolife_ffh,1
Oι επιστήμονες περιμένουν το 2023 και το '24 να έχουμε ουσιαστικά πολύ θερμό καιρό με ότι αυτό συνεπάγεται για τις επιπτώσεις σε περιβάλλον και ανθρώπους https://t.co/fuxu61Bpf2,oι επιστημονεσ περιμενουν το και το να εχουμε ουσιαστικα πολυ θερμο καιρο με οτι αυτο συνεπαγεται για τισ επιπτωσεισ σε περιβαλλον και ανθρωπουσ,1
Σε έξι μήνες μικρές και μεσαίες επιχειρήσεις θα πάρουν 1 δις ευρώ για επενδύσεις σε ψηφιακά μέσα και σε πράσινη ενέργεια https://t.co/MMgo9xwoL0,σε εξι μηνεσ μικρεσ και μεσαιεσ επιχειρησεισ θα παρουν δισ ευρω για επενδυσεισ σε ψηφιακα μεσα και σε πρασινη ενεργεια,1
"«Ποιο είναι το συμφέρον του παιδιού; Να ζήσει στις Φιλιππίνες ή να ανατραφεί στο περιβάλλον που ανετράφη και ο δολοφόνος;» αναρωτήθηκε ο συνήγορος της οικογένειας της #Καρολάιν Κράουτς για το θέμα της επιμέλειας της μικρής Λυδίας. 
https://t.co/Als5rWSsgf",ποιο ειναι το συμφερον του παιδιου να ζησει στισ φιλιππινεσ η να ανατραφει στο περιβαλλον που ανετραφη και ο δολοφονοσ αναρωτηθηκε ο συνηγοροσ τησ οικογενειασ τησ καρολαιν κραουτσ για το θεμα τησ επιμελειασ τησ μικρησ λυδιασ,1
Γλυκά Νερά: Το περιβάλλον του Μπάμπη Αναγνωστόπουλου διαψεύδει επικοινωνία του με τη μικρή Λυδία https://t.co/kcJTnanDNS,γλυκα νερα το περιβαλλον του μπαμπη αναγνωστοπουλου διαψευδει επικοινωνια του με τη μικρη λυδια,1
"«Προστατεύουμε το περιβάλλον…με πράξεις»
Μια συνεργασία με σκοπό την περιβαλλοντική αφύπνιση και την υιοθέτηση μιας βιώσιμης καθημερινότητας
#WE4ALL #GreenFuture #AstraZeneca https://t.co/tru5oRy2rf",προστατευουμε το περιβαλλονμε πραξεισ μια συνεργασια με σκοπο την περιβαλλοντικη αφυπνιση και την υιοθετηση μιασ βιωσιμησ καθημερινοτητασ weall greenfuture astrazeneca,1
Ως κορυφαίο περιβάλλον εργασίας πιστοποιήθηκε η ΖeniΘ https://t.co/95XrmtOxvj,ωσ κορυφαιο περιβαλλον εργασιασ πιστοποιηθηκε η ζeniθ,1
Ως κορυφαίο περιβάλλον εργασίας πιστοποιήθηκε η ΖeniΘ https://t.co/MXAf2Tjxvc,ωσ κορυφαιο περιβαλλον εργασιασ πιστοποιηθηκε η ζeniθ,1
ΖeniΘ: Πιστοποιήθηκε ως κορυφαίο περιβάλλον εργασίας https://t.co/Agua5LMp4W #businessnewsgr,ζeniθ πιστοποιηθηκε ωσ κορυφαιο περιβαλλον εργασιασ businessnewsgr,1
H ΖeniΘ διακρίθηκε ως κορυφαίο περιβάλλον εργασίας https://t.co/KuKNAF8g16,h ζeniθ διακριθηκε ωσ κορυφαιο περιβαλλον εργασιασ,1
"Rafal Brzoska (InPost): Οι θυρίδες είναι ο πιο βιώσιμος τρόπος ανάπτυξης e-commerce - Τι είπε για Ελλάδα - Ρεπορτάζ και ειδήσεις για την Οικονομία, τις Επιχειρήσεις, το Χρηματιστήριο, την Πολιτική #mononewsGR https://t.co/ckYX3roj4F",rafal brzoska inpost οι θυριδεσ ειναι ο πιο βιωσιμοσ τροποσ αναπτυξησ ecommerce τι ειπε για ελλαδα ρεπορταζ και ειδησεισ για την οικονομια τισ επιχειρησεισ το χρηματιστηριο την πολιτικη mononewsgr,1
"Eurolife FFH: Αξία έχει να φροντίζεις για την επιχείρησή σου και στο ψηφιακό περιβάλλον - Ρεπορτάζ και ειδήσεις για την Οικονομία, τις Επιχειρήσεις, το Χρηματιστήριο, την Πολιτική #mononewsGR https://t.co/3IKSlMcTxM",eurolife ffh αξια εχει να φροντιζεισ για την επιχειρηση σου και στο ψηφιακο περιβαλλον ρεπορταζ και ειδησεισ για την οικονομια τισ επιχειρησεισ το χρηματιστηριο την πολιτικη mononewsgr,1
Πολιτιστικός Σύλλογος Μονοπήγαδου: Ολοι μαζί στη 2η φάση αναδάσωσης - Κυριακή 29/1/2023 https://t.co/NwanCOahyP #ΔΡΑΣΕΙΣ #ΕΘΕΛΟΝΤΙΣΜΟΣ #ΜΟΝΟΠΗΓΑΔΟ #ΠΕΡΙΒΑΛΛΟΝ https://t.co/GNOFIoQ1Uf,πολιτιστικοσ συλλογοσ μονοπηγαδου ολοι μαζι στη η φαση αναδασωσησ κυριακη δρασεισ εθελοντισμοσ μονοπηγαδο περιβαλλον,1
Πάρος: Ημερίδα για τη βιώσιμη ανάπτυξη του νησιού https://t.co/Gb9lDr1aOT μέσω @Naxos Press,παροσ ημεριδα για τη βιωσιμη αναπτυξη του νησιου μεσω naxos press,1
Η Νάξος στις κορυφαίες τάσεις του κόσμου για βιώσιμο ταξίδι το 2023 https://t.co/CwPOS7i82o,η ναξοσ στισ κορυφαιεσ τασεισ του κοσμου για βιωσιμο ταξιδι το,1
"#Νταβός – Παγκόσμιο Οικονομικό Φόρουμ: Πανδημία, Οικονομία, Ενέργεια, Ουκρανία &amp; Περιβάλλον στην ατζέντα (video) https://t.co/DFRU2GuwN4",νταβοσ παγκοσμιο οικονομικο φορουμ πανδημια οικονομια ενεργεια ουκρανια amp περιβαλλον στην ατζεντα video,1
Το Εδιμβούργο αφαιρεί το κρέας από το μενού στα σχολεία για να μειώσει το αποτύπωμα άνθρακα https://t.co/D1D0jxQUU9,το εδιμβουργο αφαιρει το κρεασ απο το μενου στα σχολεια για να μειωσει το αποτυπωμα ανθρακα,1
Το Εδιμβούργο αφαιρεί το κρέας από το μενού στα σχολεία για να μειώσει το αποτύπωμα άνθρακα https://t.co/mEJxnIUvSj,το εδιμβουργο αφαιρει το κρεασ απο το μενου στα σχολεια για να μειωσει το αποτυπωμα ανθρακα,1
H Lidl Ελλάς δημιουργεί αξία στον δρόμο για ένα βιώσιμο αύριο - https://t.co/eiOPQNSsIs https://t.co/3yyiroCvKm #Lidl,h lidl ελλασ δημιουργει αξια στον δρομο για ενα βιωσιμο αυριο lidl,1
"💵💷10 «στοιχήματα» για την ελληνική #οικονομία το 2023
Το γράφημα αποτυπώνει τους στόχους του υπουργείου Οικονομικών για το τρέχον έτος, την ώρα που η παγκόσμια οικονομία κινείται σε ένα περιβάλλον έντονης ρευστότητας

https://t.co/GHmszVHhBH https://t.co/mVQVVzmwdx",στοιχηματα για την ελληνικη οικονομια το το γραφημα αποτυπωνει τουσ στοχουσ του υπουργειου οικονομικων για το τρεχον ετοσ την ωρα που η παγκοσμια οικονομια κινειται σε ενα περιβαλλον εντονησ ρευστοτητασ,1
"Έκθεση: Η αποστολή των κυανόκρανων του ΟΗΕ στο #Μαλί «δεν είναι βιώσιμη» αν δεν αυξηθεί η δύναμή της

https://t.co/eHIP2gRUyO https://t.co/beFCaw0nxd",εκθεση η αποστολη των κυανοκρανων του οηε στο μαλι δεν ειναι βιωσιμη αν δεν αυξηθει η δυναμη τησ,1
"Σε ένα όμορφο και οικογενειακό περιβάλλον η ομάδα της ΑΕ Περιβόλας έκοψε την πρωτοχρονιάτικη πίτα της στην καντίνα του ‘...
https://t.co/hsI53hCdvs",σε ενα ομορφο και οικογενειακο περιβαλλον η ομαδα τησ αε περιβολασ εκοψε την πρωτοχρονιατικη πιτα τησ στην καντινα του,1
ΟΙ ΕΠΙΠΤΩΣΕΙΣ ΤΩΝ ΕΞΟΡΥΞΕΩΝ ΤΟΥ ΠΕΤΡΕΛΑΙΟΥ ΣΤΟ ΠΕΡΙΒΑΛΛΟΝ https://t.co/RGCxchfvC2,οι επιπτωσεισ των εξορυξεων του πετρελαιου στο περιβαλλον,1
"Ολοκληρώθηκε το 1ο Συμμετοχικό Εργαστήριο για το Ευρωπαϊκό Ερευνητικό Πρόγραμμα (HORIZON) στο οποίο συμμετέχει η ΚΥΔΩΝ Α.Ε., με κύριο αντικείμενο τη διερεύνηση των αναγκών και το συμμετοχικό σχεδιασμό στην εφαρμογή λύσεων φιλικών προς το περιβάλλον. https://t.co/m9uZDm0YhC",ολοκληρωθηκε το ο συμμετοχικο εργαστηριο για το ευρωπαϊκο ερευνητικο προγραμμα horizon στο οποιο συμμετεχει η κυδων αε με κυριο αντικειμενο τη διερευνηση των αναγκων και το συμμετοχικο σχεδιασμο στην εφαρμογη λυσεων φιλικων προσ το περιβαλλον,1
"H Lidl Ελλάς δημιουργεί αξία στον δρόμο για ένα βιώσιμο αύριο - Ρεπορτάζ και ειδήσεις για την Οικονομία, τις Επιχειρήσεις, το Χρηματιστήριο, την Πολιτική #mononewsGR https://t.co/eGbGiTDtxC",h lidl ελλασ δημιουργει αξια στον δρομο για ενα βιωσιμο αυριο ρεπορταζ και ειδησεισ για την οικονομια τισ επιχειρησεισ το χρηματιστηριο την πολιτικη mononewsgr,1
"Ποιες οι επιπτώσεις της κλιματικής αλλαγής στο κοντινό και στο μακρινό μέλλον σε ορισμένες #καλλιέργειες 

#κλιματική_αλλαγή #περιβάλλον 

https://t.co/IbLI6Z2kv6 https://t.co/9Z7xV9QQpI",ποιεσ οι επιπτωσεισ τησ κλιματικησ αλλαγησ στο κοντινο και στο μακρινο μελλον σε ορισμενεσ καλλιεργειεσ κλιματικη_αλλαγη περιβαλλον,1
"#KlimaSeniorinnen
Οι ηλικιωμένες από την #Ελβετία που αγωνίζονται για κλιματική δικαιοσύνη 

#περιβάλλον #κλιματική_αλλαγή 

https://t.co/EcVOe5q2WA",klimaseniorinnen οι ηλικιωμενεσ απο την ελβετια που αγωνιζονται για κλιματικη δικαιοσυνη περιβαλλον κλιματικη_αλλαγη,1
Νίκος Βέρτης: Τι λέει το περιβάλλον του για την έξωση από νυχτερινό κέντρο της Θεσσαλονίκης - https://t.co/k8suIKVkIr https://t.co/kMSBh3iwzM,νικοσ βερτησ τι λεει το περιβαλλον του για την εξωση απο νυχτερινο κεντρο τησ θεσσαλονικησ,1
"Σε ένα όμορφο και ζεστό περιβάλλον η ομάδα του Διαγόρα Βραχναιΐκων έκοψε την πρωτοχρονιάτικη πίτα του στο Σταυροπούλειο ...
https://t.co/cicGap7KuO",σε ενα ομορφο και ζεστο περιβαλλον η ομαδα του διαγορα βραχναιΐκων εκοψε την πρωτοχρονιατικη πιτα του στο σταυροπουλειο,1
"ESG Shipping Awards: Tα πρώτα Ναυτιλιακά Βραβεία για Περιβάλλον, Κοινωνική και Εταιρική διακυβέρνηση https://t.co/XxtnlCZR1l",esg shipping awards tα πρωτα ναυτιλιακα βραβεια για περιβαλλον κοινωνικη και εταιρικη διακυβερνηση,1
"Μάντζος: Πρόοδος και σταθερότητα σημαίνει ισχυροί θεσμοί δημοκρατίας, βιώσιμο παραγωγικό μοντέλο ανάπτυξης και καλές δουλειές https://t.co/rJVT6ZwE9A",μαντζοσ προοδοσ και σταθεροτητα σημαινει ισχυροι θεσμοι δημοκρατιασ βιωσιμο παραγωγικο μοντελο αναπτυξησ και καλεσ δουλειεσ,1
ΧΑΡΑΛΑΜΠΟΣ ΧΑΡΙΤΟΠΟΥΛΟΣ: ΥΓΕΙΑ ΘΑ ΕΧΟΥΜΕ ΜΕ ΕΝΑ ΥΓΙΕΣ ΠΕΡΙΒΑΛΛΟΝ https://t.co/uSlB6xWEBi,χαραλαμποσ χαριτοπουλοσ υγεια θα εχουμε με ενα υγιεσ περιβαλλον,1
"Μετά τις συγκλονιστικές #αποκαλύψεις και μαρτυρίες από το περιβάλλον ανθρώπων που υπέφεραν από τις πρακτικές του ψευτογιατρού, θέμα ωρών θεωρείται η έκδοση εντάλματος σύλληψης για τον 65χρονο. #ψευτογιατρος 

https://t.co/98LNqkBs3c",μετα τισ συγκλονιστικεσ αποκαλυψεισ και μαρτυριεσ απο το περιβαλλον ανθρωπων που υπεφεραν απο τισ πρακτικεσ του ψευτογιατρου θεμα ωρων θεωρειται η εκδοση ενταλματοσ συλληψησ για τον χρονο ψευτογιατροσ,1
Γ. Πολυχρονάκος:  “Η βιώσιμη ανάπτυξη των νησιών μας θα εξαρτηθεί από την επάρκεια νερού”. https://t.co/bliaEfXntR μέσω @Naxos Press,γ πολυχρονακοσ η βιωσιμη αναπτυξη των νησιων μασ θα εξαρτηθει απο την επαρκεια νερου μεσω naxos press,1
"Παγκόσμια πρώτη για τη Mytilineos: Σε περιβάλλον Metaverse θα παρουσιαστούν τα οικονομικά αποτελέσματα 2022 - Ρεπορτάζ και ειδήσεις για την Οικονομία, τις Επιχειρήσεις, το Χρηματιστήριο, την Πολιτική #mononewsGR https://t.co/X3nB3fVbYz",παγκοσμια πρωτη για τη mytilineos σε περιβαλλον metaverse θα παρουσιαστουν τα οικονομικα αποτελεσματα ρεπορταζ και ειδησεισ για την οικονομια τισ επιχειρησεισ το χρηματιστηριο την πολιτικη mononewsgr,1
"Μητσοτάκης: Βαθιά ελλειμματική η Ελλάδα όσον αφορά τις ενεργειακές της ανάγκες - Ένα μεγάλο κομμάτι που παράγεται από πετρέλαιο, αέριο, θα παράγεται από πράσινη ενέργεια",μητσοτακησ βαθια ελλειμματικη η ελλαδα οσον αφορα τισ ενεργειακεσ τησ αναγκεσ ενα μεγαλο κομματι που παραγεται απο πετρελαιο αεριο θα παραγεται απο πρασινη ενεργεια,1
Mytilineos: Σε περιβάλλον Metaverse η παρουσίαση των αποτελεσμάτων 2022 https://t.co/jgiGgHOuDu,mytilineos σε περιβαλλον metaverse η παρουσιαση των αποτελεσματων,1
Mytilineos: Σε περιβάλλον Metaverse η παρουσίαση των αποτελεσμάτων 2022 https://t.co/t9Qjl6vGxR,mytilineos σε περιβαλλον metaverse η παρουσιαση των αποτελεσματων,1
Τα φυτοφάρμακα και ο κίνδυνος για την υγεία και το περιβάλλον https://t.co/klqYg5rvzV,τα φυτοφαρμακα και ο κινδυνοσ για την υγεια και το περιβαλλον,1
RT @LykavitosGr: Παγκόσμια πρώτη για την MYTILINEOS: Σε περιβάλλον Metaverse τα Οικονομικά Αποτελέσματα του 2022 στις 26 Ιανουαρίου  #Mytil…, lykavitosgr παγκοσμια πρωτη για την mytilineos σε περιβαλλον metaverse τα οικονομικα αποτελεσματα του στισ ιανουαριου mytil,1
RT @LykavitosGr: Παγκόσμια πρώτη για την MYTILINEOS: Σε περιβάλλον Metaverse τα Οικονομικά Αποτελέσματα του 2022 στις 26 Ιανουαρίου  #Mytil…, lykavitosgr παγκοσμια πρωτη για την mytilineos σε περιβαλλον metaverse τα οικονομικα αποτελεσματα του στισ ιανουαριου mytil,1
"Mytilineos: Σε περιβάλλον Metaverse τα οικονομικά αποτελέσματα 2022, στις 26 Ιανουαρίου https://t.co/v00KrDMgIl #businessnewsgr",mytilineos σε περιβαλλον metaverse τα οικονομικα αποτελεσματα στισ ιανουαριου businessnewsgr,1
Μεγαλώνοντας τα παιδιά μας σε περιβάλλον «βρώμικης ενέργειας» https://t.co/ZLYQfaUqHQ,μεγαλωνοντασ τα παιδια μασ σε περιβαλλον βρωμικησ ενεργειασ,1
RT @TheOpinion_News: Οι κάψουλες του καφέ είναι φιλικές για το περιβάλλον https://t.co/nHfjiChMVW #Thessaloniki #skg #TheOpinion, theopinion_news οι καψουλεσ του καφε ειναι φιλικεσ για το περιβαλλον thessaloniki skg theopinion,1
Ιδιαίτερα θετικές εντυπώσεις άφησε στο Ταλίν η παρουσίαση του Ολοκληρωμένου Σχεδίου Δράσης για την υλοποίηση του οράματος: «Ηράκλειο: Έξυπνος – Ανθεκτικός – Βιώσιμος Δήμος» https://t.co/Me0yT52qam,ιδιαιτερα θετικεσ εντυπωσεισ αφησε στο ταλιν η παρουσιαση του ολοκληρωμενου σχεδιου δρασησ για την υλοποιηση του οραματοσ ηρακλειο εξυπνοσ ανθεκτικοσ βιωσιμοσ δημοσ,1
Public: Νέα φιλική προς το περιβάλλον υπηρεσία 24ωρης παραλαβής από locker σε περισσότερα από 1.200 σημεία πανελλαδικά   https://t.co/3ZHLorxtDW https://t.co/wFEl3Hha6M,public νεα φιλικη προσ το περιβαλλον υπηρεσια ωρησ παραλαβησ απο locker σε περισσοτερα απο σημεια πανελλαδικα,1
Στη Λάρισα στελέχη της Παγκόσμιας Τράπεζας για τη βιώσιμη ανάπτυξη της πόλης https://t.co/qnCO6rGbjU,στη λαρισα στελεχη τησ παγκοσμιασ τραπεζασ για τη βιωσιμη αναπτυξη τησ πολησ,1
Στη Λάρισα στελέχη της Παγκόσμιας Τράπεζας για τη βιώσιμη ανάπτυξη της πόλης https://t.co/TYyMbOpmMD,στη λαρισα στελεχη τησ παγκοσμιασ τραπεζασ για τη βιωσιμη αναπτυξη τησ πολησ,1
ΕΥ: Οι 10 γεωπολιτικές εξελίξεις που θα επηρεάσουν το επιχειρηματικό περιβάλλον το 2023 - https://t.co/8bhSsrEg6s https://t.co/3mJKB0QkCw,ευ οι γεωπολιτικεσ εξελιξεισ που θα επηρεασουν το επιχειρηματικο περιβαλλον το,1
"HELMEPA: Ανάγκη για περισσότερη επιμόρφωση και νέες δεξιότητες για την πράσινη μετάβαση και τη ναυτική ασφάλεια - Ρεπορτάζ και ειδήσεις για την Οικονομία, τις Επιχειρήσεις, το Χρηματιστήριο, την Πολιτική #mononewsGR https://t.co/spbb4Et80S",helmepa αναγκη για περισσοτερη επιμορφωση και νεεσ δεξιοτητεσ για την πρασινη μεταβαση και τη ναυτικη ασφαλεια ρεπορταζ και ειδησεισ για την οικονομια τισ επιχειρησεισ το χρηματιστηριο την πολιτικη mononewsgr,1
Το «περιβάλλον» στοιχείο διεκδίκησης δράσεων - έργων και όχι εργαλείο εξυπηρέτησης ιδεοληψιών και συμφερόντων - LarissaPress https://t.co/Xig1Id4gWZ,το περιβαλλον στοιχειο διεκδικησησ δρασεων εργων και οχι εργαλειο εξυπηρετησησ ιδεοληψιων και συμφεροντων larissapress,1
"ΕΥ: Οι 10 γεωπολιτικές εξελίξεις που θα επηρεάσουν το επιχειρηματικό περιβάλλον το 2023

https://t.co/eS3iuu5xV4",ευ οι γεωπολιτικεσ εξελιξεισ που θα επηρεασουν το επιχειρηματικο περιβαλλον το,1
"Public: Νέα φιλική προς το περιβάλλον υπηρεσία 24ωρης παραλαβής από locker - Ρεπορτάζ και ειδήσεις για την Οικονομία, τις Επιχειρήσεις, το Χρηματιστήριο, την Πολιτική #mononewsGR https://t.co/IUtlo7uDv1",public νεα φιλικη προσ το περιβαλλον υπηρεσια ωρησ παραλαβησ απο locker ρεπορταζ και ειδησεισ για την οικονομια τισ επιχειρησεισ το χρηματιστηριο την πολιτικη mononewsgr,1
Στη Λάρισα στελέχη της Παγκόσμιας Τράπεζας για τη βιώσιμη ανάπτυξη της πόλης - LarissaPress https://t.co/6OBavQukWO,στη λαρισα στελεχη τησ παγκοσμιασ τραπεζασ για τη βιωσιμη αναπτυξη τησ πολησ larissapress,1
ΕΒΕ Ξάνθης: Eκδήλωση με τίτλο «Κυκλική Οικονομία &amp; Τουρισμός» https://t.co/PQ9cZ5ty5P,εβε ξανθησ eκδηλωση με τιτλο κυκλικη οικονομια amp τουρισμοσ,1
MYTILINEOS: Θα παρουσιάσει τα οικονομικά της αποτελέσματα σε περιβάλλον Metaverse! https://t.co/KGA0nEWnNi,mytilineos θα παρουσιασει τα οικονομικα τησ αποτελεσματα σε περιβαλλον metaverse,1
"Τις τελευταίες μέρες παρατηρήθηκε και πάλι το καταστροφικό για το περιβάλλον, φαινόμενο της εκτός δρόμου οδήγησης με μηχανοκίνητα οχήματα στα μικρά και μεγάλα οροπέδια του Ψηλορείτη, εντός των διοικητικών ορίων του Δήμου Ανωγείων… https://t.co/JW6dOLJzcH",τισ τελευταιεσ μερεσ παρατηρηθηκε και παλι το καταστροφικο για το περιβαλλον φαινομενο τησ εκτοσ δρομου οδηγησησ με μηχανοκινητα οχηματα στα μικρα και μεγαλα οροπεδια του ψηλορειτη εντοσ των διοικητικων οριων του δημου ανωγειων,1
Κόβει την πίτα του ο ΣΒΘΣΕ με εκδήλωση για την Βιώσιμη Ανάπτυξη και την Κυκλική Οικονομία https://t.co/4Ghxpi4l6D,κοβει την πιτα του ο σβθσε με εκδηλωση για την βιωσιμη αναπτυξη και την κυκλικη οικονομια,1
ΕΥ: Οι 10 γεωπολιτικές εξελίξεις που θα επηρεάσουν το επιχειρηματικό περιβάλλον το 2023 https://t.co/LzfGJmtf7J,ευ οι γεωπολιτικεσ εξελιξεισ που θα επηρεασουν το επιχειρηματικο περιβαλλον το,1
Η «Νύχτα των μεγάλων μαχαιριών» στο Κίεβο με νέα παραίτηση από το περιβάλλον του Ζελένσκι https://t.co/zYYx1EUtjq #volontimirzelenski,η νυχτα των μεγαλων μαχαιριων στο κιεβο με νεα παραιτηση απο το περιβαλλον του ζελενσκι volontimirzelenski,1
"Η Κυκλική Οικονομία στη Βουλή, από τον Χάρη Μαμουλάκη (vid) https://t.co/xZzrXCPKpg",η κυκλικη οικονομια στη βουλη απο τον χαρη μαμουλακη vid,1
"ΥΠΠΟΑ: «Όλη η Ελλάδα ένας Πολιτισμός 2023» με θέμα την κλιματική κρίση - Ρεπορτάζ και ειδήσεις για την Οικονομία, τις Επιχειρήσεις, το Χρηματιστήριο, την Πολιτική #mononewsGR https://t.co/4Zw0bUpZhK",υπποα ολη η ελλαδα ενασ πολιτισμοσ με θεμα την κλιματικη κριση ρεπορταζ και ειδησεισ για την οικονομια τισ επιχειρησεισ το χρηματιστηριο την πολιτικη mononewsgr,1
SKAG: Πιστοποίηση από Quality Net Foundation σε βιώσιμη ανάπτυξη και υπεύθυνη επιχειρηματικότητα https://t.co/nnJZ9jldEA #businessnewsgr,skag πιστοποιηση απο quality net foundation σε βιωσιμη αναπτυξη και υπευθυνη επιχειρηματικοτητα businessnewsgr,1
"RT @cultureGR: ✨Όλη η Ελλάδα ένας Πολιτισμός 2023✨

Ανακοινώνεται πρόσκληση υποβολής προτάσεων για συμμετοχή στο πρόγραμμα του Θεσμού.

Από…", culturegr ολη η ελλαδα ενασ πολιτισμοσ ανακοινωνεται προσκληση υποβολησ προτασεων για συμμετοχη στο προγραμμα του θεσμου απο,1
"o Δήμος Πλατανιά θα παρουσιάσει τα προβλήματα, τις προκλήσεις αλλά και τα συμπεράσματα από τα συμμετοχικά εργαστήρια που έλαβαν χώρα τα προηγούμενα χρόνια καθώς και τα έργα- υποδομές που έχουν γίνει για τη μετάβαση σε βιώσιμη περιοχή. https://t.co/BTAPC4zYuL",o δημοσ πλατανια θα παρουσιασει τα προβληματα τισ προκλησεισ αλλα και τα συμπερασματα απο τα συμμετοχικα εργαστηρια που ελαβαν χωρα τα προηγουμενα χρονια καθωσ και τα εργα υποδομεσ που εχουν γινει για τη μεταβαση σε βιωσιμη περιοχη,1
Η μισή Gen Z δηλώνει πρόθυμη να δεχτεί βραχυπρόθεσμους οικονομικούς περιορισμούς για ένα πιο βιώσιμο μέλλον https://t.co/8UpveZLiKS https://t.co/SZeyBiVhkx,η μιση gen z δηλωνει προθυμη να δεχτει βραχυπροθεσμουσ οικονομικουσ περιορισμουσ για ενα πιο βιωσιμο μελλον,1
Η μισή Gen Z δηλώνει πρόθυμη να δεχτεί βραχυπρόθεσμους οικονομικούς περιορισμούς για ένα πιο βιώσιμο μέλλον https://t.co/S6ED32bEaJ,η μιση gen z δηλωνει προθυμη να δεχτει βραχυπροθεσμουσ οικονομικουσ περιορισμουσ για ενα πιο βιωσιμο μελλον,1
Κώστας Σκρέκας στη ΟΝΝΕΔ: «Χρέος μας να κάνουμε την κυκλική οικονομία αναπόσπαστο κομμάτι της καθημερινότητάς μας» https://t.co/VTCfQWzI4W,κωστασ σκρεκασ στη οννεδ χρεοσ μασ να κανουμε την κυκλικη οικονομια αναποσπαστο κομματι τησ καθημερινοτητασ μασ,1
Οι 10 παγκόσμιες τάσεις που θα επηρεάσουν καθοριστικά το επιχειρηματικό περιβάλλον το 2023 https://t.co/CSAk1yvNAn,οι παγκοσμιεσ τασεισ που θα επηρεασουν καθοριστικα το επιχειρηματικο περιβαλλον το,1
H SKAG πιστοποιήθηκε από το Quality Net Foundation στην βιώσιμη ανάπτυξη και τη υπεύθυνη επιχειρηματικότητα - https://t.co/6WersNjVyB https://t.co/8SWFpwhDQi,h skag πιστοποιηθηκε απο το quality net foundation στην βιωσιμη αναπτυξη και τη υπευθυνη επιχειρηματικοτητα,1
Υποτροφίες για τους μαθητές της Νισύρου από το «Ίδρυμα Γεώργιος Μ. Μίχαλος Αειφορία της Νισύρου» #Δημοκρατική #Ρόδος #Δωδεκάνησα https://t.co/logVfdv4ve,υποτροφιεσ για τουσ μαθητεσ τησ νισυρου απο το ιδρυμα γεωργιοσ μ μιχαλοσ αειφορια τησ νισυρου δημοκρατικη ροδοσ δωδεκανησα,1
Ημερίδα με θέμα την «Βιώσιμη Ανάπτυξη του Τουρισμού στα Ιόνια Νησιά» https://t.co/OldHMBH2P2,ημεριδα με θεμα την βιωσιμη αναπτυξη του τουρισμου στα ιονια νησια,1
RT @TheOpinion_News: Το Περιαστικό Δάσος της Θεσσαλονίκης μέσα από τα μάτια των ειδικών: Ένα βιβλίο για την ιστορία και το φυσικό περιβάλλο…, theopinion_news το περιαστικο δασοσ τησ θεσσαλονικησ μεσα απο τα ματια των ειδικων ενα βιβλιο για την ιστορια και το φυσικο περιβαλλο,1
"ΣΥΡΙΖΑ: Καλεί σε διαμαρτυρία έξω από τον Άρειο Πάγο για βιώσιμη λύση στο ιδιωτικό χρέος,
https://t.co/pATttd6Nn2,",συριζα καλει σε διαμαρτυρια εξω απο τον αρειο παγο για βιωσιμη λυση στο ιδιωτικο χρεοσ,1
"Χρ. Σταϊκούρας στο Eurogroup: “Στο ασταθές παγκόσμιο περιβάλλον, η Ελλάδα τα έχει καταφέρει” https://t.co/vaW4GXMzT0",χρ σταϊκουρασ στο eurogroup στο ασταθεσ παγκοσμιο περιβαλλον η ελλαδα τα εχει καταφερει,1
Υποτροφίες για τους μαθητές της Νισύρου από το «Ίδρυμα Γεώργιος Μ. Μίχαλος Αειφορία της Νισύρου» https://t.co/UCDUyu8bUj via @aegeanews,υποτροφιεσ για τουσ μαθητεσ τησ νισυρου απο το ιδρυμα γεωργιοσ μ μιχαλοσ αειφορια τησ νισυρου via aegeanews,1
"#Cyprus 
Το Πλαίσιο Πολιτικής για τη βιώσιμη χρηματοδότηση επιτρέπει πρόσβαση σε πρόσθετες πηγές χρηματοδότησης, αναφέρει ο ΥΠΟΙΚ @Petrides_C 
https://t.co/UrTPnuWa7c",cyprus το πλαισιο πολιτικησ για τη βιωσιμη χρηματοδοτηση επιτρεπει προσβαση σε προσθετεσ πηγεσ χρηματοδοτησησ αναφερει ο υποικ petrides_c,1
"⭕ Στην «άνοδο του Αρτούρο Ούι», ο Μπρεχτ ανασυνθέτει την ιστορία και μεταφέρει τη δράση στο γκανγκστερικό περιβάλλον της Αμερικής του μεσοπολέμου την εποχή της μεγάλης οικονομικής κρίσης.

🎙️ Συνέντευξη στην Ηλέκτρα Ζαργάνη και το Docville https://t.co/OADBl9e8mW",στην ανοδο του αρτουρο ουι ο μπρεχτ ανασυνθετει την ιστορια και μεταφερει τη δραση στο γκανγκστερικο περιβαλλον τησ αμερικησ του μεσοπολεμου την εποχη τησ μεγαλησ οικονομικησ κρισησ συνεντευξη στην ηλεκτρα ζαργανη και το docville,1
Μερόπη Υδραίου: Ξεκίνησε ο διαγωνισμός για μόνιμη και βιώσιμη λύση στην υδροδότηση του νησιού - https://t.co/s4SgwAfUee,μεροπη υδραιου ξεκινησε ο διαγωνισμοσ για μονιμη και βιωσιμη λυση στην υδροδοτηση του νησιου,1
"Σπύρος Κροκίδης: «Ναι στη μαρίνα Mega Yacht, αλλά και άμεση, οριστική και βιώσιμη λύση για την απρόσκοπτη λειτουργία των Καρνάγιων» - https://t.co/qhyBxFqXa5",σπυροσ κροκιδησ ναι στη μαρινα mega yacht αλλα και αμεση οριστικη και βιωσιμη λυση για την απροσκοπτη λειτουργια των καρναγιων,1
"Βιώσιμη γαστρονομία και Επιχειρηματικότητα
https://t.co/F4qeh4rVoL https://t.co/pgLrEinNSj",βιωσιμη γαστρονομια και επιχειρηματικοτητα,1
ΣΒΘΣΕ: Βιώσιμη Ανάπτυξη και Κυκλική Οικονομία (live) https://t.co/M0IVxMKD2n,σβθσε βιωσιμη αναπτυξη και κυκλικη οικονομια live,1
"Πλήρης στήριξη Γκουτέρες σε Στιούαρτ - «Δεν σχολιάζουμε αναφερόμενες συνομιλίες σε ιδιωτικό περιβάλλον» #Cyprus 
via @politis_news 
https://t.co/7ru9BDXvBM",πληρησ στηριξη γκουτερεσ σε στιουαρτ δεν σχολιαζουμε αναφερομενεσ συνομιλιεσ σε ιδιωτικο περιβαλλον cyprus via politis_news,1
RT @mdenaxa: 🇰🇼 Πρόκειται για το μεγαλύτερο νεκροταφείο ελαστικών στον κόσμο στο Κουβέιτ.  Αλλά σε λίγο θα πρέπει οι πολίτες να πληρώνουν φ…, mdenaxa προκειται για το μεγαλυτερο νεκροταφειο ελαστικων στον κοσμο στο κουβειτ αλλα σε λιγο θα πρεπει οι πολιτεσ να πληρωνουν φ,1
"Στην Ιαπωνία ο Κυριάκος Μητσοτάκης: Στο επίκεντρο επενδύσεις σε τεχνολογία και πράσινη ενέργεια - Ρεπορτάζ και ειδήσεις για την Οικονομία, τις Επιχειρήσεις, το Χρηματιστήριο, την Πολιτική #mononewsGR https://t.co/jiJxwucUO1",στην ιαπωνια ο κυριακοσ μητσοτακησ στο επικεντρο επενδυσεισ σε τεχνολογια και πρασινη ενεργεια ρεπορταζ και ειδησεισ για την οικονομια τισ επιχειρησεισ το χρηματιστηριο την πολιτικη mononewsgr,1
Σε 48ωρη απεργία οι καλλιτέχνες παρά τις εξαγγελίες Μητσοτάκη - «Στο άγονο περιβάλλον συνεχίζουμε τις κινητοποιήσεις» - LarissaPress https://t.co/fcnuI6H35v,σε ωρη απεργια οι καλλιτεχνεσ παρα τισ εξαγγελιεσ μητσοτακη στο αγονο περιβαλλον συνεχιζουμε τισ κινητοποιησεισ larissapress,1
Στο επίκεντρο βιώσιμη ανάπτυξη και κυκλική οικονομία (βίντεο και φωτογραφίες) https://t.co/jKF5tymLLq,στο επικεντρο βιωσιμη αναπτυξη και κυκλικη οικονομια βιντεο και φωτογραφιεσ,1
ΠΡΑΣΙΝΗ ΕΠΑΝΑΣΤΑΣΗ - ΠΕΡΙΒΑΛΛΟΝ https://t.co/wsoFcD7K6f,πρασινη επανασταση περιβαλλον,1
"Ν. Ανδρουλάκης: Δυνατό ΠΑΣΟΚ σημαίνει δυνατή Ελλάδα με βιώσιμη ανάπτυξη, ισχυρούς θεσμούς και δίκαιη κοινωνία https://t.co/z8iHFWAhK5",ν ανδρουλακησ δυνατο πασοκ σημαινει δυνατη ελλαδα με βιωσιμη αναπτυξη ισχυρουσ θεσμουσ και δικαιη κοινωνια,1
RT @mdenaxa: 🇰🇼 Πρόκειται για το μεγαλύτερο νεκροταφείο ελαστικών στον κόσμο στο Κουβέιτ.  Αλλά σε λίγο θα πρέπει οι πολίτες να πληρώνουν φ…, mdenaxa προκειται για το μεγαλυτερο νεκροταφειο ελαστικων στον κοσμο στο κουβειτ αλλα σε λιγο θα πρεπει οι πολιτεσ να πληρωνουν φ,1
"Καπνιστές το 14% των μαθητών 15-16 ετών, προωθείται από ΑΑΕΚ ευρωπαϊκή εκστρατεία για περιβάλλον χωρίς καπνό https://t.co/FtGwIPu0ZL",καπνιστεσ το των μαθητων ετων προωθειται απο ααεκ ευρωπαϊκη εκστρατεια για περιβαλλον χωρισ καπνο,1
Πλημμύρες: Η Ελλάδα τέταρτη στην Ανατολική Μεσόγειο κατά την περίοδο 1882-2021 https://t.co/iukgmIKETl #ΚΑΙΡΟΣ #ΚΟΣΜΟΣ #ΠΕΡΙΒΑΛΛΟΝ #ΣΤΑΤΙΣΤΙΚΕΣ https://t.co/CZsDzI9Mqq,πλημμυρεσ η ελλαδα τεταρτη στην ανατολικη μεσογειο κατα την περιοδο καιροσ κοσμοσ περιβαλλον στατιστικεσ,1
"Κομισιόν: «Φρένο» σε νέο δανεισμό για την «πράσινη βιομηχανία» - Ρεπορτάζ και ειδήσεις για την Οικονομία, τις Επιχειρήσεις, το Χρηματιστήριο, την Πολιτική #mononewsGR https://t.co/XbOTQNURRC",κομισιον φρενο σε νεο δανεισμο για την πρασινη βιομηχανια ρεπορταζ και ειδησεισ για την οικονομια τισ επιχειρησεισ το χρηματιστηριο την πολιτικη mononewsgr,1
Eurostat: Στην ΕΕ η παραγωγή ηλεκτρικής ενέργειας από ανανεώσιμες πηγές αυξήθηκε κατά 5% από το 2020 ως το 2021 https://t.co/emwJf7qVbs,eurostat στην εε η παραγωγη ηλεκτρικησ ενεργειασ απο ανανεωσιμεσ πηγεσ αυξηθηκε κατα απο το ωσ το,1
ΕΕ: Αυξήθηκε η παραγωγή ηλεκτρικής ενέργειας από ανανεώσιμες πηγές- Στο 36% η Ελλάδα - https://t.co/04rBfmm4sV https://t.co/SO4Ofd1Dvo,εε αυξηθηκε η παραγωγη ηλεκτρικησ ενεργειασ απο ανανεωσιμεσ πηγεσ στο η ελλαδα,1
"Ίδρυμα #Vodafone: 130 ώρες δωρεάν επιμόρφωσης για εκπαιδευτικούς στο περιβάλλον STEAM | Ρεπορτάζ και ειδήσεις για την Οικονομία, τις Επιχειρήσεις, το Χρηματιστήριο, την Πολιτική https://t.co/UN7HE86aKM",ιδρυμα vodafone ωρεσ δωρεαν επιμορφωσησ για εκπαιδευτικουσ στο περιβαλλον steam ρεπορταζ και ειδησεισ για την οικονομια τισ επιχειρησεισ το χρηματιστηριο την πολιτικη,1
Enel Green Power: Ρεκόρ ενέργειας που παράγεται ετησίως από ανανεώσιμες πηγές το 2022 https://t.co/3IXOUlm5u7 #businessnewsgr,enel green power ρεκορ ενεργειασ που παραγεται ετησιωσ απο ανανεωσιμεσ πηγεσ το businessnewsgr,1
Τίποτα δεν άλλαξε ζούμε τα ίδια σε hi-tech περιβάλλον μόνο που ο παγκόσμιος δικτάτορας αυτή την φορά θα έχει όλη την ενέργεια του σατανά. https://t.co/66B5GPoUQv,τιποτα δεν αλλαξε ζουμε τα ιδια σε hitech περιβαλλον μονο που ο παγκοσμιοσ δικτατορασ αυτη την φορα θα εχει ολη την ενεργεια του σατανα,1
Αυτοί που έφεραν τους ανθρώπους στα όρια τους το σίγουρο είναι ότι δεν μπορούν να αλλάξουν πλανήτη οπότε εδώ σε αυτό το περιβάλλον θα πληρώσουν όλοι για τα εγκλήματα τους με εντυπωσιακό τρόπο και ο καθένας ξεχωριστά θα πάρει ότι του αξίζει...   https://t.co/ygUrtaMYSm via @wpvkp,αυτοι που εφεραν τουσ ανθρωπουσ στα ορια τουσ το σιγουρο ειναι οτι δεν μπορουν να αλλαξουν πλανητη οποτε εδω σε αυτο το περιβαλλον θα πληρωσουν ολοι για τα εγκληματα τουσ με εντυπωσιακο τροπο και ο καθενασ ξεχωριστα θα παρει οτι του αξιζει via wpvkp,1
"Περιφέρεια Αττικής, ΕΔΣΝΑ &amp; 1.500 αρτοποιοί, «ανοίγουν» το δρόμο στην κυκλική οικονομία https://t.co/ppIart04g0",περιφερεια αττικησ εδσνα amp αρτοποιοι ανοιγουν το δρομο στην κυκλικη οικονομια,1
Η Dell Technologies προωθεί την εξέλιξη του Concept Luna που δείχνει το δρόμο για το βιώσιμο PC του μέλλοντος https://t.co/vKYWsAvtMZ,η dell technologies προωθει την εξελιξη του concept luna που δειχνει το δρομο για το βιωσιμο pc του μελλοντοσ,1
Οι δραστηριότητες του Κέντρου Περιβαλλοντικής Εκπαίδευσης και Αειφορίας (ΚΕ.Π.Ε.Α) Δ.Θέρμης στο Λειβάδι https://t.co/yCu6bY9Xyh #ΛΙΒΑΔΙ #ΠΕΡΙΒΑΛΛΟΝ https://t.co/j5zvpCK7oZ,οι δραστηριοτητεσ του κεντρου περιβαλλοντικησ εκπαιδευσησ και αειφοριασ κεπεα δθερμησ στο λειβαδι λιβαδι περιβαλλον,1
"Έκθεση Βιώσιμης Ανάπτυξης του Ομίλου ΔΕΗ 2021: Ενδυναμώνουμε τη συμβολή μας στην επίτευξη των Στόχων Βιώσιμης Ανάπτυξης (SDGs) με σεβασμό στο περιβάλλον και τις επόμενες γενιές,
https://t.co/Q0z3KSAFqY,",εκθεση βιωσιμησ αναπτυξησ του ομιλου δεη ενδυναμωνουμε τη συμβολη μασ στην επιτευξη των στοχων βιωσιμησ αναπτυξησ sdgs με σεβασμο στο περιβαλλον και τισ επομενεσ γενιεσ,1
Διαγωνισμός φωτογραφίας με θέμα «Το μέλλον που θέλουμε - βιώσιμη ανάπτυξη» https://t.co/8E6ad4jLQ7 #ΔΙΑΓΩΝΙΣΜΟΙ #ΔΤ #ΣΧΟΛΙΚΑ #ΦΩΤΟΓΡΑΦΙΑ https://t.co/Sa5yZ74P2j,διαγωνισμοσ φωτογραφιασ με θεμα το μελλον που θελουμε βιωσιμη αναπτυξη διαγωνισμοι δτ σχολικα φωτογραφια,1
"Μακριά από πολυτέλειες και ακριβά γούστα τα πιο δημοφιλή σπίτια της Airbnb στο Instagram φανερώνουν ότι ο βιώσιμος τουρισμός και η αλληλεπίδραση με τη φύση, σε συνδυασμό με τον πληθωρισμό και το αυξανόμενο κόστος διαβίωσης ήρθαν για να μείνουν... https://t.co/6Ee05eetzY",μακρια απο πολυτελειεσ και ακριβα γουστα τα πιο δημοφιλη σπιτια τησ airbnb στο instagram φανερωνουν οτι ο βιωσιμοσ τουρισμοσ και η αλληλεπιδραση με τη φυση σε συνδυασμο με τον πληθωρισμο και το αυξανομενο κοστοσ διαβιωσησ ηρθαν για να μεινουν,1
"RT @pprodromou: Το καινούριο νηπιαγωγείο στο Φρέναρος. 70 παιδιά σε ένα σύγχρονο και φροντισμένο, όμορφο περιβάλλον. https://t.co/BRmVa941I0", pprodromou το καινουριο νηπιαγωγειο στο φρεναροσ παιδια σε ενα συγχρονο και φροντισμενο ομορφο περιβαλλον,1
Περιβάλλον: Τα δέντρα θα μπορούσαν να μειώσουν κατά ένα τρίτο το ποσοστό θνησιμότητας - https://t.co/AcElAO8yMe https://t.co/JkUVfdE7oB,περιβαλλον τα δεντρα θα μπορουσαν να μειωσουν κατα ενα τριτο το ποσοστο θνησιμοτητασ,1
Διαγωνισμός καινοτόμων και έξυπνων λύσεων για νησιωτικούς προορισμούς με πρόσημο την αειφορία https://t.co/RhepPpWjYI,διαγωνισμοσ καινοτομων και εξυπνων λυσεων για νησιωτικουσ προορισμουσ με προσημο την αειφορια,1
"Κυριάκος Μητσοτάκης στη συνάντηση με Νίκο Αναστασιάδη: Θα πετύχουμε μια δίκαιη, βιώσιμη και λειτουργική λύση του Κυπριακού https://t.co/OkrrCC3Oy2",κυριακοσ μητσοτακησ στη συναντηση με νικο αναστασιαδη θα πετυχουμε μια δικαιη βιωσιμη και λειτουργικη λυση του κυπριακου,1
Πρόστιμο για «ΜΗ ΒΙΩΣΙΜΗ» καύση ξύλων ακόμα και ΠΟΙΝΙΚΕΣ διώξεις https://t.co/Y5qsWvCdmU,προστιμο για μη βιωσιμη καυση ξυλων ακομα και ποινικεσ διωξεισ,1
Σε επαγρύπνηση για τους υγροτόπους της Θεσσαλονίκης με αφορμή την Παγκόσμια Ημέρα σήμερα 2 Φεβρουαρίου https://t.co/uaJPEiraP7 #ΕΛΛΑΔΑ #ΖΩΑ #ΠΑΓΚΟΣΜΙΑΗΜΕΡΑ #ΠΕΡΙΒΑΛΛΟΝ https://t.co/xpZg8gpjO9,σε επαγρυπνηση για τουσ υγροτοπουσ τησ θεσσαλονικησ με αφορμη την παγκοσμια ημερα σημερα φεβρουαριου ελλαδα ζωα παγκοσμιαημερα περιβαλλον,1
Επι τάπητος η βιώσιμη τουριστική ανάπτυξη σε ημερίδα της Περιφέρειας Ιονίων Νήσων - ΕΝΗΜΕΡΩΣΗ On Line https://t.co/T7r3NNlEFB,επι ταπητοσ η βιωσιμη τουριστικη αναπτυξη σε ημεριδα τησ περιφερειασ ιονιων νησων ενημερωση on line,1
Δοκιμαστική πτήση με «βιώσιμο» καύσιμο πραγματοποίησε η Emirates https://t.co/LNgU4OufE1,δοκιμαστικη πτηση με βιωσιμο καυσιμο πραγματοποιησε η emirates,1
"Shipbreaking Platform: Διαλύθηκαν 443 πλοία το 2022, αλλά προκάλεσαν σοβαρές βλάβες στο περιβάλλον - Ρεπορτάζ και ειδήσεις για την Οικονομία, τις Επιχειρήσεις, το Χρηματιστήριο, την Πολιτική #mononewsGR https://t.co/tMIQq8aq4X",shipbreaking platform διαλυθηκαν πλοια το αλλα προκαλεσαν σοβαρεσ βλαβεσ στο περιβαλλον ρεπορταζ και ειδησεισ για την οικονομια τισ επιχειρησεισ το χρηματιστηριο την πολιτικη mononewsgr,1
"Νέα Τάξη Πραγμάτων: Συνθετικό κρέας και άλευρα από έντομα – Η διατροφική παράνοια που μας σερβίρεται ως «βιώσιμη επανάσταση» #κυβερνηση_Μητσοτακη #ΣΥΡΙΖΑ #ΝΔ #ΕΛΛΑΔΑ 

https://t.co/kZyTC1zo4y",νεα ταξη πραγματων συνθετικο κρεασ και αλευρα απο εντομα η διατροφικη παρανοια που μασ σερβιρεται ωσ βιωσιμη επανασταση κυβερνηση_μητσοτακη συριζα νδ ελλαδα,1
Σούνιο: Πώς θα αναστήσετε ένα δάσος χωρίς να το ξανασκοτώσετε https://t.co/sB4gBnJzpQ #ΑΡΘΡΑ #WWF #ΑΝΑΔΑΣΩΣΗ #ΠΕΡΙΒΑΛΛΟΝ #ΣΟΥΝΙΟ By https://t.co/p9zfHynwcm https://t.co/SRPe0uxPtW,σουνιο πωσ θα αναστησετε ενα δασοσ χωρισ να το ξανασκοτωσετε αρθρα wwf αναδασωση περιβαλλον σουνιο by,1
"Το στενό περιβάλλον του Παύλου ενημερώνεται διαρκώς για τα όσα συμβαίνουν στην Ελλάδα
https://t.co/pLC0nUrU17",το στενο περιβαλλον του παυλου ενημερωνεται διαρκωσ για τα οσα συμβαινουν στην ελλαδα,1
"Μια έξυπνη, βιώσιμη υποδομή, μεγάλης αντοχής, για την άνετη και ασφαλή λειτουργία μιας πόλη, είναι ο δημόσιος φωτισμός, ο οποίος με τη χρήση της σύγχρονης τεχνολογίας, επιτυγχάνει βελτίωση του περιβάλλοντος και μεγάλης κλίμακας εξοικονόμηση ενέργειας

https://t.co/klWdQrL0Vz",μια εξυπνη βιωσιμη υποδομη μεγαλησ αντοχησ για την ανετη και ασφαλη λειτουργια μιασ πολη ειναι ο δημοσιοσ φωτισμοσ ο οποιοσ με τη χρηση τησ συγχρονησ τεχνολογιασ επιτυγχανει βελτιωση του περιβαλλοντοσ και μεγαλησ κλιμακασ εξοικονομηση ενεργειασ,1
"Μια έξυπνη, βιώσιμη υποδομή, μεγάλης αντοχής, για την άνετη και ασφαλή λειτουργία μιας πόλη, είναι ο δημόσιος φωτισμός, ο οποίος με τη χρήση της σύγχρονης τεχνολογίας, επιτυγχάνει βελτίωση του περιβάλλοντος και μεγάλης κλίμακας εξοικονόμηση ενέργειας

https://t.co/2EDtLIMRct",μια εξυπνη βιωσιμη υποδομη μεγαλησ αντοχησ για την ανετη και ασφαλη λειτουργια μιασ πολη ειναι ο δημοσιοσ φωτισμοσ ο οποιοσ με τη χρηση τησ συγχρονησ τεχνολογιασ επιτυγχανει βελτιωση του περιβαλλοντοσ και μεγαλησ κλιμακασ εξοικονομηση ενεργειασ,1
Ρ. Κράτσα: «Η ΠΙΝ ξεκινά τη συζήτηση για την Βιώσιμη Τουριστική Ανάπτυξη». https://t.co/J6hWgZ0E31,ρ κρατσα η πιν ξεκινα τη συζητηση για την βιωσιμη τουριστικη αναπτυξη,1
"Ρόδη Κράτσα-Τσαγκαροπούλου: «Η ΠΙΝ, πρώτη απ’ όλους στην Ελλάδα,  ξεκινά τη συζήτηση για τον καθορισμό του πλαισίου,  που απαιτείται για Βιώσιμη",ροδη κρατσατσαγκαροπουλου η πιν πρωτη απ ολουσ στην ελλαδα ξεκινα τη συζητηση για τον καθορισμο του πλαισιου που απαιτειται για βιωσιμη,1
Φωτορύπανση: Οι συνέπειες στους ζωντανούς οργανισμούς και το περιβάλλον https://t.co/f6qyS0rusw,φωτορυπανση οι συνεπειεσ στουσ ζωντανουσ οργανισμουσ και το περιβαλλον,1
"Ρόδη Κράτσα: «Η ΠΙΝ, πρώτη απ’ όλους στην Ελλάδα, ξεκινά τη συζήτηση για τον καθορισμό του πλαισίου για Βιώσιμη Τουριστική Ανάπτυξη» https://t.co/DmLG0aaQog",ροδη κρατσα η πιν πρωτη απ ολουσ στην ελλαδα ξεκινα τη συζητηση για τον καθορισμο του πλαισιου για βιωσιμη τουριστικη αναπτυξη,1
Ραγδαία αύξηση του όγκου των απορριμμάτων πλαστικών μιας χρήσης σε μια διετία https://t.co/Hkjlac1a4v #ΑΝΑΚΥΚΛΩΣΗ #ΠΕΡΙΒΑΛΛΟΝ https://t.co/xaQJ8Im0rB,ραγδαια αυξηση του ογκου των απορριμματων πλαστικων μιασ χρησησ σε μια διετια ανακυκλωση περιβαλλον,1
"Επίσκεψη Χρ. Ταραντίλη στο Δημοκρίτειο Πανεπιστήμιο Θράκης: Έρευνα και καινοτομία για βιώσιμη περιφερειακή ανάπτυξη 

https://t.co/pePJBMB3d3 https://t.co/q63RZw2yOW",επισκεψη χρ ταραντιλη στο δημοκριτειο πανεπιστημιο θρακησ ερευνα και καινοτομια για βιωσιμη περιφερειακη αναπτυξη,1
Έλενα Ράπτη: «9 στις 10 η σεξουαλική κακοποίηση ανηλίκων προέρχεται από το οικείο περιβάλλον» https://t.co/KqZfnFWOaQ #anilikoi #elenarapti #thymata #sexoyalikikakopoiisi,ελενα ραπτη στισ η σεξουαλικη κακοποιηση ανηλικων προερχεται απο το οικειο περιβαλλον anilikoi elenarapti thymata sexoyalikikakopoiisi,1
"Σε ζεστό και όμορφο περιβάλλον η κοπή πίτας της «Μέριμνας Παιδιού Καβάλας» (φωτογραφίες) - Καβάλα, Πρωϊνή, Ραδιόφωνο, Εφημερίδα της Καβάλας, νέα, καβάλα ειδήσεις, μικρές αγγελίες https://t.co/ySKY8XpNyd",σε ζεστο και ομορφο περιβαλλον η κοπη πιτασ τησ μεριμνασ παιδιου καβαλασ φωτογραφιεσ καβαλα πρωϊνη ραδιοφωνο εφημεριδα τησ καβαλασ νεα καβαλα ειδησεισ μικρεσ αγγελιεσ,1
"Κρήτη | Ενέργεια, υγιεινή και ασφάλεια προτεραιότητες για βιώσιμο τουρισμό https://t.co/kzHTi9NaP5",κρητη ενεργεια υγιεινη και ασφαλεια προτεραιοτητεσ για βιωσιμο τουρισμο,1
Πιστοποίηση για το εργασιακό της περιβάλλον έλαβε η Cardlink https://t.co/gCRAKxHvSE,πιστοποιηση για το εργασιακο τησ περιβαλλον ελαβε η cardlink,1
Πιστοποίηση για το εργασιακό της περιβάλλον έλαβε η Cardlink https://t.co/M972oKSflD,πιστοποιηση για το εργασιακο τησ περιβαλλον ελαβε η cardlink,1
"Ημερίδα του ACT - American College of Thessaloniki, με θέμα ""Ασφάλεια, Ενέργεια και Περιβάλλον στην Ανατολική Μεσόγειο: Ιστορική Προσέγγιση και Σύγχρονες Προκλήσεις"" το Σάββατο 18 Φεβρουαρίου 2023",ημεριδα του act american college of thessaloniki με θεμα ασφαλεια ενεργεια και περιβαλλον στην ανατολικη μεσογειο ιστορικη προσεγγιση και συγχρονεσ προκλησεισ το σαββατο φεβρουαριου,1
"Σκρέκας: Η κυβέρνηση κάνει πράξη την απαίτηση για την Πράσινη Μετάβαση - Ρεπορτάζ και ειδήσεις για την Οικονομία, τις Επιχειρήσεις, το Χρηματιστήριο, την Πολιτική #mononewsGR https://t.co/HkaKGiLZnU",σκρεκασ η κυβερνηση κανει πραξη την απαιτηση για την πρασινη μεταβαση ρεπορταζ και ειδησεισ για την οικονομια τισ επιχειρησεισ το χρηματιστηριο την πολιτικη mononewsgr,1
Τα γεράκια του Δήμου Λαρισαίων σε ημερίδα για την αντιμετώπιση των κορακοειδών σε αστικό περιβάλλον ⋆ TirnavosPress https://t.co/DRutkBuAvg,τα γερακια του δημου λαρισαιων σε ημεριδα για την αντιμετωπιση των κορακοειδων σε αστικο περιβαλλον tirnavospress,1
"Περιβάλλον, εκπαίδευση και τεχνολογία στον «νέο» λόφο Προφήτη Ηλία που αναπλάθει ο Δήμος Τρικκαίων https://t.co/aEmKavdZYj μέσω @mouzakinews.gr https://t.co/BKacwJ2uQz",περιβαλλον εκπαιδευση και τεχνολογια στον νεο λοφο προφητη ηλια που αναπλαθει ο δημοσ τρικκαιων μεσω mouzakinewsgr,1
RT @densevlepo: #survivorGR Η Δαλακα χθες έκανα κάποια ανφολοου (σε παίκτες και περιβάλλον τους) που θα συζητηθουν με το που πήρε το κινητό…, densevlepo survivorgr η δαλακα χθεσ εκανα καποια ανφολοου σε παικτεσ και περιβαλλον τουσ που θα συζητηθουν με το που πηρε το κινητο,1
Εσείς τι κάνετε για να προστατέψετε το περιβάλλον; Απαντήστε στο νέο poll του Act for Earth - https://t.co/DHUcCpn9IG https://t.co/lONEMI5bLT,εσεισ τι κανετε για να προστατεψετε το περιβαλλον απαντηστε στο νεο poll του act for eah,1
"Μπιλ Γκέιτς: Από τα «κηρύγματα» για το περιβάλλον, τον πολυτελή βίο μέχρι την αγκαλιά της χήρας του CEO της Oracle https://t.co/f4A878CdvK",μπιλ γκειτσ απο τα κηρυγματα για το περιβαλλον τον πολυτελη βιο μεχρι την αγκαλια τησ χηρασ του ceo τησ oracle,1
Από το Ωραιόκαστρο ως τη Θέρμη εμφανίζονται όλο και περισσότεροι πράσινοι παπαγάλοι - Πώς εξηγείται; https://t.co/sAoECL9nQh #ΖΩΑ #ΘΕΡΜΗ #ΠΕΡΙΒΑΛΛΟΝ #ΠΕΡΙΞ,απο το ωραιοκαστρο ωσ τη θερμη εμφανιζονται ολο και περισσοτεροι πρασινοι παπαγαλοι πωσ εξηγειται ζωα θερμη περιβαλλον περιξ,1
"Μπιλ Γκέιτς: Από τα «κηρύγματα» για το περιβάλλον, τον πολυτελή βίο μέχρι την αγκαλιά της χήρας του CEO της Oracle https://t.co/2o0Lj1Kyaq",μπιλ γκειτσ απο τα κηρυγματα για το περιβαλλον τον πολυτελη βιο μεχρι την αγκαλια τησ χηρασ του ceo τησ oracle,1
ΦΟΔΣΑ Νοτίου Αιγαίου: Σημαντικός ο ρόλος του για ένα καλύτερο περιβάλλον #Δημοκρατική #Ρόδος #Δωδεκάνησα https://t.co/ZvBOXUb47K,φοδσα νοτιου αιγαιου σημαντικοσ ο ρολοσ του για ενα καλυτερο περιβαλλον δημοκρατικη ροδοσ δωδεκανησα,1
"Μπρίτνεϊ Σπίαρς: «Πρέπει να λάβει ιατρική φροντίδα – Η ζωή της βρίσκεται σε κίνδυνο», λέει το στενό της περιβάλλον

https://t.co/DXpvZiCphd",μπριτνεϊ σπιαρσ πρεπει να λαβει ιατρικη φροντιδα η ζωη τησ βρισκεται σε κινδυνο λεει το στενο τησ περιβαλλον,1
"99,2 εκατομμύρια ευρώ από το νέο ΕΣΠΑ Θεσσαλίας 2021-2027 για Βιώσιμη Αστική Ανάπτυξη και Χωρικές Επενδύσεις – Κ. Αγοραστός: να προχωρήσουμε με ταχύτητα και ώριμα έργα για να προεξοφλήσουμε το μέλλον https://t.co/BpdCpS9fVF https://t.co/2gV6YjrZ85",εκατομμυρια ευρω απο το νεο εσπα θεσσαλιασ για βιωσιμη αστικη αναπτυξη και χωρικεσ επενδυσεισ κ αγοραστοσ να προχωρησουμε με ταχυτητα και ωριμα εργα για να προεξοφλησουμε το μελλον,1
"99,2 εκατομμύρια ευρώ από το νέο ΕΣΠΑ Θεσσαλίας 2021-2027 για Βιώσιμη Αστική Ανάπτυξη και Χωρικές Επενδύσεις ⋆ TirnavosPress https://t.co/LhTWe7fORr @perifthessalias @kostasagorastos",εκατομμυρια ευρω απο το νεο εσπα θεσσαλιασ για βιωσιμη αστικη αναπτυξη και χωρικεσ επενδυσεισ tirnavospress perifthessalias kostasagorastos,1
Δήμος Πλατανιά | 3η συνάντηση εργασίας για τη βιώσιμη κινητικότητα https://t.co/W1tQlugVEC,δημοσ πλατανια η συναντηση εργασιασ για τη βιωσιμη κινητικοτητα,1
"99,2 εκατομμύρια ευρώ από το νέο ΕΣΠΑ Θεσσαλίας 2021-2027 για Βιώσιμη Αστική Ανάπτυξη και Χωρικές Επενδύσεις https://t.co/4TKa7oIkqt",εκατομμυρια ευρω απο το νεο εσπα θεσσαλιασ για βιωσιμη αστικη αναπτυξη και χωρικεσ επενδυσεισ,1
"99,2 εκατομμύρια ευρώ από το νέο ΕΣΠΑ Θεσσαλίας 2021-2027 για Βιώσιμη Αστική Ανάπτυξη και Χωρικές Επενδύσεις - LarissaPress https://t.co/S1xsOyTwLd",εκατομμυρια ευρω απο το νεο εσπα θεσσαλιασ για βιωσιμη αστικη αναπτυξη και χωρικεσ επενδυσεισ larissapress,1
Μπρίτνεϊ Σπίαρς: «Η ζωή της βρίσκεται σε κίνδυνο» λένε άτομα από το περιβάλλον της https://t.co/EhW5B1qJFL,μπριτνεϊ σπιαρσ η ζωη τησ βρισκεται σε κινδυνο λενε ατομα απο το περιβαλλον τησ,1
Ενημέρωση για την κατασκευή της Μονάδας Επεξεργασίας Απορριμάτων Αγ.Αντωνίου από Δήμο Θέρμης και ΦοΔΣΑ https://t.co/vAD7WeSIrZ #ΑΓΑΝΤΩΝΙΟΣ #ΑΝΑΚΥΚΛΩΣΗ #ΔΗΜΟΤΙΚΑ #ΠΕΡΙΒΑΛΛΟΝ https://t.co/ZsIXHBLNNF,ενημερωση για την κατασκευη τησ μοναδασ επεξεργασιασ απορριματων αγαντωνιου απο δημο θερμησ και φοδσα αγαντωνιοσ ανακυκλωση δημοτικα περιβαλλον,1
"Σε πλήρη εξέλιξη το μεγάλο αποχετευτικό έργο της Ανατολικής Αττικής προϋπολογισμού 500 εκατ. ευρώ

Θα λύσει οριστικά το πρόβλημα της αποχέτευσης και των επιπτώσεών της στη δημόσια υγεία και το περιβάλλον, αναβαθμίζοντας την ποιότητα ζωής 250.000 κατοίκων

https://t.co/n1CecFXFh1",σε πληρη εξελιξη το μεγαλο αποχετευτικο εργο τησ ανατολικησ αττικησ προϋπολογισμου εκατ ευρω θα λυσει οριστικα το προβλημα τησ αποχετευσησ και των επιπτωσεων τησ στη δημοσια υγεια και το περιβαλλον αναβαθμιζοντασ την ποιοτητα ζωησ κατοικων,1
"Σε πλήρη εξέλιξη βρίσκεται ένα σημαντικό αναπτυξιακό έργο υποδομής, κοινωνικού χαρακτήρα το οποίο θα λύσει οριστικά το τεράστιο πρόβλημα της αποχέτευσης και των επιπτώσεων της στη δημόσια υγεία και το περιβάλλον, αναβαθμίζοντας την ποιότητα ζωής 250.000

https://t.co/n8edVxaxNx",σε πληρη εξελιξη βρισκεται ενα σημαντικο αναπτυξιακο εργο υποδομησ κοινωνικου χαρακτηρα το οποιο θα λυσει οριστικα το τεραστιο προβλημα τησ αποχετευσησ και των επιπτωσεων τησ στη δημοσια υγεια και το περιβαλλον αναβαθμιζοντασ την ποιοτητα ζωησ,1
"Γ. Ακριβούλης: ""Σε πλήρη σύγχυση ο δήμαρχος Κιλελέρ"" - Βιομηχανία αναθέσεων, ψέματα και υπεκφυγές για τις ανανεώσιμες πηγές ενέργειας
https://t.co/kJaVepRU4U",γ ακριβουλησ σε πληρη συγχυση ο δημαρχοσ κιλελερ βιομηχανια αναθεσεων ψεματα και υπεκφυγεσ για τισ ανανεωσιμεσ πηγεσ ενεργειασ,1
"Ακριβούλης για Νασιακόπουλο: Βιομηχανία αναθέσεων, ψέματα και υπεκφυγές για τις ανανεώσιμες πηγές ενέργειας https://t.co/T8YbxMvTYY",ακριβουλησ για νασιακοπουλο βιομηχανια αναθεσεων ψεματα και υπεκφυγεσ για τισ ανανεωσιμεσ πηγεσ ενεργειασ,1
"«Δεν θα κατέχετε τίποτα»! Αυτό είναι ΚΥΚΛΙΚΗ ΟΙΚΟΝΟΜΙΑ και «εισβάλλει» παντού, vid https://t.co/a1Oce8B8UE",δεν θα κατεχετε τιποτα αυτο ειναι κυκλικη οικονομια και εισβαλλει παντου vid,1
"Γερμανία: Μεγάλες φιλοδοξίες, μικρές αποδόσεις για τις ανανεώσιμες πηγές ενέργειας https://t.co/NNTU7bg09z",γερμανια μεγαλεσ φιλοδοξιεσ μικρεσ αποδοσεισ για τισ ανανεωσιμεσ πηγεσ ενεργειασ,1
RT @Santa19022544: Ξύπνησα αλλά δεν έχω καμία επαφή με το περιβάλλον https://t.co/3KFVSBthSS, santa ξυπνησα αλλα δεν εχω καμια επαφη με το περιβαλλον,1
Σκρέκας: Οι 5 άξονες στο Αναπτυξιακό Πρόγραμμα της Περ. Δυτικής Μακεδονίας για ενέργεια και περιβάλλον - https://t.co/Kfe6AXDz1x https://t.co/p1AMlFaqKh,σκρεκασ οι αξονεσ στο αναπτυξιακο προγραμμα τησ περ δυτικησ μακεδονιασ για ενεργεια και περιβαλλον,1
Διαγωνισμός φωτογραφίας με θέμα «Το μέλλον που θέλουμε – βιώσιμη ανάπτυξη» από την Ανατολική Α.Ε. https://t.co/h0sAxtg1Al #ΔΙΑΓΩΝΙΣΜΟΙ #ΠΕΡΙΦΕΡΕΙΑ #ΣΧΟΛΙΚΑ #ΦΩΤΟΓΡΑΦΙΑ https://t.co/UGHU6ZJgTx,διαγωνισμοσ φωτογραφιασ με θεμα το μελλον που θελουμε βιωσιμη αναπτυξη απο την ανατολικη αε διαγωνισμοι περιφερεια σχολικα φωτογραφια,1
RT @k_grigoriadis: Εδώ και 4 χρόνια καταγγέλλουμε ότι το στενό οικογενειακό περιβάλλον του Κυριάκου Μητσοτάκη έχει όφελος οικονομικό από το…, k_grigoriadis εδω και χρονια καταγγελλουμε οτι το στενο οικογενειακο περιβαλλον του κυριακου μητσοτακη εχει οφελοσ οικονομικο απο το,1
"RT @cynewsagency: #Cyprus #greengrowth #CircularEconomy 
Η πράσινη ανάπτυξη και η κυκλική οικονομία στην πράξη, είπε ο @CostasKadis  για έρ…", cynewsagency cyprus greengrowth circulareconomy η πρασινη αναπτυξη και η κυκλικη οικονομια στην πραξη ειπε ο costaskadis για ερ,1
"#Cyprus #greengrowth #CircularEconomy 
Η πράσινη ανάπτυξη και η κυκλική οικονομία στην πράξη, είπε ο @CostasKadis  για έργο σταθμού λυμάτων στην Άχνα 
@CyMOApress 
https://t.co/KdH5XSLWzb",cyprus greengrowth circulareconomy η πρασινη αναπτυξη και η κυκλικη οικονομια στην πραξη ειπε ο costaskadis για εργο σταθμου λυματων στην αχνα cymoapress,1
"Μακροπρόθεσμη Συμφωνία Αγοράς Ηλεκτρικής Ενέργειας (PPA) για την «πράσινη» ενέργεια που θα παραχθεί από χαρτοφυλάκιο αιολικών έργων συνολικής ισχύος 78 MW υπέγραψαν η MYTILINEOS και η EDPR.
Πρόκειται,όπως επισημαίνεται στη σχετική ανακοινωση, για το

https://t.co/6CicUqEXBH",μακροπροθεσμη συμφωνια αγορασ ηλεκτρικησ ενεργειασ ppa για την πρασινη ενεργεια που θα παραχθει απο χαρτοφυλακιο αιολικων εργων συνολικησ ισχυοσ mw υπεγραψαν η mytilineos και η edpr προκειταιοπωσ επισημαινεται στη σχετικη ανακοινωση για το,1
RT @LykavitosGr: Συμφωνία συνεργασίας MYTILINEOS - EDPR για την πράσινη ενέργεια  #Mytilineos https://t.co/tPArtdoTXu, lykavitosgr συμφωνια συνεργασιασ mytilineos edpr για την πρασινη ενεργεια mytilineos,1
RT @LykavitosGr: Συμφωνία συνεργασίας MYTILINEOS - EDPR για την πράσινη ενέργεια  #Mytilineos https://t.co/tPArtdoTXu, lykavitosgr συμφωνια συνεργασιασ mytilineos edpr για την πρασινη ενεργεια mytilineos,1
"Ο οικονομολόγος Τάσος Γιασεμίδης, αναφέρεται στους κινδύνους, στις προκλήσεις της νέας διακυβέρνησης στην οικονομία και στο περιβάλλον μέσα στο οποίο θα κληθεί να δουλέψει ο νέος υπουργός Οικονομικών

https://t.co/Qjm3K1KB2y",ο οικονομολογοσ τασοσ γιασεμιδησ αναφερεται στουσ κινδυνουσ στισ προκλησεισ τησ νεασ διακυβερνησησ στην οικονομια και στο περιβαλλον μεσα στο οποιο θα κληθει να δουλεψει ο νεοσ υπουργοσ οικονομικων,1
"RT @0minus_Prime: Κλιματοψέκες, που σας κόβω να έχετε και μεταπτυχιακά στη μαλακία (σε αντίθεση με τους εμβολιοψέκες, που είναι bachelor's)…", minus_prime κλιματοψεκεσ που σασ κοβω να εχετε και μεταπτυχιακα στη μαλακια σε αντιθεση με τουσ εμβολιοψεκεσ που ειναι bachelors,1
Ίταμος ή αλλιώς το «δέντρο του θανάτου» https://t.co/omR4XIx3YJ #ΛΟΙΠΑ #ΠΕΡΙΒΑΛΛΟΝ https://t.co/9bTLFItJLC,ιταμοσ η αλλιωσ το δεντρο του θανατου λοιπα περιβαλλον,1
"Εσείς συνεχίστε εγώ δεν επικοινωνώ με το περιβάλλον 
#sasmos #vasilikos https://t.co/e0qlIMTgIf",εσεισ συνεχιστε εγω δεν επικοινωνω με το περιβαλλον sasmos vasilikos,1
"Στουρνάρας: Μεγαλύτερη απειλή για τη βιωσιμότητα των κοινωνιών η κλιματική αλλαγή - Ρεπορτάζ και ειδήσεις για την Οικονομία, τις Επιχειρήσεις, το Χρηματιστήριο, την Πολιτική #mononewsGR https://t.co/nITG9YVjHh",στουρναρασ μεγαλυτερη απειλη για τη βιωσιμοτητα των κοινωνιων η κλιματικη αλλαγη ρεπορταζ και ειδησεισ για την οικονομια τισ επιχειρησεισ το χρηματιστηριο την πολιτικη mononewsgr,1
"📢 ΕΕ: Ψηφίστηκε ο νόμος για κατάργηση των κινητήρων εσωτερικής καύσης
#ΑΥΤΟΚΙΝΗΤΟ #ΕΕ #ΝΟΜΟΣ #ΠΕΡΙΒΑΛΛΟΝ

https://t.co/APiAB1zGpI",εε ψηφιστηκε ο νομοσ για καταργηση των κινητηρων εσωτερικησ καυσησ αυτοκινητο εε νομοσ περιβαλλον,1
RT @CostasKadis: Η Πράσινη Ανάπτυξη και η Κυκλική Οικονομία μετουσιώνονται σε πράξη μέσα από τα έργα του Υπουργείου μας @CyMOApress https:/…, costaskadis η πρασινη αναπτυξη και η κυκλικη οικονομια μετουσιωνονται σε πραξη μεσα απο τα εργα του υπουργειου μασ cymoapress,1
"Calamos Investments-Γιάννης Αντετοκούνμπο: Στο NYSE το νέο βιώσιμο fund SROI -Στις 31 Μαρτίου η τελετή έναρξη συνεδρίασης - Ρεπορτάζ και ειδήσεις για την Οικονομία, τις Επιχειρήσεις, το Χρηματιστήριο, την Πολιτική #mononewsGR https://t.co/qunfjFA9RD",calamos investmentsγιαννησ αντετοκουνμπο στο nyse το νεο βιωσιμο fund sroi στισ μαρτιου η τελετη εναρξη συνεδριασησ ρεπορταζ και ειδησεισ για την οικονομια τισ επιχειρησεισ το χρηματιστηριο την πολιτικη mononewsgr,1
"«Δεν πρόκειται ούτε να ιδρύσει κόμμα, ούτε να βρίσκεται πίσω από κάποιο άλλο», αναφέρει το περιβάλλον του
https://t.co/RltStKd1cb",δεν προκειται ουτε να ιδρυσει κομμα ουτε να βρισκεται πισω απο καποιο αλλο αναφερει το περιβαλλον του,1
"RT @ClaireZacharop: Πρώτη και τελευταία φορά που σχολιάζω το συγκεκριμένο προφίλ.

Ελπίζω η συγκεκριμένη ""κυρία"" να έχει υποστήριξη από το…", clairezacharop πρωτη και τελευταια φορα που σχολιαζω το συγκεκριμενο προφιλ ελπιζω η συγκεκριμενη κυρια να εχει υποστηριξη απο το,1
Act for Earth – Ψηφίστε στo poll της εβδομάδας: Τι θα αλλάξετε στη διατροφή σας για το περιβάλλον; - https://t.co/k2oV0fUlX6 https://t.co/h0oFMai6um,act for eah ψηφιστε στo poll τησ εβδομαδασ τι θα αλλαξετε στη διατροφη σασ για το περιβαλλον,1
"Ο ΟΗΕ θα ζητήσει «ευρεία, δίκαιη και βιώσιμη ειρήνη», στον ένα χρόνο από την έναρξη του πολέμου στην Ουκρανία https://t.co/hyM7sMbbKf",ο οηε θα ζητησει ευρεια δικαιη και βιωσιμη ειρηνη στον ενα χρονο απο την εναρξη του πολεμου στην ουκρανια,1
Πόσο ρυπαίνουν το περιβάλλον οι πλουσιότεροι του κόσμου – Η λίστα με τους… χειρότερους https://t.co/VBosiw5ZPG,ποσο ρυπαινουν το περιβαλλον οι πλουσιοτεροι του κοσμου η λιστα με τουσ χειροτερουσ,1
"Ουκρανία: «Βιώσιμη ειρήνη» θα ζητήσει η Γενική Συνέλευση του ΟΗΕ με αφορμή την πρώτη επέτειο από τη ρωσική εισβολή - Ρεπορτάζ και ειδήσεις για την Οικονομία, τις Επιχειρήσεις, το Χρηματιστήριο, την Πολιτική #mononewsGR https://t.co/WinQWPuSmf",ουκρανια βιωσιμη ειρηνη θα ζητησει η γενικη συνελευση του οηε με αφορμη την πρωτη επετειο απο τη ρωσικη εισβολη ρεπορταζ και ειδησεισ για την οικονομια τισ επιχειρησεισ το χρηματιστηριο την πολιτικη mononewsgr,1
"Με αφορμή την πρώτη επέτειο από τη ρωσική εισβολή στην #Ουκρανία, η Γενική Συνέλευση του #ΟΗΕ θα ζητήσει ""βιώσιμη ειρήνη""

https://t.co/EeIE5B7yiI 

#Ukraine #UkraineRussiaWar https://t.co/6hZeROBgO2",με αφορμη την πρωτη επετειο απο τη ρωσικη εισβολη στην ουκρανια η γενικη συνελευση του οηε θα ζητησει βιωσιμη ειρηνη ukraine ukrainerussiawar,1
Πώς θα κάνουν τα ξενοδοχεία στροφή στην βιώσιμη φιλοξενία https://t.co/4saUmTMBjE,πωσ θα κανουν τα ξενοδοχεια στροφη στην βιωσιμη φιλοξενια,1
Μ. Κόνσολας: «Οριστική και βιώσιμη λύση στο ιδιοκτησιακό καθεστώς των καταπατημένων ακινήτων του δημοσίου». #Δημοκρατική #Ρόδος #Δωδεκάνησα https://t.co/d0ZvaBZhEI,μ κονσολασ οριστικη και βιωσιμη λυση στο ιδιοκτησιακο καθεστωσ των καταπατημενων ακινητων του δημοσιου δημοκρατικη ροδοσ δωδεκανησα,1
"Νομοσχέδιο ΥΠΕΝ: Πρόσβαση στην πράσινη ενέργεια και στην κοινωνία - Ρεπορτάζ και ειδήσεις για την Οικονομία, τις Επιχειρήσεις, το Χρηματιστήριο, την Πολιτική #mononewsGR https://t.co/tk3HXt7k9V",νομοσχεδιο υπεν προσβαση στην πρασινη ενεργεια και στην κοινωνια ρεπορταζ και ειδησεισ για την οικονομια τισ επιχειρησεισ το χρηματιστηριο την πολιτικη mononewsgr,1
"Rhodes Co-Lab: Πρόγραμμα μετατροπής της Ρόδου σε ""βιώσιμο τουριστικό προορισμό"" https://t.co/iLpvTErM5a #businessnewsgr",rhodes colab προγραμμα μετατροπησ τησ ροδου σε βιωσιμο τουριστικο προορισμο businessnewsgr,1
"Σ.Ε.Ε.Ν.: Υποστηρίζει και επιταχύνει την Πράσινη Μετάβαση της ακτοπλοΐας με την ηλεκτροδότηση των πλοίων της στα λιμάνια - Ρεπορτάζ και ειδήσεις για την Οικονομία, τις Επιχειρήσεις, το Χρηματιστήριο, την Πολιτική #mononewsGR https://t.co/7EcnNNdb5L",σεεν υποστηριζει και επιταχυνει την πρασινη μεταβαση τησ ακτοπλοΐασ με την ηλεκτροδοτηση των πλοιων τησ στα λιμανια ρεπορταζ και ειδησεισ για την οικονομια τισ επιχειρησεισ το χρηματιστηριο την πολιτικη mononewsgr,1
"11ο Συνέδριο Αγροτεχνολογίας: ""Καμπανάκι"" από τον FAO για την ποσότητα και την ασφάλεια των τροφίμων (VIDEO) - https://t.co/eiOPQNSsIs https://t.co/95tUCt74N4 
#FAO #Αθανάσιος_Τσαυτάρης #ΑΠΘ #Ελληνικά_Τρόφιμα #Ελληνοαμερικανικό_Εμπορικό_Επιμελητήριο #Κυκλική_Οικονομία",ο συνεδριο αγροτεχνολογιασ καμπανακι απο τον fao για την ποσοτητα και την ασφαλεια των τροφιμων video fao αθανασιοσ_τσαυταρησ απθ ελληνικα_τροφιμα ελληνοαμερικανικο_εμπορικο_επιμελητηριο κυκλικη_οικονομια,1
"Κικίλιας: Η νησιωτικότητα στρατηγικό πλεονέκτημα της Ελλάδας και στον βιώσιμο τουρισμό - Αύξηση 20% στην τουριστική κίνηση φέτος - Ρεπορτάζ και ειδήσεις για την Οικονομία, τις Επιχειρήσεις, το Χρηματιστήριο, την Πολιτική #mononewsGR https://t.co/evgXeC8NkT",κικιλιασ η νησιωτικοτητα στρατηγικο πλεονεκτημα τησ ελλαδασ και στον βιωσιμο τουρισμο αυξηση στην τουριστικη κινηση φετοσ ρεπορταζ και ειδησεισ για την οικονομια τισ επιχειρησεισ το χρηματιστηριο την πολιτικη mononewsgr,1
"B. Κικίλιας : Η νησιωτικότητα στρατηγικό πλεονέκτημα της Ελλάδας και στον βιώσιμο τουρισμό - Αύξηση 20% στην τουριστική κίνηση φέτος
https://t.co/MtJEt27xBs",b κικιλιασ η νησιωτικοτητα στρατηγικο πλεονεκτημα τησ ελλαδασ και στον βιωσιμο τουρισμο αυξηση στην τουριστικη κινηση φετοσ,1
Απαγορευμένα τα μολύβδινα σκάγια στους Ευρωπαϊκούς υγρότοπους https://t.co/0JTG5A0Muv #ΖΩΑ #ΚΥΝΗΓΙ #ΠΕΡΙΒΑΛΛΟΝ https://t.co/6u3658EADz,απαγορευμενα τα μολυβδινα σκαγια στουσ ευρωπαϊκουσ υγροτοπουσ ζωα κυνηγι περιβαλλον,1
".@Vkikilias: 
«Η νησιωτικότητα στρατηγικό πλεονέκτημα της Ελλάδας και στον βιώσιμο #τουρισμό- Αύξηση 20% στην τουριστική κίνηση φέτος»

#τουρισμός 

https://t.co/hUjvEYpAm5 https://t.co/cvwA7y4MOZ",vkikilias η νησιωτικοτητα στρατηγικο πλεονεκτημα τησ ελλαδασ και στον βιωσιμο τουρισμο αυξηση στην τουριστικη κινηση φετοσ τουρισμοσ,1
"""Η νησιωτικότητα αποτελεί στρατηγικό πλεονέκτημα της Ελλάδας και στον βιώσιμο τουρισμό"" δήλωσε χθες από τη Ρόδο ο υπουργός Τουρισμού Βασίλης Κικίλιας κατά τη διάρκεια της ομιλίας του στην εκδήλωση «The Rhodes Co-Lab Sustainable Destination- Strategy &amp;

https://t.co/S2UYbKkynr",η νησιωτικοτητα αποτελει στρατηγικο πλεονεκτημα τησ ελλαδασ και στον βιωσιμο τουρισμο δηλωσε χθεσ απο τη ροδο ο υπουργοσ τουρισμου βασιλησ κικιλιασ κατα τη διαρκεια τησ ομιλιασ του στην εκδηλωση the rhodes colab sustainable destination strategy amp,1
"Θεσσαλονίκη: Η ιστορία οικογένειας Πολωνών που έχει μετατρέψει ένα λεωφορείο σε σπίτι! (ΦΩΤΟ) https://t.co/eiOPQNSsIs https://t.co/4ewUOtALIY 
#Αειφορία #Βιωσιμότητα #Λεωφορείο #Σπίτι #Θεσσαλονίκη #Πολωνοί",θεσσαλονικη η ιστορια οικογενειασ πολωνων που εχει μετατρεψει ενα λεωφορειο σε σπιτι φωτο αειφορια βιωσιμοτητα λεωφορειο σπιτι θεσσαλονικη πολωνοι,1
Rhodes Co-Lab: Το πρόγραμμα που θα τη μετατρέψει σε «βιώσιμο τουριστικό προορισμό»  #Δημοκρατική #Ρόδος #Δωδεκάνησα https://t.co/86d8nAPpzX,rhodes colab το προγραμμα που θα τη μετατρεψει σε βιωσιμο τουριστικο προορισμο δημοκρατικη ροδοσ δωδεκανησα,1
"RT @Vkikilias: Χρέος μας για τις επόμενες γενιές, είναι να αφήσουμε ένα τόπο καλύτερο. Η νησιωτικότητα αποτελεί στρατηγικό στρατηγικό πλεον…", vkikilias χρεοσ μασ για τισ επομενεσ γενιεσ ειναι να αφησουμε ενα τοπο καλυτερο η νησιωτικοτητα αποτελει στρατηγικο στρατηγικο πλεον,1
"RT @Vkikilias: Χρέος μας για τις επόμενες γενιές, είναι να αφήσουμε ένα τόπο καλύτερο. Η νησιωτικότητα αποτελεί στρατηγικό στρατηγικό πλεον…", vkikilias χρεοσ μασ για τισ επομενεσ γενιεσ ειναι να αφησουμε ενα τοπο καλυτερο η νησιωτικοτητα αποτελει στρατηγικο στρατηγικο πλεον,1
"«Η νησιωτικότητα αποτελεί στρατηγικό πλεονέκτημα της Ελλάδας και στον βιώσιμο τουρισμό», δήλωσε χθες από τη Ρόδο ο υπουργός Τουρισμού Βασίλης Κικίλιας κατά τη διάρκεια της ομιλίας του στην εκδήλωση «The Rhodes Co-Lab Sustainable Destination- Strategy &amp;… https://t.co/Ie8R5tiXUh",η νησιωτικοτητα αποτελει στρατηγικο πλεονεκτημα τησ ελλαδασ και στον βιωσιμο τουρισμο δηλωσε χθεσ απο τη ροδο ο υπουργοσ τουρισμου βασιλησ κικιλιασ κατα τη διαρκεια τησ ομιλιασ του στην εκδηλωση the rhodes colab sustainable destination strategy amp,1
"«Περιβάλλον Κοινωνία Διακυβέρνηση (ESG): Κρίσιμοι παράγοντες για χρηματοδοτήσεις»

Άρθρο του Δρ. Τ. Θεοφανόπουλου, εντεταλμένου συμβούλου EUROCERT 

https://t.co/F7lzkKCIM8",περιβαλλον κοινωνια διακυβερνηση esg κρισιμοι παραγοντεσ για χρηματοδοτησεισ αρθρο του δρ τ θεοφανοπουλου εντεταλμενου συμβουλου euroce,1
Υπογράφεται η σύμπραξη δήμων και ΜΟΔ για βιώσιμη ανάπτυξη στον Αμβρακικό - https://t.co/ZQ3PLclyZg https://t.co/IdYfmmsfub,υπογραφεται η συμπραξη δημων και μοδ για βιωσιμη αναπτυξη στον αμβρακικο,1
"Νομοθετική παρέμβαση που θα δίνει μια βιώσιμη λύση προς τον δανειολήπτη να αποπληρώσει το δάνειο του
#Valuenews #Valuenewsgr #Greecenews #politics #economy #δάνεια #επιτόκια #δανειολήπτες #ραυτόπουλος #ΕΕΚΕ https://t.co/rdoorLJRrN",νομοθετικη παρεμβαση που θα δινει μια βιωσιμη λυση προσ τον δανειοληπτη να αποπληρωσει το δανειο του valuenews valuenewsgr greecenews politics economy δανεια επιτοκια δανειοληπτεσ ραυτοπουλοσ εεκε,1
Κόκκαλης με Σύλλογο Ποντίων Λάρισας: Εδώ και τώρα δίκαιη και βιώσιμη λύση για τα δάνεια των παλινοστούντων ομογενών ⋆ TirnavosPress https://t.co/dMRYfDNZ1v,κοκκαλησ με συλλογο ποντιων λαρισασ εδω και τωρα δικαιη και βιωσιμη λυση για τα δανεια των παλινοστουντων ομογενων tirnavospress,1
"RT @brom1323: Αντικειμενικά έχει απόλυτο δίκαιο.

Έβγαινε το περιβάλλον του Μαριου και την παρουσίαζε ως τρελή ως προς την σχέση τους και α…", brom αντικειμενικα εχει απολυτο δικαιο εβγαινε το περιβαλλον του μαριου και την παρουσιαζε ωσ τρελη ωσ προσ την σχεση τουσ και α,1
Κόκκαλης με Σύλλογο Ποντίων Λάρισας: Εδώ και τώρα δίκαιη και βιώσιμη λύση για τα δάνεια των παλινοστούντων ομογενών https://t.co/gWr5LPYhU1,κοκκαλησ με συλλογο ποντιων λαρισασ εδω και τωρα δικαιη και βιωσιμη λυση για τα δανεια των παλινοστουντων ομογενων,1
Κόκκαλης με Σύλλογο Ποντίων Λάρισας: Εδώ και τώρα δίκαιη και βιώσιμη λύση για τα δάνεια των παλινοστούντων ομογενών - LarissaPress https://t.co/bdnDf9ChvK,κοκκαλησ με συλλογο ποντιων λαρισασ εδω και τωρα δικαιη και βιωσιμη λυση για τα δανεια των παλινοστουντων ομογενων larissapress,1
"Περιοχές της Κίνας και των #ΗΠΑ οι πιο ευάλωτες στις συνέπειες της κλιματικής αλλαγής

https://t.co/tISVz1Qq56

#Κίνα #περιβάλλον https://t.co/by08Wf2Usd",περιοχεσ τησ κινασ και των ηπα οι πιο ευαλωτεσ στισ συνεπειεσ τησ κλιματικησ αλλαγησ κινα περιβαλλον,1
Less is more: Η MMD ολοκληρώνει με επιτυχία πιλοτικό έργο για τη βιώσιμη μείωση των αποβλήτων οθόνης https://t.co/30QW2S4ryD https://t.co/EZMfWNT6yE,less is more η mmd ολοκληρωνει με επιτυχια πιλοτικο εργο για τη βιωσιμη μειωση των αποβλητων οθονησ,1
"@ConteGione Επίσης: συνάδει, αέναος, χρεοδουλοπαροικία, σε πνεύμα ομόνοιας, αειφόρος, πράσινη ανάπτυξη, μετεωρολογική βόμβα, σύσσωμος, υλοποίηση, στην τσιμπίδα, κλίμα κατάνυξης, ευσεβείς πόθοι, δρομολογήθηκε, ενεός, σύγκλιση, δημοκρατικό τόξο και άλλα ""ηχηρά παρόμοια"" που δεν θυμάμαι τώρα.",contegione επισησ συναδει αεναοσ χρεοδουλοπαροικια σε πνευμα ομονοιασ αειφοροσ πρασινη αναπτυξη μετεωρολογικη βομβα συσσωμοσ υλοποιηση στην τσιμπιδα κλιμα κατανυξησ ευσεβεισ ποθοι δρομολογηθηκε ενεοσ συγκλιση δημοκρατικο τοξο και αλλα ηχηρα παρομοια που δεν θυμαμαι τωρα,1
"Οι πραγματικές επιπτώσεις της εφαρμογής του, ωστόσο, δεν θα μπορούσαν να είναι χειρότερες - Η ανανεώσιμη ενέργεια δεν είναι ούτε ανανεώσιμη ούτε βιώσιμη και η ενεργειακή μετάβαση του SDG7 απλώς επιδεινώνει το πρόβλημα της ενεργειακής φτώχειας
https://t.co/ubQSZbGctq",οι πραγματικεσ επιπτωσεισ τησ εφαρμογησ του ωστοσο δεν θα μπορουσαν να ειναι χειροτερεσ η ανανεωσιμη ενεργεια δεν ειναι ουτε ανανεωσιμη ουτε βιωσιμη και η ενεργειακη μεταβαση του sdg απλωσ επιδεινωνει το προβλημα τησ ενεργειακησ φτωχειασ,1
"«Στη Βουλή το ερευνητικό πρόγραμμα ΑΕΙ για τα μικρά νησιά της Δωδεκανήσου»| «Αειφόρος ανάπτυξη λιγότερο αναπτυγμένων περιοχών, με δημιουργία νέων τουριστικών πόρων» https://t.co/8NtsgmsFD2 via @aegeanews",στη βουλη το ερευνητικο προγραμμα αει για τα μικρα νησια τησ δωδεκανησου αειφοροσ αναπτυξη λιγοτερο αναπτυγμενων περιοχων με δημιουργια νεων τουριστικων πορων via aegeanews,1
"ΥΠΕΝ: Ο θαλάσσιος χωροταξικός σχεδιασμός διασφαλίζει την ειρήνη και τη συνεργασία και προστατεύει το περιβάλλον - Ρεπορτάζ και ειδήσεις για την Οικονομία, τις Επιχειρήσεις, το Χρηματιστήριο, την Πολιτική #mononewsGR https://t.co/34mxVbhpKh",υπεν ο θαλασσιοσ χωροταξικοσ σχεδιασμοσ διασφαλιζει την ειρηνη και τη συνεργασια και προστατευει το περιβαλλον ρεπορταζ και ειδησεισ για την οικονομια τισ επιχειρησεισ το χρηματιστηριο την πολιτικη mononewsgr,1
Η PepsiCo Hellas ακολούθησε και το 2022 μία Υγιή επιχειρηματική ανάπτυξη με Έμφαση στο περιβάλλον και την Ανταπόδοση στην κοινωνία. https://t.co/uLTzXnKkEq,η pepsico hellas ακολουθησε και το μια υγιη επιχειρηματικη αναπτυξη με εμφαση στο περιβαλλον και την ανταποδοση στην κοινωνια,1
Ένα μεγάλο βήμα για το βιώσιμο περιβάλλον στα νησιά: 35.825 οικιακούς  κομποστοποιητές θα μοιράσει ο ΦοΔΣΑ σε νοικοκυριά του Νοτίου Αιγαίου - https://t.co/VrEIBozz3v https://t.co/n9PXxwaKdk,ενα μεγαλο βημα για το βιωσιμο περιβαλλον στα νησια οικιακουσ κομποστοποιητεσ θα μοιρασει ο φοδσα σε νοικοκυρια του νοτιου αιγαιου,1
Ένα μεγάλο βήμα για το βιώσιμο περιβάλλον στα νησιά: 35.825 οικιακούς  κομποστοποιητές θα μοιράσει ο ΦοΔΣΑ σε νοικοκυριά του Νοτίου Αιγαίου - https://t.co/VrEIBozz3v https://t.co/Eod3R5PKJf,ενα μεγαλο βημα για το βιωσιμο περιβαλλον στα νησια οικιακουσ κομποστοποιητεσ θα μοιρασει ο φοδσα σε νοικοκυρια του νοτιου αιγαιου,1
Επιτροπή Πρέβεζα: Ιστορία- Πολιτισμός-Περιβάλλον: Μνημεία του πολιτισμού μας σε κίνδυνο https://t.co/kbH42V1owR https://t.co/gFrVsxrCd7,επιτροπη πρεβεζα ιστορια πολιτισμοσπεριβαλλον μνημεια του πολιτισμου μασ σε κινδυνο,1
Αναδεικνύονται οι αδυναμίες του Βόλου στη βιώσιμη κινητικότητα https://t.co/Dd0GMda5Bb,αναδεικνυονται οι αδυναμιεσ του βολου στη βιωσιμη κινητικοτητα,1
Ισορροπία-αειφορία του περιβάλλοντος https://t.co/9MkbHqBqwX,ισορροπιααειφορια του περιβαλλοντοσ,1
"Mega deal στην «πράσινη» ενέργεια μεταξύ Vodafone, MYTILINEOS και Centrica https://t.co/jnjcojzraj",mega deal στην πρασινη ενεργεια μεταξυ vodafone mytilineos και centrica,1
Ένα μεγάλο βήμα για το βιώσιμο περιβάλλον στα νησιά: 35.825 οικιακούς κομποστοποιητές θα μοιράσει ο ΦοΔΣΑ σε #Δημοκρατική #Ρόδος #Δωδεκάνησα https://t.co/stodYW2xXe,ενα μεγαλο βημα για το βιωσιμο περιβαλλον στα νησια οικιακουσ κομποστοποιητεσ θα μοιρασει ο φοδσα σε δημοκρατικη ροδοσ δωδεκανησα,1
"Επιτροπή Πρέβεζας: Ιστορία- Πολιτισμός-Περιβάλλον, Μνημεία του πολιτισμού μας σε κίνδυνο - https://t.co/es7GzuIE8k https://t.co/PQ45qmhYfL",επιτροπη πρεβεζασ ιστορια πολιτισμοσπεριβαλλον μνημεια του πολιτισμου μασ σε κινδυνο,1
"Άνθρωπος και φυσικό περιβάλλον
https://t.co/YeJeKSD8zi https://t.co/aBzY8XoID0",ανθρωποσ και φυσικο περιβαλλον,1
"Καλά δεν είναι μόνο ο Bruce Willis μια αφασία υπάρχει γενικά είτε είσαι εμβολιασμένος είτε όχι είναι από το τοξικό περιβάλλον που αναπνέουμε έτσι κι αλλιώς και τον τρόπο ζωής μας. Ζητείτε αγάπη και κατανόηση.. αλλά κάπου πήγε περίπατο..
https://t.co/ZNraFuEL1E via @mayroskoraks",καλα δεν ειναι μονο ο bruce willis μια αφασια υπαρχει γενικα ειτε εισαι εμβολιασμενοσ ειτε οχι ειναι απο το τοξικο περιβαλλον που αναπνεουμε ετσι κι αλλιωσ και τον τροπο ζωησ μασ ζητειτε αγαπη και κατανοηση αλλα καπου πηγε περιπατο via mayroskoraks,1
Προ-Συνέδριο: «Η συμβολή της κτηνοτροφίας στην ισορροπία-αειφορία του περιβάλλοντος» https://t.co/mLmZstOBAu,προσυνεδριο η συμβολη τησ κτηνοτροφιασ στην ισορροπιααειφορια του περιβαλλοντοσ,1
Ά Γκερέκου: Ο τουρισμός παράγοντας ενδυνάμωσης των διεθνών σχέσεων-Χαιρετισμός της Προέδρου του ΕΟΤ σε διεθνές συνέδριο για τη βιώσιμη ανάπτυξη και την περιφερειακή ολοκλήρωση της Μεσογείου https://t.co/JlwFWgfKWP https://t.co/xDlF2sbUwX,α γκερεκου ο τουρισμοσ παραγοντασ ενδυναμωσησ των διεθνων σχεσεωνχαιρετισμοσ τησ προεδρου του εοτ σε διεθνεσ συνεδριο για τη βιωσιμη αναπτυξη και την περιφερειακη ολοκληρωση τησ μεσογειου,1
"Alumil: Στόχος η βιώσιμη ανάπτυξη με επενδύσεις σε ΑΠΕ και καινοτομία - Ρεπορτάζ και ειδήσεις για την Οικονομία, τις Επιχειρήσεις, το Χρηματιστήριο, την Πολιτική #mononewsGR https://t.co/3VxVk2R4nV",alumil στοχοσ η βιωσιμη αναπτυξη με επενδυσεισ σε απε και καινοτομια ρεπορταζ και ειδησεισ για την οικονομια τισ επιχειρησεισ το χρηματιστηριο την πολιτικη mononewsgr,1
"[Βίντεο]

‼️ Στο περιβάλλον ακρίβειας, που φέρει τη σφραγίδα της κυβέρνησης Μητσοτάκη, οι καταναλωτές θα κληθούν να πληρώσουν ακόμα και… 4,5 ευρώ για μία λαγάνα https://t.co/jgLwoBVwib",βιντεο στο περιβαλλον ακριβειασ που φερει τη σφραγιδα τησ κυβερνησησ μητσοτακη οι καταναλωτεσ θα κληθουν να πληρωσουν ακομα και ευρω για μια λαγανα,1
«Ο οδηγός δεν είχε επαφή με το περιβάλλον» λέει ο επιβάτης που έσωσε την πορεία του ΚΤΕΛ https://t.co/6AHlZEhPpa,ο οδηγοσ δεν ειχε επαφη με το περιβαλλον λεει ο επιβατησ που εσωσε την πορεια του κτελ,1
"Επιβάτης που έσωσε την πορεία του ΚΤΕΛ: «Ο οδηγός δεν είχε επαφή με το περιβάλλον, ήταν κάθιδρος» https://t.co/hti8HC6G8u #epivates #thessaloniki #ktel #odigos",επιβατησ που εσωσε την πορεια του κτελ ο οδηγοσ δεν ειχε επαφη με το περιβαλλον ηταν καθιδροσ epivates thessaloniki ktel odigos,1
RT @LykavitosGr: Βιώσιμη Ανάπτυξη και ESG στο Επίκεντρο των Αξιών της ΕΥΔΑΠ  #ΕΥΔΑΠ https://t.co/LE539dPyQx, lykavitosgr βιωσιμη αναπτυξη και esg στο επικεντρο των αξιων τησ ευδαπ ευδαπ,1
RT @LykavitosGr: Βιώσιμη Ανάπτυξη και ESG στο Επίκεντρο των Αξιών της ΕΥΔΑΠ  #ΕΥΔΑΠ https://t.co/LE539dPyQx, lykavitosgr βιωσιμη αναπτυξη και esg στο επικεντρο των αξιων τησ ευδαπ ευδαπ,1
"Alumil: Στόχος η βιώσιμη ανάπτυξη με επενδύσεις σε ΑΠΕ και καινοτομία,
https://t.co/qr9BTGjSnG,",alumil στοχοσ η βιωσιμη αναπτυξη με επενδυσεισ σε απε και καινοτομια,1
"#EE: Μετάβαση στην καθαρή ενέργεια και προστασία των οικοσυστημάτων για μεγαλύτερη βιωσιμότητα και ανθεκτικότητα

https://t.co/HlItHr6LC3

#περιβάλλον https://t.co/9gmXlGEcgz",ee μεταβαση στην καθαρη ενεργεια και προστασια των οικοσυστηματων για μεγαλυτερη βιωσιμοτητα και ανθεκτικοτητα περιβαλλον,1
"RT @Vkikilias: Στόχος μας είναι αυτό που ονομάζουμε βιώσιμο τουριστικό προϊόν. 

Πριν 5 μέρες ήμουν στη Ρόδο για το μεγάλο έργο της Περιφέρ…", vkikilias στοχοσ μασ ειναι αυτο που ονομαζουμε βιωσιμο τουριστικο προϊον πριν μερεσ ημουν στη ροδο για το μεγαλο εργο τησ περιφερ,1
"RT @Vkikilias: Η επιτυχία του τουρισμού συμβάλλει στη βιώσιμη ανάπτυξη &amp; στη κοινωνική συνοχή. 

Η κυβέρνηση διαθέτει σημαντικό μέρος από τ…", vkikilias η επιτυχια του τουρισμου συμβαλλει στη βιωσιμη αναπτυξη amp στη κοινωνικη συνοχη η κυβερνηση διαθετει σημαντικο μεροσ απο τ,1
Βασίλης Κικίλιας: «Η επιτυχία του τουρισμού συμβάλλει στη βιώσιμη ανάπτυξη και στη κοινωνική συνοχή» https://t.co/eceUiDXCN8 https://t.co/OLntA3M3ZG,βασιλησ κικιλιασ η επιτυχια του τουρισμου συμβαλλει στη βιωσιμη αναπτυξη και στη κοινωνικη συνοχη,1
"Επίσκεψη του Υφυπουργού Εσωτερικών (Μακεδονίας - Θράκης) στην Πυροσβεστική Υπηρεσία-Καλαφάτης: «Με αυταπάρνηση, αφοσίωση στο καθήκον και ανθρωπιά, το προσωπικό της Πυροσβεστικής Υπηρεσίας προστατεύει τους πολίτες, την περιουσία τους και το περιβάλλον» https://t.co/UGFm3GDJks https://t.co/Abn3ymNROs",επισκεψη του υφυπουργου εσωτερικων μακεδονιασ θρακησ στην πυροσβεστικη υπηρεσιακαλαφατησ με αυταπαρνηση αφοσιωση στο καθηκον και ανθρωπια το προσωπικο τησ πυροσβεστικησ υπηρεσιασ προστατευει τουσ πολιτεσ την περιουσια τουσ και το περιβαλλον,1
Κικίλιας: Υψηλότερες το 2023 οι επιδόσεις του τουρισμού - Η επιτυχία του συμβάλλει στη βιώσιμη ανάπτυξη https://t.co/g801XBVKNd,κικιλιασ υψηλοτερεσ το οι επιδοσεισ του τουρισμου η επιτυχια του συμβαλλει στη βιωσιμη αναπτυξη,1
".@Vkikilias: Η επιτυχία του τουρισμού συμβάλλει στη βιώσιμη ανάπτυξη και στη κοινωνική συνοχή

https://t.co/pwiUhTD2mT",vkikilias η επιτυχια του τουρισμου συμβαλλει στη βιωσιμη αναπτυξη και στη κοινωνικη συνοχη,1
Κικίλιας: «Η επιτυχία του τουρισμού συμβάλλει στη βιώσιμη ανάπτυξη και στη κοινωνική συνοχή» https://t.co/KTj2AtmEQQ,κικιλιασ η επιτυχια του τουρισμου συμβαλλει στη βιωσιμη αναπτυξη και στη κοινωνικη συνοχη,1
"Προσυνεδριακή #Ημερίδα με θέμα: «Η #συμβολή της #κτηνοτροφίας στην ισορροπία-#αειφορία του #περιβάλλοντος.»
https://t.co/9O9eTRntkZ",προσυνεδριακη ημεριδα με θεμα η συμβολη τησ κτηνοτροφιασ στην ισορροπιααειφορια του περιβαλλοντοσ,1
Σ. Ζαχαράκη: Ο βιώσιμος τουρισμός και ο τοπικός χαρακτήρας στο επίκεντρο της ανάπτυξης https://t.co/6cRXigwdB9,σ ζαχαρακη ο βιωσιμοσ τουρισμοσ και ο τοπικοσ χαρακτηρασ στο επικεντρο τησ αναπτυξησ,1
Σοφία Ζαχαράκη: Ο βιώσιμος τουρισμός και ο τοπικός χαρακτήρας στο επίκεντρο της ανάπτυξης https://t.co/KvEJr1d1sL https://t.co/5ZlwFQEdAf,σοφια ζαχαρακη ο βιωσιμοσ τουρισμοσ και ο τοπικοσ χαρακτηρασ στο επικεντρο τησ αναπτυξησ,1
Κικίλιας: Η επιτυχία του τουρισμού συμβάλλει στη βιώσιμη ανάπτυξη και στη κοινωνική συνοχή #Δημοκρατική #Ρόδος #Δωδεκάνησα https://t.co/vJ0VKUCilU,κικιλιασ η επιτυχια του τουρισμου συμβαλλει στη βιωσιμη αναπτυξη και στη κοινωνικη συνοχη δημοκρατικη ροδοσ δωδεκανησα,1
"Επικεφαλής Μυστικών Υπηρεσιών της Ουκρανίας: «Έχουμε πράκτορες στο περιβάλλον του Πούτιν»

https://t.co/nH8CKfdc48",επικεφαλησ μυστικων υπηρεσιων τησ ουκρανιασ εχουμε πρακτορεσ στο περιβαλλον του πουτιν,1
"Γ. Αρβανιτίδης: «Πράσινη Επιχειρηματικότητα και Κυκλική Οικονομία, τα μεγάλα στοιχήματα του αύριο»
#Αρβανιτίδης #επιχειρηματικότητα #ΠΑΣΟΚ
https://t.co/u14lrNGqXk",γ αρβανιτιδησ πρασινη επιχειρηματικοτητα και κυκλικη οικονομια τα μεγαλα στοιχηματα του αυριο αρβανιτιδησ επιχειρηματικοτητα πασοκ,1
"Ουσίες, που ονομάζονται «παντοτινά χημικά», και οι οποίες δεν διασπώνται στο περιβάλλον, συσσωρεύονται στο σώμα μας... 
https://t.co/3SDCESf7m2",ουσιεσ που ονομαζονται παντοτινα χημικα και οι οποιεσ δεν διασπωνται στο περιβαλλον συσσωρευονται στο σωμα μασ,1
PFAS: Επικίνδυνοι «αιώνιοι ρύποι» μολύνουν την Ευρώπη https://t.co/6Y5Gp0gTV4 #ΑΡΘΡΑ #PFAS #ΚΙΝΔΥΝΟΣ #ΠΕΡΙΒΑΛΛΟΝ #ΥΓΕΙΑ By https://t.co/p9zfHynwcm https://t.co/fFMmV2AmlW,pfas επικινδυνοι αιωνιοι ρυποι μολυνουν την ευρωπη αρθρα pfas κινδυνοσ περιβαλλον υγεια by,1
Ουκρανία - Μπουντάνοφ: Έχουμε μυστικούς πράκτορες στο στενό περιβάλλον του Πούτιν - https://t.co/Z2teMJZ7ql https://t.co/LqX1NHT9im,ουκρανια μπουντανοφ εχουμε μυστικουσ πρακτορεσ στο στενο περιβαλλον του πουτιν,1
[Κλικ και διαβάστε στο cnn] #Ουκρανία - Μπουντάνοφ: Έχουμε μυστικούς πράκτορες στο στενό περιβάλλον του  #Πούτιν https://t.co/BZEldZobuE,κλικ και διαβαστε στο cnn ουκρανια μπουντανοφ εχουμε μυστικουσ πρακτορεσ στο στενο περιβαλλον του πουτιν,1
Ισχυροποιείται η παρουσία της Τράπεζας Χανίων στις Ανανεώσιμες Πηγές Ενέργειας. https://t.co/mGdgWDqF78,ισχυροποιειται η παρουσια τησ τραπεζασ χανιων στισ ανανεωσιμεσ πηγεσ ενεργειασ,1
"Dataphoria: Όταν η προσπάθεια για αειφορία επιβραβεύεται! - https://t.co/eiOPQNSsIs https://t.co/MQlP6J89Wr 
#Dataphoria #Lidl_Ελλάς #Lidl #Αειφορία",dataphoria οταν η προσπαθεια για αειφορια επιβραβευεται dataphoria lidl_ελλασ lidl αειφορια,1
"Ώρα μηδέν για το περιβάλλον, ώρα μηδέν για την ενεργειακή ασφάλεια της χώρας και των πολιτών της https://t.co/6uARH2tWnl μέσω @mouzakinews.gr",ωρα μηδεν για το περιβαλλον ωρα μηδεν για την ενεργειακη ασφαλεια τησ χωρασ και των πολιτων τησ μεσω mouzakinewsgr,1
RT @Lnzlpd: Τώρα που θα φύγετε τριήμερο μην ξεχάσετε πως εκεί που θα πάτε θα στουμπώσει ο κωλος σας γιατι αλλάξατε περιβάλλον 😁🎈, lnzlpd τωρα που θα φυγετε τριημερο μην ξεχασετε πωσ εκει που θα πατε θα στουμπωσει ο κωλοσ σασ γιατι αλλαξατε περιβαλλον,1
Deutsche Bank: Θα φτάσει το φυσικό αέριο και το 2023; - Τι γίνεται με τις ανανεώσιμες πηγές ενέργειας https://t.co/zLkkpRiRJp,deutsche bank θα φτασει το φυσικο αεριο και το τι γινεται με τισ ανανεωσιμεσ πηγεσ ενεργειασ,1
Greenpeace: Οι συνέπειες που έχει στο φυσικό περιβάλλον ο πόλεμος στην Ουκρανία - https://t.co/W3X7Rutsur https://t.co/EysdKYLZ4U,greenpeace οι συνεπειεσ που εχει στο φυσικο περιβαλλον ο πολεμοσ στην ουκρανια,1
Πράσινη ενέργεια των εκκατομυρίων ευρώ που μπαίνουν σε συγκεκριμένες τσέπες μόνο... https://t.co/a4D5CKrJQr,πρασινη ενεργεια των εκκατομυριων ευρω που μπαινουν σε συγκεκριμενεσ τσεπεσ μονο,1
Ένθετο Τουρισμός: Η Ρόδος ως βιώσιμο τουριστικό μοντέλο https://t.co/2o6FK8TfFb,ενθετο τουρισμοσ η ροδοσ ωσ βιωσιμο τουριστικο μοντελο,1
"Ανησυχητική η μετεωρολογική κατάσταση στη #Γαλλία εδώ και 2 χρόνια - Τι ισχύει για την #Ελλάδα και πού έχει να βρέξει σχεδόν ένα μήνα

https://t.co/NHGTJcYxf8

#περιβάλλον https://t.co/vUluK5pSum",ανησυχητικη η μετεωρολογικη κατασταση στη γαλλια εδω και χρονια τι ισχυει για την ελλαδα και που εχει να βρεξει σχεδον ενα μηνα περιβαλλον,1
RT @TheOpinion_News: iSea: Προστατέψτε το θαλάσσιο περιβάλλον – Τί να μην καταναλώσετε την Καθαρά Δευτέρα https://t.co/WpIlDi4xfX #Thessalo…, theopinion_news isea προστατεψτε το θαλασσιο περιβαλλον τι να μην καταναλωσετε την καθαρα δευτερα thessalo,1
Δημ. Σακίπης: «Το “Rhodes Co-lab” θα μετατρέψει το νησί στον  πρώτο βιώσιμο τουριστικό προορισμό παγκοσμίως» #Δημοκρατική #Ρόδος #Δωδεκάνησα https://t.co/zszWJ9eM0E,δημ σακιπησ το rhodes colab θα μετατρεψει το νησι στον πρωτο βιωσιμο τουριστικο προορισμο παγκοσμιωσ δημοκρατικη ροδοσ δωδεκανησα,1
Xiaomi: Αξιολόγηση του ανθρακικού αποτυπώματος των προϊόντων της και ευαισθητοποίηση για βιώσιμη διαβίωση https://t.co/U1xc6Evwr2 https://t.co/KMS6FAlRVm,xiaomi αξιολογηση του ανθρακικου αποτυπωματοσ των προϊοντων τησ και ευαισθητοποιηση για βιωσιμη διαβιωση,1
"Αυτό θα είναι αυτό το νέο περιβάλλον χρήσης των #Windows12; 
https://t.co/MfxNoLUJ5j https://t.co/P6WdVeEf2h",αυτο θα ειναι αυτο το νεο περιβαλλον χρησησ των windows,1
Κ. Καραμανλής: Η μετάβαση στις πράσινες μεταφορές προϋποθέτει επενδύσεις και ισχυρό νομοθετικό - ρυθμιστικό περιβάλλον - https://t.co/9Hv55gs9b6,κ καραμανλησ η μεταβαση στισ πρασινεσ μεταφορεσ προϋποθετει επενδυσεισ και ισχυρο νομοθετικο ρυθμιστικο περιβαλλον,1
"Η μετάβαση στις πράσινες μεταφορές προϋποθέτει επενδύσεις και ισχυρό νομοθετικό - ρυθμιστικό περιβάλλον, τόνισε ο υπουργός https://t.co/9aOkIL9TzO",η μεταβαση στισ πρασινεσ μεταφορεσ προϋποθετει επενδυσεισ και ισχυρο νομοθετικο ρυθμιστικο περιβαλλον τονισε ο υπουργοσ,1
"Το Δημοτικό Συμβούλιο Χανίων ζητά να μην εγκριθούν τα σχέδια της σχεδιαζόμενης επένδυσης στην παραλία στη Φαλάσαρνα, καθώς πλήττεται το περιβάλλον αλλά και το δικαίωμα στην ελεύθερη πρόσβαση των πολιτών… https://t.co/oku0e9j95B",το δημοτικο συμβουλιο χανιων ζητα να μην εγκριθουν τα σχεδια τησ σχεδιαζομενησ επενδυσησ στην παραλια στη φαλασαρνα καθωσ πληττεται το περιβαλλον αλλα και το δικαιωμα στην ελευθερη προσβαση των πολιτων,1
Νομοσχέδιο για το περιβάλλον προκαλεί ντελίριο σε ΜΚΟ https://t.co/UfqnjTeTiU,νομοσχεδιο για το περιβαλλον προκαλει ντελιριο σε μκο,1
"Χαράλαμπος Σημαντώνης (Ένωση Ναυτιλίας Μικρών Αποστάσεων): Να δοθούν κίνητρα για τη πράσινη μετάβαση της shortsea - Ρεπορτάζ και ειδήσεις για την Οικονομία, τις Επιχειρήσεις, το Χρηματιστήριο, την Πολιτική #mononewsGR https://t.co/hHRrnRJ2Fw",χαραλαμποσ σημαντωνησ ενωση ναυτιλιασ μικρων αποστασεων να δοθουν κινητρα για τη πρασινη μεταβαση τησ shosea ρεπορταζ και ειδησεισ για την οικονομια τισ επιχειρησεισ το χρηματιστηριο την πολιτικη mononewsgr,1
Καραμανλής: Η μετάβαση στις πράσινες μεταφορές προϋποθέτει επενδύσεις και ισχυρό νομοθετικό περιβάλλον https://t.co/OlJKbpqpWd #businessnewsgr,καραμανλησ η μεταβαση στισ πρασινεσ μεταφορεσ προϋποθετει επενδυσεισ και ισχυρο νομοθετικο περιβαλλον businessnewsgr,1
"5 + 1 μικροαλλαγές στη ρουτίνα σας που θα βοηθήσουν εσάς και το περιβάλλον 
https://t.co/X3YhQQFUN0",μικροαλλαγεσ στη ρουτινα σασ που θα βοηθησουν εσασ και το περιβαλλον,1
RT @Moneypressgr: Παραγωγή ενέργειας από ανανεώσιμες και εναλλακτικές πηγές  #moneypress https://t.co/SPUn8bn6tx https://t.co/t1esUjHPXB, moneypressgr παραγωγη ενεργειασ απο ανανεωσιμεσ και εναλλακτικεσ πηγεσ moneypress,1
Παραγωγή ενέργειας από ανανεώσιμες και εναλλακτικές πηγές  #moneypress https://t.co/SPUn8bn6tx https://t.co/t1esUjHPXB,παραγωγη ενεργειασ απο ανανεωσιμεσ και εναλλακτικεσ πηγεσ moneypress,1
"Δ. Γαλαμάτης: Ανάγκη αντιμετώπισης της παραπληροφόρησης στο σύγχρονο ψηφιακό περιβάλλον

https://t.co/93Zwi9prkP https://t.co/7yPdHqaHIo",δ γαλαματησ αναγκη αντιμετωπισησ τησ παραπληροφορησησ στο συγχρονο ψηφιακο περιβαλλον,1
Η Περιφέρεια Κεντρικής Μακεδονίας μέλος της πρωτοβουλίας Ευρωπαϊκών Πόλεων και Περιφερειών που στηρίζουν την κυκλική οικονομία - https://t.co/eRdyC6Q1nY,η περιφερεια κεντρικησ μακεδονιασ μελοσ τησ πρωτοβουλιασ ευρωπαϊκων πολεων και περιφερειων που στηριζουν την κυκλικη οικονομια,1
"RT @KBakoyannis: Πράσινη ενέργεια, μηδενική εκπομπή ρύπων,βιώσιμη κινητικότητα. Βαρύγδουπες έννοιες.Η βασική μετάβαση που απαιτεί η κλιματι…", kbakoyannis πρασινη ενεργεια μηδενικη εκπομπη ρυπωνβιωσιμη κινητικοτητα βαρυγδουπεσ εννοιεση βασικη μεταβαση που απαιτει η κλιματι,1
"Γεωργιάδης: Όσο αυξάνεται στο ενεργειακό μείγμα η πράσινη ενέργεια, η βιομηχανία μας θα γίνεται πιο ανταγωνιστική - Ρεπορτάζ και ειδήσεις για την Οικονομία, τις Επιχειρήσεις, το Χρηματιστήριο, την Πολιτική #mononewsGR https://t.co/y59AjE4Clw",γεωργιαδησ οσο αυξανεται στο ενεργειακο μειγμα η πρασινη ενεργεια η βιομηχανια μασ θα γινεται πιο ανταγωνιστικη ρεπορταζ και ειδησεισ για την οικονομια τισ επιχειρησεισ το χρηματιστηριο την πολιτικη mononewsgr,1
[Κλικ και διαβάστε στο cnn] #Γεωργιάδης: Η πράσινη ενέργεια θα κάνει πιο ανταγωνιστική την ελληνική  #Βιομηχανία https://t.co/UFDOPJOWry,κλικ και διαβαστε στο cnn γεωργιαδησ η πρασινη ενεργεια θα κανει πιο ανταγωνιστικη την ελληνικη βιομηχανια,1
"Ανδρέας Μικρούτσικος: Αποσωληνώθηκε και επικοινωνεί με το περιβάλλον ο παρουσιαστής

https://t.co/GjhblHd0V6",ανδρεασ μικρουτσικοσ αποσωληνωθηκε και επικοινωνει με το περιβαλλον ο παρουσιαστησ,1
Κυκλική Οικονομία: Ώρα για δράση αλλά με ποιους και με ποιο τρόπο https://t.co/ki9j55Ka29,κυκλικη οικονομια ωρα για δραση αλλα με ποιουσ και με ποιο τροπο,1
"Άδ. Γεωργιάδης: «Όσο αυξάνεται στο ενεργειακό μείγμα η πράσινη ενέργεια, η βιομηχανία μας θα γίνεται πιο ανταγωνιστική» https://t.co/24huj1WST3",αδ γεωργιαδησ οσο αυξανεται στο ενεργειακο μειγμα η πρασινη ενεργεια η βιομηχανια μασ θα γινεται πιο ανταγωνιστικη,1
Δίκαιο της Δόμησης - Προς μια βιώσιμη δόμηση και κτηριακή ανάπτυξη https://t.co/X0HBgROEEX,δικαιο τησ δομησησ προσ μια βιωσιμη δομηση και κτηριακη αναπτυξη,1
"RT @Dcosfp7: @pronews9 Δεν Λησμονούμε και την άλλη Παρωδία του ""Οφσοράκια"" Καραμανλή με τα Αστικά Σύγχρονα δήθεν Λεοφορεία που ήθελε να Προ…", dcosfp pronews δεν λησμονουμε και την αλλη παρωδια του οφσορακια καραμανλη με τα αστικα συγχρονα δηθεν λεοφορεια που ηθελε να προ,1
"@GeorgeTsarnas @HardCan75384103 Δε ξέρετε ξέρουμε τι συνέβη και μη ξεχνάτε πως ο Άγιος χαντα αποκάλεσε Στάθη και αυτόν σκουπίδια 
Ελάτε εσείς όλοι να συγκ με άτομα σε περιβάλλον με έλλειψη πείνας (σχετικό) και να σας αποκαλεί Καπιος Σκουπίδι 
Κρίνουμε βάση από μονταρισμένα πλάνα",georgetsarnas hardcan δε ξερετε ξερουμε τι συνεβη και μη ξεχνατε πωσ ο αγιοσ χαντα αποκαλεσε σταθη και αυτον σκουπιδια ελατε εσεισ ολοι να συγκ με ατομα σε περιβαλλον με ελλειψη πεινασ σχετικο και να σασ αποκαλει καπιοσ σκουπιδι κρινουμε βαση απο μονταρισμενα πλανα,1
Υποβάθμισε το περιβάλλον στη λίμνη Κάρλα από τα απόβλητα των βοοειδών https://t.co/XUwKUrsQTV,υποβαθμισε το περιβαλλον στη λιμνη καρλα απο τα αποβλητα των βοοειδων,1
Το Ότι οι κρατικοί φορείς ήταν υπεύθυνοι για την ασφάλεια των τρένων δεν σημαίνει ότι η Hellenic trains είναι άμοιρη ευθυνών ! Τι έκανε για να κινεί τα τρένα της σε ασφαλές περιβάλλον τόσα χρόνια ; https://t.co/5aTTS1L0lq,το οτι οι κρατικοι φορεισ ηταν υπευθυνοι για την ασφαλεια των τρενων δεν σημαινει οτι η hellenic trains ειναι αμοιρη ευθυνων τι εκανε για να κινει τα τρενα τησ σε ασφαλεσ περιβαλλον τοσα χρονια,1
Θεσσαλονίκη – 25ο ΦΝΘ: Δύο ντοκιμαντέρ για τον άνθρωπο και το περιβάλλον με το βλέμμα του Σωτήρη Δανέζη - Documento https://t.co/JCz0atOopE,θεσσαλονικη ο φνθ δυο ντοκιμαντερ για τον ανθρωπο και το περιβαλλον με το βλεμμα του σωτηρη δανεζη documento,1
"25ο Φεστιβάλ Ντοκιμαντέρ Θεσσαλονίκης

Δύο ντοκιμαντέρ για τον άνθρωπο και το περιβάλλον με το βλέμμα του @SotirisDanezis 

https://t.co/FLxlStfgK5

#TiDF25",ο φεστιβαλ ντοκιμαντερ θεσσαλονικησ δυο ντοκιμαντερ για τον ανθρωπο και το περιβαλλον με το βλεμμα του sotirisdanezis tidf,1
"Η συμφωνία που επιτεύχθηκε στα Ηνωμένα Έθνη για την πρώτη διεθνή συνθήκη για την προστασία της ανοικτής θάλασσας είναι «μια ιστορική στιγμή για τους ωκεανούς μας», δήλωσε σήμερα ο Ευρωπαίος επίτροπος για το Περιβάλλον Βιργκίνιους Σινκεβίτσιους,

https://t.co/o1gmM0PsIG",η συμφωνια που επιτευχθηκε στα ηνωμενα εθνη για την πρωτη διεθνη συνθηκη για την προστασια τησ ανοικτησ θαλασσασ ειναι μια ιστορικη στιγμη για τουσ ωκεανουσ μασ δηλωσε σημερα ο ευρωπαιοσ επιτροποσ για το περιβαλλον βιργκινιουσ σινκεβιτσιουσ,1
"""Ιστορική στιγμή"" η συμφωνία για την προστασία των ωκεανών, δηλώνει ο επίτροπος της ΕΕ για το Περιβάλλον @VSinkevicius

https://t.co/FznuqMQP9B 

https://t.co/ujCVUtXskk https://t.co/FmN0TYF4hn",ιστορικη στιγμη η συμφωνια για την προστασια των ωκεανων δηλωνει ο επιτροποσ τησ εε για το περιβαλλον vsinkevicius,1
Γερμανία: Οργή του πολιτικού κόσμου για δράση των ακτιβιστών για το κλίμα https://t.co/3eeKqxECDE,γερμανια οργη του πολιτικου κοσμου για δραση των ακτιβιστων για το κλιμα,1
"ΟΗΕ-ΕΕ: ""Ιστορική στιγμή"" η συμφωνία για την προστασία των ωκεανών, δηλώνει ο επίτροπος της ΕΕ για το Περιβάλλον
https://t.co/pLzozs5SvY",οηεεε ιστορικη στιγμη η συμφωνια για την προστασια των ωκεανων δηλωνει ο επιτροποσ τησ εε για το περιβαλλον,1
"25ο ΦΝΘ: Δύο ντοκιμαντέρ για τον άνθρωπο και το περιβάλλον με το βλέμμα του Σ. Δανέζη,
https://t.co/oNY2fW0aXq,",ο φνθ δυο ντοκιμαντερ για τον ανθρωπο και το περιβαλλον με το βλεμμα του σ δανεζη,1
Ολοκληρώθηκε το Σεμινάριο του Περιφερειακού Δικτύου Περιβαλλοντικής Εκπαίδευσης «Αλλά..Ζω για το Κλίμα» που οργάνωσε στις 3 και 4 Μαρτίου 2023 το Κέντρο Εκπαίδευσης για το Περιβάλλον και την Αειφορία Βάμου.  https://t.co/10e4UEE6KN,ολοκληρωθηκε το σεμιναριο του περιφερειακου δικτυου περιβαλλοντικησ εκπαιδευσησ αλλαζω για το κλιμα που οργανωσε στισ και μαρτιου το κεντρο εκπαιδευσησ για το περιβαλλον και την αειφορια βαμου,1
"Η #Ιαπωνια θέλει ν΄απορρίψει στη θάλασσα 1,3 εκατομμύρια τόνους μολυσμένου νερού από #πυρηνικα! Αποκαλυπτική μόλυνση των ωκεανών! ''και πολλοί των ανθρώπων απέθανον εκ των υδάτων, ότι επικράνθησαν...'' #περιβαλλον #Αποκαλυψη #nuclear #Japon https://t.co/7H9s1tl7Be",η ιαπωνια θελει ναπορριψει στη θαλασσα εκατομμυρια τονουσ μολυσμενου νερου απο πυρηνικα αποκαλυπτικη μολυνση των ωκεανων και πολλοι των ανθρωπων απεθανον εκ των υδατων οτι επικρανθησαν περιβαλλον αποκαλυψη nuclear japon,1
"Η #Ιαπωνια θέλει ν΄απορρίψει στη θάλασσα 1,3 εκατομμύρια τόνους μολυσμένου νερού από #πυρηνικα! Αποκαλυπτική μόλυνση των ωκεανών! ''και πολλοί των ανθρώπων απέθανον εκ των υδάτων, ότι επικράνθησαν...'' #περιβαλλον #Αποκαλυψη #nuclear #Japon 
https://t.co/7H9s1tl7Be",η ιαπωνια θελει ναπορριψει στη θαλασσα εκατομμυρια τονουσ μολυσμενου νερου απο πυρηνικα αποκαλυπτικη μολυνση των ωκεανων και πολλοι των ανθρωπων απεθανον εκ των υδατων οτι επικρανθησαν περιβαλλον αποκαλυψη nuclear japon,1
Επίτροπος ΕΕ για το Περιβάλλον: «Ιστορική στιγμή» η συμφωνία για την προστασία των ωκεανών https://t.co/kT8y8xocfl,επιτροποσ εε για το περιβαλλον ιστορικη στιγμη η συμφωνια για την προστασια των ωκεανων,1
"Περιφέρεια Αττική: Με 100% ευρωπαϊκή χρηματοδότηση η «πράσινη» ανάπλαση του Φαληρικού Όρμου - Ρεπορτάζ και ειδήσεις για την Οικονομία, τις Επιχειρήσεις, το Χρηματιστήριο, την Πολιτική #mononewsGR https://t.co/XEvfDbJaD4",περιφερεια αττικη με ευρωπαϊκη χρηματοδοτηση η πρασινη αναπλαση του φαληρικου ορμου ρεπορταζ και ειδησεισ για την οικονομια τισ επιχειρησεισ το χρηματιστηριο την πολιτικη mononewsgr,1
"Μαρίνα Χατζημανώλη στο 6ο Ετήσιο Φόρουμ Κυπριακής Ναυτιλίας Capital Link: Προτεραιότητά μας η μετάβαση σε μια πράσινη και ψηφιακή ναυτιλία - Ρεπορτάζ και ειδήσεις για την Οικονομία, τις Επιχειρήσεις, το Χρηματιστήριο, την Πολιτική #mononewsGR https://t.co/EyS1PKGTjg",μαρινα χατζημανωλη στο ο ετησιο φορουμ κυπριακησ ναυτιλιασ capital link προτεραιοτητα μασ η μεταβαση σε μια πρασινη και ψηφιακη ναυτιλια ρεπορταζ και ειδησεισ για την οικονομια τισ επιχειρησεισ το χρηματιστηριο την πολιτικη mononewsgr,1
Εργαστήρια επιχειρηματικότητας στον τομέα της Κυκλικής Οικονομίας για μηχανικούς και επιστήμονες στο πλαίσιο του έργου “ENGINE-HUBs” - https://t.co/eiOPQNSsIs #Εργαστήρια_Επιχειρηματικότητας #Κυκλική_Οικονομία https://t.co/uSxz5anyTS,εργαστηρια επιχειρηματικοτητασ στον τομεα τησ κυκλικησ οικονομιασ για μηχανικουσ και επιστημονεσ στο πλαισιο του εργου enginehubs εργαστηρια_επιχειρηματικοτητασ κυκλικη_οικονομια,1
Ημερίδα για τους εκπαιδευτικούς «Προβληματικές συμπεριφορές στο σχολικό περιβάλλον: η σημασία της πρόληψης και της έγκαιρης αντιμετώπισης» https://t.co/1VRq8QkPuC,ημεριδα για τουσ εκπαιδευτικουσ προβληματικεσ συμπεριφορεσ στο σχολικο περιβαλλον η σημασια τησ προληψησ και τησ εγκαιρησ αντιμετωπισησ,1
"Τα #πλαστικά που ρυπαίνουν τους ωκεανούς μπορεί σχεδόν να τριπλασιαστούν ως το 2040

https://t.co/UHQkvBfzPr

#περιβάλλον https://t.co/bAkyMjedzZ",τα πλαστικα που ρυπαινουν τουσ ωκεανουσ μπορει σχεδον να τριπλασιαστουν ωσ το περιβαλλον,1
"Ο διοικητής του Γενικού Νοσοκομείου της Λάρισας δήλωσε πως κανείς από το περιβάλλον της δεν έχει έρθει σε επαφή με το νοσοκομείο #Τέμπη #Τεμπη_εγκλημα_Μητσοτακη #Μητσοτακη_ΔΟΛΟΦΟΝΕ #μητσοτακη_παραιτησου 
https://t.co/MK7ynyPV3L",ο διοικητησ του γενικου νοσοκομειου τησ λαρισασ δηλωσε πωσ κανεισ απο το περιβαλλον τησ δεν εχει ερθει σε επαφη με το νοσοκομειο τεμπη τεμπη_εγκλημα_μητσοτακη μητσοτακη_δολοφονε μητσοτακη_παραιτησου,1
"Η δημοσιονομική πολιτική για το 2024 πρέπει να διασφαλίζει τη βιωσιμότητα του χρέους και τη βιώσιμη και χωρίς αποκλεισμούς ανάπτυξη, τονίζει η Ευρωπαϊκή Επιτροπή @EU_Commission 

https://t.co/umOwgDVjQV https://t.co/1url7lZp0o",η δημοσιονομικη πολιτικη για το πρεπει να διασφαλιζει τη βιωσιμοτητα του χρεουσ και τη βιωσιμη και χωρισ αποκλεισμουσ αναπτυξη τονιζει η ευρωπαϊκη επιτροπη eu_commission,1
"Η Ελληνικός Χρυσός υλοποιεί μία από τις μεγαλύτερες, άμεσες ξένες επενδύσεις στην Ελλάδα, με σεβασμό στο φυσικό περιβάλλον. https://t.co/Wdy88hfqvR",η ελληνικοσ χρυσοσ υλοποιει μια απο τισ μεγαλυτερεσ αμεσεσ ξενεσ επενδυσεισ στην ελλαδα με σεβασμο στο φυσικο περιβαλλον,1
Meliá Hotels International: Ο πιο βιώσιμος ξενοδοχειακός Όμιλος παγκοσμίως για το 2022 από την S&amp;P Globa #Δημοκρατική #Ρόδος #Δωδεκάνησα https://t.co/gZGuE25CCJ,meliá hotels international ο πιο βιωσιμοσ ξενοδοχειακοσ ομιλοσ παγκοσμιωσ για το απο την sampp globa δημοκρατικη ροδοσ δωδεκανησα,1
"ΕΤΕπ: Έργα 17,06 δισ. ευρώ στη βιώσιμη ενέργεια το 2022 εντός ΕΕ https://t.co/B4aAQ0cteT #businessnewsgr",ετεπ εργα δισ ευρω στη βιωσιμη ενεργεια το εντοσ εε businessnewsgr,1
2ο ΓΥΜΝΑΣΙΟ Αργοστολίου : H ενημερωτική δράση για το περιβάλλον https://t.co/Ff7jfUbLaj,ο γυμνασιο αργοστολιου h ενημερωτικη δραση για το περιβαλλον,1
Περιφέρεια Θεσσαλίας: Έκτακτο δελτίο επιδείνωσης του καιρού https://t.co/7495IvtDsy,περιφερεια θεσσαλιασ εκτακτο δελτιο επιδεινωσησ του καιρου,1
Είναι η Νέα Υόρκη τόσο βιώσιμη όσο πριν από την πανδημία; https://t.co/IH3D52gJSg,ειναι η νεα υορκη τοσο βιωσιμη οσο πριν απο την πανδημια,1
ΚΑΠ: Ο κομβικός ρόλος της ευρωπαϊκής αγροτικής πολιτικής για ένα βιώσιμο σύστημα τροφίμων https://t.co/p8BLfxEznm,καπ ο κομβικοσ ρολοσ τησ ευρωπαϊκησ αγροτικησ πολιτικησ για ενα βιωσιμο συστημα τροφιμων,1
Τραγωδία στα Τέμπη - Σάλος με μαρτυρία σχετικά με την υγεία του μηχανοδηγού - Διαψεύδει το περιβάλλον του - Hellenic Train: Αβάσιμες οι ειδήσεις https://t.co/0KJeNFij6I,τραγωδια στα τεμπη σαλοσ με μαρτυρια σχετικα με την υγεια του μηχανοδηγου διαψευδει το περιβαλλον του hellenic train αβασιμεσ οι ειδησεισ,1
Cenergy: Αισιοδοξία για τα επόμενα χρόνια – Βιώσιμη κερδοφορία προσφέρει το υψηλό ανεκτέλεστο https://t.co/YA6Zt9EYFh,cenergy αισιοδοξια για τα επομενα χρονια βιωσιμη κερδοφορια προσφερει το υψηλο ανεκτελεστο,1
Ξύπνησαν οι αρκούδες στο Νυμφαίο https://t.co/q2dHxJli6T #ΖΩΑ #ΠΕΡΙΒΑΛΛΟΝ https://t.co/FepzwyCFc0,ξυπνησαν οι αρκουδεσ στο νυμφαιο ζωα περιβαλλον,1
Γενική συνέλευση και κοπή πίτας για τους «Πολίτες Μαγνησίας για την υγεία και το περιβάλλον» https://t.co/P6Q9WnpcKW,γενικη συνελευση και κοπη πιτασ για τουσ πολιτεσ μαγνησιασ για την υγεια και το περιβαλλον,1
Ορσαλία Παρθένη: Αειφορία στη μόδα και την Parthenis #mononewsGR https://t.co/qvK6pbuwud,ορσαλια παρθενη αειφορια στη μοδα και την pahenis mononewsgr,1
H περικύκλωση και ο περιορισμός του Πεκίνου δεν αποτελεί βιώσιμη στρατηγική για τις ΗΠΑ https://t.co/dOZKsxuRjN,h περικυκλωση και ο περιορισμοσ του πεκινου δεν αποτελει βιωσιμη στρατηγικη για τισ ηπα,1
Μεταλλευτική δραστηριότητα με σεβασμό για το φυσικό περιβάλλον - https://t.co/RBJ4pAPCaK,μεταλλευτικη δραστηριοτητα με σεβασμο για το φυσικο περιβαλλον,1
ΚΚΕ – Πρόσκληση σε τρεις συζητήσεις για το περιβάλλον με ομιλητή τον Αντώνη Ραλλάτο https://t.co/XjTf24FCgY,κκε προσκληση σε τρεισ συζητησεισ για το περιβαλλον με ομιλητη τον αντωνη ραλλατο,1
Ελληνικός Χρυσός: Ανάπτυξη με σεβασμό στο περιβάλλον https://t.co/duLNjZv2OG,ελληνικοσ χρυσοσ αναπτυξη με σεβασμο στο περιβαλλον,1
Προς επαναξιολόγηση και αναθεώρηση το Ειδικό Χωροταξικό Πλαίσιο για τις Ανανεώσιμες Πηγές Ενέργειας https://t.co/bGu9r3UDbL,προσ επαναξιολογηση και αναθεωρηση το ειδικο χωροταξικο πλαισιο για τισ ανανεωσιμεσ πηγεσ ενεργειασ,1
"«Η κατάσταση δεν είναι ούτε ηθική ούτε βιώσιμη και δεν μπορεί να συνεχιστεί. Είναι άδικο για τον βρετανικό λαό, ο οποίος διαχρονικά έχει ανοίξει τα σπίτια του σε γνήσιους πρόσφυγες, τώρα να είναι υποχρεωμένος να ξοδεύει περίπου 6 εκατομμύρια στερλίνες

https://t.co/mlXWdmlaSp",η κατασταση δεν ειναι ουτε ηθικη ουτε βιωσιμη και δεν μπορει να συνεχιστει ειναι αδικο για τον βρετανικο λαο ο οποιοσ διαχρονικα εχει ανοιξει τα σπιτια του σε γνησιουσ προσφυγεσ τωρα να ειναι υποχρεωμενοσ να ξοδευει περιπου εκατομμυρια στερλινεσ,1
Αειφόρος Ήπειρος: Οι 4 άξονες για βιώσιμη αγροτική ανάπτυξη στην Ήπειρο - https://t.co/HDeNyRzh0P https://t.co/75YIl3PoAk,αειφοροσ ηπειροσ οι αξονεσ για βιωσιμη αγροτικη αναπτυξη στην ηπειρο,1
"Εκδήλωση του ΜέΡΑ25 για τη ""ζούγκλα"" στο εργασιακό περιβάλλον - https://t.co/mcK3RB6man https://t.co/zZrkOs7xLC",εκδηλωση του μερα για τη ζουγκλα στο εργασιακο περιβαλλον,1
"📢 Ο Μπάιντεν προστατεύει περιοχή στην Αλάσκα και δίνει άδεια για άντληση πετρελαίου από άλλη
#ΑΛΑΣΚΑ #ΗΠΑ #ΠΕΡΙΒΑΛΛΟΝ #ΤΖΟΜΠΑΙΝΤΕΝ

https://t.co/7UoxvMbi9b",ο μπαιντεν προστατευει περιοχη στην αλασκα και δινει αδεια για αντληση πετρελαιου απο αλλη αλασκα ηπα περιβαλλον τζομπαιντεν,1
"Εκδήλωση με τίτλο: Μεταναστευτική κρίση στην Ευρώπη και το υπό διαμόρφωση, νέο θεσμικό, κοινωνικό και πολιτικό περιβάλλον https://t.co/z0wTg3hXGG",εκδηλωση με τιτλο μεταναστευτικη κριση στην ευρωπη και το υπο διαμορφωση νεο θεσμικο κοινωνικο και πολιτικο περιβαλλον,1
RT @TheOpinion_News: Φάμμελος για Μητσοτάκη: «Ρουσφέτια που υποβαθμίζουν τις ενεργειακές κοινότητες και το ελληνικό φυσικό περιβάλλον» http…, theopinion_news φαμμελοσ για μητσοτακη ρουσφετια που υποβαθμιζουν τισ ενεργειακεσ κοινοτητεσ και το ελληνικο φυσικο περιβαλλον,1
Στον Βόλο για το περιβάλλον και τη δημόσια υγεία αντιπροσωπεία της συμμαχίας «Πράσινο &amp; Μωβ» https://t.co/XyBV4BSz5i,στον βολο για το περιβαλλον και τη δημοσια υγεια αντιπροσωπεια τησ συμμαχιασ πρασινο amp μωβ,1
"Αγοραστός στο CNN Greece: Στρατηγική μας, η πράσινη ενέργεια να γίνει πράσινη συνέργεια https://t.co/IxU9yrZS2e",αγοραστοσ στο cnn greece στρατηγικη μασ η πρασινη ενεργεια να γινει πρασινη συνεργεια,1
"RT @GPapasotiriou: Την ""οριστική απόσυρση του νομοσχεδίου-εκτρώματος"" (για το περιβάλλον) ζητάει στο κύριο άρθρο της η «Καθημερινή», αναφέρ…", gpapasotiriou την οριστικη αποσυρση του νομοσχεδιουεκτρωματοσ για το περιβαλλον ζηταει στο κυριο αρθρο τησ η καθημερινη αναφερ,1
Φωτογραφικές διατάξεις στο πολυνομοσχέδιο για το περιβάλλον | Καθημερινή https://t.co/gNaLG0Ajg5,φωτογραφικεσ διαταξεισ στο πολυνομοσχεδιο για το περιβαλλον καθημερινη,1
"RT @GiorgosKyrtsos: Τι πάθανε φιλομητσοτακικά ΜΜΕ και του βγάζουν λογαριασμούς;(πχ Καθημερινή για περιβάλλον)
Μπλοφάρουν για να κρατήσουν κ…", giorgoskysos τι παθανε φιλομητσοτακικα μμε και του βγαζουν λογαριασμουσπχ καθημερινη για περιβαλλον μπλοφαρουν για να κρατησουν κ,1
Βιώσιμο επιχειρηματικό σχήμα για την αξιοποίηση των θερμών πηγών Eμπρός Θέρμης στην Κω #Δημοκρατική #Ρόδος #Δωδεκάνησα https://t.co/UWf4EjyALm,βιωσιμο επιχειρηματικο σχημα για την αξιοποιηση των θερμων πηγων eμπροσ θερμησ στην κω δημοκρατικη ροδοσ δωδεκανησα,1
Μονοπήγαδο: Ο Πολιτιστικός Σύλλογος Μονοπήγαδου μας προσκαλεί να συμμετέχουμε στη 2η φάση εθελοντικής αναδάσωσης https://t.co/1XjH8DFdzt #ΕΘΕΛΟΝΤΙΣΜΟΣ #ΜΟΝΟΠΗΓΑΔΟ #ΠΕΡΙΒΑΛΛΟΝ #ΣΥΛΛΟΓΟΙ https://t.co/A03iXiZqgR,μονοπηγαδο ο πολιτιστικοσ συλλογοσ μονοπηγαδου μασ προσκαλει να συμμετεχουμε στη η φαση εθελοντικησ αναδασωσησ εθελοντισμοσ μονοπηγαδο περιβαλλον συλλογοι,1
Βιώσιμο επιχειρηματικό σχήμα για την αξιοποίηση των θερμών πηγών Eμπρός Θέρμης στην Κω https://t.co/vlKmOCJ6rx via @aegeanews,βιωσιμο επιχειρηματικο σχημα για την αξιοποιηση των θερμων πηγων eμπροσ θερμησ στην κω via aegeanews,1
Περιφέρεια Θεσσαλίας: Έκτακτο Δελτίο Επιδείνωσης του Καιρού-  Στο χάρτη της κακοκαιρίας και η Θεσσαλία https://t.co/J2kZ5Jc90j,περιφερεια θεσσαλιασ εκτακτο δελτιο επιδεινωσησ του καιρου στο χαρτη τησ κακοκαιριασ και η θεσσαλια,1
Παρατείνεται ο 6ος διαγωνισμός φωτογραφίας με θέμα «Το Μέλλον που θέλουμε – Βιώσιμη διαχείριση πόρων» https://t.co/rm1JTHQl9P #ΔΙΑΓΩΝΙΣΜΟΙ #ΠΕΡΙΦΕΡΕΙΑ #ΣΧΟΛΙΚΑ #ΦΩΤΟΓΡΑΦΙΑ https://t.co/gckx2XomdN,παρατεινεται ο οσ διαγωνισμοσ φωτογραφιασ με θεμα το μελλον που θελουμε βιωσιμη διαχειριση πορων διαγωνισμοι περιφερεια σχολικα φωτογραφια,1
RT @LykavitosGr: Ο θαλάσσιος πάγος της Αρκτικής μειώθηκε στο μισό λόγω της κλιματικής αλλαγής  #θαλάσσιος_πάγος #κλιματική_αλλαγή #Αρκτική…, lykavitosgr ο θαλασσιοσ παγοσ τησ αρκτικησ μειωθηκε στο μισο λογω τησ κλιματικησ αλλαγησ θαλασσιοσ_παγοσ κλιματικη_αλλαγη αρκτικη,1
RT @LykavitosGr: Ο θαλάσσιος πάγος της Αρκτικής μειώθηκε στο μισό λόγω της κλιματικής αλλαγής  #θαλάσσιος_πάγος #κλιματική_αλλαγή #Αρκτική…, lykavitosgr ο θαλασσιοσ παγοσ τησ αρκτικησ μειωθηκε στο μισο λογω τησ κλιματικησ αλλαγησ θαλασσιοσ_παγοσ κλιματικη_αλλαγη αρκτικη,1
Ρύζι: Επιστροφή στην παράδοση για ένα βιώσιμο περιβάλλον - LarissaPress https://t.co/vSbQJLAssw,ρυζι επιστροφη στην παραδοση για ενα βιωσιμο περιβαλλον larissapress,1
Συμπέρασμα: Οι κυβερνήσεις θέλουν τον θάνατο σας με Ρότσιλντ εντολή και οι εναπομείναντες που θα παρακαλάνε για ειρήνη και λύση να προσκυνήσουν τον αντιηγέτη που έχουν έτοιμο σε ένα ολοκληρωτικό παγκόσμιο περιβάλλον απόλυτου ελέγχου. https://t.co/eRzXZe65sF,συμπερασμα οι κυβερνησεισ θελουν τον θανατο σασ με ροτσιλντ εντολη και οι εναπομειναντεσ που θα παρακαλανε για ειρηνη και λυση να προσκυνησουν τον αντιηγετη που εχουν ετοιμο σε ενα ολοκληρωτικο παγκοσμιο περιβαλλον απολυτου ελεγχου,1
Αλόννησος: Το νησί καινοτομεί για να καταργήσει τα πλαστικά μπουκάλια https://t.co/7fk8c0bpA1 #ΕΛΛΑΔΑ #ΠΕΡΙΒΑΛΛΟΝ https://t.co/IKvJUMXuh7,αλοννησοσ το νησι καινοτομει για να καταργησει τα πλαστικα μπουκαλια ελλαδα περιβαλλον,1
"#Cyprus #MediterraneanDay #environment #climatecrisis 
Η Βουλή @CYParliament συμμετέχει ενεργά στις διαβουλεύσεις για το περιβάλλον της Μεσογείου, λέει η Α. Δημητρίου @AnnitaDemetriou 

https://t.co/w5XDxjYLjM",cyprus mediterraneanday environment climatecrisis η βουλη cyparliament συμμετεχει ενεργα στισ διαβουλευσεισ για το περιβαλλον τησ μεσογειου λεει η α δημητριου annitademetriou,1
Όμιλος Motor Oil: Ενισχύει έμπρακτα την κυκλική οικονομία https://t.co/8f4XMElW7f,ομιλοσ motor oil ενισχυει εμπρακτα την κυκλικη οικονομια,1
Δ. Καμπόσος| Οι μετακινήσεις αποκτούν βιώσιμο πρόσημο στο Δήμο Άργους https://t.co/Aj6RP7df6t μέσω @Arena News | Ηλεκτρονική εφημερίδα της Πελοποννήσου,δ καμποσοσ οι μετακινησεισ αποκτουν βιωσιμο προσημο στο δημο αργουσ μεσω arena news ηλεκτρονικη εφημεριδα τησ πελοποννησου,1
Βιώσιμος και ικανός ο ΞΕΝΟΦΩΝ να διαχειριστεί τα πνευματικά δικαιώματα των δημοσιογράφων https://t.co/jxrnAxwc5x,βιωσιμοσ και ικανοσ ο ξενοφων να διαχειριστει τα πνευματικα δικαιωματα των δημοσιογραφων,1
Έξωση σε 83χρονη γιατί το σπίτι που μένει 62 χρόνια δεν είναι ενεργειακά βιώσιμο https://t.co/H1JB6o72Y8,εξωση σε χρονη γιατι το σπιτι που μενει χρονια δεν ειναι ενεργειακα βιωσιμο,1
Κέρκυρα-ΕΞΑΡΧΗΣ: Θεματικές συσκέψεις για τη διαχείριση απορριμμάτων και τουρισμό-περιβάλλον - https://t.co/PDSUk0r8bz,κερκυραεξαρχησ θεματικεσ συσκεψεισ για τη διαχειριση απορριμματων και τουρισμοπεριβαλλον,1
"#ΗΠΑ: Πυρηνικό εργοστάσιο έθεσε υπό έλεγχο διαρροή μολυσμένου νερού που εντοπίστηκε τον Νοέμβριο

https://t.co/FmlBWdKJQ5

#περιβαλλον #πυρηνικα https://t.co/6e0wmEtVPa",ηπα πυρηνικο εργοστασιο εθεσε υπο ελεγχο διαρροη μολυσμενου νερου που εντοπιστηκε τον νοεμβριο περιβαλλον πυρηνικα,1
"RT @GreeceMFA: 📍 Νέα Υόρκη | Συνάντηση ΥΠΕΞ @NikosDendias με ΓΓ ΟΗΕ António Guterres. Στην ατζέντα των συνομιλιών:
🔹Διεθνή &amp; περιφ. ζητήματ…", greecemfa νεα υορκη συναντηση υπεξ nikosdendias με γγ οηε antónio guterres στην ατζεντα των συνομιλιων διεθνη amp περιφ ζητηματ,1
"ΗΜΕΡΙΔΑ ΧΙΟΥ: ΚΥΚΛΙΚΗ ΟΙΚΟΝΟΜΙΑ ΚΑΙ ΕΠΙΧΕΙΡΗΜΑΤΙΚΟΤΗΤΑ 
https://t.co/8Iet7HP6AM https://t.co/KfPNXI8G97",ημεριδα χιου κυκλικη οικονομια και επιχειρηματικοτητα,1
"Θεόδωρος Κόντες: Πράσινη μετάβαση στη ναυτιλία και στον θαλάσσιο τουρισμό - Ρεπορτάζ και ειδήσεις για την Οικονομία, τις Επιχειρήσεις, το Χρηματιστήριο, την Πολιτική #mononewsGR https://t.co/BM8e4Z2nuU",θεοδωροσ κοντεσ πρασινη μεταβαση στη ναυτιλια και στον θαλασσιο τουρισμο ρεπορταζ και ειδησεισ για την οικονομια τισ επιχειρησεισ το χρηματιστηριο την πολιτικη mononewsgr,1
Στ. Καλαφάτης: Έχουμε μπει στην εποχή της κατάκτησης του στόχου όσον αφορά τη βιώσιμη ανάπτυξη και την καινοτομία -Χαιρετισμός του Υφυπουργού Εσωτερικών (Μακεδονίας - Θράκης) κ. Σταύρου Καλαφάτη στο 17ο Συνέδριο Καινοτομία και Ανάπτυξη του ka - Business https://t.co/lZIWEORPAk,στ καλαφατησ εχουμε μπει στην εποχη τησ κατακτησησ του στοχου οσον αφορα τη βιωσιμη αναπτυξη και την καινοτομια χαιρετισμοσ του υφυπουργου εσωτερικων μακεδονιασ θρακησ κ σταυρου καλαφατη στο ο συνεδριο καινοτομια και αναπτυξη του ka business,1
Σ.Δ.Ξ.Δ.: Εσπερίδα με τίτλο “Ιδού η Ρόδος…Ιδού και το περιβάλλον…Προοπτικές και δράσεις” #Δημοκρατική #Ρόδος #Δωδεκάνησα https://t.co/sGkzuCejyQ,σδξδ εσπεριδα με τιτλο ιδου η ροδοσιδου και το περιβαλλονπροοπτικεσ και δρασεισ δημοκρατικη ροδοσ δωδεκανησα,1
"Ποιες είναι οι επιπτώσεις των δημογραφικών εξελίξεων στο οικογενειακό περιβάλλον των άνω των 65 ετών 

https://t.co/dl7Grj3r0j https://t.co/Y6Jn7TR1ED",ποιεσ ειναι οι επιπτωσεισ των δημογραφικων εξελιξεων στο οικογενειακο περιβαλλον των ανω των ετων,1
"Έρχεται η εργάσιμη εβδομάδα των τεσσάρων ημερών - Για ποιες επιχειρήσεις αποτελεί βιώσιμη λύση,
https://t.co/Y3mc52NneS,",ερχεται η εργασιμη εβδομαδα των τεσσαρων ημερων για ποιεσ επιχειρησεισ αποτελει βιωσιμη λυση,1
"Υπό την αιγίδα της Περιφέρειας Αττικής, η 5η Διεθνής Έκθεση Verde.Tec για τις Πράσινες Τεχνολογίες και την Κυκλική Οικονομία-Βραβεία στην Περιφέρεια Αττικής και στον ΕΣΝΑ για τις καινοτόμες δράσεις στην ανακύκλωση https://t.co/Q88LvX2Ubo https://t.co/OUdmBzDPxF",υπο την αιγιδα τησ περιφερειασ αττικησ η η διεθνησ εκθεση verdetec για τισ πρασινεσ τεχνολογιεσ και την κυκλικη οικονομιαβραβεια στην περιφερεια αττικησ και στον εσνα για τισ καινοτομεσ δρασεισ στην ανακυκλωση,1
Ποιες είναι οι επιπτώσεις των δημογραφικών εξελίξεων στο οικογενειακό περιβάλλον των άνω των 65 ετών https://t.co/K9ZbtvTslc,ποιεσ ειναι οι επιπτωσεισ των δημογραφικων εξελιξεων στο οικογενειακο περιβαλλον των ανω των ετων,1
Σήμα κινδύνου για λειψυδρία : 2 μέτρα κάτω η στάθμη της λίμνης Πλαστήρα https://t.co/G5EYdQAzka,σημα κινδυνου για λειψυδρια μετρα κατω η σταθμη τησ λιμνησ πλαστηρα,1
Εαρινή Ισημερία: Αποχαιρετάμε κι επίσημα σήμερα τον χειμώνα! https://t.co/QAA2e6wyBg,εαρινη ισημερια αποχαιρεταμε κι επισημα σημερα τον χειμωνα,1
"Μονοπήγαδο: Ολοκληρώθηκε χθες Κυριακή, με επιτυχία η Β' φάση αναδάσωσης https://t.co/KKFjtVe6sO #ΕΘΕΛΟΝΤΙΣΜΟΣ #ΜΟΝΟΠΗΓΑΔΟ #ΠΕΡΙΒΑΛΛΟΝ #ΣΥΛΛΟΓΟΙ https://t.co/uPNf8wzjx4",μονοπηγαδο ολοκληρωθηκε χθεσ κυριακη με επιτυχια η β φαση αναδασωσησ εθελοντισμοσ μονοπηγαδο περιβαλλον συλλογοι,1
Κέρκυρα: Δρ. Κωνσταντίνος Καποδίστριας | Επισκέφθηκε το Κέντρο Εκπαίδευσης για το Περιβάλλον και την Αειφορία Περιβαλλοντικής Εκπαίδευσης στις Αλυκές Λευκίμμης https://t.co/wtkZhvbk0C,κερκυρα δρ κωνσταντινοσ καποδιστριασ επισκεφθηκε το κεντρο εκπαιδευσησ για το περιβαλλον και την αειφορια περιβαλλοντικησ εκπαιδευσησ στισ αλυκεσ λευκιμμησ,1
"Ο «οδηγός επιβίωσης» της ανθρωπότητας για την #κλιματική_αλλαγή: Συναγερμός άμεσης δράσης
https://t.co/iqW1ctVWi6",ο οδηγοσ επιβιωσησ τησ ανθρωποτητασ για την κλιματικη_αλλαγη συναγερμοσ αμεσησ δρασησ,1
Guterres (OHE): Οι εμπειρογνώμονες για το κλίμα εξέδωσαν «οδηγό επιβίωσης για την ανθρωπότητα» - Χρειάζεται ριζική δράση https://t.co/a9lWbkKCXZ,guterres ohe οι εμπειρογνωμονεσ για το κλιμα εξεδωσαν οδηγο επιβιωσησ για την ανθρωποτητα χρειαζεται ριζικη δραση,1
"Έχει αποκατασταθεί η επικοινωνία της με το περιβάλλον
https://t.co/P4yI8QeYs9",εχει αποκατασταθει η επικοινωνια τησ με το περιβαλλον,1
#Τρίκαλα2030: Το πρόγραμμα του εξ αναβολής συνεδρίου για τη Βιώσιμη Πόλη του Αύριο https://t.co/b3FFYMRZSL,τρικαλα το προγραμμα του εξ αναβολησ συνεδριου για τη βιωσιμη πολη του αυριο,1
"Day Group: Φροντίζει για το περιβάλλον και συμβάλλει ενεργά στην μείωση του ενεργειακού αποτυπώματος - Ρεπορτάζ και ειδήσεις για την Οικονομία, τις Επιχειρήσεις, το Χρηματιστήριο, την Πολιτική #mononewsGR https://t.co/4P72JvQEK6",day group φροντιζει για το περιβαλλον και συμβαλλει ενεργα στην μειωση του ενεργειακου αποτυπωματοσ ρεπορταζ και ειδησεισ για την οικονομια τισ επιχειρησεισ το χρηματιστηριο την πολιτικη mononewsgr,1
Δ. Κωστούρος: «Το Ναύπλιο είναι μία φιλική προς το περιβάλλον πόλη» - Τοποθετούνται και νέες μονάδες Ανταποδοτικής Ανακύκλωσης https://t.co/xWqfKaUNxE https://t.co/6pAh5QKjh3,δ κωστουροσ το ναυπλιο ειναι μια φιλικη προσ το περιβαλλον πολη τοποθετουνται και νεεσ μοναδεσ ανταποδοτικησ ανακυκλωσησ,1
"Τ. Μοροπούλου στο ΑΠΕ-ΜΠΕ: Το έργο της αποκατάστασης του Ιερού Κουβουκλίου του Πανάγιου Τάφου έγινε σ’ ένα περιβάλλον κοινής αποδοχής

https://t.co/n7DFoLq7D6",τ μοροπουλου στο απεμπε το εργο τησ αποκαταστασησ του ιερου κουβουκλιου του παναγιου ταφου εγινε σ ενα περιβαλλον κοινησ αποδοχησ,1
Νομοσχέδιο για το περιβάλλον: Τρεις αλλαγές στο παρά πέντε #Δημοκρατική #Ρόδος #Δωδεκάνησα https://t.co/qyabWw9GPy,νομοσχεδιο για το περιβαλλον τρεισ αλλαγεσ στο παρα πεντε δημοκρατικη ροδοσ δωδεκανησα,1
ΟΗΕ: SOS για το περιβάλλον | ARTI NEWS https://t.co/0fAtjyP1xj,οηε sos για το περιβαλλον ai news,1
@re_ai_sixtir Οχι οντως γελαει… δεν εχει επαφη με το περιβαλλον,re_ai_sixtir οχι οντωσ γελαει δεν εχει επαφη με το περιβαλλον,1
Δόμνα Μιχαηλίδου: Η 14χρονη είναι σε ασφαλές περιβάλλον https://t.co/50Z8yz7NwB #ΕΠΙΚΑΙΡΟΤΗΤΑ #14ΧΡΟΝΗ #ΒΙΑΣΜΟΣ #ΔΟΜΗΦΙΛΟΞΕΝΙΑΣ By https://t.co/p9zfHynwcm https://t.co/1fYiBafQqg,δομνα μιχαηλιδου η χρονη ειναι σε ασφαλεσ περιβαλλον επικαιροτητα χρονη βιασμοσ δομηφιλοξενιασ by,1
Το Πεκίνο θα προωθήσει την αγορά φιλικών προς το περιβάλλον κατασκευαστικών υλικών στις αγροτικές περιοχές - https://t.co/1lBWKo2nld,το πεκινο θα προωθησει την αγορα φιλικων προσ το περιβαλλον κατασκευαστικων υλικων στισ αγροτικεσ περιοχεσ,1
"Πρέπει να βγείτε από το 5g περιβάλλον και όλων των ακτινοβολιών τεχνολογίας, κινητων, υπολογιστων κ.λ.π όσο πιο γρήγορα γίνεται. Αν όλα αυτά πυροδοτούν το γραφένιο στο σώμα θα ζήσουμε ακραίες τραγικές καταστάσεις. https://t.co/hh0kYhnoOG",πρεπει να βγειτε απο το g περιβαλλον και ολων των ακτινοβολιων τεχνολογιασ κινητων υπολογιστων κλπ οσο πιο γρηγορα γινεται αν ολα αυτα πυροδοτουν το γραφενιο στο σωμα θα ζησουμε ακραιεσ τραγικεσ καταστασεισ,1
Η άβολη αλήθεια για τα ηλεκτρικά αυτοκίνητα: Είναι μη φιλικά στο περιβάλλον - Πετιούνται ολόκληρα ακόμη και για μικρές ζημιές https://t.co/rSi0S1ZewA,η αβολη αληθεια για τα ηλεκτρικα αυτοκινητα ειναι μη φιλικα στο περιβαλλον πετιουνται ολοκληρα ακομη και για μικρεσ ζημιεσ,1
"Αλλαγές στο πολυνομοσχέδιο για το περιβάλλον – Παρεμβάσεις από Μητσοτάκη

https://t.co/uMXUwnrXMV",αλλαγεσ στο πολυνομοσχεδιο για το περιβαλλον παρεμβασεισ απο μητσοτακη,1
Παρίσι 2024: Αλλαγές στην Ολυμπιακή Λαμπαδηδρομία για να γίνει πιο φιλική προς το περιβάλλον - https://t.co/P580Dk59fa,παρισι αλλαγεσ στην ολυμπιακη λαμπαδηδρομια για να γινει πιο φιλικη προσ το περιβαλλον,1
Οι δράσεις που “Φυτεύουν” δυνατά Κοινωνικά Μηνύματα: Η WE4ALL και ΜΕΓΑ Π. Α. Υγιεινής Α.Ε. δίνουν οξυγόνο σε κάθε δήμο https://t.co/FylF7FYqgxΜΕΓΑ Π. Α. Υ.#ΠΕΡΙΒΑΛΛΟΝ,οι δρασεισ που φυτευουν δυνατα κοινωνικα μηνυματα η weall και μεγα π α υγιεινησ αε δινουν οξυγονο σε καθε δημο π α υπεριβαλλον,1
"RT @amna_sportgr: Παρίσι 2024: Αλλαγές στην Ολυμπιακή Λαμπαδηδρομία για να γίνει πιο φιλική προς το περιβάλλον

https://t.co/nMyexrE4ew 

#…", amna_spogr παρισι αλλαγεσ στην ολυμπιακη λαμπαδηδρομια για να γινει πιο φιλικη προσ το περιβαλλον,1
Σε ασφαλές περιβάλλον η 14χρονη που την εξέδιδε κύκλωμα μαστροπείας https://t.co/L1wVsYWdpP,σε ασφαλεσ περιβαλλον η χρονη που την εξεδιδε κυκλωμα μαστροπειασ,1
Λειψοί: Εγκώμια στον γερμανικό Τύπο για τον βιώσιμο τουρισμό στο νησί #Δημοκρατική #Ρόδος #Δωδεκάνησα https://t.co/G8IVmrOudb,λειψοι εγκωμια στον γερμανικο τυπο για τον βιωσιμο τουρισμο στο νησι δημοκρατικη ροδοσ δωδεκανησα,1
"Πληθαίνουν τα δημοσιεύματα σε ΜΜΕ του εξωτερικού που ξεχωρίζουν τους Λειψούς ανάμεσα στους Ελληνικούς προορισμούς που προωθούν το βιώσιμο τουρισμό. 
   Η γερμανική εκδοχή του Euronews, καθώς και η ιστοσελίδα Griechenland Zeitung, αναδεικνύουν τις

https://t.co/vacMkmraVw",πληθαινουν τα δημοσιευματα σε μμε του εξωτερικου που ξεχωριζουν τουσ λειψουσ αναμεσα στουσ ελληνικουσ προορισμουσ που προωθουν το βιωσιμο τουρισμο η γερμανικη εκδοχη του euronews καθωσ και η ιστοσελιδα griechenland zeitung αναδεικνυουν τισ,1
Δόμνα Μιχαηλίδου: Σε ασφαλές περιβάλλον η 14χρονη που έπεσε θύμα μαστροπείας @wwwflynewsgr https://t.co/U5YvZtN8lD,δομνα μιχαηλιδου σε ασφαλεσ περιβαλλον η χρονη που επεσε θυμα μαστροπειασ,1
Κ. Αγοραστός για την Παγκόσμια Ημέρα Νερού 2023: Βιολογική αφύπνιση  για την προστασία και τον εμπλουτισμό των υδατικών πόρων στη Θεσσαλία https://t.co/TapCTwTPhG,κ αγοραστοσ για την παγκοσμια ημερα νερου βιολογικη αφυπνιση για την προστασια και τον εμπλουτισμο των υδατικων πορων στη θεσσαλια,1
"Τα ηλεκτρικά αυτοκίνητα, τουλάχιστον για σήμερα ακόμη, είναι λιγότερο φιλικά προς το περιβάλλον από τα βενζινοκίνητα https://t.co/SpZuTvl0Jc",τα ηλεκτρικα αυτοκινητα τουλαχιστον για σημερα ακομη ειναι λιγοτερο φιλικα προσ το περιβαλλον απο τα βενζινοκινητα,1
Περιβάλλον και «περιβάλλον» | Αυγή https://t.co/rV21nlmYce,περιβαλλον και περιβαλλον αυγη,1
Η ΔΩΔΩΝΗ Α.Ε. κάνει στροφή προς την πράσινη ενέργεια υποστηρίζοντας τη μακρόχρονη βιώσιμη ανάπτυξή της https://t.co/7Wavvg054N,η δωδωνη αε κανει στροφη προσ την πρασινη ενεργεια υποστηριζοντασ τη μακροχρονη βιωσιμη αναπτυξη τησ,1
Επιστήμονες έφτιαξαν ανακυκλώσιμα πλαστικά από ισχυρές κόλλες https://t.co/jsm98pNg46 #ΕΠΙΣΤΗΜΗ #ΠΕΡΙΒΑΛΛΟΝ https://t.co/6cbBCWGM37,επιστημονεσ εφτιαξαν ανακυκλωσιμα πλαστικα απο ισχυρεσ κολλεσ επιστημη περιβαλλον,1
Πώς προσαρμόζουν τη στρατηγική τους οι δανειολήπτες στο περιβάλλον αύξησης των επιτοκίων https://t.co/b9cTOyTVYW,πωσ προσαρμοζουν τη στρατηγικη τουσ οι δανειοληπτεσ στο περιβαλλον αυξησησ των επιτοκιων,1
"Με θέα τον κόλπο του Μιραμπέλλου στο Λασίθι, το «πράσινο» κατάλυμα «Limni» δείχνει το δρόμο για την αληθινά βιώσιμη τουριστική ανάπτυξη. https://t.co/IcY3IqZwBH",με θεα τον κολπο του μιραμπελλου στο λασιθι το πρασινο καταλυμα limni δειχνει το δρομο για την αληθινα βιωσιμη τουριστικη αναπτυξη,1
"RT @GiannisEutux: βρίσκεται στην αγκαλιά της μητέρας του! 
Το Καταφύγιο φιλοξενεί διασωθέντα ορφανά άγρια ζώα, όπως ελέφαντες, ρινόκερους κ…", gianniseutux βρισκεται στην αγκαλια τησ μητερασ του το καταφυγιο φιλοξενει διασωθεντα ορφανα αγρια ζωα οπωσ ελεφαντεσ ρινοκερουσ κ,1
"Ε. Βασιλάκη για Autohellas: «Στόχος οι καλές αμοιβές για τους μετόχους μας, με βιώσιμο μέρισμα» - Ρεπορτάζ και ειδήσεις για την Οικονομία, τις Επιχειρήσεις, το Χρηματιστήριο, την Πολιτική #mononewsGR https://t.co/Ht0rahsn2y",ε βασιλακη για autohellas στοχοσ οι καλεσ αμοιβεσ για τουσ μετοχουσ μασ με βιωσιμο μερισμα ρεπορταζ και ειδησεισ για την οικονομια τισ επιχειρησεισ το χρηματιστηριο την πολιτικη mononewsgr,1
Άλλο «μπουμπούκι» ξεπετάχτηκε προεκλογικά από το πρωθυπουργικό περιβάλλον για να μας θέσει με περισσή αναίδεια το… δίλημμα εκλογών!!! https://t.co/IqdExMUYaY,αλλο μπουμπουκι ξεπεταχτηκε προεκλογικα απο το πρωθυπουργικο περιβαλλον για να μασ θεσει με περισση αναιδεια το διλημμα εκλογων,1
"RT @friendsofmisery: Τα Κογωπια μου και τα σκαμπό μου μέσα..

Άλλοι με auto-cue γ να πουν στα Ελληνικά 2 αραδες σε ασφαλές περιβάλλον κ άλλ…", friendsofmisery τα κογωπια μου και τα σκαμπο μου μεσα αλλοι με autocue γ να πουν στα ελληνικα αραδεσ σε ασφαλεσ περιβαλλον κ αλλ,1
Τι απαντά ο δήμος Θέρμης σχετικά με αποτελέσματα έρευνας ελβετικής εταιρείας για την ατμοσφαιρική ρύπανση https://t.co/5jhg8KiysG #ΔΗΜΟΤΙΚΑ #ΔΤ #ΠΕΡΙΒΑΛΛΟΝ #ΤΟΠΙΚΑ https://t.co/14I9EHKxVH,τι απαντα ο δημοσ θερμησ σχετικα με αποτελεσματα ερευνασ ελβετικησ εταιρειασ για την ατμοσφαιρικη ρυπανση δημοτικα δτ περιβαλλον τοπικα,1
Η υφυπουργός Κοινωνικών Υποθέσεων μίλησε για ένα κορίτσι από «πολυμελή οικογένεια και ένα εξαιρετικά κακοποιητικό περιβάλλον» https://t.co/b2HzRUmhpP,η υφυπουργοσ κοινωνικων υποθεσεων μιλησε για ενα κοριτσι απο πολυμελη οικογενεια και ενα εξαιρετικα κακοποιητικο περιβαλλον,1
"Morgan Stanley: Ποιες ευρωπαϊκές μετοχές να αποφύγετε και ποιες να αγοράσετε στο «προβληματικό» τραπεζικό περιβάλλον - Ρεπορτάζ και ειδήσεις για την Οικονομία, τις Επιχειρήσεις, το Χρηματιστήριο, την Πολιτική #mononewsGR https://t.co/ZGPHQ24bRa",morgan stanley ποιεσ ευρωπαϊκεσ μετοχεσ να αποφυγετε και ποιεσ να αγορασετε στο προβληματικο τραπεζικο περιβαλλον ρεπορταζ και ειδησεισ για την οικονομια τισ επιχειρησεισ το χρηματιστηριο την πολιτικη mononewsgr,1
ΣΜΑ επικίνδυνος για περιβάλλον και εργαζόμενους - https://t.co/K43aG2sxSo https://t.co/T4eY8COCaN,σμα επικινδυνοσ για περιβαλλον και εργαζομενουσ,1
"Ευρωπαϊκό Συμβούλιο: «Άμεσα» συμφωνία για να προχωρήσει η «πράσινη μετάβαση» και η μεταρρύθμιση «της εσωτερικής αγοράς ενέργειας»

https://t.co/pTijDIEpvV

@EU_Commission #energy #ενεργεια https://t.co/xDn8GGGkXI",ευρωπαϊκο συμβουλιο αμεσα συμφωνια για να προχωρησει η πρασινη μεταβαση και η μεταρρυθμιση τησ εσωτερικησ αγορασ ενεργειασ eu_commission energy ενεργεια,1
"Το Ευρωπαϊκό Συμβούλιο καλεί όλους όσοι συμμετέχουν στην κατάρτιση νομοθεσίας για την ενέργεια να καταλήξουν «άμεσα σε συμφωνία» όσον αφορά «όλες» τις προτάσεις προκειμένου «να επιταχυνθεί η πράσινη μετάβαση», καθώς και «να προχωρήσει, χωρίς

https://t.co/JeI6Vptxjo",το ευρωπαϊκο συμβουλιο καλει ολουσ οσοι συμμετεχουν στην καταρτιση νομοθεσιασ για την ενεργεια να καταληξουν αμεσα σε συμφωνια οσον αφορα ολεσ τισ προτασεισ προκειμενου να επιταχυνθει η πρασινη μεταβαση καθωσ και να προχωρησει χωρισ,1
"Έλενα Χουλιάρα (AstraZeneca): Ως το 2030 έρχονται 20 νέα φάρμακα και αρνητικό αποτύπωμα άνθρακα - Ρεπορτάζ και ειδήσεις για την Οικονομία, τις Επιχειρήσεις, το Χρηματιστήριο, την Πολιτική #mononewsGR https://t.co/Qq8caohHsW",ελενα χουλιαρα astrazeneca ωσ το ερχονται νεα φαρμακα και αρνητικο αποτυπωμα ανθρακα ρεπορταζ και ειδησεισ για την οικονομια τισ επιχειρησεισ το χρηματιστηριο την πολιτικη mononewsgr,1
"ΕΕΕ: Η συμφωνία για τον Κανονισμό FuelEU Maritime θετική εξέλιξη για την πράσινη μετάβαση της ναυτιλίας - Ρεπορτάζ και ειδήσεις για την Οικονομία, τις Επιχειρήσεις, το Χρηματιστήριο, την Πολιτική #mononewsGR https://t.co/ACE70zxNdU",εεε η συμφωνια για τον κανονισμο fueleu maritime θετικη εξελιξη για την πρασινη μεταβαση τησ ναυτιλιασ ρεπορταζ και ειδησεισ για την οικονομια τισ επιχειρησεισ το χρηματιστηριο την πολιτικη mononewsgr,1
Ηλιούπολη: Όλα όσα δηλώνουν το οικογενειακό περιβάλλον της πρώην συζύγου του προπονητή - https://t.co/fxQXCdJkWy https://t.co/5S5WrQ2HCO,ηλιουπολη ολα οσα δηλωνουν το οικογενειακο περιβαλλον τησ πρωην συζυγου του προπονητη,1
Όλα όσα δηλώνουν το οικογενειακό περιβάλλον της πρώην συζύγου του προπονητή https://t.co/vztDbF4MEu,ολα οσα δηλωνουν το οικογενειακο περιβαλλον τησ πρωην συζυγου του προπονητη,1
"Σε ανάπτυξη εξακολουθεί να βρίσκεται η αγορά οικιστικών ακινήτων στην χώρα μας με τους εγχώριους αλλά και ξένους επενδυτές να αναζητούν ευκαιρίες σε ένα περιβάλλον αυξανόμενων τιμών που ξεπέρασε το 12% για το 2022, σύμφωνα με στοιχεία της Τράπεζας της

https://t.co/UX8i4BEqV9",σε αναπτυξη εξακολουθει να βρισκεται η αγορα οικιστικων ακινητων στην χωρα μασ με τουσ εγχωριουσ αλλα και ξενουσ επενδυτεσ να αναζητουν ευκαιριεσ σε ενα περιβαλλον αυξανομενων τιμων που ξεπερασε το για το συμφωνα με στοιχεια τησ τραπεζασ τησ,1
Σε νέο ψηφιακό περιβάλλον η φορολογία με τη διασύνδεση ταμειακών μηχανών και POS – Πώς θα λειτουργήσει https://t.co/ufFIp9sMFF,σε νεο ψηφιακο περιβαλλον η φορολογια με τη διασυνδεση ταμειακων μηχανων και pos πωσ θα λειτουργησει,1
"Σε νέο ψηφιακό περιβάλλον η φορολογία με την διασύνδεση ταμειακών μηχανών και POS - Πώς θα λειτουργήσει

https://t.co/l4JGPM3Th9",σε νεο ψηφιακο περιβαλλον η φορολογια με την διασυνδεση ταμειακων μηχανων και pos πωσ θα λειτουργησει,1
Σε νέο ψηφιακό περιβάλλον η φορολογία με την διασύνδεση ταμειακών μηχανών και POS – Πώς θα λειτουργήσει https://t.co/xOLzge9bpf,σε νεο ψηφιακο περιβαλλον η φορολογια με την διασυνδεση ταμειακων μηχανων και pos πωσ θα λειτουργησει,1
Πέδρο Σάντσεθ: «Θα πιέσω για δίκαιη και βιώσιμη ειρήνη στην Ουκρανία» λέει για την επίσκεψη στην Κίνα https://t.co/unUzxDdi9n,πεδρο σαντσεθ θα πιεσω για δικαιη και βιωσιμη ειρηνη στην ουκρανια λεει για την επισκεψη στην κινα,1
"Επρεπε η χώρα μας να καταδικαστεί από το Ευρωπαϊκό Δικαστήριο για να συμμορφωθεί τελικά. Δηλαδή να σωθεί από το περιβάλλον ότι είναι δυνατό. Έτσι με νέο καθεστώς θα προχωρούν στο εξής οι επενδύσεις σε περιοχές Natura.

https://t.co/8Zf2VlJNSW https://t.co/kxltodX5pS",επρεπε η χωρα μασ να καταδικαστει απο το ευρωπαϊκο δικαστηριο για να συμμορφωθει τελικα δηλαδη να σωθει απο το περιβαλλον οτι ειναι δυνατο ετσι με νεο καθεστωσ θα προχωρουν στο εξησ οι επενδυσεισ σε περιοχεσ natura,1
Πέδρο Σάντσεθ: «Θα πιέσω για δίκαιη και βιώσιμη ειρήνη στην Ουκρανία» λέει για την επίσκεψη στην Κίνα https://t.co/TFVsKTeLpl,πεδρο σαντσεθ θα πιεσω για δικαιη και βιωσιμη ειρηνη στην ουκρανια λεει για την επισκεψη στην κινα,1
"Σε νέο ψηφιακό περιβάλλον η φορολογία με την διασύνδεση ταμειακών μηχανών και POS - Ρεπορτάζ και ειδήσεις για την Οικονομία, τις Επιχειρήσεις, το Χρηματιστήριο, την Πολιτική #mononewsGR https://t.co/sF9Yrwh4Af",σε νεο ψηφιακο περιβαλλον η φορολογια με την διασυνδεση ταμειακων μηχανων και pos ρεπορταζ και ειδησεισ για την οικονομια τισ επιχειρησεισ το χρηματιστηριο την πολιτικη mononewsgr,1
RT @LykavitosGr: Σε νέο ψηφιακό περιβάλλον η φορολογία με την διασύνδεση ταμειακών μηχανών και POS - Πώς θα λειτουργήσει  #ταμειακές_μηχανέ…, lykavitosgr σε νεο ψηφιακο περιβαλλον η φορολογια με την διασυνδεση ταμειακων μηχανων και pos πωσ θα λειτουργησει ταμειακεσ_μηχανε,1
RT @LykavitosGr: Σε νέο ψηφιακό περιβάλλον η φορολογία με την διασύνδεση ταμειακών μηχανών και POS - Πώς θα λειτουργήσει  #ταμειακές_μηχανέ…, lykavitosgr σε νεο ψηφιακο περιβαλλον η φορολογια με την διασυνδεση ταμειακων μηχανων και pos πωσ θα λειτουργησει ταμειακεσ_μηχανε,1
RT @TheOpinion_News: Πώς θα λειτουργεί το νέο ψηφιακό περιβάλλον με την σύνδεση ταμειακών μηχανών και POS https://t.co/zjm9NRGNye #Thessalo…, theopinion_news πωσ θα λειτουργει το νεο ψηφιακο περιβαλλον με την συνδεση ταμειακων μηχανων και pos thessalo,1
Nέο ψηφιακό περιβάλλον για τη φορολογία με τη διασύνδεση ταμειακών μηχανών και POS – Πώς θα λειτουργεί https://t.co/pnoOPV6ykW,nεο ψηφιακο περιβαλλον για τη φορολογια με τη διασυνδεση ταμειακων μηχανων και pos πωσ θα λειτουργει,1
Ερώτηση (και) Αλ.Αυλωνίτη για την οικονομική στήριξη και βιώσιμη ανάπτυξη παράκτιας αλιείας μικρής κλίμακας - https://t.co/TDktJYNe5v #Αλ.Αυλωνίτης #εκλογές,ερωτηση και αλαυλωνιτη για την οικονομικη στηριξη και βιωσιμη αναπτυξη παρακτιασ αλιειασ μικρησ κλιμακασ αλαυλωνιτησ εκλογεσ,1
"Ευτύχης Βασιλάκης για Autohellas: Στόχος οι καλές αμοιβές για τους μετόχους μας, με βιώσιμο μέρισμα - mononewsTV - Ρεπορτάζ και ειδήσεις για την Οικονομία, τις Επιχειρήσεις, το Χρηματιστήριο, την Πολιτική #mononewsGR https://t.co/usECwrQqgt",ευτυχησ βασιλακησ για autohellas στοχοσ οι καλεσ αμοιβεσ για τουσ μετοχουσ μασ με βιωσιμο μερισμα mononewstv ρεπορταζ και ειδησεισ για την οικονομια τισ επιχειρησεισ το χρηματιστηριο την πολιτικη mononewsgr,1
"Η Επιτροπή «Πρέβεζα, Ιστορία-Πολιτισμός-Περιβάλλον» και η Τοπική Κοινότητα Νέας Κερασούντας διοργάνωσαν στο Κάστρο των Ρωγών εκδήλωση με σκοπό την ανάδειξη της προσωπικότητάς του Επισκόπου Ρωγών και Κοζύλης Ιωσήφ via @OrthodoxtimesGr https://t.co/o39rw3ckWQ",η επιτροπη πρεβεζα ιστοριαπολιτισμοσπεριβαλλον και η τοπικη κοινοτητα νεασ κερασουντασ διοργανωσαν στο καστρο των ρωγων εκδηλωση με σκοπο την αναδειξη τησ προσωπικοτητασ του επισκοπου ρωγων και κοζυλησ ιωσηφ via ohodoxtimesgr,1
"⭕ Παρά το γεγονός πως χαρακτηρίζεται -από τα φίλια ΜΜΕ- ως λαοπρόβλητος, φαίνεται ότι προτιμά να εμφανίζεται δημόσια σε ένα άκρως προστατευμένο περιβάλλον. https://t.co/5utM7DcV74",παρα το γεγονοσ πωσ χαρακτηριζεται απο τα φιλια μμε ωσ λαοπροβλητοσ φαινεται οτι προτιμα να εμφανιζεται δημοσια σε ενα ακρωσ προστατευμενο περιβαλλον,1
Έρευνα ΕΥ: Διάσταση απόψεων μεταξύ επιχειρήσεων και επενδυτών ως προς τις πρωτοβουλίες για βιώσιμη ανάπτυξη https://t.co/P80dwAmHQ1,ερευνα ευ διασταση αποψεων μεταξυ επιχειρησεων και επενδυτων ωσ προσ τισ πρωτοβουλιεσ για βιωσιμη αναπτυξη,1
ΕΥ: Διχογνωμία επιχειρήσεων και επενδυτών για τη βιώσιμη ανάπτυξη https://t.co/EDPiZAAjEh #businessnewsgr,ευ διχογνωμια επιχειρησεων και επενδυτων για τη βιωσιμη αναπτυξη businessnewsgr,1
Έρευνα ΕΥ: Διάσταση απόψεων μεταξύ επιχειρήσεων και επενδυτών ως προς τις πρωτοβουλίες για τη βιώσιμη ανάπτυξη https://t.co/B6cEoFRIdW,ερευνα ευ διασταση αποψεων μεταξυ επιχειρησεων και επενδυτων ωσ προσ τισ πρωτοβουλιεσ για τη βιωσιμη αναπτυξη,1
"My Style Rocks: «Το περιβάλλον είναι πολύ τοξικό για εμένα» δήλωσε η Νικόλ Δεσποτοπούλου

#mystylerocksgr #mystylerocks #Νικολ #SkaitvGR #skai #σκαι #Mynewsgr 

https://t.co/nqlnKaIP6n",my style rocks το περιβαλλον ειναι πολυ τοξικο για εμενα δηλωσε η νικολ δεσποτοπουλου mystylerocksgr mystylerocks νικολ skaitvgr skai σκαι mynewsgr,1
Η Βιώσιμη Αστική Κινητικότητα Στο Επίκεντρο Της 2ης Εκδήλωσης Του Αυτοδιοικητικού Φόρουμ Ηλιούπολης https://t.co/Yh3jJ1yNva,η βιωσιμη αστικη κινητικοτητα στο επικεντρο τησ ησ εκδηλωσησ του αυτοδιοικητικου φορουμ ηλιουπολησ,1
Στρατηγικές βιώσιμων και υπεύθυνων επενδύσεων υιοθέτησε η ΚΤΚ για συμβολή σε πράσινη ευρωπαϊκή οικονομία https://t.co/xSpTN9ENMO,στρατηγικεσ βιωσιμων και υπευθυνων επενδυσεων υιοθετησε η κτκ για συμβολη σε πρασινη ευρωπαϊκη οικονομια,1
Αυτή η χημική ουσία στο περιβάλλον που συνδέεται με την εκδήλωση του πάρκινσον https://t.co/hnhip5zpRe #Μαρινακη #Λαγονησι #Τεμπη #Documento #IQ160gr #ΚυριακοςΜητσοτακης #Παπαθανασης #Γκοτση #Σιλας,αυτη η χημικη ουσια στο περιβαλλον που συνδεεται με την εκδηλωση του παρκινσον μαρινακη λαγονησι τεμπη documento iqgr κυριακοσμητσοτακησ παπαθανασησ γκοτση σιλασ,1
Άσπα Γοσποδίνη: «Η ενίσχυση των τριτέκνων μοχλός για τη βιώσιμη ανάπτυξη του πληθυσμού και ασφαλιστικού συστήματος στη χώρα» https://t.co/uzQODWfiXz,ασπα γοσποδινη η ενισχυση των τριτεκνων μοχλοσ για τη βιωσιμη αναπτυξη του πληθυσμου και ασφαλιστικου συστηματοσ στη χωρα,1
"Brown Hotels επί Art Athina: Ιδού μία κυκλική έκθεση ταξίδι - Ρεπορτάζ και ειδήσεις για την Οικονομία, τις Επιχειρήσεις, το Χρηματιστήριο, την Πολιτική #mononewsGR https://t.co/Nb2cSzEXLY",brown hotels επι a athina ιδου μια κυκλικη εκθεση ταξιδι ρεπορταζ και ειδησεισ για την οικονομια τισ επιχειρησεισ το χρηματιστηριο την πολιτικη mononewsgr,1
Αρχιεπίσκοπος Ελπιδοφόρος: «Δεν είναι δυνατόν να ζούμε ως κοινωνία σε περιβάλλον ένοπλης βίας» - https://t.co/Ih9pzWoGbm,αρχιεπισκοποσ ελπιδοφοροσ δεν ειναι δυνατον να ζουμε ωσ κοινωνια σε περιβαλλον ενοπλησ βιασ,1
"Αρχιεπίσκοπος #Ελπιδοφόρος: «Δεν είναι δυνατόν να ζούμε ως κοινωνία σε περιβάλλον ένοπλης #βίας» 

https://t.co/7JrspQ18vH https://t.co/b3bWviGKZa",αρχιεπισκοποσ ελπιδοφοροσ δεν ειναι δυνατον να ζουμε ωσ κοινωνια σε περιβαλλον ενοπλησ βιασ,1
Δίκτη: Στα Απάτητα Βουνά εντάσσεται το όρος όπου γεννήθηκε ο Δίας https://t.co/TlItSUC9jy #ΕΠΙΚΑΙΡΟΤΗΤΑ #ΑΠΑΤΗΤΑΒΟΥΝΑ #ΔΙΚΤΗ #ΠΕΡΙΒΑΛΛΟΝ By https://t.co/p9zfHynwcm https://t.co/fLDgiA4d6i,δικτη στα απατητα βουνα εντασσεται το οροσ οπου γεννηθηκε ο διασ επικαιροτητα απατηταβουνα δικτη περιβαλλον by,1
Νέα έρευνα της ΕΥ: Χάσμα μεταξύ επιχειρήσεων &amp; επενδυτών ως προς τις πρωτοβουλίες για βιώσιμη ανάπτυξη https://t.co/TgRmSugnlF #oikonomia,νεα ερευνα τησ ευ χασμα μεταξυ επιχειρησεων amp επενδυτων ωσ προσ τισ πρωτοβουλιεσ για βιωσιμη αναπτυξη oikonomia,1
"Πόλος έλξης µαθητών και από το εξωτερικό, το ΚΠΕ https://t.co/uqp2ze4CRA 
#Περιβαλλον #ΚΠΕ #ΚΠΕ_Μεσολογγιου #environnement #environmental_education",πολοσ ελξησ µαθητων και απο το εξωτερικο το κπε περιβαλλον κπε κπε_μεσολογγιου environnement environmental_education,1
"Η @EU_Commission προτείνει μεγαλύτερη διαφάνεια και λιγότερη γραφειοκρατία για τις εταιρείες, με στόχο να βελτιωθεί το επιχειρηματικό περιβάλλον στην ΕΕ 

https://t.co/6iBiAiX3Lk

#EUCompanyLaw https://t.co/KeaIBtoOpM",η eu_commission προτεινει μεγαλυτερη διαφανεια και λιγοτερη γραφειοκρατια για τισ εταιρειεσ με στοχο να βελτιωθει το επιχειρηματικο περιβαλλον στην εε eucompanylaw,1
Ζαχαράκη: Βιώσιμη ανάπτυξη στη Στερεά Ελλάδα μέσα από τις ειδικές μορφές τουρισμού https://t.co/qFQCFpS7ND https://t.co/EhdHuR9FLm,ζαχαρακη βιωσιμη αναπτυξη στη στερεα ελλαδα μεσα απο τισ ειδικεσ μορφεσ τουρισμου,1
RT @CyprusInsider: Το μερίδιο ενέργειας από Ανανεώσιμες Πηγές Ενέργειας (ΑΠΕ) στην συνολική ακαθάριστη τελική κατανάλωση ενέργειας της Κυπρ…, cyprusinsider το μεριδιο ενεργειασ απο ανανεωσιμεσ πηγεσ ενεργειασ απε στην συνολικη ακαθαριστη τελικη καταναλωση ενεργειασ τησ κυπρ,1
"Ελληνικό: Έμφαση στην κυκλική οικονομία και σε έργα υποδομής για βιώσιμη ανάπτυξη δίνει η Lamda Development

https://t.co/V7LvJSmaUI",ελληνικο εμφαση στην κυκλικη οικονομια και σε εργα υποδομησ για βιωσιμη αναπτυξη δινει η lamda development,1
EY και Microsoft βοηθούν τις επιχειρήσεις στην επίτευξη των κλιματικών στόχων για μηδενικό καθαρό αποτύπωμα άνθρακα https://t.co/BXusFVVYKd,ey και microsoft βοηθουν τισ επιχειρησεισ στην επιτευξη των κλιματικων στοχων για μηδενικο καθαρο αποτυπωμα ανθρακα,1
"Aπό το βράδυ της 8ης Μαρτίου που ξεκίνησε το πρόβλημα, ακόμα συνεχίζεται, ενώ υπολογίζουν ότι την επόμενη εβδομάδα θα είναι σε θέση να λειτουργήσουν πλήρως, σε ένα νέο περιβάλλον. #Κύπρος #Cyprus 

https://t.co/kPgbe2IMRn",aπο το βραδυ τησ ησ μαρτιου που ξεκινησε το προβλημα ακομα συνεχιζεται ενω υπολογιζουν οτι την επομενη εβδομαδα θα ειναι σε θεση να λειτουργησουν πληρωσ σε ενα νεο περιβαλλον κυπροσ cyprus,1
Ελληνικό: Έμφαση σε κυκλική οικονομία και έργα υποδομής για βιώσιμη ανάπτυξη από την Lamda Development https://t.co/HrCvXcUFos,ελληνικο εμφαση σε κυκλικη οικονομια και εργα υποδομησ για βιωσιμη αναπτυξη απο την lamda development,1
Ελληνικό: Έμφαση στην κυκλική οικονομία και σε έργα υποδομής για βιώσιμη ανάπτυξη https://t.co/KbjtgpBYxn,ελληνικο εμφαση στην κυκλικη οικονομια και σε εργα υποδομησ για βιωσιμη αναπτυξη,1
"#Ελληνικό: Έμφαση στην κυκλική οικονομία και σε έργα υποδομής για βιώσιμη ανάπτυξη από την Lamda Development

https://t.co/xYQqqdZlI8",ελληνικο εμφαση στην κυκλικη οικονομια και σε εργα υποδομησ για βιωσιμη αναπτυξη απο την lamda development,1
Μπάμπαλος: «Επενδύουμε στο πράσινο… στο βιώσιμο μέλλον για τα παιδιά μας» https://t.co/YqorqOVj3P,μπαμπαλοσ επενδυουμε στο πρασινο στο βιωσιμο μελλον για τα παιδια μασ,1
Αμερικής Ελπιδοφόρος: «Δεν είναι δυνατόν να ζούμε ως κοινωνία σε περιβάλλον ένοπλης βίας» https://t.co/GNfunqB77C https://t.co/Ird6oJmE6Z,αμερικησ ελπιδοφοροσ δεν ειναι δυνατον να ζουμε ωσ κοινωνια σε περιβαλλον ενοπλησ βιασ,1
Κίνδυνος μπλακ άουτ το Πάσχα λόγω ΑΠΕ https://t.co/1lSsRzUMwd,κινδυνοσ μπλακ αουτ το πασχα λογω απε,1
"Mελίνα Τραυλού: Χωρίς τη ναυτιλία δεν μπορεί να υπάρξει πράσινη μετάβαση, ούτε στρατηγική αυτονομία της ΕΕ - Ρεπορτάζ και ειδήσεις για την Οικονομία, τις Επιχειρήσεις, το Χρηματιστήριο, την Πολιτική #mononewsGR https://t.co/uhAxcpru2F",mελινα τραυλου χωρισ τη ναυτιλια δεν μπορει να υπαρξει πρασινη μεταβαση ουτε στρατηγικη αυτονομια τησ εε ρεπορταζ και ειδησεισ για την οικονομια τισ επιχειρησεισ το χρηματιστηριο την πολιτικη mononewsgr,1
Φον ντερ Λάιεν: Μη βιώσιμη η αποσύνδεση της ΕΕ από την Κίνα https://t.co/BdrM1Z4NcB,φον ντερ λαιεν μη βιωσιμη η αποσυνδεση τησ εε απο την κινα,1
"Η #Ευρωπαίκή_Ένωση κατέληξε σε συμφωνία για την επίτευξη πιο φιλόδοξων στόχων για τις ανανεώσιμες πηγές ενέργειας μέχρι το 2030

https://t.co/cW8tnpCi1m

#Europe #energy https://t.co/cLBWlTSivN",η ευρωπαικη_ενωση κατεληξε σε συμφωνια για την επιτευξη πιο φιλοδοξων στοχων για τισ ανανεωσιμεσ πηγεσ ενεργειασ μεχρι το europe energy,1
Γ. Γιαρέντης (ΔΑΠΕΕΠ): Οι ανανεώσιμες πηγές ενέργειας βασικός μοχλός συγκράτησης των τιμών - https://t.co/eTVlyGlWu6,γ γιαρεντησ δαπεεπ οι ανανεωσιμεσ πηγεσ ενεργειασ βασικοσ μοχλοσ συγκρατησησ των τιμων,1
Συμφωνία ΕΕ για διπλασιασμό κατανάλωσης ενέργειας από ανανεώσιμες πηγές μέχρι το 2030 https://t.co/cX4Hewi6Z4,συμφωνια εε για διπλασιασμο καταναλωσησ ενεργειασ απο ανανεωσιμεσ πηγεσ μεχρι το,1
"Γ. Γιαρέντης (ΔΑΠΕΕΠ): Οι ανανεώσιμες πηγές ενέργειας βασικός μοχλός συγκράτησης των τιμών

https://t.co/kAfsz7koYN https://t.co/kSL0EJMSEf",γ γιαρεντησ δαπεεπ οι ανανεωσιμεσ πηγεσ ενεργειασ βασικοσ μοχλοσ συγκρατησησ των τιμων,1
4 έγκριτοι επιστήμονες αμφισβητούν τα δεδομένα των μετρήσεων για την ποιότητα του αέρα στην περιοχή της Θέρμης https://t.co/VKuQ7VPCw4 #ΔΤ #ΘΕΡΜΗ #ΜΕΛΕΤΕΣ #ΠΕΡΙΒΑΛΛΟΝ https://t.co/lvyeczmVyH,εγκριτοι επιστημονεσ αμφισβητουν τα δεδομενα των μετρησεων για την ποιοτητα του αερα στην περιοχη τησ θερμησ δτ θερμη μελετεσ περιβαλλον,1
ΕΕ: Συμφωνία για την επίτευξη πιο φιλόδοξων στόχων για τις ανανεώσιμες πηγές ενέργειας μέχρι το 2030 https://t.co/zSdwhZjf66,εε συμφωνια για την επιτευξη πιο φιλοδοξων στοχων για τισ ανανεωσιμεσ πηγεσ ενεργειασ μεχρι το,1
"Στην αυγή της νέας εποχής που ανατέλλει για ολόκληρη την ανθρωπότητα, με τη στροφή στην κυκλική οικονομία και τη βιώσιμη ανάπτυξη, η Klinex προχωρά στην ανάληψη συγκεκριμένων πρωτοβουλιών.
https://t.co/r9pbisgMMM",στην αυγη τησ νεασ εποχησ που ανατελλει για ολοκληρη την ανθρωποτητα με τη στροφη στην κυκλικη οικονομια και τη βιωσιμη αναπτυξη η klinex προχωρα στην αναληψη συγκεκριμενων πρωτοβουλιων,1
"Σημείωσε πως οι εκλογές γίνονται σε ένα περιβάλλον που στην Ευρώπη εξακολουθεί να υπάρχει πόλεμος, που η ενεργειακή ακρίβεια δεν έχει υποχωρήσει, η κρίση πληθωρισμού υπάρχει
https://t.co/DmNFFC7bvU",σημειωσε πωσ οι εκλογεσ γινονται σε ενα περιβαλλον που στην ευρωπη εξακολουθει να υπαρχει πολεμοσ που η ενεργειακη ακριβεια δεν εχει υποχωρησει η κριση πληθωρισμου υπαρχει,1
"Διάφοροι παράγοντες φαίνεται ότι επηρεάζουν το προσδόκιμο ζωής. Έρευνες έχουν δείξει ότι τα γονίδια προβλέπουν κατά 25% περίπου τη διάρκεια ζωής ενός ατόμου, με τη διατροφή, το περιβάλλον, την άσκηση και άλλους παράγοντες της καθημερινότητάς μας να

https://t.co/x6lkAkAsT7",διαφοροι παραγοντεσ φαινεται οτι επηρεαζουν το προσδοκιμο ζωησ ερευνεσ εχουν δειξει οτι τα γονιδια προβλεπουν κατα περιπου τη διαρκεια ζωησ ενοσ ατομου με τη διατροφη το περιβαλλον την ασκηση και αλλουσ παραγοντεσ τησ καθημερινοτητασ μασ να,1
Ε.Ε.: Συμφωνία για πιο φιλόδοξους στόχους στις ανανεώσιμες πηγές ενέργειας έως το 2030 https://t.co/fMH28s8m0l #maritime #shipping #supplychain #maritimenetwork,εε συμφωνια για πιο φιλοδοξουσ στοχουσ στισ ανανεωσιμεσ πηγεσ ενεργειασ εωσ το maritime shipping supplychain maritimenetwork,1
"Πώς τρέφονται οι αιωνόβιοι;
Διάφοροι παράγοντες φαίνεται ότι επηρεάζουν το προσδόκιμο ζωής. Έρευνες έχουν δείξει ότι τα γονίδια προβλέπουν κατά 25% περίπου τη διάρκεια ζωής ενός ατόμου, με τη διατροφή, το περιβάλλον, την άσκηση και άλλους παράγοντες της κα
https://t.co/x4NiSLoyoh",πωσ τρεφονται οι αιωνοβιοι διαφοροι παραγοντεσ φαινεται οτι επηρεαζουν το προσδοκιμο ζωησ ερευνεσ εχουν δειξει οτι τα γονιδια προβλεπουν κατα περιπου τη διαρκεια ζωησ ενοσ ατομου με τη διατροφη το περιβαλλον την ασκηση και αλλουσ παραγοντεσ τησ κα,1
«Πολίτες Μαγνησίας για την υγεία και το περιβάλλον»: Να παύσει ο Δήμος Μπέου να κάνει τον Πόντιο Πιλάτο https://t.co/MYg3FagJjV,πολιτεσ μαγνησιασ για την υγεια και το περιβαλλον να παυσει ο δημοσ μπεου να κανει τον ποντιο πιλατο,1
Οι Ανανεώσιμες Πηγές Ενέργειας βασικός μοχλός συγκράτησης των τιμών https://t.co/RdGn5tWODz,οι ανανεωσιμεσ πηγεσ ενεργειασ βασικοσ μοχλοσ συγκρατησησ των τιμων,1
4 έγκριτοι επιστήμονες αμφισβητούν τα δεδομένα των μετρήσεων για την ποιότητα του αέρα στην περιοχή της Θέρμης https://t.co/VKuQ7VPCw4 #ΔΤ #ΘΕΡΜΗ #ΜΕΛΕΤΕΣ #ΠΕΡΙΒΑΛΛΟΝ https://t.co/n7RIv2LUh6,εγκριτοι επιστημονεσ αμφισβητουν τα δεδομενα των μετρησεων για την ποιοτητα του αερα στην περιοχη τησ θερμησ δτ θερμη μελετεσ περιβαλλον,1
Ελατόδασος από ανακυκλωμένα Χριστουγεννιάτικα δέντρα στην περιοχή του Αγίου Παντελεήμονα Τριαδίου https://t.co/3jr4QSkxCf #ΑΝΑΚΥΚΛΩΣΗ #ΔΗΜΟΤΙΚΑ #ΠΕΡΙΒΑΛΛΟΝ #ΤΡΙΑΔΙ https://t.co/dhFGClqxHm,ελατοδασοσ απο ανακυκλωμενα χριστουγεννιατικα δεντρα στην περιοχη του αγιου παντελεημονα τριαδιου ανακυκλωση δημοτικα περιβαλλον τριαδι,1
Θεσσαλονίκη: Επιχείρηση μόλυνε με απόβλητα το περιβάλλον στον δήμο Δέλτα https://t.co/lqsVu5oWgq,θεσσαλονικη επιχειρηση μολυνε με αποβλητα το περιβαλλον στον δημο δελτα,1
"Έρευνες έχουν δείξει ότι τα γονίδια προβλέπουν κατά 25% περίπου τη διάρκεια ζωής ενός ατόμου, με τη διατροφή, το περιβάλλον, την άσκηση και άλλους παράγοντες της καθημερινότητάς μας να προβλέπουν το υπόλοιπο https://t.co/6zouxikH92",ερευνεσ εχουν δειξει οτι τα γονιδια προβλεπουν κατα περιπου τη διαρκεια ζωησ ενοσ ατομου με τη διατροφη το περιβαλλον την ασκηση και αλλουσ παραγοντεσ τησ καθημερινοτητασ μασ να προβλεπουν το υπολοιπο,1
"Watch the video till the end. Crime is unprecedented. Get out of the 5G environment now the vaccinated are especially at risk.
Δείτε το βίντεο ως το τέλος. Το έγκλημα είναι πρωτόγνωρο. Βγείτε από το περιβάλλον 5G τώρα οι εμβολιασμένοι ειδικά κινδυνεύουν.
https://t.co/cL2f7aQZF5",watch the video till the end crime is unprecedented get out of the g environment now the vaccinated are especially at risk δειτε το βιντεο ωσ το τελοσ το εγκλημα ειναι πρωτογνωρο βγειτε απο το περιβαλλον g τωρα οι εμβολιασμενοι ειδικα κινδυνευουν,1
Σε ασφαλές περιβάλλον η 14χρονη που την εξέδιδε κύκλωμα μαστροπείας https://t.co/t9iU9vknyM,σε ασφαλεσ περιβαλλον η χρονη που την εξεδιδε κυκλωμα μαστροπειασ,1
RT @thistimefromme: Watch the video till the end. Crime is unprecedented. Get out of the 5G environment now the vaccinated are especially a…, thistimefromme watch the video till the end crime is unprecedented get out of the g environment now the vaccinated are especially a,1
"Το φωνάζαμε από χρόνια αλλά μας έλεγαν τρελούς η μόνη λύση τώρα είναι να μείνετε μακριά από το περιβάλλον ακτινοβολίας 5G ο λόγος που θα σωθούν πολλοί στα βουνά είναι αυτός και μόνο αυτός. Οι ""έξυπνοι"" παλιότερα απλά κορόιδευαν. Τώρα; Τι; https://t.co/zFnY5EkZFd",το φωναζαμε απο χρονια αλλα μασ ελεγαν τρελουσ η μονη λυση τωρα ειναι να μεινετε μακρια απο το περιβαλλον ακτινοβολιασ g ο λογοσ που θα σωθουν πολλοι στα βουνα ειναι αυτοσ και μονο αυτοσ οι εξυπνοι παλιοτερα απλα κοροιδευαν τωρα τι,1
"ΕΕ: Προσωρινή συμφωνία για τη μείωση εκπομπών στα πλοία - Τραυλού: Χωρίς τη ναυτιλία δεν μπορεί να υπάρξει πράσινη μετάβαση - Ρεπορτάζ και ειδήσεις για την Οικονομία, τις Επιχειρήσεις, το Χρηματιστήριο, την Πολιτική #mononewsGR https://t.co/w5sOrQldOy",εε προσωρινη συμφωνια για τη μειωση εκπομπων στα πλοια τραυλου χωρισ τη ναυτιλια δεν μπορει να υπαρξει πρασινη μεταβαση ρεπορταζ και ειδησεισ για την οικονομια τισ επιχειρησεισ το χρηματιστηριο την πολιτικη mononewsgr,1
"Έρευνα EY-Economist Impact: Οι προσδοκίες των καταναλωτών και η κερδοφορία των επιχειρήσεων, οι κινητήριες δυνάμεις για τη βιώσιμη ανάπτυξη https://t.co/e12H8sFlys",ερευνα eyeconomist impact οι προσδοκιεσ των καταναλωτων και η κερδοφορια των επιχειρησεων οι κινητηριεσ δυναμεισ για τη βιωσιμη αναπτυξη,1
"EY - Economist Impact: Κερδοφορία των επιχειρήσεων και καταναλωτικές προσδοκίες, οι κινητήριες δυνάμεις για βιώσιμη ανάπτυξη https://t.co/w4sImy6LOA #businessnewsgr",ey economist impact κερδοφορια των επιχειρησεων και καταναλωτικεσ προσδοκιεσ οι κινητηριεσ δυναμεισ για βιωσιμη αναπτυξη businessnewsgr,1
Δήμος Κηφισιάς: Ημερίδα για τη βιώσιμη ανάπτυξη των πόλεων https://t.co/w5FqI9J3wp,δημοσ κηφισιασ ημεριδα για τη βιωσιμη αναπτυξη των πολεων,1
"Μελίνα Τραυλού: Χωρίς τη ναυτιλία δεν μπορεί να υπάρξει πράσινη μετάβαση, ούτε στρατηγική αυτονομία της ΕΕ - mononewsTV - Ρεπορτάζ και ειδήσεις για την Οικονομία, τις Επιχειρήσεις, το Χρηματιστήριο, την Πολιτική #mononewsGR https://t.co/bL4Ff6Diup",μελινα τραυλου χωρισ τη ναυτιλια δεν μπορει να υπαρξει πρασινη μεταβαση ουτε στρατηγικη αυτονομια τησ εε mononewstv ρεπορταζ και ειδησεισ για την οικονομια τισ επιχειρησεισ το χρηματιστηριο την πολιτικη mononewsgr,1
Το «αναπτυξιακό κράτος» και η βιώσιμη ανάπτυξη της ελληνικής οικονομίας https://t.co/QkG2WDb1IQ,το αναπτυξιακο κρατοσ και η βιωσιμη αναπτυξη τησ ελληνικησ οικονομιασ,1
"Πέτρος Μαρτσούκος στη «Δίκη»: «Να μειωθούν σε 16 ή 18 οι ομάδες, για να γίνει βιώσιμη η SL2» https://t.co/zKo0VT4BEC #superleague2 #idikistooren #petrosmartsoykos",πετροσ μαρτσουκοσ στη δικη να μειωθουν σε η οι ομαδεσ για να γινει βιωσιμη η sl superleague idikistooren petrosmasoykos,1
"Όλοι θέλουμε ηρεμία και ένα ήρεμο περιβάλλον στο σπίτι και να νιώθουμε ότι μπορούμε να χαλαρώσουμε στο τέλος της ημέρας.

#decor #hernewsgr 

https://t.co/lRywrQxpUV",ολοι θελουμε ηρεμια και ενα ηρεμο περιβαλλον στο σπιτι και να νιωθουμε οτι μπορουμε να χαλαρωσουμε στο τελοσ τησ ημερασ decor hernewsgr,1
"Με την εξέταση νέων μαρτύρων υπεράσπισης από το περιβάλλον των οικογενειών των κατηγορουμένων συνεχίστηκε η δίκη για το δολοφονία του Άλκη Καμπανού.

✏️Γράφει ο Αλέξανδρος Λιτσαρδάκης https://t.co/IXSUzfAIrT",με την εξεταση νεων μαρτυρων υπερασπισησ απο το περιβαλλον των οικογενειων των κατηγορουμενων συνεχιστηκε η δικη για το δολοφονια του αλκη καμπανου γραφει ο αλεξανδροσ λιτσαρδακησ,1
Πετρέλαιο: Τι σημαίνει η κίνηση-σοκ του OPEC+ για τη μετάβαση στην πράσινη ενέργεια https://t.co/EzEcZtfScr #businessnewsgr,πετρελαιο τι σημαινει η κινησησοκ του opec για τη μεταβαση στην πρασινη ενεργεια businessnewsgr,1
Η κρίση του νερού και οι επιπτώσεις της για τους ανθρώπους και το περιβάλλον https://t.co/GcFj2dOz62,η κριση του νερου και οι επιπτωσεισ τησ για τουσ ανθρωπουσ και το περιβαλλον,1
Survivor: Ξέσπασαν σε κλάματα η Στέλλα Ανδρέαδου και η Ρία Κολοβού – «Τοξικό περιβάλλον» https://t.co/cpYmRw3tzF #survivoGR #kaneotikoimasai #GiTisElias #Sasmos,survivor ξεσπασαν σε κλαματα η στελλα ανδρεαδου και η ρια κολοβου τοξικο περιβαλλον survivogr kaneotikoimasai gitiselias sasmos,1
"RT @to_kazanaki: Ε Π Ι Τ Ε Λ Ο Υ C
Η Ρ Θ Ε Ε Ε Ε Ε Ε 
🎉 @esogiinos 🎉

Κάντε φόλο να πιάσουν τόπο η γκρίνια και τα παρακάλια μου. Τόσο κόπο…", to_kazanaki ε π ι τ ε λ ο υ c η ρ θ ε ε ε ε ε ε esogiinos καντε φολο να πιασουν τοπο η γκρινια και τα παρακαλια μου τοσο κοπο,1
Σε περιβάλλον ισχυρού ανταγωνισμού και διαδοχικών επενδύσεων εξελίσσεται αυτό των smart lockers https://t.co/2DKvndMfbb,σε περιβαλλον ισχυρου ανταγωνισμου και διαδοχικων επενδυσεων εξελισσεται αυτο των sma lockers,1
"Νέα έρευνα: Η διαβίωση σε κρύο περιβάλλον μειώνει την ευπάθεια στην ανάπτυξη νοσημάτων και αυξάνει τη μακροζωία https://t.co/6G4saqEpW4 #Κασιδιαρη #Λιγναδη #Κεραμεως #Ερχεται
#mavrorodo #MasterChefGR #shoppingstar #Μιθριδατη #Αγορου #Γρηγορης #Στεφανος #αργυρω #Πετρος #Μιτσελ",νεα ερευνα η διαβιωση σε κρυο περιβαλλον μειωνει την ευπαθεια στην αναπτυξη νοσηματων και αυξανει τη μακροζωια κασιδιαρη λιγναδη κεραμεωσ ερχεται mavrorodo masterchefgr shoppingstar μιθριδατη αγορου γρηγορησ στεφανοσ αργυρω πετροσ μιτσελ,1
Καββαθάς (ΓΣΕΒΕΕ): Στόχος ο οικονομικός μετασχηματισμός και η βιώσιμη ανάπτυξη την επόμενη μέρα της απολιγνιτοποίησης https://t.co/qHzji1Mcw1 #businessnewsgr,καββαθασ γσεβεε στοχοσ ο οικονομικοσ μετασχηματισμοσ και η βιωσιμη αναπτυξη την επομενη μερα τησ απολιγνιτοποιησησ businessnewsgr,1
"Παρουσίαση της Έρευνας του ΙΜΕ ΓΣΕΒΕΕ “Μια δεύτερη ζωή για την Μεγαλόπολη, προτάσεις για τον οικονομικό μετασχηματισμό και την βιώσιμη ανάπτυξη την επόμενη μέρα της απολιγνιτοποίησης"" https://t.co/j1AgDqzg3V https://t.co/q0XIsuv2I8",παρουσιαση τησ ερευνασ του ιμε γσεβεε μια δευτερη ζωη για την μεγαλοπολη προτασεισ για τον οικονομικο μετασχηματισμο και την βιωσιμη αναπτυξη την επομενη μερα τησ απολιγνιτοποιησησ,1
Deloitte Ελλάδος: Μία από τις εταιρείες με το καλύτερο εργασιακό περιβάλλον για γυναίκες στην Ελλάδα https://t.co/Rhmg8Aw9FB,deloitte ελλαδοσ μια απο τισ εταιρειεσ με το καλυτερο εργασιακο περιβαλλον για γυναικεσ στην ελλαδα,1
Αρσάκειο: «Αισθάνεται δικαιωμένος &amp; δυνατός» – Τι λέει το περιβάλλον του 15χρονου στο MEGA - https://t.co/kQD83Kj57F https://t.co/sXpqqur1eU,αρσακειο αισθανεται δικαιωμενοσ amp δυνατοσ τι λεει το περιβαλλον του χρονου στο mega,1
Αρσάκειο: «Αισθάνεται δικαιωμένος &amp; δυνατός» – Τι λέει το περιβάλλον του 15χρονου στο MEGA - https://t.co/tR1DW9tHiZ https://t.co/2m80xgkbrg,αρσακειο αισθανεται δικαιωμενοσ amp δυνατοσ τι λεει το περιβαλλον του χρονου στο mega,1
"Οικονομία, πράσινη μετάβαση, ψηφιακή μεταρρύθμιση συζήτησε η ΠτΒ με Φ. Λέιν https://t.co/lYAtKu3Pib",οικονομια πρασινη μεταβαση ψηφιακη μεταρρυθμιση συζητησε η πτβ με φ λειν,1
"Τις προτεραιότητες της Κυβέρνησης @Christodulides για το περιβάλλον παρουσίασε σήμερα στα μέλη της Κοινοβουλευτικής Επιτροπής Περιβάλλοντος ο Υπουργός Γεωργίας, Αγροτικής Ανάπτυξης και Περιβάλλοντος Πέτρος Ξενοφώντος.

Περισσότερα 👉 https://t.co/MBS1MYOn47 https://t.co/2XQZKFC4vx",τισ προτεραιοτητεσ τησ κυβερνησησ christodulides για το περιβαλλον παρουσιασε σημερα στα μελη τησ κοινοβουλευτικησ επιτροπησ περιβαλλοντοσ ο υπουργοσ γεωργιασ αγροτικησ αναπτυξησ και περιβαλλοντοσ πετροσ ξενοφωντοσ περισσοτερα,1
Οι θέσεις μας για το Περιβάλλον – Μαγνησία https://t.co/XxHW2gMjty,οι θεσεισ μασ για το περιβαλλον μαγνησια,1
"Στα €12 δις η ζήτηση για το Βιώσιμο ομόλογο της Δημοκρατίας με επιτόκιο 4,125% https://t.co/d28vwPxmqi",στα δισ η ζητηση για το βιωσιμο ομολογο τησ δημοκρατιασ με επιτοκιο,1
Christina Aguilera: Τα τραύματα μίας παιδικής ηλικίας σε ένα κακοποιητικό περιβάλλον https://t.co/1nRGVHtrle,christina aguilera τα τραυματα μιασ παιδικησ ηλικιασ σε ενα κακοποιητικο περιβαλλον,1
RT @Faklana38: Ο Μπογδανος σήμερα στο φυσικό του περιβάλλον. #survivorGR https://t.co/fxiuEz5DXs, faklana ο μπογδανοσ σημερα στο φυσικο του περιβαλλον survivorgr,1
"RT @LykavitosGr: 1.200 μαθητές ανέπτυξαν τεχνολογικές λύσεις για μια «έξυπνη» πόλη, πιο φιλική για τον άνθρωπο και το περιβάλλον  #COSMOTE…", lykavitosgr μαθητεσ ανεπτυξαν τεχνολογικεσ λυσεισ για μια εξυπνη πολη πιο φιλικη για τον ανθρωπο και το περιβαλλον cosmote,1
"RT @LykavitosGr: 1.200 μαθητές ανέπτυξαν τεχνολογικές λύσεις για μια «έξυπνη» πόλη, πιο φιλική για τον άνθρωπο και το περιβάλλον  #COSMOTE…", lykavitosgr μαθητεσ ανεπτυξαν τεχνολογικεσ λυσεισ για μια εξυπνη πολη πιο φιλικη για τον ανθρωπο και το περιβαλλον cosmote,1
Νίκος Τζούμας: «Η Αειφορία είναι στα χέρια των νέων» https://t.co/gbg9JGGMzs,νικοσ τζουμασ η αειφορια ειναι στα χερια των νεων,1
"RT @PrimeministerGR: Στόχος μας ήταν και παραμένει η αναβάθμιση της παιδείας, των σχολείων μας. Να παρέχουμε στα παιδιά τα κατάλληλα εργαλε…", primeministergr στοχοσ μασ ηταν και παραμενει η αναβαθμιση τησ παιδειασ των σχολειων μασ να παρεχουμε στα παιδια τα καταλληλα εργαλε,1
Ανανεώσιμες Πηγές Ενέργειας: Ποιοι καταναλωτές θα έχουν σημαντικό όφελος - https://t.co/dXMDSTdmpD https://t.co/ekPzJyNZGW,ανανεωσιμεσ πηγεσ ενεργειασ ποιοι καταναλωτεσ θα εχουν σημαντικο οφελοσ,1
Ανανεώσιμες Πηγές Ενέργειας: Ποιοι καταναλωτές θα έχουν σημαντικό όφελος - https://t.co/rhMWx1Tx5d https://t.co/SDDdWOwDZx,ανανεωσιμεσ πηγεσ ενεργειασ ποιοι καταναλωτεσ θα εχουν σημαντικο οφελοσ,1
"Ζερόμ Καλούτα: «Έζησα τον διαχωρισμό από την πολιτεία, όχι από το περιβάλλον μου» https://t.co/0RvZ4e1T6i",ζερομ καλουτα εζησα τον διαχωρισμο απο την πολιτεια οχι απο το περιβαλλον μου,1
"RT @PIOcy: Ομιλία Υπουργού Γεωργίας, Αγροτικής Ανάπτυξης και Περιβάλλοντος κ. Πέτρου Ξενοφώντος στο Συνέδριο με θέμα «Πράσινη Μετάβαση και…", piocy ομιλια υπουργου γεωργιασ αγροτικησ αναπτυξησ και περιβαλλοντοσ κ πετρου ξενοφωντοσ στο συνεδριο με θεμα πρασινη μεταβαση και,1
RT @aris_rigas: - Kύριε ΠΘ θέλω να σας ρωτήσω κάτι που είναι στο μυαλό όλων των νέων ανθρώπων που προσπαθούν να επιβιώσουν στο αντίξοο αυτό…, aris_rigas kυριε πθ θελω να σασ ρωτησω κατι που ειναι στο μυαλο ολων των νεων ανθρωπων που προσπαθουν να επιβιωσουν στο αντιξοο αυτο,1
Παπανάτσιου: «Στόχος μας ένα βιώσιμο σύστημα υγείας που οι πολίτες θα έχουν πλήρη και ισότιμη πρόσβαση» https://t.co/sAzZLNzhSk,παπανατσιου στοχοσ μασ ενα βιωσιμο συστημα υγειασ που οι πολιτεσ θα εχουν πληρη και ισοτιμη προσβαση,1
Αλ. Τσίπρας: Η προοδευτική κυβέρνηση θα είναι βιώσιμη και μακράς πνοής https://t.co/gBOGzyhwFQ,αλ τσιπρασ η προοδευτικη κυβερνηση θα ειναι βιωσιμη και μακρασ πνοησ,1
Πράσινη ενέργεια: Άλμα στις πατέντες για μπαταρίες και υδρογόνο [γραφήματα] https://t.co/CQRsAT7vU8,πρασινη ενεργεια αλμα στισ πατεντεσ για μπαταριεσ και υδρογονο γραφηματα,1
"Τσίπρας: Η προοδευτική κυβέρνηση θα είναι βιώσιμη και μακράς πνοής,
https://t.co/C7gIuhP7zr,",τσιπρασ η προοδευτικη κυβερνηση θα ειναι βιωσιμη και μακρασ πνοησ,1
"«Η προοδευτική κυβέρνηση θα είναι βιώσιμη και μακράς πνοής», υποστηρίζει σε συνέντευξή του στην ""Καθημερινή"", ο πρόεδρος του ΣΥΡΙΖΑ-ΠΣ, Αλέξης Τσίπρας και διευκρινίζει ότι από την πρόσκληση δεν εξαιρεί κανέναν, πλην της Ν.Δ., του κ.

https://t.co/CXvC6Qmerp",η προοδευτικη κυβερνηση θα ειναι βιωσιμη και μακρασ πνοησ υποστηριζει σε συνεντευξη του στην καθημερινη ο προεδροσ του συριζαπσ αλεξησ τσιπρασ και διευκρινιζει οτι απο την προσκληση δεν εξαιρει κανεναν πλην τησ νδ του κ,1
Αλ. Τσίπρας: Η προοδευτική κυβέρνηση θα είναι βιώσιμη και μακράς πνοής https://t.co/l6S1vqj7Qg,αλ τσιπρασ η προοδευτικη κυβερνηση θα ειναι βιωσιμη και μακρασ πνοησ,1
Αλέξης Τσίπρας: «Η προοδευτική κυβέρνηση θα είναι βιώσιμη και μακράς πνοής» – Τι είπε για τον Παύλο Πολάκη https://t.co/TMiDc993R9,αλεξησ τσιπρασ η προοδευτικη κυβερνηση θα ειναι βιωσιμη και μακρασ πνοησ τι ειπε για τον παυλο πολακη,1
".@atsipras: Η προοδευτική κυβέρνηση θα είναι βιώσιμη και μακράς πνοής

https://t.co/I5BJxAsxPh",atsipras η προοδευτικη κυβερνηση θα ειναι βιωσιμη και μακρασ πνοησ,1
"Ο φετινός Μάρτιος, δεύτερος θερμότερος παγκοσμίως, από το 1979 https://t.co/g08Lxxa0JE #ΚΑΙΡΟΣ #ΚΛΙΜΑ #ΠΕΡΙΒΑΛΛΟΝ https://t.co/c5ClGdpnFL",ο φετινοσ μαρτιοσ δευτεροσ θερμοτεροσ παγκοσμιωσ απο το καιροσ κλιμα περιβαλλον,1
Δ. Γάκης: «Το σχέδιο του ΣΥΡΙΖΑ ΠΣ για βιώσιμη ανάπτυξη χρειάζεται ασφαλείς &amp; σύγχρονες μεταφορές» #Δημοκρατική #Ρόδος #Δωδεκάνησα https://t.co/WkFdzthn1q,δ γακησ το σχεδιο του συριζα πσ για βιωσιμη αναπτυξη χρειαζεται ασφαλεισ amp συγχρονεσ μεταφορεσ δημοκρατικη ροδοσ δωδεκανησα,1
"Αλέξης Τσίπρας στην «Κ»: «Η προοδευτική κυβέρνηση θα είναι βιώσιμη και μακράς πνοής»
https://t.co/6sAnje4RG1",αλεξησ τσιπρασ στην κ η προοδευτικη κυβερνηση θα ειναι βιωσιμη και μακρασ πνοησ,1
Μέσω των εμβολίων είμαστε ήδη μέσα σε ένα περιβάλλον συνδεδεμένοι με το ίντερνετ των πραγμάτων με το ίδιο το σώμα μας χωρίς να το γνωρίζουμε ακόμη μαζικά. Ο κόσμος μας μπήκε ήδη στην πιο σκοτεινή περίοδο που γνώρισε ποτέ και δεν πρέπει να αδιαφορήσει κανένας. https://t.co/lWlaN5xyWB,μεσω των εμβολιων ειμαστε ηδη μεσα σε ενα περιβαλλον συνδεδεμενοι με το ιντερνετ των πραγματων με το ιδιο το σωμα μασ χωρισ να το γνωριζουμε ακομη μαζικα ο κοσμοσ μασ μπηκε ηδη στην πιο σκοτεινη περιοδο που γνωρισε ποτε και δεν πρεπει να αδιαφορησει κανενασ,1
"RT @ElIian1901: Το μεγάλο μυστικό που ανακάλυψε ο Dr Warburg είναι απλό..
Τα καρκινικά κύτταρα δεν μπορούν να επιβιώσουν σε αλκαλικό περιβά…", eliian το μεγαλο μυστικο που ανακαλυψε ο dr warburg ειναι απλο τα καρκινικα κυτταρα δεν μπορουν να επιβιωσουν σε αλκαλικο περιβα,1
"RT @ElIian1901: Το μεγάλο μυστικό που ανακάλυψε ο Dr Warburg είναι απλό..
Τα καρκινικά κύτταρα δεν μπορούν να επιβιώσουν σε αλκαλικό περιβά…", eliian το μεγαλο μυστικο που ανακαλυψε ο dr warburg ειναι απλο τα καρκινικα κυτταρα δεν μπορουν να επιβιωσουν σε αλκαλικο περιβα,1
"Αλέξης Τσίπρας: Η προοδευτική κυβέρνηση θα είναι βιώσιμη και μακράς πνοής - Ρεπορτάζ και ειδήσεις για την Οικονομία, τις Επιχειρήσεις, το Χρηματιστήριο, την Πολιτική #mononewsGR https://t.co/mB7LtumtT0",αλεξησ τσιπρασ η προοδευτικη κυβερνηση θα ειναι βιωσιμη και μακρασ πνοησ ρεπορταζ και ειδησεισ για την οικονομια τισ επιχειρησεισ το χρηματιστηριο την πολιτικη mononewsgr,1
Αλ. Τσίπρας: Η προοδευτική κυβέρνηση θα είναι βιώσιμη και μακράς πνοής https://t.co/wW7DRMoaho,αλ τσιπρασ η προοδευτικη κυβερνηση θα ειναι βιωσιμη και μακρασ πνοησ,1
Αλέξης Τσίπρας: Βιώσιμη μια κυβέρνηση συνεργασίας των προοδευτικών δυνάμεων - Documento https://t.co/qUSWOLpgy3,αλεξησ τσιπρασ βιωσιμη μια κυβερνηση συνεργασιασ των προοδευτικων δυναμεων documento,1
Siemens: Ολοκλήρωσε το βιώσιμο έργο ενέργειας στις Αζόρες και ορίζει το πρότυπο για άλλα νησιά https://t.co/TMKyerRA9n,siemens ολοκληρωσε το βιωσιμο εργο ενεργειασ στισ αζορεσ και οριζει το προτυπο για αλλα νησια,1
Οι Θέσεις μας για το Περιβάλλον – Μαγνησία https://t.co/8G24z0DFAM,οι θεσεισ μασ για το περιβαλλον μαγνησια,1
"Η Lucy Martin λοιπόν δουλεύει από το 2015 στο BBC, αφού απάντησε σε μια αγγελία για “ανθρώπους με αναπηρία που ενδιαφέρονται για την μετεωρολογία και το περιβάλλον”. https://t.co/IJqIHdPLHs",η lucy main λοιπον δουλευει απο το στο bbc αφου απαντησε σε μια αγγελια για ανθρωπουσ με αναπηρια που ενδιαφερονται για την μετεωρολογια και το περιβαλλον,1
Σκύλος: Πως θα δημιουργήσετε ένα ασφαλές περιβάλλον στο σπίτι και στον κήπο https://t.co/GPAQteSJ8t #ΣΚΥΛΟΣ https://t.co/pxqIrfGEOR,σκυλοσ πωσ θα δημιουργησετε ενα ασφαλεσ περιβαλλον στο σπιτι και στον κηπο σκυλοσ,1
Αλάτι: Η βιομηχανία των 13 δισ. δολαρίων και οι κίνδυνοι για το περιβάλλον - https://t.co/y0YC0TlCKE https://t.co/bsEEb0LjmZ,αλατι η βιομηχανια των δισ δολαριων και οι κινδυνοι για το περιβαλλον,1
"RT @Yannis_Maniatis: Η μάχη κατά της Κλιματικής Κρίσης, συνεχίζεται. 
Η αποκεντρωμένη πράσινη ενέργεια στις οροφές κτιρίων στην Κίνα, ξεπερ…", yannis_maniatis η μαχη κατα τησ κλιματικησ κρισησ συνεχιζεται η αποκεντρωμενη πρασινη ενεργεια στισ οροφεσ κτιριων στην κινα ξεπερ,1
@e_amyna Όμορφα είναι στο φυσικό τους περιβάλλον.,e_amyna ομορφα ειναι στο φυσικο τουσ περιβαλλον,1
"Συνέδριο με θέμα «Hospitality in Crete: Extending the Tourist season | Over tourism and Sustainability (Φιλοξενία στην Κρήτη: Επέκταση τουριστικής περιόδου | Υπερτουρισμός και αειφορία)», διοργανώνει το Σάββατο 6 Μαΐου στο Μεγάλο Αρσενάλι, Κέντρο… https://t.co/Nvpyy9mZl5",συνεδριο με θεμα hospitality in crete extending the tourist season over tourism and sustainability φιλοξενια στην κρητη επεκταση τουριστικησ περιοδου υπερτουρισμοσ και αειφορια διοργανωνει το σαββατο μαΐου στο μεγαλο αρσεναλι κεντρο,1
Γ. Τσακίρης: Το ΕΣΠΑ καλλιεργεί γόνιμο περιβάλλον για να αναπτύσσονται στη χώρα μας καινοτόμα προϊόντα - LarissaPress https://t.co/PAppDOeEzI,γ τσακιρησ το εσπα καλλιεργει γονιμο περιβαλλον για να αναπτυσσονται στη χωρα μασ καινοτομα προϊοντα larissapress,1
Γ. Τσακίρης: Το ΕΣΠΑ καλλιεργεί γόνιμο περιβάλλον για να αναπτύσσονται στη χώρα μας καινοτόμα προϊόντα https://t.co/qzt2qdEI6h,γ τσακιρησ το εσπα καλλιεργει γονιμο περιβαλλον για να αναπτυσσονται στη χωρα μασ καινοτομα προϊοντα,1
Αλέξης Τσίπρας στην «Καθημερινή της Κυριακής»: Βιώσιμη μια Κυβέρνηση Συνεργασίας των προοδευτικών δυνάμεων. https://t.co/VGjZxiS57X via @Kifisia Press,αλεξησ τσιπρασ στην καθημερινη τησ κυριακησ βιωσιμη μια κυβερνηση συνεργασιασ των προοδευτικων δυναμεων via kifisia press,1
2ο Συνέδριο ΕΚΠΑ για την Κλιματική Κρίση-«Η συμβολή του ΕΚΠΑ στην αντιμετώπιση της κλιματικής κρίσης: από τη διεπιστημονική έρευνα και εκπαίδευση στην παροχή επιστημονικής γνώσης για τη λήψη αποφάσεων πολιτικής» https://t.co/VHaX6zbXP9 https://t.co/8ggmGHhRfg,ο συνεδριο εκπα για την κλιματικη κρισηη συμβολη του εκπα στην αντιμετωπιση τησ κλιματικησ κρισησ απο τη διεπιστημονικη ερευνα και εκπαιδευση στην παροχη επιστημονικησ γνωσησ για τη ληψη αποφασεων πολιτικησ,1
Αρσάκειο: Να αλλάξουν σχολικό περιβάλλον οι «νταήδες» ζητά ο Σύλλογος Γονέων και Κηδεμόνων - https://t.co/fL4Xi3IHAI https://t.co/1k3cYq8mTG,αρσακειο να αλλαξουν σχολικο περιβαλλον οι νταηδεσ ζητα ο συλλογοσ γονεων και κηδεμονων,1
Αρσάκειο: Να αλλάξουν σχολικό περιβάλλον οι «νταήδες» ζητά ο Σύλλογος Γονέων και Κηδεμόνων - https://t.co/yZqfvSNGiV https://t.co/JlHK1IgfhE,αρσακειο να αλλαξουν σχολικο περιβαλλον οι νταηδεσ ζητα ο συλλογοσ γονεων και κηδεμονων,1
RT @Moneypressgr: Νέο ρεκόρ για την «πράσινη» ενέργεια - Από ανεμογεννήτριες και φωτοβολταϊκά το...  #moneypress https://t.co/5vsdLHChe6 ht…, moneypressgr νεο ρεκορ για την πρασινη ενεργεια απο ανεμογεννητριεσ και φωτοβολταϊκα το moneypress ht,1
Νέο ρεκόρ για την «πράσινη» ενέργεια - Από ανεμογεννήτριες και φωτοβολταϊκά το...  #moneypress https://t.co/5vsdLHChe6 https://t.co/1oSTZ7ufsB,νεο ρεκορ για την πρασινη ενεργεια απο ανεμογεννητριεσ και φωτοβολταϊκα το moneypress,1
"Η παραγωγή ενέργειας από ανανεώσιμες πηγές (αιολική και ηλιακή) έφθασε το 12% του συνόλου το 2022, καταγράφοντας νέο ρεκόρ, αλλά μένοντας πίσω από την παραγωγή ηλεκτρισμού με την καύση άνθρακα και ευρύτερα τα ορυκτά καύσιμα, που παραμένουν ο βασικός

https://t.co/53C1KvGnnN",η παραγωγη ενεργειασ απο ανανεωσιμεσ πηγεσ αιολικη και ηλιακη εφθασε το του συνολου το καταγραφοντασ νεο ρεκορ αλλα μενοντασ πισω απο την παραγωγη ηλεκτρισμου με την καυση ανθρακα και ευρυτερα τα ορυκτα καυσιμα που παραμενουν ο βασικοσ,1
"Η παραγωγή ενέργειας από ανανεώσιμες πηγές (αιολική και ηλιακή) έφθασε το 12% του συνόλου το 2022, καταγράφοντας νέο ρεκόρ, αλλά μένοντας πίσω από την παραγωγή ηλεκτρισμού με την καύση άνθρακα και ευρύτερα τα ορυκτά καύσιμα, που παραμένουν ο βασικός

https://t.co/5JyMhNgtEN",η παραγωγη ενεργειασ απο ανανεωσιμεσ πηγεσ αιολικη και ηλιακη εφθασε το του συνολου το καταγραφοντασ νεο ρεκορ αλλα μενοντασ πισω απο την παραγωγη ηλεκτρισμου με την καυση ανθρακα και ευρυτερα τα ορυκτα καυσιμα που παραμενουν ο βασικοσ,1
Αρρωστος πορνογερος χωρίς να μπορεί να υπάρξει επαναφορά σε μια πιο φυσιολογική κατάσταση ο νους του και επειδή το όλο περιβάλλον μεταμορφώνεται σκόπιμα σε οnly for fun υπάρχει μια ενοχή όλων άρα και ανοχή. Τώρα αν όλο αυτό το ονομάζουμε Δημοκρατία &amp; όχι σατανοκρατια τι να πω; https://t.co/pVtT0WJXCX,αρρωστοσ πορνογεροσ χωρισ να μπορει να υπαρξει επαναφορα σε μια πιο φυσιολογικη κατασταση ο νουσ του και επειδη το ολο περιβαλλον μεταμορφωνεται σκοπιμα σε οnly for fun υπαρχει μια ενοχη ολων αρα και ανοχη τωρα αν ολο αυτο το ονομαζουμε δημοκρατια amp οχι σατανοκρατια τι να πω,1
Τζέιμι Φοξ: Έχει πλέον επικοινωνία με το περιβάλλον – Παραμένει άγνωστη η αιτία που τον οδήγησε στο νοσοκομείο https://t.co/3ffqbsemOO,τζειμι φοξ εχει πλεον επικοινωνια με το περιβαλλον παραμενει αγνωστη η αιτια που τον οδηγησε στο νοσοκομειο,1
"RT @KostasVaxevanis: Και άλλος παιδόφιλος στο πρωθυπουργικό περιβάλλον; Τι συμβαίνει;

https://t.co/Y0TFi9ojVx", kostasvaxevanis και αλλοσ παιδοφιλοσ στο πρωθυπουργικο περιβαλλον τι συμβαινει,1
"⭕ Ολιγωρία των Αρχών για σοβαρή καταγγελία σεξουαλικής κακοποίησης ανήλικης από τον πατέρα της, πρώην στέλεχος σε επιχείρηση με άμεση σχέση με το πρωθυπουργικό περιβάλλον.

✏️ Γράφει η Δανάη Κισκήρα - Μπαρτσώκα

https://t.co/SGSpMAMcrt",ολιγωρια των αρχων για σοβαρη καταγγελια σεξουαλικησ κακοποιησησ ανηλικησ απο τον πατερα τησ πρωην στελεχοσ σε επιχειρηση με αμεση σχεση με το πρωθυπουργικο περιβαλλον γραφει η δαναη κισκηρα μπαρτσωκα,1
Η ΜΑΙΜΟΥ ΣΕ ΦΥΣΙΚΟ ΠΕΡΙΒΑΛΛΟΝ.... https://t.co/SzWOfkIf7e,η μαιμου σε φυσικο περιβαλλον,1
"ΑΠΙΣΤΕΥΤΟ: ΟΛΙΓΩΡΙΑ ΤΩΝ ΑΡΧΩΝ ΣΕ ΥΠΟΘΕΣΗ ΣΕΞΟΥΑΛΙΚΗΣ ΚΑΚΟΠΟΙΗΣΗΣ ΑΝΗΛΙΚΗΣ, ΚΑΤΑΓΓΕΛΛΕΙ ΜΗΤΕΡΑ! ΓΙΑΤΙ ΒΑΖΟΥΝ ΕΜΠΟΔΙΑ ΟΙ ΑΡΧΕΣ ΣΤΗΝ ΥΠΟΘΕΣΗ; ΕΠΕΙΔΗ Ο ΘΥΤΗΣ ΕΧΕΙ ΑΜΕΣΗ ΣΧΕΣΗ ΜΕ ΤΟ ΠΕΡΙΒΑΛΛΟΝ ΤΟΥ ΠΡΩΘΥΠΟΥΡΓΟΥ; https://t.co/FWD8rNOWXY via @Makeleio.gr",απιστευτο ολιγωρια των αρχων σε υποθεση σεξουαλικησ κακοποιησησ ανηλικησ καταγγελλει μητερα γιατι βαζουν εμποδια οι αρχεσ στην υποθεση επειδη ο θυτησ εχει αμεση σχεση με το περιβαλλον του πρωθυπουργου via makeleiogr,1
"Συγκλονίζει ο Θάνος Καληώρας για τη Τζέσυ Παπουτσή: «Είχε πέσει σε κώμα, δεν είχε επαφή με το περιβάλλον» - https://t.co/TSJ4asObxA https://t.co/HnczlEDt0r",συγκλονιζει ο θανοσ καληωρασ για τη τζεσυ παπουτση ειχε πεσει σε κωμα δεν ειχε επαφη με το περιβαλλον,1
"""Διεκδικούμε την αυτοδυναμία, για να συνεχίσουμε να πορευόμαστε στον ίδιο δρόμο. Ιδιαίτερα σήμερα, σε ένα αβέβαιο διεθνές περιβάλλον και µε έναν απρόβλεπτο γείτονα, η Ελλάδα χρειάζεται σταθερό τιμόνι, µε σαφή πορεία.

https://t.co/RREy77E7Fg",διεκδικουμε την αυτοδυναμια για να συνεχισουμε να πορευομαστε στον ιδιο δρομο ιδιαιτερα σημερα σε ενα αβεβαιο διεθνεσ περιβαλλον και µε εναν απροβλεπτο γειτονα η ελλαδα χρειαζεται σταθερο τιμονι µε σαφη πορεια,1
"Ηλεκτρικό αυτοκίνητο: Καλό για το περιβάλλον, ακριβό για την τσέπη https://t.co/JcIF9jvIzb",ηλεκτρικο αυτοκινητο καλο για το περιβαλλον ακριβο για την τσεπη,1
"Στην κλιματική αλλαγή και τις συνέπειές της στην ανθρωπότητα εστιάζει η νέα δραματική σειρά της Apple TV «Extrapolations».
Κατά κάποιο τρόπο, είναι ένα οικολογικό θρίλερ, καθώς απεικονίζει έναν πλανήτη στο χείλος της περιβαλλοντικής κρίσης, όπου τα

https://t.co/oZF0YFhmXu",στην κλιματικη αλλαγη και τισ συνεπειεσ τησ στην ανθρωποτητα εστιαζει η νεα δραματικη σειρα τησ apple tv extrapolations κατα καποιο τροπο ειναι ενα οικολογικο θριλερ καθωσ απεικονιζει εναν πλανητη στο χειλοσ τησ περιβαλλοντικησ κρισησ οπου τα,1
"Οι χώρες της Ομάδας των 7 (G7) ανακοίνωσαν σήμερα την πρόθεσή τους να εκμηδενίσουν την ρύπανση με πλαστικά ως το 2040, κατά τη συνάντηση των υπουργών τους για το Κλίμα, την Ενέργεια και το Περιβάλλον, στο Σαπόρο της Ιαπωνίας.

https://t.co/wfP9YH6dYd",οι χωρεσ τησ ομαδασ των g ανακοινωσαν σημερα την προθεση τουσ να εκμηδενισουν την ρυπανση με πλαστικα ωσ το κατα τη συναντηση των υπουργων τουσ για το κλιμα την ενεργεια και το περιβαλλον στο σαπορο τησ ιαπωνιασ,1
"Οι χώρες της Ομάδας των 7 (G7) ανακοίνωσαν σήμερα την πρόθεσή τους να εκμηδενίσουν την ρύπανση με πλαστικά ως το 2040, κατά τη συνάντηση των υπουργών τους για το Κλίμα, την Ενέργεια και το Περιβάλλον, στο Σαπόρο της Ιαπωνίας.

https://t.co/cYzQ5DMJ1L",οι χωρεσ τησ ομαδασ των g ανακοινωσαν σημερα την προθεση τουσ να εκμηδενισουν την ρυπανση με πλαστικα ωσ το κατα τη συναντηση των υπουργων τουσ για το κλιμα την ενεργεια και το περιβαλλον στο σαπορο τησ ιαπωνιασ,1
RT @sofokleous10: Εννέα ρεκόρ έσπασε η ενεργειακή αγορά το 2022 – Στροφή σε πράσινη ενέργεια και αυτοπαραγωγή από ΑΠΕ https://t.co/AIdjpPhS…, sofokleous εννεα ρεκορ εσπασε η ενεργειακη αγορα το στροφη σε πρασινη ενεργεια και αυτοπαραγωγη απο απε,1
1ο ΓΕΛ Θέρμης: Σημαντική πρωτοβουλία με bazzar ρούχων την Τετάρτη 17 Μαϊου https://t.co/zqSrFyyP14 #ΠΕΡΙΒΑΛΛΟΝ #ΣΥΜΒΟΥΛΙΟΝΕΩΝ https://t.co/1CjVDPbbAm,ο γελ θερμησ σημαντικη πρωτοβουλια με bazzar ρουχων την τεταρτη μαϊου περιβαλλον συμβουλιονεων,1
Τα 9 ρεκόρ που έσπασε η ενεργειακή αγορά το 2022 στην Ελλάδα – Στροφή σε πράσινη ενέργεια - https://t.co/tzPbchl9pw https://t.co/uHS06oJXUQ,τα ρεκορ που εσπασε η ενεργειακη αγορα το στην ελλαδα στροφη σε πρασινη ενεργεια,1
"Εννέα ρεκόρ έσπασε η ενεργειακή αγορά το 2022, τα οποία σηματοδοτούν όχι μόνο την μετάβαση στην πράσινη ενέργεια αλλά και την στροφή των καταναλωτών στην αυτοπαραγωγή από ανανεώσιμες πηγές, την ταχείααπεξάρτηση από το ρωσικό φυσικό αέριο και την

https://t.co/ZcJVaze93g",εννεα ρεκορ εσπασε η ενεργειακη αγορα το τα οποια σηματοδοτουν οχι μονο την μεταβαση στην πρασινη ενεργεια αλλα και την στροφη των καταναλωτων στην αυτοπαραγωγη απο ανανεωσιμεσ πηγεσ την ταχειααπεξαρτηση απο το ρωσικο φυσικο αεριο και την,1
Δοκιμές σε αρκτικό περιβάλλον για το Hyundai IONIQ 5 N https://t.co/7aJKKFwpbs,δοκιμεσ σε αρκτικο περιβαλλον για το hyundai ioniq n,1
"Μαρία Κορινθίου: «Δεν ξέρω εάν θα έκανα πρωινό με τον Γιάννη Αϊβάζη. Εξαρτάται από τις συνθήκες και το περιβάλλον»

#The2NightShow #Κορινθιου

https://t.co/SIWKzuexpq https://t.co/L6Bh30jae6",μαρια κορινθιου δεν ξερω εαν θα εκανα πρωινο με τον γιαννη αϊβαζη εξαρταται απο τισ συνθηκεσ και το περιβαλλον thenightshow κορινθιου,1
Αυστραλία: Δεκάδες καρέτα – καρέτα επέστρεψαν στο φυσικό τους περιβάλλον - https://t.co/HEK3RnTLp7 https://t.co/eotTCEvPR0,αυστραλια δεκαδεσ καρετα καρετα επεστρεψαν στο φυσικο τουσ περιβαλλον,1
Αυστραλία: Δεκάδες καρέτα – καρέτα επέστρεψαν στο φυσικό τους περιβάλλον - https://t.co/kKENOpMdJm https://t.co/4TcSA7Lf1i,αυστραλια δεκαδεσ καρετα καρετα επεστρεψαν στο φυσικο τουσ περιβαλλον,1
"Φον ντερ Λάιεν: Η αποσύνδεση από την Κίνα δεν είναι βιώσιμη, επιθυμητή και πρακτική για την Ευρώπη https://t.co/BPKvg5WxMd",φον ντερ λαιεν η αποσυνδεση απο την κινα δεν ειναι βιωσιμη επιθυμητη και πρακτικη για την ευρωπη,1
Προσφυγή στο ΣΤΕ για την ολοκληρωμένη φυτοπροστασία της ελιάς από το Δίκτυο «Βιώσιμος Ελαιώνας https://t.co/CkxRTR300p,προσφυγη στο στε για την ολοκληρωμενη φυτοπροστασια τησ ελιασ απο το δικτυο βιωσιμοσ ελαιωνασ,1
Φον ντερ Λάιεν: Δεν είναι βιώσιμη η αποσύνδεση από την Κίνα - LarissaPress https://t.co/RL2frvFU3M,φον ντερ λαιεν δεν ειναι βιωσιμη η αποσυνδεση απο την κινα larissapress,1
Εργαστήριο από την ΕΣΗΕΜ-Θ για την ασφαλή άσκηση του δημοσιογραφικού έργου σε επικίνδυνο περιβάλλον https://t.co/c1yLUo5UQh,εργαστηριο απο την εσηεμθ για την ασφαλη ασκηση του δημοσιογραφικου εργου σε επικινδυνο περιβαλλον,1
".@vonderleyen: Η αποσύνδεση από την #Κίνα δεν είναι βιώσιμη, επιθυμητή και πρακτική για την Ευρώπη 

https://t.co/IfqsBqTDWa https://t.co/V1ctri4MYo",vonderleyen η αποσυνδεση απο την κινα δεν ειναι βιωσιμη επιθυμητη και πρακτικη για την ευρωπη,1
RT @sofokleous10: Εννέα ρεκόρ έσπασε η ενεργειακή αγορά το 2022-Στροφή σε πράσινη ενέργεια https://t.co/T2pr66chGa, sofokleous εννεα ρεκορ εσπασε η ενεργειακη αγορα το στροφη σε πρασινη ενεργεια,1
RT @sofokleous10: Οι σκιές της Credit Suisse παραμένουν στο ευρωπαϊκό τραπεζικό περιβάλλον και φαίνεται ότι… κοστίζουν https://t.co/eKShC6u…, sofokleous οι σκιεσ τησ credit suisse παραμενουν στο ευρωπαϊκο τραπεζικο περιβαλλον και φαινεται οτι κοστιζουν,1
Εκπαιδευτικό εργαστήριο για την ασφαλή άσκηση του δημοσιογραφικού έργου σε επικίνδυνο περιβάλλον - https://t.co/moloZR8sHO,εκπαιδευτικο εργαστηριο για την ασφαλη ασκηση του δημοσιογραφικου εργου σε επικινδυνο περιβαλλον,1
Μουσειακή Εκπαίδευση- Κριτική και δημιουργική σκέψη στο μουσειακό περιβάλλον ⋆ TirnavosPress https://t.co/EbcrPvJAzy,μουσειακη εκπαιδευση κριτικη και δημιουργικη σκεψη στο μουσειακο περιβαλλον tirnavospress,1
Μουσειακή Εκπαίδευση- Κριτική και δημιουργική σκέψη στο μουσειακό περιβάλλον https://t.co/DYXYwxdwxE,μουσειακη εκπαιδευση κριτικη και δημιουργικη σκεψη στο μουσειακο περιβαλλον,1
RT @sofokleous10: Οι σκιές της Credit Suisse παραμένουν στο ευρωπαϊκό τραπεζικό περιβάλλον και φαίνεται ότι… κοστίζουν https://t.co/ifGlqCd…, sofokleous οι σκιεσ τησ credit suisse παραμενουν στο ευρωπαϊκο τραπεζικο περιβαλλον και φαινεται οτι κοστιζουν,1
Σε σοκ ο Αλέξης Γεωργούλης μετά την καταγγελία σε βάρος του – Τι λέει το περιβάλλον του https://t.co/iS79J2TzXT #agriosxylodarmos #alexisgeorgoylis #viasmos #vryxelles,σε σοκ ο αλεξησ γεωργουλησ μετα την καταγγελια σε βαροσ του τι λεει το περιβαλλον του agriosxylodarmos alexisgeorgoylis viasmos vryxelles,1
"Ο ηθοποιός και πρώην Ευρωβουλευτής, σύμφωνα με το περιβάλλον του και όσα ανέφερε η Όλγα Λαφαζάνη μέσα από την εκπομπή Happy Day ενημερώθηκε την Μεγάλη Παρασκευή για την καταγγελία που εκκρεμεί σε βάρος του.

#hernewsgr 

https://t.co/EmW0uYo2Yu",ο ηθοποιοσ και πρωην ευρωβουλευτησ συμφωνα με το περιβαλλον του και οσα ανεφερε η ολγα λαφαζανη μεσα απο την εκπομπη happy day ενημερωθηκε την μεγαλη παρασκευη για την καταγγελια που εκκρεμει σε βαροσ του hernewsgr,1
"Τι λέει το περιβάλλον του Αλέξη Γεωργούλη για την καταγγελία σε βάρος του – «Είναι σε κατάσταση σοκ»

https://t.co/9qHWWADcEV",τι λεει το περιβαλλον του αλεξη γεωργουλη για την καταγγελια σε βαροσ του ειναι σε κατασταση σοκ,1
Σε σοκ ο Αλ. Γεωργούλης μετά την καταγγελία σε βάρος του – Τι λέει το περιβάλλον του https://t.co/djECmMff3v,σε σοκ ο αλ γεωργουλησ μετα την καταγγελια σε βαροσ του τι λεει το περιβαλλον του,1
Νέες καταγγελίες σε βάρος Γεωργούλη – «Είναι σε κατάσταση σοκ» λέει το περιβάλλον του https://t.co/vTM8OQ5vSZ #alexisgeorgoylis,νεεσ καταγγελιεσ σε βαροσ γεωργουλη ειναι σε κατασταση σοκ λεει το περιβαλλον του alexisgeorgoylis,1
Εκδήλωση ενημέρωσης για την ποιότητα του αέρα στο Δήμο Θέρμης https://t.co/R91q2Gbh93 #ΕΚΔΗΛΩΣΕΙΣ #ΠΕΡΙΒΑΛΛΟΝ https://t.co/MMS353SGx5,εκδηλωση ενημερωσησ για την ποιοτητα του αερα στο δημο θερμησ εκδηλωσεισ περιβαλλον,1
ΣΕΒ: Διαδικτυακή εκδήλωση “Innovation Ready” με τίτλο «Μία νέα οικονομία βασισμένη στην βιομηχανική συμβίωση και την πράσινη ενέργεια αναδύεται» https://t.co/gs8wVSfy8j,σεβ διαδικτυακη εκδηλωση innovation ready με τιτλο μια νεα οικονομια βασισμενη στην βιομηχανικη συμβιωση και την πρασινη ενεργεια αναδυεται,1
Έρχεται το 1ο Forum για την Κυκλική Οικονομία - https://t.co/eiOPQNSsIs https://t.co/3kiwrM4TVz,ερχεται το ο forum για την κυκλικη οικονομια,1
"Το λιμάνι του Ηρακλείου μετατρέπεται σε smart port – Οι πρωτοβουλίες του διευθύνοντος συμβούλου Μηνά Παπαδάκη για την πράσινη μετάβαση | Ρεπορτάζ και ειδήσεις για την Οικονομία, τις Επιχειρήσεις, το Χρηματιστήριο, την Πολιτική https://t.co/VtGbjlxSfP",το λιμανι του ηρακλειου μετατρεπεται σε sma po οι πρωτοβουλιεσ του διευθυνοντοσ συμβουλου μηνα παπαδακη για την πρασινη μεταβαση ρεπορταζ και ειδησεισ για την οικονομια τισ επιχειρησεισ το χρηματιστηριο την πολιτικη,1
Δήμος Θέρμης: Υποχρέωση καθαρισμού των οικοπέδων ενόψει της έναρξης της αντιπυρικής περιόδου https://t.co/rKA6lRMvW2 #ΔΗΜΟΤΙΚΑ #ΔΤ #ΘΕΡΜΗ #ΠΕΡΙΒΑΛΛΟΝ https://t.co/rhnwVTzfEv,δημοσ θερμησ υποχρεωση καθαρισμου των οικοπεδων ενοψει τησ εναρξησ τησ αντιπυρικησ περιοδου δημοτικα δτ θερμη περιβαλλον,1
"Kοστολογημένο και βιώσιμο το σχέδιο ""ΚτίΖΩ"" λέει στο ΚΥΠΕ ο ΥΠΕΣ [BINTEO] https://t.co/EGDJlVRydr",kοστολογημενο και βιωσιμο το σχεδιο κτιζω λεει στο κυπε ο υπεσ binteo,1
"Kοστολογημένο και βιώσιμο το σχέδιο ""ΚτίΖΩ"" λέει στο ΚΥΠΕ ο ΥΠΕΣ [BINTEO] https://t.co/EGDJlVRydr 
#cyprus #housingmarket",kοστολογημενο και βιωσιμο το σχεδιο κτιζω λεει στο κυπε ο υπεσ binteo cyprus housingmarket,1
O Dalio της Bridgewater προειδοποιεί: Το τραπεζικό σύστημα θα χρειαστεί «μεγάλες αναδιαρθρώσεις» σύντομα - Μη βιώσιμο το βάρος του χρέους https://t.co/IvumUTOPGN via @bankingnewsgr,o dalio τησ bridgewater προειδοποιει το τραπεζικο συστημα θα χρειαστει μεγαλεσ αναδιαρθρωσεισ συντομα μη βιωσιμο το βαροσ του χρεουσ via bankingnewsgr,1
«Καμπανάκι» από τον Παγκόσμιο Οργανισμό Μετεωρολογίας: Η στάθμη των θαλασσών αυξήθηκε με περισσότερο του διπλάσιου ρυθμό https://t.co/G6sUoHqiTw #ΠΕΡΙΒΑΛΛΟΝ https://t.co/kRGF5RaQ0L,καμπανακι απο τον παγκοσμιο οργανισμο μετεωρολογιασ η σταθμη των θαλασσων αυξηθηκε με περισσοτερο του διπλασιου ρυθμο περιβαλλον,1
Μπάμπαλος: «Διαμορφώνουμε ένα καλύτερο σχολικό περιβάλλον για τα παιδιά μας» https://t.co/3AXKFFX07T,μπαμπαλοσ διαμορφωνουμε ενα καλυτερο σχολικο περιβαλλον για τα παιδια μασ,1
"Το 1ο Forum για την Κυκλική Οικονομία, στη Θεσσαλονίκη (8-10/6) https://t.co/7s5OQzAlHu",το ο forum για την κυκλικη οικονομια στη θεσσαλονικη,1
"«Ημέρα της Γης»: H ΔΕΗ ηλεκτροδοτεί 4,3 εκατ. νοικοκυριά αποκλειστικά από Ανανεώσιμες Πηγές Ενέργειας

https://t.co/jjlQbw3qx2",ημερα τησ γησ h δεη ηλεκτροδοτει εκατ νοικοκυρια αποκλειστικα απο ανανεωσιμεσ πηγεσ ενεργειασ,1
"Τι είπε ο άνθρωπος που πέρασαν μαζί το Πάσχα, αλλά και δύο ακόμα άνθρωποι από το φιλικό του περιβάλλον
https://t.co/eudm07HKzl

#znews #Γεωργουλης https://t.co/EsvlzNCBfG",τι ειπε ο ανθρωποσ που περασαν μαζι το πασχα αλλα και δυο ακομα ανθρωποι απο το φιλικο του περιβαλλον znews γεωργουλησ,1
"«Στις 21 Μαΐου καλούμε τους πολίτες να πάρουμε μαζί απόφαση Αλλαγής για ένα κράτος που θα λειτουργεί με αξιοπιστία, διαφάνεια και αξιοκρατία. Με ισχυρή δημόσια υγεία και παιδεία. Με δίκαιη ανάπτυξη, που θα σέβεται το περιβάλλον και τον άνθρωπο»,

https://t.co/1A2lon69Bl",στισ μαΐου καλουμε τουσ πολιτεσ να παρουμε μαζι αποφαση αλλαγησ για ενα κρατοσ που θα λειτουργει με αξιοπιστια διαφανεια και αξιοκρατια με ισχυρη δημοσια υγεια και παιδεια με δικαιη αναπτυξη που θα σεβεται το περιβαλλον και τον ανθρωπο,1
"Μεσαίες και μεγάλες επιχειρήσεις (και σε συγκεκριμένους κλάδους όπως το περιβάλλον και η δημόσια υγεία, για το σύνολο των επιχειρήσεων ανεξαρτήτως μεγέθους) θα πρέπει από εφέτος να καθιερώσουν διαύλους αναφοράς για καταγγελίες παραβάσεων της ευρωπαϊκής

https://t.co/Y7dFshDadV",μεσαιεσ και μεγαλεσ επιχειρησεισ και σε συγκεκριμενουσ κλαδουσ οπωσ το περιβαλλον και η δημοσια υγεια για το συνολο των επιχειρησεων ανεξαρτητωσ μεγεθουσ θα πρεπει απο εφετοσ να καθιερωσουν διαυλουσ αναφορασ για καταγγελιεσ παραβασεων τησ ευρωπαϊκησ,1
"Ικανοποίηση εκφράζει η πλειονότητα των εμπόρων από την αγοραστική κίνηση την εφετινή πασχαλινή περίοδο η οποία πλησίασε τα προ πανδημίας επίπεδα μοιράζοντας αισιοδοξία στις επιχειρήσεις παρά το δυσμενές περιβάλλον.

https://t.co/NV4xeXgnis",ικανοποιηση εκφραζει η πλειονοτητα των εμπορων απο την αγοραστικη κινηση την εφετινη πασχαλινη περιοδο η οποια πλησιασε τα προ πανδημιασ επιπεδα μοιραζοντασ αισιοδοξια στισ επιχειρησεισ παρα το δυσμενεσ περιβαλλον,1
Με ηλεκτρικά αυτοκίνητα έκαναν Test drive οι υπουργοί της Ευρωπαϊκής Ένωσης που ασχολούνται με το περιβάλλον https://t.co/z3Id3o5Q8J,με ηλεκτρικα αυτοκινητα εκαναν test drive οι υπουργοι τησ ευρωπαϊκησ ενωσησ που ασχολουνται με το περιβαλλον,1
Aegean Rebreath: ξεκίνησε η δράση για το περιβάλλον στη Νάξο https://t.co/DQgqjzcQNx μέσω @Naxos Press,aegean rebreath ξεκινησε η δραση για το περιβαλλον στη ναξο μεσω naxos press,1
Κυκλική Οικονομία στην Πράξη: Δωρεάν διανομή 5.000 σάκων λιπάσματος στο Γεωργικό Συνεταιρισμό Κορωπίου από την Περιφέρεια Αττικής και τον ΕΔΣΝΑ https://t.co/22bWvlGjNC,κυκλικη οικονομια στην πραξη δωρεαν διανομη σακων λιπασματοσ στο γεωργικο συνεταιρισμο κορωπιου απο την περιφερεια αττικησ και τον εδσνα,1
«Άτομα από το περιβάλλον του αποφεύγουν να κάνουν δηλώσεις» https://t.co/pfgtmMFThZ,ατομα απο το περιβαλλον του αποφευγουν να κανουν δηλωσεισ,1
"Οι θέσεις του ΚΚΕ για το περιβάλλον και τις ΑΠΕ- Εκδήλωση την Κυριακή στις Σέρρες 
#ΚΚΕ #Σέρρες #ΑΠΕ #περιβάλλον #Serres
https://t.co/yAHsejucEg",οι θεσεισ του κκε για το περιβαλλον και τισ απε εκδηλωση την κυριακη στισ σερρεσ κκε σερρεσ απε περιβαλλον serres,1
"Η 3win Action, καινοτόμος Κοινωνική Συνεταιριστική Επιχείρηση για τη βιώσιμη ανάπτυξη υλοποιεί μια έρευνα για τις προοπτικές ανάπτυξης των Δήμων της Περιφερειακής Ενότητας Ηρακλείου - Τα ευρήματα της έρευνας θα χρησιμοποιηθούν για επιστημονική ανάλυση. Η έρευνα αυτή δεν αποτελεί… https://t.co/wz344x8YZc",η win action καινοτομοσ κοινωνικη συνεταιριστικη επιχειρηση για τη βιωσιμη αναπτυξη υλοποιει μια ερευνα για τισ προοπτικεσ αναπτυξησ των δημων τησ περιφερειακησ ενοτητασ ηρακλειου τα ευρηματα τησ ερευνασ θα χρησιμοποιηθουν για επιστημονικη αναλυση η ερευνα αυτη δεν αποτελει,1
Η ανθρωπότητα σε κρίσιμο σταυροδρόμι: Μπορούμε να πετύχουμε ένα βιώσιμο κλιματικά μέλλον; https://t.co/NU7OsqQg4Z,η ανθρωποτητα σε κρισιμο σταυροδρομι μπορουμε να πετυχουμε ενα βιωσιμο κλιματικα μελλον,1
"ΑΝΑΦΟΡΑ ΣΤΟΝ ΕΠΕΡΧΟΜΕΝΟ ΔΙΑΤΡΟΦΙΚΟ ΕΦΙΑΛΤΗ (Η διατροφική παράνοια που μας σερβίρεται ως «βιώσιμη επανάσταση»)
https://t.co/bLPg6wiyqP",αναφορα στον επερχομενο διατροφικο εφιαλτη η διατροφικη παρανοια που μασ σερβιρεται ωσ βιωσιμη επανασταση,1
ΕΚΔΗΛΩΣΗ – ΣΥΖΗΤΗΣΗ: ΟΙ ΘΕΣΕΙΣ ΤΟΥ ΚΚΕ ΓΙΑ ΤΟ ΠΕΡΙΒΑΛΛΟΝ ΚΑΙ ΤΙΣ ΑΠΕ -  https://t.co/Nq0EBsyrBp,εκδηλωση συζητηση οι θεσεισ του κκε για το περιβαλλον και τισ απε,1
"Χάρι Μπελαφόντε: «Στο φτωχό περιβάλλον, βρίσκω μεγάλη έμπνευση» https://t.co/PGeZ0aKvPW #ΑΡΘΡΑ #ΑΚΤΙΒΙΣΤΗΣ #ΗΘΟΠΟΙΟΣ #ΤΡΑΓΟΥΔΙΣΤΗΣ By https://t.co/p9zfHynwcm https://t.co/HsPSRzjHFa",χαρι μπελαφοντε στο φτωχο περιβαλλον βρισκω μεγαλη εμπνευση αρθρα ακτιβιστησ ηθοποιοσ τραγουδιστησ by,1
"Η Extreme E  και ο επίσημος συνεργάτης για την αειφορία EY μοιράζονται το #αποτύπωμα #άνθρακα της σεζόν 2. #ontimenewsgr
https://t.co/53mrtuRcRP",η extreme e και ο επισημοσ συνεργατησ για την αειφορια ey μοιραζονται το αποτυπωμα ανθρακα τησ σεζον ontimenewsgr,1
"Sigmataf «Θηλυκός προς το Περιβάλλον» | Νέο άλμπουμ

Ο στίχος είναι ελληνόφωνος κι ο ήχος του φλερτάρει με την indie electronica, και είναι αρκετά πιο “smooth”, όπως ο ίδιος τον χαρακτηρίζει σε σχέση με τις προηγούμενες δουλειές του.

https://t.co/gFW25idtL9",sigmataf θηλυκοσ προσ το περιβαλλον νεο αλμπουμ ο στιχοσ ειναι ελληνοφωνοσ κι ο ηχοσ του φλερταρει με την indie electronica και ειναι αρκετα πιο smooth οπωσ ο ιδιοσ τον χαρακτηριζει σε σχεση με τισ προηγουμενεσ δουλειεσ του,1
"Κατ. Σακελλαροπούλου στο @delphi_forum: 

«Μέσα σε ένα περιβάλλον γεωπολιτικών ανακατατάξεων, η Ελλάδα ατενίζει το μέλλον με αισιοδοξία και αυτοπεποίθηση»

https://t.co/dTApV50kac

#delphiforum https://t.co/SErpfJX5IK",κατ σακελλαροπουλου στο delphi_forum μεσα σε ενα περιβαλλον γεωπολιτικων ανακαταταξεων η ελλαδα ατενιζει το μελλον με αισιοδοξια και αυτοπεποιθηση delphiforum,1
Κ.Μάκαρης | Η Δημοτική Αρχή Ναυπλίου αδιαφορεί για το περιβάλλον https://t.co/0hwIMSOQbK μέσω @Arena News | Ηλεκτρονική εφημερίδα της Πελοποννήσου,κμακαρησ η δημοτικη αρχη ναυπλιου αδιαφορει για το περιβαλλον μεσω arena news ηλεκτρονικη εφημεριδα τησ πελοποννησου,1
"RT @PIOcy: Το Προεδρικό Μέγαρο καθίσταται πρότυπο μετάβασης στην κυκλική οικονομία. «Το Μηδέν, Το Μείζον» 
➡️ https://t.co/WTecPm2euM https…", piocy το προεδρικο μεγαρο καθισταται προτυπο μεταβασησ στην κυκλικη οικονομια το μηδεν το μειζον,1
"Το κολοσσιαίο σχέδιο των Ηνωμένων Πολιτειών για να επιταχύνουν τη μετάβαση προς την πράσινη ενέργεια είναι «πολύ επικίνδυνο για την Ευρώπη», προειδοποίησε σήμερα ο εκτελεστικός πρόεδρος της Airbus καικάλεσε τη Γηραιά Ήπειρο να προχωρήσει πέρα από τα

https://t.co/B1XFBykMRJ",το κολοσσιαιο σχεδιο των ηνωμενων πολιτειων για να επιταχυνουν τη μεταβαση προσ την πρασινη ενεργεια ειναι πολυ επικινδυνο για την ευρωπη προειδοποιησε σημερα ο εκτελεστικοσ προεδροσ τησ airbus καικαλεσε τη γηραια ηπειρο να προχωρησει περα απο τα,1
"Η #Δύση μετατρέπει την #Ουκρανία σε #ραδιενεργό #νεκροταφείο – Τεράστιες συνέπειες σε ανθρώπους, περιβάλλον https://t.co/JWVPLyciRS via @bankingnewsgr",η δυση μετατρεπει την ουκρανια σε ραδιενεργο νεκροταφειο τεραστιεσ συνεπειεσ σε ανθρωπουσ περιβαλλον via bankingnewsgr,1
Γρηγόρης Αρναούτογλου: «Στο στενό οικογενειακό μου περιβάλλον έχουμε υιοθετήσει παιδί 10 χρονών» https://t.co/WdtMrRiWUT,γρηγορησ αρναουτογλου στο στενο οικογενειακο μου περιβαλλον εχουμε υιοθετησει παιδι χρονων,1
"Στόχος είναι μέχρι το 2029 όλες οι επιχειρήσεις της Ευρώπης, ανεξαρτήτου μεγέθους και προέλευσης τους να ελέγχονται για τις επιπτώσεις τους στο περιβάλλον και τον άνθρωπο, αλλά και να διασφαλίζουν τηνορθή χρήση των οικονομικών τους πόρων, ώστε να

https://t.co/FxVm0GaENs",στοχοσ ειναι μεχρι το ολεσ οι επιχειρησεισ τησ ευρωπησ ανεξαρτητου μεγεθουσ και προελευσησ τουσ να ελεγχονται για τισ επιπτωσεισ τουσ στο περιβαλλον και τον ανθρωπο αλλα και να διασφαλιζουν τηνορθη χρηση των οικονομικων τουσ πορων ωστε να,1
Έως 3.000 τόνοι CO2 ετησίως: Το όφελος για το περιβάλλον από την προστασία έναντι στην εξόρυξη κρυπτονομισμάτων https://t.co/7tMTa46ofm https://t.co/zPCa25Ww1c,εωσ τονοι co ετησιωσ το οφελοσ για το περιβαλλον απο την προστασια εναντι στην εξορυξη κρυπτονομισματων,1
Περισσότερα τα κουνούπια σε περιοχές της Κεντρικής Μακεδονίας λόγω των βροχών του Απριλίου - Η εφαρμογή στα κινητά που κάνει... πρόβλεψη https://t.co/i2kduBCCvu #ΕΦΑΡΜΟΓΕΣ #ΚΟΥΝΟΥΠΙΑ #ΠΕΡΙΒΑΛΛΟΝ #ΠΕΡΙΞ https://t.co/c4gAReWcq2,περισσοτερα τα κουνουπια σε περιοχεσ τησ κεντρικησ μακεδονιασ λογω των βροχων του απριλιου η εφαρμογη στα κινητα που κανει προβλεψη εφαρμογεσ κουνουπια περιβαλλον περιξ,1
"Τεράστιες συνέπειες σε ανθρώπους, περιβάλλον
 https://t.co/ZONmfCbI3W",τεραστιεσ συνεπειεσ σε ανθρωπουσ περιβαλλον,1
“Το Περιβάλλον και Eγώ” Ψηφιακή Παράσταση VR Edition https://t.co/2a24F5NtKV,το περιβαλλον και eγω ψηφιακη παρασταση vr edition,1
"Σακελλαροπούλου: Μέσα σε ένα περιβάλλον γεωπολιτικών ανακατατάξεων η Ελλάδα ατενίζει το μέλλον με αισιοδοξία

https://t.co/RSg1sy0idN",σακελλαροπουλου μεσα σε ενα περιβαλλον γεωπολιτικων ανακαταταξεων η ελλαδα ατενιζει το μελλον με αισιοδοξια,1
Μαστροπεία: Σε ασφαλές περιβάλλον η 14χρονη που το έσκασε από δομή και την εξέδιδαν https://t.co/GtR1rQOEtp,μαστροπεια σε ασφαλεσ περιβαλλον η χρονη που το εσκασε απο δομη και την εξεδιδαν,1
Σε ασφαλές περιβάλλον η 14χρονη που είχε πέσει θύμα μαστροπείας στη Νέα Σμύρνη https://t.co/ZcnHeTPpmN,σε ασφαλεσ περιβαλλον η χρονη που ειχε πεσει θυμα μαστροπειασ στη νεα σμυρνη,1
RT @atsipras: Ζητάω ισχυρή λαϊκή εντολή με νίκη του ΣΥΡΙΖΑ για να σχηματίσουμε προοδευτική κυβέρνηση συνεργασίας την επόμενη των εκλογών. Τ…, atsipras ζηταω ισχυρη λαϊκη εντολη με νικη του συριζα για να σχηματισουμε προοδευτικη κυβερνηση συνεργασιασ την επομενη των εκλογων τ,1
RT @MichaelidouAth: Πρωινή επίσκεψη στο Γυμνάσιο Αγλαντζιάς. Μαζί με τους/τις μαθητές/τριες και τις/τους εκπαιδευτικούς μας. Καινοτόμα προγ…, michaelidouath πρωινη επισκεψη στο γυμνασιο αγλαντζιασ μαζι με τουστισ μαθητεστριεσ και τιστουσ εκπαιδευτικουσ μασ καινοτομα προγ,1
"Η ξηρασία ρεκόρ στο Κέρας της Αφρικής οφείλεται στην #κλιματική_αλλαγή

https://t.co/wPrwztagI0

#ClimateCrisis #Africa https://t.co/ymQegIZcxZ",η ξηρασια ρεκορ στο κερασ τησ αφρικησ οφειλεται στην κλιματικη_αλλαγη climatecrisis africa,1
Σε ασφαλές περιβάλλον η 14χρονη που είχε πέσει θύμα μαστροπείας στη Νέα Σμύρνη https://t.co/VFH4NdnY7i #aniliki #mastropeia #neasmyrni,σε ασφαλεσ περιβαλλον η χρονη που ειχε πεσει θυμα μαστροπειασ στη νεα σμυρνη aniliki mastropeia neasmyrni,1
Νέα Σμύρνη: Σε ασφαλές περιβάλλον η 14χρονη που το έσκασε από δομή και την εξέδιδαν - https://t.co/IMKuNW5UcS https://t.co/z5jtRugzQi,νεα σμυρνη σε ασφαλεσ περιβαλλον η χρονη που το εσκασε απο δομη και την εξεδιδαν,1
Νέα Σμύρνη: Σε ασφαλές περιβάλλον η 14χρονη που το έσκασε από δομή και την εξέδιδαν - https://t.co/0iEjitWJgv https://t.co/P5DCP9jrd3,νεα σμυρνη σε ασφαλεσ περιβαλλον η χρονη που το εσκασε απο δομη και την εξεδιδαν,1
"Γρ. Τάσιος: «Τα Ζερβοχώρια Χαλκιδικής αξίζουν και μπορούν να έχουν βιώσιμη τουριστική ανάπτυξη» - https://t.co/eiOPQNSsIs https://t.co/EZKPKfT6ck 
@Grigoristasios #Ζερβεροχώρια #Χαλκιδική #Υποψήφιος_Βουλευτής #Τουριστική_Ανάπτυξη",γρ τασιοσ τα ζερβοχωρια χαλκιδικησ αξιζουν και μπορουν να εχουν βιωσιμη τουριστικη αναπτυξη grigoristasios ζερβεροχωρια χαλκιδικη υποψηφιοσ_βουλευτησ τουριστικη_αναπτυξη,1
"RT @sofokleous10: Λαιμός (Enesel): Η ελληνική ναυτιλία, πιστή στη δέσμευσή της για το περιβάλλον https://t.co/yI9Az3UR92", sofokleous λαιμοσ enesel η ελληνικη ναυτιλια πιστη στη δεσμευση τησ για το περιβαλλον,1
Ο Ευθύμιος Λέκκας στη Λάρισα για την παρουσίαση του Προγράμματος Επιμόρφωσης στην Διαχείριση Κινδύνων &amp; Κρίσεων στο Σχολικό Περιβάλλον στην Περιφέρεια Θεσσαλίας - LarissaPress https://t.co/VTE3M0SsLC,ο ευθυμιοσ λεκκασ στη λαρισα για την παρουσιαση του προγραμματοσ επιμορφωσησ στην διαχειριση κινδυνων amp κρισεων στο σχολικο περιβαλλον στην περιφερεια θεσσαλιασ larissapress,1
RT @ilianewskoukos: ΕΠΣΗ/Παρασκήνιο: Το σενάριο πρόωρων εκλογών και γιατί το φοβάται το περιβάλλον Κουλούρη https://t.co/WWMwouJxzy, ilianewskoukos επσηπαρασκηνιο το σεναριο προωρων εκλογων και γιατι το φοβαται το περιβαλλον κουλουρη,1
ΕΠΣΗ/Παρασκήνιο: Το σενάριο πρόωρων εκλογών και γιατί το φοβάται το περιβάλλον Κουλούρη https://t.co/WWMwouJxzy,επσηπαρασκηνιο το σεναριο προωρων εκλογων και γιατι το φοβαται το περιβαλλον κουλουρη,1
"Ø Μείωση σπατάλης τροφίμων
Ø Προστατεύουμε το περιβάλλον
Ø Δημοσιογραφική διάσκεψη για τη σπατάλη τροφίμων του συγχρηματοδοτούμενου από την ΕΕ έργου Life FoodPrint για ενημέρωση καταναλωτών, επιχειρήσεων και ενδιαφερομένων φορέων. https://t.co/dSSprTQBVr https://t.co/7IfvELqElr",ø μειωση σπαταλησ τροφιμων ø προστατευουμε το περιβαλλον ø δημοσιογραφικη διασκεψη για τη σπαταλη τροφιμων του συγχρηματοδοτουμενου απο την εε εργου life foodprint για ενημερωση καταναλωτων επιχειρησεων και ενδιαφερομενων φορεων,1
"Το φετινό θέμα που ορίστηκε από τη Διεθνή Οργάνωση Εργασίας (ΔΟΕ) είναι: «Ένα ασφαλές και υγιές εργασιακό περιβάλλον είναι θεμελιώδης αρχή και δικαίωμα στην εργασία».

https://t.co/SDdeLmmz0p https://t.co/aURRNlr191",το φετινο θεμα που οριστηκε απο τη διεθνη οργανωση εργασιασ δοε ειναι ενα ασφαλεσ και υγιεσ εργασιακο περιβαλλον ειναι θεμελιωδησ αρχη και δικαιωμα στην εργασια,1
Η «Ολυμπος» στηρίζει το Larissa Cycling Forum και τη βιώσιμη κινητικότητα στη Λάρισα https://t.co/Ka60FCElu3,η ολυμποσ στηριζει το larissa cycling forum και τη βιωσιμη κινητικοτητα στη λαρισα,1
Η «Όλυμπος» στηρίζει τη βιώσιμη κινητικότητα στη Λάρισα - LarissaPress https://t.co/H1H4ECpYKG,η ολυμποσ στηριζει τη βιωσιμη κινητικοτητα στη λαρισα larissapress,1
"Το Μονακό προστίθεται σε πόλεις όπως η Βενετία, η Βαρκελώνη &amp; το Ντουμπρόβνικ που επιχειρούν να σταματήσουν την ανεξέλεγκτη αποβίβαση χιλιάδων τουριστών καθημερινά, που προκαλούν σοβαρή επιβάρυνση στις υποδομές &amp; στο περιβάλλον τους αφήνοντας δυσανάλογα μικρά οικονομικά οφέλη.",το μονακο προστιθεται σε πολεισ οπωσ η βενετια η βαρκελωνη amp το ντουμπροβνικ που επιχειρουν να σταματησουν την ανεξελεγκτη αποβιβαση χιλιαδων τουριστων καθημερινα που προκαλουν σοβαρη επιβαρυνση στισ υποδομεσ amp στο περιβαλλον τουσ αφηνοντασ δυσαναλογα μικρα οικονομικα οφελη,1
Μίνα Γκάγκα: «Από την κακή κατανομή υγειονομικού προσωπικού σε ένα βιώσιμο σύστημα υγείας» https://t.co/siovcbgO4h,μινα γκαγκα απο την κακη κατανομη υγειονομικου προσωπικου σε ενα βιωσιμο συστημα υγειασ,1
Βιώσιμη ανάπτυξη και ελληνικός τουρισμός (του Γεώργιου Μεσσήνη) https://t.co/rHRw4ghxFh https://t.co/8xx3DsKySQ,βιωσιμη αναπτυξη και ελληνικοσ τουρισμοσ του γεωργιου μεσσηνη,1
"Ο ρόλος και ο σκοπός των ESG στην κοινωνία, το περιβάλλον και την οικονομία https://t.co/PqXZN1Nze0 https://t.co/iXdxYvefYn",ο ρολοσ και ο σκοποσ των esg στην κοινωνια το περιβαλλον και την οικονομια,1
Η συνεργασία προϋπόθεση για ένα πιο βιώσιμο και κερδοφόρο μέλλον https://t.co/umTYd64GVz,η συνεργασια προϋποθεση για ενα πιο βιωσιμο και κερδοφορο μελλον,1
"Η Γερμανία, η Ολλανδία και η Γαλλία μαζί με τρεις άλλες χώρες ζητούν από την ΕΕ να υιοθετήσει δεσμευτικούς κανόνες προκειμένου να περιοριστούν τα μικροπλαστικά που μολύνουν το περιβάλλον και τα οποία έχουν εντοπιστεί στον ανθρώπινο οργανισμό, τους

https://t.co/ZLMOB0zZbW",η γερμανια η ολλανδια και η γαλλια μαζι με τρεισ αλλεσ χωρεσ ζητουν απο την εε να υιοθετησει δεσμευτικουσ κανονεσ προκειμενου να περιοριστουν τα μικροπλαστικα που μολυνουν το περιβαλλον και τα οποια εχουν εντοπιστει στον ανθρωπινο οργανισμο τουσ,1
"Έξι χώρες ζητούν από την Κομισιόν να υιοθετήσει δεσμευτικούς κανόνες για τον περιορισμό των μικροπλαστικών

https://t.co/at4hzwumZG

#περιβαλλον @EU_Commission https://t.co/oTN6O0FBWf",εξι χωρεσ ζητουν απο την κομισιον να υιοθετησει δεσμευτικουσ κανονεσ για τον περιορισμο των μικροπλαστικων περιβαλλον eu_commission,1
RT @sofokleous10: Ανανεώσιμες Πηγές Ενέργειας σε έναν κόσμο με μηδενικό ισοζύγιο https://t.co/kZ1wDkw9mg, sofokleous ανανεωσιμεσ πηγεσ ενεργειασ σε εναν κοσμο με μηδενικο ισοζυγιο,1
Εξελίξεις σχετικά με το έργο ΣΔΙΤ της διαχείρισης απορριμμάτων. Χρονοδιάγραμμα λειτουργίας ολοκληρωμένης διαχείρισης στις μονάδες Καλλιρρόης Μεσσηνίας και της Σκάλας Λακωνίας. https://t.co/7yxkwXCCCd #σδιτ #πελοπόννησος #Νικολάκου #ontimenewsgr #απορρίμματα  #περιβάλλον,εξελιξεισ σχετικα με το εργο σδιτ τησ διαχειρισησ απορριμματων χρονοδιαγραμμα λειτουργιασ ολοκληρωμενησ διαχειρισησ στισ μοναδεσ καλλιρροησ μεσσηνιασ και τησ σκαλασ λακωνιασ σδιτ πελοποννησοσ νικολακου ontimenewsgr απορριμματα περιβαλλον,1
"Διαδραστικές oμιλίες σε Βυρώνεια, Καστανούσσα και Ν. Πετρίτσι με θέματα «Σχέσεις σχολείου – οικογένειας» και «Τεχνικές επικοινωνίας – Διαχείριση συγκρουσιακών καταστάσεων στο οικογενειακό και σχολικό περιβάλλον» 
#Δήμος_Σιντικής #Serres
https://t.co/oje9x0qsr9",διαδραστικεσ oμιλιεσ σε βυρωνεια καστανουσσα και ν πετριτσι με θεματα σχεσεισ σχολειου οικογενειασ και τεχνικεσ επικοινωνιασ διαχειριση συγκρουσιακων καταστασεων στο οικογενειακο και σχολικο περιβαλλον δημοσ_σιντικησ serres,1
Πιλοτικό πρόγραμμα διαχείρισης κινδύνων και κρίσεων στο σχολικό περιβάλλον στην Περιφέρεια Θεσσαλίας https://t.co/fxCBjBII5i μέσω @mouzakinews.gr,πιλοτικο προγραμμα διαχειρισησ κινδυνων και κρισεων στο σχολικο περιβαλλον στην περιφερεια θεσσαλιασ μεσω mouzakinewsgr,1
Πιλοτικό πρόγραμμα διαχείρισης κινδύνων και κρίσεων στο σχολικό περιβάλλον στην Περιφέρεια Θεσσαλίας https://t.co/q7B8NCMUOU,πιλοτικο προγραμμα διαχειρισησ κινδυνων και κρισεων στο σχολικο περιβαλλον στην περιφερεια θεσσαλιασ,1
Από την κακή κατανομή υγειονομικού προσωπικού σε ένα βιώσιμο σύστημα υγείας https://t.co/WDli9HETBI https://t.co/EyeMxsJnZq,απο την κακη κατανομη υγειονομικου προσωπικου σε ενα βιωσιμο συστημα υγειασ,1
Ενεργειακή μετάβαση - Πράσινη Ενέργεια: Η Ελλάδα ως ενεργειακό HUB και οι προοπτικές https://t.co/Vg0cfEQejH via @bankingnewsgr,ενεργειακη μεταβαση πρασινη ενεργεια η ελλαδα ωσ ενεργειακο hub και οι προοπτικεσ via bankingnewsgr,1
Πιλοτικό πρόγραμμα διαχείρισης κινδύνων και κρίσεων στο σχολικό περιβάλλον στην Περιφέρεια Θεσσαλίας - Συμμετέχουν 29 σχολικές μονάδες και 89 εκπαιδευτικοί -Λέκκας: Ξεκινάμε από τη Θεσσαλία γιατί εδώ αντιμετωπίσαμε άμεσα και αποτελεσματικά όλες τις κρίσεις https://t.co/2XgmrnQ0oG,πιλοτικο προγραμμα διαχειρισησ κινδυνων και κρισεων στο σχολικο περιβαλλον στην περιφερεια θεσσαλιασ συμμετεχουν σχολικεσ μοναδεσ και εκπαιδευτικοι λεκκασ ξεκιναμε απο τη θεσσαλια γιατι εδω αντιμετωπισαμε αμεσα και αποτελεσματικα ολεσ τισ κρισεισ,1
Πιλοτικό πρόγραμμα διαχείρισης κινδύνων και κρίσεων στο σχολικό περιβάλλον https://t.co/0ykX2B8wd4,πιλοτικο προγραμμα διαχειρισησ κινδυνων και κρισεων στο σχολικο περιβαλλον,1
Θα μετράνε ανά προϊόν το αποτύπωμα άνθρακα!!!! Τι προτάθηκε για τον πράσινο φόρο στο Φόρουμ των Δελφών… https://t.co/GPLKypjhJO,θα μετρανε ανα προϊον το αποτυπωμα ανθρακα τι προταθηκε για τον πρασινο φορο στο φορουμ των δελφων,1
ΜέΡΑ25 – Συμμαχία για τη Ρήξη: Σημαντική η προσθήκη της θεματικής για το Περιβάλλον στο debate - LarissaPress https://t.co/BXLx7qCQ8e,μερα συμμαχια για τη ρηξη σημαντικη η προσθηκη τησ θεματικησ για το περιβαλλον στο debate larissapress,1
Η μεγάλη ενεργειακή απάτη: Τι κρύβεται πίσω από επενδύσεις ύψους... 5 τρισεκ. δολαρίων για ανανεώσιμες πηγές ενέργειας https://t.co/ZDfaSNplNZ via @bankingnewsgr,η μεγαλη ενεργειακη απατη τι κρυβεται πισω απο επενδυσεισ υψουσ τρισεκ δολαριων για ανανεωσιμεσ πηγεσ ενεργειασ via bankingnewsgr,1
"RT @h_doukas: Με τον όρο ""βιώσιμο χρέος"", χάθηκε η έννοια της βιωσιμότητας.
Ακολουθούν οι 10 χώρες με το μεγαλύτερο χρέος (% του ΑΕΠ):
🇬🇷 G…", h_doukas με τον ορο βιωσιμο χρεοσ χαθηκε η εννοια τησ βιωσιμοτητασ ακολουθουν οι χωρεσ με το μεγαλυτερο χρεοσ του αεπ g,1
"@h_doukas Βιώσιμο και χρέος δεν γινεται. Ειτε θα εισαι βιωσιμος, ειτε θα χρωστας. Εχουν κανει την γλωσσα μας ξεσκονοπανο...",h_doukas βιωσιμο και χρεοσ δεν γινεται ειτε θα εισαι βιωσιμοσ ειτε θα χρωστασ εχουν κανει την γλωσσα μασ ξεσκονοπανο,1
Η μεγάλη ενεργειακή απάτη: Τι κρύβεται πίσω από επενδύσεις ύψους... 5 τρισεκ. δολαρίων για ανανεώσιμες πηγές ενέργειας https://t.co/oqsY0wUhO0 via @bankingnewsgr,η μεγαλη ενεργειακη απατη τι κρυβεται πισω απο επενδυσεισ υψουσ τρισεκ δολαριων για ανανεωσιμεσ πηγεσ ενεργειασ via bankingnewsgr,1
"Εκτός από τις επιπτώσεις στο περιβάλλον, στην ποιότητα της ζωής και του αέρα που αναπνέουμε, η κλιματική αλλαγή δημιουργεί νέες συνθήκες σε μία σειρά τομέων, όπως είναι ο εργασιακός. Νέα επαγγέλματα ήκαι παλιότερα με νέο ρόλο έχουν έρθει πλέον στο

https://t.co/1O63NKp1oi",εκτοσ απο τισ επιπτωσεισ στο περιβαλλον στην ποιοτητα τησ ζωησ και του αερα που αναπνεουμε η κλιματικη αλλαγη δημιουργει νεεσ συνθηκεσ σε μια σειρα τομεων οπωσ ειναι ο εργασιακοσ νεα επαγγελματα ηκαι παλιοτερα με νεο ρολο εχουν ερθει πλεον στο,1
"Προφητικός ο Φιντέλ Κάστρο απ το 2009 είχε προβλέψει:ο κόσμος παλεύει με οικονομικές κρίσεις, πανδημίες,κλιματική αλλαγή,κινδύνους πολέμου..+υπάρχουν ακόμα κάποιοι που φαντάζονται ότι οι άνθρωποι μπορούν να χειραγωγηθούν σαν μαριονέτες
#covid19 #κορωνοιος
https://t.co/M771w423fg",προφητικοσ ο φιντελ καστρο απ το ειχε προβλεψειο κοσμοσ παλευει με οικονομικεσ κρισεισ πανδημιεσκλιματικη αλλαγηκινδυνουσ πολεμουυπαρχουν ακομα καποιοι που φανταζονται οτι οι ανθρωποι μπορουν να χειραγωγηθουν σαν μαριονετεσ covid κορωνοιοσ,1
RT @LykavitosGr: Σπάνε όλα τα ρεκόρ οι πωλήσεις ιδιωτικών τζετ - «Καμπανάκι» για καταστροφή του περιβάλλοντος  #ιδιωτικά_τζετ #κλιματική_κρ…, lykavitosgr σπανε ολα τα ρεκορ οι πωλησεισ ιδιωτικων τζετ καμπανακι για καταστροφη του περιβαλλοντοσ ιδιωτικα_τζετ κλιματικη_κρ,1
RT @LykavitosGr: Σπάνε όλα τα ρεκόρ οι πωλήσεις ιδιωτικών τζετ - «Καμπανάκι» για καταστροφή του περιβάλλοντος  #ιδιωτικά_τζετ #κλιματική_κρ…, lykavitosgr σπανε ολα τα ρεκορ οι πωλησεισ ιδιωτικων τζετ καμπανακι για καταστροφη του περιβαλλοντοσ ιδιωτικα_τζετ κλιματικη_κρ,1
ΜέΡΑ25: «Όλα μπορούν να είναι αλλιώς σε περιβάλλον και κλιματική κρίση» (vid) https://t.co/HX4QAyApBx,μερα ολα μπορουν να ειναι αλλιωσ σε περιβαλλον και κλιματικη κριση vid,1
επιχείρησης του αλλά και σε πιο μακροπρόθεσμο ορίζοντα ιδιαίτερα με τις συνθήκες που διαμορφώνει σήμερα το εξωτερικό περιβάλλον.,επιχειρησησ του αλλα και σε πιο μακροπροθεσμο οριζοντα ιδιαιτερα με τισ συνθηκεσ που διαμορφωνει σημερα το εξωτερικο περιβαλλον,1
Oι ήδη υψηλές θερμοκρασίες σε πολλές περιοχές της Ευρώπης δημιουργούν ανησυχίες πως το κλίμα και το περιβάλλον της Β. Μεσογείου μπορεί σε όχι πολλά χρόνια να μοιάζει με εκείνο της Β. Αφρικής και της Μ. Ανατολής. https://t.co/8jxxQe4cxu,oι ηδη υψηλεσ θερμοκρασιεσ σε πολλεσ περιοχεσ τησ ευρωπησ δημιουργουν ανησυχιεσ πωσ το κλιμα και το περιβαλλον τησ β μεσογειου μπορει σε οχι πολλα χρονια να μοιαζει με εκεινο τησ β αφρικησ και τησ μ ανατολησ,1
"Σε ένα περιβάλλον που μπορεί να χαρακτηριστεί ως το δυσκολότερο μετά τον 2ο Παγκόσμιο Πόλεμο, οι επιχειρήσεις τόσο στη χώρα μας αλλά και ανά τον κόσμο είναι αντιμέτωπες με μία σειρά από προκλήσεις που απειλούν καθημερινά τη βιωσιμότητα τους.

https://t.co/hfeQbc4NTu https://t.co/F52vz1y3KT",σε ενα περιβαλλον που μπορει να χαρακτηριστει ωσ το δυσκολοτερο μετα τον ο παγκοσμιο πολεμο οι επιχειρησεισ τοσο στη χωρα μασ αλλα και ανα τον κοσμο ειναι αντιμετωπεσ με μια σειρα απο προκλησεισ που απειλουν καθημερινα τη βιωσιμοτητα τουσ,1
Μπερμπάτη (Τρ. Πειραιώς): Εφικτή και οικονομικά βιώσιμη η μετάβαση σε μία οικονομία χωρίς εκπομπές άνθρακα #businessnewsgr https://t.co/2ptVxVIIdm,μπερμπατη τρ πειραιωσ εφικτη και οικονομικα βιωσιμη η μεταβαση σε μια οικονομια χωρισ εκπομπεσ ανθρακα businessnewsgr,1
"Καραλαριώτου: «Βιώσιμη γεωργία, στήριξη στους παραγωγούς» - LarissaPress https://t.co/OEcE5kWL8X",καραλαριωτου βιωσιμη γεωργια στηριξη στουσ παραγωγουσ larissapress,1
"RT @TheOpinion_News: Το 1ο Φεστιβάλ, Παιδί, Διατροφή και Περιβάλλον στη Θεσσαλονίκη #Thessaloniki #skg #TheOpinion https://t.co/fJLUCM6c0I", theopinion_news το ο φεστιβαλ παιδι διατροφη και περιβαλλον στη θεσσαλονικη thessaloniki skg theopinion,1
Μελέτη BCG: Επενδύοντας σε μια πράσινη οικονομία υδρογόνου #businessnewsgr https://t.co/BlUlxFHSEt,μελετη bcg επενδυοντασ σε μια πρασινη οικονομια υδρογονου businessnewsgr,1
"ΙΕΚ Τουρισμού Μακεδονίας: Στο ‘μικροσκόπιο’ η βιώσιμη τουριστική διαχείριση στην παράκτια ζώνη Δήμου Θερμαϊκού https://t.co/eiOPQNSsIs https://t.co/B8TTIKXVBs 
#Τουρισμός #Δήμος_Θερμαϊκού",ιεκ τουρισμου μακεδονιασ στο μικροσκοπιο η βιωσιμη τουριστικη διαχειριση στην παρακτια ζωνη δημου θερμαϊκου τουρισμοσ δημοσ_θερμαϊκου,1
"RT @stavroforos_: ""Στενές επαφές του κομματάρχη Κανελλόπουλου με το περιβάλλον Μητσοτάκη!Όπως αποδείχτηκε &amp; με την έγκριση συμμετοχής στις…", stavroforos_ στενεσ επαφεσ του κομματαρχη κανελλοπουλου με το περιβαλλον μητσοτακηοπωσ αποδειχτηκε amp με την εγκριση συμμετοχησ στισ,1
RT @pantislawoffice: Για δεύτερη χρονιά η #Ελλαδα στην θλιβερή τελευταία θέση μεταξύ των χωρών της #ΕΕ στην ελευθερία του τύπου ... χειρότε…, pantislawoffice για δευτερη χρονια η ελλαδα στην θλιβερη τελευταια θεση μεταξυ των χωρων τησ εε στην ελευθερια του τυπου χειροτε,1
"https://t.co/ioRPRjiITw
Να και ένα καλό νέο! 
#περιβάλλον",να και ενα καλο νεο περιβαλλον,1
Ανδρεάδη (Sani/Ikos): Ελλάδα και Μεσόγειος μπορούν να οδηγήσουν τη βιώσιμη τουριστική ανάπτυξη μέσω ESG #businessnewsgr https://t.co/ak9BY604ys,ανδρεαδη saniikos ελλαδα και μεσογειοσ μπορουν να οδηγησουν τη βιωσιμη τουριστικη αναπτυξη μεσω esg businessnewsgr,1
"Στις μέρες, μας το οικονομικό περιβάλλον παγκοσμίως μεταβάλλεται ραγδαία, θέτοντας τις επιχειρήσεις ενώπιον σημαντικών και πολυεπίπεδων https://t.co/TJ83YHM2K3 https://t.co/x8AHqkgzS5",στισ μερεσ μασ το οικονομικο περιβαλλον παγκοσμιωσ μεταβαλλεται ραγδαια θετοντασ τισ επιχειρησεισ ενωπιον σημαντικων και πολυεπιπεδων,1
Οι 5 καλύτερες τροφές για το περιβάλλον και οι 5 χειρότερες https://t.co/tRD0wGgdB9 https://t.co/KrQMxljWzf,οι καλυτερεσ τροφεσ για το περιβαλλον και οι χειροτερεσ,1
"Εκδήλωση του ΚΚΕ για το περιβάλλον και τις ΑΠΕ- Οι τοποθετήσεις των ομιλητών 
#ΚΚΕ #Σέρρες #ΑΠΕ #περιβάλλον #Serres
https://t.co/cgAyMkNMG0",εκδηλωση του κκε για το περιβαλλον και τισ απε οι τοποθετησεισ των ομιλητων κκε σερρεσ απε περιβαλλον serres,1
"♻️ Μια μεγάλη γιορτή για το περιβάλλον και τα παιδια, αυτή την Κυριακή 7/5, στις 11 το πρωί στο Πολιτιστικό Κέντρο Γέρακα.

Βραβεύουμε :🔸Τους μαθητές όλων των σχολείων για τις επιδόσεις τους στον φετινό 7ο Μαραθώνιο Ανακύκλωσης🔸Τα καλύτερα έργα του

https://t.co/hKQgJMoIWo https://t.co/gumXDKhUKI",μια μεγαλη γιορτη για το περιβαλλον και τα παιδια αυτη την κυριακη στισ το πρωι στο πολιτιστικο κεντρο γερακα βραβευουμε τουσ μαθητεσ ολων των σχολειων για τισ επιδοσεισ τουσ στον φετινο ο μαραθωνιο ανακυκλωσηστα καλυτερα εργα του,1
"“In” η Ελλάδα λέει η TUI | Κρήτη, Κέρκυρα, Κως και Ρόδος σημείο αναφοράς για τους ταξιδιώτες - “Φάρος” για τον βιώσιμο τουρισμό η Ρόδος -",in η ελλαδα λεει η tui κρητη κερκυρα κωσ και ροδοσ σημειο αναφορασ για τουσ ταξιδιωτεσ φαροσ για τον βιωσιμο τουρισμο η ροδοσ,1
Τύρναβος: Δράση ευαισθητοποίησης στους μαθητές με θέμα: Συγκρούσεις – Διαφωνίες στο σχολικό περιβάλλον - LarissaPress https://t.co/aNA5X1TAUj,τυρναβοσ δραση ευαισθητοποιησησ στουσ μαθητεσ με θεμα συγκρουσεισ διαφωνιεσ στο σχολικο περιβαλλον larissapress,1
"TUI: Κρήτη, Κέρκυρα, Κως και Ρόδος σημείο αναφοράς για τους ταξιδιώτες – “Φάρος” για τον βιώσιμο τουρισμό η #Δημοκρατική #Ρόδος #Δωδεκάνησα https://t.co/U0HZmg4kZt",tui κρητη κερκυρα κωσ και ροδοσ σημειο αναφορασ για τουσ ταξιδιωτεσ φαροσ για τον βιωσιμο τουρισμο η δημοκρατικη ροδοσ δωδεκανησα,1
"ΜακΚίσικ: Να απαντήσουμε στη δύναμη με περισσότερη δύναμη, θέλουμε από τον κόσμο εχθρικό περιβάλλον στο ΣΕΦ #athlosnews #ΑΘΛΟΣ https://t.co/WRZwdOnSSW",μακκισικ να απαντησουμε στη δυναμη με περισσοτερη δυναμη θελουμε απο τον κοσμο εχθρικο περιβαλλον στο σεφ athlosnews αθλοσ,1
Ένωση για τη Μεσόγειο: Η αύξηση της θερμοκρασίας στη Μεσόγειο και το νέο Στρατηγικό Σχέδιο για βιώσιμη αστική ανάπτυξη https://t.co/7oeaXIDEWa,ενωση για τη μεσογειο η αυξηση τησ θερμοκρασιασ στη μεσογειο και το νεο στρατηγικο σχεδιο για βιωσιμη αστικη αναπτυξη,1
"Αντώνης Καμπουράκης: Σύγχρονη και Βιώσιμη, Μεσαιωνική Πόλη Ρόδου #Δημοκρατική #Ρόδος #Δωδεκάνησα https://t.co/gkvypE4Uxz",αντωνησ καμπουρακησ συγχρονη και βιωσιμη μεσαιωνικη πολη ροδου δημοκρατικη ροδοσ δωδεκανησα,1
Κυριάκος Μητσοτάκης: Αδύνατο να προκύψει βιώσιμη κυβέρνηση στις 21 Μαΐου https://t.co/MjQqcAuhUF,κυριακοσ μητσοτακησ αδυνατο να προκυψει βιωσιμη κυβερνηση στισ μαΐου,1
RT @TheOpinion_News: Μητσοτάκης: Αδύνατο να προκύψει βιώσιμη κυβέρνηση στις 21 Μαΐου (VIDEO) #Thessaloniki #skg #TheOpinion https://t.co/S0…, theopinion_news μητσοτακησ αδυνατο να προκυψει βιωσιμη κυβερνηση στισ μαΐου video thessaloniki skg theopinion,1
"#Εκλογές
Συνέντευξη ΑΠΕ-ΜΠΕ   
Δέσποινα Δαλαμπούρα: 
«Διακύβευμα των εκλογών είναι η δημιουργία μιας ανθεκτικής και συνεκτικής κοινωνίας, μέσα από μια δίκαιη και βιώσιμη ανάπτυξη»

#Εκλογες_21__Μαιου #Εκλογές2023 

https://t.co/DMmdTANIYj",εκλογεσ συνεντευξη απεμπε δεσποινα δαλαμπουρα διακυβευμα των εκλογων ειναι η δημιουργια μιασ ανθεκτικησ και συνεκτικησ κοινωνιασ μεσα απο μια δικαιη και βιωσιμη αναπτυξη εκλογεσ___μαιου εκλογεσ,1
"RT @LykavitosGr: Βιετνάμ: Οι αρχές κατέγραψαν θερμοκρασία ρεκόρ 44,1 βαθμών Κελσίου  #Βιετνάμ #καύσωνας #κλιματική_κρίση https://t.co/iynmL…", lykavitosgr βιετναμ οι αρχεσ κατεγραψαν θερμοκρασια ρεκορ βαθμων κελσιου βιετναμ καυσωνασ κλιματικη_κριση,1
"RT @LykavitosGr: Βιετνάμ: Οι αρχές κατέγραψαν θερμοκρασία ρεκόρ 44,1 βαθμών Κελσίου  #Βιετνάμ #καύσωνας #κλιματική_κρίση https://t.co/iynmL…", lykavitosgr βιετναμ οι αρχεσ κατεγραψαν θερμοκρασια ρεκορ βαθμων κελσιου βιετναμ καυσωνασ κλιματικη_κριση,1
Εκλογές 2023 – Κυριάκος Μητσοτάκης: Αδύνατο να προκύψει βιώσιμη κυβέρνηση στις 21 Μαΐου – Η συνέντευξη του πρωθυπουργού στο Action24 https://t.co/uKrvq6ytNQ,εκλογεσ κυριακοσ μητσοτακησ αδυνατο να προκυψει βιωσιμη κυβερνηση στισ μαΐου η συνεντευξη του πρωθυπουργου στο action,1
"Ο ρόλος και ο σκοπός των ESG στην κοινωνία, το περιβάλλον και την οικονομία https://t.co/gYdDtEJZer",ο ρολοσ και ο σκοποσ των esg στην κοινωνια το περιβαλλον και την οικονομια,1
Οι καταρράκτες της Λευκάδας με το θαυμάσιο φυσικό περιβάλλον και τις ιδεώδεις διαδρομές https://t.co/bUJkZUz24a,οι καταρρακτεσ τησ λευκαδασ με το θαυμασιο φυσικο περιβαλλον και τισ ιδεωδεισ διαδρομεσ,1
"RT @machiavelli_gr: Εικόνα από τις μάχες στο αστικό περιβάλλον του δυτικού #Μπαχμούτ
#Bakhmut https://t.co/iUsP3Htzvf", machiavelli_gr εικονα απο τισ μαχεσ στο αστικο περιβαλλον του δυτικου μπαχμουτ bakhmut,1
"🗣 Νέα καθαρή εντολή στη Νέα Δημοκρατία: Βιώσιμη και αναγκαία συνθήκη για την ευημερία και την πρόοδο του τόπου

✍ Άρθρο της @olgakef, υποψήφιας βουλευτή ΝΔ Α’ Αθηνών, στο Newsbeast

https://t.co/v4OWahkx3v",νεα καθαρη εντολη στη νεα δημοκρατια βιωσιμη και αναγκαια συνθηκη για την ευημερια και την προοδο του τοπου αρθρο τησ olgakef υποψηφιασ βουλευτη νδ α αθηνων στο newsbeast,1
"RT @AgricultureCY: 12η Μαΐου: Διεθνής Ημέρα της Υγείας των Φυτών έρχεται να τονίσει ότι το κλειδί για βιώσιμη ανάπτυξη της γεωργίας, επισιτ…", agriculturecy η μαΐου διεθνησ ημερα τησ υγειασ των φυτων ερχεται να τονισει οτι το κλειδι για βιωσιμη αναπτυξη τησ γεωργιασ επισιτ,1
"Μουσείο Ασιατικής Τέχνης Κέρκυρας: Διεθνής Ημέρα Μουσείων, ICOM, 18 Μαΐου 2023 με θέμα «Μουσεία, Αειφορία και Ποιότητα Ζωής». - https://t.co/yzIMOKGNW8",μουσειο ασιατικησ τεχνησ κερκυρασ διεθνησ ημερα μουσειων icom μαΐου με θεμα μουσεια αειφορια και ποιοτητα ζωησ,1
"Σκρέκας: Στηρίζουμε την ηλεκτροκίνηση, αναπτύσσουμε την «πράσινη» οικονομία https://t.co/f1fDcI2RD2",σκρεκασ στηριζουμε την ηλεκτροκινηση αναπτυσσουμε την πρασινη οικονομια,1
Campeόn Gaming: Διακρίθηκε για το εργασιακό της περιβάλλον #businessnewsgr https://t.co/rxNrBKpU8Z,campeοn gaming διακριθηκε για το εργασιακο τησ περιβαλλον businessnewsgr,1
Εκλογές 2023: Δημήτρης Καραβέλλας - WWF: «Οι πολιτικοί να αναλάβουν δεσμεύσεις για το περιβάλλον» https://t.co/aYyhngYGBj,εκλογεσ δημητρησ καραβελλασ wwf οι πολιτικοι να αναλαβουν δεσμευσεισ για το περιβαλλον,1
"Μουσείο Τηλεπικοινωνιών Ομίλου ΟΤΕ: «Μουσεία, Αειφορία και Ποιότητα Ζωής» https://t.co/ZoXecp7vcQ",μουσειο τηλεπικοινωνιων ομιλου οτε μουσεια αειφορια και ποιοτητα ζωησ,1
"«Τουρισμός, Πρωτογενής Τομέας, Περιβάλλον και Πανεπιστήμιο» https://t.co/Bbbhw9BVgz",τουρισμοσ πρωτογενησ τομεασ περιβαλλον και πανεπιστημιο,1
Κυκλική Οικονομία στην πράξη από την Περιφέρεια Αττικής και τον ΕΔΣΝΑ https://t.co/jHEdU3ifM3 https://t.co/qPFmOtbEK2,κυκλικη οικονομια στην πραξη απο την περιφερεια αττικησ και τον εδσνα,1
Κικίλιας: Αύξηση εσόδων με ποιοτικούς επισκέπτες διασφαλίζοντας βιώσιμο τουριστικό μοντέλο https://t.co/gdoxL9mJOt,κικιλιασ αυξηση εσοδων με ποιοτικουσ επισκεπτεσ διασφαλιζοντασ βιωσιμο τουριστικο μοντελο,1
".@Vkikilias : Αυξάνουμε τα έσοδα με ποιοτικούς επισκέπτες διασφαλίζοντας το βιώσιμο #τουριστικό μοντέλο

https://t.co/EdK4HHWtRx https://t.co/uH74e82rrd",vkikilias αυξανουμε τα εσοδα με ποιοτικουσ επισκεπτεσ διασφαλιζοντασ το βιωσιμο τουριστικο μοντελο,1
Βασίλης Κικίλιας: «Αυξάνουμε τα έσοδα με ποιοτικούς επισκέπτες διασφαλίζοντας το βιώσιμο τουριστικό μοντέλο» https://t.co/KUAzN3n4MC,βασιλησ κικιλιασ αυξανουμε τα εσοδα με ποιοτικουσ επισκεπτεσ διασφαλιζοντασ το βιωσιμο τουριστικο μοντελο,1
"RT @olgakef: Νέα καθαρή εντολή στη Νέα Δημοκρατία: Βιώσιμη και αναγκαία συνθήκη για την ευημερία και την πρόοδο του τόπου 

Σημερινό άρθρο…", olgakef νεα καθαρη εντολη στη νεα δημοκρατια βιωσιμη και αναγκαια συνθηκη για την ευημερια και την προοδο του τοπου σημερινο αρθρο,1
"📌👉 ΠΑΚΟΕ: Οι λίμνες Κερκίνη και Κάρλα «εκβράζουν θάνατο» και οι εκλογές δεν είναι δικαιολογία για την απραξία
#νεκρά_ψάρια #λίμνη_Κερκίνη #ΠΑΚΟΕ #Κερκίνη #περιβάλλον #Kerkini #Serres #Kerkini_lake https://t.co/8LlvY7OzYS",πακοε οι λιμνεσ κερκινη και καρλα εκβραζουν θανατο και οι εκλογεσ δεν ειναι δικαιολογια για την απραξια νεκρα_ψαρια λιμνη_κερκινη πακοε κερκινη περιβαλλον kerkini serres kerkini_lake,1
Σπ. Κροκίδης: «Στόχος μας η αειφόρος τουριστική ανάπτυξη» - Συνάντηση με AOCTA - ΕΝΗΜΕΡΩΣΗ On Line https://t.co/SUmhi13wxv,σπ κροκιδησ στοχοσ μασ η αειφοροσ τουριστικη αναπτυξη συναντηση με aocta ενημερωση on line,1
"Βιώσιμη ανάπτυξη μιας επιχείρησης επιτυγχάνεται όταν οι σημερινές ανάγκες των πελατών της καλύπτονται χωρίς να θυσιάζει πόρους, απερίσκεπτα και αλόγιστα, που θα χρειαστεί για να καλύψει τις μελλοντικές τους ανάγκες. 

https://t.co/qFEHWQ62sz https://t.co/hAfFAqozrm",βιωσιμη αναπτυξη μιασ επιχειρησησ επιτυγχανεται οταν οι σημερινεσ αναγκεσ των πελατων τησ καλυπτονται χωρισ να θυσιαζει πορουσ απερισκεπτα και αλογιστα που θα χρειαστει για να καλυψει τισ μελλοντικεσ τουσ αναγκεσ,1
Σπύρος Κροκίδης: «Στόχος μας η αειφόρος τουριστική ανάπτυξη» - https://t.co/2nyi1GXGbO,σπυροσ κροκιδησ στοχοσ μασ η αειφοροσ τουριστικη αναπτυξη,1
Κορονοϊός: Η «φρενίτιδα» με τη χρήση απολυμαντικών προκαλεί τώρα προβλήματα υγείας και ανησυχία για το περιβάλλον https://t.co/MToDCrioyW,κορονοϊοσ η φρενιτιδα με τη χρηση απολυμαντικων προκαλει τωρα προβληματα υγειασ και ανησυχια για το περιβαλλον,1
"RT @CYpresidency: Στόχος μας η αειφόρος ανάπτυξη, η ενίσχυση της ανταγωνιστικότητας της 🇨🇾σημαίας και η περαιτέρω προώθηση της εξαιρετικής…", cypresidency στοχοσ μασ η αειφοροσ αναπτυξη η ενισχυση τησ ανταγωνιστικοτητασ τησ σημαιασ και η περαιτερω προωθηση τησ εξαιρετικησ,1
"Οι έρευνες χρειάζονται σταθερό περιβάλλον, συνέχεια και συνέπεια
👇👇👇
https://t.co/ycVRNOpY9C",οι ερευνεσ χρειαζονται σταθερο περιβαλλον συνεχεια και συνεπεια,1
ΗΠΑ: 14.000 παλιές πετρελαιοπηγές εξακολουθούν να επιβαρύνουν το περιβάλλον #ΕΠΙΚΑΙΡΟΤΗΤΑ #ΑΝΕΝΕΡΓΕΣΠΕΤΡΕΛΑΙΟΠΗΓΕΣ By https://t.co/p9zfHynwcm https://t.co/AsMiCJf7Zh https://t.co/VSQGYVRCEQ,ηπα παλιεσ πετρελαιοπηγεσ εξακολουθουν να επιβαρυνουν το περιβαλλον επικαιροτητα ανενεργεσπετρελαιοπηγεσ by,1
Η Κρητική – Μεσογειακή διατροφή ασπίδα για το περιβάλλον και τη δημόσια υγεία https://t.co/TZVhsW4f8g,η κρητικη μεσογειακη διατροφη ασπιδα για το περιβαλλον και τη δημοσια υγεια,1
"⭕ Η προσπάθεια από το περιβάλλον της πολιτικής ηγεσίας του υπουργείου Πολιτισμού να διοχετευθεί στο κοινό από τα μέσα κοινωνικής δικτύωσης (ποιο ΜΜΕ θα έπαιρνε πάνω τέτοιο ψέμα;) ένα κλίμα ομηρείας και κακοποίησης των μελών της ΧΑΕ, δεν τελεσφόρησε.

https://t.co/LR7fDyLYRo",η προσπαθεια απο το περιβαλλον τησ πολιτικησ ηγεσιασ του υπουργειου πολιτισμου να διοχετευθει στο κοινο απο τα μεσα κοινωνικησ δικτυωσησ ποιο μμε θα επαιρνε πανω τετοιο ψεμα ενα κλιμα ομηρειασ και κακοποιησησ των μελων τησ χαε δεν τελεσφορησε,1
"Τριήμερο περιβαλλοντικό σεμινάριο με τίτλο: «Ανθρωπογενές πολιτιστικό απόθεμα σε απόλυτη αρμονική συνύπαρξη με παρθένο φυσικό περιβάλλον. Περίπτωση ανοιχτού μουσείου ή θετικής προσδοκίας αειφόρου ανάπτυξης;», πραγματοποιήθηκε στις 28-29-30 Απριλίου

https://t.co/s60qwRaCCv https://t.co/veqFMxqY78",τριημερο περιβαλλοντικο σεμιναριο με τιτλο ανθρωπογενεσ πολιτιστικο αποθεμα σε απολυτη αρμονικη συνυπαρξη με παρθενο φυσικο περιβαλλον περιπτωση ανοιχτου μουσειου η θετικησ προσδοκιασ αειφορου αναπτυξησ πραγματοποιηθηκε στισ απριλιου,1
Νέο πρόγραμμα απασχόλησης 5.000 ανέργων: Από σήμερα οι αιτήσεις – Έμφαση σε πράσινη οικονομία/γυναίκες https://t.co/lGyGgXh199,νεο προγραμμα απασχολησησ ανεργων απο σημερα οι αιτησεισ εμφαση σε πρασινη οικονομιαγυναικεσ,1
Νέο πρόγραμμα απασχόλησης 5.000 ανέργων: Από σήμερα οι αιτήσεις – Έμφαση σε πράσινη οικονομία/γυναίκες #Δημοκρατική #Ρόδος #Δωδεκάνησα https://t.co/UVgz19F8oe,νεο προγραμμα απασχολησησ ανεργων απο σημερα οι αιτησεισ εμφαση σε πρασινη οικονομιαγυναικεσ δημοκρατικη ροδοσ δωδεκανησα,1
Νέο πρόγραμμα απασχόλησης 5.000 ανέργων: Ξεκινούν σήμερα οι αιτήσεις -Έμφαση σε πράσινη οικονομία και γυναίκες - https://t.co/RfED0Wqpa1,νεο προγραμμα απασχολησησ ανεργων ξεκινουν σημερα οι αιτησεισ εμφαση σε πρασινη οικονομια και γυναικεσ,1
ΔΥΠΑ: Ξεκινούν οι αιτήσεις για το νέο πρόγραμμα απασχόλησης 5.000 ανέργων – Έμφαση σε πράσινη οικονομία και γυναίκες https://t.co/HXGHzGWsjj,δυπα ξεκινουν οι αιτησεισ για το νεο προγραμμα απασχολησησ ανεργων εμφαση σε πρασινη οικονομια και γυναικεσ,1
"Από σήμερα οι αιτήσεις για το νέο πρόγραμμα απασχόλησης 5.000 ανέργων - Έμφαση σε πράσινη οικονομία και γυναίκες

https://t.co/cOZbAmPRqq https://t.co/sQiWpdqY0A",απο σημερα οι αιτησεισ για το νεο προγραμμα απασχολησησ ανεργων εμφαση σε πρασινη οικονομια και γυναικεσ,1
"«Alternative Finance Forum 2023: Οδεύοντας προς ένα βιώσιμο μέλλον!» - https://t.co/eiOPQNSsIs https://t.co/InoDKaH2DB 
#Alternative_Finance_Forum #Crowdfunding #ΕΤΕπ #Χρηματοδοτήσεις",alternative finance forum οδευοντασ προσ ενα βιωσιμο μελλον alternative_finance_forum crowdfunding ετεπ χρηματοδοτησεισ,1
"Κώστας Καραμανλής: Η χώρα χρειάζεται βιώσιμη κυβέρνηση - Δεν έχει την πολυτέλεια για ατέρμονα κομματικά παζάρια - Ρεπορτάζ και ειδήσεις για την Οικονομία, τις Επιχειρήσεις, το Χρηματιστήριο, την Πολιτική #mononewsGR https://t.co/ZdkZUa0u2x",κωστασ καραμανλησ η χωρα χρειαζεται βιωσιμη κυβερνηση δεν εχει την πολυτελεια για ατερμονα κομματικα παζαρια ρεπορταζ και ειδησεισ για την οικονομια τισ επιχειρησεισ το χρηματιστηριο την πολιτικη mononewsgr,1
Είστε σίγουροι ότι θα μείνετε στις πόλεις σε περιβάλλον 5G; Για πόσο νομίζετε ότι θα επιβιώσετε; Βγείτε εκτός τα πράγματα θα γίνουν πολύ χειρότερα από ότι βλέπουμε τώρα. https://t.co/VHJvVYmKVU,ειστε σιγουροι οτι θα μεινετε στισ πολεισ σε περιβαλλον g για ποσο νομιζετε οτι θα επιβιωσετε βγειτε εκτοσ τα πραγματα θα γινουν πολυ χειροτερα απο οτι βλεπουμε τωρα,1
"#Εκλογές2023 — Ντιμπέιτ: Οι πολιτικοί αρχηγοί για Περιβάλλον και Ενέργεια
https://t.co/e2qzNyNzUS #Debate #Debate2023 #DebateERT",εκλογεσ ντιμπειτ οι πολιτικοι αρχηγοι για περιβαλλον και ενεργεια debate debate debatee,1
"Εκλογές 2023 — Ντιμπέιτ: Οι πολιτικοί αρχηγοί για Περιβάλλον και Ενέργεια,
https://t.co/gAOMQmFv6m,",εκλογεσ ντιμπειτ οι πολιτικοι αρχηγοι για περιβαλλον και ενεργεια,1
Νέο πρόγραμμα απασχόλησης 5.000 ανέργων: Από σήμερα οι αιτήσεις – Έμφαση σε πράσινη οικονομία/γυναίκες https://t.co/gY2pUdL8h8,νεο προγραμμα απασχολησησ ανεργων απο σημερα οι αιτησεισ εμφαση σε πρασινη οικονομιαγυναικεσ,1
"JUMBO: Σταθερή πορεία ανάπτυξης τετραμήνου κατά 25% παρά το ασταθές περιβάλλον | Ρεπορτάζ και ειδήσεις για την Οικονομία, τις Επιχειρήσεις, το Χρηματιστήριο, την Πολιτική https://t.co/LAEMjeYo87",jumbo σταθερη πορεια αναπτυξησ τετραμηνου κατα παρα το ασταθεσ περιβαλλον ρεπορταζ και ειδησεισ για την οικονομια τισ επιχειρησεισ το χρηματιστηριο την πολιτικη,1
RT @LykavitosGr: Η βιώσιμη ανάπτυξη αναπόσπαστο κομμάτι του DNA της Lidl Ελλάς  #Lidl_Ελλάς https://t.co/OkdpvEYAVc, lykavitosgr η βιωσιμη αναπτυξη αναποσπαστο κομματι του dna τησ lidl ελλασ lidl_ελλασ,1
RT @LykavitosGr: Η βιώσιμη ανάπτυξη αναπόσπαστο κομμάτι του DNA της Lidl Ελλάς  #Lidl_Ελλάς https://t.co/OkdpvEYAVc, lykavitosgr η βιωσιμη αναπτυξη αναποσπαστο κομματι του dna τησ lidl ελλασ lidl_ελλασ,1
Δήμος Ιωαννιτών: Οι προτάσεις του ΤΕΕ για τη Βιώσιμη Ανάπτυξη της πόλης - https://t.co/dDw6kVzTeU https://t.co/mfbxdpxwET,δημοσ ιωαννιτων οι προτασεισ του τεε για τη βιωσιμη αναπτυξη τησ πολησ,1
"⭕ Λίγες ημέρες προτού οι Τούρκοι πολίτες οδηγηθούν στις κάλπες, το πολιτικό περιβάλλον μόνο ευοίωνο δεν μπορεί να χαρακτηριστεί για τον επί εικοσαετία παντοδύναμο Ρετζέπ Ταγίπ Ερντογάν.

✏ Γράφει ο Βαγγέλης Μαρινάκης

https://t.co/YrEhk78ESC",λιγεσ ημερεσ προτου οι τουρκοι πολιτεσ οδηγηθουν στισ καλπεσ το πολιτικο περιβαλλον μονο ευοιωνο δεν μπορει να χαρακτηριστει για τον επι εικοσαετια παντοδυναμο ρετζεπ ταγιπ ερντογαν γραφει ο βαγγελησ μαρινακησ,1
"Ισορροπία, αειφορία, χρήσεις γης, τοπική εφοδιαστική αλυσίδα - NemeaPress https://t.co/JaVjZUFylS",ισορροπια αειφορια χρησεισ γησ τοπικη εφοδιαστικη αλυσιδα nemeapress,1
"Λετυμπιώτης: Εφικτή βιώσιμη λύση στο Κυπριακό αν καθίσουμε στο τραπέζι των διαπραγματεύσεων #Cyprus 
https://t.co/5LAMIoQvsG",λετυμπιωτησ εφικτη βιωσιμη λυση στο κυπριακο αν καθισουμε στο τραπεζι των διαπραγματευσεων cyprus,1
Μαθητικό δημοτικό συμβούλιο με θέμα «Βιώσιμη Πόλη» #Δημοκρατική #Ρόδος #Δωδεκάνησα https://t.co/1mfJbIMYqo,μαθητικο δημοτικο συμβουλιο με θεμα βιωσιμη πολη δημοκρατικη ροδοσ δωδεκανησα,1
RT @sofokleous10: Εκλογές 2023 — Ντιμπέιτ: Οι πολιτικοί αρχηγοί για Περιβάλλον και Ενέργεια https://t.co/U6Tf24IJfx, sofokleous εκλογεσ ντιμπειτ οι πολιτικοι αρχηγοι για περιβαλλον και ενεργεια,1
"Καραλαριώτου: «Στήριξη στους αγρότες, βιώσιμη αγροτική ανάπτυξη»
https://t.co/5KAkU1XNSi",καραλαριωτου στηριξη στουσ αγροτεσ βιωσιμη αγροτικη αναπτυξη,1
"Ρένα Καραλαριώτου στα χωριά του Δήμου Κιλελέρ: «Στήριξη στους αγρότες, βιώσιμη αγροτική ανάπτυξη» ⋆ TirnavosPress https://t.co/EhFcFuCyiN",ρενα καραλαριωτου στα χωρια του δημου κιλελερ στηριξη στουσ αγροτεσ βιωσιμη αγροτικη αναπτυξη tirnavospress,1
"Καραλαριώτου: «Στήριξη στους αγρότες, βιώσιμη αγροτική ανάπτυξη» - LarissaPress https://t.co/MeaYbLbHMn",καραλαριωτου στηριξη στουσ αγροτεσ βιωσιμη αγροτικη αναπτυξη larissapress,1
Αναταραχή στο πρωθυπουργικό περιβάλλον: https://t.co/VAhUWk2EUt,αναταραχη στο πρωθυπουργικο περιβαλλον,1
RT @Moneypressgr: Η βιώσιμη ανάπτυξη αναπόσπαστο κομμάτι του DNA της Lidl Ελλάς  #moneypress https://t.co/HdkN61RpHd https://t.co/G1pKaqvQ3r, moneypressgr η βιωσιμη αναπτυξη αναποσπαστο κομματι του dna τησ lidl ελλασ moneypress,1
Η βιώσιμη ανάπτυξη αναπόσπαστο κομμάτι του DNA της Lidl Ελλάς  #moneypress https://t.co/HdkN61RpHd https://t.co/G1pKaqvQ3r,η βιωσιμη αναπτυξη αναποσπαστο κομματι του dna τησ lidl ελλασ moneypress,1
".@yanisvaroufakis  από #Καρδίτσα: Χρειάζεται ρήξη για να γίνει βιώσιμη η Ελλάδα 
#Eκλογες2023 https://t.co/uZngkKbXMP",yanisvaroufakis απο καρδιτσα χρειαζεται ρηξη για να γινει βιωσιμη η ελλαδα eκλογεσ,1
"Ενημερωτική ημερίδα για τις «Απαραίτητες στρατηγικές ενέργειες σε ένα αβέβαιο οικονομικό περιβάλλον» στις Σέρρες 
#ΕΒΕΣ #Σέρρες #Επιμελητήριο_Σερρών #ημερίδα #Serres
https://t.co/Vmz4azPHpF",ενημερωτικη ημεριδα για τισ απαραιτητεσ στρατηγικεσ ενεργειεσ σε ενα αβεβαιο οικονομικο περιβαλλον στισ σερρεσ εβεσ σερρεσ επιμελητηριο_σερρων ημεριδα serres,1
"To πρωτοποριακό πρόγραμμα ""ΤΥΤΩ"" παρουσίασε ο Κ. Αγοραστός - ""Βοηθά την αγροτική παραγωγή και είναι φιλικό προς το περιβάλλον""
https://t.co/plRH3i8HBX",to πρωτοποριακο προγραμμα τυτω παρουσιασε ο κ αγοραστοσ βοηθα την αγροτικη παραγωγη και ειναι φιλικο προσ το περιβαλλον,1
Focus στη νέα γενιά με 8 εκπαιδευτικά προγράμματα για 14.000 μαθητές - Στο επίκεντρο η Βιώσιμη https://t.co/5F0WjJHxkg,focus στη νεα γενια με εκπαιδευτικα προγραμματα για μαθητεσ στο επικεντρο η βιωσιμη,1
"Εκπαιδευτικό Σεμινάριο για τα ΑμεΑ σε περιβάλλον κατασκηνώσεων στη Θάσο - Καβάλα, Πρωϊνή, Ραδιόφωνο, Εφημερίδα της Καβάλας, νέα, καβάλα ειδήσεις, μικρές αγγελίες https://t.co/ysnXGvW4q2",εκπαιδευτικο σεμιναριο για τα αμεα σε περιβαλλον κατασκηνωσεων στη θασο καβαλα πρωϊνη ραδιοφωνο εφημεριδα τησ καβαλασ νεα καβαλα ειδησεισ μικρεσ αγγελιεσ,1
"Ο Κων. Μαραβέγιας σε Σούρπη, Αμαλιάπολη, Πλάτανο: «Περιβάλλον και πολιτισμός, ο “θησαυρός” της Μαγνησίας» https://t.co/zgmUTX5ceN",ο κων μαραβεγιασ σε σουρπη αμαλιαπολη πλατανο περιβαλλον και πολιτισμοσ ο θησαυροσ τησ μαγνησιασ,1
Βαρουφάκης από Καρδίτσα: Χρειάζεται ρήξη και νομοθέτηση των αυτονόητων για να γίνει βιώσιμη η Ελλάδα https://t.co/WKAsyZNWJH,βαρουφακησ απο καρδιτσα χρειαζεται ρηξη και νομοθετηση των αυτονοητων για να γινει βιωσιμη η ελλαδα,1
RT @TheOpinion_News: Ο Χρυσαετός απελευθερώθηκε στο φυσικό περιβάλλον της Πάρνηθας (ΦΩΤΟ) #Thessaloniki #skg #TheOpinion https://t.co/d5EwU…, theopinion_news ο χρυσαετοσ απελευθερωθηκε στο φυσικο περιβαλλον τησ παρνηθασ φωτο thessaloniki skg theopinion,1
Χρυσαετός απελευθερώθηκε στο φυσικό του περιβάλλον στην Πάρνηθα https://t.co/ud2Jd3Avxf,χρυσαετοσ απελευθερωθηκε στο φυσικο του περιβαλλον στην παρνηθα,1
Η πιο βιώσιμη τάση της χρονιάς είναι το patchwork -Πώς τα φθαρμένα ρούχα έγιναν πιο hot από ποτέ https://t.co/Z0PEt9rwoD,η πιο βιωσιμη ταση τησ χρονιασ ειναι το patchwork πωσ τα φθαρμενα ρουχα εγιναν πιο hot απο ποτε,1
Καράογλου: «Στόχος στις 21 Μαΐου μια αποφασιστική νίκη της ΝΔ που θα οδηγήσει σε βιώσιμη κυβερνητική επιλογή» - https://t.co/eiOPQNSsIs https://t.co/XGEmSjLtz3 #Εκλογές #Θεόδωρος_Καράογλου #Νέα_Δημοκρατία,καραογλου στοχοσ στισ μαΐου μια αποφασιστικη νικη τησ νδ που θα οδηγησει σε βιωσιμη κυβερνητικη επιλογη εκλογεσ θεοδωροσ_καραογλου νεα_δημοκρατια,1
RT @sofokleous10: Βαρουφάκης από Λάρισα: Μη βιώσιμη χώρα η Ελλάδα https://t.co/BFlDGMXp0v, sofokleous βαρουφακησ απο λαρισα μη βιωσιμη χωρα η ελλαδα,1
«Πέφτουν με τα μούτρα»: Τα δύο ζώδια που όταν κάνουν σχέση «χάνονται» από το περιβάλλον τους https://t.co/X0LpXegSfz #j2us #Koklovision #ΚαλοΣαββατοκυριακο #Σουνιο #Μπελερη #ΕΦΣΥΝ #Ταβαρες #Κωνσταντοπουλου #Τυρι #στικουδη,πεφτουν με τα μουτρα τα δυο ζωδια που οταν κανουν σχεση χανονται απο το περιβαλλον τουσ jus koklovision καλοσαββατοκυριακο σουνιο μπελερη εφσυν ταβαρεσ κωνσταντοπουλου τυρι στικουδη,1
"8ο Εκπαιδευτικό Σεμινάριο ""Ατόμα με Αναπηρία σε Περιβάλλον Κατασκηνώσεων"" https://t.co/Pkena453sl #Θασος",ο εκπαιδευτικο σεμιναριο ατομα με αναπηρια σε περιβαλλον κατασκηνωσεων θασοσ,1
Στο φυσικό περιβάλλον της Πάρνηθας απελευθερώθηκε Χρυσαετός #FEATURED #ΕΠΙΚΑΙΡΟΤΗΤΑ #ΑΠΕΛΕΥΘΕΡΩΣΗ #ΠΑΡΝΗΘΑ By https://t.co/p9zfHynwcm https://t.co/XH5JuxrLNl,στο φυσικο περιβαλλον τησ παρνηθασ απελευθερωθηκε χρυσαετοσ featured επικαιροτητα απελευθερωση παρνηθα by,1
ΧΑΡΑΛΑΜΠΟΣ ΧΑΡΙΤΟΠΟΥΛΟΣ: ΤΟ ΠΕΡΙΒΑΛΛΟΝ ΚΑΙ Η ΚΥΒΕΡΝΗΣΗ https://t.co/CZl6NQcrPV,χαραλαμποσ χαριτοπουλοσ το περιβαλλον και η κυβερνηση,1
Πρόεδρος Ταγαράδων: ''Παγκόσμια ημέρα περιβάλλοντος και η περιοχή Ταγαράδων'' #ΠΕΡΙΒΑΛΛΟΝ #ΤΑΓΑΡΑΔΕΣ  https://t.co/PHwNgfI31r https://t.co/LbeiIdKl9s,προεδροσ ταγαραδων παγκοσμια ημερα περιβαλλοντοσ και η περιοχη ταγαραδων περιβαλλον ταγαραδεσ,1
Τι θέλουν οι μέτοχοι των πετρελαϊκών για την επόμενη ημέρα ως προς την μετάβαση που επιχειρείται στην πράσινη ενέργεια https://t.co/0EA9noTtIG,τι θελουν οι μετοχοι των πετρελαϊκων για την επομενη ημερα ωσ προσ την μεταβαση που επιχειρειται στην πρασινη ενεργεια,1
"Τ. Χατζηνικολάου στο ΑΠΕ-ΜΠΕ: Τα μουσεία «μάς παρακινούν να ξανασκεφθούμε τη σχέση μας με το περιβάλλον και τη θέση μας σε έναν κόσμο που αλλάζει με ταχύτατους ρυθμούς»

https://t.co/kXcqP2LcSh

#InternationalMuseumDay #IMD2023 https://t.co/vnJsLJFvA9",τ χατζηνικολαου στο απεμπε τα μουσεια μασ παρακινουν να ξανασκεφθουμε τη σχεση μασ με το περιβαλλον και τη θεση μασ σε εναν κοσμο που αλλαζει με ταχυτατουσ ρυθμουσ internationalmuseumday imd,1
RT @sofokleous10: Εκδήλωση του ΚΚΕ στο Σουφλί για το περιβάλλον https://t.co/14tquLB3kE, sofokleous εκδηλωση του κκε στο σουφλι για το περιβαλλον,1
"Οδηγώντας τις Επιχειρήσεις στην Κλιματική Ουδετερότητα https://t.co/jF3R4gFnRR 
#klima #περιβάλλον #epixeiriseis #εβεα #ontimenewsgr",οδηγωντασ τισ επιχειρησεισ στην κλιματικη ουδετεροτητα klima περιβαλλον epixeiriseis εβεα ontimenewsgr,1
Η Ελλάδα μπορεί να οδηγήσει τη βιώσιμη τουριστική ανάπτυξη μέσω της πλατφόρμας ESG https://t.co/wa5hlU8Moh,η ελλαδα μπορει να οδηγησει τη βιωσιμη τουριστικη αναπτυξη μεσω τησ πλατφορμασ esg,1
"Σ. Εφραίμογλου: Το νέο κοινωνικοοικονομικό, πολιτικό και φυσικό περιβάλλον έχει φέρει στο προσκήνιο έναν νέο τύπο καταναλωτή 

https://t.co/MUrSRQClBb",σ εφραιμογλου το νεο κοινωνικοοικονομικο πολιτικο και φυσικο περιβαλλον εχει φερει στο προσκηνιο εναν νεο τυπο καταναλωτη,1
"Διεθνής Ημέρα Μουσείων: «Μουσεία, Αειφορία και Ποιότητα Ζωής» https://t.co/WNNqq3915e",διεθνησ ημερα μουσειων μουσεια αειφορια και ποιοτητα ζωησ,1
RT @sofokleous10: Εκλογές στην Τουρκία: Προειδοποιώ το Ανώτατο Εκλογικό Συμβούλιο – Η καταμέτρηση των ψήφων δεν γίνεται σε υγιές περιβάλλον…, sofokleous εκλογεσ στην τουρκια προειδοποιω το ανωτατο εκλογικο συμβουλιο η καταμετρηση των ψηφων δεν γινεται σε υγιεσ περιβαλλον,1
"Ενέργεια και βιώσιμη ανάπτυξη, ελληνικές πρωτοβουλίες και ευρωπαϊκές προκλήσεις,
https://t.co/X0OMFtFiBb,",ενεργεια και βιωσιμη αναπτυξη ελληνικεσ πρωτοβουλιεσ και ευρωπαϊκεσ προκλησεισ,1
«Εξοικονομώ – Ανακαινίζω για Νέους»: Πότε κάνει πρεμιέρα το πρόγραμμα – Οι δικαιούχοι #ΕΠΙΔΟΜΑΤΑ #ΠΕΡΙΒΑΛΛΟΝ  https://t.co/2fiLqPBUQn https://t.co/UGHDJW9XxW,εξοικονομω ανακαινιζω για νεουσ ποτε κανει πρεμιερα το προγραμμα οι δικαιουχοι επιδοματα περιβαλλον,1
Ήμουν εδώ για ζητήματα που αφορούν το περιβάλλον και το μέλλον μας στην Ημαθία https://t.co/OOPeQrso47 μέσω @BowThemes,ημουν εδω για ζητηματα που αφορουν το περιβαλλον και το μελλον μασ στην ημαθια μεσω bowthemes,1
"#EU #RES
Στόχος ΕΕ οι ανανεώσιμες πηγές ενέργειας στο 42,5% μέχρι το 2030 https://t.co/EE6uPiI2xv",eu res στοχοσ εε οι ανανεωσιμεσ πηγεσ ενεργειασ στο μεχρι το,1
Με επιτυχία το 3ο θεματικό ζωντανό εργαστήρι για την  Βιώσιμη Αστική Κινητικότητα https://t.co/URsBRiKBRm μέσω @mouzakinews.gr,με επιτυχια το ο θεματικο ζωντανο εργαστηρι για την βιωσιμη αστικη κινητικοτητα μεσω mouzakinewsgr,1
RT @HellenicOlympic: Η ΕΟΕ αναγνωρίζοντας τη μεγάλη ευθύνη του αθλητισμού στο έργο της προστασίας του περιβάλλοντος και προκειμένου να επιτ…, hellenicolympic η εοε αναγνωριζοντασ τη μεγαλη ευθυνη του αθλητισμου στο εργο τησ προστασιασ του περιβαλλοντοσ και προκειμενου να επιτ,1
"Σοφία Εφραίμογλου: Το νέο κοινωνικοοικονομικό, πολιτικό και φυσικό περιβάλλον έχει φέρει στο προσκήνιο έναν νέο τύπο καταναλωτή https://t.co/UBzgMeIqG9",σοφια εφραιμογλου το νεο κοινωνικοοικονομικο πολιτικο και φυσικο περιβαλλον εχει φερει στο προσκηνιο εναν νεο τυπο καταναλωτη,1
"Σοφία Εφραίμογλου: Το νέο κοινωνικοοικονομικό, πολιτικό και φυσικό περιβάλλον έχει φέρει στο προσκήνιο έναν νέο τύπο καταναλωτή https://t.co/kzjN1wmyr2",σοφια εφραιμογλου το νεο κοινωνικοοικονομικο πολιτικο και φυσικο περιβαλλον εχει φερει στο προσκηνιο εναν νεο τυπο καταναλωτη,1
«Καμπανάκι» ΟΗΕ για τα πλαστικά μίας χρήσης - Πρέπει να μειωθούν στο μισό #ΟΗΕ #ΠΕΡΙΒΑΛΛΟΝ  https://t.co/R21UvdqhZo https://t.co/faEFK9mZDU,καμπανακι οηε για τα πλαστικα μιασ χρησησ πρεπει να μειωθουν στο μισο οηε περιβαλλον,1
Η φιλικότητα προς το περιβάλλον είναι το βασικό επιχείρημα για τη μετάβαση στην ηλεκτροκίνηση via @OrthodoxtimesGr https://t.co/URuV8QL2cn,η φιλικοτητα προσ το περιβαλλον ειναι το βασικο επιχειρημα για τη μεταβαση στην ηλεκτροκινηση via ohodoxtimesgr,1
"Mytilineos: Οι νέες business στο Κάλγκαρι του Καναδά και η κυριαρχία στην πράσινη ενέργεια- Τι αγόρασε | Ρεπορτάζ και ειδήσεις για την Οικονομία, τις Επιχειρήσεις, το Χρηματιστήριο, την Πολιτική https://t.co/TEQuzCnEVb",mytilineos οι νεεσ business στο καλγκαρι του καναδα και η κυριαρχια στην πρασινη ενεργεια τι αγορασε ρεπορταζ και ειδησεισ για την οικονομια τισ επιχειρησεισ το χρηματιστηριο την πολιτικη,1
"ΞΕΝΗ ΔΗΜΟΣΙΕΥΣΗ

Christian Rodseth - #Janssen: Αποστολή μας η συνεργασία για ένα δίκαιο και βιώσιμο σύστημα υγείας

https://t.co/uFvfmkizgd",ξενη δημοσιευση christian rodseth janssen αποστολη μασ η συνεργασια για ενα δικαιο και βιωσιμο συστημα υγειασ,1
Μαθητές και Καθηγητές του Πειραματικού ΓΕ.Λ. Ρεθύμνου στη μάχη για τη Βιώσιμη Ανάπτυξη https://t.co/jEoJxZe3xq,μαθητεσ και καθηγητεσ του πειραματικου γελ ρεθυμνου στη μαχη για τη βιωσιμη αναπτυξη,1
"ΞΕΝΗ ΔΗΜΟΣΙΕΥΣΗ 

Christian Rodseth - #Janssen: Αποστολή μας η συνεργασία για ένα δίκαιο και βιώσιμο σύστημα υγείας

https://t.co/T48avmCw4B https://t.co/KjGNa8ed4z",ξενη δημοσιευση christian rodseth janssen αποστολη μασ η συνεργασια για ενα δικαιο και βιωσιμο συστημα υγειασ,1
"Έτοιμη για την πράσινη κόλαση! | Ρεπορτάζ και ειδήσεις για την Οικονομία, τις Επιχειρήσεις, το Χρηματιστήριο, την Πολιτική https://t.co/sRXCg8UZcj",ετοιμη για την πρασινη κολαση ρεπορταζ και ειδησεισ για την οικονομια τισ επιχειρησεισ το χρηματιστηριο την πολιτικη,1
Δημήτρης Τσιμπανάκος: “Η ανάπτυξη δεν είναι βιώσιμη χωρίς στήριξη των εργαζομένων” https://t.co/gNejGZQDLc,δημητρησ τσιμπανακοσ η αναπτυξη δεν ειναι βιωσιμη χωρισ στηριξη των εργαζομενων,1
"🗣 Η επόμενη μέρα της νίκης του ΣΥΡΙΖΑ-ΠΣ την 21η Μαΐου: Βιώσιμη, δίκαιη και συμπεριληπτική ανάπτυξη

✍ Άρθρο του @alexischaritsis, υποψήφιου βουλευτή ΣΥΡΙΖΑ – Προοδευτική Συμμαχία νομού Μαγνησίας, πρώην υπουργού, στο Newsbeast

https://t.co/BwlH4fXAWk",η επομενη μερα τησ νικησ του συριζαπσ την η μαΐου βιωσιμη δικαιη και συμπεριληπτικη αναπτυξη αρθρο του alexischaritsis υποψηφιου βουλευτη συριζα προοδευτικη συμμαχια νομου μαγνησιασ πρωην υπουργου στο newsbeast,1
"H κλιματική κρίση χτύπησε τη F1! - Ρεπορτάζ και ειδήσεις για την Οικονομία, τις Επιχειρήσεις, το Χρηματιστήριο, την Πολιτική #mononewsGR https://t.co/MyHbC8Qgut",h κλιματικη κριση χτυπησε τη f ρεπορταζ και ειδησεισ για την οικονομια τισ επιχειρησεισ το χρηματιστηριο την πολιτικη mononewsgr,1
Η κτηνοτροφία φροντίζει το περιβάλλον https://t.co/qDFVk3PWcy,η κτηνοτροφια φροντιζει το περιβαλλον,1
"ΞΕΝΗ ΔΗΜΟΣΙΕΥΣΗ

Christian Rodseth - #Janssen: Αποστολή μας η συνεργασία για ένα δίκαιο και βιώσιμο σύστημα υγείας

https://t.co/1XoLS6f6oy",ξενη δημοσιευση christian rodseth janssen αποστολη μασ η συνεργασια για ενα δικαιο και βιωσιμο συστημα υγειασ,1
"🌏 Διεθνής Ημέρα Μουσείων 2023
📅 18 Μαΐου 2023 με ελεύθερη 🆓 είσοδο σε όλα τα #μουσεία
🟢Το θέμα του εορτασμού της Διεθνούς Ημέρας Μουσείων 2023 είναι:
👉 «Μουσεία, Αειφορία και 
#InternationalMuseumDay #IMD2023 #Museums4Wellbeing #SustainableMuseums 
https://t.co/r110rVNwZw https://t.co/6BSNRWwt2c",διεθνησ ημερα μουσειων μαΐου με ελευθερη εισοδο σε ολα τα μουσεια το θεμα του εορτασμου τησ διεθνουσ ημερασ μουσειων ειναι μουσεια αειφορια και internationalmuseumday imd museumswellbeing sustainablemuseums,1
Αλεξανδρούπολη: Εκπρόσωποι μαθητών συζητούν για την βιώσιμη ανάπτυξη https://t.co/hRQBe4YrUu,αλεξανδρουπολη εκπροσωποι μαθητων συζητουν για την βιωσιμη αναπτυξη,1
"Σέρρες: Ενημερωτική ημερίδα για τις «Απαραίτητες στρατηγικές ενέργειες σε ένα αβέβαιο οικονομικό περιβάλλον» 
#ΕΒΕΣ #Σέρρες #Οικονομικό_επιμελητήριο #ημερίδα #Επιμελητήριο_Σερρών #Ένωση_Φοροτεχνικών_Σερρών #Serres
https://t.co/Ry4HPTVnQe",σερρεσ ενημερωτικη ημεριδα για τισ απαραιτητεσ στρατηγικεσ ενεργειεσ σε ενα αβεβαιο οικονομικο περιβαλλον εβεσ σερρεσ οικονομικο_επιμελητηριο ημεριδα επιμελητηριο_σερρων ενωση_φοροτεχνικων_σερρων serres,1
"Διεθνής Ημέρα Μουσείων: Ελεύθερη είσοδος – «Μουσεία, αειφορία και ποιότητα ζωής» η φετινή θεματική
https://t.co/aFE86Cqub7 #InternationalMuseumDay",διεθνησ ημερα μουσειων ελευθερη εισοδοσ μουσεια αειφορια και ποιοτητα ζωησ η φετινη θεματικη internationalmuseumday,1
Η κτηνοτροφία φροντίζει το περιβάλλον - NemeaPress https://t.co/19swDhRTmQ,η κτηνοτροφια φροντιζει το περιβαλλον nemeapress,1
"ΞΕΝΗ ΔΗΜΟΣΙΕΥΣΗ

Christian Rodseth - #Janssen: Αποστολή μας η συνεργασία για ένα δίκαιο και βιώσιμο σύστημα υγείας

https://t.co/Nao1dZzcKw",ξενη δημοσιευση christian rodseth janssen αποστολη μασ η συνεργασια για ενα δικαιο και βιωσιμο συστημα υγειασ,1
"Συνέδριο για το περιβάλλον στο Λιδωρίκι, 10-11/6/2023 https://t.co/OJQnoQK9AL",συνεδριο για το περιβαλλον στο λιδωρικι,1
"Οι στόχοι της Ε.Ε. για τις ανανεώσιμες πηγές ενέργειας και ο ρόλος της Μεσογείου ως κέντρου πράσινης ενέργειας συζητήθηκαν στην πρώτη Σύνοδο των Υπουργών Ενέργειας της EU-MED9, που διεξήχθη στη Βαλέτατης Μάλτας, στην οποία συμμετείχε η Γενική

https://t.co/3GmZfD9wrp",οι στοχοι τησ εε για τισ ανανεωσιμεσ πηγεσ ενεργειασ και ο ρολοσ τησ μεσογειου ωσ κεντρου πρασινησ ενεργειασ συζητηθηκαν στην πρωτη συνοδο των υπουργων ενεργειασ τησ eumed που διεξηχθη στη βαλετατησ μαλτασ στην οποια συμμετειχε η γενικη,1
Έργο “κομβικής” σημασίας για το περιβάλλον και την οικονομία η νέα μονάδα επεξεργασίας στερεών αποβλήτων στο Αμάρι https://t.co/d16d38wzK2,εργο κομβικησ σημασιασ για το περιβαλλον και την οικονομια η νεα μοναδα επεξεργασιασ στερεων αποβλητων στο αμαρι,1
RT @sofokleous10: Στο ΥΠΟΙΚ η έκθεση της ομάδας εργασίας για βιώσιμη χρηματοδότηση και πράσινη μετάβαση https://t.co/0ZmFg5Z648, sofokleous στο υποικ η εκθεση τησ ομαδασ εργασιασ για βιωσιμη χρηματοδοτηση και πρασινη μεταβαση,1
Υπουργείο Οικονομικών: Έκθεση της ομάδας εργασίας για την Βιώσιμη Ανάπτυξη στον Υπουργό Χρήστο Σταϊκούρα https://t.co/m3cs32vqYb,υπουργειο οικονομικων εκθεση τησ ομαδασ εργασιασ για την βιωσιμη αναπτυξη στον υπουργο χρηστο σταϊκουρα,1
"Παραολυμπιακοί αγώνες 2024: Η MORE στηρίζει τις Παραολυμπιονίκες Λουφάκη και Σταματοπούλου. Η ΜΟRE, θυγατρική εταιρεία του Ομίλου Μotor Oil και ένας από τους μεγαλύτερους παραγωγούς ενέργειας από ανανεώσιμες πηγές, στέκεται ως…Περισσότερα... https://t.co/06oDFi2zl4 https://t.co/1hIG9SvsfZ",παραολυμπιακοι αγωνεσ η more στηριζει τισ παραολυμπιονικεσ λουφακη και σταματοπουλου η μοre θυγατρικη εταιρεια του ομιλου μotor oil και ενασ απο τουσ μεγαλυτερουσ παραγωγουσ ενεργειασ απο ανανεωσιμεσ πηγεσ στεκεται ωσπερισσοτερα,1
"ΞΕΝΗ ΔΗΜΟΣΙΕΥΣΗ

Christian Rodseth - #Janssen: Αποστολή μας η συνεργασία για ένα δίκαιο και βιώσιμο σύστημα υγείας

https://t.co/T48avmBYf3",ξενη δημοσιευση christian rodseth janssen αποστολη μασ η συνεργασια για ενα δικαιο και βιωσιμο συστημα υγειασ,1
"Περισσότερες από το 50% των μεγαλύτερων λιμνών στον κόσμο χάνουν νερό, σύμφωνα με νέα έρευνα που δημοσιεύεται στο περιοδικό «Science». Οι βασικοί ένοχοι γι' αυτό είναι η αύξηση της θερμοκρασίας, η μη βιώσιμη ανθρώπινη κατανάλωση και η καθίζηση.

https://t.co/icES2HdxdB",περισσοτερεσ απο το των μεγαλυτερων λιμνων στον κοσμο χανουν νερο συμφωνα με νεα ερευνα που δημοσιευεται στο περιοδικο science οι βασικοι ενοχοι γι αυτο ειναι η αυξηση τησ θερμοκρασιασ η μη βιωσιμη ανθρωπινη καταναλωση και η καθιζηση,1
"Το περιβάλλον και η κοινωνική απάθεια στο επίκεντρο της έκθεσης ""Ecology of Ideas"" 

12 ιστορίες για καλές περιβαλλοντικές πρακτικές από πολίτες 6 διαφορετικών χωρών

https://t.co/ODbcwzH7TO https://t.co/1DzQnKd3nw",το περιβαλλον και η κοινωνικη απαθεια στο επικεντρο τησ εκθεσησ ecology of ideas ιστοριεσ για καλεσ περιβαλλοντικεσ πρακτικεσ απο πολιτεσ διαφορετικων χωρων,1
Στερεύουν επικίνδυνα πάνω από τις μισές λίμνες του πλανήτη - Η λειψυδρία απειλεί 2 δισ. ανθρώπους #ΚΛΙΜΑ #ΠΕΡΙΒΑΛΛΟΝ  https://t.co/oqljzPL155 https://t.co/4PVxgMyqvY,στερευουν επικινδυνα πανω απο τισ μισεσ λιμνεσ του πλανητη η λειψυδρια απειλει δισ ανθρωπουσ κλιμα περιβαλλον,1
Δήμος Ηρακλείου:  Ανανεώνουμε τα δέντρα του Κτήματος #Φιξ με σεβασμό στο περιβάλλον και τους δημότες https://t.co/z2QdjVRu7F,δημοσ ηρακλειου ανανεωνουμε τα δεντρα του κτηματοσ φιξ με σεβασμο στο περιβαλλον και τουσ δημοτεσ,1
"Βιοεργαστήρια, μια «ανάσα» από την Ελλάδα!!! Θα απελευθερωθούν ιοί στο περιβάλλον;;; vid https://t.co/W6HRDc8npD",βιοεργαστηρια μια ανασα απο την ελλαδα θα απελευθερωθουν ιοι στο περιβαλλον vid,1
"Ρωσία: Πλήγμα για το περιβάλλον το «λουκέτο» στη Greenpeace, εκτιμούν στελέχη της εταιρείας https://t.co/6kvvayKcEX",ρωσια πληγμα για το περιβαλλον το λουκετο στη greenpeace εκτιμουν στελεχη τησ εταιρειασ,1
"#Cyprus #EU #desalination #circulareconomy 
Πρακτικές αφαλάτωσης και κυκλική οικονομία στην ΕΕ σε συνέδριο στη Λεμεσό https://t.co/XREu5JpGo0",cyprus eu desalination circulareconomy πρακτικεσ αφαλατωσησ και κυκλικη οικονομια στην εε σε συνεδριο στη λεμεσο,1
"@boisIter Το περιβάλλον του,ωστόσο,δεν το έχει αντιληφθεί",boisiter το περιβαλλον τουωστοσοδεν το εχει αντιληφθει,1
"Energean: Μια ακόμη χρονιά με κορυφαίες επιδόσεις στο Περιβάλλον, την Κοινωνία και την Εταιρική Διακυβέρνηση - Καβάλα, Πρωϊνή, Ραδιόφωνο, Εφημερίδα της Καβάλας, νέα, καβάλα ειδήσεις, μικρές αγγελίες https://t.co/MIrkJZyUAW",energean μια ακομη χρονια με κορυφαιεσ επιδοσεισ στο περιβαλλον την κοινωνια και την εταιρικη διακυβερνηση καβαλα πρωϊνη ραδιοφωνο εφημεριδα τησ καβαλασ νεα καβαλα ειδησεισ μικρεσ αγγελιεσ,1
"Energean, Έκθεση Βιώσιμης Ανάπτυξης 2022: μια ακόμη χρονιά με κορυφαίες επιδόσεις στο Περιβάλλον, την Κοινωνία και την Εταιρική Διακυβέρνηση https://t.co/svTfgUqECB",energean εκθεση βιωσιμησ αναπτυξησ μια ακομη χρονια με κορυφαιεσ επιδοσεισ στο περιβαλλον την κοινωνια και την εταιρικη διακυβερνηση,1
"ΑΡΓΟΛΙΚΟΡΑΜΑ -ΈΝΑ ΠΡΟΓΡΑΜΜΑ ΑΝΤΙΜΕΤΩΠΙΣΗΣ ΤΗΣ ΡΥΠΑΝΣΗΣ ΚΑΙ ΤΗΣ ΥΠΕΡΑΛΙΕΥΣΗΣ ΣΤΟΝ ΑΡΓΟΛΙΚΟ
Οι ψαράδες του Αργολικού Κόλπου υιοθετούν ένα βιώσιμο τρόπο αντιμετώπισης της ολοένα αυξανόμενης ρύπανσης των ακτών από πλαστικά και της υπεραλίευσης καθαρίζοντας τις ακτές του Αργολικού https://t.co/0sATj5hEtQ",αργολικοραμα ενα προγραμμα αντιμετωπισησ τησ ρυπανσησ και τησ υπεραλιευσησ στον αργολικο οι ψαραδεσ του αργολικου κολπου υιοθετουν ενα βιωσιμο τροπο αντιμετωπισησ τησ ολοενα αυξανομενησ ρυπανσησ των ακτων απο πλαστικα και τησ υπεραλιευσησ καθαριζοντασ τισ ακτεσ του αργολικου,1
"Θερμοκήπια Θράκης: Κηπευτικά που κάνουν καλό στο περιβάλλον και τον άνθρωπο – Με βραβευμένη συσκευασία #mononewsGR | Ρεπορτάζ και ειδήσεις για την Οικονομία, τις Επιχειρήσεις, το Χρηματιστήριο, την Πολιτική https://t.co/oltwP0bBMG",θερμοκηπια θρακησ κηπευτικα που κανουν καλο στο περιβαλλον και τον ανθρωπο με βραβευμενη συσκευασια mononewsgr ρεπορταζ και ειδησεισ για την οικονομια τισ επιχειρησεισ το χρηματιστηριο την πολιτικη,1
"RT @sofokleous10: Ρωσία: Πλήγμα για το περιβάλλον το «λουκέτο» στη Greenpeace, εκτιμούν στελέχη της εταιρείας https://t.co/R1KBIGCqHt", sofokleous ρωσια πληγμα για το περιβαλλον το λουκετο στη greenpeace εκτιμουν στελεχη τησ εταιρειασ,1
"Οι μεταρρυθμίσεις στην Παιδεία, η αναθεώρηση του Συντάγματος,η πάταξη της φοροδιαφυγής,η αύξηση της παραγωγής θα δώσουν επενδύσεις,θέσεις εργασίας,νεο εκπαιδευτικό περιβάλλον, περισσότερη δικαιοσύνη στην φορολογία.Να γιατί ο Μητσοτάκης αν κερδίσει με αυτοδυναμία έχει δύσκολο έργο",οι μεταρρυθμισεισ στην παιδεια η αναθεωρηση του συνταγματοση παταξη τησ φοροδιαφυγηση αυξηση τησ παραγωγησ θα δωσουν επενδυσεισθεσεισ εργασιασνεο εκπαιδευτικο περιβαλλον περισσοτερη δικαιοσυνη στην φορολογιανα γιατι ο μητσοτακησ αν κερδισει με αυτοδυναμια εχει δυσκολο εργο,1
"RT @GaitanidouSevi: Αυτός είναι ο Αστέρης, που αφαιρέθηκε από ένα κακοποιητικό περιβάλλον, έζησε το όνειρο μιας οικογένειας για 1,5 χρόνο κ…", gaitanidousevi αυτοσ ειναι ο αστερησ που αφαιρεθηκε απο ενα κακοποιητικο περιβαλλον εζησε το ονειρο μιασ οικογενειασ για χρονο κ,1
Δήμος Σαλαμίνας: Φεστιβάλ με τίτλο «Βιώσιμος Πλανήτης: Οι Νέοι Σχεδιάζουν» - Η Οθόνη μας Ενώνει https://t.co/eZ77LCh8VC https://t.co/iXQByWNzU3,δημοσ σαλαμινασ φεστιβαλ με τιτλο βιωσιμοσ πλανητησ οι νεοι σχεδιαζουν η οθονη μασ ενωνει,1
"RT @sofokleous10: Πόρισμα για Ελλάδα: Βιώσιμο το χρέος, επαρκή μέτρα στήριξης- Καλή πρόοδος σε κτηματολόγιο και ιδιωτικοποιήσεις https://t.…", sofokleous πορισμα για ελλαδα βιωσιμο το χρεοσ επαρκη μετρα στηριξησ καλη προοδοσ σε κτηματολογιο και ιδιωτικοποιησεισ,1
RT @sofokleous10: ΤΑΙΠΕΔ: Σεμινάρια για την αειφορία στα λιμάνια και τις μαρίνες https://t.co/SkPJ83lfHs, sofokleous ταιπεδ σεμιναρια για την αειφορια στα λιμανια και τισ μαρινεσ,1
"RT @sofokleous10: Πόρισμα Κομισιόν για Ελλάδα: Βιώσιμο το χρέος, επαρκή μέτρα στήριξης- Καλή πρόοδος σε κτηματολόγιο και ιδιωτικοποιήσεις h…", sofokleous πορισμα κομισιον για ελλαδα βιωσιμο το χρεοσ επαρκη μετρα στηριξησ καλη προοδοσ σε κτηματολογιο και ιδιωτικοποιησεισ h,1
Siemens Healthineers Ελλάδος: Διακρίθηκε για δεύτερη φορά για το καλό της εργασιακό περιβάλλον #SIEMENS_HEALTHINEERS #SIEMENS #ΕΡΓΑΣΙΑΚΟ_ΠΕΡΙΒΑΛΛΟΝ https://t.co/zTB18MVXBX,siemens healthineers ελλαδοσ διακριθηκε για δευτερη φορα για το καλο τησ εργασιακο περιβαλλον siemens_healthineers siemens εργασιακο_περιβαλλον,1
"Moody’s: Θετική για το αξιόχρεο της Ελλάδας μία νέα κυβέρνηση της ΝΔ. Σύμφωνα με τον Moody's, το βάρος του ελληνικού χρέους έχει γίνει σημαντικά πιο βιώσιμο https://t.co/l9xHSJ1nMh https://t.co/oLaohO17pN",moodys θετικη για το αξιοχρεο τησ ελλαδασ μια νεα κυβερνηση τησ νδ συμφωνα με τον moodys το βαροσ του ελληνικου χρεουσ εχει γινει σημαντικα πιο βιωσιμο,1
Moody's: Το χρέος της Ελλάδας έχει γίνει σημαντικά πιο βιώσιμο #businessnewsgr https://t.co/i1hzc72gyZ,moodys το χρεοσ τησ ελλαδασ εχει γινει σημαντικα πιο βιωσιμο businessnewsgr,1
"Optima bank: Φιλικές προς το περιβάλλον οι νέες χρεωστικές κάρτες - Ρεπορτάζ και ειδήσεις για την Οικονομία, τις Επιχειρήσεις, το Χρηματιστήριο, την Πολιτική #mononewsGR https://t.co/H5Z3UGKKpY",optima bank φιλικεσ προσ το περιβαλλον οι νεεσ χρεωστικεσ καρτεσ ρεπορταζ και ειδησεισ για την οικονομια τισ επιχειρησεισ το χρηματιστηριο την πολιτικη mononewsgr,1
Optima bank: Νέες χρεωστικές κάρτες φιλικές προς το περιβάλλον #businessnewsgr https://t.co/ia2j959tZ5,optima bank νεεσ χρεωστικεσ καρτεσ φιλικεσ προσ το περιβαλλον businessnewsgr,1
"Φιλική στο περιβάλλον βιβλιοθήκη, προτείνει το γραφείο Snøhetta για το Μπρονξ της Νέας Υόρκης. Σχέδια για μια νέα βιβλιοθήκη στη συνοικία Westchester Square του Μπρονξ έχει δώσει στη δημοσιότητα το φημισμένο αρχιτεκτονικό γραφείο Snøhetta. https://t.co/vBpfDbJlV3 https://t.co/ZdcGyTqkh6",φιλικη στο περιβαλλον βιβλιοθηκη προτεινει το γραφειο snøhetta για το μπρονξ τησ νεασ υορκησ σχεδια για μια νεα βιβλιοθηκη στη συνοικια westchester square του μπρονξ εχει δωσει στη δημοσιοτητα το φημισμενο αρχιτεκτονικο γραφειο snøhetta,1
"Forum Capital Link: «Χρηματοδότηση, Επενδύσεις &amp; Βιώσιμη Ανάπτυξη Financing &amp; Investments Spearheading Sustainable Growth» https://t.co/q5rcCMhwiV via @bankingnewsgr",forum capital link χρηματοδοτηση επενδυσεισ amp βιωσιμη αναπτυξη financing amp investments spearheading sustainable growth via bankingnewsgr,1
Όμιλος Ιατρικού Αθηνών: Πρωτοπορεί στις πολιτικές Βιώσιμης Ανάπτυξης - Σημαντική διάκριση σε έρευνα του «Forbes» #ΟΜΙΛΟΣ_ΙΑΤΡΙΚΟΥ_ΑΘΗΝΩΝ #ΒΙΩΣΙΜΗ_ΑΝΑΠΤΥΞΗ #ΔΙΑΚΡΙΣΗ https://t.co/M0eCl24W7l,ομιλοσ ιατρικου αθηνων πρωτοπορει στισ πολιτικεσ βιωσιμησ αναπτυξησ σημαντικη διακριση σε ερευνα του forbes ομιλοσ_ιατρικου_αθηνων βιωσιμη_αναπτυξη διακριση,1
Έκθεση Beyond: Στρατηγικές βιώσιμης μόδας από ανακυκλώσιμα υλικά – Ρούχα από φελλό και πολυεστέρα https://t.co/eiOPQNSsIs https://t.co/P6wzTdhuAu #Beyond #Modtissimo #Zero_Waste #Ανακυκλώσιμα_Υλικά #Βιώσιμη_μόδα,εκθεση beyond στρατηγικεσ βιωσιμησ μοδασ απο ανακυκλωσιμα υλικα ρουχα απο φελλο και πολυεστερα beyond modtissimo zero_waste ανακυκλωσιμα_υλικα βιωσιμη_μοδα,1
"⭕️ Ούτε ένα, ούτε δύο, αλλά τουλάχιστον εννέα είναι τα πρόσωπα επιρροής ή κίνησης στο ευρύτερο περιβάλλον του Κυριάκου Μητσοτάκη που ανακοινώθηκαν στη σύνθεση της υπηρεσιακής κυβέρνησης του Ιωάννη Σαρμά ⤵️ https://t.co/GPo8wkjZoS",ουτε ενα ουτε δυο αλλα τουλαχιστον εννεα ειναι τα προσωπα επιρροησ η κινησησ στο ευρυτερο περιβαλλον του κυριακου μητσοτακη που ανακοινωθηκαν στη συνθεση τησ υπηρεσιακησ κυβερνησησ του ιωαννη σαρμα,1
"♻️ Συμμετοχή του Δήμου Μαραθώνος στην Attica Green Expo 2023.

▪️Ο Δήμος Μαραθώνος συμμετέχει για πρώτη φορά στην Attica Green Expo 2023, την έκθεση για την πράσινη κυκλική οικονομία, τα εγκαίνια της οποίας πραγματοποιήθηκαν την Τετάρτη 24 Μαΐου στο

https://t.co/ifmzTPoWnz https://t.co/i4igbGssw6",συμμετοχη του δημου μαραθωνοσ στην attica green expo ο δημοσ μαραθωνοσ συμμετεχει για πρωτη φορα στην attica green expo την εκθεση για την πρασινη κυκλικη οικονομια τα εγκαινια τησ οποιασ πραγματοποιηθηκαν την τεταρτη μαΐου στο,1
"Ηγουμενίτσα: Μετέτρεψαν τα νεκρά πλατάνια σε έργα τέχνης. Ξυλόγλυπτες δημιουργίες, που συνθέτουν ένα ιδιαίτερο εικαστικό περιβάλλον βρίσκονται στον ποδηλατοδρόμο της Ηγουμενίτσας https://t.co/1rFeSEIh5R https://t.co/MJQzwoxIo6",ηγουμενιτσα μετετρεψαν τα νεκρα πλατανια σε εργα τεχνησ ξυλογλυπτεσ δημιουργιεσ που συνθετουν ενα ιδιαιτερο εικαστικο περιβαλλον βρισκονται στον ποδηλατοδρομο τησ ηγουμενιτσασ,1
"Ηγουμενίτσα: Μετέτρεψαν τα νεκρά πλατάνια σε έργα τέχνης μετατρέπει. Ξυλόγλυπτες δημιουργίες, που συνθέτουν ένα ιδιαίτερο εικαστικό περιβάλλον βρίσκονται στον ποδηλατοδρόμο της Ηγουμενίτσας https://t.co/5MSxbhu5MH https://t.co/FZNFP4lT8d",ηγουμενιτσα μετετρεψαν τα νεκρα πλατανια σε εργα τεχνησ μετατρεπει ξυλογλυπτεσ δημιουργιεσ που συνθετουν ενα ιδιαιτερο εικαστικο περιβαλλον βρισκονται στον ποδηλατοδρομο τησ ηγουμενιτσασ,1
ΠΑΣΟΚ: Για «μεθοδευμένη αποπομπή» κάνει λόγο το περιβάλλον Καστανίδη - Documento https://t.co/Oe5ySYkUMG,πασοκ για μεθοδευμενη αποπομπη κανει λογο το περιβαλλον καστανιδη documento,1
Τα «καλύτερα (πράσινα) παιδιά»: «2η στον κόσμο η Ελλάδα στις Ανανεώσιμες Πηγές Ενέργειας» https://t.co/cqg75tIGn8,τα καλυτερα πρασινα παιδια η στον κοσμο η ελλαδα στισ ανανεωσιμεσ πηγεσ ενεργειασ,1
"Δέλτα Αξιού - 6ο Φεστιβάλ Περιβαλλοντικού Παιχνιδιού: Αύριο η γιορτή με περιβαλλοντικά παιχνίδια https://t.co/eiOPQNSsIs https://t.co/TjOUUUHxsu 
#Φεστιβάλ #Περιβάλλον",δελτα αξιου ο φεστιβαλ περιβαλλοντικου παιχνιδιου αυριο η γιορτη με περιβαλλοντικα παιχνιδια φεστιβαλ περιβαλλον,1
"Volvo: Το EX30 έχει το μικρότερο αποτύπωμα άνθρακα από κάθε άλλο μοντέλο της μάρκας. Το νέο Volvo EX30 είναι ένα μικρό αμιγώς ηλεκτρικό SUV για τη σύγχρονη εποχή, σχεδιασμένο για να είναι ασφαλές και να έχει το μικρότερο αποτύπωμα CO2 από κάθε άλλο... https://t.co/nemtyQh9Ay https://t.co/L04MC8KHFi",volvo το ex εχει το μικροτερο αποτυπωμα ανθρακα απο καθε αλλο μοντελο τησ μαρκασ το νεο volvo ex ειναι ενα μικρο αμιγωσ ηλεκτρικο suv για τη συγχρονη εποχη σχεδιασμενο για να ειναι ασφαλεσ και να εχει το μικροτερο αποτυπωμα co απο καθε αλλο,1
@malamw_mou @SotiStra Κανουν συγκεκριμενα τεστ απο παιδοψυχολογους και ο λογος που δε μπορουν να προσαρμοστουν στο σχολικο περιβαλλον ειναι γιατι το μυαλο τους ειναι πολυ μπροστα απο την ηλικια τους με αποτελεσμα να βαριουνται και να μην μπορουν να επικοινωνησουν με συνομιληκους,malamw_mou sotistra κανουν συγκεκριμενα τεστ απο παιδοψυχολογουσ και ο λογοσ που δε μπορουν να προσαρμοστουν στο σχολικο περιβαλλον ειναι γιατι το μυαλο τουσ ειναι πολυ μπροστα απο την ηλικια τουσ με αποτελεσμα να βαριουνται και να μην μπορουν να επικοινωνησουν με συνομιληκουσ,1
Πώς θα αντιμετωπιστεί ο ακτιβισμός για το περιβάλλον; https://t.co/X2cOILmBQm,πωσ θα αντιμετωπιστει ο ακτιβισμοσ για το περιβαλλον,1
"Ολλανδία: Η πράσινη μετάβαση της Ευρώπης είναι αδύνατη χωρίς την Κίνα - Ρεπορτάζ και ειδήσεις για την Οικονομία, τις Επιχειρήσεις, το Χρηματιστήριο, την Πολιτική #mononewsGR https://t.co/jAycIxfT51",ολλανδια η πρασινη μεταβαση τησ ευρωπησ ειναι αδυνατη χωρισ την κινα ρεπορταζ και ειδησεισ για την οικονομια τισ επιχειρησεισ το χρηματιστηριο την πολιτικη mononewsgr,1
@hkallimorou @malamw_mou @SotiStra Μα ειπα και πριν οτι υπαρχουν αυτιστικοι με υψηλη νοημοσυνη και εσεις προφανως ανηκετε σε αυτην την κατηγορια και μπραβο σας πο τα καταφερατε και ξεφυγατε απο ενα τετοιο οικογενειακο περιβαλλον.ειστε αξιοθαυμαστη γιατι λιγοι θα το καταφερναν αυτο.,hkallimorou malamw_mou sotistra μα ειπα και πριν οτι υπαρχουν αυτιστικοι με υψηλη νοημοσυνη και εσεισ προφανωσ ανηκετε σε αυτην την κατηγορια και μπραβο σασ πο τα καταφερατε και ξεφυγατε απο ενα τετοιο οικογενειακο περιβαλλονειστε αξιοθαυμαστη γιατι λιγοι θα το καταφερναν αυτο,1
Μ. Ρέμα Ραφήνας: Προτάσεις Βασιλόπουλου για αντιπλημμυρική προστασία παράλληλα με βιώσιμη ανάπτυξη για το σύνολο του Δήμου #FEATURED #ΑΥΤΟΔΙΟΙΚΗΣΗ #ΑΝΔΡΕΑΣΒΑΣΙΛΟΠΟΥΛΟΣ By https://t.co/p9zfHynwcm https://t.co/9RqxKBd07F https://t.co/4owTgInXE5,μ ρεμα ραφηνασ προτασεισ βασιλοπουλου για αντιπλημμυρικη προστασια παραλληλα με βιωσιμη αναπτυξη για το συνολο του δημου featured αυτοδιοικηση ανδρεασβασιλοπουλοσ by,1
"Ιδιαίτερα δυσμενείς οι επιπτώσεις στο περιβάλλον από τα προϊόντα καπνού

Μιλάει στο ΑΠΕ-ΜΠΕ η Μ.Τσικρικά πρόεδρος Ένωσης Πνευμονολόγων Ελλάδας 

https://t.co/CaZw5u4NGY",ιδιαιτερα δυσμενεισ οι επιπτωσεισ στο περιβαλλον απο τα προϊοντα καπνου μιλαει στο απεμπε η μτσικρικα προεδροσ ενωσησ πνευμονολογων ελλαδασ,1
@kic54989272 γιατι αν το παιδι εχει αγνοια μπορει να το προσεγγισει καποιος παιδεραστης απο το ευρυτερο περιβαλλον -σχολικο η μη-και να ασελγησει πανω του και το παιδι να μην καταλαβει τι ακριβως συμβαινει,kic γιατι αν το παιδι εχει αγνοια μπορει να το προσεγγισει καποιοσ παιδεραστησ απο το ευρυτερο περιβαλλον σχολικο η μηκαι να ασελγησει πανω του και το παιδι να μην καταλαβει τι ακριβωσ συμβαινει,1
@kic54989272 Πατησα google αυτο που λες και βγαζει ενα σχεδιο για βιωσιμη αναπτυξη το 2030.ειναι κακο αυτο?γιατι εμενα καλο μου φαινεται,kic πατησα google αυτο που λεσ και βγαζει ενα σχεδιο για βιωσιμη αναπτυξη το ειναι κακο αυτογιατι εμενα καλο μου φαινεται,1
Εκλογές Τουρκία - Ξένοι αναλυτές: «Δεν είναι μια πραγματική Δημοκρατία». Εκλογές Τουρκία: Σύμφωνα με τους ξένους αναλυτές ο Ερντογάν θέλει μια βιώσιμη αντιπολίτευση για να δίνει την ψευδαίσθηση ενός υγιούς Δημοκρατικά κράτους https://t.co/5Yu4HScmMk https://t.co/35B0TsNZsx,εκλογεσ τουρκια ξενοι αναλυτεσ δεν ειναι μια πραγματικη δημοκρατια εκλογεσ τουρκια συμφωνα με τουσ ξενουσ αναλυτεσ ο ερντογαν θελει μια βιωσιμη αντιπολιτευση για να δινει την ψευδαισθηση ενοσ υγιουσ δημοκρατικα κρατουσ,1
Ο Μακρόν έκανε έκκληση να τεθεί τέλος “σε ένα μη βιώσιμο μοντέλο” παραγωγής και κατανάλωσης πλαστικών https://t.co/wCBGCarGIN,ο μακρον εκανε εκκληση να τεθει τελοσ σε ενα μη βιωσιμο μοντελο παραγωγησ και καταναλωσησ πλαστικων,1
Bayer Ελλάς: Στηρίζει την πράσινη και βιώσιμη ανάπτυξη με το πρόγραμμα «Green and Sustainable Development Accelerator» https://t.co/KYs4JpuRyQ,bayer ελλασ στηριζει την πρασινη και βιωσιμη αναπτυξη με το προγραμμα green and sustainable development accelerator,1
"♻️🔋 Motor Oil: Ηγέτης στην πράσινη ενέργεια – Πώς θα φτάσει στο 40% EBITDA από ΑΠΕ #MotorOil #mononewsGR | Ρεπορτάζ και ειδήσεις για την Οικονομία, τις Επιχειρήσεις, το Χρηματιστήριο, την Πολιτική https://t.co/uPQ2x0PiQy",motor oil ηγετησ στην πρασινη ενεργεια πωσ θα φτασει στο ebitda απο απε motoroil mononewsgr ρεπορταζ και ειδησεισ για την οικονομια τισ επιχειρησεισ το χρηματιστηριο την πολιτικη,1
Στο συνέδριο “Πράσινη Μετάβαση και Κυκλική Οικονομία στην Τοπική Αυτοδιοίκηση” συμμετείχε ο Δήμαρχος #Δημοκρατική #Ρόδος #Δωδεκάνησα https://t.co/h3pyoQ468N,στο συνεδριο πρασινη μεταβαση και κυκλικη οικονομια στην τοπικη αυτοδιοικηση συμμετειχε ο δημαρχοσ δημοκρατικη ροδοσ δωδεκανησα,1
"Τεμπονέρας: Το πρόγραμμα μας είναι ρεαλιστικό, βιώσιμο και άμεσα εφαρμόσιμο https://t.co/YVQy9kYrMp",τεμπονερασ το προγραμμα μασ ειναι ρεαλιστικο βιωσιμο και αμεσα εφαρμοσιμο,1
Πράσινη διαχείριση και περιβάλλον να μπουν στην ατζέντα των εκλογών. Τα απόβλητα εξακολουθούν να προβληματίζουν την ηγεσία της ΕΕ. https://t.co/dUJj9Ap5B6 https://t.co/oA08ljK1nq,πρασινη διαχειριση και περιβαλλον να μπουν στην ατζεντα των εκλογων τα αποβλητα εξακολουθουν να προβληματιζουν την ηγεσια τησ εε,1
Tetra Pak: Η συμβολή των χάρτινων συσκευασιών στην κυκλική οικονομία #businessnewsgr https://t.co/w9QuGe68ZT,tetra pak η συμβολη των χαρτινων συσκευασιων στην κυκλικη οικονομια businessnewsgr,1
"Δ. #Τεμπονέρας: Το πρόγραμμα μας, ρεαλιστικό, βιώσιμο, άμεσα εφαρμόσιμο, μπορεί να δώσει λύσει στα προβλήματα της λαϊκής πλειοψηφίας

#ΣΥΡΙΖΑ 
#Εκλογες25Ιουνιου 

https://t.co/GJUNHU6aj4 https://t.co/fc7tkUa5gH",δ τεμπονερασ το προγραμμα μασ ρεαλιστικο βιωσιμο αμεσα εφαρμοσιμο μπορει να δωσει λυσει στα προβληματα τησ λαϊκησ πλειοψηφιασ συριζα εκλογεσιουνιου,1
RT @TheOpinion_News: «Βιώσιμη κινητικότητα ή αβίωτη πόλη;» – Έρχεται εκδήλωση από την Πόλη Ανάποδα #Thessaloniki #skg #TheOpinion https://t…, theopinion_news βιωσιμη κινητικοτητα η αβιωτη πολη ερχεται εκδηλωση απο την πολη αναποδα thessaloniki skg theopinion,1
Bayer Ελλάς και HIGGS «ενώνονται» για την πράσινη και βιώσιμη ανάπτυξη #BAYER_ΕΛΛΑΣ #HIGGS #ΠΡΑΣΙΝΗ_ΑΝΑΠΤΥΞΗ https://t.co/nYvChg3thu,bayer ελλασ και higgs ενωνονται για την πρασινη και βιωσιμη αναπτυξη bayer_ελλασ higgs πρασινη_αναπτυξη,1
RT @TheOpinion_News: Πόλη Ανάποδα: Εκδήλωση για τη βιώσιμη κινητικότητα #Thessaloniki #skg #TheOpinion https://t.co/Xug0Wixa27, theopinion_news πολη αναποδα εκδηλωση για τη βιωσιμη κινητικοτητα thessaloniki skg theopinion,1
RT @TheOpinion_News: Θεσσαλονίκη: «Μαρτύριο» η μετακίνηση των πολιτών – Εκδήλωση για τη βιώσιμη κινητικότητα (ΦΩΤΟ –VIDEO) #Thessaloniki #s…, theopinion_news θεσσαλονικη μαρτυριο η μετακινηση των πολιτων εκδηλωση για τη βιωσιμη κινητικοτητα φωτο video thessaloniki s,1
RT @sofokleous10: Έλον Μασκ: Δίκαιο οικονομικό περιβάλλον για τις ξένες επιχειρήσεις του υποσχέθηκε ο Κινέζος ΥΠΕΞ https://t.co/pFwuUoOPWz, sofokleous ελον μασκ δικαιο οικονομικο περιβαλλον για τισ ξενεσ επιχειρησεισ του υποσχεθηκε ο κινεζοσ υπεξ,1
"Θεσσαλονίκη: Μάντρα ανταλλακτικών αποσυναρμολογούσε παράνομα αυτοκίνητα και ρύπαινε το περιβάλλον. Στη σύλληψη δύο ατόμων που προέβαιναν σε περιβαλλοντική ρύπανση σε προαύλιο χώρο επιχείρησης εμπορίας ανταλλακτικών αυτοκινήτων, στην περιοχή του Δήμου... https://t.co/sRJPyzsX9j https://t.co/ckIZbcTSn0",θεσσαλονικη μαντρα ανταλλακτικων αποσυναρμολογουσε παρανομα αυτοκινητα και ρυπαινε το περιβαλλον στη συλληψη δυο ατομων που προεβαιναν σε περιβαλλοντικη ρυπανση σε προαυλιο χωρο επιχειρησησ εμποριασ ανταλλακτικων αυτοκινητων στην περιοχη του δημου,1
"Σύλλογος Ελλήνων Ολυμπιονικών (ΣΕΟ): Yπογραφή συμφώνου συνεργασίας με την εταιρεία  ΤΕΧΑΝ  ΑΒΕΕ η οποία βασίστηκε στο κοινό όραμα για ένα καλύτερο περιβάλλον και αποσκοπεί στην ανάπτυξη της περιβαλλοντικής συνείδησης όλων – και ιδιαίτερα, των νέων ανθρώπων https://t.co/JB2Dsc8kyt",συλλογοσ ελληνων ολυμπιονικων σεο yπογραφη συμφωνου συνεργασιασ με την εταιρεια τεχαν αβεε η οποια βασιστηκε στο κοινο οραμα για ενα καλυτερο περιβαλλον και αποσκοπει στην αναπτυξη τησ περιβαλλοντικησ συνειδησησ ολων και ιδιαιτερα των νεων ανθρωπων,1
Έως 15/6 η συμμετοχή επιχειρήσεων στον Εθνικό Διάλογο για τη Βιώσιμη Ανάπτυξη #businessnewsgr https://t.co/Adh7qbxvbl,εωσ η συμμετοχη επιχειρησεων στον εθνικο διαλογο για τη βιωσιμη αναπτυξη businessnewsgr,1
Ανατριχιαστικά όλα αυτά και λυπάμαι τα μικρά παιδιά που καλούνται να μεγαλώσουν σε ένα πολύ επιθετικό περιβάλλον από όλες τις απόψεις. https://t.co/VluDDttGEV via @mayroskoraks,ανατριχιαστικα ολα αυτα και λυπαμαι τα μικρα παιδια που καλουνται να μεγαλωσουν σε ενα πολυ επιθετικο περιβαλλον απο ολεσ τισ αποψεισ via mayroskoraks,1
Παρατείνεται ως τις 15/6 ο Εθνικός Διάλογος για τη Βιώσιμη Ανάπτυξη https://t.co/CbgOgiiZjt,παρατεινεται ωσ τισ ο εθνικοσ διαλογοσ για τη βιωσιμη αναπτυξη,1
Κάρπαθος: Σάλος με το βίντεο με τα ζωντανά ψάρια στο τηγάνι - Τι απαντάει το εστιατόριο. Σάλος έχει προκληθεί με τη γυναίκα που βουτάει ζωντανά ψάρια στο τηγάνι σε εστιατόριο της Καρπάθου. Άνθρωποι από το περιβάλλον της επιχείρησης απαντούν για το... https://t.co/K51nChScZS https://t.co/WnvJFli65m,καρπαθοσ σαλοσ με το βιντεο με τα ζωντανα ψαρια στο τηγανι τι απανταει το εστιατοριο σαλοσ εχει προκληθει με τη γυναικα που βουταει ζωντανα ψαρια στο τηγανι σε εστιατοριο τησ καρπαθου ανθρωποι απο το περιβαλλον τησ επιχειρησησ απαντουν για το,1
"Μεσογειακή διατροφή: Ένας μη βιώσιμος μύθος,
https://t.co/GLZO7xWM7m,",μεσογειακη διατροφη ενασ μη βιωσιμοσ μυθοσ,1
περιβάλλον.,περιβαλλον,1
Καπνός: Οι επιπτώσεις στην υγεία και στο περιβάλλον - «Να καλλιεργούνται βρώσιμα προϊόντα αντί για καπνό» ζητά ο ΠΟΥ #ΚΑΠΝΙΣΜΑ #ΕΠΙΠΤΩΣΕΙΣ #ΠΟΥ https://t.co/Siy4X2a4go,καπνοσ οι επιπτωσεισ στην υγεια και στο περιβαλλον να καλλιεργουνται βρωσιμα προϊοντα αντι για καπνο ζητα ο που καπνισμα επιπτωσεισ που,1
"Στρατηγικές #ESG που οδηγούν το μεταλλευτικό κλάδο στη βιώσιμη ανάπτυξη #mononewsGR | Ρεπορτάζ και ειδήσεις για την Οικονομία, τις Επιχειρήσεις, το Χρηματιστήριο, την Πολιτική
https://t.co/3bbWlztlK6",στρατηγικεσ esg που οδηγουν το μεταλλευτικο κλαδο στη βιωσιμη αναπτυξη mononewsgr ρεπορταζ και ειδησεισ για την οικονομια τισ επιχειρησεισ το χρηματιστηριο την πολιτικη,1
"ΔΕΠΑ Εμπορίας: Ευθύνη απέναντι στο περιβάλλον και πράσινος μετασχηματισμός #mononewsGR | Ρεπορτάζ και ειδήσεις για την Οικονομία, τις Επιχειρήσεις, το Χρηματιστήριο, την Πολιτική
https://t.co/ktZcGBDdCa",δεπα εμποριασ ευθυνη απεναντι στο περιβαλλον και πρασινοσ μετασχηματισμοσ mononewsgr ρεπορταζ και ειδησεισ για την οικονομια τισ επιχειρησεισ το χρηματιστηριο την πολιτικη,1
"Τα πλαστικά απειλούν το περιβάλλον το οικοσύστημα και τον άνθρωπο #mononewsGR | Ρεπορτάζ και ειδήσεις για την Οικονομία, τις Επιχειρήσεις, το Χρηματιστήριο, την Πολιτική
https://t.co/BETQKLLR1k",τα πλαστικα απειλουν το περιβαλλον το οικοσυστημα και τον ανθρωπο mononewsgr ρεπορταζ και ειδησεισ για την οικονομια τισ επιχειρησεισ το χρηματιστηριο την πολιτικη,1
Η απάτη της κλιματικής κρίσης γίνεται πλέον ξεκάθαρη: Η συμμαχία για το περιβάλλον έχει χάσει τα μισά της μέλη και… συνεχίζει https://t.co/3VWdDNRZ4U via @bankingnewsgr,η απατη τησ κλιματικησ κρισησ γινεται πλεον ξεκαθαρη η συμμαχια για το περιβαλλον εχει χασει τα μισα τησ μελη και συνεχιζει via bankingnewsgr,1
"1st Larissa Cycling Forum: Θεμέλιο για μια ποδηλατικά βιώσιμη πραγματικότητα (video &amp; photo)
https://t.co/37L0PQds3P",st larissa cycling forum θεμελιο για μια ποδηλατικα βιωσιμη πραγματικοτητα video amp photo,1
RT @bankingnewsgr: Η απάτη της κλιματικής κρίσης γίνεται πλέον ξεκάθαρη: Η συμμαχία για το περιβάλλον έχει χάσει τα μισά της μέλη και… συνε…, bankingnewsgr η απατη τησ κλιματικησ κρισησ γινεται πλεον ξεκαθαρη η συμμαχια για το περιβαλλον εχει χασει τα μισα τησ μελη και συνε,1
Η απάτη της κλιματικής κρίσης γίνεται πλέον ξεκάθαρη: Η συμμαχία για το περιβάλλον έχει χάσει τα μισά της μέλη και… συνεχίζει https://t.co/zyDp2L8Gwh via @bankingnewsgr,η απατη τησ κλιματικησ κρισησ γινεται πλεον ξεκαθαρη η συμμαχια για το περιβαλλον εχει χασει τα μισα τησ μελη και συνεχιζει via bankingnewsgr,1
Ελάττωση των επιπτώσεων εταιρικής δραστηριότητας σε ανθρώπους και περιβάλλον - https://t.co/PL2jQejSAz https://t.co/I6kBlhHKCX,ελαττωση των επιπτωσεων εταιρικησ δραστηριοτητασ σε ανθρωπουσ και περιβαλλον,1
ΕΚ: Ελάττωση των επιπτώσεων εταιρικής δραστηριότητας σε ανθρώπους και περιβάλλον #businessnewsgr https://t.co/EEtmY038GV,εκ ελαττωση των επιπτωσεων εταιρικησ δραστηριοτητασ σε ανθρωπουσ και περιβαλλον businessnewsgr,1
Ελάττωση των επιπτώσεων εταιρικής δραστηριότητας σε ανθρώπους και περιβάλλον https://t.co/6XRbRiiefR,ελαττωση των επιπτωσεων εταιρικησ δραστηριοτητασ σε ανθρωπουσ και περιβαλλον,1
"Χριστοδουλίδης: Ύψιστης σημασίας ένα σταθερό και ασφαλές περιβάλλον στην Αν. Μεσόγειο. Η διατήρηση ενός σταθερού και ασφαλούς περιβάλλοντος στην Ανατολική Μεσόγειο παραμένει ύψιστης στρατηγικής σημασίας, είπε σήμερα ο Πρόεδρος της Kυπριακής... https://t.co/HsaY961I6s https://t.co/5oxqInRsJr",χριστοδουλιδησ υψιστησ σημασιασ ενα σταθερο και ασφαλεσ περιβαλλον στην αν μεσογειο η διατηρηση ενοσ σταθερου και ασφαλουσ περιβαλλοντοσ στην ανατολικη μεσογειο παραμενει υψιστησ στρατηγικησ σημασιασ ειπε σημερα ο προεδροσ τησ kυπριακησ,1
"ΔΕΗ e-bike Festival: Με ποδήλατο προς έναν πιο βιώσιμο κόσμο #mononewsGR #ΔΕΗ | Ρεπορτάζ και ειδήσεις για την Οικονομία, τις Επιχειρήσεις, το Χρηματιστήριο, την Πολιτική
https://t.co/WG4ulCJAL1",δεη ebike festival με ποδηλατο προσ εναν πιο βιωσιμο κοσμο mononewsgr δεη ρεπορταζ και ειδησεισ για την οικονομια τισ επιχειρησεισ το χρηματιστηριο την πολιτικη,1
"Περιβάλλον για την ποιότητα ζωής που μας αξίζει και όχι θυσία στο βωμό του κέρδους

του Νίκου Ασπράγκαθου
https://t.co/wF3Vpm3nLj https://t.co/qKc1kzCje9",περιβαλλον για την ποιοτητα ζωησ που μασ αξιζει και οχι θυσια στο βωμο του κερδουσ του νικου ασπραγκαθου,1
ΓΣΕΕ: Είναι καιρός να επιταχυνθεί η μετάβαση σε μία κυκλική οικονομία #businessnewsgr https://t.co/VqgPzL2xTi,γσεε ειναι καιροσ να επιταχυνθει η μεταβαση σε μια κυκλικη οικονομια businessnewsgr,1
"Κρήτη: Χωρίς τέλος το δράμα τριών παιδιών - Μετά τη μητέρα, έφυγε και ο πατέρας τους. Κρήτη: Ψάχνουν κηδεμόνα στο συγγενικό περιβάλλον https://t.co/a5PQB8ZcDb https://t.co/ypeSAgckOj",κρητη χωρισ τελοσ το δραμα τριων παιδιων μετα τη μητερα εφυγε και ο πατερασ τουσ κρητη ψαχνουν κηδεμονα στο συγγενικο περιβαλλον,1
ΓΣΕΕ: Είναι καιρός να επιταχυνθεί η μετάβαση σε μία κυκλική οικονομία https://t.co/JJr7Zyroao,γσεε ειναι καιροσ να επιταχυνθει η μεταβαση σε μια κυκλικη οικονομια,1
"ΓΣΕΕ: Είναι καιρός να επιταχυνθεί η μετάβαση σε μία κυκλική οικονομία

https://t.co/FML18NfXbK https://t.co/lJzdCrMl5i",γσεε ειναι καιροσ να επιταχυνθει η μεταβαση σε μια κυκλικη οικονομια,1
Εκδήλωση με την CLIA για τη βιώσιμη ανάπτυξη των προορισμών κρουαζιέρας συνδιοργάνωσε η Έλενα Κουντουρά στο Ευρωπαϊκό Κοινοβούλιο https://t.co/n4z4wYgtbM,εκδηλωση με την clia για τη βιωσιμη αναπτυξη των προορισμων κρουαζιερασ συνδιοργανωσε η ελενα κουντουρα στο ευρωπαϊκο κοινοβουλιο,1
RT @TheOpinion_News: ΕΒΕΘ: Με 9 επιχειρήσεις-μέλη του στην 1η Διεθνή Έκθεση για την Κυκλική Οικονομία Forward Green #Thessaloniki #skg #The…, theopinion_news εβεθ με επιχειρησεισμελη του στην η διεθνη εκθεση για την κυκλικη οικονομια forward green thessaloniki skg the,1
"Η #Bentley για το περιβάλλον! #mononewsGR | Ρεπορτάζ και ειδήσεις για την Οικονομία, τις Επιχειρήσεις, το Χρηματιστήριο, την Πολιτική https://t.co/AkzrTpZM2z",η bentley για το περιβαλλον mononewsgr ρεπορταζ και ειδησεισ για την οικονομια τισ επιχειρησεισ το χρηματιστηριο την πολιτικη,1
Παγκόσμια Ημέρα Περιβάλλοντος: Ολοκληρωμένη στρατηγική της Sunlight Group για την κυκλική οικονομία https://t.co/W8JUVV8MLz,παγκοσμια ημερα περιβαλλοντοσ ολοκληρωμενη στρατηγικη τησ sunlight group για την κυκλικη οικονομια,1
"Κώστας Λαϊνάς: Ο μαέστρος του Διονύση Σχοινά στην εντατική. Με συμπτώματα σηψαιμίας νοσηλεύεται στη μονάδα Εντατικής θεραπείας ο μαέστρος του Διονύση Σχοινά, Κώστας Λαϊνάς. Τι λέει άνθρωπος από το περιβάλλον του στο gossip-tv. https://t.co/pc1i6VLwu5 https://t.co/ZkbWfXLBkr",κωστασ λαϊνασ ο μαεστροσ του διονυση σχοινα στην εντατικη με συμπτωματα σηψαιμιασ νοσηλευεται στη μοναδα εντατικησ θεραπειασ ο μαεστροσ του διονυση σχοινα κωστασ λαϊνασ τι λεει ανθρωποσ απο το περιβαλλον του στο gossiptv,1
Χάρι: Πυρά κατά του πρίγκιπα από φίλο της Ελισάβετ – «Πρόδωσε την ετοιμοθάνατη γιαγιά του». Σκληρά λόγια για τον πρίγκιπα Χάρι και την Μέγκαν Μαρκλ από πρόσωπο που βρισκόταν στο φιλικό περιβάλλον της βασίλισσας Ελισάβετ https://t.co/r7dll6ZcM6 https://t.co/Yn0qHLyPRY,χαρι πυρα κατα του πριγκιπα απο φιλο τησ ελισαβετ προδωσε την ετοιμοθανατη γιαγια του σκληρα λογια για τον πριγκιπα χαρι και την μεγκαν μαρκλ απο προσωπο που βρισκοταν στο φιλικο περιβαλλον τησ βασιλισσασ ελισαβετ,1
ΓΣΕΕ: Είναι καιρός να επιταχυνθεί η μετάβαση σε μία κυκλική οικονομία #businessnewsgr https://t.co/zrOdxpcNgu,γσεε ειναι καιροσ να επιταχυνθει η μεταβαση σε μια κυκλικη οικονομια businessnewsgr,1
ΔΕΗ: Επενδύει σε ένα πράσινο μέλλον – Πυξίδα η βιώσιμη ανάπτυξη #businessnewsgr https://t.co/emwP1YII33,δεη επενδυει σε ενα πρασινο μελλον πυξιδα η βιωσιμη αναπτυξη businessnewsgr,1
ΔΕΗ: Επενδύει σε ένα πράσινο μέλλον – Πυξίδα η βιώσιμη ανάπτυξη #businessnewsgr https://t.co/5KLObNzMRS,δεη επενδυει σε ενα πρασινο μελλον πυξιδα η βιωσιμη αναπτυξη businessnewsgr,1
RT @HellenicOlympic: Η Πρόεδρος της Επιτροπής Αθλητισμός και Περιβάλλον της ΕΟΕ Αλεξάνδρα Πάλλη συμμετείχε στην ATTICA GREEN EXPO τη μεγαλύ…, hellenicolympic η προεδροσ τησ επιτροπησ αθλητισμοσ και περιβαλλον τησ εοε αλεξανδρα παλλη συμμετειχε στην attica green expo τη μεγαλυ,1
Η απάτη της κλιματικής κρίσης γίνεται πλέον ξεκάθαρη: Η συμμαχία για το περιβάλλον έχει χάσει τα μισά της μέλη και… συνεχίζει https://t.co/RdpniRZt1y,η απατη τησ κλιματικησ κρισησ γινεται πλεον ξεκαθαρη η συμμαχια για το περιβαλλον εχει χασει τα μισα τησ μελη και συνεχιζει,1
"Το Δίκτυο Δέλτα Πηνειού/Τεμπών για το περιβάλλον - Η απειλή της κλιματικής κρίσης
https://t.co/quUr1dv9K8",το δικτυο δελτα πηνειουτεμπων για το περιβαλλον η απειλη τησ κλιματικησ κρισησ,1
Σκότωσαν στο ξύλο 68χρονη σε χωριό της Καβάλας! – Το συγγενικό της περιβάλλον ερευνά η αστυνομία https://t.co/B4AF1nLRA0 #dolofonia #kavala,σκοτωσαν στο ξυλο χρονη σε χωριο τησ καβαλασ το συγγενικο τησ περιβαλλον ερευνα η αστυνομια dolofonia kavala,1
Κάμερα χωρίς φακό «φαντάζεται» τις φωτογραφίες με τη βοήθεια της τεχνητής νοημοσύνης. Η κάμερα θα εμφανίζει τις φωτογραφίες με βάση τις περιγραφές από το περιβάλλον. https://t.co/NPEMDPaAE4 https://t.co/JofU7gVaPz,καμερα χωρισ φακο φανταζεται τισ φωτογραφιεσ με τη βοηθεια τησ τεχνητησ νοημοσυνησ η καμερα θα εμφανιζει τισ φωτογραφιεσ με βαση τισ περιγραφεσ απο το περιβαλλον,1
Γ. Οικονόμου: Η ισχυρή αυτοδυναμία της Ν.Δ. είναι η μοναδική βιώσιμη πρόταση διακυβέρνησης https://t.co/RDI4js8Npi,γ οικονομου η ισχυρη αυτοδυναμια τησ νδ ειναι η μοναδικη βιωσιμη προταση διακυβερνησησ,1
Marc: Προοπτική αυτοδυναμίας για τη ΝΔ σε περιβάλλον επτακομματικής Βουλής #businessnewsgr https://t.co/QLRWL38KR2,marc προοπτικη αυτοδυναμιασ για τη νδ σε περιβαλλον επτακομματικησ βουλησ businessnewsgr,1
ΔΝΤ: Ζητά αυστηρότερη δημοσιονομική πολιτική και… πράσινη ενέργεια – «Η Ανατολική Ευρώπη αντιμετωπίζει βαθιά οικονομική “ουλή”» https://t.co/KWTkHiftNg,δντ ζητα αυστηροτερη δημοσιονομικη πολιτικη και πρασινη ενεργεια η ανατολικη ευρωπη αντιμετωπιζει βαθια οικονομικη ουλη,1
"Παγκόσμια Ημέρα Περιβάλλοντος 2023: Με πυξίδα τη βιώσιμη ανάπτυξη η ΔΕΗ επενδύει σε ένα πράσινο, καλύτερο μέλλον

https://t.co/DfgKNTXnwv

Εκρηκτική Ενημέρωση από την Ελλάδα και τον Κόσμο στην https://t.co/ffHLvlQhM8

#PRESSBOMB #NEWS https://t.co/SZ0CTWlMNy",παγκοσμια ημερα περιβαλλοντοσ με πυξιδα τη βιωσιμη αναπτυξη η δεη επενδυει σε ενα πρασινο καλυτερο μελλον εκρηκτικη ενημερωση απο την ελλαδα και τον κοσμο στην pressbomb news,1
"5 Ιουνίου: Παγκόσμια Ημέρα Περιβάλλοντος https://t.co/DlDLaEi12k 
#παγκοσμια_ημέρα #περιβαλλον #ontimenewsgr",ιουνιου παγκοσμια ημερα περιβαλλοντοσ παγκοσμια_ημερα περιβαλλον ontimenewsgr,1
Σύνδεση οδικής ασφάλειας με βιώσιμη κινητικότητα https://t.co/pxUeC17TdG,συνδεση οδικησ ασφαλειασ με βιωσιμη κινητικοτητα,1
"Χρησιμοποιώντας μολύβια, ξυλομπογιές, πινέλα και μπογιές, μαθητές και μαθήτριες νηπιαγωγείων, γυμνασίων και λυκείων απ' όλη την Ελλάδα προσπάθησαν να αποτυπώσουν τις επιπτώσεις της κλιματικής αλλαγής στο περιβάλλον. Περισσότεροι από 1.800

https://t.co/EDNwvZSOQK",χρησιμοποιωντασ μολυβια ξυλομπογιεσ πινελα και μπογιεσ μαθητεσ και μαθητριεσ νηπιαγωγειων γυμνασιων και λυκειων απ ολη την ελλαδα προσπαθησαν να αποτυπωσουν τισ επιπτωσεισ τησ κλιματικησ αλλαγησ στο περιβαλλον περισσοτεροι απο,1
"Θα ήταν για γέλια. Αλλά κάθε χρόνο τέτοια μέρα, έστω και για το τυπικό του πράγματος, τα κομματικά επιτελεία πρέπει να φτιάξουν μια ανακοίνωση για το Περιβάλλον… https://t.co/atzMiPUjih",θα ηταν για γελια αλλα καθε χρονο τετοια μερα εστω και για το τυπικο του πραγματοσ τα κομματικα επιτελεια πρεπει να φτιαξουν μια ανακοινωση για το περιβαλλον,1
"Παντελής Κάπρος: Κεντρικός στόχος της μάχης για το περιβάλλον είναι ο μηδενισμός της καύσης ορυκτών καυσίμων - Ρεπορτάζ και ειδήσεις για την Οικονομία, τις Επιχειρήσεις, το Χρηματιστήριο, την Πολιτική #mononewsGR https://t.co/YVq4MuuZBF",παντελησ καπροσ κεντρικοσ στοχοσ τησ μαχησ για το περιβαλλον ειναι ο μηδενισμοσ τησ καυσησ ορυκτων καυσιμων ρεπορταζ και ειδησεισ για την οικονομια τισ επιχειρησεισ το χρηματιστηριο την πολιτικη mononewsgr,1
"«Η παγκόσμια ημέρα περιβάλλοντος δεν είναι μια μέρα γιορτής αλλά μια μέρα συναγερμού, για την κλιματική κρίση και για την ανάγκη εφαρμογής πολιτικών που θα αντιμετωπίζουν τις συνέπειες της», ανέφερε οπρόεδρος του ΣΥΡΙΖΑ-ΠΣ, Αλέξης Τσίπρας ο οποίος

https://t.co/iNdUZg7KX3",η παγκοσμια ημερα περιβαλλοντοσ δεν ειναι μια μερα γιορτησ αλλα μια μερα συναγερμου για την κλιματικη κριση και για την αναγκη εφαρμογησ πολιτικων που θα αντιμετωπιζουν τισ συνεπειεσ τησ ανεφερε οπροεδροσ του συριζαπσ αλεξησ τσιπρασ ο οποιοσ,1
"#WorldEnvironmentDay
Παντελής Κάπρος: 
«Κεντρικός στόχος της μάχης για το #περιβάλλον, ο μηδενισμός της καύσης ορυκτών καυσίμων» 

#WorldEnvironmentDay2023 #environment #EnvironmentDay #BeatPlasticPollution

https://t.co/TLREsDDP2L",worldenvironmentday παντελησ καπροσ κεντρικοσ στοχοσ τησ μαχησ για το περιβαλλον ο μηδενισμοσ τησ καυσησ ορυκτων καυσιμων worldenvironmentday environment environmentday beatplasticpollution,1
"Γιώργος Πατούλης για την Παγκόσμια Ημέρα Περιβάλλοντος: «Το Περιβάλλον είναι η ίδια μας η ζωή, καθήκον μας να το προστατεύουμε» - #OknewsGr https://t.co/vjAfNMmKOU",γιωργοσ πατουλησ για την παγκοσμια ημερα περιβαλλοντοσ το περιβαλλον ειναι η ιδια μασ η ζωη καθηκον μασ να το προστατευουμε oknewsgr,1
"«Η παγκόσμια ημέρα περιβάλλοντος δεν είναι μια μέρα γιορτής αλλά μια μέρα συναγερμού, για την κλιματική κρίση και για την ανάγκη εφαρμογής πολιτικών που θα αντιμετωπίζουν τις συνέπειες της», ανέφερε οπρόεδρος του ΣΥΡΙΖΑ-ΠΣ, Αλέξης Τσίπρας ο οποίος

https://t.co/B8l77ntAc7",η παγκοσμια ημερα περιβαλλοντοσ δεν ειναι μια μερα γιορτησ αλλα μια μερα συναγερμου για την κλιματικη κριση και για την αναγκη εφαρμογησ πολιτικων που θα αντιμετωπιζουν τισ συνεπειεσ τησ ανεφερε οπροεδροσ του συριζαπσ αλεξησ τσιπρασ ο οποιοσ,1
"«Κεντρικός στόχος της μάχης για το περιβάλλον είναι ο μηδενισμός της καύσης ορυκτών καυσίμων», δήλωσε ο υπουργός Περιβάλλοντος και Ενέργειας, Παντελής Κάπρος, με αφορμή την Παγκόσμια Ημέρα Περιβάλλοντος.

https://t.co/oQNVoE4XK9",κεντρικοσ στοχοσ τησ μαχησ για το περιβαλλον ειναι ο μηδενισμοσ τησ καυσησ ορυκτων καυσιμων δηλωσε ο υπουργοσ περιβαλλοντοσ και ενεργειασ παντελησ καπροσ με αφορμη την παγκοσμια ημερα περιβαλλοντοσ,1
"ΚΚΕ: Ενάντια στην εκμετάλλευση του περιβάλλοντος, ενάντια στην πανάκριβη «πράσινη» ενέργεια https://t.co/jzsnbBNYft",κκε εναντια στην εκμεταλλευση του περιβαλλοντοσ εναντια στην πανακριβη πρασινη ενεργεια,1
"#ΚΚΕ: 
«Ενάντια στην εκμετάλλευση και υποβάθμιση του περιβάλλοντος, ενάντια στην πανάκριβη για τον λαό αλλά κερδοφόρα για τους ομίλους ""πράσινη"" ενέργεια» 

https://t.co/N0OX5qKsyq https://t.co/Zy9F0sXg1Y",κκε εναντια στην εκμεταλλευση και υποβαθμιση του περιβαλλοντοσ εναντια στην πανακριβη για τον λαο αλλα κερδοφορα για τουσ ομιλουσ πρασινη ενεργεια,1
«Σήμα» ΔΝΤ στη Fed για νέες αυξήσεις επιτοκίων - Εξαιρετικά αβέβαιο περιβάλλον https://t.co/G6zidQnbAH via @bankingnewsgr,σημα δντ στη fed για νεεσ αυξησεισ επιτοκιων εξαιρετικα αβεβαιο περιβαλλον via bankingnewsgr,1
"RT @sofokleous10: Τι προτείνουν ΝΔ, ΣΥΡΙΖΑ και ΠΑΣΟΚ-ΚΙΝΑΛ για το περιβάλλον https://t.co/WFX4lcTZAQ", sofokleous τι προτεινουν νδ συριζα και πασοκκιναλ για το περιβαλλον,1
"«Η σημερινή Παγκόσμια Μέρα Περιβάλλοντος είναι μέρα αναστοχασμού για όσα οφείλουμε να κάνουμε για την προστασία και ανάδειξη του φυσικού περιβάλλοντος και τη βιώσιμη ανάπτυξη των προστατευόμενων περιοχών».

https://t.co/GS4mnbKAFc",η σημερινη παγκοσμια μερα περιβαλλοντοσ ειναι μερα αναστοχασμου για οσα οφειλουμε να κανουμε για την προστασια και αναδειξη του φυσικου περιβαλλοντοσ και τη βιωσιμη αναπτυξη των προστατευομενων περιοχων,1
"#WorldEnvironmentDay   
Ο Κώστας Τριάντης στο ΑΠΕ-ΜΠΕ: 
«Οι προκλήσεις και οι απαιτήσεις για το περιβάλλον μεγαλώνουν» 

#WorldEnvironmentDay2023 #environment #EnvironmentDay #BeatPlasticPollution

https://t.co/AkxWPH17Ck",worldenvironmentday ο κωστασ τριαντησ στο απεμπε οι προκλησεισ και οι απαιτησεισ για το περιβαλλον μεγαλωνουν worldenvironmentday environment environmentday beatplasticpollution,1
"Γ. Κρεμλής / Η κυκλική οικονομία το κοινό όραμα για τη διάσωση του πλανήτη μας,
https://t.co/q3mxPFqRB1,",γ κρεμλησ η κυκλικη οικονομια το κοινο οραμα για τη διασωση του πλανητη μασ,1
Περιβάλλον: Οι πυρομανείς που εμφανίζονται ως πυροσβέστες | ARTI NEWS https://t.co/hOjcjCBYkW,περιβαλλον οι πυρομανεισ που εμφανιζονται ωσ πυροσβεστεσ ai news,1
Mια άλλη οικολογική περιπέτεια γιατί ως γνωστό μας ενδιαφέρει το περιβάλλον και η πράσινη ανάπτυξη... ...απλώς η χωματερή και ο σκουπιδοτενεκές ας είναι έξω από το σπίτι του γείτονα. https://t.co/eUaKXHJQy9,mια αλλη οικολογικη περιπετεια γιατι ωσ γνωστο μασ ενδιαφερει το περιβαλλον και η πρασινη αναπτυξη απλωσ η χωματερη και ο σκουπιδοτενεκεσ ασ ειναι εξω απο το σπιτι του γειτονα,1
"RT @odigitis: 📌Με πεζοπορία στον Υμηττό έστειλε η ΚΝΕ μήνυμα αγώνα για την προστασία του περιβάλλοντος
✊«Το περιβάλλον θύμα της πολιτικής τ…", odigitis με πεζοπορια στον υμηττο εστειλε η κνε μηνυμα αγωνα για την προστασια του περιβαλλοντοσ το περιβαλλον θυμα τησ πολιτικησ τ,1
Εδώ μια άλλη οικολογική περιπέτεια εξ Ανατολής με αγάπη για την ανθρωπότητα και όλο το περιβάλλον. https://t.co/Ti8Z9DuzLg,εδω μια αλλη οικολογικη περιπετεια εξ ανατολησ με αγαπη για την ανθρωποτητα και ολο το περιβαλλον,1
ΠΑΡΑΤΗΡΗΤΗΡΙΟ ΠΕΙΡΑΪΚΗΣ: Συγκέντρωση για το περιβάλλον στον Σταυρό της Πειραϊκής https://t.co/A6XIho5h6o,παρατηρητηριο πειραϊκησ συγκεντρωση για το περιβαλλον στον σταυρο τησ πειραϊκησ,1
RT @kmitsotakis: Σας ευχαριστώ για τη θερμή υποδοχή στη Νέα Ιωνία! Με τους πολίτες σήμερα συζητήσαμε για το πώς οραματιζόμαστε την Ελλάδα τ…, kmitsotakis σασ ευχαριστω για τη θερμη υποδοχη στη νεα ιωνια με τουσ πολιτεσ σημερα συζητησαμε για το πωσ οραματιζομαστε την ελλαδα τ,1
Περιβάλλον: Σε τι θα εξυπηρετούσαν οι δωρεάν συγκοινωνίες στην Ευρώπη #EuropeNews https://t.co/mTf6YwokBi,περιβαλλον σε τι θα εξυπηρετουσαν οι δωρεαν συγκοινωνιεσ στην ευρωπη europenews,1
Οι βερμπαλισμοί για το Περιβάλλον και η αφόρητη δυσοσμία στον Κηφισό | ARTI NEWS https://t.co/Lpz7tCpY1C,οι βερμπαλισμοι για το περιβαλλον και η αφορητη δυσοσμια στον κηφισο ai news,1
Παπουτσάνης: Για ένα βιώσιμο μέλλον με υπεύθυνη παραγωγή και αειφόρο καινοτομία #businessnewsgr https://t.co/J0TgU77IDv,παπουτσανησ για ενα βιωσιμο μελλον με υπευθυνη παραγωγη και αειφορο καινοτομια businessnewsgr,1
"Εκλογές 2023 - Κυριάκος Μητσοτάκης: Σταθερή και βιώσιμη ανάπτυξη. Εκλογές 2023: Ευχαριστίες για τη θερμή υποδοχή στη Νέα Ιωνία, εκφράζει ο πρόεδρος της ΝΔ Κυριάκος Μητσοτάκης και θέτει το πρόγραμμα για μια Ελλάδα με σταθερή και βιώσιμη ανάπτυξη. https://t.co/DBvMXJDr6Q https://t.co/qDJbYyzPVw",εκλογεσ κυριακοσ μητσοτακησ σταθερη και βιωσιμη αναπτυξη εκλογεσ ευχαριστιεσ για τη θερμη υποδοχη στη νεα ιωνια εκφραζει ο προεδροσ τησ νδ κυριακοσ μητσοτακησ και θετει το προγραμμα για μια ελλαδα με σταθερη και βιωσιμη αναπτυξη,1
Η κτηνοτροφία συμβάλει στην αειφορία του περιβάλλοντος - NemeaPress https://t.co/XkwsycKoKt,η κτηνοτροφια συμβαλει στην αειφορια του περιβαλλοντοσ nemeapress,1
Η κτηνοτροφία συμβάλλει στην αειφορία του περιβάλλοντος https://t.co/RC9bSS9AS3,η κτηνοτροφια συμβαλλει στην αειφορια του περιβαλλοντοσ,1
"Ομιλία του Δ. Κουτσούμπα για το περιβάλλον, απόψε στο πάρκο «Αντ. Τρίτσης» 

https://t.co/JbZCjTCpnI https://t.co/bXV30C5u5T",ομιλια του δ κουτσουμπα για το περιβαλλον αποψε στο παρκο αντ τριτσησ,1
"RT @Celesta91883911: -Αντώνης Φώσκολος, ομότιμος καθηγητής Πολυτεχνείου Κρήτης και ομότιμος ερευνητής της Γεωλογικής Υπηρεσίας του Καναδά.…", celesta αντωνησ φωσκολοσ ομοτιμοσ καθηγητησ πολυτεχνειου κρητησ και ομοτιμοσ ερευνητησ τησ γεωλογικησ υπηρεσιασ του καναδα,1
"Αίθουσα Σύνταξης ΕπικαιρότηταΣτην ενίσχυση των υποδομών που προστατεύουν το περιβάλλον, προχώρησε η Energean σε περιοχές που δραστηριοποιείται στην Ελλάδα, με αφορμή την Παγκόσμια Ημέρα Περιβάλλοντος, η οποία τιμάται διεθνώς στις 5 Ιουνίου κάθε χρόνο. #

https://t.co/YytUP51TMn",αιθουσα συνταξησ επικαιροτηταστην ενισχυση των υποδομων που προστατευουν το περιβαλλον προχωρησε η energean σε περιοχεσ που δραστηριοποιειται στην ελλαδα με αφορμη την παγκοσμια ημερα περιβαλλοντοσ η οποια τιμαται διεθνωσ στισ ιουνιου καθε χρονο,1
Ειδήμονες: χημική-τοξική βόμβα για το περιβάλλον η κατάρρευση του φράγματος Νόβα Καχόβκα. #Kakhovka #Kherson #Χερσωνα #Ρωσια #Russia #Ukraine https://t.co/v3nGJNeJjb,ειδημονεσ χημικητοξικη βομβα για το περιβαλλον η καταρρευση του φραγματοσ νοβα καχοβκα kakhovka kherson χερσωνα ρωσια russia ukraine,1
"Ειδήμονες: χημική-τοξική βόμβα για το περιβάλλον η κατάρρευση του φράγματος Νόβα Καχόβκα. #Kakhovka #Kherson #Χερσωνα #Ρωσια #Russia #Ukraine 
https://t.co/v3nGJNeJjb",ειδημονεσ χημικητοξικη βομβα για το περιβαλλον η καταρρευση του φραγματοσ νοβα καχοβκα kakhovka kherson χερσωνα ρωσια russia ukraine,1
"METRO: Εξοικονόμηση Φυσικών Πόρων για ένα Βιώσιμο Μέλλον
https://t.co/TKijwRnqv9",metro εξοικονομηση φυσικων πορων για ενα βιωσιμο μελλον,1
Στουρνάρας: Επιτακτική η ανάγκη για ταχεία μετάβαση σε μια περισσότερο βιώσιμη ανάπτυξη - https://t.co/hnD4iXhSYP https://t.co/m1qqwYcuIS,στουρναρασ επιτακτικη η αναγκη για ταχεια μεταβαση σε μια περισσοτερο βιωσιμη αναπτυξη,1
Το Παρίσι προωθεί πρωτοβουλίες φιλικές προς το περιβάλλον https://t.co/CJrTC5ribV,το παρισι προωθει πρωτοβουλιεσ φιλικεσ προσ το περιβαλλον,1
"Η 1η Διεθνής Έκθεση Κυκλικής Οικονομίας ForwardGreen από τις 8 έως τις 10 Ιουνίου στο Διεθνές Εκθεσιακό Κέντρο Θεσσαλονίκης - Τιμώμενη Χώρα η Βουλγαρία, 138 εκθέτες, 60 ξένοι εμπορικοί επισκέπτες, Forum για την Κυκλική Οικονομία και πλήθος εκδηλώσεων https://t.co/cALUOzdUb7",η η διεθνησ εκθεση κυκλικησ οικονομιασ forwardgreen απο τισ εωσ τισ ιουνιου στο διεθνεσ εκθεσιακο κεντρο θεσσαλονικησ τιμωμενη χωρα η βουλγαρια εκθετεσ ξενοι εμπορικοι επισκεπτεσ forum για την κυκλικη οικονομια και πληθοσ εκδηλωσεων,1
"1η FORWARD GREEN: ""Ντεμπούτο"" της Έκθεσης για την Κυκλική Οικονομία με 138 εκθέτες και πάνω από 270 ραντεβού ελληνικών και βουλγαρικών επιχειρήσεων - https://t.co/eiOPQNT0y0 https://t.co/u7tYRX0hmG 
#Forward_Green #Κυκλική_Οικονομία",η forward green ντεμπουτο τησ εκθεσησ για την κυκλικη οικονομια με εκθετεσ και πανω απο ραντεβου ελληνικων και βουλγαρικων επιχειρησεων forward_green κυκλικη_οικονομια,1
Γιάννης Στουρνάρας: «Επιτακτική ανάγκη η μετάβαση σε πιο βιώσιμη ανάπτυξη» #businessnewsgr https://t.co/EwdjtTBGPm,γιαννησ στουρναρασ επιτακτικη αναγκη η μεταβαση σε πιο βιωσιμη αναπτυξη businessnewsgr,1
Στουρνάρας: Επιτακτική η ανάγκη για ταχεία μετάβαση σε βιώσιμη ανάπτυξη  #moneypress https://t.co/VSrSyUvizr,στουρναρασ επιτακτικη η αναγκη για ταχεια μεταβαση σε βιωσιμη αναπτυξη moneypress,1
Κάπρος: Κεντρικός στόχος της μάχης για το Περιβάλλον ο μηδενισμός της καύσης ορυκτών καυσίμων https://t.co/vhxbUJkshB,καπροσ κεντρικοσ στοχοσ τησ μαχησ για το περιβαλλον ο μηδενισμοσ τησ καυσησ ορυκτων καυσιμων,1
"1η FORWARD GREEN: ""Ντεμπούτο"" της Έκθεσης για την Κυκλική Οικονομία με 138 εκθέτες και πάνω από 270 ραντεβού ελληνικών και βουλγαρικών επιχειρήσεων - https://t.co/eiOPQNSsIs https://t.co/3hjWVdGxQW #forward_green #ΔΕΘ #Θεσσαλονίκη #Θεσσαλονικη",η forward green ντεμπουτο τησ εκθεσησ για την κυκλικη οικονομια με εκθετεσ και πανω απο ραντεβου ελληνικων και βουλγαρικων επιχειρησεων forward_green δεθ θεσσαλονικη θεσσαλονικη,1
ΗΡΩΝ: «Πράσινη» ενέργεια με PPA από RWE-ΔΕΗ Ανανεώσιμες και υπογραφή μακροχρόνιας σύμβασης https://t.co/snwLEQgCZJ,ηρων πρασινη ενεργεια με ppa απο rweδεη ανανεωσιμεσ και υπογραφη μακροχρονιασ συμβασησ,1
«Αποπνικτική» η ατμόσφαιρα στις ΗΠΑ λόγω των δασικών πυρκαγιών στον Καναδά - «Καμπανάκι» για την υγεία εκατομμυρίων πολιτών #ΚΑΠΝΟΣ #ΗΠΑ #ΠΕΡΙΒΑΛΛΟΝ https://t.co/ljjU3jwp4j,αποπνικτικη η ατμοσφαιρα στισ ηπα λογω των δασικων πυρκαγιων στον καναδα καμπανακι για την υγεια εκατομμυριων πολιτων καπνοσ ηπα περιβαλλον,1
H ΕΥΔΑΠ αξιοποιεί τις Ανανεώσιμες Πηγές Ενέργειας https://t.co/1mlTep52B0 via @bankingnewsgr,h ευδαπ αξιοποιει τισ ανανεωσιμεσ πηγεσ ενεργειασ via bankingnewsgr,1
Φωνάζει ο Ζελένσκι για το…περιβάλλον: «Οικοκτονία των Ρώσων» https://t.co/int7BWLIcp,φωναζει ο ζελενσκι για τοπεριβαλλον οικοκτονια των ρωσων,1
"Ημερίδα ΠΕΔ Θεσσαλίας: «Η κλιματική κρίση και η επιρροή της στην αγροτική οικονομία της περιοχής. Μέτρα και δράσεις»
https://t.co/X95kItPl2L",ημεριδα πεδ θεσσαλιασ η κλιματικη κριση και η επιρροη τησ στην αγροτικη οικονομια τησ περιοχησ μετρα και δρασεισ,1
"Οι Coldplay κατέβαλαν προσπάθειες τον τελευταίο χρόνο να κάνουν την περιοδεία τους «Music of the Spheres World Tour» πιο βιώσιμη και σύμφωνα με το Billboard, τα αποτελέσματα είναι ικανοποιητικά.
Εκτόςαπό τη μείωση του αποτυπώματος άνθρακα κατά σχεδόν

https://t.co/xA9AXQmfi2",οι coldplay κατεβαλαν προσπαθειεσ τον τελευταιο χρονο να κανουν την περιοδεια τουσ music of the spheres world tour πιο βιωσιμη και συμφωνα με το billboard τα αποτελεσματα ειναι ικανοποιητικα εκτοσαπο τη μειωση του αποτυπωματοσ ανθρακα κατα σχεδον,1
RT @sofokleous10: Στουρνάρας: Επιτακτική η ανάγκη για ταχεία μετάβαση σε μια περισσότερο βιώσιμη ανάπτυξη https://t.co/rPeRDIlaXQ, sofokleous στουρναρασ επιτακτικη η αναγκη για ταχεια μεταβαση σε μια περισσοτερο βιωσιμη αναπτυξη,1
METRO: Εξοικονόμηση Φυσικών Πόρων για ένα Βιώσιμο Μέλλον https://t.co/xQgZ1n0cAz,metro εξοικονομηση φυσικων πορων για ενα βιωσιμο μελλον,1
Τα έργα συνδυάζονται με το περιβάλλον και δημιουργούν «ένα νησί μέσα στο νησί» https://t.co/fEDAr3Oh0r,τα εργα συνδυαζονται με το περιβαλλον και δημιουργουν ενα νησι μεσα στο νησι,1
"Πελαγίδης: Ανθεκτική η ελληνική οικονομία, παρά το δυσμενές περιβάλλον - https://t.co/eTafNWbsse https://t.co/BqQJlYUnyO",πελαγιδησ ανθεκτικη η ελληνικη οικονομια παρα το δυσμενεσ περιβαλλον,1
RT @sofokleous10: Οι θέσεις του ΠΑΣΟΚ – ΚΙΝΑΛ για το περιβάλλον παρουσιάστηκαν στην Καλαμάτα (video) https://t.co/ObwMWYEapl, sofokleous οι θεσεισ του πασοκ κιναλ για το περιβαλλον παρουσιαστηκαν στην καλαματα video,1
"Αλ. Χαρίτσης: Παραγωγικό και αναπτυξιακό μοντέλο για δίκαιη, βιώσιμη και πράσινη ανάπτυξη,
https://t.co/gB0fYzOqZ3,",αλ χαριτσησ παραγωγικο και αναπτυξιακο μοντελο για δικαιη βιωσιμη και πρασινη αναπτυξη,1
"Αλ. #Χαρίτσης: Παραγωγικό και αναπτυξιακό μοντέλο για δίκαιη, βιώσιμη και πράσινη ανάπτυξη
@syriza_gr 

https://t.co/Hhm66uLKvL https://t.co/Ef7NwPChfD",αλ χαριτσησ παραγωγικο και αναπτυξιακο μοντελο για δικαιη βιωσιμη και πρασινη αναπτυξη syriza_gr,1
Τεράστια καταστροφή! Οι επιπτώσεις που θα έχει στο περιβάλλον η καταστροφή του φράγματος της Κακχόβκα https://t.co/cCgQNkrUNo,τεραστια καταστροφη οι επιπτωσεισ που θα εχει στο περιβαλλον η καταστροφη του φραγματοσ τησ κακχοβκα,1
Ημερίδα της ΠΕΔ για την κλιματική κρίση και την επιρροή της στην αγροτική οικονομία ⋆ TirnavosPress https://t.co/yQ09XhVkzK,ημεριδα τησ πεδ για την κλιματικη κριση και την επιρροη τησ στην αγροτικη οικονομια tirnavospress,1
RT @sofokleous10: Πελαγίδης: Ανθεκτική η ελληνική οικονομία σε ένα αβέβαιο περιβάλλον https://t.co/uOWcDk0gV4, sofokleous πελαγιδησ ανθεκτικη η ελληνικη οικονομια σε ενα αβεβαιο περιβαλλον,1
"Η Θεσσαλονίκη ανοίγει τον δρόμο προς ένα πράσινο, βιώσιμο μέλλον – Εγκαίνια 2ου Φεστιβάλ Κυκλικής Οικονομίας Thess Clean - Thess Green

https://t.co/Zw9CbEcgRe",η θεσσαλονικη ανοιγει τον δρομο προσ ενα πρασινο βιωσιμο μελλον εγκαινια ου φεστιβαλ κυκλικησ οικονομιασ thess clean thess green,1
RT @sofokleous10: Μεγάλου (Τρ. Πειραιώς):Η μετάβαση σε μια οικονομία χωρίς εκπομπές άνθρακα είναι εφικτή και οικονομικά βιώσιμη https://t.c…, sofokleous μεγαλου τρ πειραιωση μεταβαση σε μια οικονομια χωρισ εκπομπεσ ανθρακα ειναι εφικτη και οικονομικα βιωσιμη,1
Πελεγίδης – Υπουργείο Οικονομικών: “Ανθεκτικότητα της ελληνικής οικονομίας παρά το αβέβαιο οικονομικό περιβάλλον” - #OknewsGr https://t.co/zvIhyldRTX,πελεγιδησ υπουργειο οικονομικων ανθεκτικοτητα τησ ελληνικησ οικονομιασ παρα το αβεβαιο οικονομικο περιβαλλον oknewsgr,1
"Θ. Πελαγίδης: Η ελληνική οικονομία συνεχίζει να παρουσιάζει σημαντική ανθεκτικότητα μέσα σε ένα δυσμενές και αβέβαιο οικονομικό περιβάλλον

https://t.co/bulzQG3SAr https://t.co/QHKj6tLlRm",θ πελαγιδησ η ελληνικη οικονομια συνεχιζει να παρουσιαζει σημαντικη ανθεκτικοτητα μεσα σε ενα δυσμενεσ και αβεβαιο οικονομικο περιβαλλον,1
"«Κάνουμε πράσινες τις γειτονιές μας»: Διήμερο περιβαλλοντικών δράσεων το Σαββατοκύριακο στο Δήμο Βισαλτίας 
#Δήμος_Βισαλτίας #Ημέρα_Περιβάλλοντος #περιβάλλον #Serres
https://t.co/t4dojtNmN2",κανουμε πρασινεσ τισ γειτονιεσ μασ διημερο περιβαλλοντικων δρασεων το σαββατοκυριακο στο δημο βισαλτιασ δημοσ_βισαλτιασ ημερα_περιβαλλοντοσ περιβαλλον serres,1
"Εθνική Τράπεζα και Περιβάλλον: Από τη στρατηγική στην πράξη #mononewsGR | Ρεπορτάζ και ειδήσεις για την Οικονομία, τις Επιχειρήσεις, το Χρηματιστήριο, την Πολιτική
https://t.co/bE5JLvEeGM",εθνικη τραπεζα και περιβαλλον απο τη στρατηγικη στην πραξη mononewsgr ρεπορταζ και ειδησεισ για την οικονομια τισ επιχειρησεισ το χρηματιστηριο την πολιτικη,1
Coffee Island: Επενδύει στην βιώσιμη ανάπτυξη και την Coffe-Ecο #businessnewsgr https://t.co/JroxYtAUUW,coffee island επενδυει στην βιωσιμη αναπτυξη και την coffeecο businessnewsgr,1
"H Βουλγαρία Τιμώμενη Χώρα στην 1η ""Forward Green"" και άνευ απροόπτου και στη φετινή ΔΕΘ - https://t.co/eiOPQNSsIs https://t.co/ZQfmj9blWW 
#Forward_Green_Expo #ΔΕΘ #Κυκλική_Οικονομία",h βουλγαρια τιμωμενη χωρα στην η forward green και ανευ απροοπτου και στη φετινη δεθ forward_green_expo δεθ κυκλικη_οικονομια,1
"Όταν όλη η ανθρωπότητα ξύπνησε και κατάλαβε τι ακριβώς συμβαίνει. Ακριβώς τότε δέχτηκε επίθεση. Αν τώρα θέλετε να επιβιώσετε πρέπει να μείνετε μακριά από το 5G περιβάλλον, δεν υπάρχει καμία άλλη λύση. https://t.co/plrj4e2z1e",οταν ολη η ανθρωποτητα ξυπνησε και καταλαβε τι ακριβωσ συμβαινει ακριβωσ τοτε δεχτηκε επιθεση αν τωρα θελετε να επιβιωσετε πρεπει να μεινετε μακρια απο το g περιβαλλον δεν υπαρχει καμια αλλη λυση,1
Goldman Sachs: Οι συνθήκες στο χρηματοπιστωτικό περιβάλλον θα γίνουν δυσμενέστερες https://t.co/2fNLHct1GH,goldman sachs οι συνθηκεσ στο χρηματοπιστωτικο περιβαλλον θα γινουν δυσμενεστερεσ,1
"Mε την ατζέντα της για το περιβάλλον, την κοινωνία και τη διακυβέρνηση (Environmental, Social, and Governance-ESG), προσπαθεί να εφαρμόσει το σύστημα κοινωνικής πίστωσης της Κίνας στις αμερικανικές εταιρείες https://t.co/B0LOcpMDeJ",mε την ατζεντα τησ για το περιβαλλον την κοινωνια και τη διακυβερνηση environmental social and governanceesg προσπαθει να εφαρμοσει το συστημα κοινωνικησ πιστωσησ τησ κινασ στισ αμερικανικεσ εταιρειεσ,1
Ψήφισμα Βουλής για περιβάλλον καλεί σε συντονισμό δράσεων https://t.co/fPBZ05w43G,ψηφισμα βουλησ για περιβαλλον καλει σε συντονισμο δρασεων,1
1ο Forum για την Κυκλική Οικονομία: Έρχονται επενδύσεις-Αναπτυξιακές προοπτικές για την ελληνική βιομηχανία από την Κυκλική Οικονομία-Κρίσιμος ο ρόλος της εκπαίδευσης - https://t.co/eiOPQNSsIs https://t.co/o8hvkX61Nm,ο forum για την κυκλικη οικονομια ερχονται επενδυσεισαναπτυξιακεσ προοπτικεσ για την ελληνικη βιομηχανια απο την κυκλικη οικονομιακρισιμοσ ο ρολοσ τησ εκπαιδευσησ,1
"MSD: Θετικό το αποτύπωμα της στην κοινωνία, την υγεία και το περιβάλλον - Όλες οι ενέργειες της εταιρείας #MSD #ΕΝΕΡΓΕΙΕΣ #ΥΓΕΙΑ https://t.co/ej9Wy1JRTi",msd θετικο το αποτυπωμα τησ στην κοινωνια την υγεια και το περιβαλλον ολεσ οι ενεργειεσ τησ εταιρειασ msd ενεργειεσ υγεια,1
"Η Πράσινη Ελλάδα αποτελεί βασικό πυλώνα του προγράμματός μας. Ώστε μέσα από συγκεκριμένες πολιτικές να ενισχύσουμε την ενεργειακή ασφάλεια της πατρίδας μας, αλλά κυρίως να παραδώσουμε στις επόμενες γενιές ένα καλύτερο περιβάλλον.

https://t.co/WxxRJWmtiY https://t.co/JeUXQszHp6",η πρασινη ελλαδα αποτελει βασικο πυλωνα του προγραμματοσ μασ ωστε μεσα απο συγκεκριμενεσ πολιτικεσ να ενισχυσουμε την ενεργειακη ασφαλεια τησ πατριδασ μασ αλλα κυριωσ να παραδωσουμε στισ επομενεσ γενιεσ ενα καλυτερο περιβαλλον,1
RT @sofokleous10: Σαράντη (ΣΒΕ) : Ανάγκη για επενδύσεις στην κυκλική οικονομία https://t.co/JF2CGLmbjO, sofokleous σαραντη σβε αναγκη για επενδυσεισ στην κυκλικη οικονομια,1
"MSD: 4,7 εκατ. ευρώ επενδύθηκαν σε κλινική έρευνα στην Ελλάδα. Το θετικό αποτύπωμα της MSD στην κοινωνία, την υγεία και το περιβάλλον, επιβεβαιώνεται μέσα από το έντυπο Εταιρικής Ευθύνης (Environment Social Governance Brochure) του 2022, στο οποίο... https://t.co/ZIvwEz208s https://t.co/2LUCCburFI",msd εκατ ευρω επενδυθηκαν σε κλινικη ερευνα στην ελλαδα το θετικο αποτυπωμα τησ msd στην κοινωνια την υγεια και το περιβαλλον επιβεβαιωνεται μεσα απο το εντυπο εταιρικησ ευθυνησ environment social governance brochure του στο οποιο,1
«Ο ΣΥΡΙΖΑ επαναφέρει το θέμα όταν ζορίζεται» – Τι απαντούν από το περιβάλλον Σαμαρά για την «τουρκική» μειονότητα https://t.co/IDkS7PlqM7,ο συριζα επαναφερει το θεμα οταν ζοριζεται τι απαντουν απο το περιβαλλον σαμαρα για την τουρκικη μειονοτητα,1
"Στο Πρόγραμμα «Υποδομές Μεταφορών, Περιβάλλον &amp; Αειφόρος Ανάπτυξη» το έργο ρέματος Κόρμπι #businessnewsgr https://t.co/xn5U9Ow7OH",στο προγραμμα υποδομεσ μεταφορων περιβαλλον amp αειφοροσ αναπτυξη το εργο ρεματοσ κορμπι businessnewsgr,1
"Πώς τα ταμεία πολιτικής συνοχής στηρίζουν τη βιώσιμη κινητικότητα και δημιουργία υποδομών
#alphanewslive #cyprus
 https://t.co/V5Pt0QBmz3",πωσ τα ταμεια πολιτικησ συνοχησ στηριζουν τη βιωσιμη κινητικοτητα και δημιουργια υποδομων alphanewslive cyprus,1
"Ημερίδα ΠΕΔ Θεσσαλίας για την κλιματική κρίση και την επιρροή της στην αγροτική οικονομία της περιοχής
https://t.co/e2EaSRu3p0",ημεριδα πεδ θεσσαλιασ για την κλιματικη κριση και την επιρροη τησ στην αγροτικη οικονομια τησ περιοχησ,1
"Η παγκόσμια οικονομία βάλλεται από δομικά στοιχεία αστάθειας (χρέος, ανισοκατανομή πλούτου, πράσινη μετάβαση), αλλά και από στοιχεία που συνδέονται  με την ακόρεστη επιθυμία κέρδους και με την προσπάθεια επικυριαρχίας / εξουσίας (στρατιωτικές δαπάνες).
https://t.co/iNVQo2q4cy",η παγκοσμια οικονομια βαλλεται απο δομικα στοιχεια ασταθειασ χρεοσ ανισοκατανομη πλουτου πρασινη μεταβαση αλλα και απο στοιχεια που συνδεονται με την ακορεστη επιθυμια κερδουσ και με την προσπαθεια επικυριαρχιασ εξουσιασ στρατιωτικεσ δαπανεσ,1
RT @TheOpinion_News: «Οικολογία Πράσινη Λύση»: Ανησυχία για το περιβάλλον και την ασφάλεια των κατοίκων της Θεσσαλονίκης #Thessaloniki #skg…, theopinion_news οικολογια πρασινη λυση ανησυχια για το περιβαλλον και την ασφαλεια των κατοικων τησ θεσσαλονικησ thessaloniki skg,1
"Παντοτινά χημικά: Πόσο αυξάνουν τον κίνδυνο παιδικής παχυσαρκίας. Οι υπερφθοριωμένες και πολυφθοριωμένες αλκυλιωμένες ουσίες (PFAS) ή παντοτινά χημικά, βρίσκονται πλέον παντού στο περιβάλλον: σε αδιάβροχα υφάσματα, προϊόντα προσωπικής υγιεινής,... https://t.co/RTKiQXf4lD https://t.co/rgYXVUr04M",παντοτινα χημικα ποσο αυξανουν τον κινδυνο παιδικησ παχυσαρκιασ οι υπερφθοριωμενεσ και πολυφθοριωμενεσ αλκυλιωμενεσ ουσιεσ pfas η παντοτινα χημικα βρισκονται πλεον παντου στο περιβαλλον σε αδιαβροχα υφασματα προϊοντα προσωπικησ υγιεινησ,1
Ρόουαν Άτκινσον: «Το παραμύθι με τα ηλεκτρικά αυτοκίνητα τελείωσε – Δεν προσφέρουν τίποτα στο περιβάλλον» https://t.co/JWXhKzMBzl #Πνευματικος #documento #paobc #ΕΚΑΒ #Αταλαντη #Μποχωριδη #Γουοκαπ #Φιλης #Μενγκελε #Βεζενκοφ,ροουαν ατκινσον το παραμυθι με τα ηλεκτρικα αυτοκινητα τελειωσε δεν προσφερουν τιποτα στο περιβαλλον πνευματικοσ documento paobc εκαβ αταλαντη μποχωριδη γουοκαπ φιλησ μενγκελε βεζενκοφ,1
Ημερίδα της ΠΕΔ Θεσσαλίας με θέμα «Η κλιματική κρίση και η επιρροή της στην αγροτική οικονομία της περιοχής. Μέτρα και δράσεις» https://t.co/pzqoJdGyJb μέσω @mouzakinews.gr https://t.co/xU0bMPym2h,ημεριδα τησ πεδ θεσσαλιασ με θεμα η κλιματικη κριση και η επιρροη τησ στην αγροτικη οικονομια τησ περιοχησ μετρα και δρασεισ μεσω mouzakinewsgr,1
"Περιβαλλοντικά παιχνίδια για τους μαθητές του 18ου Δ.Σ. Σερρών και του Δ.Σ. Κερκίνης στον υγροβιότοπο 
#Κερκίνη #18ο_ΔΣ_Σερρών #σχολεία #λίμνη_Κερκίνη #περιβάλλον #18ο_Δημοτικό_Σχολείο_Σερρών #Δημοτικό_Σχολείο_Κερκίνης #μαθητές #Serres #Kerkini
https://t.co/2CLMK8FrRK",περιβαλλοντικα παιχνιδια για τουσ μαθητεσ του ου δσ σερρων και του δσ κερκινησ στον υγροβιοτοπο κερκινη ο_δσ_σερρων σχολεια λιμνη_κερκινη περιβαλλον ο_δημοτικο_σχολειο_σερρων δημοτικο_σχολειο_κερκινησ μαθητεσ serres kerkini,1
RT @sofokleous10: «Ο ΣΥΡΙΖΑ επαναφέρει το θέμα όταν ζορίζεται» – Τι απαντούν από το περιβάλλον Σαμαρά για την «τουρκική» μειονότητα https:/…, sofokleous ο συριζα επαναφερει το θεμα οταν ζοριζεται τι απαντουν απο το περιβαλλον σαμαρα για την τουρκικη μειονοτητα,1
"ΑΔΜΗΕ: Πράσινη η μισή ηλεκτρική #ενέργεια στην #Ελλάδα τον Μάιο

https://t.co/FOWF8NF8dg https://t.co/n32Ub9zSr5",αδμηε πρασινη η μιση ηλεκτρικη ενεργεια στην ελλαδα τον μαιο,1
"Μητσοτάκης από Ωραιόκαστρο: Ισχυρή αυτοδυναμία ΝΔ, η μόνη βιώσιμη λύση (ΦΩΤΟ-VIDEO) - https://t.co/eiOPQNT0y0 https://t.co/6mprHdbI4U 
#Μητσοτάκης #Εκλογές #GRTimes",μητσοτακησ απο ωραιοκαστρο ισχυρη αυτοδυναμια νδ η μονη βιωσιμη λυση φωτοvideo μητσοτακησ εκλογεσ gimes,1
Forward Green: Μια μοναδική έκθεση για την Κυκλική Οικονομία σε «ανθισμένο» φόντο και με πολλαπλά μηνύματα βιώσιμης ανάπτυξης https://t.co/IL67SWK05X https://t.co/KOsTFFTvHA,forward green μια μοναδικη εκθεση για την κυκλικη οικονομια σε ανθισμενο φοντο και με πολλαπλα μηνυματα βιωσιμησ αναπτυξησ,1
Ρόουαν Άτκινσον: «Το παραμύθι με τα ηλεκτρικά αυτοκίνητα τελείωσε: Δεν προσφέρουν τίποτα στο περιβάλλον»,ροουαν ατκινσον το παραμυθι με τα ηλεκτρικα αυτοκινητα τελειωσε δεν προσφερουν τιποτα στο περιβαλλον,1
"Πράσινη η μισή ηλεκτρική ενέργεια στην Ελλάδα τον Μάιο
https://t.co/HjJPEEU6Z4",πρασινη η μιση ηλεκτρικη ενεργεια στην ελλαδα τον μαιο,1
"Θεσσαλονίκη: Ενημερώνοντας τους πολίτες για την ασφαλή μετακίνηση με ποδήλατο, για μια βιώσιμη πόλη (ΦΩΤΟ-VIDEO) - https://t.co/eiOPQNSsIs https://t.co/YXdiqIjgha 
#Θεσσαλονίκη #Ποδήλατα #Μητροπολιτική_Ενότητα_Θεσσαλονίκης #ΠΑΣΘ #GRTimes",θεσσαλονικη ενημερωνοντασ τουσ πολιτεσ για την ασφαλη μετακινηση με ποδηλατο για μια βιωσιμη πολη φωτοvideo θεσσαλονικη ποδηλατα μητροπολιτικη_ενοτητα_θεσσαλονικησ πασθ gimes,1
ΑΔΜΗΕ: Πράσινη η μισή ηλεκτρική ενέργεια στην Ελλάδα τον Μάιο #businessnewsgr https://t.co/TNEhnjJ82O,αδμηε πρασινη η μιση ηλεκτρικη ενεργεια στην ελλαδα τον μαιο businessnewsgr,1
ΑΔΜΗΕ: Πράσινη η μισή ηλεκτρική ενέργεια στην Ελλάδα τον Μάιο– Αναλυτικά τα στοιχεία - https://t.co/DvcfX1gORD https://t.co/K0cloIKW8R,αδμηε πρασινη η μιση ηλεκτρικη ενεργεια στην ελλαδα τον μαιο αναλυτικα τα στοιχεια,1
Οι πόλεις μπορούν να προσφέρουν νέες ευκαιρίες στους παραγωγούς-καταναλωτές ενέργειας από ανανεώσιμες πηγές https://t.co/o1LivDSSmi,οι πολεισ μπορουν να προσφερουν νεεσ ευκαιριεσ στουσ παραγωγουσκαταναλωτεσ ενεργειασ απο ανανεωσιμεσ πηγεσ,1
ΑΔΜΗΕ: Πράσινη η μισή ηλεκτρική ενέργεια στην Ελλάδα τον Μάιο https://t.co/SGAluOdZyk,αδμηε πρασινη η μιση ηλεκτρικη ενεργεια στην ελλαδα τον μαιο,1
ΑΔΜΗΕ: «Πράσινη» η μισή ηλεκτρική ενέργεια στην Ελλάδα τον Μάιο #businessnewsgr https://t.co/QkcoXL8gR3,αδμηε πρασινη η μιση ηλεκτρικη ενεργεια στην ελλαδα τον μαιο businessnewsgr,1
"ΠΕΔ: Σημαντικές εισηγήσεις στην ημερίδα με θέμα ""Η κλιματική κρίση και η επιρροή της στην αγροτική οικονομία της περιοχής. Μέτρα και δράσεις"" (photo)
https://t.co/yxHhEs8PCl",πεδ σημαντικεσ εισηγησεισ στην ημεριδα με θεμα η κλιματικη κριση και η επιρροη τησ στην αγροτικη οικονομια τησ περιοχησ μετρα και δρασεισ photo,1
"Σε μία εποχή όπου η τεχνολογία πρωτοπορεί και πρωτοστατεί, η μετάβαση των τοπικών κοινωνιών στη βιώσιμη κινητικότητα και φυσικά την οδική ασφάλεια είναι απόλυτα αναγκαία.
 
Οι καθηγητές Θεοχάρης Τσούτσος, Σταυρούλα Τουρνάκη και Μαρία Φράγκου από το

https://t.co/di3iN40NRQ",σε μια εποχη οπου η τεχνολογια πρωτοπορει και πρωτοστατει η μεταβαση των τοπικων κοινωνιων στη βιωσιμη κινητικοτητα και φυσικα την οδικη ασφαλεια ειναι απολυτα αναγκαια οι καθηγητεσ θεοχαρησ τσουτσοσ σταυρουλα τουρνακη και μαρια φραγκου απο το,1
ΑΔΜΗΕ: Πράσινη η μισή ηλεκτρική ενέργεια στην Ελλάδα τον Μάιο -Νέο ιστορικό υψηλό https://t.co/RlDVsdepst,αδμηε πρασινη η μιση ηλεκτρικη ενεργεια στην ελλαδα τον μαιο νεο ιστορικο υψηλο,1
ΑΔΜΗΕ: Πράσινη η μισή ηλεκτρική ενέργεια στην Ελλάδα τον Μάιο https://t.co/6LvudvqBuL,αδμηε πρασινη η μιση ηλεκτρικη ενεργεια στην ελλαδα τον μαιο,1
ICAP: Το ελληνικό επιχειρείν επενδύει στην βιώσιμη ανάπτυξη #businessnewsgr https://t.co/kn0ouMC50F,icap το ελληνικο επιχειρειν επενδυει στην βιωσιμη αναπτυξη businessnewsgr,1
RT @Mpalarass: Εδω βλεπουμε το περιβάλλον του Αλαφουζου. Το περιβάλλον που όπως έχουμε ακούσει πολλές φορές επηρεάζει τα δρώμενα στην ΠΑΕ.…, mpalarass εδω βλεπουμε το περιβαλλον του αλαφουζου το περιβαλλον που οπωσ εχουμε ακουσει πολλεσ φορεσ επηρεαζει τα δρωμενα στην παε,1
"PRODEA Investments: Ανάπτυξη με έμφαση στην αειφορία. Η PRODEA Investments υλοποιεί κι ένα μεγάλο πρόγραμμα εταιρικής υπευθυνότητας, τις «Δομές Ευθύνης», που σε σημαντικό βαθμό εστιάζει στο περιβάλλον. https://t.co/eonT5iiNWo https://t.co/7dPC8bTsUH",prodea investments αναπτυξη με εμφαση στην αειφορια η prodea investments υλοποιει κι ενα μεγαλο προγραμμα εταιρικησ υπευθυνοτητασ τισ δομεσ ευθυνησ που σε σημαντικο βαθμο εστιαζει στο περιβαλλον,1
PRODEA Investments: Ανάπτυξη με έμφαση στην αειφορία  #moneypress https://t.co/BQS6ZI3rD5,prodea investments αναπτυξη με εμφαση στην αειφορια moneypress,1
Πραγματοποιήθηκε η ημερίδα της Π.Ε.Δ. Θεσσαλίας «Η κλιματική κρίση και η επιρροή της στην αγροτική οικονομία της περιοχής. Μέτρα και δράσεις» https://t.co/RvlkjcjXQ0 μέσω @mouzakinews.gr https://t.co/CGYKAvyntI,πραγματοποιηθηκε η ημεριδα τησ πεδ θεσσαλιασ η κλιματικη κριση και η επιρροη τησ στην αγροτικη οικονομια τησ περιοχησ μετρα και δρασεισ μεσω mouzakinewsgr,1
"Με αφορμή την παγκόσμια ημέρα περιβάλλοντος και με την ιδιότητα του Πρεσβευτή της ΕΕ για το περιβάλλον, ο υπ. δήμαρχος Ραφήνας-Πικερμίου Ανδρέας Βασιλόπουλος, βρέθηκε ως ομιλητής σε εκδήλωση για το απειλούμενο ρέμα της Κίρκης στη Νέα Φιλαδέλφεια.

https://t.co/DhTZUruWhd https://t.co/F3agQ50FOG",με αφορμη την παγκοσμια ημερα περιβαλλοντοσ και με την ιδιοτητα του πρεσβευτη τησ εε για το περιβαλλον ο υπ δημαρχοσ ραφηνασπικερμιου ανδρεασ βασιλοπουλοσ βρεθηκε ωσ ομιλητησ σε εκδηλωση για το απειλουμενο ρεμα τησ κιρκησ στη νεα φιλαδελφεια,1
ΜέΡΑ25: Αυθαίρετο το πρόστιμο Μπακογιάννη - Απόπειρα φίμωσης με πρόσχημα το περιβάλλον https://t.co/8zE5Hnohoo via @bankingnewsgr,μερα αυθαιρετο το προστιμο μπακογιαννη αποπειρα φιμωσησ με προσχημα το περιβαλλον via bankingnewsgr,1
"Σέρρες: Δράση εθελοντικού καθαρισμού με συμμετοχή εθελοντών και ευπαθών ομάδων 
#Δήμος_Σερρών #περιβάλλον #Σέρρες #Serres
https://t.co/8rl9U1d2kk",σερρεσ δραση εθελοντικου καθαρισμου με συμμετοχη εθελοντων και ευπαθων ομαδων δημοσ_σερρων περιβαλλον σερρεσ serres,1
RT @baxebanis: Σέ μεγάλο Σουπερμάρκετ του Ηρακλείου franchise από γνωστή αλυσίδα ο ιδιοκτήτης έπεισε τους υπαλλήλους να στηρίξουν Αυγενάκη…, baxebanis σε μεγαλο σουπερμαρκετ του ηρακλειου franchise απο γνωστη αλυσιδα ο ιδιοκτητησ επεισε τουσ υπαλληλουσ να στηριξουν αυγενακη,1
"«Ενημέρωση μέσω διαδικτύου, σεβασμός σε εργαζομένους και περιβάλλον» - Καβάλα, Πρωϊνή, Ραδιόφωνο, Εφημερίδα της Καβάλας, νέα, καβάλα ειδήσεις, μικρές αγγελίες https://t.co/EOpCjDlgUL",ενημερωση μεσω διαδικτυου σεβασμοσ σε εργαζομενουσ και περιβαλλον καβαλα πρωϊνη ραδιοφωνο εφημεριδα τησ καβαλασ νεα καβαλα ειδησεισ μικρεσ αγγελιεσ,1
Capital Link: Ολοκληρώθηκε με επιτυχία το ετήσιο συνέδριο για τη βιώσιμη ανάπτυξη - https://t.co/5NQy6YBCTQ https://t.co/r7gXLn4jZA,capital link ολοκληρωθηκε με επιτυχια το ετησιο συνεδριο για τη βιωσιμη αναπτυξη,1
"Επτά παιδιά με στρεπτόκοκκο στη Νάουσα, τα τρία από το περιβάλλον του 7χρονου https://t.co/2Nxgn5TQX3",επτα παιδια με στρεπτοκοκκο στη ναουσα τα τρια απο το περιβαλλον του χρονου,1
"Θετικά στον στρεπτόκοκκο Α έξι παιδιά από το περιβάλλον του 7χρονου που έχασε χθες τη ζωή του από την λοίμωξη

https://t.co/CTTAFwwlKK",θετικα στον στρεπτοκοκκο α εξι παιδια απο το περιβαλλον του χρονου που εχασε χθεσ τη ζωη του απο την λοιμωξη,1
"Στρεπτόκοκκος: Ακόμη επτά θετικά παιδιά στη Νάουσα - Τρία από το περιβάλλον του 7χρονου. Είκοσι ένα παιδιά έκαναν τεστ για στρεπτόκοκκο στο νοσοκομείο της Νάουσας, μετά τον θάνατο του 7χρονου.   https://t.co/G7xrU3b2XV https://t.co/n9kMkbZAHm",στρεπτοκοκκοσ ακομη επτα θετικα παιδια στη ναουσα τρια απο το περιβαλλον του χρονου εικοσι ενα παιδια εκαναν τεστ για στρεπτοκοκκο στο νοσοκομειο τησ ναουσασ μετα τον θανατο του χρονου,1
Συναγερμός στη Νάουσα: Επτά παιδιά με στρεπτόκοκκο – Tα τρία από το περιβάλλον του 7χρονου https://t.co/K9KBgSBJUR #naoysa #poedin #streptokokkos,συναγερμοσ στη ναουσα επτα παιδια με στρεπτοκοκκο tα τρια απο το περιβαλλον του χρονου naoysa poedin streptokokkos,1
"ΠΟΕΔΗΝ: Επτά παιδιά με στρεπτόκοκκο στη Νάουσα, τα 3 από το περιβάλλον του 7χρονου https://t.co/YDQmNi5ge8 via @bankingnewsgr",ποεδην επτα παιδια με στρεπτοκοκκο στη ναουσα τα απο το περιβαλλον του χρονου via bankingnewsgr,1
ΠΟΕΔΗΝ: Επτά νέα κρούσματα στρεπτόκοκκου Α στη Νάουσα – Ποια είχαν επαφές με το περιβάλλον του 7χρονου - #OknewsGr https://t.co/hUSYrxzGO0,ποεδην επτα νεα κρουσματα στρεπτοκοκκου α στη ναουσα ποια ειχαν επαφεσ με το περιβαλλον του χρονου oknewsgr,1
Θετικά στον στρεπτόκοκκο επτά παιδιά στη Νάουσα – Τα τρία από το περιβάλλον του 8χρονου https://t.co/Ue12Asxe0a #ΚαλημεραΜαιρη #NBAFinals📷 #Γιοκιτς #Μπερλουσκονι #ΚαλημεραΑθηνα #ΚαλημεραΜαρια #Ροδοπη #shoppingstar #Θρακη #Ναγκετς,θετικα στον στρεπτοκοκκο επτα παιδια στη ναουσα τα τρια απο το περιβαλλον του χρονου καλημεραμαιρη nbafinals γιοκιτσ μπερλουσκονι καλημερααθηνα καλημεραμαρια ροδοπη shoppingstar θρακη ναγκετσ,1
"Επτά παιδιά θετικά στον στρεπτόκοκκο στη Νάουσα – Τα τρία από το περιβάλλον του 7χρονου

https://t.co/oir3iNOcrc",επτα παιδια θετικα στον στρεπτοκοκκο στη ναουσα τα τρια απο το περιβαλλον του χρονου,1
Γιορτή για το περιβάλλον με βαρκάδες στο Δέλτα του Πηνειού ⋆ TirnavosPress https://t.co/lPg7lZOi8q,γιορτη για το περιβαλλον με βαρκαδεσ στο δελτα του πηνειου tirnavospress,1
RT @dimigalano: Ευτυχώς που παράγουμε αρκετή πράσινη ενέργεια από ΑΠΕ και οι τιμές στο ράφι πέφτουν., dimigalano ευτυχωσ που παραγουμε αρκετη πρασινη ενεργεια απο απε και οι τιμεσ στο ραφι πεφτουν,1
"Στην #Ελλάδα το επιμορφωτικό πρόγραμμα ενδυνάμωσης των νέων γυναικών για τη βιώσιμη ανάπτυξη της υδατοκαλλιέργειας

https://t.co/2BUMWgFLV6 https://t.co/KJpNwgrYG3",στην ελλαδα το επιμορφωτικο προγραμμα ενδυναμωσησ των νεων γυναικων για τη βιωσιμη αναπτυξη τησ υδατοκαλλιεργειασ,1
Ο πρόεδρος της ΚΕΔΕ στο otavoice για Κυκλική Οικονομία και Forward Green Expo https://t.co/QS5bDF1GIO,ο προεδροσ τησ κεδε στο otavoice για κυκλικη οικονομια και forward green expo,1
Πράσινη Ατζέντα – Γερμανία: Κάθε νέο σύστημα θέρμανσης θα πρέπει να έχει τουλάχιστον 65% πράσινη ενέργεια!!! https://t.co/vpegqVTetY,πρασινη ατζεντα γερμανια καθε νεο συστημα θερμανσησ θα πρεπει να εχει τουλαχιστον πρασινη ενεργεια,1
Στρεπτόκοκκος: Θετικά στον ιό άλλα έξι παιδιά από το περιβάλλον του 7χρονου που έχασε τη ζωή του https://t.co/9eEFyCYGOq,στρεπτοκοκκοσ θετικα στον ιο αλλα εξι παιδια απο το περιβαλλον του χρονου που εχασε τη ζωη του,1
Εγκαινιάστηκε το ΚΕΠΕΑ Δήμου Θέρμης στο Λιβάδι #ΕΚΠΑΙΔΕΥΣΗ #ΛΙΒΑΔΙ #ΠΕΡΙΒΑΛΛΟΝ  https://t.co/FhLE6kgGxl https://t.co/jFMvzUZ6XE,εγκαινιαστηκε το κεπεα δημου θερμησ στο λιβαδι εκπαιδευση λιβαδι περιβαλλον,1
Στρεπτόκοκκος ομάδας Α - Νάουσα: Θετικά έξι παιδιά από το περιβάλλον του 7χρονου https://t.co/HwWU8TJ9aI,στρεπτοκοκκοσ ομαδασ α ναουσα θετικα εξι παιδια απο το περιβαλλον του χρονου,1
Βιώσιμη υδατοκαλλιέργεια: Στην Ελλάδα επιμορφωτικό πρόγραμμα για νέες γυναίκες https://t.co/yPb6cevNGv https://t.co/MqaBNqjJYA,βιωσιμη υδατοκαλλιεργεια στην ελλαδα επιμορφωτικο προγραμμα για νεεσ γυναικεσ,1
RT @sofokleous10: Βιώσιμη χρηματοδότηση: Περαιτέρω μέτρα από την Κομισιόν για την τόνωση των επενδύσεων https://t.co/g11KzUUyit, sofokleous βιωσιμη χρηματοδοτηση περαιτερω μετρα απο την κομισιον για την τονωση των επενδυσεων,1
Βιώσιμη χρηματοδότηση: Περαιτέρω μέτρα από την Κομισιόν για την τόνωση των επενδύσεων #businessnewsgr https://t.co/Oh2PqdNvZq,βιωσιμη χρηματοδοτηση περαιτερω μετρα απο την κομισιον για την τονωση των επενδυσεων businessnewsgr,1
"Επτά παιδιά με στρεπτόκοκκο στη Νάουσα - Τα τρία από το περιβάλλον του 7χρονου
https://t.co/vXBvDEFAZi",επτα παιδια με στρεπτοκοκκο στη ναουσα τα τρια απο το περιβαλλον του χρονου,1
Επτά παιδιά με στρεπτόκοκκο στη Νάουσα – Τα τρία από το περιβάλλον του 7χρονου – Τι αναφέρει η ΠΟΕΔΗΝ https://t.co/Kws3TwbK8m,επτα παιδια με στρεπτοκοκκο στη ναουσα τα τρια απο το περιβαλλον του χρονου τι αναφερει η ποεδην,1
Έξι παιδιά από το περιβάλλον του 7χρονου θετικά στον στρεπτόκοκκο - #OknewsGr https://t.co/hUSYrxzGO0,εξι παιδια απο το περιβαλλον του χρονου θετικα στον στρεπτοκοκκο oknewsgr,1
"7 παιδιά θετικά στον στρεπτόκοκκο Α

Τα τρία είναι από το περιβάλλον του 7χρονου που έχασε τη ζωή του

https://t.co/roLyM9nbsB https://t.co/A0EmjBqlXe",παιδια θετικα στον στρεπτοκοκκο α τα τρια ειναι απο το περιβαλλον του χρονου που εχασε τη ζωη του,1
Στρεπτόκοκκος ομάδας Α – Νάουσα: Θετικά έξι παιδιά από το περιβάλλον του 7χρονου https://t.co/O7wXFPMmTU,στρεπτοκοκκοσ ομαδασ α ναουσα θετικα εξι παιδια απο το περιβαλλον του χρονου,1
"Στρεπτόκοκκος: Θετικά 6 παιδιά από το περιβάλλον του 7χρονου που πέθανε #στρεπτοκοκκος | Ρεπορτάζ και ειδήσεις για την Οικονομία, τις Επιχειρήσεις, το Χρηματιστήριο, την Πολιτική https://t.co/WU6yUBOYZO",στρεπτοκοκκοσ θετικα παιδια απο το περιβαλλον του χρονου που πεθανε στρεπτοκοκκοσ ρεπορταζ και ειδησεισ για την οικονομια τισ επιχειρησεισ το χρηματιστηριο την πολιτικη,1
#στρεπτοκοκκος : Θετικά 6 παιδιά από το περιβάλλον του 7χρονου στη Νάουσα https://t.co/5101xK6fuo,στρεπτοκοκκοσ θετικα παιδια απο το περιβαλλον του χρονου στη ναουσα,1
Με στρεπτόκοκκο έξι παιδιά από το περιβάλλον του 8χρονου – Οδηγίες του ΕΟΔΥ στα νοσοκομεία #ΕΠΙΚΑΙΡΟΤΗΤΑ #ΕΟΔΥ #ΝΑΟΥΣΑ #ΣΤΡΕΠΤΟΚΟΚΚΟΣ By https://t.co/p9zfHynwcm https://t.co/8TwDPib1FA https://t.co/PRdOg7NJKO,με στρεπτοκοκκο εξι παιδια απο το περιβαλλον του χρονου οδηγιεσ του εοδυ στα νοσοκομεια επικαιροτητα εοδυ ναουσα στρεπτοκοκκοσ by,1
Η κτηνοτροφία διατηρεί την ισορροπία στο περιβάλλον https://t.co/BEzhVDxz4g,η κτηνοτροφια διατηρει την ισορροπια στο περιβαλλον,1
"#Κλιματική_αλλαγή: Σχολεία και νοσοκομεία σε ευρωπαϊκές πόλεις κινδυνεύουν από ακραία ζέστη
https://t.co/EudPOpHGXM",κλιματικη_αλλαγη σχολεια και νοσοκομεια σε ευρωπαϊκεσ πολεισ κινδυνευουν απο ακραια ζεστη,1
Η κτηνοτροφία διατηρεί την ισορροπία στο περιβάλλον - NemeaPress https://t.co/wwFh0Gshwy,η κτηνοτροφια διατηρει την ισορροπια στο περιβαλλον nemeapress,1
"Δράσεις για ένα πιο βιώσιμο μέλλον: Διεθνές Διαδικτυακό Συνέδριο για την εξάλειψη του υδραργύρου σε αστικά περιβάλλοντα
https://t.co/yv1b6ZRlXh",δρασεισ για ενα πιο βιωσιμο μελλον διεθνεσ διαδικτυακο συνεδριο για την εξαλειψη του υδραργυρου σε αστικα περιβαλλοντα,1
"Οσα είδαμε στην Αστυπάλαια για τη μετατροπή της σε «έξυπνο και βιώσιμο νησί»
https://t.co/ALk9MQca6T",οσα ειδαμε στην αστυπαλαια για τη μετατροπη τησ σε εξυπνο και βιωσιμο νησι,1
"Περιστέρης: Η Τέρνα Ενεργειακή συνεχίζει το επενδυτικό πλάνο 5,5 δισ. στην πράσινη ενέργεια #businessnewsgr https://t.co/WsicyLoBxq",περιστερησ η τερνα ενεργειακη συνεχιζει το επενδυτικο πλανο δισ στην πρασινη ενεργεια businessnewsgr,1
Η κτηνοτροφία διατηρεί την ισορροπία στο περιβάλλον https://t.co/CASeMGEt1z,η κτηνοτροφια διατηρει την ισορροπια στο περιβαλλον,1
"RT @GiotisXaralabos: 11 βαθμοι κελσίου.
Δεν ξέρω αν έχει Ιούνιο ο χειμώνας αυτό που είναι σίγουρο είναι πως θα βγει η αδελφομάνα της Νέας Δ…", giotisxaralabos βαθμοι κελσιου δεν ξερω αν εχει ιουνιο ο χειμωνασ αυτο που ειναι σιγουρο ειναι πωσ θα βγει η αδελφομανα τησ νεασ δ,1
"Υψηλή η αξία των δεδομένων - Εφαρμογές στην υγεία, τη γεωργία, το περιβάλλον

https://t.co/xndVMI2wSu 

#bigdata",υψηλη η αξια των δεδομενων εφαρμογεσ στην υγεια τη γεωργια το περιβαλλον bigdata,1
"HELLENiQ ENERGY: Έμφαση στις ΑΠΕ και εξαγωγες σε νέες αγορές. Ακόμη μεγαλύτερη έμφαση στις ανανεώσιμες πηγές ενέργειας και αύξηση των εξαγωγών σε νέες αγορές εκτός Ευρώπης, περιλαμβάνει ο σχεδιασμός του…Περισσότερα... https://t.co/HoXfbJqYig https://t.co/akBGJaDNH5",helleniq energy εμφαση στισ απε και εξαγωγεσ σε νεεσ αγορεσ ακομη μεγαλυτερη εμφαση στισ ανανεωσιμεσ πηγεσ ενεργειασ και αυξηση των εξαγωγων σε νεεσ αγορεσ εκτοσ ευρωπησ περιλαμβανει ο σχεδιασμοσ τουπερισσοτερα,1
«Ο ΣΥΡΙΖΑ επαναφέρει το θέμα όταν ζορίζεται» – Τι απαντούν από το περιβάλλον Σαμαρά για την «τουρκική» μειονότητα https://t.co/3Z1izSSzJp,ο συριζα επαναφερει το θεμα οταν ζοριζεται τι απαντουν απο το περιβαλλον σαμαρα για την τουρκικη μειονοτητα,1
Δήμος Παιανίας: Η νέα γενιά αναλαμβάνει δράση υπέρ του περιβάλλοντος #ΑΥΤΟΔΙΟΙΚΗΣΗ #ΔΗΜΟΣΠΑΙΑΝΙΑΣ #ΠΑΙΔΙΑ #ΠΕΡΙΒΑΛΛΟΝ By https://t.co/p9zfHynwcm https://t.co/MeedzF2PFz https://t.co/YDLt0hLMUG,δημοσ παιανιασ η νεα γενια αναλαμβανει δραση υπερ του περιβαλλοντοσ αυτοδιοικηση δημοσπαιανιασ παιδια περιβαλλον by,1
"Κυκλική οικονομία: Οι νέοι κανόνες για πιο ανθεκτικές, ενεργειακά αποδοτικές και εύκολα επισκευάσιμες κινητές συσκευές #businessnewsgr https://t.co/ZVh4NkdH13",κυκλικη οικονομια οι νεοι κανονεσ για πιο ανθεκτικεσ ενεργειακα αποδοτικεσ και ευκολα επισκευασιμεσ κινητεσ συσκευεσ businessnewsgr,1
"Σε μια δύσκολη εποχή, που τα μικρά παιδιά δέχονται πολυάριθμες απειλές από το εξω-οικογενειακό, αλλά και το ενδο-οικογενειακό περιβάλλον τους, το ""Δημοτικό Βρεφοκομείο Αθηνών"", το οποίο αποτελεί το δίκτυο των Βρεφονηπιακών σταθμών του Δήμου της

https://t.co/yosRzvfR8z",σε μια δυσκολη εποχη που τα μικρα παιδια δεχονται πολυαριθμεσ απειλεσ απο το εξωοικογενειακο αλλα και το ενδοοικογενειακο περιβαλλον τουσ το δημοτικο βρεφοκομειο αθηνων το οποιο αποτελει το δικτυο των βρεφονηπιακων σταθμων του δημου τησ,1
"Παιδικοί Σταθμοί: Το περιβάλλον και η διαπαιδαγώγηση των παιδιών στα πρώτα χρόνια της ζωής τους, διαμορφώνει τον μετέπειτα χαρακτήρα τους, ως ενήλικες

https://t.co/vtsbnHNe7J https://t.co/quIP4faCbY",παιδικοι σταθμοι το περιβαλλον και η διαπαιδαγωγηση των παιδιων στα πρωτα χρονια τησ ζωησ τουσ διαμορφωνει τον μετεπειτα χαρακτηρα τουσ ωσ ενηλικεσ,1
"Σταϊκούρας: Τι λέει για επενδυτική βαθμίδα, φοροδιαφυγή και επιχειρηματικό περιβάλλον στην Ελλάδα #businessnewsgr https://t.co/2vGQZe6uSH",σταϊκουρασ τι λεει για επενδυτικη βαθμιδα φοροδιαφυγη και επιχειρηματικο περιβαλλον στην ελλαδα businessnewsgr,1
"RT @kmitsotakis: Προτεραιότητά μας είναι η ανάπτυξη, με διαφορετικά όμως χαρακτηριστικά από το παρελθόν. Ανάπτυξη που να στηρίζεται σε επεν…", kmitsotakis προτεραιοτητα μασ ειναι η αναπτυξη με διαφορετικα ομωσ χαρακτηριστικα απο το παρελθον αναπτυξη που να στηριζεται σε επεν,1
RT @GiannisEutux: Στη φωτογραφία βλέπουμε κάτι δίποδους  άχρηστους σαπιοκοιλάδες που το μόνο που προσφέρουν είναι να επιβαρύνουν το περιβάλ…, gianniseutux στη φωτογραφια βλεπουμε κατι διποδουσ αχρηστουσ σαπιοκοιλαδεσ που το μονο που προσφερουν ειναι να επιβαρυνουν το περιβαλ,1
"Πήγε στην τουαλέτα και είδε ένα πύθωνα δύο μέτρων πίσω από την κουρτίνα. Με μήκος κοντά στα δύο μέτρα, το φίδι έδειχνε εντυπωσιακά άνετο στο απροσδόκητο περιβάλλον του.Περισσότερα... https://t.co/jYvQ4CwV2V https://t.co/IVpGiZPdE4",πηγε στην τουαλετα και ειδε ενα πυθωνα δυο μετρων πισω απο την κουρτινα με μηκοσ κοντα στα δυο μετρα το φιδι εδειχνε εντυπωσιακα ανετο στο απροσδοκητο περιβαλλον τουπερισσοτερα,1
Ορεστιάδα: 19χρονος κατήγγειλε βιασμό από στρατιωτικό. Ο νεαρός εκμυστηρεύτηκε το περιστατικό στο οικογενειακό του περιβάλλον και στη συνέχεια προχώρησε σε καταγγελία.Περισσότερα... https://t.co/c02DtKzMvW https://t.co/I2xuk1m44S,ορεστιαδα χρονοσ κατηγγειλε βιασμο απο στρατιωτικο ο νεαροσ εκμυστηρευτηκε το περιστατικο στο οικογενειακο του περιβαλλον και στη συνεχεια προχωρησε σε καταγγελιαπερισσοτερα,1
"https://t.co/V9wjyDAowA
#αγρινιο #σχολεια #περιβαλλον #εργα #environment",αγρινιο σχολεια περιβαλλον εργα environment,1
RT @sofokleous10: Η οικονομία της Ευρωζώνης αντιμετωπίζει προκλήσεις λόγω των υψηλών τιμών και του ενεργειακού σοκ που προκαλεί η “πράσινη…, sofokleous η οικονομια τησ ευρωζωνησ αντιμετωπιζει προκλησεισ λογω των υψηλων τιμων και του ενεργειακου σοκ που προκαλει η πρασινη,1
"Υπεγράφη η σύμβαση για την κατασκευή του έργου «Κατασκευή Πράσινου Σημείου ΔήμουΗγουμενίτσας», προϋπολογισμού 719.160,00 συμπεριλαμβανομένου Φ.Π.Α. 24%.Το έργο χρηματοδοτείται από το Επιχειρησιακό Πρόγραμμα «Υποδομές Μεταφορών, Περιβάλλον καιΑειφόρος

https://t.co/pEsgyLhTq8 https://t.co/9TjN6QOFYo",υπεγραφη η συμβαση για την κατασκευη του εργου κατασκευη πρασινου σημειου δημουηγουμενιτσασ προϋπολογισμου συμπεριλαμβανομενου φπα το εργο χρηματοδοτειται απο το επιχειρησιακο προγραμμα υποδομεσ μεταφορων περιβαλλον καιαειφοροσ,1
"Το Τμήμα Αθλητισμού και Πολιτισμού του Π.Α.Κ.Π.ΠΟ. του Δήμου Ηγουμενίτσας σε συνεργασία με τη δομή φιλοξενίας ασυνόδευτων ανηλίκων προσφύγων του «Διεθνούς Κέντρου για τη Βιώσιμη Ανάπτυξη (ICSD)» – Α.Μ.Κ.Ε.

https://t.co/ZqBcqAdlLW https://t.co/2nGAcv7OdF",το τμημα αθλητισμου και πολιτισμου του πακππο του δημου ηγουμενιτσασ σε συνεργασια με τη δομη φιλοξενιασ ασυνοδευτων ανηλικων προσφυγων του διεθνουσ κεντρου για τη βιωσιμη αναπτυξη icsd αμκε,1
Η ΑΒ Βασιλόπουλος επιβραβεύεται πολλαπλώς για την καινοτομία της και τον σεβασμό προς το περιβάλλον https://t.co/WSGPVNTpS9,η αβ βασιλοπουλοσ επιβραβευεται πολλαπλωσ για την καινοτομια τησ και τον σεβασμο προσ το περιβαλλον,1
"Καλπάζει η Ελλάδα στις ανανεώσιμες πηγές ενέργειας. Η Ελλάδα βρέθηκε, για πρώτη φορά, στην πρώτη θέση του προσαρμοσμένου δείκτη της EY για τις ανανεώσιμες πηγές ενέργειας (ΑΠΕ), που εξετάζει τις…Περισσότερα... https://t.co/AmaviftYQn",καλπαζει η ελλαδα στισ ανανεωσιμεσ πηγεσ ενεργειασ η ελλαδα βρεθηκε για πρωτη φορα στην πρωτη θεση του προσαρμοσμενου δεικτη τησ ey για τισ ανανεωσιμεσ πηγεσ ενεργειασ απε που εξεταζει τισπερισσοτερα,1
Στα 403 δισ. ευρώ το ελληνικό δημόσιο χρέος-Πως είναι βιώσιμο;https://t.co/6au7EYewer,στα δισ ευρω το ελληνικο δημοσιο χρεοσπωσ ειναι βιωσιμο,1
"Στην ευαισθητοποίηση, την εκπαίδευση και την αλλαγή στάσης των μαθητών/τριών σε θέματα που αφορούν το περιβάλλον “επένδυσε” τη χρονιά που μας πέρασε το 1ο Νηπιαγωγείο Αρτέμιδας, το οποίο έχει ήδη ενταχθεί στο Δίκτυο των Οικολογικών Σχολείων.

https://t.co/CTSbPoQvtc https://t.co/z9wew6ifqz",στην ευαισθητοποιηση την εκπαιδευση και την αλλαγη στασησ των μαθητωντριων σε θεματα που αφορουν το περιβαλλον επενδυσε τη χρονια που μασ περασε το ο νηπιαγωγειο αρτεμιδασ το οποιο εχει ηδη ενταχθει στο δικτυο των οικολογικων σχολειων,1
"Πώς η πλατεία «Σοφία Βέμπο» στους Αμπελόκηπους μετατράπηκε σε έναν βιώσιμο αστικό χώρο. Η Ολυμπιακή Ζυθοποιία και η ΦΙΞ Ελλάς, σε συνεργασία με το Δήμο Αθηναίων, έκαναν «πράσινη» μία ακόμη γειτονιά της πόληςΠερισσότερα... https://t.co/cMSN72J3U3 https://t.co/mhgoICGzO9",πωσ η πλατεια σοφια βεμπο στουσ αμπελοκηπουσ μετατραπηκε σε εναν βιωσιμο αστικο χωρο η ολυμπιακη ζυθοποιια και η φιξ ελλασ σε συνεργασια με το δημο αθηναιων εκαναν πρασινη μια ακομη γειτονια τησ πολησπερισσοτερα,1
"#ECONOMIST Gala Dinner - Κρις #Μπάρτον: Η ενίσχυση των σχέσεων #Βρετανίας και #Ελλάδας στο εμπόριο και τις επενδύσεις είναι πιο σημαντική τώρα που κάνουμε τη μετάβαση των οικονομιών μας για ένα βιώσιμο μέλλον

https://t.co/0lsBGun6aR https://t.co/7KvT571WHL",economist gala dinner κρισ μπαρτον η ενισχυση των σχεσεων βρετανιασ και ελλαδασ στο εμποριο και τισ επενδυσεισ ειναι πιο σημαντικη τωρα που κανουμε τη μεταβαση των οικονομιων μασ για ενα βιωσιμο μελλον,1
Γερογιάννης (Aegean): Οι βασικές προϋποθέσεις για βιώσιμη τουριστική ανάπτυξη https://t.co/MD44AkTPeR via @bankingnewsgr,γερογιαννησ aegean οι βασικεσ προϋποθεσεισ για βιωσιμη τουριστικη αναπτυξη via bankingnewsgr,1
"Νίκος Παπανδρέου: «Πρέπει να αναλάβουμε δράση για να διασφαλίσουμε καθαρές θάλασσες, ωκεανούς και ένα βιώσιμο περιβάλλον» https://t.co/xNt3cUHeaY",νικοσ παπανδρεου πρεπει να αναλαβουμε δραση για να διασφαλισουμε καθαρεσ θαλασσεσ ωκεανουσ και ενα βιωσιμο περιβαλλον,1
Γερογιάννης (Aegean): Τρεις προϋποθέσεις για βιώσιμη τουριστική ανάπτυξη #businessnewsgr https://t.co/cKxSMaq2tJ,γερογιαννησ aegean τρεισ προϋποθεσεισ για βιωσιμη τουριστικη αναπτυξη businessnewsgr,1
Δ. Γερογιάννης (Aegean): Οι αναγκαίες προϋποθέσεις για τη βιώσιμη ανάπτυξη του...  #moneypress https://t.co/N7I9AsS9C8,δ γερογιαννησ aegean οι αναγκαιεσ προϋποθεσεισ για τη βιωσιμη αναπτυξη του moneypress,1
RT @sofokleous10: Πώς θα εξασφαλίσουμε τη βιώσιμη μετάβαση στην οικονομία της επόμενης γενιάς; https://t.co/iGqaPtLt1Y, sofokleous πωσ θα εξασφαλισουμε τη βιωσιμη μεταβαση στην οικονομια τησ επομενησ γενιασ,1
Συνέδριο Fit 4 Future Finance: Πώς θα εξασφαλίσουμε τη βιώσιμη μετάβαση στην οικονομία της επόμενης γενιάς https://t.co/QHvk2wXrPZ,συνεδριο fit future finance πωσ θα εξασφαλισουμε τη βιωσιμη μεταβαση στην οικονομια τησ επομενησ γενιασ,1
"@MichaelidouAth: To @cymoec, στη βάση και του Προγράμματος Διακυβέρνησης του Προέδρου της Δημοκρατίας, προχωρεί με άμεσες και αποφασιστικές δράσεις, ώστε να ενισχύσει το σχολικό - μαθησιακό περιβάλλον με νέες τεχνολογίες.

👉 https://t.co/r8zpghE4kT https://t.co/4iUxQ7YXqE",michaelidouath to cymoec στη βαση και του προγραμματοσ διακυβερνησησ του προεδρου τησ δημοκρατιασ προχωρει με αμεσεσ και αποφασιστικεσ δρασεισ ωστε να ενισχυσει το σχολικο μαθησιακο περιβαλλον με νεεσ τεχνολογιεσ,1
Η Lidl Ελλάς επενδύει στην πράσινη ενέργεια. Επεκτείνει την τοποθέτηση φωτοβολταϊκών συστημάτων και σταθμών ηλεκτρικής φόρτισης στις εγκαταστάσεις της.Περισσότερα... https://t.co/UiFzGgIoDT https://t.co/UQAUyf9Az1,η lidl ελλασ επενδυει στην πρασινη ενεργεια επεκτεινει την τοποθετηση φωτοβολταϊκων συστηματων και σταθμων ηλεκτρικησ φορτισησ στισ εγκαταστασεισ τησπερισσοτερα,1
Lidl Ελλάς: Επενδύει στην πράσινη ενέργεια #businessnewsgr https://t.co/AbtNfSsdrz,lidl ελλασ επενδυει στην πρασινη ενεργεια businessnewsgr,1
Η κτηνοτροφία ισορροπεί το περιβάλλον https://t.co/8g8VNroSQc,η κτηνοτροφια ισορροπει το περιβαλλον,1
"Ενισχυόμενα οικολογικά προγράμματα για φυτοκάλυψη, κυκλική οικονομία, αναβαθμίδες και μνημειακούς ελαιώνες https://t.co/5imJkVyH6q",ενισχυομενα οικολογικα προγραμματα για φυτοκαλυψη κυκλικη οικονομια αναβαθμιδεσ και μνημειακουσ ελαιωνεσ,1
"Σ’ ένα περιβάλλον το οποίο αλλάζει συνεχώς, με τους κινδύνους να πολλαπλασιάζονται γεωμετρικά και να εκτείνονται πέρα απ’ ότι μπορεί να φανταστεί κανείς, το να κρατήσεις ασφαλή την επιχείρησή σου καθίσταται όλο και πιο δύσκολο.

https://t.co/RikM9APniC https://t.co/TIbLLzALSo",σ ενα περιβαλλον το οποιο αλλαζει συνεχωσ με τουσ κινδυνουσ να πολλαπλασιαζονται γεωμετρικα και να εκτεινονται περα απ οτι μπορει να φανταστει κανεισ το να κρατησεισ ασφαλη την επιχειρηση σου καθισταται ολο και πιο δυσκολο,1
AEGEAN: Στο επίκεντρο η βιώσιμη ανάπτυξη του τουρισμού και των αερομεταφορών https://t.co/JHRGPAQx3Q,aegean στο επικεντρο η βιωσιμη αναπτυξη του τουρισμου και των αερομεταφορων,1
"Μία από τις σημαντικότερες δίκες για την #κλιματική_κρίση εκτυλίσσεται αυτές τις μέρες στην πολιτεία της #Μοντάνα των #ΗΠΑ

https://t.co/JzAl9nxAms",μια απο τισ σημαντικοτερεσ δικεσ για την κλιματικη_κριση εκτυλισσεται αυτεσ τισ μερεσ στην πολιτεια τησ μοντανα των ηπα,1
"Κώστας Σκρέκας: ""Στόχος το 2030, το 80% της ενέργειας της Ελλάδας να προέρχεται από ΑΠΕ”-Ανάγκη συνεργασίας ανάμεσα στις χώρες της Μεσογείου και σταθερό περιβάλλον για επενδύσεις που αφορούν την ενέργεια https://t.co/1Al09Y5jkS https://t.co/CjgQnPp0by",κωστασ σκρεκασ στοχοσ το το τησ ενεργειασ τησ ελλαδασ να προερχεται απο απεαναγκη συνεργασιασ αναμεσα στισ χωρεσ τησ μεσογειου και σταθερο περιβαλλον για επενδυσεισ που αφορουν την ενεργεια,1
Η Lidl Ελλάς επενδύει στην πράσινη ενέργεια https://t.co/ksZnPs68SU,η lidl ελλασ επενδυει στην πρασινη ενεργεια,1
Η Coca-Cola στην Ελλάδα ενισχύει τη συμβολή της στη βιώσιμη ανάπτυξη της Κρήτης με το νέο πρόγραμμα προστασίας υδατικών πόρων «Zero Drop» https://t.co/pGeMcZbdTx,η cocacola στην ελλαδα ενισχυει τη συμβολη τησ στη βιωσιμη αναπτυξη τησ κρητησ με το νεο προγραμμα προστασιασ υδατικων πορων zero drop,1
Η συμβολή της κτηνοτροφίας στην ισορροπία-αειφορία του περιβάλλοντος - NemeaPress https://t.co/gKgXfFFqSH,η συμβολη τησ κτηνοτροφιασ στην ισορροπιααειφορια του περιβαλλοντοσ nemeapress,1
"Ελληνογερμανικό Επιμελητήριο: 1ο Forum για την Κυκλική Οικονομία, Forward Green Expo https://t.co/B5ZvRFUtVE",ελληνογερμανικο επιμελητηριο ο forum για την κυκλικη οικονομια forward green expo,1
Έρχεται το «Εξοικονομώ» για επιχειρήσεις. Πρόσθετη ‘’πράσινη’’ χρηματοδότηση 800 εκατ. ευρώ από την ΕΕ μέχρι το τέλος του έτους - 89 επενδύσεις για την ενέργεια…Περισσότερα... https://t.co/zQAcG7ABjr https://t.co/ZVNFjHJ7MZ,ερχεται το εξοικονομω για επιχειρησεισ προσθετη πρασινη χρηματοδοτηση εκατ ευρω απο την εε μεχρι το τελοσ του ετουσ επενδυσεισ για την ενεργειαπερισσοτερα,1
Η κτηνοτροφία ισορροπεί το περιβάλλον https://t.co/Q5nntTWTVR,η κτηνοτροφια ισορροπει το περιβαλλον,1
Νίκος Μαντζούφας (Ταμείο Ανάκαμψης): Έρχεται το «Εξοικονομώ» για επιχειρήσεις - Πρόσθετη ‘’πράσινη’’ χρηματοδότηση 800 εκατ. ευρώ από την ΕΕ μέχρι το τέλος του έτους - 89 επενδύσεις για την ενέργεια στο Ταμείο Ανάκαμψης μέσα σε ένα χρόνο https://t.co/6IL6VLV4Aw https://t.co/8g9OZBwnrG,νικοσ μαντζουφασ ταμειο ανακαμψησ ερχεται το εξοικονομω για επιχειρησεισ προσθετη πρασινη χρηματοδοτηση εκατ ευρω απο την εε μεχρι το τελοσ του ετουσ επενδυσεισ για την ενεργεια στο ταμειο ανακαμψησ μεσα σε ενα χρονο,1
"Μάθετε πώς ο GS1 ενισχύει τη   διαφάνεια, τη βιωσιμότητα και την κυκλική οικονομία σε όλη την αλυσίδα εφοδιασμού. https://t.co/9Js5BLGZXZ 

#GS1Barcode50 #SupplyChain https://t.co/K9pGjlJHWZ",μαθετε πωσ ο gs ενισχυει τη διαφανεια τη βιωσιμοτητα και την κυκλικη οικονομια σε ολη την αλυσιδα εφοδιασμου gsbarcode supplychain,1
RT @KYTKYTKYTKYTKYT: Ο Ντελή Γιουσούφ ανήκει στο στενό περιβάλλον της οικογένειας Μητσοτάκη (ιδιαίτερα της Ντόρας) και στην εκλογική αναμέτ…, kytkytkytkytkyt ο ντελη γιουσουφ ανηκει στο στενο περιβαλλον τησ οικογενειασ μητσοτακη ιδιαιτερα τησ ντορασ και στην εκλογικη αναμετ,1
RT @sofokleous10: ΣΕΒ: Οι προκλήσεις για τη βιώσιμη ανάπτυξη στο επίκεντρο της Γ.Σ. – Οι προτάσεις  https://t.co/qfXRbtwkVW, sofokleous σεβ οι προκλησεισ για τη βιωσιμη αναπτυξη στο επικεντρο τησ γσ οι προτασεισ,1
"Κατερίνη: Λειτουργικές &amp; προσαρμοσμένες στο περιβάλλον, 27 στάσεις λεωφορείων https://t.co/GJR4KanQei #Κατερινη",κατερινη λειτουργικεσ amp προσαρμοσμενεσ στο περιβαλλον στασεισ λεωφορειων κατερινη,1
"Δυσθρεψία: Τι είναι και πώς θα καταλάβουμε ότι ένας δικός μας άνθρωπος χρειάζεται βοήθεια. Αν στο κοντινό μας περιβάλλον έχουμε άτομα τρίτης ηλικίας, γνωρίζουμε καλά ότι όσο τα χρόνια περνούν, οφείλουμε να παρατηρούμε τα…Περισσότερα... https://t.co/PpioAzCO2W https://t.co/tnJMyh0390",δυσθρεψια τι ειναι και πωσ θα καταλαβουμε οτι ενασ δικοσ μασ ανθρωποσ χρειαζεται βοηθεια αν στο κοντινο μασ περιβαλλον εχουμε ατομα τριτησ ηλικιασ γνωριζουμε καλα οτι οσο τα χρονια περνουν οφειλουμε να παρατηρουμε ταπερισσοτερα,1
"Πατριάρχης Βαρθολομαίος: Η Ορθοδοξία ήταν ανέκαθεν η «πράσινη εκκλησία». «Η οδός προς ένα βιώσιμο μέλλον είναι η αειφόρος ανάπτυξη» υπογράμμισε ο Οικουμενικός Πατριάρχης Βαρθολομαίος, απόψε, στην φετινή τελετή αποφοίτησης,…Περισσότερα... https://t.co/oKVSIEFDr8 https://t.co/1IxhXb3rNh",πατριαρχησ βαρθολομαιοσ η ορθοδοξια ηταν ανεκαθεν η πρασινη εκκλησια η οδοσ προσ ενα βιωσιμο μελλον ειναι η αειφοροσ αναπτυξη υπογραμμισε ο οικουμενικοσ πατριαρχησ βαρθολομαιοσ αποψε στην φετινη τελετη αποφοιτησησπερισσοτερα,1
Γίγαντας 102 μέτρων: Το ψηλότερο δέντρο της Ασίας κρυβόταν στο βαθύτερο φαράγγι του κόσμου (εικόνες) #ΕΠΙΚΑΙΡΟΤΗΤΑ #ΑΣΙΑ #ΔΕΝΤΡΟ #ΠΕΡΙΒΑΛΛΟΝ By https://t.co/p9zfHynwcm https://t.co/5XUVW2YsW6 https://t.co/iZaE7geB3K,γιγαντασ μετρων το ψηλοτερο δεντρο τησ ασιασ κρυβοταν στο βαθυτερο φαραγγι του κοσμου εικονεσ επικαιροτητα ασια δεντρο περιβαλλον by,1
"Συνεργασία ΕΟΔΥ και ""Safe Water Sports"" για την ασφάλεια των πολιτών στο υδάτινο περιβάλλον #ΕΟΔΥ #SAFE_WATER_SPORTS #ΑΣΦΑΛΕΙΑ https://t.co/0FuEDqW5pW",συνεργασια εοδυ και safe water spos για την ασφαλεια των πολιτων στο υδατινο περιβαλλον εοδυ safe_water_spos ασφαλεια,1
"ΣΤΟΧΟΙ ΒΙΩΣΙΜΗΣ ΑΝΑΠΤΥΞΗΣ ΓΙΑ ΕΝΑ ΒΙΩΣΙΜΟ ΜΕΛΛΟΝ ΤΗΣ ΠΕΡΙΦΕΡΕΙΑΣ  
https://t.co/rUIzGjDSlF https://t.co/UF8UrhO8fD",στοχοι βιωσιμησ αναπτυξησ για ενα βιωσιμο μελλον τησ περιφερειασ,1
Ν. Παναγιωτόπουλος: Το σύνθετο περιβάλλον ασφαλείας απαιτεί αποφάσεις και κυρίως πράξεις https://t.co/liCuk7lzY1,ν παναγιωτοπουλοσ το συνθετο περιβαλλον ασφαλειασ απαιτει αποφασεισ και κυριωσ πραξεισ,1
Fabrizio Mattana (IGI Poseidon): Τεχνικά εφικτός και οικονομικά βιώσιμος ο EastMed https://t.co/I6reyWl3Zi,fabrizio mattana igi poseidon τεχνικα εφικτοσ και οικονομικα βιωσιμοσ ο eastmed,1
Attica Bank: Στόχος η λειτουργική κερδοφορία με περιβαλλοντικά βιώσιμη και κοινωνικά υπεύθυνη ανάπτυξη https://t.co/Zg9TldrpkC,attica bank στοχοσ η λειτουργικη κερδοφορια με περιβαλλοντικα βιωσιμη και κοινωνικα υπευθυνη αναπτυξη,1
"Ισίδωρος Ντογιάκος: Αναλαμβάνω μέσα σε ένα δύσκολο, από κάθε πλευρά περιβάλλον https://t.co/1l62lX0RPR",ισιδωροσ ντογιακοσ αναλαμβανω μεσα σε ενα δυσκολο απο καθε πλευρα περιβαλλον,1
ΕΥ: Μονόδρομος ο ψηφιακός μετασχηματισμός των επιχειρήσεων στο νέο αβέβαιο περιβάλλον https://t.co/bvF4XrmF7s,ευ μονοδρομοσ ο ψηφιακοσ μετασχηματισμοσ των επιχειρησεων στο νεο αβεβαιο περιβαλλον,1
"Ισίδωρος Ντογιάκος: Αναλαμβάνω μέσα σε ένα δύσκολο, από κάθε πλευρά περιβάλλον https://t.co/u82qjPkmef",ισιδωροσ ντογιακοσ αναλαμβανω μεσα σε ενα δυσκολο απο καθε πλευρα περιβαλλον,1
"Το Public Group αναλαμβάνει δράση για έναν βιώσιμο πλανήτη με το πρόγραμμα ""Love Earth"" https://t.co/MU5PnIxpZt",το public group αναλαμβανει δραση για εναν βιωσιμο πλανητη με το προγραμμα love eah,1
"Χ. Σαχίνης: Επενδύσεις 1,6 δισ. από την ΕΥΔΑΠ σε έργα για το περιβάλλον και την κοινωνία https://t.co/5km3XpR2Kq",χ σαχινησ επενδυσεισ δισ απο την ευδαπ σε εργα για το περιβαλλον και την κοινωνια,1
"Χάρης Σαχίνης στο Economist: Επενδύσεις 1,6 δισ. από την ΕΥΔΑΠ σε έργα για το περιβάλλον και την κοινωνία https://t.co/rA7J1anJMx",χαρησ σαχινησ στο economist επενδυσεισ δισ απο την ευδαπ σε εργα για το περιβαλλον και την κοινωνια,1
"Σαχίνης (ΕΥΔΑΠ): Επενδύσεις €1,6 δισ. για το περιβάλλον και την κοινωνία https://t.co/onbCfzh7QO",σαχινησ ευδαπ επενδυσεισ δισ για το περιβαλλον και την κοινωνια,1
"Το Public Group αναλαμβάνει δράση για έναν βιώσιμο πλανήτη με το πρόγραμμα ""Love Earth"" https://t.co/OFAlaXk3gK",το public group αναλαμβανει δραση για εναν βιωσιμο πλανητη με το προγραμμα love eah,1
"Χάρης Σαχίνης στο Economist: Επενδύσεις 1,6 δισ. από την ΕΥΔΑΠ σε έργα για το περιβάλλον και την κοινωνία https://t.co/T9HeJv3RqY",χαρησ σαχινησ στο economist επενδυσεισ δισ απο την ευδαπ σε εργα για το περιβαλλον και την κοινωνια,1
Η «βιώσιμη» ατζέντα του σύγχρονου ελληνικού «πολιτισμού»: Από το «θαύμα της Θεσσαλονίκης» στην ετεροπροσδιοριζόμενη αυτοαναφορικότητά https://t.co/cZaCDcVtzY,η βιωσιμη ατζεντα του συγχρονου ελληνικου πολιτισμου απο το θαυμα τησ θεσσαλονικησ στην ετεροπροσδιοριζομενη αυτοαναφορικοτητα,1
Η «βιώσιμη» ατζέντα του σύγχρονου ελληνικού «πολιτισμού»: Από το «θαύμα της Θεσσαλονίκης» στην ετεροπροσδιοριζόμενη αυτοαναφορικότητά https://t.co/sGLMQuXWUK,η βιωσιμη ατζεντα του συγχρονου ελληνικου πολιτισμου απο το θαυμα τησ θεσσαλονικησ στην ετεροπροσδιοριζομενη αυτοαναφορικοτητα,1
Παιδιατρική Κλινική ΜΗΤΕΡΑ: Ένα μοναδικό περιβάλλον για τους μικρούς ασθενείς https://t.co/kcDsfMKoFG,παιδιατρικη κλινικη μητερα ενα μοναδικο περιβαλλον για τουσ μικρουσ ασθενεισ,1
"RT @MyDolphinClub1: Κάποτε βγάζαμε αστερίες από τη θάλασσα για να τους κρατήσουμε ενθύμιο από τις διακοπές μας.
Σήμερα ξέρουμε ότι οι αστερ…", mydolphinclub καποτε βγαζαμε αστεριεσ απο τη θαλασσα για να τουσ κρατησουμε ενθυμιο απο τισ διακοπεσ μασ σημερα ξερουμε οτι οι αστερ,1
Ίδρυμα Αντενάουερ: H Aστυπάλαια σημαντικό παράδειγμα των προσπαθειών της ελληνικής κυβέρνησης για καινοτομία και πράσινη ενέργεια https://t.co/XRfWbJYcXZ,ιδρυμα αντεναουερ h aστυπαλαια σημαντικο παραδειγμα των προσπαθειων τησ ελληνικησ κυβερνησησ για καινοτομια και πρασινη ενεργεια,1
Σκρέκας: Στα 500 εκατ. ευρώ το όφελος από τις ανανεώσιμες πηγές ενέργειας φέτος https://t.co/5Yqj3Y7hug,σκρεκασ στα εκατ ευρω το οφελοσ απο τισ ανανεωσιμεσ πηγεσ ενεργειασ φετοσ,1
Κ. Σκρέκας: Στα 500 εκατ. ευρώ το όφελος από τις ανανεώσιμες πηγές ενέργειας φέτος https://t.co/NMbKM9ezXB,κ σκρεκασ στα εκατ ευρω το οφελοσ απο τισ ανανεωσιμεσ πηγεσ ενεργειασ φετοσ,1
Η JTI στο Sustainability Forum της Global Sustain: Άμεση η σύνδεση της επιχειρηματικότητας με την κοινωνία και το περιβάλλον https://t.co/WLAGGdfeF6,η jti στο sustainability forum τησ global sustain αμεση η συνδεση τησ επιχειρηματικοτητασ με την κοινωνια και το περιβαλλον,1
"""Βιώσιμη λύση"" η ολοκληρωτική διχοτόμηση της Κύπρου για τον Ερντογάν: Το προκλητικό μήνυμα προς Τατάρ https://t.co/tFTb3PXaDN",βιωσιμη λυση η ολοκληρωτικη διχοτομηση τησ κυπρου για τον ερντογαν το προκλητικο μηνυμα προσ ταταρ,1
'Βιώσιμη λύση' η ολοκληρωτική διχοτόμηση της Κύπρου για τον Ερντογάν: Το προκλητικό μήνυμα προς Τατάρ https://t.co/Q2HwbFLsdV,βιωσιμη λυση η ολοκληρωτικη διχοτομηση τησ κυπρου για τον ερντογαν το προκλητικο μηνυμα προσ ταταρ,1
"RT @GiorgosKyrtsos: Η Ελλάδα φλέγεται και ο Μητσοτάκης που είχε τις «λύσεις» απλά χαμογελάει..
Επί Τσίπρα απέδιδε τις καταστροφές στα λάθη…", giorgoskysos η ελλαδα φλεγεται και ο μητσοτακησ που ειχε τισ λυσεισ απλα χαμογελαει επι τσιπρα απεδιδε τισ καταστροφεσ στα λαθη,1
Οι νέες μπαταρίες στερεάς κατάστασης θα μειώσουν σημαντικά το αποτύπωμα άνθρακα σε ένα ηλεκτρικό αυτοκίνητο https://t.co/ijCx5Yvooa,οι νεεσ μπαταριεσ στερεασ καταστασησ θα μειωσουν σημαντικα το αποτυπωμα ανθρακα σε ενα ηλεκτρικο αυτοκινητο,1
Οι νέες μπαταρίες στερεάς κατάστασης θα μειώσουν σημαντικά το αποτύπωμα άνθρακα σε ένα ηλεκτρικό αυτοκίνητο https://t.co/nII365gixP,οι νεεσ μπαταριεσ στερεασ καταστασησ θα μειωσουν σημαντικα το αποτυπωμα ανθρακα σε ενα ηλεκτρικο αυτοκινητο,1
RT @5OUMC4yZw0jVqOA: @CyMeteorology Οι περίοδος αυτή είναι σχετικά θερμή τόσο τη ημέρα όσο και το βράδυ προσοχή στις ευάλωτες ομάδες του κο…, oumcyzwjvqoa cymeteorology οι περιοδοσ αυτη ειναι σχετικα θερμη τοσο τη ημερα οσο και το βραδυ προσοχη στισ ευαλωτεσ ομαδεσ του κο,1
Siemens: Η Building X και τα κτίρια με μηδενικό αποτύπωμα άνθρακα (infographic) https://t.co/Tdx6Afde6c,siemens η building x και τα κτιρια με μηδενικο αποτυπωμα ανθρακα infographic,1
https://t.co/yOMb2wLADX - ΜΑΡΙΛΕΝΑ ΦΩΚΑ: Η ΑΓΙΟΓΡΑΦΙΚΗ ΚΑΙ ΣΧΕΔΙΑΣΤΙΚΗ ΑΠΟΔΟΣΗ ΤΟΥ ΑΓΙΟΥ ΛΕΟΝΤΙΟΥ ΕΞ ΑΙΓΙΝΗΣ ΣΕ ΣΧΕΣΗ ΜΕ ΤΟ ΙΣΤΟΡΙΚΟ ΤΟΥ ΠΕΡΙΒΑΛΛΟΝ https://t.co/ARPfjenUXQ,μαριλενα φωκα η αγιογραφικη και σχεδιαστικη αποδοση του αγιου λεοντιου εξ αιγινησ σε σχεση με το ιστορικο του περιβαλλον,1
"EY: Οι Έλληνες καταναλωτές ανήσυχοι και με νέες αγοραστικές συνήθειες, σε ένα διαρκώς πιο αβέβαιο περιβάλλον https://t.co/rJsia3DnNj",ey οι ελληνεσ καταναλωτεσ ανησυχοι και με νεεσ αγοραστικεσ συνηθειεσ σε ενα διαρκωσ πιο αβεβαιο περιβαλλον,1
Νομοσχέδιο για το περιβάλλον: «Μετάβαση στη πράσινη οικονομία» λέει η κυβέρνηση- Καταψηφίζει η αντιπολίτευση https://t.co/m2DtNnT01r,νομοσχεδιο για το περιβαλλον μεταβαση στη πρασινη οικονομια λεει η κυβερνηση καταψηφιζει η αντιπολιτευση,1
Βουλή: Ψηφίζεται απόψε από την Ολομέλεια το πολυνομοσχέδιο για το περιβάλλον https://t.co/JuPpSKxrNl,βουλη ψηφιζεται αποψε απο την ολομελεια το πολυνομοσχεδιο για το περιβαλλον,1
Συνεχίζονται τα μεγάλα deals στην πράσινη ενέργεια https://t.co/NGnPtCU75b,συνεχιζονται τα μεγαλα deals στην πρασινη ενεργεια,1
Νομοσχέδιο για το περιβάλλον: «Μετάβαση στη πράσινη οικονομία» λέει η κυβέρνηση- Καταψηφίζει η αντιπολίτευση https://t.co/YSRXBpzFad,νομοσχεδιο για το περιβαλλον μεταβαση στη πρασινη οικονομια λεει η κυβερνηση καταψηφιζει η αντιπολιτευση,1
RT @bkex: Παγκόσμιο πρόβλημα που χρήζει παγκοσμιας απάντησης περιγράφεται από τον εκπρόσωπο της κυβέρνησης το ζήτημα με τις παρακολουθήσεις…, bkex παγκοσμιο προβλημα που χρηζει παγκοσμιασ απαντησησ περιγραφεται απο τον εκπροσωπο τησ κυβερνησησ το ζητημα με τισ παρακολουθησεισ,1
Ευτυχίδου: Η πρώτη Εθνική Στρατηγική Βιομηχανίας για τη βιώσιμη οικονομική ανάπτυξη https://t.co/HPi92AVOv5,ευτυχιδου η πρωτη εθνικη στρατηγικη βιομηχανιασ για τη βιωσιμη οικονομικη αναπτυξη,1
Η Nissan εγκαινιάζει βιώσιμο χρηματοδοτικό πλαίσιο για τη χρηματοδότηση ηλεκτρικών οχημάτων https://t.co/NRlaa4nXIl,η nissan εγκαινιαζει βιωσιμο χρηματοδοτικο πλαισιο για τη χρηματοδοτηση ηλεκτρικων οχηματων,1
"RT @donald_duck555: Κανεις δεν σκοτώνει από αγάπη, σκοτώνουν λόγο εγωισμού,  μη σεβασμού για την ανθρώπινη ζωή και γιατι έτσι μεγάλωσαν μέσ…", donald_duck κανεισ δεν σκοτωνει απο αγαπη σκοτωνουν λογο εγωισμου μη σεβασμου για την ανθρωπινη ζωη και γιατι ετσι μεγαλωσαν μεσ,1
86η ΔΕΘ: Η κυκλική οικονομία στο επίκεντρο του ειδικού αφιερώματος https://t.co/LMEGjzF2Fj,η δεθ η κυκλικη οικονομια στο επικεντρο του ειδικου αφιερωματοσ,1
"@Satanna33 Σεβασμό στον κάθε Λάμπρο αλλά να αφήνουμε και κάτι στα παιδιά εκτός από τα σκουπίδια μας και τις γόπες που πρέπει να καθαρίσουν μετά. Επίσης, εκτός Λάμπρου σεβασμό στον δίπλα μας και στο περιβάλλον.",satanna σεβασμο στον καθε λαμπρο αλλα να αφηνουμε και κατι στα παιδια εκτοσ απο τα σκουπιδια μασ και τισ γοπεσ που πρεπει να καθαρισουν μετα επισησ εκτοσ λαμπρου σεβασμο στον διπλα μασ και στο περιβαλλον,1
ΡΑΕ: Δρομολογεί μελέτη για το «περιβάλλον» του EastMed Gas https://t.co/wyYJDDJi0E,ραε δρομολογει μελετη για το περιβαλλον του eastmed gas,1
Ελληνικές Αλυκές: Παραγωγική διαδικασία με έμφαση στην κυκλική οικονομία https://t.co/qkQH3Xf5WQ,ελληνικεσ αλυκεσ παραγωγικη διαδικασια με εμφαση στην κυκλικη οικονομια,1
Εξέλιξη σοκ στην υπόθεση revenge porn στη Βόρεια Ελλάδα: Ο ρόλος γυναίκας από το περιβάλλον του δράστη https://t.co/yyeJ9fBih3,εξελιξη σοκ στην υποθεση revenge porn στη βορεια ελλαδα ο ρολοσ γυναικασ απο το περιβαλλον του δραστη,1
Εξέλιξη σοκ στην υπόθεση revenge porn στη Βόρεια Ελλάδα: Ο ρόλος γυναίκας από το περιβάλλον του δράστη https://t.co/goEMyCp9ZM,εξελιξη σοκ στην υποθεση revenge porn στη βορεια ελλαδα ο ρολοσ γυναικασ απο το περιβαλλον του δραστη,1
"RT @VMdesignblogg: Μια μπουλντόζα θάβει λεπίδες ανεμογεννητριών, καθώς όταν φθείρονται δεν υπάρχει τρόπος ανακύκλωσης. Πράσινη ενέργεια και…", vmdesignblogg μια μπουλντοζα θαβει λεπιδεσ ανεμογεννητριων καθωσ οταν φθειρονται δεν υπαρχει τροποσ ανακυκλωσησ πρασινη ενεργεια και,1
"RT @VMdesignblogg: Μια μπουλντόζα θάβει λεπίδες ανεμογεννητριών, καθώς όταν φθείρονται δεν υπάρχει τρόπος ανακύκλωσης. Πράσινη ενέργεια και…", vmdesignblogg μια μπουλντοζα θαβει λεπιδεσ ανεμογεννητριων καθωσ οταν φθειρονται δεν υπαρχει τροποσ ανακυκλωσησ πρασινη ενεργεια και,1
5th Athens Investment Forum: Βιώσιμη ανάπτυξη και ψηφιακός μετασχηματισμός https://t.co/6PIHflumyN,th athens investment forum βιωσιμη αναπτυξη και ψηφιακοσ μετασχηματισμοσ,1
"RT @mikros_prigkipa: Δεν θα θεραπευτείς ποτέ αν μένεις σε ένα περιβάλλον που σε αρρωσταίνει.
Αν φύγεις και θεραπευτείς και γυρίσεις, πάλι θ…", mikros_prigkipa δεν θα θεραπευτεισ ποτε αν μενεισ σε ενα περιβαλλον που σε αρρωσταινει αν φυγεισ και θεραπευτεισ και γυρισεισ παλι θ,1
Πηλείδου: Βιώσιμο από μόνο του το κοίτασμα Κρόνος-1 για ΕΝΙ/ΤΟΤΑL https://t.co/iZ0aKw6yXC,πηλειδου βιωσιμο απο μονο του το κοιτασμα κρονοσ για ενιτοταl,1
"Ο Κωνσταντίνος Μαργαρίτης σημειώνει ότι η 86η ΔΕΘ  ανοίγει ορίζοντες στην παγκόσμια αγορά, το μεταβαλλόμενο περιβάλλον στους τομείς υγείας και ενέργειας, αλλά και τις καλπάζουσες  εξελίξεις στην τεχνολογία.

https://t.co/HyblkWdrTf https://t.co/Wjsm4vyBgB",ο κωνσταντινοσ μαργαριτησ σημειωνει οτι η η δεθ ανοιγει οριζοντεσ στην παγκοσμια αγορα το μεταβαλλομενο περιβαλλον στουσ τομεισ υγειασ και ενεργειασ αλλα και τισ καλπαζουσεσ εξελιξεισ στην τεχνολογια,1
"Lili Zigoslu (JTI Hellas): Η βιώσιμη ηγεσία προάγει την αειφορία σε οικονομικό, περιβαλλοντικό και κοινωνικό επίπεδο https://t.co/3fnjdkzOe5",lili zigoslu jti hellas η βιωσιμη ηγεσια προαγει την αειφορια σε οικονομικο περιβαλλοντικο και κοινωνικο επιπεδο,1
"RT @disorderisti: #Παπιγκο 
Περίφραξη δρόμου μεσα στον δρυμό κχαρακτηρισμός ως ιδιωτικός.
Νέες καταγγελίες απο #Καλλιστω για τις βίλες που…", disorderisti παπιγκο περιφραξη δρομου μεσα στον δρυμο κχαρακτηρισμοσ ωσ ιδιωτικοσ νεεσ καταγγελιεσ απο καλλιστω για τισ βιλεσ που,1
Οικονόμου: Βιώσιμο μοντέλο επανεκκίνησης των Ναυπηγείων Ελευσίνας https://t.co/3sm4Jr1NWm,οικονομου βιωσιμο μοντελο επανεκκινησησ των ναυπηγειων ελευσινασ,1
Γ. Οικονόμου: Βιώσιμο μοντέλο επανεκκίνησης των Ναυπηγείων Ελευσίνας και διασφάλιση των θέσεων εργασίας https://t.co/lkQczogVa1,γ οικονομου βιωσιμο μοντελο επανεκκινησησ των ναυπηγειων ελευσινασ και διασφαλιση των θεσεων εργασιασ,1
Συνταγή για ζυμαρικά που προστατεύει το περιβάλλον προκαλεί οργή στους σεφ https://t.co/bAuUrEjAEY,συνταγη για ζυμαρικα που προστατευει το περιβαλλον προκαλει οργη στουσ σεφ,1
Δήλος 2022: Οι εθελοντές δηλώνουν το «παρών» για ένα βιώσιμο μέλλον https://t.co/sVuNZ4oC6e,δηλοσ οι εθελοντεσ δηλωνουν το παρων για ενα βιωσιμο μελλον,1
ΡΑΕ: Νέες Ανανεώσιμες Πηγές Ενέργειας ισχύος 538 μεγαβάτ https://t.co/dnJUHnQoet,ραε νεεσ ανανεωσιμεσ πηγεσ ενεργειασ ισχυοσ μεγαβατ,1
EPSILON NET: Στις 10 κορυφαίες εταιρίες στην Ευρώπη για το εργασιακό περιβάλλον στα «Europe's Best Workplaces 2022» https://t.co/BtkpvT1wKl,epsilon net στισ κορυφαιεσ εταιριεσ στην ευρωπη για το εργασιακο περιβαλλον στα europes best workplaces,1
Ευνοϊκό το περιβάλλον για τις τράπεζες https://t.co/aG9k0pLArl,ευνοϊκο το περιβαλλον για τισ τραπεζεσ,1
Κικίλιας: Ο βιώσιμος τουρισμός στο επίκεντρο της νέας μεγάλης καμπάνιας του ΕΟΤ https://t.co/9tcegW2NSI,κικιλιασ ο βιωσιμοσ τουρισμοσ στο επικεντρο τησ νεασ μεγαλησ καμπανιασ του εοτ,1
"ΕΒΕΤΑΜ ΑΕ "" Η σημασία των Εθνικών Υποδομών Ποιότητας στη Βιώσιμη Ανάπτυξη"". https://t.co/6aQRbCqcUu",εβεταμ αε η σημασια των εθνικων υποδομων ποιοτητασ στη βιωσιμη αναπτυξη,1
ΔΕΗ ενεργώ για το περιβάλλον: Αποκατάσταση περιοχών Αρχαίας Ολυµπίας https://t.co/hNVByLL044,δεη ενεργω για το περιβαλλον αποκατασταση περιοχων αρχαιασ ολυµπιασ,1
ΔΕΗ blue και Σκλαβενίτης ενώνουν τις δυνάμεις τους για τη βιώσιμη κινητικότητα https://t.co/W7tFxN5Y5d,δεη blue και σκλαβενιτησ ενωνουν τισ δυναμεισ τουσ για τη βιωσιμη κινητικοτητα,1
Γ. Ρέτσος (ΣΕΤΕ): Οι στόχοι για ένα βιώσιμο μοντέλο στρατηγικής ανάπτυξης του ελληνικού τουρισμού https://t.co/KrqrCsQChL,γ ρετσοσ σετε οι στοχοι για ενα βιωσιμο μοντελο στρατηγικησ αναπτυξησ του ελληνικου τουρισμου,1
ΔΕΗ blue και ΣΚΛΑΒΕΝΙΤΗΣ ενώνουν τις δυνάμεις τους για τη βιώσιμη κινητικότητα https://t.co/ApOYC2PkoX,δεη blue και σκλαβενιτησ ενωνουν τισ δυναμεισ τουσ για τη βιωσιμη κινητικοτητα,1
ΔΕΗ blue και ΣΚΛΑΒΕΝΙΤΗΣ ενώνουν τις δυνάμεις τους για τη βιώσιμη κινητικότητα https://t.co/U9brKHH7pi,δεη blue και σκλαβενιτησ ενωνουν τισ δυναμεισ τουσ για τη βιωσιμη κινητικοτητα,1
Κομισιόν: Νέοι κανόνες περί ευθύνης για την τεχνητή νοημοσύνη και την κυκλική οικονομία https://t.co/MCzUmmT1NN,κομισιον νεοι κανονεσ περι ευθυνησ για την τεχνητη νοημοσυνη και την κυκλικη οικονομια,1
Γ. Τερζής (Alpha Bank): Ευθύνη των μεγάλων επιχειρήσεων η αειφορία https://t.co/DWpFDjC0A2,γ τερζησ alpha bank ευθυνη των μεγαλων επιχειρησεων η αειφορια,1
"Μικρές απώλειες για τον χρυσό, μέσα σε μη ευνοϊκό περιβάλλον https://t.co/j7pSYx0Kvb",μικρεσ απωλειεσ για τον χρυσο μεσα σε μη ευνοϊκο περιβαλλον,1
EU Taxonomy – O δρόμος προς ένα πιο βιώσιμο μέλλον https://t.co/gFGF3WMHO5,eu taxonomy o δρομοσ προσ ενα πιο βιωσιμο μελλον,1
EU Taxonomy – O δρόμος προς ένα πιο βιώσιμο μέλλον https://t.co/rUDNRl1lYi,eu taxonomy o δρομοσ προσ ενα πιο βιωσιμο μελλον,1
Μ. Μανουσάκης (ΑΔΜΗΕ): Ισχυρά πράσινα δίκτυα για μία πιο ανθεκτική και βιώσιμη Ευρώπη https://t.co/1rpBgWzNsv,μ μανουσακησ αδμηε ισχυρα πρασινα δικτυα για μια πιο ανθεκτικη και βιωσιμη ευρωπη,1
Μάνος Μανουσάκης (ΑΔΜΗΕ): Ισχυρά πράσινα δίκτυα για μία πιο ανθεκτική και βιώσιμη Ευρώπη https://t.co/FZcdzPfJgC,μανοσ μανουσακησ αδμηε ισχυρα πρασινα δικτυα για μια πιο ανθεκτικη και βιωσιμη ευρωπη,1
"RT @MAravantinos: Ο κ. Καιρίδης, μάλλον κρίνει εξ ιδίων. Ας γνωρίζει όμως ότι δεν έγινα και δεν πρόκειται να γίνω σφουγγοκωλάριος κανενός.…", maravantinos ο κ καιριδησ μαλλον κρινει εξ ιδιων ασ γνωριζει ομωσ οτι δεν εγινα και δεν προκειται να γινω σφουγγοκωλαριοσ κανενοσ,1
«Πράσινη» ταμπέλα στην πυρηνική ενέργεια από την ΕΕ - Η Αυστρία πάει στα δικαστήρια https://t.co/B2Q4VjWS3h,πρασινη ταμπελα στην πυρηνικη ενεργεια απο την εε η αυστρια παει στα δικαστηρια,1
Η επόμενη τουριστική καμπάνια θα επικεντρωθεί στον βιώσιμο τουρισμό https://t.co/BfgCJkG489,η επομενη τουριστικη καμπανια θα επικεντρωθει στον βιωσιμο τουρισμο,1
Το Insta έχει γίνει επίσημα το πουτανάδικο των social. Είναι θλιβερό να βλέπεις νέα παιδιά να ψωνίζονται με αυτόν τον τρόπο και να επιδεικνύουν ένα lifestyle που ούτε πραγματικό είναι αλλά ούτε βιώσιμο. Μου θυμίζει λίγο την προ κρίσης νοοτροπία.,το insta εχει γινει επισημα το πουταναδικο των social ειναι θλιβερο να βλεπεισ νεα παιδια να ψωνιζονται με αυτον τον τροπο και να επιδεικνυουν ενα lifestyle που ουτε πραγματικο ειναι αλλα ουτε βιωσιμο μου θυμιζει λιγο την προ κρισησ νοοτροπια,1
Η επόμενη τουριστική καμπάνια θα επικεντρωθεί στον βιώσιμο τουρισμό https://t.co/t8tFPE0Tow,η επομενη τουριστικη καμπανια θα επικεντρωθει στον βιωσιμο τουρισμο,1
"Νίκαια: Αρπαγή 14χρονης - Την είχαν απαγάγει ξανά, λέει το περιβάλλον της - «Παντρεμένος με παιδιά» https://t.co/MBMh8MQjyP",νικαια αρπαγη χρονησ την ειχαν απαγαγει ξανα λεει το περιβαλλον τησ παντρεμενοσ με παιδια,1
"RT @AretiAthanasiu: Είχε διπλά προφίλ στο διαδίκτυο, ανέβαζε πορνογραφικό υλικό με παιδιά, 213 πελάτες του ενδιαφέρθηκαν να κλείσουν ""ραντε…", aretiathanasiu ειχε διπλα προφιλ στο διαδικτυο ανεβαζε πορνογραφικο υλικο με παιδια πελατεσ του ενδιαφερθηκαν να κλεισουν ραντε,1
"Ακόμη ένα σημαντικό ορόσημο: 100% πράσινη ενέργεια στην Ελλάδα για τουλάχιστον 5 ώρες! Εργαζόμαστε για ακόμη μεγαλύτερη διείσδυση ΑΠΕ, για καθαρότερο και φθηνότερο ενεργειακό μείγμα!
#ΔΕΗ #Ανανεώσιμες #PPC #Renewables #PPCR https://t.co/zLMrIDR222",ακομη ενα σημαντικο οροσημο πρασινη ενεργεια στην ελλαδα για τουλαχιστον ωρεσ εργαζομαστε για ακομη μεγαλυτερη διεισδυση απε για καθαροτερο και φθηνοτερο ενεργειακο μειγμα δεη ανανεωσιμεσ ppc renewables ppcr,1
MORE: Μισό εκατομμύριο νοικοκυριά θα ηλεκτροδοτεί με πράσινη ενέργεια η Μοtor Oil https://t.co/XWkSbzxAWr,more μισο εκατομμυριο νοικοκυρια θα ηλεκτροδοτει με πρασινη ενεργεια η μοtor oil,1
Βρετανία: Bάζει πλαφόν στα έσοδα των παραγωγών ενέργειας από ανανεώσιμες πηγές https://t.co/XGYY6DhvYM,βρετανια bαζει πλαφον στα εσοδα των παραγωγων ενεργειασ απο ανανεωσιμεσ πηγεσ,1
Βρετανία: Πλαφόν στα έσοδα των παραγωγών ενέργειας από ανανεώσιμες πηγές βάζει η κυβέρνηση https://t.co/pXcBxGL36S,βρετανια πλαφον στα εσοδα των παραγωγων ενεργειασ απο ανανεωσιμεσ πηγεσ βαζει η κυβερνηση,1
Great Place to Work 2022: Οι 25 πολυεθνικές εταιρείες με το καλύτερο εργασιακό περιβάλλον παγκοσμίως https://t.co/XQaDTAUxCE,great place to work οι πολυεθνικεσ εταιρειεσ με το καλυτερο εργασιακο περιβαλλον παγκοσμιωσ,1
Banco Bilbao Vizcaya Argentaria: Αύξησε τον στόχο για τη βιώσιμη χρηματοδότηση κατά 50% https://t.co/mUph2KEX1O,banco bilbao vizcaya argentaria αυξησε τον στοχο για τη βιωσιμη χρηματοδοτηση κατα,1
Σταϊκούρας: «Η Ελλάδα έχει χτίσει ισχυρές γραμμές άμυνας απέναντι σε ένα δυσμενές διεθνές περιβάλλον» https://t.co/wN9DdFE96M,σταϊκουρασ η ελλαδα εχει χτισει ισχυρεσ γραμμεσ αμυνασ απεναντι σε ενα δυσμενεσ διεθνεσ περιβαλλον,1
Σταϊκούρας στη Σύνοδο του ΔΝΤ: Η Ελλάδα έχει χτίσει ισχυρές γραμμές άμυνας απέναντι σε ένα δυσμενές διεθνές περιβάλλον https://t.co/CCcYrkvsKO,σταϊκουρασ στη συνοδο του δντ η ελλαδα εχει χτισει ισχυρεσ γραμμεσ αμυνασ απεναντι σε ενα δυσμενεσ διεθνεσ περιβαλλον,1
Ανανεώσιμες πηγές ενέργειας - Νέο ρεκόρ: Σπάνε το «φράγμα» των 10.000 μεγαβάτ https://t.co/bc5EBVF6ky,ανανεωσιμεσ πηγεσ ενεργειασ νεο ρεκορ σπανε το φραγμα των μεγαβατ,1
Προς νέο ρεκόρ για τις Ανανεώσιμες Πηγές Ενέργειας - Σπάνε το φράγμα των 10.000 μεγαβάτ https://t.co/kjwyH9PwqA,προσ νεο ρεκορ για τισ ανανεωσιμεσ πηγεσ ενεργειασ σπανε το φραγμα των μεγαβατ,1
Σταϊκούρας: «Η Ελλάδα έχει χτίσει ισχυρές γραμμές άμυνας απέναντι σε ένα δυσμενές διεθνές περιβάλλον» https://t.co/9u4zFj3Llx,σταϊκουρασ η ελλαδα εχει χτισει ισχυρεσ γραμμεσ αμυνασ απεναντι σε ενα δυσμενεσ διεθνεσ περιβαλλον,1
Ανανεώσιμες πηγές ενέργειας - Νέο ρεκόρ: Σπάνε το «φράγμα» των 10.000 μεγαβάτ https://t.co/hDmyJ8lSVb,ανανεωσιμεσ πηγεσ ενεργειασ νεο ρεκορ σπανε το φραγμα των μεγαβατ,1
Πρεμ Γουάτσα: H επανεκλογή Μητσοτάκη θα δημιουργήσει ένα ακόμη πιο ασφαλές περιβάλλον για επενδύσεις https://t.co/YGCIZRFQF3,πρεμ γουατσα h επανεκλογη μητσοτακη θα δημιουργησει ενα ακομη πιο ασφαλεσ περιβαλλον για επενδυσεισ,1
Πρεμ Γουάτσα: Eπανεκλογή Μητσοτάκη θα δημιουργήσει ακόμη πιο ασφαλές περιβάλλον για επενδύσεις https://t.co/Tc9l1FxLbO,πρεμ γουατσα eπανεκλογη μητσοτακη θα δημιουργησει ακομη πιο ασφαλεσ περιβαλλον για επενδυσεισ,1
"Β. Κικίλιας: Έργα υποδομής, πράσινη οικονομία και καμπάνια για τον βιώσιμο τουρισμό https://t.co/tzmobvkVtu",β κικιλιασ εργα υποδομησ πρασινη οικονομια και καμπανια για τον βιωσιμο τουρισμο,1
"Οι μετοχές ανακάμπτουν, αλλά τα ομόλογα... δεν ακολουθούν - Πόσο βιώσιμο είναι το rebound; https://t.co/2OGDAk5YY4",οι μετοχεσ ανακαμπτουν αλλα τα ομολογα δεν ακολουθουν ποσο βιωσιμο ειναι το rebound,1
"Νίκος Τσάκος: Προτιμούμε να υπάρχει ένα σταθερό περιβάλλον στη ναυτιλία, σε έναν κόσμο ειρηνικό και όχι τεράστια κερδοφορία https://t.co/cNVrGxjaeY",νικοσ τσακοσ προτιμουμε να υπαρχει ενα σταθερο περιβαλλον στη ναυτιλια σε εναν κοσμο ειρηνικο και οχι τεραστια κερδοφορια,1
"Dialectica: Μετακομίζει στον Piraeus Tower, τον πρώτο υπερσύγχρονο, βιώσιμο ουρανοξύστη της πόλης (pics) https://t.co/ohLy6o8O80",dialectica μετακομιζει στον piraeus tower τον πρωτο υπερσυγχρονο βιωσιμο ουρανοξυστη τησ πολησ pics,1
Δέσμευση της κρουαζιέρας για μηδενικό αποτύπωμα άνθρακα παγκοσμίως έως το 2050 https://t.co/aArxweJcR6,δεσμευση τησ κρουαζιερασ για μηδενικο αποτυπωμα ανθρακα παγκοσμιωσ εωσ το,1
Σεπόλια: Ο Ηλίας Μίχος «ψάρευε» βιαστές και από το οικογενειακό περιβάλλον της 12χρονης https://t.co/4apyjmT1sO,σεπολια ο ηλιασ μιχοσ ψαρευε βιαστεσ και απο το οικογενειακο περιβαλλον τησ χρονησ,1
Ημαθία: Κανένα ίχνος του οδηγού που σκότωσε το 15χρονο κορίτσι - Διασωληνωμένες και «χωρίς επαφή με το περιβάλλον» η μητέρα και η αδερφή της https://t.co/4A5k7Cn6B6,ημαθια κανενα ιχνοσ του οδηγου που σκοτωσε το χρονο κοριτσι διασωληνωμενεσ και χωρισ επαφη με το περιβαλλον η μητερα και η αδερφη τησ,1
διαΝΕΟσις: Μπορεί η ελληνική οικονομία να γίνει κυκλική; Ποια θα ήταν τα οφέλη https://t.co/7fSiWfhSAw,διανεοσισ μπορει η ελληνικη οικονομια να γινει κυκλικη ποια θα ηταν τα οφελη,1
"διαΝΕΟσις: 'Κυκλική οικονομία: Ευκαιρίες, προκλήσεις και επιδράσεις στην ελληνική οικονομία' https://t.co/D2sO9Zj1J9",διανεοσισ κυκλικη οικονομια ευκαιριεσ προκλησεισ και επιδρασεισ στην ελληνικη οικονομια,1
RT @THANASIGOUNARIS: Τα ζωα αναγνωρίζουν την αγάπη και την καλοσύνη και την ανταποδίδουν!!Ο κόσμος μας θα ήταν καλύτερος αν είχαμε ενσυναίσ…, thanasigounaris τα ζωα αναγνωριζουν την αγαπη και την καλοσυνη και την ανταποδιδουνο κοσμοσ μασ θα ηταν καλυτεροσ αν ειχαμε ενσυναισ,1
"να κινείσαι αργά, να ζεις σε αυτό που εσύ θεωρείς ""φυσικό σου περιβάλλον"" και να 'χεις όσο το δυνατόν λιγότερους εχθρούς
( ας την πούμε μια συνταγή για μακροζωϊα )",να κινεισαι αργα να ζεισ σε αυτο που εσυ θεωρεισ φυσικο σου περιβαλλον και να χεισ οσο το δυνατον λιγοτερουσ εχθρουσ ασ την πουμε μια συνταγη για μακροζωϊα,1
Βέλγιο: Ίδρυμα για το περιβάλλον προτείνει μείωση της διάρκειας του ντους για εξοικονόμηση ενέργειας https://t.co/rSyh5F8yrw,βελγιο ιδρυμα για το περιβαλλον προτεινει μειωση τησ διαρκειασ του ντουσ για εξοικονομηση ενεργειασ,1
"Bέλγιο: Μειώστε τη διάρκεια του ντους για να εξοικονομήσετε ενέργεια, λέει ίδρυμα για το περιβάλλον https://t.co/BaJE4kqcJm",bελγιο μειωστε τη διαρκεια του ντουσ για να εξοικονομησετε ενεργεια λεει ιδρυμα για το περιβαλλον,1
Economist Intelligence: Άλμα 16 θέσεων για την Ελλάδα στο επιχειρηματικό περιβάλλον https://t.co/5T2IjWGHOs,economist intelligence αλμα θεσεων για την ελλαδα στο επιχειρηματικο περιβαλλον,1
Μητσοτάκης για το επιχειρηματικό περιβάλλον της Ελλάδας: «Αναγνωρίζεται η προσπάθειά μας» https://t.co/PRuc4aJsaA,μητσοτακησ για το επιχειρηματικο περιβαλλον τησ ελλαδασ αναγνωριζεται η προσπαθεια μασ,1
"Bέλγιο: Μειώστε τη διάρκεια του ντους για να εξοικονομήσετε ενέργεια, λέει ίδρυμα για το περιβάλλον https://t.co/9Q6Ca88hJs",bελγιο μειωστε τη διαρκεια του ντουσ για να εξοικονομησετε ενεργεια λεει ιδρυμα για το περιβαλλον,1
Η «πράσινη» μετάβαση για μια βιώσιμη οικονομία με μέλλον και προοπτικές – Οι στόχοι του ΟΗΕ https://t.co/K4j4cdDqRV,η πρασινη μεταβαση για μια βιωσιμη οικονομια με μελλον και προοπτικεσ οι στοχοι του οηε,1
Uber: 'Απόλυτα' μη βιώσιμο εξακολουθεί να είναι το μοντέλο απασχόλησης που εφαρμόζει η εταιρία https://t.co/HjWb5yMNok,uber απολυτα μη βιωσιμο εξακολουθει να ειναι το μοντελο απασχολησησ που εφαρμοζει η εταιρια,1
"📍 Στοιχείο υπεροχής και διαφοροποίησης στο σύγχρονο επιχειρηματικό περιβάλλον είναι οι δράσεις, οι πρωτοβουλίες και οι παρεμβάσεις που απευθύνονται στην κοινωνία, το περιβάλλον, τον άνθρωπο https://t.co/hzza2R9T9O",στοιχειο υπεροχησ και διαφοροποιησησ στο συγχρονο επιχειρηματικο περιβαλλον ειναι οι δρασεισ οι πρωτοβουλιεσ και οι παρεμβασεισ που απευθυνονται στην κοινωνια το περιβαλλον τον ανθρωπο,1
Αστικό περιβάλλον και αστική νεοβαρβαρότητα https://t.co/jdfXuk51d1,αστικο περιβαλλον και αστικη νεοβαρβαροτητα,1
Ν. Δένδιας: Στόχος μας ένα ελεύθερο και ασφαλές περιβάλλον για τους δημοσιογράφους https://t.co/EKfJhEjmjA,ν δενδιασ στοχοσ μασ ενα ελευθερο και ασφαλεσ περιβαλλον για τουσ δημοσιογραφουσ,1
"Μια ολοκληρωμένη επιχειρηματική δραστηριότητα, μια βιώσιμη εταιρεία που σέβεται περιβάλλον και κοινωνία https://t.co/lyJsum6eJi",μια ολοκληρωμενη επιχειρηματικη δραστηριοτητα μια βιωσιμη εταιρεια που σεβεται περιβαλλον και κοινωνια,1
"Μια ολοκληρωμένη επιχειρηματική δραστηριότητα, μια βιώσιμη εταιρεία που σέβεται περιβάλλον και κοινωνία https://t.co/JtHHFXQiJy",μια ολοκληρωμενη επιχειρηματικη δραστηριοτητα μια βιωσιμη εταιρεια που σεβεται περιβαλλον και κοινωνια,1
"ΟΛΠ ΑΕ: Συνεισφέρει το 0,76% του ΑΕΠ - Η προσφορά στην κοινωνία και στο περιβάλλον https://t.co/t91rl8u6Lo",ολπ αε συνεισφερει το του αεπ η προσφορα στην κοινωνια και στο περιβαλλον,1
Β. Κικίλιας για συμφωνία με Common Seas: 'H Ελλάδα στην πρωτοπορία της Ευρώπης για τον βιώσιμο τουρισμό' https://t.co/e7qPOwOzKV,β κικιλιασ για συμφωνια με common seas h ελλαδα στην πρωτοπορια τησ ευρωπησ για τον βιωσιμο τουρισμο,1
Η βιώσιμη εξόρυξη αναδιαμορφώνει τη βιομηχανία και θέτει τα θεμέλια για την αειφόρο ανάπτυξη https://t.co/Nnwn17snUC,η βιωσιμη εξορυξη αναδιαμορφωνει τη βιομηχανια και θετει τα θεμελια για την αειφορο αναπτυξη,1
Ζ. Μπορέλ: Πρέπει να προσαρμόσουμε τις πολιτικές άμυνάς μας στο νέο περιβάλλον https://t.co/iOkd29p3EN,ζ μπορελ πρεπει να προσαρμοσουμε τισ πολιτικεσ αμυνασ μασ στο νεο περιβαλλον,1
Γ. Περιστέρης: Η ενεργειακή κρίση θα ήταν σχεδόν αμελητέα αν είχε γίνει η πράσινη μετάβαση στην ενέργεια https://t.co/hwhwMaDFey,γ περιστερησ η ενεργειακη κριση θα ηταν σχεδον αμελητεα αν ειχε γινει η πρασινη μεταβαση στην ενεργεια,1
"📍 Η επιτάχυνση της μετάβασης σε καύσιμα με μικρότερο αποτύπωμα άνθρακα προϋποθέτει μια σειρά επιλογών και δράσεων για τις κυβερνήσεις, τη βιομηχανία και τους οδηγούς.  https://t.co/yDGSBYoUPu",η επιταχυνση τησ μεταβασησ σε καυσιμα με μικροτερο αποτυπωμα ανθρακα προϋποθετει μια σειρα επιλογων και δρασεων για τισ κυβερνησεισ τη βιομηχανια και τουσ οδηγουσ,1
Ευρώπη: Αυτός είναι ο πιο βιώσιμος προορισμός για αγορές - Δείτε τις υπόλοιπες χώρες https://t.co/Xkgpih2P11,ευρωπη αυτοσ ειναι ο πιο βιωσιμοσ προορισμοσ για αγορεσ δειτε τισ υπολοιπεσ χωρεσ,1
Ευρώπη: Αυτός είναι ο πιο βιώσιμος προορισμός για αγορές - Δείτε τις υπόλοιπες χώρες https://t.co/oOaA7G4Xpe,ευρωπη αυτοσ ειναι ο πιο βιωσιμοσ προορισμοσ για αγορεσ δειτε τισ υπολοιπεσ χωρεσ,1
Luxury κλάδοι και βιώσιμη ανάπτυξη – Το Yachting και η αγορά των 75 δισ. δολ. https://t.co/AojcXYnGCI,luxury κλαδοι και βιωσιμη αναπτυξη το yachting και η αγορα των δισ δολ,1
"📍 Η Netcompany-Intrasoft, η μεγαλύτερη εταιρία πληροφορικής στην Ελλάδα και μια από τις σημαντικότερες στην Ευρώπη, μέλος του δανικού ομίλου Netcompany, από το 1996 συμβάλλει έμπρακτα στη βιώσιμη ανάπτυξη και στη βελτίωση της ζωής των πολιτών υλοποιώντ... https://t.co/wB28UDenGR",η netcompanyintrasoft η μεγαλυτερη εταιρια πληροφορικησ στην ελλαδα και μια απο τισ σημαντικοτερεσ στην ευρωπη μελοσ του δανικου ομιλου netcompany απο το συμβαλλει εμπρακτα στη βιωσιμη αναπτυξη και στη βελτιωση τησ ζωησ των πολιτων υλοποιωντ,1
MYTILINEOS: Φέρνοντας τη Βιώσιμη Ανάπτυξη στο πλευρό της ελληνικής κοινωνίας https://t.co/fVxvMT5pZB,mytilineos φερνοντασ τη βιωσιμη αναπτυξη στο πλευρο τησ ελληνικησ κοινωνιασ,1
"Περιβάλλον: Στα τρόφιμα που πετάμε και αποσυντίθενται, οφείλεται το 1/10 των αερίων του φαινομένου του θερμοκηπίου https://t.co/jsqgyXDy6u",περιβαλλον στα τροφιμα που πεταμε και αποσυντιθενται οφειλεται το των αεριων του φαινομενου του θερμοκηπιου,1
Κ. Σκρέκας: 'Οι Ανανεώσιμες Πηγές Ενέργειας είναι η λύση' https://t.co/3J7Z8gdBlm,κ σκρεκασ οι ανανεωσιμεσ πηγεσ ενεργειασ ειναι η λυση,1
"📍 H ESG Στρατηγική του Ομίλου Quest έχει δημιουργηθεί με στόχους τη δημιουργία προστιθέμενης αξίας, την επιχειρηματική αριστεία και το βιώσιμο μέλλον. https://t.co/d5a2gulQ5l",h esg στρατηγικη του ομιλου quest εχει δημιουργηθει με στοχουσ τη δημιουργια προστιθεμενησ αξιασ την επιχειρηματικη αριστεια και το βιωσιμο μελλον,1
Γιατί το ελληνικό χρέος είναι το πιο «βιώσιμο» στον ευρωπαϊκό Νότο https://t.co/sryNy0XEXs,γιατι το ελληνικο χρεοσ ειναι το πιο βιωσιμο στον ευρωπαϊκο νοτο,1
'Σχέδιο Δράσης για το Περιβάλλον και το Κλίμα' από το Ίδρυμα Μποδοσάκη https://t.co/A4Fe3gOpJR,σχεδιο δρασησ για το περιβαλλον και το κλιμα απο το ιδρυμα μποδοσακη,1
"Optima bank: Το επενδυτικό περιβάλλον, προκλήσεις και ευκαιρίες https://t.co/dCbPxYHdRh",optima bank το επενδυτικο περιβαλλον προκλησεισ και ευκαιριεσ,1
Σχοινάς: Ώρα για βιώσιμο ευρωπαϊκό πλαίσιο ασύλου και μετανάστευσης https://t.co/DfInc2qwav,σχοινασ ωρα για βιωσιμο ευρωπαϊκο πλαισιο ασυλου και μεταναστευσησ,1
"Αγροτικά Προϊόντα: Βιοδιεγέρτες: Η βιώσιμη λύση στην παραγωγή αγροτικών τροφίμων, συμβάλλοντας σε ένα «ευφυές» μελλοντικό μοντέλο αγροκτήματος https://t.co/OsJTDmMhDI",αγροτικα προϊοντα βιοδιεγερτεσ η βιωσιμη λυση στην παραγωγη αγροτικων τροφιμων συμβαλλοντασ σε ενα ευφυεσ μελλοντικο μοντελο αγροκτηματοσ,1
Κ. Ξιφαράς (ΔΕΠΑ Εμπορίας): Στόχος το 1 GW στις ανανεώσιμες πηγές ενέργειας https://t.co/CmW2Sx2D15,κ ξιφαρασ δεπα εμποριασ στοχοσ το gw στισ ανανεωσιμεσ πηγεσ ενεργειασ,1
Β. Κουτεντάκης: Έννοιες αρρηκτα συνδεδεμένες η βιώσιμη ανάπτυξη και ο ψηφιακός μετασχηματισμός https://t.co/dlFETtwnMd,β κουτεντακησ εννοιεσ αρρηκτα συνδεδεμενεσ η βιωσιμη αναπτυξη και ο ψηφιακοσ μετασχηματισμοσ,1
Η ΧΗΤΟΣ ΑΒΕΕ αναλαμβάνει δράση για ένα βιώσιμο αύριο https://t.co/E2UgNV5PU0,η χητοσ αβεε αναλαμβανει δραση για ενα βιωσιμο αυριο,1
ΕΥ: Ευελιξία και προσαρμοστικότητα βασικά ζητούμενα στο νέο φορολογικό περιβάλλον https://t.co/DJZryFUblP,ευ ευελιξια και προσαρμοστικοτητα βασικα ζητουμενα στο νεο φορολογικο περιβαλλον,1
✔️ Με συνεχείς πρωτοβουλίες και δράσεις για ένα σύγχρονο εργασιακό περιβάλλον https://t.co/2oO0333xhA,με συνεχεισ πρωτοβουλιεσ και δρασεισ για ενα συγχρονο εργασιακο περιβαλλον,1
Γερμανία: Κυβέρνηση και αντιπολίτευση καταδικάζουν τη δράση των ακραίων ακτιβιστών για το κλίμα 'Τελευταία Γενιά' https://t.co/bWxhIXXehF,γερμανια κυβερνηση και αντιπολιτευση καταδικαζουν τη δραση των ακραιων ακτιβιστων για το κλιμα τελευταια γενια,1
✔️ Με συνεχείς πρωτοβουλίες και δράσεις για ένα σύγχρονο εργασιακό περιβάλλον https://t.co/RtK6cPt4U9,με συνεχεισ πρωτοβουλιεσ και δρασεισ για ενα συγχρονο εργασιακο περιβαλλον,1
Το ΝΟΥΝΟΥ υλοποιεί δράσεις για ένα πιο βιώσιμο μέλλον! https://t.co/1WnbFmg9sr,το νουνου υλοποιει δρασεισ για ενα πιο βιωσιμο μελλον,1
Αλ. Τσίπρας: Η Ελλάδα σήμερα είναι χώρα άδικη για τους πολλούς χωρίς βιώσιμη αναπτυξιακή στρατηγική https://t.co/tgMi4GfMSG,αλ τσιπρασ η ελλαδα σημερα ειναι χωρα αδικη για τουσ πολλουσ χωρισ βιωσιμη αναπτυξιακη στρατηγικη,1
Μία βιώσιμη καμπάνια που εξοικονομεί ενέργεια https://t.co/FkPTYXjgdl,μια βιωσιμη καμπανια που εξοικονομει ενεργεια,1
"ΕΕ: Nέο σχέδιο για πιο πράσινο, βιώσιμο και ψηφιοποιημένο ευρωπαϊκό τουρισμό https://t.co/DIF3N3Iim7",εε nεο σχεδιο για πιο πρασινο βιωσιμο και ψηφιοποιημενο ευρωπαϊκο τουρισμο,1
Σι Τζινπίνγκ σε Σαρλ Μισέλ: Θέλουμε ένα δίκαιο περιβάλλον για τις κινεζικές εταιρείες στην ΕΕ https://t.co/N9pBA3suFq,σι τζινπινγκ σε σαρλ μισελ θελουμε ενα δικαιο περιβαλλον για τισ κινεζικεσ εταιρειεσ στην εε,1
Τατόι: Βιώσιμο μοντέλο ανάπτυξης για την αξιοποίηση των πρώην βασιλικών ανακτόρων https://t.co/ECH8PVopOd,τατοι βιωσιμο μοντελο αναπτυξησ για την αξιοποιηση των πρωην βασιλικων ανακτορων,1
ΥΠΠΟΑ: Βιώσιμο μοντέλο ανάπτυξης για την αξιοποίηση του τέως βασιλικού κτήματος στο Τατόι https://t.co/V5fQHP4mrt,υπποα βιωσιμο μοντελο αναπτυξησ για την αξιοποιηση του τεωσ βασιλικου κτηματοσ στο τατοι,1
Σωτήρης Ράπτης: Στο Top 10 της Lloyd’s List με τις κορυφαίες προσωπικότητες σε θέματα κανονισμών για ναυτιλία και περιβάλλον https://t.co/2UfFBW5K80,σωτηρησ ραπτησ στο top τησ lloyds list με τισ κορυφαιεσ προσωπικοτητεσ σε θεματα κανονισμων για ναυτιλια και περιβαλλον,1
"📍 Το Αντίπαρος 1 είναι ένα μοναδικό υπόσκαφο έργο που πέτυχε να συγχωνευτεί με το περιβάλλον και παράλληλα να λουστεί με φυσικό φως.
#newmoney.gr https://t.co/qtMDHs1PzA",το αντιπαροσ ειναι ενα μοναδικο υποσκαφο εργο που πετυχε να συγχωνευτει με το περιβαλλον και παραλληλα να λουστει με φυσικο φωσ newmoneygr,1
@AthanDim Είναι όπως όταν για να συναντηθούν για το περιβάλλον οι global leaders ταξιδεύουν με τα ιδιωτικά τους jet με zero emissions βεβαίως βεβαίως. Υποκρισία στο μέγιστο όταν υπάρχουν άλλοι τρόποι να γίνουν τα meetings virtually…,athandim ειναι οπωσ οταν για να συναντηθουν για το περιβαλλον οι global leaders ταξιδευουν με τα ιδιωτικα τουσ jet με zero emissions βεβαιωσ βεβαιωσ υποκρισια στο μεγιστο οταν υπαρχουν αλλοι τροποι να γινουν τα meetings viually,1
Διεθνής Οργανισμός Ενέργειας: Η ενεργειακή κρίση δίνει πρωτοφανή ώθηση στις ανανεώσιμες πηγές https://t.co/tQFqhN7gxf,διεθνησ οργανισμοσ ενεργειασ η ενεργειακη κριση δινει πρωτοφανη ωθηση στισ ανανεωσιμεσ πηγεσ,1
PwC: Ποιες χώρες διαθέτουν ελκυστικό περιβάλλον για την ανάπτυξη ιδιωτικών επιχειρήσεων το 2022 https://t.co/lwolB1xeJy,pwc ποιεσ χωρεσ διαθετουν ελκυστικο περιβαλλον για την αναπτυξη ιδιωτικων επιχειρησεων το,1
Η ενεργειακή κρίση στη Γερμανία μειώνει την αντίσταση στις ανανεώσιμες πηγές ενέργειας https://t.co/OofpTOoUhG,η ενεργειακη κριση στη γερμανια μειωνει την αντισταση στισ ανανεωσιμεσ πηγεσ ενεργειασ,1
ΑΑΔΕ: Στόχος ο Τελωνειακός Κώδικας να μεταβεί σε ένα περιβάλλον χωρίς χαρτί https://t.co/9RWaiXZ5fc,ααδε στοχοσ ο τελωνειακοσ κωδικασ να μεταβει σε ενα περιβαλλον χωρισ χαρτι,1
ΑΑΔΕ: Στόχος ο Τελωνειακός Κώδικας να μεταβεί σε ένα περιβάλλον χωρίς χαρτί https://t.co/rvQUbwzNic,ααδε στοχοσ ο τελωνειακοσ κωδικασ να μεταβει σε ενα περιβαλλον χωρισ χαρτι,1
Χ. Σταϊκούρας: Απάντηση στο αβέβαιο περιβάλλον η συνεργασία Ελλάδας-Γαλλίας https://t.co/aUD8WwcTM8,χ σταϊκουρασ απαντηση στο αβεβαιο περιβαλλον η συνεργασια ελλαδασγαλλιασ,1
"Η εξέλιξη και οι σχέσεις εμπιστοσύνης στο εργασιακό περιβάλλον της Kaizen Gaming, είναι τα βασικά στοιχεία της επιτυχίας της https://t.co/UU6VFnZpml",η εξελιξη και οι σχεσεισ εμπιστοσυνησ στο εργασιακο περιβαλλον τησ kaizen gaming ειναι τα βασικα στοιχεια τησ επιτυχιασ τησ,1
"Η εξέλιξη και οι σχέσεις εμπιστοσύνης στο εργασιακό περιβάλλον της Kaizen Gaming, είναι τα βασικά στοιχεία της επιτυχίας της https://t.co/HSP2fDzgD7",η εξελιξη και οι σχεσεισ εμπιστοσυνησ στο εργασιακο περιβαλλον τησ kaizen gaming ειναι τα βασικα στοιχεια τησ επιτυχιασ τησ,1
Η Roche Hellas συμμετέχει στο δημόσιο διάλογο για ένα βιώσιμο και αποδοτικό σύστημα υγείας https://t.co/ckRhvYyr5r,η roche hellas συμμετεχει στο δημοσιο διαλογο για ενα βιωσιμο και αποδοτικο συστημα υγειασ,1
Από ανανεώσιμες πηγές το 39% της ζήτησης ηλεκτρικής ενέργειας το 2022 https://t.co/RB0yKeeoLU,απο ανανεωσιμεσ πηγεσ το τησ ζητησησ ηλεκτρικησ ενεργειασ το,1
Η Holcim πήρε διπλό 'Α' για τη δράση της για το κλίμα και το νερό από το CDP https://t.co/JThqUDUF5V,η holcim πηρε διπλο α για τη δραση τησ για το κλιμα και το νερο απο το cdp,1
"Δένδιας: Το περιβάλλον, η τεράστια πρόκληση για την ανθρωπότητα του 21ου αιώνα https://t.co/HJddjCHt7p",δενδιασ το περιβαλλον η τεραστια προκληση για την ανθρωποτητα του ου αιωνα,1
Αγροτικές Ειδήσεις: Πώς μπορεί η γεωργία που σκοτώνει τη φύση να γίνει πιο βιώσιμη; https://t.co/UkXarox7V2,αγροτικεσ ειδησεισ πωσ μπορει η γεωργια που σκοτωνει τη φυση να γινει πιο βιωσιμη,1
Σέριφος: Βιώσιμη ανάπτυξη παρά την αυξανόμενη τουριστική πίεση https://t.co/duClT3WIZ4,σεριφοσ βιωσιμη αναπτυξη παρα την αυξανομενη τουριστικη πιεση,1
Ανανεώσιμες πηγές ενέργειας: Οι 27 διατηρούν αμετάβλητο τον στόχο ενόψει 2030 https://t.co/qVJ3giNP9D,ανανεωσιμεσ πηγεσ ενεργειασ οι διατηρουν αμεταβλητο τον στοχο ενοψει,1
Στο 40% διατηρεί η ΕΕ τον στόχο για τις ανανεώσιμες πηγές ενέργειας https://t.co/0reufEo4B3,στο διατηρει η εε τον στοχο για τισ ανανεωσιμεσ πηγεσ ενεργειασ,1
Ανανεώσιμες Πηγές Ενέργειας: Aμετάβλητος ο στόχος ενόψει 2030 στην ΕΕ – Επιταχύνονται οι αδειοδοτήσεις https://t.co/CY466ip5DV,ανανεωσιμεσ πηγεσ ενεργειασ aμεταβλητοσ ο στοχοσ ενοψει στην εε επιταχυνονται οι αδειοδοτησεισ,1
Μέχρι πότε θα είναι βιώσιμο το ελληνικό χρέος - Η αριθμητική https://t.co/Pf2lHfGB76,μεχρι ποτε θα ειναι βιωσιμο το ελληνικο χρεοσ η αριθμητικη,1
Δεν μπορείς να σβήσεις τον ήλιο: Πώς η Γερμανία μπορεί να αποκτήσει ενεργειακή ανεξαρτησία με ανανεώσιμες πηγές ενέργειας https://t.co/pMUx4FhiAL,δεν μπορεισ να σβησεισ τον ηλιο πωσ η γερμανια μπορει να αποκτησει ενεργειακη ανεξαρτησια με ανανεωσιμεσ πηγεσ ενεργειασ,1
Δεν μπορείς να σβήσεις τον ήλιο: Πώς η Γερμανία μπορεί να αποκτήσει ενεργειακή ανεξαρτησία με ανανεώσιμες πηγές ενέργειας https://t.co/ZWXgZ0BH0W,δεν μπορεισ να σβησεισ τον ηλιο πωσ η γερμανια μπορει να αποκτησει ενεργειακη ανεξαρτησια με ανανεωσιμεσ πηγεσ ενεργειασ,1
"I've just posted a new blog: Handelsblatt: Μέχρι το τέλος της δεκαετίας, πράσινη ηλεκτρική ενέργεια θα μπορούσε να ρέει από την Αίγυπτο στην Ελλάδα https://t.co/0ACH8mlmFC",ive just posted a new blog handelsblatt μεχρι το τελοσ τησ δεκαετιασ πρασινη ηλεκτρικη ενεργεια θα μπορουσε να ρεει απο την αιγυπτο στην ελλαδα,1
"Handelsblatt: Μέχρι το τέλος της δεκαετίας, πράσινη ηλεκτρική ενέργεια θα μπορούσε να ρέει από την Αίγυπτο στην Ελλάδα https://t.co/o7Ol8wZYzN",handelsblatt μεχρι το τελοσ τησ δεκαετιασ πρασινη ηλεκτρικη ενεργεια θα μπορουσε να ρεει απο την αιγυπτο στην ελλαδα,1
"📍 Ο ελληνικός εξορυκτικός κλάδος στηρίζει τη μετάβαση στο μοντέλο κυκλικής οικονομίας, δημιουργώντας πολλαπλά οφέλη για το περιβάλλον, την κοινωνία και την οικονομία https://t.co/rWm8UpPPbz",ο ελληνικοσ εξορυκτικοσ κλαδοσ στηριζει τη μεταβαση στο μοντελο κυκλικησ οικονομιασ δημιουργωντασ πολλαπλα οφελη για το περιβαλλον την κοινωνια και την οικονομια,1
Πώς θα είναι το περιβάλλον εργασίας το 2023 - Τρεις προβλέψεις για τον τρόπο που θα δουλεύουμε https://t.co/97e9bITnOM,πωσ θα ειναι το περιβαλλον εργασιασ το τρεισ προβλεψεισ για τον τροπο που θα δουλευουμε,1
Πώς θα είναι το περιβάλλον εργασίας το 2023 - Τρεις προβλέψεις για τον τρόπο που θα δουλεύουμε https://t.co/eiGELVc1x7,πωσ θα ειναι το περιβαλλον εργασιασ το τρεισ προβλεψεισ για τον τροπο που θα δουλευουμε,1
"Γ. Οικονόμου: Τη χρονιά που πέρασε, παρά το δυσχερέστατο παγκόσμιο περιβάλλον, η Ελλάδα άντεξε στις πιέσεις και σημείωσε σημαντικά βήματα προόδου https://t.co/QXODnD8Cmi",γ οικονομου τη χρονια που περασε παρα το δυσχερεστατο παγκοσμιο περιβαλλον η ελλαδα αντεξε στισ πιεσεισ και σημειωσε σημαντικα βηματα προοδου,1
Επίθεση με μπογιά στο πρωθυπουργικό μέγαρο της Γαλλίας από ακτιβιστές για το περιβάλλον https://t.co/zxxMfMq8oV,επιθεση με μπογια στο πρωθυπουργικο μεγαρο τησ γαλλιασ απο ακτιβιστεσ για το περιβαλλον,1
"Ψάλτης (Alpha Bank): Εγκαινιάζουμε έναν νέο κύκλο εξέλιξης, ως απάντηση στο νέο περιβάλλον «διαρκούς κρίσης» https://t.co/rfeTEbZcFW",ψαλτησ alpha bank εγκαινιαζουμε εναν νεο κυκλο εξελιξησ ωσ απαντηση στο νεο περιβαλλον διαρκουσ κρισησ,1
Πράσινη ενέργεια: Ο επόμενος στόχος της Κίνας είναι το υδρογόνο (πίνακες) https://t.co/eXpaCEJSbE,πρασινη ενεργεια ο επομενοσ στοχοσ τησ κινασ ειναι το υδρογονο πινακεσ,1
"Β. Ψάλτης: Εγκαινιάζουμε, το 2023, ένα νέο κύκλο εξέλιξης, ως απάντηση στο νέο περιβάλλον 'διαρκούς κρίσης' https://t.co/gphcr4KEAv",β ψαλτησ εγκαινιαζουμε το ενα νεο κυκλο εξελιξησ ωσ απαντηση στο νεο περιβαλλον διαρκουσ κρισησ,1
NZ Herald: Το ελληνικό νησί που είναι στις κορυφαίες τάσεις του κόσμου για βιώσιμο ταξίδι το 2023 https://t.co/yHN07AVEzY,nz herald το ελληνικο νησι που ειναι στισ κορυφαιεσ τασεισ του κοσμου για βιωσιμο ταξιδι το,1
Μαρίνα Φλοίσβου: Η βιώσιμη ανάπτυξη στην πράξη https://t.co/6fAY0VIz2x,μαρινα φλοισβου η βιωσιμη αναπτυξη στην πραξη,1
"Χρ. Σταϊκούρας στο Eurogroup: 'Στο ασταθές παγκόσμιο περιβάλλον, η Ελλάδα τα έχει καταφέρει' https://t.co/L9GduGGAox",χρ σταϊκουρασ στο eurogroup στο ασταθεσ παγκοσμιο περιβαλλον η ελλαδα τα εχει καταφερει,1
Μοσχάτο: Άνδρας εντοπίστηκε νεκρός σε διαμέρισμα – Προσωρινά κρατούμενη γυναίκα από το στενό περιβάλλον του https://t.co/zIh2eT2Xz4,μοσχατο ανδρασ εντοπιστηκε νεκροσ σε διαμερισμα προσωρινα κρατουμενη γυναικα απο το στενο περιβαλλον του,1
Lidl Ελλάς: Δημιουργεί αξία στον δρόμο για ένα βιώσιμο αύριο https://t.co/x4LRr016Hg,lidl ελλασ δημιουργει αξια στον δρομο για ενα βιωσιμο αυριο,1
"ESG Shipping Awards: Tα πρώτα Ναυτιλιακά Βραβεία για Περιβάλλον, Κοινωνική και Εταιρική διακυβέρνηση (pics) https://t.co/Cw4cCaQGJ2",esg shipping awards tα πρωτα ναυτιλιακα βραβεια για περιβαλλον κοινωνικη και εταιρικη διακυβερνηση pics,1
Παγκόσμια πρώτη για τη Mytilineos: Τα οικονομικά αποτελέσματα 2022 θα παρουσιαστούν σε περιβάλλον Metaverse https://t.co/gIHS0qVz5Y,παγκοσμια πρωτη για τη mytilineos τα οικονομικα αποτελεσματα θα παρουσιαστουν σε περιβαλλον metaverse,1
Αγροτικές Ειδήσεις: Τεχνητή Νοημοσύνη για τη γεωργία: Πώς οι Ινδοί αγρότες αξιοποιούν τις αναδυόμενες τεχνολογίες για τη βιώσιμη αύξηση της παραγωγικότητας https://t.co/AD85BU4GQ3,αγροτικεσ ειδησεισ τεχνητη νοημοσυνη για τη γεωργια πωσ οι ινδοι αγροτεσ αξιοποιουν τισ αναδυομενεσ τεχνολογιεσ για τη βιωσιμη αυξηση τησ παραγωγικοτητασ,1
SKAG: Πιστοποίηση από το Quality Net Foundation στη βιώσιμη ανάπτυξη και την υπεύθυνη επιχειρηματικότητα (pic) https://t.co/NTHWGigUIY,skag πιστοποιηση απο το quality net foundation στη βιωσιμη αναπτυξη και την υπευθυνη επιχειρηματικοτητα pic,1
Eurometaux: Καλεί την ΕΕ να στηρίξει τη βιομηχανία μετάλλων με πακέτο για την πράσινη ενέργεια https://t.co/WwVf8K5MIo,eurometaux καλει την εε να στηριξει τη βιομηχανια μεταλλων με πακετο για την πρασινη ενεργεια,1
📍 Πρόγραμμα σπουδών για εισαγωγή και επιμόρφωση των εκπαιδευτικών στο περιβάλλον STEAM προσφέρει το Ίδρυμα Vodafone https://t.co/1Z8kx5uq7p,προγραμμα σπουδων για εισαγωγη και επιμορφωση των εκπαιδευτικων στο περιβαλλον steam προσφερει το ιδρυμα vodafone,1
Βενετία Κουσία (Συμβούλιο Ανταγωνιστικότητας): «Το επιχειρηματικό περιβάλλον της Ελλάδας πρέπει οπωσδήποτε να βελτιωθεί» https://t.co/fzn8R46ffG,βενετια κουσια συμβουλιο ανταγωνιστικοτητασ το επιχειρηματικο περιβαλλον τησ ελλαδασ πρεπει οπωσδηποτε να βελτιωθει,1
Schroders Capital: Ποια assets «κρύβουν» ευκαιρίες στο υφεσιακό περιβάλλον του 2023 https://t.co/gjHEqZWozr,schroders capital ποια assets κρυβουν ευκαιριεσ στο υφεσιακο περιβαλλον του,1
Περιβάλλον: Οι νέοι κανόνες που θα μειώσουν τα ανώτατα όρια καταλοίπων φυτοφαρμάκων στα τρόφιμα https://t.co/xtMNrwqvcA,περιβαλλον οι νεοι κανονεσ που θα μειωσουν τα ανωτατα ορια καταλοιπων φυτοφαρμακων στα τροφιμα,1
Emirates: Δοκιμαστική πτήση - ορόσημο με 100% βιώσιμο αεροπορικό καύσιμο (SAF) https://t.co/7fcHAGPS3a,emirates δοκιμαστικη πτηση οροσημο με βιωσιμο αεροπορικο καυσιμο saf,1
Φωτορύπανση: Οι συνέπειες στους ζωντανούς οργανισμούς και το περιβάλλον https://t.co/0yOGdKzYv8,φωτορυπανση οι συνεπειεσ στουσ ζωντανουσ οργανισμουσ και το περιβαλλον,1
"Βιομηχανία αναθέσεων, ψέματα και υπεκφυγές για τις ανανεώσιμες πηγές ενέργειας  Σε πλήρη σύγχυση ο δήμαρχος Κιλελέρ https://t.co/NCmNp6BcU6",βιομηχανια αναθεσεων ψεματα και υπεκφυγεσ για τισ ανανεωσιμεσ πηγεσ ενεργειασ σε πληρη συγχυση ο δημαρχοσ κιλελερ,1
Περιβάλλον: Τα εγκαταλελειμμένα αγροκτήματα χρειάζονται δεκαετίες για να ανακτήσουν τη βιοποικιλότητα https://t.co/zlvksBbFfl,περιβαλλον τα εγκαταλελειμμενα αγροκτηματα χρειαζονται δεκαετιεσ για να ανακτησουν τη βιοποικιλοτητα,1
«Βιώσιμη ειρήνη» θα ζητήσει ο ΟΗΕ ενόψει της μαύρης επετείου της εισβολής στην Ουκρανία https://t.co/C875qQWkNR,βιωσιμη ειρηνη θα ζητησει ο οηε ενοψει τησ μαυρησ επετειου τησ εισβολησ στην ουκρανια,1
RT @Wyrlpx99hhKzSky: Το να πάρεις έναν καλό παίκτη να παίξει για τον σύλλογο είναι κάτι εφικτό. Το να βελτιωθεί σαν παίκτης στ περιβάλλον τ…, wyrlpxhhkzsky το να παρεισ εναν καλο παικτη να παιξει για τον συλλογο ειναι κατι εφικτο το να βελτιωθει σαν παικτησ στ περιβαλλον τ,1
HELMEPA: Κτύπησε το κουδούνι στη βιώσιμη ανάπτυξη στο Χρηματιστήριο Αθηνών (pic) https://t.co/PPvPhzg0CS,helmepa κτυπησε το κουδουνι στη βιωσιμη αναπτυξη στο χρηματιστηριο αθηνων pic,1
B. Κικίλιας: Η νησιωτικότητα στρατηγικό πλεονέκτημα της Ελλάδας και στον βιώσιμο τουρισμό https://t.co/8LU9CGUvLZ,b κικιλιασ η νησιωτικοτητα στρατηγικο πλεονεκτημα τησ ελλαδασ και στον βιωσιμο τουρισμο,1
Θοδωρής Σακελλαρίου (Unilever Food Solutions): Τα στοιχήματα στο HORECA και η στροφή στη βιώσιμη ανάπτυξη https://t.co/Vl9O8xRflk,θοδωρησ σακελλαριου unilever food solutions τα στοιχηματα στο horeca και η στροφη στη βιωσιμη αναπτυξη,1
"RT @Marka2free: Κάθε βδομαδα έχουμε δυο σκάνδαλα στο περιβάλλον του Πρωθυπουργού.
Η μποχα δεν μας επιτρέπει να αναπνεύσουμε 
Ο υφυπουργός π…", markafree καθε βδομαδα εχουμε δυο σκανδαλα στο περιβαλλον του πρωθυπουργου η μποχα δεν μασ επιτρεπει να αναπνευσουμε ο υφυπουργοσ π,1
"RT @LaFolia20: Είναι λάθος να ρίχνουμε το βάρος της συζήτησης στον αν και στο πόσο ευεργητική είναι η βιγκαν διατροφή για την υγεία, την ομ…", lafolia ειναι λαθοσ να ριχνουμε το βαροσ τησ συζητησησ στον αν και στο ποσο ευεργητικη ειναι η βιγκαν διατροφη για την υγεια την ομ,1
Κόκκαλης με Σύλλογο Ποντίων Λάρισας: Εδώ και τώρα δίκαιη και βιώσιμη λύση για τα δάνεια των παλινοστούντων ομογενών https://t.co/dikjWooC0q,κοκκαλησ με συλλογο ποντιων λαρισασ εδω και τωρα δικαιη και βιωσιμη λυση για τα δανεια των παλινοστουντων ομογενων,1
ΥΠΕΝ: Ο θαλάσσιος χωροταξικός σχεδιασμός διασφαλίζει την ειρήνη και προστατεύει το περιβάλλον https://t.co/Z5vBfsFanl,υπεν ο θαλασσιοσ χωροταξικοσ σχεδιασμοσ διασφαλιζει την ειρηνη και προστατευει το περιβαλλον,1
PepsiCo Hellas: Ένας χρόνος Pep+ για ένα βιώσιμο μέλλον - Ο απολογισμός των δράσεων αειφόρου ανάπτυξης (vid) https://t.co/0xBFn59jGE,pepsico hellas ενασ χρονοσ pep για ενα βιωσιμο μελλον ο απολογισμοσ των δρασεων αειφορου αναπτυξησ vid,1
Β. Κικίλιας: Η επιτυχία του τουρισμού συμβάλλει στη βιώσιμη ανάπτυξη και στη κοινωνική συνοχή https://t.co/0nxFeQQToN,β κικιλιασ η επιτυχια του τουρισμου συμβαλλει στη βιωσιμη αναπτυξη και στη κοινωνικη συνοχη,1
Κικίλιας: Η επιτυχία του τουρισμού συμβάλλει στη βιώσιμη ανάπτυξη και στη κοινωνική συνοχή https://t.co/Rei1YPagCA,κικιλιασ η επιτυχια του τουρισμου συμβαλλει στη βιωσιμη αναπτυξη και στη κοινωνικη συνοχη,1
Ζαχαράκη: Ο βιώσιμος τουρισμός και ο τοπικός χαρακτήρας στο επίκεντρο της ανάπτυξης https://t.co/MzimXi70Mk,ζαχαρακη ο βιωσιμοσ τουρισμοσ και ο τοπικοσ χαρακτηρασ στο επικεντρο τησ αναπτυξησ,1
Greenpeace: Οι συνέπειες της ρωσικής εισβολής και του πολέμου στο φυσικό περιβάλλον https://t.co/kHknAYVMnq,greenpeace οι συνεπειεσ τησ ρωσικησ εισβολησ και του πολεμου στο φυσικο περιβαλλον,1
Συνέδριο Energy Efficiency in Buildings Conference 2023: «Έξυπνα» κτίρια για καλύτερο περιβάλλον και εξοικονόμηση ενέργειας https://t.co/yo3ZgYswsh,συνεδριο energy efficiency in buildings conference εξυπνα κτιρια για καλυτερο περιβαλλον και εξοικονομηση ενεργειασ,1
Καραμανλής: Η μετάβαση στις πράσινες μεταφορές προϋποθέτει επενδύσεις και ισχυρό νομοθετικό ρυθμιστικό περιβάλλον https://t.co/kg55vic2mw,καραμανλησ η μεταβαση στισ πρασινεσ μεταφορεσ προϋποθετει επενδυσεισ και ισχυρο νομοθετικο ρυθμιστικο περιβαλλον,1
"Άδ. Γεωργιάδης: Όσο αυξάνεται στο ενεργειακό μείγμα η πράσινη ενέργεια, η βιομηχανία μας θα γίνεται πιο ανταγωνιστική https://t.co/nmRpRHj2dm",αδ γεωργιαδησ οσο αυξανεται στο ενεργειακο μειγμα η πρασινη ενεργεια η βιομηχανια μασ θα γινεται πιο ανταγωνιστικη,1
"Γεωργιάδης: Όλο και πιο ανταγωνιστική η βιομηχανία μας, όσο αυξάνεται η πράσινη ενέργεια στο ενεργειακό μίγμα https://t.co/aJWr83fH7C",γεωργιαδησ ολο και πιο ανταγωνιστικη η βιομηχανια μασ οσο αυξανεται η πρασινη ενεργεια στο ενεργειακο μιγμα,1
Eπίτροπος της ΕΕ για το Περιβάλλον: «Ιστορική στιγμή» η συμφωνία για την προστασία των ωκεανών https://t.co/VyHbvjspJc,eπιτροποσ τησ εε για το περιβαλλον ιστορικη στιγμη η συμφωνια για την προστασια των ωκεανων,1
Αγροτικές Ειδήσεις: ΕΑΣΗ: Κινητοποιούνται κατά του Fund για να βρεθεί βιώσιμη λύση για την περιουσία της https://t.co/svOzaJkFCK,αγροτικεσ ειδησεισ εαση κινητοποιουνται κατα του fund για να βρεθει βιωσιμη λυση για την περιουσια τησ,1
"""Περιβάλλον"" Κ. Καραμανλή: Οι απόψεις Ρουσόπουλου είναι προσωπικές https://t.co/rFdjPkWff2",περιβαλλον κ καραμανλη οι αποψεισ ρουσοπουλου ειναι προσωπικεσ,1
"Οι γαλάζιες ""φωτιές"" για την υποψηφιότητα του Κ. Αχ Καραμανλή και το ""περιβάλλον"" του πρώην πρωθυπουργού https://t.co/IMZmRaj4lG",οι γαλαζιεσ φωτιεσ για την υποψηφιοτητα του κ αχ καραμανλη και το περιβαλλον του πρωην πρωθυπουργου,1
#radioarvyla συνεχίστε να είστε οι φωνή μας και ξευτιλιστε τους ξεφτιλισμένους που κυβερνούν τον τόπο και που μέχρι τωρα ζούσαν σε ασφαλές περιβάλλον παρα τα αίσχη τους μέσω των πετσοταισμενων δημοσιογράφων!!!👍,radioarvyla συνεχιστε να ειστε οι φωνη μασ και ξευτιλιστε τουσ ξεφτιλισμενουσ που κυβερνουν τον τοπο και που μεχρι τωρα ζουσαν σε ασφαλεσ περιβαλλον παρα τα αισχη τουσ μεσω των πετσοταισμενων δημοσιογραφων,1
Meliá Hotels International: Ο πιο βιώσιμος ξενοδοχειακός όμιλος παγκοσμίως για το 2022 από την S&amp;P Global (pics) https://t.co/vzs2nrt8Ud,meliá hotels international ο πιο βιωσιμοσ ξενοδοχειακοσ ομιλοσ παγκοσμιωσ για το απο την sampp global pics,1
Αγροτικές Ειδήσεις: ΚΑΠ: Ο κομβικός ρόλος της ευρωπαϊκής αγροτικής πολιτικής για ένα βιώσιμο σύστημα τροφίμων https://t.co/azF3bX2gY2,αγροτικεσ ειδησεισ καπ ο κομβικοσ ρολοσ τησ ευρωπαϊκησ αγροτικησ πολιτικησ για ενα βιωσιμο συστημα τροφιμων,1
Ελληνικός Χρυσός: Ανάπτυξη με σεβασμό στο περιβάλλον https://t.co/xohDuyZQRE,ελληνικοσ χρυσοσ αναπτυξη με σεβασμο στο περιβαλλον,1
Ελληνικός Χρυσός: Ανάπτυξη με σεβασμό στο περιβάλλον https://t.co/VN9wiZ3nWZ,ελληνικοσ χρυσοσ αναπτυξη με σεβασμο στο περιβαλλον,1
Αυτή η χώρα κάνει στροφή στην πράσινη ενέργεια - Πόσα θα δώσει για τη μείωση στις εκπομπές άνθρακα https://t.co/kLWm77lUME,αυτη η χωρα κανει στροφη στην πρασινη ενεργεια ποσα θα δωσει για τη μειωση στισ εκπομπεσ ανθρακα,1
"RT @tetRadio: Πριονοκορδέλα από την Καθημερινή για το Ν/Σ για το περιβάλλον! Ζητάει «οριστική απόσυρση», η κυβέρνηση το ανέβαλε για μία εβδ…", tetradio πριονοκορδελα απο την καθημερινη για το νσ για το περιβαλλον ζηταει οριστικη αποσυρση η κυβερνηση το ανεβαλε για μια εβδ,1
"RT @stratakisi: Πρωθυπουργική εμφάνιση #Τσίπρα στο ΜΕΓΚΑ! 
Ρωτήθηκε για όλα και απάντησε σε ολα, σε ενα μη φιλικο περιβάλλον. Ας τολμήσει τ…", stratakisi πρωθυπουργικη εμφανιση τσιπρα στο μεγκα ρωτηθηκε για ολα και απαντησε σε ολα σε ενα μη φιλικο περιβαλλον ασ τολμησει τ,1
"RT @temiszafiriou: #Τσιπρας στο #Mega:
Φάπες μαλακές έριξε. Με το γάντι. Ως φαίνεται, οι ολιγάρχες δεν τραβούν το χαλί απ τον #Μητσοτάκη (μ…", temiszafiriou τσιπρασ στο mega φαπεσ μαλακεσ εριξε με το γαντι ωσ φαινεται οι ολιγαρχεσ δεν τραβουν το χαλι απ τον μητσοτακη μ,1
"RT @IosifKapa: Ο Πρετεντέρης δεν τον αφήνει να αρθρώσει 5 συνεχόμενες λέξεις χωρίς διακοπή για νέα ερώτηση, αλλά ο #Τσιπρας δεν μασάει και…", iosifkapa ο πρετεντερησ δεν τον αφηνει να αρθρωσει συνεχομενεσ λεξεισ χωρισ διακοπη για νεα ερωτηση αλλα ο τσιπρασ δεν μασαει και,1
Το σκληρό καταναλωτικό περιβάλλον έφερε μειωμένες πωλήσεις για την Deliveroo το 2022 https://t.co/ynuAG5CynC,το σκληρο καταναλωτικο περιβαλλον εφερε μειωμενεσ πωλησεισ για την deliveroo το,1
Κομισιόν: Πράσινη ενέργεια made in the EU - Αυτές είναι οι προτάσεις https://t.co/V1oQZEoZMQ,κομισιον πρασινη ενεργεια made in the eu αυτεσ ειναι οι προτασεισ,1
"RT @mgrigorakis: Ο νέος αρχηγός της ΕΛΑΣ είναι λέει κάτοχος πτυχίου ανοικτού πανεπιστημίου του δήμου Θεσσαλονίκης σε διοίκηση, οικονομία, ι…", mgrigorakis ο νεοσ αρχηγοσ τησ ελασ ειναι λεει κατοχοσ πτυχιου ανοικτου πανεπιστημιου του δημου θεσσαλονικησ σε διοικηση οικονομια ι,1
"RT @michaelstath: Παρακολουθούμε έναν επικίνδυνο  άνθρωπο, προστατευμένο σε ένα αποστειρωμένο περιβάλλον, που έχει ξεχάσει ότι είναι Πρωθυπ…", michaelstath παρακολουθουμε εναν επικινδυνο ανθρωπο προστατευμενο σε ενα αποστειρωμενο περιβαλλον που εχει ξεχασει οτι ειναι πρωθυπ,1
Goldman Sachs: Πόσα τρισ. δολ. θα κοστίσει η νομοθεσία για πράσινη ενέργεια στον Μπάιντεν https://t.co/NTQapzZBZP,goldman sachs ποσα τρισ δολ θα κοστισει η νομοθεσια για πρασινη ενεργεια στον μπαιντεν,1
Σε νέο ψηφιακό περιβάλλον η φορολογία με τη διασύνδεση ταμειακών μηχανών και POS - Πώς θα λειτουργήσει https://t.co/aAtjcDHNVo,σε νεο ψηφιακο περιβαλλον η φορολογια με τη διασυνδεση ταμειακων μηχανων και pos πωσ θα λειτουργησει,1
Έρευνα ΕΥ: Διάσταση απόψεων μεταξύ επιχειρήσεων και επενδυτών ως προς τις πρωτοβουλίες για βιώσιμη ανάπτυξη #capitalgr https://t.co/DAJCR9qnCC,ερευνα ευ διασταση αποψεων μεταξυ επιχειρησεων και επενδυτων ωσ προσ τισ πρωτοβουλιεσ για βιωσιμη αναπτυξη capitalgr,1
Σε νέο ψηφιακό περιβάλλον η φορολογία με την διασύνδεση ταμειακών μηχανών και POS - Πώς θα λειτουργήσει #capitalgr https://t.co/YS7vKFzzKa,σε νεο ψηφιακο περιβαλλον η φορολογια με την διασυνδεση ταμειακων μηχανων και pos πωσ θα λειτουργησει capitalgr,1
Lamda Development: Έμφαση στην κυκλική οικονομία και σε έργα υποδομής για βιώσιμη ανάπτυξη https://t.co/fWOiEdHlVt,lamda development εμφαση στην κυκλικη οικονομια και σε εργα υποδομησ για βιωσιμη αναπτυξη,1
ΕΕ: 11 χώρες ασκούν πίεση για να μην περιληφθεί η πυρηνική ενέργεια στους στόχους για τις ανανεώσιμες πηγές ενέργειας #capitalgr https://t.co/53wllE5wTP,εε χωρεσ ασκουν πιεση για να μην περιληφθει η πυρηνικη ενεργεια στουσ στοχουσ για τισ ανανεωσιμεσ πηγεσ ενεργειασ capitalgr,1
Ελληνικό: Έμφαση στην κυκλική οικονομία και σε έργα υποδομής για βιώσιμη ανάπτυξη από την Lamda Development #capitalgr https://t.co/dDxDdvOg2M,ελληνικο εμφαση στην κυκλικη οικονομια και σε εργα υποδομησ για βιωσιμη αναπτυξη απο την lamda development capitalgr,1
"Συμφωνία στην EE: Από ανανεώσιμες πηγές το 42,5% της ενέργειας μέχρι το 2030 (tweets) (upd) https://t.co/7DA00RqX3p",συμφωνια στην ee απο ανανεωσιμεσ πηγεσ το τησ ενεργειασ μεχρι το tweets upd,1
ΕΕ: Συμφωνία για την επίτευξη πιο φιλόδοξων στόχων για τις ανανεώσιμες πηγές ενέργειας μέχρι το 2030 #capitalgr https://t.co/RCdBIQtcJa,εε συμφωνια για την επιτευξη πιο φιλοδοξων στοχων για τισ ανανεωσιμεσ πηγεσ ενεργειασ μεχρι το capitalgr,1
Συμφωνία στην ΕΕ: Διπλασιάζεται ο στόχος για κατανάλωση ενέργειας από ανανεώσιμες πηγές έως το 20230 (tweets) https://t.co/6CYGSx5xJ9,συμφωνια στην εε διπλασιαζεται ο στοχοσ για καταναλωση ενεργειασ απο ανανεωσιμεσ πηγεσ εωσ το tweets,1
Φον ντερ Λάιεν: Μη βιώσιμη η αποσύνδεση της ΕΕ από την Κίνα - Πρέπει να υπάρξει όμως μείωση ρίσκου #capitalgr https://t.co/31oTV7J9wX,φον ντερ λαιεν μη βιωσιμη η αποσυνδεση τησ εε απο την κινα πρεπει να υπαρξει ομωσ μειωση ρισκου capitalgr,1
EY: Οι προσδοκίες των καταναλωτών και η κερδοφορία των επιχειρήσεων κινητήριες δυνάμεις για τη βιώσιμη ανάπτυξη #capitalgr https://t.co/JX8ULnunzk,ey οι προσδοκιεσ των καταναλωτων και η κερδοφορια των επιχειρησεων κινητηριεσ δυναμεισ για τη βιωσιμη αναπτυξη capitalgr,1
Πετρέλαιο: Τι σημαίνει η κίνηση-σοκ του OPEC+ για τη μετάβαση στην πράσινη ενέργεια https://t.co/EJbUWC1fb1,πετρελαιο τι σημαινει η κινησησοκ του opec για τη μεταβαση στην πρασινη ενεργεια,1
RT @atsipras: Στο εξής η εξωδικαστική ρύθμιση γίνεται υποχρεωτική. Κανένα fund δε θα μπορεί να κάνει bypass την υποχρέωση να προτείνει βιώσ…, atsipras στο εξησ η εξωδικαστικη ρυθμιση γινεται υποχρεωτικη κανενα fund δε θα μπορει να κανει bypass την υποχρεωση να προτεινει βιωσ,1
RT @atsipras: Στο εξής η εξωδικαστική ρύθμιση γίνεται υποχρεωτική. Κανένα fund δε θα μπορεί να κάνει bypass την υποχρέωση να προτείνει βιώσ…, atsipras στο εξησ η εξωδικαστικη ρυθμιση γινεται υποχρεωτικη κανενα fund δε θα μπορει να κανει bypass την υποχρεωση να προτεινει βιωσ,1
RT @atsipras: Στο εξής η εξωδικαστική ρύθμιση γίνεται υποχρεωτική. Κανένα fund δε θα μπορεί να κάνει bypass την υποχρέωση να προτείνει βιώσ…, atsipras στο εξησ η εξωδικαστικη ρυθμιση γινεται υποχρεωτικη κανενα fund δε θα μπορει να κανει bypass την υποχρεωση να προτεινει βιωσ,1
Ανανεώσιμες πηγές ενέργειας: Ποιες περιοχές θα ευνοηθούν με μείωση στους λογαριασμούς για τους καταναλωτές | Ειδήσεις για την Οικονομία | newmoney https://t.co/T9L4LMbqcA,ανανεωσιμεσ πηγεσ ενεργειασ ποιεσ περιοχεσ θα ευνοηθουν με μειωση στουσ λογαριασμουσ για τουσ καταναλωτεσ ειδησεισ για την οικονομια newmoney,1
ΕΤΕ: Ώθηση στις εξαγωγές από το παραδοσιακό ελαιόλαδο και «πράσινη» τεχνολογία (γράφημα) | Ειδήσεις για την Οικονομία | newmoney https://t.co/xQxv7QMFv2,ετε ωθηση στισ εξαγωγεσ απο το παραδοσιακο ελαιολαδο και πρασινη τεχνολογια γραφημα ειδησεισ για την οικονομια newmoney,1
RT @AretiAthanasiu: Ολιγωρία των Αρχών σε υπόθεση σεξουαλικής κακοποίησης 10χρονης από τον ίδιο της τον πατέρα που έχει άμεση σχέση με το π…, aretiathanasiu ολιγωρια των αρχων σε υποθεση σεξουαλικησ κακοποιησησ χρονησ απο τον ιδιο τησ τον πατερα που εχει αμεση σχεση με το π,1
''The New Daily Mail'': Φον ντερ Λάιεν: Δεν είναι βιώσιμη η αποσύνδεση από... https://t.co/vJP6PV0BeM,the new daily mail φον ντερ λαιεν δεν ειναι βιωσιμη η αποσυνδεση απο,1
Γερμανία: Ετοιμάζει ταμείο €2 δισ. με σκοπό να εξασφαλίσει πρώτες ύλες για την πράσινη μετάβαση | Ειδήσεις για την Οικονομία | newmoney https://t.co/KshIfvkT1E,γερμανια ετοιμαζει ταμειο δισ με σκοπο να εξασφαλισει πρωτεσ υλεσ για την πρασινη μεταβαση ειδησεισ για την οικονομια newmoney,1
"RT @yanisvaroufakis: Νάτα μας: EXXON, HALLIBURTON &amp; CHEVRON, οι εταιρείες που ακολούθησαν τον στρατό των ΗΠΑ στο Ιράκ, τώρα μπαίνουν γερά σ…", yanisvaroufakis νατα μασ exxon hallibuon amp chevron οι εταιρειεσ που ακολουθησαν τον στρατο των ηπα στο ιρακ τωρα μπαινουν γερα σ,1
Κομισιόν: Μείωση χρέους και ελλειμμάτων και επενδύσεις στην πράσινη και ψηφιακή μετάβαση | Ειδήσεις για την Οικονομία | newmoney https://t.co/TyR36jCoH5,κομισιον μειωση χρεουσ και ελλειμματων και επενδυσεισ στην πρασινη και ψηφιακη μεταβαση ειδησεισ για την οικονομια newmoney,1
RT @atsipras: Ζητάω ισχυρή λαϊκή εντολή με νίκη του ΣΥΡΙΖΑ για να σχηματίσουμε προοδευτική κυβέρνηση συνεργασίας την επόμενη των εκλογών. Τ…, atsipras ζηταω ισχυρη λαϊκη εντολη με νικη του συριζα για να σχηματισουμε προοδευτικη κυβερνηση συνεργασιασ την επομενη των εκλογων τ,1
'Sell in May and go away' ή… buy; Τι βλέπουν οι αναλυτές για τις αγορές και πόσο βιώσιμο είναι το πρόσφατο ράλι #capitalgr https://t.co/ALkgQmNKPB,sell in may and go away η buy τι βλεπουν οι αναλυτεσ για τισ αγορεσ και ποσο βιωσιμο ειναι το προσφατο ραλι capitalgr,1
"και καλύτερα όπλα και μετά προσπαθούμε να το κάνουμε να μοιάζει ότι προωθούμε την ειρήνη.

Δεν ακυρώνουμε εξορύξεις επειδή θέλουμε περισσότερη πράσινη ενέργεια ή για άλλα πράσινα άλογα. Κάνουμε εξορύξεις και μετά στρέφουμε τις κάμερες στο πόσο πράσινο είναι το Ελληνικό πχ. -&gt;",και καλυτερα οπλα και μετα προσπαθουμε να το κανουμε να μοιαζει οτι προωθουμε την ειρηνη δεν ακυρωνουμε εξορυξεισ επειδη θελουμε περισσοτερη πρασινη ενεργεια η για αλλα πρασινα αλογα κανουμε εξορυξεισ και μετα στρεφουμε τισ καμερεσ στο ποσο πρασινο ειναι το ελληνικο πχ gt,1
RT @GreekAnalyst: Δεν υπάρχει τίποτα πιο ταξικό από όσους επιλέγουν για εκείνους ή τα παιδιά τους τον δρόμο (1) κορυφαίων ιδιωτικών πανεπισ…, greekanalyst δεν υπαρχει τιποτα πιο ταξικο απο οσουσ επιλεγουν για εκεινουσ η τα παιδια τουσ τον δρομο κορυφαιων ιδιωτικων πανεπισ,1
"@hellaspecial @dimitrisnatsis @Stoikos0 Γτ άμα θέλουμε να γίνουμε ανταγωνιστικοί με όρους Ασίας κ Αφρικής,δλδ μισθοί χωρίς μέλλον κ να μην καλύπτουν το μήνα,ναι είν' ανταγωνιστικός σαν κράτος αλλά δεν θα μείνει κανείς στην χώρα. Γιατί κράτος στο οποίο το ενοίκιο αναλογεί με το 50+% του μισθού δν είν' βιώσιμο",hellaspecial dimitrisnatsis stoikos γτ αμα θελουμε να γινουμε ανταγωνιστικοι με ορουσ ασιασ κ αφρικησδλδ μισθοι χωρισ μελλον κ να μην καλυπτουν το μηναναι ειν ανταγωνιστικοσ σαν κρατοσ αλλα δεν θα μεινει κανεισ στην χωρα γιατι κρατοσ στο οποιο το ενοικιο αναλογει με το του μισθου δν ειν βιωσιμο,1
H KPMG στηρίζει το περιβάλλον: φυτεύει 2.000 δέντρα με τη βοήθεια της WE4ALL | Ειδήσεις για την Οικονομία | newmoney https://t.co/Op4wm0NS6T,h kpmg στηριζει το περιβαλλον φυτευει δεντρα με τη βοηθεια τησ weall ειδησεισ για την οικονομια newmoney,1
"RT @KostasVaxevanis: Φαντάζεστε τι σημαίνει σε εικόνα και ήχο το να πραγματοποιηθεί αυτό που ζητάμε εδώ και καιρό, να δεχθεί ο #Μητσοτακης…", kostasvaxevanis φανταζεστε τι σημαινει σε εικονα και ηχο το να πραγματοποιηθει αυτο που ζηταμε εδω και καιρο να δεχθει ο μητσοτακησ,1
"Δέκα χρόνια αργότερα, η πλατφόρμα έχει εδραιώσει τη φήμη ενός παγκοσμίου φήμης ερευνητικού κόμβου κορυφαίας έρευνας αιχμής που επικεντρώνεται στη διατήρηση και τη βιώσιμη χρήση της αγροβιοποικιλότητας της ξηράς, συμπεριλαμβανομένης…https://t.co/6uJXrXsyrJ https://t.co/b3sLlR22JR",δεκα χρονια αργοτερα η πλατφορμα εχει εδραιωσει τη φημη ενοσ παγκοσμιου φημησ ερευνητικου κομβου κορυφαιασ ερευνασ αιχμησ που επικεντρωνεται στη διατηρηση και τη βιωσιμη χρηση τησ αγροβιοποικιλοτητασ τησ ξηρασ συμπεριλαμβανομενησ,1
Για τις αειφόρες γεωργικές πρακτικές που χρησιμοποιούνται στην καλλιέργεια των ελαιόδεντρων στην εκδήλωση που διοργάνωσε η Σχολή Δημόσιας Υγείας του #Yale (School of Public Health) με θέμα «Ελαιόλαδο – Περιβάλλον – Μεσογειακή Διατρ…https://t.co/Q1bOpRZbqe https://t.co/EF8CBeMaAP,για τισ αειφορεσ γεωργικεσ πρακτικεσ που χρησιμοποιουνται στην καλλιεργεια των ελαιοδεντρων στην εκδηλωση που διοργανωσε η σχολη δημοσιασ υγειασ του yale school of public health με θεμα ελαιολαδο περιβαλλον μεσογειακη διατρ,1
"Η υπεραλίευση όχι μόνο αποτελεί μία από τις μεγαλύτερες απειλές για το θαλάσσιο περιβάλλον, αλλά βλάπτει και τους βιοτικούς πόρους των παράκτιων κοινοτήτων της ΕΕ.
#fisheries #europe https://t.co/6loOhMs7P2",η υπεραλιευση οχι μονο αποτελει μια απο τισ μεγαλυτερεσ απειλεσ για το θαλασσιο περιβαλλον αλλα βλαπτει και τουσ βιοτικουσ πορουσ των παρακτιων κοινοτητων τησ εε fisheries europe,1
"https://t.co/yOMb2wLADX - 7ος Εθνικός Διαγωνισμός με θέμα: ""Περιβάλλον. Μετανάστευση. Πανδημία. 25 Χρόνια λειτουργίας της Πνευμονολογικής κλινικής του Πανεπιστημίου Θεσσαλίας"" https://t.co/ANcSYjRDqT",οσ εθνικοσ διαγωνισμοσ με θεμα περιβαλλον μεταναστευση πανδημια χρονια λειτουργιασ τησ πνευμονολογικησ κλινικησ του πανεπιστημιου θεσσαλιασ,1
"Παγκόσμια Ημέρα Περιβάλλοντος 2023: Με πυξίδα τη βιώσιμη ανάπτυξη η ΔΕΗ επενδύει σε ένα πράσινο, καλύτερο μέλλον (pics) | Ειδήσεις για την Οικονομία | newmoney https://t.co/KeB2EqubFS",παγκοσμια ημερα περιβαλλοντοσ με πυξιδα τη βιωσιμη αναπτυξη η δεη επενδυει σε ενα πρασινο καλυτερο μελλον pics ειδησεισ για την οικονομια newmoney,1
Διαγωνισμός για νέους επιχειρηματίες: Πόσο βιώσιμη είναι η επιχειρηματική ιδέα σου | Ειδήσεις για την Οικονομία | newmoney https://t.co/PFitRSPqxj,διαγωνισμοσ για νεουσ επιχειρηματιεσ ποσο βιωσιμη ειναι η επιχειρηματικη ιδεα σου ειδησεισ για την οικονομια newmoney,1
"RT @atsipras: Βήμα 1ο: Ανασυγκροτούμε το παραγωγικό και αναπτυξιακό μοντέλο. Για μια δίκαιη, βιώσιμη και πράσινη ανάπτυξη. Για μια οικονομί…", atsipras βημα ο ανασυγκροτουμε το παραγωγικο και αναπτυξιακο μοντελο για μια δικαιη βιωσιμη και πρασινη αναπτυξη για μια οικονομι,1
Σεμίραμις Παληού από το Όσλο: Από τις ηγέτιδες εταιρείες διεθνώς στον δρόμο για την πράσινη μετάβαση η Diana Shipping | Ειδήσεις για την Οικονομία | newmoney https://t.co/ZIIsvPaJnG,σεμιραμισ παληου απο το οσλο απο τισ ηγετιδεσ εταιρειεσ διεθνωσ στον δρομο για την πρασινη μεταβαση η diana shipping ειδησεισ για την οικονομια newmoney,1
"Η πρόταση κανονισμού για τη βιώσιμη χρήση φυτοπροστατευτικών προϊόντων- ένα από τα θέματα που προκαλούν μεγάλη ανησυχία στους παραγωγούς πυρηνόκαρπων της ΕΕ
#appletree #apples #fruitsandvegetables #fruit https://t.co/sBaJrKqCTS",η προταση κανονισμου για τη βιωσιμη χρηση φυτοπροστατευτικων προϊοντων ενα απο τα θεματα που προκαλουν μεγαλη ανησυχια στουσ παραγωγουσ πυρηνοκαρπων τησ εε appletree apples fruitsandvegetables fruit,1
"Συνεχίζουμε τη μεγάλη προσπάθεια για καλύτερο περιβάλλον με στόχο την παραγωγή και κατανάλωση ηλεκτρικής ενέργειας κατά 80% από ΑΠΕ.

- Η ανανεώσιμη παραγωγή κορυφώθηκε στις 6/5, όταν στη 1 το μεσημέρι άγγιξε τις 6.055 MWh.
2/4",συνεχιζουμε τη μεγαλη προσπαθεια για καλυτερο περιβαλλον με στοχο την παραγωγη και καταναλωση ηλεκτρικησ ενεργειασ κατα απο απε η ανανεωσιμη παραγωγη κορυφωθηκε στισ οταν στη το μεσημερι αγγιξε τισ mwh,1
"Πράσινη η μισή ηλεκτρική ενέργεια! Τον Μάιο το 54% της ηλεκτρικής ενέργειας που καταναλώσαμε προήλθε από ήλιο, αέρα και νερό. Η Ελλάδα είναι πλέον η 7η χώρα στον κόσμο στην αξιοποίηση Ανανεώσιμων Πηγών Ενέργειας στο ενεργειακό της μίγμα. 1/4 https://t.co/UVwRjcU8ZJ",πρασινη η μιση ηλεκτρικη ενεργεια τον μαιο το τησ ηλεκτρικησ ενεργειασ που καταναλωσαμε προηλθε απο ηλιο αερα και νερο η ελλαδα ειναι πλεον η η χωρα στον κοσμο στην αξιοποιηση ανανεωσιμων πηγων ενεργειασ στο ενεργειακο τησ μιγμα,1
Επτά παιδιά θετικά στον στρεπτόκοκκο Α -Τα 3 από το περιβάλλον του 7χρονου που έχασε τη ζωή του #capitalgr https://t.co/pasp6hEMS8,επτα παιδια θετικα στον στρεπτοκοκκο α τα απο το περιβαλλον του χρονου που εχασε τη ζωη του capitalgr,1
ΑΒ Βασιλόπουλος: Eπιβραβεύεται για την καινοτομία της και τον σεβασμό προς το περιβάλλον | Ειδήσεις για την Οικονομία | newmoney https://t.co/cE1NDbeH7Y,αβ βασιλοπουλοσ eπιβραβευεται για την καινοτομια τησ και τον σεβασμο προσ το περιβαλλον ειδησεισ για την οικονομια newmoney,1
Lidl Ελλάς: Επενδύει στην πράσινη ενέργεια | Ειδήσεις για την Οικονομία | newmoney https://t.co/X5AYT094J3,lidl ελλασ επενδυει στην πρασινη ενεργεια ειδησεισ για την οικονομια newmoney,1
ΕΕ για το κλίμα: Σε κίνδυνο η Πράσινη Συμφωνία λόγω «πολιτιστικών πολέμων» | Ειδήσεις για την Οικονομία | newmoney https://t.co/PUlBIkPaPS,εε για το κλιμα σε κινδυνο η πρασινη συμφωνια λογω πολιτιστικων πολεμων ειδησεισ για την οικονομια newmoney,1
Έρευνα ΣΕΒ: Το 53% των επιχειρήσεων δεν είναι επαρκώς ενημερωμένες για την Κυκλική Οικονομία | Ειδήσεις για την Οικονομία | newmoney https://t.co/I1X54p7EHQ,ερευνα σεβ το των επιχειρησεων δεν ειναι επαρκωσ ενημερωμενεσ για την κυκλικη οικονομια ειδησεισ για την οικονομια newmoney,1
