text,text_processed,topic
Η #κλιματική_αλλαγή απειλεί τη #Μεσόγειο – Δραματική πρόβλεψη για αύξηση των #πυρκαγιών https://t.co/i9UqwrPYfq via @politis_news,η κλιματικη_αλλαγη απειλει τη μεσογειο δραματικη προβλεψη για αυξηση των πυρκαγιων via politis_news,1
Η κλιματική αλλαγή απειλεί τη Μεσόγειο - Δραματική πρόβλεψη για αύξηση των πυρκαγιών - https://t.co/XiWrmtxQ1Y https://t.co/Tk2B1YOVSQ,η κλιματικη αλλαγη απειλει τη μεσογειο δραματικη προβλεψη για αυξηση των πυρκαγιων,1
"[https://t.co/bDHZLmoC6L]Μελέτη: Η κλιματική  #Αλλαγή θα αυξήσει τις δασικές πυρκαγιές παγκοσμίως, ιδίως στη  #Μεσόγειο https://t.co/UmUw8yGP4m",η κλιματικη αλλαγη θα αυξησει τισ δασικεσ πυρκαγιεσ παγκοσμιωσ ιδιωσ στη μεσογειο,1
Η κλιματική αλλαγή θα αυξήσει τα επόμενα χρόνια τις δασικές πυρκαγιές παγκοσμίως - mononews #mononewsGR https://t.co/Z7xEXfKMCT,η κλιματικη αλλαγη θα αυξησει τα επομενα χρονια τισ δασικεσ πυρκαγιεσ παγκοσμιωσ mononews mononewsgr,1
"Μελέτη: Η κλιματική αλλαγή θα αυξήσει τα επόμενα χρόνια τις δασικές πυρκαγιές παγκοσμίως, ιδίως στη Μεσόγειο

https://t.co/BMW3zl2ADn",μελετη η κλιματικη αλλαγη θα αυξησει τα επομενα χρονια τισ δασικεσ πυρκαγιεσ παγκοσμιωσ ιδιωσ στη μεσογειο,1
"Η κλιματική αλλαγή θα αυξήσει τα επόμενα χρόνια τις δασικές πυρκαγιές παγκοσμίως, ιδίως στη Μεσόγειο,
https://t.co/EUiqKEInYL,",η κλιματικη αλλαγη θα αυξησει τα επομενα χρονια τισ δασικεσ πυρκαγιεσ παγκοσμιωσ ιδιωσ στη μεσογειο,1
Ανανεώσιμες Πηγές Ενέργειας: Το λάθος μείγμα στην Ελλάδα - Οι κίνδυνοι από τη μονοκαλλιέργεια https://t.co/lnKE3n3qdo,ανανεωσιμεσ πηγεσ ενεργειασ το λαθοσ μειγμα στην ελλαδα οι κινδυνοι απο τη μονοκαλλιεργεια,1
"Μπορεί ο Θάνος Πλεύρης να αποφεύγει όπως ο διάολος το λιβάνι τους δημοσιογράφους του Documento όταν του ζητούν μια δήλωση, αλλά αν πρόκειται για το ασφαλές περιβάλλον που εξασφαλίζει μία ανάρτηση στο Twitter, δεν έχει πρόβλημα να τοποθετηθεί δημόσια https://t.co/cAt9pwKKus",μπορει ο θανοσ πλευρησ να αποφευγει οπωσ ο διαολοσ το λιβανι τουσ δημοσιογραφουσ του documento οταν του ζητουν μια δηλωση αλλα αν προκειται για το ασφαλεσ περιβαλλον που εξασφαλιζει μια αναρτηση στο twitter δεν εχει προβλημα να τοποθετηθει δημοσια,1
"Μελέτη: Η κλιματική αλλαγή θα αυξήσει τα επόμενα χρόνια τις δασικές πυρκαγιές παγκοσμίως, ιδίως στη Μεσόγειο https://t.co/66O7L39m7i",μελετη η κλιματικη αλλαγη θα αυξησει τα επομενα χρονια τισ δασικεσ πυρκαγιεσ παγκοσμιωσ ιδιωσ στη μεσογειο,1
Κλιματική αλλαγή: «Πρωτοφανής τα τελευταία 4.000 χρόνια» η άνοδος της στάθμης των θαλασσών--https://t.co/LJbWH870H9,κλιματικη αλλαγη πρωτοφανησ τα τελευταια χρονια η ανοδοσ τησ σταθμησ των θαλασσων,1
Η κλιματική αλλαγή επηρεάζει τα παιδιά ακόμη και πριν τη γέννηση https://t.co/U9dUtHxxJ5,η κλιματικη αλλαγη επηρεαζει τα παιδια ακομη και πριν τη γεννηση,1
"Βρετανία: Ακτιβιστές κόλλησαν τα χέρια τους σε πίνακα του Βαν Γκογκ, διαμαρτυρόμενοι για την κλιματική αλλαγή – Βίντεο https://t.co/MqtNHJlZUA",βρετανια ακτιβιστεσ κολλησαν τα χερια τουσ σε πινακα του βαν γκογκ διαμαρτυρομενοι για την κλιματικη αλλαγη βιντεο,1
Κλιματική αλλαγή: Πανάρχαια άγνωστα μικρόβια θα απελευθερωθούν από τους παγετώνες που λιώνουν; Μπορούν να πυροδοτήσουν “πανδημίες”; -,κλιματικη αλλαγη παναρχαια αγνωστα μικροβια θα απελευθερωθουν απο τουσ παγετωνεσ που λιωνουν μπορουν να πυροδοτησουν πανδημιεσ,1
"[Κλικ και διαβάστε στο thecaller]Κλιματική  #Αλλαγή:  #Άγνωστα μικρόβια παγιδευμένα σε παγετώνες που λιώνουν, μπορεί να πυροδοτήσουν νέες πανδη https://t.co/bc0qyAOPEP",κλικ και διαβαστε στο thecallerκλιματικη αλλαγη αγνωστα μικροβια παγιδευμενα σε παγετωνεσ που λιωνουν μπορει να πυροδοτησουν νεεσ πανδη,1
Κλιματική αλλαγή: Άγνωστα μικρόβια παγιδευμένα σε παγετώνες που λιώνουν ίσως πυροδοτήσουν νέες πανδημίες - Documento https://t.co/pz2FrYZrh7,κλιματικη αλλαγη αγνωστα μικροβια παγιδευμενα σε παγετωνεσ που λιωνουν ισωσ πυροδοτησουν νεεσ πανδημιεσ documento,1
Κλιματική αλλαγή: Οι πάγοι που λιώνουν μπορούν να απελευθερώσουν μικρόβια που θα προκαλέσουν νέες πανδημίες https://t.co/j3tAYm4kOX,κλιματικη αλλαγη οι παγοι που λιωνουν μπορουν να απελευθερωσουν μικροβια που θα προκαλεσουν νεεσ πανδημιεσ,1
Κλιματική αλλαγή: Ο Γκουτέρες προειδοποιεί για το πόσο ευάλωτη είναι η Καραϊβική https://t.co/EoQD6xxUHb,κλιματικη αλλαγη ο γκουτερεσ προειδοποιει για το ποσο ευαλωτη ειναι η καραϊβικη,1
SOS Γκουτέρες για την Καραϊβική: Κινδυνεύει όσο καμία άλλη περιοχή από την κλιματική κρίση https://t.co/5l3gtFmdG6,sos γκουτερεσ για την καραϊβικη κινδυνευει οσο καμια αλλη περιοχη απο την κλιματικη κριση,1
"Κλιματική αλλαγή: Ο γγ του ΟΗΕ προειδοποιεί για το πόσο ευάλωτη είναι η Καραϊβική

https://t.co/qPPOZcX1rR https://t.co/YiMssQF8Ej",κλιματικη αλλαγη ο γγ του οηε προειδοποιει για το ποσο ευαλωτη ειναι η καραϊβικη,1
Πώς θα περνάς τέλεια στην παραλία χωρίς να επιβαρύνεις το περιβάλλον https://t.co/l1KdMzeYvg,πωσ θα περνασ τελεια στην παραλια χωρισ να επιβαρυνεισ το περιβαλλον,1
"#Ερευνητές της Κινεζικής Ακαδημίας Επιστημών, οι οποίοι έκαναν τη σχετική #δημοσίευση στο #περιοδικό βιοτεχνολογίας “#Nature_Biotechnology”, σύμφωνα με το #Live_Science
#Κλιματικη_αλλαγη #μικροβια #παγοι #περιβαλλον #Επιστημη #Υγεια 

https://t.co/TlXwd8b3gl",ερευνητεσ τησ κινεζικησ ακαδημιασ επιστημων οι οποιοι εκαναν τη σχετικη δημοσιευση στο περιοδικο βιοτεχνολογιασ nature_biotechnology συμφωνα με το live_science κλιματικη_αλλαγη μικροβια παγοι περιβαλλον επιστημη υγεια,1
"Στο πρόγραμμα Περιβάλλον και Κλιματική Αλλαγή θα συνεχιστεί  το πρόγραμμα «Εξοικονομώ» που αναμένεται να ξεκινήσει άμεσα, ενώ  θα χρηματοδοτηθούν παρεμβάσεις Greco islands.

Αυτό επισημαίνει στα μέσα κοινωνικής δικτύωσης ο  υφυπουργός Ανάπτυξης και

https://t.co/kkGfkGZDMH",στο προγραμμα περιβαλλον και κλιματικη αλλαγη θα συνεχιστει το προγραμμα εξοικονομω που αναμενεται να ξεκινησει αμεσα ενω θα χρηματοδοτηθουν παρεμβασεισ greco islands αυτο επισημαινει στα μεσα κοινωνικησ δικτυωσησ ο υφυπουργοσ αναπτυξησ και,1
RT @TakisKapetanio2: «Η σύγχρονη δημοκρατία έχει ιδιωτικοποιηθεί. Δεν είναι πια βιώσιμη»  https://t.co/n9uiKk5m5C,rt takiskapetanio η συγχρονη δημοκρατια εχει ιδιωτικοποιηθει δεν ειναι πια βιωσιμη,1
RT @KostasVaxevanis: Ιωάννη Βαπτιστή δεν είναι περιβάλλον για να βάζεις τα άρθρα σου. Όπως βλέπεις δεν έχουν μεγάλη δημοφιλία. Όχι ότι έχου…,rt kostasvaxevanis ιωαννη βαπτιστη δεν ειναι περιβαλλον για να βαζεισ τα αρθρα σου οπωσ βλεπεισ δεν εχουν μεγαλη δημοφιλια οχι οτι εχου,1
Ο Δήμαρχος Χερσονήσου εκπροσώπησε την ΚΕΔΕ σε διαδικτυακή σύσκεψη για τα έργα προσαρμογής στην Κλιματική Αλλαγή https://t.co/ikVNW34rgY,ο δημαρχοσ χερσονησου εκπροσωπησε την κεδε σε διαδικτυακη συσκεψη για τα εργα προσαρμογησ στην κλιματικη αλλαγη,1
Στη Φινλανδία η πρώτη στον κόσμο μπαταρία από άμμο που αποθηκεύει «πράσινη» ενέργεια - https://t.co/3v0HtATSpN https://t.co/SPC8Y0yjyv,στη φινλανδια η πρωτη στον κοσμο μπαταρια απο αμμο που αποθηκευει πρασινη ενεργεια,1
Διαδικτυακή ημερίδα «Προσαρμογή της Περιφέρειας Ιονίων Νήσων στην Κλιματική Αλλαγή» https://t.co/hdij1487D4,διαδικτυακη ημεριδα προσαρμογη τησ περιφερειασ ιονιων νησων στην κλιματικη αλλαγη,1
Φινλανδία: Μπαταρία άμμου αποθηκεύει πράσινη ενέργεια για μήνες – Πιθανή λύση στην ενεργειακή κρίση https://t.co/83KFxfWXgh,φινλανδια μπαταρια αμμου αποθηκευει πρασινη ενεργεια για μηνεσ πιθανη λυση στην ενεργειακη κριση,1
"σπάθη ενός γενικευμένου πολέμου-, διαμορφώνει ένα άκρως ρευστό και ευμετάβλητο περιβάλλον.",σπαθη ενοσ γενικευμενου πολεμου διαμορφωνει ενα ακρωσ ρευστο και ευμεταβλητο περιβαλλον,1
"Ένας συνδυασμός παραγόντων -φυσικές καταστροφές, άνοδος του πληθωρισμού, πανδημία, ενεργειακή και κλιματική κρίση, μέχρι τη Δαμόκλειο https://t.co/FpFO6cZXGg https://t.co/s4JCbOHlmb",ενασ συνδυασμοσ παραγοντων φυσικεσ καταστροφεσ ανοδοσ του πληθωρισμου πανδημια ενεργειακη και κλιματικη κριση μεχρι τη δαμοκλειο,1
"Ερευνητές εγκατέστησαν στη δυτική Φινλανδία την πρώτη στον κόσμο πλήρως λειτουργική μπαταρία άμμου, η οποία μπορεί να αποθηκεύσει «πράσινη» ενέργεια για μήνες

https://t.co/zIW743m75J",ερευνητεσ εγκατεστησαν στη δυτικη φινλανδια την πρωτη στον κοσμο πληρωσ λειτουργικη μπαταρια αμμου η οποια μπορει να αποθηκευσει πρασινη ενεργεια για μηνεσ,1
Φινλανδία: Μπαταρία άμμου αποθηκεύει πράσινη ενέργεια για μήνες – Πιθανή λύση στην ενεργειακή κρίση ... https://t.co/uULSY3xvy8,φινλανδια μπαταρια αμμου αποθηκευει πρασινη ενεργεια για μηνεσ πιθανη λυση στην ενεργειακη κριση,1
Τρίτη παραίτηση από το στενό περιβάλλον του Τζόνσον: Παραιτήθηκε ο αντιπρόεδρος των Συντηρητικών Μπιμ Αφολάμι - mononews #mononewsGR https://t.co/OwcFzJEbCx,τριτη παραιτηση απο το στενο περιβαλλον του τζονσον παραιτηθηκε ο αντιπροεδροσ των συντηρητικων μπιμ αφολαμι mononews mononewsgr,1
"“Φύση πάσχουσα / Naturapatiens”  – “Νέοι καλλιτέχνες &amp; Κλιματική αλλαγή” , Ομαδικές εκθέσεις και εικαστικό workshop https://t.co/XtrT9FtMJv",φυση πασχουσα naturapatiens νεοι καλλιτεχνεσ amp κλιματικη αλλαγη ομαδικεσ εκθεσεισ και εικαστικο workshop,1
"Στο τέλος του 2022 το 50% της ζήτησης ηλεκτρικής ενέργειας στην Ελλάδα θα καλύπτεται από Ανανεώσιμες Πηγές Ενέργειας, ανέφερε ο υπουργός Περιβάλλοντος και Ενέργειας @KostasSkrekas μιλώντας σήμερα στο συνέδριο του #Εconomist

https://t.co/Uj0jDPzzVn https://t.co/FH38zfDFx5",στο τελοσ του το τησ ζητησησ ηλεκτρικησ ενεργειασ στην ελλαδα θα καλυπτεται απο ανανεωσιμεσ πηγεσ ενεργειασ ανεφερε ο υπουργοσ περιβαλλοντοσ και ενεργειασ kostasskrekas μιλωντασ σημερα στο συνεδριο του εconomist,1
RT @LykavitosGr: Έρευνα: Η Κλιματική Αλλαγή θα αυξήσει τα επόμενα χρόνια τις δασικές πυρκαγιές παγκοσμίως  #έρευνα #κλιματική_αλλαγή #πυρκα…,rt lykavitosgr ερευνα η κλιματικη αλλαγη θα αυξησει τα επομενα χρονια τισ δασικεσ πυρκαγιεσ παγκοσμιωσ ερευνα κλιματικη_αλλαγη πυρκα,1
RT @LykavitosGr: Έρευνα: Η Κλιματική Αλλαγή θα αυξήσει τα επόμενα χρόνια τις δασικές πυρκαγιές παγκοσμίως  #έρευνα #κλιματική_αλλαγή #πυρκα…,rt lykavitosgr ερευνα η κλιματικη αλλαγη θα αυξησει τα επομενα χρονια τισ δασικεσ πυρκαγιεσ παγκοσμιωσ ερευνα κλιματικη_αλλαγη πυρκα,1
Έρευνα: Τι πιστεύουν οι Έλληνες για την κλιματική αλλαγή - https://t.co/3ghhbhCPqB https://t.co/ROyFxB86ae,ερευνα τι πιστευουν οι ελληνεσ για την κλιματικη αλλαγη,1
ΓΕΩΡΓΙΟΣ ΠΟΛΥΜΕΡΗΣ: Ο ΑΝΘΡΩΠΟΣ ΚΑΙ ΤΟ ΠΕΡΙΒΑΛΛΟΝ ΣΤΗΝ ΕΛΛΗΝΩΝ ΠΟΛΙΤΕΙΑ https://t.co/bAp9nVWZWN,γεωργιος πολυμερης ο ανθρωπος και το περιβαλλον στην ελληνων πολιτεια,1
Ο ΑΝΘΡΩΠΟΣ ΚΑΙ ΤΟ ΠΕΡΙΒΑΛΛΟΝ ΣΤΗΝ ΕΛΛΗΝΩΝ ΠΟΛΙΤΕΙΑ https://t.co/G02W7De2Zm,ο ανθρωπος και το περιβαλλον στην ελληνων πολιτεια,1
"RT @NAppelaios: Πρέπει να τονιστεί ότι, όταν εκδηλώθηκε η εισβολή του Αττίλα, οι αξιωματικοί και οι άνδρες της ΕΛΔΥΚ ζούσαν σε εχθρικό περι…",rt nappelaios πρεπει να τονιστει οτι οταν εκδηλωθηκε η εισβολη του αττιλα οι αξιωματικοι και οι ανδρεσ τησ ελδυκ ζουσαν σε εχθρικο περι,1
«Ο λαγοκέφαλος και τοξικά είδη ψαριών απειλούν την αλιεία και το θαλάσσιο περιβάλλον στο Αιγαίο» #Δημοκρατική #Ρόδος #Δωδεκάνησα https://t.co/QiNkPQ3DL8,ο λαγοκεφαλοσ και τοξικα ειδη ψαριων απειλουν την αλιεια και το θαλασσιο περιβαλλον στο αιγαιο δημοκρατικη ροδοσ δωδεκανησα,1
Το Public Group αναλαμβάνει δράση για έναν βιώσιμο πλανήτη με το πρόγραμμα Love Earth - mononews #mononewsGR https://t.co/fziVGCKmMw,το public group αναλαμβανει δραση για εναν βιωσιμο πλανητη με το προγραμμα love earth mononews mononewsgr,1
Κλιματική κρίση: Ο φετινός Ιούνιος ήταν ο τρίτος πιο θερμός παγκοσμίως από το 1981 - LarissaPress https://t.co/e96ezkEwrb,κλιματικη κριση ο φετινοσ ιουνιοσ ηταν ο τριτοσ πιο θερμοσ παγκοσμιωσ απο το larissapress,1
ΚΛΙΜΑΤΙΚΗ ΑΛΛΑΓΗ ...MY ASS... https://t.co/0z1P7Cee3w,κλιματικη αλλαγη my ass,1
[Κλικ και διαβάστε στο thecaller]Xρ.  #Στυλιανίδης: Η κλιματική κρίση δεν αντιμετωπίζεται με αυτοσχεδιασμούς https://t.co/D6Otz0gmw8,κλικ και διαβαστε στο thecallerxρ στυλιανιδησ η κλιματικη κριση δεν αντιμετωπιζεται με αυτοσχεδιασμουσ,1
[https://t.co/bDHZLmoC6L] #Στυλιανίδης: Η κλιματική κρίση είναι εδώ - Χρειαζόμαστε τα  #Επιστήμονικά δεδομένα https://t.co/6JoShYj3yE,στυλιανιδησ η κλιματικη κριση ειναι εδω χρειαζομαστε τα επιστημονικα δεδομενα,1
Κλιματική αλλαγή – «Εφιαλτική» πρόγνωση για την Ελλάδα: Μέχρι και 5 βαθμούς Κελσίου πάνω η θερμοκρασία έως το τέλος του αιώνα ... https://t.co/yiLvHJVDkI,κλιματικη αλλαγη εφιαλτικη προγνωση για την ελλαδα μεχρι και βαθμουσ κελσιου πανω η θερμοκρασια εωσ το τελοσ του αιωνα,1
Κλιματική αλλαγή: Έως 5 βαθμούς θα ανέβει η θερμοκρασία στην Ελλάδα μέσα σε 80 χρόνια - https://t.co/DwvjBnuQFi https://t.co/PxWf0ylm3o,κλιματικη αλλαγη εωσ βαθμουσ θα ανεβει η θερμοκρασια στην ελλαδα μεσα σε χρονια,1
"[Κλικ και διαβάστε στο thetoc]Η κλιματική  #Αλλαγή ""χτυπά"" την  #Ελλάδα: Έως 5 βαθμούς θα αυξηθεί η θερμοκρασία μέχρι το τέλος του αιώνα https://t.co/Ip6V52yqKX",κλικ και διαβαστε στο thetocη κλιματικη αλλαγη χτυπα την ελλαδα εωσ βαθμουσ θα αυξηθει η θερμοκρασια μεχρι το τελοσ του αιωνα,1
"Χρ. Στυλιανίδης: Η κλιματική κρίση είναι εδώ - Χρειαζόμαστε τα επιστημονικά δεδομένα και την επιστημονική τεκμηρίωση, όχι τον εμπειρισμό https://t.co/CISfJ4xaPP",χρ στυλιανιδησ η κλιματικη κριση ειναι εδω χρειαζομαστε τα επιστημονικα δεδομενα και την επιστημονικη τεκμηριωση οχι τον εμπειρισμο,1
Ο Στυλιανίδης ανακάλυψε ότι η… κλιματική κρίση είναι εδώ! https://t.co/UymSlIugvU #newsbreak,ο στυλιανιδησ ανακαλυψε οτι η κλιματικη κριση ειναι εδω newsbreak,1
ΕΚΤ: Η κλιματική αλλαγή απειλεί τις τράπεζες https://t.co/snUbNjicod,εκτ η κλιματικη αλλαγη απειλει τισ τραπεζεσ,1
".@StylianidesEU: Η κλιματική κρίση είναι εδώ - Χρειαζόμαστε τα επιστημονικά δεδομένα και την επιστημονική τεκμηρίωση και όχι τον εμπειρισμό και τον αυτοσχεδιασμό

https://t.co/IxtnWuDGBP https://t.co/HPPs0L7oK3",stylianideseu η κλιματικη κριση ειναι εδω χρειαζομαστε τα επιστημονικα δεδομενα και την επιστημονικη τεκμηριωση και οχι τον εμπειρισμο και τον αυτοσχεδιασμο,1
Η διατροφή που προλαμβάνει τον πρόωρο θάνατο και σώζει το περιβάλλον https://t.co/ak4fFSuRrg,η διατροφη που προλαμβανει τον προωρο θανατο και σωζει το περιβαλλον,1
Ευρώπη - Κλιματική Αλλαγή: Προειδοποίηση για καλοκαίρι φωτιάς και στάχτης https://t.co/dg31C2Ggbx,ευρωπη κλιματικη αλλαγη προειδοποιηση για καλοκαιρι φωτιασ και σταχτησ,1
Κλιματική αλλαγή: Η ΕΕ προειδοποιεί για καλοκαίρι φωτιάς και στάχτης #Δημοκρατική #Ρόδος #Δωδεκάνησα https://t.co/BYTOeSb1ai,κλιματικη αλλαγη η εε προειδοποιει για καλοκαιρι φωτιασ και σταχτησ δημοκρατικη ροδοσ δωδεκανησα,1
RT @Moneypressgr: ΕΚΤ: Η κλιματική αλλαγή απειλεί τις τράπεζες  #moneypress https://t.co/hALj0DVtCT,rt moneypressgr εκτ η κλιματικη αλλαγη απειλει τισ τραπεζεσ moneypress,1
ΕΚΤ: Η κλιματική αλλαγή απειλεί τις τράπεζες  #moneypress https://t.co/hALj0DVtCT,εκτ η κλιματικη αλλαγη απειλει τισ τραπεζεσ moneypress,1
Κλιματική Αλλαγή: Πόσο αναμένεται να αυξηθεί η θερμοκρασία στην Ελλάδα έως το τέλος του αιώνα – «Εφιαλτική» πρόγνωση https://t.co/7Nqc8h7qz6,κλιματικη αλλαγη ποσο αναμενεται να αυξηθει η θερμοκρασια στην ελλαδα εωσ το τελοσ του αιωνα εφιαλτικη προγνωση,1
Η Βασιλική του Αγίου Λεωνίδη στο λιμάνι Λεχαίου και το Περιβάλλον της - Πελοποννησιακό Πρακτορείο Ειδήσεων https://t.co/nZiLL4M7j3,η βασιλικη του αγιου λεωνιδη στο λιμανι λεχαιου και το περιβαλλον τησ πελοποννησιακο πρακτορειο ειδησεων,1
"Σαψής: Η κλιματική κρίση θα επηρεάσει την τροφή και το νερό μας, αλλά και ζητήματα γεωστρατηγικής - https://t.co/WI1BFBaRAG https://t.co/rfMIrgHPaC",σαψησ η κλιματικη κριση θα επηρεασει την τροφη και το νερο μασ αλλα και ζητηματα γεωστρατηγικησ,1
"Σε πραγματικό περιβάλλον αναμένεται να προσφέρουν τις γνώσεις τους Έλληνες φοιτητές, στο πλαίσιο ευρωπαϊκού έργου που θα πάρει σάρκα και οστά σε περιοχή των Αγράφων της Περιφερειακής Ενότητας Καρδίτσας.

https://t.co/Lxvkn6Mywc",σε πραγματικο περιβαλλον αναμενεται να προσφερουν τισ γνωσεισ τουσ ελληνεσ φοιτητεσ στο πλαισιο ευρωπαϊκου εργου που θα παρει σαρκα και οστα σε περιοχη των αγραφων τησ περιφερειακησ ενοτητασ καρδιτσασ,1
"Κραυγή με χρώματα , από 50 νέους καλλιτέχνες, για την Κλιματική κρίση , σε έκθεση στο Αργοστόλι (1) https://t.co/Ba0N60lPYb",κραυγη με χρωματα απο νεουσ καλλιτεχνεσ για την κλιματικη κριση σε εκθεση στο αργοστολι,1
"Εξαντλημένος, αλλά σε πλήρη επαφή με το περιβάλλον ήταν μετά την περιπέτεια επί 19 ώρες στη θάλασσα ο 30χρονος από τη Βόρεια Μακεδονία, ο οποίος παρασύρθηκε χθες το απόγευμα από τα κύματα στο Ποσείδι Χαλκιδικής.

https://t.co/Pal7ckOftX https://t.co/HuVF84i1NJ",εξαντλημενοσ αλλα σε πληρη επαφη με το περιβαλλον ηταν μετα την περιπετεια επι ωρεσ στη θαλασσα ο χρονοσ απο τη βορεια μακεδονια ο οποιοσ παρασυρθηκε χθεσ το απογευμα απο τα κυματα στο ποσειδι χαλκιδικησ,1
RT @tgportalblog: T.G.    Γερμανία:Πρωτόγνωρες εικόνες–  Ουρές στα συσσίτια  τροφίμων https://t.co/qav6nqusDo #ΝΤΠ #νεα_ταξη #ΕΕ #ακριβεια…,rt tgportalblog tg γερμανιαπρωτογνωρεσ εικονεσ ουρεσ στα συσσιτια τροφιμων ντπ νεα_ταξη εε ακριβεια,1
"Εξαντλημένος, αλλά σε πλήρη επαφή με το περιβάλλον ήταν μετά την περιπέτεια επί 19 ώρες στη θάλασσα ο 30χρονος από τη Βόρεια Μακεδονία, ο οποίος παρασύρθηκε χθες το απόγευμα από τα κύματα στο Ποσείδι Χαλκιδικής.
Ο

https://t.co/Pal7ckOftX",εξαντλημενοσ αλλα σε πληρη επαφη με το περιβαλλον ηταν μετα την περιπετεια επι ωρεσ στη θαλασσα ο χρονοσ απο τη βορεια μακεδονια ο οποιοσ παρασυρθηκε χθεσ το απογευμα απο τα κυματα στο ποσειδι χαλκιδικησ ο,1
Β.Πούτιν για Δυτική υποκρισία-“Μιλάνε για πράσινη ενέργεια αλλά καίνε περισσότερο άνθρακα”https://t.co/vHI1nfTOMV,βπουτιν για δυτικη υποκρισιαμιλανε για πρασινη ενεργεια αλλα καινε περισσοτερο ανθρακα,1
"«Πράσινο» ΞΕΦΤΙΛΙΣΜΑ από Πούτιν: «Οι Δυτικοί κάνουν πολύ θόρυβο για το περιβάλλον ΑΛΛΑ καίνε περισσότερο άνθρακα από εμάς», vid 
https://t.co/CtpwurLMkf",πρασινο ξεφτιλισμα απο πουτιν οι δυτικοι κανουν πολυ θορυβο για το περιβαλλον αλλα καινε περισσοτερο ανθρακα απο εμασ vid,1
Google: Δίνει 30 εκατ. δολάρια στη «μάχη» με την κλιματική αλλαγή https://t.co/21Dj0tUJ9w,google δινει εκατ δολαρια στη μαχη με την κλιματικη αλλαγη,1
"800.000 δέντρα και θάμνοι και 78.000 τ.μ. χλοοτάπητα, αποδεικνύουν ότι ο αυτοκινητόδρομος συνυπάρχει σε απόλυτη αρμονία με το περιβάλλον. https://t.co/uGizJBsxP7",δεντρα και θαμνοι και τμ χλοοταπητα αποδεικνυουν οτι ο αυτοκινητοδρομοσ συνυπαρχει σε απολυτη αρμονια με το περιβαλλον,1
"RT @LykavitosGr: Ακραίος καύσωνας σαρώνει Ισπανία και Πορτογαλία – Απειλεί με 40αρια Γαλλία και Βρετανία, τι θα γίνει στην Ελλάδα  #καύσωνα…",rt lykavitosgr ακραιοσ καυσωνασ σαρωνει ισπανια και πορτογαλια απειλει με αρια γαλλια και βρετανια τι θα γινει στην ελλαδα καυσωνα,1
"RT @LykavitosGr: Ακραίος καύσωνας σαρώνει Ισπανία και Πορτογαλία – Απειλεί με 40αρια Γαλλία και Βρετανία, τι θα γίνει στην Ελλάδα  #καύσωνα…",rt lykavitosgr ακραιοσ καυσωνασ σαρωνει ισπανια και πορτογαλια απειλει με αρια γαλλια και βρετανια τι θα γινει στην ελλαδα καυσωνα,1
Google: Πρόγραμμα 30 εκατ. ευρώ για τολμηρές ιδέες για την προώθηση δράσεων ενάντια στην κλιματική αλλαγή - mononews #mononewsGR https://t.co/oZHInFyclV,google προγραμμα εκατ ευρω για τολμηρεσ ιδεεσ για την προωθηση δρασεων εναντια στην κλιματικη αλλαγη mononews mononewsgr,1
ΤΙΝΑΦΤΟΡΕ??....ΟΥΤΕ ΛΕΠΤΟ ΔΕΝ ΜΠΟΡΕΙΣ ΝΑ ΚΑΤΣΕΙΣ ΣΤΟΝ ΗΛΙΟ...ΦΤΑΙΕΙ Η ΚΛΙΜΑΤΙΚΗ ΑΛΛΑΓΗ ΠΟΥ Ο ΜΗΤΣΟΣ ΕΓΙΝΕ ΑΡΑΠΗΣ..... https://t.co/twvnnLiBqZ,τιναφτορεουτε λεπτο δεν μπορεις να κατσεις στον ηλιοφταιει η κλιματικη αλλαγη που ο μητσος εγινε αραπης,1
Ανανεώσιμες Πηγές Ενέργειας: Το νέο Χωροταξικό για τα αιολικά πάρκα – Ολο το σχέδιο #Δημοκρατική #Ρόδος #Δωδεκάνησα https://t.co/30pNB64msv,ανανεωσιμεσ πηγεσ ενεργειασ το νεο χωροταξικο για τα αιολικα παρκα ολο το σχεδιο δημοκρατικη ροδοσ δωδεκανησα,1
Σπάνιο χρυσό τσακάλι εμφανίστηκε στη λίμνη Κάρλα https://t.co/vsfCV3tE0T #ΑΡΘΡΑ #ΛΑΡΙΣΑ #ΛΙΜΝΗΚΑΡΛΑ #ΠΕΡΙΒΑΛΛΟΝ By https://t.co/p9zfHy5mYe,σπανιο χρυσο τσακαλι εμφανιστηκε στη λιμνη καρλα αρθρα λαρισα λιμνηκαρλα περιβαλλον by,1
Google: Δίνει 30 εκατ. δολάρια στη «μάχη» με την κλιματική αλλαγή https://t.co/f9rDGWRbY8,google δινει εκατ δολαρια στη μαχη με την κλιματικη αλλαγη,1
Google: Πρόγραμμα 30 εκατ. ευρώ για τη χρηματοδότηση «πράσινων» πρότζεκτ https://t.co/5cE2w8AbYy #ΔΙΑΔΙΚΤΥΟ #ΠΕΡΙΒΑΛΛΟΝ https://t.co/oYg75T5qDM,google προγραμμα εκατ ευρω για τη χρηματοδοτηση πρασινων προτζεκτ διαδικτυο περιβαλλον,1
WWF: Απαράδεκτο νομοσχέδιο για το περιβάλλον από το ΥΠΕΝ - Πελοποννησιακό Πρακτορείο Ειδήσεων https://t.co/mXxDi4tgDE,wwf απαραδεκτο νομοσχεδιο για το περιβαλλον απο το υπεν πελοποννησιακο πρακτορειο ειδησεων,1
WWF: Το υπουργείο βγάζει σε προσχηματική διαβούλευση απαράδεκτο νομοσχέδιο για το περιβάλλον https://t.co/iGqIehHB3k,wwf το υπουργειο βγαζει σε προσχηματικη διαβουλευση απαραδεκτο νομοσχεδιο για το περιβαλλον,1
"Σε μεγάλο βάθος πρέπει να σκάψει κάποιος στον Άρη προκειμένου να βρει πιθανά ίχνη ζωής, αποφαίνονται οι ειδικοί.

Ο λόγος είναι ότι η Αρειανή επιφάνεια βομβαρδίζεται ανηλεώς από την κοσμική ακτινοβολία για αμέτρητα χρόνια, δημιουργώντας ένα περιβάλλον

https://t.co/V5FQqdsBYH https://t.co/Z7ALdMFVq6",σε μεγαλο βαθοσ πρεπει να σκαψει καποιοσ στον αρη προκειμενου να βρει πιθανα ιχνη ζωησ αποφαινονται οι ειδικοι ο λογοσ ειναι οτι η αρειανη επιφανεια βομβαρδιζεται ανηλεωσ απο την κοσμικη ακτινοβολια για αμετρητα χρονια δημιουργωντασ ενα περιβαλλον,1
"⭕ Η κλιματική αλλαγή βάζει ""φωτιά"" στην Ευρώπη https://t.co/XL7db0FFHZ",η κλιματικη αλλαγη βαζει φωτια στην ευρωπη,1
Ρέθυμνο: SOS από το Γεωπάρκο του Ψηλορείτη για την ανεξέλεγκτη ρίψη σκουπιδιών στο περιβάλλον https://t.co/YKAgcQaqjo,ρεθυμνο sos απο το γεωπαρκο του ψηλορειτη για την ανεξελεγκτη ριψη σκουπιδιων στο περιβαλλον,1
"Η αύξηση των φαινομένων οφείλεται στην κλιματική αλλαγή, σύμφωνα με τους επιστήμονες
#alphanewslive
https://t.co/P2CgzI7fuv",η αυξηση των φαινομενων οφειλεται στην κλιματικη αλλαγη συμφωνα με τουσ επιστημονεσ alphanewslive,1
"Γεωργιάδης: Εάν η Ελλάδα εισέλθει μετά τις εκλογές σε πολιτική περιπέτεια, θα βλάψει το επενδυτικό περιβάλλον https://t.co/g5ryl5ZETV",γεωργιαδησ εαν η ελλαδα εισελθει μετα τισ εκλογεσ σε πολιτικη περιπετεια θα βλαψει το επενδυτικο περιβαλλον,1
Αττική: Πορτοκαλί συναγερμός για φωτιές την Πέμπτη https://t.co/F1fRsjs7sz,αττικη πορτοκαλι συναγερμοσ για φωτιεσ την πεμπτη,1
Βασιλικά: Η Ανακοίνωση της Κοινότητας για τις εργασίες που πραγματοποιήθηκαν στα Κοιμητήρια τις προηγούμενες ημέρες https://t.co/qUriSKLfqp #ΒΑΣΙΛΙΚΑ #ΚΑΘΑΡΙΟΤΗΤΑ #ΠΕΡΙΒΑΛΛΟΝ https://t.co/F1NVWXOI3s,βασιλικα η ανακοινωση τησ κοινοτητασ για τισ εργασιεσ που πραγματοποιηθηκαν στα κοιμητηρια τισ προηγουμενεσ ημερεσ βασιλικα καθαριοτητα περιβαλλον,1
Το Περιφερειακό Σχέδιο για την Προσαρμογή στην κλιματική αλλαγή της ΠΝΑι (ΠεΣΠΚΑ) #Δημοκρατική #Ρόδος #Δωδεκάνησα https://t.co/dDgINTU7MU,το περιφερειακο σχεδιο για την προσαρμογη στην κλιματικη αλλαγη τησ πναι πεσπκα δημοκρατικη ροδοσ δωδεκανησα,1
TITAN: Νέο βιώσιμο σκυρόδεμα- Το ANTAEUS είναι 100% ανακυκλώσιμο δομικό υλικό - mononews #mononewsGR https://t.co/jIeQW3uofQ,titan νεο βιωσιμο σκυροδεμα το antaeus ειναι ανακυκλωσιμο δομικο υλικο mononews mononewsgr,1
"Καθηλωμένος 4 χρόνια, χωρίς επαφή με το περιβάλλον: Δίχως τέλος ο Γολγοθάς 15χρονου μαθητή από χτύπημα κεραυνού https://t.co/xUe9YOl5SB https://t.co/ucsaovQ0GQ",καθηλωμενοσ χρονια χωρισ επαφη με το περιβαλλον διχωσ τελοσ ο γολγοθασ χρονου μαθητη απο χτυπημα κεραυνου,1
Πώς μπορεί η βιώσιμη ανάπτυξη να γίνει μέρος της καθημερινότητας; – Συνέδριο στη Νίσυρο #Δημοκρατική #Ρόδος #Δωδεκάνησα https://t.co/Y26eZW4FFe,πωσ μπορει η βιωσιμη αναπτυξη να γινει μεροσ τησ καθημερινοτητασ συνεδριο στη νισυρο δημοκρατικη ροδοσ δωδεκανησα,1
"Οι οικονομικές κρίσεις συμβαίνουν μερικές φορές, οδηγώντας συχνά σε ύφεση. Μέσα στο τρέχον χαοτικό επενδυτικό περιβάλλον, πολλοί άνθρωποι https://t.co/8AMqEDtI1C https://t.co/CBZS968qEE",οι οικονομικεσ κρισεισ συμβαινουν μερικεσ φορεσ οδηγωντασ συχνα σε υφεση μεσα στο τρεχον χαοτικο επενδυτικο περιβαλλον πολλοι ανθρωποι,1
"Έλληνες κτηνοτρόφοι, εξεγερθείτε. Στην Ολλανδία ζητούν θανάτωση του 95% των αγελάδων για την… κλιματική αλλαγή! https://t.co/rqEXB02pY6",ελληνεσ κτηνοτροφοι εξεγερθειτε στην ολλανδια ζητουν θανατωση του των αγελαδων για την κλιματικη αλλαγη,1
BlackRock: Το επενδυτικό περιβάλλον είναι στη χειρότερη κατάσταση των τελευταίων δεκαετιών https://t.co/nsxECH9Pnq,blackrock το επενδυτικο περιβαλλον ειναι στη χειροτερη κατασταση των τελευταιων δεκαετιων,1
BlackRock: Το επενδυτικό περιβάλλον είναι στη χειρότερη κατάσταση των τελευταίων δεκαετιών https://t.co/6UhiIZi5Ps,blackrock το επενδυτικο περιβαλλον ειναι στη χειροτερη κατασταση των τελευταιων δεκαετιων,1
Έρευνα: Πώς η κλιματική αλλαγή αυξάνει την έμφυλη βία https://t.co/AzlWAbeyvd,ερευνα πωσ η κλιματικη αλλαγη αυξανει την εμφυλη βια,1
Κλιματική αλλαγή: Σοβαροί κίνδυνοι από το λιώσιμο των πάγων https://t.co/AEgeSKxVGx,κλιματικη αλλαγη σοβαροι κινδυνοι απο το λιωσιμο των παγων,1
"-Τόσους αιώνες γιατί δεν έχουν εξαφανιστεί τα δάση από τις πυρκαγιές;
-Κλιματικη αλλαγή.
-Εισαι ζόμπι.
-Εισαι ψεκ.",τοσουσ αιωνεσ γιατι δεν εχουν εξαφανιστει τα δαση απο τισ πυρκαγιεσ κλιματικη αλλαγη εισαι ζομπι εισαι ψεκ,1
Κ. Σκρέκας: Στα 500 εκατ. ευρώ το όφελος από τις ανανεώσιμες πηγές ενέργειας https://t.co/wbVAILB8ph,κ σκρεκασ στα εκατ ευρω το οφελοσ απο τισ ανανεωσιμεσ πηγεσ ενεργειασ,1
".@KostasSkrekas στο ΑΠΕ-ΜΠΕ (@amna_news): Στα 500 εκατ. ευρώ το όφελος από τις ανανεώσιμες πηγές ενέργειας εφέτος 

«Πράσινο» το 50% της ηλεκτρικής ενέργειας έως το τέλος του έτους

https://t.co/FgwyaZnQRz",kostasskrekas στο απεμπε amna_news στα εκατ ευρω το οφελοσ απο τισ ανανεωσιμεσ πηγεσ ενεργειασ εφετοσ πρασινο το τησ ηλεκτρικησ ενεργειασ εωσ το τελοσ του ετουσ,1
Πόσο επηρεάζει τον τουρισμό η κλιματική αλλαγή https://t.co/P16RrbUf2S,ποσο επηρεαζει τον τουρισμο η κλιματικη αλλαγη,1
"Η ελευθερία, η δημοκρατία και η διατήρηση ενός βιώσιμου πλανήτη απαιτούν να ανταποκριθούμε σε αυτή την πρόκληση και να προσπαθήσουμε για έναν ασφαλέστερο και πιο βιώσιμο κόσμο.

https://t.co/dIThl3iVJv",η ελευθερια η δημοκρατια και η διατηρηση ενοσ βιωσιμου πλανητη απαιτουν να ανταποκριθουμε σε αυτη την προκληση και να προσπαθησουμε για εναν ασφαλεστερο και πιο βιωσιμο κοσμο,1
Έχασε τις αισθήσεις της την ώρα που οδηγούσε στη Λάρισα μη έχοντας επαφή με το περιβάλλον https://t.co/IC67wRevRz via @aegeanews,εχασε τισ αισθησεισ τησ την ωρα που οδηγουσε στη λαρισα μη εχοντασ επαφη με το περιβαλλον via aegeanews,1
Σκρέκας: Στα 500 εκατ. ευρώ το όφελος από τις ανανεώσιμες πηγές ενέργειας το 2022--https://t.co/zUeat59wg8,σκρεκασ στα εκατ ευρω το οφελοσ απο τισ ανανεωσιμεσ πηγεσ ενεργειασ το,1
ΥΠΕΝ: Μπαράζ διαγωνισμών για ανανεώσιμες πηγές ενέργειας συνολικής ισχύος 3.800 μεγαβάτ https://t.co/iqTnnTkTzb #businessnewsgr,υπεν μπαραζ διαγωνισμων για ανανεωσιμεσ πηγεσ ενεργειασ συνολικησ ισχυοσ μεγαβατ businessnewsgr,1
Κλιματική αλλαγή: Σε κλοιό καύσωνα ο πλανήτης - LarissaPress https://t.co/vBpA7kmDbc,κλιματικη αλλαγη σε κλοιο καυσωνα ο πλανητησ larissapress,1
Κ.Σκρέκας: «Στα 500 εκατ. ευρώ το όφελος από τις ανανεώσιμες πηγές ενέργειας το 2022» https://t.co/2wbb5mLWkx,κσκρεκασ στα εκατ ευρω το οφελοσ απο τισ ανανεωσιμεσ πηγεσ ενεργειασ το,1
Σκρέκας: Στα 500 εκατ. ευρώ το όφελος από τις ανανεώσιμες πηγές ενέργειας φέτος https://t.co/ns5asG934w,σκρεκασ στα εκατ ευρω το οφελοσ απο τισ ανανεωσιμεσ πηγεσ ενεργειασ φετοσ,1
Ίδρυμα Αντενάουερ: H Aστυπάλαια σημαντικό παράδειγμα των προσπαθειών για καινοτομία και πράσινη ενέργεια #Δημοκρατική #Ρόδος #Δωδεκάνησα https://t.co/iYRJ4HLnr5,ιδρυμα αντεναουερ h aστυπαλαια σημαντικο παραδειγμα των προσπαθειων για καινοτομια και πρασινη ενεργεια δημοκρατικη ροδοσ δωδεκανησα,1
Κ. Σκρέκας: Στα 500 εκατ. ευρώ το όφελος από τις ανανεώσιμες πηγές ενέργειας- Πράσινο το 50% της ηλεκτρικής ενέργειας έως τέλος του έτους https://t.co/26nvvpoWwI,κ σκρεκασ στα εκατ ευρω το οφελοσ απο τισ ανανεωσιμεσ πηγεσ ενεργειασ πρασινο το τησ ηλεκτρικησ ενεργειασ εωσ τελοσ του ετουσ,1
Σκρέκας: Στα 500 εκατ. ευρώ το όφελος από τις ανανεώσιμες πηγές ενέργειας - LarissaPress https://t.co/szF9L5swN6,σκρεκασ στα εκατ ευρω το οφελοσ απο τισ ανανεωσιμεσ πηγεσ ενεργειασ larissapress,1
Κ. Σκρέκας: Στα 500 εκατ. το όφελος από τις Ανανεώσιμες Πηγές Ενέργειας φέτος- «Πράσινο» το 50% της ηλεκτρικής ενέργειας έως το τέλος του έτους - mononews #mononewsGR https://t.co/9szxZcx7OZ,κ σκρεκασ στα εκατ το οφελοσ απο τισ ανανεωσιμεσ πηγεσ ενεργειασ φετοσ πρασινο το τησ ηλεκτρικησ ενεργειασ εωσ το τελοσ του ετουσ mononews mononewsgr,1
Ο ΟΗΕ προειδοποιεί για την κλιματική κρίση – «Συλλογική δράση ή συλλογική αυτοκτονία» https://t.co/kCebmC0aVr,ο οηε προειδοποιει για την κλιματικη κριση συλλογικη δραση η συλλογικη αυτοκτονια,1
Κ. Σκρέκας στο ΑΠΕ-ΜΠΕ: Στα 500 εκατ. ευρώ το όφελος από τις ανανεώσιμες πηγές ενέργειας εφέτος - «Πράσινο» το 50% της ηλεκτρικής ενέργειας έως το τέλος του έτους https://t.co/RVyZB5HHsr,κ σκρεκασ στο απεμπε στα εκατ ευρω το οφελοσ απο τισ ανανεωσιμεσ πηγεσ ενεργειασ εφετοσ πρασινο το τησ ηλεκτρικησ ενεργειασ εωσ το τελοσ του ετουσ,1
"https://t.co/2R6LeHgX0r “Φύση Πάσχουσα” και “Νέοι Καλλιτέχνες και κλιματική κρίση” , στις 10 καλύτερες εκθέσεις του καλοκαιριού στην Ελλάδα https://t.co/ez7aRmG7wQ",φυση πασχουσα και νεοι καλλιτεχνεσ και κλιματικη κριση στισ καλυτερεσ εκθεσεισ του καλοκαιριου στην ελλαδα,1
Tο «Running Out of Time» είναι μία παγκόσμια διοργάνωση με στόχο τη γνώση για το περιβάλλον - https://t.co/AqHuS6pMPI https://t.co/BW2KAvevhh,tο running out of time ειναι μια παγκοσμια διοργανωση με στοχο τη γνωση για το περιβαλλον,1
Κ. Σκρέκας: Στα 500 εκατ. ευρώ το όφελος από τις ανανεώσιμες πηγές ενέργειας εφέτος https://t.co/1aiorxGctZ,κ σκρεκασ στα εκατ ευρω το οφελοσ απο τισ ανανεωσιμεσ πηγεσ ενεργειασ εφετοσ,1
"Κλιματική αλλαγή: Σε κλοιό καύσωνα ο πλανήτης,
https://t.co/2RIMadqzOv,",κλιματικη αλλαγη σε κλοιο καυσωνα ο πλανητησ,1
"Σε κλοιό καύσωνα ο πλανήτης - Η κλιματική αλλαγή απειλεί εργαζόμενους, ενέργεια και επάρκεια τροφίμων - https://t.co/wsYUQWWcmh https://t.co/aPDaViqhMi",σε κλοιο καυσωνα ο πλανητησ η κλιματικη αλλαγη απειλει εργαζομενουσ ενεργεια και επαρκεια τροφιμων,1
"Δεν είναι οικονομικά βιώσιμη η μεταγραφή του Ρονάλντο από την Ατλέτικο, σύμφωνα με τη Marca https://t.co/CyAQu4VyAy",δεν ειναι οικονομικα βιωσιμη η μεταγραφη του ροναλντο απο την ατλετικο συμφωνα με τη marca,1
ΦΤΑΕΙ Η ΚΛΙΜΑΤΙΚΗ ΑΛΛΑΓΗ ΡΕ ΗΛΙΘΙΟΙ....ΑΛΛΑ ΕΛΑ ΠΟΥ ΔΕΝ ΜΑΣ ΒΓΑΙΝΕΙ ΤΟ ΓΑΜΗΜΕΝΟ ΠΑΡΑΜΥΘΙ.... https://t.co/vTJI5lulyj,φταει η κλιματικη αλλαγη ρε ηλιθιοιαλλα ελα που δεν μας βγαινει το γαμημενο παραμυθι,1
Φωτιές και καύσωνας «σαρώνουν» την Ευρώπη - «H κλιματική αλλαγή σκοτώνει» - https://t.co/UhldUxMknu https://t.co/3Iiz1CxdJs,φωτιεσ και καυσωνασ σαρωνουν την ευρωπη h κλιματικη αλλαγη σκοτωνει,1
RT @LykavitosGr: Φονικός κάυσωνας σαρώνει την Ευρώπη - Περισσότεροι από 1000 θάνατοι  #καύσωνας #Ευρώπη #κλιματική_αλλαγή https://t.co/Vs7t…,rt lykavitosgr φονικοσ καυσωνασ σαρωνει την ευρωπη περισσοτεροι απο θανατοι καυσωνασ ευρωπη κλιματικη_αλλαγη,1
RT @LykavitosGr: Φονικός κάυσωνας σαρώνει την Ευρώπη - Περισσότεροι από 1000 θάνατοι  #καύσωνας #Ευρώπη #κλιματική_αλλαγή https://t.co/Vs7t…,rt lykavitosgr φονικοσ καυσωνασ σαρωνει την ευρωπη περισσοτεροι απο θανατοι καυσωνασ ευρωπη κλιματικη_αλλαγη,1
Κλιματική κρίση: Η ανθρωπότητα οδηγείται προς «συλλογική αυτοκτονία» προειδοποιεί ο ΟΗΕ - https://t.co/LnBAoyySuU https://t.co/zu2YDlGL9M,κλιματικη κριση η ανθρωποτητα οδηγειται προσ συλλογικη αυτοκτονια προειδοποιει ο οηε,1
Κλιματική κρίση: Η ανθρωπότητα αντιμετωπίζει «συλλογική αυτοκτονία» προειδοποιεί ο Γκουτιέρες https://t.co/osU4n8YGVJ,κλιματικη κριση η ανθρωποτητα αντιμετωπιζει συλλογικη αυτοκτονια προειδοποιει ο γκουτιερεσ,1
Η κλιματική κρίση χτυπά με καύσωνα και δασικές πυρκαγιές μεγάλο μέρος της Ευρώπης https://t.co/muScxhyrCG,η κλιματικη κριση χτυπα με καυσωνα και δασικεσ πυρκαγιεσ μεγαλο μεροσ τησ ευρωπησ,1
RT @Moneypressgr: Κλιματική αλλαγή: Ο πλανήτης «λιώνει» από καύσωνες  #moneypress https://t.co/OPRfU2EYHB,rt moneypressgr κλιματικη αλλαγη ο πλανητησ λιωνει απο καυσωνεσ moneypress,1
Κλιματική αλλαγή: Ο πλανήτης «λιώνει» από καύσωνες  #moneypress https://t.co/OPRfU2EYHB,κλιματικη αλλαγη ο πλανητησ λιωνει απο καυσωνεσ moneypress,1
"Όλο και περισσότεροι άνθρωποι εξαρτώνται από τα #κλιματιστικά τα οποία καταναλώνουν μεγάλες ποσότητες ηλεκτρικής ενέργειας για τη δροσιά που παρέχουν, προκαλώντας ένα φαύλο κύκλο.
#Κλιματισμος #Καυσωνας #Περιβαλλον 

https://t.co/UNJpo6dBUq",ολο και περισσοτεροι ανθρωποι εξαρτωνται απο τα κλιματιστικα τα οποια καταναλωνουν μεγαλεσ ποσοτητεσ ηλεκτρικησ ενεργειασ για τη δροσια που παρεχουν προκαλωντασ ενα φαυλο κυκλο κλιματισμοσ καυσωνασ περιβαλλον,1
Ο Έλληνας νευροεπιστήμονας που χαρτογράφησε τον ανθρώπινο εγκέφαλο ζητά να εισακουστεί η επιστήμη στο περιβάλλον--https://t.co/bAs4jYWOTz,ο ελληνασ νευροεπιστημονασ που χαρτογραφησε τον ανθρωπινο εγκεφαλο ζητα να εισακουστει η επιστημη στο περιβαλλον,1
Και γιατί να λένε για τις φωτιές στην Κρήτη; Κούρασε η κατάσταση... άντε να τα κάψουμε όλα να ησυχάσουμε. Να έρθουμε μετά και οι επενδύσεις να γίνουμε πλούσιοι. Εξάλλου το περιβάλλον το έχουμε σώσει με τα χάρτινα καλαμάκια στον καφέ μας. Οπότε όλα θα πάνε καλά... https://t.co/csUCbewYq2,και γιατι να λενε για τισ φωτιεσ στην κρητη κουρασε η κατασταση αντε να τα καψουμε ολα να ησυχασουμε να ερθουμε μετα και οι επενδυσεισ να γινουμε πλουσιοι εξαλλου το περιβαλλον το εχουμε σωσει με τα χαρτινα καλαμακια στον καφε μασ οποτε ολα θα πανε καλα,1
"Ο πλανήτης μας, μπορεί να είναι βιώσιμος για εμάς, όσο δεν καταστρέφουμε τις ποικιλόμορφες δομές των έμβιων οργανισμών που τον συναποτελούν, ή με άλλα λόγια… όσο δεν καταστρέφουμε τη βιοποικιλότητα του.

https://t.co/at7oexM5Wd",ο πλανητησ μασ μπορει να ειναι βιωσιμοσ για εμασ οσο δεν καταστρεφουμε τισ ποικιλομορφεσ δομεσ των εμβιων οργανισμων που τον συναποτελουν η με αλλα λογια οσο δεν καταστρεφουμε τη βιοποικιλοτητα του,1
"Γ. Παξινός, ο επιστήμονας που χαρτογράφησε τον ανθρώπινο εγκέφαλο, στο @praktoreioFM: «Μακάρι να εισακουστεί η επιστήμη και στο περιβάλλον όπως έγινε με την πανδημία»
 
https://t.co/78x6L4QZ0U https://t.co/6sVIWZ7Dh4",γ παξινοσ ο επιστημονασ που χαρτογραφησε τον ανθρωπινο εγκεφαλο στο praktoreiofm μακαρι να εισακουστει η επιστημη και στο περιβαλλον οπωσ εγινε με την πανδημια,1
Η κλιματική κρίση έφερε Megafires και στην ευάλωτη Μεσόγειο - https://t.co/N0WOzIRVeZ https://t.co/jhFzeI3y1Z,η κλιματικη κριση εφερε megafires και στην ευαλωτη μεσογειο,1
"RT @LykavitosGr: Τεράστιες πυρκαγιές σε Γαλλία, Ισπανία και Πορτογαλία -Πιο ευάλωτη η Μεσόγειος στην κλιματική αλλαγή  #φωτιά #καταστροφικέ…",rt lykavitosgr τεραστιεσ πυρκαγιεσ σε γαλλια ισπανια και πορτογαλια πιο ευαλωτη η μεσογειοσ στην κλιματικη αλλαγη φωτια καταστροφικε,1
"RT @LykavitosGr: Τεράστιες πυρκαγιές σε Γαλλία, Ισπανία και Πορτογαλία -Πιο ευάλωτη η Μεσόγειος στην κλιματική αλλαγή  #φωτιά #καταστροφικέ…",rt lykavitosgr τεραστιεσ πυρκαγιεσ σε γαλλια ισπανια και πορτογαλια πιο ευαλωτη η μεσογειοσ στην κλιματικη αλλαγη φωτια καταστροφικε,1
"Σε χθεσινή του ανάρτηση στο Twitter ο Αρχιεπίσκοπος Αμερικής εξέφρασε την ανησυχία του για την κλιματική κρίση, με αφορμή τις ασυνήθιστα υψηλές θερμοκρασίες και τις πυρκαγιές που μένονται αυτή τη στιγμή σε πολλές ευρωπαϊκές χώρες via @OrthodoxtimesGr https://t.co/agsEOUgPfk",σε χθεσινη του αναρτηση στο twitter ο αρχιεπισκοποσ αμερικησ εξεφρασε την ανησυχια του για την κλιματικη κριση με αφορμη τισ ασυνηθιστα υψηλεσ θερμοκρασιεσ και τισ πυρκαγιεσ που μενονται αυτη τη στιγμη σε πολλεσ ευρωπαϊκεσ χωρεσ via orthodoxtimesgr,1
ΦΤΑΙΕΙ Η ΚΛΙΜΑΤΙΚΗ ΑΛΛΑΓΗ ΜΑΣ ΛΕΕΙ Η ΨΥΧΟΠΑΘΗΣ ΓΚΡΕΤΑ....ΚΑΙ ΟΧΙ ΤΑ ΕΒΡΑΙΟΑΡΧΙΔΙΑ ΤΟΥ ΟΗΕ.... https://t.co/A6LDx6eaWh,φταιει η κλιματικη αλλαγη μας λεει η ψυχοπαθης γκρετακαι οχι τα εβραιοαρχιδια του οηε,1
"Κλιματική κρίση, το νέο σανό σε οικογενειακή συσκευασία για να χορταίνουν όλα τα πρόβατα.",κλιματικη κριση το νεο σανο σε οικογενειακη συσκευασια για να χορταινουν ολα τα προβατα,1
"@AthanDim Δηλαδή οι νοσηλευτικοί, πυροσβέστες και οι δάσκαλοι είναι αυτοί που μας σκίσουν με τους φόρους.
Καμιά ομπρέλα να κρατάμε παιδιά γιατί η κλιματική κρίση βαράει εγκέφαλο.",athandim δηλαδη οι νοσηλευτικοι πυροσβεστεσ και οι δασκαλοι ειναι αυτοι που μασ σκισουν με τουσ φορουσ καμια ομπρελα να κραταμε παιδια γιατι η κλιματικη κριση βαραει εγκεφαλο,1
Νικητιάδης απο Αστυπάλαια: Η βιώσιμη ανάπτυξη σημαντικό εργαλείο για τον τουρισμό #Δημοκρατική #Ρόδος #Δωδεκάνησα https://t.co/ROXq2QtJqH,νικητιαδησ απο αστυπαλαια η βιωσιμη αναπτυξη σημαντικο εργαλειο για τον τουρισμο δημοκρατικη ροδοσ δωδεκανησα,1
Τελικά δεν ευθύνεται η... κλιματική αλλαγή: Πεντέλη - Βίντεο ντοκουμέντο με τον μαυροφορεμένο εμπρηστή https://t.co/jPHp80jZef,τελικα δεν ευθυνεται η κλιματικη αλλαγη πεντελη βιντεο ντοκουμεντο με τον μαυροφορεμενο εμπρηστη,1
"Η κλιματική αλλαγή διαφαίνεται σε όλο της το μεγαλείο το τελευταίο διάστημα. Από τον αλλόκοτο καιρό στη χώρα μας με αέρα να φυσάει για πολλές ημέρες σερί, μέχρι τον πανευρωπαϊκό και όχι μόνο καύσωνα.

#hernewsgr 

https://t.co/E7Mnk11lro",η κλιματικη αλλαγη διαφαινεται σε ολο τησ το μεγαλειο το τελευταιο διαστημα απο τον αλλοκοτο καιρο στη χωρα μασ με αερα να φυσαει για πολλεσ ημερεσ σερι μεχρι τον πανευρωπαϊκο και οχι μονο καυσωνα hernewsgr,1
"#Καύσωνες 💥 διαρκείας, #πυρκαγιές 🔥 και #κλιματική_αλλαγή: Σήμα κινδύνου από ειδικούς για μια νέα πραγματικότητα
https://t.co/Kqt3yCMmWP",καυσωνεσ διαρκειασ πυρκαγιεσ και κλιματικη_αλλαγη σημα κινδυνου απο ειδικουσ για μια νεα πραγματικοτητα,1
RT @pigofwar77: Η κλιματική αλλαγή με πόδια... https://t.co/V4gAKoOsxS,rt pigofwar η κλιματικη αλλαγη με ποδια,1
"«Αυτό που περιμένουμε από την κλιματική αλλαγή είναι οι μεγάλης διάρκειας, πιο “άγριοι” καύσωνες, με τους οποίους πρέπει να μάθουμε πλέον να ζούμε» επισήμανε ο μετεωρολόγος. https://t.co/iZTdYQmnrS",αυτο που περιμενουμε απο την κλιματικη αλλαγη ειναι οι μεγαλησ διαρκειασ πιο αγριοι καυσωνεσ με τουσ οποιουσ πρεπει να μαθουμε πλεον να ζουμε επισημανε ο μετεωρολογοσ,1
Ρύπανση: Πώς ο καθαρός αέρας επιδεινώνει την κλιματική αλλαγή https://t.co/OHoYSnNzE0,ρυπανση πωσ ο καθαροσ αερασ επιδεινωνει την κλιματικη αλλαγη,1
Κλιματική αλλαγή – Μπάιντεν: Υπαρξιακή απειλή για τον κόσμο – Αναγκαία τα μέτρα https://t.co/qYiRLU4RSc,κλιματικη αλλαγη μπαιντεν υπαρξιακη απειλη για τον κοσμο αναγκαια τα μετρα,1
RT @pigofwar77: Η κλιματική αλλαγή με πόδια... https://t.co/V4gAKoOsxS,rt pigofwar η κλιματικη αλλαγη με ποδια,1
"Το φαινόμενο της τροπικής νύχτας και πως συνδέεται με την κλιματική κρίση που μαστίζει
#alphanewslive #cyprus
https://t.co/A1EN1QzJfP",το φαινομενο τησ τροπικησ νυχτασ και πωσ συνδεεται με την κλιματικη κριση που μαστιζει alphanewslive cyprus,1
Κλιματική αλλαγή: Δυσοίωνες οι προβλέψεις των επιστημόνων για το μέλλον--https://t.co/KwSES1eAHz,κλιματικη αλλαγη δυσοιωνεσ οι προβλεψεισ των επιστημονων για το μελλον,1
Κλιματική αλλαγή: Θα τριπλασιαστούν οι θερμές ημέρες στην Ελλάδα - https://t.co/o7E8v3VBFc https://t.co/F1QHWtCOla,κλιματικη αλλαγη θα τριπλασιαστουν οι θερμεσ ημερεσ στην ελλαδα,1
Η κλιματική αλλαγή είναι εδώ: Δυσοίωνες προβλέψεις από επιστήμονες για το μέλλον https://t.co/6X0jbEWdYk,η κλιματικη αλλαγη ειναι εδω δυσοιωνεσ προβλεψεισ απο επιστημονεσ για το μελλον,1
Δυσοίωνες οι προβλέψεις ειδικών για την κλιματική αλλαγή – Θα τριπλασιαστούν οι θερμές ημέρες στην Ελλάδα https://t.co/RcEQU7GDIl #ΕΥΡΩΠΗ #ΘΕΡΜΟΚΡΑΣΙΕΣ #ΘΟΔΩΡΗΣΓΙΑΝΝΑΡΟΣ #ΚΑΥΣΩΝΑΣ,δυσοιωνεσ οι προβλεψεισ ειδικων για την κλιματικη αλλαγη θα τριπλασιαστουν οι θερμεσ ημερεσ στην ελλαδα ευρωπη θερμοκρασιες θοδωρησγιανναρος καυσωνας,1
"Η κλιματική αλλαγή είναι εδώ – Δυσοίωνες οι προβλέψεις των επιστημόνων για το μέλλον

#hernewsgr #κλιματικη #αλλαγη #κλιμα

https://t.co/VasJ6kGXjO",η κλιματικη αλλαγη ειναι εδω δυσοιωνεσ οι προβλεψεισ των επιστημονων για το μελλον hernewsgr κλιματικη αλλαγη κλιμα,1
Κλιματική αλλαγή: Θα τριπλασιαστούν οι θερμές ημέρες στην Ελλάδα – Δυσοίωνες οι προβλέψεις https://t.co/eFHE7M1job,κλιματικη αλλαγη θα τριπλασιαστουν οι θερμεσ ημερεσ στην ελλαδα δυσοιωνεσ οι προβλεψεισ,1
Η κλιματική αλλαγή χτυπάει την Ελλάδα – Θα τριπλασιαστούν οι θερμές ημέρες https://t.co/J3W9NBRvv8,η κλιματικη αλλαγη χτυπαει την ελλαδα θα τριπλασιαστουν οι θερμεσ ημερεσ,1
Κλιματική αλλαγή: Δυσοίωνη πρόβλεψη για τριπλασιασμό των «θερμών ημερών» στην Ελλάδα! - Documento https://t.co/ybF6Vqzv41,κλιματικη αλλαγη δυσοιωνη προβλεψη για τριπλασιασμο των θερμων ημερων στην ελλαδα documento,1
Η κλιματική αλλαγή χτυπάει την Ελλάδα – Θα τριπλασιαστούν οι θερμές ημέρες – Δυσοίωνες οι προβλέψεις https://t.co/W4LPzFQOPo,η κλιματικη αλλαγη χτυπαει την ελλαδα θα τριπλασιαστουν οι θερμεσ ημερεσ δυσοιωνεσ οι προβλεψεισ,1
Bentley: Καθόλου πλαστικό στο περιβάλλον! - mononews #mononewsGR https://t.co/ZIF8xK5C9R,bentley καθολου πλαστικο στο περιβαλλον mononews mononewsgr,1
Κλιματική αλλαγή: Δυσοίωνες οι προβλέψεις των επιστημόνων για το μέλλον - https://t.co/dM6ua0rVpw https://t.co/JJpJvc0Yw4,κλιματικη αλλαγη δυσοιωνεσ οι προβλεψεισ των επιστημονων για το μελλον,1
"Η κλιματική αλλαγή είναι εδώ 

Δυσοίωνες οι προβλέψεις των επιστημόνων για το μέλλον

https://t.co/59PmPrXgQ7  

#ClimateCrisis #ClimateChange",η κλιματικη αλλαγη ειναι εδω δυσοιωνεσ οι προβλεψεισ των επιστημονων για το μελλον climatecrisis climatechange,1
"Η κλιματική αλλαγή κοινός παρονομαστής για τους καύσωνες, τις πυρκαγιές και τις πλημμύρες σε Ελλάδα, Γαλλία, Ισπανία και Πορτογαλία https://t.co/cemWTSkkeX",η κλιματικη αλλαγη κοινοσ παρονομαστησ για τουσ καυσωνεσ τισ πυρκαγιεσ και τισ πλημμυρεσ σε ελλαδα γαλλια ισπανια και πορτογαλια,1
"Τα στοιχεία για τους καύσωνες, τις πυρκαγιές και τις πλημμύρες είναι πλέον τόσο συντριπτικά που δεν αφήνουν κανένα περιθώριο αμφιβολίας σχετικά με την κλιματική κρίση. Οι πυρκαγιές στην Ελλάδα, όπως και οι πυρκαγιές σε Ισπανία, Γαλλία και Πορτογαλία

https://t.co/sSuHrRETYP",τα στοιχεια για τουσ καυσωνεσ τισ πυρκαγιεσ και τισ πλημμυρεσ ειναι πλεον τοσο συντριπτικα που δεν αφηνουν κανενα περιθωριο αμφιβολιασ σχετικα με την κλιματικη κριση οι πυρκαγιεσ στην ελλαδα οπωσ και οι πυρκαγιεσ σε ισπανια γαλλια και πορτογαλια,1
Αείλανθος: Ένα παρεξηγημένο δέντρο με ισχυρά πλεονεκτήματα για το περιβάλλον! https://t.co/kltXCop5VR,αειλανθοσ ενα παρεξηγημενο δεντρο με ισχυρα πλεονεκτηματα για το περιβαλλον,1
"Σε πολιτική και οικονομική αυτοκτονία οδηγούν την Ευρώπη οι κυρώσεις κατά Ρωσίας, η πράσινη ενέργεια και τα μέτρα για covid https://t.co/So6s5z0O9U",σε πολιτικη και οικονομικη αυτοκτονια οδηγουν την ευρωπη οι κυρωσεισ κατα ρωσιασ η πρασινη ενεργεια και τα μετρα για covid,1
Η κλιματική αλλαγή είναι εδώ - Δυσοίωνες οι προβλέψεις των επιστημόνων για το μέλλον - https://t.co/X93Vg0OIzg https://t.co/QMh1iIxT89,η κλιματικη αλλαγη ειναι εδω δυσοιωνεσ οι προβλεψεισ των επιστημονων για το μελλον,1
"Κλιματική αλλαγή: Ανάσα στις «πράσινες ταράτσες» αναζητούν οι πολίτες, σύμφωνα με έρευνα--https://t.co/KdlF2xGd7J",κλιματικη αλλαγη ανασα στισ πρασινεσ ταρατσεσ αναζητουν οι πολιτεσ συμφωνα με ερευνα,1
Πέντε τρόποι για να «επιβιώσετε» σε ένα τοξικό εργασιακό περιβάλλον https://t.co/pPXJFbIFqo,πεντε τροποι για να επιβιωσετε σε ενα τοξικο εργασιακο περιβαλλον,1
"Σε πολιτική και οικονομική αυτοκτονία οδηγούν την Ευρώπη οι κυρώσεις κατά Ρωσίας, η πράσινη ενέργεια και τα μέτρα για covid https://t.co/s36AXRhTa7",σε πολιτικη και οικονομικη αυτοκτονια οδηγουν την ευρωπη οι κυρωσεισ κατα ρωσιασ η πρασινη ενεργεια και τα μετρα για covid,1
"RT @GiorgosKyrtsos: Η Ελλάδα φλέγεται και ο Μητσοτάκης που είχε τις «λύσεις» απλά χαμογελάει..
Επί Τσίπρα απέδιδε τις καταστροφές στα λάθη…",rt giorgoskyrtsos η ελλαδα φλεγεται και ο μητσοτακησ που ειχε τισ λυσεισ απλα χαμογελαει επι τσιπρα απεδιδε τισ καταστροφεσ στα λαθη,1
Πέντε τρόποι για να «επιβιώσετε» σε ένα τοξικό εργασιακό περιβάλλον https://t.co/wVjJjJOIgK,πεντε τροποι για να επιβιωσετε σε ενα τοξικο εργασιακο περιβαλλον,1
"Σε πολιτική και οικονομική αυτοκτονία οδηγούν την Ευρώπη οι κυρώσεις κατά Ρωσίας, η πράσινη ενέργεια και τα μέτρα για covid https://t.co/KSCKj2Zwf6",σε πολιτικη και οικονομικη αυτοκτονια οδηγουν την ευρωπη οι κυρωσεισ κατα ρωσιασ η πρασινη ενεργεια και τα μετρα για covid,1
"@Arkadios_Voskos Τα ψέκια το φωνάζουμε εδώ και 2 χρόνια ότι θα μας φορτώσουν κλιματική κρίση και πράσινα λοκντάουνς, αλλά μας λένε ψέκια... 😂",arkadios_voskos τα ψεκια το φωναζουμε εδω και χρονια οτι θα μασ φορτωσουν κλιματικη κριση και πρασινα λοκνταουνσ αλλα μασ λενε ψεκια,1
@dennis1232123 Το ανησυχητικό δεν είναι ότι πλασάρουν την κλιματική αλλαγή ως αιτία για πάσα νόσο και για πάσα μαλακία. Το ανησυχητικό είναι ότι ο κόσμος το πιστεύει.,dennis το ανησυχητικο δεν ειναι οτι πλασαρουν την κλιματικη αλλαγη ωσ αιτια για πασα νοσο και για πασα μαλακια το ανησυχητικο ειναι οτι ο κοσμοσ το πιστευει,1
"Ποσειδώνια: Κορυφαία επιτεύγματα σε Κοινωνία, Οικονομία, Υγεία &amp; Περιβάλλον - mononews #mononewsGR https://t.co/7WBQmeIEqW",ποσειδωνια κορυφαια επιτευγματα σε κοινωνια οικονομια υγεια amp περιβαλλον mononews mononewsgr,1
Δράση παράκτιου και υποβρύχιου καθαρισμού του βυθού από το Neptune Hotels που διαδίδει τον εθελοντισμό και την αγάπη για το περιβάλλον https://t.co/PeCrY2GYCy via @aegeanews,δραση παρακτιου και υποβρυχιου καθαρισμου του βυθου απο το neptune hotels που διαδιδει τον εθελοντισμο και την αγαπη για το περιβαλλον via aegeanews,1
Ν. Χαραλαμπίδης: «Η κανονικότητα όπως την ξέραμε δεν θα έρθει ξανά- Παρούσα η κλιματική κρίση» https://t.co/hxA9N6Ojps,ν χαραλαμπιδησ η κανονικοτητα οπωσ την ξεραμε δεν θα ερθει ξανα παρουσα η κλιματικη κριση,1
Υψηλός κίνδυνος πυρκαγιάς σήμερα για Αττική και Στερεά Ελλάδα - https://t.co/8YAoX7TWVR #Αττική #ΠεριφέρειαΣτερεάςΕλλάδος #Περιβάλλον #Ροή,υψηλοσ κινδυνοσ πυρκαγιασ σημερα για αττικη και στερεα ελλαδα αττικη περιφερειαστερεασελλαδοσ περιβαλλον ροη,1
RT @La_Kappa_: Η συνεχής επίκληση στην κλιματική αλλαγή καταντάει χυδαία γιατί αν ήταν ειλικρινής θα αποτελούσε αφορμή για περισσότερα μέτρ…,rt la_kappa_ η συνεχησ επικληση στην κλιματικη αλλαγη κατανταει χυδαια γιατι αν ηταν ειλικρινησ θα αποτελουσε αφορμη για περισσοτερα μετρ,1
"Έστειλε το δικό της μήνυμα ελευθερίας που προσφέρει η επαφή με το φυσικό περιβάλλον

#znews #Ρενεση #Γαυδος https://t.co/KCmnCn2c0a",εστειλε το δικο τησ μηνυμα ελευθεριασ που προσφερει η επαφη με το φυσικο περιβαλλον znews ρενεση γαυδοσ,1
Θανάσης Καραΐσκος: Ναυάγιο | Ναι στον δρόμο διαφυγής αλλά να γίνει νόμιμα με λογικό κόστος και να συνάδει με το περιβάλλον της περιοχής https://t.co/N4inRHIUWa,θανασησ καραΐσκοσ ναυαγιο ναι στον δρομο διαφυγησ αλλα να γινει νομιμα με λογικο κοστοσ και να συναδει με το περιβαλλον τησ περιοχησ,1
Η Ευρώπη απροετοίμαστη μπροστά στην κλιματική αλλαγή https://t.co/YzOgKNT1PS,η ευρωπη απροετοιμαστη μπροστα στην κλιματικη αλλαγη,1
Άκουσον-άκουσον! Απαγορεύουν σε αρχαιολόγους να ξεχωρίζουν σκελετούς σε αρσενικούς και θηλυκούς  https://t.co/XBIJ1YYtNH Μάλλον η “κλιματική” αλλαγή έχει επηρεάσει το μυαλό ορισμένων και τίποτε άλλο.,ακουσονακουσον απαγορευουν σε αρχαιολογουσ να ξεχωριζουν σκελετουσ σε αρσενικουσ και θηλυκουσ μαλλον η κλιματικη αλλαγη εχει επηρεασει το μυαλο ορισμενων και τιποτε αλλο,1
"Κλιματική αλλαγή: Το λιώσιμο παγετώνα μετατοπίζει τα… σύνορα μεταξύ Ελβετίας και Ιταλίας #ClimateCrisis #Italy #Switzerland 
https://t.co/z2r0wdVskN",κλιματικη αλλαγη το λιωσιμο παγετωνα μετατοπιζει τα συνορα μεταξυ ελβετιασ και ιταλιασ climatecrisis italy switzerland,1
Τζουμέρκα: Προτείνοντας λύσεις για την κλιματική κρίση και την (ενεργειακή) φτώχεια - https://t.co/ReBuf9YW26 https://t.co/CLG0J7mJRw,τζουμερκα προτεινοντασ λυσεισ για την κλιματικη κριση και την ενεργειακη φτωχεια,1
«Πράσινη» ενέργεια με τη βοήθεια του ανέμου: Πώς γίνεται η παραγωγή αιολικής ενέργειας - https://t.co/II2OPKMfno https://t.co/TJZKytyowP,πρασινη ενεργεια με τη βοηθεια του ανεμου πωσ γινεται η παραγωγη αιολικησ ενεργειασ,1
RT @LykavitosGr: Γιατί η Ευρώπη απροετοίμαστη μπροστά στην Κλιματική Αλλαγή  #Ευρώπη #κλιματική_αλλαγή https://t.co/uFOxt8zN8y,rt lykavitosgr γιατι η ευρωπη απροετοιμαστη μπροστα στην κλιματικη αλλαγη ευρωπη κλιματικη_αλλαγη,1
RT @LykavitosGr: Γιατί η Ευρώπη απροετοίμαστη μπροστά στην Κλιματική Αλλαγή  #Ευρώπη #κλιματική_αλλαγή https://t.co/uFOxt8zN8y,rt lykavitosgr γιατι η ευρωπη απροετοιμαστη μπροστα στην κλιματικη αλλαγη ευρωπη κλιματικη_αλλαγη,1
"Δημητριάδος Ιγνάτιος: «Καταστρέψαμε το περιβάλλον, διαστρέψαμε την φύση» https://t.co/GXcFNjoGkv",δημητριαδοσ ιγνατιοσ καταστρεψαμε το περιβαλλον διαστρεψαμε την φυση,1
"RT @Sylvestra_Jsc: Κοίτα ρε παιδάκι μου τι κάνει η Κλιματική Αλλαγή. Στις 27 Ιουλίου 1965 είχαμε 45,4 βαθμούς υπό σκιάν και δεν κάηκε τίποτ…",rt sylvestra_jsc κοιτα ρε παιδακι μου τι κανει η κλιματικη αλλαγη στισ ιουλιου ειχαμε βαθμουσ υπο σκιαν και δεν καηκε τιποτ,1
Πέθανε ο Τζέιμς Λάβλοκ – Ο επιστήμονας που προέβλεψε την κλιματική κρίση https://t.co/ja5iYNBtwd,πεθανε ο τζειμσ λαβλοκ ο επιστημονασ που προεβλεψε την κλιματικη κριση,1
Καλλιέργειες: Ανησυχία προκαλεί η εμφάνιση του πολυφάγου λεπιδόπτερου Loxostege sticticalis https://t.co/y1UIMkANyr,καλλιεργειεσ ανησυχια προκαλει η εμφανιση του πολυφαγου λεπιδοπτερου loxostege sticticalis,1
"RT @Sylvestra_Jsc: Κοίτα ρε παιδάκι μου τι κάνει η Κλιματική Αλλαγή. Στις 27 Ιουλίου 1965 είχαμε 45,4 βαθμούς υπό σκιάν και δεν κάηκε τίποτ…",rt sylvestra_jsc κοιτα ρε παιδακι μου τι κανει η κλιματικη αλλαγη στισ ιουλιου ειχαμε βαθμουσ υπο σκιαν και δεν καηκε τιποτ,1
"@malatesticles1 Εδώ, στη βεράντα συζητάμε για την κλιματική κρίση με εναν αρειανό που κατέβηκε μόλις.",malatesticles εδω στη βεραντα συζηταμε για την κλιματικη κριση με εναν αρειανο που κατεβηκε μολισ,1
Tα 12 σημεία-παραλίες στην Αττική που απαγορεύεται το κολύμπι https://t.co/HB9lweMEat,tα σημειαπαραλιεσ στην αττικη που απαγορευεται το κολυμπι,1
Κέλλας σε Αμυρά - Αραβώση: Προστατέψτε το περιβάλλον και τη δημόσια υγεία στον Πλαταμώνα και την ευρύτερη περιοχή ⋆ TirnavosPress https://t.co/SYSLT0unVz @kellas_xristos,κελλασ σε αμυρα αραβωση προστατεψτε το περιβαλλον και τη δημοσια υγεια στον πλαταμωνα και την ευρυτερη περιοχη tirnavospress kellas_xristos,1
"Να τα εκατοστήσει με υγεία ο Αλέξης! 103 ετών πέθανε ο Τζέιμς Λάβλοκ, ο επιστήμονας που διατύπωσε την “Θεωρία της Γαίας” και πρόβλεψε την κλιματική κρίση. Τρωγλοδύτες στην σελήνη; Γιατί όχι; Άμα εδώ την κάνουμε – τη Γη – σαν τα μούτρα μας, δηλαδή χάλια; https://t.co/Se9CYyQf2r",να τα εκατοστησει με υγεια ο αλεξησ ετων πεθανε ο τζειμσ λαβλοκ ο επιστημονασ που διατυπωσε την θεωρια τησ γαιασ και προβλεψε την κλιματικη κριση τρωγλοδυτεσ στην σεληνη γιατι οχι αμα εδω την κανουμε τη γη σαν τα μουτρα μασ δηλαδη χαλια,1
Κλιματική αλλαγή: Αλλάζουν οι πυρκαγιές στην Ευρώπη και ειδικότερα στην Μεσόγειο https://t.co/zmXfK5xclx,κλιματικη αλλαγη αλλαζουν οι πυρκαγιεσ στην ευρωπη και ειδικοτερα στην μεσογειο,1
Τσακίρης: «Έρχονται προγράμματα του ΕΣΠΑ για την ενέργεια και την κλιματική αλλαγή» - mononews #mononewsGR https://t.co/uMw6VCOedn,τσακιρησ ερχονται προγραμματα του εσπα για την ενεργεια και την κλιματικη αλλαγη mononews mononewsgr,1
Κέλλας σε Αμυρά - Αραβώση: Προστατέψτε το περιβάλλον και τη δημόσια υγεία στον Πλαταμώνακαι την ευρύτερη περιοχή https://t.co/NbTCt84gdf,κελλασ σε αμυρα αραβωση προστατεψτε το περιβαλλον και τη δημοσια υγεια στον πλαταμωνακαι την ευρυτερη περιοχη,1
Κέλλας σε Αμυρά - Αραβώση: Προστατέψτε το περιβάλλον και τη δημόσια υγεία στον Πλαταμώνα και την ευρύτερη περιοχή - LarissaPress https://t.co/sWYjyuux0C,κελλασ σε αμυρα αραβωση προστατεψτε το περιβαλλον και τη δημοσια υγεια στον πλαταμωνα και την ευρυτερη περιοχη larissapress,1
Η κλιματική κρίση «αλλάζει» τις πυρκαγιές σε Ευρώπη και ειδικότερα στην Μεσόγειο - https://t.co/eiOPQNSsIs https://t.co/e20040oVwa  #Ευρώπη #ΚλιματικήΑλλαγή #ΚλιματικήΚρίση #Μεσόγειος #Πυρκαγιές,η κλιματικη κριση αλλαζει τισ πυρκαγιεσ σε ευρωπη και ειδικοτερα στην μεσογειο ευρωπη κλιματικηαλλαγη κλιματικηκριση μεσογειοσ πυρκαγιεσ,1
Κλιματική κρίση: «Άλλαξαν» οι πυρκαγιές στην Ευρώπη https://t.co/YfdfZz8Mjc #Πολεμος_στην_Ουκρανια #survivorGR #πολιτικη #πανδημια #greece,κλιματικη κριση αλλαξαν οι πυρκαγιεσ στην ευρωπη πολεμοσ_στην_ουκρανια survivorgr πολιτικη πανδημια greece,1
Προγράμματα του ΕΣΠΑ για την ενέργεια και την κλιματική αλλαγή προαναγγέλλει ο Τσακίρης https://t.co/LFpDkzy6nA,προγραμματα του εσπα για την ενεργεια και την κλιματικη αλλαγη προαναγγελλει ο τσακιρησ,1
Βουλή: Ψηφίζεται απόψε το πολυνομοσχέδιο για το περιβάλλον – Καταψηφίζει η αντιπολίτευση https://t.co/NrIjcwj2ng,βουλη ψηφιζεται αποψε το πολυνομοσχεδιο για το περιβαλλον καταψηφιζει η αντιπολιτευση,1
"#Βουλή

Ψηφίζεται απόψε από την Ολομέλεια το πολυνομοσχέδιο για το περιβάλλον 

Καταψηφίζει η αντιπολίτευση

https://t.co/Uugf76G48e https://t.co/e3ULBKF8dr",βουλη ψηφιζεται αποψε απο την ολομελεια το πολυνομοσχεδιο για το περιβαλλον καταψηφιζει η αντιπολιτευση,1
Κλιματική αλλαγή: Αλλάζουν οι πυρκαγιές στην Ευρώπη | Ειδήσεις – νέα – Το Βήμα Online https://t.co/SOmdsyK2FD,κλιματικη αλλαγη αλλαζουν οι πυρκαγιεσ στην ευρωπη ειδησεισ νεα το βημα online,1
Ο Δρ. Σταύρος Σολωμός εξηγεί την επιστήμη πίσω από την κλιματική αλλαγή - https://t.co/5ibD0hTvNg https://t.co/5jly0PzOqx,ο δρ σταυροσ σολωμοσ εξηγει την επιστημη πισω απο την κλιματικη αλλαγη,1
"Κλιματική κρίση: Βήχει καπνούς η Γη από τις φωτιές – Χάνονται δάση, η τελευταία ανθρώπινη καταφυγή--https://t.co/6lZBKegWSQ",κλιματικη κριση βηχει καπνουσ η γη απο τισ φωτιεσ χανονται δαση η τελευταια ανθρωπινη καταφυγη,1
Βουλή: Ψηφίστηκε το περιβαλλοντικό ν/σ- Αποσύρθηκαν οι διατάξεις για τις περιοχές Natura - https://t.co/eiOPQNSsIs https://t.co/2PyjHgPsyj #Βουλή #νομοσχέδιο #περιβάλλον #Natura,βουλη ψηφιστηκε το περιβαλλοντικο νσ αποσυρθηκαν οι διαταξεισ για τισ περιοχεσ natura βουλη νομοσχεδιο περιβαλλον natura,1
"Ο Μπιλ Γκέιτς θέλει να συμβάλλει στην καλυτέρευση των συνθηκών που επικρατούν στο περιβάλλον. Γι’ αυτό επένδυσε 20 δις εκατομμύρια δολάρια σε κλιματιστικά που δεν θα καίνε ρεύμα.

#hernewsgr 

https://t.co/EtofKoLZQC",ο μπιλ γκειτσ θελει να συμβαλλει στην καλυτερευση των συνθηκων που επικρατουν στο περιβαλλον γι αυτο επενδυσε δισ εκατομμυρια δολαρια σε κλιματιστικα που δεν θα καινε ρευμα hernewsgr,1
Εκδήλωση του Κοινού των Μαγνήτων για την κλιματική κρίση https://t.co/MguaHd4tIg,εκδηλωση του κοινου των μαγνητων για την κλιματικη κριση,1
ΚΛΙΜΑΤΙΚΗ ΑΛΛΑΓΗ? ΧΑΡΑΣΟ....ΝΑΖΝΤΡΟΒΙΑ.... https://t.co/dqSITnEgEs,κλιματικη αλλαγη χαρασοναζντροβια,1
ΕΙΝΑΙ Η ΚΛΙΜΑΤΙΚΗ ΑΛΛΑΓΗ ΡΕ ΠΡΟΒΑΤΟ!!!....ΜΠΕΕΕΕΕΕΕΕΕΕΕΕ..... https://t.co/X8x1WYB0ag,ειναι η κλιματικη αλλαγη ρε προβατομπεεεεεεεεεεεε,1
Εκδήλωση του «Κοινού των Μαγνήτων» στον Βόλο για την κλιματική κρίση https://t.co/MquRfQgYSn,εκδηλωση του κοινου των μαγνητων στον βολο για την κλιματικη κριση,1
RT @u_know_n0th1ng: Να σημειωθεί παρακαλώ πολύ ότι εμείς τα #ψεκια που σας έχουμε ήδη προειδοποιησει για αυτο που συμβαίνει τώρα με τις παρ…,rt u_know_nthng να σημειωθει παρακαλω πολυ οτι εμεισ τα ψεκια που σασ εχουμε ηδη προειδοποιησει για αυτο που συμβαινει τωρα με τισ παρ,1
120μ. μέσα σε βουνό: Η καλύτερα φρουρούμενη τράπεζα στον κόσμο κρύβει την τελευταία ελπίδα της ανθρωπότητας https://t.co/mt6NfF4IF3 #ΚΟΣΜΟΣ #ΠΕΡΙΒΑΛΛΟΝ #ΦΥΤΑ https://t.co/mTskwTJMaC,μ μεσα σε βουνο η καλυτερα φρουρουμενη τραπεζα στον κοσμο κρυβει την τελευταια ελπιδα τησ ανθρωποτητασ κοσμος περιβαλλον φυτα,1
Γεωργία: Πυρκαγιές και κλιματική αλλαγή απειλούν τα παρθένα δάση της χώρας https://t.co/c1uQ2bPY6V,γεωργια πυρκαγιεσ και κλιματικη αλλαγη απειλουν τα παρθενα δαση τησ χωρασ,1
"Πωλήσεις που σημείωσαν ρεκόρ δεκαετίας, αλλά και ανησυχία για το επιβαρυμμένο οικονομικό περιβάλλον εξαιτίας των πληθωριστικών πιέσεων και των ανατιμήσεων, είναι τα βασικά συμπεράσματα της 8ης ετήσιαςέκθεσης Υδατοκαλλιέργειας, που εκδόθηκε φέτος από

https://t.co/WB3OJ03yPn https://t.co/xTR7ADaZ5w",πωλησεισ που σημειωσαν ρεκορ δεκαετιασ αλλα και ανησυχια για το επιβαρυμμενο οικονομικο περιβαλλον εξαιτιασ των πληθωριστικων πιεσεων και των ανατιμησεων ειναι τα βασικα συμπερασματα τησ ησ ετησιασεκθεσησ υδατοκαλλιεργειασ που εκδοθηκε φετοσ απο,1
"Έρευνα: Πώς η κλιματική αλλαγή αυξάνει την έμφυλη βία,
https://t.co/lD0tc1x3Nb,",ερευνα πωσ η κλιματικη αλλαγη αυξανει την εμφυλη βια,1
Ζερεφός για κλιματική αλλαγή: Αύξηση μέσης θερμοκρασίας και μείωση βροχοπτώσεων στην Ελλάδα #Δημοκρατική #Ρόδος #Δωδεκάνησα https://t.co/I3KBKvlhRQ,ζερεφοσ για κλιματικη αλλαγη αυξηση μεσησ θερμοκρασιασ και μειωση βροχοπτωσεων στην ελλαδα δημοκρατικη ροδοσ δωδεκανησα,1
"Τι φταίει τελικά; Η κλιματική κρίση; Οι ελλιπείς καθαρισμοί των δασικών εκτάσεων; Οι εμπρησμοί ή η ανθρώπινη αμέλεια; Ή μήπως τελικά ένα κοκτέιλ των παραπάνω;
#φωτια 

https://t.co/keCuS1UfKg",τι φταιει τελικα η κλιματικη κριση οι ελλιπεισ καθαρισμοι των δασικων εκτασεων οι εμπρησμοι η η ανθρωπινη αμελεια η μηπωσ τελικα ενα κοκτειλ των παραπανω φωτια,1
"«Οι πυρκαγιές είναι πανευρωπαϊκό, αλλά και παγκόσμιο φαινόμενο, που σχετίζεται με την κλιματική κρίση. Γινόμαστε μάρτυρες πυρκαγιών ακόμα και στη Σιβηρία, αλλά και σε άλλα ""απίθανα"" μέρη. Η αιτία είναι η μείωση της σχετικής υγρασίας του εδάφους

https://t.co/QyNmHGeVae",οι πυρκαγιεσ ειναι πανευρωπαϊκο αλλα και παγκοσμιο φαινομενο που σχετιζεται με την κλιματικη κριση γινομαστε μαρτυρεσ πυρκαγιων ακομα και στη σιβηρια αλλα και σε αλλα απιθανα μερη η αιτια ειναι η μειωση τησ σχετικησ υγρασιασ του εδαφουσ,1
Κλιματική αλλαγή: Στα χαρτιά οι υποσχέσεις για οικονομική βοήθεια στις ευάλωτες χώρες - https://t.co/7mAeMytfEw https://t.co/Gr5EnsrESp,κλιματικη αλλαγη στα χαρτια οι υποσχεσεισ για οικονομικη βοηθεια στισ ευαλωτεσ χωρεσ,1
Κλιματική αλλαγή: Στα χαρτιά οι υποσχέσεις για οικονομική βοήθεια στις ευάλωτες χώρες - https://t.co/nyJdyBmkdi https://t.co/SGef0RV4Lo,κλιματικη αλλαγη στα χαρτια οι υποσχεσεισ για οικονομικη βοηθεια στισ ευαλωτεσ χωρεσ,1
Οι νέες μπαταρίες θα μειώσουν σημαντικά το αποτύπωμα άνθρακα στα ηλεκτρικά αυτοκίνητα - https://t.co/y8HB9jvY1F https://t.co/k2XRfWqOfy,οι νεεσ μπαταριεσ θα μειωσουν σημαντικα το αποτυπωμα ανθρακα στα ηλεκτρικα αυτοκινητα,1
Ρύπανση: Πώς ο καθαρός αέρας επιδεινώνει την κλιματική αλλαγή - https://t.co/4Bi7NvrAUf https://t.co/RpMAe4fdxy,ρυπανση πωσ ο καθαροσ αερασ επιδεινωνει την κλιματικη αλλαγη,1
Ρύπανση: Πώς ο καθαρός αέρας επιδεινώνει την κλιματική αλλαγή - https://t.co/gWIcTuzmiC https://t.co/86MMiUhmgg,ρυπανση πωσ ο καθαροσ αερασ επιδεινωνει την κλιματικη αλλαγη,1
Ο καιρός και το κλίμα συγχέονται συχνά: Το ζεστό καλοκαίρι και η κλιματική αλλαγή https://t.co/q0TwxTU42e,ο καιροσ και το κλιμα συγχεονται συχνα το ζεστο καλοκαιρι και η κλιματικη αλλαγη,1
"Τότε το λέγαμε καλοκαίρι, σήμερα κλιματική αλλαγή - Documento https://t.co/aNwJrUxa7v",τοτε το λεγαμε καλοκαιρι σημερα κλιματικη αλλαγη documento,1
RT @TheOpinion_News: Πέντε τρόποι για να «επιβιώσετε» σε ένα τοξικό εργασιακό περιβάλλον https://t.co/p6EscGkOrL #Thessaloniki #skg #TheOpi…,rt theopinion_news πεντε τροποι για να επιβιωσετε σε ενα τοξικο εργασιακο περιβαλλον thessaloniki skg theopi,1
"Τότε το λέγαμε καλοκαίρι, σήμερα κλιματική αλλαγή https://t.co/BP41yJcmzp",τοτε το λεγαμε καλοκαιρι σημερα κλιματικη αλλαγη,1
"Η Siemens λανσάρει την Building X, μια ανοιχτή σουίτα με AI δυνατότητες για κτήρια με μηδενικό αποτύπωμα άνθρακα https://t.co/eZDFSzliQC",η siemens λανσαρει την building x μια ανοιχτη σουιτα με ai δυνατοτητεσ για κτηρια με μηδενικο αποτυπωμα ανθρακα,1
"Γροιλανδία: Η κλιματική αλλαγή αλλοιώνει το τοπίο, μέχρι και τη γλώσσα της - https://t.co/PufFExnljc https://t.co/EqIHTQHNUc",γροιλανδια η κλιματικη αλλαγη αλλοιωνει το τοπιο μεχρι και τη γλωσσα τησ,1
"Γροιλανδία: Η κλιματική αλλαγή αλλοιώνει το τοπίο, μέχρι και τη γλώσσα της - https://t.co/KzcFFaKPno https://t.co/xUEsoI9Uzm",γροιλανδια η κλιματικη αλλαγη αλλοιωνει το τοπιο μεχρι και τη γλωσσα τησ,1
Κλιματική αλλαγή: Γιατί τα βράδια μας ιδιαίτερα γίνονται όλο και πιο καυτά - https://t.co/tMgY3KxQHo https://t.co/BtQiUqyKkR,κλιματικη αλλαγη γιατι τα βραδια μασ ιδιαιτερα γινονται ολο και πιο καυτα,1
Κλιματική αλλαγή: Γιατί τα βράδια μας ιδιαίτερα γίνονται όλο και πιο καυτά - https://t.co/0ZgrTG3aKC https://t.co/nfaMMWuJME,κλιματικη αλλαγη γιατι τα βραδια μασ ιδιαιτερα γινονται ολο και πιο καυτα,1
Ένωση Ελλήνων Εφοπλιστών: Οι Έλληνες εφοπλιστές ναυπηγούν 173 πλοία φιλικά προς το περιβάλλον - mononews #mononewsGR https://t.co/JEoq4BKDCa,ενωση ελληνων εφοπλιστων οι ελληνεσ εφοπλιστεσ ναυπηγουν πλοια φιλικα προσ το περιβαλλον mononews mononewsgr,1
Κλιματική κρίση: «Επικίνδυνα ανεξερεύνητος» είναι ο κίνδυνος της εξαφάνισης του ανθρώπινου είδους https://t.co/PmOlSjgRPr,κλιματικη κριση επικινδυνα ανεξερευνητοσ ειναι ο κινδυνοσ τησ εξαφανισησ του ανθρωπινου ειδουσ,1
Να σταματήσει η κοροϊδία με τα Άγραφα  «Απάτητα Βουνά» https://t.co/1mnS9a8d4P,να σταματησει η κοροϊδια με τα αγραφα απατητα βουνα,1
RT @mdenaxa: Ετσι καταπολεμούν την κλιματική αλλαγή =&gt; 🇫🇷 Με αναμμένους τους κινητήρες για να λειτουργεί ο κλιματισμός των αυτοκινήτων και…,rt mdenaxa ετσι καταπολεμουν την κλιματικη αλλαγη gt με αναμμενουσ τουσ κινητηρεσ για να λειτουργει ο κλιματισμοσ των αυτοκινητων και,1
"Κλιματική Αλλαγή: «Καμπανάκι» των επιστημόνων - Αναμένονται ακραία φαινόμενα
 #ΚΑΙΡΙΚΑΦΑΙΝΟΜΕΝΑ #ΚΛΙΜΑΤΙΚΗΑΛΛΑΓΗ #ΠΛΗΜΜΥΡΕΣ #ΥΠΕΡΘΕΡΜΑΝΣΗ

https://t.co/ojPVhaVJZ7",κλιματικη αλλαγη καμπανακι των επιστημονων αναμενονται ακραια φαινομενα καιρικαφαινομενα κλιματικηαλλαγη πλημμυρες υπερθερμανση,1
"Ιδιαίτερα καταστροφική για την ανθρωπότητα μπορεί να αποδειχθεί η κλιματική αλλαγή, αν η άνοδος της παγκόσμιας θερμοκρασίας είναι τελικά ανώτερη της αναμενόμενης, λένε οι επιστήμονες. 
#ValueNewsgr #valuenews #news #Greecenews 
https://t.co/Hhg5FvyfG0",ιδιαιτερα καταστροφικη για την ανθρωποτητα μπορει να αποδειχθει η κλιματικη αλλαγη αν η ανοδοσ τησ παγκοσμιασ θερμοκρασιασ ειναι τελικα ανωτερη τησ αναμενομενησ λενε οι επιστημονεσ valuenewsgr valuenews news greecenews,1
[Κλικ και διαβάστε στο cnn]Οι  #Επιστήμονες προειδοποιούν: Έχει υποτιμηθεί η κλιματική  #Αλλαγή https://t.co/aKlps1C2pg,κλικ και διαβαστε στο cnnοι επιστημονεσ προειδοποιουν εχει υποτιμηθει η κλιματικη αλλαγη,1
SOS από τους επιστήμονες: Η κλιματική αλλαγή μπορεί να φέρει το τέλος της ανθρωπότητας - https://t.co/coG8iJMdXS https://t.co/s08tCtWGii,sos απο τουσ επιστημονεσ η κλιματικη αλλαγη μπορει να φερει το τελοσ τησ ανθρωποτητασ,1
Οι επιστήμονες προειδοποιούν: Έχει υποτιμηθεί η κλιματική αλλαγή - https://t.co/zZBpYYUyFW https://t.co/2g966Avnk9,οι επιστημονεσ προειδοποιουν εχει υποτιμηθει η κλιματικη αλλαγη,1
Οι επιστήμονες προειδοποιούν: Η κλιματική αλλαγή μπορεί να φέρει ακόμη και το τέλος της ανθρωπότητας - mononews #mononewsGR https://t.co/GH1gW31WEA,οι επιστημονεσ προειδοποιουν η κλιματικη αλλαγη μπορει να φερει ακομη και το τελοσ τησ ανθρωποτητασ mononews mononewsgr,1
Ερευνητές προειδοποιούν: «Η κλιματική αλλαγή μπορεί να φέρει ακόμη και τον αφανισμό της ανθρωπότητας» https://t.co/CKxMyuKo39,ερευνητεσ προειδοποιουν η κλιματικη αλλαγη μπορει να φερει ακομη και τον αφανισμο τησ ανθρωποτητασ,1
"«Ας προετοιμαζόμαστε για το χειρότερο»

Έχει υποτιμηθεί ότι η κλιματική αλλαγή μπορεί να φέρει ακόμη και το καταστροφικό τέλος της ανθρωπότητας, προειδοποιούν επιστήμονες

https://t.co/u6dBHlAuVq

#ClimateCrisis #climateChange",ασ προετοιμαζομαστε για το χειροτερο εχει υποτιμηθει οτι η κλιματικη αλλαγη μπορει να φερει ακομη και το καταστροφικο τελοσ τησ ανθρωποτητασ προειδοποιουν επιστημονεσ climatecrisis climatechange,1
Η κλιματική αλλαγή μπορεί να φέρει ακόμη και τον αφανισμό της ανθρωπότητας ⋆ TirnavosPress https://t.co/SadTzl4CcW,η κλιματικη αλλαγη μπορει να φερει ακομη και τον αφανισμο τησ ανθρωποτητασ tirnavospress,1
Την οργή της Κίνας προκαλεί η “απόβαση” Πελόζι στην Ταϊβάν. Κρίσιμο τεστ σε περιβάλλον διεθνών γεωπολιτικών απειλών https://t.co/9PRQSE7n7L,την οργη τησ κινασ προκαλει η αποβαση πελοζι στην ταϊβαν κρισιμο τεστ σε περιβαλλον διεθνων γεωπολιτικων απειλων,1
H κλιματική αλλαγή θα φέρει το «καταστροφικό τέλος της ανθρωπότητας» – Συναγερμός από τους επιστήμονες https://t.co/M08xt98agG,h κλιματικη αλλαγη θα φερει το καταστροφικο τελοσ τησ ανθρωποτητασ συναγερμοσ απο τουσ επιστημονεσ,1
"Ενημερωτικό Δελτίο
• Πολιτισμός • Υγεία  • Τουρισμός • Οικονομία • Ενέργεια • Περιβάλλον • Βραζιλία • Αεροδρόμια • Γαστρονομία •
https://t.co/hE110j0qvw https://t.co/74lYoJBElt",ενημερωτικο δελτιο πολιτισμοσ υγεια τουρισμοσ οικονομια ενεργεια περιβαλλον βραζιλια αεροδρομια γαστρονομια,1
Έχει υποτιμηθεί η κλιματική αλλαγή προειδοποιούν οι επιστήμονες - https://t.co/MYmuj8PHSi https://t.co/j5noRYdlb4,εχει υποτιμηθει η κλιματικη αλλαγη προειδοποιουν οι επιστημονεσ,1
"RT @MumRa667: Εύβοια 2022
Αυτή η φωτό ειναι αφιερωμενη εξαιρετικά σε ολα τα σκουπιδια και τα λαμογια που θεωρουν οτι οι καταστροφές του περ…",rt mumra ευβοια αυτη η φωτο ειναι αφιερωμενη εξαιρετικα σε ολα τα σκουπιδια και τα λαμογια που θεωρουν οτι οι καταστροφεσ του περ,1
RT @LykavitosGr: Ερευνητές: Η Κλιματική Αλλαγή μπορεί να φέρει ακόμη και τον αφανισμό της ανθρωπότητας  #ερευνητές #κλιματική_αλλαγή #ανθρω…,rt lykavitosgr ερευνητεσ η κλιματικη αλλαγη μπορει να φερει ακομη και τον αφανισμο τησ ανθρωποτητασ ερευνητεσ κλιματικη_αλλαγη ανθρω,1
RT @LykavitosGr: Ερευνητές: Η Κλιματική Αλλαγή μπορεί να φέρει ακόμη και τον αφανισμό της ανθρωπότητας  #ερευνητές #κλιματική_αλλαγή #ανθρω…,rt lykavitosgr ερευνητεσ η κλιματικη αλλαγη μπορει να φερει ακομη και τον αφανισμο τησ ανθρωποτητασ ερευνητεσ κλιματικη_αλλαγη ανθρω,1
SOS από τους επιστήμονες: Η κλιματική αλλαγή μπορεί να φέρει το τέλος της ανθρωπότητας https://t.co/oG2sndxNaZ,sos απο τουσ επιστημονεσ η κλιματικη αλλαγη μπορει να φερει το τελοσ τησ ανθρωποτητασ,1
Νέα μελέτη: Η κλιματική αλλαγή μπορεί να φέρει το τέλος της ανθρωπότητας https://t.co/raTPGemNV0,νεα μελετη η κλιματικη αλλαγη μπορει να φερει το τελοσ τησ ανθρωποτητασ,1
Ολλανδία: Η κυβέρνηση κήρυξε κατάσταση λειψυδρίας λόγω ξηρασίας - https://t.co/eiOPQNSsIs https://t.co/On7sF9ogAe #Βροχή #Κυβέρνηση #Λειψυδρία #Ξηρασία #Ολλανδία #Περιβάλλον,ολλανδια η κυβερνηση κηρυξε κατασταση λειψυδριασ λογω ξηρασιασ βροχη κυβερνηση λειψυδρια ξηρασια ολλανδια περιβαλλον,1
Τράπεζα Πειραιώς: Καθαρά κέρδη 614 εκατ. ευρώ στο α’ εξάμηνο. Χρήστος Μεγάλου: Το 2022 μπήκαν τα θεμέλια για βιώσιμη κερδοφορία https://t.co/wD9dqEGsA6,τραπεζα πειραιωσ καθαρα κερδη εκατ ευρω στο α εξαμηνο χρηστοσ μεγαλου το μπηκαν τα θεμελια για βιωσιμη κερδοφορια,1
"Μια ταινία για το θαλάσσιο περιβάλλον στη #Σενεγάλη που κουβαλάει μηνύματα για την #Ελλάδα 

https://t.co/nlnHmRd0eL https://t.co/iryihycYcb",μια ταινια για το θαλασσιο περιβαλλον στη σενεγαλη που κουβαλαει μηνυματα για την ελλαδα,1
Πώς ο θόρυβος από τα οχήματα επηρεάζει την υγεία https://t.co/VU7n9Qp1HO #ΕΡΕΥΝΕΣ #ΠΕΡΙΒΑΛΛΟΝ https://t.co/ceSj2byi0l,πωσ ο θορυβοσ απο τα οχηματα επηρεαζει την υγεια ερευνες περιβαλλον,1
Η κλιματική αλλαγή επηρεάζει το φύλο των θαλάσσιων χελωνών - LarissaPress https://t.co/XDQHhYshUw,η κλιματικη αλλαγη επηρεαζει το φυλο των θαλασσιων χελωνων larissapress,1
Κλιματική κρίση – Προειδοποιούν οι ειδικοί: Ο κόσμος να είναι προετοιμασμένος για ένα πιθανό “κλιματικό τέλος” https://t.co/UuhWRV70UU,κλιματικη κριση προειδοποιουν οι ειδικοι ο κοσμοσ να ειναι προετοιμασμενοσ για ενα πιθανο κλιματικο τελοσ,1
"Η ΔΕΗ έχει μειώσει τις εκπομπές διοξειδίου του άνθρακα κατά 32% το 2021, σε σχέση με το 2019 και επιπλέον, υλοποιεί ένα επενδυτικό σχέδιο που θα αυξήσει την ισχύ της παραγωγής της από ανανεώσιμες πηγές ενέργειας σε 9,5 GW το 2026, από 3,4 GW που είναι

https://t.co/8Cj8qf9d9m",η δεη εχει μειωσει τισ εκπομπεσ διοξειδιου του ανθρακα κατα το σε σχεση με το και επιπλεον υλοποιει ενα επενδυτικο σχεδιο που θα αυξησει την ισχυ τησ παραγωγησ τησ απο ανανεωσιμεσ πηγεσ ενεργειασ σε gw το απο gw που ειναι,1
Πώς επηρεάζει o τουρισμός την κλιματική αλλαγή; | DW | 04.08.2022 https://t.co/jvcfN8RvFv,πωσ επηρεαζει o τουρισμοσ την κλιματικη αλλαγη dw,1
"Οι πρώτοι «πρόσφυγες» από την Κλιματική Αλλαγή – Βυθίζονται χωριά στα νησιά Φίτζι 
#κλιματικη #αλλαγη #κλιματικη_αλλαγη #ClimateCrisis #ClimateEmergency #Fiji 

https://t.co/20JL6OeXeQ",οι πρωτοι προσφυγεσ απο την κλιματικη αλλαγη βυθιζονται χωρια στα νησια φιτζι κλιματικη αλλαγη κλιματικη_αλλαγη climatecrisis climateemergency fiji,1
#κλίμα #περιβάλλον #καιρός #ΕΛΛΑΔΑ #meteo #NEWS247 #Πυρκαγια https://t.co/5ilzPxa1KL,κλιμα περιβαλλον καιροσ ελλαδα meteo news πυρκαγια,1
RT @LykavitosGr: Τα νησιά Φίτζι βυθίζονται με τους κατοίκους να εγκαταλείπουν τα χωριά τους (βίντεο)  #νησιά_Φίτζι #κλιματική_κρίση https:/…,rt lykavitosgr τα νησια φιτζι βυθιζονται με τουσ κατοικουσ να εγκαταλειπουν τα χωρια τουσ βιντεο νησια_φιτζι κλιματικη_κριση,1
RT @LykavitosGr: Τα νησιά Φίτζι βυθίζονται με τους κατοίκους να εγκαταλείπουν τα χωριά τους (βίντεο)  #νησιά_Φίτζι #κλιματική_κρίση https:/…,rt lykavitosgr τα νησια φιτζι βυθιζονται με τουσ κατοικουσ να εγκαταλειπουν τα χωρια τουσ βιντεο νησια_φιτζι κλιματικη_κριση,1
Καστοριά: Παραβατική αρκούδα που μεταφέρθηκε σε άλλη περιοχή επέστρεψε στον τόπο του εγκλήματος https://t.co/XizUxbJpmX #ΑΡΘΡΑ #ΑΡΚΟΥΔΑ #ΚΑΣΤΟΡΙΑ #ΠΕΡΙΒΑΛΛΟΝ By https://t.co/p9zfHy5mYe https://t.co/LFy4qIu4aL,καστορια παραβατικη αρκουδα που μεταφερθηκε σε αλλη περιοχη επεστρεψε στον τοπο του εγκληματοσ αρθρα αρκουδα καστορια περιβαλλον by,1
"«Πρόκειται για συνήθη πρακτική των ζώων να επιστρέφουν εκ νέου στο περιβάλλον που είχαν γνωρίσει η ζήσει για ορισμένο χρονικό διάστημα ως βιότοπο τους», δηλώνει στο ΑΠΕ ΜΠΕ ο διευθυντής της Περιβαλλοντικής οργάνωσης «Καλλιστώ», Σπύρος Ψαρούδας,

https://t.co/Z8eHsu2QPj https://t.co/9BMjpzoS1n",προκειται για συνηθη πρακτικη των ζωων να επιστρεφουν εκ νεου στο περιβαλλον που ειχαν γνωρισει η ζησει για ορισμενο χρονικο διαστημα ωσ βιοτοπο τουσ δηλωνει στο απε μπε ο διευθυντησ τησ περιβαλλοντικησ οργανωσησ καλλιστω σπυροσ ψαρουδασ,1
"Αυτού του είδους η προσφυγιά θα μας απασχολήσει έντονα τα προσεχή χρόνια

#znews #κλιματικηαλλαγη #περιβαλλον #προσφυγες https://t.co/6tiIhwFWSb",αυτου του ειδουσ η προσφυγια θα μασ απασχολησει εντονα τα προσεχη χρονια znews κλιματικηαλλαγη περιβαλλον προσφυγεσ,1
Η Κίνα αναστέλλει τον στρατιωτικό διάλογο με τις ΗΠΑ - Παύουν οι συζητήσεις και για την κλιματική αλλαγή https://t.co/kQGLwvDLhZ,η κινα αναστελλει τον στρατιωτικο διαλογο με τισ ηπα παυουν οι συζητησεισ και για την κλιματικη αλλαγη,1
"Πώς επηρεάζει o τουρισμός την κλιματική αλλαγή;,
https://t.co/Zip0j5Qvc6,",πωσ επηρεαζει o τουρισμοσ την κλιματικη αλλαγη,1
"#ΙδέεςκαιΑπόψεις

Υπάρχει χρόνος να αντιστρέψουμε την κλιματική αλλαγή

Κείμενο του δημοσιογράφου, Δημήτρη Κωνσταντακόπουλου

https://t.co/dk8NLPKLA6

#ClimateChange https://t.co/z7qhzMYfZX",ιδεεσκαιαποψεισ υπαρχει χρονοσ να αντιστρεψουμε την κλιματικη αλλαγη κειμενο του δημοσιογραφου δημητρη κωνσταντακοπουλου climatechange,1
Oι επιστήμονες εκπέμπουν SOS: Η κλιματική αλλαγή μπορεί να φέρει το τέλος της ανθρωπότητας https://t.co/Euex6bUQai,oι επιστημονεσ εκπεμπουν sos η κλιματικη αλλαγη μπορει να φερει το τελοσ τησ ανθρωποτητασ,1
ΗΠΑ: «Ξεκόλλησε» φιλόδοξο νομοσχέδιο για κλιματική αλλαγή - υγεία https://t.co/ZJOQbZhTX4 #businessnewsgr,ηπα ξεκολλησε φιλοδοξο νομοσχεδιο για κλιματικη αλλαγη υγεια businessnewsgr,1
Κουτσούμπας: Το σκάνδαλο των παρακολουθήσεων φέρνει στην επιφάνεια ένα σκοτεινό περιβάλλον - «Ναι» στη σύσταση εξεταστικής https://t.co/HtcUYpfy6G,κουτσουμπασ το σκανδαλο των παρακολουθησεων φερνει στην επιφανεια ενα σκοτεινο περιβαλλον ναι στη συσταση εξεταστικησ,1
"Δημήτρης Κουτσούμπας: 
«Το σκάνδαλο των παρακολουθήσεων φέρνει στην επιφάνεια ένα σκοτεινό περιβάλλον και ένα διάτρητο θεσμικό πλαίσιο» 

https://t.co/qP9VAOfXGw https://t.co/BiKVmKemEV",δημητρησ κουτσουμπασ το σκανδαλο των παρακολουθησεων φερνει στην επιφανεια ενα σκοτεινο περιβαλλον και ενα διατρητο θεσμικο πλαισιο,1
Η Οικολογική Πρωτοβουλία Χανίων κάνει λόγο για υπερ-τουριστική φρενίτιδα που στέλνει χιλιάδες τουρίστες σε συγκεκριμένες ακτές ενώ προωθεί ανεξέλεγκτες καταστροφικές για το περιβάλλον παρεμβάσεις σε προστατευόμενες περιοχές όπως Φαλάσαρνα και Λαφονήσι… https://t.co/Z0ELnVqeGH,η οικολογικη πρωτοβουλια χανιων κανει λογο για υπερτουριστικη φρενιτιδα που στελνει χιλιαδεσ τουριστεσ σε συγκεκριμενεσ ακτεσ ενω προωθει ανεξελεγκτεσ καταστροφικεσ για το περιβαλλον παρεμβασεισ σε προστατευομενεσ περιοχεσ οπωσ φαλασαρνα και λαφονησι,1
ΗΠΑ: Το φιλόδοξο νομοσχέδιο για την κλιματική αλλαγή και τη μείωση στις τιμές των φαρμάκων https://t.co/HUtp1T9xdT,ηπα το φιλοδοξο νομοσχεδιο για την κλιματικη αλλαγη και τη μειωση στισ τιμεσ των φαρμακων,1
ΗΠΑ: Στο Κογκρέσο το νομοσχέδιο Μπάιντεν για την κλιματική αλλαγή - https://t.co/GcLI6Pth6r https://t.co/OVdJMjDpmQ,ηπα στο κογκρεσο το νομοσχεδιο μπαιντεν για την κλιματικη αλλαγη,1
Μαγιόρκα: Πώς επηρεάζει o τουρισμός την κλιματική αλλαγή; https://t.co/cPRwktIbr9,μαγιορκα πωσ επηρεαζει o τουρισμοσ την κλιματικη αλλαγη,1
DW: Πώς επηρεάζει o τουρισμός την κλιματική αλλαγή; - Το (ακραίο) παράδειγμα της Μαγιόρκα - https://t.co/CAsU0pgMKa https://t.co/A6ZzdsRgdS,dw πωσ επηρεαζει o τουρισμοσ την κλιματικη αλλαγη το ακραιο παραδειγμα τησ μαγιορκα,1
Το σκάνδαλο των παρακολουθήσεων φέρνει στην επιφάνεια ένα σκοτεινό περιβάλλον κι ένα διάτρητο θεσμικό πλαίσιο https://t.co/OrbPTY7Dz3,το σκανδαλο των παρακολουθησεων φερνει στην επιφανεια ενα σκοτεινο περιβαλλον κι ενα διατρητο θεσμικο πλαισιο,1
ΗΠΑ: Πέρασε από την Γερουσία το νομοσχέδιο Μπάιντεν για την κλιματική αλλαγή και την Υγεία https://t.co/lfLNVc0Sev,ηπα περασε απο την γερουσια το νομοσχεδιο μπαιντεν για την κλιματικη αλλαγη και την υγεια,1
"Ευρώπη - Ιταλία: Η κλιματική αλλαγή ""πληγώνει"" το λάδι και το κρασί https://t.co/wHu6PPoAl2",ευρωπη ιταλια η κλιματικη αλλαγη πληγωνει το λαδι και το κρασι,1
Γιατί «βράζει» η αγορά ενέργειας με τη ΔΕΗ και τις Ανανεώσιμες Πηγές Ενέργειας https://t.co/yG4GaCRQhO,γιατι βραζει η αγορα ενεργειασ με τη δεη και τισ ανανεωσιμεσ πηγεσ ενεργειασ,1
ΗΠΑ: Το φιλόδοξο νομοσχέδιο για την κλιματική αλλαγή και τη μείωση στις τιμές των φαρμάκων https://t.co/POH0C7YBUn,ηπα το φιλοδοξο νομοσχεδιο για την κλιματικη αλλαγη και τη μειωση στισ τιμεσ των φαρμακων,1
[Κλικ και διαβάστε στο Real News] #Μελέτη: Η κλιματική  #Αλλαγή επιδεινώνει πάνω από τις μισές μεταδοτικές ασθένειες στη Γη https://t.co/D20lgqpn7U,κλικ και διαβαστε στο real news μελετη η κλιματικη αλλαγη επιδεινωνει πανω απο τισ μισεσ μεταδοτικεσ ασθενειεσ στη γη,1
[Κλικ και διαβάστε στο cnn] #Μελέτη: Η κλιματική  #Αλλαγή επιδεινώνει πάνω από τις μισές μεταδοτικές ασθένειες στη Γη https://t.co/NikmCyp7zM,κλικ και διαβαστε στο cnn μελετη η κλιματικη αλλαγη επιδεινωνει πανω απο τισ μισεσ μεταδοτικεσ ασθενειεσ στη γη,1
«Καμπανάκι» των επιστημόνων για την κλιματική αλλαγή – Επιδεινώνει το 58% των ασθενειών https://t.co/6ra0v68aOW,καμπανακι των επιστημονων για την κλιματικη αλλαγη επιδεινωνει το των ασθενειων,1
Η κλιματική αλλαγή επιδεινώνει τις ανθρώπινες μεταδοτικές ασθένειες https://t.co/4l1cGrlLHe,η κλιματικη αλλαγη επιδεινωνει τισ ανθρωπινεσ μεταδοτικεσ ασθενειεσ,1
Κίνα: Ταχύτερη αύξηση της θερμοκρασίας λόγω της κλιματικής αλλαγής σε σχέση με τον παγκόσμιο μέσο όρο https://t.co/J7vuiEgvQQ #ΚΛΙΜΑ #ΠΕΡΙΒΑΛΛΟΝ https://t.co/aSGboc6hM6,κινα ταχυτερη αυξηση τησ θερμοκρασιασ λογω τησ κλιματικησ αλλαγησ σε σχεση με τον παγκοσμιο μεσο ορο κλιμα περιβαλλον,1
"Η κλιματική αλλαγή επιδεινώνει πάνω από τις μισές μεταδοτικές ασθένειες στην  Γη, εκτιμά μία νέα αμερικανο-σουηδική επιστημονική έρευνα

https://t.co/yhxAEstrYQ https://t.co/8dOouxBKiD",η κλιματικη αλλαγη επιδεινωνει πανω απο τισ μισεσ μεταδοτικεσ ασθενειεσ στην γη εκτιμα μια νεα αμερικανοσουηδικη επιστημονικη ερευνα,1
Ζάκυνθος: Σκουπιδότοπος το «Ναυάγιο» – Δείτε φωτογραφία https://t.co/DacQmr6GDs #ΑΡΘΡΑ #ΖΑΚΥΝΘΟΣ #ΝΑΥΑΓΙΟ #ΠΕΡΙΒΑΛΛΟΝ #ΣΚΟΥΠΙΔΙΑ By https://t.co/p9zfHy5mYe https://t.co/K9XDQUdYsv,ζακυνθοσ σκουπιδοτοποσ το ναυαγιο δειτε φωτογραφια αρθρα ζακυνθος ναυαγιο περιβαλλον σκουπιδια by,1
Έρευνα: Η κλιματική κρίση επιδεινώνει πάνω από τις μισές ανθρώπινες ασθένειες στη Γη https://t.co/KahkD66SxG,ερευνα η κλιματικη κριση επιδεινωνει πανω απο τισ μισεσ ανθρωπινεσ ασθενειεσ στη γη,1
"RT @KarahaliosNikos: Ερωτηματα κομβικα για τον Ακατανομαστο
Μηπως
1τον κρατανε για ψυχοθεραπευτικους λογους στην Κρητη?
2οι εκρηξεις οργης…",rt karahaliosnikos ερωτηματα κομβικα για τον ακατανομαστο μηπωσ τον κρατανε για ψυχοθεραπευτικουσ λογουσ στην κρητη οι εκρηξεισ οργησ,1
Σαμοθράκη: Σε ύφεση η πυρκαγιά που ξέσπασε τις πρωινές ώρες - https://t.co/1XuVKnpskw #featured #trend #πυρκαγιά #Σαμοθράκη #Ελλάδα #Περιβάλλον,σαμοθρακη σε υφεση η πυρκαγια που ξεσπασε τισ πρωινεσ ωρεσ featured trend πυρκαγια σαμοθρακη ελλαδα περιβαλλον,1
Κλιματική κρίση: Τα εύπορα κράτη να καταβάλουν αποζημιώσεις στα ευάλωτα κράτη https://t.co/StqBPw5FMA,κλιματικη κριση τα ευπορα κρατη να καταβαλουν αποζημιωσεισ στα ευαλωτα κρατη,1
"Κλιματική αλλαγή: Η Μεσόγειος «φλέγεται», ξενικά είδη έρχονται https://t.co/3HmP6gLO62",κλιματικη αλλαγη η μεσογειοσ φλεγεται ξενικα ειδη ερχονται,1
Κυκλάδες - Κέα: Έκθεση Φωτογραφίας για την κλιματική αλλαγή https://t.co/F5RKLIMWNM,κυκλαδεσ κεα εκθεση φωτογραφιασ για την κλιματικη αλλαγη,1
RT @LykavitosGr: Η Κλιματική Αλλαγή επιδεινώνει πάνω από τις μισές μεταδοτικές ασθένειες  #κλιματική_αλλαγή #μεταδοτικές #ασθένειες https:/…,rt lykavitosgr η κλιματικη αλλαγη επιδεινωνει πανω απο τισ μισεσ μεταδοτικεσ ασθενειεσ κλιματικη_αλλαγη μεταδοτικεσ ασθενειεσ,1
RT @LykavitosGr: Η Κλιματική Αλλαγή επιδεινώνει πάνω από τις μισές μεταδοτικές ασθένειες  #κλιματική_αλλαγή #μεταδοτικές #ασθένειες https:/…,rt lykavitosgr η κλιματικη αλλαγη επιδεινωνει πανω απο τισ μισεσ μεταδοτικεσ ασθενειεσ κλιματικη_αλλαγη μεταδοτικεσ ασθενειεσ,1
"Η πετρελαιοκηλίδα στον Κόλπο του Μεξικού συνεχίζει να μολύνει το περιβάλλον, λένε οι επιστήμονες https://t.co/B251fRzhTX",η πετρελαιοκηλιδα στον κολπο του μεξικου συνεχιζει να μολυνει το περιβαλλον λενε οι επιστημονεσ,1
Νάξος - Δημήτρια 2022: Τελικός πρέφας αλλά και διάλεξη για το περιβάλλον https://t.co/qJd0DTigMe,ναξοσ δημητρια τελικοσ πρεφασ αλλα και διαλεξη για το περιβαλλον,1
Ν. Σκαμπαρδώνη για ενδοοικογενειακή βία: Απαιτείται ένα οργανωμένο σχέδιο εξόδου για τις γυναίκες που ζουν σε τοξικό περιβάλλον (video) https://t.co/siDfr5Bjtx,ν σκαμπαρδωνη για ενδοοικογενειακη βια απαιτειται ενα οργανωμενο σχεδιο εξοδου για τισ γυναικεσ που ζουν σε τοξικο περιβαλλον video,1
Κλιματική αλλαγή: Η Αρκτική ανεβάζει θερμοκρασία 4 φορές ταχύτερα από την υπόλοιπη Γη – Ειδήσεις – νέα – Το Βήμα Online https://t.co/oztQCGCWxY,κλιματικη αλλαγη η αρκτικη ανεβαζει θερμοκρασια φορεσ ταχυτερα απο την υπολοιπη γη ειδησεισ νεα το βημα online,1
Η υγιεινή διατροφή ωφελεί και τον πλανήτη https://t.co/mmc9oDhsUt #ΔΙΑΤΡΟΦΗ #ΠΕΡΙΒΑΛΛΟΝ https://t.co/bKUnXheVck,η υγιεινη διατροφη ωφελει και τον πλανητη διατροφη περιβαλλον,1
"RT @Moneypressgr: «Τέλεια καταιγίδα» στην Ευρώπη: Μετά την ενεργειακή, η κλιματική κρίση – Σε κί...  #moneypress https://t.co/3Wmqq50rMv",rt moneypressgr τελεια καταιγιδα στην ευρωπη μετα την ενεργειακη η κλιματικη κριση σε κι moneypress,1
"«Τέλεια καταιγίδα» στην Ευρώπη: Μετά την ενεργειακή, η κλιματική κρίση – Σε κί...  #moneypress https://t.co/3Wmqq50rMv",τελεια καταιγιδα στην ευρωπη μετα την ενεργειακη η κλιματικη κριση σε κι moneypress,1
Νέες μπαταρίες στερεάς κατάστασης με μειωμένο αποτύπωμα άνθρακα στα ηλεκτρικά αυτοκίνητα https://t.co/3Yhxs97DOX,νεεσ μπαταριεσ στερεασ καταστασησ με μειωμενο αποτυπωμα ανθρακα στα ηλεκτρικα αυτοκινητα,1
Κλιματική αλλαγή: Στο έλεος δασικών πυρκαγιών η νότια Ευρώπη - LarissaPress https://t.co/rHxdqobP5x,κλιματικη αλλαγη στο ελεοσ δασικων πυρκαγιων η νοτια ευρωπη larissapress,1
Ευρώπη - Κλιματική Αλλαγή: Τα δάση στο έλεος της φωτιάς https://t.co/DyT912s1Sq,ευρωπη κλιματικη αλλαγη τα δαση στο ελεοσ τησ φωτιασ,1
Κλιματική αλλαγή: Η Αρκτική ανεβάζει θερμοκρασία τέσσερις φορές πιο γρήγορα από τον υπόλοιπο κόσμο--https://t.co/tVTAIVrUJb,κλιματικη αλλαγη η αρκτικη ανεβαζει θερμοκρασια τεσσερισ φορεσ πιο γρηγορα απο τον υπολοιπο κοσμο,1
"Η περιοχή είναι πιο ευαίσθητη και ευάλωτη στην κλιματική αλλαγή

#znews #Αρκτικη https://t.co/ILlJvlw4Ag",η περιοχη ειναι πιο ευαισθητη και ευαλωτη στην κλιματικη αλλαγη znews αρκτικη,1
"Η κλιματική αλλαγή δημιουργεί νέα δεδομένα στην Αρκτική

#WeekendEdition 

https://t.co/FhNyNohIsu",η κλιματικη αλλαγη δημιουργει νεα δεδομενα στην αρκτικη weekendedition,1
RT @THEOCHAROUSE: να πως σώζεις τον πλανήτη από την κλιματική αλλαγή,rt theocharouse να πωσ σωζεισ τον πλανητη απο την κλιματικη αλλαγη,1
Γέμισε με νεκρά ψάρια ποταμός που διαρρέει Πολωνία και Γερμανία – Μεγάλη ανησυχία https://t.co/XkbaqsdkUn #ΕΥΡΩΠΗ #ΚΑΤΑΣΤΡΟΦΕΣ #ΚΟΣΜΟΣ #ΠΕΡΙΒΑΛΛΟΝ https://t.co/ZFWlCgFGT8,γεμισε με νεκρα ψαρια ποταμοσ που διαρρεει πολωνια και γερμανια μεγαλη ανησυχια ευρωπη καταστροφες κοσμος περιβαλλον,1
Κλιματική αλλαγή: Η Ευρώπη έχει παραδοθεί σε ακραία ξηρασία - Οι επιστήμονες δεν είναι αισιόδοξοι - https://t.co/xs5c782Wc6 https://t.co/tHRerPDpZS,κλιματικη αλλαγη η ευρωπη εχει παραδοθει σε ακραια ξηρασια οι επιστημονεσ δεν ειναι αισιοδοξοι,1
Πέντε τρόποι για να «επιβιώσετε» σε ένα τοξικό εργασιακό περιβάλλον https://t.co/hzpXhRgszr,πεντε τροποι για να επιβιωσετε σε ενα τοξικο εργασιακο περιβαλλον,1
Πρωτοφανής ξηρασία στην ΕΕ: Χιλιάδες νεκρά ψάρια στον ποταμό Όντερ (VIDEO-ΦΩΤΟ) - https://t.co/eiOPQNSsIs https://t.co/LwgS02yuuI  #Γερμανία #Ευρώπη #Ξηρασία #Περιβάλλον #Πολωνία #Ψάρια,πρωτοφανησ ξηρασια στην εε χιλιαδεσ νεκρα ψαρια στον ποταμο οντερ videoφωτο γερμανια ευρωπη ξηρασια περιβαλλον πολωνια ψαρια,1
ΚΛΙΜΑΤΙΚΗ ΑΛΛΑΓΗ ΚΑΙ ΥΠΕΡΘΕΡΜΑΝΣΗ ΤΟΥ ΠΛΑΝΗΤΗ ΑΛΗΘΕΙΑ Η ΑΠΑΤΗ; https://t.co/TLMwmTrGSn,κλιματικη αλλαγη και υπερθερμανση του πλανητη αληθεια η απατη,1
"Η κλιματική αλλαγή δείχνει τα δόντια της στη δυτική και βόρεια Ευρώπη

#znews #ξηρασια #κλιμα #Ρηνος #κλιματική_αλλαγή https://t.co/hraLMTYEZf",η κλιματικη αλλαγη δειχνει τα δοντια τησ στη δυτικη και βορεια ευρωπη znews ξηρασια κλιμα ρηνοσ κλιματικη_αλλαγη,1
"Τοποθέτηση στη Βουλή των Αντιπροσώπων του παρακάτω βουλευτή της παράταξης του Μπάιντεν, ο οποίος υποστήριξε - με αρκετή δόση θάρρους είναι η αλήθεια - πως η κλιματική κρίση είναι «hoax», δηλαδή ένα ΨΕΜΑ!👇 https://t.co/XU6JBbl8nQ",τοποθετηση στη βουλη των αντιπροσωπων του παρακατω βουλευτη τησ παραταξησ του μπαιντεν ο οποιοσ υποστηριξε με αρκετη δοση θαρρουσ ειναι η αληθεια πωσ η κλιματικη κριση ειναι hoax δηλαδη ενα ψεμα,1
Κλιματική αλλαγή: Η Αρκτική ανεβάζει θερμοκρασία 4 φορές ταχύτερα από την υπόλοιπη Γη https://t.co/UvbLOC0hxR #ΚΛΙΜΑ #ΠΕΡΙΒΑΛΛΟΝ https://t.co/vcyiAnMHUV,κλιματικη αλλαγη η αρκτικη ανεβαζει θερμοκρασια φορεσ ταχυτερα απο την υπολοιπη γη κλιμα περιβαλλον,1
RT @TheOpinion_News: Η κλιματική αλλαγή και η ξηρασία δεν είναι νέα προβλήματα – Τι υποστηρίζει ένας καθηγητής γεω-οικολογίας https://t.co/…,rt theopinion_news η κλιματικη αλλαγη και η ξηρασια δεν ειναι νεα προβληματα τι υποστηριζει ενασ καθηγητησ γεωοικολογιασ,1
Η κλιματική αλλαγή εξαφάνισε πολιτισμούς από την εποχή του Χαλκού https://t.co/5A6DeVqSWc #ΑΡΘΡΑ #ΚΛΙΜΑΤΙΚΗΑΛΛΑΓΗ #ΞΗΡΑΣΙΑ By https://t.co/p9zfHy5mYe https://t.co/dkIVqS9TPv,η κλιματικη αλλαγη εξαφανισε πολιτισμουσ απο την εποχη του χαλκου αρθρα κλιματικηαλλαγη ξηρασια by,1
Κλιματική κρίση: Απειλείται το 1/3 των τροφών που καταναλώνουμε https://t.co/ligsrwfjKH,κλιματικη κριση απειλειται το των τροφων που καταναλωνουμε,1
"«ΒΟΜΒΑ» από Ρεπουμπλικάνο στις ΗΠΑ: «ΚΑΜΙΑ “κλιματική κρίση! Είναι όλα HOAX», vid 
https://t.co/KFMIfJ7Z0B",βομβα απο ρεπουμπλικανο στισ ηπα καμια κλιματικη κριση ειναι ολα hoax vid,1
"Κλιματική κρίση: Απειλείται το ένα τρίτο των τροφών που καταναλώνουμε,
https://t.co/txZzOvbAgF,",κλιματικη κριση απειλειται το ενα τριτο των τροφων που καταναλωνουμε,1
Κλιματική κρίση: Απειλείται το ένα τρίτο των τροφών που καταναλώνουμε https://t.co/N2eTQgw53x,κλιματικη κριση απειλειται το ενα τριτο των τροφων που καταναλωνουμε,1
SOS για το περιβάλλον: Στο παρελθόν μεγάλοι πολιτισμοί κατέρρευσαν λόγω της κλιματικής αλλαγής. Ιστορικά παραδείγματα https://t.co/u90sN8tVhn,sos για το περιβαλλον στο παρελθον μεγαλοι πολιτισμοι κατερρευσαν λογω τησ κλιματικησ αλλαγησ ιστορικα παραδειγματα,1
Κλιματική κρίση: Απειλείται το 1/3 των τροφών που καταναλώνουμε https://t.co/Ns4GLw9F4p,κλιματικη κριση απειλειται το των τροφων που καταναλωνουμε,1
"ΗΠΑ: Η κλιματικη αλλαγή μπαίνει και πάλι στην ατζέντα, αναφέρει έρευνα https://t.co/J29LqgogAf",ηπα η κλιματικη αλλαγη μπαινει και παλι στην ατζεντα αναφερει ερευνα,1
"Καύσιμα, ηλεκτροδότηση των επιβατηγών και ναυπήγηση πλοίων φιλικών προς το περιβάλλον το μείζον πρόβλημα της ακτοπλοΐας - mononews #mononewsGR https://t.co/NSKfSdQ2eb",καυσιμα ηλεκτροδοτηση των επιβατηγων και ναυπηγηση πλοιων φιλικων προσ το περιβαλλον το μειζον προβλημα τησ ακτοπλοΐασ mononews mononewsgr,1
"Τα τρόφιμα που κάνουν καλό στην υγεία, ωφελούν και το περιβάλλον https://t.co/QgXnuOs3OH",τα τροφιμα που κανουν καλο στην υγεια ωφελουν και το περιβαλλον,1
Κλιματική αλλαγή: Οι πυρκαγιές καταστρέφουν πλέον διπλάσια επιφάνεια δασών σε σχέση με τις αρχές του αιώνα https://t.co/ugD17Yvn15,κλιματικη αλλαγη οι πυρκαγιεσ καταστρεφουν πλεον διπλασια επιφανεια δασων σε σχεση με τισ αρχεσ του αιωνα,1
Ευρώπη- Κλιματική Αλλαγή: Τα τελευταία 20 χρόνια κάηκε διπλάσιος αριθμός δασών https://t.co/AdGXnvYDPc,ευρωπη κλιματικη αλλαγη τα τελευταια χρονια καηκε διπλασιοσ αριθμοσ δασων,1
"[https://t.co/bDHZLmoC6L] #Μπάιντεν: «Πράσινο φως» σε δαπάνες 437 δισ. δολαρίων - Στο επίκεντρο κλιματική  #Αλλαγή, εταιρική φορολογία https://t.co/l7e6P0a7Lu",μπαιντεν πρασινο φωσ σε δαπανεσ δισ δολαριων στο επικεντρο κλιματικη αλλαγη εταιρικη φορολογια,1
HΠΑ: Νομοσχέδιο - «μαμούθ» ύψους 430 δισ. για κλιματική αλλαγή και υγεία υπέγραψε ο Μπάιντεν - Documento https://t.co/yo5GM9gNsR,hπα νομοσχεδιο μαμουθ υψουσ δισ για κλιματικη αλλαγη και υγεια υπεγραψε ο μπαιντεν documento,1
Παρασκηνιακό έργο Bill Gates ο νόμος για την κλιματική αλλαγή των ΗΠΑ - Πως πίεσε Biden και 2 γερουσιαστές επί 2 χρόνια https://t.co/cVnXXI9sEz,παρασκηνιακο εργο bill gates ο νομοσ για την κλιματικη αλλαγη των ηπα πωσ πιεσε biden και γερουσιαστεσ επι χρονια,1
"Ανεμοστρόβιλος-Υδροστρόβιλος: Πότε εμφανίζονται και πώς μπορούμε να προφυλαχθούμε
#mynewsgr #ανεμοστροβιλος #υδροστροβιλος #κακοκαιρια #καιρος #κλιματικη_αλλαγη #κλιματικηαλλαγη #εντονα_καιρικα_φαινομενα #καταιγιδες 

https://t.co/1lG9nrPT5g",ανεμοστροβιλοσυδροστροβιλοσ ποτε εμφανιζονται και πωσ μπορουμε να προφυλαχθουμε mynewsgr ανεμοστροβιλοσ υδροστροβιλοσ κακοκαιρια καιροσ κλιματικη_αλλαγη κλιματικηαλλαγη εντονα_καιρικα_φαινομενα καταιγιδεσ,1
"Καιρός-Αρναούτογλου: Μετά τον καύσωνα, έρχεται πτώση της θερμοκρασίας!
#καυσωνας #κακοκαιρια #καιρος #Αρναουτογλου #θερμοκρασια #κλιματικη_αλλαγη #προγνωση #ΕΜΥ 

https://t.co/wOYE83lJzO",καιροσαρναουτογλου μετα τον καυσωνα ερχεται πτωση τησ θερμοκρασιασ καυσωνασ κακοκαιρια καιροσ αρναουτογλου θερμοκρασια κλιματικη_αλλαγη προγνωση εμυ,1
"Επιγραφές του 1616 σε ποτάμια που στερεύουν! Υπήρχε και τότε “ανθρωπογενής κλιματική αλλαγή”; – vid 
https://t.co/4hsm29xL7A",επιγραφεσ του σε ποταμια που στερευουν υπηρχε και τοτε ανθρωπογενησ κλιματικη αλλαγη vid,1
Η κλιματική αλλαγή επιφέρει επιδείνωση των λοιμώξεων - Απαραίτητη η μείωση εκπομπών CO2 #athlosnews #ΑΘΛΟΣ https://t.co/e2GTujLR9P,η κλιματικη αλλαγη επιφερει επιδεινωση των λοιμωξεων απαραιτητη η μειωση εκπομπων co athlosnews αθλος,1
"Δημοσκόπηση Act for Earth: Ο τουρισμός επιβαρύνει το περιβάλλον – Μέτρα, ζητούν οι πολίτες - https://t.co/kayQdcIIOu https://t.co/qX8SnPfj4k",δημοσκοπηση act for earth ο τουρισμοσ επιβαρυνει το περιβαλλον μετρα ζητουν οι πολιτεσ,1
Επιστήμονες του MIT πιστεύουν ότι ανακάλυψαν πώς να αντιστρέψουν πλήρως την κλιματική αλλαγή https://t.co/4Th3pLC9y6,επιστημονεσ του mit πιστευουν οτι ανακαλυψαν πωσ να αντιστρεψουν πληρωσ την κλιματικη αλλαγη,1
Επιστήμονες του MIT πιστεύουν ότι ανακάλυψαν πώς να αντιστρέψουν πλήρως την κλιματική αλλαγή https://t.co/lFykX75hKt #ΑΡΘΡΑ #MIT #ΚΛΙΜΑΤΙΚΗΑΛΛΑΓΗ #ΠΕΡΙΒΑΛΛΟΝ By https://t.co/p9zfHy5mYe https://t.co/cg85AjQ0t5,επιστημονεσ του mit πιστευουν οτι ανακαλυψαν πωσ να αντιστρεψουν πληρωσ την κλιματικη αλλαγη αρθρα mit κλιματικηαλλαγη περιβαλλον by,1
«Η τέλεια καταιγίδα»: Πώς η κλιματική αλλαγή προκαλεί επιδείνωση των λοιμώξεων – Ειδήσεις – νέα – Το Βήμα Online https://t.co/oWHVfduULb,η τελεια καταιγιδα πωσ η κλιματικη αλλαγη προκαλει επιδεινωση των λοιμωξεων ειδησεισ νεα το βημα online,1
"Η κλιματική αλλαγή είναι εδώ και κανείς πια δεν μπορεί να κλείσει τα μάτια. Ποτάμια στερεύουν, λίμνες εξαφανίζονται και δάση γίνονται «στάχτη». Οι εικόνες που προκαλούν θλίψη, αλλά και αγωνία για το μέλλον
#κλιματικη_αλλαγη
https://t.co/RuFMOrGa4t",η κλιματικη αλλαγη ειναι εδω και κανεισ πια δεν μπορει να κλεισει τα ματια ποταμια στερευουν λιμνεσ εξαφανιζονται και δαση γινονται σταχτη οι εικονεσ που προκαλουν θλιψη αλλα και αγωνια για το μελλον κλιματικη_αλλαγη,1
Κλιματική αλλαγή: Ξηρασία και πυρκαγιές το «καμπανάκι» – Κινδυνεύει ο «προηγμένος» πολιτισμός μας https://t.co/yM6BvohfqL,κλιματικη αλλαγη ξηρασια και πυρκαγιεσ το καμπανακι κινδυνευει ο προηγμενοσ πολιτισμοσ μασ,1
Κλιματική αλλαγή: Σε κατάσταση ξηρασίας η Βρετανία - Documento https://t.co/KBko7ZmGB3,κλιματικη αλλαγη σε κατασταση ξηρασιασ η βρετανια documento,1
"RT @regionofionian: 👉 @Rodi_Kratsa 

🗨️
Μεσόγειος, η πιο ευάλωτη και απειλούμενη περιοχή από την κλιματική αλλαγή και την υπερθέρμανση.
Η Ε…",rt regionofionian rodi_kratsa μεσογειοσ η πιο ευαλωτη και απειλουμενη περιοχη απο την κλιματικη αλλαγη και την υπερθερμανση η ε,1
Επιστήμονες του MIT πιστεύουν ότι ανακάλυψαν πώς να αντιστρέψουν πλήρως την κλιματική αλλαγή--https://t.co/ebHjrwKdFK,επιστημονεσ του mit πιστευουν οτι ανακαλυψαν πωσ να αντιστρεψουν πληρωσ την κλιματικη αλλαγη,1
Επιστήμονες του MIT πιστεύουν ότι ανακάλυψαν πώς να αντιστρέψουν πλήρως την κλιματική αλλαγή https://t.co/U7B4eHkkyG,επιστημονεσ του mit πιστευουν οτι ανακαλυψαν πωσ να αντιστρεψουν πληρωσ την κλιματικη αλλαγη,1
Επιστήμονες του MIT λένε ότι βρήκαν τον τρόπο να αντιστρέψουν την κλιματική αλλαγή (video) https://t.co/Razb66Bzwz,επιστημονεσ του mit λενε οτι βρηκαν τον τροπο να αντιστρεψουν την κλιματικη αλλαγη video,1
"Κλιματική Κρίση: Σκόνη από τη Σαχάρα λιώνει τους παγετώνες στις γερμανικές Άλπεις!

https://t.co/fV9B3WraDt",κλιματικη κριση σκονη απο τη σαχαρα λιωνει τουσ παγετωνεσ στισ γερμανικεσ αλπεισ,1
RT @LykavitosGr: Το 2021 καίγονταν κάθε λεπτό δέντρα έκτασης 16 ποδοσφαιρικών γηπέδων  #δέντρα #πυρκαγιές #φωτιές #γήπεδα #κλιματική_αλλαγή…,rt lykavitosgr το καιγονταν καθε λεπτο δεντρα εκτασησ ποδοσφαιρικων γηπεδων δεντρα πυρκαγιεσ φωτιεσ γηπεδα κλιματικη_αλλαγη,1
RT @LykavitosGr: Το 2021 καίγονταν κάθε λεπτό δέντρα έκτασης 16 ποδοσφαιρικών γηπέδων  #δέντρα #πυρκαγιές #φωτιές #γήπεδα #κλιματική_αλλαγή…,rt lykavitosgr το καιγονταν καθε λεπτο δεντρα εκτασησ ποδοσφαιρικων γηπεδων δεντρα πυρκαγιεσ φωτιεσ γηπεδα κλιματικη_αλλαγη,1
RT @LykavitosGr: Κλιματική Αλλαγή: Πώς ευνοεί την εξάπλωση μολυσματικών ασθενειών  #κλιματική_αλλαγή #ασθένειες #μολυσματικές https://t.co/…,rt lykavitosgr κλιματικη αλλαγη πωσ ευνοει την εξαπλωση μολυσματικων ασθενειων κλιματικη_αλλαγη ασθενειεσ μολυσματικεσ,1
RT @LykavitosGr: Κλιματική Αλλαγή: Πώς ευνοεί την εξάπλωση μολυσματικών ασθενειών  #κλιματική_αλλαγή #ασθένειες #μολυσματικές https://t.co/…,rt lykavitosgr κλιματικη αλλαγη πωσ ευνοει την εξαπλωση μολυσματικων ασθενειων κλιματικη_αλλαγη ασθενειεσ μολυσματικεσ,1
Τροφές που επηρεάζουν αρνητικά τον πλανήτη https://t.co/5rY0VZpEGO #ΕΡΕΥΝΕΣ #ΠΕΡΙΒΑΛΛΟΝ https://t.co/I7IN2dC6wD,τροφεσ που επηρεαζουν αρνητικα τον πλανητη ερευνες περιβαλλον,1
Τα πουλιά επηρεάζονται από την κλιματική αλλαγή https://t.co/5i4XLHc0v0,τα πουλια επηρεαζονται απο την κλιματικη αλλαγη,1
"Τα πουλιά επηρεάζονται από την κλιματική αλλαγή,
https://t.co/a7Um4cfDNs,",τα πουλια επηρεαζονται απο την κλιματικη αλλαγη,1
RT @LykavitosGr: Ενεργειακή και κλιματική κρίση: Έρχεται η ώρα του Διαστήματος  #ενεργειακή_κρίση #κλιματική_κρίση #διάστημα https://t.co/P…,rt lykavitosgr ενεργειακη και κλιματικη κριση ερχεται η ωρα του διαστηματοσ ενεργειακη_κριση κλιματικη_κριση διαστημα,1
RT @LykavitosGr: Ενεργειακή και κλιματική κρίση: Έρχεται η ώρα του Διαστήματος  #ενεργειακή_κρίση #κλιματική_κρίση #διάστημα https://t.co/P…,rt lykavitosgr ενεργειακη και κλιματικη κριση ερχεται η ωρα του διαστηματοσ ενεργειακη_κριση κλιματικη_κριση διαστημα,1
Ποιες τροφές απειλεί με εξαφάνιση η κλιματική αλλαγή https://t.co/HYmTBy6sJV,ποιεσ τροφεσ απειλει με εξαφανιση η κλιματικη αλλαγη,1
Κλιματική αλλαγή και ενεργειακή κρίση: Η τέλεια καταιγίδα για τις μεγαλύτερες οικονομίες του κόσμου - https://t.co/AEqSTom4DJ https://t.co/7xg3qLLBDv,κλιματικη αλλαγη και ενεργειακη κριση η τελεια καταιγιδα για τισ μεγαλυτερεσ οικονομιεσ του κοσμου,1
Κλιματική αλλαγή και ενεργειακή κρίση: Η τέλεια καταιγίδα για τις μεγαλύτερες οικονομίες του κόσμου https://t.co/wwKZwKjzKR,κλιματικη αλλαγη και ενεργειακη κριση η τελεια καταιγιδα για τισ μεγαλυτερεσ οικονομιεσ του κοσμου,1
Ποιες τροφές απειλεί με εξαφάνιση η κλιματική αλλαγή https://t.co/ShLPA8tNf2,ποιεσ τροφεσ απειλει με εξαφανιση η κλιματικη αλλαγη,1
Κλιματική αλλαγή: Πώς η πτώση των υδάτων επηρεάζει την εφοδιαστική αλυσίδα στην Ευρώπη - LarissaPress https://t.co/l84kV4Q8sx,κλιματικη αλλαγη πωσ η πτωση των υδατων επηρεαζει την εφοδιαστικη αλυσιδα στην ευρωπη larissapress,1
"Το φαινόμενο της ξηρασίας που παρατηρείται τα τελευταία χρόνια στην Ευρώπη, συνέπεια της κλιματικής αλλαγής, έχει επηρεάσει σε μεγάλο βαθμό την εφοδιαστική αλυσίδα της Ευρώπης
#κλιματικη_αλλαγη
 https://t.co/pBzYJhTVCS",το φαινομενο τησ ξηρασιασ που παρατηρειται τα τελευταια χρονια στην ευρωπη συνεπεια τησ κλιματικησ αλλαγησ εχει επηρεασει σε μεγαλο βαθμο την εφοδιαστικη αλυσιδα τησ ευρωπησ κλιματικη_αλλαγη,1
Κλιματική αλλαγή: Πώς έχει «σπάσει» η εφοδιαστική αλυσίδα της Ευρώπης λόγω της πτώσης των υδάτων https://t.co/FOYBsHGCV7,κλιματικη αλλαγη πωσ εχει σπασει η εφοδιαστικη αλυσιδα τησ ευρωπησ λογω τησ πτωσησ των υδατων,1
Πώς η κλιματική αλλαγή απειλεί τις ζωές των ανθρώπων στις τοπικές κοινότητες στα νησιά Φίτζι https://t.co/hCnKHR2haA,πωσ η κλιματικη αλλαγη απειλει τισ ζωεσ των ανθρωπων στισ τοπικεσ κοινοτητεσ στα νησια φιτζι,1
"Πώς μπορεί να συνέβαλε η κλιματική αλλαγή πριν 250 εκατομμύρια χρόνια στην εξέλιξη των ερπετών; #climate #Cyprus 
via @politis_news 
https://t.co/03zYwjGyhI",πωσ μπορει να συνεβαλε η κλιματικη αλλαγη πριν εκατομμυρια χρονια στην εξελιξη των ερπετων climate cyprus via politis_news,1
[Κλικ και διαβάστε στο thecaller]Κλιματική αλλαγή: Πριν 250 εκατ. χρόνια έφερε… τα ερπετά – Τι έδειξε νέα  #Ερευνα https://t.co/kMC49S4Gq2,κλικ και διαβαστε στο thecallerκλιματικη αλλαγη πριν εκατ χρονια εφερε τα ερπετα τι εδειξε νεα ερευνα,1
Πώς μπορεί να συνέβαλε η κλιματική αλλαγή πριν από 250 εκατομμύρια χρόνια στην εξέλιξη των ερπετών https://t.co/DfkUE5sqS4,πωσ μπορει να συνεβαλε η κλιματικη αλλαγη πριν απο εκατομμυρια χρονια στην εξελιξη των ερπετων,1
Η κλιματική αλλαγή πριν 250 εκατ. χρόνια έφερε… τα ερπετά – Τα αποτελέσματα νέας έρευνας https://t.co/Ip3JDxOLKy,η κλιματικη αλλαγη πριν εκατ χρονια εφερε τα ερπετα τα αποτελεσματα νεασ ερευνασ,1
Η κλιματική αλλαγή γέννησε την εποχή των ερπετών πριν 250 εκατομμύρια χρόνια - https://t.co/P5nxuJwVpI https://t.co/Ov5HIIumBh,η κλιματικη αλλαγη γεννησε την εποχη των ερπετων πριν εκατομμυρια χρονια,1
Η κλιματική αλλαγή πριν 250 εκατ. χρόνια έφερε… τα ερπετά – Τα αποτελέσματα νέας έρευνας https://t.co/ce1BG4s2ii,η κλιματικη αλλαγη πριν εκατ χρονια εφερε τα ερπετα τα αποτελεσματα νεασ ερευνασ,1
Μελέτη: Η κλιματική αλλαγή γέννησε την εποχή των ερπετών πριν 250 εκατομμύρια χρόνια – Ειδήσεις – νέα – Το Βήμα Online https://t.co/XSgmyt4N2S,μελετη η κλιματικη αλλαγη γεννησε την εποχη των ερπετων πριν εκατομμυρια χρονια ειδησεισ νεα το βημα online,1
Κλιματική αλλαγή: Ο όγκος των ελβετικών παγετώνων μειώθηκε κατά 50% από το 1931 - https://t.co/r00Gzk6JMr https://t.co/EjBLljhnFw,κλιματικη αλλαγη ο ογκοσ των ελβετικων παγετωνων μειωθηκε κατα απο το,1
Κλιματική αλλαγή: Ο όγκος των ελβετικών παγετώνων μειώθηκε κατά 50% από το 1931 https://t.co/QIRlkN7frB,κλιματικη αλλαγη ο ογκοσ των ελβετικων παγετωνων μειωθηκε κατα απο το,1
Η κλιματική αλλαγή πριν 250 εκατ. χρόνια έφερε… τα ερπετά – Τα αποτελέσματα νέας έρευνας https://t.co/iryJIwxKDA,η κλιματικη αλλαγη πριν εκατ χρονια εφερε τα ερπετα τα αποτελεσματα νεασ ερευνασ,1
Πώς μπορεί να συνέβαλε η κλιματική αλλαγή πριν από 250 εκατομμύρια χρόνια στην εξέλιξη των ερπετών https://t.co/wJDsUfCNvj #ΑΡΘΡΑ #ΑΥΞΗΣΗΘΕΡΜΟΚΡΑΣΙΑΣ #ΕΡΕΥΝΑ #ΕΡΠΕΤΑ By https://t.co/p9zfHy5mYe,πωσ μπορει να συνεβαλε η κλιματικη αλλαγη πριν απο εκατομμυρια χρονια στην εξελιξη των ερπετων αρθρα αυξησηθερμοκρασιας ερευνα ερπετα by,1
SOS για την ξηρασία στην Ευρώπη: Σχεδόν τα 2/3 της ηπείρου αντιμετωπίζουν προβλήματα https://t.co/y5gAZiRERv #ΕΥΡΩΠΗ #ΠΕΡΙΒΑΛΛΟΝ https://t.co/8EQpMdM55n,sos για την ξηρασια στην ευρωπη σχεδον τα τησ ηπειρου αντιμετωπιζουν προβληματα ευρωπη περιβαλλον,1
Κλιματική αλλαγή: Ο όγκος των ελβετικών παγετώνων μειώθηκε κατά 50% από το 1931 https://t.co/huaQ0d6iTd #ΚΛΙΜΑ #ΠΕΡΙΒΑΛΛΟΝ https://t.co/qLVKeMbVQt,κλιματικη αλλαγη ο ογκοσ των ελβετικων παγετωνων μειωθηκε κατα απο το κλιμα περιβαλλον,1
"O 6χρονος αποσωληνώθηκε και αναπνέει πλέον χωρίς μηχανική υποστήριξη, ενώ έχει νευρολογική επαφή με το περιβάλλον, σύμφωνα με το https://t.co/zTmylNFvwM.  Οι γιατροί θα παρακολουθούν στενά την εξέλιξη της υγείαςτου τα επόμενα 24ωρα, ώστε να έχουν πιο

https://t.co/LTVrDHZvES https://t.co/Ag8hakRYin",o χρονοσ αποσωληνωθηκε και αναπνεει πλεον χωρισ μηχανικη υποστηριξη ενω εχει νευρολογικη επαφη με το περιβαλλον συμφωνα με το οι γιατροι θα παρακολουθουν στενα την εξελιξη τησ υγειαστου τα επομενα ωρα ωστε να εχουν πιο,1
H κλιματική αλλαγή βυθίζει στο χάος την Ευρωπαϊκή Ένωση https://t.co/tPH99dwdyE #ΓΑΛΛΙΑ #ΕΛΙΖΑΜΠΕΤΜΠΟΡΝ #ΕΥΡΩΠΑΙΚΗΕΝΩΣΗ #ΕΥΡΩΠΗ,h κλιματικη αλλαγη βυθιζει στο χαοσ την ευρωπαϊκη ενωση γαλλια ελιζαμπετμπορν ευρωπαικηενωση ευρωπη,1
Εγκρίθηκαν οι περιβαλλοντικοί όροι του Σχεδίου για την Κλιματική Αλλαγή της Περιφέρειας Δυτικής Ελλάδας https://t.co/LzQD7Y6FW4 https://t.co/kdrnyhYCQI,εγκριθηκαν οι περιβαλλοντικοι οροι του σχεδιου για την κλιματικη αλλαγη τησ περιφερειασ δυτικησ ελλαδασ,1
"Μη ξεχνάμε ότι είναι ακόμη 24. 
Υγιής να 'ναι και μπορεί να επιστρέψει σε προσεκτικό περιβάλλον. 
#OlympiacosFC https://t.co/fbgM8PppFZ",μη ξεχναμε οτι ειναι ακομη υγιησ να ναι και μπορει να επιστρεψει σε προσεκτικο περιβαλλον olympiacosfc,1
"«Έχουμε εξελισσόμενη κλιματική κρίση» – Τα φαινόμενα θα αυξηθούν σε συχνότητα και ένταση, λέει ο Λέκκας https://t.co/PltKRAnnG0",εχουμε εξελισσομενη κλιματικη κριση τα φαινομενα θα αυξηθουν σε συχνοτητα και ενταση λεει ο λεκκασ,1
Καμπανάκι Λέκκα- «Έχουμε εξελισσόμενη κλιματική κρίση» https://t.co/GBTOCJbT1r,καμπανακι λεκκα εχουμε εξελισσομενη κλιματικη κριση,1
Λέκκας: Έχουμε εξελισσόμενη κλιματική κρίση – Τα φαινόμενα θα αυξηθούν σε συχνότητα και ένταση #Δημοκρατική #Ρόδος #Δωδεκάνησα https://t.co/7qqCz1gNgH,λεκκασ εχουμε εξελισσομενη κλιματικη κριση τα φαινομενα θα αυξηθουν σε συχνοτητα και ενταση δημοκρατικη ροδοσ δωδεκανησα,1
Κλιματική αλλαγή: Θλιβερό θέαμα – Οκτώ τόνοι ψαριών πέθαναν από ασφυξία σε λίμνη λόγω της ξηρασίας https://t.co/98LV4EFLwj,κλιματικη αλλαγη θλιβερο θεαμα οκτω τονοι ψαριων πεθαναν απο ασφυξια σε λιμνη λογω τησ ξηρασιασ,1
Τέξας: Η ξηρασία αποκάλυψε ίχνη δεινοσαύρων στην κοίτη ποταμού - https://t.co/eiOPQNSsIs https://t.co/oiC7eHKHwf #Τέξας #ΗΠΑ #δεινόσαυροι #ξηρασια #κλιματική_αλλαγη,τεξασ η ξηρασια αποκαλυψε ιχνη δεινοσαυρων στην κοιτη ποταμου τεξασ ηπα δεινοσαυροι ξηρασια κλιματικη_αλλαγη,1
"Γιατί θα προλάβει; Από δω και μπρος μόνο σε ελεγχόμενο εσωτερικό περιβάλλον, βασικά για την ακρίβεια από δω και μπρος μόνο σε λαμπατέρ θα δίνει συνέντευξη... https://t.co/HW4RpxTU88",γιατι θα προλαβει απο δω και μπροσ μονο σε ελεγχομενο εσωτερικο περιβαλλον βασικα για την ακριβεια απο δω και μπροσ μονο σε λαμπατερ θα δινει συνεντευξη,1
"RT @Etherea91414364: το περιβάλλον γύρω της. Ήταν όλα εκεί, οι πληγές τις, οι μνήμες που τη στοιχειωναν, οι τοίχοι ποτισμένοι από τον πόνο…",rt etherea το περιβαλλον γυρω τησ ηταν ολα εκει οι πληγεσ τισ οι μνημεσ που τη στοιχειωναν οι τοιχοι ποτισμενοι απο τον πονο,1
Αυστραλία: Πώς μερικά κουνελάκια προκάλεσαν ανεπανόρθωτη περιβαλλοντική καταστροφή https://t.co/JseJok4ciM #ΑΡΘΡΑ #ΑΥΣΤΡΑΛΙΑ #ΚΟΥΝΕΛΙΑ #ΠΕΡΙΒΑΛΛΟΝ By https://t.co/p9zfHy5mYe,αυστραλια πωσ μερικα κουνελακια προκαλεσαν ανεπανορθωτη περιβαλλοντικη καταστροφη αρθρα αυστραλια κουνελια περιβαλλον by,1
ΚΛΙΜΑΤΙΚΗ ΑΛΛΑΓΗ – ΤΙ ΙΣΧΥΕΙ ΠΡΑΓΜΑΤΙΚΑ; https://t.co/ebg5qBTDVK,κλιματικη αλλαγη τι ισχυει πραγματικα,1
Vodafone: Κύριος συνεργάτης του Συνεδρίου COP27 του ΟΗΕ για την Κλιματική Αλλαγή https://t.co/56WoqH9zsn #businessnewsgr,vodafone κυριοσ συνεργατησ του συνεδριου cop του οηε για την κλιματικη αλλαγη businessnewsgr,1
RT @sofokleous10: Oxford Economics στο https://t.co/wBftOCdGOu: Με βιώσιμο τρόπο η επιστροφή στα πλεονάσματα για να μη γυρίσει «μπούμερανγκ…,rt sofokleous oxford economics στο με βιωσιμο τροπο η επιστροφη στα πλεονασματα για να μη γυρισει μπουμερανγκ,1
makpress_ Λαγκάρντ: Ο πληθωρισμός οφείλεται στην κλιματική αλλαγή https://t.co/HL8W7xKb6H https://t.co/vbcysjmfLJ,makpress_ λαγκαρντ ο πληθωρισμοσ οφειλεται στην κλιματικη αλλαγη,1
Για ωραιοποίηση του αντικτύπου από τις εκπομπές των αερομεταφορών στο περιβάλλον εγκαλείται η Google https://t.co/YPkaqmQaA9,για ωραιοποιηση του αντικτυπου απο τισ εκπομπεσ των αερομεταφορων στο περιβαλλον εγκαλειται η google,1
Η Vodafone υποστηρίζει ως κύριος συνεργάτης το συνέδριο Cop27 του ΟΗΕ για την κλιματική αλλαγή - Documento https://t.co/vY32ySNmgk,η vodafone υποστηριζει ωσ κυριοσ συνεργατησ το συνεδριο cop του οηε για την κλιματικη αλλαγη documento,1
"Φυσικός Brian Catt: Η «κλιματική αλλαγή» είναι ένας ΨΕΥΤΙΚΟΣ ΜΥΘΟΣ – Χαμός με το ΒΙΝΤΕΟ 
https://t.co/6oDuo1g21F",φυσικοσ brian catt η κλιματικη αλλαγη ειναι ενασ ψευτικος μυθος χαμοσ με το βιντεο,1
Η Vodafone υποστηρίζει ως κύριος συνεργάτης για το συνέδριο COP27 του ΟΗΕ για την κλιματική αλλαγή https://t.co/Id5xLEIco0 https://t.co/uGsr1W6U0t,η vodafone υποστηριζει ωσ κυριοσ συνεργατησ για το συνεδριο cop του οηε για την κλιματικη αλλαγη,1
Η Vodafone υποστηρίζει ως κύριος συνεργάτης για το συνέδριο COP27 του ΟΗΕ για την κλιματική αλλαγή https://t.co/fD6lpKrRpb,η vodafone υποστηριζει ωσ κυριοσ συνεργατησ για το συνεδριο cop του οηε για την κλιματικη αλλαγη,1
ΕΕ: Ετοιμάζουν νέα lockdown και περιορισμό της κυκλοφορίας των πολιτών με πρόφαση την κλιματική αλλαγή! O κορωνοϊός ήταν απλά ένα τεστ..,εε ετοιμαζουν νεα lockdown και περιορισμο τησ κυκλοφοριασ των πολιτων με προφαση την κλιματικη αλλαγη o κορωνοϊοσ ηταν απλα ενα τεστ,1
"Στη Γαλλία μάλιστα φαίνεται πως είναι ήδη ανοιχτοί στο να κάνουν 60-90 μέρες lockdown το χρόνο για να «βοηθήσουν το περιβάλλον» 
https://t.co/x1nSsMYRDL",στη γαλλια μαλιστα φαινεται πωσ ειναι ηδη ανοιχτοι στο να κανουν μερεσ lockdown το χρονο για να βοηθησουν το περιβαλλον,1
Σκάνδαλο υποκλοπών: Και ανταποκριτής της Deutsche Welle αποκαλύπτει «παρεμβάσεις» από το πρωθυπουργικό περιβάλλον - Documento https://t.co/2WuRrFUIuM,σκανδαλο υποκλοπων και ανταποκριτησ τησ deutsche welle αποκαλυπτει παρεμβασεισ απο το πρωθυπουργικο περιβαλλον documento,1
Λαγκάρντ: Η κλιματική αλλαγή επιβαρύνει τον πληθωρισμό https://t.co/QWNGEEnIBF,λαγκαρντ η κλιματικη αλλαγη επιβαρυνει τον πληθωρισμο,1
"Μελέτη: Σημαντική αύξηση των καυτών ημερών του έτους έως το 2100, αν δεν ελεγχθεί η κλιματική αλλαγή - https://t.co/y5LEh243Ma https://t.co/tV6p3iWa2F",μελετη σημαντικη αυξηση των καυτων ημερων του ετουσ εωσ το αν δεν ελεγχθει η κλιματικη αλλαγη,1
Ρίξτε μια ματιά στο βίντεο του χρήστη Spairos 21! #TikTok https://t.co/C0XLoXk0jt κλιματική αλλαγή η αλλαγή του κλίματος από άλλο χέρι και δάχτυλο,ριξτε μια ματια στο βιντεο του χρηστη spairos tiktok κλιματικη αλλαγη η αλλαγη του κλιματοσ απο αλλο χερι και δαχτυλο,1
Κλιματική κρίση: Μεγαλώνει ο κίνδυνος για θερμικό στρες στον ανθρώπινο οργανισμό - LarissaPress https://t.co/xSyGJCBEi7,κλιματικη κριση μεγαλωνει ο κινδυνοσ για θερμικο στρεσ στον ανθρωπινο οργανισμο larissapress,1
Κλιματική αλλαγή: Η Ρωσία καίει μεγάλες ποσότητες φυσικού αερίου - Προβληματίζονται οι επιστήμονες - https://t.co/95970R1yO5 https://t.co/tssrTjXU2x,κλιματικη αλλαγη η ρωσια καιει μεγαλεσ ποσοτητεσ φυσικου αεριου προβληματιζονται οι επιστημονεσ,1
Κλιματική αλλαγή: Η Ρωσία καίει μεγάλες ποσότητες φυσικού αερίου – Προβληματίζονται οι επιστήμονες https://t.co/SC2BT4fJEG,κλιματικη αλλαγη η ρωσια καιει μεγαλεσ ποσοτητεσ φυσικου αεριου προβληματιζονται οι επιστημονεσ,1
Κλιματική Αλλαγή: Τα έντομα έρχονται και στα πιάτα της Ευρώπης - https://t.co/C1PisnVEA1 https://t.co/mYm59rGWSR,κλιματικη αλλαγη τα εντομα ερχονται και στα πιατα τησ ευρωπησ,1
Για ωραιοποίηση του αντικτύπου από τις εκπομπές των αερομεταφορών στο περιβάλλον εγκαλείται η Google https://t.co/9gCie0Nmx1 #ΑΡΘΡΑ #ΑΕΡΟΜΕΤΑΦΟΡΕΣ By https://t.co/p9zfHynwcm,για ωραιοποιηση του αντικτυπου απο τισ εκπομπεσ των αερομεταφορων στο περιβαλλον εγκαλειται η google αρθρα αερομεταφορες by,1
"Στα...σκουπίδια φαγητό αξίας 940 δισ. τον χρόνο! Το φαινόμενο της κατασπατάλησης των τροφίμων έχει άμεση συνέπεια και με την καταστροφή του φυσικού περιβάλλοντος.

#τροφιμα #περιβαλλον #hernewsgr

https://t.co/05rt4qU2rh https://t.co/TNFaUbi0LK",στασκουπιδια φαγητο αξιασ δισ τον χρονο το φαινομενο τησ κατασπαταλησησ των τροφιμων εχει αμεση συνεπεια και με την καταστροφη του φυσικου περιβαλλοντοσ τροφιμα περιβαλλον hernewsgr,1
"Γ. Πατούλης, Περιφερειάρχης Αττικής στον ΣΚΑΙ : «Η Αττική χρειάζεται έργα και παρεμβάσεις που απαιτούν 10 δις ευρώ, τα επόμενα χρόνια για να θωρακιστεί από την κλιματική κρίση» https://t.co/pfDtIcxUin https://t.co/R0g5n9EpCy",γ πατουλησ περιφερειαρχησ αττικησ στον σκαι η αττικη χρειαζεται εργα και παρεμβασεισ που απαιτουν δισ ευρω τα επομενα χρονια για να θωρακιστει απο την κλιματικη κριση,1
Σοκ: Προωθούν τον κανιβαλισμό ως λύση για την επισιτιστική κρίση και την… κλιματική αλλαγή! (βίντεο) https://t.co/Mxvkw15YaQ,σοκ προωθουν τον κανιβαλισμο ωσ λυση για την επισιτιστικη κριση και την κλιματικη αλλαγη βιντεο,1
"Σοκ: Μετά την κατανάλωση γρύλων, ακριδών, εντόμων, κλπ: Προωθούν τον κανιβαλισμό ως λύση για την επισιτιστική κρίση και την… κλιματική αλλαγή!",σοκ μετα την καταναλωση γρυλων ακριδων εντομων κλπ προωθουν τον κανιβαλισμο ωσ λυση για την επισιτιστικη κριση και την κλιματικη αλλαγη,1
"RT @ellada24: Γ. Πατούλης: Η Αττική χρειάζεται έργα και παρεμβάσεις που απαιτούν 10 δις ευρώ τα επόμενα χρόνια, για να θωρακιστεί από την κ…",rt ellada γ πατουλησ η αττικη χρειαζεται εργα και παρεμβασεισ που απαιτουν δισ ευρω τα επομενα χρονια για να θωρακιστει απο την κ,1
"Γιώργος #Πατούλης: Η Αττική χρειάζεται έργα και παρεμβάσεις που απαιτούν 10 δις ευρώ, τα επόμενα χρόνια για να θωρακιστεί από την κλιματική κρίση https://t.co/eE0hkpKWXl",γιωργοσ πατουλησ η αττικη χρειαζεται εργα και παρεμβασεισ που απαιτουν δισ ευρω τα επομενα χρονια για να θωρακιστει απο την κλιματικη κριση,1
Η Ρόδος και η πορεία προς τον βιώσιμο τουρισμό #Δημοκρατική #Ρόδος #Δωδεκάνησα https://t.co/Cg34lKAu2f,η ροδοσ και η πορεια προσ τον βιωσιμο τουρισμο δημοκρατικη ροδοσ δωδεκανησα,1
Η «απομονωμένη» Lagarde αποδίδει τον εκτροχιασμένο πληθωρισμό στην…κλιματική αλλαγή https://t.co/Jt9AxD0GpQ,η απομονωμενη lagarde αποδιδει τον εκτροχιασμενο πληθωρισμο στηνκλιματικη αλλαγη,1
Η «απομονωμένη» Lagarde αποδίδει τον εκτροχιασμένο πληθωρισμό στην…κλιματική αλλαγή https://t.co/rVAxTQ0HsM,η απομονωμενη lagarde αποδιδει τον εκτροχιασμενο πληθωρισμο στηνκλιματικη αλλαγη,1
Κλιματική αλλαγή: Οι επιπτώσεις στη σύσταση των ωμέγα-3 λιπαρών οξέων https://t.co/YMksaoU82n,κλιματικη αλλαγη οι επιπτωσεισ στη συσταση των ωμεγα λιπαρων οξεων,1
"Μετά την κατανάλωση γρύλων, ακριδών και εντόμων με αφορμή την κλιματική αλλαγή ετοιμάζονται να καθοδηγήσουν τους ανθρώπους στην κατανάλωση ανθρώπινου κρέατος. Προωθούν τον κανιβαλισμό των νεκρών για να μην υπάρξει επισιτιστική κρίση και για να προστατευτεί το… περιβάλλον.👇 https://t.co/hiGBrzV7mq",μετα την καταναλωση γρυλων ακριδων και εντομων με αφορμη την κλιματικη αλλαγη ετοιμαζονται να καθοδηγησουν τουσ ανθρωπουσ στην καταναλωση ανθρωπινου κρεατοσ προωθουν τον κανιβαλισμο των νεκρων για να μην υπαρξει επισιτιστικη κριση και για να προστατευτει το περιβαλλον,1
"Έγκριση του νέου ΕΣΠΑ «Περιβάλλον και Κλιματική Αλλαγή 2021-2027» με προϋπολογισμό 3,6 δις. ευρώ https://t.co/8QVbUknOnN",εγκριση του νεου εσπα περιβαλλον και κλιματικη αλλαγη με προϋπολογισμο δισ ευρω,1
"Κομισιόν: Εγκρίθηκε το πρόγραμμα του νέου ΕΣΠΑ  για το περιβάλλον –  Προϋπολογισμός 3,6 δισ. ευρώ https://t.co/DkYkbh5uma",κομισιον εγκριθηκε το προγραμμα του νεου εσπα για το περιβαλλον προϋπολογισμοσ δισ ευρω,1
"Κομισιόν: Εγκρίθηκε το πρόγραμμα του νέου ΕΣΠΑ για το περιβάλλον – Προϋπολογισμός 3,6 δισ. ευρώ https://t.co/Jn4Qxy20Nx",κομισιον εγκριθηκε το προγραμμα του νεου εσπα για το περιβαλλον προϋπολογισμοσ δισ ευρω,1
Γεωργιάδης για πρόγραμμα του ΕΣΠΑ «Περιβάλλον και Κλιματική Αλλαγή 2021-27»: Στόχος να πέσουν χρήματα στην οικονομία το ταχύτερο https://t.co/s8OkRgcoRt,γεωργιαδησ για προγραμμα του εσπα περιβαλλον και κλιματικη αλλαγη στοχοσ να πεσουν χρηματα στην οικονομια το ταχυτερο,1
"Έγκριση νέου ΕΣΠΑ για Περιβάλλον ύψους 3,6 δις ευρώ https://t.co/c44bsVnZbw",εγκριση νεου εσπα για περιβαλλον υψουσ δισ ευρω,1
"Εγκρίθηκε από την ΕΕ το πρόγραμμα 3,6 δισ. ευρώ του νέου ΕΣΠΑ «Περιβάλλον και Κλιματική Αλλαγή 2021-27» #Δημοκρατική #Ρόδος #Δωδεκάνησα https://t.co/GL9oB9H6oW",εγκριθηκε απο την εε το προγραμμα δισ ευρω του νεου εσπα περιβαλλον και κλιματικη αλλαγη δημοκρατικη ροδοσ δωδεκανησα,1
"Γιάννης Τσακίρης: Εγκρίθηκε το πρόγραμμα «Περιβάλλον και Κλιματική Αλλαγή 2021-27» με προϋπολογισμό 3,6 δισ. ευρώ - mononews #mononewsGR https://t.co/Pcmxa6y0wv",γιαννησ τσακιρησ εγκριθηκε το προγραμμα περιβαλλον και κλιματικη αλλαγη με προϋπολογισμο δισ ευρω mononews mononewsgr,1
RT @Moneypressgr: ΕΣΠΑ: Ενέκρινε η Κομισιόν το επιχειρησιακό πρόγραμμα για την κλιματική αλλαγή ...  #moneypress https://t.co/Q9VwjaGGoj ht…,rt moneypressgr εσπα ενεκρινε η κομισιον το επιχειρησιακο προγραμμα για την κλιματικη αλλαγη moneypress ht,1
ΕΣΠΑ: Ενέκρινε η Κομισιόν το επιχειρησιακό πρόγραμμα για την κλιματική αλλαγή ...  #moneypress https://t.co/Q9VwjaGGoj https://t.co/jRP8p7zhoa,εσπα ενεκρινε η κομισιον το επιχειρησιακο προγραμμα για την κλιματικη αλλαγη moneypress,1
"Εγκρίθηκε από την ΕΕ το πρόγραμμα 3,6 δισ. ευρώ του νέου ΕΣΠΑ «Περιβάλλον και Κλιματική Αλλαγή 2021-27»

https://t.co/Z09gQ6wQKd https://t.co/IvxgyDXRzs",εγκριθηκε απο την εε το προγραμμα δισ ευρω του νεου εσπα περιβαλλον και κλιματικη αλλαγη,1
"https://t.co/tI8GQTl3lS - Λειψυδρία και κλιματική αλλαγή, του Β. Μυριαγκού https://t.co/fDZs8QQ0Zu",λειψυδρια και κλιματικη αλλαγη του β μυριαγκου,1
Κλιματική αλλαγή: Εγκατάσταση στην Κίνα θάβει το CO2 στο υπέδαφος https://t.co/toRqH6030J,κλιματικη αλλαγη εγκατασταση στην κινα θαβει το co στο υπεδαφοσ,1
"Τρομάζουν οι μελέτες των ειδικών σε σχέση με την κλιματική κρίση
#κλιματικη_κριση https://t.co/67ruowts32",τρομαζουν οι μελετεσ των ειδικων σε σχεση με την κλιματικη κριση κλιματικη_κριση,1
1.200 επιστήμονες διαβεβαιώνουν: «Δεν υπάρχει κλιματική αλλαγή»! https://t.co/hEMD9wk7pA via @wpvkp,επιστημονεσ διαβεβαιωνουν δεν υπαρχει κλιματικη αλλαγη via wpvkp,1
Άδ. Γεωργιάδης για ΕΣΠΑ «Περιβάλλον και Κλιματική Αλλαγή 2021-27»: Στόχος να πέσουν χρήματα στην οικονομία - https://t.co/eiOPQNSsIs https://t.co/OQmQ5yHBOh  #Αδωνις  #Γεωργιάδης #ΕΣΠΑ #Ευρωπαϊκή_Επιτροπή,αδ γεωργιαδησ για εσπα περιβαλλον και κλιματικη αλλαγη στοχοσ να πεσουν χρηματα στην οικονομια αδωνισ γεωργιαδησ εσπα ευρωπαϊκη_επιτροπη,1
"Γεωργιάδης για το πρόγραμμα του ΕΣΠΑ «Περιβάλλον και Κλιματική Αλλαγή 2021-27»: Στόχος να πέσουν χρήματα στην οικονομία

https://t.co/5VVnndCFgd",γεωργιαδησ για το προγραμμα του εσπα περιβαλλον και κλιματικη αλλαγη στοχοσ να πεσουν χρηματα στην οικονομια,1
"ΕΣΠΑ: Πώς κατανέμονται τα 3,6 δισ. του προγράμματος για την κλιματική αλλαγή https://t.co/Y78glB0u0O",εσπα πωσ κατανεμονται τα δισ του προγραμματοσ για την κλιματικη αλλαγη,1
K. Μητσοτάκης: Κλιματική αλλαγή και συνεργασία με ΗΠΑ στη συνάντηση με τον Τζον Κέρι https://t.co/HZ0xtHNikt,k μητσοτακησ κλιματικη αλλαγη και συνεργασια με ηπα στη συναντηση με τον τζον κερι,1
"Ποια πράσινη ενέργεια; Ο σώζων εαυτόν σωθήτω...Η Γερμανία έθεσε σε λειτουργία άλλο ένα εργοστάσιο ηλεκτροπαραγωγής με καύση άνθρακα
https://t.co/V1O02oB0DX",ποια πρασινη ενεργεια ο σωζων εαυτον σωθητωη γερμανια εθεσε σε λειτουργια αλλο ενα εργοστασιο ηλεκτροπαραγωγησ με καυση ανθρακα,1
«Καμπανάκι» από τo WWF Ελλάς: Απογοητευτική η εφαρμογή του νόμου για τα πλαστικά μιας χρήσης https://t.co/h3DGCddMRQ #ΝΟΜΟΘΕΣΙΑ #ΠΕΡΙΒΑΛΛΟΝ https://t.co/ckTHdudr0h,καμπανακι απο τo wwf ελλασ απογοητευτικη η εφαρμογη του νομου για τα πλαστικα μιασ χρησησ νομοθεσια περιβαλλον,1
"Check out this article: ΕΣΠΑ: Πώς κατανέμονται τα 3,6 δισ. του προγράμματος για την κλιματική αλλαγή - https://t.co/n6D0tPPG2n",check out this article εσπα πωσ κατανεμονται τα δισ του προγραμματοσ για την κλιματικη αλλαγη,1
Λουκίδης για τέλος υποχρεωτικότητας της μάσκας στα σχολεία: Βρισκόμαστε σε πολύ πιο σταθερό περιβάλλον φέτος https://t.co/twFwyMVM9v,λουκιδησ για τελοσ υποχρεωτικοτητασ τησ μασκασ στα σχολεια βρισκομαστε σε πολυ πιο σταθερο περιβαλλον φετοσ,1
"Ξαφνικά και απροσδόκητα - 20 αθλητές κατέρρευσαν σε μόλις 5 ημέρες - ""Είναι απο την κλιματική αλλαγή"" https://t.co/xTFd6tK3SY",ξαφνικα και απροσδοκητα αθλητεσ κατερρευσαν σε μολισ ημερεσ ειναι απο την κλιματικη αλλαγη,1
Κομισιόν: Εγκρίθηκε το πρόγραμμα του νέου ΕΣΠΑ για το περιβάλλον https://t.co/HRkK6fVMR3 https://t.co/y4RkFQCtRk,κομισιον εγκριθηκε το προγραμμα του νεου εσπα για το περιβαλλον,1
Ελένη Πολυχρονοπούλου (Environmental): Το HAZDASH λειτουργεί για την ακριβή καταγραφή των επικίνδυνων υλικών στο πλοίο και προστατεύει το θαλάσσιο περιβάλλον - mononews #mononewsGR https://t.co/HkmcCQ21qo,ελενη πολυχρονοπουλου environmental το hazdash λειτουργει για την ακριβη καταγραφη των επικινδυνων υλικων στο πλοιο και προστατευει το θαλασσιο περιβαλλον mononews mononewsgr,1
"Σημαντική αύξηση θα έχουν έως το 2100 οι καυτές μέρες του έτους με επικίνδυνο θερμικό στρες, αν δεν ελεγχθεί η κλιματική αλλαγή https://t.co/CkM6yfIKwT",σημαντικη αυξηση θα εχουν εωσ το οι καυτεσ μερεσ του ετουσ με επικινδυνο θερμικο στρεσ αν δεν ελεγχθει η κλιματικη αλλαγη,1
Κομισιόν: Εγκρίθηκε το πρόγραμμα του νέου ΕΣΠΑ για το περιβάλλον--https://t.co/7oFxhH3xMW,κομισιον εγκριθηκε το προγραμμα του νεου εσπα για το περιβαλλον,1
Κομισιόν: Εγκρίθηκε το πρόγραμμα του νέου ΕΣΠΑ για το περιβάλλον - https://t.co/rpjphoVvYq https://t.co/LgICKVBcxM,κομισιον εγκριθηκε το προγραμμα του νεου εσπα για το περιβαλλον,1
Το σχέδιο του παγκοσμίου αποπληθυσμού σε νέες οικολογικές περιπέτειες και όποιος αντέξει. Ποιος θα φέρει την λύση σε όλο αυτό το τεχνητό μπάχαλο που θα μας φέρει όλους στα άκρα με την ψευδο-κλιματική αλλαγή; Θέλουν λύση με τον 666 παγκόσμιο δικτάτορα.    https://t.co/CEOUbsuVUw,το σχεδιο του παγκοσμιου αποπληθυσμου σε νεεσ οικολογικεσ περιπετειεσ και οποιοσ αντεξει ποιοσ θα φερει την λυση σε ολο αυτο το τεχνητο μπαχαλο που θα μασ φερει ολουσ στα ακρα με την ψευδοκλιματικη αλλαγη θελουν λυση με τον παγκοσμιο δικτατορα,1
Πώς τα τραγούδια της μεγάπτερης φάλαινας γίνονται παγκόσμια σουξέ https://t.co/qPg7nmv3tQ #ΑΡΘΡΑ #ΑΡΣΕΝΙΚΑ #ΠΕΡΙΒΑΛΛΟΝ #ΤΡΑΓΟΥΔΙ #ΦΑΛΑΙΝΕΣ By https://t.co/p9zfHynwcm https://t.co/s1Gcbg5raF,πωσ τα τραγουδια τησ μεγαπτερησ φαλαινασ γινονται παγκοσμια σουξε αρθρα αρσενικα περιβαλλον τραγουδι φαλαινες by,1
Πλωτοί τερματικοί σταθμοί θα τροφοδοτούν την Ευρώπη με αέριο – Ανησυχία για το περιβάλλον https://t.co/hMBrXP9MZO,πλωτοι τερματικοι σταθμοι θα τροφοδοτουν την ευρωπη με αεριο ανησυχια για το περιβαλλον,1
"Χαιρετισμός Οικουμενικού Πατριάρχου Βαρθολομαίου στο ΠΣΕ: «Η μεγαλύτερη απειλή για τον πλανήτη δεν είναι ο νέος κορονοϊός, αλλά η κλιματική αλλαγή» @Oikoumene @EcuPatriarch 
https://t.co/HxQ064lo0I",χαιρετισμοσ οικουμενικου πατριαρχου βαρθολομαιου στο πσε η μεγαλυτερη απειλη για τον πλανητη δεν ειναι ο νεοσ κορονοϊοσ αλλα η κλιματικη αλλαγη oikoumene ecupatriarch,1
Διευκρινήσεις από το περιβάλλον του Κώστα Καραμανλή: Καμία αιχμή κατά της κυβέρνησης - mononews #mononewsGR https://t.co/J9RlkZ5RZQ,διευκρινησεισ απο το περιβαλλον του κωστα καραμανλη καμια αιχμη κατα τησ κυβερνησησ mononews mononewsgr,1
"Το περιβάλλον Καραμανλή ρίχνει τους τόνους μετά τον σάλο: Καμία αιχμή κατά της κυβέρνησης https://t.co/wikV52VXQo 

#υποκλοπες #Καραμανλη #Καραμανλης",το περιβαλλον καραμανλη ριχνει τουσ τονουσ μετα τον σαλο καμια αιχμη κατα τησ κυβερνησησ υποκλοπεσ καραμανλη καραμανλησ,1
"Κλιματική Αλλαγή: Οι #πλημμύρες στο #Πακιστάν φέρνουν ξανά στο επίκεντρο το ζήτημα της παροχής βοήθειας στις αναπτυσσόμενες χώρες

https://t.co/dzpVW93x6g 

#climatechange #PakistanFloods",κλιματικη αλλαγη οι πλημμυρεσ στο πακισταν φερνουν ξανα στο επικεντρο το ζητημα τησ παροχησ βοηθειασ στισ αναπτυσσομενεσ χωρεσ climatechange pakistanfloods,1
RT @thistimefromme: Το σχέδιο του παγκοσμίου αποπληθυσμού σε νέες οικολογικές περιπέτειες και όποιος αντέξει. Ποιος θα φέρει την λύση σε όλ…,rt thistimefromme το σχεδιο του παγκοσμιου αποπληθυσμου σε νεεσ οικολογικεσ περιπετειεσ και οποιοσ αντεξει ποιοσ θα φερει την λυση σε ολ,1
Μαξίμου και περιβάλλον Καραμανλή ρίχνουν τους τόνους και δηλώνουν ότι… συμφωνούν για τις θεσμικές αλλαγές ... https://t.co/Qz19i22W9z,μαξιμου και περιβαλλον καραμανλη ριχνουν τουσ τονουσ και δηλωνουν οτι συμφωνουν για τισ θεσμικεσ αλλαγεσ,1
Συνάντηση Χρήστου Στυλιανίδη με την Υφ. Εξωτερικών της Γερμανίας – Στο επίκεντρο η κλιματική κρίση https://t.co/V3sVZGwe75,συναντηση χρηστου στυλιανιδη με την υφ εξωτερικων τησ γερμανιασ στο επικεντρο η κλιματικη κριση,1
Συνάντηση Χρήστου Στυλιανίδη με την Υφ. Εξωτερικών της Γερμανίας – Στο επίκεντρο η κλιματική κρίση https://t.co/PIRLxNxWZn,συναντηση χρηστου στυλιανιδη με την υφ εξωτερικων τησ γερμανιασ στο επικεντρο η κλιματικη κριση,1
"Κλιματική αλλαγή: Το καλοκαίρι του 2022 ακραία φαινόμενα σάρωσαν το βόρειο Ημισφαίριο

https://t.co/ujbSNCJY0E",κλιματικη αλλαγη το καλοκαιρι του ακραια φαινομενα σαρωσαν το βορειο ημισφαιριο,1
Κλιματική αλλαγή: Έπληξε το βόρειο ημισφαίριο – Το καλοκαίρι του 2022 θα είναι το πιο δροσερό της ζωής μας; https://t.co/aDFeHJZlAR,κλιματικη αλλαγη επληξε το βορειο ημισφαιριο το καλοκαιρι του θα ειναι το πιο δροσερο τησ ζωησ μασ,1
Κλιματική αλλαγή: Το καλοκαίρι του 2022 ακραία φαινόμενα σάρωσαν το βόρειο Ημισφαίριο--https://t.co/LTopNwX4AG,κλιματικη αλλαγη το καλοκαιρι του ακραια φαινομενα σαρωσαν το βορειο ημισφαιριο,1
Κλιματική αλλαγή: Το καλοκαίρι του 2022 ακραία φαινόμενα σάρωσαν το βόρειο Ημισφαίριο https://t.co/V3mwbJJKYY,κλιματικη αλλαγη το καλοκαιρι του ακραια φαινομενα σαρωσαν το βορειο ημισφαιριο,1
Κλιματική αλλαγή: Έπληξε το βόρειο ημισφαίριο – Το καλοκαίρι του 2022 θα είναι το πιο δροσερό της ζωής μας; https://t.co/h65rCFuAgN,κλιματικη αλλαγη επληξε το βορειο ημισφαιριο το καλοκαιρι του θα ειναι το πιο δροσερο τησ ζωησ μασ,1
Κλιματική αλλαγή και ξηρασία https://t.co/L8zBwoNzrA,κλιματικη αλλαγη και ξηρασια,1
https://t.co/FbCB45sqLw Δυστυχώς αυτά τα φαινόμενα είναι της φύσης δυστυχώς Αλλά κάποιοι τα πιάνουνε από το λαιμό και λένε είναι η κλιματική αλλαγή ξέρετε τώρα για ποιο λόγο το κάνουμε αυτό η κλιματική αλλαγή σε όλα υπάρχει υπάρχει το πρόσχημα της κλιματικής αλλαγής και καλά,δυστυχωσ αυτα τα φαινομενα ειναι τησ φυσησ δυστυχωσ αλλα καποιοι τα πιανουνε απο το λαιμο και λενε ειναι η κλιματικη αλλαγη ξερετε τωρα για ποιο λογο το κανουμε αυτο η κλιματικη αλλαγη σε ολα υπαρχει υπαρχει το προσχημα τησ κλιματικησ αλλαγησ και καλα,1
"3/6 Βιβλικές πλημμύρες στο #Πακιστάν, προκαλούν &gt;1000 θανάτους, καταστρέφουν &gt;200.000 σπίτια και πλήττουν 33 εκατομμύρια ανθρώπους. Το Πακιστάν είναι από τις χώρες που επηρεάζονται περισσότερο από την κλιματική αλλαγή παρότι ευθύνεται για ελάχιστες εκπομπές αερίων θερμοκηπίου https://t.co/m1SbbtgUjx",βιβλικεσ πλημμυρεσ στο πακισταν προκαλουν gt θανατουσ καταστρεφουν gt σπιτια και πληττουν εκατομμυρια ανθρωπουσ το πακισταν ειναι απο τισ χωρεσ που επηρεαζονται περισσοτερο απο την κλιματικη αλλαγη παροτι ευθυνεται για ελαχιστεσ εκπομπεσ αεριων θερμοκηπιου,1
Φυσιολογικός καιρός Σεπτέμβριος με βροχές τον χειμώνα θα έχει κρύο και χιόνια και την άνοιξη θα ανθίσουν τα λουλούδια. Που είναι η κλιματική αλλαγή;;; Έντονα φαινόμενα υπήρχαν πάντα τέλος. https://t.co/diLDw9xvI3,φυσιολογικοσ καιροσ σεπτεμβριοσ με βροχεσ τον χειμωνα θα εχει κρυο και χιονια και την ανοιξη θα ανθισουν τα λουλουδια που ειναι η κλιματικη αλλαγη εντονα φαινομενα υπηρχαν παντα τελοσ,1
Κλιματική αλλαγή: Έπληξε το βόρειο ημισφαίριο – Το καλοκαίρι του 2022 θα είναι το πιο δροσερό της ζωής μας; https://t.co/AIibHPZ3df,κλιματικη αλλαγη επληξε το βορειο ημισφαιριο το καλοκαιρι του θα ειναι το πιο δροσερο τησ ζωησ μασ,1
"Η κλιματική αλλαγή, άλλοθι για την αδιαφορία της Διοίκησης - https://t.co/FjU3lnjQAs #κλιματικήαλλαγή #ΟικολόγοιΠράσινοι #πολιτική",η κλιματικη αλλαγη αλλοθι για την αδιαφορια τησ διοικησησ κλιματικηαλλαγη οικολογοιπρασινοι πολιτικη,1
Κομισιόν: Εγκρίνει το ελληνικό μέτρο για την αποθήκευση ηλεκτρικής ενέργειας από ανανεώσιμες πηγές https://t.co/kfxzg2FI49,κομισιον εγκρινει το ελληνικο μετρο για την αποθηκευση ηλεκτρικησ ενεργειασ απο ανανεωσιμεσ πηγεσ,1
".@StylianidesEU: Κοινός τόπος στην Ευρώπη ότι είναι περιορισμένα τα εθνικά μέσα για να αντιμετωπίσουν την κλιματική κρίση 

https://t.co/0s1wZk7loe 

#ClimateCrisis https://t.co/8QXBHSxOjV",stylianideseu κοινοσ τοποσ στην ευρωπη οτι ειναι περιορισμενα τα εθνικα μεσα για να αντιμετωπισουν την κλιματικη κριση climatecrisis,1
Διαδικτυακοί χρήστες υποστηρίζουν πως η τηλεόραση ψεύδεται για την κλιματική αλλαγή και προσπαθεί να τρομοκρατήσει τους πολίτες https://t.co/jYi6S1ZOEc,διαδικτυακοι χρηστεσ υποστηριζουν πωσ η τηλεοραση ψευδεται για την κλιματικη αλλαγη και προσπαθει να τρομοκρατησει τουσ πολιτεσ,1
"RT @FlorosVasileios: Μετά την επισιτιστική κρίση, καί τίς παρενέργειες τών εμβολίων πού θα ξεσπάσουν σε λίγο, θα φέρουν την κλιματική αλλαγ…",rt florosvasileios μετα την επισιτιστικη κριση και τισ παρενεργειεσ των εμβολιων που θα ξεσπασουν σε λιγο θα φερουν την κλιματικη αλλαγ,1
Αμπού Ντάμπι: Οι εντυπωσιακοί απολιθωμένοι αμμόλοφοι που δημιουργήθηκαν από την κλιματική αλλαγή https://t.co/1SjdbBp6JB #ΑΘΛΗΤΙΣΜΟΣΠΟΛΙΤΙΣΜΟΣ #ΑΜΜΟΛΟΦΟΙ #ΑΜΠΟΥΝΤΑΜΠΙ By https://t.co/p9zfHynwcm,αμπου νταμπι οι εντυπωσιακοι απολιθωμενοι αμμολοφοι που δημιουργηθηκαν απο την κλιματικη αλλαγη αθλητισμοσπολιτισμος αμμολοφοι αμπουνταμπι by,1
"➡️ 300 εκατ. το κόστος που επωμίζεται ο καταναλωτής
➡️ Φυσικό αέριο και ανανεώσιμες πηγές ενέργειας θα μειώσουν το κόστος

⏩ Διαβάστε στη «Σημερινή» | Του Άγγελου Αγγελοδήμου

https://t.co/Rqs7jznv4H",εκατ το κοστοσ που επωμιζεται ο καταναλωτησ φυσικο αεριο και ανανεωσιμεσ πηγεσ ενεργειασ θα μειωσουν το κοστοσ διαβαστε στη σημερινη του αγγελου αγγελοδημου,1
Γκρέτα Τούνμπεργκ: Οι πολιτικοί της Σουηδίας αγνοούν την κλιματική κρίση - https://t.co/AUH6nVwREV https://t.co/f1sjZsKxOy,γκρετα τουνμπεργκ οι πολιτικοι τησ σουηδιασ αγνοουν την κλιματικη κριση,1
"Δρ Χαράλαμπος Έλληνας: Οικονομικά βιώσιμος ο αγωγός East Med – Απαρχαιωμένο το δίκτυο της ΑΗΚ (ηχητικό) #Cyprus #EastMed @CharlesEllinas   
via @politis_news 
https://t.co/YIqrEaBsDc",δρ χαραλαμποσ ελληνασ οικονομικα βιωσιμοσ ο αγωγοσ east med απαρχαιωμενο το δικτυο τησ αηκ ηχητικο cyprus eastmed charlesellinas via politis_news,1
Μηδενικό αποτύπωμα άνθρακα και οι πολιτικές «βιώσιμων δραστηριοτήτων» ως παράμετροι συρρίκνωσης της ανταγωνιστικότητας - mononews #mononewsGR https://t.co/klL9ZVIhOX,μηδενικο αποτυπωμα ανθρακα και οι πολιτικεσ βιωσιμων δραστηριοτητων ωσ παραμετροι συρρικνωσησ τησ ανταγωνιστικοτητασ mononews mononewsgr,1
Κλιματική αλλαγή: Ο πλέον θερμός Αύγουστος από το 1979 για την Ευρώπη - Documento https://t.co/fi5todY3FI,κλιματικη αλλαγη ο πλεον θερμοσ αυγουστοσ απο το για την ευρωπη documento,1
Τσίπρας: «Δεν είναι βιώσιμο το να επιδοτεί το κράτος από τα δημόσια έσοδα» - mononews #mononewsGR https://t.co/87wFh79o0T,τσιπρασ δεν ειναι βιωσιμο το να επιδοτει το κρατοσ απο τα δημοσια εσοδα mononews mononewsgr,1
Εγκρίθηκε το Περιφερειακό Σχέδιο για την Προσαρμογή στην Κλιματική Αλλαγή (ΠεΣΠΚΑ) Περιφέρειας Κρήτης https://t.co/7t1NI49S6B,εγκριθηκε το περιφερειακο σχεδιο για την προσαρμογη στην κλιματικη αλλαγη πεσπκα περιφερειασ κρητησ,1
RT @LykavitosGr: Μεγάλη ανησυχία για τον «Παγετώνα της Αποκάλυψης»  - Λιώνει με ταχύ ρυθμό  #«Παγετώνας_της_Αποκάλυψης» #Thwaites #κλιματικ…,rt lykavitosgr μεγαλη ανησυχια για τον παγετωνα τησ αποκαλυψησ λιωνει με ταχυ ρυθμο παγετωνασ_τησ_αποκαλυψησ thwaites κλιματικ,1
RT @LykavitosGr: Μεγάλη ανησυχία για τον «Παγετώνα της Αποκάλυψης»  - Λιώνει με ταχύ ρυθμό  #«Παγετώνας_της_Αποκάλυψης» #Thwaites #κλιματικ…,rt lykavitosgr μεγαλη ανησυχια για τον παγετωνα τησ αποκαλυψησ λιωνει με ταχυ ρυθμο παγετωνασ_τησ_αποκαλυψησ thwaites κλιματικ,1
Κλιματική αλλαγή: «Ακραίος» κίνδυνος για το 71% της παραγωγής τροφίμων μέχρι το 2045 - https://t.co/xUtWGQhbby https://t.co/SXJ07x0BLg,κλιματικη αλλαγη ακραιοσ κινδυνοσ για το τησ παραγωγησ τροφιμων μεχρι το,1
Κλιματική κρίση: Σε κατάσταση «ακραίου κινδύνου» η παραγωγή τροφίμων ως το 2045 https://t.co/te8pwd63aZ,κλιματικη κριση σε κατασταση ακραιου κινδυνου η παραγωγη τροφιμων ωσ το,1
RT @Moneypressgr: ΟΗΕ: Πανδημία και κλιματική αλλαγή πήγαν τον κόσμο 5 χρόνια πίσω  #moneypress https://t.co/iZFtiH3vWg,rt moneypressgr οηε πανδημια και κλιματικη αλλαγη πηγαν τον κοσμο χρονια πισω moneypress,1
ΟΗΕ: Πανδημία και κλιματική αλλαγή πήγαν τον κόσμο 5 χρόνια πίσω  #moneypress https://t.co/iZFtiH3vWg,οηε πανδημια και κλιματικη αλλαγη πηγαν τον κοσμο χρονια πισω moneypress,1
Περισσότεροι τρόποι για οδικές μετακινήσεις με βιώσιμο πρόσημο και εξοικονόμηση χρημάτων με τους Χάρτες Google https://t.co/1xwj7qJ7xk,περισσοτεροι τροποι για οδικεσ μετακινησεισ με βιωσιμο προσημο και εξοικονομηση χρηματων με τουσ χαρτεσ google,1
Κλιματική αλλαγή | Οι τουρίστες αποφεύγουν τους προορισμούς με καύσωνα https://t.co/jM8ilqxKyj,κλιματικη αλλαγη οι τουριστεσ αποφευγουν τουσ προορισμουσ με καυσωνα,1
RT @LykavitosGr: Παραγωγή ενέργειας από ανανεώσιμες και εναλλακτικές πήγες  #ΕΥΔΑΠ https://t.co/dFhr91Hs1J,rt lykavitosgr παραγωγη ενεργειασ απο ανανεωσιμεσ και εναλλακτικεσ πηγεσ ευδαπ,1
RT @LykavitosGr: Παραγωγή ενέργειας από ανανεώσιμες και εναλλακτικές πήγες  #ΕΥΔΑΠ https://t.co/dFhr91Hs1J,rt lykavitosgr παραγωγη ενεργειασ απο ανανεωσιμεσ και εναλλακτικεσ πηγεσ ευδαπ,1
"Κλιματική αλλαγή: Σημεία καμπής «χωρίς επιστροφή» αν αυξηθεί η θερμοκρασία άνω του 1,5 βαθμού - https://t.co/lKI7CORpNH https://t.co/qBlMIYDYVA",κλιματικη αλλαγη σημεια καμπησ χωρισ επιστροφη αν αυξηθει η θερμοκρασια ανω του βαθμου,1
"Southeast Europe Energy Forum: Αναζητώντας την ενεργειακή σταθερότητα σε ένα διαρκώς μεταβαλλόμενο περιβάλλον (VIDEO) - https://t.co/eiOPQNSsIs https://t.co/LluoDlCHGg 
#Southeast_Europe_Energy_Forum #Ενεργειακή_Κρίση #Επιπτώσεις #Μέτρα",southeast europe energy forum αναζητωντασ την ενεργειακη σταθεροτητα σε ενα διαρκωσ μεταβαλλομενο περιβαλλον video southeast_europe_energy_forum ενεργειακη_κριση επιπτωσεισ μετρα,1
#ΠΑΣΟΚ  – Κίνημα Αλλάγης :  Η ανάπτυξη για να είναι βιώσιμη μακροπρόθεσμα δεν μπορεί να βασίζεται μόνο στην κατανάλωση https://t.co/qzNJvsEe0y,πασοκ κινημα αλλαγησ η αναπτυξη για να ειναι βιωσιμη μακροπροθεσμα δεν μπορει να βασιζεται μονο στην καταναλωση,1
COP27: Χιλιάδες δρομείς στέλνουν παγκόσμιο μήνυμα για την κλιματική αλλαγή - Documento https://t.co/CHFrPyc3d8,cop χιλιαδεσ δρομεισ στελνουν παγκοσμιο μηνυμα για την κλιματικη αλλαγη documento,1
Γεωργιάδης: Η πράσινη ενέργεια μπορεί να γίνει το μεγαλύτερο ανταγωνιστικό πλεονέκτημα της Ελλάδας - https://t.co/11PJ6qfLcE https://t.co/h5DMtRiK6o,γεωργιαδησ η πρασινη ενεργεια μπορει να γινει το μεγαλυτερο ανταγωνιστικο πλεονεκτημα τησ ελλαδασ,1
"SOS από τους επιστήμονες: Αν η θερμοκρασία στη Γη αυξηθεί πάνω από 1,5° Κελσίου ίσως υπάρξουν αλλαγές «χωρίς επιστροφή» https://t.co/jilqFvzze5 #ΕΡΕΥΝΕΣ #ΚΛΙΜΑ #ΠΕΡΙΒΑΛΛΟΝ https://t.co/bAn1zVA4Zd",sos απο τουσ επιστημονεσ αν η θερμοκρασια στη γη αυξηθει πανω απο κελσιου ισωσ υπαρξουν αλλαγεσ χωρισ επιστροφη ερευνες κλιμα περιβαλλον,1
Γεωργιάδης: Τα επόμενα 4-6 χρόνια θα είναι χρόνια κοσμογονίας στις ανανεώσιμες πηγές ενέργειας - mononews #mononewsGR https://t.co/ZUSuaNhNtX,γεωργιαδησ τα επομενα χρονια θα ειναι χρονια κοσμογονιασ στισ ανανεωσιμεσ πηγεσ ενεργειασ mononews mononewsgr,1
".@AdonisGeorgiadi: Τα επόμενα 4-6 χρόνια θα είναι χρόνια κοσμογονίας στο δίκτυο και στις επενδύσεις στις ανανεώσιμες πηγές ενέργειας στην Ελλάδα

https://t.co/29uLdxHKSL https://t.co/hPBu5OJA1c",adonisgeorgiadi τα επομενα χρονια θα ειναι χρονια κοσμογονιασ στο δικτυο και στισ επενδυσεισ στισ ανανεωσιμεσ πηγεσ ενεργειασ στην ελλαδα,1
Κλιματική αλλαγή: Ο πλανήτης στα όρια 4 μεγάλων σημείων καμπής https://t.co/LyzBouUsCX,κλιματικη αλλαγη ο πλανητησ στα ορια μεγαλων σημειων καμπησ,1
Νεφρολιθίαση: Η κλιματική αλλαγή αυξάνει τις πέτρες στο νεφρό. Τι δείχνουν νέες μελέτες ... https://t.co/IrEzyX1DFw,νεφρολιθιαση η κλιματικη αλλαγη αυξανει τισ πετρεσ στο νεφρο τι δειχνουν νεεσ μελετεσ,1
"Το περιβάλλον  και όχι γενετικοί  παράγοντες,  προκαλούν μυωπία  στα παιδιά https://t.co/UqZqS2TClT",το περιβαλλον και οχι γενετικοι παραγοντεσ προκαλουν μυωπια στα παιδια,1
RT @LykavitosGr: Σε κατάσταση «ακραίου κινδύνου» η παραγωγή τροφίμων μέχρι το 2045  #παραγωγή #τρόφιμα #κλιματική_κρίση https://t.co/8ReTLE…,rt lykavitosgr σε κατασταση ακραιου κινδυνου η παραγωγη τροφιμων μεχρι το παραγωγη τροφιμα κλιματικη_κριση,1
RT @LykavitosGr: Σε κατάσταση «ακραίου κινδύνου» η παραγωγή τροφίμων μέχρι το 2045  #παραγωγή #τρόφιμα #κλιματική_κρίση https://t.co/8ReTLE…,rt lykavitosgr σε κατασταση ακραιου κινδυνου η παραγωγη τροφιμων μεχρι το παραγωγη τροφιμα κλιματικη_κριση,1
Γεωργιάδης: Η πράσινη ενέργεια μπορεί να γίνει το ανταγωνιστικό πλεονέκτημα της Ελλάδας https://t.co/KatJqHDSyA,γεωργιαδησ η πρασινη ενεργεια μπορει να γινει το ανταγωνιστικο πλεονεκτημα τησ ελλαδασ,1
"Νάξος - Σύλλογος Προστασίας Αγριας Ζωής: Ο ""Don"" επέστρεψε στο φυσικό του περιβάλλον https://t.co/0oRuxlqxS9",ναξοσ συλλογοσ προστασιασ αγριασ ζωησ ο don επεστρεψε στο φυσικο του περιβαλλον,1
Σοφία Παυλίδου: «Το υποστηρικτικό οικογενειακό περιβάλλον μπορεί να βοηθήσει τους μαθητές να ξεπεράσουν το #Δημοκρατική #Ρόδος #Δωδεκάνησα https://t.co/c0N9iF0fdY,σοφια παυλιδου το υποστηρικτικο οικογενειακο περιβαλλον μπορει να βοηθησει τουσ μαθητεσ να ξεπερασουν το δημοκρατικη ροδοσ δωδεκανησα,1
Συνέντευξη Τύπου σε προστατευμένο περιβάλλον από ένα πρωθυπουργό χωρίς απαντήσεις - Documento https://t.co/2FCvaTrXaj,συνεντευξη τυπου σε προστατευμενο περιβαλλον απο ενα πρωθυπουργο χωρισ απαντησεισ documento,1
Κλιματική αλλαγή: Ο πλανήτης στα όρια 4 μεγάλων σημείων καμπής https://t.co/Sz4JmodVG3,κλιματικη αλλαγη ο πλανητησ στα ορια μεγαλων σημειων καμπησ,1
"Παραγωγή ενέργειας από ανανεώσιμες και εναλλακτικές πηγές,
https://t.co/igdn3jf2S5,",παραγωγη ενεργειασ απο ανανεωσιμεσ και εναλλακτικεσ πηγεσ,1
BlackRock: Έξυπνος καπιταλισμός η «πράσινη ενέργεια» - Επικίνδυνες οι επενδύσεις σε παραγωγούς ορυκτών καυσίμων https://t.co/flRLt161Yt,blackrock εξυπνοσ καπιταλισμοσ η πρασινη ενεργεια επικινδυνεσ οι επενδυσεισ σε παραγωγουσ ορυκτων καυσιμων,1
BlackRock: Έξυπνος καπιταλισμός η «πράσινη ενέργεια» - Επικίνδυνες οι επενδύσεις σε παραγωγούς ορυκτών καυσίμων https://t.co/ibSw7R0Gs4,blackrock εξυπνοσ καπιταλισμοσ η πρασινη ενεργεια επικινδυνεσ οι επενδυσεισ σε παραγωγουσ ορυκτων καυσιμων,1
Προβληματική η κάλυψη των διατροφικών αναγκών μας χωρίς βιώσιμη χρήση των υδάτων και αντιμετώπιση της ξηρασίας - LarissaPress https://t.co/MCOvSFZlR7,προβληματικη η καλυψη των διατροφικων αναγκων μασ χωρισ βιωσιμη χρηση των υδατων και αντιμετωπιση τησ ξηρασιασ larissapress,1
Οι συναλλαγές χωρίς μετρητά βοηθούν το περιβάλλον https://t.co/t6rIXvJiyw,οι συναλλαγεσ χωρισ μετρητα βοηθουν το περιβαλλον,1
"""ΠΕΡΙΒΑΛΛΟΝ ΚΑΙ ΕΞΟΙΚΟΝΟΜΗΣΗ ΕΝΕΡΓΕΙΑΣ"" https://t.co/SIp5LQRBtP",περιβαλλον και εξοικονομηση ενεργειας,1
"Κλιματική αλλαγή| Xωρίς επιστροφή αν η θερμοκρασία αυξηθεί πέραν του 1,5° Κελσίου https://t.co/BSEWmMH11k μέσω @Arena News | Ηλεκτρονική εφημερίδα της Πελοποννήσου",κλιματικη αλλαγη xωρισ επιστροφη αν η θερμοκρασια αυξηθει περαν του κελσιου μεσω arena news ηλεκτρονικη εφημεριδα τησ πελοποννησου,1
"@kakakatapult @kobarsos πελτ ήμουνα παιδάκι όταν είδα το wild at heart και διαμόρφωσε κατά πολύ τον τρόπο που βλέπω, θέλω να πω είναι και οι περιστάσεις, το περιβάλλον, η ηλικία, η οπτική που καθορίζουν τι μπορεί να σε σημαδέψει στο σινεμά, και παντού φαντάζομαι.",kakakatapult kobarsos πελτ ημουνα παιδακι οταν ειδα το wild at heart και διαμορφωσε κατα πολυ τον τροπο που βλεπω θελω να πω ειναι και οι περιστασεισ το περιβαλλον η ηλικια η οπτικη που καθοριζουν τι μπορει να σε σημαδεψει στο σινεμα και παντου φανταζομαι,1
Κλιματική αλλαγή: Επενδυτές με κεφάλαια $39 τρισ. ζητούν μέτρα από τις κυβερνήσεις https://t.co/QDZZhferkN,κλιματικη αλλαγη επενδυτεσ με κεφαλαια τρισ ζητουν μετρα απο τισ κυβερνησεισ,1
“ΠΕΡΙΒΑΛΛΟΝ ΚΑΙ ΕΞΟΙΚΟΝΟΜΗΣΗ ΕΝΕΡΓΕΙΑΣ” https://t.co/2cu6iPqPSx,περιβαλλον και εξοικονομηση ενεργειας,1
[Κλικ και διαβάστε στο Real News]Στυλιανίδης: Η ευρωπαϊκή πράσινη συμφωνία είναι η απάντηση της ΕΕ στην κλιματική κρίση https://t.co/z0gXZDKCBz,κλικ και διαβαστε στο real newsστυλιανιδησ η ευρωπαϊκη πρασινη συμφωνια ειναι η απαντηση τησ εε στην κλιματικη κριση,1
Στυλιανίδης: «Η ευρωπαϊκή πράσινη συμφωνία είναι η απάντηση της ΕΕ στην κλιματική κρίση» - mononews #mononewsGR https://t.co/yZlWIO8EUX,στυλιανιδησ η ευρωπαϊκη πρασινη συμφωνια ειναι η απαντηση τησ εε στην κλιματικη κριση mononews mononewsgr,1
Στυλιανίδης: Η ευρωπαϊκή πράσινη συμφωνία είναι η απάντηση της ΕΕ στην κλιματική κρίση https://t.co/nIp6mhx4EK,στυλιανιδησ η ευρωπαϊκη πρασινη συμφωνια ειναι η απαντηση τησ εε στην κλιματικη κριση,1
Γκουτέρες προς τους ηγέτες του πλανήτη για την κλιματική αλλαγή: «Μην πνίξετε τον κόσμο» https://t.co/ahCSCV8Rw7,γκουτερεσ προσ τουσ ηγετεσ του πλανητη για την κλιματικη αλλαγη μην πνιξετε τον κοσμο,1
Στυλιανίδης: «Η ευρωπαϊκή πράσινη συμφωνία είναι η απάντηση της ΕΕ στην κλιματική κρίση» - mononews #mononewsGR https://t.co/SF497rm604,στυλιανιδησ η ευρωπαϊκη πρασινη συμφωνια ειναι η απαντηση τησ εε στην κλιματικη κριση mononews mononewsgr,1
".@StylianidesEU : Η ευρωπαϊκή πράσινη συμφωνία είναι η απάντηση της ΕΕ στην κλιματική κρίση

https://t.co/BjGyafGixR https://t.co/ptt76HZZcQ",stylianideseu η ευρωπαϊκη πρασινη συμφωνια ειναι η απαντηση τησ εε στην κλιματικη κριση,1
"Κατάσταση της ΕΕ: Ουκρανία, ενέργεια, κλιματική αλλαγή, οικονομία  https://t.co/TWUOku3PCr via @Europarl_EL",κατασταση τησ εε ουκρανια ενεργεια κλιματικη αλλαγη οικονομια via europarl_el,1
Η κλιματική αλλαγή πάει σχολείο #Δημοκρατική #Ρόδος #Δωδεκάνησα https://t.co/ep2aou5nBk,η κλιματικη αλλαγη παει σχολειο δημοκρατικη ροδοσ δωδεκανησα,1
Ραφήνα: Ποια είναι η πραγματικότητα και ποιοι οι μύθοι για την παραλία Μαρίκες https://t.co/1a5fbrpRjK #ΑΥΤΟΔΙΟΙΚΗΣΗ #ΠΑΡΑΛΙΑΜΑΡΙΚΕΣ #ΠΕΡΙΒΑΛΛΟΝ By https://t.co/p9zfHynwcm https://t.co/Rhq6DMkkPi,ραφηνα ποια ειναι η πραγματικοτητα και ποιοι οι μυθοι για την παραλια μαρικεσ αυτοδιοικηση παραλιαμαρικες περιβαλλον by,1
Η ΕΕ πρέπει να ενισχύσει επειγόντως τη δράση της για το κλίμα https://t.co/W32tTdNxuA via @Europarl_EL,η εε πρεπει να ενισχυσει επειγοντωσ τη δραση τησ για το κλιμα via europarl_el,1
"Oxfam: Η ""οξεία πείνα"" επιδεινώθηκε σφόδρα από την κλιματική κρίση https://t.co/yUwF5Jsikr",oxfam η οξεια πεινα επιδεινωθηκε σφοδρα απο την κλιματικη κριση,1
"RT @amna_sportgr: Ο Τζαμ Νατζάφι, ζήτησε την παραίτηση του ιδιοκτήτη των @Suns, μετά τις καταγγελίες ότι δημιούργησε ένα τοξικό εργασιακό π…",rt amna_sportgr ο τζαμ νατζαφι ζητησε την παραιτηση του ιδιοκτητη των suns μετα τισ καταγγελιεσ οτι δημιουργησε ενα τοξικο εργασιακο π,1
Ο πρόεδρος της Νότιας Αφρικής θα συζητήσει με τον Μπάιντεν για την κλιματική αλλαγή και την ενεργειακή μετάβαση https://t.co/Opn94qyoM1,ο προεδροσ τησ νοτιασ αφρικησ θα συζητησει με τον μπαιντεν για την κλιματικη αλλαγη και την ενεργειακη μεταβαση,1
"Η «στροφή» σε παραδοσιακές μορφές θέρμανσης θα επηρεάσει την ατμόσφαιρα;- Τι χειμώνα «περιμένουμε»;- Ο Μ. Σιούτας απαντά στο Infonews24 (Βίντεο)
#θέρμανση #χειμώνας #Μιχάλης_Σιούτας #καιρός #ενεργειακή_κρίση #κλιματική_αλλαγή
https://t.co/CZLWX0zQDh",η στροφη σε παραδοσιακεσ μορφεσ θερμανσησ θα επηρεασει την ατμοσφαιρα τι χειμωνα περιμενουμε ο μ σιουτασ απαντα στο infonews βιντεο θερμανση χειμωνασ μιχαλησ_σιουτασ καιροσ ενεργειακη_κριση κλιματικη_αλλαγη,1
Η επισιτιστική επάρκεια και η βιώσιμη παραγωγή τροφίμων στο επίκεντρο των υπουργών Γεωργίας της ΕΕ - LarissaPress https://t.co/SCmwtXMifl,η επισιτιστικη επαρκεια και η βιωσιμη παραγωγη τροφιμων στο επικεντρο των υπουργων γεωργιασ τησ εε larissapress,1
Η ΕΕ πρέπει να ενισχύσει επειγόντως τη δράση της για το κλίμα https://t.co/0kOeWW3f5R,η εε πρεπει να ενισχυσει επειγοντωσ τη δραση τησ για το κλιμα,1
ΥπΑΑΤ: Παρέμβαση για τη διασφάλιση της επισιτιστικής επάρκειας και τη βιώσιμη παραγωγή τροφίμων - https://t.co/L2hPgwGni9,υπαατ παρεμβαση για τη διασφαλιση τησ επισιτιστικησ επαρκειασ και τη βιωσιμη παραγωγη τροφιμων,1
Oxfam: Η «οξεία πείνα» επιδεινώθηκε σφόδρα από την κλιματική κρίση στις χώρες που είναι οι περισσότερο εκτεθειμένες--https://t.co/h6dvMpKzY3,oxfam η οξεια πεινα επιδεινωθηκε σφοδρα απο την κλιματικη κριση στισ χωρεσ που ειναι οι περισσοτερο εκτεθειμενεσ,1
"Κ. Κοκολάκης στο Infonews24: «Πολλοί Δήμοι θεωρούν την πολιτική προστασία πάρεργο και παρεμβαίνουν όταν καταστραφούν» (Βίντεο) 
#Κωνσταντίνος_Κοκολάκης #πολιτική_προστασία #ΟΤΑ #κλιματική_αλλαγή
https://t.co/JpvWuUorpV",κ κοκολακησ στο infonews πολλοι δημοι θεωρουν την πολιτικη προστασια παρεργο και παρεμβαινουν οταν καταστραφουν βιντεο κωνσταντινοσ_κοκολακησ πολιτικη_προστασια οτα κλιματικη_αλλαγη,1
Oxfam: Η «οξεία πείνα» επιδεινώθηκε σφόδρα από την κλιματική κρίση - Documento https://t.co/g7kkpyfgU0,oxfam η οξεια πεινα επιδεινωθηκε σφοδρα απο την κλιματικη κριση documento,1
RT @zamboulakis: Νά γεύεσαι την απλή γραφικότητα τών Κυκλάδων απολαμβάνοντας σέ αυτό τό περιβάλλον της Σύρου τόν καφέ ή τούς νησιωτικούς με…,rt zamboulakis να γευεσαι την απλη γραφικοτητα των κυκλαδων απολαμβανοντασ σε αυτο το περιβαλλον τησ συρου τον καφε η τουσ νησιωτικουσ με,1
Κλιματική αλλαγή: Οι επιστήμονες σχεδιάζουν να ψύξουν ξανά τους πόλους της Γης https://t.co/2krChKMfkP,κλιματικη αλλαγη οι επιστημονεσ σχεδιαζουν να ψυξουν ξανα τουσ πολουσ τησ γησ,1
«Ανακυκλώνω - Αλλάζω Συσκευή»: Προθεσμία έως 1η Νοεμβρίου - Τα βήματα που πρέπει να ακολουθήσετε https://t.co/gmFT83qMj9 #ΕΠΙΔΟΜΑΤΑ #ΠΕΡΙΒΑΛΛΟΝ https://t.co/qjp383qIfR,ανακυκλωνω αλλαζω συσκευη προθεσμια εωσ η νοεμβριου τα βηματα που πρεπει να ακολουθησετε επιδοματα περιβαλλον,1
Κικίλιας: Ο βιώσιμος τουρισμός στο επίκεντρο της νέας και μεγάλης καμπάνιας του ΕΟΤ https://t.co/jLKfcv3XUG,κικιλιασ ο βιωσιμοσ τουρισμοσ στο επικεντρο τησ νεασ και μεγαλησ καμπανιασ του εοτ,1
Κικίλιας: Ο βιώσιμος τουρισμός στο επίκεντρο της νέας μεγάλης καμπάνιας του ΕΟΤ https://t.co/DpeitZiUXL,κικιλιασ ο βιωσιμοσ τουρισμοσ στο επικεντρο τησ νεασ μεγαλησ καμπανιασ του εοτ,1
Μ. Χαρακόπουλος: Απαιτείται δυναμική στροφή προς Ανανεώσιμες Πηγές Ενέργειας https://t.co/kikUx8zE2g,μ χαρακοπουλοσ απαιτειται δυναμικη στροφη προσ ανανεωσιμεσ πηγεσ ενεργειασ,1
"Κικίλιας: Ο βιώσιμος τουρισμός στο επίκεντρο της νέας και μεγάλης καμπάνιας του ΕΟΤ

https://t.co/WPtgJC0XqI",κικιλιασ ο βιωσιμοσ τουρισμοσ στο επικεντρο τησ νεασ και μεγαλησ καμπανιασ του εοτ,1
Ο βιώσιμος τουρισμός στο επίκεντρο της νέας μεγάλης καμπάνιας... https://t.co/5LFPPAhjCv,ο βιωσιμοσ τουρισμοσ στο επικεντρο τησ νεασ μεγαλησ καμπανιασ,1
RT @Moneypressgr: JUMBO: Θετικό μήνυμα από τα αποτελέσματα 6μήνου - Το ασταθές περιβάλλον παραμένει  #moneypress https://t.co/8mWD1SWa7p,rt moneypressgr jumbo θετικο μηνυμα απο τα αποτελεσματα μηνου το ασταθεσ περιβαλλον παραμενει moneypress,1
JUMBO: Θετικό μήνυμα από τα αποτελέσματα 6μήνου - Το ασταθές περιβάλλον παραμένει  #moneypress https://t.co/8mWD1SWa7p,jumbo θετικο μηνυμα απο τα αποτελεσματα μηνου το ασταθεσ περιβαλλον παραμενει moneypress,1
[Κλικ και διαβάστε στο NewsIt] #Βασίλης  #Κικίλιας: Ο βιώσιμος τουρισμός στο επίκεντρο της νέας μεγάλης καμπάνιας του ΕΟΤ https://t.co/VEWBYYRqbz,κλικ και διαβαστε στο newsit βασιλησ κικιλιασ ο βιωσιμοσ τουρισμοσ στο επικεντρο τησ νεασ μεγαλησ καμπανιασ του εοτ,1
RT @LykavitosGr: JUMBO: Θετικό μήνυμα από τα αποτελέσματα 6μήνου - Το ασταθές περιβάλλον παραμένει  #Jumbo #αποτελεσματα https://t.co/FgDmr…,rt lykavitosgr jumbo θετικο μηνυμα απο τα αποτελεσματα μηνου το ασταθεσ περιβαλλον παραμενει jumbo αποτελεσματα,1
RT @LykavitosGr: JUMBO: Θετικό μήνυμα από τα αποτελέσματα 6μήνου - Το ασταθές περιβάλλον παραμένει  #Jumbo #αποτελεσματα https://t.co/FgDmr…,rt lykavitosgr jumbo θετικο μηνυμα απο τα αποτελεσματα μηνου το ασταθεσ περιβαλλον παραμενει jumbo αποτελεσματα,1
Κικίλιας: Ο βιώσιμος τουρισμός στο επίκεντρο της καμπάνιας του ΕΟΤ #Δημοκρατική #Ρόδος #Δωδεκάνησα https://t.co/rFmKFG0D23,κικιλιασ ο βιωσιμοσ τουρισμοσ στο επικεντρο τησ καμπανιασ του εοτ δημοκρατικη ροδοσ δωδεκανησα,1
Κικίλιας: Ο βιώσιμος τουρισμός στο επίκεντρο της νέας μεγάλης καμπάνιας του ΕΟΤ https://t.co/ynj0od9PV0,κικιλιασ ο βιωσιμοσ τουρισμοσ στο επικεντρο τησ νεασ μεγαλησ καμπανιασ του εοτ,1
Πέτρος Κόκκαλης: «Δικαιοσύνη για όσους πλήττονται από την κλιματική αλλαγή» https://t.co/nqQ6S5swG4,πετροσ κοκκαλησ δικαιοσυνη για οσουσ πληττονται απο την κλιματικη αλλαγη,1
Κικίλιας: Ο βιώσιμος τουρισμός στο επίκεντρο της νέας καμπάνιας του ΕΟΤ - https://t.co/Sb3xjcqYTB https://t.co/7wyw77XsND,κικιλιασ ο βιωσιμοσ τουρισμοσ στο επικεντρο τησ νεασ καμπανιασ του εοτ,1
[https://t.co/bDHZLmoC6L] #Κικίλιας:  «Ο βιώσιμος τουρισμός στο επίκεντρο της νέας μεγάλης καμπάνιας του ΕΟΤ» https://t.co/sisp0vRLhS,κικιλιασ ο βιωσιμοσ τουρισμοσ στο επικεντρο τησ νεασ μεγαλησ καμπανιασ του εοτ,1
Κικίλιας: Ο βιώσιμος τουρισμός στο επίκεντρο της νέας μεγάλης καμπάνιας του ΕΟΤ https://t.co/pBuvBoWLq0 #businessnewsgr,κικιλιασ ο βιωσιμοσ τουρισμοσ στο επικεντρο τησ νεασ μεγαλησ καμπανιασ του εοτ businessnewsgr,1
Κικίλιας: Ο βιώσιμος τουρισμός στο επίκεντρο της νέας καμπάνιας του ΕΟΤ - Η Ελλάδα πρωτοπόρος στην επιτάχυνση της πράσινης μετάβασης https://t.co/n52xvaoNy9,κικιλιασ ο βιωσιμοσ τουρισμοσ στο επικεντρο τησ νεασ καμπανιασ του εοτ η ελλαδα πρωτοποροσ στην επιταχυνση τησ πρασινησ μεταβασησ,1
Βασίλης Κικίλιας: «Ο βιώσιμος τουρισμός στο επίκεντρο της νέας μεγάλης καμπάνιας του ΕΟΤ»  https://t.co/Wea3NpGUKa,βασιλησ κικιλιασ ο βιωσιμοσ τουρισμοσ στο επικεντρο τησ νεασ μεγαλησ καμπανιασ του εοτ,1
Κικίλιας: «Ο βιώσιμος τουρισμός στο επίκεντρο της νέας μεγάλης καμπάνιας του ΕΟΤ» https://t.co/l3ZHUK47Yg,κικιλιασ ο βιωσιμοσ τουρισμοσ στο επικεντρο τησ νεασ μεγαλησ καμπανιασ του εοτ,1
Χαρακόπουλος: Απαιτείται δυναμική στροφή προς Ανανεώσιμες Πηγές Ενέργειας - LarissaPress https://t.co/BlLleOKbsY,χαρακοπουλοσ απαιτειται δυναμικη στροφη προσ ανανεωσιμεσ πηγεσ ενεργειασ larissapress,1
Γερμανία: Στηρίζει τις χώρες που πλήττονται από την κλιματική και την επισιτιστική κρίση https://t.co/wS8oEmM0pC,γερμανια στηριζει τισ χωρεσ που πληττονται απο την κλιματικη και την επισιτιστικη κριση,1
"Η #Γερμανία υπόσχεται στήριξη στις χώρες που πλήττονται από την κλιματική αλλαγή και την επισιτιστική κρίση

https://t.co/22f6b7Rwbh

#Germany #ClimateCrisis #ClimateChange #FoodCrisis",η γερμανια υποσχεται στηριξη στισ χωρεσ που πληττονται απο την κλιματικη αλλαγη και την επισιτιστικη κριση germany climatecrisis climatechange foodcrisis,1
Γερμανία: Στήριξη στις χώρες που πλήττονται από κλιματική αλλαγή και επισιτιστική κρίση - https://t.co/rQlEQKkZnH https://t.co/Nio27xuo80,γερμανια στηριξη στισ χωρεσ που πληττονται απο κλιματικη αλλαγη και επισιτιστικη κριση,1
Η κλιματική αλλαγή τριπλασιάζει τις πιθανότητες νέας πανδημίας! https://t.co/6dSbyJsjVO #Πολεμος_στην_Ουκρανια #πολιτικη #greece,η κλιματικη αλλαγη τριπλασιαζει τισ πιθανοτητεσ νεασ πανδημιασ πολεμοσ_στην_ουκρανια πολιτικη greece,1
SOS από τους επιστήμονες – Πώς η κλιματική αλλαγή πυροδοτεί νέες πανδημίες https://t.co/333A5YKTO1,sos απο τουσ επιστημονεσ πωσ η κλιματικη αλλαγη πυροδοτει νεεσ πανδημιεσ,1
Έρευνα: Πώς η κλιματική αλλαγή επηρεάζει την εμφάνιση νέων μεταδοτικών ασθενειών - https://t.co/OCTMeknbJO https://t.co/SA9liCq0sD,ερευνα πωσ η κλιματικη αλλαγη επηρεαζει την εμφανιση νεων μεταδοτικων ασθενειων,1
"Η κλιματική αλλαγή μπορεί να κάνει τις πανδημίες πιο συχνές - Αποκαλυπτικό ρεπορτάζ, αρθρογραφία και άμεση ενημέρωση, με όλα τα τελευταία νέα και ειδήσεις για την Οικονομία, τις Επιχειρήσεις, το Χρηματιστήριο, το Bitcoin, τις πολιτικές εξελίξεις και τον... https://t.co/UKbNchYAyP",η κλιματικη αλλαγη μπορει να κανει τισ πανδημιεσ πιο συχνεσ αποκαλυπτικο ρεπορταζ αρθρογραφια και αμεση ενημερωση με ολα τα τελευταια νεα και ειδησεισ για την οικονομια τισ επιχειρησεισ το χρηματιστηριο το bitcoin τισ πολιτικεσ εξελιξεισ και τον,1
Η κλιματική αλλαγή κάνει τις πανδημίες πιο συχνές https://t.co/PzE1VKPIpy,η κλιματικη αλλαγη κανει τισ πανδημιεσ πιο συχνεσ,1
"Η #κλιματική_αλλαγή μπορεί να κάνει τις πανδημίες πιο συχνές 

https://t.co/7sdzMLkca3

#climatecrisis #πανδημία",η κλιματικη_αλλαγη μπορει να κανει τισ πανδημιεσ πιο συχνεσ climatecrisis πανδημια,1
"Η #κλιματική_αλλαγή μπορεί να κάνει τις πανδημίες πιο συχνές

https://t.co/7sdzMLkJZB

#climatecrisis #πανδημία",η κλιματικη_αλλαγη μπορει να κανει τισ πανδημιεσ πιο συχνεσ climatecrisis πανδημια,1
SOS από τους επιστήμονες – Πώς η κλιματική αλλαγή πυροδοτεί νέες πανδημίες https://t.co/RaYPc3f0px,sos απο τουσ επιστημονεσ πωσ η κλιματικη αλλαγη πυροδοτει νεεσ πανδημιεσ,1
"Η κλιματική αλλαγή μπορεί να κάνει τις πανδημίες πιο συχνές
https://t.co/3NfxEwwRHO https://t.co/nkl8gXYf9K",η κλιματικη αλλαγη μπορει να κανει τισ πανδημιεσ πιο συχνεσ,1
RT @LykavitosGr: H «La Nina» προκαλεί μία σειρά από έντονα καιρικά φαινόμενα και κοστίζει 1 τρισεκατομμύριο δολάρια  #«La_Nina» #καιρικά_φα…,rt lykavitosgr h la nina προκαλει μια σειρα απο εντονα καιρικα φαινομενα και κοστιζει τρισεκατομμυριο δολαρια la_nina καιρικα_φα,1
RT @LykavitosGr: H «La Nina» προκαλεί μία σειρά από έντονα καιρικά φαινόμενα και κοστίζει 1 τρισεκατομμύριο δολάρια  #«La_Nina» #καιρικά_φα…,rt lykavitosgr h la nina προκαλει μια σειρα απο εντονα καιρικα φαινομενα και κοστιζει τρισεκατομμυριο δολαρια la_nina καιρικα_φα,1
Jumbo: Θετικό μήνυμα από τα αποτελέσματα 6μήνου – το ασταθές περιβάλλον παραμένει https://t.co/EpBVKXEZ3J,jumbo θετικο μηνυμα απο τα αποτελεσματα μηνου το ασταθεσ περιβαλλον παραμενει,1
"Ναι, η κλιματική αλλαγή είναι ανθρωπογενής – αλλά όχι για αυτό που πιστεύετε... 
https://t.co/NikkDnpP3z",ναι η κλιματικη αλλαγη ειναι ανθρωπογενησ αλλα οχι για αυτο που πιστευετε,1
"Όσοι αρνείστε την κλιματική αλλαγή, είστε ψυχοπαθείς.! ΄Ετσι λένε αυστραλοί “ερευνητές”..",οσοι αρνειστε την κλιματικη αλλαγη ειστε ψυχοπαθεισ ετσι λενε αυστραλοι ερευνητεσ,1
"Η κλιματική αλλαγή μπορεί να κάνει τις πανδημίες πιο συχνές
#CLIMATE_CHANGE #ΚΛΙΜΑΤΙΚΗ_ΑΛΛΑΓΗ #ΠΑΝΔΗΜΙΑ https://t.co/rRfBbE1tt6",η κλιματικη αλλαγη μπορει να κανει τισ πανδημιεσ πιο συχνεσ climate_change κλιματικη_αλλαγη πανδημια,1
Έρευνα: Πώς η κλιματική αλλαγή επηρεάζει την εμφάνιση νέων μεταδοτικών ασθενειών https://t.co/s2UFduvqOA #ΑΡΘΡΑ #ΕΡΕΥΝΑ #ΚΛΙΜΑΤΙΚΗΑΛΛΑΓΗ #ΠΕΡΙΒΑΛΛΟΝ By https://t.co/p9zfHynwcm https://t.co/5rY0S2Ccu9,ερευνα πωσ η κλιματικη αλλαγη επηρεαζει την εμφανιση νεων μεταδοτικων ασθενειων αρθρα ερευνα κλιματικηαλλαγη περιβαλλον by,1
"Είναι βιώσιμη η επένδυση του ΤΧΣ;
Προφανώς και όχι και εδώ εγείρονται πολλά ερωτηματικά...
 https://t.co/iumuk8Km6d",ειναι βιωσιμη η επενδυση του τχς προφανωσ και οχι και εδω εγειρονται πολλα ερωτηματικα,1
Τι μπορώ να κάνω εγώ για την κλιματική αλλαγή; https://t.co/H6qd4yzJZM,τι μπορω να κανω εγω για την κλιματικη αλλαγη,1
"SOS από τους επιστήμονες: Η κλιματική αλλαγή μπορεί να κάνει τις πανδημίες πιο συχνές

https://t.co/f2zdDY2Vr1",sos απο τουσ επιστημονεσ η κλιματικη αλλαγη μπορει να κανει τισ πανδημιεσ πιο συχνεσ,1
Γερμανία: Στήριξη στις χώρες που πλήττονται από την κλιματική αλλαγή και την επισιτιστική κρίση - https://t.co/fyZFDVBaNl https://t.co/heEAigFXc9,γερμανια στηριξη στισ χωρεσ που πληττονται απο την κλιματικη αλλαγη και την επισιτιστικη κριση,1
Στα 500 δισ. ευρώ ο «λογαριασμός» της ενεργειακής κρίσης στην ΕΕ - Προειδοποίηση Bruegel: Μη βιώσιμο δημοσιονομικά https://t.co/G25sCDpvsW,στα δισ ευρω ο λογαριασμοσ τησ ενεργειακησ κρισησ στην εε προειδοποιηση bruegel μη βιωσιμο δημοσιονομικα,1
"Ρεπορτάζ: Τι Έχει Κάνει Η Δημοτική Αρχή Για Την Βιώσιμη Κινητικότητα Στην Ηλιούπολη
https://t.co/zGqQ8Q3BPI",ρεπορταζ τι εχει κανει η δημοτικη αρχη για την βιωσιμη κινητικοτητα στην ηλιουπολη,1
"Γερμανία | ""Θα στηρίξουμε τις χώρες που πλήττονται από τη κλιματική αλλαγή και την επισιτιστική κρίση""

https://t.co/BwL4LTZ21G

#greece #ελλάδα #νεα #ειδήσεις #news",γερμανια θα στηριξουμε τισ χωρεσ που πληττονται απο τη κλιματικη αλλαγη και την επισιτιστικη κριση greece ελλαδα νεα ειδησεισ news,1
Η κλιματική αλλαγή αυξάνει τον κίνδυνο για συχνές πανδημίες [μελέτη] https://t.co/tetliTj55L,η κλιματικη αλλαγη αυξανει τον κινδυνο για συχνεσ πανδημιεσ μελετη,1
Η κλιματική αλλαγή μπορεί να κάνει πιο συχνές τις πανδημίες https://t.co/I0RT3Q8hyA,η κλιματικη αλλαγη μπορει να κανει πιο συχνεσ τισ πανδημιεσ,1
Στα 500 δισ. ευρώ ο «λογαριασμός» της ενεργειακής κρίσης στην ΕΕ - Προειδοποίηση Bruegel: Μη βιώσιμο δημοσιονομικά https://t.co/pfDSSRhe92,στα δισ ευρω ο λογαριασμοσ τησ ενεργειακησ κρισησ στην εε προειδοποιηση bruegel μη βιωσιμο δημοσιονομικα,1
"Ενεργειακή κρίση: Ο “λογαριασμός” των 500 δισ. είναι “δημοσιονομικά μη βιώσιμος”  – Κίνδυνος διάλυσης της Ευρώπης,
https://t.co/uwwDhHmstZ,",ενεργειακη κριση ο λογαριασμοσ των δισ ειναι δημοσιονομικα μη βιωσιμοσ κινδυνοσ διαλυσησ τησ ευρωπησ,1
"Ενεργειακή κρίση: Ο “λογαριασμός” των 500 δισ. είναι “δημοσιονομικά μη βιώσιμος”  – Κίνδυνος διάλυσης της Ευρώπης,
https://t.co/uwwDhHn0jx,",ενεργειακη κριση ο λογαριασμοσ των δισ ειναι δημοσιονομικα μη βιωσιμοσ κινδυνοσ διαλυσησ τησ ευρωπησ,1
Αντόνιο Γκουτέρες για κλιματική αλλαγή: Είναι καιρός να λάβουμε σοβαρές αποφάσεις https://t.co/mcpQXRGZfE,αντονιο γκουτερεσ για κλιματικη αλλαγη ειναι καιροσ να λαβουμε σοβαρεσ αποφασεισ,1
"@Koufii_ds μα απ’την αρχή μίλαγα για το κλισέ που αναμασάται σαν κοινή πεποίθηση, δεν έχω αντίρρηση αν κάποιος δε γουστάρει μια ταινία, δεν έχει όμως τίποτα να μου πει ο τύπος που δεν την έχει δει αλλά μου τσαμπουνάει τις σαχλαμάρες που βασικά του επιβάλλει το πολιτικό περιβάλλον.",koufii_ds μα απτην αρχη μιλαγα για το κλισε που αναμασαται σαν κοινη πεποιθηση δεν εχω αντιρρηση αν καποιοσ δε γουσταρει μια ταινια δεν εχει ομωσ τιποτα να μου πει ο τυποσ που δεν την εχει δει αλλα μου τσαμπουναει τισ σαχλαμαρεσ που βασικα του επιβαλλει το πολιτικο περιβαλλον,1
"#UNGA 
@antonioguterres: Καιρός να λάβουμε σοβαρά υπόψη τις «απώλειες και τις ζημιές» από την κλιματική αλλαγή

https://t.co/dN0yU2PYw2 

#ClimateChange #ClimateAction #UNGA77 #COP27 https://t.co/O0OqQDnb12",unga antonioguterres καιροσ να λαβουμε σοβαρα υποψη τισ απωλειεσ και τισ ζημιεσ απο την κλιματικη αλλαγη climatechange climateaction unga cop,1
"Η κλιματική κρίση έχει οδηγήσει σε καταστροφικές πλημμύρες στη χώρα.
#Τζολί
https://t.co/0chg5Z8XiD",η κλιματικη κριση εχει οδηγησει σε καταστροφικεσ πλημμυρεσ στη χωρα τζολι,1
Η κλιματική αλλαγή μπορεί να κάνει τις πανδημίες πιο συχνές https://t.co/5AeoM1PQQp,η κλιματικη αλλαγη μπορει να κανει τισ πανδημιεσ πιο συχνεσ,1
ΚΛΙΜΑΤΙΚΗ ΑΛΛΑΓΗ.... https://t.co/xntzyfLQeh,κλιματικη αλλαγη,1
[Κλικ και διαβάστε στο NewsIt] #Αντζελίνα Τζολί: Επισκέφτηκε τους πλημμυροπαθείς στο Πακιστάν – «Η κλιματική  #Αλλαγή είναι ήδη εδώ» https://t.co/jCoI9uJFJL,κλικ και διαβαστε στο newsit αντζελινα τζολι επισκεφτηκε τουσ πλημμυροπαθεισ στο πακισταν η κλιματικη αλλαγη ειναι ηδη εδω,1
Αντζελίνα Τζολί: Επισκέφτηκε τους πλημμυροπαθείς στο Πακιστάν – «Η κλιματική αλλαγή είναι ήδη εδώ» https://t.co/WFuBAvKIf1,αντζελινα τζολι επισκεφτηκε τουσ πλημμυροπαθεισ στο πακισταν η κλιματικη αλλαγη ειναι ηδη εδω,1
Πώς η έκρηξη του ηφαιστείου της Τόνγκα μπορεί να επηρεάσει την κλιματική αλλαγή - https://t.co/ksAsFS5ucV https://t.co/8C1wxKINgi,πωσ η εκρηξη του ηφαιστειου τησ τονγκα μπορει να επηρεασει την κλιματικη αλλαγη,1
"Παγκόσμια Τράπεζα: Απείλησαν με παραίτηση τον πρόεδρο Malpass, για να αποδεχθεί την κλιματική κρίση https://t.co/yTmBoBOQfd",παγκοσμια τραπεζα απειλησαν με παραιτηση τον προεδρο malpass για να αποδεχθει την κλιματικη κριση,1
"Νάξος - Νίκη Ευελπίδου: ""Γιατί δεν προσπαθούμε να συμφιλιωθούμε με το περιβάλλον;"" https://t.co/S9KjNQJ69y",ναξοσ νικη ευελπιδου γιατι δεν προσπαθουμε να συμφιλιωθουμε με το περιβαλλον,1
"Κορυφαίος Βρετανός αστροφυσικός: Η «κλιματική αλλαγή» είναι μια φάρσα, όσοι την προωθούν έχουν οικονομικά συμφέροντα!",κορυφαιοσ βρετανοσ αστροφυσικοσ η κλιματικη αλλαγη ειναι μια φαρσα οσοι την προωθουν εχουν οικονομικα συμφεροντα,1
RT @gerasimos2016: Οι Ιδιοκτήτες της Δύσης που γουστάρουν πράσινη ενέργεια και πράσινα άλογα  μας πάνε για διατροφικό και ενεργειακό Γολοντ…,rt gerasimos οι ιδιοκτητεσ τησ δυσησ που γουσταρουν πρασινη ενεργεια και πρασινα αλογα μασ πανε για διατροφικο και ενεργειακο γολοντ,1
"Γερμανικό υπουργείο Άμυνας: «Αποτέλεσμα διαπραγμάτευσης με την Αθήνα η κυκλική ανταλλαγή τεθωρακισμένων για την Ουκρανία» - Ρεπορτάζ και ειδήσεις για την Οικονομία, τις Επιχειρήσεις, το Χρηματιστήριο, την Πολιτική #mononewsGR https://t.co/0y7jCFY40c",γερμανικο υπουργειο αμυνασ αποτελεσμα διαπραγματευσησ με την αθηνα η κυκλικη ανταλλαγη τεθωρακισμενων για την ουκρανια ρεπορταζ και ειδησεισ για την οικονομια τισ επιχειρησεισ το χρηματιστηριο την πολιτικη mononewsgr,1
RT @BlackMa008: Πράσινη ενέργεια και πράσινα άλογα.,rt blackma πρασινη ενεργεια και πρασινα αλογα,1
"(αρνητής, αντιεμβολιαστής, ρωσόφιλος, επιζήμιος για την ενέργεια και το περιβάλλον κ.ο.κ.) και αν ακόμα δεν μπορεί να ακολουθήσει λόγω ανέχειας, θα θεωρηθεί «απροσάρμοστος», και όπως μας ενημέρωσε ο Στέλιος Πέτσας «όποιος δεν προσαρμόζεται, πεθαίνει».",αρνητησ αντιεμβολιαστησ ρωσοφιλοσ επιζημιοσ για την ενεργεια και το περιβαλλον κοκ και αν ακομα δεν μπορει να ακολουθησει λογω ανεχειασ θα θεωρηθει απροσαρμοστοσ και οπωσ μασ ενημερωσε ο στελιοσ πετσασ οποιοσ δεν προσαρμοζεται πεθαινει,1
Πιο ευάλωτες οι γυναίκες στην κλιματική αλλαγή - Πώς μπορούν να την αντιμετωπίσουν - https://t.co/pXTqnk9Lfd https://t.co/xSKu3JrzWU,πιο ευαλωτεσ οι γυναικεσ στην κλιματικη αλλαγη πωσ μπορουν να την αντιμετωπισουν,1
Η κλιματική αλλαγή απειλεί τα μνημεία του Πολιτισμού https://t.co/VHu1NQOchN #ΑΘΛΗΤΙΣΜΟΣΠΟΛΙΤΙΣΜΟΣ #ΒΕΝΕΤΙΑ #ΚΛΙΜΑΤΙΚΗΑΛΛΑΓΗ By https://t.co/p9zfHynwcm,η κλιματικη αλλαγη απειλει τα μνημεια του πολιτισμου αθλητισμοσπολιτισμος βενετια κλιματικηαλλαγη by,1
Η κλιματική αλλαγή επιταχύνει τις επιδημιες https://t.co/UrYv5ir302,η κλιματικη αλλαγη επιταχυνει τισ επιδημιεσ,1
Γ. Νικητιάδης: Ο τουρισμός σήμερα έρχεται αντιμέτωπος με νέες προκλήσεις. Η κλιματική αλλαγή και η ενεργειακή κρίση επιβάλλουν εγρήγορση https://t.co/zfzZU9inta via @aegeanews,γ νικητιαδησ ο τουρισμοσ σημερα ερχεται αντιμετωποσ με νεεσ προκλησεισ η κλιματικη αλλαγη και η ενεργειακη κριση επιβαλλουν εγρηγορση via aegeanews,1
RT @Moneypressgr: Βαρύ το πλήγμα: Πώς η κλιματική αλλαγή επηρεάζει τη γεύση στο κρασί  #moneypress https://t.co/AdfyqwXGh3,rt moneypressgr βαρυ το πληγμα πωσ η κλιματικη αλλαγη επηρεαζει τη γευση στο κρασι moneypress,1
Βαρύ το πλήγμα: Πώς η κλιματική αλλαγή επηρεάζει τη γεύση στο κρασί  #moneypress https://t.co/AdfyqwXGh3,βαρυ το πληγμα πωσ η κλιματικη αλλαγη επηρεαζει τη γευση στο κρασι moneypress,1
Από το Αργοστόλι με… (επιστημονική) αγάπη για το περιβάλλον https://t.co/go3CCew6AY,απο το αργοστολι με επιστημονικη αγαπη για το περιβαλλον,1
"RT @cstaikouras: Τα 3 τελευταία χρόνια, η ελληνική οικονομία έχει επιτύχει επιδόσεις που εκπλήσσουν ευχάριστα, με το ΑΕΠ να διαμορφώνεται π…",rt cstaikouras τα τελευταια χρονια η ελληνικη οικονομια εχει επιτυχει επιδοσεισ που εκπλησσουν ευχαριστα με το αεπ να διαμορφωνεται π,1
Κίνδυνος για την δημόσια υγεία και το περιβάλλον οι παράνομες συνδέσεις στο υπό κατασκευή δίκτυο αποχέτευσης https://t.co/CcjRrFodXt https://t.co/TI3qb219V2,κινδυνοσ για την δημοσια υγεια και το περιβαλλον οι παρανομεσ συνδεσεισ στο υπο κατασκευη δικτυο αποχετευσησ,1
"#Ιταλία: Ουκρανία, ΕΕ, μετανάστευση, κλιματική αλλαγή...ο ακροδεξιός συνασπισμός ανάμεσα σε συγκλίσεις και αποκλίσεις

https://t.co/F4V5n6C5nt

#Italy #ItalianElections #Meloni https://t.co/ZR2jpnj1za",ιταλια ουκρανια εε μεταναστευση κλιματικη αλλαγηο ακροδεξιοσ συνασπισμοσ αναμεσα σε συγκλισεισ και αποκλισεισ italy italianelections meloni,1
"Παπαδόπουλος: Η Ελλάδα μπορεί να είναι πρωτοπόρα στη βιώσιμη αστική κινητικότητα - Ρεπορτάζ και ειδήσεις για την Οικονομία, τις Επιχειρήσεις, το Χρηματιστήριο, την Πολιτική #mononewsGR https://t.co/XshGXia8DY",παπαδοπουλοσ η ελλαδα μπορει να ειναι πρωτοπορα στη βιωσιμη αστικη κινητικοτητα ρεπορταζ και ειδησεισ για την οικονομια τισ επιχειρησεισ το χρηματιστηριο την πολιτικη mononewsgr,1
Morgan Stanley: Μη βιώσιμο το ράλι του δολαρίου - Ιστορικά φέρνει κραχ στις αγορές https://t.co/eadHONfY2t,morgan stanley μη βιωσιμο το ραλι του δολαριου ιστορικα φερνει κραχ στισ αγορεσ,1
RT @Efthimakos1: Άκυρη η #ξαφνικιτιδα παίδες.Ο κόσμος που πέφτει νεκρός παντού είναι λόγω επιπτώσεωντου καύσωνα του 2021 σε συνδυασμό με τι…,rt efthimakos ακυρη η ξαφνικιτιδα παιδεσο κοσμοσ που πεφτει νεκροσ παντου ειναι λογω επιπτωσεωντου καυσωνα του σε συνδυασμο με τι,1
"Κατάσταση της ΕΕ: Ουκρανία, ενέργεια, κλιματική αλλαγή, οικονομία https://t.co/HLXRpv15pk",κατασταση τησ εε ουκρανια ενεργεια κλιματικη αλλαγη οικονομια,1
"Κατάσταση της ΕΕ: Ουκρανία, ενέργεια, κλιματική αλλαγή, οικονομία https://t.co/zbU8A9qYdU",κατασταση τησ εε ουκρανια ενεργεια κλιματικη αλλαγη οικονομια,1
"Ινστιτούτο Elcano: Η λιτότητα σε Ελλάδα και Ευρωζώνη δεν είναι βιώσιμη, αλλά το όραμα της Γερμανίας θα παίξει θεμελιώδη ρόλο https://t.co/4Z7FP8B7Ng",ινστιτουτο elcano η λιτοτητα σε ελλαδα και ευρωζωνη δεν ειναι βιωσιμη αλλα το οραμα τησ γερμανιασ θα παιξει θεμελιωδη ρολο,1
"Ινστιτούτο Elcano: Η λιτότητα σε Ελλάδα και Ευρωζώνη δεν είναι βιώσιμη, αλλά το όραμα της Γερμανίας θα παίξει θεμελιώδη ρόλο https://t.co/lw6s9ZlvjS",ινστιτουτο elcano η λιτοτητα σε ελλαδα και ευρωζωνη δεν ειναι βιωσιμη αλλα το οραμα τησ γερμανιασ θα παιξει θεμελιωδη ρολο,1
"Ινστιτούτο Elcano: Η λιτότητα σε Ελλάδα και Ευρωζώνη δεν είναι βιώσιμη, αλλά το όραμα της Γερμανίας θα παίξει θεμελιώδη ρόλο https://t.co/RApFnGhTRO",ινστιτουτο elcano η λιτοτητα σε ελλαδα και ευρωζωνη δεν ειναι βιωσιμη αλλα το οραμα τησ γερμανιασ θα παιξει θεμελιωδη ρολο,1
"Ινστιτούτο Elcano: Η λιτότητα σε Ελλάδα και Ευρωζώνη δεν είναι βιώσιμη, αλλά το όραμα της Γερμανίας θα παίξει θεμελιώδη ρόλο https://t.co/J8z5vDBgsB",ινστιτουτο elcano η λιτοτητα σε ελλαδα και ευρωζωνη δεν ειναι βιωσιμη αλλα το οραμα τησ γερμανιασ θα παιξει θεμελιωδη ρολο,1
"Ινστιτούτο Elcano: Η λιτότητα σε Ελλάδα και Ευρωζώνη δεν είναι βιώσιμη, αλλά το όραμα της Γερμανίας θα παίξει θεμελιώδη ρόλο https://t.co/tcBIxjFPNU",ινστιτουτο elcano η λιτοτητα σε ελλαδα και ευρωζωνη δεν ειναι βιωσιμη αλλα το οραμα τησ γερμανιασ θα παιξει θεμελιωδη ρολο,1
"Ινστιτούτο Elcano: Η λιτότητα σε Ελλάδα και Ευρωζώνη δεν είναι βιώσιμη, αλλά το όραμα της Γερμανίας θα παίξει θεμελιώδη ρόλο https://t.co/km945Ug53O",ινστιτουτο elcano η λιτοτητα σε ελλαδα και ευρωζωνη δεν ειναι βιωσιμη αλλα το οραμα τησ γερμανιασ θα παιξει θεμελιωδη ρολο,1
Τριάντα Έλληνες Πρεσβευτές του Ευρωπαϊκού Συμφώνου για το Κλίμα συναντούν τους υπεύθυνους χάραξης της ευρωπαϊκής πολιτικής για το περιβάλλον - Πελοποννησιακό Πρακτορείο Ειδήσεων https://t.co/Ss9iLU15Gf,τριαντα ελληνεσ πρεσβευτεσ του ευρωπαϊκου συμφωνου για το κλιμα συναντουν τουσ υπευθυνουσ χαραξησ τησ ευρωπαϊκησ πολιτικησ για το περιβαλλον πελοποννησιακο πρακτορειο ειδησεων,1
RT @savagerydawn: Η κλιματική αλλαγή αναζητά νέους ηθοποιόυς από τις καταστροφές του HARP ! Σανό πολύ σανό μπεεεε. #ClimateCrisis #ClimateE…,rt savagerydawn η κλιματικη αλλαγη αναζητα νεουσ ηθοποιουσ απο τισ καταστροφεσ του harp σανο πολυ σανο μπεεεε climatecrisis climatee,1
"Οι τρέχουσες πολιτικές που θέτουν ως προτεραιότητα την κλιματική αλλαγή, θα συμβάλουν στο να πεθαίνουν παιδιά από σοβαρό υποσιτισμό λόγω των διαλυμένων συστημάτων διατροφής, με ελλείψεις σε τρόφιμα και νερό, άγχος, φόβο και επικίνδυνη έκθεση σε χημικά
 https://t.co/PduXQUmzVI",οι τρεχουσεσ πολιτικεσ που θετουν ωσ προτεραιοτητα την κλιματικη αλλαγη θα συμβαλουν στο να πεθαινουν παιδια απο σοβαρο υποσιτισμο λογω των διαλυμενων συστηματων διατροφησ με ελλειψεισ σε τροφιμα και νερο αγχοσ φοβο και επικινδυνη εκθεση σε χημικα,1
"Κι όμως, η κλιματική αλλαγή επηρεάζει και τη γονιμότητα https://t.co/8IetGQETfv",κι ομωσ η κλιματικη αλλαγη επηρεαζει και τη γονιμοτητα,1
Κλιματική αλλαγή: Καύσωνες και φωτιές εκτινάσσουν τη θνησιμότητα μέχρι 80% https://t.co/Xn2QfMOYQt,κλιματικη αλλαγη καυσωνεσ και φωτιεσ εκτινασσουν τη θνησιμοτητα μεχρι,1
"ΥΠΕΞ Γερμανίας για το «αρουραίος» στον Ερντογάν: «Προσβλητικές δηλώσεις δεν έχουν θέση στο διεθνές περιβάλλον» - Ρεπορτάζ και ειδήσεις για την Οικονομία, τις Επιχειρήσεις, το Χρηματιστήριο, την Πολιτική #mononewsGR https://t.co/xrW4LhIR83",υπεξ γερμανιασ για το αρουραιοσ στον ερντογαν προσβλητικεσ δηλωσεισ δεν εχουν θεση στο διεθνεσ περιβαλλον ρεπορταζ και ειδησεισ για την οικονομια τισ επιχειρησεισ το χρηματιστηριο την πολιτικη mononewsgr,1
Παραγωγή ενέργειας από ανανεώσιμες και εναλλακτικές πηγές https://t.co/OBPEROtLOa,παραγωγη ενεργειασ απο ανανεωσιμεσ και εναλλακτικεσ πηγεσ,1
"RT @G_Plakiotakis: Φέτος, η Παγκόσμια Ημέρα Ναυτιλίας, δίνει έμφαση, της έρευνας κι ανάπτυξης, της τεχνολογικής συνεργασίας. Για πιο αποδοτ…",rt g_plakiotakis φετοσ η παγκοσμια ημερα ναυτιλιασ δινει εμφαση τησ ερευνασ κι αναπτυξησ τησ τεχνολογικησ συνεργασιασ για πιο αποδοτ,1
"29 Σεπτεμβρίου: Παγκόσμια Ημέρα Ναυτιλίας, αφιερωμένη στις «Νέες τεχνολογίες για μια πιο πράσινη Ναυτιλία» - Ρεπορτάζ και ειδήσεις για την Οικονομία, τις Επιχειρήσεις, το Χρηματιστήριο, την Πολιτική #mononewsGR https://t.co/fezgAKmHzj",σεπτεμβριου παγκοσμια ημερα ναυτιλιασ αφιερωμενη στισ νεεσ τεχνολογιεσ για μια πιο πρασινη ναυτιλια ρεπορταζ και ειδησεισ για την οικονομια τισ επιχειρησεισ το χρηματιστηριο την πολιτικη mononewsgr,1
ΕΥΔΑΠ: Κίνδυνος για την δημόσια υγεία και το περιβάλλον. https://t.co/ex6TAXTL2i https://t.co/nzqCQ0Sg5U,ευδαπ κινδυνοσ για την δημοσια υγεια και το περιβαλλον,1
"Γεωργαντάς: Στηρίζουμε τον κλάδο της ελιάς απέναντι στην κλιματική κρίση - Ρεπορτάζ και ειδήσεις για την Οικονομία, τις Επιχειρήσεις, το Χρηματιστήριο, την Πολιτική #mononewsGR https://t.co/kO5rLBXUqG",γεωργαντασ στηριζουμε τον κλαδο τησ ελιασ απεναντι στην κλιματικη κριση ρεπορταζ και ειδησεισ για την οικονομια τισ επιχειρησεισ το χρηματιστηριο την πολιτικη mononewsgr,1
Balmain S/S 23: Από μία συλλογή που «χτυπάει» την κλιματική αλλαγή εμείς κρατάμε μόνο τη Cher https://t.co/QByWE4lgyI,balmain ss απο μια συλλογη που χτυπαει την κλιματικη αλλαγη εμεισ κραταμε μονο τη cher,1
"Ένωση Ελλήνων Εφοπλιστών: Η ελληνική ναυτιλία πρωτοστατεί στην πράσινη μεταβαση του κλάδου - Ρεπορτάζ και ειδήσεις για την Οικονομία, τις Επιχειρήσεις, το Χρηματιστήριο, την Πολιτική #mononewsGR https://t.co/hGcPqHKL83",ενωση ελληνων εφοπλιστων η ελληνικη ναυτιλια πρωτοστατει στην πρασινη μεταβαση του κλαδου ρεπορταζ και ειδησεισ για την οικονομια τισ επιχειρησεισ το χρηματιστηριο την πολιτικη mononewsgr,1
"RT @amna_sportgr: Η κλιματική κρίση, αυξάνει τα δυστυχήματα στα Ιμαλάϊα 

Οδηγοί και ειδικοί επισημαίνουν την αυξανόμενη επικινδυνότητα της…",rt amna_sportgr η κλιματικη κριση αυξανει τα δυστυχηματα στα ιμαλαϊα οδηγοι και ειδικοι επισημαινουν την αυξανομενη επικινδυνοτητα τησ,1
Τριάντα Έλληνες Πρεσβευτές του Ευρωπαϊκού Συμφώνου για το Κλίμα συναντούν τους υπεύθυνους χάραξης της ευρωπαϊκής πολιτικής για το περιβάλλον https://t.co/9D48tsk16o,τριαντα ελληνεσ πρεσβευτεσ του ευρωπαϊκου συμφωνου για το κλιμα συναντουν τουσ υπευθυνουσ χαραξησ τησ ευρωπαϊκησ πολιτικησ για το περιβαλλον,1
Παραγωγή ενέργειας από ανανεώσιμες και εναλλακτικές πηγές https://t.co/DVxW9S8DkQ,παραγωγη ενεργειασ απο ανανεωσιμεσ και εναλλακτικεσ πηγεσ,1
"Η κλιματική κρίση, αυξάνει τα δυστυχήματα στα Ιμαλάϊα - https://t.co/YpFUGA28YA https://t.co/XwjfqWURwC",η κλιματικη κριση αυξανει τα δυστυχηματα στα ιμαλαϊα,1
"#NordStream: Τι λένε οι επιστήμονες για τις επιπτώσεις των διαρροών μεθανίου στο περιβάλλον
https://t.co/LxdB6fb1Vg",nordstream τι λενε οι επιστημονεσ για τισ επιπτωσεισ των διαρροων μεθανιου στο περιβαλλον,1
Αυξάνεται η θερμοκρασία στις μεγαλουπόλεις – Τι είναι το φαινόμενο της «αστικής θερμικής νησίδας» https://t.co/vX3VT3VRi8 #ΚΛΙΜΑ #ΜΕΛΕΤΕΣ #ΠΕΡΙΒΑΛΛΟΝ https://t.co/OmOK5jYWYy,αυξανεται η θερμοκρασια στισ μεγαλουπολεισ τι ειναι το φαινομενο τησ αστικησ θερμικησ νησιδασ κλιμα μελετες περιβαλλον,1
"«Ο καθένας πρέπει να δουλεύει σε ένα περιβάλλον που του “πάει”» είπε χαρακτηριστικά

#znews #Πατερα #Νομικου #toproino https://t.co/NsmdXyVvdp",ο καθενασ πρεπει να δουλευει σε ενα περιβαλλον που του παει ειπε χαρακτηριστικα znews πατερα νομικου toproino,1
"[https://t.co/bDHZLmoC6L]Κλιματική  #Αλλαγή, πολεμικές  #Σύρραξεις και οικονομικές κρίσεις, οι κύριοι λόγοι για ευρεία επισιτιστική κρίση https://t.co/T92cLO96Ln",αλλαγη πολεμικεσ συρραξεισ και οικονομικεσ κρισεισ οι κυριοι λογοι για ευρεια επισιτιστικη κριση,1
"Κλιματική αλλαγή, πολεμικές συρράξεις και οικονομικές κρίσεις, οι κύριοι λόγοι για ευρεία επισιτιστική κρίση https://t.co/rjAN0fwJCX",κλιματικη αλλαγη πολεμικεσ συρραξεισ και οικονομικεσ κρισεισ οι κυριοι λογοι για ευρεια επισιτιστικη κριση,1
"Κλιματική αλλαγή, πολεμικές συρράξεις και οικονομικές κρίσεις, οι κύριοι λόγοι για ευρεία επισιτιστική κρίση 

https://t.co/LMsYeDk60C https://t.co/DAhqeAlFzO",κλιματικη αλλαγη πολεμικεσ συρραξεισ και οικονομικεσ κρισεισ οι κυριοι λογοι για ευρεια επισιτιστικη κριση,1
"Επισιτιστική κρίση: Κλιματική αλλαγή, πολεμικές συρράξεις και οικονομικές κρίσεις - https://t.co/x61o0SVZaL https://t.co/Xes4eUHlXZ",επισιτιστικη κριση κλιματικη αλλαγη πολεμικεσ συρραξεισ και οικονομικεσ κρισεισ,1
"Επισιτιστική κρίση: Κλιματική αλλαγή, πολεμικές συρράξεις και οικονομικές κρίσεις https://t.co/oZTSpz0kkQ",επισιτιστικη κριση κλιματικη αλλαγη πολεμικεσ συρραξεισ και οικονομικεσ κρισεισ,1
"Κλιματική αλλαγή, πολεμικές συρράξεις και οικονομικές κρίσεις, οι κύριοι λόγοι για ευρεία επισιτιστική κρίση,
https://t.co/Dv9JSyp9HX,",κλιματικη αλλαγη πολεμικεσ συρραξεισ και οικονομικεσ κρισεισ οι κυριοι λογοι για ευρεια επισιτιστικη κριση,1
Λίτσα Πατέρα για Δούκισσα Νομικού: Ο καθένας πρέπει να δουλεύει σε ένα περιβάλλον που του πάει https://t.co/Jk8Sqqwprj,λιτσα πατερα για δουκισσα νομικου ο καθενασ πρεπει να δουλευει σε ενα περιβαλλον που του παει,1
Η ιδαιίτερα ενδιαφέρουσα Επιστημονική Ημερίδα για την κλιματική κρίση και τις επιπτώσεις στο περιβάλλον και στον άνθρωπο https://t.co/mHYkIlowNT,η ιδαιιτερα ενδιαφερουσα επιστημονικη ημεριδα για την κλιματικη κριση και τισ επιπτωσεισ στο περιβαλλον και στον ανθρωπο,1
RT @TheOpinion_News: Κ. Ζέρβας: Η Θεσσαλονίκη μέχρι το 2030 θα είναι μια βιώσιμη πόλη https://t.co/NzK4vMs5tC #Thessaloniki #skg #TheOpinion,rt theopinion_news κ ζερβασ η θεσσαλονικη μεχρι το θα ειναι μια βιωσιμη πολη thessaloniki skg theopinion,1
Μ. Μανουσάκης (ΑΔΜΗΕ): Ισχυρά πράσινα δίκτυα  για μία πιο ανθεκτική και βιώσιμη Ευρώπη https://t.co/9ydtSlo52m,μ μανουσακησ αδμηε ισχυρα πρασινα δικτυα για μια πιο ανθεκτικη και βιωσιμη ευρωπη,1
Ίδρυμα Χατζηγάκη: Εκπαιδευτικές Δραστηριότητες για το Περιβάλλον σε 6 Ακριτικά Νησιά – Πρώτος σταθμός το #Δημοκρατική #Ρόδος #Δωδεκάνησα https://t.co/Kv9hQH272N,ιδρυμα χατζηγακη εκπαιδευτικεσ δραστηριοτητεσ για το περιβαλλον σε ακριτικα νησια πρωτοσ σταθμοσ το δημοκρατικη ροδοσ δωδεκανησα,1
Ο Γκουτέρες καλεί τον κόσμο να κινητοποιηθεί “για να σώσει το ανθρώπινο είδος” από την κλιματική αλλαγή https://t.co/jhWVM4uJ87,ο γκουτερεσ καλει τον κοσμο να κινητοποιηθει για να σωσει το ανθρωπινο ειδοσ απο την κλιματικη αλλαγη,1
Ο Γκουτέρες καλεί τον κόσμο να κινητοποιηθεί “για να σώσει το ανθρώπινο είδος” από την κλιματική αλλαγή https://t.co/wUADrsJLS9,ο γκουτερεσ καλει τον κοσμο να κινητοποιηθει για να σωσει το ανθρωπινο ειδοσ απο την κλιματικη αλλαγη,1
"Δήμας: Δημιουργία «sandbox» για τη βιώσιμη ανάπτυξη - Ρεπορτάζ και ειδήσεις για την Οικονομία, τις Επιχειρήσεις, το Χρηματιστήριο, την Πολιτική #mononewsGR https://t.co/a3aZSyCJp2",δημασ δημιουργια sandbox για τη βιωσιμη αναπτυξη ρεπορταζ και ειδησεισ για την οικονομια τισ επιχειρησεισ το χρηματιστηριο την πολιτικη mononewsgr,1
COP27: Έκκληση Γκουτέρες για κινητοποίηση για την κλιματική αλλαγή - LarissaPress https://t.co/zZHuwXxcBU,cop εκκληση γκουτερεσ για κινητοποιηση για την κλιματικη αλλαγη larissapress,1
ΚΛΙΜΑΤΙΚΗ ΑΛΛΑΓΗ..... https://t.co/m7YiRDYjvS,κλιματικη αλλαγη,1
Grecotel Kos Imperial &amp; Casa Paradiso:  50.000 καπάκια για το περιβάλλον και προσφορά σχολικών ειδών στα παιδιά των εργαζόμενων https://t.co/5MiwsDfXcm via @aegeanews,grecotel kos imperial amp casa paradiso καπακια για το περιβαλλον και προσφορα σχολικων ειδων στα παιδια των εργαζομενων via aegeanews,1
"Μ. Μανουσάκης (#ΑΔΜΗΕ): Ισχυρά πράσινα δίκτυα για μία πιο ανθεκτική και βιώσιμη Ευρώπη

https://t.co/mdB7e8eExP https://t.co/sF9Y91ORjH",μ μανουσακησ αδμηε ισχυρα πρασινα δικτυα για μια πιο ανθεκτικη και βιωσιμη ευρωπη,1
"RT @Nausicaaa2: - Σε θέλουν πολύ σε μια δουλειά. 
Λες όχι. 
- Σου δίνουν αστρονομικό μισθό. 
Αρνείσαι γιατί δεν σου αρέσει το περιβάλλον.…",rt nausicaaa σε θελουν πολυ σε μια δουλεια λεσ οχι σου δινουν αστρονομικο μισθο αρνεισαι γιατι δεν σου αρεσει το περιβαλλον,1
"RT @MAravantinos: Ο κ. Καιρίδης, μάλλον κρίνει εξ ιδίων. Ας γνωρίζει όμως ότι δεν έγινα και δεν πρόκειται να γίνω σφουγγοκωλάριος κανενός.…",rt maravantinos ο κ καιριδησ μαλλον κρινει εξ ιδιων ασ γνωριζει ομωσ οτι δεν εγινα και δεν προκειται να γινω σφουγγοκωλαριοσ κανενοσ,1
"🗣️ «Τα στεγανά, τους τρομοκρατημένους εργαζόμενους και τα παντός είδους τσιράκια, να τα αναζητήσει αλλού. Στο περιβάλλον του και ίσως στον καθρέφτη του, αλλά όχι σ’ εμένα».

Μια οφειλόμενη απάντηση στον κ. Καιρίδη από τον δημοσιογράφο Μάριο Αραβαντινό ⤵️ https://t.co/w3KFPk0zfb",τα στεγανα τουσ τρομοκρατημενουσ εργαζομενουσ και τα παντοσ ειδουσ τσιρακια να τα αναζητησει αλλου στο περιβαλλον του και ισωσ στον καθρεφτη του αλλα οχι σ εμενα μια οφειλομενη απαντηση στον κ καιριδη απο τον δημοσιογραφο μαριο αραβαντινο,1
Κικίλιας: Τα ταξιδωτικά έσοδα στηρίζουν τα ελληνικά νοικοκυριά-Επόμενη καμπάνια ο βιώσιμος τουρισμός - https://t.co/LlfcDmYNwR https://t.co/2eI6BGHCcb,κικιλιασ τα ταξιδωτικα εσοδα στηριζουν τα ελληνικα νοικοκυριαεπομενη καμπανια ο βιωσιμοσ τουρισμοσ,1
"➡️ Επενδύσεις ανανέωσης των τεχνολογιών χρήσης ορυκτών καυσίμων ή επιτάχυνση των επενδύσεων σε ανανεώσιμες πηγές ενέργειας;

⏩ Διαβάστε στη «Σημερινή» | Του Δρος Ανδρέα Πουλλικκά

https://t.co/gdvca1DCPC",επενδυσεισ ανανεωσησ των τεχνολογιων χρησησ ορυκτων καυσιμων η επιταχυνση των επενδυσεων σε ανανεωσιμεσ πηγεσ ενεργειασ διαβαστε στη σημερινη του δροσ ανδρεα πουλλικκα,1
"Ζ. Κωνσταντοπούλου για Μπέο: «Το δικαίωμα για νερό, περιβάλλον, δημοκρατία έτρεψε σε φυγή τους ψευδομηνυτές» https://t.co/tBvav24Wqd",ζ κωνσταντοπουλου για μπεο το δικαιωμα για νερο περιβαλλον δημοκρατια ετρεψε σε φυγη τουσ ψευδομηνυτεσ,1
"RT @Etherea91414364: #Sasmos #Vasilikos
Ο Μαθιός λοιπόν ναι μεν ήξερε, αλλά στην ουσία δεν ήξερε τίποτα.
Όχι δεν μπορεί κάποιος που μεγαλών…",rt etherea sasmos vasilikos ο μαθιοσ λοιπον ναι μεν ηξερε αλλα στην ουσια δεν ηξερε τιποτα οχι δεν μπορει καποιοσ που μεγαλων,1
Αντ. Καμπουράκης: «Εξασφαλίσαμε τη βιώσιμη λειτουργία της ΕΤΑΙΠΡΟΦΥΚΑ. Κλείνει μια εκκρεμότητα χρόνων για #Δημοκρατική #Ρόδος #Δωδεκάνησα https://t.co/KX3WleT7cd,αντ καμπουρακησ εξασφαλισαμε τη βιωσιμη λειτουργια τησ εταιπροφυκα κλεινει μια εκκρεμοτητα χρονων για δημοκρατικη ροδοσ δωδεκανησα,1
"Για 4η χρονιά το μεγαλύτερο και επιδραστικότερο forum για τις Ανανεώσιμες Πηγές και την Αποθήκευση Ενέργειας που οργανώνει το energypress.
Για περισσότερες πληροφορίες https://t.co/tYvdlGCMiW
#energypressgr #renewablestorageforum #GreenEnergy #renewables #energystorage https://t.co/kI0B6JCcBc",για η χρονια το μεγαλυτερο και επιδραστικοτερο forum για τισ ανανεωσιμεσ πηγεσ και την αποθηκευση ενεργειασ που οργανωνει το energypress για περισσοτερεσ πληροφοριεσ energypressgr renewablestorageforum greenenergy renewables energystorage,1
Κικίλιας στη Le Monde: Ο βιώσιμος τουρισμός στο επίκεντρο της επόμενης καμπάνιας #Δημοκρατική #Ρόδος #Δωδεκάνησα https://t.co/rV3fejaXiB,κικιλιασ στη le monde ο βιωσιμοσ τουρισμοσ στο επικεντρο τησ επομενησ καμπανιασ δημοκρατικη ροδοσ δωδεκανησα,1
Λιονέλ Μέσι: Το περιβάλλον του διαψεύδει τη συμφωνία για επιστροφή στην Μπαρτσελόνα https://t.co/N5me4Uye7W,λιονελ μεσι το περιβαλλον του διαψευδει τη συμφωνια για επιστροφη στην μπαρτσελονα,1
Η κλιματική κρίση σημαίνει και την υποχώρηση των παγετώνων - και στις Ελβετικές Άλπεις το λιώσιμο των πάγων αποκαλύπτει πτώματα και συντρίμμια αεροπλάνων που θεωρούνταν χαμένα 8/9 https://t.co/wVyOgufy0D,η κλιματικη κριση σημαινει και την υποχωρηση των παγετωνων και στισ ελβετικεσ αλπεισ το λιωσιμο των παγων αποκαλυπτει πτωματα και συντριμμια αεροπλανων που θεωρουνταν χαμενα,1
Κλιματική αλλαγή: Έχει κάνει 20 φορές πιθανότερες τις σοβαρές ξηρασίες τα καλοκαίρια--https://t.co/CZrKl0T8xY,κλιματικη αλλαγη εχει κανει φορεσ πιθανοτερεσ τισ σοβαρεσ ξηρασιεσ τα καλοκαιρια,1
Κλιματική αλλαγή: Πιθανότερες κατά 20 φορές οι σοβαρές ξηρασίες το καλοκαίρι https://t.co/noO67qCIZy,κλιματικη αλλαγη πιθανοτερεσ κατα φορεσ οι σοβαρεσ ξηρασιεσ το καλοκαιρι,1
"Μηνάς Παπαδάκης (Οργανισμός Λιμένος Ηρακλείου): Η πράσινη μετάβαση γίνεται πράξη - Ρεπορτάζ και ειδήσεις για την Οικονομία, τις Επιχειρήσεις, το Χρηματιστήριο, την Πολιτική #mononewsGR https://t.co/WEqdiFcRfA",μηνασ παπαδακησ οργανισμοσ λιμενοσ ηρακλειου η πρασινη μεταβαση γινεται πραξη ρεπορταζ και ειδησεισ για την οικονομια τισ επιχειρησεισ το χρηματιστηριο την πολιτικη mononewsgr,1
Κλιματική αλλαγή: Πιθανότερες κατά 20 φορές οι σοβαρές ξηρασίες το καλοκαίρι - https://t.co/HGjYlPSFv1 https://t.co/43B6GuKMiW,κλιματικη αλλαγη πιθανοτερεσ κατα φορεσ οι σοβαρεσ ξηρασιεσ το καλοκαιρι,1
Είκοσι φορές περισσότερες πιθανότητες σοβαρής ξηρασίας φέρνει η κλιματική αλλαγή! https://t.co/wwpIpq1jiT,εικοσι φορεσ περισσοτερεσ πιθανοτητεσ σοβαρησ ξηρασιασ φερνει η κλιματικη αλλαγη,1
Αποκαρδιωτική έρευνα: Η κλιματική αλλαγή έχει κάνει 20 φορές πιθανότερες τις σοβαρές ξηρασίες τα καλοκαίρια https://t.co/e0DOh5zA59,αποκαρδιωτικη ερευνα η κλιματικη αλλαγη εχει κανει φορεσ πιθανοτερεσ τισ σοβαρεσ ξηρασιεσ τα καλοκαιρια,1
Έρευνα: Η κλιματική αλλαγή έχει κάνει 20 φορές πιθανότερες τις σοβαρές ξηρασίες τα καλοκαίρια https://t.co/xu2cOadshR,ερευνα η κλιματικη αλλαγη εχει κανει φορεσ πιθανοτερεσ τισ σοβαρεσ ξηρασιεσ τα καλοκαιρια,1
Κικίλιας στη Le Monde: Ο βιώσιμος τουρισμός στο επίκεντρο της επόμενης καμπάνιας https://t.co/W3h2DZdhQR,κικιλιασ στη le monde ο βιωσιμοσ τουρισμοσ στο επικεντρο τησ επομενησ καμπανιασ,1
Κλιματική αλλαγή: Έχει κάνει 20 φορές πιθανότερες τις σοβαρές ξηρασίες τα καλοκαίρια https://t.co/DTvTCBdHij,κλιματικη αλλαγη εχει κανει φορεσ πιθανοτερεσ τισ σοβαρεσ ξηρασιεσ τα καλοκαιρια,1
"Χρήστος Μεγάλου: Στοχεύουμε να αυξήσουμε τη βιώσιμη τραπεζική μας δραστηριότητα κατά περίπου €9 δισ. - Ρεπορτάζ και ειδήσεις για την Οικονομία, τις Επιχειρήσεις, το Χρηματιστήριο, την Πολιτική #mononewsGR https://t.co/RYILJhjrHC",χρηστοσ μεγαλου στοχευουμε να αυξησουμε τη βιωσιμη τραπεζικη μασ δραστηριοτητα κατα περιπου δισ ρεπορταζ και ειδησεισ για την οικονομια τισ επιχειρησεισ το χρηματιστηριο την πολιτικη mononewsgr,1
"ΔΝΤ: Πλήγμα στην παγκόσμια ανάπτυξη αν δεν ληφθούν άμεσα μέτρα για την κλιματική αλλαγή
https://t.co/Nh72ajLLYF",δντ πληγμα στην παγκοσμια αναπτυξη αν δεν ληφθουν αμεσα μετρα για την κλιματικη αλλαγη,1
"Επένδυση - μαμούθ  10,2 δισ. ευρώ του τσεχικού ενεργειακού ομίλου EPH σε ανανεώσιμες πηγές ενέργειας στην Γερμανία https://t.co/ZGH2Mnh55H",επενδυση μαμουθ δισ ευρω του τσεχικου ενεργειακου ομιλου eph σε ανανεωσιμεσ πηγεσ ενεργειασ στην γερμανια,1
Μεγάλου (Πειραιώς): Στόχος να αυξήσουμε τη βιώσιμη τραπεζική μας δραστηριότητα κατά περίπου 9 δισ. ευρώ την περίοδο 2022-2025 https://t.co/lWl9aObAeG,μεγαλου πειραιωσ στοχοσ να αυξησουμε τη βιωσιμη τραπεζικη μασ δραστηριοτητα κατα περιπου δισ ευρω την περιοδο,1
"Τι συμβαίνει με την Ιντρακόμ, η επιστροφή του Σπήλιου, ο Μεγάλου και η πράσινη Πειραιώς, ο Μπερσής και η νομική dream team και το hot κουΐζ με το απλό ROLEX - Ρεπορτάζ και ειδήσεις για την Οικονομία, τις Επιχειρήσεις, το Χρηματιστήριο, την Πολιτική ... https://t.co/tUpU0vZuUt",τι συμβαινει με την ιντρακομ η επιστροφη του σπηλιου ο μεγαλου και η πρασινη πειραιωσ ο μπερσησ και η νομικη dream team και το hot κουΐζ με το απλο rolex ρεπορταζ και ειδησεισ για την οικονομια τισ επιχειρησεισ το χρηματιστηριο την πολιτικη,1
"RT @Sylvestra_Jsc: Βλάκας είναι αυτός που έχει ένα χωράφι,το δίνει σε ένα Γερμανό,μετά ο ίδιος επιδοτεί τον Γερμανό.&amp; μετά ο βλάκας αγοράζε…",rt sylvestra_jsc βλακασ ειναι αυτοσ που εχει ενα χωραφιτο δινει σε ενα γερμανομετα ο ιδιοσ επιδοτει τον γερμανοamp μετα ο βλακασ αγοραζε,1
Ο Δήμος Κω συμμετέχει στη μεγαλύτερη σκυταλοδρομία για την κλιματική αλλαγή ως μέλος του δικτύου  «Bike Friendly Προορισμών» https://t.co/3Le1DCsE1U via @aegeanews,ο δημοσ κω συμμετεχει στη μεγαλυτερη σκυταλοδρομια για την κλιματικη αλλαγη ωσ μελοσ του δικτυου bike friendly προορισμων via aegeanews,1
Η ψυχική υγεία στο εργασιακό περιβάλλον: Η πανδημία και οι παράγοντες που χρειάζονται προσοχή https://t.co/Yr2Gl5LPQE,η ψυχικη υγεια στο εργασιακο περιβαλλον η πανδημια και οι παραγοντεσ που χρειαζονται προσοχη,1
Σκέρτσος: H στοχευμένη μείωση φόρων στο κεφάλαιο και την εργασία οδηγούν σε ένα πιο ελκυστικό επενδυτικό περιβάλλον https://t.co/dRDYQJ4Woh,σκερτσοσ h στοχευμενη μειωση φορων στο κεφαλαιο και την εργασια οδηγουν σε ενα πιο ελκυστικο επενδυτικο περιβαλλον,1
Εκπαιδευτικές δραστηριότητες για το περιβάλλον σε 6 ακριτικά νησιά από το ίδρυμα Χατζηγάκη https://t.co/XQLUArmQaz,εκπαιδευτικεσ δραστηριοτητεσ για το περιβαλλον σε ακριτικα νησια απο το ιδρυμα χατζηγακη,1
Εκπαιδευτικές δραστηριότητες για το περιβάλλον σε 6 ακριτικά νησιά από το ίδρυμα Χατζηγάκη https://t.co/8YLNEEI9cv,εκπαιδευτικεσ δραστηριοτητεσ για το περιβαλλον σε ακριτικα νησια απο το ιδρυμα χατζηγακη,1
Καυσόξυλα: Οι κίνδυνοι για την υγεία και το περιβάλλον https://t.co/x3uatKqaAK,καυσοξυλα οι κινδυνοι για την υγεια και το περιβαλλον,1
"«Για να σωθούμε από την κλιματική αλλαγή πρέπει να γίνουμε κανίβαλοι και να τρώμε ανθρώπινη σάρκα»! &amp;#8211; Ναι, το είπαν https://t.co/8dFkhAguQA 🤮🤮🤮🤮",για να σωθουμε απο την κλιματικη αλλαγη πρεπει να γινουμε κανιβαλοι και να τρωμε ανθρωπινη σαρκα amp ναι το ειπαν,1
"«Για να σωθούμε από την κλιματική αλλαγή πρέπει να γίνουμε κανίβαλοι και να τρώμε ανθρώπινη σάρκα»! – Ναι, το είπαν https://t.co/ib2rEfSEs8 #κανιβαλισμός #περιβάλλον",για να σωθουμε απο την κλιματικη αλλαγη πρεπει να γινουμε κανιβαλοι και να τρωμε ανθρωπινη σαρκα ναι το ειπαν κανιβαλισμοσ περιβαλλον,1
"Ανδρέας Ξανθός: Πανδημία, κλιματική κρίση, πόλεμος και ανισότητες επιβαρύνουν την ψυχική υγεία https://t.co/2dEdaZmgTQ",ανδρεασ ξανθοσ πανδημια κλιματικη κριση πολεμοσ και ανισοτητεσ επιβαρυνουν την ψυχικη υγεια,1
"Αυστρία: Προσφυγή κατά της απόφασης της ΕΕ να χαρακτηρίσει «πράσινη» την πυρηνική ενέργεια | Ρεπορτάζ και ειδήσεις για την Οικονομία, τις Επιχειρήσεις, το Χρηματιστήριο, την Πολιτική https://t.co/wLEEOZNsBI",αυστρια προσφυγη κατα τησ αποφασησ τησ εε να χαρακτηρισει πρασινη την πυρηνικη ενεργεια ρεπορταζ και ειδησεισ για την οικονομια τισ επιχειρησεισ το χρηματιστηριο την πολιτικη,1
Πώς η κλιματική κρίση επηρεάζει την ψυχική υγεία https://t.co/atHd412hqx,πωσ η κλιματικη κριση επηρεαζει την ψυχικη υγεια,1
Αυτοί είναι οι κίνδυνοι για την υγεία και το περιβάλλον από την καύση ξύλων https://t.co/XXkY5jkWci,αυτοι ειναι οι κινδυνοι για την υγεια και το περιβαλλον απο την καυση ξυλων,1
Κέρκυρα – Σπ. Κροκίδης: Η Ελλάδα στην πράσινη ενέργεια. (Βίντεο) https://t.co/MvUkxDdKRZ,κερκυρα σπ κροκιδησ η ελλαδα στην πρασινη ενεργεια βιντεο,1
"#Κλιματική_αλλαγή
Ολόκληρες περιοχές δεν θα είναι πλέον κατοικήσιμες τις επόμενες δεκαετίες 

https://t.co/8nqWlfFdgz https://t.co/DlG9wxsSGr",κλιματικη_αλλαγη ολοκληρεσ περιοχεσ δεν θα ειναι πλεον κατοικησιμεσ τισ επομενεσ δεκαετιεσ,1
ΕΟΤ - Κυκλάδες: Οι βρετανοί γνωρίζουν τα νησιά που επενδύουν στον βιώσιμο τουρισμό https://t.co/WcrEydB541,εοτ κυκλαδεσ οι βρετανοι γνωριζουν τα νησια που επενδυουν στον βιωσιμο τουρισμο,1
"Ξανθός: Πανδημία, κλιματική κρίση, πόλεμος και ανισότητες επιβαρύνουν την ψυχική υγεία https://t.co/i68lJtji3y",ξανθοσ πανδημια κλιματικη κριση πολεμοσ και ανισοτητεσ επιβαρυνουν την ψυχικη υγεια,1
"Κλιματική αλλαγή: ""Σιωπηλός δολοφόνος"" η ακραία ζέστη - https://t.co/J4QGekDOmx https://t.co/oRXaVof4D8",κλιματικη αλλαγη σιωπηλοσ δολοφονοσ η ακραια ζεστη,1
ΑΠΕ: Για πρώτη φορά η Ελλάδα ηλεκτροδοτήθηκε κατά 100% από «πράσινη» ενέργεια #Δημοκρατική #Ρόδος #Δωδεκάνησα https://t.co/geRwm0xuLj,απε για πρωτη φορα η ελλαδα ηλεκτροδοτηθηκε κατα απο πρασινη ενεργεια δημοκρατικη ροδοσ δωδεκανησα,1
«Κλιματική Αλλαγή και Αγροτικός Τομέας» https://t.co/XEvnyCGCmx,κλιματικη αλλαγη και αγροτικοσ τομεασ,1
Κλιματική αλλαγή: Ολόκληρες περιοχές δεν θα είναι πλέον κατοικήσιμες τις επόμενες δεκαετίες https://t.co/kmEKvh5ue5,κλιματικη αλλαγη ολοκληρεσ περιοχεσ δεν θα ειναι πλεον κατοικησιμεσ τισ επομενεσ δεκαετιεσ,1
Κλιματική αλλαγή: Ολόκληρες περιοχές δεν θα είναι πλεόν κατοικήσιμες λόγω της ακραίας ζέστης - https://t.co/UHzLtOXJr5 https://t.co/aSIny2ND5Z,κλιματικη αλλαγη ολοκληρεσ περιοχεσ δεν θα ειναι πλεον κατοικησιμεσ λογω τησ ακραιασ ζεστησ,1
[Κλικ και διαβάστε στο cnn]ΑΔΜΗΕ: Νέο ιστορικό υψηλό για την  #Παράγωγή ηλεκτρικής ενέργειας από Ανανεώσιμες Πηγές Ενέργειας https://t.co/IjTxukIuyx,κλικ και διαβαστε στο cnnαδμηε νεο ιστορικο υψηλο για την παραγωγη ηλεκτρικησ ενεργειασ απο ανανεωσιμεσ πηγεσ ενεργειασ,1
Χάρης Δούκας στο Ράδιο ΕΝΑ: «Να μην μπούμε το «παιχνίδι» του LNG- Στόχος η «πράσινη» ηλεκτρική ενέργεια https://t.co/NkALKP3O5D,χαρησ δουκασ στο ραδιο ενα να μην μπουμε το παιχνιδι του lng στοχοσ η πρασινη ηλεκτρικη ενεργεια,1
RT @LykavitosGr: Μητσοτάκης: Η Ελλάδα αναδύεται ταχέως σε πρωταγωνίστρια στις Ανανεώσιμες Πηγές Ενέργειας   #Μητσοτάκης https://t.co/AhTCJg…,rt lykavitosgr μητσοτακησ η ελλαδα αναδυεται ταχεωσ σε πρωταγωνιστρια στισ ανανεωσιμεσ πηγεσ ενεργειασ μητσοτακησ,1
RT @LykavitosGr: Μητσοτάκης: Η Ελλάδα αναδύεται ταχέως σε πρωταγωνίστρια στις Ανανεώσιμες Πηγές Ενέργειας   #Μητσοτάκης https://t.co/AhTCJg…,rt lykavitosgr μητσοτακησ η ελλαδα αναδυεται ταχεωσ σε πρωταγωνιστρια στισ ανανεωσιμεσ πηγεσ ενεργειασ μητσοτακησ,1
Κ.Μητσοτάκης: «Πρέπει να κινηθούμε ταχύτερα για περισσότερες Ανανεώσιμες Πηγές Ενέργειας» https://t.co/x6s6Z5ktYO,κμητσοτακησ πρεπει να κινηθουμε ταχυτερα για περισσοτερεσ ανανεωσιμεσ πηγεσ ενεργειασ,1
Η Ελλάδα πρωταγωνιστής στις Ανανεώσιμες Πηγές Ενέργειας – Η ανάρτηση Μητσοτάκη https://t.co/i8UQX1wDpO,η ελλαδα πρωταγωνιστησ στισ ανανεωσιμεσ πηγεσ ενεργειασ η αναρτηση μητσοτακη,1
Reuters : Οι ελληνικές ανανεώσιμες πηγές ενέργειας κάλυψαν πλήρως (για ώρες ) τη ζήτηση ηλεκτρικής ενέργειας για πρώτη φορά. Σημαντική αύξηση των εναλλακτικών πηγών ενέργειας https://t.co/L4S6qLSqWe,reuters οι ελληνικεσ ανανεωσιμεσ πηγεσ ενεργειασ καλυψαν πληρωσ για ωρεσ τη ζητηση ηλεκτρικησ ενεργειασ για πρωτη φορα σημαντικη αυξηση των εναλλακτικων πηγων ενεργειασ,1
"Ο αρχαίος Άρης μπορεί να είχε πολλούς μικροοργανισμούς που προκάλεσαν κλιματική αλλαγή και έκαναν τον πλανήτη αφιλόξενο

https://t.co/vrZKKS6s7R",ο αρχαιοσ αρησ μπορει να ειχε πολλουσ μικροοργανισμουσ που προκαλεσαν κλιματικη αλλαγη και εκαναν τον πλανητη αφιλοξενο,1
Έρευνα: Υπήρχε ζωή στον Άρη και αυτοκαταστράφηκε; Ο φαύλος κύκλος και η κλιματική αλλαγή https://t.co/colMKeV5cp,ερευνα υπηρχε ζωη στον αρη και αυτοκαταστραφηκε ο φαυλοσ κυκλοσ και η κλιματικη αλλαγη,1
Κλιματική αλλαγή: Ολόκληρες περιοχές δεν θα είναι πλεόν κατοικήσιμες λόγω της ακραίας ζέστης https://t.co/5oeFaTO4lM #ΑΡΘΡΑ #ΕΡΕΥΝΑ #ΚΑΥΣΩΝΑΣ #ΚΛΙΜΑΤΙΚΗΑΛΛΑΓΗ By https://t.co/p9zfHynwcm,κλιματικη αλλαγη ολοκληρεσ περιοχεσ δεν θα ειναι πλεον κατοικησιμεσ λογω τησ ακραιασ ζεστησ αρθρα ερευνα καυσωνας κλιματικηαλλαγη by,1
⭕ Η κλιματική αλλαγή απειλεί ολόκληρες περιοχές της Γης να γίνουν μη κατοικήσιμες  https://t.co/lkZNwCdivd,η κλιματικη αλλαγη απειλει ολοκληρεσ περιοχεσ τησ γησ να γινουν μη κατοικησιμεσ,1
Μητσοτάκης: Η Ελλάδα αναδεικνύεται σε ηγετική δύναμη στις Ανανεώσιμες Πηγές Ενέργειας--https://t.co/0vaZQjMSO4,μητσοτακησ η ελλαδα αναδεικνυεται σε ηγετικη δυναμη στισ ανανεωσιμεσ πηγεσ ενεργειασ,1
Κολωνός: Ποινική δίωξη και για trafficking στον 53χρονο – Έρευνα στο περιβάλλον της 12χρονης https://t.co/IBC6l2kkid,κολωνοσ ποινικη διωξη και για trafficking στον χρονο ερευνα στο περιβαλλον τησ χρονησ,1
Ψάχνουν στο περιβάλλον της 12χρονης αν κάποιος γνώριζε εδώ και μήνες τι συνέβαινε! https://t.co/ZRGBYr7CJG,ψαχνουν στο περιβαλλον τησ χρονησ αν καποιοσ γνωριζε εδω και μηνεσ τι συνεβαινε,1
Πρόσωπο από το πολύ κοντινό περιβάλλον της 12χρονης θα κατονομάσει ο 53χρονος μαστροπός https://t.co/QP08KluED9,προσωπο απο το πολυ κοντινο περιβαλλον τησ χρονησ θα κατονομασει ο χρονοσ μαστροποσ,1
Βρετανία: Πλαφόν στα έσοδα των παραγωγών ενέργειας από ανανεώσιμες πηγές https://t.co/KrovgWGhLN #businessnewsgr,βρετανια πλαφον στα εσοδα των παραγωγων ενεργειασ απο ανανεωσιμεσ πηγεσ businessnewsgr,1
[Κλικ και διαβάστε στο NewsBeast] #Κολωνός: «Έρχεται κι άλλη  #Συλλήψη που δεν βρίσκεται στο περιβάλλον της 12χρονης» https://t.co/1FsPIxQ1m7,κλικ και διαβαστε στο newsbeast κολωνοσ ερχεται κι αλλη συλληψη που δεν βρισκεται στο περιβαλλον τησ χρονησ,1
[Κλικ και διαβάστε στο NewsBeast] #Κολωνός: «Έρχεται κι άλλη  #Συλλήψη που δεν βρίσκεται στο περιβάλλον της 12χρονης» https://t.co/1FsPIy74o7,κλικ και διαβαστε στο newsbeast κολωνοσ ερχεται κι αλλη συλληψη που δεν βρισκεται στο περιβαλλον τησ χρονησ,1
"Κολωνός: Πληροφορίες για σύλληψη ατόμου από το περιβάλλον της 12χρονης (VIDEO) - https://t.co/eiOPQNARjS https://t.co/aXZW3Dg6OM 
#Κολωνός #12χρονη",κολωνοσ πληροφοριεσ για συλληψη ατομου απο το περιβαλλον τησ χρονησ video κολωνοσ χρονη,1
Δ.Ε.Ε.Π. Μαγνησίας: Να κινηθούμε ταχύτερα για περισσότερες Ανανεώσιμες Πηγές Ενέργειας https://t.co/3hx6qTdfNU,δεεπ μαγνησιασ να κινηθουμε ταχυτερα για περισσοτερεσ ανανεωσιμεσ πηγεσ ενεργειασ,1
Σεπόλια: Πληροφορίες για σύλληψη από το περιβάλλον της 12χρονης https://t.co/jLdzPmYk9i,σεπολια πληροφοριεσ για συλληψη απο το περιβαλλον τησ χρονησ,1
"Έκδοση εντάλματος σύλληψης αναμένεται τα επόμενα λεπτά, σύμφωνα με πληροφορίες του MEGA, για άτομο από το περιβάλλον της 12χρονης
#Sepolia 
https://t.co/BzLZLrMgaD",εκδοση ενταλματοσ συλληψησ αναμενεται τα επομενα λεπτα συμφωνα με πληροφοριεσ του mega για ατομο απο το περιβαλλον τησ χρονησ sepolia,1
Πληροφορίες για σύλληψη από το περιβάλλον της 12χρονης https://t.co/lu7dQozmC8,πληροφοριεσ για συλληψη απο το περιβαλλον τησ χρονησ,1
Σε ειδική Σύνοδο στο πλαίσιο του COP27 στην Αίγυπτο το σχέδιο δράσης της Πρωτοβουλίας της Κύπρου για κλιματική αλλαγή https://t.co/NT5zwRrwS2,σε ειδικη συνοδο στο πλαισιο του cop στην αιγυπτο το σχεδιο δρασησ τησ πρωτοβουλιασ τησ κυπρου για κλιματικη αλλαγη,1
RT @TheOpinion_News: Καλοχώρι: Είχε παράνομη μάντρα αυτοκινήτων – Αποθήκευαν επίκινδυνα υλικά για το περιβάλλον (ΦΩΤΟ) https://t.co/ql3eo1h…,rt theopinion_news καλοχωρι ειχε παρανομη μαντρα αυτοκινητων αποθηκευαν επικινδυνα υλικα για το περιβαλλον φωτο,1
"Κολωνός: Συνελήφθη ο πατέρας της 12χρονης για ναρκωτικά – Πιθανή και σύλληψη από το περιβάλλον του 53χρονου

https://t.co/Uvw1Y8zS27",κολωνοσ συνεληφθη ο πατερασ τησ χρονησ για ναρκωτικα πιθανη και συλληψη απο το περιβαλλον του χρονου,1
«Τουρισμός και Αειφορία στις Παράκτιες Περιοχές της Ευρώπης» https://t.co/nWN0nHcTVA,τουρισμοσ και αειφορια στισ παρακτιεσ περιοχεσ τησ ευρωπησ,1
"Περαιτέρω πτώση του ΣΠΟΔ τον Σεπτέμβριο σε ένα περιβάλλον υψηλής αβεβαιότητας, ειδικότερα στην Ευρώπη https://t.co/ZiLg3mEiIe",περαιτερω πτωση του σποδ τον σεπτεμβριο σε ενα περιβαλλον υψηλησ αβεβαιοτητασ ειδικοτερα στην ευρωπη,1
Ελεονώρα Μελέτη: Μου έχει συμβεί σε επαγγελματικό περιβάλλον να κατουριέμαι από τον φόβο μου https://t.co/SwE6rqz5i3,ελεονωρα μελετη μου εχει συμβει σε επαγγελματικο περιβαλλον να κατουριεμαι απο τον φοβο μου,1
Μελέτη: «Μου έχει συμβεί σε επαγγελματικό περιβάλλον να κατουρ@@μ@@ από τον φόβο μου» https://t.co/GGkAOluEqy,μελετη μου εχει συμβει σε επαγγελματικο περιβαλλον να κατουρμ απο τον φοβο μου,1
RT @TheOpinion_News: Τα ζώδια σήμερα 14 Οκτωβρίου – Το περιβάλλον θα σε επηρεάσει αρνητικά https://t.co/oufYUTwVxi #Thessaloniki #skg #TheO…,rt theopinion_news τα ζωδια σημερα οκτωβριου το περιβαλλον θα σε επηρεασει αρνητικα thessaloniki skg theo,1
"#Ντοματόσουπα στο αριστούργημα «#Ηλιοτρόπια» του διάσημου Ολλανδού ζωγράφου #Βίνσεντ_Βαν_Γκογκ, το οποίο εκτίθεται στην Εθνική Πινακοθήκη στο #Λονδίνο, πέταξαν σήμερα δύο #ακτιβίστριες για την κλιματική αλλαγή.

https://t.co/9lK1Ka9r99",ντοματοσουπα στο αριστουργημα ηλιοτροπια του διασημου ολλανδου ζωγραφου βινσεντ_βαν_γκογκ το οποιο εκτιθεται στην εθνικη πινακοθηκη στο λονδινο πεταξαν σημερα δυο ακτιβιστριεσ για την κλιματικη αλλαγη,1
Προς νέο ρεκόρ για τις Ανανεώσιμες Πηγές Ενέργειας – Σπάνε το φράγμα των 10.000 μεγαβάτ https://t.co/vPeY8PgT4C #businessnewsgr,προσ νεο ρεκορ για τισ ανανεωσιμεσ πηγεσ ενεργειασ σπανε το φραγμα των μεγαβατ businessnewsgr,1
Καμπύλης: Δουλεύουμε πάνω σε έργα και υποδομές που συνεισφέρουν στη βιώσιμη ανάπτυξη του τόπου μας - Πελοποννησιακό Πρακτορείο Ειδήσεων https://t.co/IP4IdREp8P,καμπυλησ δουλευουμε πανω σε εργα και υποδομεσ που συνεισφερουν στη βιωσιμη αναπτυξη του τοπου μασ πελοποννησιακο πρακτορειο ειδησεων,1
"Προς νέο ρεκόρ για τις Ανανεώσιμες Πηγές Ενέργειας  

Σπάνε το φράγμα των 10.000 μεγαβάτ

https://t.co/QWbNkwVbDP",προσ νεο ρεκορ για τισ ανανεωσιμεσ πηγεσ ενεργειασ σπανε το φραγμα των μεγαβατ,1
Προς νέο ρεκόρ οι Ανανεώσιμες Πηγές Ενέργειας – Σπάνε το φράγμα των 10.000 μεγαβάτ--https://t.co/ykIWxN0zH1,προσ νεο ρεκορ οι ανανεωσιμεσ πηγεσ ενεργειασ σπανε το φραγμα των μεγαβατ,1
Προς νέο ρεκόρ για τις Ανανεώσιμες Πηγές Ενέργειας – Σπάνε το φράγμα των 10.000 μεγαβάτ - https://t.co/eiOPQNT0y0 https://t.co/AQIr3eEVyc,προσ νεο ρεκορ για τισ ανανεωσιμεσ πηγεσ ενεργειασ σπανε το φραγμα των μεγαβατ,1
[Κλικ και διαβάστε στο thetoc] #Κολωνός: 300 τηλεφωνικές επαφές ενηλίκων στο κινητό της 12χρονης - Έρχονται  #Συλλήψεις από το περιβάλλον των κ https://t.co/B1JfE3qaVI,κλικ και διαβαστε στο thetoc κολωνοσ τηλεφωνικεσ επαφεσ ενηλικων στο κινητο τησ χρονησ ερχονται συλληψεισ απο το περιβαλλον των κ,1
Προς νέο ρεκόρ για τις Ανανεώσιμες Πηγές Ενέργειας - Σπάνε το φράγμα των 10.000 μεγαβάτ - https://t.co/R0SVXksO4n https://t.co/oVnFlh5Dos,προσ νεο ρεκορ για τισ ανανεωσιμεσ πηγεσ ενεργειασ σπανε το φραγμα των μεγαβατ,1
Προς νέο ρεκόρ για τις Ανανεώσιμες Πηγές Ενέργειας – Σπάνε το φράγμα των 10.000 μεγαβάτ - https://t.co/x2Ht4XeAVG https://t.co/IIDOiwxm1v,προσ νεο ρεκορ για τισ ανανεωσιμεσ πηγεσ ενεργειασ σπανε το φραγμα των μεγαβατ,1
Προς νέο ρεκόρ για τις Ανανεώσιμες Πηγές Ενέργειας – Σπάνε το φράγμα των 10.000 μεγαβάτ - LarissaPress https://t.co/1SjLBZvm68,προσ νεο ρεκορ για τισ ανανεωσιμεσ πηγεσ ενεργειασ σπανε το φραγμα των μεγαβατ larissapress,1
"Μετά το ρεκόρ όλων των εποχών για τις ανανεώσιμες πηγές ενέργειας, που για πρώτη φορά υπερκάλυψαν επί 5 ώρες τη ζήτηση ρεύματος την Παρασκευή 7 Οκτωβρίου, άλλο ένα ορόσημο αναμένεται να σπάσει μέσα στη χρονιά... https://t.co/HGH6F0PJ3u",μετα το ρεκορ ολων των εποχων για τισ ανανεωσιμεσ πηγεσ ενεργειασ που για πρωτη φορα υπερκαλυψαν επι ωρεσ τη ζητηση ρευματοσ την παρασκευη οκτωβριου αλλο ενα οροσημο αναμενεται να σπασει μεσα στη χρονια,1
Σπάνε το φράγμα των 10.000 μεγαβάτ οι Ανανεώσιμες Πηγές Ενέργειας https://t.co/9iJSBR2Ubo,σπανε το φραγμα των μεγαβατ οι ανανεωσιμεσ πηγεσ ενεργειασ,1
"Spiegel: Η Ελλάδα καταρρίπτει ένα ρεκόρ- Κάλυψε για πρώτη φορά τις ανάγκες της, με Ανανεώσιμες Πηγές Ενέργειας--https://t.co/4ycMFAqjZG",spiegel η ελλαδα καταρριπτει ενα ρεκορ καλυψε για πρωτη φορα τισ αναγκεσ τησ με ανανεωσιμεσ πηγεσ ενεργειασ,1
Ε.Λέκκας για κακοκαιρία στην Κρήτη: «Ήταν ένα ακραίο φαινόμενο που στοιχειοθετεί την κλιματική κρίση» https://t.co/fDbv61NvOD,ελεκκασ για κακοκαιρια στην κρητη ηταν ενα ακραιο φαινομενο που στοιχειοθετει την κλιματικη κριση,1
"Ο νεοφώτιστος Ραφαήλ - Νικόλαος απολαμβάνει τις αγκαλιές των νονών του, οι οποίοι δεν προέρχονται από το περιβάλλον των γονιών του, αλλά ανέπτυξαν μαζί τους μία σχέση ζωής, όταν πριν από εννέα μήνες, κατά τη διάρκεια έντονης κακοκαιρίας, του έσωσαν τη

https://t.co/zqHYz1bcAe",ο νεοφωτιστοσ ραφαηλ νικολαοσ απολαμβανει τισ αγκαλιεσ των νονων του οι οποιοι δεν προερχονται απο το περιβαλλον των γονιων του αλλα ανεπτυξαν μαζι τουσ μια σχεση ζωησ οταν πριν απο εννεα μηνεσ κατα τη διαρκεια εντονησ κακοκαιριασ του εσωσαν τη,1
"ΑΔΜΗΕ: Η πράσινη μετάβαση είναι πραγματικότητα και όχι fake news - Ρεπορτάζ και ειδήσεις για την Οικονομία, τις Επιχειρήσεις, το Χρηματιστήριο, την Πολιτική #mononewsGR https://t.co/Zw3CXjZ6UE",αδμηε η πρασινη μεταβαση ειναι πραγματικοτητα και οχι fake news ρεπορταζ και ειδησεισ για την οικονομια τισ επιχειρησεισ το χρηματιστηριο την πολιτικη mononewsgr,1
Ανδρουλάκης: Η κλιματική αλλαγή θα πολλαπλασιάσει τα ακραία καιρικά φαινόμενα - https://t.co/kCHcXZLjNp https://t.co/meZLNGQLr2,ανδρουλακησ η κλιματικη αλλαγη θα πολλαπλασιασει τα ακραια καιρικα φαινομενα,1
Ανδρουλάκης: Η κλιματική αλλαγή θα πολλαπλασιάσει τα ακραία καιρικά φαινόμενα https://t.co/MJzjgpwfDD,ανδρουλακησ η κλιματικη αλλαγη θα πολλαπλασιασει τα ακραια καιρικα φαινομενα,1
Ανδρουλάκης: Η κλιματική αλλαγή θα πολλαπλασιάσει τα ακραία καιρικά φαινόμενα - Να επενδύσουμε στην πρόληψη https://t.co/qb1prIQTWB,ανδρουλακησ η κλιματικη αλλαγη θα πολλαπλασιασει τα ακραια καιρικα φαινομενα να επενδυσουμε στην προληψη,1
"«Απευθύνω τα θερμά μου συλλυπητήρια στις οικογένειες των δυο συνανθρώπων μας, που βρήκαν τραγικό θάνατο. Η καταστροφή είναι βιβλική και απαιτείται η άμεση στήριξη των πληγέντων κατοίκων και επιχειρηματιών. Η κλιματική αλλαγή θα πολλαπλασιάσει τα ακραία… https://t.co/2z4yqG1DBh",απευθυνω τα θερμα μου συλλυπητηρια στισ οικογενειεσ των δυο συνανθρωπων μασ που βρηκαν τραγικο θανατο η καταστροφη ειναι βιβλικη και απαιτειται η αμεση στηριξη των πληγεντων κατοικων και επιχειρηματιων η κλιματικη αλλαγη θα πολλαπλασιασει τα ακραια,1
Ανδρουλάκης: Η κλιματική αλλαγή θα πολλαπλασιάσει τα ακραία καιρικά φαινόμενα - https://t.co/Dbhk7J49oK https://t.co/8nzdBLKmO8,ανδρουλακησ η κλιματικη αλλαγη θα πολλαπλασιασει τα ακραια καιρικα φαινομενα,1
"Ερώτηση του @androulakisnick στην @EU_Commission για τις μεγάλες καταστροφές στην #Κρήτη: 
«Η κλιματική αλλαγή θα πολλαπλασιάσει τα ακραία καιρικά φαινόμενα, οφείλουμε να επενδύσουμε στην πρόληψη» 

https://t.co/KuwquBj5nI",ερωτηση του androulakisnick στην eu_commission για τισ μεγαλεσ καταστροφεσ στην κρητη η κλιματικη αλλαγη θα πολλαπλασιασει τα ακραια καιρικα φαινομενα οφειλουμε να επενδυσουμε στην προληψη,1
"RT @iosif3rd: Η Αγία Πελαγία καταστράφηκε από την πλημμύρα, αυτό δεν αλλάζει.
Το θέμα είναι τι θα κάνει η Πολιτεία για να μην ξανασυμβεί. Α…",rt iosifrd η αγια πελαγια καταστραφηκε απο την πλημμυρα αυτο δεν αλλαζει το θεμα ειναι τι θα κανει η πολιτεια για να μην ξανασυμβει α,1
"Νίκος Ανδρουλάκης: ""Η κλιματική αλλαγή θα πολλαπλασιάσει τα ακραία καιρικά φαινόμενα, γι' αυτό οφείλουμε να επενδύσουμε στην πρόληψη""-ΕΡΩΤΗΣΗ ΝΙΚΟΥ ΑΝΔΡΟΥΛΑΚΗ, ΠΡΟΕΔΡΟΥ ΠΑΣΟΚ -ΚΙΝΗΜΑΤΟΣ ΑΛΛΑΓΗΣ ΠΡΟΣ ΤΗΝ ΕΥΡΩΠΑΪΚΗ ΕΠΙΤΡΟΠΗ ΓΙΑ ΤΙΣ ΚΑΤΑΣΤΡΟΦΕΣ ΣΤΗΝ ΚΡΗΤΗ https://t.co/dza1cHVWPb",νικοσ ανδρουλακησ η κλιματικη αλλαγη θα πολλαπλασιασει τα ακραια καιρικα φαινομενα γι αυτο οφειλουμε να επενδυσουμε στην προληψηερωτηση νικου ανδρουλακη προεδρου πασοκ κινηματος αλλαγης προς την ευρωπαϊκη επιτροπη για τις καταστροφες στην κρητη,1
"Prem Watsa (FairFax): «H επανεκλογή Μητσοτάκη θα δημιουργήσει ακόμα πιο ασφαλές περιβάλλον για επενδύσεις» - Ρεπορτάζ και ειδήσεις για την Οικονομία, τις Επιχειρήσεις, το Χρηματιστήριο, την Πολιτική #mononewsGR https://t.co/sY1xDbrxZF",prem watsa fairfax h επανεκλογη μητσοτακη θα δημιουργησει ακομα πιο ασφαλεσ περιβαλλον για επενδυσεισ ρεπορταζ και ειδησεισ για την οικονομια τισ επιχειρησεισ το χρηματιστηριο την πολιτικη mononewsgr,1
Λέκκας για Κρήτη: Η πλημμύρα ήταν αναπόφευκτη - Οφείλεται στην κλιματική κρίση - https://t.co/Nl9WNS6EJe https://t.co/a6I4DkkZTW,λεκκασ για κρητη η πλημμυρα ηταν αναποφευκτη οφειλεται στην κλιματικη κριση,1
Κλιματική αλλαγή – Γαλλία: Ζέστη με 30άρια πλήττει τη χώρα μέσα στην «καρδιά» του Οκτώβρη https://t.co/7Mhkhkswfs,κλιματικη αλλαγη γαλλια ζεστη με αρια πληττει τη χωρα μεσα στην καρδια του οκτωβρη,1
"Νίκος Ανδρουλάκης: Η κλιματική αλλαγή θα πολλαπλασιάσει τα ακραία καιρικά φαινόμενα, γι’ αυτό οφείλουμε να επενδύσουμε στην πρόληψη https://t.co/bJL1UoLQU0",νικοσ ανδρουλακησ η κλιματικη αλλαγη θα πολλαπλασιασει τα ακραια καιρικα φαινομενα γι αυτο οφειλουμε να επενδυσουμε στην προληψη,1
Πώς το περιβάλλον έχει γίνει πιο ευνοϊκό για τυφώνες και ακραία καιρικά και φυσικά φαινόμενα; https://t.co/4BDZhSHxmE,πωσ το περιβαλλον εχει γινει πιο ευνοϊκο για τυφωνεσ και ακραια καιρικα και φυσικα φαινομενα,1
"Γαλλία: Πληθωρισμός, ενεργειακή και κλιματική κρίση έβγαλαν στους δρόμους χιλιάδες πολίτες – «Πρωτεργάτης» ο Μελανσόν (βίντεο) https://t.co/czUQEU0982",γαλλια πληθωρισμοσ ενεργειακη και κλιματικη κριση εβγαλαν στουσ δρομουσ χιλιαδεσ πολιτεσ πρωτεργατησ ο μελανσον βιντεο,1
"ΜΑΘΗΜΑΤΑ  ΚΛΑΣΙΚΗΣ ΠΑΙΔΕΙΑΣ: «Ο ΙΟΥΣΤΙΝΙΑΝΟΣ, Η ΠΑΝΩΛΗ ΚΑΙ Η ΚΛΙΜΑΤΙΚΗ ΑΛΛΑΓΗ» -  https://t.co/8WwkRKj3YT",μαθηματα κλασικης παιδειας ο ιουστινιανος η πανωλη και η κλιματικη αλλαγη,1
"CLIA: Σε καλό δρόμο η δέσμευση για κρουαζιέρα με μηδενικό αποτύπωμα άνθρακα έως το 2050 - Ρεπορτάζ και ειδήσεις για την Οικονομία, τις Επιχειρήσεις, το Χρηματιστήριο, την Πολιτική #mononewsGR https://t.co/FQe2O3dYQ3",clia σε καλο δρομο η δεσμευση για κρουαζιερα με μηδενικο αποτυπωμα ανθρακα εωσ το ρεπορταζ και ειδησεισ για την οικονομια τισ επιχειρησεισ το χρηματιστηριο την πολιτικη mononewsgr,1
Ο κλάδος της κρουαζιέρας αποδεικνύει τη δέσμευσή του για κρουαζιέρα με μηδενικό αποτύπωμα άνθρακα παγκοσμίως έως το 2050 https://t.co/7Kr6ubgtYa,ο κλαδοσ τησ κρουαζιερασ αποδεικνυει τη δεσμευση του για κρουαζιερα με μηδενικο αποτυπωμα ανθρακα παγκοσμιωσ εωσ το,1
Ολλανδική έκθεση: Η κλιματική αλλαγή απειλεί ένα δισεκατομμύριο παιδιά https://t.co/xgEIg5a1ah,ολλανδικη εκθεση η κλιματικη αλλαγη απειλει ενα δισεκατομμυριο παιδια,1
"Η κλιματική κρίση μια βουτιά μακριά μας: Η Μεσόγειος βράζει, εκλύει διοξείδιο του άνθρακα και είναι τίγκα στο μικροπλαστικό https://t.co/TGGPE25OXR 7/9",η κλιματικη κριση μια βουτια μακρια μασ η μεσογειοσ βραζει εκλυει διοξειδιο του ανθρακα και ειναι τιγκα στο μικροπλαστικο,1
"Στο νέο ντοκιμαντέρ του, ο Όλιβερ Στόουν προβάλλει την πυρηνική ενέργεια ως απάντηση στην κλιματική κρίση. Είναι έτσι; Η ενεργειακή κρίση προκαλεί νέες συζητήσεις για το εφικτό, ασφαλές και εύλογο της χρήσης πυρηνικών αντιδραστήρων σχάσης https://t.co/2JuDlNGFhu 2/9",στο νεο ντοκιμαντερ του ο ολιβερ στοουν προβαλλει την πυρηνικη ενεργεια ωσ απαντηση στην κλιματικη κριση ειναι ετσι η ενεργειακη κριση προκαλει νεεσ συζητησεισ για το εφικτο ασφαλεσ και ευλογο τησ χρησησ πυρηνικων αντιδραστηρων σχασησ,1
Η MYTILINEOS στο Re-Source – τη μεγαλύτερη πλατφόρμα για την πράσινη ενέργεια https://t.co/uGxFsQMFSs,η mytilineos στο resource τη μεγαλυτερη πλατφορμα για την πρασινη ενεργεια,1
"Σκυλακάκης στη Βουλή: Η επένδυση στις Ανανεώσιμες Πηγές Ενέργειας είναι μονόδρομος, αποτελούν το μέλλον

https://t.co/VOxNojjnuU",σκυλακακησ στη βουλη η επενδυση στισ ανανεωσιμεσ πηγεσ ενεργειασ ειναι μονοδρομοσ αποτελουν το μελλον,1
"Οι ΗΠΑ θα ψεκάσουν με σωματίδια τη Γη για να εμποδίσει τη κλιματική αλλαγή,
https://t.co/PqutG1LpAw,",οι ηπα θα ψεκασουν με σωματιδια τη γη για να εμποδισει τη κλιματικη αλλαγη,1
Η MYTILINEOS στο Re-Source – τη μεγαλύτερη πλατφόρμα για την πράσινη ενέργεια https://t.co/f5ljmFnxYd,η mytilineos στο resource τη μεγαλυτερη πλατφορμα για την πρασινη ενεργεια,1
"Σχολεία αντικαθίστανται από αστυνομικά τμήματα - Επαναφέρει μια διάταξη για κατάργηση αναδασώσεων, ενώ δίνει πράσινο φως σε Ανανεώσιμες Πηγές Ενέργειας μέσα σε δάση
https://t.co/1SfQ5DAjau",σχολεια αντικαθιστανται απο αστυνομικα τμηματα επαναφερει μια διαταξη για καταργηση αναδασωσεων ενω δινει πρασινο φωσ σε ανανεωσιμεσ πηγεσ ενεργειασ μεσα σε δαση,1
"Κικίλιας: Αναβαθμίζουμε το brand της Σκύρου στο πλαίσιο της στρατηγικής μας για βιώσιμο τουρισμό - Ρεπορτάζ και ειδήσεις για την Οικονομία, τις Επιχειρήσεις, το Χρηματιστήριο, την Πολιτική #mononewsGR https://t.co/WXG8IjIool",κικιλιασ αναβαθμιζουμε το brand τησ σκυρου στο πλαισιο τησ στρατηγικησ μασ για βιωσιμο τουρισμο ρεπορταζ και ειδησεισ για την οικονομια τισ επιχειρησεισ το χρηματιστηριο την πολιτικη mononewsgr,1
Για την κρίση στην Ευρώπη ευθύνονται οι ακραίες κρατικές παρεμβάσεις στην ενέργεια.. και η ανόητη πράσινη ανάπτυξη https://t.co/uEbDM5NecV,για την κριση στην ευρωπη ευθυνονται οι ακραιεσ κρατικεσ παρεμβασεισ στην ενεργεια και η ανοητη πρασινη αναπτυξη,1
"Πράσινη ενέργεια, μηδενικοί ρύποι, οικολογία…. Με τέτοιες αερολογίες, τέτοιες ανοησίες η Ευρώπη σήμερα βρίσκεται σε ενεργειακό αδιέξοδο και οδηγεί εκατομμύρια ανθρώπους στην απόγνωση και στην καταστροφή… 
https://t.co/m3LgHTBIIf",πρασινη ενεργεια μηδενικοι ρυποι οικολογια με τετοιεσ αερολογιεσ τετοιεσ ανοησιεσ η ευρωπη σημερα βρισκεται σε ενεργειακο αδιεξοδο και οδηγει εκατομμυρια ανθρωπουσ στην απογνωση και στην καταστροφη,1
"Λίπασμα με οινολάσπη αντί για χημικά λιπάσματα, με οφέλη για την κλιματική αλλαγή - https://t.co/XXvdVXNAfe https://t.co/iHrSICAQuc",λιπασμα με οινολασπη αντι για χημικα λιπασματα με οφελη για την κλιματικη αλλαγη,1
"Λίπασμα με οινολάσπη αντί για χημικά λιπάσματα, με οφέλη για την κλιματική αλλαγή

https://t.co/t4HsTEoHIq",λιπασμα με οινολασπη αντι για χημικα λιπασματα με οφελη για την κλιματικη αλλαγη,1
Ο κλάδος της κρουαζιέρας αποδεικνύει τη δέσμευσή του για κρουαζιέρα με μηδενικό αποτύπωμα άνθρακα παγκοσμίως έως το 2050 https://t.co/6CWqp2ZOFM,ο κλαδοσ τησ κρουαζιερασ αποδεικνυει τη δεσμευση του για κρουαζιερα με μηδενικο αποτυπωμα ανθρακα παγκοσμιωσ εωσ το,1
"Σεπόλια: Έρχονται στη δημοσιότητα σημαντικές πληροφορίες για το περιβάλλον που ζούσε το 12χρονο κορίτσι
#Σεπολια #παιδοβιαστής_Κολωνός 
https://t.co/jB21di6fjv",σεπολια ερχονται στη δημοσιοτητα σημαντικεσ πληροφοριεσ για το περιβαλλον που ζουσε το χρονο κοριτσι σεπολια παιδοβιαστησ_κολωνοσ,1
Διαχρονικά το νησί της Κρήτης εκπέμπει SOS με τους ειδικούς να κάνουν λόγο για ανάγκη επανεκτίμησης του πλημμυρικού κινδύνου ανά περιοχή με βάση τα νέα δεδομένα που φέρνει η κλιματική κρίση. https://t.co/ORSkEfI19U,διαχρονικα το νησι τησ κρητησ εκπεμπει sos με τουσ ειδικουσ να κανουν λογο για αναγκη επανεκτιμησησ του πλημμυρικου κινδυνου ανα περιοχη με βαση τα νεα δεδομενα που φερνει η κλιματικη κριση,1
Κολωνός: Ο Μίχος «ψάρευε» πελάτες και από το οικογενειακό περιβάλλον της 12χρονης - https://t.co/Mgc7yf1QwI,κολωνοσ ο μιχοσ ψαρευε πελατεσ και απο το οικογενειακο περιβαλλον τησ χρονησ,1
"Κροάτης ευρωβουλευτής: Γιατί τόσο μεγάλη αύξηση στους αιφνίδιους θανάτους σε Ελλάδα, Ισπανία και Ισλανδία;
Ευθύνεται η κλιματική… «κρίση»; Ο ΕΒΡΑΙΟΣ ΚΤΗΝΙΑΤΡΟΣ ΑΣ ΔΩΣΕΙ ΤΗΝ ΑΠΑΝΤΗΣΗ...ΓΙΑΤΙ ΤΑ ΓΚΟΙΜ ΘΕΛΟΥΝ ΤΟΝ ΚΤΗΝΙΑΤΡΟ ΤΟΥΣ....",κροατησ ευρωβουλευτησ γιατι τοσο μεγαλη αυξηση στουσ αιφνιδιουσ θανατουσ σε ελλαδα ισπανια και ισλανδια ευθυνεται η κλιματικη κριση ο εβραιος κτηνιατρος ας δωσει την απαντησηγιατι τα γκοιμ θελουν τον κτηνιατρο τους,1
Για την κρίση στην Ευρώπη ευθύνονται οι ακραίες κρατικές παρεμβάσεις στην ενέργεια.. και η ανόητη πράσινη ανάπτυξη https://t.co/dnQIBPlBrz,για την κριση στην ευρωπη ευθυνονται οι ακραιεσ κρατικεσ παρεμβασεισ στην ενεργεια και η ανοητη πρασινη αναπτυξη,1
Φάρμα Ρόδου: Δωρεάν είσοδος στις 30 Οκτωβρίου με Φεστιβάλ για το Περιβάλλον #Δημοκρατική #Ρόδος #Δωδεκάνησα https://t.co/mZTPkfnREt,φαρμα ροδου δωρεαν εισοδοσ στισ οκτωβριου με φεστιβαλ για το περιβαλλον δημοκρατικη ροδοσ δωδεκανησα,1
Ακτιβιστές πέταξαν πουρέ στον πίνακα «Θυμωνιές» του Μονέ για να στείλουν μήνυμα για την κλιματική αλλαγή https://t.co/eIOc2sYCyT,ακτιβιστεσ πεταξαν πουρε στον πινακα θυμωνιεσ του μονε για να στειλουν μηνυμα για την κλιματικη αλλαγη,1
"Κυπριακό, μεταναστευτικό, κλιματική αλλαγή, Λίβανος και Ουκρανικό στη συνάντηση Προέδρου-Πάπα https://t.co/GwR16y8SdU",κυπριακο μεταναστευτικο κλιματικη αλλαγη λιβανοσ και ουκρανικο στη συναντηση προεδρουπαπα,1
Μπορεί η ελληνική οικονομία να γίνει “κυκλική”; Τι χρειάζεται να αλλάξει και ποια θα ήταν τα οφέλη που θα προέκυπταν από αυτήν την αλλαγή; https://t.co/wsLKj6Xguz,μπορει η ελληνικη οικονομια να γινει κυκλικη τι χρειαζεται να αλλαξει και ποια θα ηταν τα οφελη που θα προεκυπταν απο αυτην την αλλαγη,1
Η κλιματική αλλαγή επηρεάζει τα πουλιά της Ευρώπης - https://t.co/au6c8HfNzk https://t.co/IeItdFxgLJ,η κλιματικη αλλαγη επηρεαζει τα πουλια τησ ευρωπησ,1
Runining out of Time: Έφτασε στην Ελλάδα η σκυταλοδρομία για την κλιματική αλλαγή - https://t.co/65hg2R3Hyy https://t.co/8Ib2z069qx,runining out of time εφτασε στην ελλαδα η σκυταλοδρομια για την κλιματικη αλλαγη,1
"Σκρέκας: «Επενδύουμε στη μετατροπή της Ελλάδας σε ενεργειακό κόμβο, επιταχύνοντας την πράσινη μετάβαση» - Ρεπορτάζ και ειδήσεις για την Οικονομία, τις Επιχειρήσεις, το Χρηματιστήριο, την Πολιτική #mononewsGR https://t.co/POHUY1K5hE",σκρεκασ επενδυουμε στη μετατροπη τησ ελλαδασ σε ενεργειακο κομβο επιταχυνοντασ την πρασινη μεταβαση ρεπορταζ και ειδησεισ για την οικονομια τισ επιχειρησεισ το χρηματιστηριο την πολιτικη mononewsgr,1
"Φόρτιση με «πράσινη» ενέργεια, βιβλιοθήκες φωτογραφιών και γυμναστική χωρίς ρολόι
#alphanewslive 
https://t.co/GUqFuorl1u",φορτιση με πρασινη ενεργεια βιβλιοθηκεσ φωτογραφιων και γυμναστικη χωρισ ρολοι alphanewslive,1
"Μαθητικός διαγωνισμός για την κλιματική αλλαγή από την Ύπατη Αρμοστεία του ΟΗΕ για τους Πρόσφυγες
#ΜΑΘΗΤΙΚΟΣ_ΔΙΑΓΩΝΙΣΜΟΣ #ΟΗΕ #ΠΡΟΣΦΥΓΕΣ #UNHER https://t.co/PqQW6Enh7e",μαθητικοσ διαγωνισμοσ για την κλιματικη αλλαγη απο την υπατη αρμοστεια του οηε για τουσ προσφυγεσ μαθητικος_διαγωνισμος οηε προσφυγες unher,1
ΠΡΟΓΡΑΜΜΑΤΙΣΜΕΝΗ ΚΑΤΑΣΤΡΟΦΗ ΣΤΟ ΠΕΡΙΒΑΛΛΟΝ https://t.co/7mujsajFIp,προγραμματισμενη καταστροφη στο περιβαλλον,1
Δείτε ζωντανά «Βιώσιμη Παραγωγή Τροφίμων και Χρηματοδοτικά Εργαλεία» - Πελοποννησιακό Πρακτορείο Ειδήσεων https://t.co/lX0ecmUsg8,δειτε ζωντανα βιωσιμη παραγωγη τροφιμων και χρηματοδοτικα εργαλεια πελοποννησιακο πρακτορειο ειδησεων,1
"Μαθητικός διαγωνισμός για την κλιματική αλλαγή από την @UNHCRGreece

https://t.co/lt8SusFLFR 

#climatechange",μαθητικοσ διαγωνισμοσ για την κλιματικη αλλαγη απο την unhcrgreece climatechange,1
"Κρ. Αρσένης: Απειλή για την παγκόσμια παραγωγή τροφής η κλιματική κρίση – Διέξοδος η φυτική διατροφή, χωρίς σχέδιο η κυβέρνηση https://t.co/vtIh5TBGM4",κρ αρσενησ απειλη για την παγκοσμια παραγωγη τροφησ η κλιματικη κριση διεξοδοσ η φυτικη διατροφη χωρισ σχεδιο η κυβερνηση,1
"Μια νέα μελέτη που πραγματοποίησαν ερευνητές στο Πανεπιστήμιο Penn State στις #ΗΠΑ, διαπίστωσε ότι οι ηλεκτρικές εκκενώσεις που εκπέμπουν τα δέντρα και τα φυτά από τις άκρες των φύλλων τους κατά τη διάρκεια καταιγίδων
#Περιβαλλον

https://t.co/xFMedGecgJ",μια νεα μελετη που πραγματοποιησαν ερευνητεσ στο πανεπιστημιο penn state στισ ηπα διαπιστωσε οτι οι ηλεκτρικεσ εκκενωσεισ που εκπεμπουν τα δεντρα και τα φυτα απο τισ ακρεσ των φυλλων τουσ κατα τη διαρκεια καταιγιδων περιβαλλον,1
Σαρρηγεωργίου: Συντονισμός κράτους-ασφαλιστικών για την κλιματική αλλαγή https://t.co/VQjJOmjawV,σαρρηγεωργιου συντονισμοσ κρατουσασφαλιστικων για την κλιματικη αλλαγη,1
Running Out of Time: Ενάντια στην κλιματική αλλαγή τρέχουν ως τη Νίκαια Λάρισας https://t.co/d5TRUgInkM,running out of time εναντια στην κλιματικη αλλαγη τρεχουν ωσ τη νικαια λαρισασ,1
"Παναγιωτόπουλος (Bayer): Η κλιματική αλλαγή μας αγγίζει όλους και η γεωργία μπορεί να είναι μέρος της λύσης (ΗΧΗΤΙΚΟ) - https://t.co/eiOPQNT0y0 https://t.co/iiX4bY0Zlt 
#Bayer #Βαμβάκι #Καλαμπόκι #Καλλιέργεια",παναγιωτοπουλοσ bayer η κλιματικη αλλαγη μασ αγγιζει ολουσ και η γεωργια μπορει να ειναι μεροσ τησ λυσησ ηχητικο bayer βαμβακι καλαμποκι καλλιεργεια,1
RT @LykavitosGr: Σ. Παπαλάμπρου (ABO WIND): Η επέκταση των ΑΠΕ και η υποκατάσταση των ορυκτών καυσίμων είναι η μόνη βιώσιμη λύση για τη συγ…,rt lykavitosgr σ παπαλαμπρου abo wind η επεκταση των απε και η υποκατασταση των ορυκτων καυσιμων ειναι η μονη βιωσιμη λυση για τη συγ,1
RT @LykavitosGr: Σ. Παπαλάμπρου (ABO WIND): Η επέκταση των ΑΠΕ και η υποκατάσταση των ορυκτών καυσίμων είναι η μόνη βιώσιμη λύση για τη συγ…,rt lykavitosgr σ παπαλαμπρου abo wind η επεκταση των απε και η υποκατασταση των ορυκτων καυσιμων ειναι η μονη βιωσιμη λυση για τη συγ,1
Παπαλάμπρου (ABO WIND):  Η επέκταση των ΑΠΕ και η υποκατάσταση των ορυκτών καυσίμων είναι η μόνη βιώσιμη λύση για τη συγκράτηση του ενεργειακού κόστους - https://t.co/cyi5rYg96T https://t.co/hzKtzNtJXv,παπαλαμπρου abo wind η επεκταση των απε και η υποκατασταση των ορυκτων καυσιμων ειναι η μονη βιωσιμη λυση για τη συγκρατηση του ενεργειακου κοστουσ,1
Σπουδαία βοήθεια από την Nasa στην κλιματική αλλαγή – Εντοπίζει πλέον «υπερ-εκπομπές» μεθανίου στη Γη από το διάστημα https://t.co/LqyYmNqTLa,σπουδαια βοηθεια απο την nasa στην κλιματικη αλλαγη εντοπιζει πλεον υπερεκπομπεσ μεθανιου στη γη απο το διαστημα,1
Κλιματική αλλαγή και εξάρτηση από ορυκτά βλάπτουν σοβαρά την υγεία https://t.co/5lMWgFioJ5,κλιματικη αλλαγη και εξαρτηση απο ορυκτα βλαπτουν σοβαρα την υγεια,1
Κλιματική αλλαγή και εξάρτηση από ορυκτά βλάπτουν σοβαρά την υγεία - https://t.co/eIcM4gJlu4 https://t.co/KmSEETtE6g,κλιματικη αλλαγη και εξαρτηση απο ορυκτα βλαπτουν σοβαρα την υγεια,1
"""Η κλιματική κρίση μας σκοτώνει""

Διεθνείς ιατρικοί εμπειρογνώμονες καταγγέλλουν την υπερβολικά μεγάλη εξάρτηση από τα ορυκτά καύσιμα

Oι θάνατοι που συνδέονται με την ζέστη αυξήθηκαν +68% σε δύο δεκαετίες

https://t.co/BsNK1cGT9k 

#κλίμα #ClimateCrisis #FossilFuels #COP27 https://t.co/sRTjGp2siw",η κλιματικη κριση μασ σκοτωνει διεθνεισ ιατρικοι εμπειρογνωμονεσ καταγγελλουν την υπερβολικα μεγαλη εξαρτηση απο τα ορυκτα καυσιμα oι θανατοι που συνδεονται με την ζεστη αυξηθηκαν σε δυο δεκαετιεσ κλιμα climatecrisis fossilfuels cop,1
The Lancet: «Ο εθισμός στα ορυκτά καύσιμα και η κλιματική αλλαγή υποσκάπτουν την παγκόσμια υγεία» https://t.co/Bwoy1vObUK,the lancet ο εθισμοσ στα ορυκτα καυσιμα και η κλιματικη αλλαγη υποσκαπτουν την παγκοσμια υγεια,1
Τα προβλήματα υγείας που προκαλεί η κλιματική αλλαγή και η εξάρτηση από τα ορυκτά καύσιμα - https://t.co/6t5Eao90IO https://t.co/NhFZH5S2VO,τα προβληματα υγειασ που προκαλει η κλιματικη αλλαγη και η εξαρτηση απο τα ορυκτα καυσιμα,1
"Ο εθισμός στα ορυκτά καύσιμα και η κλιματική αλλαγή υποσκάπτουν την παγκόσμια υγεία,
https://t.co/UpD93DWFh9,",ο εθισμοσ στα ορυκτα καυσιμα και η κλιματικη αλλαγη υποσκαπτουν την παγκοσμια υγεια,1
"Ο εθισμός στα ορυκτά καύσιμα και η κλιματική αλλαγή υποσκάπτουν την παγκόσμια υγεία, προειδοποιούν οι επιστήμονες

https://t.co/cGfSLQbE1z https://t.co/AneeNPXa1g",ο εθισμοσ στα ορυκτα καυσιμα και η κλιματικη αλλαγη υποσκαπτουν την παγκοσμια υγεια προειδοποιουν οι επιστημονεσ,1
⭕ Οι επιστήμονες ελπίζουν η λειτουργία αυτή να επιτρέψει την ανάληψη δράσης προκειμένου να περιοριστούν οι εκπομπές αυτού του αερίου που συμβάλλει σε μεγάλο βαθμό στην κλιματική αλλαγή. https://t.co/AkwOSgrdZ0,οι επιστημονεσ ελπιζουν η λειτουργια αυτη να επιτρεψει την αναληψη δρασησ προκειμενου να περιοριστουν οι εκπομπεσ αυτου του αεριου που συμβαλλει σε μεγαλο βαθμο στην κλιματικη αλλαγη,1
RT @LykavitosGr: Εθνική Τράπεζα: Ο ελληνικός τουρισμός έχει βάλει πλώρη να ξεπεράσει το 2019 κερδίζοντας μερίδια σε ένα περιβάλλον προκλήσε…,rt lykavitosgr εθνικη τραπεζα ο ελληνικοσ τουρισμοσ εχει βαλει πλωρη να ξεπερασει το κερδιζοντασ μεριδια σε ενα περιβαλλον προκλησε,1
RT @LykavitosGr: Εθνική Τράπεζα: Ο ελληνικός τουρισμός έχει βάλει πλώρη να ξεπεράσει το 2019 κερδίζοντας μερίδια σε ένα περιβάλλον προκλήσε…,rt lykavitosgr εθνικη τραπεζα ο ελληνικοσ τουρισμοσ εχει βαλει πλωρη να ξεπερασει το κερδιζοντασ μεριδια σε ενα περιβαλλον προκλησε,1
Πιο σοβαρά αντιμετωπίζουν οι κορυφαίες εταιρείες την κλιματική αλλαγή https://t.co/kKkuY7F3bL,πιο σοβαρα αντιμετωπιζουν οι κορυφαιεσ εταιρειεσ την κλιματικη αλλαγη,1
"""Η κλιματική κρίση μας σκοτώνει"", σύμφωνα με διεθνείς ιατρικούς εμπειρογνώμονες, οι οποίοι καταγγέλλουν σήμερα την υπερβολικά μεγάλη εξάρτηση σε όλον τον κόσμο από τα ορυκτά καύσιμα, αιτία της κλιματικής αλλαγής, η οποία έχει επιζήμιες επιπτώσεις στην… https://t.co/jlaAecofN6",η κλιματικη κριση μασ σκοτωνει συμφωνα με διεθνεισ ιατρικουσ εμπειρογνωμονεσ οι οποιοι καταγγελλουν σημερα την υπερβολικα μεγαλη εξαρτηση σε ολον τον κοσμο απο τα ορυκτα καυσιμα αιτια τησ κλιματικησ αλλαγησ η οποια εχει επιζημιεσ επιπτωσεισ στην,1
Κλιματική κρίση: Τον «κώδωνα» του κινδύνου κρούουν τα Ηνωμένα Έθνη https://t.co/HC3uxsECm0,κλιματικη κριση τον κωδωνα του κινδυνου κρουουν τα ηνωμενα εθνη,1
IEA: Αξιολόγησε τη βιωσιμότητα του Power of Siberia 2 στη Ρωσία - Οι Κινέζοι ποντάρουν στις ανανεώσιμες πηγές ενέργειας https://t.co/otG4gH4SKV,iea αξιολογησε τη βιωσιμοτητα του power of siberia στη ρωσια οι κινεζοι πονταρουν στισ ανανεωσιμεσ πηγεσ ενεργειασ,1
"Έρευνα για την κλιματική αλλαγή - Θέλουν τη φορολόγηση των SUV οι Κύπριοι

https://t.co/ulf2Dsl4of",ερευνα για την κλιματικη αλλαγη θελουν τη φορολογηση των suv οι κυπριοι,1
"«Η κλιματική κρίση μας σκοτώνει»,
https://t.co/s9gLgVX7xT,",η κλιματικη κριση μασ σκοτωνει,1
Eurostat: Η Ελλάδα πλήρωσε περισσότερο από όλες τις χώρες της ΕΕ την κλιματική αλλαγή το 2020 - https://t.co/6Tev0LlYcY https://t.co/RNnWwz2CZm,eurostat η ελλαδα πληρωσε περισσοτερο απο ολεσ τισ χωρεσ τησ εε την κλιματικη αλλαγη το,1
"Politico: Γιατί οι πόλεις δεν φυτεύουν δέντρα για να καταπολεμήσουν την κλιματική κρίση

https://t.co/AV42lrIjCc",politico γιατι οι πολεισ δεν φυτευουν δεντρα για να καταπολεμησουν την κλιματικη κριση,1
Περιβάλλον: Η κλιματική αλλαγή επιδρά στη βιοποικιλότητα με καθοριστικό τρόπο - https://t.co/ialz1B9H8Y https://t.co/8wLKS4Y6QI,περιβαλλον η κλιματικη αλλαγη επιδρα στη βιοποικιλοτητα με καθοριστικο τροπο,1
ΡΟΔΗ ΚΡΑΤΣΑ – Εμβληματικές περιοχές της Κέρκυρας κινδυνεύουν από την κλιματική αλλαγή https://t.co/MV6PZHv2KI,ροδη κρατσα εμβληματικεσ περιοχεσ τησ κερκυρασ κινδυνευουν απο την κλιματικη αλλαγη,1
Η Γερμανία διαλύει ένα αιολικό πάρκο για να ανοίξει το δρόμο για ένα ανθρακωρυχείο! Τι έγινε; Που πήγε η κλιματική αλλαγή; Να κερδίσει η Ουκρανία και ας καίμε και κάρβουνο; Ε και την κλιματική αλλαγή θα την θυμηθούμε ξανά μετά; Τι φάση; Πόσο δούλεμα τρώμε επιτέλους; https://t.co/RfggBSV5sv,η γερμανια διαλυει ενα αιολικο παρκο για να ανοιξει το δρομο για ενα ανθρακωρυχειο τι εγινε που πηγε η κλιματικη αλλαγη να κερδισει η ουκρανια και ασ καιμε και καρβουνο ε και την κλιματικη αλλαγη θα την θυμηθουμε ξανα μετα τι φαση ποσο δουλεμα τρωμε επιτελουσ,1
Bέλγιο: Mειώστε το χρόνο που κάνετε ντους για να εξοικονομήσετε ενέργεια – Το μήνυμα που στέλνει ίδρυμα για το περιβάλλον https://t.co/tysBsdwkSw,bελγιο mειωστε το χρονο που κανετε ντουσ για να εξοικονομησετε ενεργεια το μηνυμα που στελνει ιδρυμα για το περιβαλλον,1
Bέλγιο: «Μειώστε τη διάρκεια του ντους» για εξοικονόμηση ενέργειας προτρέπει ίδρυμα για το περιβάλλον--https://t.co/WSstyAXEjf,bελγιο μειωστε τη διαρκεια του ντουσ για εξοικονομηση ενεργειασ προτρεπει ιδρυμα για το περιβαλλον,1
Η κλιματική αλλαγή επιδρά στη βιοποικιλότητα με καθοριστικό τρόπο – Ποιες οι επιπτώσεις στην Ελλάδα https://t.co/mzrEglvVTw,η κλιματικη αλλαγη επιδρα στη βιοποικιλοτητα με καθοριστικο τροπο ποιεσ οι επιπτωσεισ στην ελλαδα,1
"Οι Έλληνες «Πρεσβευτές για το #Κλίμα» της Ευρωπαϊκής Επιτροπής αναλαμβάνουν δράση

https://t.co/eoMIcE2r3k 

#ClimateAction https://t.co/8ntxNzvN8M",οι ελληνεσ πρεσβευτεσ για το κλιμα τησ ευρωπαϊκησ επιτροπησ αναλαμβανουν δραση climateaction,1
"Βέλγιο: Ίδρυμα για το περιβάλλον καλεί τους πολίτες να μειώσουν τον χρόνο του ντους για εξοικονόμηση ενέργειας - Ρεπορτάζ και ειδήσεις για την Οικονομία, τις Επιχειρήσεις, το Χρηματιστήριο, την Πολιτική #mononewsGR https://t.co/QC8LbRq4J7",βελγιο ιδρυμα για το περιβαλλον καλει τουσ πολιτεσ να μειωσουν τον χρονο του ντουσ για εξοικονομηση ενεργειασ ρεπορταζ και ειδησεισ για την οικονομια τισ επιχειρησεισ το χρηματιστηριο την πολιτικη mononewsgr,1
Bέλγιο: Ίδρυμα για το περιβάλλον καλεί να... μειώσουμε τη διάρκεια του ντους για εξοικονόμηση ενέργειας https://t.co/xbWQ5stC9x,bελγιο ιδρυμα για το περιβαλλον καλει να μειωσουμε τη διαρκεια του ντουσ για εξοικονομηση ενεργειασ,1
"Mειώστε το χρόνο που κάνετε ντους για να εξοικονομήσετε #ενέργεια, καλεί τους Βέλγους το ίδρυμα για το περιβάλλον @milieucentraal

Σήμερα περνούν κατά μ.ο. 9 λεπτά στο 🚿 &amp; καλούνται να τα μειώσουν σε 5 λεπτά

https://t.co/aa7yX8kjha

#EnergyCrisis #Βέλγιο",mειωστε το χρονο που κανετε ντουσ για να εξοικονομησετε ενεργεια καλει τουσ βελγουσ το ιδρυμα για το περιβαλλον milieucentraal σημερα περνουν κατα μο λεπτα στο amp καλουνται να τα μειωσουν σε λεπτα energycrisis βελγιο,1
"Μ. Βραχνάκης: Η κλιματική αλλαγή επιδρά στη βιοποικιλότητα με καθοριστικό τρόπο - Ποιες οι επιπτώσεις στην Ελλάδα

https://t.co/jnF7YHbqUi 

#κλίμα #ClimateChange #ClimateCrisis",μ βραχνακησ η κλιματικη αλλαγη επιδρα στη βιοποικιλοτητα με καθοριστικο τροπο ποιεσ οι επιπτωσεισ στην ελλαδα κλιμα climatechange climatecrisis,1
Bέλγιο: Για μείωση της διάρκειας του ντους με στόχο την εξοικονόμηση ενέργειας καλεί ίδρυμα για το περιβάλλον https://t.co/xRmlm7TCxv,bελγιο για μειωση τησ διαρκειασ του ντουσ με στοχο την εξοικονομηση ενεργειασ καλει ιδρυμα για το περιβαλλον,1
Ινστιτούτο ΕΝΑ: Ο ελληνικός τουρισμός απέναντι στην κλιματική αλλαγή https://t.co/wLwXWK7tA3,ινστιτουτο ενα ο ελληνικοσ τουρισμοσ απεναντι στην κλιματικη αλλαγη,1
"Μητσοτάκης: «Άνοδος 16 θέσεων για την Ελλάδα στο επιχειρηματικό περιβάλλον» - Ρεπορτάζ και ειδήσεις για την Οικονομία, τις Επιχειρήσεις, το Χρηματιστήριο, την Πολιτική #mononewsGR https://t.co/vbDjst4Gr1",μητσοτακησ ανοδοσ θεσεων για την ελλαδα στο επιχειρηματικο περιβαλλον ρεπορταζ και ειδησεισ για την οικονομια τισ επιχειρησεισ το χρηματιστηριο την πολιτικη mononewsgr,1
Πώς θα ακολουθήσουμε μία περισσότερο βιώσιμη διατροφή; https://t.co/kI2CLA5XJx,πωσ θα ακολουθησουμε μια περισσοτερο βιωσιμη διατροφη,1
Ινστιτούτο ΕΝΑ: Ο ελληνικός τουρισμός απέναντι στην κλιματική αλλαγή - Κίνδυνοι και προκλήσεις - https://t.co/uwpuqNxVMO https://t.co/pn6BVrKv5r,ινστιτουτο ενα ο ελληνικοσ τουρισμοσ απεναντι στην κλιματικη αλλαγη κινδυνοι και προκλησεισ,1
Η κλιματική κρίση επηρεάζει τους διατροφικούς θησαυρούς της Ευρώπης https://t.co/Z56mO4ELlR,η κλιματικη κριση επηρεαζει τουσ διατροφικουσ θησαυρουσ τησ ευρωπησ,1
"Bέλγιο: Μειώστε τη διάρκεια του ντους για εξοικονόμηση ενέργειας, λέει ίδρυμα για το περιβάλλον https://t.co/v5UOdtwWUu",bελγιο μειωστε τη διαρκεια του ντουσ για εξοικονομηση ενεργειασ λεει ιδρυμα για το περιβαλλον,1
"RT @Wyrlpx99hhKzSky: ""Αν θα μου δοθεί η δυνατότητα να μείνω εδώ στο υπόλοιπο της καριέρας μου θα υπέγραφα αυτή τη στιγμή. Είναι τέτοιο το ε…",rt wyrlpxhhkzsky αν θα μου δοθει η δυνατοτητα να μεινω εδω στο υπολοιπο τησ καριερασ μου θα υπεγραφα αυτη τη στιγμη ειναι τετοιο το ε,1
BNEF: Ανανεώσιμες πηγές ενέργειας και χρηματοδότηση για το κλίμα χαμένο στοίχημα οι επενδύσεις https://t.co/JbfYlLiAlz,bnef ανανεωσιμεσ πηγεσ ενεργειασ και χρηματοδοτηση για το κλιμα χαμενο στοιχημα οι επενδυσεισ,1
Όταν η Βρετανία αναδύθηκε από τους πάγους και έγινε νησί https://t.co/3epXAvRvLh #ΑΡΘΡΑ #ΒΡΕΤΑΝΙΑ #ΠΑΓΕΤΩΝΕΣ #ΠΕΡΙΒΑΛΛΟΝ By https://t.co/p9zfHynwcm,οταν η βρετανια αναδυθηκε απο τουσ παγουσ και εγινε νησι αρθρα βρετανια παγετωνες περιβαλλον by,1
Ανοχύρωτο μεγάλο μέρος του νομού Ρεθύμνου έναντι στην κλιματική αλλαγή https://t.co/EeLfRxzX2J,ανοχυρωτο μεγαλο μεροσ του νομου ρεθυμνου εναντι στην κλιματικη αλλαγη,1
Οι επιστήμονες προειδοποιούν: Ο εθισμός στα ορυκτά καύσιμα και η κλιματική αλλαγή υποσκάπτουν την παγκόσμια υγεία https://t.co/RfWai1KRfR,οι επιστημονεσ προειδοποιουν ο εθισμοσ στα ορυκτα καυσιμα και η κλιματικη αλλαγη υποσκαπτουν την παγκοσμια υγεια,1
"Το βασιλικό ζεύγος με τον Δήμαρχο Ζέρβα «έσωζαν το περιβάλλον» ποδηλατώντας για μερικά μέτρα μπροστά στις κάμερες, την ίδια στιγμή που πίσω τους, 15 αμάξια μεγάλου κυβισμού έκαιγαν καύσιμα για να τους προστατεύουν. 

✏️Γράφει ο Χρήστος Αβραμίδης https://t.co/yn8vUYLfNl",το βασιλικο ζευγοσ με τον δημαρχο ζερβα εσωζαν το περιβαλλον ποδηλατωντασ για μερικα μετρα μπροστα στισ καμερεσ την ιδια στιγμη που πισω τουσ αμαξια μεγαλου κυβισμου εκαιγαν καυσιμα για να τουσ προστατευουν γραφει ο χρηστοσ αβραμιδησ,1
Η κλιματική αλλαγή «τρίζει τα δόντια της» στην Ευρώπη https://t.co/IA0Cnom8oN,η κλιματικη αλλαγη τριζει τα δοντια τησ στην ευρωπη,1
PwC Net Zero Economy Index: Ανάγκη για υπερεντατικοποίηση του ρυθμού μείωσης των εκπομπών διοξειδίου του άνθρακα - https://t.co/eiOPQNSsIs https://t.co/MuQ0SD6Gmi #περιβάλλον #διοξείδιο_άνθρακα #έρευνα #PwC,pwc net zero economy index αναγκη για υπερεντατικοποιηση του ρυθμου μειωσησ των εκπομπων διοξειδιου του ανθρακα περιβαλλον διοξειδιο_ανθρακα ερευνα pwc,1
Ομιλία στο 4ο Γυμνασίου Ν. Ιωνίας: «Θάλασσα και κλιματική αλλαγή» https://t.co/dDTerym4w1,ομιλια στο ο γυμνασιου ν ιωνιασ θαλασσα και κλιματικη αλλαγη,1
Είναι η κλιματικη αλλαγη ηλιθιε.... https://t.co/cP9OdVs0NP,ειναι η κλιματικη αλλαγη ηλιθιε,1
Κλιματική αλλαγή: Μνημόνιο του υπουργείου Κλιματικής Κρίσης και του Υπερταμείου https://t.co/3c2sv0OHMK,κλιματικη αλλαγη μνημονιο του υπουργειου κλιματικησ κρισησ και του υπερταμειου,1
Εκδήλωση με θέμα Βιώσιμος Τουρισμός στα νησιά του Αιγαίου #Δημοκρατική #Ρόδος #Δωδεκάνησα https://t.co/KbI8buHDzT,εκδηλωση με θεμα βιωσιμοσ τουρισμοσ στα νησια του αιγαιου δημοκρατικη ροδοσ δωδεκανησα,1
Κυκλάδες - Σύρος: Εκδήλωση με θέμα Βιώσιμος Τουρισμός στα νησιά του Αιγαίου https://t.co/pvuPdK0ktW,κυκλαδεσ συροσ εκδηλωση με θεμα βιωσιμοσ τουρισμοσ στα νησια του αιγαιου,1
Κλιματική αλλαγή: Μνημόνιο του υπουργείου Κλιματικής Κρίσης και του Υπερταμείου--https://t.co/PxErlYDUZb,κλιματικη αλλαγη μνημονιο του υπουργειου κλιματικησ κρισησ και του υπερταμειου,1
"Οι άνθρωποι που αμφισβητούν την ανθρωπογενή κλιματική αλλαγή στην Αυστραλία θεωρούνται πλέον «ψυχικά άρρωστοι», δήλωσε μια ομάδα ψυχολόγων ερευνητών
https://t.co/Jjbtxv5LLc",οι ανθρωποι που αμφισβητουν την ανθρωπογενη κλιματικη αλλαγη στην αυστραλια θεωρουνται πλεον ψυχικα αρρωστοι δηλωσε μια ομαδα ψυχολογων ερευνητων,1
"Ιταλία: Ακτιβιστές έριξαν σούπα σε έναν πίνακα του Βαν Γκογκ, διαμαρτυρόμενοι για την κλιματική αλλαγή - https://t.co/pThyofyB6d https://t.co/YJgKX9QKOa",ιταλια ακτιβιστεσ εριξαν σουπα σε εναν πινακα του βαν γκογκ διαμαρτυρομενοι για την κλιματικη αλλαγη,1
"Βρετανία: Ο Σούνακ επαινεί τον βασιλιά Κάρολο για τη διορατικότητά του σχετικά με την κλιματική αλλαγή - Ρεπορτάζ και ειδήσεις για την Οικονομία, τις Επιχειρήσεις, το Χρηματιστήριο, την Πολιτική #mononewsGR https://t.co/v29a1yRsdy",βρετανια ο σουνακ επαινει τον βασιλια καρολο για τη διορατικοτητα του σχετικα με την κλιματικη αλλαγη ρεπορταζ και ειδησεισ για την οικονομια τισ επιχειρησεισ το χρηματιστηριο την πολιτικη mononewsgr,1
Ο Σούνακ επαινεί τον Κάρολο για τη διορατικότητά του σχετικά με την κλιματική αλλαγή - https://t.co/eiOPQNSsIs https://t.co/ftCm2oBiyW #Ρίσι_Σουνάκ,ο σουνακ επαινει τον καρολο για τη διορατικοτητα του σχετικα με την κλιματικη αλλαγη ρισι_σουνακ,1
Βρετανία: Ο Σούνακ αποθεώνει τον βασιλιά Κάρολο για την διορατικότητά του για την κλιματική αλλαγή https://t.co/PTgCerKesp,βρετανια ο σουνακ αποθεωνει τον βασιλια καρολο για την διορατικοτητα του για την κλιματικη αλλαγη,1
"Georgieva (ΔΝΤ): Δράση άμεσα για το κλίμα – Οι αδύναμες οικονομίες πληρώνουν το τίμημα
https://t.co/kmZ2Z3Hj12",georgieva δντ δραση αμεσα για το κλιμα οι αδυναμεσ οικονομιεσ πληρωνουν το τιμημα,1
"➡️ Έντονη ανησυχία εκ μέρους του ΓΓ του ΟΗΕ για την κλιματική αλλαγή
➡️ Η προειδοποίηση εκφράστηκε ενόψει της Συνόδου του ΟΗΕ για την Κλιματική Αλλαγή [UN Cop27]

⏩ Διαβάστε στη «Σημερινή»

https://t.co/wrjfPBn02e",εντονη ανησυχια εκ μερουσ του γγ του οηε για την κλιματικη αλλαγη η προειδοποιηση εκφραστηκε ενοψει τησ συνοδου του οηε για την κλιματικη αλλαγη un cop διαβαστε στη σημερινη,1
[https://t.co/bDHZLmoC6L]ΕΕ στην COP27: Να γίνει σεβαστή η Συμφωνία του  #Παρίσιού για την κλιματική  #Αλλαγή https://t.co/0XcCiQGP96,στην cop να γινει σεβαστη η συμφωνια του παρισιου για την κλιματικη αλλαγη,1
COP27: Σε επείγουσα δράση για το Κλίμα καλεί η Ευρωπαϊκή Ένωση - https://t.co/iAR8Zy7kpi https://t.co/UMZTkzyGPg,cop σε επειγουσα δραση για το κλιμα καλει η ευρωπαϊκη ενωση,1
Κλιματική αλλαγή: Η ΕΕ ζητεί μέτρα για τον περιορισμό της υπερθέρμανσης του πλανήτη https://t.co/TwEv7T7LoN,κλιματικη αλλαγη η εε ζητει μετρα για τον περιορισμο τησ υπερθερμανσησ του πλανητη,1
"Κλιματική Αλλαγή, Ενεργειακή Κρίση και Ελληνικό Περιβάλλον: Ποιες οι επιλογές; https://t.co/ecLnAwlzF5",κλιματικη αλλαγη ενεργειακη κριση και ελληνικο περιβαλλον ποιεσ οι επιλογεσ,1
"Ιταλία: Ακτιβιστές έριξαν σούπα στον Σπορέα του Βαν Γκογκ, διαμαρτυρόμενοι για την κλιματική αλλαγή https://t.co/v5KOeZIEaf",ιταλια ακτιβιστεσ εριξαν σουπα στον σπορεα του βαν γκογκ διαμαρτυρομενοι για την κλιματικη αλλαγη,1
"Ο πόλεμος κατά των αγροτών έχει παρατηρηθεί ξεκάθαρα στην Ολλανδία, τη Σρι Λάνκα, τη Νότια Αφρική, τον Καναδά και στις Ηνωμένες Πολιτείες.
Δημοσίως, οι προφάσεις για τις πολιτικές αυτές περιλαμβάνουν τη διάσωση του πλανήτη από την υποτιθέμενη ανθρωπογενή κλιματική αλλαγή",ο πολεμοσ κατα των αγροτων εχει παρατηρηθει ξεκαθαρα στην ολλανδια τη σρι λανκα τη νοτια αφρικη τον καναδα και στισ ηνωμενεσ πολιτειεσ δημοσιωσ οι προφασεισ για τισ πολιτικεσ αυτεσ περιλαμβανουν τη διασωση του πλανητη απο την υποτιθεμενη ανθρωπογενη κλιματικη αλλαγη,1
"ΤΙ ΦΩΝΑΖΕΤΕ ΡΕ?....Ο #Μητσοτακη_καθαρμα ΚΑΙ  #Μητσοτακη_γαμιεσαι ΑΝ ΔΕΝ ΚΑΕΙ ΤΟ ΒΟΥΝΟ ΠΟΥ ΘΑ ΣΤΗΣΕΙ ΤΑ ΦΟΥΡΦΟΥΡΙΑ ΤΗΣ ΖΗΜΕΝΣ ΤΩΝ ΕΒΡΑΙΩΝ ΓΕΡΜΑΝΩΝ?...Ε?...ΣΤΟΝ ΠΑΤΟ ΤΟΥ?
ΑΜΑΝ ΠΧΙΑ!! ....ΤΙΠΟΤΑ ΔΕΝ ΚΑΤΑΛΑΒΑΙΝΕΤΕ!!!....ΓΙΑ ΝΑ ΣΩΘΕΙ ΤΟ ΠΕΡΙΒΑΛΛΟΝ ΤΟ ΚΑΝΕΙ .....ΤΟ ΜΟΥΝΟΠΑΝΟ.... https://t.co/AU3QvLgirt",τι φωναζετε ρεο μητσοτακη_καθαρμα και μητσοτακη_γαμιεσαι αν δεν καει το βουνο που θα στησει τα φουρφουρια της ζημενς των εβραιων γερμανωνεστον πατο του αμαν πχια τιποτα δεν καταλαβαινετεγια να σωθει το περιβαλλον το κανει το μουνοπανο,1
Οι 20 φωτογραφίες για την κλιματική αλλαγή που άλλαξαν τον κόσμο https://t.co/g9rYOAMZ58,οι φωτογραφιεσ για την κλιματικη αλλαγη που αλλαξαν τον κοσμο,1
"COP27: Θα συζητηθεί επισήμως η αποζημίωση των φτωχότερων χωρών που είναι πιο ευάλωτες στην κλιματική αλλαγή

https://t.co/TiMFYuZC4I",cop θα συζητηθει επισημωσ η αποζημιωση των φτωχοτερων χωρων που ειναι πιο ευαλωτεσ στην κλιματικη αλλαγη,1
Welt: Ποιες είναι οι μη ρεαλιστικές προβλέψεις τρόμου για την κλιματική αλλαγή https://t.co/lFaCAabmRs,welt ποιεσ ειναι οι μη ρεαλιστικεσ προβλεψεισ τρομου για την κλιματικη αλλαγη,1
Welt: Ποιες είναι οι μη ρεαλιστικές προβλέψεις τρόμου για την κλιματική αλλαγή https://t.co/PlesOvITnw,welt ποιεσ ειναι οι μη ρεαλιστικεσ προβλεψεισ τρομου για την κλιματικη αλλαγη,1
Ακρίτα για αποκάλυψη Documento: «Εκεί στον πάτο της διαφθοράς... εκεί στο φυσικό σας περιβάλλον» - Documento https://t.co/wbKESG3aLn,ακριτα για αποκαλυψη documento εκει στον πατο τησ διαφθορασ εκει στο φυσικο σασ περιβαλλον documento,1
COP27: Η διάσκεψη για το κλίμα θα αρχίσει με αίτημα να αποζημιωθούν οι φτωχότερες χώρες για την κλιματική αλλαγή https://t.co/iETv5hmLP6,cop η διασκεψη για το κλιμα θα αρχισει με αιτημα να αποζημιωθουν οι φτωχοτερεσ χωρεσ για την κλιματικη αλλαγη,1
Τι κοστίζει η κλιματική αλλαγή στη Γερμανία; | DW | 06.11.2022 https://t.co/BqCvzaFbaf,τι κοστιζει η κλιματικη αλλαγη στη γερμανια dw,1
COP27: Άλλη μια σύνοδος για την κλιματική αλλαγή; https://t.co/vjyb2kDIYB,cop αλλη μια συνοδοσ για την κλιματικη αλλαγη,1
COP27 - Κλιματική αλλαγή: Συμφωνήθηκε να συζητηθεί το ζήτημα της αποζημίωσης των φτωχότερων χωρών - Documento https://t.co/uRVMIHag7d,cop κλιματικη αλλαγη συμφωνηθηκε να συζητηθει το ζητημα τησ αποζημιωσησ των φτωχοτερων χωρων documento,1
Σύνοδος COP27: Εκατομμύρια άνθρωποι υποφέρουν από την κλιματική αλλαγή - https://t.co/bLvnyK0HJG https://t.co/VSXIUALGBc,συνοδοσ cop εκατομμυρια ανθρωποι υποφερουν απο την κλιματικη αλλαγη,1
"COP27: Συμφωνήθηκε να συζητηθεί επισήμως το ζήτημα της αποζημίωσης των φτωχότερων χωρών που είναι πιο ευάλωτες στην κλιματική αλλαγή 

#COP27 
  https://t.co/qoFOn19HU9",cop συμφωνηθηκε να συζητηθει επισημωσ το ζητημα τησ αποζημιωσησ των φτωχοτερων χωρων που ειναι πιο ευαλωτεσ στην κλιματικη αλλαγη cop,1
Αίγυπτος - COP27: Στο τραπέζι η αποζημίωση σε φτωχές χώρες για την κλιματική αλλαγή - https://t.co/AwVBNmE6En https://t.co/IXZSyMNQWb,αιγυπτοσ cop στο τραπεζι η αποζημιωση σε φτωχεσ χωρεσ για την κλιματικη αλλαγη,1
COP27: Ο Ε.Μακρόν καλεί ΗΠΑ και Κίνα να πληρώσουν το «μερίδιό» τους για την κλιματική αλλαγή https://t.co/3zcofaX9Uj,cop ο εμακρον καλει ηπα και κινα να πληρωσουν το μεριδιο τουσ για την κλιματικη αλλαγη,1
Γιατί οι επιστήμονες χαρακτηρίζουν «τρομακτική» την κλιματική κρίση https://t.co/c8OdDulSDO,γιατι οι επιστημονεσ χαρακτηριζουν τρομακτικη την κλιματικη κριση,1
Βρετανία: Ο Σούνακ επαινεί τον βασιλιά Κάρολο για τη διορατικότητά του σχετικά με την κλιματική αλλαγή https://t.co/fcTYmpFGUE,βρετανια ο σουνακ επαινει τον βασιλια καρολο για τη διορατικοτητα του σχετικα με την κλιματικη αλλαγη,1
COP 27: Οι ηγέτες του κόσμου συναντώνται στο Σαρμ Ελ Σέιχ για την κλιματική κρίση https://t.co/IrKxI2Q4Gf,cop οι ηγετεσ του κοσμου συναντωνται στο σαρμ ελ σειχ για την κλιματικη κριση,1
Σύνοδος COP27: Εκατομμύρια άνθρωποι υποφέρουν από την κλιματική αλλαγή https://t.co/XR6vdK4Y6t,συνοδοσ cop εκατομμυρια ανθρωποι υποφερουν απο την κλιματικη αλλαγη,1
RT @TheOpinion_News: Φωτοβολταϊκά στις στέγες: Έρχονται επιδοτήσεις για την «πράσινη» ενέργεια – Τι να προσέξετε https://t.co/K46dpJdp6P #T…,rt theopinion_news φωτοβολταϊκα στισ στεγεσ ερχονται επιδοτησεισ για την πρασινη ενεργεια τι να προσεξετε t,1
COP27: Οι παγκόσμιες προκλήσεις κινδυνεύουν να φέρουν σε δεύτερη μοίρα την κλιματική αλλαγή https://t.co/m3b6HWNhTm #businessnewsgr,cop οι παγκοσμιεσ προκλησεισ κινδυνευουν να φερουν σε δευτερη μοιρα την κλιματικη αλλαγη businessnewsgr,1
"Κλιματική κρίση: Κι όμως, μπορεί να προβλεφθεί ο κίνδυνος σοβαρών πλημμυρών #SmartRegions https://t.co/xL2D2v6QFp",κλιματικη κριση κι ομωσ μπορει να προβλεφθει ο κινδυνοσ σοβαρων πλημμυρων smartregions,1
"Μιχάλης Τσαμάζ: Πρέπει να κάνουμε άλματα στη Βιώσιμη Ανάπτυξη, για να δούμε ουσιαστική αλλαγή-Δεν υπάρχει χρόνος για χάσιμο - Ρεπορτάζ και ειδήσεις για την Οικονομία, τις Επιχειρήσεις, το Χρηματιστήριο, την Πολιτική #mononewsGR https://t.co/vgzu14D1jP",μιχαλησ τσαμαζ πρεπει να κανουμε αλματα στη βιωσιμη αναπτυξη για να δουμε ουσιαστικη αλλαγηδεν υπαρχει χρονοσ για χασιμο ρεπορταζ και ειδησεισ για την οικονομια τισ επιχειρησεισ το χρηματιστηριο την πολιτικη mononewsgr,1
"Σύνοδος για κλιματική αλλαγή: O Μακρόν καλεί ΗΠΑ και Κίνα να καταβάλουν το «μερίδιό» τους στις φτωχές χώρες

https://t.co/dsW0ecqJU3",συνοδοσ για κλιματικη αλλαγη o μακρον καλει ηπα και κινα να καταβαλουν το μεριδιο τουσ στισ φτωχεσ χωρεσ,1
"Το Ίδρυμα Γκέιτς δωρίζει 1,4 δισ. δολάρια σε μικροκαλλιεργητές για να αντιμετωπίσουν την κλιματική αλλαγή με την ευκαιρία της COP27 https://t.co/1ADgOb01b4",το ιδρυμα γκειτσ δωριζει δισ δολαρια σε μικροκαλλιεργητεσ για να αντιμετωπισουν την κλιματικη αλλαγη με την ευκαιρια τησ cop,1
"Κλιματική αλλαγή: 1,4 δισ. δολάρια από το Ίδρυμα Γκέιτς για να προσαρμοστούν οι καλλιεργητές σε Αφρική και Ασία - https://t.co/eiOPQNT0y0 https://t.co/ACWhUPHRox #Ασία #Αφρική #Κλιματική_Αλλαγή",κλιματικη αλλαγη δισ δολαρια απο το ιδρυμα γκειτσ για να προσαρμοστουν οι καλλιεργητεσ σε αφρικη και ασια ασια αφρικη κλιματικη_αλλαγη,1
"Κλιματική αλλαγή: Το @gatesfoundation δίνει 1,4 δισ. δολάρια για να βοηθήσει τους μικροκαλλιεργητές

#BillGates 
#ClimateCrisis 

https://t.co/D3VpnRm11F",κλιματικη αλλαγη το gatesfoundation δινει δισ δολαρια για να βοηθησει τουσ μικροκαλλιεργητεσ billgates climatecrisis,1
Κλιματική αλλαγή: Οι δισεκατομμυριούχοι ευθύνονται για… 1 εκατ. φορές περισσότερες εκπομπές άνθρακα από τον μέσο άνθρωπο--https://t.co/Pw2Zl2AfQ6,κλιματικη αλλαγη οι δισεκατομμυριουχοι ευθυνονται για εκατ φορεσ περισσοτερεσ εκπομπεσ ανθρακα απο τον μεσο ανθρωπο,1
RT @LykavitosGr: Εθνική Τράπεζα: Τα ισχυρά χαρτιά της Κρήτης σε ένα περιβάλλον προκλήσεων  #Εθνική_Τράπεζα https://t.co/hHGMdxe5qh,rt lykavitosgr εθνικη τραπεζα τα ισχυρα χαρτια τησ κρητησ σε ενα περιβαλλον προκλησεων εθνικη_τραπεζα,1
RT @LykavitosGr: Εθνική Τράπεζα: Τα ισχυρά χαρτιά της Κρήτης σε ένα περιβάλλον προκλήσεων  #Εθνική_Τράπεζα https://t.co/hHGMdxe5qh,rt lykavitosgr εθνικη τραπεζα τα ισχυρα χαρτια τησ κρητησ σε ενα περιβαλλον προκλησεων εθνικη_τραπεζα,1
RT @LykavitosGr: Γκουτέρες: «Είμαστε σε αυτοκινητόδρομο για την κλιματική κόλαση με το πόδι στο γκάζι»  #COP27 #Γκουτέρες #κλιματική_κρίση…,rt lykavitosgr γκουτερεσ ειμαστε σε αυτοκινητοδρομο για την κλιματικη κολαση με το ποδι στο γκαζι cop γκουτερεσ κλιματικη_κριση,1
RT @LykavitosGr: Γκουτέρες: «Είμαστε σε αυτοκινητόδρομο για την κλιματική κόλαση με το πόδι στο γκάζι»  #COP27 #Γκουτέρες #κλιματική_κρίση…,rt lykavitosgr γκουτερεσ ειμαστε σε αυτοκινητοδρομο για την κλιματικη κολαση με το ποδι στο γκαζι cop γκουτερεσ κλιματικη_κριση,1
RT @Moneypressgr: Εθνική Τράπεζα: Τα ισχυρά χαρτιά της Κρήτης σε ένα περιβάλλον προκλήσεων  #moneypress https://t.co/l1EEZWtBo5,rt moneypressgr εθνικη τραπεζα τα ισχυρα χαρτια τησ κρητησ σε ενα περιβαλλον προκλησεων moneypress,1
Εθνική Τράπεζα: Τα ισχυρά χαρτιά της Κρήτης σε ένα περιβάλλον προκλήσεων  #moneypress https://t.co/l1EEZWtBo5,εθνικη τραπεζα τα ισχυρα χαρτια τησ κρητησ σε ενα περιβαλλον προκλησεων moneypress,1
COP27 - Γκουτέρες για κλιματική κρίση: «Συνεργαστείτε ή αφανιστείτε» https://t.co/SNVKFg6cge,cop γκουτερεσ για κλιματικη κριση συνεργαστειτε η αφανιστειτε,1
"ΙΕΑ (COP 27): Επιπλέον 20 εκ. άνθρωποι δεν έχουν πρόσβαση στο ηλεκτρικό ρεύμα το 2022- Πάει πίσω η βιώσιμη ανάπτυξη - Ρεπορτάζ και ειδήσεις για την Οικονομία, τις Επιχειρήσεις, το Χρηματιστήριο, την Πολιτική #mononewsGR https://t.co/CwvJknZ6Et",ιεα cop επιπλεον εκ ανθρωποι δεν εχουν προσβαση στο ηλεκτρικο ρευμα το παει πισω η βιωσιμη αναπτυξη ρεπορταζ και ειδησεισ για την οικονομια τισ επιχειρησεισ το χρηματιστηριο την πολιτικη mononewsgr,1
Εθνική Τράπεζα: Τα ισχυρά χαρτιά της Κρήτης σε ένα περιβάλλον προκλήσεων https://t.co/yaBeOBmA0X,εθνικη τραπεζα τα ισχυρα χαρτια τησ κρητησ σε ενα περιβαλλον προκλησεων,1
Έκκληση Μακρόν προς ΗΠΑ και Κίνα για την κλιματική αλλαγή https://t.co/aPAyjzLEfJ,εκκληση μακρον προσ ηπα και κινα για την κλιματικη αλλαγη,1
"Ο @EmmanuelMacron ζήτησε από #ΗΠΑ - #Κίνα να βοηθηθούν τις φτωχές χώρες να αντιμετωπίσουν την κλιματική αλλαγή

https://t.co/zrR0LrbxwU

#COP27 #ClimateCrisis #TogetherForImplementation",ο emmanuelmacron ζητησε απο ηπα κινα να βοηθηθουν τισ φτωχεσ χωρεσ να αντιμετωπισουν την κλιματικη αλλαγη cop climatecrisis togetherforimplementation,1
"COP27 – ELICA: Τα σημαντικά οφέλη της ηλεκτρικής διασύνδεσης Αιγύπτου – Ελλάδας, στο επίκεντρο της Διάσκεψης του ΟΗΕ για την Κλιματική Αλλαγή

https://t.co/3DxvpnqtwK",cop elica τα σημαντικα οφελη τησ ηλεκτρικησ διασυνδεσησ αιγυπτου ελλαδασ στο επικεντρο τησ διασκεψησ του οηε για την κλιματικη αλλαγη,1
Εμάνουελ Μακρόν: «ΗΠΑ και Κίνα να καταβάλουν το μερίδιό τους για την κλιματική αλλαγή» https://t.co/7q5UDpOzhw,εμανουελ μακρον ηπα και κινα να καταβαλουν το μεριδιο τουσ για την κλιματικη αλλαγη,1
Στην Αίγυπτο για τη διάσκεψη των ΗΕ για την κλιματική αλλαγή ο Χρ. Σταϊκούρας https://t.co/Q1xLMjwBt5,στην αιγυπτο για τη διασκεψη των ηε για την κλιματικη αλλαγη ο χρ σταϊκουρασ,1
"Μεγάλη η σημασία της COP27 στην εφαρμογή αποφάσεων για κλιματική αλλαγή, είπε ο Πρόεδρος https://t.co/hGzFybulvs",μεγαλη η σημασια τησ cop στην εφαρμογη αποφασεων για κλιματικη αλλαγη ειπε ο προεδροσ,1
COP27: Συνάντηση Μητσοτάκη – Κέρι στην Αίγυπτο στην Αίγυπτο ― Επί τάπητος η κλιματική αλλαγή https://t.co/WGSmVGqKVM,cop συναντηση μητσοτακη κερι στην αιγυπτο στην αιγυπτο επι ταπητοσ η κλιματικη αλλαγη,1
#COP27: Συνάντηση Μητσοτάκη – Κέρι στην Αίγυπτο στην Αίγυπτο ― Επί τάπητος η κλιματική αλλαγή https://t.co/jgUiuJPe0m,cop συναντηση μητσοτακη κερι στην αιγυπτο στην αιγυπτο επι ταπητοσ η κλιματικη αλλαγη,1
COP27: Ένα τρισ. δολάρια χρειάζονται οι αναπτυσσόμενες χώρες για την κλιματική αλλαγή - https://t.co/QnDBZMpQ0r https://t.co/xUL13Ahmvi,cop ενα τρισ δολαρια χρειαζονται οι αναπτυσσομενεσ χωρεσ για την κλιματικη αλλαγη,1
Κλιματική αλλαγή: Ένα τρισεκατομμύριο δολάρια ετησίως χρειάζονται οι αναπτυσσόμενες χώρες για την αντιμετώπισή της https://t.co/dWF0e7Wnjq,κλιματικη αλλαγη ενα τρισεκατομμυριο δολαρια ετησιωσ χρειαζονται οι αναπτυσσομενεσ χωρεσ για την αντιμετωπιση τησ,1
"Συλλογικές και αποφασιστικές δράσεις με βάση την ορθή επιστημονική γνώση για την κλιματική κρίση στην περιοχή μας, λέει ο Καδής https://t.co/VJhOtPe9kp",συλλογικεσ και αποφασιστικεσ δρασεισ με βαση την ορθη επιστημονικη γνωση για την κλιματικη κριση στην περιοχη μασ λεει ο καδησ,1
COP27: Οι αναπτυσσόμενες χώρες χρειάζονται χρηματοδότηση 1 τρις δολάρια ετησίως για την κλιματική αλλαγή - https://t.co/dzPg1ezyqO https://t.co/CSBGbkQd3Y,cop οι αναπτυσσομενεσ χωρεσ χρειαζονται χρηματοδοτηση τρισ δολαρια ετησιωσ για την κλιματικη αλλαγη,1
Η κλιματική αλλαγή μπορεί να ενισχύσει τον κίνδυνο «διάχυσης ιών» στην Αρκτική https://t.co/u56gAOfXZr,η κλιματικη αλλαγη μπορει να ενισχυσει τον κινδυνο διαχυσησ ιων στην αρκτικη,1
"Ζελένσκι: «Χωρίς ειρήνη δεν μπορεί να υπάρξει αποτελεσματική πολιτική για την κλιματική αλλαγή» - Ρεπορτάζ και ειδήσεις για την Οικονομία, τις Επιχειρήσεις, το Χρηματιστήριο, την Πολιτική #mononewsGR https://t.co/zTqyvoyZ1y",ζελενσκι χωρισ ειρηνη δεν μπορει να υπαρξει αποτελεσματικη πολιτικη για την κλιματικη αλλαγη ρεπορταζ και ειδησεισ για την οικονομια τισ επιχειρησεισ το χρηματιστηριο την πολιτικη mononewsgr,1
"Costa Navarino: Αργυρό βραβείο στην κατηγορία «Μείωση των Πλαστικών Απορριμμάτων στο Περιβάλλον» στην World Travel Market 2022 - Ρεπορτάζ και ειδήσεις για την Οικονομία, τις Επιχειρήσεις, το Χρηματιστήριο, την Πολιτική #mononewsGR https://t.co/fks4ctEKDQ",costa navarino αργυρο βραβειο στην κατηγορια μειωση των πλαστικων απορριμματων στο περιβαλλον στην world travel market ρεπορταζ και ειδησεισ για την οικονομια τισ επιχειρησεισ το χρηματιστηριο την πολιτικη mononewsgr,1
Ζελένσκι:  Χωρίς ειρήνη δεν μπορεί να υπάρξει αποτελεσματική πολιτική για την κλιματική αλλαγή - https://t.co/gF9zb7X3o1 https://t.co/hpcmbSOKsY,ζελενσκι χωρισ ειρηνη δεν μπορει να υπαρξει αποτελεσματικη πολιτικη για την κλιματικη αλλαγη,1
"Κικίλιας για συμφωνία με Common Seas: «Πρωτοπόρα η Ελλάδα στην Ευρώπη για τον βιώσιμο τουρισμό» - Ρεπορτάζ και ειδήσεις για την Οικονομία, τις Επιχειρήσεις, το Χρηματιστήριο, την Πολιτική #mononewsGR https://t.co/56NotZOrgO",κικιλιασ για συμφωνια με common seas πρωτοπορα η ελλαδα στην ευρωπη για τον βιωσιμο τουρισμο ρεπορταζ και ειδησεισ για την οικονομια τισ επιχειρησεισ το χρηματιστηριο την πολιτικη mononewsgr,1
Κικίλιας για συμφωνία με Common Seas: “H Ελλάδα στην πρωτοπορία της Ευρώπης για τον βιώσιμο τουρισμό” https://t.co/hhzBS09NrL,κικιλιασ για συμφωνια με common seas h ελλαδα στην πρωτοπορια τησ ευρωπησ για τον βιωσιμο τουρισμο,1
[Κλικ και διαβάστε στο cnn]Κλιματική  #Αλλαγή: Οι καύσωνες θα σκοτώνουν 90.000 Ευρωπαίους ως το τέλος του αιώνα https://t.co/Y9hiFVuWX4,κλικ και διαβαστε στο cnnκλιματικη αλλαγη οι καυσωνεσ θα σκοτωνουν ευρωπαιουσ ωσ το τελοσ του αιωνα,1
RT @LykavitosGr: Οι καύσωνες απειλούν να σκοτώνουν 90.000 Ευρωπαίους τον χρόνο ως το 2100  #καύσωνας #Ευρώπη #κλιματική_κρίση https://t.co/…,rt lykavitosgr οι καυσωνεσ απειλουν να σκοτωνουν ευρωπαιουσ τον χρονο ωσ το καυσωνασ ευρωπη κλιματικη_κριση,1
RT @LykavitosGr: Οι καύσωνες απειλούν να σκοτώνουν 90.000 Ευρωπαίους τον χρόνο ως το 2100  #καύσωνας #Ευρώπη #κλιματική_κρίση https://t.co/…,rt lykavitosgr οι καυσωνεσ απειλουν να σκοτωνουν ευρωπαιουσ τον χρονο ωσ το καυσωνασ ευρωπη κλιματικη_κριση,1
Κλιματική αλλαγή: Οι καύσωνες θα σκοτώνουν 90.000 Ευρωπαίους ως το τέλος του αιώνα - https://t.co/pvPHPIcgFa https://t.co/w1fN72jpP4,κλιματικη αλλαγη οι καυσωνεσ θα σκοτωνουν ευρωπαιουσ ωσ το τελοσ του αιωνα,1
Save Planet: Το μήνυμα της Κορίνθου για το περιβάλλον | NemeaPress https://t.co/lnX4KkBosN,save planet το μηνυμα τησ κορινθου για το περιβαλλον nemeapress,1
"Σταϊκούρας στη Διάσκεψη COP27: Σημαντικές προκλήσεις για τους κρατικούς προϋπολογισμούς η κλιματική αλλαγή - Ρεπορτάζ και ειδήσεις για την Οικονομία, τις Επιχειρήσεις, το Χρηματιστήριο, την Πολιτική #mononewsGR https://t.co/fBDG1UUlqW",σταϊκουρασ στη διασκεψη cop σημαντικεσ προκλησεισ για τουσ κρατικουσ προϋπολογισμουσ η κλιματικη αλλαγη ρεπορταζ και ειδησεισ για την οικονομια τισ επιχειρησεισ το χρηματιστηριο την πολιτικη mononewsgr,1
Αη Στράτης: Το πρώτο πράσινο ελληνικό νησί - Θα χρησιμοποιεί μόνο ανανεώσιμες πηγές ενέργειας - https://t.co/u82yLEDhBr https://t.co/aJ2Mura3qZ,αη στρατησ το πρωτο πρασινο ελληνικο νησι θα χρησιμοποιει μονο ανανεωσιμεσ πηγεσ ενεργειασ,1
Σταϊκούρας: Η κλιματική αλλαγή μπορεί να πλήξει τους κρατικούς προϋπολογισμούς https://t.co/EFKMq9sQZA,σταϊκουρασ η κλιματικη αλλαγη μπορει να πληξει τουσ κρατικουσ προϋπολογισμουσ,1
Σταϊκούρας: Η κλιματική αλλαγή μπορεί να πλήξει τους κρατικούς προϋπολογισμούς #Δημοκρατική #Ρόδος #Δωδεκάνησα https://t.co/TxCOu5u5r1,σταϊκουρασ η κλιματικη αλλαγη μπορει να πληξει τουσ κρατικουσ προϋπολογισμουσ δημοκρατικη ροδοσ δωδεκανησα,1
"Κικίλιας: H Ελλάδα στην πρωτοπορία της Ευρώπης για τον βιώσιμο τουρισμό με τις δράσεις σε Ρόδο, Αστυπάλαια, #Δημοκρατική #Ρόδος #Δωδεκάνησα https://t.co/0BgPdlU7Yv",κικιλιασ h ελλαδα στην πρωτοπορια τησ ευρωπησ για τον βιωσιμο τουρισμο με τισ δρασεισ σε ροδο αστυπαλαια δημοκρατικη ροδοσ δωδεκανησα,1
"Ευρώπη - Κλιματική Αλλαγή: Οκτώβριος 2022, ο πιο ζεστός μήνας όλων των εποχών https://t.co/Lz7HWtFtlP",ευρωπη κλιματικη αλλαγη οκτωβριοσ ο πιο ζεστοσ μηνασ ολων των εποχων,1
Περιστέρης: Η ενεργειακή κρίση θα ήταν σχεδόν αμελητέα αν είχε γίνει η πράσινη μετάβαση στην ενέργεια https://t.co/IrkF2Z7hrV,περιστερησ η ενεργειακη κριση θα ηταν σχεδον αμελητεα αν ειχε γινει η πρασινη μεταβαση στην ενεργεια,1
"Κλιματική «κρίση»: Μια «ελίτ» που σκοτώνει τον πλανήτη, ζητάει τον λογαριασμό από τον απλό λαό

https://t.co/beBbarQee6",κλιματικη κριση μια ελιτ που σκοτωνει τον πλανητη ζηταει τον λογαριασμο απο τον απλο λαο,1
«Καμπανάκι» Γκουτέρες για φτώχεια και κλιματική αλλαγή - Documento https://t.co/VKqKExXm31,καμπανακι γκουτερεσ για φτωχεια και κλιματικη αλλαγη documento,1
ΞΑΦΝΙΚΑ ΤΗΝ ΕΠΙΑΣΕ Η ΚΛΙΜΑΤΙΚΗ ΑΛΛΑΓΗ....ΜΗΝ ΠΑΕΙ ΤΟ ΜΥΑΛΟ ΣΑΣ ΣΤΟ ΕΝΦΟΛΙΟ ΒΡΕ ΨΕΚΕΣ... https://t.co/VHieoKH8SX,ξαφνικα την επιασε η κλιματικη αλλαγημην παει το μυαλο σας στο ενφολιο βρε ψεκες,1
Μπορέλ: Προσαρμογή των ευρωπαϊκών πολιτικών για την άμυνα στο νέο περιβάλλον https://t.co/X0a1TIPogd,μπορελ προσαρμογη των ευρωπαϊκων πολιτικων για την αμυνα στο νεο περιβαλλον,1
"RT @OlympiaAnast: 👉 Ο βιώσιμος τουρισμός δεν είναι μόνον ανάγκη για τον πλανήτη και τη χώρα μας, είναι &amp; πλέον &amp; βασική προϋπόθεση, προκειμ…",rt olympiaanast ο βιωσιμοσ τουρισμοσ δεν ειναι μονον αναγκη για τον πλανητη και τη χωρα μασ ειναι amp πλεον amp βασικη προϋποθεση προκειμ,1
COP27 – Σταϊκούρας: «Η κλιματική αλλαγή φέρνει προκλήσεις για τους κρατικούς προϋπολογισμούς» https://t.co/76K77BSFxz,cop σταϊκουρασ η κλιματικη αλλαγη φερνει προκλησεισ για τουσ κρατικουσ προϋπολογισμουσ,1
Γ. Περιστέρης: Η ενεργειακή κρίση θα ήταν σχεδόν αμελητέα αν είχε γίνει η πράσινη μετάβαση στην ενέργεια https://t.co/QnmgfN8bFx,γ περιστερησ η ενεργειακη κριση θα ηταν σχεδον αμελητεα αν ειχε γινει η πρασινη μεταβαση στην ενεργεια,1
Η ενεργειακή κρίση θα ήταν σχεδόν αμελητέα αν είχε γίνει η πράσινη μετάβαση στην ενέργεια. Τι αναφέρει ο Πρόεδρος και Διευθύνων Σύμβουλος της ΓΕΚ ΤΕΡΝΑ στο CEO Initiative Forum https://t.co/ilgHzd17Aw,η ενεργειακη κριση θα ηταν σχεδον αμελητεα αν ειχε γινει η πρασινη μεταβαση στην ενεργεια τι αναφερει ο προεδροσ και διευθυνων συμβουλοσ τησ γεκ τερνα στο ceo initiative forum,1
"Μπορέλ: Πρέπει να προσαρμόσουμε τις πολιτικές άμυνάς μας στο νέο περιβάλλον - Ρεπορτάζ και ειδήσεις για την Οικονομία, τις Επιχειρήσεις, το Χρηματιστήριο, την Πολιτική #mononewsGR https://t.co/qpew2LI2Jz",μπορελ πρεπει να προσαρμοσουμε τισ πολιτικεσ αμυνασ μασ στο νεο περιβαλλον ρεπορταζ και ειδησεισ για την οικονομια τισ επιχειρησεισ το χρηματιστηριο την πολιτικη mononewsgr,1
Παρουσιάζεται στο Αγρίνιο το Περιφερειακό Σχέδιο Προσαρμογής στην Κλιματική Αλλαγή https://t.co/58i7gOpDm2,παρουσιαζεται στο αγρινιο το περιφερειακο σχεδιο προσαρμογησ στην κλιματικη αλλαγη,1
RT @LykavitosGr: Γ. Περιστέρης: Η ενεργειακή κρίση θα ήταν σχεδόν αμελητέα αν είχε γίνει η πράσινη μετάβαση στην ενέργεια  #Γ._Περιστέρης h…,rt lykavitosgr γ περιστερησ η ενεργειακη κριση θα ηταν σχεδον αμελητεα αν ειχε γινει η πρασινη μεταβαση στην ενεργεια γ_περιστερησ h,1
RT @LykavitosGr: Γ. Περιστέρης: Η ενεργειακή κρίση θα ήταν σχεδόν αμελητέα αν είχε γίνει η πράσινη μετάβαση στην ενέργεια  #Γ._Περιστέρης h…,rt lykavitosgr γ περιστερησ η ενεργειακη κριση θα ηταν σχεδον αμελητεα αν ειχε γινει η πρασινη μεταβαση στην ενεργεια γ_περιστερησ h,1
COP27: Πώς η κλιματική αλλαγή επηρεάζει την κάθε ήπειρο. Οι επιπτώσεις της ανά τον κόσμο. Τί θα γίνει στην Ευρώπη https://t.co/k4b01wtoIe,cop πωσ η κλιματικη αλλαγη επηρεαζει την καθε ηπειρο οι επιπτωσεισ τησ ανα τον κοσμο τι θα γινει στην ευρωπη,1
Βόλτα στο δάσος: Ποια βήματα πρέπει να ακολουθούμε για να προστατεύουμε το φυσικό περιβάλλον - https://t.co/7xtwodZwUi https://t.co/6a7He3Ah3l,βολτα στο δασοσ ποια βηματα πρεπει να ακολουθουμε για να προστατευουμε το φυσικο περιβαλλον,1
[https://t.co/bDHZLmoC6L]Ερευνητές:  #Αμελητέα για κλιματική  #Αλλαγή η διαρροή μεθανίου λόγω Nord Stream https://t.co/5gK55YmUjY,αμελητεα για κλιματικη αλλαγη η διαρροη μεθανιου λογω nord stream,1
"RT @TheOpinion_News: «Η Θεσσαλονίκη δεν έχει υποδομές» – Τα φρεάτια, οι πυρκαγιές και η Κλιματική Αλλαγή (ΦΩΤΟ+VIDEO) https://t.co/4Czy6BLF…",rt theopinion_news η θεσσαλονικη δεν εχει υποδομεσ τα φρεατια οι πυρκαγιεσ και η κλιματικη αλλαγη φωτοvideo,1
Σοκάρουν τα νέα στοιχεία για την κλιματική αλλαγή: Τεράστια απειλή οι εκπομπές άνθρακα https://t.co/1HbK50K0ZW,σοκαρουν τα νεα στοιχεια για την κλιματικη αλλαγη τεραστια απειλη οι εκπομπεσ ανθρακα,1
Μπάιντεν: H παγκόσμια κλιματική κρίση αποτελεί υπαρξιακή απειλή για τον πλανήτη https://t.co/Yv21P5IeY7,μπαιντεν h παγκοσμια κλιματικη κριση αποτελει υπαρξιακη απειλη για τον πλανητη,1
"[Κλικ και διαβάστε στο skai]Τζο  #Μπάιντεν: Η παγκόσμια κλιματική κρίση, υπαρξιακή απειλή για τον πλανήτη https://t.co/Gy0R3qYhiF",κλικ και διαβαστε στο skaiτζο μπαιντεν η παγκοσμια κλιματικη κριση υπαρξιακη απειλη για τον πλανητη,1
"Μπάιντεν: «H παγκόσμια κλιματική κρίση αποτελεί υπαρξιακή απειλή για τον πλανήτη» - Ρεπορτάζ και ειδήσεις για την Οικονομία, τις Επιχειρήσεις, το Χρηματιστήριο, την Πολιτική #mononewsGR https://t.co/bwqKlcqsAI",μπαιντεν h παγκοσμια κλιματικη κριση αποτελει υπαρξιακη απειλη για τον πλανητη ρεπορταζ και ειδησεισ για την οικονομια τισ επιχειρησεισ το χρηματιστηριο την πολιτικη mononewsgr,1
Μπάιντεν στην COP27: H παγκόσμια κλιματική κρίση αποτελεί υπαρξιακή απειλή - https://t.co/48Mqba1tkU https://t.co/CiOT0MKOHp,μπαιντεν στην cop h παγκοσμια κλιματικη κριση αποτελει υπαρξιακη απειλη,1
Πώς η κλιματική αλλαγή επηρεάζει την ανθρώπινη υγεία - https://t.co/VcBHrlkLOS https://t.co/JvHy6Rh5lp,πωσ η κλιματικη αλλαγη επηρεαζει την ανθρωπινη υγεια,1
Τ. Μπάιντεν: H παγκόσμια κλιματική κρίση αποτελεί υπαρξιακή απειλή για τον πλανήτη https://t.co/NvoG1EiVHX,τ μπαιντεν h παγκοσμια κλιματικη κριση αποτελει υπαρξιακη απειλη για τον πλανητη,1
Βiden: H παγκόσμια κλιματική κρίση αποτελεί υπαρξιακή απειλή για τον πλανήτη https://t.co/jcRcl3hzN5,βiden h παγκοσμια κλιματικη κριση αποτελει υπαρξιακη απειλη για τον πλανητη,1
"#ΗΠΑ @POTUS: H παγκόσμια κλιματική κρίση αποτελεί υπαρξιακή απειλή για τον πλανήτη

https://t.co/0Cc1uVVcSJ https://t.co/FWGqxwsC3C",ηπα potus h παγκοσμια κλιματικη κριση αποτελει υπαρξιακη απειλη για τον πλανητη,1
"COP27: H κλιματική κρίση υπαρξιακή απειλή για τον πλανήτη, λέει ο Μπάιντεν https://t.co/BvWPydte36 #businessnewsgr",cop h κλιματικη κριση υπαρξιακη απειλη για τον πλανητη λεει ο μπαιντεν businessnewsgr,1
Συναντήσεις εργασίας για την κλιματική αλλαγή στο Λιμενικό Ταμείο Ρεθύμνου https://t.co/96Hd7MQuTR,συναντησεισ εργασιασ για την κλιματικη αλλαγη στο λιμενικο ταμειο ρεθυμνου,1
Κλιματική αλλαγή: Φονικότερη από τον κοροναϊό ή το ίδιο επικίνδυνη με τον καρκίνο;--https://t.co/foXAS18mS8,κλιματικη αλλαγη φονικοτερη απο τον κοροναϊο η το ιδιο επικινδυνη με τον καρκινο,1
"Κλιματική αλλαγή: Φονικότερη κι από κορονοϊό προειδοποιεί ο Παγκόσμιος Οργανισμός Υγείας – 3,3 εκατ. θάνατοι τον χρόνο https://t.co/OIVKtHn6FG",κλιματικη αλλαγη φονικοτερη κι απο κορονοϊο προειδοποιει ο παγκοσμιοσ οργανισμοσ υγειασ εκατ θανατοι τον χρονο,1
Κλιματική αλλαγή: Φονικότερη από τον κοροναϊό ή το ίδιο επικίνδυνη με τον καρκίνο; https://t.co/WrRelpo00f,κλιματικη αλλαγη φονικοτερη απο τον κοροναϊο η το ιδιο επικινδυνη με τον καρκινο,1
Η Φινλανδία ως ο πιο βιώσιμος προορισμός της Ευρώπης για αγορές https://t.co/n4oiHCjPO7 #aystria #voreiaeyropi #dania #malta,η φινλανδια ωσ ο πιο βιωσιμοσ προορισμοσ τησ ευρωπησ για αγορεσ aystria voreiaeyropi dania malta,1
Η Φινλανδία είναι Νο1 βιώσιμος προορισμός της Ευρώπης για αγορές – Μεγάλη βελτίωση για την Ελλάδα https://t.co/kWvffrZ3jT,η φινλανδια ειναι νο βιωσιμοσ προορισμοσ τησ ευρωπησ για αγορεσ μεγαλη βελτιωση για την ελλαδα,1
Η Φινλανδία είναι ο πιο βιώσιμος προορισμός της Ευρώπης για αγορές https://t.co/GlPHdgkVEl,η φινλανδια ειναι ο πιο βιωσιμοσ προορισμοσ τησ ευρωπησ για αγορεσ,1
"#PraktoreioLife 
Η #Φινλανδία ο πιο βιώσιμος προορισμός της Ευρώπης για αγορές

https://t.co/FdxYNi3877 https://t.co/ETFIpO3b8J",praktoreiolife η φινλανδια ο πιο βιωσιμοσ προορισμοσ τησ ευρωπησ για αγορεσ,1
COP27 – Μπάιντεν: H παγκόσμια κλιματική κρίση αποτελεί υπαρξιακή απειλή για τον πλανήτη https://t.co/y6tFqfHqxo,cop μπαιντεν h παγκοσμια κλιματικη κριση αποτελει υπαρξιακη απειλη για τον πλανητη,1
Κλιματική αλλαγή: Λαϊκιστές εναντίον του πλανήτη: Πώς το κλίμα έγινε το νέο μέτωπο του πολέμου--https://t.co/WK5Khqs82f,κλιματικη αλλαγη λαϊκιστεσ εναντιον του πλανητη πωσ το κλιμα εγινε το νεο μετωπο του πολεμου,1
Κλιματική αλλαγή: Ρεκόρ εκπομπών του διοξειδίου του άνθρακα το 2022 - https://t.co/A01gnLCDI7 https://t.co/wL0o9gOHDJ,κλιματικη αλλαγη ρεκορ εκπομπων του διοξειδιου του ανθρακα το,1
RT @dstefanos: Πες τα ρε αδερφέ… κάθε πρωί μαλώνω όταν ζητάω πλαστικό καλαμάκι για τον καφέ και δε μου δίνουν και όταν ρωτάω γιατί το ποτήρ…,rt dstefanos πεσ τα ρε αδερφε καθε πρωι μαλωνω οταν ζηταω πλαστικο καλαμακι για τον καφε και δε μου δινουν και οταν ρωταω γιατι το ποτηρ,1
ΞΑΦΝΙΚΑ...ΚΛΙΜΑΤΙΚΗ ΑΛΛΑΓΗ.... https://t.co/amWpyzHwFN,ξαφνικακλιματικη αλλαγη,1
Τυνησία: Η κλιματική αλλαγή απειλεί τις ακτές και την επιβίωση των ανθρώπων - https://t.co/Db1mZ9omHy https://t.co/LntECypMss,τυνησια η κλιματικη αλλαγη απειλει τισ ακτεσ και την επιβιωση των ανθρωπων,1
Bitcoin: Γιατί δεν μπορεί να είναι βιώσιμο https://t.co/rRHT9FXMN7,bitcoin γιατι δεν μπορει να ειναι βιωσιμο,1
"Η Τυνησία διαθέτει πανέμορφες παραλίες, οι οποίες όμως κινδυνεύουν σοβαρά από την κλιματική αλλαγή. Η πολιτεία εδώ και δέκα χρόνια παίρνει μέτρα αλλά το μέλλον είναι άδηλο. https://t.co/8pwTcLnkpe",η τυνησια διαθετει πανεμορφεσ παραλιεσ οι οποιεσ ομωσ κινδυνευουν σοβαρα απο την κλιματικη αλλαγη η πολιτεια εδω και δεκα χρονια παιρνει μετρα αλλα το μελλον ειναι αδηλο,1
"Διάσκεψη για την κλιματική αλλαγή: Ελληνίδα φοιτήτρια, «συνήγορος κλιματικής δικαιοσύνης», στην COP27 https://t.co/tJCUNl8RpO #diaskepsi #inomenaethni #klimatikiallagi #pennydalkoy",διασκεψη για την κλιματικη αλλαγη ελληνιδα φοιτητρια συνηγοροσ κλιματικησ δικαιοσυνησ στην cop diaskepsi inomenaethni klimatikiallagi pennydalkoy,1
Bitcoin: Γιατί δεν μπορεί να είναι βιώσιμο https://t.co/D8BKX8n17s,bitcoin γιατι δεν μπορει να ειναι βιωσιμο,1
"Παπαθανάσης: «Προτεραιότητα η πράσινη και βιώσιμη ανάπτυξη των νησιών» - Ρεπορτάζ και ειδήσεις για την Οικονομία, τις Επιχειρήσεις, το Χρηματιστήριο, την Πολιτική #mononewsGR https://t.co/a9jL8bTvuf",παπαθανασησ προτεραιοτητα η πρασινη και βιωσιμη αναπτυξη των νησιων ρεπορταζ και ειδησεισ για την οικονομια τισ επιχειρησεισ το χρηματιστηριο την πολιτικη mononewsgr,1
Προειδοποίηση Sharma: Καμία οπισθοχώρηση από την «κόκκινη γραμμή» για την κλιματική αλλαγή https://t.co/4BzcIfz2Ec,προειδοποιηση sharma καμια οπισθοχωρηση απο την κοκκινη γραμμη για την κλιματικη αλλαγη,1
Πώς η κλιματική αλλαγή επηρεάζει την ανθρώπινη υγεία - https://t.co/eiOPQNT0y0 https://t.co/TirIUM4COg,πωσ η κλιματικη αλλαγη επηρεαζει την ανθρωπινη υγεια,1
"Η Ελλάδα σταθμός της παγκόσμιας σκυταλοδρομίας «Running Out of Time» για την κλιματική αλλαγή
H Eλληνική Ολυμπιακή Επιτροπή συμμετείχε στην παγκόσμια σκυταλοδρομία «Running Out of Time», που ξεκίνησε από τη Γλασκώβη με τελικό προορισμό τη Διάσκεψη του ΟΗΕ 
https://t.co/lQauzbwDRQ https://t.co/1sxPVept1D",η ελλαδα σταθμοσ τησ παγκοσμιασ σκυταλοδρομιασ running out of time για την κλιματικη αλλαγη h eλληνικη ολυμπιακη επιτροπη συμμετειχε στην παγκοσμια σκυταλοδρομια running out of time που ξεκινησε απο τη γλασκωβη με τελικο προορισμο τη διασκεψη του οηε,1
"ΣΕΒ: Προκλήσεις για την ανταγωνιστικότητα δημιουργεί ο στόχος για κλιματική ουδετερότητα -Προτάσεις για Βιώσιμη Ανάπτυξη - Ρεπορτάζ και ειδήσεις για την Οικονομία, τις Επιχειρήσεις, το Χρηματιστήριο, την Πολιτική #mononewsGR https://t.co/gD98MnebRF",σεβ προκλησεισ για την ανταγωνιστικοτητα δημιουργει ο στοχοσ για κλιματικη ουδετεροτητα προτασεισ για βιωσιμη αναπτυξη ρεπορταζ και ειδησεισ για την οικονομια τισ επιχειρησεισ το χρηματιστηριο την πολιτικη mononewsgr,1
Κλίμα: Στα 8 δις ο παγκόσμιος πληθυσμός - Πως επηρεάζεται το περιβάλλον https://t.co/1v26yzPxPz,κλιμα στα δισ ο παγκοσμιοσ πληθυσμοσ πωσ επηρεαζεται το περιβαλλον,1
Κλιματική «κρίση»: Μια «ελίτ» που σκοτώνει τον πλανήτη https://t.co/HXYQfijcdo,κλιματικη κριση μια ελιτ που σκοτωνει τον πλανητη,1
Τζόρτζια Μελόνι: Η G20 σε θυελλώδη νερά – Από την ενεργειακή κρίση ευκαιρία για έναν πιο βιώσιμο κόσμο https://t.co/gJ7zJ3eAgI,τζορτζια μελονι η g σε θυελλωδη νερα απο την ενεργειακη κριση ευκαιρια για εναν πιο βιωσιμο κοσμο,1
Προειδοποίηση Sharma: Καμία οπισθοχώρηση από την «κόκκινη γραμμή» για την κλιματική αλλαγή https://t.co/ctMJCDs9Ak,προειδοποιηση sharma καμια οπισθοχωρηση απο την κοκκινη γραμμη για την κλιματικη αλλαγη,1
Σκέφτομαι ότι το χειρότερο με τους βανδαλισμούς των έργων τέχνης είναι η αποτυχία των δρώντων να αντιληφθούν τον πολιτισμό και το περιβάλλον ως ενιαίο αγαθό,σκεφτομαι οτι το χειροτερο με τουσ βανδαλισμουσ των εργων τεχνησ ειναι η αποτυχια των δρωντων να αντιληφθουν τον πολιτισμο και το περιβαλλον ωσ ενιαιο αγαθο,1
Παρουσιάστηκε στο Αγρίνιο το Περιφερειακό Σχέδιο Προσαρμογής στην Κλιματική Αλλαγή https://t.co/hEDlJKhuFJ https://t.co/NPJ9xN308v,παρουσιαστηκε στο αγρινιο το περιφερειακο σχεδιο προσαρμογησ στην κλιματικη αλλαγη,1
Ένθετο #Περιβάλλον: Οι εξελίξεις των διαπραγματεύσεων στην Παγκόσμια Διάσκεψη του ΟΗΕ για το κλίμα https://t.co/jeBDKmCvrP,ενθετο περιβαλλον οι εξελιξεισ των διαπραγματευσεων στην παγκοσμια διασκεψη του οηε για το κλιμα,1
Guardian για κλιματική αλλαγή: «Ο πλανήτης οδεύει προς μη αναστρέψιμο σημείο» - https://t.co/eiOPQNT0y0 https://t.co/Y31AvWbGCY #κλιμα,guardian για κλιματικη αλλαγη ο πλανητησ οδευει προσ μη αναστρεψιμο σημειο κλιμα,1
Κλιματική αλλαγή: Είναι η δενδροφύτευση η λύση για να σωθεί ο πλανήτης; https://t.co/F6Bnlz4Pqv #ΑΡΘΡΑ #ΔΕΝΤΡΑ #ΔΕΝΤΡΟΦΥΤΕΥΣΗ #ΠΕΡΙΒΑΛΛΟΝ By https://t.co/p9zfHynwcm,κλιματικη αλλαγη ειναι η δενδροφυτευση η λυση για να σωθει ο πλανητησ αρθρα δεντρα δεντροφυτευση περιβαλλον by,1
Η #Φινλανδία είναι ο πιο βιώσιμος προορισμός της Ευρώπης για αγορές https://t.co/5plKM3wTsG,η φινλανδια ειναι ο πιο βιωσιμοσ προορισμοσ τησ ευρωπησ για αγορεσ,1
Κώστας Σκρέκας: «Οι Ανανεώσιμες Πηγές Ενέργειας είναι η λύση» Η Ελλάδα αναδεικνύεται σε πυλώνα ενεργειακής ασφάλειας και πράσινης μετάβασης https://t.co/ndUoQKU6eO https://t.co/Qkbl1Mvqnb,κωστασ σκρεκασ οι ανανεωσιμεσ πηγεσ ενεργειασ ειναι η λυση η ελλαδα αναδεικνυεται σε πυλωνα ενεργειακησ ασφαλειασ και πρασινησ μεταβασησ,1
Κ. Σκρέκας: Πυλώνας ενεργειακής ασφάλειας η Ελλάδα – Λύση οι Ανανεώσιμες Πηγές Ενέργειας - LarissaPress https://t.co/Ma15lBZWYI,κ σκρεκασ πυλωνασ ενεργειακησ ασφαλειασ η ελλαδα λυση οι ανανεωσιμεσ πηγεσ ενεργειασ larissapress,1
Ο Λούλα πήγε στη σύνοδο του ΟΗΕ για το περιβάλλον με το ιδιωτικό τζετ εκατομμυριούχου https://t.co/SPeVSwzoAi,ο λουλα πηγε στη συνοδο του οηε για το περιβαλλον με το ιδιωτικο τζετ εκατομμυριουχου,1
Κώστας Σκρέκας: «Οι Ανανεώσιμες Πηγές Ενέργειας είναι η λύση»--https://t.co/gNIzU6bana,κωστασ σκρεκασ οι ανανεωσιμεσ πηγεσ ενεργειασ ειναι η λυση,1
"Κώστας Σκρέκας: Οι Ανανεώσιμες Πηγές Ενέργειας είναι η λύση - Ρεπορτάζ και ειδήσεις για την Οικονομία, τις Επιχειρήσεις, το Χρηματιστήριο, την Πολιτική #mononewsGR https://t.co/1KBetbIds3",κωστασ σκρεκασ οι ανανεωσιμεσ πηγεσ ενεργειασ ειναι η λυση ρεπορταζ και ειδησεισ για την οικονομια τισ επιχειρησεισ το χρηματιστηριο την πολιτικη mononewsgr,1
Κλιματική αλλαγή: «Η πείνα στην Αφρική θα αυξηθεί αν δεν κάνουμε κάτι άμεσα» προειδοποιεί ο ΟΗΕ https://t.co/kTOPcJZDsW,κλιματικη αλλαγη η πεινα στην αφρικη θα αυξηθει αν δεν κανουμε κατι αμεσα προειδοποιει ο οηε,1
Σκρέκας: Οι Ανανεώσιμες Πηγές Ενέργειας είναι η λύση https://t.co/nBISpOPSWt,σκρεκασ οι ανανεωσιμεσ πηγεσ ενεργειασ ειναι η λυση,1
"Χατζηδάκης: Συνεχίζουμε την πράσινη μετάβαση με κοινωνικό πρόσημο - Ρεπορτάζ και ειδήσεις για την Οικονομία, τις Επιχειρήσεις, το Χρηματιστήριο, την Πολιτική #mononewsGR https://t.co/qEyRCn7CKq",χατζηδακησ συνεχιζουμε την πρασινη μεταβαση με κοινωνικο προσημο ρεπορταζ και ειδησεισ για την οικονομια τισ επιχειρησεισ το χρηματιστηριο την πολιτικη mononewsgr,1
"RT @Fenagytaxase479: Στα είκοσι χρόνια του έγγαμου βίου της με τον Στεφανή ζούσε μέσα στο φόβο, εκτελώντας κατά γράμμα τις εντολές του, ενώ…",rt fenagytaxase στα εικοσι χρονια του εγγαμου βιου τησ με τον στεφανη ζουσε μεσα στο φοβο εκτελωντασ κατα γραμμα τισ εντολεσ του ενω,1
SOS από το Ευρωκοινοβούλιο για την κλιματική κρίση: Απαιτούνται επείγοντα μέτρα https://t.co/VupO1AQtCT,sos απο το ευρωκοινοβουλιο για την κλιματικη κριση απαιτουνται επειγοντα μετρα,1
"Η 46χρονη βρέθηκε στην περιοχή της Νέας Σμύρνης από αστυνομικούς και βρίσκεται σε ασφαλές περιβάλλον
https://t.co/vF6a9M47J6",η χρονη βρεθηκε στην περιοχη τησ νεασ σμυρνησ απο αστυνομικουσ και βρισκεται σε ασφαλεσ περιβαλλον,1
Σκρέκας : Πρωτοπόρα η Ελλάδα στην πράσινη ενέργεια. Έχει κατευθύνει ήδη 7 δισ. ευρώ για τη στήριξη των καταναλωτών από την ενεργειακή κρίση https://t.co/4M3QpKCIdz,σκρεκασ πρωτοπορα η ελλαδα στην πρασινη ενεργεια εχει κατευθυνει ηδη δισ ευρω για τη στηριξη των καταναλωτων απο την ενεργειακη κριση,1
"Κλιματική κρίση: Τεράστια μάζα μικροβίων απελευθερώνεται από το λιώσιμο των παγετώνων,
https://t.co/HpCZS2oK2G,",κλιματικη κριση τεραστια μαζα μικροβιων απελευθερωνεται απο το λιωσιμο των παγετωνων,1
"Πρόκειται για παιδιά που έχουν υποστεί κάποιου είδους κακοποίηση ή παιδιά που κρίθηκε ότι είναι ακατάλληλο το οικογενειακό τους περιβάλλον και πρέπει να απομακρυνθούν από αυτό

#znews #παιδια #νοσοκομειο https://t.co/1LQ4Hx2IaC",προκειται για παιδια που εχουν υποστει καποιου ειδουσ κακοποιηση η παιδια που κριθηκε οτι ειναι ακαταλληλο το οικογενειακο τουσ περιβαλλον και πρεπει να απομακρυνθουν απο αυτο znews παιδια νοσοκομειο,1
COP27: Νέοι αναπτύσσουν ψηφιακές λύσεις για να αντιμετωπίσουν την κλιματική αλλαγή https://t.co/NZgPYn2Yr5,cop νεοι αναπτυσσουν ψηφιακεσ λυσεισ για να αντιμετωπισουν την κλιματικη αλλαγη,1
Η κλιματική αλλαγή επιδεινώνει την ημικρανία και άλλες νευρολογικές παθήσεις. Ποιοι κινδυνεύουν ... https://t.co/zSHZiQTwes,η κλιματικη αλλαγη επιδεινωνει την ημικρανια και αλλεσ νευρολογικεσ παθησεισ ποιοι κινδυνευουν,1
Ελλάδα: Δεύτερη παγκοσμίως σε ελκυστικότητα επενδύσεων για Ανανεώσιμες πηγές ενέργειας https://t.co/UXrFwUy0ZI,ελλαδα δευτερη παγκοσμιωσ σε ελκυστικοτητα επενδυσεων για ανανεωσιμεσ πηγεσ ενεργειασ,1
Schaeuble: Επιμένω η πρότασή μου για προσωρινό Grexit ήταν οικονομικά σωστή – Μη βιώσιμη μία εσωτερική υποτίμηση https://t.co/pVlqlpQBKl,schaeuble επιμενω η προταση μου για προσωρινο grexit ηταν οικονομικα σωστη μη βιωσιμη μια εσωτερικη υποτιμηση,1
ΦΤΑΙΕΙ Η ΚΛΙΜΑΤΙΚΗ ΑΛΛΑΓΗ....ΜΗΝ ΠΑΕΙ ΤΟ ΜΥΑΛΟ ΣΑΣ ΡΕ ΨΕΚΙΑ ΣΤΑ ΕΝΦΟΛΙΑ ΤΟΥ ΕΒΡΑΙΟΥ ΚΤΗΝΙΑΤΡΟΥ..... https://t.co/NKKdGyepxg,φταιει η κλιματικη αλλαγημην παει το μυαλο σας ρε ψεκια στα ενφολια του εβραιου κτηνιατρου,1
Ernst&amp;Young : Στη δεύτερη θέση παγκοσμίως η Ελλάδα σε ελκυστικότητα για επενδύσεις σε Ανανεώσιμες Πηγές Ενέργειας https://t.co/u8iXR56Qrk,ernstampyoung στη δευτερη θεση παγκοσμιωσ η ελλαδα σε ελκυστικοτητα για επενδυσεισ σε ανανεωσιμεσ πηγεσ ενεργειασ,1
Η κλιματική αλλαγή επιδεινώνει την ημικρανία και άλλες νευρολογικές παθήσεις. Ποιοι κινδυνεύουν - https://t.co/uKuGIFT4kn https://t.co/eCrHoJrrI9,η κλιματικη αλλαγη επιδεινωνει την ημικρανια και αλλεσ νευρολογικεσ παθησεισ ποιοι κινδυνευουν,1
"COP27: Νέο ταμείο για τις φτωχότερες χώρες που πλήττονται από την κλιματική αλλαγή - Ρεπορτάζ και ειδήσεις για την Οικονομία, τις Επιχειρήσεις, το Χρηματιστήριο, την Πολιτική #mononewsGR https://t.co/ovWXvDKz9N",cop νεο ταμειο για τισ φτωχοτερεσ χωρεσ που πληττονται απο την κλιματικη αλλαγη ρεπορταζ και ειδησεισ για την οικονομια τισ επιχειρησεισ το χρηματιστηριο την πολιτικη mononewsgr,1
Η κλιματική αλλαγή επιδεινώνει την ημικρανία και άλλες νευρολογικές παθήσεις. Ποιοι κινδυνεύουν - https://t.co/JYj941c0Vy https://t.co/0c9tC2W9qR,η κλιματικη αλλαγη επιδεινωνει την ημικρανια και αλλεσ νευρολογικεσ παθησεισ ποιοι κινδυνευουν,1
COP27 -Κλιματική αλλαγή: Nέο σχέδιο προβλέπει ίδρυση Ταμείου για τις ευάλωτες χώρες - Documento https://t.co/mYp2mNnOGJ,cop κλιματικη αλλαγη nεο σχεδιο προβλεπει ιδρυση ταμειου για τισ ευαλωτεσ χωρεσ documento,1
ΠΡΑΣΙΝΕΣ ΠΑΠΑΝΤΖΕΣ ΑΠΟ ΜΠΛΕ ΛΑΜΟΓΙΑ ΚΑΙ ΡΟΖΟΥΛΙ ΑΠΟΧΡΩΣΕΙΣ....ΛΑΜΟΓΙΑ ΔΙΑΦΗΜΙΖΑΤΕ ΤΑ ΗΛΕΚΤΡΙΚΑ ΑΥΤΟΚΙΝΗΤΑ ΜΕ ΑΠΑΛΛΑΓΗ ΤΕΛΩΝ...ΦΤΑΙΕΙ Η ΚΛΙΜΑΤΙΚΗ ΑΛΛΑΓΗ ΤΗΣ ΚΩΛΟΤΡΥΠΙΔΑΣ ΤΟΥ ΚΟΥΛΗ.... https://t.co/eQTqTcq6LO,πρασινες παπαντζες απο μπλε λαμογια και ροζουλι αποχρωσεισλαμογια διαφημιζατε τα ηλεκτρικα αυτοκινητα με απαλλαγη τελωνφταιει η κλιματικη αλλαγη της κωλοτρυπιδας του κουλη,1
Ένας κοντινός ορεινός παράδεισος απειλείται  https://t.co/Y9bh0kFygS,ενασ κοντινοσ ορεινοσ παραδεισοσ απειλειται,1
Κλιματική αλλαγή: Ο Άντι Γουόρχολ τελευταίο θύμα των ακτιβιστών στην Ιταλία https://t.co/e8BE7AtgDR,κλιματικη αλλαγη ο αντι γουορχολ τελευταιο θυμα των ακτιβιστων στην ιταλια,1
Κατέληξε σε συμφωνία η COP27 – Δημιουργείται ταμείο για τις πιο «ευάλωτες» στην κλιματική αλλαγή χώρες https://t.co/LQRGpymbGT,κατεληξε σε συμφωνια η cop δημιουργειται ταμειο για τισ πιο ευαλωτεσ στην κλιματικη αλλαγη χωρεσ,1
"Κόσμος - Κλιματική Αλλαγή: Σας καταστρέψαμε, αλλά θα σας αποζημιώσουμε https://t.co/nolOmPg3nh",κοσμοσ κλιματικη αλλαγη σασ καταστρεψαμε αλλα θα σασ αποζημιωσουμε,1
COP27: Συμφωνία για αποζημιώσεις στις φτωχές χώρες που χτυπήθηκαν από την κλιματική αλλαγή https://t.co/X56fmhMnY4,cop συμφωνια για αποζημιωσεισ στισ φτωχεσ χωρεσ που χτυπηθηκαν απο την κλιματικη αλλαγη,1
RT @LykavitosGr: COP27: Συμφωνία για πληρωμή των φτωχών χωρών που πλήττονται από την κλιματική αλλαγή  #COP27 #κλιματική_αλλαγή https://t.c…,rt lykavitosgr cop συμφωνια για πληρωμη των φτωχων χωρων που πληττονται απο την κλιματικη αλλαγη cop κλιματικη_αλλαγη,1
RT @LykavitosGr: COP27: Συμφωνία για πληρωμή των φτωχών χωρών που πλήττονται από την κλιματική αλλαγή  #COP27 #κλιματική_αλλαγή https://t.c…,rt lykavitosgr cop συμφωνια για πληρωμη των φτωχων χωρων που πληττονται απο την κλιματικη αλλαγη cop κλιματικη_αλλαγη,1
[Κλικ και διαβάστε στο NewsIt]OP27: Συμφωνία για αποζημιώσεις στις φτωχές χώρες που χτυπήθηκαν από την κλιματική  #Αλλαγή https://t.co/HYBZMzHP1Z,κλικ και διαβαστε στο newsitop συμφωνια για αποζημιωσεισ στισ φτωχεσ χωρεσ που χτυπηθηκαν απο την κλιματικη αλλαγη,1
OP27: Συμφωνία για αποζημιώσεις στις φτωχές χώρες που χτυπήθηκαν από την κλιματική αλλαγή https://t.co/zz6gNx0qqc,op συμφωνια για αποζημιωσεισ στισ φτωχεσ χωρεσ που χτυπηθηκαν απο την κλιματικη αλλαγη,1
Τι είναι το διατροφικό περιβάλλον και πώς επηρεάζει τη σχέση μας με την τροφή; https://t.co/3UBe7PqUaI,τι ειναι το διατροφικο περιβαλλον και πωσ επηρεαζει τη σχεση μασ με την τροφη,1
Ανανεώσιμες Πηγές Ενέργειας: Γιατί αντιδρά η ΕΛΕΤΑΕΝ στις Ειδικές Περιβαλλοντικές Μελέτες https://t.co/vaYzCrMVuA #businessnewsgr,ανανεωσιμεσ πηγεσ ενεργειασ γιατι αντιδρα η ελεταεν στισ ειδικεσ περιβαλλοντικεσ μελετεσ businessnewsgr,1
Βιώσιμη Γεωργία: Μια Εφικτή Λύση με Πολλαπλά Οφέλη για τον Πλανήτη – Act for Earth | CNN Greece https://t.co/RS9Bl73XGS,βιωσιμη γεωργια μια εφικτη λυση με πολλαπλα οφελη για τον πλανητη act for earth cnn greece,1
Πόσο εύκολα προσαρμόζονται γάτες και σκύλοι στο νέο περιβάλλον και με ξένους [μελέτη] https://t.co/gaBXOMumfH,ποσο ευκολα προσαρμοζονται γατεσ και σκυλοι στο νεο περιβαλλον και με ξενουσ μελετη,1
COP27: Ιστορική συμφωνία για πληρωμή των φτωχών χωρών που πλήττονται από την κλιματική αλλαγή https://t.co/BdYRb4SZFa,cop ιστορικη συμφωνια για πληρωμη των φτωχων χωρων που πληττονται απο την κλιματικη αλλαγη,1
"Η Linde Hellas ανακοίνωσε ότι ξεκίνησε την παραγωγή πράσινου υδρογόνου στις εγκαταστάσεις της στη Μάνδρα, χρησιμοποιώντας ανανεώσιμες πηγές ενέργειας για την ηλεκτρόλυση διαλύματος KOH",η linde hellas ανακοινωσε οτι ξεκινησε την παραγωγη πρασινου υδρογονου στισ εγκαταστασεισ τησ στη μανδρα χρησιμοποιωντασ ανανεωσιμεσ πηγεσ ενεργειασ για την ηλεκτρολυση διαλυματοσ koh,1
Οι ανανεώσιμες πηγές ενέργειας στο επίκεντρο του 5th Athens Investment Forum https://t.co/zajFbokMjr,οι ανανεωσιμεσ πηγεσ ενεργειασ στο επικεντρο του th athens investment forum,1
Βουλή: Χαμηλά ο πήχυς της COP27 για την κλιματική αλλαγή https://t.co/CtKM60TLSv,βουλη χαμηλα ο πηχυσ τησ cop για την κλιματικη αλλαγη,1
"Δημοσιογράφος ΣΩΡΙΑΖΕΤΑΙ στον «αέρα» στην Διάσκεψη των διεθνιστών για την… «Κλιματική Αλλαγή», vid https://t.co/O3tkE6ZL9j",δημοσιογραφοσ σωριαζεται στον αερα στην διασκεψη των διεθνιστων για την κλιματικη αλλαγη vid,1
"📢 Παγκόσμιος Συναγερμός! Η κλιματική αλλαγή η επόμενη απειλή για τον άνθρωπο.
#ΑΝΘΡΩΠΟΣ #ΑΠΕΙΛΗ #ΕΠΙΣΤΗΜΟΝΕΣ #ΚΛΙΜΑΤΙΚΗΑΛΛΑΓΗ #ΟΗΕ #ΣΥΝΑΓΕΡΜΟΣ

https://t.co/XdjlX6NMaX",παγκοσμιοσ συναγερμοσ η κλιματικη αλλαγη η επομενη απειλη για τον ανθρωπο ανθρωπος απειλη επιστημονες κλιματικηαλλαγη οηε συναγερμος,1
Προειδοποίηση για την κλιματική αλλαγή - Φέρνει εξάπλωση μολυσματικών ασθενειών - https://t.co/UR13WDYi16 https://t.co/yrvD65Ithm,προειδοποιηση για την κλιματικη αλλαγη φερνει εξαπλωση μολυσματικων ασθενειων,1
"Η #κλιματική_αλλαγή ευνοεί την εξάπλωση μολυσματικών ασθενειών, προειδοποιεί το Παγκόσμιο Ταμείο Καταπολέμησης του #AIDS, της φυματίωσης και της ελονοσίας

https://t.co/ohWshMeBGZ https://t.co/7fOaZorcCE",η κλιματικη_αλλαγη ευνοει την εξαπλωση μολυσματικων ασθενειων προειδοποιει το παγκοσμιο ταμειο καταπολεμησησ του aids τησ φυματιωσησ και τησ ελονοσιασ,1
Θεσσαλονίκη: Μαθητές από πέντε χώρες ζητούν άμεση δράση για την κλιματική αλλαγή https://t.co/yGjuHkvgAb,θεσσαλονικη μαθητεσ απο πεντε χωρεσ ζητουν αμεση δραση για την κλιματικη αλλαγη,1
Ίδρυμα Μποδοσάκη: «Σχέδιο Δράσης για το Περιβάλλον και το Κλίμα» https://t.co/mbDFnbr8Fk,ιδρυμα μποδοσακη σχεδιο δρασησ για το περιβαλλον και το κλιμα,1
"Δεκαεξάχρονοι μαθητές από την Ελλάδα, την Εσθονία, την Τσεχία, την Πορτογαλία και τη Λιθουανία ζητούν στήριξη στο ψήφισμά τους για την κλιματική κρίση

https://t.co/C3KhspZxus 

#ClimateCrisis #ClimateAction https://t.co/ofXk4xbk73",δεκαεξαχρονοι μαθητεσ απο την ελλαδα την εσθονια την τσεχια την πορτογαλια και τη λιθουανια ζητουν στηριξη στο ψηφισμα τουσ για την κλιματικη κριση climatecrisis climateaction,1
Η κλιματική αλλαγή ευνοεί την εξάπλωση μολυσματικών ασθενειών https://t.co/K7xLZeMSUS,η κλιματικη αλλαγη ευνοει την εξαπλωση μολυσματικων ασθενειων,1
"«SOS» για την κλιματική αλλαγή: «Ευνοεί την εξάπλωση μολυσματικών ασθενειών και θα σκοτώσει ανθρώπους»

https://t.co/pJYuk9qmZd",sos για την κλιματικη αλλαγη ευνοει την εξαπλωση μολυσματικων ασθενειων και θα σκοτωσει ανθρωπουσ,1
Λύση Biochar: Η υπερθέρμανση του πλανήτη και η κλιματική αλλαγή οφείλονται στον άνθρακα https://t.co/qWci9caND5,λυση biochar η υπερθερμανση του πλανητη και η κλιματικη αλλαγη οφειλονται στον ανθρακα,1
Προειδοποίηση για την κλιματική αλλαγή - Φέρνει εξάπλωση μολυσματικών ασθενειών https://t.co/PB5QxZuzlh,προειδοποιηση για την κλιματικη αλλαγη φερνει εξαπλωση μολυσματικων ασθενειων,1
«SOS» για την κλιματική αλλαγή: «Ευνοεί την εξάπλωση μολυσματικών ασθενειών και θα σκοτώσει ανθρώπους» https://t.co/Y38gp3NGry,sos για την κλιματικη αλλαγη ευνοει την εξαπλωση μολυσματικων ασθενειων και θα σκοτωσει ανθρωπουσ,1
"Εάν αυτό δεν είναι πλύση εγκεφάλου στα παιδιά για την ""κλιματική κρίση"" τότε τι είναι;
https://t.co/nVcPPC7Hxg",εαν αυτο δεν ειναι πλυση εγκεφαλου στα παιδια για την κλιματικη κριση τοτε τι ειναι,1
Κλιματική Αλλαγή κι εμείς: Διαδραστική έκθεση στο Μουσείο Γουλανδρή - https://t.co/8zcLn8Rin1 https://t.co/0O9vp4nRNO,κλιματικη αλλαγη κι εμεισ διαδραστικη εκθεση στο μουσειο γουλανδρη,1
"«Κλιματική Αλλαγή κι εμείς»: Εγκαινιάστηκε η πρώτη διαδραστική μόνιμη έκθεση για την κλιματική αλλαγή στο Μουσείο Γουλανδρή Φυσικής Ιστορίας

https://t.co/HFU6F3CRIF 

#climatechange https://t.co/FovdKU5FAb",κλιματικη αλλαγη κι εμεισ εγκαινιαστηκε η πρωτη διαδραστικη μονιμη εκθεση για την κλιματικη αλλαγη στο μουσειο γουλανδρη φυσικησ ιστοριασ climatechange,1
Κλιματική αλλαγή: Περισσότεροι από 20.000 θάνατοι στη Δυτική Ευρώπη συνδέονται με τους θερινούς καύσωνες https://t.co/vmUGrpDJIO,κλιματικη αλλαγη περισσοτεροι απο θανατοι στη δυτικη ευρωπη συνδεονται με τουσ θερινουσ καυσωνεσ,1
"Κλιματική αλλαγή: Περισσότεροι από 20.000 θάνατοι στη Δυτική Ευρώπη συνδέονται με τους θερινούς καύσωνες - Ρεπορτάζ και ειδήσεις για την Οικονομία, τις Επιχειρήσεις, το Χρηματιστήριο, την Πολιτική #mononewsGR https://t.co/6eryuVGOWU",κλιματικη αλλαγη περισσοτεροι απο θανατοι στη δυτικη ευρωπη συνδεονται με τουσ θερινουσ καυσωνεσ ρεπορταζ και ειδησεισ για την οικονομια τισ επιχειρησεισ το χρηματιστηριο την πολιτικη mononewsgr,1
Νερό «δηλητήριο» από λιπάσματα - Η περιοχή που χτυπά «κόκκινο» στη Θεσσαλονίκη https://t.co/pFXplWTVyu #ΠΕΡΙΒΑΛΛΟΝ #ΠΕΡΙΞ #ΥΔΡΕΥΣΗ https://t.co/msa2xiYgLy,νερο δηλητηριο απο λιπασματα η περιοχη που χτυπα κοκκινο στη θεσσαλονικη περιβαλλον περιξ υδρευση,1
"Δημήτρης Ταμβάκης (ΔΕΠΑ Εμπορίας): Προετοιμάζουμε το έδαφος για τη νέα «πράσινη» πραγματικότητα - Ρεπορτάζ και ειδήσεις για την Οικονομία, τις Επιχειρήσεις, το Χρηματιστήριο, την Πολιτική #mononewsGR https://t.co/jCNVja0EEP",δημητρησ ταμβακησ δεπα εμποριασ προετοιμαζουμε το εδαφοσ για τη νεα πρασινη πραγματικοτητα ρεπορταζ και ειδησεισ για την οικονομια τισ επιχειρησεισ το χρηματιστηριο την πολιτικη mononewsgr,1
"ΚΕΔΕ: Οι προτεραιότητες των δήμων για κυβερνησιμότητα, οικονομικά, ενέργεια και περιβάλλον https://t.co/H8Kg7hPPsJ",κεδε οι προτεραιοτητεσ των δημων για κυβερνησιμοτητα οικονομικα ενεργεια και περιβαλλον,1
Κλιματική αλλαγή: 20.000 θάνατοι στη Δυτική Ευρώπη συνδέονται με τους καύσωνες – Ειδήσεις – νέα – Το Βήμα Online https://t.co/4DkJwqR0m9,κλιματικη αλλαγη θανατοι στη δυτικη ευρωπη συνδεονται με τουσ καυσωνεσ ειδησεισ νεα το βημα online,1
Κλιματική αλλαγή: Πάνω από 20.000 οι νεκροί στην Ευρώπη το καλοκαίρι του 2022 - https://t.co/NScqCukzqV https://t.co/Es46sfJvNr,κλιματικη αλλαγη πανω απο οι νεκροι στην ευρωπη το καλοκαιρι του,1
Ίδρυμα Μποδοσάκη: Σχέδιο Δράσης για το περιβάλλον και το κλίμα στη διάθεση της Πολιτείας https://t.co/Wb6HuSQJsE,ιδρυμα μποδοσακη σχεδιο δρασησ για το περιβαλλον και το κλιμα στη διαθεση τησ πολιτειασ,1
Κλιματική αλλαγή: Μήνυση κατά της χώρας της υπέβαλε η Γκρέτα Τούνμπεργκ https://t.co/wUwbEGH5xU,κλιματικη αλλαγη μηνυση κατα τησ χωρασ τησ υπεβαλε η γκρετα τουνμπεργκ,1
"Ευρωπαϊκή Επιτροπή-προγραμμα LIFE για το περιβάλλον: Χρηματοδότηση 380 εκατ. ευρώ για 168 νέα έργα - Ρεπορτάζ και ειδήσεις για την Οικονομία, τις Επιχειρήσεις, το Χρηματιστήριο, την Πολιτική #mononewsGR https://t.co/OoSBKSU0rQ",ευρωπαϊκη επιτροπηπρογραμμα life για το περιβαλλον χρηματοδοτηση εκατ ευρω για νεα εργα ρεπορταζ και ειδησεισ για την οικονομια τισ επιχειρησεισ το χρηματιστηριο την πολιτικη mononewsgr,1
Κλιματική κρίση: 600 νέοι προσφεύγουν στη δικαιοσύνη κατά της Σουηδίας – Κατηγορούν τη χώρα για ανεπαρκή μέτρα κατά της κλιματικής αλλαγής https://t.co/jmsEbOrSSA,κλιματικη κριση νεοι προσφευγουν στη δικαιοσυνη κατα τησ σουηδιασ κατηγορουν τη χωρα για ανεπαρκη μετρα κατα τησ κλιματικησ αλλαγησ,1
Κλιματική αλλαγή: Περισσότεροι από 20.000 θάνατοι στη Δυτική Ευρώπη συνδέονται με τους θερινούς καύσωνες https://t.co/YoRDMxFsmK,κλιματικη αλλαγη περισσοτεροι απο θανατοι στη δυτικη ευρωπη συνδεονται με τουσ θερινουσ καυσωνεσ,1
Γερμανία - «Τελευταία γενιά»: Οργή για τη δράση των ακτιβιστών για το κλίμα - https://t.co/uuo1NeZ6QO https://t.co/sfI7fofCle,γερμανια τελευταια γενια οργη για τη δραση των ακτιβιστων για το κλιμα,1
Γερμανία: Κυβέρνηση και αντιπολίτευση καταδικάζουν τη δράση των ακραίων ακτιβιστών για το κλίμα “Τελευταία Γενιά” https://t.co/Wgv7IsRrsg,γερμανια κυβερνηση και αντιπολιτευση καταδικαζουν τη δραση των ακραιων ακτιβιστων για το κλιμα τελευταια γενια,1
Γερμανία: Κυβέρνηση και αντιπολίτευση καταδικάζουν τη δράση των ακτιβιστών για το κλίμα «Τελευταία Γενιά» https://t.co/8GUfj3QYTq,γερμανια κυβερνηση και αντιπολιτευση καταδικαζουν τη δραση των ακτιβιστων για το κλιμα τελευταια γενια,1
"Γερμανία: Κυβέρνηση και αντιπολίτευση καταδικάζουν τη δράση των ακτιβιστών για το κλίμα «Τελευταία Γενιά» - Ρεπορτάζ και ειδήσεις για την Οικονομία, τις Επιχειρήσεις, το Χρηματιστήριο, την Πολιτική #mononewsGR https://t.co/xL8wOBfKkt",γερμανια κυβερνηση και αντιπολιτευση καταδικαζουν τη δραση των ακτιβιστων για το κλιμα τελευταια γενια ρεπορταζ και ειδησεισ για την οικονομια τισ επιχειρησεισ το χρηματιστηριο την πολιτικη mononewsgr,1
RT @MonkeyGreek: #κλιματικη αλλαγη #ClimateScam #climate #nwo #NWOSTATE https://t.co/1pE8AJmG87,rt monkeygreek κλιματικη αλλαγη climatescam climate nwo nwostate,1
Ίδρυμα Μποδοσάκη: 10 μεταρρυθμίσεις στο Σχέδιο Δράσης για το Περιβάλλον και το Κλίμα - https://t.co/s8ee5SCjZa https://t.co/umNB34idM4,ιδρυμα μποδοσακη μεταρρυθμισεισ στο σχεδιο δρασησ για το περιβαλλον και το κλιμα,1
Bloomberg: “Η Γερμανία θα ΦΟΡΟΛΟΓΗΣΕΙ ΥΠΕΡΟΓΚΑ και την πράσινη ενέργεια” https://t.co/FYC0DeBadR,bloomberg η γερμανια θα φορολογησει υπερογκα και την πρασινη ενεργεια,1
Βράβευση της Περιφέρειας Κρήτης για την δράση της στη Κυκλική Οικονομία https://t.co/qtaa97S1Ej,βραβευση τησ περιφερειασ κρητησ για την δραση τησ στη κυκλικη οικονομια,1
"Αν το σχέδιο είναι να μας πιπίλανε το μυαλό κάθε ώρα και στιγμή για την κλιματική κρίση που διαμορφώθηκε ως μια νέα τεραστια αγορά πολλοί θα γίνουν αρνητές. Πάντως 4 εποχές έχουμε κάθε χρόνο αλλά ελευθερία να τις χαρούμε και χρήματα δεν έχουμε, αυτή είναι η μεγάλη αλλαγή. https://t.co/IsDkGPQNVt",αν το σχεδιο ειναι να μασ πιπιλανε το μυαλο καθε ωρα και στιγμη για την κλιματικη κριση που διαμορφωθηκε ωσ μια νεα τεραστια αγορα πολλοι θα γινουν αρνητεσ παντωσ εποχεσ εχουμε καθε χρονο αλλα ελευθερια να τισ χαρουμε και χρηματα δεν εχουμε αυτη ειναι η μεγαλη αλλαγη,1
Δράση δημιουργικής γραφής για την κλιματική αλλαγή σε δύο γλώσσες https://t.co/9ecH739i3B,δραση δημιουργικησ γραφησ για την κλιματικη αλλαγη σε δυο γλωσσεσ,1
Ο Μεγάλος κοραλλιογενής Ύφαλος βρίσκεται σε κίνδυνο https://t.co/nzBiE5CeKJ #ΘΑΛΑΣΣΑ #ΚΟΣΜΟΣ #ΠΕΡΙΒΑΛΛΟΝ https://t.co/94IWgAXPGU,ο μεγαλοσ κοραλλιογενησ υφαλοσ βρισκεται σε κινδυνο θαλασσα κοσμος περιβαλλον,1
"Μετά τον θάνατό του το 2015, η Telegraph χαιρέτισε τον Maurice Strong ως τον άνθρωπο που εφηύρε την κλιματική αλλαγή, «μέχρι σήμερα, η παγκόσμια κλιματική πολιτική εξακολουθεί να διαμορφώνεται από τηνατζέντα του Maurice Strong, ενός Καναδού

https://t.co/Cc8pKnIHvl https://t.co/98HWcbmZ8Q",μετα τον θανατο του το η telegraph χαιρετισε τον maurice strong ωσ τον ανθρωπο που εφηυρε την κλιματικη αλλαγη μεχρι σημερα η παγκοσμια κλιματικη πολιτικη εξακολουθει να διαμορφωνεται απο τηνατζεντα του maurice strong ενοσ καναδου,1
RT @TheOpinion_News: Η κλιματική αλλαγή επηρεάζει τον Θερμαϊκό κόλπο (VIDEO) https://t.co/P0VW4p1sYX #Thessaloniki #skg #TheOpinion,rt theopinion_news η κλιματικη αλλαγη επηρεαζει τον θερμαϊκο κολπο video thessaloniki skg theopinion,1
Η Greta Thunberg δεν σταματά τη δράση της για το κλίμα https://t.co/Cxr2njBWXn,η greta thunberg δεν σταματα τη δραση τησ για το κλιμα,1
[Κλικ και διαβάστε στο ellinikahoaxes]Η σύγχρονη κλιματική  #Αλλαγή δεν οφείλεται στον ήλιο https://t.co/ouCEKTa6bk,κλικ και διαβαστε στο ellinikahoaxesη συγχρονη κλιματικη αλλαγη δεν οφειλεται στον ηλιο,1
"Ισημερινός:δημοψήφισμα για τη δημόσια ασφάλεια, πολιτική, περιβάλλον προκηρύσσει ο πρόεδρος https://t.co/zkCwXY5mnz",ισημερινοσδημοψηφισμα για τη δημοσια ασφαλεια πολιτικη περιβαλλον προκηρυσσει ο προεδροσ,1
Κλιματική αλλαγή: Χώρες που πνίγονται ζητούν δικαιοσύνη από το Δικαστήριο της Χάγης https://t.co/OoExD8eRBD,κλιματικη αλλαγη χωρεσ που πνιγονται ζητουν δικαιοσυνη απο το δικαστηριο τησ χαγησ,1
ΑΠΙΣΤΕΥΤΟ!!! Λένε πως η δήθεν κλιματική αλλαγή επηρεάζει ακόμα και την ποιότητα της μουσικής https://t.co/Jnlh7PCn6P,απιστευτο λενε πωσ η δηθεν κλιματικη αλλαγη επηρεαζει ακομα και την ποιοτητα τησ μουσικησ,1
Πώς η κλιματική αλλαγή επηρεάζει την ποιότητα της μουσικής https://t.co/lZ8G4jNCA3,πωσ η κλιματικη αλλαγη επηρεαζει την ποιοτητα τησ μουσικησ,1
Κλιματική αλλαγή: Συμφωνία στην ΕΕ για χρέωση των εκπομπών της ναυτιλίας https://t.co/AeXnFlBsi7,κλιματικη αλλαγη συμφωνια στην εε για χρεωση των εκπομπων τησ ναυτιλιασ,1
"Η ανανέωση του ευρωπαϊκού στόλου με αυτοκίνητα #Euro6 /VI θα έχει καλύτερα αποτελέσματα για το περιβάλλον από την εφαρμογή των προτύπων #Euro7

https://t.co/7M9A4xfzFh",η ανανεωση του ευρωπαϊκου στολου με αυτοκινητα euro vi θα εχει καλυτερα αποτελεσματα για το περιβαλλον απο την εφαρμογη των προτυπων euro,1
ΦΩΣ: Το περιβάλλον πάνω από τις απευθείας αναθέσεις του κ. Καχριμάνη - https://t.co/lFXVjFW384 https://t.co/ow1B8uTNam,φως το περιβαλλον πανω απο τισ απευθειασ αναθεσεισ του κ καχριμανη,1
Πώς η διατροφή που στηρίζεται σε φυτικά τρόφιμα επηρεάζει το περιβάλλον https://t.co/E9omMvcI4O,πωσ η διατροφη που στηριζεται σε φυτικα τροφιμα επηρεαζει το περιβαλλον,1
Κυκλάδες - Αμοργός: Η κλιματική αλλαγή στο τραπέζι συζήτησης https://t.co/UDfeAatO7B,κυκλαδεσ αμοργοσ η κλιματικη αλλαγη στο τραπεζι συζητησησ,1
WCO: Η κλιματική αλλαγή «χτύπησε» τα εσπεριδοειδή – Αντέχει η Ελλάδα https://t.co/hlaYlX33sz,wco η κλιματικη αλλαγη χτυπησε τα εσπεριδοειδη αντεχει η ελλαδα,1
Κίνδυνος πυρκαγιάς από μπαταρίες στα σκουπίδια https://t.co/lnX1rN3pS2 #ΠΕΡΙΒΑΛΛΟΝ https://t.co/KQw6LebM4d,κινδυνοσ πυρκαγιασ απο μπαταριεσ στα σκουπιδια περιβαλλον,1
Θεοφ. Ροΐδης: Το Λαϊκό «νοσοκομείο αναφοράς» στην προσαρμογή του ΕΣΥ στην κλιματική κρίση https://t.co/v5TOYjopVs,θεοφ ροΐδησ το λαϊκο νοσοκομειο αναφορασ στην προσαρμογη του εσυ στην κλιματικη κριση,1
Θεοφ. Ροΐδης: Το Λαϊκό «νοσοκομείο αναφοράς» στην προσαρμογή του ΕΣΥ στην κλιματική κρίση https://t.co/onOk2YpH35,θεοφ ροΐδησ το λαϊκο νοσοκομειο αναφορασ στην προσαρμογη του εσυ στην κλιματικη κριση,1
"Θεοφ. Ροΐδης στο ΑΠΕ-ΜΠΕ: 
«Το Λαϊκό, ""νοσοκομείο αναφοράς"" στην προσαρμογή του #ΕΣΥ στην κλιματική κρίση»

https://t.co/4vGy4sGBiZ",θεοφ ροΐδησ στο απεμπε το λαϊκο νοσοκομειο αναφορασ στην προσαρμογη του εσυ στην κλιματικη κριση,1
"@Chickennuggt98_ @PETE_MITCHELL22 @strawdaiq Οπως καταλαβαινουμε λοιπον δεν εφευγε γιατι δεν ειχε στηριξη,γιατι το οικογενειακο της περιβαλλον ηταν εξισου κακοποιητικο,γιατι ειχε μεγαλωσει σε μια οικογενεια που της εμαθαν οτι ο αντρας ειναι ο αφεντης και ειναι αναγκασμενη να τον υπηρετει χωρις να αντιδρα 3/3",chickennuggt_ pete_mitchell strawdaiq οπωσ καταλαβαινουμε λοιπον δεν εφευγε γιατι δεν ειχε στηριξηγιατι το οικογενειακο τησ περιβαλλον ηταν εξισου κακοποιητικογιατι ειχε μεγαλωσει σε μια οικογενεια που τησ εμαθαν οτι ο αντρασ ειναι ο αφεντησ και ειναι αναγκασμενη να τον υπηρετει χωρισ να αντιδρα,1
Η ανανέωση του ευρωπαϊκού στόλου με αυτοκίνητα Euro 6/VI θα έχει καλύτερα αποτελέσματα για το περιβάλλον - https://t.co/56jCgDSPiR https://t.co/NLrfIpu59x,η ανανεωση του ευρωπαϊκου στολου με αυτοκινητα euro vi θα εχει καλυτερα αποτελεσματα για το περιβαλλον,1
Το Λαϊκό «νοσοκομείο αναφοράς» στην προσαρμογή του ΕΣΥ στην κλιματική κρίση https://t.co/wB9tgKqMwS #klimatikiallagi #klimatikikrisi #laikonosokomeio,το λαϊκο νοσοκομειο αναφορασ στην προσαρμογη του εσυ στην κλιματικη κριση klimatikiallagi klimatikikrisi laikonosokomeio,1
Η πρώτη έκθεση αυτοκινήτου σε περιβάλλον metaverse είναι της FIAT https://t.co/KO6El61GSw,η πρωτη εκθεση αυτοκινητου σε περιβαλλον metaverse ειναι τησ fiat,1
"Διεθνής Οργανισμός Ενέργειας: Η #ενεργειακή_κρίση δίνει πρωτοφανή ώθηση στις ανανεώσιμες πηγές

https://t.co/DWBaz896o1 https://t.co/ddLfH73zub",διεθνησ οργανισμοσ ενεργειασ η ενεργειακη_κριση δινει πρωτοφανη ωθηση στισ ανανεωσιμεσ πηγεσ,1
"Capital (Βαγγέλης Μαρινάκης): Επενδύσεις ύψους 5,5 δισ. δολ. την τελευταία διετία στην πράσινη ναυτιλία - Ρεπορτάζ και ειδήσεις για την Οικονομία, τις Επιχειρήσεις, το Χρηματιστήριο, την Πολιτική #mononewsGR https://t.co/1pgsdHWX8Z",capital βαγγελησ μαρινακησ επενδυσεισ υψουσ δισ δολ την τελευταια διετια στην πρασινη ναυτιλια ρεπορταζ και ειδησεισ για την οικονομια τισ επιχειρησεισ το χρηματιστηριο την πολιτικη mononewsgr,1
Κοινωνική έρευνα για το περιβάλλον 13χρονης στον Βόλο https://t.co/VhBYZsvqBU,κοινωνικη ερευνα για το περιβαλλον χρονησ στον βολο,1
Θεοδωρίδης: Πετάμε πάνω από 460 μερίδες φαγητού ετησίως – Η εφαρμογή που θα «σώσει» τα νοικοκυριά https://t.co/zgsppVSd2W #ΑΡΘΡΑ #ΠΕΡΙΒΑΛΛΟΝ #ΣΠΑΤΑΛΗΤΡΟΦΙΜΩΝ By https://t.co/p9zfHynwcm https://t.co/mVU9VIXujN,θεοδωριδησ πεταμε πανω απο μεριδεσ φαγητου ετησιωσ η εφαρμογη που θα σωσει τα νοικοκυρια αρθρα περιβαλλον σπαταλητροφιμων by,1
Βρετανική έρευνα: Λίγες εταιρίες που παίρνουν μέτρα για το περιβάλλον - https://t.co/1jp6OSuaTg https://t.co/sG2Kv42gKN,βρετανικη ερευνα λιγεσ εταιριεσ που παιρνουν μετρα για το περιβαλλον,1
Η αγνοούμενη θαλάσσια αγελάδα που θα μπορούσε να είχε σώσει τα δάση των φυκιών https://t.co/VrNmQHR77N #ΑΡΘΡΑ #ΘΑΛΑΣΣΙΑΑΓΕΛΑΔΑ #ΟΙΚΟΣΥΣΤΗΜΑ #ΠΕΡΙΒΑΛΛΟΝ By https://t.co/p9zfHynwcm,η αγνοουμενη θαλασσια αγελαδα που θα μπορουσε να ειχε σωσει τα δαση των φυκιων αρθρα θαλασσιααγελαδα οικοσυστημα περιβαλλον by,1
Δραματική προειδοποίηση Solomon (Goldman Sachs): Μειώστε το ρίσκο - Το περιβάλλον είναι ανησυχητικό https://t.co/MK0vcn5Fjb,δραματικη προειδοποιηση solomon goldman sachs μειωστε το ρισκο το περιβαλλον ειναι ανησυχητικο,1
"Ο στόχος για βιώσιμη #αλιεία σε Μεσόγειο και Μαύρη Θάλασσα απέχει ακόμη πολύ από την επίτευξή του, σύμφωνα με τον #ΟΗΕ

https://t.co/dF57TNGJK7",ο στοχοσ για βιωσιμη αλιεια σε μεσογειο και μαυρη θαλασσα απεχει ακομη πολυ απο την επιτευξη του συμφωνα με τον οηε,1
Πέταξαν μπογιές στη Σκάλα του Μιλάνου για την κλιματική αλλαγή (video) https://t.co/xTKQ7suSEE,πεταξαν μπογιεσ στη σκαλα του μιλανου για την κλιματικη αλλαγη video,1
"Μείωση υπεραλιείας σε Μεσόγειο και Μαύρη Θάλασσα, αλλά απέχει ακόμα ο βιώσιμος στόχος https://t.co/fS5vuzudbV",μειωση υπεραλιειασ σε μεσογειο και μαυρη θαλασσα αλλα απεχει ακομα ο βιωσιμοσ στοχοσ,1
Παρουσιάζεται στην Πάτρα το Περιφερειακό Σχέδιο Προσαρμογής στην Κλιματική Αλλαγή - Πελοποννησιακό Πρακτορείο Ειδήσεων https://t.co/jvO2s2Ytli,παρουσιαζεται στην πατρα το περιφερειακο σχεδιο προσαρμογησ στην κλιματικη αλλαγη πελοποννησιακο πρακτορειο ειδησεων,1
"Βαγγέλης Μαρινάκης (Capital): Επενδύσεις ύψους 5,5 δισ. δολ. την τελευταία διετία στην πράσινη ναυτιλία - mononewsTV - Ρεπορτάζ και ειδήσεις για την Οικονομία, τις Επιχειρήσεις, το Χρηματιστήριο, την Πολιτική #mononewsGR https://t.co/AY6aqppkTy",βαγγελησ μαρινακησ capital επενδυσεισ υψουσ δισ δολ την τελευταια διετια στην πρασινη ναυτιλια mononewstv ρεπορταζ και ειδησεισ για την οικονομια τισ επιχειρησεισ το χρηματιστηριο την πολιτικη mononewsgr,1
"Autohellas: Πράσινη μετάβαση με τη συγχρηματοδότηση της Εθνικής Τράπεζας και του Ταμείου Ανάκαμψης και Ανθεκτικότητας - Ρεπορτάζ και ειδήσεις για την Οικονομία, τις Επιχειρήσεις, το Χρηματιστήριο, την Πολιτική #mononewsGR https://t.co/C3MuXZ62tC",autohellas πρασινη μεταβαση με τη συγχρηματοδοτηση τησ εθνικησ τραπεζασ και του ταμειου ανακαμψησ και ανθεκτικοτητασ ρεπορταζ και ειδησεισ για την οικονομια τισ επιχειρησεισ το χρηματιστηριο την πολιτικη mononewsgr,1
Ιταλία: Πέταξαν μπογιές στη Σκάλα του Μιλάνου για την κλιματική αλλαγή https://t.co/55yL4cGd2f https://t.co/fwODwc3395,ιταλια πεταξαν μπογιεσ στη σκαλα του μιλανου για την κλιματικη αλλαγη,1
Σαρώνει την Ινδία η κλιματική αλλαγή: 907 νεκροί από κεραυνούς σε 11 μήνες https://t.co/4PdNGX3ufE,σαρωνει την ινδια η κλιματικη αλλαγη νεκροι απο κεραυνουσ σε μηνεσ,1
RT @lcvingannette: η βασιλική είναι έτοιμη να χαλάσει την ευτυχία της προκειμένου να είναι ασφαλής ο νικηφόρος. η ρωρω από την άλλη επιμένε…,rt lcvingannette η βασιλικη ειναι ετοιμη να χαλασει την ευτυχια τησ προκειμενου να ειναι ασφαλησ ο νικηφοροσ η ρωρω απο την αλλη επιμενε,1
￼O Σύλλογος Προστασίας της Ρεματιάς εκπέμπει SOS για την αύξηση των συντελεστών δόμησης  https://t.co/Qzt3L91FVS,o συλλογοσ προστασιασ τησ ρεματιασ εκπεμπει sos για την αυξηση των συντελεστων δομησησ,1
"Σκρέκας στο Capital Link στις ΗΠΑ: «Πρωτοπόρα η Ελλάδα στην ενεργειακή ασφάλεια και την πράσινη μετάβαση» - Ρεπορτάζ και ειδήσεις για την Οικονομία, τις Επιχειρήσεις, το Χρηματιστήριο, την Πολιτική #mononewsGR https://t.co/4ZWS8tZuYd",σκρεκασ στο capital link στισ ηπα πρωτοπορα η ελλαδα στην ενεργειακη ασφαλεια και την πρασινη μεταβαση ρεπορταζ και ειδησεισ για την οικονομια τισ επιχειρησεισ το χρηματιστηριο την πολιτικη mononewsgr,1
"Τις επόμενες ώρες θα ενταθούν οι σεισμικές δονήσεις σε όλο τον κόσμο, και θα υπάρχουν πολλά blackout; Για να δούμε θα τα ρίξουν στην ενεργειακή-κλιματική κρίση ή θα πουν την αλήθεια ότι είναι ένα δώρο από το εσωτερικό του Ηλίου για όλη την ανθρωπότητα; https://t.co/BHstbwn1t4",τισ επομενεσ ωρεσ θα ενταθουν οι σεισμικεσ δονησεισ σε ολο τον κοσμο και θα υπαρχουν πολλα blackout για να δουμε θα τα ριξουν στην ενεργειακηκλιματικη κριση η θα πουν την αληθεια οτι ειναι ενα δωρο απο το εσωτερικο του ηλιου για ολη την ανθρωποτητα,1
Η Μεσαιωνική Πόλη της Ρόδου ανάμεσα στα μνημεία που απειλούνται από την κλιματική αλλαγή – Μελέτη της #Δημοκρατική #Ρόδος #Δωδεκάνησα https://t.co/jKmfcGbqOT,η μεσαιωνικη πολη τησ ροδου αναμεσα στα μνημεια που απειλουνται απο την κλιματικη αλλαγη μελετη τησ δημοκρατικη ροδοσ δωδεκανησα,1
"RT @thistimefromme: Τις επόμενες ώρες θα ενταθούν οι σεισμικές δονήσεις σε όλο τον κόσμο, και θα υπάρχουν πολλά blackout; Για να δούμε θα τ…",rt thistimefromme τισ επομενεσ ωρεσ θα ενταθουν οι σεισμικεσ δονησεισ σε ολο τον κοσμο και θα υπαρχουν πολλα blackout για να δουμε θα τ,1
Πνευματική ΣΥΓΧΥΣΗ και ΧΑΟΣ δια χειρός Χαράρι! Εμπλέκει τον Χριστό με την…κλιματική αλλαγή – vid https://t.co/UvPAtKmQlK,πνευματικη συγχυση και χαος δια χειροσ χαραρι εμπλεκει τον χριστο με τηνκλιματικη αλλαγη vid,1
"Ο καθηγητής Ποινικού Δικαίου κος Κωνσταντίνος Βαθιώτης παρουσιάζει θεματικές ενότητες από το βιβλίο του ‘’Από την Πανδημία στην Κλιματική αλλαγή – συντονισμένα τρόμο-κράτη σε φόντο παγκόσμιας διακυβέρνησης’’:
https://t.co/t05zIpzuEw",ο καθηγητησ ποινικου δικαιου κοσ κωνσταντινοσ βαθιωτησ παρουσιαζει θεματικεσ ενοτητεσ απο το βιβλιο του απο την πανδημια στην κλιματικη αλλαγη συντονισμενα τρομοκρατη σε φοντο παγκοσμιασ διακυβερνησησ,1
"ΑΠΟΚΛΕΙΣΤΙΚΌ: Κοινωνικού χαρακτήρα η φωτογραφία με την Εύα Καϊλή, τονίζει στο Mononews το περιβάλλον του Ευρωπαίου Επιτρόπου #Καιλη - Ρεπορτάζ και ειδήσεις για την Οικονομία, τις Επιχειρήσεις, το Χρηματιστήριο, την Πολιτική #mononewsGR https://t.co/mkugNZ08XT",αποκλειστικο κοινωνικου χαρακτηρα η φωτογραφια με την ευα καϊλη τονιζει στο mononews το περιβαλλον του ευρωπαιου επιτροπου καιλη ρεπορταζ και ειδησεισ για την οικονομια τισ επιχειρησεισ το χρηματιστηριο την πολιτικη mononewsgr,1
"Energean: 40ή Σύσκεψη για την Υγεία, την Ασφάλεια και το Περιβάλλον στη βιομηχανία πετρελαίου και αερίου - Ρεπορτάζ και ειδήσεις για την Οικονομία, τις Επιχειρήσεις, το Χρηματιστήριο, την Πολιτική #mononewsGR https://t.co/i9Qs1iZaSX",energean η συσκεψη για την υγεια την ασφαλεια και το περιβαλλον στη βιομηχανια πετρελαιου και αεριου ρεπορταζ και ειδησεισ για την οικονομια τισ επιχειρησεισ το χρηματιστηριο την πολιτικη mononewsgr,1
"Energean: 40ή Σύσκεψη για την Υγεία, την Ασφάλεια και το Περιβάλλον στη βιομηχανία πετρελαίου και αερίου - Ρεπορτάζ και ειδήσεις για την Οικονομία, τις Επιχειρήσεις, το Χρηματιστήριο, την Πολιτική #mononewsGR https://t.co/XkAqeG9vnM",energean η συσκεψη για την υγεια την ασφαλεια και το περιβαλλον στη βιομηχανια πετρελαιου και αεριου ρεπορταζ και ειδησεισ για την οικονομια τισ επιχειρησεισ το χρηματιστηριο την πολιτικη mononewsgr,1
Η Αθηνά Πρόγιου ομιλήτρια στην ημερίδα «Κλιματική Αλλαγή: Δράση για προσαρμογή και μετριασμό» https://t.co/F464zkT0Zx #FEATURED #ΕΠΙΚΑΙΡΟΤΗΤΑ #ΑΘΗΝΑΠΡΟΓΙΟΥ By https://t.co/p9zfHynwcm,η αθηνα προγιου ομιλητρια στην ημεριδα κλιματικη αλλαγη δραση για προσαρμογη και μετριασμο featured επικαιροτητα αθηναπρογιου by,1
"EDP: Η πιο βιώσιμη εταιρεία ηλεκτρικής ενέργειας σύμφωνα με το δείκτη Dow Jones Sustainability Index - Ρεπορτάζ και ειδήσεις για την Οικονομία, τις Επιχειρήσεις, το Χρηματιστήριο, την Πολιτική #mononewsGR https://t.co/HeG9j801Vl",edp η πιο βιωσιμη εταιρεια ηλεκτρικησ ενεργειασ συμφωνα με το δεικτη dow jones sustainability index ρεπορταζ και ειδησεισ για την οικονομια τισ επιχειρησεισ το χρηματιστηριο την πολιτικη mononewsgr,1
"Με επιτυχία η 40ή Σύσκεψη για την Υγεία, την Ασφάλεια και το Περιβάλλον στη βιομηχανία πετρελαίου και αερίου https://t.co/4RU9jRNxGP",με επιτυχια η η συσκεψη για την υγεια την ασφαλεια και το περιβαλλον στη βιομηχανια πετρελαιου και αεριου,1
Η κλιματική αλλαγή απειλεί να εξαφανίσει τις πυραμίδες της Γκίζας και την Αλεξάνδρεια https://t.co/J3X4b5ax5i,η κλιματικη αλλαγη απειλει να εξαφανισει τισ πυραμιδεσ τησ γκιζασ και την αλεξανδρεια,1
Εσπερίδα για την Προσαρμογή στην Κλιματική Αλλαγή της Περιφέρειας Θεσσαλίας - LarissaPress https://t.co/lJWQoXAVxa,εσπεριδα για την προσαρμογη στην κλιματικη αλλαγη τησ περιφερειασ θεσσαλιασ larissapress,1
"RT @ena_kathiki: 21χρονος φοιτητής, υγιέστατος και αθλητής, πέθανε στον ύπνο του χθες στο Ίλιον.
Μάλλον από κλιματική αλλαγή. 
#ξαφνικίτιδα",rt ena_kathiki χρονοσ φοιτητησ υγιεστατοσ και αθλητησ πεθανε στον υπνο του χθεσ στο ιλιον μαλλον απο κλιματικη αλλαγη ξαφνικιτιδα,1
"Το ΝΟΥΝΟΥ υλοποιεί δράσεις για ένα πιο βιώσιμο μέλλον! - Ρεπορτάζ και ειδήσεις για την Οικονομία, τις Επιχειρήσεις, το Χρηματιστήριο, την Πολιτική #mononewsGR https://t.co/CF42bwSTld",το νουνου υλοποιει δρασεισ για ενα πιο βιωσιμο μελλον ρεπορταζ και ειδησεισ για την οικονομια τισ επιχειρησεισ το χρηματιστηριο την πολιτικη mononewsgr,1
Καθαρή ενέργεια και κλιματική αλλαγή: Η ιστορική ανακάλυψη των Αμερικανών που υπόσχεται να αλλάξει τα δεδομένα https://t.co/ex9t2en92L,καθαρη ενεργεια και κλιματικη αλλαγη η ιστορικη ανακαλυψη των αμερικανων που υποσχεται να αλλαξει τα δεδομενα,1
"🗣️ ""Προερχόμαστε από ένα περιβάλλον όπου η συμπεριφορά και το ντύσιμο ήταν πολύ συντηρητικά. Θέλαμε να το αλλάξουμε αυτό και νιώθαμε ασφυκτικά με τόση επιβεβλημένη τάξη"".

⭕ Η Έμυ Ντούρου μιλά με τον Μικ Μποξ, ιδρυτικό μέλος των Βρετανών θρύλων https://t.co/crDVX4P8g0",προερχομαστε απο ενα περιβαλλον οπου η συμπεριφορα και το ντυσιμο ηταν πολυ συντηρητικα θελαμε να το αλλαξουμε αυτο και νιωθαμε ασφυκτικα με τοση επιβεβλημενη ταξη η εμυ ντουρου μιλα με τον μικ μποξ ιδρυτικο μελοσ των βρετανων θρυλων,1
Η κλιματική αλλαγή θα επιτείνει τις ανθρωπιστικές κρίσεις https://t.co/M6I22MJlIf,η κλιματικη αλλαγη θα επιτεινει τισ ανθρωπιστικεσ κρισεισ,1
"📢 Η κλιματική αλλαγή θα επιτείνει τις ανθρωπιστικές κρίσεις το 2023
#2023 #ΑΝΘΡΩΠΙΣΤΙΚΕΣΚΡΊΣΕΙΣ #ΚΛΙΜΑΤΙΚΗΑΛΛΑΓΗ

https://t.co/1Cjvq5sslz",η κλιματικη αλλαγη θα επιτεινει τισ ανθρωπιστικεσ κρισεισ το ανθρωπιστικεσκρισεις κλιματικηαλλαγη,1
Η κλιματική αλλαγή θα αυξήσει τις ανθρωπιστικές κρίσεις το 2023 https://t.co/MT0kalnszK,η κλιματικη αλλαγη θα αυξησει τισ ανθρωπιστικεσ κρισεισ το,1
"Η κλιματική αλλαγή θα επιτείνει τις ανθρωπιστικές κρίσεις το 2023 - Ρεπορτάζ και ειδήσεις για την Οικονομία, τις Επιχειρήσεις, το Χρηματιστήριο, την Πολιτική #mononewsGR https://t.co/EXT22GZ4by",η κλιματικη αλλαγη θα επιτεινει τισ ανθρωπιστικεσ κρισεισ το ρεπορταζ και ειδησεισ για την οικονομια τισ επιχειρησεισ το χρηματιστηριο την πολιτικη mononewsgr,1
"Η κλιματική αλλαγή θα επιτείνει τις ανθρωπιστικές κρίσεις το 2023 - Ρεπορτάζ και ειδήσεις για την Οικονομία, τις Επιχειρήσεις, το Χρηματιστήριο, την Πολιτική #mononewsGR https://t.co/aAUfJSP5F4",η κλιματικη αλλαγη θα επιτεινει τισ ανθρωπιστικεσ κρισεισ το ρεπορταζ και ειδησεισ για την οικονομια τισ επιχειρησεισ το χρηματιστηριο την πολιτικη mononewsgr,1
"Η κλιματική αλλαγή θα επιτείνει τις ανθρωπιστικές κρίσεις το 2023,
https://t.co/X4ZD5u55Vl,",η κλιματικη αλλαγη θα επιτεινει τισ ανθρωπιστικεσ κρισεισ το,1
Η κλιματική αλλαγή θα επιτείνει τις ανθρωπιστικές κρίσεις το 2023 https://t.co/PcKdLsRVv1,η κλιματικη αλλαγη θα επιτεινει τισ ανθρωπιστικεσ κρισεισ το,1
"Η #κλιματική_αλλαγή θα επιτείνει τις ανθρωπιστικές κρίσεις το 2023

https://t.co/BJdQ0AR4O5",η κλιματικη_αλλαγη θα επιτεινει τισ ανθρωπιστικεσ κρισεισ το,1
Η κλιματική αλλαγή θα επιτείνει τις ανθρωπιστικές κρίσεις το 2023 https://t.co/d915LTs6p0,η κλιματικη αλλαγη θα επιτεινει τισ ανθρωπιστικεσ κρισεισ το,1
Προστατεύονται όλοι οι υγρότοποι – Ανοίγει ο δρόμος για να σωθούν κι οι Μαρίκες Ραφήνας από αντλιοστάσιο ΕΥΔΑΠ https://t.co/VwT3ozFs1h #ΑΡΘΡΑ #ΘΕΣΣΑΛΟΝΙΚΗ #ΠΕΡΙΒΑΛΛΟΝ #ΡΑΦΗΝΑ By https://t.co/p9zfHynwcm,προστατευονται ολοι οι υγροτοποι ανοιγει ο δρομοσ για να σωθουν κι οι μαρικεσ ραφηνασ απο αντλιοστασιο ευδαπ αρθρα θεσσαλονικη περιβαλλον ραφηνα by,1
Συνέδριο ΣΕΤΕ: Τουρισμός και μετάβαση στη βιώσιμη ανάπτυξη #Δημοκρατική #Ρόδος #Δωδεκάνησα https://t.co/TtNKDkAdTC,συνεδριο σετε τουρισμοσ και μεταβαση στη βιωσιμη αναπτυξη δημοκρατικη ροδοσ δωδεκανησα,1
"Καραγιάννης: Άμεσα συνδεδεμένες με τη βιώσιμη ανάπτυξη οι νέες υποδομές - Ρεπορτάζ και ειδήσεις για την Οικονομία, τις Επιχειρήσεις, το Χρηματιστήριο, την Πολιτική #mononewsGR https://t.co/duxZL9QxgZ",καραγιαννησ αμεσα συνδεδεμενεσ με τη βιωσιμη αναπτυξη οι νεεσ υποδομεσ ρεπορταζ και ειδησεισ για την οικονομια τισ επιχειρησεισ το χρηματιστηριο την πολιτικη mononewsgr,1
"Ανησυχούν Λέκκας – Τσελέντης για το ρήγμα στις Αλκυονίδες: «Αν γίνει σεισμός θα είναι 6 με 6,5 Ρίχτερ» https://t.co/srEhQeQs5o",ανησυχουν λεκκασ τσελεντησ για το ρηγμα στισ αλκυονιδεσ αν γινει σεισμοσ θα ειναι με ριχτερ,1
Κώστας Σκρέκας / Τα 14 ψέματα και οι μισές αλήθειες για ενέργεια και περιβάλλον https://t.co/HnP0jCx4JU,κωστασ σκρεκασ τα ψεματα και οι μισεσ αληθειεσ για ενεργεια και περιβαλλον,1
Από ανανεώσιμες πηγές το 39% της ζήτησης ηλεκτρικής ενέργειας το 2022 https://t.co/HuhcKdudGi,απο ανανεωσιμεσ πηγεσ το τησ ζητησησ ηλεκτρικησ ενεργειασ το,1
Από ανανεώσιμες πηγές το 39% της ζήτησης ηλεκτρικής ενέργειας το 2022 https://t.co/ZbafaM9HJ4,απο ανανεωσιμεσ πηγεσ το τησ ζητησησ ηλεκτρικησ ενεργειασ το,1
"Από ανανεώσιμες πηγές το 39% της ζήτησης ηλεκτρικής ενέργειας το 2022 - Ρεπορτάζ και ειδήσεις για την Οικονομία, τις Επιχειρήσεις, το Χρηματιστήριο, την Πολιτική #mononewsGR https://t.co/pRthFqPcGt",απο ανανεωσιμεσ πηγεσ το τησ ζητησησ ηλεκτρικησ ενεργειασ το ρεπορταζ και ειδησεισ για την οικονομια τισ επιχειρησεισ το χρηματιστηριο την πολιτικη mononewsgr,1
"Από ανανεώσιμες πηγές το 39% της ζήτησης ηλεκτρικής ενέργειας το 2022

https://t.co/g0le8O6HMA",απο ανανεωσιμεσ πηγεσ το τησ ζητησησ ηλεκτρικησ ενεργειασ το,1
"Αλεξάνδρα Σδούκου: Η πράσινη μετάβαση σε εκδήλωση της WIMA στο Βιοτεχνικό Επιμελητήριο Πειραιά - Ρεπορτάζ και ειδήσεις για την Οικονομία, τις Επιχειρήσεις, το Χρηματιστήριο, την Πολιτική #mononewsGR https://t.co/n7qQK0YMW8",αλεξανδρα σδουκου η πρασινη μεταβαση σε εκδηλωση τησ wima στο βιοτεχνικο επιμελητηριο πειραια ρεπορταζ και ειδησεισ για την οικονομια τισ επιχειρησεισ το χρηματιστηριο την πολιτικη mononewsgr,1
Από ανανεώσιμες πηγές το 39% της ζήτησης ηλεκτρικής ενέργειας το 2022 https://t.co/V9mJ0241FJ,απο ανανεωσιμεσ πηγεσ το τησ ζητησησ ηλεκτρικησ ενεργειασ το,1
"Η σχέση των θαλάσσιων καυσώνων με την κλιματική αλλαγή, στο επίκεντρο νέας έρευνας του @ICS_FORTH

https://t.co/2UTZkOSJye 

#ClimateCrisis #climatechange",η σχεση των θαλασσιων καυσωνων με την κλιματικη αλλαγη στο επικεντρο νεασ ερευνασ του ics_forth climatecrisis climatechange,1
ΙΤΕ: Έρευνα για τη σχέση των θαλάσσιων καυσώνων με την κλιματική αλλαγή - https://t.co/iuDXh5CLLq https://t.co/vsI4erdy0Q,ιτε ερευνα για τη σχεση των θαλασσιων καυσωνων με την κλιματικη αλλαγη,1
"Η σχέση των θαλάσσιων καυσώνων με την κλιματική αλλαγή, στο επίκεντρο νέας έρευνας του ΙΤΕ https://t.co/4rk9HEXj55 #ereyna #thalassa #thermokrasia #kaysonas",η σχεση των θαλασσιων καυσωνων με την κλιματικη αλλαγη στο επικεντρο νεασ ερευνασ του ιτε ereyna thalassa thermokrasia kaysonas,1
Υγεία και περιβάλλον: Η μείωση των εκπομπών φθοριούχων αερίων και οι συνέπειες στην υγεία https://t.co/CyNkWDIt9S,υγεια και περιβαλλον η μειωση των εκπομπων φθοριουχων αεριων και οι συνεπειεσ στην υγεια,1
Κλιματική Αλλαγή: Νέα συμφωνία μεταξύ των κρατών-μελών της Ε.Ε https://t.co/h6l3A3fHks,κλιματικη αλλαγη νεα συμφωνια μεταξυ των κρατωνμελων τησ εε,1
Δένδιας: «Το περιβάλλον είναι η τεράστια πρόκληση» - https://t.co/PrYU35R8dz https://t.co/u7klPOpWHV,δενδιασ το περιβαλλον ειναι η τεραστια προκληση,1
"Δένδιας: «Το περιβάλλον είναι η τεράστια πρόκληση που αντιμετωπίζει η ανθρωπότητα στον 21ο αιώνα» - Ρεπορτάζ και ειδήσεις για την Οικονομία, τις Επιχειρήσεις, το Χρηματιστήριο, την Πολιτική #mononewsGR https://t.co/e06jCSl3rY",δενδιασ το περιβαλλον ειναι η τεραστια προκληση που αντιμετωπιζει η ανθρωποτητα στον ο αιωνα ρεπορταζ και ειδησεισ για την οικονομια τισ επιχειρησεισ το χρηματιστηριο την πολιτικη mononewsgr,1
ΙΤΕ: Νέα έρευνα για τη σχέση των θαλάσσιων καυσώνων με την κλιματική αλλαγή https://t.co/4ExKLpTtYK,ιτε νεα ερευνα για τη σχεση των θαλασσιων καυσωνων με την κλιματικη αλλαγη,1
".@NikosDendias: Το περιβάλλον είναι η τεράστια πρόκληση που αντιμετωπίζει η ανθρωπότητα στον 21ο αιώνα

https://t.co/9wxJThRDrO",nikosdendias το περιβαλλον ειναι η τεραστια προκληση που αντιμετωπιζει η ανθρωποτητα στον ο αιωνα,1
H JapanTobaccoInc. στις Λίστες «Α» του CDP»για την Κλιματική Αλλαγή για 4 η συνεχή χρονιά https://t.co/scAy6MrT2l,h japantobaccoinc στισ λιστεσ α του cdpγια την κλιματικη αλλαγη για η συνεχη χρονια,1
"Δενδροφύτευση στην Πεντέλη – Δένδιας: «Το περιβάλλον, η τεράστια πρόκληση για την ανθρωπότητα του 21ου αιώνα» ... https://t.co/y7OT81zfw9",δενδροφυτευση στην πεντελη δενδιασ το περιβαλλον η τεραστια προκληση για την ανθρωποτητα του ου αιωνα,1
"Η σχέση των θαλάσσιων καυσώνων με την κλιματική αλλαγή, στο επίκεντρο νέας έρευνας του Ιδρύματος Τεχνολογίας Έρευνας https://t.co/FWDtnDNvYI #ΕΛΛΑΔΑ #ΕΡΕΥΝΕΣ #ΚΛΙΜΑ #ΠΕΡΙΒΑΛΛΟΝ https://t.co/tGXImK7X34",η σχεση των θαλασσιων καυσωνων με την κλιματικη αλλαγη στο επικεντρο νεασ ερευνασ του ιδρυματοσ τεχνολογιασ ερευνασ ελλαδα ερευνες κλιμα περιβαλλον,1
Διατηρεί η ΕΕ τον στόχο για τις ανανεώσιμες πηγές ενέργειας στο 40% https://t.co/xGVt99FAA3,διατηρει η εε τον στοχο για τισ ανανεωσιμεσ πηγεσ ενεργειασ στο,1
RT @Moneypressgr: Στο 40% διατηρεί η ΕΕ τον στόχο για τις ανανεώσιμες πηγές ενέργειας  #moneypress https://t.co/QHz0DGFGMa https://t.co/Alu…,rt moneypressgr στο διατηρει η εε τον στοχο για τισ ανανεωσιμεσ πηγεσ ενεργειασ moneypress,1
Στο 40% διατηρεί η ΕΕ τον στόχο για τις ανανεώσιμες πηγές ενέργειας  #moneypress https://t.co/QHz0DGFGMa https://t.co/Alu23Vw8zn,στο διατηρει η εε τον στοχο για τισ ανανεωσιμεσ πηγεσ ενεργειασ moneypress,1
Ανανεώσιμες πηγές ενέργειας: Οι 27 διατηρούν αμετάβλητο τον στόχο ενόψει 2030 https://t.co/JjOKu5Wfwn,ανανεωσιμεσ πηγεσ ενεργειασ οι διατηρουν αμεταβλητο τον στοχο ενοψει,1
Στο 40% διατηρεί η Ε.Ε. τον στόχο για τις ανανεώσιμες πηγές ενέργειας https://t.co/Ofj4vRxIoY,στο διατηρει η εε τον στοχο για τισ ανανεωσιμεσ πηγεσ ενεργειασ,1
"Στο 40% διατηρεί η ΕΕ τον στόχο για τις #ανανεώσιμες πηγές ενέργειας

https://t.co/5Z9iNqpoWw

#energycrisis #energyefficiency #ενέργεια #φυσικό_αέριο #renewables",στο διατηρει η εε τον στοχο για τισ ανανεωσιμεσ πηγεσ ενεργειασ energycrisis energyefficiency ενεργεια φυσικο_αεριο renewables,1
Επιστημονική ΥΠΕΡΒΟΜΒΑ: «Οι ‘ΠΡΑΣΙΝΕΣ’ πηγές ενέργειας προκαλούν ΖΗΜΙΑ στο περιβάλλον»!!! https://t.co/1hRwIF3kKd,επιστημονικη υπερβομβα οι πρασινες πηγεσ ενεργειασ προκαλουν ζημια στο περιβαλλον,1
"Κλιματική κρίση: Με ένα λιλιπούτειο αεροσκάφος και μία φωτογραφική μηχανή, ο Γκάρετ ... - https://t.co/2JLGBmjix1 #GoogleAlerts",κλιματικη κριση με ενα λιλιπουτειο αεροσκαφοσ και μια φωτογραφικη μηχανη ο γκαρετ googlealerts,1
"ΤΕΝ: Έχουμε ευθύνη να βοηθήσουμε την παγκόσμια κοινότητα της ναυτιλίας να μεταβεί σε ένα πιο βιώσιμο μέλλον - Ρεπορτάζ και ειδήσεις για την Οικονομία, τις Επιχειρήσεις, το Χρηματιστήριο, την Πολιτική #mononewsGR https://t.co/eKrXYTpR4v",τεν εχουμε ευθυνη να βοηθησουμε την παγκοσμια κοινοτητα τησ ναυτιλιασ να μεταβει σε ενα πιο βιωσιμο μελλον ρεπορταζ και ειδησεισ για την οικονομια τισ επιχειρησεισ το χρηματιστηριο την πολιτικη mononewsgr,1
"Έγκριση του Περιφερειακού Σχεδίου για την Κλιματική Αλλαγή της Δυτικής Ελλάδας, από το Περιφερειακό Συμβούλιο - Πελοποννησιακό Πρακτορείο Ειδήσεων https://t.co/hRyTQWdea2",εγκριση του περιφερειακου σχεδιου για την κλιματικη αλλαγη τησ δυτικησ ελλαδασ απο το περιφερειακο συμβουλιο πελοποννησιακο πρακτορειο ειδησεων,1
ΕΙΝΑΙ Η ΚΛΙΜΑΤΙΚΗ ΑΛΛΑΓΗ ΗΛΙΘΙΕ ΔΕΝ ΤΟ ΒΛΕΠΕΙΣ? ΕΧΟΥΜΕ ΥΠΕΡΘΕΡΜΑΝΣΗ ΣΤΟΝ ΠΛΑΝΗΤΗ.... https://t.co/VCRrT01ivH,ειναι η κλιματικη αλλαγη ηλιθιε δεν το βλεπεις εχουμε υπερθερμανση στον πλανητη,1
"Συνεχίζει την υποκρισία για την κλιματική κρίση η Γερμανία - Στα ύψη η χρήση άνθρακα, αυξάνει και τις εισαγωγές του https://t.co/5AlVpJ8uTT",συνεχιζει την υποκρισια για την κλιματικη κριση η γερμανια στα υψη η χρηση ανθρακα αυξανει και τισ εισαγωγεσ του,1
Δέσμη Fit for 55 για το περιβάλλον - https://t.co/T2by1i5drV,δεσμη fit for για το περιβαλλον,1
"Κλιματική Κρίση: Το τέλος της εποχής του ανθρώπου; - Το κλειδί βρίσκεται στην ιστορία της Γης,
https://t.co/6e7IuKFMBu,",κλιματικη κριση το τελοσ τησ εποχησ του ανθρωπου το κλειδι βρισκεται στην ιστορια τησ γησ,1
"Καθώς, το 2022 μας αποχαιρετά, αφήνοντας πίσω του έναν πόλεμο στην καρδιά της Ευρώπης και μία οξεία ενεργειακή κρίση, η συζήτηση για τη μάχη απέναντι στον μεγάλο «αόρατο» εχθρό, την κλιματική κρίση, έχει μπει σε δεύτερο πλάνο...

https://t.co/DKOxZbtLCn",καθωσ το μασ αποχαιρετα αφηνοντασ πισω του εναν πολεμο στην καρδια τησ ευρωπησ και μια οξεια ενεργειακη κριση η συζητηση για τη μαχη απεναντι στον μεγαλο αορατο εχθρο την κλιματικη κριση εχει μπει σε δευτερο πλανο,1
"Κλιματική Κρίση: Το τέλος της εποχής του ανθρώπου; - Το κλειδί βρίσκεται στην ιστορία της Γης,
https://t.co/6e7IuKFMBu,",κλιματικη κριση το τελοσ τησ εποχησ του ανθρωπου το κλειδι βρισκεται στην ιστορια τησ γησ,1
ΕΧΟΥΜΕ ΥΠΕΡΘΕΡΜΑΝΣΗ ΤΟΥ ΠΛΑΝΗΤΗ ΚΑΙ ΚΛΙΜΑΤΙΚΗ  ΑΛΛΑΓΗ ΡΕ!!! ΧΩΝΕΨΤΕ ΤΟ....ΤΟ ΛΕΕΙ Ο ΜΠΙΛΑΡΑΣ Ο ΠΟΡΤΑΣ ΚΑΙ Η ΕΜΠΙΣΤΗΜΟΝΑΣ ΓΚΡΕΤΑ..... https://t.co/8rVmEBTkGa,εχουμε υπερθερμανση του πλανητη και κλιματικη αλλαγη ρε χωνεψτε τοτο λεει ο μπιλαρας ο πορτας και η εμπιστημονας γκρετα,1
Η ΚΛΙΜΑΤΙΚΗ ΑΛΛΑΓΗ ΚΑΙ Η ΥΠΕΡΘΕΡΜΑΝΣΗ ΤΟΥ ΠΛΑΝΗΤΗ ΤΩΝ ΜΠΑΡΟΦΟΛΟΓΩΝ....Ρεκόρ ψύξης στον πλανήτη: Οι ΗΠΑ παγώνουν.#ClimateScam,η κλιματικη αλλαγη και η υπερθερμανση του πλανητη των μπαροφολογωνρεκορ ψυξησ στον πλανητη οι ηπα παγωνουνclimatescam,1
Οι επιστήμονες προειδοποιούν για την κλιματική αλλαγή: «Η Ελλάδα θα υποφέρει - Μία στις δέκα παραλίες θα εξαφανιστεί» - LarissaPress https://t.co/OvHXmWaUM8,οι επιστημονεσ προειδοποιουν για την κλιματικη αλλαγη η ελλαδα θα υποφερει μια στισ δεκα παραλιεσ θα εξαφανιστει larissapress,1
"Πολύ δύσκολες ώρες για τον παγκόσμιο θρύλο Pele - Επιδεινώθηκε η υγεία του, χωρίς επαφή με το περιβάλλον - Συγκλονίζουν τα παιδιά του https://t.co/fWGuPwlrQh",πολυ δυσκολεσ ωρεσ για τον παγκοσμιο θρυλο pele επιδεινωθηκε η υγεια του χωρισ επαφη με το περιβαλλον συγκλονιζουν τα παιδια του,1
"Κακοκαιρία-Προειδοποίηση Συνολάκη: «Και στην Ελλάδα θα έχουμε ακραία καιρικά φαινόμενα πιο συχνά»

#κακοκαιρια #ΗΠΑ #usak #USA #Weather #Ελλάδα #κλιματικη_αλλαγη #ΕΜΥ #Mynewsgr 

https://t.co/iV84x8x9f2",κακοκαιριαπροειδοποιηση συνολακη και στην ελλαδα θα εχουμε ακραια καιρικα φαινομενα πιο συχνα κακοκαιρια ηπα usak usa weather ελλαδα κλιματικη_αλλαγη εμυ mynewsgr,1
Κλιματική αλλαγή: Τώρα και… «αιολική ξηρασία»; https://t.co/3LjdexmCon,κλιματικη αλλαγη τωρα και αιολικη ξηρασια,1
"Κλιματική κρίση / Στην «κατάψυξη» οι ΗΠΑ, στον «φούρνο» η Ευρώπη https://t.co/z7M1325KCh",κλιματικη κριση στην καταψυξη οι ηπα στον φουρνο η ευρωπη,1
Η κλιματική κρίση έχει χτυπήσει «κόκκινο» https://t.co/eXw2baL91y,η κλιματικη κριση εχει χτυπησει κοκκινο,1
Chadacre (επενδυτής): Σας ευχαριστώ για την υστερία με την κλιματική αλλαγή... Με κάνατε πλούσιο! - Η αδυσώπητη προπαγάνδα https://t.co/MbjhVle4g1,chadacre επενδυτησ σασ ευχαριστω για την υστερια με την κλιματικη αλλαγη με κανατε πλουσιο η αδυσωπητη προπαγανδα,1
Chadacre (επενδυτής): Σας ευχαριστώ για την υστερία στην κλιματική αλλαγή... Με κάνατε πλούσιο! - Η αδυσώπητη προπαγάνδα https://t.co/DPgCCkDtnM,chadacre επενδυτησ σασ ευχαριστω για την υστερια στην κλιματικη αλλαγη με κανατε πλουσιο η αδυσωπητη προπαγανδα,1
Η υστερία για την κλιματική αλλαγή έχει καταστροφικές συνέπειες σε οικονομία και γεωργία – Τι κρύβεται πίσω από όλα αυτά; https://t.co/3oXhjRZqBX,η υστερια για την κλιματικη αλλαγη εχει καταστροφικεσ συνεπειεσ σε οικονομια και γεωργια τι κρυβεται πισω απο ολα αυτα,1
Chadacre (επενδυτής): Σας ευχαριστώ για την υστερία στην κλιματική αλλαγή... Με κάνατε πλούσιο! - Η αδυσώπητη προπαγάνδα https://t.co/IspGznw8kj,chadacre επενδυτησ σασ ευχαριστω για την υστερια στην κλιματικη αλλαγη με κανατε πλουσιο η αδυσωπητη προπαγανδα,1
Αλλάζουν όλα στα Fast Food: Τέλος στα πλαστικά μιας χρήσης για να σωθεί το περιβάλλον!!! Για τα εκατομμύρια Rapid test από πλαστικό που ξοδεύτηκαν στα χρόνια της ψευτοπανδημίας δεν τρέχει τίποτα!!! https://t.co/64QdcTBlOn via @Karditsastakra,αλλαζουν ολα στα fast food τελοσ στα πλαστικα μιασ χρησησ για να σωθει το περιβαλλον για τα εκατομμυρια rapid test απο πλαστικο που ξοδευτηκαν στα χρονια τησ ψευτοπανδημιασ δεν τρεχει τιποτα via karditsastakra,1
"Τό ἐνεργειακό κόστος αὐξάνεται, ἔχει αὐξηθεῖ μέ 300%-500% στήν Εὐρώπη σέ ἕνα χρόνο, αὐτό εἶναι σαφῶς μή βιώσιμο καί στήν πραγματικότητα σημαίνει ὅτι ἡ εὐρωπαϊκή βιομηχανία καταστρέφεται ἀπό τήν ἔλλειψη ἀνταγωνιστικότητας.",το ἐνεργειακο κοστοσ αὐξανεται ἔχει αὐξηθεῖ με στην εὐρωπη σε ἕνα χρονο αὐτο εἶναι σαφῶσ μη βιωσιμο και στην πραγματικοτητα σημαινει ὅτι ἡ εὐρωπαϊκη βιομηχανια καταστρεφεται ἀπο την ἔλλειψη ἀνταγωνιστικοτητασ,1
Πως βλέπουν οι Έλληνες την κλιματική αλλαγή https://t.co/M5giG41wp4,πωσ βλεπουν οι ελληνεσ την κλιματικη αλλαγη,1
Μπορντώ: O αυτοκινητόδρομος που θα δίνει «πράσινη» ενέργεια σε 40.000 σπίτια https://t.co/y6OoVZKbBH,μπορντω o αυτοκινητοδρομοσ που θα δινει πρασινη ενεργεια σε σπιτια,1
ΕΙΝΑΙ Η ΜΟΝΗ ΤΑΙΝΙΑ ΠΟΥ Ο ΠΡΩΤΑΓΩΝΙΣΤΗΣ ΠΑΡΑΜΕΝΕΙ ΛΕΥΚΟΣ....ΓΙΑ ΦΑΝΤΑΣΟΥ ΕΝΑΝ ΑΡΑΠΗ ΝΑ ΚΑΝΕΙ ΤΟΝ ΤΑΡΖΑΝ...Η ΜΑΙΜΟΥ ΣΤΟ ΦΥΣΙΚΟ ΤΗΣ ΠΕΡΙΒΑΛΛΟΝ ΧΑΛΑΕΙ ΤΟ ΑΦΗΓΗΜΑ..... https://t.co/ZAK2o3fKJo,ειναι η μονη ταινια που ο πρωταγωνιστης παραμενει λευκοσγια φαντασου εναν αραπη να κανει τον ταρζανη μαιμου στο φυσικο της περιβαλλον χαλαει το αφηγημα,1
"ΚΑΙ ΑΥΤΗ Η ΓΙΑΓΙΑΚΑ ΕΥΑΓΓΕΛΙΖΕΤΑΙ ΤΗΝ ΕΥΘΑΝΑΣΙΑ 7,5 ΔΙΣ.ΑΝΘΡΩΠΩΝ ΓΙΑ ΝΑ ΣΩΣΕΙ ΤΟΝ ΠΛΑΝΗΤΗ ΑΠΟ ΤΗΝ ΚΛΙΜΑΤΙΚΗ ΑΛΛΑΓΗ....ΒΛΑΔΙΜΗΡΕ  ΠΑΤΑ ΤΟ ΚΑΙ ΚΑΤΕΥΘΕΙΑΝ ΣΤΟ ΝΤΑΒΟΣ https://t.co/7viEgMJ5G6",και αυτη η γιαγιακα ευαγγελιζεται την ευθανασια δισανθρωπων για να σωσει τον πλανητη απο την κλιματικη αλλαγηβλαδιμηρε πατα το και κατευθειαν στο νταβος,1
Κικίλιας: Ο βιώσιμος τουρισμός η μεγάλη πρόκληση για το 2023 https://t.co/riYtZZC3Yj #businessnewsgr,κικιλιασ ο βιωσιμοσ τουρισμοσ η μεγαλη προκληση για το businessnewsgr,1
Καιρός – Κλιματική αλλαγή: Άνοιξη μέσα στο χειμώνα χωρίς ίχνος χιονιού – Η ανάλυση Ζερεφού και Λαγουβάρδου ... https://t.co/OO8I4jTCEB,καιροσ κλιματικη αλλαγη ανοιξη μεσα στο χειμωνα χωρισ ιχνοσ χιονιου η αναλυση ζερεφου και λαγουβαρδου,1
"RT @mdenaxa: 🇫🇷Το εξώφυλλο της Liberation για την καυτή χρονιά που περιμένει τον Μακρόν, όχι μόνο από την ""κλιματική αλλαγή"" για την οποία…",rt mdenaxa το εξωφυλλο τησ liberation για την καυτη χρονια που περιμενει τον μακρον οχι μονο απο την κλιματικη αλλαγη για την οποια,1
Κλιματική αλλαγή: Βάζει «φρένο» στο σκι στις Άλπεις https://t.co/2S8yAE8Doi,κλιματικη αλλαγη βαζει φρενο στο σκι στισ αλπεισ,1
"#περιβάλλον: #ένα #εγκαταλελειμμένο #ορυχείο #στην #Ισπανία, #κρύβει #έναν #εντυπωσιακό #γεωλογικό #θησαυρό.
https://t.co/6zkuKXARy7",περιβαλλον ενα εγκαταλελειμμενο ορυχειο στην ισπανια κρυβει εναν εντυπωσιακο γεωλογικο θησαυρο,1
"Σταύρος Κατσικάδης: Η Μαρίνα Φλοίσβου κρατά σταθερές τις κύριες πολιτικές της για το περιβάλλον και την κοινωνία - Ρεπορτάζ και ειδήσεις για την Οικονομία, τις Επιχειρήσεις, το Χρηματιστήριο, την Πολιτική #mononewsGR https://t.co/cr50tZXFCm",σταυροσ κατσικαδησ η μαρινα φλοισβου κρατα σταθερεσ τισ κυριεσ πολιτικεσ τησ για το περιβαλλον και την κοινωνια ρεπορταζ και ειδησεισ για την οικονομια τισ επιχειρησεισ το χρηματιστηριο την πολιτικη mononewsgr,1
"«Η ταφή και η καύση των νεκρών προκαλούν κλιματική αλλαγή»!
Το περασμένο Σάββατο,η Νέα Υόρκη έγινε η 6η πολιτεία των ΗΠΑ που ενέκρινε τη φυσική οργανική μείωση, που είναι ευρύτερα γνωστή ως ανθρώπινη κομποστοποίηση, μετά το θάνατο που σημαίνει ότι οι νεκροί θα γίνονται… λίπασμα! https://t.co/0M4s5YLulb",η ταφη και η καυση των νεκρων προκαλουν κλιματικη αλλαγη το περασμενο σαββατοη νεα υορκη εγινε η η πολιτεια των ηπα που ενεκρινε τη φυσικη οργανικη μειωση που ειναι ευρυτερα γνωστη ωσ ανθρωπινη κομποστοποιηση μετα το θανατο που σημαινει οτι οι νεκροι θα γινονται λιπασμα,1
Άρθρο στους NY Times: «Βγείτε ραντεβού με κοντούς ανθρώπους για να σταματήσει η κλιματική αλλαγή» https://t.co/1KiAeKAhSc,αρθρο στουσ ny times βγειτε ραντεβου με κοντουσ ανθρωπουσ για να σταματησει η κλιματικη αλλαγη,1
@giorgos_vr @not_least @bobidion Οι ψυχικες ασθενειες ειναι κληρονομικες οποτε δεν γνωριζουμε σε τι κατασταση ηταν και το οικογενειακος της περιβαλλον,giorgos_vr not_least bobidion οι ψυχικεσ ασθενειεσ ειναι κληρονομικεσ οποτε δεν γνωριζουμε σε τι κατασταση ηταν και το οικογενειακοσ τησ περιβαλλον,1
"BLUE STAR FERRIES: Περιβαλλοντική Ημερίδα «Κλιματική Αλλαγή και Σημερινές Προκλήσεις» - Ρεπορτάζ και ειδήσεις για την Οικονομία, τις Επιχειρήσεις, το Χρηματιστήριο, την Πολιτική #mononewsGR https://t.co/mERJP678SN",blue star ferries περιβαλλοντικη ημεριδα κλιματικη αλλαγη και σημερινεσ προκλησεισ ρεπορταζ και ειδησεισ για την οικονομια τισ επιχειρησεισ το χρηματιστηριο την πολιτικη mononewsgr,1
"Κ. Συνολάκης, ακαδημαϊκός: Δεν περιμέναμε την κλιματική κρίση τόσο σύντομα – Έχουμε πολικούς κυκλώνες μεγάλης έντασης (video) https://t.co/IlngjJMer4",κ συνολακησ ακαδημαϊκοσ δεν περιμεναμε την κλιματικη κριση τοσο συντομα εχουμε πολικουσ κυκλωνεσ μεγαλησ εντασησ video,1
"Σταύρος Κατσικάδης: Η Μαρίνα Φλοίσβου κρατά σταθερές τις κύριες πολιτικές της για το περιβάλλον και την κοινωνία - mononewsTV - Ρεπορτάζ και ειδήσεις για την Οικονομία, τις Επιχειρήσεις, το Χρηματιστήριο, την Πολιτική #mononewsGR https://t.co/wHPzNCVL8I",σταυροσ κατσικαδησ η μαρινα φλοισβου κρατα σταθερεσ τισ κυριεσ πολιτικεσ τησ για το περιβαλλον και την κοινωνια mononewstv ρεπορταζ και ειδησεισ για την οικονομια τισ επιχειρησεισ το χρηματιστηριο την πολιτικη mononewsgr,1
BBC / Η κλιματική αλλαγή απειλεί και το σκι – Τα χιονοδρομικά στις Άλπεις έβαλαν τεχνητό χιόνι https://t.co/aKU35cy8Jz,bbc η κλιματικη αλλαγη απειλει και το σκι τα χιονοδρομικα στισ αλπεισ εβαλαν τεχνητο χιονι,1
«Η κλιματική κρίση ήρθε νωρίτερα - Πρέπει να προετοιμαστούμε για κυκλώνες μεγάλης έντασης» - «Καμπανάκι» από τον Κωνσταντίνο Συνολάκη - LarissaPress https://t.co/MIKx4LlCs1,η κλιματικη κριση ηρθε νωριτερα πρεπει να προετοιμαστουμε για κυκλωνεσ μεγαλησ εντασησ καμπανακι απο τον κωνσταντινο συνολακη larissapress,1
"Πόλεμος για την πράσινη ενέργεια από τους δύο πιο ισχυρούς άντρες της Ινδίας - Ρεπορτάζ και ειδήσεις για την Οικονομία, τις Επιχειρήσεις, το Χρηματιστήριο, την Πολιτική #mononewsGR https://t.co/QppqF9iYiH",πολεμοσ για την πρασινη ενεργεια απο τουσ δυο πιο ισχυρουσ αντρεσ τησ ινδιασ ρεπορταζ και ειδησεισ για την οικονομια τισ επιχειρησεισ το χρηματιστηριο την πολιτικη mononewsgr,1
"#climatecrisis 
Για τρομακτικές επιπτώσεις στην ανθρώπινη υγεία από την κλιματική αλλαγή, προειδοποιεί έρευνα με συντονιστή το ΙΚυ 
@CyprusInstitute 
https://t.co/8bRW2XCDGJ",climatecrisis για τρομακτικεσ επιπτωσεισ στην ανθρωπινη υγεια απο την κλιματικη αλλαγη προειδοποιει ερευνα με συντονιστη το ικυ cyprusinstitute,1
Κλιματική αλλαγή: Μα πού πήγε ο χειμώνας στην Ευρώπη; - LarissaPress https://t.co/etT8r5FqSv,κλιματικη αλλαγη μα που πηγε ο χειμωνασ στην ευρωπη larissapress,1
Θερμότερο κλίμα και υψηλότερες θερμοκρασίες στη Μεσόγειο τα επόμενα χρόνια https://t.co/qxPXvJQ3rG #ΚΛΙΜΑ #ΠΕΡΙΒΑΛΛΟΝ https://t.co/7KRSSBNl0Q,θερμοτερο κλιμα και υψηλοτερεσ θερμοκρασιεσ στη μεσογειο τα επομενα χρονια κλιμα περιβαλλον,1
"Για το ενδεχόμενο εμφάνισης πολικού κυκλώνα παρόμοιου με αυτόν που έπληξε τις ΗΠΑ μίλησε ο πρόεδρος της Εθνικής Επιτροπής για την Κλιματική Αλλαγή, Κωνσταντίνος Συνολάκης https://t.co/H54NvALDjD",για το ενδεχομενο εμφανισησ πολικου κυκλωνα παρομοιου με αυτον που επληξε τισ ηπα μιλησε ο προεδροσ τησ εθνικησ επιτροπησ για την κλιματικη αλλαγη κωνσταντινοσ συνολακησ,1
"Βίντεο στο οποίο απεικονίζεται, μέσα σε 52 δευτερόλεπτα, η κλιματική αλλαγή του πλανήτη από το 1880 μέχρι σήμερα, έδωσε στη δημοσιότητα η NASA https://t.co/IODKgrTcFP",βιντεο στο οποιο απεικονιζεται μεσα σε δευτερολεπτα η κλιματικη αλλαγη του πλανητη απο το μεχρι σημερα εδωσε στη δημοσιοτητα η nasa,1
"Ο 82χρονος τέως μονάρχης δεν είναι διασωληνωμένος, αλλά η επαφή του με το περιβάλλον είναι πολύ περιορισμένη. #Ελλάδα
https://t.co/hVqY8JkYBL",ο χρονοσ τεωσ μοναρχησ δεν ειναι διασωληνωμενοσ αλλα η επαφη του με το περιβαλλον ειναι πολυ περιορισμενη ελλαδα,1
Κλιματική αλλαγή: Μα πού πήγε ο χειμώνας στην Ευρώπη; https://t.co/TYQMziduKE,κλιματικη αλλαγη μα που πηγε ο χειμωνασ στην ευρωπη,1
"Κλιματική κρίση: Γιατί ανησυχεί ο πρωτοχρονιάτικος ""καύσωνας"" στην Ευρώπη - LarissaPress https://t.co/PEuZCOhjtB",κλιματικη κριση γιατι ανησυχει ο πρωτοχρονιατικοσ καυσωνασ στην ευρωπη larissapress,1
Κλιματική κρίση: Πρωτόγνωρες θερμοκρασίές για Ευρώπη την Πρωτοχρονιά - https://t.co/5iTpaUi4v1 https://t.co/HOH6eXnIkN,κλιματικη κριση πρωτογνωρεσ θερμοκρασιεσ για ευρωπη την πρωτοχρονια,1
"RT @0minus_Prime: Κλιματοψέκες, εμβολιοψέκες και ακόμη ουκρανοψέκες, δείτε εδώ τι παίζει, γιατί σε λίγο θα μας ζαλίζετε τα @@ με την ""κλιμα…",rt minus_prime κλιματοψεκεσ εμβολιοψεκεσ και ακομη ουκρανοψεκεσ δειτε εδω τι παιζει γιατι σε λιγο θα μασ ζαλιζετε τα με την κλιμα,1
ΚΛΙΜΑΤΙΚΗ ΑΛΛΑΓΗ ΗΤΑΝ ....ΣΙΓΟΥΡΑ https://t.co/75J8mnya7k,κλιματικη αλλαγη ηταν σιγουρα,1
RT @TheOpinion_News: «Κοιτάμε Μπροστά»: «Είναι βιώσιμη η ανάπτυξη της Θεσσαλονίκης;» https://t.co/LI7p2T9uEM #Thessaloniki #skg #TheOpinion,rt theopinion_news κοιταμε μπροστα ειναι βιωσιμη η αναπτυξη τησ θεσσαλονικησ thessaloniki skg theopinion,1
"Τον κώδωνα του κινδύνου κρούει μελέτη διεθνούς ομάδας ερευνητών υπό τον συντονισμό του Ινστιτούτου Κύπρου (ΙΚυ), η οποία παρουσιάζει την πρώτη ολοκληρωμένη ανασκόπηση του τρόπου με τον οποίο η Κλιματική Αλλαγή επηρεάζει την υγεία των κατοίκων

https://t.co/RcMlrG0kst https://t.co/YElESoiOvP",τον κωδωνα του κινδυνου κρουει μελετη διεθνουσ ομαδασ ερευνητων υπο τον συντονισμο του ινστιτουτου κυπρου ικυ η οποια παρουσιαζει την πρωτη ολοκληρωμενη ανασκοπηση του τροπου με τον οποιο η κλιματικη αλλαγη επηρεαζει την υγεια των κατοικων,1
"Άγγελος Ξηντάρης: Χτίζουμε μια Σκόπελο ψηφιακή ,σύγχρονη, έξυπνη, βιώσιμη και ανθρώπινη. https://t.co/KuHFjx4XRu",αγγελοσ ξηνταρησ χτιζουμε μια σκοπελο ψηφιακη συγχρονη εξυπνη βιωσιμη και ανθρωπινη,1
"#Περιβάλλον: #Τι #προκάλεσε #τον #πρωτοχρονιάτικο #καύσωνα #στην #Ευρώπη;
#καιρός
https://t.co/5on2lO6Vfr",περιβαλλον τι προκαλεσε τον πρωτοχρονιατικο καυσωνα στην ευρωπη καιροσ,1
"Σύμφωνα με την ευρωπαϊκή υπηρεσία Copernicus για την κλιματική αλλαγή (C3S), το 2022 ήταν επίσης το πέμπτο πιο ζεστό έτος στον κόσμο με μικρή διαφορά. https://t.co/ErOOig4t9y",συμφωνα με την ευρωπαϊκη υπηρεσια copernicus για την κλιματικη αλλαγη cs το ηταν επισησ το πεμπτο πιο ζεστο ετοσ στον κοσμο με μικρη διαφορα,1
"Μπέττυ Χαραλαμποπούλου (TRIQUETRA): Πώς 6 χώρες ενώνουν τις δυνάμεις τους για την κλιματική αλλαγή - Ρεπορτάζ και ειδήσεις για την Οικονομία, τις Επιχειρήσεις, το Χρηματιστήριο, την Πολιτική #mononewsGR https://t.co/6xirMreszh",μπεττυ χαραλαμποπουλου triquetra πωσ χωρεσ ενωνουν τισ δυναμεισ τουσ για την κλιματικη αλλαγη ρεπορταζ και ειδησεισ για την οικονομια τισ επιχειρησεισ το χρηματιστηριο την πολιτικη mononewsgr,1
Η Νάξος στις κορυφαίες τάσεις του κόσμου για βιώσιμο ταξίδι το 2023! https://t.co/NqL303PVro μέσω @Naxos Press,η ναξοσ στισ κορυφαιεσ τασεισ του κοσμου για βιωσιμο ταξιδι το μεσω naxos press,1
"Η Νάξος στις κορυφαίες τάσεις του κόσμου για βιώσιμο ταξίδι το 2023! 
https://t.co/BolJYyt1yd",η ναξοσ στισ κορυφαιεσ τασεισ του κοσμου για βιωσιμο ταξιδι το,1
Η Νάξος στις κορυφαίες τάσεις του κόσμου για βιώσιμο ταξίδι το 2023 https://t.co/751ic0eP9J,η ναξοσ στισ κορυφαιεσ τασεισ του κοσμου για βιωσιμο ταξιδι το,1
Η Νάξος στις κορυφαίες τάσεις του κόσμου για βιώσιμο ταξίδι το 2023 – Η πρώτη διεθνής διάκριση για φέτος https://t.co/0mgYsmvZ9k #diakrisi #naxos,η ναξοσ στισ κορυφαιεσ τασεισ του κοσμου για βιωσιμο ταξιδι το η πρωτη διεθνησ διακριση για φετοσ diakrisi naxos,1
Η Νάξος στις κορυφαίες τάσεις του κόσμου για βιώσιμο ταξίδι το 2023 - https://t.co/PNo8i9lcVQ https://t.co/uEsUA5hYUI,η ναξοσ στισ κορυφαιεσ τασεισ του κοσμου για βιωσιμο ταξιδι το,1
"Η Νάξος στις κορυφαίες επιλογές για βιώσιμο ταξίδι

https://t.co/fZCFm1eWb1",η ναξοσ στισ κορυφαιεσ επιλογεσ για βιωσιμο ταξιδι,1
"Η Νάξος στις κορυφαίες τάσεις του κόσμου για βιώσιμο ταξίδι το 2023 - Ρεπορτάζ και ειδήσεις για την Οικονομία, τις Επιχειρήσεις, το Χρηματιστήριο, την Πολιτική #mononewsGR https://t.co/Py56tR7Blc",η ναξοσ στισ κορυφαιεσ τασεισ του κοσμου για βιωσιμο ταξιδι το ρεπορταζ και ειδησεισ για την οικονομια τισ επιχειρησεισ το χρηματιστηριο την πολιτικη mononewsgr,1
Η Νάξος στις κορυφαίες τάσεις του κόσμου για βιώσιμο ταξίδι το 2023 https://t.co/q8wczMFdFW,η ναξοσ στισ κορυφαιεσ τασεισ του κοσμου για βιωσιμο ταξιδι το,1
Στις κορυφαίες τάσεις του κόσμου για βιώσιμο ταξίδι το 2023 η Νάξος https://t.co/g2Q77VfbnU,στισ κορυφαιεσ τασεισ του κοσμου για βιωσιμο ταξιδι το η ναξοσ,1
"Η #Νάξος στις κορυφαίες τάσεις του κόσμου για βιώσιμο ταξίδι το 2023

https://t.co/8gJriEI7N8

#τουρισμός",η ναξοσ στισ κορυφαιεσ τασεισ του κοσμου για βιωσιμο ταξιδι το τουρισμοσ,1
Κλιματική αλλαγή και υποβάθμιση του περιβάλλοντος: Οι βασικοί κίνδυνοι για τον πλανήτη μας την επόμενη 10ετια https://t.co/L0q8AJKlig,κλιματικη αλλαγη και υποβαθμιση του περιβαλλοντοσ οι βασικοι κινδυνοι για τον πλανητη μασ την επομενη ετια,1
"Νάξος, ο απόλυτος προορισμός για ένα βιώσιμο ταξίδι – «Στην κορυφή» της NZ Herald της Νέας Ζηλανδίας https://t.co/Y6bUIrIaDg",ναξοσ ο απολυτοσ προορισμοσ για ενα βιωσιμο ταξιδι στην κορυφη τησ nz herald τησ νεασ ζηλανδιασ,1
"Μνημόνια Συνεργασίας ΕΜΠ με ΜμΕ για κυκλική παραγωγή και διάθεση προϊόντων - Ρεπορτάζ και ειδήσεις για την Οικονομία, τις Επιχειρήσεις, το Χρηματιστήριο, την Πολιτική #mononewsGR https://t.co/470MMGJLVa",μνημονια συνεργασιασ εμπ με μμε για κυκλικη παραγωγη και διαθεση προϊοντων ρεπορταζ και ειδησεισ για την οικονομια τισ επιχειρησεισ το χρηματιστηριο την πολιτικη mononewsgr,1
Η φωνή της λογικής: Ελβετικό δεξιό κόμμα προκηρύσσει δημοψήφισμα για να μπλοκάρει τον αστείο νόμο για την κλιματική αλλαγή https://t.co/Pt14fkbxFZ,η φωνη τησ λογικησ ελβετικο δεξιο κομμα προκηρυσσει δημοψηφισμα για να μπλοκαρει τον αστειο νομο για την κλιματικη αλλαγη,1
ExxonMobil: Ο πετρελαϊκός γίγαντας είχε προβλέψει την κλιματική αλλαγή τη δεκαετία του '70 - https://t.co/nHCkxVTvTs,exxonmobil ο πετρελαϊκοσ γιγαντασ ειχε προβλεψει την κλιματικη αλλαγη τη δεκαετια του,1
"Σε 11 χρόνια, η #Ονδούρα έχασε το 10% των δασών της

https://t.co/7k436vDf5z

#δάση #κλίμα #περιβάλλον #κλιματική_κρίση",σε χρονια η ονδουρα εχασε το των δασων τησ δαση κλιμα περιβαλλον κλιματικη_κριση,1
Η ExxonMobil είχε προβλέψει την κλιματική αλλαγή από το 1970 https://t.co/sAAxBnyAyK,η exxonmobil ειχε προβλεψει την κλιματικη αλλαγη απο το,1
H κλιματική αλλαγή βασίζεται σε ψεύδη. https://t.co/H2evdLyvBB via @wpvkp,h κλιματικη αλλαγη βασιζεται σε ψευδη via wpvkp,1
Xανιά | «Θρανίο» για ενέργεια - περιβάλλον ο σταθμός παραγωγής ρεύματος που ίδρυσε ο Βενιζέλος https://t.co/HkzfWJQF6t,xανια θρανιο για ενεργεια περιβαλλον ο σταθμοσ παραγωγησ ρευματοσ που ιδρυσε ο βενιζελοσ,1
«Δεν μας ψεκάζουν… αλλά κάνουν τεράστια ζημιά στο περιβάλλον»: H λύση για τις άσπρες ουρές πίσω από τα αεροπλάνα https://t.co/Fgz3uQQPOw,δεν μασ ψεκαζουν αλλα κανουν τεραστια ζημια στο περιβαλλον h λυση για τισ ασπρεσ ουρεσ πισω απο τα αεροπλανα,1
Η Νάξος στις κορυφαίες τάσεις του κόσμου για βιώσιμο ταξίδι το 2023 - https://t.co/PNo8i9lcVQ https://t.co/RRtOtfXpqv,η ναξοσ στισ κορυφαιεσ τασεισ του κοσμου για βιωσιμο ταξιδι το,1
"«Τα Πράσινα Επαγγέλματα του Μέλλοντος»- Περιβάλλον, κλιματική αλλαγή, νέες θέσεις εργασίας 
#κλιματική_αλλαγή #περιβάλλον #επαγγέλματα #MONEYSHOW #Θεσσαλονίκη
https://t.co/d3sbmPN9hX",τα πρασινα επαγγελματα του μελλοντοσ περιβαλλον κλιματικη αλλαγη νεεσ θεσεισ εργασιασ κλιματικη_αλλαγη περιβαλλον επαγγελματα moneyshow θεσσαλονικη,1
RT @LykavitosGr: Το Ελ Νίνιο επιστρέφει το 2023 – Για πρωτοφανή κύματα καύσωνα προειδοποιούν οι επιστήμονες   #Ελ_Νίνιο #καύσωνας #κλιματικ…,rt lykavitosgr το ελ νινιο επιστρεφει το για πρωτοφανη κυματα καυσωνα προειδοποιουν οι επιστημονεσ ελ_νινιο καυσωνασ κλιματικ,1
RT @LykavitosGr: Το Ελ Νίνιο επιστρέφει το 2023 – Για πρωτοφανή κύματα καύσωνα προειδοποιούν οι επιστήμονες   #Ελ_Νίνιο #καύσωνας #κλιματικ…,rt lykavitosgr το ελ νινιο επιστρεφει το για πρωτοφανη κυματα καυσωνα προειδοποιουν οι επιστημονεσ ελ_νινιο καυσωνασ κλιματικ,1
"Σκρέκας: «Προωθούμε την Πράσινη Μετάβαση, συνεχίζουμε αποφασιστικά τη δημοπράτηση μονάδων επεξεργασίας αποβλήτων» - Ρεπορτάζ και ειδήσεις για την Οικονομία, τις Επιχειρήσεις, το Χρηματιστήριο, την Πολιτική #mononewsGR https://t.co/CAAvfZ0dmW",σκρεκασ προωθουμε την πρασινη μεταβαση συνεχιζουμε αποφασιστικα τη δημοπρατηση μοναδων επεξεργασιασ αποβλητων ρεπορταζ και ειδησεισ για την οικονομια τισ επιχειρησεισ το χρηματιστηριο την πολιτικη mononewsgr,1
"Σταϊκούρας: «Στο ασταθές παγκόσμιο περιβάλλον, η Ελλάδα τα έχει καταφέρει» - Ρεπορτάζ και ειδήσεις για την Οικονομία, τις Επιχειρήσεις, το Χρηματιστήριο, την Πολιτική #mononewsGR https://t.co/fS9AZ3LHhK",σταϊκουρασ στο ασταθεσ παγκοσμιο περιβαλλον η ελλαδα τα εχει καταφερει ρεπορταζ και ειδησεισ για την οικονομια τισ επιχειρησεισ το χρηματιστηριο την πολιτικη mononewsgr,1
"Κλιματική κρίση: Πόλεις πλουσίων πάνω στους ωκεανούς για την επερχόμενη δυστοπία,
https://t.co/AfYmrTHAu2,",κλιματικη κριση πολεισ πλουσιων πανω στουσ ωκεανουσ για την επερχομενη δυστοπια,1
RT @sassyyraccoon: @voulinora @Melaplaystowin Το ένα δεν αναιρεί το άλλο. Θα μπορούσε να αλλάξει περιβάλλον και να μην χάσει και τη μάνα τη…,rt sassyyraccoon voulinora melaplaystowin το ενα δεν αναιρει το αλλο θα μπορουσε να αλλαξει περιβαλλον και να μην χασει και τη μανα τη,1
"#ΔΕΙΤΕ Οι ειδικοί εξηγούν την κλιματική αλλαγή, τις αστοχίες και την ανάγκη αντιπλημμυρικών έργων (ΒΙΝΤΕΟ) #alphanewslive #cyprus #floods #larnaca #paralimni
https://t.co/z0zl3g1TNp",δειτε οι ειδικοι εξηγουν την κλιματικη αλλαγη τισ αστοχιεσ και την αναγκη αντιπλημμυρικων εργων βιντεο alphanewslive cyprus floods larnaca paralimni,1
"Το στενό του περιβάλλον προσεύχεται να πάρει άμεσα εξιτήριο

#znews #Ξανθοπουλος https://t.co/PV8B5uy4XF",το στενο του περιβαλλον προσευχεται να παρει αμεσα εξιτηριο znews ξανθοπουλοσ,1
ΠΑΡΑΙΤΗΣΑΝ τον Αρέστοβιτς! Χαμός στο περιβάλλον του Ζελένσκι https://t.co/36k51LiRyW,παραιτησαν τον αρεστοβιτσ χαμοσ στο περιβαλλον του ζελενσκι,1
Τζέρεμι Ρένερ: «Είναι χειρότερα από όσο νομίζετε» σύμφωνα με άτομο από το περιβάλλον του https://t.co/yFKOQXbpiW,τζερεμι ρενερ ειναι χειροτερα απο οσο νομιζετε συμφωνα με ατομο απο το περιβαλλον του,1
"ΕΣΠΑ: Πρεμιέρα με 1 δισ. ευρώ σε ΜμΕ για πράσινη μετάβαση και ψηφιακό μετασχηματισμό - Ρεπορτάζ και ειδήσεις για την Οικονομία, τις Επιχειρήσεις, το Χρηματιστήριο, την Πολιτική #mononewsGR https://t.co/k55pcBQtUr",εσπα πρεμιερα με δισ ευρω σε μμε για πρασινη μεταβαση και ψηφιακο μετασχηματισμο ρεπορταζ και ειδησεισ για την οικονομια τισ επιχειρησεισ το χρηματιστηριο την πολιτικη mononewsgr,1
Oι επιστήμονες περιμένουν το 2023 και το '24 να έχουμε ουσιαστικά πολύ θερμό καιρό με ότι αυτό συνεπάγεται για τις επιπτώσεις σε περιβάλλον και ανθρώπους https://t.co/fuxu61Bpf2,oι επιστημονεσ περιμενουν το και το να εχουμε ουσιαστικα πολυ θερμο καιρο με οτι αυτο συνεπαγεται για τισ επιπτωσεισ σε περιβαλλον και ανθρωπουσ,1
"Κλιματική αλλαγή, υπερθέρμανση του πλανήτη και οικονομική πολιτική https://t.co/TOcQ6SGO7R",κλιματικη αλλαγη υπερθερμανση του πλανητη και οικονομικη πολιτικη,1
"Rafal Brzoska (InPost): Οι θυρίδες είναι ο πιο βιώσιμος τρόπος ανάπτυξης e-commerce - Τι είπε για Ελλάδα - Ρεπορτάζ και ειδήσεις για την Οικονομία, τις Επιχειρήσεις, το Χρηματιστήριο, την Πολιτική #mononewsGR https://t.co/ckYX3roj4F",rafal brzoska inpost οι θυριδεσ ειναι ο πιο βιωσιμοσ τροποσ αναπτυξησ ecommerce τι ειπε για ελλαδα ρεπορταζ και ειδησεισ για την οικονομια τισ επιχειρησεισ το χρηματιστηριο την πολιτικη mononewsgr,1
Κλιματική αλλαγή: Ο γγ του ΟΗΕ ζητά διώξεις για το «μεγάλο ψέμα» της Exxon https://t.co/qKMiNbSr8f,κλιματικη αλλαγη ο γγ του οηε ζητα διωξεισ για το μεγαλο ψεμα τησ exxon,1
"Eurolife FFH: Αξία έχει να φροντίζεις για την επιχείρησή σου και στο ψηφιακό περιβάλλον - Ρεπορτάζ και ειδήσεις για την Οικονομία, τις Επιχειρήσεις, το Χρηματιστήριο, την Πολιτική #mononewsGR https://t.co/3IKSlMcTxM",eurolife ffh αξια εχει να φροντιζεισ για την επιχειρηση σου και στο ψηφιακο περιβαλλον ρεπορταζ και ειδησεισ για την οικονομια τισ επιχειρησεισ το χρηματιστηριο την πολιτικη mononewsgr,1
"Δημήτρης Κωνσταντακόπουλος / H κλιματική κρίση κλιμακώνεται, το ενδιαφέρον για την αντιμετώπισή της εξασθενεί,
https://t.co/7NhUfhsleh,",δημητρησ κωνσταντακοπουλοσ h κλιματικη κριση κλιμακωνεται το ενδιαφερον για την αντιμετωπιση τησ εξασθενει,1
Η Νάξος στις κορυφαίες τάσεις του κόσμου για βιώσιμο ταξίδι το 2023 https://t.co/CwPOS7i82o,η ναξοσ στισ κορυφαιεσ τασεισ του κοσμου για βιωσιμο ταξιδι το,1
Κλιματική αλλαγή: Αγρυπνες οι αρκούδες λόγω του θερμού χειμώνα https://t.co/LzDPB5ujb3,κλιματικη αλλαγη αγρυπνεσ οι αρκουδεσ λογω του θερμου χειμωνα,1
"Έκθεση: Η αποστολή των κυανόκρανων του ΟΗΕ στο #Μαλί «δεν είναι βιώσιμη» αν δεν αυξηθεί η δύναμή της

https://t.co/eHIP2gRUyO https://t.co/beFCaw0nxd",εκθεση η αποστολη των κυανοκρανων του οηε στο μαλι δεν ειναι βιωσιμη αν δεν αυξηθει η δυναμη τησ,1
Κλιματική αλλαγή: Οι θερμοκρασίες στη Γροιλανδία είναι οι υψηλότερες εδώ και 1.000 χρόνια - LarissaPress https://t.co/PcjuCZsYcd,κλιματικη αλλαγη οι θερμοκρασιεσ στη γροιλανδια ειναι οι υψηλοτερεσ εδω και χρονια larissapress,1
Κλιματική αλλαγή: Οι επιπτώσεις της αύξησης της θερμοκρασίας σε ορισμένες καλλιέργειες https://t.co/BpevLfrzWN #businessnewsgr,κλιματικη αλλαγη οι επιπτωσεισ τησ αυξησησ τησ θερμοκρασιασ σε ορισμενεσ καλλιεργειεσ businessnewsgr,1
"Ποιες οι επιπτώσεις της κλιματικής αλλαγής στο κοντινό και στο μακρινό μέλλον σε ορισμένες #καλλιέργειες 

#κλιματική_αλλαγή #περιβάλλον 

https://t.co/IbLI6Z2kv6 https://t.co/9Z7xV9QQpI",ποιεσ οι επιπτωσεισ τησ κλιματικησ αλλαγησ στο κοντινο και στο μακρινο μελλον σε ορισμενεσ καλλιεργειεσ κλιματικη_αλλαγη περιβαλλον,1
Κλιματική κρίση: Το έλλειμμα νερού θα επηρεάσει κυρίως την πατάτα και τις ελιές https://t.co/ho6He5CH8b μέσω @Naxos Press,κλιματικη κριση το ελλειμμα νερου θα επηρεασει κυριωσ την πατατα και τισ ελιεσ μεσω naxos press,1
Κλιματική αλλαγή: Αυξάνονται οι ημέρες με καύσωνα στην Ελλάδα μέχρι το 2050. https://t.co/DL9FjUBMOV,κλιματικη αλλαγη αυξανονται οι ημερεσ με καυσωνα στην ελλαδα μεχρι το,1
[Κλικ και διαβάστε στο eleftherostypos]Κλιματική  #Αλλαγή: Έρχονται καλοκαίρια με περισσότερους καύσωνες στην Ελλάδα – Τι έδειξε  #Μελέτη https://t.co/VEHYx0Vu9J,κλικ και διαβαστε στο eleftherostyposκλιματικη αλλαγη ερχονται καλοκαιρια με περισσοτερουσ καυσωνεσ στην ελλαδα τι εδειξε μελετη,1
Κλιματική Αλλαγή: Αυξάνονται σημαντικά στην Ελλάδα οι ημέρες με υψηλές θερμοκρασίες το καλοκαίρι - https://t.co/B9rh2fMBLU https://t.co/4O3RcGvrsf,κλιματικη αλλαγη αυξανονται σημαντικα στην ελλαδα οι ημερεσ με υψηλεσ θερμοκρασιεσ το καλοκαιρι,1
Κλιματική αλλαγή: Αύξηση των ημερών με θερμοκρασίες άνω των 35°C το καλοκαίρι μέχρι το 2050 - https://t.co/F97hZgxq0f https://t.co/T1i5m8FWcT,κλιματικη αλλαγη αυξηση των ημερων με θερμοκρασιεσ ανω των c το καλοκαιρι μεχρι το,1
Κλιματική αλλαγή: Οι άμεσες και οι μακροπρόθεσμες επιπτώσεις σε ορισμένες καλλιέργειες - Documento https://t.co/hYR4803KNo,κλιματικη αλλαγη οι αμεσεσ και οι μακροπροθεσμεσ επιπτωσεισ σε ορισμενεσ καλλιεργειεσ documento,1
"Μετά τις συγκλονιστικές #αποκαλύψεις και μαρτυρίες από το περιβάλλον ανθρώπων που υπέφεραν από τις πρακτικές του ψευτογιατρού, θέμα ωρών θεωρείται η έκδοση εντάλματος σύλληψης για τον 65χρονο. #ψευτογιατρος 

https://t.co/98LNqkBs3c",μετα τισ συγκλονιστικεσ αποκαλυψεισ και μαρτυριεσ απο το περιβαλλον ανθρωπων που υπεφεραν απο τισ πρακτικεσ του ψευτογιατρου θεμα ωρων θεωρειται η εκδοση ενταλματοσ συλληψησ για τον χρονο ψευτογιατροσ,1
"«Η ταχύτητα της τήξης είναι πρωτοφανής στην ιστορία και μη αναστρέψιμη, ακόμα κι αν σταματήσει η κλιματική αλλαγή, δεδομένου ότι οι παγετώνες αντιδρούν στην άνοδο της θερμοκρασίας με καθυστέρηση. Oι παγετώνες που λιώνουν ευθύνονται για το 25-30% της… https://t.co/MGHyaV5pCu",η ταχυτητα τησ τηξησ ειναι πρωτοφανησ στην ιστορια και μη αναστρεψιμη ακομα κι αν σταματησει η κλιματικη αλλαγη δεδομενου οτι οι παγετωνεσ αντιδρουν στην ανοδο τησ θερμοκρασιασ με καθυστερηση oι παγετωνεσ που λιωνουν ευθυνονται για το τησ,1
"RT @despoina01: Τον Ηλία μόνο για την κλιματική αλλαγή δεν τον έχουν κατηγορήσει ακόμα. Τρελό κόλλημα, όχι αστεία. #survivorGR",rt despoina τον ηλια μονο για την κλιματικη αλλαγη δεν τον εχουν κατηγορησει ακομα τρελο κολλημα οχι αστεια survivorgr,1
Κλιματική αλλαγή: Περισσότερες ημέρες με καύσωνα στην Ελλάδα μέχρι το 2050 https://t.co/UXs7hk89wR,κλιματικη αλλαγη περισσοτερεσ ημερεσ με καυσωνα στην ελλαδα μεχρι το,1
"Παγκόσμια πρώτη για τη Mytilineos: Σε περιβάλλον Metaverse θα παρουσιαστούν τα οικονομικά αποτελέσματα 2022 - Ρεπορτάζ και ειδήσεις για την Οικονομία, τις Επιχειρήσεις, το Χρηματιστήριο, την Πολιτική #mononewsGR https://t.co/X3nB3fVbYz",παγκοσμια πρωτη για τη mytilineos σε περιβαλλον metaverse θα παρουσιαστουν τα οικονομικα αποτελεσματα ρεπορταζ και ειδησεισ για την οικονομια τισ επιχειρησεισ το χρηματιστηριο την πολιτικη mononewsgr,1
Mytilineos: Σε περιβάλλον Metaverse η παρουσίαση των αποτελεσμάτων 2022 https://t.co/jgiGgHOuDu,mytilineos σε περιβαλλον metaverse η παρουσιαση των αποτελεσματων,1
Mytilineos: Σε περιβάλλον Metaverse η παρουσίαση των αποτελεσμάτων 2022 https://t.co/t9Qjl6vGxR,mytilineos σε περιβαλλον metaverse η παρουσιαση των αποτελεσματων,1
Τα φυτοφάρμακα και ο κίνδυνος για την υγεία και το περιβάλλον https://t.co/klqYg5rvzV,τα φυτοφαρμακα και ο κινδυνοσ για την υγεια και το περιβαλλον,1
RT @LykavitosGr: Παγκόσμια πρώτη για την MYTILINEOS: Σε περιβάλλον Metaverse τα Οικονομικά Αποτελέσματα του 2022 στις 26 Ιανουαρίου  #Mytil…,rt lykavitosgr παγκοσμια πρωτη για την mytilineos σε περιβαλλον metaverse τα οικονομικα αποτελεσματα του στισ ιανουαριου mytil,1
RT @LykavitosGr: Παγκόσμια πρώτη για την MYTILINEOS: Σε περιβάλλον Metaverse τα Οικονομικά Αποτελέσματα του 2022 στις 26 Ιανουαρίου  #Mytil…,rt lykavitosgr παγκοσμια πρωτη για την mytilineos σε περιβαλλον metaverse τα οικονομικα αποτελεσματα του στισ ιανουαριου mytil,1
"Mytilineos: Σε περιβάλλον Metaverse τα οικονομικά αποτελέσματα 2022, στις 26 Ιανουαρίου https://t.co/v00KrDMgIl #businessnewsgr",mytilineos σε περιβαλλον metaverse τα οικονομικα αποτελεσματα στισ ιανουαριου businessnewsgr,1
RT @TheOpinion_News: Οι κάψουλες του καφέ είναι φιλικές για το περιβάλλον https://t.co/nHfjiChMVW #Thessaloniki #skg #TheOpinion,rt theopinion_news οι καψουλεσ του καφε ειναι φιλικεσ για το περιβαλλον thessaloniki skg theopinion,1
Κλιματική αλλαγή: Τεράστιο παγόβουνο αποκόληθηκε… 15 φορές μεγαλύτερο από το Παρίσι! https://t.co/0G7oxl84jF,κλιματικη αλλαγη τεραστιο παγοβουνο αποκοληθηκε φορεσ μεγαλυτερο απο το παρισι,1
"HELMEPA: Ανάγκη για περισσότερη επιμόρφωση και νέες δεξιότητες για την πράσινη μετάβαση και τη ναυτική ασφάλεια - Ρεπορτάζ και ειδήσεις για την Οικονομία, τις Επιχειρήσεις, το Χρηματιστήριο, την Πολιτική #mononewsGR https://t.co/spbb4Et80S",helmepa αναγκη για περισσοτερη επιμορφωση και νεεσ δεξιοτητεσ για την πρασινη μεταβαση και τη ναυτικη ασφαλεια ρεπορταζ και ειδησεισ για την οικονομια τισ επιχειρησεισ το χρηματιστηριο την πολιτικη mononewsgr,1
"Public: Νέα φιλική προς το περιβάλλον υπηρεσία 24ωρης παραλαβής από locker - Ρεπορτάζ και ειδήσεις για την Οικονομία, τις Επιχειρήσεις, το Χρηματιστήριο, την Πολιτική #mononewsGR https://t.co/IUtlo7uDv1",public νεα φιλικη προσ το περιβαλλον υπηρεσια ωρησ παραλαβησ απο locker ρεπορταζ και ειδησεισ για την οικονομια τισ επιχειρησεισ το χρηματιστηριο την πολιτικη mononewsgr,1
MYTILINEOS: Θα παρουσιάσει τα οικονομικά της αποτελέσματα σε περιβάλλον Metaverse! https://t.co/KGA0nEWnNi,mytilineos θα παρουσιασει τα οικονομικα τησ αποτελεσματα σε περιβαλλον metaverse,1
"Η Κυκλική Οικονομία στη Βουλή, από τον Χάρη Μαμουλάκη (vid) https://t.co/xZzrXCPKpg",η κυκλικη οικονομια στη βουλη απο τον χαρη μαμουλακη vid,1
"ΥΠΠΟΑ: «Όλη η Ελλάδα ένας Πολιτισμός 2023» με θέμα την κλιματική κρίση - Ρεπορτάζ και ειδήσεις για την Οικονομία, τις Επιχειρήσεις, το Χρηματιστήριο, την Πολιτική #mononewsGR https://t.co/4Zw0bUpZhK",υπποα ολη η ελλαδα ενασ πολιτισμοσ με θεμα την κλιματικη κριση ρεπορταζ και ειδησεισ για την οικονομια τισ επιχειρησεισ το χρηματιστηριο την πολιτικη mononewsgr,1
Κλιματική αλλαγή: Αγωγή κατά της γερμανικής κυβέρνησης για τις εκπομπές άνθρακα https://t.co/C4N15elkzR,κλιματικη αλλαγη αγωγη κατα τησ γερμανικησ κυβερνησησ για τισ εκπομπεσ ανθρακα,1
"Έρευνα: Εκτόξευση στην προώθηση παραπληροφόρησης για την κλιματική κρίση στα social media,
https://t.co/tol4yDEvJr,",ερευνα εκτοξευση στην προωθηση παραπληροφορησησ για την κλιματικη κριση στα social media,1
RT @Epikouros43: Κλιματική αλλαγή σου λέει ο «ειδικός» ανθρωπάκο κ σε τρομάζει.Ποια κλιματική αλλαγή βρε σαλτιμπάγκο που επέχετε μπαζώσει ό…,rt epikouros κλιματικη αλλαγη σου λεει ο ειδικοσ ανθρωπακο κ σε τρομαζειποια κλιματικη αλλαγη βρε σαλτιμπαγκο που επεχετε μπαζωσει ο,1
Κλιματική αλλαγή: Αγωγή κατά της γερμανικής κυβέρνησης για τις εκπομπές άνθρακα https://t.co/UrnXbeVyWN,κλιματικη αλλαγη αγωγη κατα τησ γερμανικησ κυβερνησησ για τισ εκπομπεσ ανθρακα,1
"Η κλιματική αλλαγή απασχόλησε ιδιαίτερα το 2ο Forum του ΣΠΑΥ, μέσα από την ενότητα «Οι σύγχρονες προκλήσεις της κλιματικής αλλαγής. Το μεγάλο στοίχημα της συντήρησης και αποκατάστασης των δασών», όπουπροεδρεύων ήταν ο δήμαρχος Βάρης-Βούλας-Βουλιαγμένης

https://t.co/AuMbAMa1Lh",η κλιματικη αλλαγη απασχολησε ιδιαιτερα το ο forum του σπαυ μεσα απο την ενοτητα οι συγχρονεσ προκλησεισ τησ κλιματικησ αλλαγησ το μεγαλο στοιχημα τησ συντηρησησ και αποκαταστασησ των δασων οπουπροεδρευων ηταν ο δημαρχοσ βαρησβουλασβουλιαγμενησ,1
Υποτροφίες για τους μαθητές της Νισύρου από το «Ίδρυμα Γεώργιος Μ. Μίχαλος Αειφορία της Νισύρου» #Δημοκρατική #Ρόδος #Δωδεκάνησα https://t.co/logVfdv4ve,υποτροφιεσ για τουσ μαθητεσ τησ νισυρου απο το ιδρυμα γεωργιοσ μ μιχαλοσ αειφορια τησ νισυρου δημοκρατικη ροδοσ δωδεκανησα,1
Κρόκος Κοζάνης: Η κλιματική αλλαγή «χτύπησε» ένα από τα πιο διάσημα ελληνικά αγροτικά προϊόντα https://t.co/1ZmDgfa2aq,κροκοσ κοζανησ η κλιματικη αλλαγη χτυπησε ενα απο τα πιο διασημα ελληνικα αγροτικα προϊοντα,1
ΠΕΡΙΦΕΡΕΙΑΚΗ ΠΑΡΑΤΑΞΗ «ΠΡΑΞΕΙΣ ΓΙΑ ΤΗΝ ΜΑΚΕΔΟΝΙΑ»: «ΑΓΡΟΤΙΚΕΣ ΚΙΝΗΤΟΠΟΙΗΣΕΙΣ ΚΑΙ ΚΛΙΜΑΤΙΚΗ ΑΛΛΑΓΗ»(https://t.co/3wE6t52Tww),περιφερειακη παραταξη πραξεις για την μακεδονια αγροτικες κινητοποιησεις και κλιματικη αλλαγη,1
Υποτροφίες για τους μαθητές της Νισύρου από το «Ίδρυμα Γεώργιος Μ. Μίχαλος Αειφορία της Νισύρου» https://t.co/UCDUyu8bUj via @aegeanews,υποτροφιεσ για τουσ μαθητεσ τησ νισυρου απο το ιδρυμα γεωργιοσ μ μιχαλοσ αειφορια τησ νισυρου via aegeanews,1
"Πλήρης στήριξη Γκουτέρες σε Στιούαρτ - «Δεν σχολιάζουμε αναφερόμενες συνομιλίες σε ιδιωτικό περιβάλλον» #Cyprus 
via @politis_news 
https://t.co/7ru9BDXvBM",πληρησ στηριξη γκουτερεσ σε στιουαρτ δεν σχολιαζουμε αναφερομενεσ συνομιλιεσ σε ιδιωτικο περιβαλλον cyprus via politis_news,1
ΗΜΕΡΙΔΑ: «Κλιματική αλλαγή και επιπτώσεις στην Βιολογική Μελισσοκομία» https://t.co/AeAiHZChy1,ημεριδα κλιματικη αλλαγη και επιπτωσεισ στην βιολογικη μελισσοκομια,1
RT @mdenaxa: 🇰🇼 Πρόκειται για το μεγαλύτερο νεκροταφείο ελαστικών στον κόσμο στο Κουβέιτ.  Αλλά σε λίγο θα πρέπει οι πολίτες να πληρώνουν φ…,rt mdenaxa προκειται για το μεγαλυτερο νεκροταφειο ελαστικων στον κοσμο στο κουβειτ αλλα σε λιγο θα πρεπει οι πολιτεσ να πληρωνουν φ,1
"Στην Ιαπωνία ο Κυριάκος Μητσοτάκης: Στο επίκεντρο επενδύσεις σε τεχνολογία και πράσινη ενέργεια - Ρεπορτάζ και ειδήσεις για την Οικονομία, τις Επιχειρήσεις, το Χρηματιστήριο, την Πολιτική #mononewsGR https://t.co/jiJxwucUO1",στην ιαπωνια ο κυριακοσ μητσοτακησ στο επικεντρο επενδυσεισ σε τεχνολογια και πρασινη ενεργεια ρεπορταζ και ειδησεισ για την οικονομια τισ επιχειρησεισ το χρηματιστηριο την πολιτικη mononewsgr,1
Χάγη: Διαδήλωση για την κλιματική αλλαγή και δεκάδες συλλήψεις https://t.co/p5NoI6RXgr,χαγη διαδηλωση για την κλιματικη αλλαγη και δεκαδεσ συλληψεισ,1
Κλιματική αλλαγή: Πώς τα βιντεοπαιχνίδια μπορούν να εκπαιδεύσουν και να εμπνεύσουν τους παίκτες να αναλάβουν δράση - LarissaPress https://t.co/p4HdSKHRdB,κλιματικη αλλαγη πωσ τα βιντεοπαιχνιδια μπορουν να εκπαιδευσουν και να εμπνευσουν τουσ παικτεσ να αναλαβουν δραση larissapress,1
Κλιματική αλλαγή: Πώς τα βιντεοπαιχνίδια μπορούν να εκπαιδεύσουν και να εμπνεύσουν τους παίκτες να αναλάβουν δράση https://t.co/TEprh62y3N,κλιματικη αλλαγη πωσ τα βιντεοπαιχνιδια μπορουν να εκπαιδευσουν και να εμπνευσουν τουσ παικτεσ να αναλαβουν δραση,1
RT @mdenaxa: 🇰🇼 Πρόκειται για το μεγαλύτερο νεκροταφείο ελαστικών στον κόσμο στο Κουβέιτ.  Αλλά σε λίγο θα πρέπει οι πολίτες να πληρώνουν φ…,rt mdenaxa προκειται για το μεγαλυτερο νεκροταφειο ελαστικων στον κοσμο στο κουβειτ αλλα σε λιγο θα πρεπει οι πολιτεσ να πληρωνουν φ,1
"Η κλιματική κρίση, οι αλλαγές που έφερε στην Κύπρο και ο κίνδυνος ερημοποίησης
#alphanewslive #cyprus
https://t.co/xy5SUVoSGt",η κλιματικη κριση οι αλλαγεσ που εφερε στην κυπρο και ο κινδυνοσ ερημοποιησησ alphanewslive cyprus,1
"Καπνιστές το 14% των μαθητών 15-16 ετών, προωθείται από ΑΑΕΚ ευρωπαϊκή εκστρατεία για περιβάλλον χωρίς καπνό https://t.co/FtGwIPu0ZL",καπνιστεσ το των μαθητων ετων προωθειται απο ααεκ ευρωπαϊκη εκστρατεια για περιβαλλον χωρισ καπνο,1
Πλημμύρες: Η Ελλάδα τέταρτη στην Ανατολική Μεσόγειο κατά την περίοδο 1882-2021 https://t.co/iukgmIKETl #ΚΑΙΡΟΣ #ΚΟΣΜΟΣ #ΠΕΡΙΒΑΛΛΟΝ #ΣΤΑΤΙΣΤΙΚΕΣ https://t.co/CZsDzI9Mqq,πλημμυρεσ η ελλαδα τεταρτη στην ανατολικη μεσογειο κατα την περιοδο καιρος κοσμος περιβαλλον στατιστικες,1
Διάλεξη της Δρ. Αικατερίνης Πολυμέρου- Καμηλάκη για την κλιματική αλλαγή https://t.co/AMEAUKpHn4,διαλεξη τησ δρ αικατερινησ πολυμερου καμηλακη για την κλιματικη αλλαγη,1
"Κομισιόν: «Φρένο» σε νέο δανεισμό για την «πράσινη βιομηχανία» - Ρεπορτάζ και ειδήσεις για την Οικονομία, τις Επιχειρήσεις, το Χρηματιστήριο, την Πολιτική #mononewsGR https://t.co/XbOTQNURRC",κομισιον φρενο σε νεο δανεισμο για την πρασινη βιομηχανια ρεπορταζ και ειδησεισ για την οικονομια τισ επιχειρησεισ το χρηματιστηριο την πολιτικη mononewsgr,1
Eurostat: Στην ΕΕ η παραγωγή ηλεκτρικής ενέργειας από ανανεώσιμες πηγές αυξήθηκε κατά 5% από το 2020 ως το 2021 https://t.co/emwJf7qVbs,eurostat στην εε η παραγωγη ηλεκτρικησ ενεργειασ απο ανανεωσιμεσ πηγεσ αυξηθηκε κατα απο το ωσ το,1
ΕΕ: Αυξήθηκε η παραγωγή ηλεκτρικής ενέργειας από ανανεώσιμες πηγές- Στο 36% η Ελλάδα - https://t.co/04rBfmm4sV https://t.co/SO4Ofd1Dvo,εε αυξηθηκε η παραγωγη ηλεκτρικησ ενεργειασ απο ανανεωσιμεσ πηγεσ στο η ελλαδα,1
"Η κλιματική κρίση απειλεί την ελιά Χαλκιδικής 

Οι προκλήσεις στο νομό

https://t.co/yEymdoTv3m",η κλιματικη κριση απειλει την ελια χαλκιδικησ οι προκλησεισ στο νομο,1
Συμμετοχή της Περιφέρειας Κρήτης στη συνάντηση της «Αποστολής για την προσαρμογή στη Κλιματική Αλλαγή» της Ευρωπαϊκής Επιτροπής https://t.co/GbxkJIJ38L,συμμετοχη τησ περιφερειασ κρητησ στη συναντηση τησ αποστολησ για την προσαρμογη στη κλιματικη αλλαγη τησ ευρωπαϊκησ επιτροπησ,1
"Ίδρυμα #Vodafone: 130 ώρες δωρεάν επιμόρφωσης για εκπαιδευτικούς στο περιβάλλον STEAM | Ρεπορτάζ και ειδήσεις για την Οικονομία, τις Επιχειρήσεις, το Χρηματιστήριο, την Πολιτική https://t.co/UN7HE86aKM",ιδρυμα vodafone ωρεσ δωρεαν επιμορφωσησ για εκπαιδευτικουσ στο περιβαλλον steam ρεπορταζ και ειδησεισ για την οικονομια τισ επιχειρησεισ το χρηματιστηριο την πολιτικη,1
Enel Green Power: Ρεκόρ ενέργειας που παράγεται ετησίως από ανανεώσιμες πηγές το 2022 https://t.co/3IXOUlm5u7 #businessnewsgr,enel green power ρεκορ ενεργειασ που παραγεται ετησιωσ απο ανανεωσιμεσ πηγεσ το businessnewsgr,1
Ισπανία: Οι χοιροτρόφοι αντιμέτωποι με υψηλά κόστη και κλιματική αλλαγή https://t.co/UNv6bzxyYA,ισπανια οι χοιροτροφοι αντιμετωποι με υψηλα κοστη και κλιματικη αλλαγη,1
Αυτοί που έφεραν τους ανθρώπους στα όρια τους το σίγουρο είναι ότι δεν μπορούν να αλλάξουν πλανήτη οπότε εδώ σε αυτό το περιβάλλον θα πληρώσουν όλοι για τα εγκλήματα τους με εντυπωσιακό τρόπο και ο καθένας ξεχωριστά θα πάρει ότι του αξίζει...   https://t.co/ygUrtaMYSm via @wpvkp,αυτοι που εφεραν τουσ ανθρωπουσ στα ορια τουσ το σιγουρο ειναι οτι δεν μπορουν να αλλαξουν πλανητη οποτε εδω σε αυτο το περιβαλλον θα πληρωσουν ολοι για τα εγκληματα τουσ με εντυπωσιακο τροπο και ο καθενασ ξεχωριστα θα παρει οτι του αξιζει via wpvkp,1
"""Παρούσα"" η Κρήτη στο ετήσιο φόρουμ της ΕΕ για την κλιματική αλλαγή https://t.co/hMTNeD5wgw",παρουσα η κρητη στο ετησιο φορουμ τησ εε για την κλιματικη αλλαγη,1
Σε συνάντηση της «Αποστολής για την προσαρμογή στην Κλιματική Αλλαγή» η Περιφέρεια Κρήτης. https://t.co/8bTwRESXvb,σε συναντηση τησ αποστολησ για την προσαρμογη στην κλιματικη αλλαγη η περιφερεια κρητησ,1
ΤΕΛΟΣ!!! Αυτό φταίει για την… «κλιματική αλλαγή»!!! Καθήστε κάπου και δείτε το ΒΙΝΤΕΟ https://t.co/d3G72gr6lQ,τελος αυτο φταιει για την κλιματικη αλλαγη καθηστε καπου και δειτε το βιντεο,1
"Μακριά από πολυτέλειες και ακριβά γούστα τα πιο δημοφιλή σπίτια της Airbnb στο Instagram φανερώνουν ότι ο βιώσιμος τουρισμός και η αλληλεπίδραση με τη φύση, σε συνδυασμό με τον πληθωρισμό και το αυξανόμενο κόστος διαβίωσης ήρθαν για να μείνουν... https://t.co/6Ee05eetzY",μακρια απο πολυτελειεσ και ακριβα γουστα τα πιο δημοφιλη σπιτια τησ airbnb στο instagram φανερωνουν οτι ο βιωσιμοσ τουρισμοσ και η αλληλεπιδραση με τη φυση σε συνδυασμο με τον πληθωρισμο και το αυξανομενο κοστοσ διαβιωσησ ηρθαν για να μεινουν,1
Περιβάλλον: Τα δέντρα θα μπορούσαν να μειώσουν κατά ένα τρίτο το ποσοστό θνησιμότητας - https://t.co/AcElAO8yMe https://t.co/JkUVfdE7oB,περιβαλλον τα δεντρα θα μπορουσαν να μειωσουν κατα ενα τριτο το ποσοστο θνησιμοτητασ,1
Πρόστιμο για «ΜΗ ΒΙΩΣΙΜΗ» καύση ξύλων ακόμα και ΠΟΙΝΙΚΕΣ διώξεις https://t.co/Y5qsWvCdmU,προστιμο για μη βιωσιμη καυση ξυλων ακομα και ποινικες διωξεισ,1
"Shipbreaking Platform: Διαλύθηκαν 443 πλοία το 2022, αλλά προκάλεσαν σοβαρές βλάβες στο περιβάλλον - Ρεπορτάζ και ειδήσεις για την Οικονομία, τις Επιχειρήσεις, το Χρηματιστήριο, την Πολιτική #mononewsGR https://t.co/tMIQq8aq4X",shipbreaking platform διαλυθηκαν πλοια το αλλα προκαλεσαν σοβαρεσ βλαβεσ στο περιβαλλον ρεπορταζ και ειδησεισ για την οικονομια τισ επιχειρησεισ το χρηματιστηριο την πολιτικη mononewsgr,1
Σούνιο: Πώς θα αναστήσετε ένα δάσος χωρίς να το ξανασκοτώσετε https://t.co/sB4gBnJzpQ #ΑΡΘΡΑ #WWF #ΑΝΑΔΑΣΩΣΗ #ΠΕΡΙΒΑΛΛΟΝ #ΣΟΥΝΙΟ By https://t.co/p9zfHynwcm https://t.co/SRPe0uxPtW,σουνιο πωσ θα αναστησετε ενα δασοσ χωρισ να το ξανασκοτωσετε αρθρα wwf αναδασωση περιβαλλον σουνιο by,1
"Κλιματική αλλαγή &amp; Βιολογική Μελισσοκομία
https://t.co/v9tbVjA7e9 https://t.co/FZNobAWeex",κλιματικη αλλαγη amp βιολογικη μελισσοκομια,1
Ημερίδα «Κλιματική αλλαγή και επιπτώσεις στην Βιολογική Μελισσοκομία» https://t.co/68CdI3oE4B,ημεριδα κλιματικη αλλαγη και επιπτωσεισ στην βιολογικη μελισσοκομια,1
"Μια έξυπνη, βιώσιμη υποδομή, μεγάλης αντοχής, για την άνετη και ασφαλή λειτουργία μιας πόλη, είναι ο δημόσιος φωτισμός, ο οποίος με τη χρήση της σύγχρονης τεχνολογίας, επιτυγχάνει βελτίωση του περιβάλλοντος και μεγάλης κλίμακας εξοικονόμηση ενέργειας

https://t.co/klWdQrL0Vz",μια εξυπνη βιωσιμη υποδομη μεγαλησ αντοχησ για την ανετη και ασφαλη λειτουργια μιασ πολη ειναι ο δημοσιοσ φωτισμοσ ο οποιοσ με τη χρηση τησ συγχρονησ τεχνολογιασ επιτυγχανει βελτιωση του περιβαλλοντοσ και μεγαλησ κλιμακασ εξοικονομηση ενεργειασ,1
"Μια έξυπνη, βιώσιμη υποδομή, μεγάλης αντοχής, για την άνετη και ασφαλή λειτουργία μιας πόλη, είναι ο δημόσιος φωτισμός, ο οποίος με τη χρήση της σύγχρονης τεχνολογίας, επιτυγχάνει βελτίωση του περιβάλλοντος και μεγάλης κλίμακας εξοικονόμηση ενέργειας

https://t.co/2EDtLIMRct",μια εξυπνη βιωσιμη υποδομη μεγαλησ αντοχησ για την ανετη και ασφαλη λειτουργια μιασ πολη ειναι ο δημοσιοσ φωτισμοσ ο οποιοσ με τη χρηση τησ συγχρονησ τεχνολογιασ επιτυγχανει βελτιωση του περιβαλλοντοσ και μεγαλησ κλιμακασ εξοικονομηση ενεργειασ,1
"Π. Κόκκαλης: “Η κλιματική κρίση και οι κοινωνικές ανισότητες είναι ανθρώπων έργα, όχι αναπόφευκτα φυσικά φαινόμενα.” https://t.co/rMHdUmImA1",π κοκκαλησ η κλιματικη κριση και οι κοινωνικεσ ανισοτητεσ ειναι ανθρωπων εργα οχι αναποφευκτα φυσικα φαινομενα,1
Ραγδαία αύξηση του όγκου των απορριμμάτων πλαστικών μιας χρήσης σε μια διετία https://t.co/Hkjlac1a4v #ΑΝΑΚΥΚΛΩΣΗ #ΠΕΡΙΒΑΛΛΟΝ https://t.co/xaQJ8Im0rB,ραγδαια αυξηση του ογκου των απορριμματων πλαστικων μιασ χρησησ σε μια διετια ανακυκλωση περιβαλλον,1
Κλιματική αλλαγή: Οι 10 κορυφαίες τάσεις που θα αλλάξουν το μέλλον https://t.co/EjLCd3j5Xs,κλιματικη αλλαγη οι κορυφαιεσ τασεισ που θα αλλαξουν το μελλον,1
Κλιματική αλλαγή: Οι παγετώνες μετατρέπονται σε όπλα μαζικής καταστροφής https://t.co/ZqECBq49x7 #ΑΡΘΡΑ #ΙΜΑΛΑΪΑ #ΚΛΙΜΑΤΙΚΗΑΛΛΑΓΗ #ΠΑΓΕΤΩΝΕΣ By https://t.co/p9zfHynwcm,κλιματικη αλλαγη οι παγετωνεσ μετατρεπονται σε οπλα μαζικησ καταστροφησ αρθρα ιμαλαϊα κλιματικηαλλαγη παγετωνες by,1
"Ημερίδα του ACT - American College of Thessaloniki, με θέμα ""Ασφάλεια, Ενέργεια και Περιβάλλον στην Ανατολική Μεσόγειο: Ιστορική Προσέγγιση και Σύγχρονες Προκλήσεις"" το Σάββατο 18 Φεβρουαρίου 2023",ημεριδα του act american college of thessaloniki με θεμα ασφαλεια ενεργεια και περιβαλλον στην ανατολικη μεσογειο ιστορικη προσεγγιση και συγχρονεσ προκλησεισ το σαββατο φεβρουαριου,1
"Σκρέκας: Η κυβέρνηση κάνει πράξη την απαίτηση για την Πράσινη Μετάβαση - Ρεπορτάζ και ειδήσεις για την Οικονομία, τις Επιχειρήσεις, το Χρηματιστήριο, την Πολιτική #mononewsGR https://t.co/HkaKGiLZnU",σκρεκασ η κυβερνηση κανει πραξη την απαιτηση για την πρασινη μεταβαση ρεπορταζ και ειδησεισ για την οικονομια τισ επιχειρησεισ το χρηματιστηριο την πολιτικη mononewsgr,1
Κλιματική αλλαγή και επιπτώσεις στην Βιολογική Μελισσοκομία https://t.co/2t3ubc9T9J,κλιματικη αλλαγη και επιπτωσεισ στην βιολογικη μελισσοκομια,1
Εσείς τι κάνετε για να προστατέψετε το περιβάλλον; Απαντήστε στο νέο poll του Act for Earth - https://t.co/DHUcCpn9IG https://t.co/lONEMI5bLT,εσεισ τι κανετε για να προστατεψετε το περιβαλλον απαντηστε στο νεο poll του act for earth,1
"Μπιλ Γκέιτς: Από τα «κηρύγματα» για το περιβάλλον, τον πολυτελή βίο μέχρι την αγκαλιά της χήρας του CEO της Oracle https://t.co/f4A878CdvK",μπιλ γκειτσ απο τα κηρυγματα για το περιβαλλον τον πολυτελη βιο μεχρι την αγκαλια τησ χηρασ του ceo τησ oracle,1
"Η κλιματική αλλαγή συμβάλλει στην αύξηση των υπερβακτηρίων, προειδοποιεί έκθεση του ΟΗΕ https://t.co/a2XpbtPvWc",η κλιματικη αλλαγη συμβαλλει στην αυξηση των υπερβακτηριων προειδοποιει εκθεση του οηε,1
"Μπιλ Γκέιτς: Από τα «κηρύγματα» για το περιβάλλον, τον πολυτελή βίο μέχρι την αγκαλιά της χήρας του CEO της Oracle https://t.co/2o0Lj1Kyaq",μπιλ γκειτσ απο τα κηρυγματα για το περιβαλλον τον πολυτελη βιο μεχρι την αγκαλια τησ χηρασ του ceo τησ oracle,1
ΦΟΔΣΑ Νοτίου Αιγαίου: Σημαντικός ο ρόλος του για ένα καλύτερο περιβάλλον #Δημοκρατική #Ρόδος #Δωδεκάνησα https://t.co/ZvBOXUb47K,φοδσα νοτιου αιγαιου σημαντικοσ ο ρολοσ του για ενα καλυτερο περιβαλλον δημοκρατικη ροδοσ δωδεκανησα,1
Καθηγητής Φυσικής εξηγεί την κακοκαιρία «Μπάρμπαρα» – Παίζει ρόλο η κλιματική κρίση; https://t.co/9ldeonaCXr #athanasiosargyrioy #kakokairiamparmpara,καθηγητησ φυσικησ εξηγει την κακοκαιρια μπαρμπαρα παιζει ρολο η κλιματικη κριση athanasiosargyrioy kakokairiamparmpara,1
Μπάιντεν και Λούλα δεσμεύθηκαν να προστατεύσουν τη δημοκρατία και να αντιμετωπίσουν την κλιματική αλλαγή https://t.co/oKXaYAZeDZ,μπαιντεν και λουλα δεσμευθηκαν να προστατευσουν τη δημοκρατια και να αντιμετωπισουν την κλιματικη αλλαγη,1
Μπάιντεν και Λούλα δεσμεύθηκαν να προστατεύσουν τη δημοκρατία και να αντιμετωπίσουν την κλιματική αλλαγή https://t.co/5IQ9Bq4JRj,μπαιντεν και λουλα δεσμευθηκαν να προστατευσουν τη δημοκρατια και να αντιμετωπισουν την κλιματικη αλλαγη,1
"Μπάιντεν και Λούλα δεσμεύθηκαν να προστατεύσουν τη δημοκρατία και να αντιμετωπίσουν την κλιματική αλλαγή

https://t.co/TcXEcmZrIP

#Biden_Lula #ΗΠΑ #Βραζιλία",μπαιντεν και λουλα δεσμευθηκαν να προστατευσουν τη δημοκρατια και να αντιμετωπισουν την κλιματικη αλλαγη biden_lula ηπα βραζιλια,1
Μπρίτνεϊ Σπίαρς: «Η ζωή της βρίσκεται σε κίνδυνο» λένε άτομα από το περιβάλλον της https://t.co/EhW5B1qJFL,μπριτνεϊ σπιαρσ η ζωη τησ βρισκεται σε κινδυνο λενε ατομα απο το περιβαλλον τησ,1
"Σε πλήρη εξέλιξη το μεγάλο αποχετευτικό έργο της Ανατολικής Αττικής προϋπολογισμού 500 εκατ. ευρώ

Θα λύσει οριστικά το πρόβλημα της αποχέτευσης και των επιπτώσεών της στη δημόσια υγεία και το περιβάλλον, αναβαθμίζοντας την ποιότητα ζωής 250.000 κατοίκων

https://t.co/n1CecFXFh1",σε πληρη εξελιξη το μεγαλο αποχετευτικο εργο τησ ανατολικησ αττικησ προϋπολογισμου εκατ ευρω θα λυσει οριστικα το προβλημα τησ αποχετευσησ και των επιπτωσεων τησ στη δημοσια υγεια και το περιβαλλον αναβαθμιζοντασ την ποιοτητα ζωησ κατοικων,1
"Σε πλήρη εξέλιξη βρίσκεται ένα σημαντικό αναπτυξιακό έργο υποδομής, κοινωνικού χαρακτήρα το οποίο θα λύσει οριστικά το τεράστιο πρόβλημα της αποχέτευσης και των επιπτώσεων της στη δημόσια υγεία και το περιβάλλον, αναβαθμίζοντας την ποιότητα ζωής 250.000

https://t.co/n8edVxaxNx",σε πληρη εξελιξη βρισκεται ενα σημαντικο αναπτυξιακο εργο υποδομησ κοινωνικου χαρακτηρα το οποιο θα λυσει οριστικα το τεραστιο προβλημα τησ αποχετευσησ και των επιπτωσεων τησ στη δημοσια υγεια και το περιβαλλον αναβαθμιζοντασ την ποιοτητα ζωησ,1
Η κλιματική αλλαγή «τελειώνει» το σιρόπι σφενδάμου – Σήμα κινδύνου από τους παραγωγούς https://t.co/HQJOn9wgFX,η κλιματικη αλλαγη τελειωνει το σιροπι σφενδαμου σημα κινδυνου απο τουσ παραγωγουσ,1
"[Κλικ και διαβάστε στο eleftherostypos]Κλιματική  #Αλλαγή: Ο  #Ιανουάριος στην Ευρώπη ήταν 2,2 °C πιο ζεστός από το μέσο όρο https://t.co/8VmGUg20Vz",κλικ και διαβαστε στο eleftherostyposκλιματικη αλλαγη ο ιανουαριοσ στην ευρωπη ηταν c πιο ζεστοσ απο το μεσο ορο,1
"Γ. Ακριβούλης: ""Σε πλήρη σύγχυση ο δήμαρχος Κιλελέρ"" - Βιομηχανία αναθέσεων, ψέματα και υπεκφυγές για τις ανανεώσιμες πηγές ενέργειας
https://t.co/kJaVepRU4U",γ ακριβουλησ σε πληρη συγχυση ο δημαρχοσ κιλελερ βιομηχανια αναθεσεων ψεματα και υπεκφυγεσ για τισ ανανεωσιμεσ πηγεσ ενεργειασ,1
"Ακριβούλης για Νασιακόπουλο: Βιομηχανία αναθέσεων, ψέματα και υπεκφυγές για τις ανανεώσιμες πηγές ενέργειας https://t.co/T8YbxMvTYY",ακριβουλησ για νασιακοπουλο βιομηχανια αναθεσεων ψεματα και υπεκφυγεσ για τισ ανανεωσιμεσ πηγεσ ενεργειασ,1
"«Δεν θα κατέχετε τίποτα»! Αυτό είναι ΚΥΚΛΙΚΗ ΟΙΚΟΝΟΜΙΑ και «εισβάλλει» παντού, vid https://t.co/a1Oce8B8UE",δεν θα κατεχετε τιποτα αυτο ειναι κυκλικη οικονομια και εισβαλλει παντου vid,1
RT @Moneypressgr: Η κλιματική αλλαγή «τελειώνει» το σιρόπι σφενδάμου – Σήμα κινδύνου από τους πα...  #moneypress https://t.co/Uia18vhoQh,rt moneypressgr η κλιματικη αλλαγη τελειωνει το σιροπι σφενδαμου σημα κινδυνου απο τουσ πα moneypress,1
Η κλιματική αλλαγή «τελειώνει» το σιρόπι σφενδάμου – Σήμα κινδύνου από τους πα...  #moneypress https://t.co/Uia18vhoQh,η κλιματικη αλλαγη τελειωνει το σιροπι σφενδαμου σημα κινδυνου απο τουσ πα moneypress,1
"Γερμανία: Μεγάλες φιλοδοξίες, μικρές αποδόσεις για τις ανανεώσιμες πηγές ενέργειας https://t.co/NNTU7bg09z",γερμανια μεγαλεσ φιλοδοξιεσ μικρεσ αποδοσεισ για τισ ανανεωσιμεσ πηγεσ ενεργειασ,1
RT @Santa19022544: Ξύπνησα αλλά δεν έχω καμία επαφή με το περιβάλλον https://t.co/3KFVSBthSS,rt santa ξυπνησα αλλα δεν εχω καμια επαφη με το περιβαλλον,1
Στουρνάρας: Η κλιματική αλλαγή ίσως η σημαντικότερη απειλή για τη βιωσιμότητα των κοινωνιών https://t.co/g2JWdHETDm #businessnewsgr,στουρναρασ η κλιματικη αλλαγη ισωσ η σημαντικοτερη απειλη για τη βιωσιμοτητα των κοινωνιων businessnewsgr,1
Με διασπορά σεληνιακής σκόνης στο διάστημα φιλοδοξούν επιστήμονες να περιορίσουν την ηλιακή ακτινοβολία και την κλιματική αλλαγή https://t.co/HBIMeg4y4H,με διασπορα σεληνιακησ σκονησ στο διαστημα φιλοδοξουν επιστημονεσ να περιορισουν την ηλιακη ακτινοβολια και την κλιματικη αλλαγη,1
"Μακροπρόθεσμη Συμφωνία Αγοράς Ηλεκτρικής Ενέργειας (PPA) για την «πράσινη» ενέργεια που θα παραχθεί από χαρτοφυλάκιο αιολικών έργων συνολικής ισχύος 78 MW υπέγραψαν η MYTILINEOS και η EDPR.
Πρόκειται,όπως επισημαίνεται στη σχετική ανακοινωση, για το

https://t.co/6CicUqEXBH",μακροπροθεσμη συμφωνια αγορασ ηλεκτρικησ ενεργειασ ppa για την πρασινη ενεργεια που θα παραχθει απο χαρτοφυλακιο αιολικων εργων συνολικησ ισχυοσ mw υπεγραψαν η mytilineos και η edpr προκειταιοπωσ επισημαινεται στη σχετικη ανακοινωση για το,1
RT @LykavitosGr: Συμφωνία συνεργασίας MYTILINEOS - EDPR για την πράσινη ενέργεια  #Mytilineos https://t.co/tPArtdoTXu,rt lykavitosgr συμφωνια συνεργασιασ mytilineos edpr για την πρασινη ενεργεια mytilineos,1
RT @LykavitosGr: Συμφωνία συνεργασίας MYTILINEOS - EDPR για την πράσινη ενέργεια  #Mytilineos https://t.co/tPArtdoTXu,rt lykavitosgr συμφωνια συνεργασιασ mytilineos edpr για την πρασινη ενεργεια mytilineos,1
Με διασπορά σεληνιακής σκόνης στο διάστημα φιλοδοξούν επιστήμονες να περιορίσουν την ηλιακή ακτινοβολία και την κλιματική αλλαγή https://t.co/YAASxMibcf,με διασπορα σεληνιακησ σκονησ στο διαστημα φιλοδοξουν επιστημονεσ να περιορισουν την ηλιακη ακτινοβολια και την κλιματικη αλλαγη,1
"Στουρνάρας: Μεγαλύτερη απειλή για τη βιωσιμότητα των κοινωνιών η κλιματική αλλαγή - Ρεπορτάζ και ειδήσεις για την Οικονομία, τις Επιχειρήσεις, το Χρηματιστήριο, την Πολιτική #mononewsGR https://t.co/nITG9YVjHh",στουρναρασ μεγαλυτερη απειλη για τη βιωσιμοτητα των κοινωνιων η κλιματικη αλλαγη ρεπορταζ και ειδησεισ για την οικονομια τισ επιχειρησεισ το χρηματιστηριο την πολιτικη mononewsgr,1
"Κλιματική κρίση: Δραματική προειδοποίηση Γκουτέρες για «χείμαρρο προβλημάτων»,
https://t.co/0NRFNjvmwE,",κλιματικη κριση δραματικη προειδοποιηση γκουτερεσ για χειμαρρο προβληματων,1
"📢 ΕΕ: Ψηφίστηκε ο νόμος για κατάργηση των κινητήρων εσωτερικής καύσης
#ΑΥΤΟΚΙΝΗΤΟ #ΕΕ #ΝΟΜΟΣ #ΠΕΡΙΒΑΛΛΟΝ

https://t.co/APiAB1zGpI",εε ψηφιστηκε ο νομοσ για καταργηση των κινητηρων εσωτερικησ καυσησ αυτοκινητο εε νομος περιβαλλον,1
Κλιματική αλλαγή: Πάνω από 700 δισ. ευρώ το κόστος για την οικονοµία έως το 2100 https://t.co/6316x6uR0X,κλιματικη αλλαγη πανω απο δισ ευρω το κοστοσ για την οικονοµια εωσ το,1
"📢 701 δισ. ευρώ κοστίζει για την Ελλάδα η Κλιματική Αλλαγή
#ΕΛΛΑΔΑ #ΚΛΙΜΑΤΙΚΗΑΛΛΑΓΗ #ΚΟΣΤΟΣ

https://t.co/34686Xsl57",δισ ευρω κοστιζει για την ελλαδα η κλιματικη αλλαγη ελλαδα κλιματικηαλλαγη κοστος,1
"📢 701 δισ. ευρώ κοστίζει για την Ελλάδα η Κλιματική Αλλαγή
#ΕΛΛΑΔΑ #ΚΛΙΜΑΤΙΚΗΑΛΛΑΓΗ #ΚΟΣΤΟΣ

https://t.co/4NK4m2h3nJ",δισ ευρω κοστιζει για την ελλαδα η κλιματικη αλλαγη ελλαδα κλιματικηαλλαγη κοστος,1
"Calamos Investments-Γιάννης Αντετοκούνμπο: Στο NYSE το νέο βιώσιμο fund SROI -Στις 31 Μαρτίου η τελετή έναρξη συνεδρίασης - Ρεπορτάζ και ειδήσεις για την Οικονομία, τις Επιχειρήσεις, το Χρηματιστήριο, την Πολιτική #mononewsGR https://t.co/qunfjFA9RD",calamos investmentsγιαννησ αντετοκουνμπο στο nyse το νεο βιωσιμο fund sroi στισ μαρτιου η τελετη εναρξη συνεδριασησ ρεπορταζ και ειδησεισ για την οικονομια τισ επιχειρησεισ το χρηματιστηριο την πολιτικη mononewsgr,1
ΠΟΥ: Η κλιματική κρίση είναι μια υγειονομική κρίση – Έρχονται ΚΛΙΜΑΤΙΚΑ LOCKDOWN;;; vid https://t.co/kDRMZZimy4,που η κλιματικη κριση ειναι μια υγειονομικη κριση ερχονται κλιματικα lockdown vid,1
"«Δεν πρόκειται ούτε να ιδρύσει κόμμα, ούτε να βρίσκεται πίσω από κάποιο άλλο», αναφέρει το περιβάλλον του
https://t.co/RltStKd1cb",δεν προκειται ουτε να ιδρυσει κομμα ουτε να βρισκεται πισω απο καποιο αλλο αναφερει το περιβαλλον του,1
Η κλιματική κρίση ροκανίζει το ΑΕΠ #Δημοκρατική #Ρόδος #Δωδεκάνησα https://t.co/3bOKRb9pTI,η κλιματικη κριση ροκανιζει το αεπ δημοκρατικη ροδοσ δωδεκανησα,1
Κλιματική αλλαγή: Για αστρονομική ζημιά στο ΑΕΠ προειδοποιεί η ΤτΕ - https://t.co/JFrBs1oSqn https://t.co/VskSTRPNaO,κλιματικη αλλαγη για αστρονομικη ζημια στο αεπ προειδοποιει η ττε,1
Κλιματική αλλαγή: Για αστρονομική ζημιά στο ΑΕΠ προειδοποιεί η ΤτΕ - https://t.co/zhRmTacasD https://t.co/J5FrBT9l7g,κλιματικη αλλαγη για αστρονομικη ζημια στο αεπ προειδοποιει η ττε,1
Act for Earth – Ψηφίστε στo poll της εβδομάδας: Τι θα αλλάξετε στη διατροφή σας για το περιβάλλον; - https://t.co/k2oV0fUlX6 https://t.co/h0oFMai6um,act for earth ψηφιστε στo poll τησ εβδομαδασ τι θα αλλαξετε στη διατροφη σασ για το περιβαλλον,1
Πόσο ρυπαίνουν το περιβάλλον οι πλουσιότεροι του κόσμου – Η λίστα με τους… χειρότερους https://t.co/VBosiw5ZPG,ποσο ρυπαινουν το περιβαλλον οι πλουσιοτεροι του κοσμου η λιστα με τουσ χειροτερουσ,1
"Ουκρανία: «Βιώσιμη ειρήνη» θα ζητήσει η Γενική Συνέλευση του ΟΗΕ με αφορμή την πρώτη επέτειο από τη ρωσική εισβολή - Ρεπορτάζ και ειδήσεις για την Οικονομία, τις Επιχειρήσεις, το Χρηματιστήριο, την Πολιτική #mononewsGR https://t.co/WinQWPuSmf",ουκρανια βιωσιμη ειρηνη θα ζητησει η γενικη συνελευση του οηε με αφορμη την πρωτη επετειο απο τη ρωσικη εισβολη ρεπορταζ και ειδησεισ για την οικονομια τισ επιχειρησεισ το χρηματιστηριο την πολιτικη mononewsgr,1
Πώς θα κάνουν τα ξενοδοχεία στροφή στην βιώσιμη φιλοξενία https://t.co/4saUmTMBjE,πωσ θα κανουν τα ξενοδοχεια στροφη στην βιωσιμη φιλοξενια,1
Μ. Κόνσολας: «Οριστική και βιώσιμη λύση στο ιδιοκτησιακό καθεστώς των καταπατημένων ακινήτων του δημοσίου». #Δημοκρατική #Ρόδος #Δωδεκάνησα https://t.co/d0ZvaBZhEI,μ κονσολασ οριστικη και βιωσιμη λυση στο ιδιοκτησιακο καθεστωσ των καταπατημενων ακινητων του δημοσιου δημοκρατικη ροδοσ δωδεκανησα,1
"Νομοσχέδιο ΥΠΕΝ: Πρόσβαση στην πράσινη ενέργεια και στην κοινωνία - Ρεπορτάζ και ειδήσεις για την Οικονομία, τις Επιχειρήσεις, το Χρηματιστήριο, την Πολιτική #mononewsGR https://t.co/tk3HXt7k9V",νομοσχεδιο υπεν προσβαση στην πρασινη ενεργεια και στην κοινωνια ρεπορταζ και ειδησεισ για την οικονομια τισ επιχειρησεισ το χρηματιστηριο την πολιτικη mononewsgr,1
"Σ.Ε.Ε.Ν.: Υποστηρίζει και επιταχύνει την Πράσινη Μετάβαση της ακτοπλοΐας με την ηλεκτροδότηση των πλοίων της στα λιμάνια - Ρεπορτάζ και ειδήσεις για την Οικονομία, τις Επιχειρήσεις, το Χρηματιστήριο, την Πολιτική #mononewsGR https://t.co/7EcnNNdb5L",σεεν υποστηριζει και επιταχυνει την πρασινη μεταβαση τησ ακτοπλοΐασ με την ηλεκτροδοτηση των πλοιων τησ στα λιμανια ρεπορταζ και ειδησεισ για την οικονομια τισ επιχειρησεισ το χρηματιστηριο την πολιτικη mononewsgr,1
"11ο Συνέδριο Αγροτεχνολογίας: ""Καμπανάκι"" από τον FAO για την ποσότητα και την ασφάλεια των τροφίμων (VIDEO) - https://t.co/eiOPQNSsIs https://t.co/95tUCt74N4 
#FAO #Αθανάσιος_Τσαυτάρης #ΑΠΘ #Ελληνικά_Τρόφιμα #Ελληνοαμερικανικό_Εμπορικό_Επιμελητήριο #Κυκλική_Οικονομία",ο συνεδριο αγροτεχνολογιασ καμπανακι απο τον fao για την ποσοτητα και την ασφαλεια των τροφιμων video fao αθανασιοσ_τσαυταρησ απθ ελληνικα_τροφιμα ελληνοαμερικανικο_εμπορικο_επιμελητηριο κυκλικη_οικονομια,1
Η γεωργία και πώς συμβάλλει στην κλιματική αλλαγή – Δείτε το Infographic του Act for Earth - https://t.co/pncB4JeezT https://t.co/JOs0meR5rh,η γεωργια και πωσ συμβαλλει στην κλιματικη αλλαγη δειτε το infographic του act for earth,1
Rhodes Co-Lab: Το πρόγραμμα που θα τη μετατρέψει σε «βιώσιμο τουριστικό προορισμό»  #Δημοκρατική #Ρόδος #Δωδεκάνησα https://t.co/86d8nAPpzX,rhodes colab το προγραμμα που θα τη μετατρεψει σε βιωσιμο τουριστικο προορισμο δημοκρατικη ροδοσ δωδεκανησα,1
"Δεν απειλεί η κλιματική αλλαγή τον πλανήτη με αφανισμό, τα επικίνδυνα «παιχνίδια» μεγαλομανών γύρω της τον απειλούν https://t.co/MEtLxZisEU",δεν απειλει η κλιματικη αλλαγη τον πλανητη με αφανισμο τα επικινδυνα παιχνιδια μεγαλομανων γυρω τησ τον απειλουν,1
"Ο George Soros ωθεί μια επικίνδυνη τεχνολογία για να δροσίσει τη Γη και να σταματήσει την «κλιματική αλλαγή», όμως θα μπορούσε να οδηγήσει σε τεράστιο αριθμό θανάτων https://t.co/ez3hJo4aDe",ο george soros ωθει μια επικινδυνη τεχνολογια για να δροσισει τη γη και να σταματησει την κλιματικη αλλαγη ομωσ θα μπορουσε να οδηγησει σε τεραστιο αριθμο θανατων,1
"Περιοχές της Κίνας και των #ΗΠΑ οι πιο ευάλωτες στις συνέπειες της κλιματικής αλλαγής

https://t.co/tISVz1Qq56

#Κίνα #περιβάλλον https://t.co/by08Wf2Usd",περιοχεσ τησ κινασ και των ηπα οι πιο ευαλωτεσ στισ συνεπειεσ τησ κλιματικησ αλλαγησ κινα περιβαλλον,1
"RT @RenaPavlaki: @ghatzimarkos: Η κλιματική κρίση δεν είναι ούτε μοίρα, ούτε πεπρωμένο για να είμαστε παρατηρητές. 
Οπως κάθε κρίση μέχρι σ…",rt renapavlaki ghatzimarkos η κλιματικη κριση δεν ειναι ουτε μοιρα ουτε πεπρωμενο για να ειμαστε παρατηρητεσ οπωσ καθε κριση μεχρι σ,1
"ΥΠΕΝ: Ο θαλάσσιος χωροταξικός σχεδιασμός διασφαλίζει την ειρήνη και τη συνεργασία και προστατεύει το περιβάλλον - Ρεπορτάζ και ειδήσεις για την Οικονομία, τις Επιχειρήσεις, το Χρηματιστήριο, την Πολιτική #mononewsGR https://t.co/34mxVbhpKh",υπεν ο θαλασσιοσ χωροταξικοσ σχεδιασμοσ διασφαλιζει την ειρηνη και τη συνεργασια και προστατευει το περιβαλλον ρεπορταζ και ειδησεισ για την οικονομια τισ επιχειρησεισ το χρηματιστηριο την πολιτικη mononewsgr,1
RT @EnvDep_Cy: Μέσα από την υλοποίηση του εθνικού σχεδιασμού για μείωση των εκπομπών αερίων του θερμοκηπίου κ προσαρμογή στην κλιματική αλλ…,rt envdep_cy μεσα απο την υλοποιηση του εθνικου σχεδιασμου για μειωση των εκπομπων αεριων του θερμοκηπιου κ προσαρμογη στην κλιματικη αλλ,1
Εκτεθειμένες στην κλιματική αλλαγή Κίνα και ΗΠΑ @wwwflynewsgr https://t.co/QBxKK1sEuB,εκτεθειμενεσ στην κλιματικη αλλαγη κινα και ηπα,1
Ένα μεγάλο βήμα για το βιώσιμο περιβάλλον στα νησιά: 35.825 οικιακούς κομποστοποιητές θα μοιράσει ο ΦοΔΣΑ σε #Δημοκρατική #Ρόδος #Δωδεκάνησα https://t.co/stodYW2xXe,ενα μεγαλο βημα για το βιωσιμο περιβαλλον στα νησια οικιακουσ κομποστοποιητεσ θα μοιρασει ο φοδσα σε δημοκρατικη ροδοσ δωδεκανησα,1
"Καλά δεν είναι μόνο ο Bruce Willis μια αφασία υπάρχει γενικά είτε είσαι εμβολιασμένος είτε όχι είναι από το τοξικό περιβάλλον που αναπνέουμε έτσι κι αλλιώς και τον τρόπο ζωής μας. Ζητείτε αγάπη και κατανόηση.. αλλά κάπου πήγε περίπατο..
https://t.co/ZNraFuEL1E via @mayroskoraks",καλα δεν ειναι μονο ο bruce willis μια αφασια υπαρχει γενικα ειτε εισαι εμβολιασμενοσ ειτε οχι ειναι απο το τοξικο περιβαλλον που αναπνεουμε ετσι κι αλλιωσ και τον τροπο ζωησ μασ ζητειτε αγαπη και κατανοηση αλλα καπου πηγε περιπατο via mayroskoraks,1
"Alumil: Στόχος η βιώσιμη ανάπτυξη με επενδύσεις σε ΑΠΕ και καινοτομία - Ρεπορτάζ και ειδήσεις για την Οικονομία, τις Επιχειρήσεις, το Χρηματιστήριο, την Πολιτική #mononewsGR https://t.co/3VxVk2R4nV",alumil στοχοσ η βιωσιμη αναπτυξη με επενδυσεισ σε απε και καινοτομια ρεπορταζ και ειδησεισ για την οικονομια τισ επιχειρησεισ το χρηματιστηριο την πολιτικη mononewsgr,1
"[Βίντεο]

‼️ Στο περιβάλλον ακρίβειας, που φέρει τη σφραγίδα της κυβέρνησης Μητσοτάκη, οι καταναλωτές θα κληθούν να πληρώσουν ακόμα και… 4,5 ευρώ για μία λαγάνα https://t.co/jgLwoBVwib",βιντεο στο περιβαλλον ακριβειασ που φερει τη σφραγιδα τησ κυβερνησησ μητσοτακη οι καταναλωτεσ θα κληθουν να πληρωσουν ακομα και ευρω για μια λαγανα,1
"Επιβάτης που έσωσε την πορεία του ΚΤΕΛ: «Ο οδηγός δεν είχε επαφή με το περιβάλλον, ήταν κάθιδρος» https://t.co/hti8HC6G8u #epivates #thessaloniki #ktel #odigos",επιβατησ που εσωσε την πορεια του κτελ ο οδηγοσ δεν ειχε επαφη με το περιβαλλον ηταν καθιδροσ epivates thessaloniki ktel odigos,1
"Η κλιματική κρίση απειλεί και την τεκίλα,
https://t.co/B1eBocbfYj,",η κλιματικη κριση απειλει και την τεκιλα,1
"Κλιματική Κρίση: Συναγερμός στην επιστημονική κοινότητα για την Ανταρκτική,
https://t.co/YBZtqQGT3Z,",κλιματικη κριση συναγερμοσ στην επιστημονικη κοινοτητα για την ανταρκτικη,1
Κλιματική αλλαγή: Η Δανία ετοιμάζει φόρο άνθρακα στο βοδινό και τα γαλακτοκομικά - https://t.co/6Xx43DRWmd https://t.co/xrS6YtxxeX,κλιματικη αλλαγη η δανια ετοιμαζει φορο ανθρακα στο βοδινο και τα γαλακτοκομικα,1
Κλιματική αλλαγή: Η Δανία ετοιμάζει φόρο άνθρακα στο βοδινό και τα γαλακτοκομικά - https://t.co/Xtdvdnfy22 https://t.co/51vwQ3qCf1,κλιματικη αλλαγη η δανια ετοιμαζει φορο ανθρακα στο βοδινο και τα γαλακτοκομικα,1
Η κλιματική κρίση απειλεί και το ποτό μαργαρίτα - https://t.co/7WsRYKgMwN https://t.co/38EHxk2gjD,η κλιματικη κριση απειλει και το ποτο μαργαριτα,1
Σ. Ζαχαράκη: Ο βιώσιμος τουρισμός και ο τοπικός χαρακτήρας στο επίκεντρο της ανάπτυξης https://t.co/6cRXigwdB9,σ ζαχαρακη ο βιωσιμοσ τουρισμοσ και ο τοπικοσ χαρακτηρασ στο επικεντρο τησ αναπτυξησ,1
Είναι στο χέρι μας να σταματήσουμε την κλιματική αλλαγή; Ψηφίστε στο νέο poll του Act for Earth - https://t.co/fTCfYZrFDl https://t.co/4nMSZK50HK,ειναι στο χερι μασ να σταματησουμε την κλιματικη αλλαγη ψηφιστε στο νεο poll του act for earth,1
Σοφία Ζαχαράκη: Ο βιώσιμος τουρισμός και ο τοπικός χαρακτήρας στο επίκεντρο της ανάπτυξης https://t.co/KvEJr1d1sL https://t.co/5ZlwFQEdAf,σοφια ζαχαρακη ο βιωσιμοσ τουρισμοσ και ο τοπικοσ χαρακτηρασ στο επικεντρο τησ αναπτυξησ,1
ΓΙΑΤΡΟΣ ΜΕ ΠΤΥΧΙΟ ΑΠΟ ΤΗΝ ΖΙΜΠΑΜΠΟΥΕ ΑΓΟΡΑΣΜΕΝΟ ΜΕ ΕΝΑ ΤΕΝΕΚΕ ΛΑΔΙ...ΞΕΧΑΣΕ ΤΟ ΠΙΟ ΣΥΜΑΝΤΙΚΟ ...ΤΗΝ ΚΛΙΜΑΤΙΚΗ ΑΛΛΑΓΗ ΑΠΟ ΤΟ ΚΛΑΣΙΜΟ ΤΩΝ ΑΓΕΛΑΔΩΝ.... https://t.co/AoGozEBgSR,γιατρος με πτυχιο απο την ζιμπαμπουε αγορασμενο με ενα τενεκε λαδιξεχασε το πιο συμαντικο την κλιματικη αλλαγη απο το κλασιμο των αγελαδων,1
PFAS: Επικίνδυνοι «αιώνιοι ρύποι» μολύνουν την Ευρώπη https://t.co/6Y5Gp0gTV4 #ΑΡΘΡΑ #PFAS #ΚΙΝΔΥΝΟΣ #ΠΕΡΙΒΑΛΛΟΝ #ΥΓΕΙΑ By https://t.co/p9zfHynwcm https://t.co/fFMmV2AmlW,pfas επικινδυνοι αιωνιοι ρυποι μολυνουν την ευρωπη αρθρα pfas κινδυνος περιβαλλον υγεια by,1
Ισχυροποιείται η παρουσία της Τράπεζας Χανίων στις Ανανεώσιμες Πηγές Ενέργειας. https://t.co/mGdgWDqF78,ισχυροποιειται η παρουσια τησ τραπεζασ χανιων στισ ανανεωσιμεσ πηγεσ ενεργειασ,1
Πράσινη ενέργεια των εκκατομυρίων ευρώ που μπαίνουν σε συγκεκριμένες τσέπες μόνο... https://t.co/a4D5CKrJQr,πρασινη ενεργεια των εκκατομυριων ευρω που μπαινουν σε συγκεκριμενεσ τσεπεσ μονο,1
"Ανησυχητική η μετεωρολογική κατάσταση στη #Γαλλία εδώ και 2 χρόνια - Τι ισχύει για την #Ελλάδα και πού έχει να βρέξει σχεδόν ένα μήνα

https://t.co/NHGTJcYxf8

#περιβάλλον https://t.co/vUluK5pSum",ανησυχητικη η μετεωρολογικη κατασταση στη γαλλια εδω και χρονια τι ισχυει για την ελλαδα και που εχει να βρεξει σχεδον ενα μηνα περιβαλλον,1
"Κλιματική κρίση: Η Γαλλία αντιμέτωπη με την ξηρασία - Έχει σχεδόν ένα μήνα να βρέξει στην Ελλάδα 
#κλιματικη_κριση
https://t.co/Xti5N8AnPW",κλιματικη κριση η γαλλια αντιμετωπη με την ξηρασια εχει σχεδον ενα μηνα να βρεξει στην ελλαδα κλιματικη_κριση,1
RT @TheOpinion_News: iSea: Προστατέψτε το θαλάσσιο περιβάλλον – Τί να μην καταναλώσετε την Καθαρά Δευτέρα https://t.co/WpIlDi4xfX #Thessalo…,rt theopinion_news isea προστατεψτε το θαλασσιο περιβαλλον τι να μην καταναλωσετε την καθαρα δευτερα thessalo,1
Δημ. Σακίπης: «Το “Rhodes Co-lab” θα μετατρέψει το νησί στον  πρώτο βιώσιμο τουριστικό προορισμό παγκοσμίως» #Δημοκρατική #Ρόδος #Δωδεκάνησα https://t.co/zszWJ9eM0E,δημ σακιπησ το rhodes colab θα μετατρεψει το νησι στον πρωτο βιωσιμο τουριστικο προορισμο παγκοσμιωσ δημοκρατικη ροδοσ δωδεκανησα,1
Κλιματική αλλαγή: Γενετικά τροποποιημένo δάσος φυτεύτηκε για πρώτη φορά στις ΗΠΑ - https://t.co/lDCoD53xpB https://t.co/VT2BozHeCU,κλιματικη αλλαγη γενετικα τροποποιημενo δασοσ φυτευτηκε για πρωτη φορα στισ ηπα,1
Κλιματική αλλαγή: Γενετικά τροποποιημένo δάσος φυτεύτηκε για πρώτη φορά στις ΗΠΑ - https://t.co/tppAh2SP2x https://t.co/mdCpVkZCPT,κλιματικη αλλαγη γενετικα τροποποιημενo δασοσ φυτευτηκε για πρωτη φορα στισ ηπα,1
"Αυτό θα είναι αυτό το νέο περιβάλλον χρήσης των #Windows12; 
https://t.co/MfxNoLUJ5j https://t.co/P6WdVeEf2h",αυτο θα ειναι αυτο το νεο περιβαλλον χρησησ των windows,1
"Καθηγητές του Πανεπιστημίου του Leeds προτείνουν δελτίο τροφίμων και καυσίμων, τύπου Β' Παγκοσμίου Πολέμου, για να σταματήσει η κλιματική αλλαγή https://t.co/TDMrPClGuK",καθηγητεσ του πανεπιστημιου του leeds προτεινουν δελτιο τροφιμων και καυσιμων τυπου β παγκοσμιου πολεμου για να σταματησει η κλιματικη αλλαγη,1
Νομοσχέδιο για το περιβάλλον προκαλεί ντελίριο σε ΜΚΟ https://t.co/UfqnjTeTiU,νομοσχεδιο για το περιβαλλον προκαλει ντελιριο σε μκο,1
Καιρός: Έρχονται λασποβροχές https://t.co/a0RZ9hVvws,καιροσ ερχονται λασποβροχεσ,1
"Χαράλαμπος Σημαντώνης (Ένωση Ναυτιλίας Μικρών Αποστάσεων): Να δοθούν κίνητρα για τη πράσινη μετάβαση της shortsea - Ρεπορτάζ και ειδήσεις για την Οικονομία, τις Επιχειρήσεις, το Χρηματιστήριο, την Πολιτική #mononewsGR https://t.co/hHRrnRJ2Fw",χαραλαμποσ σημαντωνησ ενωση ναυτιλιασ μικρων αποστασεων να δοθουν κινητρα για τη πρασινη μεταβαση τησ shortsea ρεπορταζ και ειδησεισ για την οικονομια τισ επιχειρησεισ το χρηματιστηριο την πολιτικη mononewsgr,1
RT @Moneypressgr: Παραγωγή ενέργειας από ανανεώσιμες και εναλλακτικές πηγές  #moneypress https://t.co/SPUn8bn6tx https://t.co/t1esUjHPXB,rt moneypressgr παραγωγη ενεργειασ απο ανανεωσιμεσ και εναλλακτικεσ πηγεσ moneypress,1
Παραγωγή ενέργειας από ανανεώσιμες και εναλλακτικές πηγές  #moneypress https://t.co/SPUn8bn6tx https://t.co/t1esUjHPXB,παραγωγη ενεργειασ απο ανανεωσιμεσ και εναλλακτικεσ πηγεσ moneypress,1
RT @Moneypressgr: Κλιματική αλλαγή: Ποιες χώρες είναι οι πιο ευάλωτες  #moneypress https://t.co/Xmty7G5IEs,rt moneypressgr κλιματικη αλλαγη ποιεσ χωρεσ ειναι οι πιο ευαλωτεσ moneypress,1
Κλιματική αλλαγή: Ποιες χώρες είναι οι πιο ευάλωτες  #moneypress https://t.co/Xmty7G5IEs,κλιματικη αλλαγη ποιεσ χωρεσ ειναι οι πιο ευαλωτεσ moneypress,1
ΑΠΑΤΗ η «κλιματική αλλαγή» στην πλάτη ανθρώπων που μετατρέπονται σε ΣΚΛΑΒΟΥΣ;;; Video ΣΟΚ https://t.co/TMxy7AxNlZ,απατη η κλιματικη αλλαγη στην πλατη ανθρωπων που μετατρεπονται σε σκλαβους video σοκ,1
"ΚΑΜΜΕΝΗ ΦΛΑΝΤΖΑ....Πανεπιστήμιο Leeds: Δελτίο τροφίμων και καυσίμων, τύπου Β’ ΠΠ, για να σταματήσει η ..κλιματική αλλαγή!",καμμενη φλαντζαπανεπιστημιο leeds δελτιο τροφιμων και καυσιμων τυπου β ππ για να σταματησει η κλιματικη αλλαγη,1
"Γεωργιάδης: Όσο αυξάνεται στο ενεργειακό μείγμα η πράσινη ενέργεια, η βιομηχανία μας θα γίνεται πιο ανταγωνιστική - Ρεπορτάζ και ειδήσεις για την Οικονομία, τις Επιχειρήσεις, το Χρηματιστήριο, την Πολιτική #mononewsGR https://t.co/y59AjE4Clw",γεωργιαδησ οσο αυξανεται στο ενεργειακο μειγμα η πρασινη ενεργεια η βιομηχανια μασ θα γινεται πιο ανταγωνιστικη ρεπορταζ και ειδησεισ για την οικονομια τισ επιχειρησεισ το χρηματιστηριο την πολιτικη mononewsgr,1
Κυκλική Οικονομία: Ώρα για δράση αλλά με ποιους και με ποιο τρόπο https://t.co/ki9j55Ka29,κυκλικη οικονομια ωρα για δραση αλλα με ποιουσ και με ποιο τροπο,1
"Άδ. Γεωργιάδης: «Όσο αυξάνεται στο ενεργειακό μείγμα η πράσινη ενέργεια, η βιομηχανία μας θα γίνεται πιο ανταγωνιστική» https://t.co/24huj1WST3",αδ γεωργιαδησ οσο αυξανεται στο ενεργειακο μειγμα η πρασινη ενεργεια η βιομηχανια μασ θα γινεται πιο ανταγωνιστικη,1
"RT @Dcosfp7: @pronews9 Δεν Λησμονούμε και την άλλη Παρωδία του ""Οφσοράκια"" Καραμανλή με τα Αστικά Σύγχρονα δήθεν Λεοφορεία που ήθελε να Προ…",rt dcosfp pronews δεν λησμονουμε και την αλλη παρωδια του οφσορακια καραμανλη με τα αστικα συγχρονα δηθεν λεοφορεια που ηθελε να προ,1
Το Ότι οι κρατικοί φορείς ήταν υπεύθυνοι για την ασφάλεια των τρένων δεν σημαίνει ότι η Hellenic trains είναι άμοιρη ευθυνών ! Τι έκανε για να κινεί τα τρένα της σε ασφαλές περιβάλλον τόσα χρόνια ; https://t.co/5aTTS1L0lq,το οτι οι κρατικοι φορεισ ηταν υπευθυνοι για την ασφαλεια των τρενων δεν σημαινει οτι η hellenic trains ειναι αμοιρη ευθυνων τι εκανε για να κινει τα τρενα τησ σε ασφαλεσ περιβαλλον τοσα χρονια,1
"""Ιστορική στιγμή"" η συμφωνία για την προστασία των ωκεανών, δηλώνει ο επίτροπος της ΕΕ για το Περιβάλλον @VSinkevicius

https://t.co/FznuqMQP9B 

https://t.co/ujCVUtXskk https://t.co/FmN0TYF4hn",ιστορικη στιγμη η συμφωνια για την προστασια των ωκεανων δηλωνει ο επιτροποσ τησ εε για το περιβαλλον vsinkevicius,1
Γερμανία: Οργή του πολιτικού κόσμου για δράση των ακτιβιστών για το κλίμα https://t.co/3eeKqxECDE,γερμανια οργη του πολιτικου κοσμου για δραση των ακτιβιστων για το κλιμα,1
"ΟΗΕ-ΕΕ: ""Ιστορική στιγμή"" η συμφωνία για την προστασία των ωκεανών, δηλώνει ο επίτροπος της ΕΕ για το Περιβάλλον
https://t.co/pLzozs5SvY",οηεεε ιστορικη στιγμη η συμφωνια για την προστασια των ωκεανων δηλωνει ο επιτροποσ τησ εε για το περιβαλλον,1
"Η #Ιαπωνια θέλει ν΄απορρίψει στη θάλασσα 1,3 εκατομμύρια τόνους μολυσμένου νερού από #πυρηνικα! Αποκαλυπτική μόλυνση των ωκεανών! ''και πολλοί των ανθρώπων απέθανον εκ των υδάτων, ότι επικράνθησαν...'' #περιβαλλον #Αποκαλυψη #nuclear #Japon https://t.co/7H9s1tl7Be",η ιαπωνια θελει ναπορριψει στη θαλασσα εκατομμυρια τονουσ μολυσμενου νερου απο πυρηνικα αποκαλυπτικη μολυνση των ωκεανων και πολλοι των ανθρωπων απεθανον εκ των υδατων οτι επικρανθησαν περιβαλλον αποκαλυψη nuclear japon,1
"Η #Ιαπωνια θέλει ν΄απορρίψει στη θάλασσα 1,3 εκατομμύρια τόνους μολυσμένου νερού από #πυρηνικα! Αποκαλυπτική μόλυνση των ωκεανών! ''και πολλοί των ανθρώπων απέθανον εκ των υδάτων, ότι επικράνθησαν...'' #περιβαλλον #Αποκαλυψη #nuclear #Japon 
https://t.co/7H9s1tl7Be",η ιαπωνια θελει ναπορριψει στη θαλασσα εκατομμυρια τονουσ μολυσμενου νερου απο πυρηνικα αποκαλυπτικη μολυνση των ωκεανων και πολλοι των ανθρωπων απεθανον εκ των υδατων οτι επικρανθησαν περιβαλλον αποκαλυψη nuclear japon,1
Επίτροπος ΕΕ για το Περιβάλλον: «Ιστορική στιγμή» η συμφωνία για την προστασία των ωκεανών https://t.co/kT8y8xocfl,επιτροποσ εε για το περιβαλλον ιστορικη στιγμη η συμφωνια για την προστασια των ωκεανων,1
"Περιφέρεια Αττική: Με 100% ευρωπαϊκή χρηματοδότηση η «πράσινη» ανάπλαση του Φαληρικού Όρμου - Ρεπορτάζ και ειδήσεις για την Οικονομία, τις Επιχειρήσεις, το Χρηματιστήριο, την Πολιτική #mononewsGR https://t.co/XEvfDbJaD4",περιφερεια αττικη με ευρωπαϊκη χρηματοδοτηση η πρασινη αναπλαση του φαληρικου ορμου ρεπορταζ και ειδησεισ για την οικονομια τισ επιχειρησεισ το χρηματιστηριο την πολιτικη mononewsgr,1
"Μαρίνα Χατζημανώλη στο 6ο Ετήσιο Φόρουμ Κυπριακής Ναυτιλίας Capital Link: Προτεραιότητά μας η μετάβαση σε μια πράσινη και ψηφιακή ναυτιλία - Ρεπορτάζ και ειδήσεις για την Οικονομία, τις Επιχειρήσεις, το Χρηματιστήριο, την Πολιτική #mononewsGR https://t.co/EyS1PKGTjg",μαρινα χατζημανωλη στο ο ετησιο φορουμ κυπριακησ ναυτιλιασ capital link προτεραιοτητα μασ η μεταβαση σε μια πρασινη και ψηφιακη ναυτιλια ρεπορταζ και ειδησεισ για την οικονομια τισ επιχειρησεισ το χρηματιστηριο την πολιτικη mononewsgr,1
"Τα #πλαστικά που ρυπαίνουν τους ωκεανούς μπορεί σχεδόν να τριπλασιαστούν ως το 2040

https://t.co/UHQkvBfzPr

#περιβάλλον https://t.co/bAkyMjedzZ",τα πλαστικα που ρυπαινουν τουσ ωκεανουσ μπορει σχεδον να τριπλασιαστουν ωσ το περιβαλλον,1
Κλιματική κρίση: Βροχοπτώσεις τέλος – Αντιμέτωπη με τη λειψυδρία φέτος η Ευρώπη #Δημοκρατική #Ρόδος #Δωδεκάνησα https://t.co/9z8SU6X8eX,κλιματικη κριση βροχοπτωσεισ τελοσ αντιμετωπη με τη λειψυδρια φετοσ η ευρωπη δημοκρατικη ροδοσ δωδεκανησα,1
Meliá Hotels International: Ο πιο βιώσιμος ξενοδοχειακός Όμιλος παγκοσμίως για το 2022 από την S&amp;P Globa #Δημοκρατική #Ρόδος #Δωδεκάνησα https://t.co/gZGuE25CCJ,meliá hotels international ο πιο βιωσιμοσ ξενοδοχειακοσ ομιλοσ παγκοσμιωσ για το απο την sampp globa δημοκρατικη ροδοσ δωδεκανησα,1
2ο ΓΥΜΝΑΣΙΟ Αργοστολίου : H ενημερωτική δράση για το περιβάλλον https://t.co/Ff7jfUbLaj,ο γυμνασιο αργοστολιου h ενημερωτικη δραση για το περιβαλλον,1
Τραγωδία στα Τέμπη - Σάλος με μαρτυρία σχετικά με την υγεία του μηχανοδηγού - Διαψεύδει το περιβάλλον του - Hellenic Train: Αβάσιμες οι ειδήσεις https://t.co/0KJeNFij6I,τραγωδια στα τεμπη σαλοσ με μαρτυρια σχετικα με την υγεια του μηχανοδηγου διαψευδει το περιβαλλον του hellenic train αβασιμεσ οι ειδησεισ,1
Γενική συνέλευση και κοπή πίτας για τους «Πολίτες Μαγνησίας για την υγεία και το περιβάλλον» https://t.co/P6Q9WnpcKW,γενικη συνελευση και κοπη πιτασ για τουσ πολιτεσ μαγνησιασ για την υγεια και το περιβαλλον,1
Προς επαναξιολόγηση και αναθεώρηση το Ειδικό Χωροταξικό Πλαίσιο για τις Ανανεώσιμες Πηγές Ενέργειας https://t.co/bGu9r3UDbL,προσ επαναξιολογηση και αναθεωρηση το ειδικο χωροταξικο πλαισιο για τισ ανανεωσιμεσ πηγεσ ενεργειασ,1
"«Η κατάσταση δεν είναι ούτε ηθική ούτε βιώσιμη και δεν μπορεί να συνεχιστεί. Είναι άδικο για τον βρετανικό λαό, ο οποίος διαχρονικά έχει ανοίξει τα σπίτια του σε γνήσιους πρόσφυγες, τώρα να είναι υποχρεωμένος να ξοδεύει περίπου 6 εκατομμύρια στερλίνες

https://t.co/mlXWdmlaSp",η κατασταση δεν ειναι ουτε ηθικη ουτε βιωσιμη και δεν μπορει να συνεχιστει ειναι αδικο για τον βρετανικο λαο ο οποιοσ διαχρονικα εχει ανοιξει τα σπιτια του σε γνησιουσ προσφυγεσ τωρα να ειναι υποχρεωμενοσ να ξοδευει περιπου εκατομμυρια στερλινεσ,1
"📢 Ο Μπάιντεν προστατεύει περιοχή στην Αλάσκα και δίνει άδεια για άντληση πετρελαίου από άλλη
#ΑΛΑΣΚΑ #ΗΠΑ #ΠΕΡΙΒΑΛΛΟΝ #ΤΖΟΜΠΑΙΝΤΕΝ

https://t.co/7UoxvMbi9b",ο μπαιντεν προστατευει περιοχη στην αλασκα και δινει αδεια για αντληση πετρελαιου απο αλλη αλασκα ηπα περιβαλλον τζομπαιντεν,1
Στον Βόλο για το περιβάλλον και τη δημόσια υγεία αντιπροσωπεία της συμμαχίας «Πράσινο &amp; Μωβ» https://t.co/XyBV4BSz5i,στον βολο για το περιβαλλον και τη δημοσια υγεια αντιπροσωπεια τησ συμμαχιασ πρασινο amp μωβ,1
Κλιματική αλλαγή: Το Κοινοβούλιο ψήφισε τη μείωση των εκπομπών κατά 40% - https://t.co/azD7OBxxiT https://t.co/ArkMnFpgfq,κλιματικη αλλαγη το κοινοβουλιο ψηφισε τη μειωση των εκπομπων κατα,1
"Στις ΗΠΑ, το μάθημα για την κλιματική αλλαγή στα σχολεία διχάζει γονείς, εκπαιδευτικούς και Πολιτεία
https://t.co/CY99XiNxDb",στισ ηπα το μαθημα για την κλιματικη αλλαγη στα σχολεια διχαζει γονεισ εκπαιδευτικουσ και πολιτεια,1
Κλιματική αλλαγή: το Κοινοβούλιο ψήφισε τη μείωση των εκπομπών κατά 40% https://t.co/hGL2hOazgE,κλιματικη αλλαγη το κοινοβουλιο ψηφισε τη μειωση των εκπομπων κατα,1
Μονοπήγαδο: Ο Πολιτιστικός Σύλλογος Μονοπήγαδου μας προσκαλεί να συμμετέχουμε στη 2η φάση εθελοντικής αναδάσωσης https://t.co/1XjH8DFdzt #ΕΘΕΛΟΝΤΙΣΜΟΣ #ΜΟΝΟΠΗΓΑΔΟ #ΠΕΡΙΒΑΛΛΟΝ #ΣΥΛΛΟΓΟΙ https://t.co/A03iXiZqgR,μονοπηγαδο ο πολιτιστικοσ συλλογοσ μονοπηγαδου μασ προσκαλει να συμμετεχουμε στη η φαση εθελοντικησ αναδασωσησ εθελοντισμος μονοπηγαδο περιβαλλον συλλογοι,1
RT @LykavitosGr: Ο θαλάσσιος πάγος της Αρκτικής μειώθηκε στο μισό λόγω της κλιματικής αλλαγής  #θαλάσσιος_πάγος #κλιματική_αλλαγή #Αρκτική…,rt lykavitosgr ο θαλασσιοσ παγοσ τησ αρκτικησ μειωθηκε στο μισο λογω τησ κλιματικησ αλλαγησ θαλασσιοσ_παγοσ κλιματικη_αλλαγη αρκτικη,1
RT @LykavitosGr: Ο θαλάσσιος πάγος της Αρκτικής μειώθηκε στο μισό λόγω της κλιματικής αλλαγής  #θαλάσσιος_πάγος #κλιματική_αλλαγή #Αρκτική…,rt lykavitosgr ο θαλασσιοσ παγοσ τησ αρκτικησ μειωθηκε στο μισο λογω τησ κλιματικησ αλλαγησ θαλασσιοσ_παγοσ κλιματικη_αλλαγη αρκτικη,1
Ρύζι: Επιστροφή στην παράδοση για ένα βιώσιμο περιβάλλον - LarissaPress https://t.co/vSbQJLAssw,ρυζι επιστροφη στην παραδοση για ενα βιωσιμο περιβαλλον larissapress,1
Αλόννησος: Το νησί καινοτομεί για να καταργήσει τα πλαστικά μπουκάλια https://t.co/7fk8c0bpA1 #ΕΛΛΑΔΑ #ΠΕΡΙΒΑΛΛΟΝ https://t.co/IKvJUMXuh7,αλοννησοσ το νησι καινοτομει για να καταργησει τα πλαστικα μπουκαλια ελλαδα περιβαλλον,1
Βιώσιμος και ικανός ο ΞΕΝΟΦΩΝ να διαχειριστεί τα πνευματικά δικαιώματα των δημοσιογράφων https://t.co/jxrnAxwc5x,βιωσιμοσ και ικανοσ ο ξενοφων να διαχειριστει τα πνευματικα δικαιωματα των δημοσιογραφων,1
"#ΗΠΑ: Πυρηνικό εργοστάσιο έθεσε υπό έλεγχο διαρροή μολυσμένου νερού που εντοπίστηκε τον Νοέμβριο

https://t.co/FmlBWdKJQ5

#περιβαλλον #πυρηνικα https://t.co/6e0wmEtVPa",ηπα πυρηνικο εργοστασιο εθεσε υπο ελεγχο διαρροη μολυσμενου νερου που εντοπιστηκε τον νοεμβριο περιβαλλον πυρηνικα,1
"Θεόδωρος Κόντες: Πράσινη μετάβαση στη ναυτιλία και στον θαλάσσιο τουρισμό - Ρεπορτάζ και ειδήσεις για την Οικονομία, τις Επιχειρήσεις, το Χρηματιστήριο, την Πολιτική #mononewsGR https://t.co/BM8e4Z2nuU",θεοδωροσ κοντεσ πρασινη μεταβαση στη ναυτιλια και στον θαλασσιο τουρισμο ρεπορταζ και ειδησεισ για την οικονομια τισ επιχειρησεισ το χρηματιστηριο την πολιτικη mononewsgr,1
Σ.Δ.Ξ.Δ.: Εσπερίδα με τίτλο “Ιδού η Ρόδος…Ιδού και το περιβάλλον…Προοπτικές και δράσεις” #Δημοκρατική #Ρόδος #Δωδεκάνησα https://t.co/sGkzuCejyQ,σδξδ εσπεριδα με τιτλο ιδου η ροδοσιδου και το περιβαλλονπροοπτικεσ και δρασεισ δημοκρατικη ροδοσ δωδεκανησα,1
"Ποιες είναι οι επιπτώσεις των δημογραφικών εξελίξεων στο οικογενειακό περιβάλλον των άνω των 65 ετών 

https://t.co/dl7Grj3r0j https://t.co/Y6Jn7TR1ED",ποιεσ ειναι οι επιπτωσεισ των δημογραφικων εξελιξεων στο οικογενειακο περιβαλλον των ανω των ετων,1
"Έρχεται η εργάσιμη εβδομάδα των τεσσάρων ημερών - Για ποιες επιχειρήσεις αποτελεί βιώσιμη λύση,
https://t.co/Y3mc52NneS,",ερχεται η εργασιμη εβδομαδα των τεσσαρων ημερων για ποιεσ επιχειρησεισ αποτελει βιωσιμη λυση,1
Ποιες είναι οι επιπτώσεις των δημογραφικών εξελίξεων στο οικογενειακό περιβάλλον των άνω των 65 ετών https://t.co/K9ZbtvTslc,ποιεσ ειναι οι επιπτωσεισ των δημογραφικων εξελιξεων στο οικογενειακο περιβαλλον των ανω των ετων,1
Σήμα κινδύνου για λειψυδρία : 2 μέτρα κάτω η στάθμη της λίμνης Πλαστήρα https://t.co/G5EYdQAzka,σημα κινδυνου για λειψυδρια μετρα κατω η σταθμη τησ λιμνησ πλαστηρα,1
Εαρινή Ισημερία: Αποχαιρετάμε κι επίσημα σήμερα τον χειμώνα! https://t.co/QAA2e6wyBg,εαρινη ισημερια αποχαιρεταμε κι επισημα σημερα τον χειμωνα,1
"Ο «οδηγός επιβίωσης» της ανθρωπότητας για την #κλιματική_αλλαγή: Συναγερμός άμεσης δράσης
https://t.co/iqW1ctVWi6",ο οδηγοσ επιβιωσησ τησ ανθρωποτητασ για την κλιματικη_αλλαγη συναγερμοσ αμεσησ δρασησ,1
Guterres (OHE): Οι εμπειρογνώμονες για το κλίμα εξέδωσαν «οδηγό επιβίωσης για την ανθρωπότητα» - Χρειάζεται ριζική δράση https://t.co/a9lWbkKCXZ,guterres ohe οι εμπειρογνωμονεσ για το κλιμα εξεδωσαν οδηγο επιβιωσησ για την ανθρωποτητα χρειαζεται ριζικη δραση,1
"Day Group: Φροντίζει για το περιβάλλον και συμβάλλει ενεργά στην μείωση του ενεργειακού αποτυπώματος - Ρεπορτάζ και ειδήσεις για την Οικονομία, τις Επιχειρήσεις, το Χρηματιστήριο, την Πολιτική #mononewsGR https://t.co/4P72JvQEK6",day group φροντιζει για το περιβαλλον και συμβαλλει ενεργα στην μειωση του ενεργειακου αποτυπωματοσ ρεπορταζ και ειδησεισ για την οικονομια τισ επιχειρησεισ το χρηματιστηριο την πολιτικη mononewsgr,1
«Οδηγό επιβίωσης για την ανθρωπότητα» χαρακτηρίζει την νέα έκθεση της διεπιστημονικής επιτροπής για την κλιματική αλλαγή ο Γ.Γ του ΟΗΕ https://t.co/ezSUyarfOB,οδηγο επιβιωσησ για την ανθρωποτητα χαρακτηριζει την νεα εκθεση τησ διεπιστημονικησ επιτροπησ για την κλιματικη αλλαγη ο γγ του οηε,1
"Διάλεξη του Κώστα Λαγουβάρδου με θέμα ""Εντονα καιρικά φαινόμενα, κλιματική αλλαγή και συστήματα έγκαιρης προειδοποίησης"" https://t.co/evXQKljL1G",διαλεξη του κωστα λαγουβαρδου με θεμα εντονα καιρικα φαινομενα κλιματικη αλλαγη και συστηματα εγκαιρησ προειδοποιησησ,1
Νομοσχέδιο για το περιβάλλον: Τρεις αλλαγές στο παρά πέντε #Δημοκρατική #Ρόδος #Δωδεκάνησα https://t.co/qyabWw9GPy,νομοσχεδιο για το περιβαλλον τρεισ αλλαγεσ στο παρα πεντε δημοκρατικη ροδοσ δωδεκανησα,1
ΟΗΕ: SOS για το περιβάλλον | ARTI NEWS https://t.co/0fAtjyP1xj,οηε sos για το περιβαλλον arti news,1
Κλιματική αλλαγή: Οδηγός επιβίωσης για την ανθρωπότητα - Άμεση ανάγκη για μέτρα - https://t.co/BethEnolRm https://t.co/9MvRtgTKhX,κλιματικη αλλαγη οδηγοσ επιβιωσησ για την ανθρωποτητα αμεση αναγκη για μετρα,1
@re_ai_sixtir Οχι οντως γελαει… δεν εχει επαφη με το περιβαλλον,re_ai_sixtir οχι οντωσ γελαει δεν εχει επαφη με το περιβαλλον,1
Το Πεκίνο θα προωθήσει την αγορά φιλικών προς το περιβάλλον κατασκευαστικών υλικών στις αγροτικές περιοχές - https://t.co/1lBWKo2nld,το πεκινο θα προωθησει την αγορα φιλικων προσ το περιβαλλον κατασκευαστικων υλικων στισ αγροτικεσ περιοχεσ,1
Η άβολη αλήθεια για τα ηλεκτρικά αυτοκίνητα: Είναι μη φιλικά στο περιβάλλον - Πετιούνται ολόκληρα ακόμη και για μικρές ζημιές https://t.co/rSi0S1ZewA,η αβολη αληθεια για τα ηλεκτρικα αυτοκινητα ειναι μη φιλικα στο περιβαλλον πετιουνται ολοκληρα ακομη και για μικρεσ ζημιεσ,1
"Αλλαγές στο πολυνομοσχέδιο για το περιβάλλον – Παρεμβάσεις από Μητσοτάκη

https://t.co/uMXUwnrXMV",αλλαγεσ στο πολυνομοσχεδιο για το περιβαλλον παρεμβασεισ απο μητσοτακη,1
Παρίσι 2024: Αλλαγές στην Ολυμπιακή Λαμπαδηδρομία για να γίνει πιο φιλική προς το περιβάλλον - https://t.co/P580Dk59fa,παρισι αλλαγεσ στην ολυμπιακη λαμπαδηδρομια για να γινει πιο φιλικη προσ το περιβαλλον,1
"RT @amna_sportgr: Παρίσι 2024: Αλλαγές στην Ολυμπιακή Λαμπαδηδρομία για να γίνει πιο φιλική προς το περιβάλλον

https://t.co/nMyexrE4ew 

#…",rt amna_sportgr παρισι αλλαγεσ στην ολυμπιακη λαμπαδηδρομια για να γινει πιο φιλικη προσ το περιβαλλον,1
Λειψοί: Εγκώμια στον γερμανικό Τύπο για τον βιώσιμο τουρισμό στο νησί #Δημοκρατική #Ρόδος #Δωδεκάνησα https://t.co/G8IVmrOudb,λειψοι εγκωμια στον γερμανικο τυπο για τον βιωσιμο τουρισμο στο νησι δημοκρατικη ροδοσ δωδεκανησα,1
"Τα ηλεκτρικά αυτοκίνητα, τουλάχιστον για σήμερα ακόμη, είναι λιγότερο φιλικά προς το περιβάλλον από τα βενζινοκίνητα https://t.co/SpZuTvl0Jc",τα ηλεκτρικα αυτοκινητα τουλαχιστον για σημερα ακομη ειναι λιγοτερο φιλικα προσ το περιβαλλον απο τα βενζινοκινητα,1
Επιστήμονες έφτιαξαν ανακυκλώσιμα πλαστικά από ισχυρές κόλλες https://t.co/jsm98pNg46 #ΕΠΙΣΤΗΜΗ #ΠΕΡΙΒΑΛΛΟΝ https://t.co/6cbBCWGM37,επιστημονεσ εφτιαξαν ανακυκλωσιμα πλαστικα απο ισχυρεσ κολλεσ επιστημη περιβαλλον,1
ΝΑ ΚΟΨΕΙ ΤΑ ΠΟΛΛΑ ΑΥΓΑ ΚΑΙ ΝΑ ΣΤΑΜΑΤΗΣΕΙ ΝΑ ΚΛΑΝΕΙ ΓΙΑΤΙ Η ΚΛΙΜΑΤΙΚΗ ΑΛΛΑΓΗ ΠΡΟΚΑΛΕΙ ΜΥΟΚΑΡΔΙΤΙΔΕΣ.... https://t.co/Gj3W0yJcZJ,να κοψει τα πολλα αυγα και να σταματησει να κλανει γιατι η κλιματικη αλλαγη προκαλει μυοκαρδιτιδες,1
"RT @GiannisEutux: βρίσκεται στην αγκαλιά της μητέρας του! 
Το Καταφύγιο φιλοξενεί διασωθέντα ορφανά άγρια ζώα, όπως ελέφαντες, ρινόκερους κ…",rt gianniseutux βρισκεται στην αγκαλια τησ μητερασ του το καταφυγιο φιλοξενει διασωθεντα ορφανα αγρια ζωα οπωσ ελεφαντεσ ρινοκερουσ κ,1
"Ε. Βασιλάκη για Autohellas: «Στόχος οι καλές αμοιβές για τους μετόχους μας, με βιώσιμο μέρισμα» - Ρεπορτάζ και ειδήσεις για την Οικονομία, τις Επιχειρήσεις, το Χρηματιστήριο, την Πολιτική #mononewsGR https://t.co/Ht0rahsn2y",ε βασιλακη για autohellas στοχοσ οι καλεσ αμοιβεσ για τουσ μετοχουσ μασ με βιωσιμο μερισμα ρεπορταζ και ειδησεισ για την οικονομια τισ επιχειρησεισ το χρηματιστηριο την πολιτικη mononewsgr,1
Ο νέος νόμος για την «Κλιματική Αλλαγή» είναι εξαιρετικά Οργουελικός: Όλα αποσκοπούν στον απόλυτο έλεγχο του πληθυσμού..,ο νεοσ νομοσ για την κλιματικη αλλαγη ειναι εξαιρετικα οργουελικοσ ολα αποσκοπουν στον απολυτο ελεγχο του πληθυσμου,1
Εκδήλωση Ινστιτούτου ΕΝΑ στο Ρέθυμνο: «Κλιματική Κρίση – Πρωτογενής Τομέας – Δημόσια Υγεία» https://t.co/edU5F7vaKY,εκδηλωση ινστιτουτου ενα στο ρεθυμνο κλιματικη κριση πρωτογενησ τομεασ δημοσια υγεια,1
"Morgan Stanley: Ποιες ευρωπαϊκές μετοχές να αποφύγετε και ποιες να αγοράσετε στο «προβληματικό» τραπεζικό περιβάλλον - Ρεπορτάζ και ειδήσεις για την Οικονομία, τις Επιχειρήσεις, το Χρηματιστήριο, την Πολιτική #mononewsGR https://t.co/ZGPHQ24bRa",morgan stanley ποιεσ ευρωπαϊκεσ μετοχεσ να αποφυγετε και ποιεσ να αγορασετε στο προβληματικο τραπεζικο περιβαλλον ρεπορταζ και ειδησεισ για την οικονομια τισ επιχειρησεισ το χρηματιστηριο την πολιτικη mononewsgr,1
Εκδήλωση για την κλιματική κρίση και τον πρωτογενή τομέα στο Ρέθυμνο https://t.co/8OXuomeeUh,εκδηλωση για την κλιματικη κριση και τον πρωτογενη τομεα στο ρεθυμνο,1
"Ευρωπαϊκό Συμβούλιο: «Άμεσα» συμφωνία για να προχωρήσει η «πράσινη μετάβαση» και η μεταρρύθμιση «της εσωτερικής αγοράς ενέργειας»

https://t.co/pTijDIEpvV

@EU_Commission #energy #ενεργεια https://t.co/xDn8GGGkXI",ευρωπαϊκο συμβουλιο αμεσα συμφωνια για να προχωρησει η πρασινη μεταβαση και η μεταρρυθμιση τησ εσωτερικησ αγορασ ενεργειασ eu_commission energy ενεργεια,1
"Έλενα Χουλιάρα (AstraZeneca): Ως το 2030 έρχονται 20 νέα φάρμακα και αρνητικό αποτύπωμα άνθρακα - Ρεπορτάζ και ειδήσεις για την Οικονομία, τις Επιχειρήσεις, το Χρηματιστήριο, την Πολιτική #mononewsGR https://t.co/Qq8caohHsW",ελενα χουλιαρα astrazeneca ωσ το ερχονται νεα φαρμακα και αρνητικο αποτυπωμα ανθρακα ρεπορταζ και ειδησεισ για την οικονομια τισ επιχειρησεισ το χρηματιστηριο την πολιτικη mononewsgr,1
"ΕΕΕ: Η συμφωνία για τον Κανονισμό FuelEU Maritime θετική εξέλιξη για την πράσινη μετάβαση της ναυτιλίας - Ρεπορτάζ και ειδήσεις για την Οικονομία, τις Επιχειρήσεις, το Χρηματιστήριο, την Πολιτική #mononewsGR https://t.co/ACE70zxNdU",εεε η συμφωνια για τον κανονισμο fueleu maritime θετικη εξελιξη για την πρασινη μεταβαση τησ ναυτιλιασ ρεπορταζ και ειδησεισ για την οικονομια τισ επιχειρησεισ το χρηματιστηριο την πολιτικη mononewsgr,1
Ώρα της Γης 2023: Στα σκοτάδια η Ακρόπολη και η Βουλή με στόχο την ευαισθητοποίηση για την κλιματική αλλαγή (φώτο) https://t.co/DAT7Kkk0Jy #ΧρονιαΠολλα #25ηΜαρτιου #Εθνος #GreekIndependenceDay #Θεοτοκου #Ζητω #Πατριδα #Ευαγγελια #Ελληνων #νικητας,ωρα τησ γησ στα σκοταδια η ακροπολη και η βουλη με στοχο την ευαισθητοποιηση για την κλιματικη αλλαγη φωτο χρονιαπολλα ημαρτιου εθνοσ greekindependenceday θεοτοκου ζητω πατριδα ευαγγελια ελληνων νικητασ,1
Ώρα της Γης: Απόψε σβήνουμε τα φώτα στις 20:30 για το περιβάλλον και την κλιματική αλλαγή | NemeaPress https://t.co/1pIT7gtR3l,ωρα τησ γησ αποψε σβηνουμε τα φωτα στισ για το περιβαλλον και την κλιματικη αλλαγη nemeapress,1
"Με δεδομένη την κλιματική αλλαγή, που αποτελεί αναμφισβήτητο φαινόμενο και με τις επιπτώσεις της όπως καύσωνες, πλημμύρες, λειψυδρία, απώλεια βιοποικιλότητας και έντονα καιρικά φαινόμενα, να γίνονται μέρος της καθημερινότητάς, η αντιμετώπισή της

https://t.co/QZNgaCyr1K",με δεδομενη την κλιματικη αλλαγη που αποτελει αναμφισβητητο φαινομενο και με τισ επιπτωσεισ τησ οπωσ καυσωνεσ πλημμυρεσ λειψυδρια απωλεια βιοποικιλοτητασ και εντονα καιρικα φαινομενα να γινονται μεροσ τησ καθημερινοτητασ η αντιμετωπιση τησ,1
"Ευτύχης Βασιλάκης για Autohellas: Στόχος οι καλές αμοιβές για τους μετόχους μας, με βιώσιμο μέρισμα - mononewsTV - Ρεπορτάζ και ειδήσεις για την Οικονομία, τις Επιχειρήσεις, το Χρηματιστήριο, την Πολιτική #mononewsGR https://t.co/usECwrQqgt",ευτυχησ βασιλακησ για autohellas στοχοσ οι καλεσ αμοιβεσ για τουσ μετοχουσ μασ με βιωσιμο μερισμα mononewstv ρεπορταζ και ειδησεισ για την οικονομια τισ επιχειρησεισ το χρηματιστηριο την πολιτικη mononewsgr,1
"My Style Rocks: «Το περιβάλλον είναι πολύ τοξικό για εμένα» δήλωσε η Νικόλ Δεσποτοπούλου

#mystylerocksgr #mystylerocks #Νικολ #SkaitvGR #skai #σκαι #Mynewsgr 

https://t.co/nqlnKaIP6n",my style rocks το περιβαλλον ειναι πολυ τοξικο για εμενα δηλωσε η νικολ δεσποτοπουλου mystylerocksgr mystylerocks νικολ skaitvgr skai σκαι mynewsgr,1
"Brown Hotels επί Art Athina: Ιδού μία κυκλική έκθεση ταξίδι - Ρεπορτάζ και ειδήσεις για την Οικονομία, τις Επιχειρήσεις, το Χρηματιστήριο, την Πολιτική #mononewsGR https://t.co/Nb2cSzEXLY",brown hotels επι art athina ιδου μια κυκλικη εκθεση ταξιδι ρεπορταζ και ειδησεισ για την οικονομια τισ επιχειρησεισ το χρηματιστηριο την πολιτικη mononewsgr,1
"Το Ευρωπαϊκό Δικαστήριο Δικαιωμάτων του Ανθρώπου (@ECHR_CEDH) εξετάζει προσφυγές κατά της Γαλλίας (από πρώην δήμαρχο) και της Ελβετίας (από συνταξιούχους) για την κλιματική αλλαγή

https://t.co/s0YkkW6MJU 

#ClimateJustice #ClimateChange #ECHR #CEDH https://t.co/PK3V4Xos9G",το ευρωπαϊκο δικαστηριο δικαιωματων του ανθρωπου echr_cedh εξεταζει προσφυγεσ κατα τησ γαλλιασ απο πρωην δημαρχο και τησ ελβετιασ απο συνταξιουχουσ για την κλιματικη αλλαγη climatejustice climatechange echr cedh,1
RT @CyprusInsider: Το μερίδιο ενέργειας από Ανανεώσιμες Πηγές Ενέργειας (ΑΠΕ) στην συνολική ακαθάριστη τελική κατανάλωση ενέργειας της Κυπρ…,rt cyprusinsider το μεριδιο ενεργειασ απο ανανεωσιμεσ πηγεσ ενεργειασ απε στην συνολικη ακαθαριστη τελικη καταναλωση ενεργειασ τησ κυπρ,1
EY και Microsoft βοηθούν τις επιχειρήσεις στην επίτευξη των κλιματικών στόχων για μηδενικό καθαρό αποτύπωμα άνθρακα https://t.co/BXusFVVYKd,ey και microsoft βοηθουν τισ επιχειρησεισ στην επιτευξη των κλιματικων στοχων για μηδενικο καθαρο αποτυπωμα ανθρακα,1
Κλιματική κρίση και επιπτώσεις στη Δημόσια Υγεία https://t.co/OVPeIyULR7,κλιματικη κριση και επιπτωσεισ στη δημοσια υγεια,1
Οι χώρες που ρυπαίνουν και δεν αντιμετωπίζουν την κλιματική κρίση θα θεωρούνται νομικά υπεύθυνες https://t.co/lVK9vXr5Mp,οι χωρεσ που ρυπαινουν και δεν αντιμετωπιζουν την κλιματικη κριση θα θεωρουνται νομικα υπευθυνεσ,1
Κίνδυνος μπλακ άουτ το Πάσχα λόγω ΑΠΕ https://t.co/1lSsRzUMwd,κινδυνοσ μπλακ αουτ το πασχα λογω απε,1
"Mελίνα Τραυλού: Χωρίς τη ναυτιλία δεν μπορεί να υπάρξει πράσινη μετάβαση, ούτε στρατηγική αυτονομία της ΕΕ - Ρεπορτάζ και ειδήσεις για την Οικονομία, τις Επιχειρήσεις, το Χρηματιστήριο, την Πολιτική #mononewsGR https://t.co/uhAxcpru2F",mελινα τραυλου χωρισ τη ναυτιλια δεν μπορει να υπαρξει πρασινη μεταβαση ουτε στρατηγικη αυτονομια τησ εε ρεπορταζ και ειδησεισ για την οικονομια τισ επιχειρησεισ το χρηματιστηριο την πολιτικη mononewsgr,1
Κοινωνία και κλιματική κρίση https://t.co/fKCXBbBTjk,κοινωνια και κλιματικη κριση,1
"Η #Ευρωπαίκή_Ένωση κατέληξε σε συμφωνία για την επίτευξη πιο φιλόδοξων στόχων για τις ανανεώσιμες πηγές ενέργειας μέχρι το 2030

https://t.co/cW8tnpCi1m

#Europe #energy https://t.co/cLBWlTSivN",η ευρωπαικη_ενωση κατεληξε σε συμφωνια για την επιτευξη πιο φιλοδοξων στοχων για τισ ανανεωσιμεσ πηγεσ ενεργειασ μεχρι το europe energy,1
Χαλκιδική: Τουρισμός και κλιματική αλλαγή πιέζουν την επάρκεια νερού https://t.co/IDwWa1c0rj #Χαλκιδική #νερό #τουρισμός,χαλκιδικη τουρισμοσ και κλιματικη αλλαγη πιεζουν την επαρκεια νερου χαλκιδικη νερο τουρισμοσ,1
Γ. Γιαρέντης (ΔΑΠΕΕΠ): Οι ανανεώσιμες πηγές ενέργειας βασικός μοχλός συγκράτησης των τιμών - https://t.co/eTVlyGlWu6,γ γιαρεντησ δαπεεπ οι ανανεωσιμεσ πηγεσ ενεργειασ βασικοσ μοχλοσ συγκρατησησ των τιμων,1
Συμφωνία ΕΕ για διπλασιασμό κατανάλωσης ενέργειας από ανανεώσιμες πηγές μέχρι το 2030 https://t.co/cX4Hewi6Z4,συμφωνια εε για διπλασιασμο καταναλωσησ ενεργειασ απο ανανεωσιμεσ πηγεσ μεχρι το,1
"Γ. Γιαρέντης (ΔΑΠΕΕΠ): Οι ανανεώσιμες πηγές ενέργειας βασικός μοχλός συγκράτησης των τιμών

https://t.co/kAfsz7koYN https://t.co/kSL0EJMSEf",γ γιαρεντησ δαπεεπ οι ανανεωσιμεσ πηγεσ ενεργειασ βασικοσ μοχλοσ συγκρατησησ των τιμων,1
4 έγκριτοι επιστήμονες αμφισβητούν τα δεδομένα των μετρήσεων για την ποιότητα του αέρα στην περιοχή της Θέρμης https://t.co/VKuQ7VPCw4 #ΔΤ #ΘΕΡΜΗ #ΜΕΛΕΤΕΣ #ΠΕΡΙΒΑΛΛΟΝ https://t.co/lvyeczmVyH,εγκριτοι επιστημονεσ αμφισβητουν τα δεδομενα των μετρησεων για την ποιοτητα του αερα στην περιοχη τησ θερμησ δτ θερμη μελετες περιβαλλον,1
ΕΕ: Συμφωνία για την επίτευξη πιο φιλόδοξων στόχων για τις ανανεώσιμες πηγές ενέργειας μέχρι το 2030 https://t.co/zSdwhZjf66,εε συμφωνια για την επιτευξη πιο φιλοδοξων στοχων για τισ ανανεωσιμεσ πηγεσ ενεργειασ μεχρι το,1
"Χαλκιδική: Τουρισμός και κλιματική αλλαγή πιέζουν την επάρκεια νερού https://t.co/IDwWa1cygR 
#Χαλκιδική  #Νερό #Επάρκεια #Τουριστική_σεζόν",χαλκιδικη τουρισμοσ και κλιματικη αλλαγη πιεζουν την επαρκεια νερου χαλκιδικη νερο επαρκεια τουριστικη_σεζον,1
"Στην αυγή της νέας εποχής που ανατέλλει για ολόκληρη την ανθρωπότητα, με τη στροφή στην κυκλική οικονομία και τη βιώσιμη ανάπτυξη, η Klinex προχωρά στην ανάληψη συγκεκριμένων πρωτοβουλιών.
https://t.co/r9pbisgMMM",στην αυγη τησ νεασ εποχησ που ανατελλει για ολοκληρη την ανθρωποτητα με τη στροφη στην κυκλικη οικονομια και τη βιωσιμη αναπτυξη η klinex προχωρα στην αναληψη συγκεκριμενων πρωτοβουλιων,1
"Σημείωσε πως οι εκλογές γίνονται σε ένα περιβάλλον που στην Ευρώπη εξακολουθεί να υπάρχει πόλεμος, που η ενεργειακή ακρίβεια δεν έχει υποχωρήσει, η κρίση πληθωρισμού υπάρχει
https://t.co/DmNFFC7bvU",σημειωσε πωσ οι εκλογεσ γινονται σε ενα περιβαλλον που στην ευρωπη εξακολουθει να υπαρχει πολεμοσ που η ενεργειακη ακριβεια δεν εχει υποχωρησει η κριση πληθωρισμου υπαρχει,1
Επιλέγουν Φλόριντα για τους χαμηλούς φόρους και τις ζεστές ημέρες χωρίς να υπολογίζουν την κλιματική αλλαγή https://t.co/F5HgjF2yU5,επιλεγουν φλοριντα για τουσ χαμηλουσ φορουσ και τισ ζεστεσ ημερεσ χωρισ να υπολογιζουν την κλιματικη αλλαγη,1
"Διάφοροι παράγοντες φαίνεται ότι επηρεάζουν το προσδόκιμο ζωής. Έρευνες έχουν δείξει ότι τα γονίδια προβλέπουν κατά 25% περίπου τη διάρκεια ζωής ενός ατόμου, με τη διατροφή, το περιβάλλον, την άσκηση και άλλους παράγοντες της καθημερινότητάς μας να

https://t.co/x6lkAkAsT7",διαφοροι παραγοντεσ φαινεται οτι επηρεαζουν το προσδοκιμο ζωησ ερευνεσ εχουν δειξει οτι τα γονιδια προβλεπουν κατα περιπου τη διαρκεια ζωησ ενοσ ατομου με τη διατροφη το περιβαλλον την ασκηση και αλλουσ παραγοντεσ τησ καθημερινοτητασ μασ να,1
Ε.Ε.: Συμφωνία για πιο φιλόδοξους στόχους στις ανανεώσιμες πηγές ενέργειας έως το 2030 https://t.co/fMH28s8m0l #maritime #shipping #supplychain #maritimenetwork,εε συμφωνια για πιο φιλοδοξουσ στοχουσ στισ ανανεωσιμεσ πηγεσ ενεργειασ εωσ το maritime shipping supplychain maritimenetwork,1
"Πώς τρέφονται οι αιωνόβιοι;
Διάφοροι παράγοντες φαίνεται ότι επηρεάζουν το προσδόκιμο ζωής. Έρευνες έχουν δείξει ότι τα γονίδια προβλέπουν κατά 25% περίπου τη διάρκεια ζωής ενός ατόμου, με τη διατροφή, το περιβάλλον, την άσκηση και άλλους παράγοντες της κα
https://t.co/x4NiSLoyoh",πωσ τρεφονται οι αιωνοβιοι διαφοροι παραγοντεσ φαινεται οτι επηρεαζουν το προσδοκιμο ζωησ ερευνεσ εχουν δειξει οτι τα γονιδια προβλεπουν κατα περιπου τη διαρκεια ζωησ ενοσ ατομου με τη διατροφη το περιβαλλον την ασκηση και αλλουσ παραγοντεσ τησ κα,1
«Πολίτες Μαγνησίας για την υγεία και το περιβάλλον»: Να παύσει ο Δήμος Μπέου να κάνει τον Πόντιο Πιλάτο https://t.co/MYg3FagJjV,πολιτεσ μαγνησιασ για την υγεια και το περιβαλλον να παυσει ο δημοσ μπεου να κανει τον ποντιο πιλατο,1
Οι Ανανεώσιμες Πηγές Ενέργειας βασικός μοχλός συγκράτησης των τιμών https://t.co/RdGn5tWODz,οι ανανεωσιμεσ πηγεσ ενεργειασ βασικοσ μοχλοσ συγκρατησησ των τιμων,1
4 έγκριτοι επιστήμονες αμφισβητούν τα δεδομένα των μετρήσεων για την ποιότητα του αέρα στην περιοχή της Θέρμης https://t.co/VKuQ7VPCw4 #ΔΤ #ΘΕΡΜΗ #ΜΕΛΕΤΕΣ #ΠΕΡΙΒΑΛΛΟΝ https://t.co/n7RIv2LUh6,εγκριτοι επιστημονεσ αμφισβητουν τα δεδομενα των μετρησεων για την ποιοτητα του αερα στην περιοχη τησ θερμησ δτ θερμη μελετες περιβαλλον,1
Το 39% των Ελλήνων θεωρούν απειλεή την κλιματική αλλαγή https://t.co/wCmXCpqht7 #businessnewsgr,το των ελληνων θεωρουν απειλεη την κλιματικη αλλαγη businessnewsgr,1
Το 39% των Ελλήνων θεωρούν απειλή την κλιματική αλλαγή https://t.co/JHHFKOHmr7 #businessnewsgr,το των ελληνων θεωρουν απειλη την κλιματικη αλλαγη businessnewsgr,1
"Έρευνες έχουν δείξει ότι τα γονίδια προβλέπουν κατά 25% περίπου τη διάρκεια ζωής ενός ατόμου, με τη διατροφή, το περιβάλλον, την άσκηση και άλλους παράγοντες της καθημερινότητάς μας να προβλέπουν το υπόλοιπο https://t.co/6zouxikH92",ερευνεσ εχουν δειξει οτι τα γονιδια προβλεπουν κατα περιπου τη διαρκεια ζωησ ενοσ ατομου με τη διατροφη το περιβαλλον την ασκηση και αλλουσ παραγοντεσ τησ καθημερινοτητασ μασ να προβλεπουν το υπολοιπο,1
"Έρευνα: Η κλιματική αλλαγή παρατείνει και χειροτερεύει την εποχική αλλεργία,
https://t.co/nXUFPlgCGL,",ερευνα η κλιματικη αλλαγη παρατεινει και χειροτερευει την εποχικη αλλεργια,1
"ΕΛΛΕΤ: Κλιματική κρίση και οικονομία στην κορυφή των ανησυχιών των Ελλήνων για τα επόμενα 20 χρόνια
https://t.co/2HjHe4utI0",ελλετ κλιματικη κριση και οικονομια στην κορυφη των ανησυχιων των ελληνων για τα επομενα χρονια,1
"ΕΕ: Προσωρινή συμφωνία για τη μείωση εκπομπών στα πλοία - Τραυλού: Χωρίς τη ναυτιλία δεν μπορεί να υπάρξει πράσινη μετάβαση - Ρεπορτάζ και ειδήσεις για την Οικονομία, τις Επιχειρήσεις, το Χρηματιστήριο, την Πολιτική #mononewsGR https://t.co/w5sOrQldOy",εε προσωρινη συμφωνια για τη μειωση εκπομπων στα πλοια τραυλου χωρισ τη ναυτιλια δεν μπορει να υπαρξει πρασινη μεταβαση ρεπορταζ και ειδησεισ για την οικονομια τισ επιχειρησεισ το χρηματιστηριο την πολιτικη mononewsgr,1
"Μελίνα Τραυλού: Χωρίς τη ναυτιλία δεν μπορεί να υπάρξει πράσινη μετάβαση, ούτε στρατηγική αυτονομία της ΕΕ - mononewsTV - Ρεπορτάζ και ειδήσεις για την Οικονομία, τις Επιχειρήσεις, το Χρηματιστήριο, την Πολιτική #mononewsGR https://t.co/bL4Ff6Diup",μελινα τραυλου χωρισ τη ναυτιλια δεν μπορει να υπαρξει πρασινη μεταβαση ουτε στρατηγικη αυτονομια τησ εε mononewstv ρεπορταζ και ειδησεισ για την οικονομια τισ επιχειρησεισ το χρηματιστηριο την πολιτικη mononewsgr,1
"Πέτρος Μαρτσούκος στη «Δίκη»: «Να μειωθούν σε 16 ή 18 οι ομάδες, για να γίνει βιώσιμη η SL2» https://t.co/zKo0VT4BEC #superleague2 #idikistooren #petrosmartsoykos",πετροσ μαρτσουκοσ στη δικη να μειωθουν σε η οι ομαδεσ για να γινει βιωσιμη η sl superleague idikistooren petrosmartsoykos,1
Η κρίση του νερού και οι επιπτώσεις της για τους ανθρώπους και το περιβάλλον https://t.co/GcFj2dOz62,η κριση του νερου και οι επιπτωσεισ τησ για τουσ ανθρωπουσ και το περιβαλλον,1
“Great Reset” και αιολικά πάρκα: Kατασχέσεις ιδιωτικών εκτάσεων και περιουσιών με πρόφαση  την…  «κλιματική αλλαγή»! https://t.co/PW4cUgYIqO,great reset και αιολικα παρκα kατασχεσεισ ιδιωτικων εκτασεων και περιουσιων με προφαση την κλιματικη αλλαγη,1
"Οικονομία, πράσινη μετάβαση, ψηφιακή μεταρρύθμιση συζήτησε η ΠτΒ με Φ. Λέιν https://t.co/lYAtKu3Pib",οικονομια πρασινη μεταβαση ψηφιακη μεταρρυθμιση συζητησε η πτβ με φ λειν,1
Christina Aguilera: Τα τραύματα μίας παιδικής ηλικίας σε ένα κακοποιητικό περιβάλλον https://t.co/1nRGVHtrle,christina aguilera τα τραυματα μιασ παιδικησ ηλικιασ σε ενα κακοποιητικο περιβαλλον,1
"RT @PrimeministerGR: Στόχος μας ήταν και παραμένει η αναβάθμιση της παιδείας, των σχολείων μας. Να παρέχουμε στα παιδιά τα κατάλληλα εργαλε…",rt primeministergr στοχοσ μασ ηταν και παραμενει η αναβαθμιση τησ παιδειασ των σχολειων μασ να παρεχουμε στα παιδια τα καταλληλα εργαλε,1
“Great Reset” και αιολικά πάρκα: Kατασχέσεις ιδιωτικών εκτάσεων και περιουσιών με πρόφαση την… «κλιματική αλλαγή»!,great reset και αιολικα παρκα kατασχεσεισ ιδιωτικων εκτασεων και περιουσιων με προφαση την κλιματικη αλλαγη,1
Ανανεώσιμες Πηγές Ενέργειας: Ποιοι καταναλωτές θα έχουν σημαντικό όφελος - https://t.co/dXMDSTdmpD https://t.co/ekPzJyNZGW,ανανεωσιμεσ πηγεσ ενεργειασ ποιοι καταναλωτεσ θα εχουν σημαντικο οφελοσ,1
Ανανεώσιμες Πηγές Ενέργειας: Ποιοι καταναλωτές θα έχουν σημαντικό όφελος - https://t.co/rhMWx1Tx5d https://t.co/SDDdWOwDZx,ανανεωσιμεσ πηγεσ ενεργειασ ποιοι καταναλωτεσ θα εχουν σημαντικο οφελοσ,1
"Ζερόμ Καλούτα: «Έζησα τον διαχωρισμό από την πολιτεία, όχι από το περιβάλλον μου» https://t.co/0RvZ4e1T6i",ζερομ καλουτα εζησα τον διαχωρισμο απο την πολιτεια οχι απο το περιβαλλον μου,1
Τουλάχιστον να μην μπορούν να πουν ότι αυτός ο Απρίλιος ήταν ο πιο θερμός από το 19__ τόσο αν και θα είναι καυτός σε γεγονότα. Κλιματική αλλαγή; Απο αύριο ζητείται υπερθέρμανση!!! https://t.co/4gkrCo0Emg,τουλαχιστον να μην μπορουν να πουν οτι αυτοσ ο απριλιοσ ηταν ο πιο θερμοσ απο το __ τοσο αν και θα ειναι καυτοσ σε γεγονοτα κλιματικη αλλαγη απο αυριο ζητειται υπερθερμανση,1
"Ο φετινός Μάρτιος, δεύτερος θερμότερος παγκοσμίως, από το 1979 https://t.co/g08Lxxa0JE #ΚΑΙΡΟΣ #ΚΛΙΜΑ #ΠΕΡΙΒΑΛΛΟΝ https://t.co/c5ClGdpnFL",ο φετινοσ μαρτιοσ δευτεροσ θερμοτεροσ παγκοσμιωσ απο το καιρος κλιμα περιβαλλον,1
Δ. Γάκης: «Το σχέδιο του ΣΥΡΙΖΑ ΠΣ για βιώσιμη ανάπτυξη χρειάζεται ασφαλείς &amp; σύγχρονες μεταφορές» #Δημοκρατική #Ρόδος #Δωδεκάνησα https://t.co/WkFdzthn1q,δ γακησ το σχεδιο του συριζα πς για βιωσιμη αναπτυξη χρειαζεται ασφαλεισ amp συγχρονεσ μεταφορεσ δημοκρατικη ροδοσ δωδεκανησα,1
Μέσω των εμβολίων είμαστε ήδη μέσα σε ένα περιβάλλον συνδεδεμένοι με το ίντερνετ των πραγμάτων με το ίδιο το σώμα μας χωρίς να το γνωρίζουμε ακόμη μαζικά. Ο κόσμος μας μπήκε ήδη στην πιο σκοτεινή περίοδο που γνώρισε ποτέ και δεν πρέπει να αδιαφορήσει κανένας. https://t.co/lWlaN5xyWB,μεσω των εμβολιων ειμαστε ηδη μεσα σε ενα περιβαλλον συνδεδεμενοι με το ιντερνετ των πραγματων με το ιδιο το σωμα μασ χωρισ να το γνωριζουμε ακομη μαζικα ο κοσμοσ μασ μπηκε ηδη στην πιο σκοτεινη περιοδο που γνωρισε ποτε και δεν πρεπει να αδιαφορησει κανενασ,1
"RT @ElIian1901: Το μεγάλο μυστικό που ανακάλυψε ο Dr Warburg είναι απλό..
Τα καρκινικά κύτταρα δεν μπορούν να επιβιώσουν σε αλκαλικό περιβά…",rt eliian το μεγαλο μυστικο που ανακαλυψε ο dr warburg ειναι απλο τα καρκινικα κυτταρα δεν μπορουν να επιβιωσουν σε αλκαλικο περιβα,1
"RT @ElIian1901: Το μεγάλο μυστικό που ανακάλυψε ο Dr Warburg είναι απλό..
Τα καρκινικά κύτταρα δεν μπορούν να επιβιώσουν σε αλκαλικό περιβά…",rt eliian το μεγαλο μυστικο που ανακαλυψε ο dr warburg ειναι απλο τα καρκινικα κυτταρα δεν μπορουν να επιβιωσουν σε αλκαλικο περιβα,1
Siemens: Ολοκλήρωσε το βιώσιμο έργο ενέργειας στις Αζόρες και ορίζει το πρότυπο για άλλα νησιά https://t.co/TMKyerRA9n,siemens ολοκληρωσε το βιωσιμο εργο ενεργειασ στισ αζορεσ και οριζει το προτυπο για αλλα νησια,1
"Η Lucy Martin λοιπόν δουλεύει από το 2015 στο BBC, αφού απάντησε σε μια αγγελία για “ανθρώπους με αναπηρία που ενδιαφέρονται για την μετεωρολογία και το περιβάλλον”. https://t.co/IJqIHdPLHs",η lucy martin λοιπον δουλευει απο το στο bbc αφου απαντησε σε μια αγγελια για ανθρωπουσ με αναπηρια που ενδιαφερονται για την μετεωρολογια και το περιβαλλον,1
Αλάτι: Η βιομηχανία των 13 δισ. δολαρίων και οι κίνδυνοι για το περιβάλλον - https://t.co/y0YC0TlCKE https://t.co/bsEEb0LjmZ,αλατι η βιομηχανια των δισ δολαριων και οι κινδυνοι για το περιβαλλον,1
"RT @Yannis_Maniatis: Η μάχη κατά της Κλιματικής Κρίσης, συνεχίζεται. 
Η αποκεντρωμένη πράσινη ενέργεια στις οροφές κτιρίων στην Κίνα, ξεπερ…",rt yannis_maniatis η μαχη κατα τησ κλιματικησ κρισησ συνεχιζεται η αποκεντρωμενη πρασινη ενεργεια στισ οροφεσ κτιριων στην κινα ξεπερ,1
Γ. Τσακίρης: Το ΕΣΠΑ καλλιεργεί γόνιμο περιβάλλον για να αναπτύσσονται στη χώρα μας καινοτόμα προϊόντα - LarissaPress https://t.co/PAppDOeEzI,γ τσακιρησ το εσπα καλλιεργει γονιμο περιβαλλον για να αναπτυσσονται στη χωρα μασ καινοτομα προϊοντα larissapress,1
Γ. Τσακίρης: Το ΕΣΠΑ καλλιεργεί γόνιμο περιβάλλον για να αναπτύσσονται στη χώρα μας καινοτόμα προϊόντα https://t.co/qzt2qdEI6h,γ τσακιρησ το εσπα καλλιεργει γονιμο περιβαλλον για να αναπτυσσονται στη χωρα μασ καινοτομα προϊοντα,1
Κλιματική αλλαγή: Η υποχώρηση των πολικών παγετώνων μπορεί να φτάσει τα 600 μέτρα την ημέρα https://t.co/IMlqhKTrNW,κλιματικη αλλαγη η υποχωρηση των πολικων παγετωνων μπορει να φτασει τα μετρα την ημερα,1
Αρσάκειο: Να αλλάξουν σχολικό περιβάλλον οι «νταήδες» ζητά ο Σύλλογος Γονέων και Κηδεμόνων - https://t.co/fL4Xi3IHAI https://t.co/1k3cYq8mTG,αρσακειο να αλλαξουν σχολικο περιβαλλον οι νταηδεσ ζητα ο συλλογοσ γονεων και κηδεμονων,1
Αρσάκειο: Να αλλάξουν σχολικό περιβάλλον οι «νταήδες» ζητά ο Σύλλογος Γονέων και Κηδεμόνων - https://t.co/yZqfvSNGiV https://t.co/JlHK1IgfhE,αρσακειο να αλλαξουν σχολικο περιβαλλον οι νταηδεσ ζητα ο συλλογοσ γονεων και κηδεμονων,1
RT @Moneypressgr: Νέο ρεκόρ για την «πράσινη» ενέργεια - Από ανεμογεννήτριες και φωτοβολταϊκά το...  #moneypress https://t.co/5vsdLHChe6 ht…,rt moneypressgr νεο ρεκορ για την πρασινη ενεργεια απο ανεμογεννητριεσ και φωτοβολταϊκα το moneypress ht,1
Νέο ρεκόρ για την «πράσινη» ενέργεια - Από ανεμογεννήτριες και φωτοβολταϊκά το...  #moneypress https://t.co/5vsdLHChe6 https://t.co/1oSTZ7ufsB,νεο ρεκορ για την πρασινη ενεργεια απο ανεμογεννητριεσ και φωτοβολταϊκα το moneypress,1
"Η κεντρική έκθεση της 8ης Μπιενάλε Σύγχρονης Τέχνης απλώνεται σε δέκα διαφορετικές τοποθεσίες, μουσεία και μνημεία της Θεσσαλονίκης. 28 καλλιτέχνες και ομάδες εστιάζουν στο θέμα της ανθρώπινης συνύπαρξης, στη σχέση μας με τη φύση, την κλιματική αλλαγή ... https://t.co/7YVE2q8V3U",η κεντρικη εκθεση τησ ησ μπιεναλε συγχρονησ τεχνησ απλωνεται σε δεκα διαφορετικεσ τοποθεσιεσ μουσεια και μνημεια τησ θεσσαλονικησ καλλιτεχνεσ και ομαδεσ εστιαζουν στο θεμα τησ ανθρωπινησ συνυπαρξησ στη σχεση μασ με τη φυση την κλιματικη αλλαγη,1
"Η παραγωγή ενέργειας από ανανεώσιμες πηγές (αιολική και ηλιακή) έφθασε το 12% του συνόλου το 2022, καταγράφοντας νέο ρεκόρ, αλλά μένοντας πίσω από την παραγωγή ηλεκτρισμού με την καύση άνθρακα και ευρύτερα τα ορυκτά καύσιμα, που παραμένουν ο βασικός

https://t.co/53C1KvGnnN",η παραγωγη ενεργειασ απο ανανεωσιμεσ πηγεσ αιολικη και ηλιακη εφθασε το του συνολου το καταγραφοντασ νεο ρεκορ αλλα μενοντασ πισω απο την παραγωγη ηλεκτρισμου με την καυση ανθρακα και ευρυτερα τα ορυκτα καυσιμα που παραμενουν ο βασικοσ,1
"Η παραγωγή ενέργειας από ανανεώσιμες πηγές (αιολική και ηλιακή) έφθασε το 12% του συνόλου το 2022, καταγράφοντας νέο ρεκόρ, αλλά μένοντας πίσω από την παραγωγή ηλεκτρισμού με την καύση άνθρακα και ευρύτερα τα ορυκτά καύσιμα, που παραμένουν ο βασικός

https://t.co/5JyMhNgtEN",η παραγωγη ενεργειασ απο ανανεωσιμεσ πηγεσ αιολικη και ηλιακη εφθασε το του συνολου το καταγραφοντασ νεο ρεκορ αλλα μενοντασ πισω απο την παραγωγη ηλεκτρισμου με την καυση ανθρακα και ευρυτερα τα ορυκτα καυσιμα που παραμενουν ο βασικοσ,1
Αρρωστος πορνογερος χωρίς να μπορεί να υπάρξει επαναφορά σε μια πιο φυσιολογική κατάσταση ο νους του και επειδή το όλο περιβάλλον μεταμορφώνεται σκόπιμα σε οnly for fun υπάρχει μια ενοχή όλων άρα και ανοχή. Τώρα αν όλο αυτό το ονομάζουμε Δημοκρατία &amp; όχι σατανοκρατια τι να πω; https://t.co/pVtT0WJXCX,αρρωστοσ πορνογεροσ χωρισ να μπορει να υπαρξει επαναφορα σε μια πιο φυσιολογικη κατασταση ο νουσ του και επειδη το ολο περιβαλλον μεταμορφωνεται σκοπιμα σε οnly for fun υπαρχει μια ενοχη ολων αρα και ανοχη τωρα αν ολο αυτο το ονομαζουμε δημοκρατια amp οχι σατανοκρατια τι να πω,1
Τζέιμι Φοξ: Έχει πλέον επικοινωνία με το περιβάλλον – Παραμένει άγνωστη η αιτία που τον οδήγησε στο νοσοκομείο https://t.co/3ffqbsemOO,τζειμι φοξ εχει πλεον επικοινωνια με το περιβαλλον παραμενει αγνωστη η αιτια που τον οδηγησε στο νοσοκομειο,1
"Πόσο τυχαίο είναι όλο αυτό; Τον τελευταίο καιρό βλέπουμε εικόνες χιλιάδων νεκρών αγελάδων συνεχώς και δεν είναι μια απλή σύμπτωση της εποχής μας. Τις έχουν ενοχοποιήσει για την ""κλιματική αλλαγή"" την στιγμή που και οι άνθρωποι δέχτηκαν γενετική επίθεση αγνοώντας την. https://t.co/p8Z7t8fefw",ποσο τυχαιο ειναι ολο αυτο τον τελευταιο καιρο βλεπουμε εικονεσ χιλιαδων νεκρων αγελαδων συνεχωσ και δεν ειναι μια απλη συμπτωση τησ εποχησ μασ τισ εχουν ενοχοποιησει για την κλιματικη αλλαγη την στιγμη που και οι ανθρωποι δεχτηκαν γενετικη επιθεση αγνοωντασ την,1
Η κλιματική αλλαγή επιδεινώνει τις αλλεργίες της άνοιξης σύμφωνα με τους ειδικούς https://t.co/IR2Czusm5p #Κασιδιαρη #Μανεσης #Telegram #AlexandertheGreat #εκλογες2023 #Ντογιακος #Συλλυπητηρια #Ναζαρετ,η κλιματικη αλλαγη επιδεινωνει τισ αλλεργιεσ τησ ανοιξησ συμφωνα με τουσ ειδικουσ κασιδιαρη μανεσησ telegram alexanderthegreat εκλογεσ ντογιακοσ συλλυπητηρια ναζαρετ,1
"Συγκλονίζει ο Θάνος Καληώρας για τη Τζέσυ Παπουτσή: «Είχε πέσει σε κώμα, δεν είχε επαφή με το περιβάλλον» - https://t.co/TSJ4asObxA https://t.co/HnczlEDt0r",συγκλονιζει ο θανοσ καληωρασ για τη τζεσυ παπουτση ειχε πεσει σε κωμα δεν ειχε επαφη με το περιβαλλον,1
Καμπανάκι από τους ειδικούς: Η κλιματική αλλαγή επιδεινώνει τις αλλεργίες της άνοιξης - https://t.co/Wjy6b7TTMd https://t.co/1ZiDbxPYtL,καμπανακι απο τουσ ειδικουσ η κλιματικη αλλαγη επιδεινωνει τισ αλλεργιεσ τησ ανοιξησ,1
"Μετανάστες του κλίματος «γεννά» η κλιματική κρίση,
https://t.co/PPVC5akd9G,",μεταναστεσ του κλιματοσ γεννα η κλιματικη κριση,1
Μετανάστες του κλίματος «γεννά» η κλιματική κρίση https://t.co/CGu6u6WKKR,μεταναστεσ του κλιματοσ γεννα η κλιματικη κριση,1
"Οι χώρες της Ομάδας των 7 (G7) ανακοίνωσαν σήμερα την πρόθεσή τους να εκμηδενίσουν την ρύπανση με πλαστικά ως το 2040, κατά τη συνάντηση των υπουργών τους για το Κλίμα, την Ενέργεια και το Περιβάλλον, στο Σαπόρο της Ιαπωνίας.

https://t.co/wfP9YH6dYd",οι χωρεσ τησ ομαδασ των g ανακοινωσαν σημερα την προθεση τουσ να εκμηδενισουν την ρυπανση με πλαστικα ωσ το κατα τη συναντηση των υπουργων τουσ για το κλιμα την ενεργεια και το περιβαλλον στο σαπορο τησ ιαπωνιασ,1
"🌏 Μετανάστες του κλίματος «γεννά» η κλιματική κρίση

#ClimateCrisis 

https://t.co/vSm8nY5Z1R https://t.co/e6cUfbjesz",μεταναστεσ του κλιματοσ γεννα η κλιματικη κριση climatecrisis,1
Μετανάστες του κλίματος «γεννά» η κλιματική κρίση. https://t.co/ZDIPoFGmIh,μεταναστεσ του κλιματοσ γεννα η κλιματικη κριση,1
"Οι χώρες της Ομάδας των 7 (G7) ανακοίνωσαν σήμερα την πρόθεσή τους να εκμηδενίσουν την ρύπανση με πλαστικά ως το 2040, κατά τη συνάντηση των υπουργών τους για το Κλίμα, την Ενέργεια και το Περιβάλλον, στο Σαπόρο της Ιαπωνίας.

https://t.co/cYzQ5DMJ1L",οι χωρεσ τησ ομαδασ των g ανακοινωσαν σημερα την προθεση τουσ να εκμηδενισουν την ρυπανση με πλαστικα ωσ το κατα τη συναντηση των υπουργων τουσ για το κλιμα την ενεργεια και το περιβαλλον στο σαπορο τησ ιαπωνιασ,1
Βγάλανε μέχρι και “οικολογικό θρίλερ”-σειρά για την “κλιματική αλλαγή” https://t.co/erdrY96G41,βγαλανε μεχρι και οικολογικο θριλερσειρα για την κλιματικη αλλαγη,1
RT @sofokleous10: Εννέα ρεκόρ έσπασε η ενεργειακή αγορά το 2022 – Στροφή σε πράσινη ενέργεια και αυτοπαραγωγή από ΑΠΕ https://t.co/AIdjpPhS…,rt sofokleous εννεα ρεκορ εσπασε η ενεργειακη αγορα το στροφη σε πρασινη ενεργεια και αυτοπαραγωγη απο απε,1
Τα 9 ρεκόρ που έσπασε η ενεργειακή αγορά το 2022 στην Ελλάδα – Στροφή σε πράσινη ενέργεια - https://t.co/tzPbchl9pw https://t.co/uHS06oJXUQ,τα ρεκορ που εσπασε η ενεργειακη αγορα το στην ελλαδα στροφη σε πρασινη ενεργεια,1
Κλιματική αλλαγή: Η στάθμη της θάλασσας στις παράκτιες περιοχές των ΗΠΑ έχει ανέβει κατά 12 εκατοστά την τελευταία δεκαετία - https://t.co/A347sSp8BQ,κλιματικη αλλαγη η σταθμη τησ θαλασσασ στισ παρακτιεσ περιοχεσ των ηπα εχει ανεβει κατα εκατοστα την τελευταια δεκαετια,1
"Εννέα ρεκόρ έσπασε η ενεργειακή αγορά το 2022, τα οποία σηματοδοτούν όχι μόνο την μετάβαση στην πράσινη ενέργεια αλλά και την στροφή των καταναλωτών στην αυτοπαραγωγή από ανανεώσιμες πηγές, την ταχείααπεξάρτηση από το ρωσικό φυσικό αέριο και την

https://t.co/ZcJVaze93g",εννεα ρεκορ εσπασε η ενεργειακη αγορα το τα οποια σηματοδοτουν οχι μονο την μεταβαση στην πρασινη ενεργεια αλλα και την στροφη των καταναλωτων στην αυτοπαραγωγη απο ανανεωσιμεσ πηγεσ την ταχειααπεξαρτηση απο το ρωσικο φυσικο αεριο και την,1
ΟΛΑ ΞΑΦΝΙΚΑ....ΦΤΑΙΕΙ Η ΚΛΙΜΑΤΙΚΗ ΑΛΛΑΓΗ https://t.co/m3k69yVSqZ,ολα ξαφνικαφταιει η κλιματικη αλλαγη,1
"Η #G7 εστιάζει στην #προώθηση της παγκόσμιας συμφωνίας για τη σταδιακή κατάργηση των ορυκτών καυσίμων | Ειδήσεις για την κλιματική κρίση
read more... https://t.co/2h0zBXgANo https://t.co/mQiy9AqKsK",η g εστιαζει στην προωθηση τησ παγκοσμιασ συμφωνιασ για τη σταδιακη καταργηση των ορυκτων καυσιμων ειδησεισ για την κλιματικη κριση read more,1
Προσφυγή στο ΣΤΕ για την ολοκληρωμένη φυτοπροστασία της ελιάς από το Δίκτυο «Βιώσιμος Ελαιώνας https://t.co/CkxRTR300p,προσφυγη στο στε για την ολοκληρωμενη φυτοπροστασια τησ ελιασ απο το δικτυο βιωσιμοσ ελαιωνασ,1
".@vonderleyen: Η αποσύνδεση από την #Κίνα δεν είναι βιώσιμη, επιθυμητή και πρακτική για την Ευρώπη 

https://t.co/IfqsBqTDWa https://t.co/V1ctri4MYo",vonderleyen η αποσυνδεση απο την κινα δεν ειναι βιωσιμη επιθυμητη και πρακτικη για την ευρωπη,1
RT @sofokleous10: Εννέα ρεκόρ έσπασε η ενεργειακή αγορά το 2022-Στροφή σε πράσινη ενέργεια https://t.co/T2pr66chGa,rt sofokleous εννεα ρεκορ εσπασε η ενεργειακη αγορα το στροφη σε πρασινη ενεργεια,1
IPCC: «Κακά μαντάτα» για τον τουρισμό από την κλιματική κρίση https://t.co/eMrmp5Azsh,ipcc κακα μαντατα για τον τουρισμο απο την κλιματικη κριση,1
"Η κλιματική αλλαγή, μια πρόκληση για τη Μεσόγειο: Ο καθηγητής Πιέρο Λιονέλο αποκλειστικά στην ΕΡΤ https://t.co/tMF5BYYROz",η κλιματικη αλλαγη μια προκληση για τη μεσογειο ο καθηγητησ πιερο λιονελο αποκλειστικα στην ερτ,1
Κλιματική αλλαγή: Είναι καλή ιδέα να φυτέψουμε ένα τρισεκατομμύριο δέντρα - https://t.co/DD0gL1uxZS https://t.co/NI6XvdbsZo,κλιματικη αλλαγη ειναι καλη ιδεα να φυτεψουμε ενα τρισεκατομμυριο δεντρα,1
"RT @Jxo0R4D5kJiqfmn: Όταν ή κλιματική αλλαγή έρχεται,εσύ φεύγεις.
Άν νομίζεις ότι δέν σέ αφορά...
Περίμενε μέχρι μετά τίς εκλογές.
Θά τό ψη…",rt jxordkjiqfmn οταν η κλιματικη αλλαγη ερχεταιεσυ φευγεισ αν νομιζεισ οτι δεν σε αφορα περιμενε μεχρι μετα τισ εκλογεσ θα το ψη,1
"Λιακόπουλος: Ειδικοί του κw#ου, τρομοκρατούν τον κόσμο με την ανύπαρκτη κλιματική αλλαγή – video https://t.co/uC6nNOiyfp",λιακοπουλοσ ειδικοι του κwου τρομοκρατουν τον κοσμο με την ανυπαρκτη κλιματικη αλλαγη video,1
"Επιστήμονες από Αμερική, Ευρώπη, Ελλάδα μίλησαν για την Κλιματική Αλλαγή https://t.co/KUHBDB5qjv",επιστημονεσ απο αμερικη ευρωπη ελλαδα μιλησαν για την κλιματικη αλλαγη,1
Πως η κλιματική αλλαγή έπληξε την Ευρώπη το 2022 https://t.co/RauAisMt7q,πωσ η κλιματικη αλλαγη επληξε την ευρωπη το,1
"Το λιμάνι του Ηρακλείου μετατρέπεται σε smart port – Οι πρωτοβουλίες του διευθύνοντος συμβούλου Μηνά Παπαδάκη για την πράσινη μετάβαση | Ρεπορτάζ και ειδήσεις για την Οικονομία, τις Επιχειρήσεις, το Χρηματιστήριο, την Πολιτική https://t.co/VtGbjlxSfP",το λιμανι του ηρακλειου μετατρεπεται σε smart port οι πρωτοβουλιεσ του διευθυνοντοσ συμβουλου μηνα παπαδακη για την πρασινη μεταβαση ρεπορταζ και ειδησεισ για την οικονομια τισ επιχειρησεισ το χρηματιστηριο την πολιτικη,1
"Κλιματική αλλαγή: Η ξηρασία απειλή την Ευρώπη – Νερό με ωράριο στην Καταλονία, SOS από επιστήμονες
Πραγματικά κανένας νοήμον δεν μπορεί να διακρίνει ότι αφού βρισκόμαστε στην εποχή ελέγχου του καιρού, όλα αυτά γίνονται κατόπιν σχεδίου, άραγε ποιων κρατών, ώστε να φτάσουν τον ...",κλιματικη αλλαγη η ξηρασια απειλη την ευρωπη νερο με ωραριο στην καταλονια sos απο επιστημονεσ πραγματικα κανενασ νοημον δεν μπορει να διακρινει οτι αφου βρισκομαστε στην εποχη ελεγχου του καιρου ολα αυτα γινονται κατοπιν σχεδιου αραγε ποιων κρατων ωστε να φτασουν τον,1
"RT @TheOpinion_News: Ευρώπη: Ξηρασία, καύσωνες, πυρκαγές – Πώς η κλιματική αλλαγή έπληξε την ήπειρο το 2022 https://t.co/LRpzgNveqB #Thessa…",rt theopinion_news ευρωπη ξηρασια καυσωνεσ πυρκαγεσ πωσ η κλιματικη αλλαγη επληξε την ηπειρο το thessa,1
"Ξηρασία, καύσωνες, πυρκαγιές: Πώς η κλιματική αλλαγή έπληξε την Ευρώπη το 2022 - https://t.co/Aysm3Zpocy https://t.co/SIYMvYTOeC",ξηρασια καυσωνεσ πυρκαγιεσ πωσ η κλιματικη αλλαγη επληξε την ευρωπη το,1
Εκθεση της ευρωπαϊκής υπηρεσίας Κοπέρνικος για την Κλιματική Αλλαγή https://t.co/eG9N3KFr3f,εκθεση τησ ευρωπαϊκησ υπηρεσιασ κοπερνικοσ για την κλιματικη αλλαγη,1
"Ξηρασία, καύσωνες, πυρκαγές 

Πως η κλιματική αλλαγή έπληξε την Ευρώπη το 2022

Έκθεση της ευρωπαϊκής υπηρεσίας @CopernicusEU

https://t.co/BZkKgs5Roe 

#climatechange #ESOTC #EUSpace #CopernicusClimate | 📷 https://t.co/tazZ1r4Zg1

https://t.co/tkjU8Z6Zlp https://t.co/VzJHo7Iazk",ξηρασια καυσωνεσ πυρκαγεσ πωσ η κλιματικη αλλαγη επληξε την ευρωπη το εκθεση τησ ευρωπαϊκησ υπηρεσιασ copernicuseu climatechange esotc euspace copernicusclimate,1
"Ποτάμια και υπόγεια ύδατα στο χαμηλότερο επίπεδό τους, καύσωνες και τεράστιες πυρκαγιές: το περσινό καλοκαίρι κατέδειξε πόσο πλήττεται η Ευρώπη από την κλιματική αλλαγή, σύμφωνα με έκθεση της ευρωπαϊκής υπηρεσίας Κοπέρνικος για την Κλιματική Αλλαγή (

https://t.co/u4KUcf5EvT",ποταμια και υπογεια υδατα στο χαμηλοτερο επιπεδο τουσ καυσωνεσ και τεραστιεσ πυρκαγιεσ το περσινο καλοκαιρι κατεδειξε ποσο πληττεται η ευρωπη απο την κλιματικη αλλαγη συμφωνα με εκθεση τησ ευρωπαϊκησ υπηρεσιασ κοπερνικοσ για την κλιματικη αλλαγη,1
"«SOS» εκπέμπει η Ευρώπη – Πώς η κλιματική αλλαγή έπληξε την Ήπειρο το 2022

https://t.co/TXlLVuq1aK",sos εκπεμπει η ευρωπη πωσ η κλιματικη αλλαγη επληξε την ηπειρο το,1
O Dalio της Bridgewater προειδοποιεί: Το τραπεζικό σύστημα θα χρειαστεί «μεγάλες αναδιαρθρώσεις» σύντομα - Μη βιώσιμο το βάρος του χρέους https://t.co/IvumUTOPGN via @bankingnewsgr,o dalio τησ bridgewater προειδοποιει το τραπεζικο συστημα θα χρειαστει μεγαλεσ αναδιαρθρωσεισ συντομα μη βιωσιμο το βαροσ του χρεουσ via bankingnewsgr,1
«Καμπανάκι» από τον Παγκόσμιο Οργανισμό Μετεωρολογίας: Η στάθμη των θαλασσών αυξήθηκε με περισσότερο του διπλάσιου ρυθμό https://t.co/G6sUoHqiTw #ΠΕΡΙΒΑΛΛΟΝ https://t.co/kRGF5RaQ0L,καμπανακι απο τον παγκοσμιο οργανισμο μετεωρολογιασ η σταθμη των θαλασσων αυξηθηκε με περισσοτερο του διπλασιου ρυθμο περιβαλλον,1
"Μόλις το 0,3% των επιστημόνων συμφωνεί ότι η ανθρωπότητα προκαλεί την κλιματική αλλαγή - Όχι το 97% όπως διέδωσε ο ΟΗΕ https://t.co/7oi8xOpc9Z via @bankingnewsgr",μολισ το των επιστημονων συμφωνει οτι η ανθρωποτητα προκαλει την κλιματικη αλλαγη οχι το οπωσ διεδωσε ο οηε via bankingnewsgr,1
"«Ημέρα της Γης»: H ΔΕΗ ηλεκτροδοτεί 4,3 εκατ. νοικοκυριά αποκλειστικά από Ανανεώσιμες Πηγές Ενέργειας

https://t.co/jjlQbw3qx2",ημερα τησ γησ h δεη ηλεκτροδοτει εκατ νοικοκυρια αποκλειστικα απο ανανεωσιμεσ πηγεσ ενεργειασ,1
"Αφιερωμένο στην «Ημέρα της Γης» για την κλιματική αλλαγή το doodle της 
#Google  https://t.co/4tz8W6vhGy",αφιερωμενο στην ημερα τησ γησ για την κλιματικη αλλαγη το doodle τησ google,1
"Έκθεση της ευρωπαϊκής υπηρεσίας Κοπέρνικος για την Κλιματική Αλλαγή: 
«Δεν θα μειωθεί η τάση της υπερθέρμανσης του πλανήτη στο εγγύς μέλλον» 

https://t.co/WAWNhONSMX",εκθεση τησ ευρωπαϊκησ υπηρεσιασ κοπερνικοσ για την κλιματικη αλλαγη δεν θα μειωθει η ταση τησ υπερθερμανσησ του πλανητη στο εγγυσ μελλον,1
"#ΙδέεςΚαιΑπόψεις 
H κλιματική κρίση αποδεκατίζει τον Νότο
Οι δέκα χώρες που κινδυνεύουν πιο άμεσα 

Ένα κείμενο του Δ. Κωνσταντακόπουλου

https://t.co/RmMJWK70Vq",ιδεεσκαιαποψεισ h κλιματικη κριση αποδεκατιζει τον νοτο οι δεκα χωρεσ που κινδυνευουν πιο αμεσα ενα κειμενο του δ κωνσταντακοπουλου,1
"Μεσαίες και μεγάλες επιχειρήσεις (και σε συγκεκριμένους κλάδους όπως το περιβάλλον και η δημόσια υγεία, για το σύνολο των επιχειρήσεων ανεξαρτήτως μεγέθους) θα πρέπει από εφέτος να καθιερώσουν διαύλους αναφοράς για καταγγελίες παραβάσεων της ευρωπαϊκής

https://t.co/Y7dFshDadV",μεσαιεσ και μεγαλεσ επιχειρησεισ και σε συγκεκριμενουσ κλαδουσ οπωσ το περιβαλλον και η δημοσια υγεια για το συνολο των επιχειρησεων ανεξαρτητωσ μεγεθουσ θα πρεπει απο εφετοσ να καθιερωσουν διαυλουσ αναφορασ για καταγγελιεσ παραβασεων τησ ευρωπαϊκησ,1
Με ηλεκτρικά αυτοκίνητα έκαναν Test drive οι υπουργοί της Ευρωπαϊκής Ένωσης που ασχολούνται με το περιβάλλον https://t.co/z3Id3o5Q8J,με ηλεκτρικα αυτοκινητα εκαναν test drive οι υπουργοι τησ ευρωπαϊκησ ενωσησ που ασχολουνται με το περιβαλλον,1
RT @Moneypressgr: Κλιματική αλλαγή: Έρχεται και πάλι το Ελ Νίνιο με θερμοκρασίες ρεκόρ  #moneypress https://t.co/86701BeKCg,rt moneypressgr κλιματικη αλλαγη ερχεται και παλι το ελ νινιο με θερμοκρασιεσ ρεκορ moneypress,1
Κλιματική αλλαγή: Έρχεται και πάλι το Ελ Νίνιο με θερμοκρασίες ρεκόρ  #moneypress https://t.co/86701BeKCg,κλιματικη αλλαγη ερχεται και παλι το ελ νινιο με θερμοκρασιεσ ρεκορ moneypress,1
Κλιματική κρίση: Τι δείχνει ο “Κοπέρνικος” για το φετινό καλοκαίρι στην Ελλάδα – Πού θα κυμανθούν οι #Δημοκρατική #Ρόδος #Δωδεκάνησα https://t.co/TT5FaroLJz,κλιματικη κριση τι δειχνει ο κοπερνικοσ για το φετινο καλοκαιρι στην ελλαδα που θα κυμανθουν οι δημοκρατικη ροδοσ δωδεκανησα,1
Ημέρα της Γης: Για την κλιματική αλλαγή το Doodle της Google https://t.co/ATysEb0vMv,ημερα τησ γησ για την κλιματικη αλλαγη το doodle τησ google,1
"Κλιματική κρίση: Άνοδος ρεκόρ στη στάθμη των θαλασσών το 2022
https://t.co/WacO61sguN",κλιματικη κριση ανοδοσ ρεκορ στη σταθμη των θαλασσων το,1
"Ο αριθμός των φυσικών καταστροφών, όπως πλημμύρες και καύσωνες, που οφείλονται στην κλιματική αλλαγή έχει πενταπλασιαστεί τα τελευταία 50 χρόνια https://t.co/whTYCA1i3T",ο αριθμοσ των φυσικων καταστροφων οπωσ πλημμυρεσ και καυσωνεσ που οφειλονται στην κλιματικη αλλαγη εχει πενταπλασιαστει τα τελευταια χρονια,1
Αυτές είναι οι δέκα χώρες που κινδυνεύουν πιο άμεσα από την κλιματική κρίση #j2us #Γιωργο #Πολυχρονος #ΧρονιαΠολλα #kalytera #Newcastle #Θωμα #xamogelakaipali #καληκυριακη #Ευχαριστω #καλοσαββατοκυριακο #Γεωργιες #Γεωργια https://t.co/Nxg3S3rQZ4,αυτεσ ειναι οι δεκα χωρεσ που κινδυνευουν πιο αμεσα απο την κλιματικη κριση jus γιωργο πολυχρονοσ χρονιαπολλα kalytera newcastle θωμα xamogelakaipali καληκυριακη ευχαριστω καλοσαββατοκυριακο γεωργιεσ γεωργια,1
Βερολίνο: Ακτιβιστές κόλλησαν στην άσφαλτο απαιτώντας άμεσα μέτρα για την κλιματική κρίση https://t.co/RTP2fxjHp0,βερολινο ακτιβιστεσ κολλησαν στην ασφαλτο απαιτωντασ αμεσα μετρα για την κλιματικη κριση,1
"Χάρι Μπελαφόντε: «Στο φτωχό περιβάλλον, βρίσκω μεγάλη έμπνευση» https://t.co/PGeZ0aKvPW #ΑΡΘΡΑ #ΑΚΤΙΒΙΣΤΗΣ #ΗΘΟΠΟΙΟΣ #ΤΡΑΓΟΥΔΙΣΤΗΣ By https://t.co/p9zfHynwcm https://t.co/HsPSRzjHFa",χαρι μπελαφοντε στο φτωχο περιβαλλον βρισκω μεγαλη εμπνευση αρθρα ακτιβιστης ηθοποιος τραγουδιστης by,1
"Η Extreme E  και ο επίσημος συνεργάτης για την αειφορία EY μοιράζονται το #αποτύπωμα #άνθρακα της σεζόν 2. #ontimenewsgr
https://t.co/53mrtuRcRP",η extreme e και ο επισημοσ συνεργατησ για την αειφορια ey μοιραζονται το αποτυπωμα ανθρακα τησ σεζον ontimenewsgr,1
"Οι αυτόκλητοι άριστοι θεωρούν ότι η ανθρωπότητα απειλείται από τον υπερπληθυσμό και την κλιματική αλλαγή
https://t.co/yskpDz2EEh",οι αυτοκλητοι αριστοι θεωρουν οτι η ανθρωποτητα απειλειται απο τον υπερπληθυσμο και την κλιματικη αλλαγη,1
"Sigmataf «Θηλυκός προς το Περιβάλλον» | Νέο άλμπουμ

Ο στίχος είναι ελληνόφωνος κι ο ήχος του φλερτάρει με την indie electronica, και είναι αρκετά πιο “smooth”, όπως ο ίδιος τον χαρακτηρίζει σε σχέση με τις προηγούμενες δουλειές του.

https://t.co/gFW25idtL9",sigmataf θηλυκοσ προσ το περιβαλλον νεο αλμπουμ ο στιχοσ ειναι ελληνοφωνοσ κι ο ηχοσ του φλερταρει με την indie electronica και ειναι αρκετα πιο smooth οπωσ ο ιδιοσ τον χαρακτηριζει σε σχεση με τισ προηγουμενεσ δουλειεσ του,1
RT @LykavitosGr: Λέκκας: Ίσως να έχουμε το πιο θερμό καλοκαίρι - Τα σενάρια για θερμοκρασίες 48-50 βαθμών  #κλιματική_κρίση #καύσωνας https…,rt lykavitosgr λεκκασ ισωσ να εχουμε το πιο θερμο καλοκαιρι τα σεναρια για θερμοκρασιεσ βαθμων κλιματικη_κριση καυσωνασ,1
RT @LykavitosGr: Λέκκας: Ίσως να έχουμε το πιο θερμό καλοκαίρι - Τα σενάρια για θερμοκρασίες 48-50 βαθμών  #κλιματική_κρίση #καύσωνας https…,rt lykavitosgr λεκκασ ισωσ να εχουμε το πιο θερμο καλοκαιρι τα σεναρια για θερμοκρασιεσ βαθμων κλιματικη_κριση καυσωνασ,1
"Η #Δύση μετατρέπει την #Ουκρανία σε #ραδιενεργό #νεκροταφείο – Τεράστιες συνέπειες σε ανθρώπους, περιβάλλον https://t.co/JWVPLyciRS via @bankingnewsgr",η δυση μετατρεπει την ουκρανια σε ραδιενεργο νεκροταφειο τεραστιεσ συνεπειεσ σε ανθρωπουσ περιβαλλον via bankingnewsgr,1
"Για την κλιματική αλλαγή και το σενάριο τρόμου για θερμοκρασίες έως και 50 βαθμούς στην Ελλάδα, μίλησε ο καθηγητής Γεωλογίας και Διαχείρισης Φυσικών Καταστροφών, Ευθύμιος Λέκκας.

Τα σενάρια για τη θερμοκρασία το φετινό καλοκαίρι στην πρωτεύουσα

https://t.co/H3vAL13kKB https://t.co/TWLn2GU072",για την κλιματικη αλλαγη και το σεναριο τρομου για θερμοκρασιεσ εωσ και βαθμουσ στην ελλαδα μιλησε ο καθηγητησ γεωλογιασ και διαχειρισησ φυσικων καταστροφων ευθυμιοσ λεκκασ τα σεναρια για τη θερμοκρασια το φετινο καλοκαιρι στην πρωτευουσα,1
Η κλιματική αλλαγή χτυπάει τα χαρτοφυλάκια των τραπεζών https://t.co/8F9G1j6Dtu,η κλιματικη αλλαγη χτυπαει τα χαρτοφυλακια των τραπεζων,1
"Στόχος είναι μέχρι το 2029 όλες οι επιχειρήσεις της Ευρώπης, ανεξαρτήτου μεγέθους και προέλευσης τους να ελέγχονται για τις επιπτώσεις τους στο περιβάλλον και τον άνθρωπο, αλλά και να διασφαλίζουν τηνορθή χρήση των οικονομικών τους πόρων, ώστε να

https://t.co/FxVm0GaENs",στοχοσ ειναι μεχρι το ολεσ οι επιχειρησεισ τησ ευρωπησ ανεξαρτητου μεγεθουσ και προελευσησ τουσ να ελεγχονται για τισ επιπτωσεισ τουσ στο περιβαλλον και τον ανθρωπο αλλα και να διασφαλιζουν τηνορθη χρηση των οικονομικων τουσ πορων ωστε να,1
Έως 3.000 τόνοι CO2 ετησίως: Το όφελος για το περιβάλλον από την προστασία έναντι στην εξόρυξη κρυπτονομισμάτων https://t.co/7tMTa46ofm https://t.co/zPCa25Ww1c,εωσ τονοι co ετησιωσ το οφελοσ για το περιβαλλον απο την προστασια εναντι στην εξορυξη κρυπτονομισματων,1
Περισσότερα τα κουνούπια σε περιοχές της Κεντρικής Μακεδονίας λόγω των βροχών του Απριλίου - Η εφαρμογή στα κινητά που κάνει... πρόβλεψη https://t.co/i2kduBCCvu #ΕΦΑΡΜΟΓΕΣ #ΚΟΥΝΟΥΠΙΑ #ΠΕΡΙΒΑΛΛΟΝ #ΠΕΡΙΞ https://t.co/c4gAReWcq2,περισσοτερα τα κουνουπια σε περιοχεσ τησ κεντρικησ μακεδονιασ λογω των βροχων του απριλιου η εφαρμογη στα κινητα που κανει προβλεψη εφαρμογες κουνουπια περιβαλλον περιξ,1
“Το Περιβάλλον και Eγώ” Ψηφιακή Παράσταση VR Edition https://t.co/2a24F5NtKV,το περιβαλλον και eγω ψηφιακη παρασταση vr edition,1
Οι ακραίοι καύσωνες πρόκειται να αυξηθούν καθώς εντείνεται η κλιματική κρίση και θα πλήξουν περιοχές του πλανήτη https://t.co/Un6tO5wZkh,οι ακραιοι καυσωνεσ προκειται να αυξηθουν καθωσ εντεινεται η κλιματικη κριση και θα πληξουν περιοχεσ του πλανητη,1
"RT @NikosDendias: Η 🇬🇷πρεσβεύοντας τον διάλογο, τη διπλωματία, τη δημοκρατία, θα επικεντρωθεί σε 6 άξονες προτεραιοτήτων, εφόσον εκλεγεί: ε…",rt nikosdendias η πρεσβευοντασ τον διαλογο τη διπλωματια τη δημοκρατια θα επικεντρωθει σε αξονεσ προτεραιοτητων εφοσον εκλεγει ε,1
Ανατολική Αφρική: Η κλιματική αλλαγή επιδεινώνει την «ιστορική» ξηρασία https://t.co/TqomnJmqL0,ανατολικη αφρικη η κλιματικη αλλαγη επιδεινωνει την ιστορικη ξηρασια,1
"Η ξηρασία ρεκόρ στο Κέρας της Αφρικής οφείλεται στην #κλιματική_αλλαγή

https://t.co/wPrwztagI0

#ClimateCrisis #Africa https://t.co/ymQegIZcxZ",η ξηρασια ρεκορ στο κερασ τησ αφρικησ οφειλεται στην κλιματικη_αλλαγη climatecrisis africa,1
Κλιματική Αλλαγή: Ξηρασία ρεκόρ στο Κέρας της Αφρικής – Εκατομμύρια άνθρωποι έχουν άμεση ανάγκη ανθρωπιστικής βοήθειας https://t.co/4rFWclMTX6,κλιματικη αλλαγη ξηρασια ρεκορ στο κερασ τησ αφρικησ εκατομμυρια ανθρωποι εχουν αμεση αναγκη ανθρωπιστικησ βοηθειασ,1
"Το Μονακό προστίθεται σε πόλεις όπως η Βενετία, η Βαρκελώνη &amp; το Ντουμπρόβνικ που επιχειρούν να σταματήσουν την ανεξέλεγκτη αποβίβαση χιλιάδων τουριστών καθημερινά, που προκαλούν σοβαρή επιβάρυνση στις υποδομές &amp; στο περιβάλλον τους αφήνοντας δυσανάλογα μικρά οικονομικά οφέλη.",το μονακο προστιθεται σε πολεισ οπωσ η βενετια η βαρκελωνη amp το ντουμπροβνικ που επιχειρουν να σταματησουν την ανεξελεγκτη αποβιβαση χιλιαδων τουριστων καθημερινα που προκαλουν σοβαρη επιβαρυνση στισ υποδομεσ amp στο περιβαλλον τουσ αφηνοντασ δυσαναλογα μικρα οικονομικα οφελη,1
"Η Γερμανία, η Ολλανδία και η Γαλλία μαζί με τρεις άλλες χώρες ζητούν από την ΕΕ να υιοθετήσει δεσμευτικούς κανόνες προκειμένου να περιοριστούν τα μικροπλαστικά που μολύνουν το περιβάλλον και τα οποία έχουν εντοπιστεί στον ανθρώπινο οργανισμό, τους

https://t.co/ZLMOB0zZbW",η γερμανια η ολλανδια και η γαλλια μαζι με τρεισ αλλεσ χωρεσ ζητουν απο την εε να υιοθετησει δεσμευτικουσ κανονεσ προκειμενου να περιοριστουν τα μικροπλαστικα που μολυνουν το περιβαλλον και τα οποια εχουν εντοπιστει στον ανθρωπινο οργανισμο τουσ,1
RT @sofokleous10: Ανανεώσιμες Πηγές Ενέργειας σε έναν κόσμο με μηδενικό ισοζύγιο https://t.co/kZ1wDkw9mg,rt sofokleous ανανεωσιμεσ πηγεσ ενεργειασ σε εναν κοσμο με μηδενικο ισοζυγιο,1
Κλιματική αλλαγή: Η ξηρασία απειλεί την Ευρώπη - https://t.co/gvcjDaTA7Q https://t.co/G9ZCnXyGgz,κλιματικη αλλαγη η ξηρασια απειλει την ευρωπη,1
Ενεργειακή μετάβαση - Πράσινη Ενέργεια: Η Ελλάδα ως ενεργειακό HUB και οι προοπτικές https://t.co/Vg0cfEQejH via @bankingnewsgr,ενεργειακη μεταβαση πρασινη ενεργεια η ελλαδα ωσ ενεργειακο hub και οι προοπτικεσ via bankingnewsgr,1
"H κλιματική κρίση αποδεκατίζει τον Νότο - Οι δέκα χώρες που κινδυνεύουν πιο άμεσα,
https://t.co/axBgjIcoz9,",h κλιματικη κριση αποδεκατιζει τον νοτο οι δεκα χωρεσ που κινδυνευουν πιο αμεσα,1
"RT @PanagiotisMylo6: Γεωλόγος Ian Plimer σχετικά με την κλιματική απάτη: ""Δεν έχει να κάνει με το κλίμα Δεν έχει καμία σχέση με την επιστήμ…",rt panagiotismylo γεωλογοσ ian plimer σχετικα με την κλιματικη απατη δεν εχει να κανει με το κλιμα δεν εχει καμια σχεση με την επιστημ,1
Θα μετράνε ανά προϊόν το αποτύπωμα άνθρακα!!!! Τι προτάθηκε για τον πράσινο φόρο στο Φόρουμ των Δελφών… https://t.co/GPLKypjhJO,θα μετρανε ανα προϊον το αποτυπωμα ανθρακα τι προταθηκε για τον πρασινο φορο στο φορουμ των δελφων,1
"Η σκόνη και οι κίνδυνοι για την ανθρώπινη υγεία, η κλιματική κρίση κι η ποιότητα του αέρα
#alphanewslive #cyprus
https://t.co/LlJDOSDwEv",η σκονη και οι κινδυνοι για την ανθρωπινη υγεια η κλιματικη κριση κι η ποιοτητα του αερα alphanewslive cyprus,1
Η μεγάλη ενεργειακή απάτη: Τι κρύβεται πίσω από επενδύσεις ύψους... 5 τρισεκ. δολαρίων για ανανεώσιμες πηγές ενέργειας https://t.co/ZDfaSNplNZ via @bankingnewsgr,η μεγαλη ενεργειακη απατη τι κρυβεται πισω απο επενδυσεισ υψουσ τρισεκ δολαριων για ανανεωσιμεσ πηγεσ ενεργειασ via bankingnewsgr,1
Η μεγάλη ενεργειακή απάτη: Τι κρύβεται πίσω από επενδύσεις ύψους... 5 τρισεκ. δολαρίων για ανανεώσιμες πηγές ενέργειας https://t.co/oqsY0wUhO0 via @bankingnewsgr,η μεγαλη ενεργειακη απατη τι κρυβεται πισω απο επενδυσεισ υψουσ τρισεκ δολαριων για ανανεωσιμεσ πηγεσ ενεργειασ via bankingnewsgr,1
Η κλιματική αλλαγή καταστρέφει τα καφεόδεντρα στην Αφρική και απειλεί τον καφέ https://t.co/T9nxpIUZwH,η κλιματικη αλλαγη καταστρεφει τα καφεοδεντρα στην αφρικη και απειλει τον καφε,1
"Εκτός από τις επιπτώσεις στο περιβάλλον, στην ποιότητα της ζωής και του αέρα που αναπνέουμε, η κλιματική αλλαγή δημιουργεί νέες συνθήκες σε μία σειρά τομέων, όπως είναι ο εργασιακός. Νέα επαγγέλματα ήκαι παλιότερα με νέο ρόλο έχουν έρθει πλέον στο

https://t.co/1O63NKp1oi",εκτοσ απο τισ επιπτωσεισ στο περιβαλλον στην ποιοτητα τησ ζωησ και του αερα που αναπνεουμε η κλιματικη αλλαγη δημιουργει νεεσ συνθηκεσ σε μια σειρα τομεων οπωσ ειναι ο εργασιακοσ νεα επαγγελματα ηκαι παλιοτερα με νεο ρολο εχουν ερθει πλεον στο,1
"Προφητικός ο Φιντέλ Κάστρο απ το 2009 είχε προβλέψει:ο κόσμος παλεύει με οικονομικές κρίσεις, πανδημίες,κλιματική αλλαγή,κινδύνους πολέμου..+υπάρχουν ακόμα κάποιοι που φαντάζονται ότι οι άνθρωποι μπορούν να χειραγωγηθούν σαν μαριονέτες
#covid19 #κορωνοιος
https://t.co/M771w423fg",προφητικοσ ο φιντελ καστρο απ το ειχε προβλεψειο κοσμοσ παλευει με οικονομικεσ κρισεισ πανδημιεσκλιματικη αλλαγηκινδυνουσ πολεμουυπαρχουν ακομα καποιοι που φανταζονται οτι οι ανθρωποι μπορουν να χειραγωγηθουν σαν μαριονετεσ covid κορωνοιοσ,1
Πώς η κλιματική αλλαγή απειλεί τον… καφέ - https://t.co/IjylctIQ06 https://t.co/xNo9sH1BjZ,πωσ η κλιματικη αλλαγη απειλει τον καφε,1
ΜέΡΑ25 για περιβάλλον-κλιματική κρίση: Όλα μπορούν να είναι αλλιώς https://t.co/2Y4yaRxtu2,μερα για περιβαλλονκλιματικη κριση ολα μπορουν να ειναι αλλιωσ,1
RT @LykavitosGr: Σπάνε όλα τα ρεκόρ οι πωλήσεις ιδιωτικών τζετ - «Καμπανάκι» για καταστροφή του περιβάλλοντος  #ιδιωτικά_τζετ #κλιματική_κρ…,rt lykavitosgr σπανε ολα τα ρεκορ οι πωλησεισ ιδιωτικων τζετ καμπανακι για καταστροφη του περιβαλλοντοσ ιδιωτικα_τζετ κλιματικη_κρ,1
RT @LykavitosGr: Σπάνε όλα τα ρεκόρ οι πωλήσεις ιδιωτικών τζετ - «Καμπανάκι» για καταστροφή του περιβάλλοντος  #ιδιωτικά_τζετ #κλιματική_κρ…,rt lykavitosgr σπανε ολα τα ρεκορ οι πωλησεισ ιδιωτικων τζετ καμπανακι για καταστροφη του περιβαλλοντοσ ιδιωτικα_τζετ κλιματικη_κρ,1
"Το @mera25_gr  για τη Ρήξη, για περιβάλλον-κλιματική κρίση: Όλα μπορούν να είναι αλλιώς

https://t.co/GptDmqoptO https://t.co/58SildbNgC",το mera_gr για τη ρηξη για περιβαλλονκλιματικη κριση ολα μπορουν να ειναι αλλιωσ,1
ΜέΡΑ25: «Όλα μπορούν να είναι αλλιώς σε περιβάλλον και κλιματική κρίση» (vid) https://t.co/HX4QAyApBx,μερα ολα μπορουν να ειναι αλλιωσ σε περιβαλλον και κλιματικη κριση vid,1
Oι ήδη υψηλές θερμοκρασίες σε πολλές περιοχές της Ευρώπης δημιουργούν ανησυχίες πως το κλίμα και το περιβάλλον της Β. Μεσογείου μπορεί σε όχι πολλά χρόνια να μοιάζει με εκείνο της Β. Αφρικής και της Μ. Ανατολής. https://t.co/8jxxQe4cxu,oι ηδη υψηλεσ θερμοκρασιεσ σε πολλεσ περιοχεσ τησ ευρωπησ δημιουργουν ανησυχιεσ πωσ το κλιμα και το περιβαλλον τησ β μεσογειου μπορει σε οχι πολλα χρονια να μοιαζει με εκεινο τησ β αφρικησ και τησ μ ανατολησ,1
"Γιώργος Αρμένης: Περιβάλλον, κλιματική κρίση και η Ζάκυνθος https://t.co/m0Zhl6HRLT",γιωργοσ αρμενησ περιβαλλον κλιματικη κριση και η ζακυνθοσ,1
Μπερμπάτη (Τρ. Πειραιώς): Εφικτή και οικονομικά βιώσιμη η μετάβαση σε μία οικονομία χωρίς εκπομπές άνθρακα #businessnewsgr https://t.co/2ptVxVIIdm,μπερμπατη τρ πειραιωσ εφικτη και οικονομικα βιωσιμη η μεταβαση σε μια οικονομια χωρισ εκπομπεσ ανθρακα businessnewsgr,1
"RT @TheOpinion_News: Το 1ο Φεστιβάλ, Παιδί, Διατροφή και Περιβάλλον στη Θεσσαλονίκη #Thessaloniki #skg #TheOpinion https://t.co/fJLUCM6c0I",rt theopinion_news το ο φεστιβαλ παιδι διατροφη και περιβαλλον στη θεσσαλονικη thessaloniki skg theopinion,1
RT @pantislawoffice: Για δεύτερη χρονιά η #Ελλαδα στην θλιβερή τελευταία θέση μεταξύ των χωρών της #ΕΕ στην ελευθερία του τύπου ... χειρότε…,rt pantislawoffice για δευτερη χρονια η ελλαδα στην θλιβερη τελευταια θεση μεταξυ των χωρων τησ εε στην ελευθερια του τυπου χειροτε,1
"Στις μέρες, μας το οικονομικό περιβάλλον παγκοσμίως μεταβάλλεται ραγδαία, θέτοντας τις επιχειρήσεις ενώπιον σημαντικών και πολυεπίπεδων https://t.co/TJ83YHM2K3 https://t.co/x8AHqkgzS5",στισ μερεσ μασ το οικονομικο περιβαλλον παγκοσμιωσ μεταβαλλεται ραγδαια θετοντασ τισ επιχειρησεισ ενωπιον σημαντικων και πολυεπιπεδων,1
Κλιματική αλλαγή: Πρόθυμοι οι Ευρωπαίοι για την καταπολέμηση της αλλά απρόθυμοι να αλλάξουν τρόπο ζωής τους https://t.co/QVIZBQtsRg,κλιματικη αλλαγη προθυμοι οι ευρωπαιοι για την καταπολεμηση τησ αλλα απροθυμοι να αλλαξουν τροπο ζωησ τουσ,1
"Κλιματική αλλαγή: Πρόθυμοι οι Ευρωπαίοι για την καταπολέμηση της αλλά απρόθυμοι να αλλάξουν τρόπο ζωής τους,
https://t.co/dciA0PQBeb,",κλιματικη αλλαγη προθυμοι οι ευρωπαιοι για την καταπολεμηση τησ αλλα απροθυμοι να αλλαξουν τροπο ζωησ τουσ,1
"“In” η Ελλάδα λέει η TUI | Κρήτη, Κέρκυρα, Κως και Ρόδος σημείο αναφοράς για τους ταξιδιώτες - “Φάρος” για τον βιώσιμο τουρισμό η Ρόδος -",in η ελλαδα λεει η tui κρητη κερκυρα κωσ και ροδοσ σημειο αναφορασ για τουσ ταξιδιωτεσ φαροσ για τον βιωσιμο τουρισμο η ροδοσ,1
"TUI: Κρήτη, Κέρκυρα, Κως και Ρόδος σημείο αναφοράς για τους ταξιδιώτες – “Φάρος” για τον βιώσιμο τουρισμό η #Δημοκρατική #Ρόδος #Δωδεκάνησα https://t.co/U0HZmg4kZt",tui κρητη κερκυρα κωσ και ροδοσ σημειο αναφορασ για τουσ ταξιδιωτεσ φαροσ για τον βιωσιμο τουρισμο η δημοκρατικη ροδοσ δωδεκανησα,1
Ένωση για τη Μεσόγειο: Η αύξηση της θερμοκρασίας στη Μεσόγειο και το νέο Στρατηγικό Σχέδιο για βιώσιμη αστική ανάπτυξη https://t.co/7oeaXIDEWa,ενωση για τη μεσογειο η αυξηση τησ θερμοκρασιασ στη μεσογειο και το νεο στρατηγικο σχεδιο για βιωσιμη αστικη αναπτυξη,1
"Αντώνης Καμπουράκης: Σύγχρονη και Βιώσιμη, Μεσαιωνική Πόλη Ρόδου #Δημοκρατική #Ρόδος #Δωδεκάνησα https://t.co/gkvypE4Uxz",αντωνησ καμπουρακησ συγχρονη και βιωσιμη μεσαιωνικη πολη ροδου δημοκρατικη ροδοσ δωδεκανησα,1
RT @TheOpinion_News: Μητσοτάκης: Αδύνατο να προκύψει βιώσιμη κυβέρνηση στις 21 Μαΐου (VIDEO) #Thessaloniki #skg #TheOpinion https://t.co/S0…,rt theopinion_news μητσοτακησ αδυνατο να προκυψει βιωσιμη κυβερνηση στισ μαΐου video thessaloniki skg theopinion,1
Ο καύσωνας του Απριλίου στη Μεσόγειο θα ήταν «σχεδόν αδύνατος» χωρίς την κλιματική αλλαγή #businessnewsgr https://t.co/bApQSrHcLs,ο καυσωνασ του απριλιου στη μεσογειο θα ηταν σχεδον αδυνατοσ χωρισ την κλιματικη αλλαγη businessnewsgr,1
Μελέτη: Ο καύσωνας του Απριλίου στη Μεσόγειο θα ήταν «σχεδόν αδύνατος» χωρίς την κλιματική αλλαγή https://t.co/aiXnq88Ofu,μελετη ο καυσωνασ του απριλιου στη μεσογειο θα ηταν σχεδον αδυνατοσ χωρισ την κλιματικη αλλαγη,1
"RT @LykavitosGr: Βιετνάμ: Οι αρχές κατέγραψαν θερμοκρασία ρεκόρ 44,1 βαθμών Κελσίου  #Βιετνάμ #καύσωνας #κλιματική_κρίση https://t.co/iynmL…",rt lykavitosgr βιετναμ οι αρχεσ κατεγραψαν θερμοκρασια ρεκορ βαθμων κελσιου βιετναμ καυσωνασ κλιματικη_κριση,1
"RT @LykavitosGr: Βιετνάμ: Οι αρχές κατέγραψαν θερμοκρασία ρεκόρ 44,1 βαθμών Κελσίου  #Βιετνάμ #καύσωνας #κλιματική_κρίση https://t.co/iynmL…",rt lykavitosgr βιετναμ οι αρχεσ κατεγραψαν θερμοκρασια ρεκορ βαθμων κελσιου βιετναμ καυσωνασ κλιματικη_κριση,1
RT @TheOpinion_News: Όταν η φύση έχει κέφια: «Η κλιματική αλλαγή μας έχει…» (VIDEO) #Thessaloniki #skg #TheOpinion https://t.co/7mTVYW4vY1,rt theopinion_news οταν η φυση εχει κεφια η κλιματικη αλλαγη μασ εχει video thessaloniki skg theopinion,1
"RT @KaraVlasis: Είναι πράκτορας της Μοσάντ
Είναι υπεύθυνος για τήν κλιματική αλλαγή
Έφερε τήν πανδημία στήν Ελλάδα
Τρώει καρπούζι με φέτα
Ξ…",rt karavlasis ειναι πρακτορασ τησ μοσαντ ειναι υπευθυνοσ για την κλιματικη αλλαγη εφερε την πανδημια στην ελλαδα τρωει καρπουζι με φετα ξ,1
Κορονοϊός: Η «φρενίτιδα» με τη χρήση απολυμαντικών προκαλεί τώρα προβλήματα υγείας και ανησυχία για το περιβάλλον https://t.co/MToDCrioyW,κορονοϊοσ η φρενιτιδα με τη χρηση απολυμαντικων προκαλει τωρα προβληματα υγειασ και ανησυχια για το περιβαλλον,1
"Το ΠΡΑΣΙΝΟ ΚΙΝΗΜΑ για την Ημέρα της Ευρώπης: Δίνεται η ευκαιρία να αγωνιστούμε για την κλιματική κρίση https://t.co/to2JemetBD
#ΠΡΑΣΙΝΟΚΙΝΗΜΑ #ΕΕ #ΚΛΙΜΑΤΙΚΗΚΡΙΣΗ",το πρασινο κινημα για την ημερα τησ ευρωπησ δινεται η ευκαιρια να αγωνιστουμε για την κλιματικη κριση πρασινοκινημα εε κλιματικηκριση,1
ΗΠΑ: 14.000 παλιές πετρελαιοπηγές εξακολουθούν να επιβαρύνουν το περιβάλλον #ΕΠΙΚΑΙΡΟΤΗΤΑ #ΑΝΕΝΕΡΓΕΣΠΕΤΡΕΛΑΙΟΠΗΓΕΣ By https://t.co/p9zfHynwcm https://t.co/AsMiCJf7Zh https://t.co/VSQGYVRCEQ,ηπα παλιεσ πετρελαιοπηγεσ εξακολουθουν να επιβαρυνουν το περιβαλλον επικαιροτητα ανενεργεσπετρελαιοπηγες by,1
Η Κρητική – Μεσογειακή διατροφή ασπίδα για το περιβάλλον και τη δημόσια υγεία https://t.co/TZVhsW4f8g,η κρητικη μεσογειακη διατροφη ασπιδα για το περιβαλλον και τη δημοσια υγεια,1
Νέο πρόγραμμα απασχόλησης 5.000 ανέργων: Από σήμερα οι αιτήσεις – Έμφαση σε πράσινη οικονομία/γυναίκες #Δημοκρατική #Ρόδος #Δωδεκάνησα https://t.co/UVgz19F8oe,νεο προγραμμα απασχολησησ ανεργων απο σημερα οι αιτησεισ εμφαση σε πρασινη οικονομιαγυναικεσ δημοκρατικη ροδοσ δωδεκανησα,1
"Οι συνέπειες ενός περιστατικού που ωφείλεται στην κλιματική αλλαγή μπορεί να είναι αλυσιδωτές και η ύπαρξη ενός ασφαλιστηρίου συμβολαίου, μπορεί να είναι σωτήρια για την επιχείρηση.

https://t.co/M5Vk15RW6l https://t.co/wlqRSWuf1v",οι συνεπειεσ ενοσ περιστατικου που ωφειλεται στην κλιματικη αλλαγη μπορει να ειναι αλυσιδωτεσ και η υπαρξη ενοσ ασφαλιστηριου συμβολαιου μπορει να ειναι σωτηρια για την επιχειρηση,1
"Κώστας Καραμανλής: Η χώρα χρειάζεται βιώσιμη κυβέρνηση - Δεν έχει την πολυτέλεια για ατέρμονα κομματικά παζάρια - Ρεπορτάζ και ειδήσεις για την Οικονομία, τις Επιχειρήσεις, το Χρηματιστήριο, την Πολιτική #mononewsGR https://t.co/ZdkZUa0u2x",κωστασ καραμανλησ η χωρα χρειαζεται βιωσιμη κυβερνηση δεν εχει την πολυτελεια για ατερμονα κομματικα παζαρια ρεπορταζ και ειδησεισ για την οικονομια τισ επιχειρησεισ το χρηματιστηριο την πολιτικη mononewsgr,1
Είστε σίγουροι ότι θα μείνετε στις πόλεις σε περιβάλλον 5G; Για πόσο νομίζετε ότι θα επιβιώσετε; Βγείτε εκτός τα πράγματα θα γίνουν πολύ χειρότερα από ότι βλέπουμε τώρα. https://t.co/VHJvVYmKVU,ειστε σιγουροι οτι θα μεινετε στισ πολεισ σε περιβαλλον g για ποσο νομιζετε οτι θα επιβιωσετε βγειτε εκτοσ τα πραγματα θα γινουν πολυ χειροτερα απο οτι βλεπουμε τωρα,1
"Ισπανία – Τους τελειώνει το νερό: Λένε ότι φταίει η “κλιματική αλλαγή”, οι αγρότες και… οι πισίνες!!! https://t.co/VaYrGUBODM",ισπανια τουσ τελειωνει το νερο λενε οτι φταιει η κλιματικη αλλαγη οι αγροτεσ και οι πισινεσ,1
"JUMBO: Σταθερή πορεία ανάπτυξης τετραμήνου κατά 25% παρά το ασταθές περιβάλλον | Ρεπορτάζ και ειδήσεις για την Οικονομία, τις Επιχειρήσεις, το Χρηματιστήριο, την Πολιτική https://t.co/LAEMjeYo87",jumbo σταθερη πορεια αναπτυξησ τετραμηνου κατα παρα το ασταθεσ περιβαλλον ρεπορταζ και ειδησεισ για την οικονομια τισ επιχειρησεισ το χρηματιστηριο την πολιτικη,1
Έρευνα: Το 42% των γυναικών στην Ελλάδα δηλώνουν πως η εργασία τους έχει επηρεαστεί από την κλιματική αλλαγή https://t.co/ij68ej3trO,ερευνα το των γυναικων στην ελλαδα δηλωνουν πωσ η εργασια τουσ εχει επηρεαστει απο την κλιματικη αλλαγη,1
Το 42% των γυναικών στην Ελλάδα δηλώνουν πως η εργασία τους έχει επηρεαστεί από την κλιματική αλλαγή https://t.co/gVyYM8VKHt,το των γυναικων στην ελλαδα δηλωνουν πωσ η εργασια τουσ εχει επηρεαστει απο την κλιματικη αλλαγη,1
"⭕ Λίγες ημέρες προτού οι Τούρκοι πολίτες οδηγηθούν στις κάλπες, το πολιτικό περιβάλλον μόνο ευοίωνο δεν μπορεί να χαρακτηριστεί για τον επί εικοσαετία παντοδύναμο Ρετζέπ Ταγίπ Ερντογάν.

✏ Γράφει ο Βαγγέλης Μαρινάκης

https://t.co/YrEhk78ESC",λιγεσ ημερεσ προτου οι τουρκοι πολιτεσ οδηγηθουν στισ καλπεσ το πολιτικο περιβαλλον μονο ευοιωνο δεν μπορει να χαρακτηριστει για τον επι εικοσαετια παντοδυναμο ρετζεπ ταγιπ ερντογαν γραφει ο βαγγελησ μαρινακησ,1
"«Το 42% των γυναικών στην Ελλάδα δηλώνουν πως η εργασία τους έχει επηρεαστεί από την κλιματική αλλαγή, ενώ το 40% θεωρεί ότι δεν συμμετέχουν καθόλου στη λήψη περιβαλλοντικών αποφάσεων».
Aυτό προκύπτειαπό το β' μέρος της έρευνας «Κλιματική αλλαγή και

https://t.co/pMp5xxDr4G",το των γυναικων στην ελλαδα δηλωνουν πωσ η εργασια τουσ εχει επηρεαστει απο την κλιματικη αλλαγη ενω το θεωρει οτι δεν συμμετεχουν καθολου στη ληψη περιβαλλοντικων αποφασεων aυτο προκυπτειαπο το β μεροσ τησ ερευνασ κλιματικη αλλαγη και,1
"Το 42% των γυναικών στην Ελλάδα δηλώνουν πως η εργασία τους έχει επηρεαστεί από την κλιματική αλλαγή 

https://t.co/jLwCmrTbKx",το των γυναικων στην ελλαδα δηλωνουν πωσ η εργασια τουσ εχει επηρεαστει απο την κλιματικη αλλαγη,1
"Ισορροπία, αειφορία, χρήσεις γης, τοπική εφοδιαστική αλυσίδα - NemeaPress https://t.co/JaVjZUFylS",ισορροπια αειφορια χρησεισ γησ τοπικη εφοδιαστικη αλυσιδα nemeapress,1
"Το 42% των γυναικών στην Ελλάδα δηλώνουν πως η εργασία τους έχει επηρεαστεί από την κλιματική αλλαγή,
https://t.co/GBbMy6cKt6,",το των γυναικων στην ελλαδα δηλωνουν πωσ η εργασια τουσ εχει επηρεαστει απο την κλιματικη αλλαγη,1
"Οι Μητέρες στην κλιματική αλλαγή δεν… ΓΙΟΡΤΑΖΟΥΝ! - Απο την Greenpeace
https://t.co/RkwYCFkOBa",οι μητερεσ στην κλιματικη αλλαγη δεν γιορταζουν απο την greenpeace,1
Έρευνα: Πώς η κλιματική αλλαγή επηρεάζει την εργασιακή απόδοση των γυναικών στην Ελλάδα - https://t.co/bvTr0YQxA7 https://t.co/rdIxYr9C6v,ερευνα πωσ η κλιματικη αλλαγη επηρεαζει την εργασιακη αποδοση των γυναικων στην ελλαδα,1
".@yanisvaroufakis  από #Καρδίτσα: Χρειάζεται ρήξη για να γίνει βιώσιμη η Ελλάδα 
#Eκλογες2023 https://t.co/uZngkKbXMP",yanisvaroufakis απο καρδιτσα χρειαζεται ρηξη για να γινει βιωσιμη η ελλαδα eκλογεσ,1
Έρευνα: Το 42% των γυναικών στην Ελλάδα λένε πως η εργασία τους έχει επηρεαστεί από την κλιματική αλλαγή - https://t.co/pNnWSLZcVY https://t.co/FJi2lSwX6Z,ερευνα το των γυναικων στην ελλαδα λενε πωσ η εργασια τουσ εχει επηρεαστει απο την κλιματικη αλλαγη,1
Έρευνα: Το 42% των γυναικών στην Ελλάδα λένε πως η εργασία τους έχει επηρεαστεί από την κλιματική αλλαγή - https://t.co/RUZNScYfUZ https://t.co/iLMzWJCczm,ερευνα το των γυναικων στην ελλαδα λενε πωσ η εργασια τουσ εχει επηρεαστει απο την κλιματικη αλλαγη,1
"Πολιτικό σεισμό προκαλεί ο Σκέρτσος για τις γερμανικές αποζημιώσεις: Ας τις ξεχάσουμε, προέχει η... κλιματική κρίση https://t.co/QMC4opu4W6 via @bankingnewsgr",πολιτικο σεισμο προκαλει ο σκερτσοσ για τισ γερμανικεσ αποζημιωσεισ ασ τισ ξεχασουμε προεχει η κλιματικη κριση via bankingnewsgr,1
RT @RaniaD888: Κλιματική αλλαγή: Έφτασε στην Ευρώπη θανατηφόρος νόσος που πλήττει τα βοοειδή #lifestyle #ygeia #survivorGR https://t.co/OHI…,rt raniad κλιματικη αλλαγη εφτασε στην ευρωπη θανατηφοροσ νοσοσ που πληττει τα βοοειδη lifestyle ygeia survivorgr,1
"Πολιτικό σεισμό προκαλεί ο Σκέρτσος για τις γερμανικές αποζημιώσεις: Ας τις ξεχάσουμε, προέχει η κλιματική κρίση https://t.co/67GGuOx1Yz via @bankingnewsgr",πολιτικο σεισμο προκαλει ο σκερτσοσ για τισ γερμανικεσ αποζημιωσεισ ασ τισ ξεχασουμε προεχει η κλιματικη κριση via bankingnewsgr,1
"Πολιτικό σεισμό προκαλεί ο Σκέρτσος για τις γερμανικές αποζημιώσεις: Ας τις ξεχάσουμε, προέχει η κλιματική κρίση https://t.co/nS3b7hnJBl via @bankingnewsgr",πολιτικο σεισμο προκαλει ο σκερτσοσ για τισ γερμανικεσ αποζημιωσεισ ασ τισ ξεχασουμε προεχει η κλιματικη κριση via bankingnewsgr,1
Πολιτικό σεισμό προκαλεί ο Σκέρτσος για τις γερμανικές αποζημιώσεις: Ας τις ξεχάσουμε και να αφιερωθούμε στην κλιματική κρίση https://t.co/5CllW1pAAq via @bankingnewsgr,πολιτικο σεισμο προκαλει ο σκερτσοσ για τισ γερμανικεσ αποζημιωσεισ ασ τισ ξεχασουμε και να αφιερωθουμε στην κλιματικη κριση via bankingnewsgr,1
Βαρουφάκης από Καρδίτσα: Χρειάζεται ρήξη και νομοθέτηση των αυτονόητων για να γίνει βιώσιμη η Ελλάδα https://t.co/WKAsyZNWJH,βαρουφακησ απο καρδιτσα χρειαζεται ρηξη και νομοθετηση των αυτονοητων για να γινει βιωσιμη η ελλαδα,1
Κλιματική αλλαγή: Έφτασε στην Ευρώπη θανατηφόρος νόσος που πλήττει τα βοοειδή - https://t.co/wUX2uNvDje https://t.co/8Rqdu1qNaG,κλιματικη αλλαγη εφτασε στην ευρωπη θανατηφοροσ νοσοσ που πληττει τα βοοειδη,1
RT @TheOpinion_News: Ο Χρυσαετός απελευθερώθηκε στο φυσικό περιβάλλον της Πάρνηθας (ΦΩΤΟ) #Thessaloniki #skg #TheOpinion https://t.co/d5EwU…,rt theopinion_news ο χρυσαετοσ απελευθερωθηκε στο φυσικο περιβαλλον τησ παρνηθασ φωτο thessaloniki skg theopinion,1
«Πέφτουν με τα μούτρα»: Τα δύο ζώδια που όταν κάνουν σχέση «χάνονται» από το περιβάλλον τους https://t.co/X0LpXegSfz #j2us #Koklovision #ΚαλοΣαββατοκυριακο #Σουνιο #Μπελερη #ΕΦΣΥΝ #Ταβαρες #Κωνσταντοπουλου #Τυρι #στικουδη,πεφτουν με τα μουτρα τα δυο ζωδια που οταν κανουν σχεση χανονται απο το περιβαλλον τουσ jus koklovision καλοσαββατοκυριακο σουνιο μπελερη εφσυν ταβαρεσ κωνσταντοπουλου τυρι στικουδη,1
"Οδηγώντας τις Επιχειρήσεις στην Κλιματική Ουδετερότητα https://t.co/jF3R4gFnRR 
#klima #περιβάλλον #epixeiriseis #εβεα #ontimenewsgr",οδηγωντασ τισ επιχειρησεισ στην κλιματικη ουδετεροτητα klima περιβαλλον epixeiriseis εβεα ontimenewsgr,1
Χρησιμοποιώντας τα εμβόλια για τον κορωνοϊό και τα ψέματα για την κλιματική αλλαγή ως συνταγή καταστροφής https://t.co/jxHJoSULSe,χρησιμοποιωντασ τα εμβολια για τον κορωνοϊο και τα ψεματα για την κλιματικη αλλαγη ωσ συνταγη καταστροφησ,1
"Σ. Εφραίμογλου: Το νέο κοινωνικοοικονομικό, πολιτικό και φυσικό περιβάλλον έχει φέρει στο προσκήνιο έναν νέο τύπο καταναλωτή 

https://t.co/MUrSRQClBb",σ εφραιμογλου το νεο κοινωνικοοικονομικο πολιτικο και φυσικο περιβαλλον εχει φερει στο προσκηνιο εναν νεο τυπο καταναλωτη,1
"#EU #RES
Στόχος ΕΕ οι ανανεώσιμες πηγές ενέργειας στο 42,5% μέχρι το 2030 https://t.co/EE6uPiI2xv",eu res στοχοσ εε οι ανανεωσιμεσ πηγεσ ενεργειασ στο μεχρι το,1
Πού οφείλεται όμως αυτή η αστάθεια του καιρού; Είναι φυσιολογική η εναλλαγή της θερμοκρασίας ή μήπως οφείλεται στην κλιματική αλλαγή; https://t.co/dYJkbo7D4y,που οφειλεται ομωσ αυτη η ασταθεια του καιρου ειναι φυσιολογικη η εναλλαγη τησ θερμοκρασιασ η μηπωσ οφειλεται στην κλιματικη αλλαγη,1
"Σοφία Εφραίμογλου: Το νέο κοινωνικοοικονομικό, πολιτικό και φυσικό περιβάλλον έχει φέρει στο προσκήνιο έναν νέο τύπο καταναλωτή https://t.co/UBzgMeIqG9",σοφια εφραιμογλου το νεο κοινωνικοοικονομικο πολιτικο και φυσικο περιβαλλον εχει φερει στο προσκηνιο εναν νεο τυπο καταναλωτη,1
"Σοφία Εφραίμογλου: Το νέο κοινωνικοοικονομικό, πολιτικό και φυσικό περιβάλλον έχει φέρει στο προσκήνιο έναν νέο τύπο καταναλωτή https://t.co/kzjN1wmyr2",σοφια εφραιμογλου το νεο κοινωνικοοικονομικο πολιτικο και φυσικο περιβαλλον εχει φερει στο προσκηνιο εναν νεο τυπο καταναλωτη,1
«Καμπανάκι» ΟΗΕ για τα πλαστικά μίας χρήσης - Πρέπει να μειωθούν στο μισό #ΟΗΕ #ΠΕΡΙΒΑΛΛΟΝ  https://t.co/R21UvdqhZo https://t.co/faEFK9mZDU,καμπανακι οηε για τα πλαστικα μιασ χρησησ πρεπει να μειωθουν στο μισο οηε περιβαλλον,1
"Nέα έκθεση για την κλιματική αλλαγή στη χώρα μας -Του Αλέξανδρου Μουλόπουλου*-
https://t.co/faZlXwhPpD",nεα εκθεση για την κλιματικη αλλαγη στη χωρα μασ του αλεξανδρου μουλοπουλου,1
Η φιλικότητα προς το περιβάλλον είναι το βασικό επιχείρημα για τη μετάβαση στην ηλεκτροκίνηση via @OrthodoxtimesGr https://t.co/URuV8QL2cn,η φιλικοτητα προσ το περιβαλλον ειναι το βασικο επιχειρημα για τη μεταβαση στην ηλεκτροκινηση via orthodoxtimesgr,1
"Mytilineos: Οι νέες business στο Κάλγκαρι του Καναδά και η κυριαρχία στην πράσινη ενέργεια- Τι αγόρασε | Ρεπορτάζ και ειδήσεις για την Οικονομία, τις Επιχειρήσεις, το Χρηματιστήριο, την Πολιτική https://t.co/TEQuzCnEVb",mytilineos οι νεεσ business στο καλγκαρι του καναδα και η κυριαρχια στην πρασινη ενεργεια τι αγορασε ρεπορταζ και ειδησεισ για την οικονομια τισ επιχειρησεισ το χρηματιστηριο την πολιτικη,1
"Έτοιμη για την πράσινη κόλαση! | Ρεπορτάζ και ειδήσεις για την Οικονομία, τις Επιχειρήσεις, το Χρηματιστήριο, την Πολιτική https://t.co/sRXCg8UZcj",ετοιμη για την πρασινη κολαση ρεπορταζ και ειδησεισ για την οικονομια τισ επιχειρησεισ το χρηματιστηριο την πολιτικη,1
Κλιματική Αλλαγή: «Καμπανάκι» από τον Παγκόσμιο Μετεωρολογικό Οργανισμό – Έρχονται παρατεταμένοι καύσωνες https://t.co/qA3Y3S9Hh2,κλιματικη αλλαγη καμπανακι απο τον παγκοσμιο μετεωρολογικο οργανισμο ερχονται παρατεταμενοι καυσωνεσ,1
"H κλιματική κρίση χτύπησε τη F1! - Ρεπορτάζ και ειδήσεις για την Οικονομία, τις Επιχειρήσεις, το Χρηματιστήριο, την Πολιτική #mononewsGR https://t.co/MyHbC8Qgut",h κλιματικη κριση χτυπησε τη f ρεπορταζ και ειδησεισ για την οικονομια τισ επιχειρησεισ το χρηματιστηριο την πολιτικη mononewsgr,1
Σάλος για τη νέα καμπάνια για «γυναικεία» μαγιό με άνδρες μοντέλα https://t.co/lj3PSNvBj9 ☹Εντάξει. Έχουμε ξεφύγει σε μεγάλο ποσοστό και μετα λέμε για κλιματική αλλαγή και μπούρδες. Θα μας κάψει ο θεός και εμείς θα λέμε ότι μας φτύνουν.,σαλοσ για τη νεα καμπανια για γυναικεια μαγιο με ανδρεσ μοντελα ενταξει εχουμε ξεφυγει σε μεγαλο ποσοστο και μετα λεμε για κλιματικη αλλαγη και μπουρδεσ θα μασ καψει ο θεοσ και εμεισ θα λεμε οτι μασ φτυνουν,1
"Πώς η κλιματική αλλαγή επηρεάζει την Ελλάδα: Καμπανάκι για ακραία καιρικά φαινόμενα, διευθύντρια στο ΕΚΠΑ εξηγεί https://t.co/tAjpZiYDO9",πωσ η κλιματικη αλλαγη επηρεαζει την ελλαδα καμπανακι για ακραια καιρικα φαινομενα διευθυντρια στο εκπα εξηγει,1
Nαι είναι μια συνεχόμενη οικολογική περιπέτεια με την υπογραφή του ΝΑΤΟ. Πόσο μεγάλη υποκρισία ότι όλοι νοιάζονται για την  κλιματική αλλαγή όταν το μόνο που θέλουν είναι να ισοπεδώσουν τα πάντα. https://t.co/E8Q6kpiQra via @mayroskoraks,nαι ειναι μια συνεχομενη οικολογικη περιπετεια με την υπογραφη του νατο ποσο μεγαλη υποκρισια οτι ολοι νοιαζονται για την κλιματικη αλλαγη οταν το μονο που θελουν ειναι να ισοπεδωσουν τα παντα via mayroskoraks,1
.@AP : Οι #πλημμύρες στη ΒΑ #Ιταλία δείγμα της νέας κανονικότητας από την κλιματική αλλαγή https://t.co/HKHzIEqCPi,ap οι πλημμυρεσ στη βα ιταλια δειγμα τησ νεασ κανονικοτητασ απο την κλιματικη αλλαγη,1
"Συνάντηση ΚΕΠΑ με κλιμάκιο UNFCCC https://t.co/Q6c4OpbNJZ 
#κεπα #κλιματικη_αλλαγη #ontimenewsgr",συναντηση κεπα με κλιμακιο unfccc κεπα κλιματικη_αλλαγη ontimenewsgr,1
"Περισσότερες από το 50% των μεγαλύτερων λιμνών στον κόσμο χάνουν νερό, σύμφωνα με νέα έρευνα που δημοσιεύεται στο περιοδικό «Science». Οι βασικοί ένοχοι γι' αυτό είναι η αύξηση της θερμοκρασίας, η μη βιώσιμη ανθρώπινη κατανάλωση και η καθίζηση.

https://t.co/icES2HdxdB",περισσοτερεσ απο το των μεγαλυτερων λιμνων στον κοσμο χανουν νερο συμφωνα με νεα ερευνα που δημοσιευεται στο περιοδικο science οι βασικοι ενοχοι γι αυτο ειναι η αυξηση τησ θερμοκρασιασ η μη βιωσιμη ανθρωπινη καταναλωση και η καθιζηση,1
"Το περιβάλλον και η κοινωνική απάθεια στο επίκεντρο της έκθεσης ""Ecology of Ideas"" 

12 ιστορίες για καλές περιβαλλοντικές πρακτικές από πολίτες 6 διαφορετικών χωρών

https://t.co/ODbcwzH7TO https://t.co/1DzQnKd3nw",το περιβαλλον και η κοινωνικη απαθεια στο επικεντρο τησ εκθεσησ ecology of ideas ιστοριεσ για καλεσ περιβαλλοντικεσ πρακτικεσ απο πολιτεσ διαφορετικων χωρων,1
Στερεύουν επικίνδυνα πάνω από τις μισές λίμνες του πλανήτη - Η λειψυδρία απειλεί 2 δισ. ανθρώπους #ΚΛΙΜΑ #ΠΕΡΙΒΑΛΛΟΝ  https://t.co/oqljzPL155 https://t.co/4PVxgMyqvY,στερευουν επικινδυνα πανω απο τισ μισεσ λιμνεσ του πλανητη η λειψυδρια απειλει δισ ανθρωπουσ κλιμα περιβαλλον,1
"Βιοεργαστήρια, μια «ανάσα» από την Ελλάδα!!! Θα απελευθερωθούν ιοί στο περιβάλλον;;; vid https://t.co/W6HRDc8npD",βιοεργαστηρια μια ανασα απο την ελλαδα θα απελευθερωθουν ιοι στο περιβαλλον vid,1
"ΑΡΓΟΛΙΚΟΡΑΜΑ -ΈΝΑ ΠΡΟΓΡΑΜΜΑ ΑΝΤΙΜΕΤΩΠΙΣΗΣ ΤΗΣ ΡΥΠΑΝΣΗΣ ΚΑΙ ΤΗΣ ΥΠΕΡΑΛΙΕΥΣΗΣ ΣΤΟΝ ΑΡΓΟΛΙΚΟ
Οι ψαράδες του Αργολικού Κόλπου υιοθετούν ένα βιώσιμο τρόπο αντιμετώπισης της ολοένα αυξανόμενης ρύπανσης των ακτών από πλαστικά και της υπεραλίευσης καθαρίζοντας τις ακτές του Αργολικού https://t.co/0sATj5hEtQ",αργολικοραμα ενα προγραμμα αντιμετωπισης της ρυπανσης και της υπεραλιευσης στον αργολικο οι ψαραδεσ του αργολικου κολπου υιοθετουν ενα βιωσιμο τροπο αντιμετωπισησ τησ ολοενα αυξανομενησ ρυπανσησ των ακτων απο πλαστικα και τησ υπεραλιευσησ καθαριζοντασ τισ ακτεσ του αργολικου,1
"ΟΗΕ – Κλιματική αλλαγή: Δύο εκατ. θάνατοι και 4,3 τρισ. δολάρια το κόστος … https://t.co/ZX34v9W3ar μέσω @Naxos Press",οηε κλιματικη αλλαγη δυο εκατ θανατοι και τρισ δολαρια το κοστοσ μεσω naxos press,1
"Θερμοκήπια Θράκης: Κηπευτικά που κάνουν καλό στο περιβάλλον και τον άνθρωπο – Με βραβευμένη συσκευασία #mononewsGR | Ρεπορτάζ και ειδήσεις για την Οικονομία, τις Επιχειρήσεις, το Χρηματιστήριο, την Πολιτική https://t.co/oltwP0bBMG",θερμοκηπια θρακησ κηπευτικα που κανουν καλο στο περιβαλλον και τον ανθρωπο με βραβευμενη συσκευασια mononewsgr ρεπορταζ και ειδησεισ για την οικονομια τισ επιχειρησεισ το χρηματιστηριο την πολιτικη,1
"RT @GaitanidouSevi: Αυτός είναι ο Αστέρης, που αφαιρέθηκε από ένα κακοποιητικό περιβάλλον, έζησε το όνειρο μιας οικογένειας για 1,5 χρόνο κ…",rt gaitanidousevi αυτοσ ειναι ο αστερησ που αφαιρεθηκε απο ενα κακοποιητικο περιβαλλον εζησε το ονειρο μιασ οικογενειασ για χρονο κ,1
"RT @pdiafimisewn: Α ρε άτιμη κλιματική κρίση.
Σαχάρα γίναμε. https://t.co/MRasWWiu96",rt pdiafimisewn α ρε ατιμη κλιματικη κριση σαχαρα γιναμε,1
"Optima bank: Φιλικές προς το περιβάλλον οι νέες χρεωστικές κάρτες - Ρεπορτάζ και ειδήσεις για την Οικονομία, τις Επιχειρήσεις, το Χρηματιστήριο, την Πολιτική #mononewsGR https://t.co/H5Z3UGKKpY",optima bank φιλικεσ προσ το περιβαλλον οι νεεσ χρεωστικεσ καρτεσ ρεπορταζ και ειδησεισ για την οικονομια τισ επιχειρησεισ το χρηματιστηριο την πολιτικη mononewsgr,1
Φλώρινα: Τριημερίδα για τη μετάβαση στην κλιματική ουδετερότητα και προσαρμογή στην κλιματική αλλαγή https://t.co/ynm3YF7FQP,φλωρινα τριημεριδα για τη μεταβαση στην κλιματικη ουδετεροτητα και προσαρμογη στην κλιματικη αλλαγη,1
ΠΑΣΟΚ: Για «μεθοδευμένη αποπομπή» κάνει λόγο το περιβάλλον Καστανίδη - Documento https://t.co/Oe5ySYkUMG,πασοκ για μεθοδευμενη αποπομπη κανει λογο το περιβαλλον καστανιδη documento,1
Τα «καλύτερα (πράσινα) παιδιά»: «2η στον κόσμο η Ελλάδα στις Ανανεώσιμες Πηγές Ενέργειας» https://t.co/cqg75tIGn8,τα καλυτερα πρασινα παιδια η στον κοσμο η ελλαδα στισ ανανεωσιμεσ πηγεσ ενεργειασ,1
"Volvo: Το EX30 έχει το μικρότερο αποτύπωμα άνθρακα από κάθε άλλο μοντέλο της μάρκας. Το νέο Volvo EX30 είναι ένα μικρό αμιγώς ηλεκτρικό SUV για τη σύγχρονη εποχή, σχεδιασμένο για να είναι ασφαλές και να έχει το μικρότερο αποτύπωμα CO2 από κάθε άλλο... https://t.co/nemtyQh9Ay https://t.co/L04MC8KHFi",volvo το ex εχει το μικροτερο αποτυπωμα ανθρακα απο καθε αλλο μοντελο τησ μαρκασ το νεο volvo ex ειναι ενα μικρο αμιγωσ ηλεκτρικο suv για τη συγχρονη εποχη σχεδιασμενο για να ειναι ασφαλεσ και να εχει το μικροτερο αποτυπωμα co απο καθε αλλο,1
@malamw_mou @SotiStra Κανουν συγκεκριμενα τεστ απο παιδοψυχολογους και ο λογος που δε μπορουν να προσαρμοστουν στο σχολικο περιβαλλον ειναι γιατι το μυαλο τους ειναι πολυ μπροστα απο την ηλικια τους με αποτελεσμα να βαριουνται και να μην μπορουν να επικοινωνησουν με συνομιληκους,malamw_mou sotistra κανουν συγκεκριμενα τεστ απο παιδοψυχολογουσ και ο λογοσ που δε μπορουν να προσαρμοστουν στο σχολικο περιβαλλον ειναι γιατι το μυαλο τουσ ειναι πολυ μπροστα απο την ηλικια τουσ με αποτελεσμα να βαριουνται και να μην μπορουν να επικοινωνησουν με συνομιληκουσ,1
Κλιματική αλλαγή και διαφθορά: Συμφέροντα μετατρέπουν την κλιματική κρίση σε πολιτισμική διακινδυνεύοντας ένα μέλλον... «Mad Max» https://t.co/hZaDbLkkFX via @bankingnewsgr,κλιματικη αλλαγη και διαφθορα συμφεροντα μετατρεπουν την κλιματικη κριση σε πολιτισμικη διακινδυνευοντασ ενα μελλον mad max via bankingnewsgr,1
"Ολλανδία: Η πράσινη μετάβαση της Ευρώπης είναι αδύνατη χωρίς την Κίνα - Ρεπορτάζ και ειδήσεις για την Οικονομία, τις Επιχειρήσεις, το Χρηματιστήριο, την Πολιτική #mononewsGR https://t.co/jAycIxfT51",ολλανδια η πρασινη μεταβαση τησ ευρωπησ ειναι αδυνατη χωρισ την κινα ρεπορταζ και ειδησεισ για την οικονομια τισ επιχειρησεισ το χρηματιστηριο την πολιτικη mononewsgr,1
Η κλιματική αλλαγή στη Μεσσηνία https://t.co/TZ0KMhy1NI,η κλιματικη αλλαγη στη μεσσηνια,1
Εκλογές Τουρκία - Ξένοι αναλυτές: «Δεν είναι μια πραγματική Δημοκρατία». Εκλογές Τουρκία: Σύμφωνα με τους ξένους αναλυτές ο Ερντογάν θέλει μια βιώσιμη αντιπολίτευση για να δίνει την ψευδαίσθηση ενός υγιούς Δημοκρατικά κράτους https://t.co/5Yu4HScmMk https://t.co/35B0TsNZsx,εκλογεσ τουρκια ξενοι αναλυτεσ δεν ειναι μια πραγματικη δημοκρατια εκλογεσ τουρκια συμφωνα με τουσ ξενουσ αναλυτεσ ο ερντογαν θελει μια βιωσιμη αντιπολιτευση για να δινει την ψευδαισθηση ενοσ υγιουσ δημοκρατικα κρατουσ,1
Ο Μακρόν έκανε έκκληση να τεθεί τέλος “σε ένα μη βιώσιμο μοντέλο” παραγωγής και κατανάλωσης πλαστικών https://t.co/wCBGCarGIN,ο μακρον εκανε εκκληση να τεθει τελοσ σε ενα μη βιωσιμο μοντελο παραγωγησ και καταναλωσησ πλαστικων,1
"♻️🔋 Motor Oil: Ηγέτης στην πράσινη ενέργεια – Πώς θα φτάσει στο 40% EBITDA από ΑΠΕ #MotorOil #mononewsGR | Ρεπορτάζ και ειδήσεις για την Οικονομία, τις Επιχειρήσεις, το Χρηματιστήριο, την Πολιτική https://t.co/uPQ2x0PiQy",motor oil ηγετησ στην πρασινη ενεργεια πωσ θα φτασει στο ebitda απο απε motoroil mononewsgr ρεπορταζ και ειδησεισ για την οικονομια τισ επιχειρησεισ το χρηματιστηριο την πολιτικη,1
Στο συνέδριο “Πράσινη Μετάβαση και Κυκλική Οικονομία στην Τοπική Αυτοδιοίκηση” συμμετείχε ο Δήμαρχος #Δημοκρατική #Ρόδος #Δωδεκάνησα https://t.co/h3pyoQ468N,στο συνεδριο πρασινη μεταβαση και κυκλικη οικονομια στην τοπικη αυτοδιοικηση συμμετειχε ο δημαρχοσ δημοκρατικη ροδοσ δωδεκανησα,1
RT @TheOpinion_News: «Βιώσιμη κινητικότητα ή αβίωτη πόλη;» – Έρχεται εκδήλωση από την Πόλη Ανάποδα #Thessaloniki #skg #TheOpinion https://t…,rt theopinion_news βιωσιμη κινητικοτητα η αβιωτη πολη ερχεται εκδηλωση απο την πολη αναποδα thessaloniki skg theopinion,1
"Άρνολντ Σβαρτσενέγκερ: Να επαναδιατυπωθεί ο όρος κλιματική αλλαγή

https://t.co/SDTdTaZsmT",αρνολντ σβαρτσενεγκερ να επαναδιατυπωθει ο οροσ κλιματικη αλλαγη,1
"Ο Άρνολντ Σβαρτσενέγκερ (Arnold Schwarzenegger) αναλαμβάνει δράση για την αντιμετώπιση της κλιματικής αλλαγής, αλλά πρώτα πιστεύει ότι θα πρέπει ο όρος να επαναδιατυπωθεί.
«Όσο συνεχίζουμε να μιλάμε για την παγκόσμια κλιματική αλλαγή, δεν πρόκειται να

https://t.co/1BuAEjKAC9",ο αρνολντ σβαρτσενεγκερ arnold schwarzenegger αναλαμβανει δραση για την αντιμετωπιση τησ κλιματικησ αλλαγησ αλλα πρωτα πιστευει οτι θα πρεπει ο οροσ να επαναδιατυπωθει οσο συνεχιζουμε να μιλαμε για την παγκοσμια κλιματικη αλλαγη δεν προκειται να,1
RT @TheOpinion_News: Πόλη Ανάποδα: Εκδήλωση για τη βιώσιμη κινητικότητα #Thessaloniki #skg #TheOpinion https://t.co/Xug0Wixa27,rt theopinion_news πολη αναποδα εκδηλωση για τη βιωσιμη κινητικοτητα thessaloniki skg theopinion,1
"Θεσσαλονίκη: Μάντρα ανταλλακτικών αποσυναρμολογούσε παράνομα αυτοκίνητα και ρύπαινε το περιβάλλον. Στη σύλληψη δύο ατόμων που προέβαιναν σε περιβαλλοντική ρύπανση σε προαύλιο χώρο επιχείρησης εμπορίας ανταλλακτικών αυτοκινήτων, στην περιοχή του Δήμου... https://t.co/sRJPyzsX9j https://t.co/ckIZbcTSn0",θεσσαλονικη μαντρα ανταλλακτικων αποσυναρμολογουσε παρανομα αυτοκινητα και ρυπαινε το περιβαλλον στη συλληψη δυο ατομων που προεβαιναν σε περιβαλλοντικη ρυπανση σε προαυλιο χωρο επιχειρησησ εμποριασ ανταλλακτικων αυτοκινητων στην περιοχη του δημου,1
"Έκθεση: Η κλιματική αλλαγή και οι καταπονημένες υποδομές αυξάνουν τον κίνδυνο πλημμυρών για την ""Σίλικον Βάλεϊ"" της Ινδίας

https://t.co/kXRvAeGGib

#India #climate https://t.co/q4o43ouMCe",εκθεση η κλιματικη αλλαγη και οι καταπονημενεσ υποδομεσ αυξανουν τον κινδυνο πλημμυρων για την σιλικον βαλεϊ τησ ινδιασ india climate,1
Ανατριχιαστικά όλα αυτά και λυπάμαι τα μικρά παιδιά που καλούνται να μεγαλώσουν σε ένα πολύ επιθετικό περιβάλλον από όλες τις απόψεις. https://t.co/VluDDttGEV via @mayroskoraks,ανατριχιαστικα ολα αυτα και λυπαμαι τα μικρα παιδια που καλουνται να μεγαλωσουν σε ενα πολυ επιθετικο περιβαλλον απο ολεσ τισ αποψεισ via mayroskoraks,1
Κάρπαθος: Σάλος με το βίντεο με τα ζωντανά ψάρια στο τηγάνι - Τι απαντάει το εστιατόριο. Σάλος έχει προκληθεί με τη γυναίκα που βουτάει ζωντανά ψάρια στο τηγάνι σε εστιατόριο της Καρπάθου. Άνθρωποι από το περιβάλλον της επιχείρησης απαντούν για το... https://t.co/K51nChScZS https://t.co/WnvJFli65m,καρπαθοσ σαλοσ με το βιντεο με τα ζωντανα ψαρια στο τηγανι τι απανταει το εστιατοριο σαλοσ εχει προκληθει με τη γυναικα που βουταει ζωντανα ψαρια στο τηγανι σε εστιατοριο τησ καρπαθου ανθρωποι απο το περιβαλλον τησ επιχειρησησ απαντουν για το,1
"Μεσογειακή διατροφή: Ένας μη βιώσιμος μύθος,
https://t.co/GLZO7xWM7m,",μεσογειακη διατροφη ενασ μη βιωσιμοσ μυθοσ,1
Καπνός: Οι επιπτώσεις στην υγεία και στο περιβάλλον - «Να καλλιεργούνται βρώσιμα προϊόντα αντί για καπνό» ζητά ο ΠΟΥ #ΚΑΠΝΙΣΜΑ #ΕΠΙΠΤΩΣΕΙΣ #ΠΟΥ https://t.co/Siy4X2a4go,καπνοσ οι επιπτωσεισ στην υγεια και στο περιβαλλον να καλλιεργουνται βρωσιμα προϊοντα αντι για καπνο ζητα ο που καπνισμα επιπτωσεις που,1
"Στρατηγικές #ESG που οδηγούν το μεταλλευτικό κλάδο στη βιώσιμη ανάπτυξη #mononewsGR | Ρεπορτάζ και ειδήσεις για την Οικονομία, τις Επιχειρήσεις, το Χρηματιστήριο, την Πολιτική
https://t.co/3bbWlztlK6",στρατηγικεσ esg που οδηγουν το μεταλλευτικο κλαδο στη βιωσιμη αναπτυξη mononewsgr ρεπορταζ και ειδησεισ για την οικονομια τισ επιχειρησεισ το χρηματιστηριο την πολιτικη,1
"ΔΕΠΑ Εμπορίας: Ευθύνη απέναντι στο περιβάλλον και πράσινος μετασχηματισμός #mononewsGR | Ρεπορτάζ και ειδήσεις για την Οικονομία, τις Επιχειρήσεις, το Χρηματιστήριο, την Πολιτική
https://t.co/ktZcGBDdCa",δεπα εμποριασ ευθυνη απεναντι στο περιβαλλον και πρασινοσ μετασχηματισμοσ mononewsgr ρεπορταζ και ειδησεισ για την οικονομια τισ επιχειρησεισ το χρηματιστηριο την πολιτικη,1
"Τα πλαστικά απειλούν το περιβάλλον το οικοσύστημα και τον άνθρωπο #mononewsGR | Ρεπορτάζ και ειδήσεις για την Οικονομία, τις Επιχειρήσεις, το Χρηματιστήριο, την Πολιτική
https://t.co/BETQKLLR1k",τα πλαστικα απειλουν το περιβαλλον το οικοσυστημα και τον ανθρωπο mononewsgr ρεπορταζ και ειδησεισ για την οικονομια τισ επιχειρησεισ το χρηματιστηριο την πολιτικη,1
Ελάττωση των επιπτώσεων εταιρικής δραστηριότητας σε ανθρώπους και περιβάλλον - https://t.co/PL2jQejSAz https://t.co/I6kBlhHKCX,ελαττωση των επιπτωσεων εταιρικησ δραστηριοτητασ σε ανθρωπουσ και περιβαλλον,1
Ελάττωση των επιπτώσεων εταιρικής δραστηριότητας σε ανθρώπους και περιβάλλον https://t.co/6XRbRiiefR,ελαττωση των επιπτωσεων εταιρικησ δραστηριοτητασ σε ανθρωπουσ και περιβαλλον,1
"ΔΕΗ e-bike Festival: Με ποδήλατο προς έναν πιο βιώσιμο κόσμο #mononewsGR #ΔΕΗ | Ρεπορτάζ και ειδήσεις για την Οικονομία, τις Επιχειρήσεις, το Χρηματιστήριο, την Πολιτική
https://t.co/WG4ulCJAL1",δεη ebike festival με ποδηλατο προσ εναν πιο βιωσιμο κοσμο mononewsgr δεη ρεπορταζ και ειδησεισ για την οικονομια τισ επιχειρησεισ το χρηματιστηριο την πολιτικη,1
"Περιβάλλον για την ποιότητα ζωής που μας αξίζει και όχι θυσία στο βωμό του κέρδους

του Νίκου Ασπράγκαθου
https://t.co/wF3Vpm3nLj https://t.co/qKc1kzCje9",περιβαλλον για την ποιοτητα ζωησ που μασ αξιζει και οχι θυσια στο βωμο του κερδουσ του νικου ασπραγκαθου,1
"Κρήτη: Χωρίς τέλος το δράμα τριών παιδιών - Μετά τη μητέρα, έφυγε και ο πατέρας τους. Κρήτη: Ψάχνουν κηδεμόνα στο συγγενικό περιβάλλον https://t.co/a5PQB8ZcDb https://t.co/ypeSAgckOj",κρητη χωρισ τελοσ το δραμα τριων παιδιων μετα τη μητερα εφυγε και ο πατερασ τουσ κρητη ψαχνουν κηδεμονα στο συγγενικο περιβαλλον,1
"Η #Bentley για το περιβάλλον! #mononewsGR | Ρεπορτάζ και ειδήσεις για την Οικονομία, τις Επιχειρήσεις, το Χρηματιστήριο, την Πολιτική https://t.co/AkzrTpZM2z",η bentley για το περιβαλλον mononewsgr ρεπορταζ και ειδησεισ για την οικονομια τισ επιχειρησεισ το χρηματιστηριο την πολιτικη,1
Χάρι: Πυρά κατά του πρίγκιπα από φίλο της Ελισάβετ – «Πρόδωσε την ετοιμοθάνατη γιαγιά του». Σκληρά λόγια για τον πρίγκιπα Χάρι και την Μέγκαν Μαρκλ από πρόσωπο που βρισκόταν στο φιλικό περιβάλλον της βασίλισσας Ελισάβετ https://t.co/r7dll6ZcM6 https://t.co/Yn0qHLyPRY,χαρι πυρα κατα του πριγκιπα απο φιλο τησ ελισαβετ προδωσε την ετοιμοθανατη γιαγια του σκληρα λογια για τον πριγκιπα χαρι και την μεγκαν μαρκλ απο προσωπο που βρισκοταν στο φιλικο περιβαλλον τησ βασιλισσασ ελισαβετ,1
"Το Δίκτυο Δέλτα Πηνειού/Τεμπών για το περιβάλλον - Η απειλή της κλιματικής κρίσης
https://t.co/quUr1dv9K8",το δικτυο δελτα πηνειουτεμπων για το περιβαλλον η απειλη τησ κλιματικησ κρισησ,1
Κάμερα χωρίς φακό «φαντάζεται» τις φωτογραφίες με τη βοήθεια της τεχνητής νοημοσύνης. Η κάμερα θα εμφανίζει τις φωτογραφίες με βάση τις περιγραφές από το περιβάλλον. https://t.co/NPEMDPaAE4 https://t.co/JofU7gVaPz,καμερα χωρισ φακο φανταζεται τισ φωτογραφιεσ με τη βοηθεια τησ τεχνητησ νοημοσυνησ η καμερα θα εμφανιζει τισ φωτογραφιεσ με βαση τισ περιγραφεσ απο το περιβαλλον,1
ΔΝΤ: Ζητά αυστηρότερη δημοσιονομική πολιτική και… πράσινη ενέργεια – «Η Ανατολική Ευρώπη αντιμετωπίζει βαθιά οικονομική “ουλή”» https://t.co/KWTkHiftNg,δντ ζητα αυστηροτερη δημοσιονομικη πολιτικη και πρασινη ενεργεια η ανατολικη ευρωπη αντιμετωπιζει βαθια οικονομικη ουλη,1
RT @TheOpinion_News: Aρχαίοι «ιοί ζόμπι» εξαπλώνονται χάρη στην κλιματική αλλαγή! #Thessaloniki #skg #TheOpinion https://t.co/nw2nMH7ain,rt theopinion_news aρχαιοι ιοι ζομπι εξαπλωνονται χαρη στην κλιματικη αλλαγη thessaloniki skg theopinion,1
Η επόμενη πανδημία θα είναι η ξαφνικιτιδα. Χ ....με κάποιο τρόπο θα πρέπει να δικαιολογήσουν τα εκατομμύρια θανάτους....προς το παρόν φταίνε τα αυγά και η κλιματική αλλαγή....όχι το ενφολιο,η επομενη πανδημια θα ειναι η ξαφνικιτιδα χ με καποιο τροπο θα πρεπει να δικαιολογησουν τα εκατομμυρια θανατουσπροσ το παρον φταινε τα αυγα και η κλιματικη αλλαγηοχι το ενφολιο,1
Αποτελέσματα Μαθητικού Διαγωνισμού της Ύπατης Αρμοστείας με θέμα την κλιματική κρίση και τους https://t.co/JV2fyuofS0,αποτελεσματα μαθητικου διαγωνισμου τησ υπατησ αρμοστειασ με θεμα την κλιματικη κριση και τουσ,1
"Χρησιμοποιώντας μολύβια, ξυλομπογιές, πινέλα και μπογιές, μαθητές και μαθήτριες νηπιαγωγείων, γυμνασίων και λυκείων απ' όλη την Ελλάδα προσπάθησαν να αποτυπώσουν τις επιπτώσεις της κλιματικής αλλαγής στο περιβάλλον. Περισσότεροι από 1.800

https://t.co/EDNwvZSOQK",χρησιμοποιωντασ μολυβια ξυλομπογιεσ πινελα και μπογιεσ μαθητεσ και μαθητριεσ νηπιαγωγειων γυμνασιων και λυκειων απ ολη την ελλαδα προσπαθησαν να αποτυπωσουν τισ επιπτωσεισ τησ κλιματικησ αλλαγησ στο περιβαλλον περισσοτεροι απο,1
RT @TheOpinion_News: Τσίπρας από Υμηττό: « Ημέρα συναγερμού για την κλιματική κρίση η Ημέρα Περιβάλλοντος» #Thessaloniki #skg #TheOpinion h…,rt theopinion_news τσιπρασ απο υμηττο ημερα συναγερμου για την κλιματικη κριση η ημερα περιβαλλοντοσ thessaloniki skg theopinion h,1
"Θα ήταν για γέλια. Αλλά κάθε χρόνο τέτοια μέρα, έστω και για το τυπικό του πράγματος, τα κομματικά επιτελεία πρέπει να φτιάξουν μια ανακοίνωση για το Περιβάλλον… https://t.co/atzMiPUjih",θα ηταν για γελια αλλα καθε χρονο τετοια μερα εστω και για το τυπικο του πραγματοσ τα κομματικα επιτελεια πρεπει να φτιαξουν μια ανακοινωση για το περιβαλλον,1
"Παντελής Κάπρος: Κεντρικός στόχος της μάχης για το περιβάλλον είναι ο μηδενισμός της καύσης ορυκτών καυσίμων - Ρεπορτάζ και ειδήσεις για την Οικονομία, τις Επιχειρήσεις, το Χρηματιστήριο, την Πολιτική #mononewsGR https://t.co/YVq4MuuZBF",παντελησ καπροσ κεντρικοσ στοχοσ τησ μαχησ για το περιβαλλον ειναι ο μηδενισμοσ τησ καυσησ ορυκτων καυσιμων ρεπορταζ και ειδησεισ για την οικονομια τισ επιχειρησεισ το χρηματιστηριο την πολιτικη mononewsgr,1
"#WorldEnvironmentDay
Παντελής Κάπρος: 
«Κεντρικός στόχος της μάχης για το #περιβάλλον, ο μηδενισμός της καύσης ορυκτών καυσίμων» 

#WorldEnvironmentDay2023 #environment #EnvironmentDay #BeatPlasticPollution

https://t.co/TLREsDDP2L",worldenvironmentday παντελησ καπροσ κεντρικοσ στοχοσ τησ μαχησ για το περιβαλλον ο μηδενισμοσ τησ καυσησ ορυκτων καυσιμων worldenvironmentday environment environmentday beatplasticpollution,1
«Σήμα» ΔΝΤ στη Fed για νέες αυξήσεις επιτοκίων - Εξαιρετικά αβέβαιο περιβάλλον https://t.co/G6zidQnbAH via @bankingnewsgr,σημα δντ στη fed για νεεσ αυξησεισ επιτοκιων εξαιρετικα αβεβαιο περιβαλλον via bankingnewsgr,1
"Γ. Κρεμλής / Η κυκλική οικονομία το κοινό όραμα για τη διάσωση του πλανήτη μας,
https://t.co/q3mxPFqRB1,",γ κρεμλησ η κυκλικη οικονομια το κοινο οραμα για τη διασωση του πλανητη μασ,1
Εδώ μια άλλη οικολογική περιπέτεια εξ Ανατολής με αγάπη για την ανθρωπότητα και όλο το περιβάλλον. https://t.co/Ti8Z9DuzLg,εδω μια αλλη οικολογικη περιπετεια εξ ανατολησ με αγαπη για την ανθρωποτητα και ολο το περιβαλλον,1
"Παγκόσμια Ημέρα Περιβάλλοντος: Η κλιματική κρίση απειλεί το καλοκαίρι στη Μεσόγειο
https://t.co/AM76Elrvz4",παγκοσμια ημερα περιβαλλοντοσ η κλιματικη κριση απειλει το καλοκαιρι στη μεσογειο,1
Περιβάλλον: Σε τι θα εξυπηρετούσαν οι δωρεάν συγκοινωνίες στην Ευρώπη #EuropeNews https://t.co/mTf6YwokBi,περιβαλλον σε τι θα εξυπηρετουσαν οι δωρεαν συγκοινωνιεσ στην ευρωπη europenews,1
"RT @Celesta91883911: -Αντώνης Φώσκολος, ομότιμος καθηγητής Πολυτεχνείου Κρήτης και ομότιμος ερευνητής της Γεωλογικής Υπηρεσίας του Καναδά.…",rt celesta αντωνησ φωσκολοσ ομοτιμοσ καθηγητησ πολυτεχνειου κρητησ και ομοτιμοσ ερευνητησ τησ γεωλογικησ υπηρεσιασ του καναδα,1
"Άκραμ Καν: «Η κλιματική κρίση είναι και κρίση πολιτισμού»

#AkramKhan 

https://t.co/OgEXHOyZJt https://t.co/yvskN2BJi5",ακραμ καν η κλιματικη κριση ειναι και κριση πολιτισμου akramkhan,1
"RT @ayH1A6yDNr3ldk5: 1/  .Οι 12 εντολές της ΝΤΠ, για έλεγχο, κυριαρχία, και αφαίμαξη ψυχών, και οικονομιών.
1)  (Δήθεν) Κλιματική Αλλαγή.
2…",rt ayhaydnrldk οι εντολεσ τησ ντπ για ελεγχο κυριαρχια και αφαιμαξη ψυχων και οικονομιων δηθεν κλιματικη αλλαγη,1
Η Ιρλανδία θα σκοτώσει 200.000 αγελάδες για την ανύπαρκτη κλιματική αλλαγή… https://t.co/gJTD615oFB via @aegeanews,η ιρλανδια θα σκοτωσει αγελαδεσ για την ανυπαρκτη κλιματικη αλλαγη via aegeanews,1
Κάπρος: Κεντρικός στόχος της μάχης για το Περιβάλλον ο μηδενισμός της καύσης ορυκτών καυσίμων https://t.co/vhxbUJkshB,καπροσ κεντρικοσ στοχοσ τησ μαχησ για το περιβαλλον ο μηδενισμοσ τησ καυσησ ορυκτων καυσιμων,1
"Κλιματική αλλαγή – Copernicus: Η επιφάνεια των ωκεανών γνώρισε τον θερμότερο Μάιο που έχει ποτέ καταγραφεί

https://t.co/OddEA7nLQ1",κλιματικη αλλαγη copernicus η επιφανεια των ωκεανων γνωρισε τον θερμοτερο μαιο που εχει ποτε καταγραφει,1
Η κλιματική αλλαγή απειλεί τους πάγους της Αρκτικής από το 2030 https://t.co/1cTiJJXMei,η κλιματικη αλλαγη απειλει τουσ παγουσ τησ αρκτικησ απο το,1
"Κλιματική αλλαγή: Φέτος ο θερμότερος Μάιος που έχει καταγραφεί ποτέ στην επιφάνεια των ωκεανών. Σύμφωνα με τον Copernicus, ο Μάιος του 2023 ήταν ο δεύτερος θερμότερος που έχει καταγραφεί ποτέ ως προς τις θερμοκρασίες ολόκληρης της υδρογείου. https://t.co/icPBAXIIv3 https://t.co/7jsAsDPq45",κλιματικη αλλαγη φετοσ ο θερμοτεροσ μαιοσ που εχει καταγραφει ποτε στην επιφανεια των ωκεανων συμφωνα με τον copernicus ο μαιοσ του ηταν ο δευτεροσ θερμοτεροσ που εχει καταγραφει ποτε ωσ προσ τισ θερμοκρασιεσ ολοκληρησ τησ υδρογειου,1
ΗΡΩΝ: «Πράσινη» ενέργεια με PPA από RWE-ΔΕΗ Ανανεώσιμες και υπογραφή μακροχρόνιας σύμβασης https://t.co/snwLEQgCZJ,ηρων πρασινη ενεργεια με ppa απο rweδεη ανανεωσιμεσ και υπογραφη μακροχρονιασ συμβασησ,1
Η κλιματική αλλαγή απειλεί τους πάγους της Αρκτικής - https://t.co/kV9N3t1rWI https://t.co/VMfiVgwrsM,η κλιματικη αλλαγη απειλει τουσ παγουσ τησ αρκτικησ,1
«Αποπνικτική» η ατμόσφαιρα στις ΗΠΑ λόγω των δασικών πυρκαγιών στον Καναδά - «Καμπανάκι» για την υγεία εκατομμυρίων πολιτών #ΚΑΠΝΟΣ #ΗΠΑ #ΠΕΡΙΒΑΛΛΟΝ https://t.co/ljjU3jwp4j,αποπνικτικη η ατμοσφαιρα στισ ηπα λογω των δασικων πυρκαγιων στον καναδα καμπανακι για την υγεια εκατομμυριων πολιτων καπνος ηπα περιβαλλον,1
H ΕΥΔΑΠ αξιοποιεί τις Ανανεώσιμες Πηγές Ενέργειας https://t.co/1mlTep52B0 via @bankingnewsgr,h ευδαπ αξιοποιει τισ ανανεωσιμεσ πηγεσ ενεργειασ via bankingnewsgr,1
Φωνάζει ο Ζελένσκι για το…περιβάλλον: «Οικοκτονία των Ρώσων» https://t.co/int7BWLIcp,φωναζει ο ζελενσκι για τοπεριβαλλον οικοκτονια των ρωσων,1
"Οι Coldplay κατέβαλαν προσπάθειες τον τελευταίο χρόνο να κάνουν την περιοδεία τους «Music of the Spheres World Tour» πιο βιώσιμη και σύμφωνα με το Billboard, τα αποτελέσματα είναι ικανοποιητικά.
Εκτόςαπό τη μείωση του αποτυπώματος άνθρακα κατά σχεδόν

https://t.co/xA9AXQmfi2",οι coldplay κατεβαλαν προσπαθειεσ τον τελευταιο χρονο να κανουν την περιοδεια τουσ music of the spheres world tour πιο βιωσιμη και συμφωνα με το billboard τα αποτελεσματα ειναι ικανοποιητικα εκτοσαπο τη μειωση του αποτυπωματοσ ανθρακα κατα σχεδον,1
"Οι πυρκαγιές στον ανατολικό Καναδά και η επακόλουθη επιδείνωση της ποιότητας του αέρα στην ανατολική ακτή των Ηνωμένων Πολιτειών είναι «ένα ακόμη ανησυχητικό σημάδι του τρόπου με τον οποίο η κλιματική κρίση επηρεάζει τη ζωή μας».

https://t.co/1F2cWVqXh4",οι πυρκαγιεσ στον ανατολικο καναδα και η επακολουθη επιδεινωση τησ ποιοτητασ του αερα στην ανατολικη ακτη των ηνωμενων πολιτειων ειναι ενα ακομη ανησυχητικο σημαδι του τροπου με τον οποιο η κλιματικη κριση επηρεαζει τη ζωη μασ,1
Κλιματική αλλαγή: Χωρίς πάγους τα καλοκαίρια η Αρκτική εντός μίας δεκαετίας - https://t.co/2xzAkXmvpT https://t.co/RRoZhCPOhb,κλιματικη αλλαγη χωρισ παγουσ τα καλοκαιρια η αρκτικη εντοσ μιασ δεκαετιασ,1
"Κλιματική κρίση: Κίνδυνος να βυθιστούν παραλιακές περιοχές σε Αττική, Θεσσαλονίκη, Πελοπόννησο, Κρήτη και Δωδεκάνησα - #OknewsGr https://t.co/iMJoZ7Saun",κλιματικη κριση κινδυνοσ να βυθιστουν παραλιακεσ περιοχεσ σε αττικη θεσσαλονικη πελοποννησο κρητη και δωδεκανησα oknewsgr,1
Τεράστια καταστροφή! Οι επιπτώσεις που θα έχει στο περιβάλλον η καταστροφή του φράγματος της Κακχόβκα https://t.co/cCgQNkrUNo,τεραστια καταστροφη οι επιπτωσεισ που θα εχει στο περιβαλλον η καταστροφη του φραγματοσ τησ κακχοβκα,1
"Σεισμός, σεισμός! Βρέθηκε η αιτία για την περιβαλλοντική ρύπανση του πλανήτη. Για την κλιματική αλλαγή, για την τρύπα του όζοντος, για την αύξηση του διοξειδίου του άνθρακα και για τον… κακό μας τον καιρό! https://t.co/X880ibyqkq",σεισμοσ σεισμοσ βρεθηκε η αιτια για την περιβαλλοντικη ρυπανση του πλανητη για την κλιματικη αλλαγη για την τρυπα του οζοντοσ για την αυξηση του διοξειδιου του ανθρακα και για τον κακο μασ τον καιρο,1
RT @sofokleous10: Μεγάλου (Τρ. Πειραιώς):Η μετάβαση σε μια οικονομία χωρίς εκπομπές άνθρακα είναι εφικτή και οικονομικά βιώσιμη https://t.c…,rt sofokleous μεγαλου τρ πειραιωση μεταβαση σε μια οικονομια χωρισ εκπομπεσ ανθρακα ειναι εφικτη και οικονομικα βιωσιμη,1
"Εθνική Τράπεζα και Περιβάλλον: Από τη στρατηγική στην πράξη #mononewsGR | Ρεπορτάζ και ειδήσεις για την Οικονομία, τις Επιχειρήσεις, το Χρηματιστήριο, την Πολιτική
https://t.co/bE5JLvEeGM",εθνικη τραπεζα και περιβαλλον απο τη στρατηγικη στην πραξη mononewsgr ρεπορταζ και ειδησεισ για την οικονομια τισ επιχειρησεισ το χρηματιστηριο την πολιτικη,1
Κλιματική αλλαγή: Οι 5 περιοχές στην Ελλάδα που κινδυνεύουν να «βυθιστούν» από...  #moneypress https://t.co/AkiPQ3BiwP,κλιματικη αλλαγη οι περιοχεσ στην ελλαδα που κινδυνευουν να βυθιστουν απο moneypress,1
"Όταν όλη η ανθρωπότητα ξύπνησε και κατάλαβε τι ακριβώς συμβαίνει. Ακριβώς τότε δέχτηκε επίθεση. Αν τώρα θέλετε να επιβιώσετε πρέπει να μείνετε μακριά από το 5G περιβάλλον, δεν υπάρχει καμία άλλη λύση. https://t.co/plrj4e2z1e",οταν ολη η ανθρωποτητα ξυπνησε και καταλαβε τι ακριβωσ συμβαινει ακριβωσ τοτε δεχτηκε επιθεση αν τωρα θελετε να επιβιωσετε πρεπει να μεινετε μακρια απο το g περιβαλλον δεν υπαρχει καμια αλλη λυση,1
Κλιματική αλλαγή όπως σε σειρά κάλυψε την νέα Υόρκη https://t.co/oTJejBPDsl,κλιματικη αλλαγη οπωσ σε σειρα καλυψε την νεα υορκη,1
"MSD: Θετικό το αποτύπωμα της στην κοινωνία, την υγεία και το περιβάλλον - Όλες οι ενέργειες της εταιρείας #MSD #ΕΝΕΡΓΕΙΕΣ #ΥΓΕΙΑ https://t.co/ej9Wy1JRTi",msd θετικο το αποτυπωμα τησ στην κοινωνια την υγεια και το περιβαλλον ολεσ οι ενεργειεσ τησ εταιρειασ msd ενεργειες υγεια,1
"RT @LambrosG: ""Κλιματική κρίση""... 😉",rt lambrosg κλιματικη κριση,1
"MSD: 4,7 εκατ. ευρώ επενδύθηκαν σε κλινική έρευνα στην Ελλάδα. Το θετικό αποτύπωμα της MSD στην κοινωνία, την υγεία και το περιβάλλον, επιβεβαιώνεται μέσα από το έντυπο Εταιρικής Ευθύνης (Environment Social Governance Brochure) του 2022, στο οποίο... https://t.co/ZIvwEz208s https://t.co/2LUCCburFI",msd εκατ ευρω επενδυθηκαν σε κλινικη ερευνα στην ελλαδα το θετικο αποτυπωμα τησ msd στην κοινωνια την υγεια και το περιβαλλον επιβεβαιωνεται μεσα απο το εντυπο εταιρικησ ευθυνησ environment social governance brochure του στο οποιο,1
"Επικίνδυνες καταιγίδες το επόμενο διήμερο - Συναγερμός στην Θεσσαλονίκη για την κλιματική κρίση,
https://t.co/RpPCJ4EjfL,",επικινδυνεσ καταιγιδεσ το επομενο διημερο συναγερμοσ στην θεσσαλονικη για την κλιματικη κριση,1
Σάμος: Πόσο μας επηρεάζει η κλιματική αλλαγή; - https://t.co/2IDvMh6LFp https://t.co/ABm8YjZtAf,σαμοσ ποσο μασ επηρεαζει η κλιματικη αλλαγη,1
RT @TheOpinion_News: «Οικολογία Πράσινη Λύση»: Ανησυχία για το περιβάλλον και την ασφάλεια των κατοίκων της Θεσσαλονίκης #Thessaloniki #skg…,rt theopinion_news οικολογια πρασινη λυση ανησυχια για το περιβαλλον και την ασφαλεια των κατοικων τησ θεσσαλονικησ thessaloniki skg,1
"Παντοτινά χημικά: Πόσο αυξάνουν τον κίνδυνο παιδικής παχυσαρκίας. Οι υπερφθοριωμένες και πολυφθοριωμένες αλκυλιωμένες ουσίες (PFAS) ή παντοτινά χημικά, βρίσκονται πλέον παντού στο περιβάλλον: σε αδιάβροχα υφάσματα, προϊόντα προσωπικής υγιεινής,... https://t.co/RTKiQXf4lD https://t.co/rgYXVUr04M",παντοτινα χημικα ποσο αυξανουν τον κινδυνο παιδικησ παχυσαρκιασ οι υπερφθοριωμενεσ και πολυφθοριωμενεσ αλκυλιωμενεσ ουσιεσ pfas η παντοτινα χημικα βρισκονται πλεον παντου στο περιβαλλον σε αδιαβροχα υφασματα προϊοντα προσωπικησ υγιεινησ,1
Ρόουαν Άτκινσον: «Το παραμύθι με τα ηλεκτρικά αυτοκίνητα τελείωσε – Δεν προσφέρουν τίποτα στο περιβάλλον» https://t.co/JWXhKzMBzl #Πνευματικος #documento #paobc #ΕΚΑΒ #Αταλαντη #Μποχωριδη #Γουοκαπ #Φιλης #Μενγκελε #Βεζενκοφ,ροουαν ατκινσον το παραμυθι με τα ηλεκτρικα αυτοκινητα τελειωσε δεν προσφερουν τιποτα στο περιβαλλον πνευματικοσ documento paobc εκαβ αταλαντη μποχωριδη γουοκαπ φιλησ μενγκελε βεζενκοφ,1
Η κλιματική κρίση κερκόπορτα μιας νέας πανδημίας #Δημοκρατική #Ρόδος #Δωδεκάνησα https://t.co/AaBYRJbvii,η κλιματικη κριση κερκοπορτα μιασ νεασ πανδημιασ δημοκρατικη ροδοσ δωδεκανησα,1
"«Η κλιματική αλλαγή είναι εδώ» συμμετοχή της Περιφέρειας Κρήτης στη συνεδρίαση του Πολιτικού Γραφείου της CRPM, που πραγματοποιείται στη Φλωρεντία https://t.co/T2iXTmxos3",η κλιματικη αλλαγη ειναι εδω συμμετοχη τησ περιφερειασ κρητησ στη συνεδριαση του πολιτικου γραφειου τησ crpm που πραγματοποιειται στη φλωρεντια,1
"ΑΔΜΗΕ: Πράσινη η μισή ηλεκτρική #ενέργεια στην #Ελλάδα τον Μάιο

https://t.co/FOWF8NF8dg https://t.co/n32Ub9zSr5",αδμηε πρασινη η μιση ηλεκτρικη ενεργεια στην ελλαδα τον μαιο,1
«Βυθίζεται» η Κρήτη; - Η κλιματική αλλαγή απειλεί την ακτογραμμή του νησιού https://t.co/6tDN3aIg0g,βυθιζεται η κρητη η κλιματικη αλλαγη απειλει την ακτογραμμη του νησιου,1
Το νέο τραγούδι για την κλιματική αλλαγή από τον Σον Μέντες (vid). Ο Μέντες έδωσε μία ιδέα από το νέο του τραγούδι με μία φωτογραφία της Νέας Υόρκης.  https://t.co/k0nDqgJCDq https://t.co/WlSzEe4Lv6,το νεο τραγουδι για την κλιματικη αλλαγη απο τον σον μεντεσ vid ο μεντεσ εδωσε μια ιδεα απο το νεο του τραγουδι με μια φωτογραφια τησ νεασ υορκησ,1
Ρόουαν Άτκινσον: «Το παραμύθι με τα ηλεκτρικά αυτοκίνητα τελείωσε: Δεν προσφέρουν τίποτα στο περιβάλλον»,ροουαν ατκινσον το παραμυθι με τα ηλεκτρικα αυτοκινητα τελειωσε δεν προσφερουν τιποτα στο περιβαλλον,1
"Πράσινη η μισή ηλεκτρική ενέργεια στην Ελλάδα τον Μάιο
https://t.co/HjJPEEU6Z4",πρασινη η μιση ηλεκτρικη ενεργεια στην ελλαδα τον μαιο,1
ΑΔΜΗΕ: Πράσινη η μισή ηλεκτρική ενέργεια στην Ελλάδα τον Μάιο #businessnewsgr https://t.co/TNEhnjJ82O,αδμηε πρασινη η μιση ηλεκτρικη ενεργεια στην ελλαδα τον μαιο businessnewsgr,1
ΑΔΜΗΕ: Πράσινη η μισή ηλεκτρική ενέργεια στην Ελλάδα τον Μάιο– Αναλυτικά τα στοιχεία - https://t.co/DvcfX1gORD https://t.co/K0cloIKW8R,αδμηε πρασινη η μιση ηλεκτρικη ενεργεια στην ελλαδα τον μαιο αναλυτικα τα στοιχεια,1
Κλιματική αλλαγή: «Βράζει» η Βρετανία - «Πλημμύρισαν οι παραλίες την πιο ζεστή μέρα του χρόνου. Το καλοκαίρι του 2022 ήταν το πιο ζεστό που έχει καταγραφεί ποτέ στην Αγγλία - Όλα δείχνουν ότι και φέτος οι Βρετανοί θα βιώσουν ανάλογους καύσωνες https://t.co/GZpY7CNxoC https://t.co/nqJgK9mw5F,κλιματικη αλλαγη βραζει η βρετανια πλημμυρισαν οι παραλιεσ την πιο ζεστη μερα του χρονου το καλοκαιρι του ηταν το πιο ζεστο που εχει καταγραφει ποτε στην αγγλια ολα δειχνουν οτι και φετοσ οι βρετανοι θα βιωσουν αναλογουσ καυσωνεσ,1
"Κλιματική κρίση: Ξηρασία και λειψυδρία ταλαιπωρούν την Πορτογαλία
https://t.co/dSZpclZhPx",κλιματικη κριση ξηρασια και λειψυδρια ταλαιπωρουν την πορτογαλια,1
Οι πόλεις μπορούν να προσφέρουν νέες ευκαιρίες στους παραγωγούς-καταναλωτές ενέργειας από ανανεώσιμες πηγές https://t.co/o1LivDSSmi,οι πολεισ μπορουν να προσφερουν νεεσ ευκαιριεσ στουσ παραγωγουσκαταναλωτεσ ενεργειασ απο ανανεωσιμεσ πηγεσ,1
ΑΔΜΗΕ: Πράσινη η μισή ηλεκτρική ενέργεια στην Ελλάδα τον Μάιο https://t.co/SGAluOdZyk,αδμηε πρασινη η μιση ηλεκτρικη ενεργεια στην ελλαδα τον μαιο,1
ΑΔΜΗΕ: «Πράσινη» η μισή ηλεκτρική ενέργεια στην Ελλάδα τον Μάιο #businessnewsgr https://t.co/QkcoXL8gR3,αδμηε πρασινη η μιση ηλεκτρικη ενεργεια στην ελλαδα τον μαιο businessnewsgr,1
ΑΔΜΗΕ: Πράσινη η μισή ηλεκτρική ενέργεια στην Ελλάδα τον Μάιο -Νέο ιστορικό υψηλό https://t.co/RlDVsdepst,αδμηε πρασινη η μιση ηλεκτρικη ενεργεια στην ελλαδα τον μαιο νεο ιστορικο υψηλο,1
ΑΔΜΗΕ: Πράσινη η μισή ηλεκτρική ενέργεια στην Ελλάδα τον Μάιο https://t.co/6LvudvqBuL,αδμηε πρασινη η μιση ηλεκτρικη ενεργεια στην ελλαδα τον μαιο,1
"Έναν μήνα νωρίτερα εμφανίστηκαν τα κουνούπια φέτος, παρόλο που ο καιρός δεν είναι ιδιαίτερα ζεστός.

Η εμφάνισή τους αποδίδεται στην κλιματική αλλαγή με τον ΕΟΔΥ να προχωράει σε συστάσεις προστασίας του πληθυσμού.

https://t.co/1WcXgGnAK9 https://t.co/DgLZK3R6My",εναν μηνα νωριτερα εμφανιστηκαν τα κουνουπια φετοσ παρολο που ο καιροσ δεν ειναι ιδιαιτερα ζεστοσ η εμφανιση τουσ αποδιδεται στην κλιματικη αλλαγη με τον εοδυ να προχωραει σε συστασεισ προστασιασ του πληθυσμου,1
RT @TheOpinion_News: Πώς η κλιματική αλλαγή μπορεί να φέρει τετραήμερη εργασιακή εβδομάδα #Thessaloniki #skg #TheOpinion https://t.co/ydmYH…,rt theopinion_news πωσ η κλιματικη αλλαγη μπορει να φερει τετραημερη εργασιακη εβδομαδα thessaloniki skg theopinion,1
RT @Mpalarass: Εδω βλεπουμε το περιβάλλον του Αλαφουζου. Το περιβάλλον που όπως έχουμε ακούσει πολλές φορές επηρεάζει τα δρώμενα στην ΠΑΕ.…,rt mpalarass εδω βλεπουμε το περιβαλλον του αλαφουζου το περιβαλλον που οπωσ εχουμε ακουσει πολλεσ φορεσ επηρεαζει τα δρωμενα στην παε,1
"Εξώφυλλο του περιοδικού Time από το 2021, σχετικά με την κλιματική αλλαγή που έβαλε φωτιά σε όλες τις ηπείρους. https://t.co/WDjYVB5Bky",εξωφυλλο του περιοδικου time απο το σχετικα με την κλιματικη αλλαγη που εβαλε φωτια σε ολεσ τισ ηπειρουσ,1
"Κλιματική κρίση: Χιλιάδες νεκρά ψάρια στις ακτές του Τέξας,
https://t.co/Wn7Miszo8X,",κλιματικη κριση χιλιαδεσ νεκρα ψαρια στισ ακτεσ του τεξασ,1
ΜέΡΑ25: Αυθαίρετο το πρόστιμο Μπακογιάννη - Απόπειρα φίμωσης με πρόσχημα το περιβάλλον https://t.co/8zE5Hnohoo via @bankingnewsgr,μερα αυθαιρετο το προστιμο μπακογιαννη αποπειρα φιμωσησ με προσχημα το περιβαλλον via bankingnewsgr,1
RT @baxebanis: Σέ μεγάλο Σουπερμάρκετ του Ηρακλείου franchise από γνωστή αλυσίδα ο ιδιοκτήτης έπεισε τους υπαλλήλους να στηρίξουν Αυγενάκη…,rt baxebanis σε μεγαλο σουπερμαρκετ του ηρακλειου franchise απο γνωστη αλυσιδα ο ιδιοκτητησ επεισε τουσ υπαλληλουσ να στηριξουν αυγενακη,1
"Περίπου 800 εκατομμύρια άνθρωποι θα πρέπει να μετεγκατασταθούν έως το 2050 – Οι πλωτές πόλεις ως απάντηση στην κλιματική κρίση και τον υπεπληθυσμό

https://t.co/YgMwhKDhpc",περιπου εκατομμυρια ανθρωποι θα πρεπει να μετεγκατασταθουν εωσ το οι πλωτεσ πολεισ ωσ απαντηση στην κλιματικη κριση και τον υπεπληθυσμο,1
Άρχισε η πρώτη δίκη για την Κλιματική Αλλαγή - 16 νέοι κατά των αρχών της Μοντάνα #ClimateCrisis  https://t.co/8vEb7XNKeC,αρχισε η πρωτη δικη για την κλιματικη αλλαγη νεοι κατα των αρχων τησ μοντανα climatecrisis,1
"Στρεπτόκοκκος: Θετικά 6 παιδιά από το περιβάλλον του 7χρονου που πέθανε #στρεπτοκοκκος | Ρεπορτάζ και ειδήσεις για την Οικονομία, τις Επιχειρήσεις, το Χρηματιστήριο, την Πολιτική https://t.co/WU6yUBOYZO",στρεπτοκοκκοσ θετικα παιδια απο το περιβαλλον του χρονου που πεθανε στρεπτοκοκκοσ ρεπορταζ και ειδησεισ για την οικονομια τισ επιχειρησεισ το χρηματιστηριο την πολιτικη,1
RT @sofokleous10: 800 εκατ. άνθρωποι θα πρέπει να μετεγκατασταθούν έως το 2050 – Οι πλωτές πόλεις ως απάντηση στην κλιματική κρίση και τον…,rt sofokleous εκατ ανθρωποι θα πρεπει να μετεγκατασταθουν εωσ το οι πλωτεσ πολεισ ωσ απαντηση στην κλιματικη κριση και τον,1
"#Κλιματική_αλλαγή: Σχολεία και νοσοκομεία σε ευρωπαϊκές πόλεις κινδυνεύουν από ακραία ζέστη
https://t.co/EudPOpHGXM",κλιματικη_αλλαγη σχολεια και νοσοκομεια σε ευρωπαϊκεσ πολεισ κινδυνευουν απο ακραια ζεστη,1
"Κλιματική αλλαγή - Ευρώπη: 195.000 θανάτοι, πάνω από 500 δισ. ευρώ οι ζημίες - Σοκάρει ο απολογισμός. Λόγω της κλιματική αλλαγής καταγράφτηκαν 53.000 επιπλέον θάνατοι (+16%) τον Ιούλιο του 2022 σε σύγκριση με τον μηνιαίο μέσο όρο…Περισσότερα... https://t.co/ANwzf1TaCh https://t.co/H5kPAH57qD",κλιματικη αλλαγη ευρωπη θανατοι πανω απο δισ ευρω οι ζημιεσ σοκαρει ο απολογισμοσ λογω τησ κλιματικη αλλαγησ καταγραφτηκαν επιπλεον θανατοι τον ιουλιο του σε συγκριση με τον μηνιαιο μεσο οροπερισσοτερα,1
Κλιματική αλλαγή: Κίνδυνος για τα νοσοκομεία και τα σχολεία της ΕΕ https://t.co/uiXZzg1SFn,κλιματικη αλλαγη κινδυνοσ για τα νοσοκομεια και τα σχολεια τησ εε,1
Συναγερμός για θανατηφόρες ασθένειες στην Ευρώπη λόγω κλιματικής αλλαγής - Πόσο κινδυνεύει η Ελλάδα. Η κλιματική αλλαγή φέρνει τέσσερις από τις πιο θανατηφόρες ασθένειες στην Ευρώπη με τους ειδικούς να κρούουν τον κώδωνα του…Περισσότερα... https://t.co/AajAJMhQlq https://t.co/VJl7EfZ0E5,συναγερμοσ για θανατηφορεσ ασθενειεσ στην ευρωπη λογω κλιματικησ αλλαγησ ποσο κινδυνευει η ελλαδα η κλιματικη αλλαγη φερνει τεσσερισ απο τισ πιο θανατηφορεσ ασθενειεσ στην ευρωπη με τουσ ειδικουσ να κρουουν τον κωδωνα τουπερισσοτερα,1
"Περιστέρης: Η Τέρνα Ενεργειακή συνεχίζει το επενδυτικό πλάνο 5,5 δισ. στην πράσινη ενέργεια #businessnewsgr https://t.co/WsicyLoBxq",περιστερησ η τερνα ενεργειακη συνεχιζει το επενδυτικο πλανο δισ στην πρασινη ενεργεια businessnewsgr,1
Στη Βαρκελώνη το διακυβερνητικό έργο Mission4Nature για την Κλιματική Αλλαγή στη Μεσόγειο https://t.co/t74NubTEuJ,στη βαρκελωνη το διακυβερνητικο εργο missionnature για την κλιματικη αλλαγη στη μεσογειο,1
"Η Επιστημονική Επιτροπή της Ευρωπαϊκής Ενωσης για την Κλιματική Αλλαγή προτείνει τη μείωση των καθαρών εκπομπών αερίων θερμοκηπίου στην Ευρωπαϊκή Ένωση κατά 90%-95% το 2040 σε σχέση με το 1990 για να αποφευχθεί η αύξηση της θερμοκρασίας πάνω από τον 1.5

https://t.co/2YVsCAWqij",η επιστημονικη επιτροπη τησ ευρωπαϊκησ ενωσησ για την κλιματικη αλλαγη προτεινει τη μειωση των καθαρων εκπομπων αεριων θερμοκηπιου στην ευρωπαϊκη ενωση κατα το σε σχεση με το για να αποφευχθει η αυξηση τησ θερμοκρασιασ πανω απο τον,1
"RT @Celesta91883911: Πως προγραμματίζουν τον καιρό..
Πρέπει να μας πείσουν για την κλιματική κρίση after all για να υπακούσουμε πάλι στα πα…",rt celesta πωσ προγραμματιζουν τον καιρο πρεπει να μασ πεισουν για την κλιματικη κριση after all για να υπακουσουμε παλι στα πα,1
"RT @GiotisXaralabos: 11 βαθμοι κελσίου.
Δεν ξέρω αν έχει Ιούνιο ο χειμώνας αυτό που είναι σίγουρο είναι πως θα βγει η αδελφομάνα της Νέας Δ…",rt giotisxaralabos βαθμοι κελσιου δεν ξερω αν εχει ιουνιο ο χειμωνασ αυτο που ειναι σιγουρο ειναι πωσ θα βγει η αδελφομανα τησ νεασ δ,1
Έλα ρε συμβαίνουν τέτοια πράγματα?... έχουμε κλιματική αλλαγή αφού.... https://t.co/aftho367AH,ελα ρε συμβαινουν τετοια πραγματα εχουμε κλιματικη αλλαγη αφου,1
"Υψηλή η αξία των δεδομένων - Εφαρμογές στην υγεία, τη γεωργία, το περιβάλλον

https://t.co/xndVMI2wSu 

#bigdata",υψηλη η αξια των δεδομενων εφαρμογεσ στην υγεια τη γεωργια το περιβαλλον bigdata,1
"HELLENiQ ENERGY: Έμφαση στις ΑΠΕ και εξαγωγες σε νέες αγορές. Ακόμη μεγαλύτερη έμφαση στις ανανεώσιμες πηγές ενέργειας και αύξηση των εξαγωγών σε νέες αγορές εκτός Ευρώπης, περιλαμβάνει ο σχεδιασμός του…Περισσότερα... https://t.co/HoXfbJqYig https://t.co/akBGJaDNH5",helleniq energy εμφαση στισ απε και εξαγωγεσ σε νεεσ αγορεσ ακομη μεγαλυτερη εμφαση στισ ανανεωσιμεσ πηγεσ ενεργειασ και αυξηση των εξαγωγων σε νεεσ αγορεσ εκτοσ ευρωπησ περιλαμβανει ο σχεδιασμοσ τουπερισσοτερα,1
"Παιδικοί Σταθμοί: Το περιβάλλον και η διαπαιδαγώγηση των παιδιών στα πρώτα χρόνια της ζωής τους, διαμορφώνει τον μετέπειτα χαρακτήρα τους, ως ενήλικες

https://t.co/vtsbnHNe7J https://t.co/quIP4faCbY",παιδικοι σταθμοι το περιβαλλον και η διαπαιδαγωγηση των παιδιων στα πρωτα χρονια τησ ζωησ τουσ διαμορφωνει τον μετεπειτα χαρακτηρα τουσ ωσ ενηλικεσ,1
"RT @sofokleous10: Κλιματική κρίση, «λάθη», αγορά και υψηλές τιμές τροφίμων, γεμίζουν τα σαπιοκάραβα μετανάστες https://t.co/lJEpdYfsPF",rt sofokleous κλιματικη κριση λαθη αγορα και υψηλεσ τιμεσ τροφιμων γεμιζουν τα σαπιοκαραβα μεταναστεσ,1
"Πήγε στην τουαλέτα και είδε ένα πύθωνα δύο μέτρων πίσω από την κουρτίνα. Με μήκος κοντά στα δύο μέτρα, το φίδι έδειχνε εντυπωσιακά άνετο στο απροσδόκητο περιβάλλον του.Περισσότερα... https://t.co/jYvQ4CwV2V https://t.co/IVpGiZPdE4",πηγε στην τουαλετα και ειδε ενα πυθωνα δυο μετρων πισω απο την κουρτινα με μηκοσ κοντα στα δυο μετρα το φιδι εδειχνε εντυπωσιακα ανετο στο απροσδοκητο περιβαλλον τουπερισσοτερα,1
"«Η κλιματική αλλαγή φέρνει θανατηφόρες ασθένειες»!! Αναγγελίες τρόμου στην Ελλάδα, vid https://t.co/7ZnHRlIPBg",η κλιματικη αλλαγη φερνει θανατηφορεσ ασθενειεσ αναγγελιεσ τρομου στην ελλαδα vid,1
"Στην ευαισθητοποίηση, την εκπαίδευση και την αλλαγή στάσης των μαθητών/τριών σε θέματα που αφορούν το περιβάλλον “επένδυσε” τη χρονιά που μας πέρασε το 1ο Νηπιαγωγείο Αρτέμιδας, το οποίο έχει ήδη ενταχθεί στο Δίκτυο των Οικολογικών Σχολείων.

https://t.co/CTSbPoQvtc https://t.co/z9wew6ifqz",στην ευαισθητοποιηση την εκπαιδευση και την αλλαγη στασησ των μαθητωντριων σε θεματα που αφορουν το περιβαλλον επενδυσε τη χρονια που μασ περασε το ο νηπιαγωγειο αρτεμιδασ το οποιο εχει ηδη ενταχθει στο δικτυο των οικολογικων σχολειων,1
"RT @0minus_Prime: Η NASA παραδέχεται ότι η κλιματική αλλαγή συμβαίνει λόγω αλλαγών στην ηλιακή τροχιά της Γης, OXI λόγω των SUV και των ορυ…",rt minus_prime η nasa παραδεχεται οτι η κλιματικη αλλαγη συμβαινει λογω αλλαγων στην ηλιακη τροχια τησ γησ oxi λογω των suv και των ορυ,1
RT @sofokleous10: Ο συναγερμός για την κλιματική αλλαγή είναι ένα ψέμα που πρέπει να σταματήσει https://t.co/rG37lPVF1Y,rt sofokleous ο συναγερμοσ για την κλιματικη αλλαγη ειναι ενα ψεμα που πρεπει να σταματησει,1
Gatestone Institute: Ο συναγερμός για την κλιματική αλλαγή είναι ένα ψέμα που πρέπει να σταματήσει https://t.co/4UNzx95b86 via @bankingnewsgr,gatestone institute ο συναγερμοσ για την κλιματικη αλλαγη ειναι ενα ψεμα που πρεπει να σταματησει via bankingnewsgr,1
"RT @sofokleous10: Κλιματική αλλαγή: Κατά 2,3°C αυξήθηκε η θερμοκρασία στην Ευρώπη τα τελευταία 100 χρόνια https://t.co/o9eeozZa1P",rt sofokleous κλιματικη αλλαγη κατα c αυξηθηκε η θερμοκρασια στην ευρωπη τα τελευταια χρονια,1
"Κλιματική Αλλαγή: Η θερμοκρασία στην Ευρώπη αυξήθηκε κατά 2,3°C σε σχέση με την προβιομηχανική εποχή https://t.co/9DwZgUtHEh",κλιματικη αλλαγη η θερμοκρασια στην ευρωπη αυξηθηκε κατα c σε σχεση με την προβιομηχανικη εποχη,1
"Κλιματική Αλλαγή: Η θερμοκρασία στην Ευρώπη αυξήθηκε κατά 2,3°C σε σχέση με την προβιομηχανική εποχή - https://t.co/eiOPQNSsIs https://t.co/z3Rawex8HS",κλιματικη αλλαγη η θερμοκρασια στην ευρωπη αυξηθηκε κατα c σε σχεση με την προβιομηχανικη εποχη,1
Κλιματική αλλαγή: Οι παγετώνες των Ιμαλαΐων λιώνουν με πρωτοφανείς ρυθμούς https://t.co/5Luciap5EA #γυναικοκτονια #εθνικη #Πατρα #ΚαλημεραΜινα #Μαυροπανος #Πολωνια #20Ιουνιου #Καρινα #Γαλλια #Γαλλοι,κλιματικη αλλαγη οι παγετωνεσ των ιμαλαΐων λιωνουν με πρωτοφανεισ ρυθμουσ γυναικοκτονια εθνικη πατρα καλημεραμινα μαυροπανοσ πολωνια ιουνιου καρινα γαλλια γαλλοι,1
Ιμαλάια: Οι παγετώνες θα χάσουν έως και το 75% του όγκου τους έως το 2100 - Ανησυχητική έκθεση. Η κλιματική κρίση πλέον είναι μία πραγματικότητα που δεν μπορούμε να αγνοήσουμε.Περισσότερα... https://t.co/zkowUnJZ6u https://t.co/ArOqk554iQ,ιμαλαια οι παγετωνεσ θα χασουν εωσ και το του ογκου τουσ εωσ το ανησυχητικη εκθεση η κλιματικη κριση πλεον ειναι μια πραγματικοτητα που δεν μπορουμε να αγνοησουμεπερισσοτερα,1
"Αυτό είναι το μεγαλύτερο νεκροταφείο ελαστικών στον κόσμο στο Κουβέιτ.

Αυτή η φωτιά καίει πάντα και είναι ορατή από το διάστημα, αλλά οι αγελάδες είναι υπεύθυνες για την κλιματική αλλαγή. https://t.co/qp0cdBoXbj",αυτο ειναι το μεγαλυτερο νεκροταφειο ελαστικων στον κοσμο στο κουβειτ αυτη η φωτια καιει παντα και ειναι ορατη απο το διαστημα αλλα οι αγελαδεσ ειναι υπευθυνεσ για την κλιματικη αλλαγη,1
"Μία από τις σημαντικότερες δίκες για την #κλιματική_κρίση εκτυλίσσεται αυτές τις μέρες στην πολιτεία της #Μοντάνα των #ΗΠΑ

https://t.co/JzAl9nxAms",μια απο τισ σημαντικοτερεσ δικεσ για την κλιματικη_κριση εκτυλισσεται αυτεσ τισ μερεσ στην πολιτεια τησ μοντανα των ηπα,1
Έρχεται το «Εξοικονομώ» για επιχειρήσεις. Πρόσθετη ‘’πράσινη’’ χρηματοδότηση 800 εκατ. ευρώ από την ΕΕ μέχρι το τέλος του έτους - 89 επενδύσεις για την ενέργεια…Περισσότερα... https://t.co/zQAcG7ABjr https://t.co/ZVNFjHJ7MZ,ερχεται το εξοικονομω για επιχειρησεισ προσθετη πρασινη χρηματοδοτηση εκατ ευρω απο την εε μεχρι το τελοσ του ετουσ επενδυσεισ για την ενεργειαπερισσοτερα,1
Νίκος Μαντζούφας (Ταμείο Ανάκαμψης): Έρχεται το «Εξοικονομώ» για επιχειρήσεις - Πρόσθετη ‘’πράσινη’’ χρηματοδότηση 800 εκατ. ευρώ από την ΕΕ μέχρι το τέλος του έτους - 89 επενδύσεις για την ενέργεια στο Ταμείο Ανάκαμψης μέσα σε ένα χρόνο https://t.co/6IL6VLV4Aw https://t.co/8g9OZBwnrG,νικοσ μαντζουφασ ταμειο ανακαμψησ ερχεται το εξοικονομω για επιχειρησεισ προσθετη πρασινη χρηματοδοτηση εκατ ευρω απο την εε μεχρι το τελοσ του ετουσ επενδυσεισ για την ενεργεια στο ταμειο ανακαμψησ μεσα σε ενα χρονο,1
Ο καιρός με τον @giannopoulosmet : Τα πρώτα 35άρια – Θερινό ηλιοστάσιο με μήνυμα για την κλιματική αλλαγή https://t.co/x4S0lDCOgr,ο καιροσ με τον giannopoulosmet τα πρωτα αρια θερινο ηλιοστασιο με μηνυμα για την κλιματικη αλλαγη,1
Gatestone Institute: Ο συναγερμός για την κλιματική αλλαγή είναι ένα ψέμα που πρέπει να σταματήσει!.,gatestone institute ο συναγερμοσ για την κλιματικη αλλαγη ειναι ενα ψεμα που πρεπει να σταματησει,1
Γίγαντας 102 μέτρων: Το ψηλότερο δέντρο της Ασίας κρυβόταν στο βαθύτερο φαράγγι του κόσμου (εικόνες) #ΕΠΙΚΑΙΡΟΤΗΤΑ #ΑΣΙΑ #ΔΕΝΤΡΟ #ΠΕΡΙΒΑΛΛΟΝ By https://t.co/p9zfHynwcm https://t.co/5XUVW2YsW6 https://t.co/iZaE7geB3K,γιγαντασ μετρων το ψηλοτερο δεντρο τησ ασιασ κρυβοταν στο βαθυτερο φαραγγι του κοσμου εικονεσ επικαιροτητα ασια δεντρο περιβαλλον by,1
Θ. Βασιλόπουλος: Διαμορφώνουμε φάκελο για την Ε.Ε. – Καταγράφονται απώλειες στην αγροτική παραγωγή από την κλιματική αλλαγή https://t.co/k1YhkAAMrw https://t.co/vwEAh1fsyA,θ βασιλοπουλοσ διαμορφωνουμε φακελο για την εε καταγραφονται απωλειεσ στην αγροτικη παραγωγη απο την κλιματικη αλλαγη,1
Η κλιματική αλλαγή θα αυξήσει τα επόμενα χρόνια τις δασικές πυρκαγιές παγκοσμίως https://t.co/Hk4MhbFn2Q,η κλιματικη αλλαγη θα αυξησει τα επομενα χρονια τισ δασικεσ πυρκαγιεσ παγκοσμιωσ,1
Κλιματική αλλαγή - Παγκόσμιος συναγερμός: Το περαιτέρω λιώσιμο των πάγων μπορεί να προκαλέσει δυστοπικές πανδημίες - Η εξήγηση https://t.co/ZWGlvmRYxe,κλιματικη αλλαγη παγκοσμιοσ συναγερμοσ το περαιτερω λιωσιμο των παγων μπορει να προκαλεσει δυστοπικεσ πανδημιεσ η εξηγηση,1
Κλιματική αλλαγή: Απειλή μεγατόνων για τα δάση η άνοδος της θερμοκρασίας - SOS στη Μεσόγειο https://t.co/BKHSskRH2I,κλιματικη αλλαγη απειλη μεγατονων για τα δαση η ανοδοσ τησ θερμοκρασιασ sos στη μεσογειο,1
Κλιματική Αλλαγή: Πώς επηρεάζει και τα Ω3 λιπαρά - Τι αναφέρει έρευνα https://t.co/KfQIyQLoUv,κλιματικη αλλαγη πωσ επηρεαζει και τα ω λιπαρα τι αναφερει ερευνα,1
Κλιματική αλλαγή: Ο Γκουτέρες προειδοποιεί για το πόσο ευάλωτη είναι η Καραϊβική https://t.co/D2JUxBGUcr,κλιματικη αλλαγη ο γκουτερεσ προειδοποιει για το ποσο ευαλωτη ειναι η καραϊβικη,1
Κλιματική αλλαγή - Παγκόσμιος συναγερμός: Το περαιτέρω λιώσιμο των πάγων μπορεί να προκαλέσει δυστοπικές πανδημίες - Η εξήγηση https://t.co/OLpCQN6lnt,κλιματικη αλλαγη παγκοσμιοσ συναγερμοσ το περαιτερω λιωσιμο των παγων μπορει να προκαλεσει δυστοπικεσ πανδημιεσ η εξηγηση,1
Κλιματική αλλαγή: Απειλή μεγατόνων για τα δάση η άνοδος της θερμοκρασίας - SOS στη Μεσόγειο https://t.co/exkRjwlJEK,κλιματικη αλλαγη απειλη μεγατονων για τα δαση η ανοδοσ τησ θερμοκρασιασ sos στη μεσογειο,1
Κλιματική αλλαγή: Εντοπίστηκε τεράστια τρύπα του όζοντος πάνω από τους τροπικούς https://t.co/9JF4yLjW3i,κλιματικη αλλαγη εντοπιστηκε τεραστια τρυπα του οζοντοσ πανω απο τουσ τροπικουσ,1
Fabrizio Mattana (IGI Poseidon): Τεχνικά εφικτός και οικονομικά βιώσιμος ο EastMed https://t.co/I6reyWl3Zi,fabrizio mattana igi poseidon τεχνικα εφικτοσ και οικονομικα βιωσιμοσ ο eastmed,1
Κλιματική Αλλαγή: Πόσο αναμένεται να αυξηθεί η θερμοκρασία στην Ελλάδα έως το τέλος του αιώνα – «Εφιαλτική» πρόγνωση https://t.co/T8HiDrxCpn,κλιματικη αλλαγη ποσο αναμενεται να αυξηθει η θερμοκρασια στην ελλαδα εωσ το τελοσ του αιωνα εφιαλτικη προγνωση,1
Χρ. Στυλιανίδης: Η κλιματική κρίση είναι εδώ https://t.co/rGoKLx4I4W,χρ στυλιανιδησ η κλιματικη κριση ειναι εδω,1
Κλιματική αλλαγή: Από 2 έως 5 βαθμούς Κελσίου θα αυξηθεί η θερμοκρασία στην Ελλάδα έως το τέλος του αιώνα https://t.co/SxWa4fYHlu,κλιματικη αλλαγη απο εωσ βαθμουσ κελσιου θα αυξηθει η θερμοκρασια στην ελλαδα εωσ το τελοσ του αιωνα,1
Κλιματική κρίση: Από 2 έως 5 βαθμούς Κελσίου αναμένεται να αυξηθεί η θερμοκρασία στην Ελλάδα έως το τέλος του αιώνα https://t.co/mizjCP1Gne,κλιματικη κριση απο εωσ βαθμουσ κελσιου αναμενεται να αυξηθει η θερμοκρασια στην ελλαδα εωσ το τελοσ του αιωνα,1
Κλιματική κρίση: Από 2 έως 5 βαθμούς Κελσίου αναμένεται να αυξηθεί η θερμοκρασία στην Ελλάδα έως το τέλος του αιώνα https://t.co/HOhT8ji1WZ,κλιματικη κριση απο εωσ βαθμουσ κελσιου αναμενεται να αυξηθει η θερμοκρασια στην ελλαδα εωσ το τελοσ του αιωνα,1
Google: Πρόγραμμα ύψους $30 εκατ. για project ενάντια στη κλιματική αλλαγή https://t.co/XGtwAJNKPw,google προγραμμα υψουσ εκατ για project εναντια στη κλιματικη αλλαγη,1
Google: Θα τρέξει «πράσινο» πρόγραμμα 30 εκατ. δολ. ενάντια στην κλιματική αλλαγή https://t.co/qW7vm1wzC4,google θα τρεξει πρασινο προγραμμα εκατ δολ εναντια στην κλιματικη αλλαγη,1
"RT @MyDolphinClub1: Κάποτε βγάζαμε αστερίες από τη θάλασσα για να τους κρατήσουμε ενθύμιο από τις διακοπές μας.
Σήμερα ξέρουμε ότι οι αστερ…",rt mydolphinclub καποτε βγαζαμε αστεριεσ απο τη θαλασσα για να τουσ κρατησουμε ενθυμιο απο τισ διακοπεσ μασ σημερα ξερουμε οτι οι αστερ,1
Σκρέκας: Στα 500 εκατ. ευρώ το όφελος από τις ανανεώσιμες πηγές ενέργειας φέτος https://t.co/5Yqj3Y7hug,σκρεκασ στα εκατ ευρω το οφελοσ απο τισ ανανεωσιμεσ πηγεσ ενεργειασ φετοσ,1
Κ. Σκρέκας: Στα 500 εκατ. ευρώ το όφελος από τις ανανεώσιμες πηγές ενέργειας φέτος https://t.co/NMbKM9ezXB,κ σκρεκασ στα εκατ ευρω το οφελοσ απο τισ ανανεωσιμεσ πηγεσ ενεργειασ φετοσ,1
Κλιματική αλλαγή: Ο πλανήτης «λιώνει» από καύσωνες https://t.co/2IpYb451Fq,κλιματικη αλλαγη ο πλανητησ λιωνει απο καυσωνεσ,1
Έρευνα: H κλιματική αλλαγή αυξάνει την έμφυλη βία https://t.co/1qd89A2veA,ερευνα h κλιματικη αλλαγη αυξανει την εμφυλη βια,1
Κορκίδης: Η κλιματική αλλαγή δεν μπορεί να είναι το άλλοθι να συνεχίσουν αυτές οι καταστροφές https://t.co/4FZm8eBECH,κορκιδησ η κλιματικη αλλαγη δεν μπορει να ειναι το αλλοθι να συνεχισουν αυτεσ οι καταστροφεσ,1
RT @pigofwar77: Η κλιματική αλλαγή με πόδια... https://t.co/V4gAKoOsxS,rt pigofwar η κλιματικη αλλαγη με ποδια,1
"Δημήτρης Μάντζος: «Η κλιματική κρίση δεν είναι δικαιολογία για ανεπάρκεια, είναι δικαιολογία για δράση» https://t.co/t0hEu732x6",δημητρησ μαντζοσ η κλιματικη κριση δεν ειναι δικαιολογια για ανεπαρκεια ειναι δικαιολογια για δραση,1
RT @pigofwar77: Η κλιματική αλλαγή με πόδια... https://t.co/V4gAKoOsxS,rt pigofwar η κλιματικη αλλαγη με ποδια,1
Η κλιματική αλλαγή είναι εδώ: Δυσοίωνες προβλέψεις από επιστήμονες για το μέλλον https://t.co/3bjBeErA8B,η κλιματικη αλλαγη ειναι εδω δυσοιωνεσ προβλεψεισ απο επιστημονεσ για το μελλον,1
"Δημήτρης Μάντζος: «Η κλιματική κρίση δεν είναι δικαιολογία για ανεπάρκεια, είναι δικαιολογία για δράση» https://t.co/k9fyaeJlaK",δημητρησ μαντζοσ η κλιματικη κριση δεν ειναι δικαιολογια για ανεπαρκεια ειναι δικαιολογια για δραση,1
Κλιματική αλλαγή - Σήμα κινδύνου: Η Ευρώπη θερμαίνεται ταχύτερα από κάθε άλλη ήπειρο https://t.co/20RIbJhnwW,κλιματικη αλλαγη σημα κινδυνου η ευρωπη θερμαινεται ταχυτερα απο καθε αλλη ηπειρο,1
"RT @GiorgosKyrtsos: Η Ελλάδα φλέγεται και ο Μητσοτάκης που είχε τις «λύσεις» απλά χαμογελάει..
Επί Τσίπρα απέδιδε τις καταστροφές στα λάθη…",rt giorgoskyrtsos η ελλαδα φλεγεται και ο μητσοτακησ που ειχε τισ λυσεισ απλα χαμογελαει επι τσιπρα απεδιδε τισ καταστροφεσ στα λαθη,1
Κλιματική αλλαγή: Οι επιστήμονες κάνουν δυσοίωνες προβλέψεις για το μέλλον https://t.co/z62xLMmYwK,κλιματικη αλλαγη οι επιστημονεσ κανουν δυσοιωνεσ προβλεψεισ για το μελλον,1
Οι νέες μπαταρίες στερεάς κατάστασης θα μειώσουν σημαντικά το αποτύπωμα άνθρακα σε ένα ηλεκτρικό αυτοκίνητο https://t.co/ijCx5Yvooa,οι νεεσ μπαταριεσ στερεασ καταστασησ θα μειωσουν σημαντικα το αποτυπωμα ανθρακα σε ενα ηλεκτρικο αυτοκινητο,1
Οι νέες μπαταρίες στερεάς κατάστασης θα μειώσουν σημαντικά το αποτύπωμα άνθρακα σε ένα ηλεκτρικό αυτοκίνητο https://t.co/nII365gixP,οι νεεσ μπαταριεσ στερεασ καταστασησ θα μειωσουν σημαντικα το αποτυπωμα ανθρακα σε ενα ηλεκτρικο αυτοκινητο,1
Κλιματική αλλαγή: Λιώνει πολύ γρήγορα τεράστιος παγετώνας στις Ελβετικές Άλπεις - «Καμπανάκι» των ειδικών (βίντεο) https://t.co/7cDFWJliET,κλιματικη αλλαγη λιωνει πολυ γρηγορα τεραστιοσ παγετωνασ στισ ελβετικεσ αλπεισ καμπανακι των ειδικων βιντεο,1
Siemens: Η Building X και τα κτίρια με μηδενικό αποτύπωμα άνθρακα (infographic) https://t.co/Tdx6Afde6c,siemens η building x και τα κτιρια με μηδενικο αποτυπωμα ανθρακα infographic,1
https://t.co/yOMb2wLADX - ΜΑΡΙΛΕΝΑ ΦΩΚΑ: Η ΑΓΙΟΓΡΑΦΙΚΗ ΚΑΙ ΣΧΕΔΙΑΣΤΙΚΗ ΑΠΟΔΟΣΗ ΤΟΥ ΑΓΙΟΥ ΛΕΟΝΤΙΟΥ ΕΞ ΑΙΓΙΝΗΣ ΣΕ ΣΧΕΣΗ ΜΕ ΤΟ ΙΣΤΟΡΙΚΟ ΤΟΥ ΠΕΡΙΒΑΛΛΟΝ https://t.co/ARPfjenUXQ,μαριλενα φωκα η αγιογραφικη και σχεδιαστικη αποδοση του αγιου λεοντιου εξ αιγινης σε σχεση με το ιστορικο του περιβαλλον,1
Κλιματική αλλαγή: Λιώνει πολύ γρήγορα τεράστιος παγετώνας στις Ελβετικές Άλπεις - «Καμπανάκι» των ειδικών (βίντεο) https://t.co/C8bL2Gn7Ue,κλιματικη αλλαγη λιωνει πολυ γρηγορα τεραστιοσ παγετωνασ στισ ελβετικεσ αλπεισ καμπανακι των ειδικων βιντεο,1
Βουλή: Ψηφίζεται απόψε από την Ολομέλεια το πολυνομοσχέδιο για το περιβάλλον https://t.co/JuPpSKxrNl,βουλη ψηφιζεται αποψε απο την ολομελεια το πολυνομοσχεδιο για το περιβαλλον,1
Κλιματική αλλαγή: Η Ευρώπη είναι ανέτοιμη - Eθνικά σχέδια υπάρχουν αλλά δεν χρηματοδοτούνται (tweets + vids) https://t.co/YwLBpBlYWF,κλιματικη αλλαγη η ευρωπη ειναι ανετοιμη eθνικα σχεδια υπαρχουν αλλα δεν χρηματοδοτουνται tweets vids,1
Κλιματική αλλαγή: Ας μην υποτιμάμε την επίδρασή της https://t.co/Os3y2N25Il,κλιματικη αλλαγη ασ μην υποτιμαμε την επιδραση τησ,1
Βρετανική έρευνα: H κλιματική αλλαγή υπαίτια για τον επικείμενο αφανισμό της ανθρωπότητας https://t.co/JjLe6Xoc62,βρετανικη ερευνα h κλιματικη αλλαγη υπαιτια για τον επικειμενο αφανισμο τησ ανθρωποτητασ,1
"RT @donald_duck555: Κανεις δεν σκοτώνει από αγάπη, σκοτώνουν λόγο εγωισμού,  μη σεβασμού για την ανθρώπινη ζωή και γιατι έτσι μεγάλωσαν μέσ…",rt donald_duck κανεισ δεν σκοτωνει απο αγαπη σκοτωνουν λογο εγωισμου μη σεβασμου για την ανθρωπινη ζωη και γιατι ετσι μεγαλωσαν μεσ,1
ΗΠΑ: Το φιλόδοξο νομοσχέδιο για την κλιματική αλλαγή και τη μείωση στις τιμές των φαρμάκων https://t.co/elBk1uOEsi,ηπα το φιλοδοξο νομοσχεδιο για την κλιματικη αλλαγη και τη μειωση στισ τιμεσ των φαρμακων,1
Προχωρά το φιλόδοξο νομοσχέδιο Μπάιντεν για την κλιματική αλλαγή και τις τιμές των φαρμάκων https://t.co/vMiSxXFmXm,προχωρα το φιλοδοξο νομοσχεδιο μπαιντεν για την κλιματικη αλλαγη και τισ τιμεσ των φαρμακων,1
Μελέτη: Σχεδόν το 60% από τις μεταδοτικές ασθένειες επιδείνωσε η κλιματική αλλαγή https://t.co/GTYJFlwRiW,μελετη σχεδον το απο τισ μεταδοτικεσ ασθενειεσ επιδεινωσε η κλιματικη αλλαγη,1
ΡΑΕ: Δρομολογεί μελέτη για το «περιβάλλον» του EastMed Gas https://t.co/wyYJDDJi0E,ραε δρομολογει μελετη για το περιβαλλον του eastmed gas,1
Μελέτη: Η κλιματική αλλαγή επιδεινώνει πάνω από τις μισές μεταδοτικές ασθένειες στη Γη https://t.co/38v1pqa68t,μελετη η κλιματικη αλλαγη επιδεινωνει πανω απο τισ μισεσ μεταδοτικεσ ασθενειεσ στη γη,1
"«Τέλεια καταιγίδα» στην Ευρώπη: Μετά την ενεργειακή, η κλιματική κρίση - Σε κίνδυνο η οικονομία λόγω ξηρασίας https://t.co/AhBTcE2jjS",τελεια καταιγιδα στην ευρωπη μετα την ενεργειακη η κλιματικη κριση σε κινδυνο η οικονομια λογω ξηρασιασ,1
Μελέτη: Η κλιματική αλλαγή επιδεινώνει πάνω από τις μισές μεταδοτικές ασθένειες στη Γη https://t.co/nJL5uUFric,μελετη η κλιματικη αλλαγη επιδεινωνει πανω απο τισ μισεσ μεταδοτικεσ ασθενειεσ στη γη,1
Κλιματική Αλλαγή ώρα μηδέν: Σε κατάσταση ξηρασίας η Αγγλία - Στερεύει ο Τάμεσης https://t.co/YJ8Mms0U1w,κλιματικη αλλαγη ωρα μηδεν σε κατασταση ξηρασιασ η αγγλια στερευει ο ταμεσησ,1
Κλιματική αλλαγή και πληθωρισμός απειλούν την Ευρώπη: Σχεδόν βέβαια η ύφεση - Φτάνουμε στο «σημείο-μηδέν»; https://t.co/PK2MFt6kTq,κλιματικη αλλαγη και πληθωρισμοσ απειλουν την ευρωπη σχεδον βεβαια η υφεση φτανουμε στο σημειομηδεν,1
Η κλιματική αλλαγή και το αδιάφορο σφύριγμά μας https://t.co/kzNTjM9CPB,η κλιματικη αλλαγη και το αδιαφορο σφυριγμα μασ,1
Κλιματική αλλαγή και πληθωρισμός απειλούν την Ευρώπη: Σχεδόν βέβαια η ύφεση - Φτάνουμε στο «σημείο-μηδέν»; https://t.co/AVAgwYgHQa,κλιματικη αλλαγη και πληθωρισμοσ απειλουν την ευρωπη σχεδον βεβαια η υφεση φτανουμε στο σημειομηδεν,1
Ο Μπάιντεν υπέγραψε το νομοσχέδιο των $430 δισ. για την κλιματική αλλαγή και τα φάρμακα https://t.co/42seQ3i34s,ο μπαιντεν υπεγραψε το νομοσχεδιο των δισ για την κλιματικη αλλαγη και τα φαρμακα,1
Η Κλιματική Αλλαγή χτυπά και την Ελβετία: Η στάθμη του νερού στις λίμνες είναι στα πιο χαμηλά επίπεδα https://t.co/zaNQCPmypy,η κλιματικη αλλαγη χτυπα και την ελβετια η σταθμη του νερου στισ λιμνεσ ειναι στα πιο χαμηλα επιπεδα,1
Η Κλιματική Αλλαγή είναι ήδη εδώ: Τα ποτάμια στερεύουν - Η Ευρώπη διψάει - Το δύσκολο μέλλον https://t.co/aKCnJ95aMT,η κλιματικη αλλαγη ειναι ηδη εδω τα ποταμια στερευουν η ευρωπη διψαει το δυσκολο μελλον,1
Πώς ο Μπιλ Γκέιτς έσωσε το νομοσχέδιο του Μπάιντεν για την κλιματική αλλαγή https://t.co/ZAhSPJaF5t,πωσ ο μπιλ γκειτσ εσωσε το νομοσχεδιο του μπαιντεν για την κλιματικη αλλαγη,1
Η Κλιματική Αλλαγή χτυπά και την Ελβετία: Η στάθμη του νερού στις λίμνες είναι στα πιο χαμηλά επίπεδα https://t.co/1EYZYiQ09a,η κλιματικη αλλαγη χτυπα και την ελβετια η σταθμη του νερου στισ λιμνεσ ειναι στα πιο χαμηλα επιπεδα,1
Η Κλιματική Αλλαγή είναι ήδη εδώ: Τα ποτάμια στερεύουν - Η Ευρώπη διψάει - Το δύσκολο μέλλον https://t.co/QoquSTTVXL,η κλιματικη αλλαγη ειναι ηδη εδω τα ποταμια στερευουν η ευρωπη διψαει το δυσκολο μελλον,1
"Κλιματική κρίση: Χάος στις μεταφορές, σε κίνδυνο το παγκόσμιο εμπόριο https://t.co/IaOd4BaDC6",κλιματικη κριση χαοσ στισ μεταφορεσ σε κινδυνο το παγκοσμιο εμποριο,1
I've just posted a new blog: ΤΟ ΣΧΕΔΙΟ ...CΙΑ -ΤΑΛΙΜΠΑΝ ΚΑΙ ΚΛΙΜΑΤΙΚΗ ΚΡΙΣΗ  https://t.co/GEwR1AYd5B,ive just posted a new blog το σχεδιο cια ταλιμπαν και κλιματικη κριση,1
Ενεργειακή και κλιματική κρίση: Έρχεται η ώρα του Διαστήματος https://t.co/Wl3PlLA6ED,ενεργειακη και κλιματικη κριση ερχεται η ωρα του διαστηματοσ,1
Κλιματική αλλαγή: Επιστήμονες του ΜΙΤ πιστεύουν ότι μπορούν να την αναστρέψουν - Οι «διαστημικές φυσαλίδες» η λύση https://t.co/7Y50aw59lB,κλιματικη αλλαγη επιστημονεσ του μιτ πιστευουν οτι μπορουν να την αναστρεψουν οι διαστημικεσ φυσαλιδεσ η λυση,1
Η κλιματική αλλαγή γέννησε την εποχή των ερπετών πριν από 250 εκατ. χρόνια https://t.co/i76HVJvnkT,η κλιματικη αλλαγη γεννησε την εποχη των ερπετων πριν απο εκατ χρονια,1
Κλιματική κρίση: Η ξηρασία «χτύπησε» και τον ποταμό Κολοράντο https://t.co/8fT0lzDuCs,κλιματικη κριση η ξηρασια χτυπησε και τον ποταμο κολοραντο,1
Άλπεις: Μείωση του όγκου των παγετώνων κατά 50% από το 1931 - Έρευνα που σοκάρει για την Κλιματική Αλλαγή https://t.co/dUoci3fJSR,αλπεισ μειωση του ογκου των παγετωνων κατα απο το ερευνα που σοκαρει για την κλιματικη αλλαγη,1
Δυτική Ελλάδα: Τι περιλαμβάνει το σχέδιο για την κλιματική αλλαγή https://t.co/qTCW47jtJh,δυτικη ελλαδα τι περιλαμβανει το σχεδιο για την κλιματικη αλλαγη,1
Άλπεις: Μείωση του όγκου των παγετώνων κατά 50% από το 1931 - Έρευνα που σοκάρει για την Κλιματική Αλλαγή https://t.co/aApXb0CPhe,αλπεισ μειωση του ογκου των παγετωνων κατα απο το ερευνα που σοκαρει για την κλιματικη αλλαγη,1
Κλιματική αλλαγή: Γιατί ευνοεί τους ντόπιους εργαζόμενους στον αγροτικό τομέα https://t.co/vlZsX69jH9,κλιματικη αλλαγη γιατι ευνοει τουσ ντοπιουσ εργαζομενουσ στον αγροτικο τομεα,1
Κλιματική αλλαγή: Η Vodafone κύριος συνεργάτης στο συνέδριο COP27 του ΟΗΕ https://t.co/2HHzVynM94,κλιματικη αλλαγη η vodafone κυριοσ συνεργατησ στο συνεδριο cop του οηε,1
Κλιματική αλλαγή – φωτιές: Ο πλανήτης φλέγεται – Τι κατέγραψε το Reuters (λίστα) https://t.co/GdKCMdNpct,κλιματικη αλλαγη φωτιεσ ο πλανητησ φλεγεται τι κατεγραψε το reuters λιστα,1
Λαγκάρντ: Η κλιματική αλλαγή και οι αποφάσεις για τα επιτόκια https://t.co/GHWb0nfbzD,λαγκαρντ η κλιματικη αλλαγη και οι αποφασεισ για τα επιτοκια,1
Κλιματική αλλαγή: Μεγαλώνει ο κίνδυνος για θερμικό στρες στον οργανισμό μας https://t.co/qMueUX9V1g,κλιματικη αλλαγη μεγαλωνει ο κινδυνοσ για θερμικο στρεσ στον οργανισμο μασ,1
"Κλιματική Αλλαγή: «Κόλαση επί γης» έως το 2100, αν δεν την προλάβουμε https://t.co/kxiKrD5D5D",κλιματικη αλλαγη κολαση επι γησ εωσ το αν δεν την προλαβουμε,1
Συναγερμός των επιστημόνων: Αν δεν ελεγχθεί η κλιματική αλλαγή θα αυξηθούν σημαντικά έως το 2100 οι καυτές μέρες του έτους με επικίνδυνο θερμικό στρες https://t.co/0dKWn6aIzn,συναγερμοσ των επιστημονων αν δεν ελεγχθει η κλιματικη αλλαγη θα αυξηθουν σημαντικα εωσ το οι καυτεσ μερεσ του ετουσ με επικινδυνο θερμικο στρεσ,1
Κλιματική αλλαγή: Ποια τρόφιμα κινδυνεύουν με εξαφάνιση https://t.co/5iU5HcXGqJ,κλιματικη αλλαγη ποια τροφιμα κινδυνευουν με εξαφανιση,1
"Κλιματική Αλλαγή: «Κόλαση επί γης» έως το 2100, αν δεν την προλάβουμε https://t.co/7sqlLgdEJ1",κλιματικη αλλαγη κολαση επι γησ εωσ το αν δεν την προλαβουμε,1
Κίνα - Κλιματική αλλαγή: Στο έλεος της χειρότερης καταγεγραμμένης ξηρασίας από το 1961 https://t.co/crTtzAohtl,κινα κλιματικη αλλαγη στο ελεοσ τησ χειροτερησ καταγεγραμμενησ ξηρασιασ απο το,1
Συναγερμός των επιστημόνων: Αν δεν ελεγχθεί η κλιματική αλλαγή θα αυξηθούν σημαντικά έως το 2100 οι καυτές μέρες του έτους με επικίνδυνο θερμικό στρες https://t.co/NiWtOzAqko,συναγερμοσ των επιστημονων αν δεν ελεγχθει η κλιματικη αλλαγη θα αυξηθουν σημαντικα εωσ το οι καυτεσ μερεσ του ετουσ με επικινδυνο θερμικο στρεσ,1
Κίνα - Κλιματική αλλαγή: Στο έλεος της χειρότερης καταγεγραμμένης ξηρασίας από το 1961 https://t.co/9xY2ruSzUS,κινα κλιματικη αλλαγη στο ελεοσ τησ χειροτερησ καταγεγραμμενησ ξηρασιασ απο το,1
Εγκρίθηκε από την ΕΕ το πρόγραμμα του νέου ΕΣΠΑ «Περιβάλλον και Κλιματική Αλλαγή 2021-27» https://t.co/1jhXY4gnrx,εγκριθηκε απο την εε το προγραμμα του νεου εσπα περιβαλλον και κλιματικη αλλαγη,1
Κλιματική αλλαγή: Εγκατάσταση στην Κίνα θάβει το CO2 στο υπέδαφος https://t.co/g8mdFC6AqM,κλιματικη αλλαγη εγκατασταση στην κινα θαβει το co στο υπεδαφοσ,1
Πηλείδου: Βιώσιμο από μόνο του το κοίτασμα Κρόνος-1 για ΕΝΙ/ΤΟΤΑL https://t.co/iZ0aKw6yXC,πηλειδου βιωσιμο απο μονο του το κοιτασμα κρονοσ για ενιτοταl,1
Κλιματική αλλαγή: Η «Τελευταία γενιά» πριν από το τέλος του κόσμου https://t.co/OMckklpPVa,κλιματικη αλλαγη η τελευταια γενια πριν απο το τελοσ του κοσμου,1
Κλιματική αλλαγή: Οι πλημμύρες ανέβασαν στα ύψη τις ασφαλιστικές αποζημιώσεις https://t.co/5j7ujptFu0,κλιματικη αλλαγη οι πλημμυρεσ ανεβασαν στα υψη τισ ασφαλιστικεσ αποζημιωσεισ,1
Σάκης Αρναούτογλου: «Συναγερμός» για την κλιματική αλλαγή - Έρχονται τυφώνες στην Ευρώπη https://t.co/XV5F4KSq7z,σακησ αρναουτογλου συναγερμοσ για την κλιματικη αλλαγη ερχονται τυφωνεσ στην ευρωπη,1
Κλιματική αλλαγή: Ώρα μηδέν - Ακραία καιρικά φαινόμενα σε όλο τον πλανήτη - Τι λένε οι επιστήμονες https://t.co/NXdhdU8z9M,κλιματικη αλλαγη ωρα μηδεν ακραια καιρικα φαινομενα σε ολο τον πλανητη τι λενε οι επιστημονεσ,1
Σάκης Αρναούτογλου: «Συναγερμός» για την κλιματική αλλαγή - Έρχονται τυφώνες στην Ευρώπη https://t.co/RRS6fhlPPx,σακησ αρναουτογλου συναγερμοσ για την κλιματικη αλλαγη ερχονται τυφωνεσ στην ευρωπη,1
Έρευνα για την κλιματική αλλαγή: Πόσο κοντά είμαστε στο σημείο «χωρίς επιστροφή» https://t.co/oGUTSLdQE2,ερευνα για την κλιματικη αλλαγη ποσο κοντα ειμαστε στο σημειο χωρισ επιστροφη,1
Κλιματική αλλαγή: «Ακραίος» κίνδυνος για το 71% της παραγωγής τροφίμων ως το 2045 https://t.co/2sevTfqhOo,κλιματικη αλλαγη ακραιοσ κινδυνοσ για το τησ παραγωγησ τροφιμων ωσ το,1
ΡΑΕ: Νέες Ανανεώσιμες Πηγές Ενέργειας ισχύος 538 μεγαβάτ https://t.co/dnJUHnQoet,ραε νεεσ ανανεωσιμεσ πηγεσ ενεργειασ ισχυοσ μεγαβατ,1
EPSILON NET: Στις 10 κορυφαίες εταιρίες στην Ευρώπη για το εργασιακό περιβάλλον στα «Europe's Best Workplaces 2022» https://t.co/BtkpvT1wKl,epsilon net στισ κορυφαιεσ εταιριεσ στην ευρωπη για το εργασιακο περιβαλλον στα europes best workplaces,1
Κλιματική αλλαγή: «Ακραίος» κίνδυνος για το 71% της παραγωγής τροφίμων ως το 2045 https://t.co/W1TVU6mseb,κλιματικη αλλαγη ακραιοσ κινδυνοσ για το τησ παραγωγησ τροφιμων ωσ το,1
ΟΗΕ: Σε αχαρτογράφητα εδάφη καταστροφής οδηγεί η κλιματική αλλαγή https://t.co/VXONUfAJ8O,οηε σε αχαρτογραφητα εδαφη καταστροφησ οδηγει η κλιματικη αλλαγη,1
Ο πρόεδρος της Νότιας Αφρικής θα συζητήσει με τον Μπάιντεν για την κλιματική αλλαγή και την ενεργειακή μετάβαση https://t.co/B8py30plaQ,ο προεδροσ τησ νοτιασ αφρικησ θα συζητησει με τον μπαιντεν για την κλιματικη αλλαγη και την ενεργειακη μεταβαση,1
Oxfam: Η «οξεία πείνα» επιδεινώθηκε από την κλιματική κρίση https://t.co/3jiSXeCfjj,oxfam η οξεια πεινα επιδεινωθηκε απο την κλιματικη κριση,1
Ο μεγάλος φόβος της Wall Street: Το 92% των εισηγμένων απειλείται από την Κλιματική Αλλαγή https://t.co/6YyTf2HZiP,ο μεγαλοσ φοβοσ τησ wall street το των εισηγμενων απειλειται απο την κλιματικη αλλαγη,1
Κικίλιας: Ο βιώσιμος τουρισμός στο επίκεντρο της νέας μεγάλης καμπάνιας του ΕΟΤ https://t.co/9tcegW2NSI,κικιλιασ ο βιωσιμοσ τουρισμοσ στο επικεντρο τησ νεασ μεγαλησ καμπανιασ του εοτ,1
ΥΠΕΞ Γερμανίας: Έμπρακτη στήριξη στις χώρες που πλήττονται από την κλιματική αλλαγή και την επισιτιστική κρίση https://t.co/3l0BrEwxyw,υπεξ γερμανιασ εμπρακτη στηριξη στισ χωρεσ που πληττονται απο την κλιματικη αλλαγη και την επισιτιστικη κριση,1
Πώς μπορεί να επηρεάσει η κλιματική αλλαγή τις πανδημίες; https://t.co/3tseKCpSrF,πωσ μπορει να επηρεασει η κλιματικη αλλαγη τισ πανδημιεσ,1
Κλιματική αλλαγή: «Καμπανάκι» από τους επιστήμονες για νέες πανδημίες https://t.co/9AL0JiXJac,κλιματικη αλλαγη καμπανακι απο τουσ επιστημονεσ για νεεσ πανδημιεσ,1
Βαρύ το πλήγμα: Πώς η κλιματική αλλαγή επηρεάζει τη γεύση στο κρασί https://t.co/HSThVw65L6,βαρυ το πληγμα πωσ η κλιματικη αλλαγη επηρεαζει τη γευση στο κρασι,1
Κλιματική αλλαγή: Η θερμοκρασία των πόλεων αυξάνεται 29% ταχύτερα σε σχέση με την ύπαιθρο https://t.co/b3ELDEWR3B,κλιματικη αλλαγη η θερμοκρασια των πολεων αυξανεται ταχυτερα σε σχεση με την υπαιθρο,1
Ο Γκουτέρες καλεί τον κόσμο να κινητοποιηθεί 'για να σώσει το ανθρώπινο είδος' από την κλιματική αλλαγή https://t.co/1LFjEdDVyC,ο γκουτερεσ καλει τον κοσμο να κινητοποιηθει για να σωσει το ανθρωπινο ειδοσ απο την κλιματικη αλλαγη,1
"Κλιματική κρίση: Η επιρροή των συνεπειών της για τον άνθρωπο - Εκτεταμένη φτώχια, ένοπλες συγκρούσεις και αύξηση των επιδημιών https://t.co/KQEnh3PaUa",κλιματικη κριση η επιρροη των συνεπειων τησ για τον ανθρωπο εκτεταμενη φτωχια ενοπλεσ συγκρουσεισ και αυξηση των επιδημιων,1
"Mπιλ Γκέιτς: Χωρίς καινοτομία, η κλιματική αλλαγή δεν θα λυθεί ποτέ https://t.co/LVTVzPX7wr",mπιλ γκειτσ χωρισ καινοτομια η κλιματικη αλλαγη δεν θα λυθει ποτε,1
Μ. Μανουσάκης (ΑΔΜΗΕ): Ισχυρά πράσινα δίκτυα για μία πιο ανθεκτική και βιώσιμη Ευρώπη https://t.co/1rpBgWzNsv,μ μανουσακησ αδμηε ισχυρα πρασινα δικτυα για μια πιο ανθεκτικη και βιωσιμη ευρωπη,1
Μάνος Μανουσάκης (ΑΔΜΗΕ): Ισχυρά πράσινα δίκτυα για μία πιο ανθεκτική και βιώσιμη Ευρώπη https://t.co/FZcdzPfJgC,μανοσ μανουσακησ αδμηε ισχυρα πρασινα δικτυα για μια πιο ανθεκτικη και βιωσιμη ευρωπη,1
"Κλιματική κρίση: Η επιρροή των συνεπειών της για τον άνθρωπο - Εκτεταμένη φτώχια, ένοπλες συγκρούσεις και αύξηση των επιδημιών https://t.co/WTJN4bv8IP",κλιματικη κριση η επιρροη των συνεπειων τησ για τον ανθρωπο εκτεταμενη φτωχια ενοπλεσ συγκρουσεισ και αυξηση των επιδημιων,1
"RT @MAravantinos: Ο κ. Καιρίδης, μάλλον κρίνει εξ ιδίων. Ας γνωρίζει όμως ότι δεν έγινα και δεν πρόκειται να γίνω σφουγγοκωλάριος κανενός.…",rt maravantinos ο κ καιριδησ μαλλον κρινει εξ ιδιων ασ γνωριζει ομωσ οτι δεν εγινα και δεν προκειται να γινω σφουγγοκωλαριοσ κανενοσ,1
"RT @AretiAthanasiu: Είχε διπλά προφίλ στο διαδίκτυο, ανέβαζε πορνογραφικό υλικό με παιδιά, 213 πελάτες του ενδιαφέρθηκαν να κλείσουν ""ραντε…",rt aretiathanasiu ειχε διπλα προφιλ στο διαδικτυο ανεβαζε πορνογραφικο υλικο με παιδια πελατεσ του ενδιαφερθηκαν να κλεισουν ραντε,1
Κλιματική αλλαγή: 20 φορές πιο πιθανές οι ξηρασίες τα καλοκαίρια https://t.co/Hdmsfj8vDu,κλιματικη αλλαγη φορεσ πιο πιθανεσ οι ξηρασιεσ τα καλοκαιρια,1
"Ακόμη ένα σημαντικό ορόσημο: 100% πράσινη ενέργεια στην Ελλάδα για τουλάχιστον 5 ώρες! Εργαζόμαστε για ακόμη μεγαλύτερη διείσδυση ΑΠΕ, για καθαρότερο και φθηνότερο ενεργειακό μείγμα!
#ΔΕΗ #Ανανεώσιμες #PPC #Renewables #PPCR https://t.co/zLMrIDR222",ακομη ενα σημαντικο οροσημο πρασινη ενεργεια στην ελλαδα για τουλαχιστον ωρεσ εργαζομαστε για ακομη μεγαλυτερη διεισδυση απε για καθαροτερο και φθηνοτερο ενεργειακο μειγμα δεη ανανεωσιμεσ ppc renewables ppcr,1
Βρετανία: Bάζει πλαφόν στα έσοδα των παραγωγών ενέργειας από ανανεώσιμες πηγές https://t.co/XGYY6DhvYM,βρετανια bαζει πλαφον στα εσοδα των παραγωγων ενεργειασ απο ανανεωσιμεσ πηγεσ,1
Βρετανία: Πλαφόν στα έσοδα των παραγωγών ενέργειας από ανανεώσιμες πηγές βάζει η κυβέρνηση https://t.co/pXcBxGL36S,βρετανια πλαφον στα εσοδα των παραγωγων ενεργειασ απο ανανεωσιμεσ πηγεσ βαζει η κυβερνηση,1
Banco Bilbao Vizcaya Argentaria: Αύξησε τον στόχο για τη βιώσιμη χρηματοδότηση κατά 50% https://t.co/mUph2KEX1O,banco bilbao vizcaya argentaria αυξησε τον στοχο για τη βιωσιμη χρηματοδοτηση κατα,1
Ανανεώσιμες πηγές ενέργειας - Νέο ρεκόρ: Σπάνε το «φράγμα» των 10.000 μεγαβάτ https://t.co/bc5EBVF6ky,ανανεωσιμεσ πηγεσ ενεργειασ νεο ρεκορ σπανε το φραγμα των μεγαβατ,1
Προς νέο ρεκόρ για τις Ανανεώσιμες Πηγές Ενέργειας - Σπάνε το φράγμα των 10.000 μεγαβάτ https://t.co/kjwyH9PwqA,προσ νεο ρεκορ για τισ ανανεωσιμεσ πηγεσ ενεργειασ σπανε το φραγμα των μεγαβατ,1
Ανανεώσιμες πηγές ενέργειας - Νέο ρεκόρ: Σπάνε το «φράγμα» των 10.000 μεγαβάτ https://t.co/hDmyJ8lSVb,ανανεωσιμεσ πηγεσ ενεργειασ νεο ρεκορ σπανε το φραγμα των μεγαβατ,1
"Οι μετοχές ανακάμπτουν, αλλά τα ομόλογα... δεν ακολουθούν - Πόσο βιώσιμο είναι το rebound; https://t.co/2OGDAk5YY4",οι μετοχεσ ανακαμπτουν αλλα τα ομολογα δεν ακολουθουν ποσο βιωσιμο ειναι το rebound,1
Κλιματική αλλαγή: Συνέδριο για την ενεργειακή φτώχεια στη Δυτική Ελλάδα https://t.co/as6NjziGz1,κλιματικη αλλαγη συνεδριο για την ενεργειακη φτωχεια στη δυτικη ελλαδα,1
"Νίκος Τσάκος: Προτιμούμε να υπάρχει ένα σταθερό περιβάλλον στη ναυτιλία, σε έναν κόσμο ειρηνικό και όχι τεράστια κερδοφορία https://t.co/cNVrGxjaeY",νικοσ τσακοσ προτιμουμε να υπαρχει ενα σταθερο περιβαλλον στη ναυτιλια σε εναν κοσμο ειρηνικο και οχι τεραστια κερδοφορια,1
Δέσμευση της κρουαζιέρας για μηδενικό αποτύπωμα άνθρακα παγκοσμίως έως το 2050 https://t.co/aArxweJcR6,δεσμευση τησ κρουαζιερασ για μηδενικο αποτυπωμα ανθρακα παγκοσμιωσ εωσ το,1
Ημαθία: Κανένα ίχνος του οδηγού που σκότωσε το 15χρονο κορίτσι - Διασωληνωμένες και «χωρίς επαφή με το περιβάλλον» η μητέρα και η αδερφή της https://t.co/4A5k7Cn6B6,ημαθια κανενα ιχνοσ του οδηγου που σκοτωσε το χρονο κοριτσι διασωληνωμενεσ και χωρισ επαφη με το περιβαλλον η μητερα και η αδερφη τησ,1
διαΝΕΟσις: Μπορεί η ελληνική οικονομία να γίνει κυκλική; Ποια θα ήταν τα οφέλη https://t.co/7fSiWfhSAw,διανεοσισ μπορει η ελληνικη οικονομια να γινει κυκλικη ποια θα ηταν τα οφελη,1
RT @THANASIGOUNARIS: Τα ζωα αναγνωρίζουν την αγάπη και την καλοσύνη και την ανταποδίδουν!!Ο κόσμος μας θα ήταν καλύτερος αν είχαμε ενσυναίσ…,rt thanasigounaris τα ζωα αναγνωριζουν την αγαπη και την καλοσυνη και την ανταποδιδουνο κοσμοσ μασ θα ηταν καλυτεροσ αν ειχαμε ενσυναισ,1
'Η κλιματική κρίση μας σκοτώνει': Διεθνείς ιατρικοί εμπειρογνώμονες καταγγέλλουν τη μεγάλη εξάρτηση από ορυκτά καύσιμα https://t.co/EkOHu5gCzJ,η κλιματικη κριση μασ σκοτωνει διεθνεισ ιατρικοι εμπειρογνωμονεσ καταγγελλουν τη μεγαλη εξαρτηση απο ορυκτα καυσιμα,1
Lancet: Ο εθισμός στα ορυκτά καύσιμα και η κλιματική αλλαγή απειλούν την παγκόσμια υγεία https://t.co/OdkqHIcGU8,lancet ο εθισμοσ στα ορυκτα καυσιμα και η κλιματικη αλλαγη απειλουν την παγκοσμια υγεια,1
Γερμανικές μυστικές υπηρεσίες: «Αν η Ρωσία είναι η καταιγίδα η Κίνα είναι η κλιματική αλλαγή» - Υποχείριο του Σι Τζινπινγκ ο Σολτς; https://t.co/iFWKU5HAoE,γερμανικεσ μυστικεσ υπηρεσιεσ αν η ρωσια ειναι η καταιγιδα η κινα ειναι η κλιματικη αλλαγη υποχειριο του σι τζινπινγκ ο σολτσ,1
Βέλγιο: Ίδρυμα για το περιβάλλον προτείνει μείωση της διάρκειας του ντους για εξοικονόμηση ενέργειας https://t.co/rSyh5F8yrw,βελγιο ιδρυμα για το περιβαλλον προτεινει μειωση τησ διαρκειασ του ντουσ για εξοικονομηση ενεργειασ,1
"Bέλγιο: Μειώστε τη διάρκεια του ντους για να εξοικονομήσετε ενέργεια, λέει ίδρυμα για το περιβάλλον https://t.co/BaJE4kqcJm",bελγιο μειωστε τη διαρκεια του ντουσ για να εξοικονομησετε ενεργεια λεει ιδρυμα για το περιβαλλον,1
Γερμανικές μυστικές υπηρεσίες: «Αν η Ρωσία είναι η καταιγίδα η Κίνα είναι η κλιματική αλλαγή» - Υποχείριο του Σι Τζινπινγκ ο Σολτς; https://t.co/IRzMIDYVsl,γερμανικεσ μυστικεσ υπηρεσιεσ αν η ρωσια ειναι η καταιγιδα η κινα ειναι η κλιματικη αλλαγη υποχειριο του σι τζινπινγκ ο σολτσ,1
Επελαύνει η κλιματική αλλαγή: Ασυνήθιστα υψηλές θερμοκρασίες στην Ευρώπη - Νωρίτερα ο χειμώνας στις ΗΠΑ https://t.co/sVNtQTI7lP,επελαυνει η κλιματικη αλλαγη ασυνηθιστα υψηλεσ θερμοκρασιεσ στην ευρωπη νωριτερα ο χειμωνασ στισ ηπα,1
"Bέλγιο: Μειώστε τη διάρκεια του ντους για να εξοικονομήσετε ενέργεια, λέει ίδρυμα για το περιβάλλον https://t.co/9Q6Ca88hJs",bελγιο μειωστε τη διαρκεια του ντουσ για να εξοικονομησετε ενεργεια λεει ιδρυμα για το περιβαλλον,1
Επελαύνει η κλιματική αλλαγή: Ασυνήθιστα υψηλές θερμοκρασίες στην Ευρώπη - Νωρίτερα ο χειμώνας στις ΗΠΑ https://t.co/0CPmrpftL4,επελαυνει η κλιματικη αλλαγη ασυνηθιστα υψηλεσ θερμοκρασιεσ στην ευρωπη νωριτερα ο χειμωνασ στισ ηπα,1
Κλιματική αλλαγή: Σε ποιες περιοχές ευθύνεται για περισσότερους θανάτους από τον καρκίνο https://t.co/p205icbXXE,κλιματικη αλλαγη σε ποιεσ περιοχεσ ευθυνεται για περισσοτερουσ θανατουσ απο τον καρκινο,1
COP27: Η διάσκεψη για το κλίμα θα αρχίσει με αίτημα να αποζημιωθούν οι φτωχότερες χώρες για την κλιματική αλλαγή https://t.co/ig7XTCtGI1,cop η διασκεψη για το κλιμα θα αρχισει με αιτημα να αποζημιωθουν οι φτωχοτερεσ χωρεσ για την κλιματικη αλλαγη,1
Τι κοστίζει η κλιματική αλλαγή στη Γερμανία; https://t.co/C9n8IfQZ2g,τι κοστιζει η κλιματικη αλλαγη στη γερμανια,1
Welt: Ποιες είναι οι μη ρεαλιστικές προβλέψεις τρόμου για την κλιματική αλλαγή https://t.co/xrynX44YAY,welt ποιεσ ειναι οι μη ρεαλιστικεσ προβλεψεισ τρομου για την κλιματικη αλλαγη,1
Ζελένσκι: Χωρίς ειρήνη δεν μπορεί να υπάρξει αποτελεσματική πολιτική για την κλιματική αλλαγή https://t.co/GAab6R6GBi,ζελενσκι χωρισ ειρηνη δεν μπορει να υπαρξει αποτελεσματικη πολιτικη για την κλιματικη αλλαγη,1
Β. Κικίλιας για συμφωνία με Common Seas: 'H Ελλάδα στην πρωτοπορία της Ευρώπης για τον βιώσιμο τουρισμό' https://t.co/e7qPOwOzKV,β κικιλιασ για συμφωνια με common seas h ελλαδα στην πρωτοπορια τησ ευρωπησ για τον βιωσιμο τουρισμο,1
Γερμανία: Πόσο κοστίζει η κλιματική αλλαγή – Τι αναφέρει μελέτη https://t.co/nmwlT9A1Es,γερμανια ποσο κοστιζει η κλιματικη αλλαγη τι αναφερει μελετη,1
Γ. Περιστέρης: Η ενεργειακή κρίση θα ήταν σχεδόν αμελητέα αν είχε γίνει η πράσινη μετάβαση στην ενέργεια https://t.co/hwhwMaDFey,γ περιστερησ η ενεργειακη κριση θα ηταν σχεδον αμελητεα αν ειχε γινει η πρασινη μεταβαση στην ενεργεια,1
"📍 Η επιτάχυνση της μετάβασης σε καύσιμα με μικρότερο αποτύπωμα άνθρακα προϋποθέτει μια σειρά επιλογών και δράσεων για τις κυβερνήσεις, τη βιομηχανία και τους οδηγούς.  https://t.co/yDGSBYoUPu",η επιταχυνση τησ μεταβασησ σε καυσιμα με μικροτερο αποτυπωμα ανθρακα προϋποθετει μια σειρα επιλογων και δρασεων για τισ κυβερνησεισ τη βιομηχανια και τουσ οδηγουσ,1
Κλιματική αλλαγή: Λαϊκιστές εναντίον του πλανήτη: Πώς το κλίμα έγινε το νέο μέτωπο του πολέμου https://t.co/HlRUjw4ESk,κλιματικη αλλαγη λαϊκιστεσ εναντιον του πλανητη πωσ το κλιμα εγινε το νεο μετωπο του πολεμου,1
Μπάιντεν: H παγκόσμια κλιματική κρίση αποτελεί υπαρξιακή απειλή για τον πλανήτη https://t.co/YsOT54h5pb,μπαιντεν h παγκοσμια κλιματικη κριση αποτελει υπαρξιακη απειλη για τον πλανητη,1
Ευρώπη: Αυτός είναι ο πιο βιώσιμος προορισμός για αγορές - Δείτε τις υπόλοιπες χώρες https://t.co/Xkgpih2P11,ευρωπη αυτοσ ειναι ο πιο βιωσιμοσ προορισμοσ για αγορεσ δειτε τισ υπολοιπεσ χωρεσ,1
Ευρώπη: Αυτός είναι ο πιο βιώσιμος προορισμός για αγορές - Δείτε τις υπόλοιπες χώρες https://t.co/oOaA7G4Xpe,ευρωπη αυτοσ ειναι ο πιο βιωσιμοσ προορισμοσ για αγορεσ δειτε τισ υπολοιπεσ χωρεσ,1
COP27: Μια Ελληνίδα φοιτήτρια ως «συνήγορος κλιματικής δικαιοσύνης» στη Διάσκεψη του ΟΗΕ για την Κλιματική Αλλαγή https://t.co/4esmAH97z2,cop μια ελληνιδα φοιτητρια ωσ συνηγοροσ κλιματικησ δικαιοσυνησ στη διασκεψη του οηε για την κλιματικη αλλαγη,1
Τυνησία: Δίνει μάχη με την κλιματική αλλαγή για τις ακτές της https://t.co/CamJzQcqBb,τυνησια δινει μαχη με την κλιματικη αλλαγη για τισ ακτεσ τησ,1
Luxury κλάδοι και βιώσιμη ανάπτυξη – Το Yachting και η αγορά των 75 δισ. δολ. https://t.co/AojcXYnGCI,luxury κλαδοι και βιωσιμη αναπτυξη το yachting και η αγορα των δισ δολ,1
"Περιβάλλον: Στα τρόφιμα που πετάμε και αποσυντίθενται, οφείλεται το 1/10 των αερίων του φαινομένου του θερμοκηπίου https://t.co/jsqgyXDy6u",περιβαλλον στα τροφιμα που πεταμε και αποσυντιθενται οφειλεται το των αεριων του φαινομενου του θερμοκηπιου,1
Κ. Σκρέκας: 'Οι Ανανεώσιμες Πηγές Ενέργειας είναι η λύση' https://t.co/3J7Z8gdBlm,κ σκρεκασ οι ανανεωσιμεσ πηγεσ ενεργειασ ειναι η λυση,1
Γερμανία: Το Πεκίνο να αποζημιώνει χώρες που πλήττονται από την κλιματική αλλαγή https://t.co/jn8d3Em7Kx,γερμανια το πεκινο να αποζημιωνει χωρεσ που πληττονται απο την κλιματικη αλλαγη,1
Κλιματική αλλαγή: Ο Άντι Γουόρχολ τελευταίο θύμα των ακτιβιστών στην Ιταλία https://t.co/BZjGcuWt0N,κλιματικη αλλαγη ο αντι γουορχολ τελευταιο θυμα των ακτιβιστων στην ιταλια,1
'Σχέδιο Δράσης για το Περιβάλλον και το Κλίμα' από το Ίδρυμα Μποδοσάκη https://t.co/A4Fe3gOpJR,σχεδιο δρασησ για το περιβαλλον και το κλιμα απο το ιδρυμα μποδοσακη,1
"Αγροτικά Προϊόντα: Βιοδιεγέρτες: Η βιώσιμη λύση στην παραγωγή αγροτικών τροφίμων, συμβάλλοντας σε ένα «ευφυές» μελλοντικό μοντέλο αγροκτήματος https://t.co/OsJTDmMhDI",αγροτικα προϊοντα βιοδιεγερτεσ η βιωσιμη λυση στην παραγωγη αγροτικων τροφιμων συμβαλλοντασ σε ενα ευφυεσ μελλοντικο μοντελο αγροκτηματοσ,1
Κ. Ξιφαράς (ΔΕΠΑ Εμπορίας): Στόχος το 1 GW στις ανανεώσιμες πηγές ενέργειας https://t.co/CmW2Sx2D15,κ ξιφαρασ δεπα εμποριασ στοχοσ το gw στισ ανανεωσιμεσ πηγεσ ενεργειασ,1
Amazon: Ποιες ενέργειες υιοθετεί ώστε να μειώσει το αποτύπωμα εκπομπής άνθρακα https://t.co/pOciXma68B,amazon ποιεσ ενεργειεσ υιοθετει ωστε να μειωσει το αποτυπωμα εκπομπησ ανθρακα,1
Κλιματική αλλαγή: Πάνω από 20.000 οι θάνατοι στη Δυτική Ευρώπη που συνδέονται με τους καύσωνες https://t.co/bSqczhOw5x,κλιματικη αλλαγη πανω απο οι θανατοι στη δυτικη ευρωπη που συνδεονται με τουσ καυσωνεσ,1
Γερμανία: Κυβέρνηση και αντιπολίτευση καταδικάζουν τη δράση των ακραίων ακτιβιστών για το κλίμα 'Τελευταία Γενιά' https://t.co/bWxhIXXehF,γερμανια κυβερνηση και αντιπολιτευση καταδικαζουν τη δραση των ακραιων ακτιβιστων για το κλιμα τελευταια γενια,1
Η ενεργειακή ασφάλεια είναι σημαντικότερη από την κλιματική αλλαγή https://t.co/cjB8Ok8QNS,η ενεργειακη ασφαλεια ειναι σημαντικοτερη απο την κλιματικη αλλαγη,1
Τουρισμός και κλιματική αλλαγή: Το άγνωστο πρόβλημα https://t.co/mQzpUr39J0,τουρισμοσ και κλιματικη αλλαγη το αγνωστο προβλημα,1
Η Nestle δίνει $1 δισ. για να σώσει τον καφέ από την κλιματική αλλαγή https://t.co/tMGFhGTU81,η nestle δινει δισ για να σωσει τον καφε απο την κλιματικη αλλαγη,1
Σωτήρης Ράπτης: Στο Top 10 της Lloyd’s List με τις κορυφαίες προσωπικότητες σε θέματα κανονισμών για ναυτιλία και περιβάλλον https://t.co/2UfFBW5K80,σωτηρησ ραπτησ στο top τησ lloyds list με τισ κορυφαιεσ προσωπικοτητεσ σε θεματα κανονισμων για ναυτιλια και περιβαλλον,1
@AthanDim Είναι όπως όταν για να συναντηθούν για το περιβάλλον οι global leaders ταξιδεύουν με τα ιδιωτικά τους jet με zero emissions βεβαίως βεβαίως. Υποκρισία στο μέγιστο όταν υπάρχουν άλλοι τρόποι να γίνουν τα meetings virtually…,athandim ειναι οπωσ οταν για να συναντηθουν για το περιβαλλον οι global leaders ταξιδευουν με τα ιδιωτικα τουσ jet με zero emissions βεβαιωσ βεβαιωσ υποκρισια στο μεγιστο οταν υπαρχουν αλλοι τροποι να γινουν τα meetings virtually,1
Διεθνής Οργανισμός Ενέργειας: Η ενεργειακή κρίση δίνει πρωτοφανή ώθηση στις ανανεώσιμες πηγές https://t.co/tQFqhN7gxf,διεθνησ οργανισμοσ ενεργειασ η ενεργειακη κριση δινει πρωτοφανη ωθηση στισ ανανεωσιμεσ πηγεσ,1
PwC: Ποιες χώρες διαθέτουν ελκυστικό περιβάλλον για την ανάπτυξη ιδιωτικών επιχειρήσεων το 2022 https://t.co/lwolB1xeJy,pwc ποιεσ χωρεσ διαθετουν ελκυστικο περιβαλλον για την αναπτυξη ιδιωτικων επιχειρησεων το,1
Γκέιτς για Κλιματική Αλλαγή: «Να είστε ανοιχτοί σε ιδέες που φαίνονται εξωφρενικές» https://t.co/B4BZwY0Yxd,γκειτσ για κλιματικη αλλαγη να ειστε ανοιχτοι σε ιδεεσ που φαινονται εξωφρενικεσ,1
Η ενεργειακή κρίση στη Γερμανία μειώνει την αντίσταση στις ανανεώσιμες πηγές ενέργειας https://t.co/OofpTOoUhG,η ενεργειακη κριση στη γερμανια μειωνει την αντισταση στισ ανανεωσιμεσ πηγεσ ενεργειασ,1
Πάνω από 1 τρισ. κοστίζει η κλιματική αλλαγή (pic) https://t.co/mk08a57eQP,πανω απο τρισ κοστιζει η κλιματικη αλλαγη pic,1
ΑΑΔΕ: Στόχος ο Τελωνειακός Κώδικας να μεταβεί σε ένα περιβάλλον χωρίς χαρτί https://t.co/9RWaiXZ5fc,ααδε στοχοσ ο τελωνειακοσ κωδικασ να μεταβει σε ενα περιβαλλον χωρισ χαρτι,1
ΑΑΔΕ: Στόχος ο Τελωνειακός Κώδικας να μεταβεί σε ένα περιβάλλον χωρίς χαρτί https://t.co/rvQUbwzNic,ααδε στοχοσ ο τελωνειακοσ κωδικασ να μεταβει σε ενα περιβαλλον χωρισ χαρτι,1
Έκθεση IRC: Η κλιματική αλλαγή θα επιτείνει τις ανθρωπιστικές κρίσεις το 2023 https://t.co/3IAn6TfWTb,εκθεση irc η κλιματικη αλλαγη θα επιτεινει τισ ανθρωπιστικεσ κρισεισ το,1
Από ανανεώσιμες πηγές το 39% της ζήτησης ηλεκτρικής ενέργειας το 2022 https://t.co/RB0yKeeoLU,απο ανανεωσιμεσ πηγεσ το τησ ζητησησ ηλεκτρικησ ενεργειασ το,1
Η Holcim πήρε διπλό 'Α' για τη δράση της για το κλίμα και το νερό από το CDP https://t.co/JThqUDUF5V,η holcim πηρε διπλο α για τη δραση τησ για το κλιμα και το νερο απο το cdp,1
Ελληνική έρευνα: Ποια σχέση έχουν οι θαλάσσιοι καύσωνες με την κλιματική αλλαγή https://t.co/fSUlF6FpWl,ελληνικη ερευνα ποια σχεση εχουν οι θαλασσιοι καυσωνεσ με την κλιματικη αλλαγη,1
"Δένδιας: Το περιβάλλον, η τεράστια πρόκληση για την ανθρωπότητα του 21ου αιώνα https://t.co/HJddjCHt7p",δενδιασ το περιβαλλον η τεραστια προκληση για την ανθρωποτητα του ου αιωνα,1
Αγροτικές Ειδήσεις: Πώς μπορεί η γεωργία που σκοτώνει τη φύση να γίνει πιο βιώσιμη; https://t.co/UkXarox7V2,αγροτικεσ ειδησεισ πωσ μπορει η γεωργια που σκοτωνει τη φυση να γινει πιο βιωσιμη,1
Ανανεώσιμες πηγές ενέργειας: Οι 27 διατηρούν αμετάβλητο τον στόχο ενόψει 2030 https://t.co/qVJ3giNP9D,ανανεωσιμεσ πηγεσ ενεργειασ οι διατηρουν αμεταβλητο τον στοχο ενοψει,1
Στο 40% διατηρεί η ΕΕ τον στόχο για τις ανανεώσιμες πηγές ενέργειας https://t.co/0reufEo4B3,στο διατηρει η εε τον στοχο για τισ ανανεωσιμεσ πηγεσ ενεργειασ,1
Ανανεώσιμες Πηγές Ενέργειας: Aμετάβλητος ο στόχος ενόψει 2030 στην ΕΕ – Επιταχύνονται οι αδειοδοτήσεις https://t.co/CY466ip5DV,ανανεωσιμεσ πηγεσ ενεργειασ aμεταβλητοσ ο στοχοσ ενοψει στην εε επιταχυνονται οι αδειοδοτησεισ,1
Δεν μπορείς να σβήσεις τον ήλιο: Πώς η Γερμανία μπορεί να αποκτήσει ενεργειακή ανεξαρτησία με ανανεώσιμες πηγές ενέργειας https://t.co/pMUx4FhiAL,δεν μπορεισ να σβησεισ τον ηλιο πωσ η γερμανια μπορει να αποκτησει ενεργειακη ανεξαρτησια με ανανεωσιμεσ πηγεσ ενεργειασ,1
Δεν μπορείς να σβήσεις τον ήλιο: Πώς η Γερμανία μπορεί να αποκτήσει ενεργειακή ανεξαρτησία με ανανεώσιμες πηγές ενέργειας https://t.co/ZWXgZ0BH0W,δεν μπορεισ να σβησεισ τον ηλιο πωσ η γερμανια μπορει να αποκτησει ενεργειακη ανεξαρτησια με ανανεωσιμεσ πηγεσ ενεργειασ,1
Επιστήμονες για την κλιματική αλλαγή: «Η Ελλάδα θα υποφέρει» (vid) https://t.co/TfPr0QA5Q4,επιστημονεσ για την κλιματικη αλλαγη η ελλαδα θα υποφερει vid,1
"I've just posted a new blog: Handelsblatt: Μέχρι το τέλος της δεκαετίας, πράσινη ηλεκτρική ενέργεια θα μπορούσε να ρέει από την Αίγυπτο στην Ελλάδα https://t.co/0ACH8mlmFC",ive just posted a new blog handelsblatt μεχρι το τελοσ τησ δεκαετιασ πρασινη ηλεκτρικη ενεργεια θα μπορουσε να ρεει απο την αιγυπτο στην ελλαδα,1
"Handelsblatt: Μέχρι το τέλος της δεκαετίας, πράσινη ηλεκτρική ενέργεια θα μπορούσε να ρέει από την Αίγυπτο στην Ελλάδα https://t.co/o7Ol8wZYzN",handelsblatt μεχρι το τελοσ τησ δεκαετιασ πρασινη ηλεκτρικη ενεργεια θα μπορουσε να ρεει απο την αιγυπτο στην ελλαδα,1
Ευάγγελος Μυτιληναίος: Απαραίτητη η αλλαγή στην κλιματική πολιτική της Ευρώπης https://t.co/XOEmUTyyak,ευαγγελοσ μυτιληναιοσ απαραιτητη η αλλαγη στην κλιματικη πολιτικη τησ ευρωπησ,1
Κλιματική αλλαγή: Τι προκάλεσε τον πρωτοχρονιάτικο «καύσωνα» στην Ευρώπη https://t.co/A569CI1YL5,κλιματικη αλλαγη τι προκαλεσε τον πρωτοχρονιατικο καυσωνα στην ευρωπη,1
Έρευνα Bosch Tech Compass 2023: Τι πιστεύουν οι περισσότεροι για την τεχνολογία κόντρα στην κλιματική αλλαγή (pics) https://t.co/KvrdhvuQj1,ερευνα bosch tech compass τι πιστευουν οι περισσοτεροι για την τεχνολογια κοντρα στην κλιματικη αλλαγη pics,1
NZ Herald: Το ελληνικό νησί που είναι στις κορυφαίες τάσεις του κόσμου για βιώσιμο ταξίδι το 2023 https://t.co/yHN07AVEzY,nz herald το ελληνικο νησι που ειναι στισ κορυφαιεσ τασεισ του κοσμου για βιωσιμο ταξιδι το,1
"Νταβός: Στο επίκεντρο η κλιματική αλλαγή, αργοί οι ρυθμοί απομάκρυνσης από τον άνθρακα https://t.co/Uf255Hb5V2",νταβοσ στο επικεντρο η κλιματικη αλλαγη αργοι οι ρυθμοι απομακρυνσησ απο τον ανθρακα,1
Κλιματική αλλαγή: Ποιες οι επιπτώσεις της σε ορισμένες καλλιέργειες https://t.co/uyc34MIG3w,κλιματικη αλλαγη ποιεσ οι επιπτωσεισ τησ σε ορισμενεσ καλλιεργειεσ,1
Παγκόσμια πρώτη για τη Mytilineos: Τα οικονομικά αποτελέσματα 2022 θα παρουσιαστούν σε περιβάλλον Metaverse https://t.co/gIHS0qVz5Y,παγκοσμια πρωτη για τη mytilineos τα οικονομικα αποτελεσματα θα παρουσιαστουν σε περιβαλλον metaverse,1
Αγροτικές Ειδήσεις: Τεχνητή Νοημοσύνη για τη γεωργία: Πώς οι Ινδοί αγρότες αξιοποιούν τις αναδυόμενες τεχνολογίες για τη βιώσιμη αύξηση της παραγωγικότητας https://t.co/AD85BU4GQ3,αγροτικεσ ειδησεισ τεχνητη νοημοσυνη για τη γεωργια πωσ οι ινδοι αγροτεσ αξιοποιουν τισ αναδυομενεσ τεχνολογιεσ για τη βιωσιμη αυξηση τησ παραγωγικοτητασ,1
Eurometaux: Καλεί την ΕΕ να στηρίξει τη βιομηχανία μετάλλων με πακέτο για την πράσινη ενέργεια https://t.co/WwVf8K5MIo,eurometaux καλει την εε να στηριξει τη βιομηχανια μεταλλων με πακετο για την πρασινη ενεργεια,1
Κρόκος Κοζάνης: Η κλιματική αλλαγή «χτύπησε» ένα από τα πιο διάσημα ελληνικά αγροτικά προϊόντα (pics) https://t.co/PocJ1ceJqw,κροκοσ κοζανησ η κλιματικη αλλαγη χτυπησε ενα απο τα πιο διασημα ελληνικα αγροτικα προϊοντα pics,1
Αγροτικές Ειδήσεις: Θεσσαλονίκη: Η κλιματική κρίση απειλεί την ελιά Χαλκιδικής https://t.co/PoNZ2WYZ1V,αγροτικεσ ειδησεισ θεσσαλονικη η κλιματικη κριση απειλει την ελια χαλκιδικησ,1
Μπάιντεν και Λούλα δεσμεύθηκαν να προστατεύσουν τη δημοκρατία και να αντιμετωπίσουν την κλιματική αλλαγή https://t.co/qCmwI1huY6,μπαιντεν και λουλα δεσμευθηκαν να προστατευσουν τη δημοκρατια και να αντιμετωπισουν την κλιματικη αλλαγη,1
Κλιματική αλλαγή: Αυξάνονται αντί να μειώνονται τα πλαστικά μιας χρήσης https://t.co/WDvlgqNhmP,κλιματικη αλλαγη αυξανονται αντι να μειωνονται τα πλαστικα μιασ χρησησ,1
"Βιομηχανία αναθέσεων, ψέματα και υπεκφυγές για τις ανανεώσιμες πηγές ενέργειας  Σε πλήρη σύγχυση ο δήμαρχος Κιλελέρ https://t.co/NCmNp6BcU6",βιομηχανια αναθεσεων ψεματα και υπεκφυγεσ για τισ ανανεωσιμεσ πηγεσ ενεργειασ σε πληρη συγχυση ο δημαρχοσ κιλελερ,1
Γ. Στουρνάρας: Η κλιματική αλλαγή ίσως η σημαντικότερη απειλή για τη βιωσιμότητα των κοινωνιών https://t.co/G4HsU5qhnA,γ στουρναρασ η κλιματικη αλλαγη ισωσ η σημαντικοτερη απειλη για τη βιωσιμοτητα των κοινωνιων,1
Αγροτικές Ειδήσεις: Σε κίνδυνο το σαφράν: Δεν αποδίδει η καλλιέργεια - Πίεση και από την κλιματική αλλαγή https://t.co/E9Zt82u8Kb,αγροτικεσ ειδησεισ σε κινδυνο το σαφραν δεν αποδιδει η καλλιεργεια πιεση και απο την κλιματικη αλλαγη,1
Δραματική έκκληση ΟΗΕ: Η κλιματική κρίση φέρνει βιβλικό καταποντισμό https://t.co/WWJn3gYUFh,δραματικη εκκληση οηε η κλιματικη κριση φερνει βιβλικο καταποντισμο,1
"RT @LaFolia20: Είναι λάθος να ρίχνουμε το βάρος της συζήτησης στον αν και στο πόσο ευεργητική είναι η βιγκαν διατροφή για την υγεία, την ομ…",rt lafolia ειναι λαθοσ να ριχνουμε το βαροσ τησ συζητησησ στον αν και στο ποσο ευεργητικη ειναι η βιγκαν διατροφη για την υγεια την ομ,1
Κλιματική κρίση: Ποια φαινόμενα απειλούν την Ελλάδα - Ποιες περιοχές κινδυνεύουν https://t.co/5Ku0RvP2oN,κλιματικη κριση ποια φαινομενα απειλουν την ελλαδα ποιεσ περιοχεσ κινδυνευουν,1
Ζαχαράκη: Ο βιώσιμος τουρισμός και ο τοπικός χαρακτήρας στο επίκεντρο της ανάπτυξης https://t.co/MzimXi70Mk,ζαχαρακη ο βιωσιμοσ τουρισμοσ και ο τοπικοσ χαρακτηρασ στο επικεντρο τησ αναπτυξησ,1
Αγροτικές Ειδήσεις: Η γεωργία και πώς συμβάλλει στην κλιματική αλλαγή https://t.co/syKbz2RhgH,αγροτικεσ ειδησεισ η γεωργια και πωσ συμβαλλει στην κλιματικη αλλαγη,1
Κλιματική αλλαγή: Ποιες χώρες είναι οι πιο ευάλωτες https://t.co/SNZIRPQidz,κλιματικη αλλαγη ποιεσ χωρεσ ειναι οι πιο ευαλωτεσ,1
"Άδ. Γεωργιάδης: Όσο αυξάνεται στο ενεργειακό μείγμα η πράσινη ενέργεια, η βιομηχανία μας θα γίνεται πιο ανταγωνιστική https://t.co/nmRpRHj2dm",αδ γεωργιαδησ οσο αυξανεται στο ενεργειακο μειγμα η πρασινη ενεργεια η βιομηχανια μασ θα γινεται πιο ανταγωνιστικη,1
"Γεωργιάδης: Όλο και πιο ανταγωνιστική η βιομηχανία μας, όσο αυξάνεται η πράσινη ενέργεια στο ενεργειακό μίγμα https://t.co/aJWr83fH7C",γεωργιαδησ ολο και πιο ανταγωνιστικη η βιομηχανια μασ οσο αυξανεται η πρασινη ενεργεια στο ενεργειακο μιγμα,1
Eπίτροπος της ΕΕ για το Περιβάλλον: «Ιστορική στιγμή» η συμφωνία για την προστασία των ωκεανών https://t.co/VyHbvjspJc,eπιτροποσ τησ εε για το περιβαλλον ιστορικη στιγμη η συμφωνια για την προστασια των ωκεανων,1
Αγροτικές Ειδήσεις: ΕΑΣΗ: Κινητοποιούνται κατά του Fund για να βρεθεί βιώσιμη λύση για την περιουσία της https://t.co/svOzaJkFCK,αγροτικεσ ειδησεισ εαση κινητοποιουνται κατα του fund για να βρεθει βιωσιμη λυση για την περιουσια τησ,1
Κλιματική κρίση: Βροχοπτώσεις τέλος - Αντιμέτωπη με τη λειψυδρία φέτος η Ευρώπη https://t.co/ceeGrUiDfx,κλιματικη κριση βροχοπτωσεισ τελοσ αντιμετωπη με τη λειψυδρια φετοσ η ευρωπη,1
OHE: Γιατί η κλιματική αλλαγή αποτελεί τη μεγαλύτερη απειλή για την ανθρωπότητα (πίνακας) https://t.co/S5rXOmTFWt,ohe γιατι η κλιματικη αλλαγη αποτελει τη μεγαλυτερη απειλη για την ανθρωποτητα πινακασ,1
Meliá Hotels International: Ο πιο βιώσιμος ξενοδοχειακός όμιλος παγκοσμίως για το 2022 από την S&amp;P Global (pics) https://t.co/vzs2nrt8Ud,meliá hotels international ο πιο βιωσιμοσ ξενοδοχειακοσ ομιλοσ παγκοσμιωσ για το απο την sampp global pics,1
Αυτή η χώρα κάνει στροφή στην πράσινη ενέργεια - Πόσα θα δώσει για τη μείωση στις εκπομπές άνθρακα https://t.co/kLWm77lUME,αυτη η χωρα κανει στροφη στην πρασινη ενεργεια ποσα θα δωσει για τη μειωση στισ εκπομπεσ ανθρακα,1
Το σκληρό καταναλωτικό περιβάλλον έφερε μειωμένες πωλήσεις για την Deliveroo το 2022 https://t.co/ynuAG5CynC,το σκληρο καταναλωτικο περιβαλλον εφερε μειωμενεσ πωλησεισ για την deliveroo το,1
Γερμανία: Πόσα δισ. ευρώ μπορεί να της κοστίσει η κλιματική αλλαγή https://t.co/OqDsOmAYdz,γερμανια ποσα δισ ευρω μπορει να τησ κοστισει η κλιματικη αλλαγη,1
Goldman Sachs: Πόσα τρισ. δολ. θα κοστίσει η νομοθεσία για πράσινη ενέργεια στον Μπάιντεν https://t.co/NTQapzZBZP,goldman sachs ποσα τρισ δολ θα κοστισει η νομοθεσια για πρασινη ενεργεια στον μπαιντεν,1
ΕΕ: 11 χώρες ασκούν πίεση για να μην περιληφθεί η πυρηνική ενέργεια στους στόχους για τις ανανεώσιμες πηγές ενέργειας #capitalgr https://t.co/53wllE5wTP,εε χωρεσ ασκουν πιεση για να μην περιληφθει η πυρηνικη ενεργεια στουσ στοχουσ για τισ ανανεωσιμεσ πηγεσ ενεργειασ capitalgr,1
"Συμφωνία στην EE: Από ανανεώσιμες πηγές το 42,5% της ενέργειας μέχρι το 2030 (tweets) (upd) https://t.co/7DA00RqX3p",συμφωνια στην ee απο ανανεωσιμεσ πηγεσ το τησ ενεργειασ μεχρι το tweets upd,1
ΕΕ: Συμφωνία για την επίτευξη πιο φιλόδοξων στόχων για τις ανανεώσιμες πηγές ενέργειας μέχρι το 2030 #capitalgr https://t.co/RCdBIQtcJa,εε συμφωνια για την επιτευξη πιο φιλοδοξων στοχων για τισ ανανεωσιμεσ πηγεσ ενεργειασ μεχρι το capitalgr,1
Συμφωνία στην ΕΕ: Διπλασιάζεται ο στόχος για κατανάλωση ενέργειας από ανανεώσιμες πηγές έως το 20230 (tweets) https://t.co/6CYGSx5xJ9,συμφωνια στην εε διπλασιαζεται ο στοχοσ για καταναλωση ενεργειασ απο ανανεωσιμεσ πηγεσ εωσ το tweets,1
Η κλιματική αλλαγή το μεγαλύτερο πρόβλημα του πλανήτη για τα επόμενα 20 χρόνια https://t.co/9rbnB6sUbV,η κλιματικη αλλαγη το μεγαλυτερο προβλημα του πλανητη για τα επομενα χρονια,1
Ανανεώσιμες πηγές ενέργειας: Ποιες περιοχές θα ευνοηθούν με μείωση στους λογαριασμούς για τους καταναλωτές | Ειδήσεις για την Οικονομία | newmoney https://t.co/T9L4LMbqcA,ανανεωσιμεσ πηγεσ ενεργειασ ποιεσ περιοχεσ θα ευνοηθουν με μειωση στουσ λογαριασμουσ για τουσ καταναλωτεσ ειδησεισ για την οικονομια newmoney,1
ΕΤΕ: Ώθηση στις εξαγωγές από το παραδοσιακό ελαιόλαδο και «πράσινη» τεχνολογία (γράφημα) | Ειδήσεις για την Οικονομία | newmoney https://t.co/xQxv7QMFv2,ετε ωθηση στισ εξαγωγεσ απο το παραδοσιακο ελαιολαδο και πρασινη τεχνολογια γραφημα ειδησεισ για την οικονομια newmoney,1
Κλιματική αλλαγή: Κινδυνεύουν (και) οι πολικές αρκούδες | Ειδήσεις για την Οικονομία | newmoney https://t.co/nNCFWxtTLL,κλιματικη αλλαγη κινδυνευουν και οι πολικεσ αρκουδεσ ειδησεισ για την οικονομια newmoney,1
Γερμανία: Ετοιμάζει ταμείο €2 δισ. με σκοπό να εξασφαλίσει πρώτες ύλες για την πράσινη μετάβαση | Ειδήσεις για την Οικονομία | newmoney https://t.co/KshIfvkT1E,γερμανια ετοιμαζει ταμειο δισ με σκοπο να εξασφαλισει πρωτεσ υλεσ για την πρασινη μεταβαση ειδησεισ για την οικονομια newmoney,1
Κλιματική αλλαγή: «Red alert» για την υπερθέρμανση των ωκεανών και το λιώσιμο των πάγων (pics) | Ειδήσεις για την Οικονομία | newmoney https://t.co/tD7475Tk7h,κλιματικη αλλαγη red alert για την υπερθερμανση των ωκεανων και το λιωσιμο των παγων pics ειδησεισ για την οικονομια newmoney,1
Κομισιόν: Μείωση χρέους και ελλειμμάτων και επενδύσεις στην πράσινη και ψηφιακή μετάβαση | Ειδήσεις για την Οικονομία | newmoney https://t.co/TyR36jCoH5,κομισιον μειωση χρεουσ και ελλειμματων και επενδυσεισ στην πρασινη και ψηφιακη μεταβαση ειδησεισ για την οικονομια newmoney,1
'Sell in May and go away' ή… buy; Τι βλέπουν οι αναλυτές για τις αγορές και πόσο βιώσιμο είναι το πρόσφατο ράλι #capitalgr https://t.co/ALkgQmNKPB,sell in may and go away η buy τι βλεπουν οι αναλυτεσ για τισ αγορεσ και ποσο βιωσιμο ειναι το προσφατο ραλι capitalgr,1
Η κλιματική αλλαγή πήγε Ισπανία: Μετά την ξηρασία και τον καύσωνα… χιόνισε | Ειδήσεις για την Οικονομία | newmoney https://t.co/wPImHtiwXZ,η κλιματικη αλλαγη πηγε ισπανια μετα την ξηρασια και τον καυσωνα χιονισε ειδησεισ για την οικονομια newmoney,1
H KPMG στηρίζει το περιβάλλον: φυτεύει 2.000 δέντρα με τη βοήθεια της WE4ALL | Ειδήσεις για την Οικονομία | newmoney https://t.co/Op4wm0NS6T,h kpmg στηριζει το περιβαλλον φυτευει δεντρα με τη βοηθεια τησ weall ειδησεισ για την οικονομια newmoney,1
Κλιματική κρίση: Κατά πόσο η ξηρασία θα μετατρέψει το ελαιόλαδο σε είδος πολυτελείας | Ειδήσεις για την Οικονομία | newmoney https://t.co/e6QUOjfKq6,κλιματικη κριση κατα ποσο η ξηρασια θα μετατρεψει το ελαιολαδο σε ειδοσ πολυτελειασ ειδησεισ για την οικονομια newmoney,1
"Δέκα χρόνια αργότερα, η πλατφόρμα έχει εδραιώσει τη φήμη ενός παγκοσμίου φήμης ερευνητικού κόμβου κορυφαίας έρευνας αιχμής που επικεντρώνεται στη διατήρηση και τη βιώσιμη χρήση της αγροβιοποικιλότητας της ξηράς, συμπεριλαμβανομένης…https://t.co/6uJXrXsyrJ https://t.co/b3sLlR22JR",δεκα χρονια αργοτερα η πλατφορμα εχει εδραιωσει τη φημη ενοσ παγκοσμιου φημησ ερευνητικου κομβου κορυφαιασ ερευνασ αιχμησ που επικεντρωνεται στη διατηρηση και τη βιωσιμη χρηση τησ αγροβιοποικιλοτητασ τησ ξηρασ συμπεριλαμβανομενησ,1
"Η κλιματική αλλαγή, ο αυξανόμενος πληθυσμός, τα έντονα καιρικά φαινόμενα και οι συγκρούσεις μπορούν να επηρεάσουν σημαντικά τη γεωργική παραγωγικότητα, αποσταθεροποιώντας τις αγορές.
#climatechange  #foodandbeverageindustry #foodcrisis https://t.co/CskdDdskN1",η κλιματικη αλλαγη ο αυξανομενοσ πληθυσμοσ τα εντονα καιρικα φαινομενα και οι συγκρουσεισ μπορουν να επηρεασουν σημαντικα τη γεωργικη παραγωγικοτητα αποσταθεροποιωντασ τισ αγορεσ climatechange foodandbeverageindustry foodcrisis,1
"Με την κλιματική κρίση να δείχνει ήδη τα «δόντια» της στη Μεσόγειο, με χαρακτηριστικότερο παράδειγμα την Ισπανία, η οποία ταλαιπωρείται από μια άνευ προηγουμένου ξηρασία, η ευρωπαϊκή παραγωγή ελαιολάδου κινδυνεύει να «γκρεμιστεί».…https://t.co/P2epL3Y0hi https://t.co/fPKRz2au46",με την κλιματικη κριση να δειχνει ηδη τα δοντια τησ στη μεσογειο με χαρακτηριστικοτερο παραδειγμα την ισπανια η οποια ταλαιπωρειται απο μια ανευ προηγουμενου ξηρασια η ευρωπαϊκη παραγωγη ελαιολαδου κινδυνευει να γκρεμιστει,1
"Έτσι θα παράγεται το φαγητό του μέλλοντος
Το κόστος των τροφίμων τα επόμενα 20 χρόνια θα συνεχίσει να αυξάνει, ενώ η κλιματική αλλαγή αλλά και ο υπερπληθυσμός θα έχει ως αποτέλεσμα να υπάρχει ολοένα και λιγότερη διαθεσιμότητα τροφί…https://t.co/2pnFVmCsIC https://t.co/fS8EaFsvWN",ετσι θα παραγεται το φαγητο του μελλοντοσ το κοστοσ των τροφιμων τα επομενα χρονια θα συνεχισει να αυξανει ενω η κλιματικη αλλαγη αλλα και ο υπερπληθυσμοσ θα εχει ωσ αποτελεσμα να υπαρχει ολοενα και λιγοτερη διαθεσιμοτητα τροφι,1
"Η υπεραλίευση όχι μόνο αποτελεί μία από τις μεγαλύτερες απειλές για το θαλάσσιο περιβάλλον, αλλά βλάπτει και τους βιοτικούς πόρους των παράκτιων κοινοτήτων της ΕΕ.
#fisheries #europe https://t.co/6loOhMs7P2",η υπεραλιευση οχι μονο αποτελει μια απο τισ μεγαλυτερεσ απειλεσ για το θαλασσιο περιβαλλον αλλα βλαπτει και τουσ βιοτικουσ πορουσ των παρακτιων κοινοτητων τησ εε fisheries europe,1
Διαγωνισμός για νέους επιχειρηματίες: Πόσο βιώσιμη είναι η επιχειρηματική ιδέα σου | Ειδήσεις για την Οικονομία | newmoney https://t.co/PFitRSPqxj,διαγωνισμοσ για νεουσ επιχειρηματιεσ ποσο βιωσιμη ειναι η επιχειρηματικη ιδεα σου ειδησεισ για την οικονομια newmoney,1
"Η πρόταση κανονισμού για τη βιώσιμη χρήση φυτοπροστατευτικών προϊόντων- ένα από τα θέματα που προκαλούν μεγάλη ανησυχία στους παραγωγούς πυρηνόκαρπων της ΕΕ
#appletree #apples #fruitsandvegetables #fruit https://t.co/sBaJrKqCTS",η προταση κανονισμου για τη βιωσιμη χρηση φυτοπροστατευτικων προϊοντων ενα απο τα θεματα που προκαλουν μεγαλη ανησυχια στουσ παραγωγουσ πυρηνοκαρπων τησ εε appletree apples fruitsandvegetables fruit,1
"Συνεχίζουμε τη μεγάλη προσπάθεια για καλύτερο περιβάλλον με στόχο την παραγωγή και κατανάλωση ηλεκτρικής ενέργειας κατά 80% από ΑΠΕ.

- Η ανανεώσιμη παραγωγή κορυφώθηκε στις 6/5, όταν στη 1 το μεσημέρι άγγιξε τις 6.055 MWh.
2/4",συνεχιζουμε τη μεγαλη προσπαθεια για καλυτερο περιβαλλον με στοχο την παραγωγη και καταναλωση ηλεκτρικησ ενεργειασ κατα απο απε η ανανεωσιμη παραγωγη κορυφωθηκε στισ οταν στη το μεσημερι αγγιξε τισ mwh,1
"Πράσινη η μισή ηλεκτρική ενέργεια! Τον Μάιο το 54% της ηλεκτρικής ενέργειας που καταναλώσαμε προήλθε από ήλιο, αέρα και νερό. Η Ελλάδα είναι πλέον η 7η χώρα στον κόσμο στην αξιοποίηση Ανανεώσιμων Πηγών Ενέργειας στο ενεργειακό της μίγμα. 1/4 https://t.co/UVwRjcU8ZJ",πρασινη η μιση ηλεκτρικη ενεργεια τον μαιο το τησ ηλεκτρικησ ενεργειασ που καταναλωσαμε προηλθε απο ηλιο αερα και νερο η ελλαδα ειναι πλεον η η χωρα στον κοσμο στην αξιοποιηση ανανεωσιμων πηγων ενεργειασ στο ενεργειακο τησ μιγμα,1
ΕΕ για το κλίμα: Σε κίνδυνο η Πράσινη Συμφωνία λόγω «πολιτιστικών πολέμων» | Ειδήσεις για την Οικονομία | newmoney https://t.co/PUlBIkPaPS,εε για το κλιμα σε κινδυνο η πρασινη συμφωνια λογω πολιτιστικων πολεμων ειδησεισ για την οικονομια newmoney,1
Μακρόν: Ζητά «χρηματοδοτικό σοκ» για φτώχεια και κλιματική αλλαγή | Ειδήσεις για την Οικονομία | newmoney https://t.co/KMiV5UZYWo,μακρον ζητα χρηματοδοτικο σοκ για φτωχεια και κλιματικη αλλαγη ειδησεισ για την οικονομια newmoney,1
