text,text_processed,topic
Η κλιματική αλλαγή θα αυξήσει τα επόμενα χρόνια τις δασικές πυρκαγιές παγκοσμίως - mononews #mononewsGR https://t.co/Z7xEXfKMCT,η κλιματικη αλλαγη θα αυξησει τα επομενα χρονια τισ δασικεσ πυρκαγιεσ παγκοσμιωσ mononews mononewsgr,2
"Τέσσερις αντιπροτάσεις #Ερσίν_Τατάρ στα ΜΟΕ #Αναστασιάδη: Υδρογονάνθρακες, υδάτινοι πόροι, ηλεκτρική και πράσινη ενέργεια https://t.co/2ldqyyVBaK via @politis_news #Κύπρος #Κυπριακό",τεσσερισ αντιπροτασεισ ερσιν_ταταρ στα μοε αναστασιαδη υδρογονανθρακεσ υδατινοι ποροι ηλεκτρικη και πρασινη ενεργεια via politis_news κυπροσ κυπριακο,2
Στη Φινλανδία η πρώτη στον κόσμο μπαταρία από άμμο που αποθηκεύει «πράσινη» ενέργεια - https://t.co/3v0HtATSpN https://t.co/SPC8Y0yjyv,στη φινλανδια η πρωτη στον κοσμο μπαταρια απο αμμο που αποθηκευει πρασινη ενεργεια,2
Φινλανδία: Μπαταρία άμμου αποθηκεύει πράσινη ενέργεια για μήνες – Πιθανή λύση στην ενεργειακή κρίση https://t.co/83KFxfWXgh,φινλανδια μπαταρια αμμου αποθηκευει πρασινη ενεργεια για μηνεσ πιθανη λυση στην ενεργειακη κριση,2
"Ερευνητές εγκατέστησαν στη δυτική Φινλανδία την πρώτη στον κόσμο πλήρως λειτουργική μπαταρία άμμου, η οποία μπορεί να αποθηκεύσει «πράσινη» ενέργεια για μήνες

https://t.co/zIW743m75J",ερευνητεσ εγκατεστησαν στη δυτικη φινλανδια την πρωτη στον κοσμο πληρωσ λειτουργικη μπαταρια αμμου η οποια μπορει να αποθηκευσει πρασινη ενεργεια για μηνεσ,2
Φινλανδία: Μπαταρία άμμου αποθηκεύει πράσινη ενέργεια για μήνες – Πιθανή λύση στην ενεργειακή κρίση ... https://t.co/uULSY3xvy8,φινλανδια μπαταρια αμμου αποθηκευει πρασινη ενεργεια για μηνεσ πιθανη λυση στην ενεργειακη κριση,2
"Μη βιώσιμο πλέον το all-inclusive για τον τουρισμό στην Τουρκία

https://t.co/eZYW1lL0M1

#Τουρκια  #allinclusive #τουρισμός #τουρίστες #ξενοδοχεία #οικονομία #πληθωρισμός #businessnews #biznews #biznewsgr",μη βιωσιμο πλεον το allinclusive για τον τουρισμο στην τουρκια τουρκια allinclusive τουρισμοσ τουριστεσ ξενοδοχεια οικονομια πληθωρισμοσ businessnews biznews biznewsgr,2
Το Public Group αναλαμβάνει δράση για έναν βιώσιμο πλανήτη με το πρόγραμμα Love Earth - mononews #mononewsGR https://t.co/fziVGCKmMw,το public group αναλαμβανει δραση για εναν βιωσιμο πλανητη με το προγραμμα love eah mononews mononewsgr,2
"Πως βλέπουν οι μεγάλοι επιχειρηματικοί όμιλοι τις αυτονόητες υποχρεώσεις τους για το περιβάλλον, την πολιτική διαφάνειας, την υπεύθυνη διακυβέρνηση; 

https://t.co/NxFUi0kBrw",πωσ βλεπουν οι μεγαλοι επιχειρηματικοι ομιλοι τισ αυτονοητεσ υποχρεωσεισ τουσ για το περιβαλλον την πολιτικη διαφανειασ την υπευθυνη διακυβερνηση,2
"Διχάζει απόφαση του Ευρωκοινοβουλίου για ""πράσινη"" ετικέτα στην πυρηνική ενέργεια - LarissaPress https://t.co/hOxPeoWW32",διχαζει αποφαση του ευρωκοινοβουλιου για πρασινη ετικετα στην πυρηνικη ενεργεια larissapress,2
Β.Πούτιν για Δυτική υποκρισία-“Μιλάνε για πράσινη ενέργεια αλλά καίνε περισσότερο άνθρακα”https://t.co/vHI1nfTOMV,βπουτιν για δυτικη υποκρισιαμιλανε για πρασινη ενεργεια αλλα καινε περισσοτερο ανθρακα,2
"Γεωργιάδης: Εάν η Ελλάδα εισέλθει μετά τις εκλογές σε πολιτική περιπέτεια, θα βλάψει το επενδυτικό περιβάλλον https://t.co/g5ryl5ZETV",γεωργιαδησ εαν η ελλαδα εισελθει μετα τισ εκλογεσ σε πολιτικη περιπετεια θα βλαψει το επενδυτικο περιβαλλον,2
"Όμιλος ΟΤΕ: Δέσμευση για έναν πιο βιώσιμο κόσμο, καλύτερο για όλους https://t.co/0tW6BKAIsJ #greece #Πολεμος_στην_Ουκρανια #πανδημια #πολιτικη #survivorGR",ομιλοσ οτε δεσμευση για εναν πιο βιωσιμο κοσμο καλυτερο για ολουσ greece πολεμοσ_στην_ουκρανια πανδημια πολιτικη survivorgr,2
"Όμιλος ΟΤΕ: Δέσμευση για έναν πιο βιώσιμο κόσμο, καλύτερο για όλους - mononews #mononewsGR https://t.co/0RT09WbAo1",ομιλοσ οτε δεσμευση για εναν πιο βιωσιμο κοσμο καλυτερο για ολουσ mononews mononewsgr,2
TITAN: Νέο βιώσιμο σκυρόδεμα- Το ANTAEUS είναι 100% ανακυκλώσιμο δομικό υλικό - mononews #mononewsGR https://t.co/jIeQW3uofQ,titan νεο βιωσιμο σκυροδεμα το antaeus ειναι ανακυκλωσιμο δομικο υλικο mononews mononewsgr,2
Ίδρυμα Αντενάουερ: H Aστυπάλαια σημαντικό παράδειγμα για καινοτομία και πράσινη ενέργεια https://t.co/lr4XfgDkAN #businessnewsgr,ιδρυμα αντεναουερ h aστυπαλαια σημαντικο παραδειγμα για καινοτομια και πρασινη ενεργεια businessnewsgr,2
Ίδρυμα Αντενάουερ: H Aστυπάλαια σημαντικό παράδειγμα των προσπαθειών για καινοτομία και πράσινη ενέργεια #Δημοκρατική #Ρόδος #Δωδεκάνησα https://t.co/iYRJ4HLnr5,ιδρυμα αντεναουερ h aστυπαλαια σημαντικο παραδειγμα των προσπαθειων για καινοτομια και πρασινη ενεργεια δημοκρατικη ροδοσ δωδεκανησα,2
"Δεν αρκούν ημίμετρα και προσαρμογές, αλλά μία καλά σχεδιασμένη αλυσίδα αλλαγών, που θα επιταχύνουν τη μετάβαση σε ένα βιώσιμο πρότυπο ανάπτυξης...

https://t.co/Yml8L5dUJe",δεν αρκουν ημιμετρα και προσαρμογεσ αλλα μια καλα σχεδιασμενη αλυσιδα αλλαγων που θα επιταχυνουν τη μεταβαση σε ενα βιωσιμο προτυπο αναπτυξησ,2
"Ο πλανήτης μας, μπορεί να είναι βιώσιμος για εμάς, όσο δεν καταστρέφουμε τις ποικιλόμορφες δομές των έμβιων οργανισμών που τον συναποτελούν, ή με άλλα λόγια… όσο δεν καταστρέφουμε τη βιοποικιλότητα του.

https://t.co/at7oexM5Wd",ο πλανητησ μασ μπορει να ειναι βιωσιμοσ για εμασ οσο δεν καταστρεφουμε τισ ποικιλομορφεσ δομεσ των εμβιων οργανισμων που τον συναποτελουν η με αλλα λογια οσο δεν καταστρεφουμε τη βιοποικιλοτητα του,2
"Σε χθεσινή του ανάρτηση στο Twitter ο Αρχιεπίσκοπος Αμερικής εξέφρασε την ανησυχία του για την κλιματική κρίση, με αφορμή τις ασυνήθιστα υψηλές θερμοκρασίες και τις πυρκαγιές που μένονται αυτή τη στιγμή σε πολλές ευρωπαϊκές χώρες via @OrthodoxtimesGr https://t.co/agsEOUgPfk",σε χθεσινη του αναρτηση στο twitter ο αρχιεπισκοποσ αμερικησ εξεφρασε την ανησυχια του για την κλιματικη κριση με αφορμη τισ ασυνηθιστα υψηλεσ θερμοκρασιεσ και τισ πυρκαγιεσ που μενονται αυτη τη στιγμη σε πολλεσ ευρωπαϊκεσ χωρεσ via ohodoxtimesgr,2
"Τα στοιχεία για τους καύσωνες, τις πυρκαγιές και τις πλημμύρες είναι πλέον τόσο συντριπτικά που δεν αφήνουν κανένα περιθώριο αμφιβολίας σχετικά με την κλιματική κρίση. Οι πυρκαγιές στην Ελλάδα, όπως και οι πυρκαγιές σε Ισπανία, Γαλλία και Πορτογαλία

https://t.co/sSuHrRETYP",τα στοιχεια για τουσ καυσωνεσ τισ πυρκαγιεσ και τισ πλημμυρεσ ειναι πλεον τοσο συντριπτικα που δεν αφηνουν κανενα περιθωριο αμφιβολιασ σχετικα με την κλιματικη κριση οι πυρκαγιεσ στην ελλαδα οπωσ και οι πυρκαγιεσ σε ισπανια γαλλια και πορτογαλια,2
"Σε πολιτική και οικονομική αυτοκτονία οδηγούν την Ευρώπη οι κυρώσεις κατά Ρωσίας, η πράσινη ενέργεια και τα μέτρα για covid https://t.co/So6s5z0O9U",σε πολιτικη και οικονομικη αυτοκτονια οδηγουν την ευρωπη οι κυρωσεισ κατα ρωσιασ η πρασινη ενεργεια και τα μετρα για covid,2
"Σε πολιτική και οικονομική αυτοκτονία οδηγούν την Ευρώπη οι κυρώσεις κατά Ρωσίας, η πράσινη ενέργεια και τα μέτρα για covid https://t.co/s36AXRhTa7",σε πολιτικη και οικονομικη αυτοκτονια οδηγουν την ευρωπη οι κυρωσεισ κατα ρωσιασ η πρασινη ενεργεια και τα μετρα για covid,2
"RT @GiorgosKyrtsos: Η Ελλάδα φλέγεται και ο Μητσοτάκης που είχε τις «λύσεις» απλά χαμογελάει..
Επί Τσίπρα απέδιδε τις καταστροφές στα λάθη…", giorgoskysos η ελλαδα φλεγεται και ο μητσοτακησ που ειχε τισ λυσεισ απλα χαμογελαει επι τσιπρα απεδιδε τισ καταστροφεσ στα λαθη,2
"Σε πολιτική και οικονομική αυτοκτονία οδηγούν την Ευρώπη οι κυρώσεις κατά Ρωσίας, η πράσινη ενέργεια και τα μέτρα για covid https://t.co/KSCKj2Zwf6",σε πολιτικη και οικονομικη αυτοκτονια οδηγουν την ευρωπη οι κυρωσεισ κατα ρωσιασ η πρασινη ενεργεια και τα μετρα για covid,2
"Ποσειδώνια: Κορυφαία επιτεύγματα σε Κοινωνία, Οικονομία, Υγεία &amp; Περιβάλλον - mononews #mononewsGR https://t.co/7WBQmeIEqW",ποσειδωνια κορυφαια επιτευγματα σε κοινωνια οικονομια υγεια amp περιβαλλον mononews mononewsgr,2
Πράσινη ενέργεια στο γηροκομείο των ιδρυμάτων Καλοκαιρινού https://t.co/WWTDVi9D1y,πρασινη ενεργεια στο γηροκομειο των ιδρυματων καλοκαιρινου,2
Tα 12 σημεία-παραλίες στην Αττική που απαγορεύεται το κολύμπι https://t.co/HB9lweMEat,tα σημειαπαραλιεσ στην αττικη που απαγορευεται το κολυμπι,2
Συνεχίζονται τα μεγάλα deals στην πράσινη ενέργεια https://t.co/RJGu7jjgTi,συνεχιζονται τα μεγαλα deals στην πρασινη ενεργεια,2
RT @u_know_n0th1ng: Να σημειωθεί παρακαλώ πολύ ότι εμείς τα #ψεκια που σας έχουμε ήδη προειδοποιησει για αυτο που συμβαίνει τώρα με τις παρ…, u_know_nthng να σημειωθει παρακαλω πολυ οτι εμεισ τα ψεκια που σασ εχουμε ηδη προειδοποιησει για αυτο που συμβαινει τωρα με τισ παρ,2
Οι νέες μπαταρίες θα μειώσουν σημαντικά το αποτύπωμα άνθρακα στα ηλεκτρικά αυτοκίνητα - https://t.co/y8HB9jvY1F https://t.co/k2XRfWqOfy,οι νεεσ μπαταριεσ θα μειωσουν σημαντικα το αποτυπωμα ανθρακα στα ηλεκτρικα αυτοκινητα,2
"Η Siemens λανσάρει την Building X, μια ανοιχτή σουίτα με AI δυνατότητες για κτήρια με μηδενικό αποτύπωμα άνθρακα https://t.co/eZDFSzliQC",η siemens λανσαρει την building x μια ανοιχτη σουιτα με ai δυνατοτητεσ για κτηρια με μηδενικο αποτυπωμα ανθρακα,2
#ΕΥΔΑΠ: Η κυκλική οικονομία γίνεται πράξη σε 4 άξονες - #mononewsGR https://t.co/Q9VWLw5oSH,ευδαπ η κυκλικη οικονομια γινεται πραξη σε αξονεσ mononewsgr,2
"ΔΗΜΟΣ ΝΕΑΠΟΛΗΣ-ΣΥΚΕΩΝ: Επένδυση 4,5 εκατ. στο περιβάλλον και στην οικονομία - https://t.co/jQyuvoc6gB #ΔήμοςΝεαπολεωςΣυκεων #ΕΝΕΡΓΕΙΑ #επένδυση #οικονομία",δημοσ νεαπολησσυκεων επενδυση εκατ στο περιβαλλον και στην οικονομια δημοσνεαπολεωσσυκεων ενεργεια επενδυση οικονομια,2
"Γκριμάλντι: Διαθέτουμε στόλο σύγχρονο, αποδοτικό και βιώσιμο - Στη Νάπολη το νεότευκτο υβριδικό Eco Adriatica - mononews #mononewsGR https://t.co/S0606Nawju",γκριμαλντι διαθετουμε στολο συγχρονο αποδοτικο και βιωσιμο στη ναπολη το νεοτευκτο υβριδικο eco adriatica mononews mononewsgr,2
"#ΕΥΔΑΠ: Έμφαση στην πράσινη ενέργεια από Βιοαέριο, Υδροηλεκτρικά και Φωτοβολταϊκά - #mononewsGR https://t.co/6K8WZScZEN",ευδαπ εμφαση στην πρασινη ενεργεια απο βιοαεριο υδροηλεκτρικα και φωτοβολταϊκα mononewsgr,2
Περιφέρεια Θεσσαλίας και ΕΚΠΑ μελετούν τις επιπτώσεις του Ιανού στη Λίμνη Πλαστήρα https://t.co/CNL4PetVDj,περιφερεια θεσσαλιασ και εκπα μελετουν τισ επιπτωσεισ του ιανου στη λιμνη πλαστηρα,2
"Ενημερωτικό Δελτίο
• Πολιτισμός • Υγεία  • Τουρισμός • Οικονομία • Ενέργεια • Περιβάλλον • Βραζιλία • Αεροδρόμια • Γαστρονομία •
https://t.co/hE110j0qvw https://t.co/74lYoJBElt",ενημερωτικο δελτιο πολιτισμοσ υγεια τουρισμοσ οικονομια ενεργεια περιβαλλον βραζιλια αεροδρομια γαστρονομια,2
[Κλικ και διαβάστε στο mononews]Stéphane Monier(Lombard Odier):  Πότε ενσωματώνουμε τις τεχνολογικές επενδύσεις σε ένα βιώσιμο χαρτοφυλάκιο https://t.co/THXJ0Jo07h,κλικ και διαβαστε στο mononewsstéphane monierlombard odier ποτε ενσωματωνουμε τισ τεχνολογικεσ επενδυσεισ σε ενα βιωσιμο χαρτοφυλακιο,2
Stéphane Monier (Lombard Odier): Πότε ενσωματώνουμε τις τεχνολογικές επενδύσεις σε ένα βιώσιμο χαρτοφυλάκιο - mononews #mononewsGR https://t.co/fV94jKDBCh,stéphane monier lombard odier ποτε ενσωματωνουμε τισ τεχνολογικεσ επενδυσεισ σε ενα βιωσιμο χαρτοφυλακιο mononews mononewsgr,2
RT @Moneypressgr: 86η ΔΕΘ: Η κυκλική οικονομία στο επίκεντρο του ειδικού αφιερώματος  #moneypress https://t.co/tuRkTMKiwC, moneypressgr η δεθ η κυκλικη οικονομια στο επικεντρο του ειδικου αφιερωματοσ moneypress,2
86η ΔΕΘ: Η κυκλική οικονομία στο επίκεντρο του ειδικού αφιερώματος  #moneypress https://t.co/tuRkTMKiwC,η δεθ η κυκλικη οικονομια στο επικεντρο του ειδικου αφιερωματοσ moneypress,2
"Ενημερωτικό Δελτίο
• Πολιτισμός • Ομογένεια  • Τουρισμός • Οικονομία • Ενέργεια • Περιβάλλον • Έρευνα • Κυκλοφοριακές ρυθμίσεις •
https://t.co/RnV5BLgDDE https://t.co/551zEx9gMT",ενημερωτικο δελτιο πολιτισμοσ ομογενεια τουρισμοσ οικονομια ενεργεια περιβαλλον ερευνα κυκλοφοριακεσ ρυθμισεισ,2
Νέες μπαταρίες στερεάς κατάστασης με μειωμένο αποτύπωμα άνθρακα στα ηλεκτρικά αυτοκίνητα https://t.co/3Yhxs97DOX,νεεσ μπαταριεσ στερεασ καταστασησ με μειωμενο αποτυπωμα ανθρακα στα ηλεκτρικα αυτοκινητα,2
Πράσινη οικονομία και επενδύσεις είναι το μέλλον της Ευρώπης - https://t.co/eiOPQNSsIs https://t.co/mA0ufXozk0  #ΕΕ,πρασινη οικονομια και επενδυσεισ ειναι το μελλον τησ ευρωπησ εε,2
"RT @VMdesignblogg: Μια μπουλντόζα θάβει λεπίδες ανεμογεννητριών, καθώς όταν φθείρονται δεν υπάρχει τρόπος ανακύκλωσης. Πράσινη ενέργεια και…", vmdesignblogg μια μπουλντοζα θαβει λεπιδεσ ανεμογεννητριων καθωσ οταν φθειρονται δεν υπαρχει τροποσ ανακυκλωσησ πρασινη ενεργεια και,2
"RT @VMdesignblogg: Μια μπουλντόζα θάβει λεπίδες ανεμογεννητριών, καθώς όταν φθείρονται δεν υπάρχει τρόπος ανακύκλωσης. Πράσινη ενέργεια και…", vmdesignblogg μια μπουλντοζα θαβει λεπιδεσ ανεμογεννητριων καθωσ οταν φθειρονται δεν υπαρχει τροποσ ανακυκλωσησ πρασινη ενεργεια και,2
"Το μικρό κίτρινο πράγμα είναι μπουλντόζα. Θάβει λεπίδες ανεμόμυλου που χρησιμοποιούνται για πράσινη ενέργεια.
Γιατί; Γιατί είναι φθαρμένα και δεν υπάρχει τρόπος ανακύκλωσης προς το παρόν.
Έτσι λειτουργεί η πράσινη ενέργεια!
Απλά θάψτε τους στο χώμα.. https://t.co/qGQoj8rjpv",το μικρο κιτρινο πραγμα ειναι μπουλντοζα θαβει λεπιδεσ ανεμομυλου που χρησιμοποιουνται για πρασινη ενεργεια γιατι γιατι ειναι φθαρμενα και δεν υπαρχει τροποσ ανακυκλωσησ προσ το παρον ετσι λειτουργει η πρασινη ενεργεια απλα θαψτε τουσ στο χωμα,2
"Στο σημερινό αβέβαιο οικονομικό περιβάλλον, οι επιχειρήσεις θα πρέπει να είναι σε θέση να κινηθούν άμεσα για να εκμεταλλευτούν τις ευκαιρίες πριν από τον ανταγωνισμό.

https://t.co/hSo1V2UQxv https://t.co/k6tkl3c2Gm",στο σημερινο αβεβαιο οικονομικο περιβαλλον οι επιχειρησεισ θα πρεπει να ειναι σε θεση να κινηθουν αμεσα για να εκμεταλλευτουν τισ ευκαιριεσ πριν απο τον ανταγωνισμο,2
"Ποια πράσινη ενέργεια; Ο σώζων εαυτόν σωθήτω...Η Γερμανία έθεσε σε λειτουργία άλλο ένα εργοστάσιο ηλεκτροπαραγωγής με καύση άνθρακα
https://t.co/V1O02oB0DX",ποια πρασινη ενεργεια ο σωζων εαυτον σωθητωη γερμανια εθεσε σε λειτουργια αλλο ενα εργοστασιο ηλεκτροπαραγωγησ με καυση ανθρακα,2
Η κυκλική οικονομία στην 86η ΔΕΘ - https://t.co/eiOPQNSsIs https://t.co/KMEN6XkYpb #86ηΔΕΘ #ΒιώσιμηΑνάπτυξη #ΚαθαρήΕνέργεια #ΚυκλικήΟικονομία,η κυκλικη οικονομια στην η δεθ ηδεθ βιωσιμηαναπτυξη καθαρηενεργεια κυκλικηοικονομια,2
"Ανεμογεννήτριες: πόσο «πράσινη» είναι η ενέργειά τους;, γράφει ο Βαγγέλης Ντάλης https://t.co/kvWNbj9nZ4",ανεμογεννητριεσ ποσο πρασινη ειναι η ενεργεια τουσ γραφει ο βαγγελησ νταλησ,2
Οικονόμου: Βιώσιμο μοντέλο επανεκκίνησης των Ναυπηγείων Ελευσίνας και διασφάλιση των θέσεων εργασίας - mononews #mononewsGR https://t.co/nlHW4R3lYp,οικονομου βιωσιμο μοντελο επανεκκινησησ των ναυπηγειων ελευσινασ και διασφαλιση των θεσεων εργασιασ mononews mononewsgr,2
Μηδενικό αποτύπωμα άνθρακα και οι πολιτικές «βιώσιμων δραστηριοτήτων» ως παράμετροι συρρίκνωσης της ανταγωνιστικότητας - mononews #mononewsGR https://t.co/klL9ZVIhOX,μηδενικο αποτυπωμα ανθρακα και οι πολιτικεσ βιωσιμων δραστηριοτητων ωσ παραμετροι συρρικνωσησ τησ ανταγωνιστικοτητασ mononews mononewsgr,2
Τσίπρας: «Δεν είναι βιώσιμο το να επιδοτεί το κράτος από τα δημόσια έσοδα» - mononews #mononewsGR https://t.co/87wFh79o0T,τσιπρασ δεν ειναι βιωσιμο το να επιδοτει το κρατοσ απο τα δημοσια εσοδα mononews mononewsgr,2
Διαμάντια για ενοικίαση: Η νέα τάση στην κυκλική οικονομία και η προοπτική για την Ελλάδα - mononews #mononewsGR https://t.co/aOSw69sgqC,διαμαντια για ενοικιαση η νεα ταση στην κυκλικη οικονομια και η προοπτικη για την ελλαδα mononews mononewsgr,2
"RT @LykavitosGr: Κατρίνης: «Η Κυκλική Οικονομία δεν αποτελεί επιβάρυνση, αλλά ένα πεδίο επενδύσεων υψηλής προστιθέμενης αξίας»  https://t.c…", lykavitosgr κατρινησ η κυκλικη οικονομια δεν αποτελει επιβαρυνση αλλα ενα πεδιο επενδυσεων υψηλησ προστιθεμενησ αξιασ,2
"RT @LykavitosGr: Κατρίνης: «Η Κυκλική Οικονομία δεν αποτελεί επιβάρυνση, αλλά ένα πεδίο επενδύσεων υψηλής προστιθέμενης αξίας»  https://t.c…", lykavitosgr κατρινησ η κυκλικη οικονομια δεν αποτελει επιβαρυνση αλλα ενα πεδιο επενδυσεων υψηλησ προστιθεμενησ αξιασ,2
Μ. Κατρίνης: «Η Κυκλική Οικονομία δεν αποτελεί επιβάρυνση» - https://t.co/Y5xNKfj77j #εκλογές2022 #Κατρινηςμιχαλης #πολιτική #ΣΥΡΙΖΑ,μ κατρινησ η κυκλικη οικονομια δεν αποτελει επιβαρυνση εκλογεσ κατρινησμιχαλησ πολιτικη συριζα,2
"Μιχάλης Κατρίνης: «Η Κυκλική Οικονομία δεν αποτελεί επιβάρυνση, αλλά ένα πεδίο επενδύσεων υψηλής προστιθέμενης αξίας» https://t.co/qTudoxaEhl",μιχαλησ κατρινησ η κυκλικη οικονομια δεν αποτελει επιβαρυνση αλλα ενα πεδιο επενδυσεων υψηλησ προστιθεμενησ αξιασ,2
"Αειφορία, κυκλική οικονομία και πράσινη ενέργεια οι βασικές επενδυτικές ευκαιρίες του μέλλοντος https://t.co/DDmblRDkXz #businessnewsgr",αειφορια κυκλικη οικονομια και πρασινη ενεργεια οι βασικεσ επενδυτικεσ ευκαιριεσ του μελλοντοσ businessnewsgr,2
"Αειφορία, κυκλική οικονομία και πράσινη ενέργεια οι βασικές επενδυτικές ευκαιρίες https://t.co/CFk4iKyXHf",αειφορια κυκλικη οικονομια και πρασινη ενεργεια οι βασικεσ επενδυτικεσ ευκαιριεσ,2
"#86ηΔΕΘ

Αειφορία, κυκλική οικονομία και πράσινη ενέργεια οι βασικές επενδυτικές ευκαιρίες του μέλλοντος, σύμφωνα με μελέτη 

https://t.co/xm2lU8Vogd

Η #ΔΕΘ2022 στο ΑΠΕ-ΜΠΕ 🔗 https://t.co/chtcB3GZFG

#TIFHelexpo #ΔΕΘ https://t.co/29HzQngvcI",ηδεθ αειφορια κυκλικη οικονομια και πρασινη ενεργεια οι βασικεσ επενδυτικεσ ευκαιριεσ του μελλοντοσ συμφωνα με μελετη η δεθ στο απεμπε tifhelexpo δεθ,2
"Κατρίνης: Η Κυκλική Οικονομία δεν αποτελεί επιβάρυνση, αλλά ένα πεδίο επενδύσεων υψηλής προστιθέμενης αξίας - https://t.co/eiOPQNSsIs https://t.co/CpEF2BTNo3",κατρινησ η κυκλικη οικονομια δεν αποτελει επιβαρυνση αλλα ενα πεδιο επενδυσεων υψηλησ προστιθεμενησ αξιασ,2
ΕΕ: Ο ρόλος του ΤΑΑ για μια πράσινη Οικονομία https://t.co/Ih6vIXnrpB,εε ο ρολοσ του ταα για μια πρασινη οικονομια,2
BlackRock: Έξυπνος καπιταλισμός η «πράσινη ενέργεια» - Επικίνδυνες οι επενδύσεις σε παραγωγούς ορυκτών καυσίμων https://t.co/flRLt161Yt,blackrock εξυπνοσ καπιταλισμοσ η πρασινη ενεργεια επικινδυνεσ οι επενδυσεισ σε παραγωγουσ ορυκτων καυσιμων,2
BlackRock: Έξυπνος καπιταλισμός η «πράσινη ενέργεια» - Επικίνδυνες οι επενδύσεις σε παραγωγούς ορυκτών καυσίμων https://t.co/ibSw7R0Gs4,blackrock εξυπνοσ καπιταλισμοσ η πρασινη ενεργεια επικινδυνεσ οι επενδυσεισ σε παραγωγουσ ορυκτων καυσιμων,2
"Προς μια πράσινη Οικονομία: Ενεργειακή απόδοση, περιβαλλοντική βιωσιμότητα και ο ρόλος του Ταμείου Ανάκαμψης https://t.co/eZkk0EkSmi",προσ μια πρασινη οικονομια ενεργειακη αποδοση περιβαλλοντικη βιωσιμοτητα και ο ρολοσ του ταμειου ανακαμψησ,2
Στυλιανίδης: «Η ευρωπαϊκή πράσινη συμφωνία είναι η απάντηση της ΕΕ στην κλιματική κρίση» - mononews #mononewsGR https://t.co/yZlWIO8EUX,στυλιανιδησ η ευρωπαϊκη πρασινη συμφωνια ειναι η απαντηση τησ εε στην κλιματικη κριση mononews mononewsgr,2
Στυλιανίδης: «Η ευρωπαϊκή πράσινη συμφωνία είναι η απάντηση της ΕΕ στην κλιματική κρίση» - mononews #mononewsGR https://t.co/SF497rm604,στυλιανιδησ η ευρωπαϊκη πρασινη συμφωνια ειναι η απαντηση τησ εε στην κλιματικη κριση mononews mononewsgr,2
"RT @amna_sportgr: Ο Τζαμ Νατζάφι, ζήτησε την παραίτηση του ιδιοκτήτη των @Suns, μετά τις καταγγελίες ότι δημιούργησε ένα τοξικό εργασιακό π…", amna_spogr ο τζαμ νατζαφι ζητησε την παραιτηση του ιδιοκτητη των suns μετα τισ καταγγελιεσ οτι δημιουργησε ενα τοξικο εργασιακο π,2
"Κ. Κοκολάκης στο Infonews24: «Πολλοί Δήμοι θεωρούν την πολιτική προστασία πάρεργο και παρεμβαίνουν όταν καταστραφούν» (Βίντεο) 
#Κωνσταντίνος_Κοκολάκης #πολιτική_προστασία #ΟΤΑ #κλιματική_αλλαγή
https://t.co/JpvWuUorpV",κ κοκολακησ στο infonews πολλοι δημοι θεωρουν την πολιτικη προστασια παρεργο και παρεμβαινουν οταν καταστραφουν βιντεο κωνσταντινοσ_κοκολακησ πολιτικη_προστασια οτα κλιματικη_αλλαγη,2
Τράπεζες: Ευνοϊκό περιβάλλον παρά τις μακροοικονομικές ανησυχίες… https://t.co/qaXynSNB3a #οικονομια #news #survivorGR #greece #πανδημια #Πολεμος_στην_Ουκρανια,τραπεζεσ ευνοϊκο περιβαλλον παρα τισ μακροοικονομικεσ ανησυχιεσ οικονομια news survivorgr greece πανδημια πολεμοσ_στην_ουκρανια,2
Η κλιματική αλλαγή τριπλασιάζει τις πιθανότητες νέας πανδημίας! https://t.co/6dSbyJsjVO #Πολεμος_στην_Ουκρανια #πολιτικη #greece,η κλιματικη αλλαγη τριπλασιαζει τισ πιθανοτητεσ νεασ πανδημιασ πολεμοσ_στην_ουκρανια πολιτικη greece,2
"Η κλιματική αλλαγή μπορεί να κάνει τις πανδημίες πιο συχνές - Αποκαλυπτικό ρεπορτάζ, αρθρογραφία και άμεση ενημέρωση, με όλα τα τελευταία νέα και ειδήσεις για την Οικονομία, τις Επιχειρήσεις, το Χρηματιστήριο, το Bitcoin, τις πολιτικές εξελίξεις και τον... https://t.co/UKbNchYAyP",η κλιματικη αλλαγη μπορει να κανει τισ πανδημιεσ πιο συχνεσ αποκαλυπτικο ρεπορταζ αρθρογραφια και αμεση ενημερωση με ολα τα τελευταια νεα και ειδησεισ για την οικονομια τισ επιχειρησεισ το χρηματιστηριο το bitcoin τισ πολιτικεσ εξελιξεισ και τον,2
"Η #κλιματική_αλλαγή μπορεί να κάνει τις πανδημίες πιο συχνές 

https://t.co/7sdzMLkca3

#climatecrisis #πανδημία",η κλιματικη_αλλαγη μπορει να κανει τισ πανδημιεσ πιο συχνεσ climatecrisis πανδημια,2
"Η #κλιματική_αλλαγή μπορεί να κάνει τις πανδημίες πιο συχνές

https://t.co/7sdzMLkJZB

#climatecrisis #πανδημία",η κλιματικη_αλλαγη μπορει να κανει τισ πανδημιεσ πιο συχνεσ climatecrisis πανδημια,2
"Γερμανικό υπουργείο Άμυνας: «Αποτέλεσμα διαπραγμάτευσης με την Αθήνα η κυκλική ανταλλαγή τεθωρακισμένων για την Ουκρανία» - Ρεπορτάζ και ειδήσεις για την Οικονομία, τις Επιχειρήσεις, το Χρηματιστήριο, την Πολιτική #mononewsGR https://t.co/0y7jCFY40c",γερμανικο υπουργειο αμυνασ αποτελεσμα διαπραγματευσησ με την αθηνα η κυκλικη ανταλλαγη τεθωρακισμενων για την ουκρανια ρεπορταζ και ειδησεισ για την οικονομια τισ επιχειρησεισ το χρηματιστηριο την πολιτικη mononewsgr,2
RT @BlackMa008: Πράσινη ενέργεια και πράσινα άλογα., blackma πρασινη ενεργεια και πρασινα αλογα,2
"RT @cstaikouras: Τα 3 τελευταία χρόνια, η ελληνική οικονομία έχει επιτύχει επιδόσεις που εκπλήσσουν ευχάριστα, με το ΑΕΠ να διαμορφώνεται π…", cstaikouras τα τελευταια χρονια η ελληνικη οικονομια εχει επιτυχει επιδοσεισ που εκπλησσουν ευχαριστα με το αεπ να διαμορφωνεται π,2
"Παπαδόπουλος: Η Ελλάδα μπορεί να είναι πρωτοπόρα στη βιώσιμη αστική κινητικότητα - Ρεπορτάζ και ειδήσεις για την Οικονομία, τις Επιχειρήσεις, το Χρηματιστήριο, την Πολιτική #mononewsGR https://t.co/XshGXia8DY",παπαδοπουλοσ η ελλαδα μπορει να ειναι πρωτοπορα στη βιωσιμη αστικη κινητικοτητα ρεπορταζ και ειδησεισ για την οικονομια τισ επιχειρησεισ το χρηματιστηριο την πολιτικη mononewsgr,2
"ΥΠΕΞ Γερμανίας για το «αρουραίος» στον Ερντογάν: «Προσβλητικές δηλώσεις δεν έχουν θέση στο διεθνές περιβάλλον» - Ρεπορτάζ και ειδήσεις για την Οικονομία, τις Επιχειρήσεις, το Χρηματιστήριο, την Πολιτική #mononewsGR https://t.co/xrW4LhIR83",υπεξ γερμανιασ για το αρουραιοσ στον ερντογαν προσβλητικεσ δηλωσεισ δεν εχουν θεση στο διεθνεσ περιβαλλον ρεπορταζ και ειδησεισ για την οικονομια τισ επιχειρησεισ το χρηματιστηριο την πολιτικη mononewsgr,2
"29 Σεπτεμβρίου: Παγκόσμια Ημέρα Ναυτιλίας, αφιερωμένη στις «Νέες τεχνολογίες για μια πιο πράσινη Ναυτιλία» - Ρεπορτάζ και ειδήσεις για την Οικονομία, τις Επιχειρήσεις, το Χρηματιστήριο, την Πολιτική #mononewsGR https://t.co/fezgAKmHzj",σεπτεμβριου παγκοσμια ημερα ναυτιλιασ αφιερωμενη στισ νεεσ τεχνολογιεσ για μια πιο πρασινη ναυτιλια ρεπορταζ και ειδησεισ για την οικονομια τισ επιχειρησεισ το χρηματιστηριο την πολιτικη mononewsgr,2
"Γεωργαντάς: Στηρίζουμε τον κλάδο της ελιάς απέναντι στην κλιματική κρίση - Ρεπορτάζ και ειδήσεις για την Οικονομία, τις Επιχειρήσεις, το Χρηματιστήριο, την Πολιτική #mononewsGR https://t.co/kO5rLBXUqG",γεωργαντασ στηριζουμε τον κλαδο τησ ελιασ απεναντι στην κλιματικη κριση ρεπορταζ και ειδησεισ για την οικονομια τισ επιχειρησεισ το χρηματιστηριο την πολιτικη mononewsgr,2
"Τερζής (Alpha Bank): «Ευθύνη των μεγάλων επιχειρήσεων η αειφορία» - Ρεπορτάζ και ειδήσεις για την Οικονομία, τις Επιχειρήσεις, το Χρηματιστήριο, την Πολιτική #mononewsGR https://t.co/GqP3hDEdYv",τερζησ alpha bank ευθυνη των μεγαλων επιχειρησεων η αειφορια ρεπορταζ και ειδησεισ για την οικονομια τισ επιχειρησεισ το χρηματιστηριο την πολιτικη mononewsgr,2
"Ένωση Ελλήνων Εφοπλιστών: Η ελληνική ναυτιλία πρωτοστατεί στην πράσινη μεταβαση του κλάδου - Ρεπορτάζ και ειδήσεις για την Οικονομία, τις Επιχειρήσεις, το Χρηματιστήριο, την Πολιτική #mononewsGR https://t.co/hGcPqHKL83",ενωση ελληνων εφοπλιστων η ελληνικη ναυτιλια πρωτοστατει στην πρασινη μεταβαση του κλαδου ρεπορταζ και ειδησεισ για την οικονομια τισ επιχειρησεισ το χρηματιστηριο την πολιτικη mononewsgr,2
Φορολογικές εκπτώσεις για όσους επενδύουν στην πράσινη οικονομία https://t.co/YjNg2IzICX,φορολογικεσ εκπτωσεισ για οσουσ επενδυουν στην πρασινη οικονομια,2
"Δήμας: Δημιουργία «sandbox» για τη βιώσιμη ανάπτυξη - Ρεπορτάζ και ειδήσεις για την Οικονομία, τις Επιχειρήσεις, το Χρηματιστήριο, την Πολιτική #mononewsGR https://t.co/a3aZSyCJp2",δημασ δημιουργια sandbox για τη βιωσιμη αναπτυξη ρεπορταζ και ειδησεισ για την οικονομια τισ επιχειρησεισ το χρηματιστηριο την πολιτικη mononewsgr,2
"Μηνάς Παπαδάκης (Οργανισμός Λιμένος Ηρακλείου): Η πράσινη μετάβαση γίνεται πράξη - Ρεπορτάζ και ειδήσεις για την Οικονομία, τις Επιχειρήσεις, το Χρηματιστήριο, την Πολιτική #mononewsGR https://t.co/WEqdiFcRfA",μηνασ παπαδακησ οργανισμοσ λιμενοσ ηρακλειου η πρασινη μεταβαση γινεται πραξη ρεπορταζ και ειδησεισ για την οικονομια τισ επιχειρησεισ το χρηματιστηριο την πολιτικη mononewsgr,2
"Κ. Μητσοτάκης στην Πράγα: Συμπρόεδρος σε θεματικό τραπέζι για ενέργεια, οικονομία &amp; κλιματική αλλαγή - https://t.co/eiOPQNSsIs https://t.co/dJAjMGcFBd #Μητσοτάκης #Μητσοτακης #Πράγα #ενεργεια",κ μητσοτακησ στην πραγα συμπροεδροσ σε θεματικο τραπεζι για ενεργεια οικονομια amp κλιματικη αλλαγη μητσοτακησ μητσοτακησ πραγα ενεργεια,2
"Χρήστος Μεγάλου: Στοχεύουμε να αυξήσουμε τη βιώσιμη τραπεζική μας δραστηριότητα κατά περίπου €9 δισ. - Ρεπορτάζ και ειδήσεις για την Οικονομία, τις Επιχειρήσεις, το Χρηματιστήριο, την Πολιτική #mononewsGR https://t.co/RYILJhjrHC",χρηστοσ μεγαλου στοχευουμε να αυξησουμε τη βιωσιμη τραπεζικη μασ δραστηριοτητα κατα περιπου δισ ρεπορταζ και ειδησεισ για την οικονομια τισ επιχειρησεισ το χρηματιστηριο την πολιτικη mononewsgr,2
"Τι συμβαίνει με την Ιντρακόμ, η επιστροφή του Σπήλιου, ο Μεγάλου και η πράσινη Πειραιώς, ο Μπερσής και η νομική dream team και το hot κουΐζ με το απλό ROLEX - Ρεπορτάζ και ειδήσεις για την Οικονομία, τις Επιχειρήσεις, το Χρηματιστήριο, την Πολιτική ... https://t.co/tUpU0vZuUt",τι συμβαινει με την ιντρακομ η επιστροφη του σπηλιου ο μεγαλου και η πρασινη πειραιωσ ο μπερσησ και η νομικη dream team και το hot κουΐζ με το απλο rolex ρεπορταζ και ειδησεισ για την οικονομια τισ επιχειρησεισ το χρηματιστηριο την πολιτικη,2
ΕΕ: Βάζει «πράσινη» ταμπέλα στην πυρηνική ενέργεια- Αντιδρά η Αυστρία https://t.co/84uDRfAmtZ,εε βαζει πρασινη ταμπελα στην πυρηνικη ενεργεια αντιδρα η αυστρια,2
Στην ευρωπαϊκή δικαιοσύνη η Αυστρία για την «πράσινη» πυρηνική ενέργεια - https://t.co/yLIE8NWW5Y https://t.co/Wyw82c6B4C,στην ευρωπαϊκη δικαιοσυνη η αυστρια για την πρασινη πυρηνικη ενεργεια,2
Στην ευρωπαϊκή δικαιοσύνη προσέφυγε  η Αυστρία για την «πράσινη» πυρηνική ενέργεια https://t.co/s6WVwjSPs0,στην ευρωπαϊκη δικαιοσυνη προσεφυγε η αυστρια για την πρασινη πυρηνικη ενεργεια,2
Η Αυστρία προσφεύγει στην ευρωπαϊκή δικαιοσύνη για την «πράσινη» ταμπέλα στην πυρηνική ενέργεια - https://t.co/YaKPdgFwjj #businessnewsgr,η αυστρια προσφευγει στην ευρωπαϊκη δικαιοσυνη για την πρασινη ταμπελα στην πυρηνικη ενεργεια businessnewsgr,2
Διεθνές συνέδριο για την πράσινη εκτυπωμένη ενέργεια και τα αγροβολταϊκά https://t.co/Ut0rJpT9SM,διεθνεσ συνεδριο για την πρασινη εκτυπωμενη ενεργεια και τα αγροβολταϊκα,2
"Αυστρία: Προσφυγή κατά της απόφασης της ΕΕ να χαρακτηρίσει «πράσινη» την πυρηνική ενέργεια | Ρεπορτάζ και ειδήσεις για την Οικονομία, τις Επιχειρήσεις, το Χρηματιστήριο, την Πολιτική https://t.co/wLEEOZNsBI",αυστρια προσφυγη κατα τησ αποφασησ τησ εε να χαρακτηρισει πρασινη την πυρηνικη ενεργεια ρεπορταζ και ειδησεισ για την οικονομια τισ επιχειρησεισ το χρηματιστηριο την πολιτικη,2
Κέρκυρα – Σπ. Κροκίδης: Η Ελλάδα στην πράσινη ενέργεια. (Βίντεο) https://t.co/MvUkxDdKRZ,κερκυρα σπ κροκιδησ η ελλαδα στην πρασινη ενεργεια βιντεο,2
"#Κλιματική_αλλαγή
Ολόκληρες περιοχές δεν θα είναι πλέον κατοικήσιμες τις επόμενες δεκαετίες 

https://t.co/8nqWlfFdgz https://t.co/DlG9wxsSGr",κλιματικη_αλλαγη ολοκληρεσ περιοχεσ δεν θα ειναι πλεον κατοικησιμεσ τισ επομενεσ δεκαετιεσ,2
ΑΔΗΜΕ: Η Ελλάδα ηλεκτροδοτήθηκε αποκλειστικά με «πράσινη» ενέργεια για πρώτη φορά στην ιστορία https://t.co/mcGCyV48LP,αδημε η ελλαδα ηλεκτροδοτηθηκε αποκλειστικα με πρασινη ενεργεια για πρωτη φορα στην ιστορια,2
Με πράσινη ενέργεια αποκλειστικά ηλεκτροδοτήθηκε η Ελλάδα για πρώτη φορά https://t.co/JGtsfXAbbw,με πρασινη ενεργεια αποκλειστικα ηλεκτροδοτηθηκε η ελλαδα για πρωτη φορα,2
"Η Grant Thornton στο πλαίσιο της μεθοδικής και συστηματικής υλοποίησης μιας σειράς δράσεων και πρωτοβουλιών που διασφαλίζουν την ισότητα και την ασφάλεια στο εργασιακό περιβάλλον, υπέγραψε τη Χάρτα Διαφορετικότητας για τις ελληνικές επιχειρήσεις",η grant thornton στο πλαισιο τησ μεθοδικησ και συστηματικησ υλοποιησησ μιασ σειρασ δρασεων και πρωτοβουλιων που διασφαλιζουν την ισοτητα και την ασφαλεια στο εργασιακο περιβαλλον υπεγραψε τη χαρτα διαφορετικοτητασ για τισ ελληνικεσ επιχειρησεισ,2
Χάρης Δούκας στο Ράδιο ΕΝΑ: «Να μην μπούμε το «παιχνίδι» του LNG- Στόχος η «πράσινη» ηλεκτρική ενέργεια https://t.co/NkALKP3O5D,χαρησ δουκασ στο ραδιο ενα να μην μπουμε το παιχνιδι του lng στοχοσ η πρασινη ηλεκτρικη ενεργεια,2
"Η δημοσιονομική πολιτική θα πρέπει να εστιάσει στην προστασία των ευάλωτων ομάδων με στοχευμένα και προσωρινά μέτρα και να βοηθά με επενδύσεις στην πράσινη ενέργεια και την ψηφιακή οικονομία, λέει το το Διεθνές Νομισματικό Ταμείο
 https://t.co/hzTmgISdIV",η δημοσιονομικη πολιτικη θα πρεπει να εστιασει στην προστασια των ευαλωτων ομαδων με στοχευμενα και προσωρινα μετρα και να βοηθα με επενδυσεισ στην πρασινη ενεργεια και την ψηφιακη οικονομια λεει το το διεθνεσ νομισματικο ταμειο,2
Διαχείριση λυμάτων και κυκλική οικονομία https://t.co/qHzKV3px72,διαχειριση λυματων και κυκλικη οικονομια,2
"Χρήστος Σταϊκούρας στη Σύνοδο του ΔΝΤ: Η Ελλάδα έχει χτίσει ισχυρές γραμμές άμυνας απέναντι σε ένα δυσμενές διεθνές περιβάλλον - Ρεπορτάζ και ειδήσεις για την Οικονομία, τις Επιχειρήσεις, το Χρηματιστήριο, την Πολιτική #mononewsGR https://t.co/Ji36NBtIVP",χρηστοσ σταϊκουρασ στη συνοδο του δντ η ελλαδα εχει χτισει ισχυρεσ γραμμεσ αμυνασ απεναντι σε ενα δυσμενεσ διεθνεσ περιβαλλον ρεπορταζ και ειδησεισ για την οικονομια τισ επιχειρησεισ το χρηματιστηριο την πολιτικη mononewsgr,2
"ΑΔΜΗΕ: Η πράσινη μετάβαση είναι πραγματικότητα και όχι fake news - Ρεπορτάζ και ειδήσεις για την Οικονομία, τις Επιχειρήσεις, το Χρηματιστήριο, την Πολιτική #mononewsGR https://t.co/Zw3CXjZ6UE",αδμηε η πρασινη μεταβαση ειναι πραγματικοτητα και οχι fake news ρεπορταζ και ειδησεισ για την οικονομια τισ επιχειρησεισ το χρηματιστηριο την πολιτικη mononewsgr,2
"Βασίλης Κικίλιας: Έργα υποδομής, πράσινη οικονομία και καμπάνια για τον βιώσιμο τουρισμό - Ρεπορτάζ και ειδήσεις για την Οικονομία, τις Επιχειρήσεις, το Χρηματιστήριο, την Πολιτική #mononewsGR https://t.co/cARGv9NpXy",βασιλησ κικιλιασ εργα υποδομησ πρασινη οικονομια και καμπανια για τον βιωσιμο τουρισμο ρεπορταζ και ειδησεισ για την οικονομια τισ επιχειρησεισ το χρηματιστηριο την πολιτικη mononewsgr,2
"Κικίλιας: «Έργα υποδομής, πράσινη οικονομία και καμπάνια για τον βιώσιμο τουρισμό» - https://t.co/9I99AKnLPL https://t.co/rttGKiAo07",κικιλιασ εργα υποδομησ πρασινη οικονομια και καμπανια για τον βιωσιμο τουρισμο,2
"Β. Κικίλιας: Έργα υποδομής, πράσινη οικονομία και καμπάνια για τον βιώσιμο τουρισμό https://t.co/fJV7sTNA2Z",β κικιλιασ εργα υποδομησ πρασινη οικονομια και καμπανια για τον βιωσιμο τουρισμο,2
"Β. Κικίλιας: Έργα υποδομής, πράσινη οικονομία και καμπάνια για τον βιώσιμο τουρισμό https://t.co/VeTyTsxH7Y #gntmgr #Pagidevmenoi #kaneotikoimasai #GiTisElias #Sasmos",β κικιλιασ εργα υποδομησ πρασινη οικονομια και καμπανια για τον βιωσιμο τουρισμο gntmgr pagidevmenoi kaneotikoimasai gitiselias sasmos,2
"Prem Watsa (FairFax): «H επανεκλογή Μητσοτάκη θα δημιουργήσει ακόμα πιο ασφαλές περιβάλλον για επενδύσεις» - Ρεπορτάζ και ειδήσεις για την Οικονομία, τις Επιχειρήσεις, το Χρηματιστήριο, την Πολιτική #mononewsGR https://t.co/sY1xDbrxZF",prem watsa fairfax h επανεκλογη μητσοτακη θα δημιουργησει ακομα πιο ασφαλεσ περιβαλλον για επενδυσεισ ρεπορταζ και ειδησεισ για την οικονομια τισ επιχειρησεισ το χρηματιστηριο την πολιτικη mononewsgr,2
"CLIA: Σε καλό δρόμο η δέσμευση για κρουαζιέρα με μηδενικό αποτύπωμα άνθρακα έως το 2050 - Ρεπορτάζ και ειδήσεις για την Οικονομία, τις Επιχειρήσεις, το Χρηματιστήριο, την Πολιτική #mononewsGR https://t.co/FQe2O3dYQ3",clia σε καλο δρομο η δεσμευση για κρουαζιερα με μηδενικο αποτυπωμα ανθρακα εωσ το ρεπορταζ και ειδησεισ για την οικονομια τισ επιχειρησεισ το χρηματιστηριο την πολιτικη mononewsgr,2
Είναι η πυρηνική ενέργεια πράσινη; – Ειδήσεις – νέα – Το Βήμα Online https://t.co/F3pfHK8gzq,ειναι η πυρηνικη ενεργεια πρασινη ειδησεισ νεα το βημα online,2
Η MYTILINEOS στο Re-Source – τη μεγαλύτερη πλατφόρμα για την πράσινη ενέργεια https://t.co/uGxFsQMFSs,η mytilineos στο resource τη μεγαλυτερη πλατφορμα για την πρασινη ενεργεια,2
Η MYTILINEOS στο Re-Source – τη μεγαλύτερη πλατφόρμα για την πράσινη ενέργεια https://t.co/f5ljmFnxYd,η mytilineos στο resource τη μεγαλυτερη πλατφορμα για την πρασινη ενεργεια,2
Χατζηδάκης: Πιο επιτακτική η «πράσινη» ενέργεια εν μέσω κρίσης https://t.co/A5For7x2My,χατζηδακησ πιο επιτακτικη η πρασινη ενεργεια εν μεσω κρισησ,2
Υπ. Εργασίας: 4 δράσεις για πράσινη ηλεκτρική ενέργεια https://t.co/4ToEZzDzqL,υπ εργασιασ δρασεισ για πρασινη ηλεκτρικη ενεργεια,2
Μαρία Καμμά – Αλιφέρη (Δήμαρχος Τήλου): Απαιτούμε ανταποδοτικά οφέλη στους κατοίκους των νησιών που παράγουν πράσινη ενέργεια - https://t.co/VrEIBoA6T3 https://t.co/S3KnkGncGe,μαρια καμμα αλιφερη δημαρχοσ τηλου απαιτουμε ανταποδοτικα οφελη στουσ κατοικουσ των νησιων που παραγουν πρασινη ενεργεια,2
"Κικίλιας: Αναβαθμίζουμε το brand της Σκύρου στο πλαίσιο της στρατηγικής μας για βιώσιμο τουρισμό - Ρεπορτάζ και ειδήσεις για την Οικονομία, τις Επιχειρήσεις, το Χρηματιστήριο, την Πολιτική #mononewsGR https://t.co/WXG8IjIool",κικιλιασ αναβαθμιζουμε το brand τησ σκυρου στο πλαισιο τησ στρατηγικησ μασ για βιωσιμο τουρισμο ρεπορταζ και ειδησεισ για την οικονομια τισ επιχειρησεισ το χρηματιστηριο την πολιτικη mononewsgr,2
"Πράσινη ενέργεια, μηδενικοί ρύποι, οικολογία…. Με τέτοιες αερολογίες, τέτοιες ανοησίες η Ευρώπη σήμερα βρίσκεται σε ενεργειακό αδιέξοδο και οδηγεί εκατομμύρια ανθρώπους στην απόγνωση και στην καταστροφή… 
https://t.co/m3LgHTBIIf",πρασινη ενεργεια μηδενικοι ρυποι οικολογια με τετοιεσ αερολογιεσ τετοιεσ ανοησιεσ η ευρωπη σημερα βρισκεται σε ενεργειακο αδιεξοδο και οδηγει εκατομμυρια ανθρωπουσ στην απογνωση και στην καταστροφη,2
Μαρία Καμμά – Αλιφέρη (Δήμαρχος Τήλου): Απαιτούμε ανταποδοτικά οφέλη στους κατοίκους των νησιών που παράγουν πράσινη ενέργεια https://t.co/aQ7oT5ENSx https://t.co/EUqKPH7269,μαρια καμμα αλιφερη δημαρχοσ τηλου απαιτουμε ανταποδοτικα οφελη στουσ κατοικουσ των νησιων που παραγουν πρασινη ενεργεια,2
Νίκος Ανδρουλάκης (Πρόεδρος ΠΑΣΟΚ-ΚΙΝ.ΑΛ): «Η μετάβαση στην πράσινη ενέργεια δεν έπρεπε να γίνει με ένα ορυκτό καύσιμο» https://t.co/uZYgL7HxSt https://t.co/7zG1jsv3mR,νικοσ ανδρουλακησ προεδροσ πασοκκιναλ η μεταβαση στην πρασινη ενεργεια δεν επρεπε να γινει με ενα ορυκτο καυσιμο,2
Οι start ups ανοίγουν τον δρόμο για την κυκλική οικονομία https://t.co/rnzurfmBch #businessnewsgr,οι sta ups ανοιγουν τον δρομο για την κυκλικη οικονομια businessnewsgr,2
"διαΝΕΟσις: “Κυκλική οικονομία: Ευκαιρίες, προκλήσεις και επιδράσεις στην ελληνική οικονομία” https://t.co/n7HrBLVJsP #news #οικονομια ...",διανεοσισ κυκλικη οικονομια ευκαιριεσ προκλησεισ και επιδρασεισ στην ελληνικη οικονομια news οικονομια,2
"διαΝΕΟσις: «Κυκλική οικονομία: Ευκαιρίες, προκλήσεις και επιδράσεις στην ελληνική #οικονομία»

https://t.co/fmPMmPtQdd",διανεοσισ κυκλικη οικονομια ευκαιριεσ προκλησεισ και επιδρασεισ στην ελληνικη οικονομια,2
διαΝΕΟσις: Πόσο κυκλική είναι η ελληνική οικονομία https://t.co/PMbYMrzWSA,διανεοσισ ποσο κυκλικη ειναι η ελληνικη οικονομια,2
Έρευνα διαΝΕΟσις: Πόσο κυκλική είναι η ελληνική οικονομία https://t.co/qF38sYle9e #businessnewsgr,ερευνα διανεοσισ ποσο κυκλικη ειναι η ελληνικη οικονομια businessnewsgr,2
"διαΝΕΟσις: “Κυκλική οικονομία: Ευκαιρίες, προκλήσεις και επιδράσεις στην ελληνική οικονομία” https://t.co/0ZsxP18JAV #gntmgr #GiTisElias #Pagidevmenoi #kaneotikoimasai #Sasmos",διανεοσισ κυκλικη οικονομια ευκαιριεσ προκλησεισ και επιδρασεισ στην ελληνικη οικονομια gntmgr gitiselias pagidevmenoi kaneotikoimasai sasmos,2
"διαΝΕΟσις για κυκλική οικονομία: Ευκαιρίες, προκλήσεις και επιδράσεις στην ελληνική οικονομία https://t.co/p7RqIVIqAz",διανεοσισ για κυκλικη οικονομια ευκαιριεσ προκλησεισ και επιδρασεισ στην ελληνικη οικονομια,2
διαΝΕΟσις: Πόσο κυκλική είναι η ελληνική οικονομία- Τι χρειάζεται να αλλάξει https://t.co/0BCVqsL3bo,διανεοσισ ποσο κυκλικη ειναι η ελληνικη οικονομια τι χρειαζεται να αλλαξει,2
"ΔιαΝΕΟσις: «Κυκλική οικονομία: Ευκαιρίες, προκλήσεις και επιδράσεις στην ελληνική οικονομία» https://t.co/nb7OYcc6nP",διανεοσισ κυκλικη οικονομια ευκαιριεσ προκλησεισ και επιδρασεισ στην ελληνικη οικονομια,2
διαΝΕΟσις: Κυκλική οικονομία – Ευκαιρίες και προκλήσεις στην οικονομία https://t.co/1bMZYeMigE,διανεοσισ κυκλικη οικονομια ευκαιριεσ και προκλησεισ στην οικονομια,2
"«Κυκλική οικονομία»: Ευκαιρίες, προκλήσεις και επιδράσεις στην ελληνική οικονομία https://t.co/rT5DhYXYu1",κυκλικη οικονομια ευκαιριεσ προκλησεισ και επιδρασεισ στην ελληνικη οικονομια,2
Vodafone Business: Η αειφορία απαραίτητη στις επιχειρήσεις για την επιβιωσή τους https://t.co/pimOPm5cnP,vodafone business η αειφορια απαραιτητη στισ επιχειρησεισ για την επιβιωση τουσ,2
«Ο Δήμος Κεντρικής Κέρκυρας συμμετέχει σε πρωτοβουλία για την αντιμετώπιση της κλιματικής αλλαγής-Εκδήλωση για την Κυκλική Οικονομία» -,ο δημοσ κεντρικησ κερκυρασ συμμετεχει σε πρωτοβουλια για την αντιμετωπιση τησ κλιματικησ αλλαγησεκδηλωση για την κυκλικη οικονομια,2
Μπορεί η ελληνική οικονομία να γίνει “κυκλική”; Τι χρειάζεται να αλλάξει και ποια θα ήταν τα οφέλη που θα προέκυπταν από αυτήν την αλλαγή; https://t.co/wsLKj6Xguz,μπορει η ελληνικη οικονομια να γινει κυκλικη τι χρειαζεται να αλλαξει και ποια θα ηταν τα οφελη που θα προεκυπταν απο αυτην την αλλαγη,2
"#PraktoreioBusiness 
Κυκλική οικονομία: Ευκαιρίες, προκλήσεις και επιδράσεις στην ελληνική οικονομία

https://t.co/EGmpGZBQbM https://t.co/0IqjNv9MDF",praktoreiobusiness κυκλικη οικονομια ευκαιριεσ προκλησεισ και επιδρασεισ στην ελληνικη οικονομια,2
"Σκρέκας: «Επενδύουμε στη μετατροπή της Ελλάδας σε ενεργειακό κόμβο, επιταχύνοντας την πράσινη μετάβαση» - Ρεπορτάζ και ειδήσεις για την Οικονομία, τις Επιχειρήσεις, το Χρηματιστήριο, την Πολιτική #mononewsGR https://t.co/POHUY1K5hE",σκρεκασ επενδυουμε στη μετατροπη τησ ελλαδασ σε ενεργειακο κομβο επιταχυνοντασ την πρασινη μεταβαση ρεπορταζ και ειδησεισ για την οικονομια τισ επιχειρησεισ το χρηματιστηριο την πολιτικη mononewsgr,2
"Φόρτιση με «πράσινη» ενέργεια, βιβλιοθήκες φωτογραφιών και γυμναστική χωρίς ρολόι
#alphanewslive 
https://t.co/GUqFuorl1u",φορτιση με πρασινη ενεργεια βιβλιοθηκεσ φωτογραφιων και γυμναστικη χωρισ ρολοι alphanewslive,2
διαΝΕΟσις – Νέα Έρευνα: Μια κυκλική οικονομία για την Ελλάδα https://t.co/nA8U5HClyF,διανεοσισ νεα ερευνα μια κυκλικη οικονομια για την ελλαδα,2
"♾ Κυκλική Οικονομία &amp; Ελληνική Πραγματικότητα

Ποσοστό υλικών πόρων που χρησιμοποιούνταν το 2020 &amp; προέρχονταν από ανακυκλωμένα απόβλητα

🇬🇷 Ελλάδα 5,4%
🇪🇺 ΕΕ 2,8%
🇮🇹 Ιταλία 21,6%
🇳🇱 Ολλανδία 30,9%

#Γράφημα ΑΠΕ-ΜΠΕ - Έρευνα @dianeosis https://t.co/ReEercYVNs

#CircularEconomy https://t.co/QdxkBjY0nj",κυκλικη οικονομια amp ελληνικη πραγματικοτητα ποσοστο υλικων πορων που χρησιμοποιουνταν το amp προερχονταν απο ανακυκλωμενα αποβλητα ελλαδα εε ιταλια ολλανδια γραφημα απεμπε ερευνα dianeosis circulareconomy,2
"Κυκλική οικονομία: Ευκαιρίες, προκλήσεις και επιδράσεις στην ελληνική οικονομία https://t.co/NrUL3PrDVi",κυκλικη οικονομια ευκαιριεσ προκλησεισ και επιδρασεισ στην ελληνικη οικονομια,2
"διαΝΕΟσις: Κυκλική οικονομία: Ευκαιρίες, προκλήσεις και επιδράσεις στην ελληνική οικονομία https://t.co/xlx53GZFau",διανεοσισ κυκλικη οικονομια ευκαιριεσ προκλησεισ και επιδρασεισ στην ελληνικη οικονομια,2
"Βέλγιο: Ίδρυμα για το περιβάλλον καλεί τους πολίτες να μειώσουν τον χρόνο του ντους για εξοικονόμηση ενέργειας - Ρεπορτάζ και ειδήσεις για την Οικονομία, τις Επιχειρήσεις, το Χρηματιστήριο, την Πολιτική #mononewsGR https://t.co/QC8LbRq4J7",βελγιο ιδρυμα για το περιβαλλον καλει τουσ πολιτεσ να μειωσουν τον χρονο του ντουσ για εξοικονομηση ενεργειασ ρεπορταζ και ειδησεισ για την οικονομια τισ επιχειρησεισ το χρηματιστηριο την πολιτικη mononewsgr,2
"Μητσοτάκης: «Άνοδος 16 θέσεων για την Ελλάδα στο επιχειρηματικό περιβάλλον» - Ρεπορτάζ και ειδήσεις για την Οικονομία, τις Επιχειρήσεις, το Χρηματιστήριο, την Πολιτική #mononewsGR https://t.co/vbDjst4Gr1",μητσοτακησ ανοδοσ θεσεων για την ελλαδα στο επιχειρηματικο περιβαλλον ρεπορταζ και ειδησεισ για την οικονομια τισ επιχειρησεισ το χρηματιστηριο την πολιτικη mononewsgr,2
Όσα ειπώθηκαν στο 24ο diaNEOsis Live για την Κυκλική Οικονομία στην Ελλάδα - https://t.co/mnaqXFtqr3 https://t.co/wRnuwOvdUV,οσα ειπωθηκαν στο ο dianeosis live για την κυκλικη οικονομια στην ελλαδα,2
διαΝΕΟσις: Όσα ειπώθηκαν στη διαδικτυακή συζήτηση για την κυκλική οικονομία στην Ελλάδα https://t.co/XMrUeeFs3b #businessnewsgr,διανεοσισ οσα ειπωθηκαν στη διαδικτυακη συζητηση για την κυκλικη οικονομια στην ελλαδα businessnewsgr,2
Όσα ειπώθηκαν στο 24ο diaNEOsis Live για την Κυκλική Οικονομία στην Ελλάδα https://t.co/NSV1eeCT7R,οσα ειπωθηκαν στο ο dianeosis live για την κυκλικη οικονομια στην ελλαδα,2
"Βρετανία: Ο Σούνακ επαινεί τον βασιλιά Κάρολο για τη διορατικότητά του σχετικά με την κλιματική αλλαγή - Ρεπορτάζ και ειδήσεις για την Οικονομία, τις Επιχειρήσεις, το Χρηματιστήριο, την Πολιτική #mononewsGR https://t.co/v29a1yRsdy",βρετανια ο σουνακ επαινει τον βασιλια καρολο για τη διορατικοτητα του σχετικα με την κλιματικη αλλαγη ρεπορταζ και ειδησεισ για την οικονομια τισ επιχειρησεισ το χρηματιστηριο την πολιτικη mononewsgr,2
RT @TheOpinion_News: Φωτοβολταϊκά στις στέγες: Έρχονται επιδοτήσεις για την «πράσινη» ενέργεια – Τι να προσέξετε https://t.co/K46dpJdp6P #T…, theopinion_news φωτοβολταϊκα στισ στεγεσ ερχονται επιδοτησεισ για την πρασινη ενεργεια τι να προσεξετε t,2
"Μιχάλης Τσαμάζ: Πρέπει να κάνουμε άλματα στη Βιώσιμη Ανάπτυξη, για να δούμε ουσιαστική αλλαγή-Δεν υπάρχει χρόνος για χάσιμο - Ρεπορτάζ και ειδήσεις για την Οικονομία, τις Επιχειρήσεις, το Χρηματιστήριο, την Πολιτική #mononewsGR https://t.co/vgzu14D1jP",μιχαλησ τσαμαζ πρεπει να κανουμε αλματα στη βιωσιμη αναπτυξη για να δουμε ουσιαστικη αλλαγηδεν υπαρχει χρονοσ για χασιμο ρεπορταζ και ειδησεισ για την οικονομια τισ επιχειρησεισ το χρηματιστηριο την πολιτικη mononewsgr,2
"ΙΕΑ (COP 27): Επιπλέον 20 εκ. άνθρωποι δεν έχουν πρόσβαση στο ηλεκτρικό ρεύμα το 2022- Πάει πίσω η βιώσιμη ανάπτυξη - Ρεπορτάζ και ειδήσεις για την Οικονομία, τις Επιχειρήσεις, το Χρηματιστήριο, την Πολιτική #mononewsGR https://t.co/CwvJknZ6Et",ιεα cop επιπλεον εκ ανθρωποι δεν εχουν προσβαση στο ηλεκτρικο ρευμα το παει πισω η βιωσιμη αναπτυξη ρεπορταζ και ειδησεισ για την οικονομια τισ επιχειρησεισ το χρηματιστηριο την πολιτικη mononewsgr,2
Μητσοτάκης: Η Ελλάδα θα εξάγει πράσινη ενέργεια https://t.co/Jj8XCiWNTm,μητσοτακησ η ελλαδα θα εξαγει πρασινη ενεργεια,2
"Ζελένσκι: «Χωρίς ειρήνη δεν μπορεί να υπάρξει αποτελεσματική πολιτική για την κλιματική αλλαγή» - Ρεπορτάζ και ειδήσεις για την Οικονομία, τις Επιχειρήσεις, το Χρηματιστήριο, την Πολιτική #mononewsGR https://t.co/zTqyvoyZ1y",ζελενσκι χωρισ ειρηνη δεν μπορει να υπαρξει αποτελεσματικη πολιτικη για την κλιματικη αλλαγη ρεπορταζ και ειδησεισ για την οικονομια τισ επιχειρησεισ το χρηματιστηριο την πολιτικη mononewsgr,2
"Costa Navarino: Αργυρό βραβείο στην κατηγορία «Μείωση των Πλαστικών Απορριμμάτων στο Περιβάλλον» στην World Travel Market 2022 - Ρεπορτάζ και ειδήσεις για την Οικονομία, τις Επιχειρήσεις, το Χρηματιστήριο, την Πολιτική #mononewsGR https://t.co/fks4ctEKDQ",costa navarino αργυρο βραβειο στην κατηγορια μειωση των πλαστικων απορριμματων στο περιβαλλον στην world travel market ρεπορταζ και ειδησεισ για την οικονομια τισ επιχειρησεισ το χρηματιστηριο την πολιτικη mononewsgr,2
"Κικίλιας για συμφωνία με Common Seas: «Πρωτοπόρα η Ελλάδα στην Ευρώπη για τον βιώσιμο τουρισμό» - Ρεπορτάζ και ειδήσεις για την Οικονομία, τις Επιχειρήσεις, το Χρηματιστήριο, την Πολιτική #mononewsGR https://t.co/56NotZOrgO",κικιλιασ για συμφωνια με common seas πρωτοπορα η ελλαδα στην ευρωπη για τον βιωσιμο τουρισμο ρεπορταζ και ειδησεισ για την οικονομια τισ επιχειρησεισ το χρηματιστηριο την πολιτικη mononewsgr,2
"Σταϊκούρας στη Διάσκεψη COP27: Σημαντικές προκλήσεις για τους κρατικούς προϋπολογισμούς η κλιματική αλλαγή - Ρεπορτάζ και ειδήσεις για την Οικονομία, τις Επιχειρήσεις, το Χρηματιστήριο, την Πολιτική #mononewsGR https://t.co/fBDG1UUlqW",σταϊκουρασ στη διασκεψη cop σημαντικεσ προκλησεισ για τουσ κρατικουσ προϋπολογισμουσ η κλιματικη αλλαγη ρεπορταζ και ειδησεισ για την οικονομια τισ επιχειρησεισ το χρηματιστηριο την πολιτικη mononewsgr,2
Περιστέρης: Η ενεργειακή κρίση θα ήταν σχεδόν αμελητέα αν είχε γίνει η πράσινη μετάβαση στην ενέργεια https://t.co/IrkF2Z7hrV,περιστερησ η ενεργειακη κριση θα ηταν σχεδον αμελητεα αν ειχε γινει η πρασινη μεταβαση στην ενεργεια,2
"RT @maras_mode: Βραζιλία 🇧🇷 👀
Η δημοσιογραφος Vanessa Medeiros λυποθυμησε - Ξαφνικιτιδα-ενώ έκανε ρεπορτάζ live στην TV. Ένα από τα εκατομμ…", maras_mode βραζιλια η δημοσιογραφοσ vanessa medeiros λυποθυμησε ξαφνικιτιδαενω εκανε ρεπορταζ live στην tv ενα απο τα εκατομμ,2
Γ. Περιστέρης: Η ενεργειακή κρίση θα ήταν σχεδόν αμελητέα αν είχε γίνει η πράσινη μετάβαση στην ενέργεια https://t.co/QnmgfN8bFx,γ περιστερησ η ενεργειακη κριση θα ηταν σχεδον αμελητεα αν ειχε γινει η πρασινη μεταβαση στην ενεργεια,2
"Μπορέλ: Πρέπει να προσαρμόσουμε τις πολιτικές άμυνάς μας στο νέο περιβάλλον - Ρεπορτάζ και ειδήσεις για την Οικονομία, τις Επιχειρήσεις, το Χρηματιστήριο, την Πολιτική #mononewsGR https://t.co/qpew2LI2Jz",μπορελ πρεπει να προσαρμοσουμε τισ πολιτικεσ αμυνασ μασ στο νεο περιβαλλον ρεπορταζ και ειδησεισ για την οικονομια τισ επιχειρησεισ το χρηματιστηριο την πολιτικη mononewsgr,2
RT @LykavitosGr: Γ. Περιστέρης: Η ενεργειακή κρίση θα ήταν σχεδόν αμελητέα αν είχε γίνει η πράσινη μετάβαση στην ενέργεια  #Γ._Περιστέρης h…, lykavitosgr γ περιστερησ η ενεργειακη κριση θα ηταν σχεδον αμελητεα αν ειχε γινει η πρασινη μεταβαση στην ενεργεια γ_περιστερησ h,2
RT @LykavitosGr: Γ. Περιστέρης: Η ενεργειακή κρίση θα ήταν σχεδόν αμελητέα αν είχε γίνει η πράσινη μετάβαση στην ενέργεια  #Γ._Περιστέρης h…, lykavitosgr γ περιστερησ η ενεργειακη κριση θα ηταν σχεδον αμελητεα αν ειχε γινει η πρασινη μεταβαση στην ενεργεια γ_περιστερησ h,2
"Μπάιντεν: «H παγκόσμια κλιματική κρίση αποτελεί υπαρξιακή απειλή για τον πλανήτη» - Ρεπορτάζ και ειδήσεις για την Οικονομία, τις Επιχειρήσεις, το Χρηματιστήριο, την Πολιτική #mononewsGR https://t.co/bwqKlcqsAI",μπαιντεν h παγκοσμια κλιματικη κριση αποτελει υπαρξιακη απειλη για τον πλανητη ρεπορταζ και ειδησεισ για την οικονομια τισ επιχειρησεισ το χρηματιστηριο την πολιτικη mononewsgr,2
RT @TheOpinion_News: Έρχεται η 1η Διεθνή Έκθεση για την Κυκλική Οικονομία “FORWARD GREEN” στη Θεσσαλονίκη https://t.co/yuRtxDQmhQ #Thessalo…, theopinion_news ερχεται η η διεθνη εκθεση για την κυκλικη οικονομια forward green στη θεσσαλονικη thessalo,2
"Παπαθανάσης: «Προτεραιότητα η πράσινη και βιώσιμη ανάπτυξη των νησιών» - Ρεπορτάζ και ειδήσεις για την Οικονομία, τις Επιχειρήσεις, το Χρηματιστήριο, την Πολιτική #mononewsGR https://t.co/a9jL8bTvuf",παπαθανασησ προτεραιοτητα η πρασινη και βιωσιμη αναπτυξη των νησιων ρεπορταζ και ειδησεισ για την οικονομια τισ επιχειρησεισ το χρηματιστηριο την πολιτικη mononewsgr,2
"ΣΕΒ: Προκλήσεις για την ανταγωνιστικότητα δημιουργεί ο στόχος για κλιματική ουδετερότητα -Προτάσεις για Βιώσιμη Ανάπτυξη - Ρεπορτάζ και ειδήσεις για την Οικονομία, τις Επιχειρήσεις, το Χρηματιστήριο, την Πολιτική #mononewsGR https://t.co/gD98MnebRF",σεβ προκλησεισ για την ανταγωνιστικοτητα δημιουργει ο στοχοσ για κλιματικη ουδετεροτητα προτασεισ για βιωσιμη αναπτυξη ρεπορταζ και ειδησεισ για την οικονομια τισ επιχειρησεισ το χρηματιστηριο την πολιτικη mononewsgr,2
Ημερίδα με θέμα: Κυκλική Οικονομία &amp; Διαχείριση Απορριμμάτων (LIVE) - Πελοποννησιακό Πρακτορείο Ειδήσεων https://t.co/rMGsPYtFyR,ημεριδα με θεμα κυκλικη οικονομια amp διαχειριση απορριμματων live πελοποννησιακο πρακτορειο ειδησεων,2
"Κώστας Σκρέκας: Οι Ανανεώσιμες Πηγές Ενέργειας είναι η λύση - Ρεπορτάζ και ειδήσεις για την Οικονομία, τις Επιχειρήσεις, το Χρηματιστήριο, την Πολιτική #mononewsGR https://t.co/1KBetbIds3",κωστασ σκρεκασ οι ανανεωσιμεσ πηγεσ ενεργειασ ειναι η λυση ρεπορταζ και ειδησεισ για την οικονομια τισ επιχειρησεισ το χρηματιστηριο την πολιτικη mononewsgr,2
"Χατζηδάκης: Συνεχίζουμε την πράσινη μετάβαση με κοινωνικό πρόσημο - Ρεπορτάζ και ειδήσεις για την Οικονομία, τις Επιχειρήσεις, το Χρηματιστήριο, την Πολιτική #mononewsGR https://t.co/qEyRCn7CKq",χατζηδακησ συνεχιζουμε την πρασινη μεταβαση με κοινωνικο προσημο ρεπορταζ και ειδησεισ για την οικονομια τισ επιχειρησεισ το χρηματιστηριο την πολιτικη mononewsgr,2
"COP27: Νέο ταμείο για τις φτωχότερες χώρες που πλήττονται από την κλιματική αλλαγή - Ρεπορτάζ και ειδήσεις για την Οικονομία, τις Επιχειρήσεις, το Χρηματιστήριο, την Πολιτική #mononewsGR https://t.co/ovWXvDKz9N",cop νεο ταμειο για τισ φτωχοτερεσ χωρεσ που πληττονται απο την κλιματικη αλλαγη ρεπορταζ και ειδησεισ για την οικονομια τισ επιχειρησεισ το χρηματιστηριο την πολιτικη mononewsgr,2
Forward Green: 1η Διεθνής Έκθεση για την Κυκλική Οικονομία - https://t.co/eiOPQNSsIs https://t.co/AVnWShby9P #1ηΔιεθνήςΈκθεση #ΚυκλικήΟικονομία #ForwardGreen,forward green η διεθνησ εκθεση για την κυκλικη οικονομια ηδιεθνησεκθεση κυκλικηοικονομια forwardgreen,2
"Γρηγόρης Δημητριάδης (Υπερταμείο): Επιτακτική η ανάγκη για βιώσιμη ανάπτυξη και ψηφιακό μετασχηματισμό - Ρεπορτάζ και ειδήσεις για την Οικονομία, τις Επιχειρήσεις, το Χρηματιστήριο, την Πολιτική #mononewsGR https://t.co/ieVQxUsg1Y",γρηγορησ δημητριαδησ υπερταμειο επιτακτικη η αναγκη για βιωσιμη αναπτυξη και ψηφιακο μετασχηματισμο ρεπορταζ και ειδησεισ για την οικονομια τισ επιχειρησεισ το χρηματιστηριο την πολιτικη mononewsgr,2
Μαθητές μυούνται στην κυκλική οικονομία μέσα από το Δελφικό τοπίο https://t.co/mKNAoxwkJr,μαθητεσ μυουνται στην κυκλικη οικονομια μεσα απο το δελφικο τοπιο,2
"Κλιματική αλλαγή: Περισσότεροι από 20.000 θάνατοι στη Δυτική Ευρώπη συνδέονται με τους θερινούς καύσωνες - Ρεπορτάζ και ειδήσεις για την Οικονομία, τις Επιχειρήσεις, το Χρηματιστήριο, την Πολιτική #mononewsGR https://t.co/6eryuVGOWU",κλιματικη αλλαγη περισσοτεροι απο θανατοι στη δυτικη ευρωπη συνδεονται με τουσ θερινουσ καυσωνεσ ρεπορταζ και ειδησεισ για την οικονομια τισ επιχειρησεισ το χρηματιστηριο την πολιτικη mononewsgr,2
Motor Oil: Εξαγορά του 100% της Thalis - Επέκταση στην κυκλική οικονομία https://t.co/FDSHyyUgdg,motor oil εξαγορα του τησ thalis επεκταση στην κυκλικη οικονομια,2
"Motor Oil: Εξαγόρασε το 100% της Thalis ES, επενδύοντας στην κυκλική οικονομία https://t.co/QD9IyDR0yM #businessnewsgr",motor oil εξαγορασε το τησ thalis es επενδυοντασ στην κυκλικη οικονομια businessnewsgr,2
"Μαθητές μυούνται στην κυκλική οικονομία μέσα από το Δελφικό τοπίο

https://t.co/6Seie3bIYr https://t.co/vvSh6gLVNe",μαθητεσ μυουνται στην κυκλικη οικονομια μεσα απο το δελφικο τοπιο,2
"Στις 26 και 27 Νοεμβρίου 2022 στο θέατρο «Μίκης Θεοδωράκης» θα διοργανωθεί το «Climathon» των Χανίων, μια δράση ιδεών για το κλίμα, φιλική προς τις οικογένειες και τα παιδιά, με δωρεάν συμμετοχή. https://t.co/z18TvzWPn9",στισ και νοεμβριου στο θεατρο μικησ θεοδωρακησ θα διοργανωθει το climathon των χανιων μια δραση ιδεων για το κλιμα φιλικη προσ τισ οικογενειεσ και τα παιδια με δωρεαν συμμετοχη,2
"Δημήτρης Ταμβάκης (ΔΕΠΑ Εμπορίας): Προετοιμάζουμε το έδαφος για τη νέα «πράσινη» πραγματικότητα - Ρεπορτάζ και ειδήσεις για την Οικονομία, τις Επιχειρήσεις, το Χρηματιστήριο, την Πολιτική #mononewsGR https://t.co/jCNVja0EEP",δημητρησ ταμβακησ δεπα εμποριασ προετοιμαζουμε το εδαφοσ για τη νεα πρασινη πραγματικοτητα ρεπορταζ και ειδησεισ για την οικονομια τισ επιχειρησεισ το χρηματιστηριο την πολιτικη mononewsgr,2
"Ευρωπαϊκή Επιτροπή-προγραμμα LIFE για το περιβάλλον: Χρηματοδότηση 380 εκατ. ευρώ για 168 νέα έργα - Ρεπορτάζ και ειδήσεις για την Οικονομία, τις Επιχειρήσεις, το Χρηματιστήριο, την Πολιτική #mononewsGR https://t.co/OoSBKSU0rQ",ευρωπαϊκη επιτροπηπρογραμμα life για το περιβαλλον χρηματοδοτηση εκατ ευρω για νεα εργα ρεπορταζ και ειδησεισ για την οικονομια τισ επιχειρησεισ το χρηματιστηριο την πολιτικη mononewsgr,2
Καινοτόμος σχεδιασμός για πράσινη οικονομία στην επαγγελματική εκπαίδευση από το ΠΕΚΕΣ και το ΠΘ https://t.co/KThWNklVnr,καινοτομοσ σχεδιασμοσ για πρασινη οικονομια στην επαγγελματικη εκπαιδευση απο το πεκεσ και το πθ,2
"Γερμανία: Κυβέρνηση και αντιπολίτευση καταδικάζουν τη δράση των ακτιβιστών για το κλίμα «Τελευταία Γενιά» - Ρεπορτάζ και ειδήσεις για την Οικονομία, τις Επιχειρήσεις, το Χρηματιστήριο, την Πολιτική #mononewsGR https://t.co/xL8wOBfKkt",γερμανια κυβερνηση και αντιπολιτευση καταδικαζουν τη δραση των ακτιβιστων για το κλιμα τελευταια γενια ρεπορταζ και ειδησεισ για την οικονομια τισ επιχειρησεισ το χρηματιστηριο την πολιτικη mononewsgr,2
"Στην κυκλική οικονομία η Motor Oil
https://t.co/OxJ9rQ9FLR https://t.co/80fa0OEHrK",στην κυκλικη οικονομια η motor oil,2
Bloomberg: “Η Γερμανία θα ΦΟΡΟΛΟΓΗΣΕΙ ΥΠΕΡΟΓΚΑ και την πράσινη ενέργεια” https://t.co/FYC0DeBadR,bloomberg η γερμανια θα φορολογησει υπερογκα και την πρασινη ενεργεια,2
Περιφέρεια Κρήτης | Βράβευση για τη δράση της στην Κυκλική Οικονομία https://t.co/MsPEBMOrWA,περιφερεια κρητησ βραβευση για τη δραση τησ στην κυκλικη οικονομια,2
Εκπαιδευτική εκδήλωση στον Βόλο για την πράσινη ενέργεια και τη ρομποτική https://t.co/beY1vEr2gP,εκπαιδευτικη εκδηλωση στον βολο για την πρασινη ενεργεια και τη ρομποτικη,2
RT @LykavitosGr: ΕΥΔΑΠ - Διαχείριση υγρών και στερεών αποβλήτων (κυκλική οικονομία)  #ΕΥΔΑΠ https://t.co/Tr5mTzsZvt, lykavitosgr ευδαπ διαχειριση υγρων και στερεων αποβλητων κυκλικη οικονομια ευδαπ,2
RT @LykavitosGr: ΕΥΔΑΠ - Διαχείριση υγρών και στερεών αποβλήτων (κυκλική οικονομία)  #ΕΥΔΑΠ https://t.co/Tr5mTzsZvt, lykavitosgr ευδαπ διαχειριση υγρων και στερεων αποβλητων κυκλικη οικονομια ευδαπ,2
Διαχείριση απορριμμάτων και κυκλική οικονομία δύο αντίθετες προσεγγίσεις στο συνέδριο της ΚΕΔΕ - https://t.co/WJ8yOay753,διαχειριση απορριμματων και κυκλικη οικονομια δυο αντιθετεσ προσεγγισεισ στο συνεδριο τησ κεδε,2
Πράσινη ενέργεια και επενδύσεις στην Λάρισα - LarissaPress https://t.co/TEVdj0YLU6,πρασινη ενεργεια και επενδυσεισ στην λαρισα larissapress,2
"Capital (Βαγγέλης Μαρινάκης): Επενδύσεις ύψους 5,5 δισ. δολ. την τελευταία διετία στην πράσινη ναυτιλία - Ρεπορτάζ και ειδήσεις για την Οικονομία, τις Επιχειρήσεις, το Χρηματιστήριο, την Πολιτική #mononewsGR https://t.co/1pgsdHWX8Z",capital βαγγελησ μαρινακησ επενδυσεισ υψουσ δισ δολ την τελευταια διετια στην πρασινη ναυτιλια ρεπορταζ και ειδησεισ για την οικονομια τισ επιχειρησεισ το χρηματιστηριο την πολιτικη mononewsgr,2
"Βαγγέλης Μαρινάκης (Capital): Επενδύσεις ύψους 5,5 δισ. δολ. την τελευταία διετία στην πράσινη ναυτιλία - mononewsTV - Ρεπορτάζ και ειδήσεις για την Οικονομία, τις Επιχειρήσεις, το Χρηματιστήριο, την Πολιτική #mononewsGR https://t.co/AY6aqppkTy",βαγγελησ μαρινακησ capital επενδυσεισ υψουσ δισ δολ την τελευταια διετια στην πρασινη ναυτιλια mononewstv ρεπορταζ και ειδησεισ για την οικονομια τισ επιχειρησεισ το χρηματιστηριο την πολιτικη mononewsgr,2
"Autohellas: Πράσινη μετάβαση με τη συγχρηματοδότηση της Εθνικής Τράπεζας και του Ταμείου Ανάκαμψης και Ανθεκτικότητας - Ρεπορτάζ και ειδήσεις για την Οικονομία, τις Επιχειρήσεις, το Χρηματιστήριο, την Πολιτική #mononewsGR https://t.co/C3MuXZ62tC",autohellas πρασινη μεταβαση με τη συγχρηματοδοτηση τησ εθνικησ τραπεζασ και του ταμειου ανακαμψησ και ανθεκτικοτητασ ρεπορταζ και ειδησεισ για την οικονομια τισ επιχειρησεισ το χρηματιστηριο την πολιτικη mononewsgr,2
"Σκρέκας στο Capital Link στις ΗΠΑ: «Πρωτοπόρα η Ελλάδα στην ενεργειακή ασφάλεια και την πράσινη μετάβαση» - Ρεπορτάζ και ειδήσεις για την Οικονομία, τις Επιχειρήσεις, το Χρηματιστήριο, την Πολιτική #mononewsGR https://t.co/4ZWS8tZuYd",σκρεκασ στο capital link στισ ηπα πρωτοπορα η ελλαδα στην ενεργειακη ασφαλεια και την πρασινη μεταβαση ρεπορταζ και ειδησεισ για την οικονομια τισ επιχειρησεισ το χρηματιστηριο την πολιτικη mononewsgr,2
"RT @thistimefromme: Τις επόμενες ώρες θα ενταθούν οι σεισμικές δονήσεις σε όλο τον κόσμο, και θα υπάρχουν πολλά blackout; Για να δούμε θα τ…", thistimefromme τισ επομενεσ ωρεσ θα ενταθουν οι σεισμικεσ δονησεισ σε ολο τον κοσμο και θα υπαρχουν πολλα blackout για να δουμε θα τ,2
Κυβέρνηση Μητσοτάκη / Ολιγοπωλιακές τάσεις και στην πράσινη ενέργεια https://t.co/9RS2KHHHW2,κυβερνηση μητσοτακη ολιγοπωλιακεσ τασεισ και στην πρασινη ενεργεια,2
"ΑΠΟΚΛΕΙΣΤΙΚΌ: Κοινωνικού χαρακτήρα η φωτογραφία με την Εύα Καϊλή, τονίζει στο Mononews το περιβάλλον του Ευρωπαίου Επιτρόπου #Καιλη - Ρεπορτάζ και ειδήσεις για την Οικονομία, τις Επιχειρήσεις, το Χρηματιστήριο, την Πολιτική #mononewsGR https://t.co/mkugNZ08XT",αποκλειστικο κοινωνικου χαρακτηρα η φωτογραφια με την ευα καϊλη τονιζει στο mononews το περιβαλλον του ευρωπαιου επιτροπου καιλη ρεπορταζ και ειδησεισ για την οικονομια τισ επιχειρησεισ το χρηματιστηριο την πολιτικη mononewsgr,2
"Energean: 40ή Σύσκεψη για την Υγεία, την Ασφάλεια και το Περιβάλλον στη βιομηχανία πετρελαίου και αερίου - Ρεπορτάζ και ειδήσεις για την Οικονομία, τις Επιχειρήσεις, το Χρηματιστήριο, την Πολιτική #mononewsGR https://t.co/i9Qs1iZaSX",energean η συσκεψη για την υγεια την ασφαλεια και το περιβαλλον στη βιομηχανια πετρελαιου και αεριου ρεπορταζ και ειδησεισ για την οικονομια τισ επιχειρησεισ το χρηματιστηριο την πολιτικη mononewsgr,2
"Energean: 40ή Σύσκεψη για την Υγεία, την Ασφάλεια και το Περιβάλλον στη βιομηχανία πετρελαίου και αερίου - Ρεπορτάζ και ειδήσεις για την Οικονομία, τις Επιχειρήσεις, το Χρηματιστήριο, την Πολιτική #mononewsGR https://t.co/XkAqeG9vnM",energean η συσκεψη για την υγεια την ασφαλεια και το περιβαλλον στη βιομηχανια πετρελαιου και αεριου ρεπορταζ και ειδησεισ για την οικονομια τισ επιχειρησεισ το χρηματιστηριο την πολιτικη mononewsgr,2
"EDP: Η πιο βιώσιμη εταιρεία ηλεκτρικής ενέργειας σύμφωνα με το δείκτη Dow Jones Sustainability Index - Ρεπορτάζ και ειδήσεις για την Οικονομία, τις Επιχειρήσεις, το Χρηματιστήριο, την Πολιτική #mononewsGR https://t.co/HeG9j801Vl",edp η πιο βιωσιμη εταιρεια ηλεκτρικησ ενεργειασ συμφωνα με το δεικτη dow jones sustainability index ρεπορταζ και ειδησεισ για την οικονομια τισ επιχειρησεισ το χρηματιστηριο την πολιτικη mononewsgr,2
"Το ΝΟΥΝΟΥ υλοποιεί δράσεις για ένα πιο βιώσιμο μέλλον! - Ρεπορτάζ και ειδήσεις για την Οικονομία, τις Επιχειρήσεις, το Χρηματιστήριο, την Πολιτική #mononewsGR https://t.co/CF42bwSTld",το νουνου υλοποιει δρασεισ για ενα πιο βιωσιμο μελλον ρεπορταζ και ειδησεισ για την οικονομια τισ επιχειρησεισ το χρηματιστηριο την πολιτικη mononewsgr,2
"#Cyprus 
Βαθμολογική πρωτιά PHAETHON στην ΕΕ για δημιουργία Κέντρου Αριστείας στην Πράσινη και Αειφόρο Ενέργεια 
@UCYOfficial @UCYRector5 
https://t.co/oVN5k6tz5I",cyprus βαθμολογικη πρωτια phaethon στην εε για δημιουργια κεντρου αριστειασ στην πρασινη και αειφορο ενεργεια ucyofficial ucyrector,2
"Η κλιματική αλλαγή θα επιτείνει τις ανθρωπιστικές κρίσεις το 2023 - Ρεπορτάζ και ειδήσεις για την Οικονομία, τις Επιχειρήσεις, το Χρηματιστήριο, την Πολιτική #mononewsGR https://t.co/EXT22GZ4by",η κλιματικη αλλαγη θα επιτεινει τισ ανθρωπιστικεσ κρισεισ το ρεπορταζ και ειδησεισ για την οικονομια τισ επιχειρησεισ το χρηματιστηριο την πολιτικη mononewsgr,2
"Η κλιματική αλλαγή θα επιτείνει τις ανθρωπιστικές κρίσεις το 2023 - Ρεπορτάζ και ειδήσεις για την Οικονομία, τις Επιχειρήσεις, το Χρηματιστήριο, την Πολιτική #mononewsGR https://t.co/aAUfJSP5F4",η κλιματικη αλλαγη θα επιτεινει τισ ανθρωπιστικεσ κρισεισ το ρεπορταζ και ειδησεισ για την οικονομια τισ επιχειρησεισ το χρηματιστηριο την πολιτικη mononewsgr,2
"Η #κλιματική_αλλαγή θα επιτείνει τις ανθρωπιστικές κρίσεις το 2023

https://t.co/BJdQ0AR4O5",η κλιματικη_αλλαγη θα επιτεινει τισ ανθρωπιστικεσ κρισεισ το,2
"Καραγιάννης: Άμεσα συνδεδεμένες με τη βιώσιμη ανάπτυξη οι νέες υποδομές - Ρεπορτάζ και ειδήσεις για την Οικονομία, τις Επιχειρήσεις, το Χρηματιστήριο, την Πολιτική #mononewsGR https://t.co/duxZL9QxgZ",καραγιαννησ αμεσα συνδεδεμενεσ με τη βιωσιμη αναπτυξη οι νεεσ υποδομεσ ρεπορταζ και ειδησεισ για την οικονομια τισ επιχειρησεισ το χρηματιστηριο την πολιτικη mononewsgr,2
"Από ανανεώσιμες πηγές το 39% της ζήτησης ηλεκτρικής ενέργειας το 2022 - Ρεπορτάζ και ειδήσεις για την Οικονομία, τις Επιχειρήσεις, το Χρηματιστήριο, την Πολιτική #mononewsGR https://t.co/pRthFqPcGt",απο ανανεωσιμεσ πηγεσ το τησ ζητησησ ηλεκτρικησ ενεργειασ το ρεπορταζ και ειδησεισ για την οικονομια τισ επιχειρησεισ το χρηματιστηριο την πολιτικη mononewsgr,2
"Αλεξάνδρα Σδούκου: Η πράσινη μετάβαση σε εκδήλωση της WIMA στο Βιοτεχνικό Επιμελητήριο Πειραιά - Ρεπορτάζ και ειδήσεις για την Οικονομία, τις Επιχειρήσεις, το Χρηματιστήριο, την Πολιτική #mononewsGR https://t.co/n7qQK0YMW8",αλεξανδρα σδουκου η πρασινη μεταβαση σε εκδηλωση τησ wima στο βιοτεχνικο επιμελητηριο πειραια ρεπορταζ και ειδησεισ για την οικονομια τισ επιχειρησεισ το χρηματιστηριο την πολιτικη mononewsgr,2
"Δένδιας: «Το περιβάλλον είναι η τεράστια πρόκληση που αντιμετωπίζει η ανθρωπότητα στον 21ο αιώνα» - Ρεπορτάζ και ειδήσεις για την Οικονομία, τις Επιχειρήσεις, το Χρηματιστήριο, την Πολιτική #mononewsGR https://t.co/e06jCSl3rY",δενδιασ το περιβαλλον ειναι η τεραστια προκληση που αντιμετωπιζει η ανθρωποτητα στον ο αιωνα ρεπορταζ και ειδησεισ για την οικονομια τισ επιχειρησεισ το χρηματιστηριο την πολιτικη mononewsgr,2
"Coca-Cola HBC: Η πιο βιώσιμη εταιρεία ποτών στον κόσμο, με βάση τον Δείκτη Βιώσιμης Ανάπτυξης Dow Jones (DJSI) - Ρεπορτάζ και ειδήσεις για την Οικονομία, τις Επιχειρήσεις, το Χρηματιστήριο, την Πολιτική #mononewsGR https://t.co/CLfXBuBUGl",cocacola hbc η πιο βιωσιμη εταιρεια ποτων στον κοσμο με βαση τον δεικτη βιωσιμησ αναπτυξησ dow jones djsi ρεπορταζ και ειδησεισ για την οικονομια τισ επιχειρησεισ το χρηματιστηριο την πολιτικη mononewsgr,2
"ΤΕΝ: Έχουμε ευθύνη να βοηθήσουμε την παγκόσμια κοινότητα της ναυτιλίας να μεταβεί σε ένα πιο βιώσιμο μέλλον - Ρεπορτάζ και ειδήσεις για την Οικονομία, τις Επιχειρήσεις, το Χρηματιστήριο, την Πολιτική #mononewsGR https://t.co/eKrXYTpR4v",τεν εχουμε ευθυνη να βοηθησουμε την παγκοσμια κοινοτητα τησ ναυτιλιασ να μεταβει σε ενα πιο βιωσιμο μελλον ρεπορταζ και ειδησεισ για την οικονομια τισ επιχειρησεισ το χρηματιστηριο την πολιτικη mononewsgr,2
Μπορντώ: O αυτοκινητόδρομος που θα δίνει «πράσινη» ενέργεια σε 40.000 σπίτια https://t.co/y6OoVZKbBH,μπορντω o αυτοκινητοδρομοσ που θα δινει πρασινη ενεργεια σε σπιτια,2
"Σταύρος Κατσικάδης: Η Μαρίνα Φλοίσβου κρατά σταθερές τις κύριες πολιτικές της για το περιβάλλον και την κοινωνία - Ρεπορτάζ και ειδήσεις για την Οικονομία, τις Επιχειρήσεις, το Χρηματιστήριο, την Πολιτική #mononewsGR https://t.co/cr50tZXFCm",σταυροσ κατσικαδησ η μαρινα φλοισβου κρατα σταθερεσ τισ κυριεσ πολιτικεσ τησ για το περιβαλλον και την κοινωνια ρεπορταζ και ειδησεισ για την οικονομια τισ επιχειρησεισ το χρηματιστηριο την πολιτικη mononewsgr,2
"BLUE STAR FERRIES: Περιβαλλοντική Ημερίδα «Κλιματική Αλλαγή και Σημερινές Προκλήσεις» - Ρεπορτάζ και ειδήσεις για την Οικονομία, τις Επιχειρήσεις, το Χρηματιστήριο, την Πολιτική #mononewsGR https://t.co/mERJP678SN",blue star ferries περιβαλλοντικη ημεριδα κλιματικη αλλαγη και σημερινεσ προκλησεισ ρεπορταζ και ειδησεισ για την οικονομια τισ επιχειρησεισ το χρηματιστηριο την πολιτικη mononewsgr,2
"Σταύρος Κατσικάδης: Η Μαρίνα Φλοίσβου κρατά σταθερές τις κύριες πολιτικές της για το περιβάλλον και την κοινωνία - mononewsTV - Ρεπορτάζ και ειδήσεις για την Οικονομία, τις Επιχειρήσεις, το Χρηματιστήριο, την Πολιτική #mononewsGR https://t.co/wHPzNCVL8I",σταυροσ κατσικαδησ η μαρινα φλοισβου κρατα σταθερεσ τισ κυριεσ πολιτικεσ τησ για το περιβαλλον και την κοινωνια mononewstv ρεπορταζ και ειδησεισ για την οικονομια τισ επιχειρησεισ το χρηματιστηριο την πολιτικη mononewsgr,2
"Πόλεμος για την πράσινη ενέργεια από τους δύο πιο ισχυρούς άντρες της Ινδίας - Ρεπορτάζ και ειδήσεις για την Οικονομία, τις Επιχειρήσεις, το Χρηματιστήριο, την Πολιτική #mononewsGR https://t.co/QppqF9iYiH",πολεμοσ για την πρασινη ενεργεια απο τουσ δυο πιο ισχυρουσ αντρεσ τησ ινδιασ ρεπορταζ και ειδησεισ για την οικονομια τισ επιχειρησεισ το χρηματιστηριο την πολιτικη mononewsgr,2
Ενεργειακή αυτονομία και πράσινη οικονομία μέσω του ορυκτού πλούτου https://t.co/00J3TnMfhX,ενεργειακη αυτονομια και πρασινη οικονομια μεσω του ορυκτου πλουτου,2
"Ο πρόεδρος του Επιμελητηρίου Χανίων τονίζει ότι πρέπει να δοθεί έμφαση στην Καινοτομία, την Αειφορία και την Εξωστρέφεια, προκειμένου οι επιχειρήσεις να ανταπεξέλθουν αποτελεσματικά στις προκλήσεις του νέου Οικονομικού περιβάλλοντος… https://t.co/UQ85cqHoSh",ο προεδροσ του επιμελητηριου χανιων τονιζει οτι πρεπει να δοθει εμφαση στην καινοτομια την αειφορια και την εξωστρεφεια προκειμενου οι επιχειρησεισ να ανταπεξελθουν αποτελεσματικα στισ προκλησεισ του νεου οικονομικου περιβαλλοντοσ,2
"Μπέττυ Χαραλαμποπούλου (TRIQUETRA): Πώς 6 χώρες ενώνουν τις δυνάμεις τους για την κλιματική αλλαγή - Ρεπορτάζ και ειδήσεις για την Οικονομία, τις Επιχειρήσεις, το Χρηματιστήριο, την Πολιτική #mononewsGR https://t.co/6xirMreszh",μπεττυ χαραλαμποπουλου triquetra πωσ χωρεσ ενωνουν τισ δυναμεισ τουσ για την κλιματικη αλλαγη ρεπορταζ και ειδησεισ για την οικονομια τισ επιχειρησεισ το χρηματιστηριο την πολιτικη mononewsgr,2
"Ο πρόεδρος του Επιμελητηρίου Χανίων τονίζει ότι πρέπει να δοθεί έμφαση στην Καινοτομία, την Αειφορία και την Εξωστρέφεια, προκειμένου οι επιχειρήσεις να ανταπεξέλθουν αποτελεσματικά στις προκλήσεις του νέου Οικονομικού περιβάλλοντος… https://t.co/v29xvQFfzs",ο προεδροσ του επιμελητηριου χανιων τονιζει οτι πρεπει να δοθει εμφαση στην καινοτομια την αειφορια και την εξωστρεφεια προκειμενου οι επιχειρησεισ να ανταπεξελθουν αποτελεσματικα στισ προκλησεισ του νεου οικονομικου περιβαλλοντοσ,2
Μνημόνιο συνεργασίας από ΕΜΠ και ΙΜΕ ΓΣΕΒΕΕ για την κυκλική οικονομία https://t.co/z28IlFF9Em #businessnewsgr,μνημονιο συνεργασιασ απο εμπ και ιμε γσεβεε για την κυκλικη οικονομια businessnewsgr,2
"Η Νάξος στις κορυφαίες τάσεις του κόσμου για βιώσιμο ταξίδι το 2023 - Ρεπορτάζ και ειδήσεις για την Οικονομία, τις Επιχειρήσεις, το Χρηματιστήριο, την Πολιτική #mononewsGR https://t.co/Py56tR7Blc",η ναξοσ στισ κορυφαιεσ τασεισ του κοσμου για βιωσιμο ταξιδι το ρεπορταζ και ειδησεισ για την οικονομια τισ επιχειρησεισ το χρηματιστηριο την πολιτικη mononewsgr,2
"Μνημόνια Συνεργασίας ΕΜΠ με ΜμΕ για κυκλική παραγωγή και διάθεση προϊόντων - Ρεπορτάζ και ειδήσεις για την Οικονομία, τις Επιχειρήσεις, το Χρηματιστήριο, την Πολιτική #mononewsGR https://t.co/470MMGJLVa",μνημονια συνεργασιασ εμπ με μμε για κυκλικη παραγωγη και διαθεση προϊοντων ρεπορταζ και ειδησεισ για την οικονομια τισ επιχειρησεισ το χρηματιστηριο την πολιτικη mononewsgr,2
"Σκρέκας: «Προωθούμε την Πράσινη Μετάβαση, συνεχίζουμε αποφασιστικά τη δημοπράτηση μονάδων επεξεργασίας αποβλήτων» - Ρεπορτάζ και ειδήσεις για την Οικονομία, τις Επιχειρήσεις, το Χρηματιστήριο, την Πολιτική #mononewsGR https://t.co/CAAvfZ0dmW",σκρεκασ προωθουμε την πρασινη μεταβαση συνεχιζουμε αποφασιστικα τη δημοπρατηση μοναδων επεξεργασιασ αποβλητων ρεπορταζ και ειδησεισ για την οικονομια τισ επιχειρησεισ το χρηματιστηριο την πολιτικη mononewsgr,2
"Σταϊκούρας: «Στο ασταθές παγκόσμιο περιβάλλον, η Ελλάδα τα έχει καταφέρει» - Ρεπορτάζ και ειδήσεις για την Οικονομία, τις Επιχειρήσεις, το Χρηματιστήριο, την Πολιτική #mononewsGR https://t.co/fS9AZ3LHhK",σταϊκουρασ στο ασταθεσ παγκοσμιο περιβαλλον η ελλαδα τα εχει καταφερει ρεπορταζ και ειδησεισ για την οικονομια τισ επιχειρησεισ το χρηματιστηριο την πολιτικη mononewsgr,2
"Νταβός 2023: Οικονομία, πόλεμος, κλιματική κρίση στο Παγκόσμιο Οικονομικό Φόρουμ https://t.co/FQ8iKhXev9",νταβοσ οικονομια πολεμοσ κλιματικη κριση στο παγκοσμιο οικονομικο φορουμ,2
«Κυκλική οικονομία: Ένας νέος δρόμος προοπτικής!» https://t.co/VKJRINgFWS,κυκλικη οικονομια ενασ νεοσ δρομοσ προοπτικησ,2
"ΕΣΠΑ: Πρεμιέρα με 1 δισ. ευρώ σε ΜμΕ για πράσινη μετάβαση και ψηφιακό μετασχηματισμό - Ρεπορτάζ και ειδήσεις για την Οικονομία, τις Επιχειρήσεις, το Χρηματιστήριο, την Πολιτική #mononewsGR https://t.co/k55pcBQtUr",εσπα πρεμιερα με δισ ευρω σε μμε για πρασινη μεταβαση και ψηφιακο μετασχηματισμο ρεπορταζ και ειδησεισ για την οικονομια τισ επιχειρησεισ το χρηματιστηριο την πολιτικη mononewsgr,2
Σε έξι μήνες μικρές και μεσαίες επιχειρήσεις θα πάρουν 1 δις ευρώ για επενδύσεις σε ψηφιακά μέσα και σε πράσινη ενέργεια https://t.co/MMgo9xwoL0,σε εξι μηνεσ μικρεσ και μεσαιεσ επιχειρησεισ θα παρουν δισ ευρω για επενδυσεισ σε ψηφιακα μεσα και σε πρασινη ενεργεια,2
"Rafal Brzoska (InPost): Οι θυρίδες είναι ο πιο βιώσιμος τρόπος ανάπτυξης e-commerce - Τι είπε για Ελλάδα - Ρεπορτάζ και ειδήσεις για την Οικονομία, τις Επιχειρήσεις, το Χρηματιστήριο, την Πολιτική #mononewsGR https://t.co/ckYX3roj4F",rafal brzoska inpost οι θυριδεσ ειναι ο πιο βιωσιμοσ τροποσ αναπτυξησ ecommerce τι ειπε για ελλαδα ρεπορταζ και ειδησεισ για την οικονομια τισ επιχειρησεισ το χρηματιστηριο την πολιτικη mononewsgr,2
"Eurolife FFH: Αξία έχει να φροντίζεις για την επιχείρησή σου και στο ψηφιακό περιβάλλον - Ρεπορτάζ και ειδήσεις για την Οικονομία, τις Επιχειρήσεις, το Χρηματιστήριο, την Πολιτική #mononewsGR https://t.co/3IKSlMcTxM",eurolife ffh αξια εχει να φροντιζεισ για την επιχειρηση σου και στο ψηφιακο περιβαλλον ρεπορταζ και ειδησεισ για την οικονομια τισ επιχειρησεισ το χρηματιστηριο την πολιτικη mononewsgr,2
"#Νταβός – Παγκόσμιο Οικονομικό Φόρουμ: Πανδημία, Οικονομία, Ενέργεια, Ουκρανία &amp; Περιβάλλον στην ατζέντα (video) https://t.co/DFRU2GuwN4",νταβοσ παγκοσμιο οικονομικο φορουμ πανδημια οικονομια ενεργεια ουκρανια amp περιβαλλον στην ατζεντα video,2
"💵💷10 «στοιχήματα» για την ελληνική #οικονομία το 2023
Το γράφημα αποτυπώνει τους στόχους του υπουργείου Οικονομικών για το τρέχον έτος, την ώρα που η παγκόσμια οικονομία κινείται σε ένα περιβάλλον έντονης ρευστότητας

https://t.co/GHmszVHhBH https://t.co/mVQVVzmwdx",στοιχηματα για την ελληνικη οικονομια το το γραφημα αποτυπωνει τουσ στοχουσ του υπουργειου οικονομικων για το τρεχον ετοσ την ωρα που η παγκοσμια οικονομια κινειται σε ενα περιβαλλον εντονησ ρευστοτητασ,2
"H Lidl Ελλάς δημιουργεί αξία στον δρόμο για ένα βιώσιμο αύριο - Ρεπορτάζ και ειδήσεις για την Οικονομία, τις Επιχειρήσεις, το Χρηματιστήριο, την Πολιτική #mononewsGR https://t.co/eGbGiTDtxC",h lidl ελλασ δημιουργει αξια στον δρομο για ενα βιωσιμο αυριο ρεπορταζ και ειδησεισ για την οικονομια τισ επιχειρησεισ το χρηματιστηριο την πολιτικη mononewsgr,2
"Παγκόσμια πρώτη για τη Mytilineos: Σε περιβάλλον Metaverse θα παρουσιαστούν τα οικονομικά αποτελέσματα 2022 - Ρεπορτάζ και ειδήσεις για την Οικονομία, τις Επιχειρήσεις, το Χρηματιστήριο, την Πολιτική #mononewsGR https://t.co/X3nB3fVbYz",παγκοσμια πρωτη για τη mytilineos σε περιβαλλον metaverse θα παρουσιαστουν τα οικονομικα αποτελεσματα ρεπορταζ και ειδησεισ για την οικονομια τισ επιχειρησεισ το χρηματιστηριο την πολιτικη mononewsgr,2
"HELMEPA: Ανάγκη για περισσότερη επιμόρφωση και νέες δεξιότητες για την πράσινη μετάβαση και τη ναυτική ασφάλεια - Ρεπορτάζ και ειδήσεις για την Οικονομία, τις Επιχειρήσεις, το Χρηματιστήριο, την Πολιτική #mononewsGR https://t.co/spbb4Et80S",helmepa αναγκη για περισσοτερη επιμορφωση και νεεσ δεξιοτητεσ για την πρασινη μεταβαση και τη ναυτικη ασφαλεια ρεπορταζ και ειδησεισ για την οικονομια τισ επιχειρησεισ το χρηματιστηριο την πολιτικη mononewsgr,2
"Public: Νέα φιλική προς το περιβάλλον υπηρεσία 24ωρης παραλαβής από locker - Ρεπορτάζ και ειδήσεις για την Οικονομία, τις Επιχειρήσεις, το Χρηματιστήριο, την Πολιτική #mononewsGR https://t.co/IUtlo7uDv1",public νεα φιλικη προσ το περιβαλλον υπηρεσια ωρησ παραλαβησ απο locker ρεπορταζ και ειδησεισ για την οικονομια τισ επιχειρησεισ το χρηματιστηριο την πολιτικη mononewsgr,2
ΕΒΕ Ξάνθης: Eκδήλωση με τίτλο «Κυκλική Οικονομία &amp; Τουρισμός» https://t.co/PQ9cZ5ty5P,εβε ξανθησ eκδηλωση με τιτλο κυκλικη οικονομια amp τουρισμοσ,2
"Η Κυκλική Οικονομία στη Βουλή, από τον Χάρη Μαμουλάκη (vid) https://t.co/xZzrXCPKpg",η κυκλικη οικονομια στη βουλη απο τον χαρη μαμουλακη vid,2
"ΥΠΠΟΑ: «Όλη η Ελλάδα ένας Πολιτισμός 2023» με θέμα την κλιματική κρίση - Ρεπορτάζ και ειδήσεις για την Οικονομία, τις Επιχειρήσεις, το Χρηματιστήριο, την Πολιτική #mononewsGR https://t.co/4Zw0bUpZhK",υπποα ολη η ελλαδα ενασ πολιτισμοσ με θεμα την κλιματικη κριση ρεπορταζ και ειδησεισ για την οικονομια τισ επιχειρησεισ το χρηματιστηριο την πολιτικη mononewsgr,2
Κώστας Σκρέκας στη ΟΝΝΕΔ: «Χρέος μας να κάνουμε την κυκλική οικονομία αναπόσπαστο κομμάτι της καθημερινότητάς μας» https://t.co/VTCfQWzI4W,κωστασ σκρεκασ στη οννεδ χρεοσ μασ να κανουμε την κυκλικη οικονομια αναποσπαστο κομματι τησ καθημερινοτητασ μασ,2
"Στην Ιαπωνία ο Κυριάκος Μητσοτάκης: Στο επίκεντρο επενδύσεις σε τεχνολογία και πράσινη ενέργεια - Ρεπορτάζ και ειδήσεις για την Οικονομία, τις Επιχειρήσεις, το Χρηματιστήριο, την Πολιτική #mononewsGR https://t.co/jiJxwucUO1",στην ιαπωνια ο κυριακοσ μητσοτακησ στο επικεντρο επενδυσεισ σε τεχνολογια και πρασινη ενεργεια ρεπορταζ και ειδησεισ για την οικονομια τισ επιχειρησεισ το χρηματιστηριο την πολιτικη mononewsgr,2
Σε 48ωρη απεργία οι καλλιτέχνες παρά τις εξαγγελίες Μητσοτάκη - «Στο άγονο περιβάλλον συνεχίζουμε τις κινητοποιήσεις» - LarissaPress https://t.co/fcnuI6H35v,σε ωρη απεργια οι καλλιτεχνεσ παρα τισ εξαγγελιεσ μητσοτακη στο αγονο περιβαλλον συνεχιζουμε τισ κινητοποιησεισ larissapress,2
"Κομισιόν: «Φρένο» σε νέο δανεισμό για την «πράσινη βιομηχανία» - Ρεπορτάζ και ειδήσεις για την Οικονομία, τις Επιχειρήσεις, το Χρηματιστήριο, την Πολιτική #mononewsGR https://t.co/XbOTQNURRC",κομισιον φρενο σε νεο δανεισμο για την πρασινη βιομηχανια ρεπορταζ και ειδησεισ για την οικονομια τισ επιχειρησεισ το χρηματιστηριο την πολιτικη mononewsgr,2
"Ίδρυμα #Vodafone: 130 ώρες δωρεάν επιμόρφωσης για εκπαιδευτικούς στο περιβάλλον STEAM | Ρεπορτάζ και ειδήσεις για την Οικονομία, τις Επιχειρήσεις, το Χρηματιστήριο, την Πολιτική https://t.co/UN7HE86aKM",ιδρυμα vodafone ωρεσ δωρεαν επιμορφωσησ για εκπαιδευτικουσ στο περιβαλλον steam ρεπορταζ και ειδησεισ για την οικονομια τισ επιχειρησεισ το χρηματιστηριο την πολιτικη,2
"Περιφέρεια Αττικής, ΕΔΣΝΑ &amp; 1.500 αρτοποιοί, «ανοίγουν» το δρόμο στην κυκλική οικονομία https://t.co/ppIart04g0",περιφερεια αττικησ εδσνα amp αρτοποιοι ανοιγουν το δρομο στην κυκλικη οικονομια,2
"Shipbreaking Platform: Διαλύθηκαν 443 πλοία το 2022, αλλά προκάλεσαν σοβαρές βλάβες στο περιβάλλον - Ρεπορτάζ και ειδήσεις για την Οικονομία, τις Επιχειρήσεις, το Χρηματιστήριο, την Πολιτική #mononewsGR https://t.co/tMIQq8aq4X",shipbreaking platform διαλυθηκαν πλοια το αλλα προκαλεσαν σοβαρεσ βλαβεσ στο περιβαλλον ρεπορταζ και ειδησεισ για την οικονομια τισ επιχειρησεισ το χρηματιστηριο την πολιτικη mononewsgr,2
"Κρήτη | Ενέργεια, υγιεινή και ασφάλεια προτεραιότητες για βιώσιμο τουρισμό https://t.co/kzHTi9NaP5",κρητη ενεργεια υγιεινη και ασφαλεια προτεραιοτητεσ για βιωσιμο τουρισμο,2
"Σκρέκας: Η κυβέρνηση κάνει πράξη την απαίτηση για την Πράσινη Μετάβαση - Ρεπορτάζ και ειδήσεις για την Οικονομία, τις Επιχειρήσεις, το Χρηματιστήριο, την Πολιτική #mononewsGR https://t.co/HkaKGiLZnU",σκρεκασ η κυβερνηση κανει πραξη την απαιτηση για την πρασινη μεταβαση ρεπορταζ και ειδησεισ για την οικονομια τισ επιχειρησεισ το χρηματιστηριο την πολιτικη mononewsgr,2
"«Δεν θα κατέχετε τίποτα»! Αυτό είναι ΚΥΚΛΙΚΗ ΟΙΚΟΝΟΜΙΑ και «εισβάλλει» παντού, vid https://t.co/a1Oce8B8UE",δεν θα κατεχετε τιποτα αυτο ειναι κυκλικη οικονομια και εισβαλλει παντου vid,2
RT @LykavitosGr: Συμφωνία συνεργασίας MYTILINEOS - EDPR για την πράσινη ενέργεια  #Mytilineos https://t.co/tPArtdoTXu, lykavitosgr συμφωνια συνεργασιασ mytilineos edpr για την πρασινη ενεργεια mytilineos,2
RT @LykavitosGr: Συμφωνία συνεργασίας MYTILINEOS - EDPR για την πράσινη ενέργεια  #Mytilineos https://t.co/tPArtdoTXu, lykavitosgr συμφωνια συνεργασιασ mytilineos edpr για την πρασινη ενεργεια mytilineos,2
"Στουρνάρας: Μεγαλύτερη απειλή για τη βιωσιμότητα των κοινωνιών η κλιματική αλλαγή - Ρεπορτάζ και ειδήσεις για την Οικονομία, τις Επιχειρήσεις, το Χρηματιστήριο, την Πολιτική #mononewsGR https://t.co/nITG9YVjHh",στουρναρασ μεγαλυτερη απειλη για τη βιωσιμοτητα των κοινωνιων η κλιματικη αλλαγη ρεπορταζ και ειδησεισ για την οικονομια τισ επιχειρησεισ το χρηματιστηριο την πολιτικη mononewsgr,2
"Calamos Investments-Γιάννης Αντετοκούνμπο: Στο NYSE το νέο βιώσιμο fund SROI -Στις 31 Μαρτίου η τελετή έναρξη συνεδρίασης - Ρεπορτάζ και ειδήσεις για την Οικονομία, τις Επιχειρήσεις, το Χρηματιστήριο, την Πολιτική #mononewsGR https://t.co/qunfjFA9RD",calamos investmentsγιαννησ αντετοκουνμπο στο nyse το νεο βιωσιμο fund sroi στισ μαρτιου η τελετη εναρξη συνεδριασησ ρεπορταζ και ειδησεισ για την οικονομια τισ επιχειρησεισ το χρηματιστηριο την πολιτικη mononewsgr,2
"Ουκρανία: «Βιώσιμη ειρήνη» θα ζητήσει η Γενική Συνέλευση του ΟΗΕ με αφορμή την πρώτη επέτειο από τη ρωσική εισβολή - Ρεπορτάζ και ειδήσεις για την Οικονομία, τις Επιχειρήσεις, το Χρηματιστήριο, την Πολιτική #mononewsGR https://t.co/WinQWPuSmf",ουκρανια βιωσιμη ειρηνη θα ζητησει η γενικη συνελευση του οηε με αφορμη την πρωτη επετειο απο τη ρωσικη εισβολη ρεπορταζ και ειδησεισ για την οικονομια τισ επιχειρησεισ το χρηματιστηριο την πολιτικη mononewsgr,2
"Νομοσχέδιο ΥΠΕΝ: Πρόσβαση στην πράσινη ενέργεια και στην κοινωνία - Ρεπορτάζ και ειδήσεις για την Οικονομία, τις Επιχειρήσεις, το Χρηματιστήριο, την Πολιτική #mononewsGR https://t.co/tk3HXt7k9V",νομοσχεδιο υπεν προσβαση στην πρασινη ενεργεια και στην κοινωνια ρεπορταζ και ειδησεισ για την οικονομια τισ επιχειρησεισ το χρηματιστηριο την πολιτικη mononewsgr,2
"Σ.Ε.Ε.Ν.: Υποστηρίζει και επιταχύνει την Πράσινη Μετάβαση της ακτοπλοΐας με την ηλεκτροδότηση των πλοίων της στα λιμάνια - Ρεπορτάζ και ειδήσεις για την Οικονομία, τις Επιχειρήσεις, το Χρηματιστήριο, την Πολιτική #mononewsGR https://t.co/7EcnNNdb5L",σεεν υποστηριζει και επιταχυνει την πρασινη μεταβαση τησ ακτοπλοΐασ με την ηλεκτροδοτηση των πλοιων τησ στα λιμανια ρεπορταζ και ειδησεισ για την οικονομια τισ επιχειρησεισ το χρηματιστηριο την πολιτικη mononewsgr,2
"Κικίλιας: Η νησιωτικότητα στρατηγικό πλεονέκτημα της Ελλάδας και στον βιώσιμο τουρισμό - Αύξηση 20% στην τουριστική κίνηση φέτος - Ρεπορτάζ και ειδήσεις για την Οικονομία, τις Επιχειρήσεις, το Χρηματιστήριο, την Πολιτική #mononewsGR https://t.co/evgXeC8NkT",κικιλιασ η νησιωτικοτητα στρατηγικο πλεονεκτημα τησ ελλαδασ και στον βιωσιμο τουρισμο αυξηση στην τουριστικη κινηση φετοσ ρεπορταζ και ειδησεισ για την οικονομια τισ επιχειρησεισ το χρηματιστηριο την πολιτικη mononewsgr,2
"RT @Vkikilias: Χρέος μας για τις επόμενες γενιές, είναι να αφήσουμε ένα τόπο καλύτερο. Η νησιωτικότητα αποτελεί στρατηγικό στρατηγικό πλεον…", vkikilias χρεοσ μασ για τισ επομενεσ γενιεσ ειναι να αφησουμε ενα τοπο καλυτερο η νησιωτικοτητα αποτελει στρατηγικο στρατηγικο πλεον,2
"RT @Vkikilias: Χρέος μας για τις επόμενες γενιές, είναι να αφήσουμε ένα τόπο καλύτερο. Η νησιωτικότητα αποτελεί στρατηγικό στρατηγικό πλεον…", vkikilias χρεοσ μασ για τισ επομενεσ γενιεσ ειναι να αφησουμε ενα τοπο καλυτερο η νησιωτικοτητα αποτελει στρατηγικο στρατηγικο πλεον,2
"ΥΠΕΝ: Ο θαλάσσιος χωροταξικός σχεδιασμός διασφαλίζει την ειρήνη και τη συνεργασία και προστατεύει το περιβάλλον - Ρεπορτάζ και ειδήσεις για την Οικονομία, τις Επιχειρήσεις, το Χρηματιστήριο, την Πολιτική #mononewsGR https://t.co/34mxVbhpKh",υπεν ο θαλασσιοσ χωροταξικοσ σχεδιασμοσ διασφαλιζει την ειρηνη και τη συνεργασια και προστατευει το περιβαλλον ρεπορταζ και ειδησεισ για την οικονομια τισ επιχειρησεισ το χρηματιστηριο την πολιτικη mononewsgr,2
"Mega deal στην «πράσινη» ενέργεια μεταξύ Vodafone, MYTILINEOS και Centrica https://t.co/jnjcojzraj",mega deal στην πρασινη ενεργεια μεταξυ vodafone mytilineos και centrica,2
"Alumil: Στόχος η βιώσιμη ανάπτυξη με επενδύσεις σε ΑΠΕ και καινοτομία - Ρεπορτάζ και ειδήσεις για την Οικονομία, τις Επιχειρήσεις, το Χρηματιστήριο, την Πολιτική #mononewsGR https://t.co/3VxVk2R4nV",alumil στοχοσ η βιωσιμη αναπτυξη με επενδυσεισ σε απε και καινοτομια ρεπορταζ και ειδησεισ για την οικονομια τισ επιχειρησεισ το χρηματιστηριο την πολιτικη mononewsgr,2
"Γ. Αρβανιτίδης: «Πράσινη Επιχειρηματικότητα και Κυκλική Οικονομία, τα μεγάλα στοιχήματα του αύριο»
#Αρβανιτίδης #επιχειρηματικότητα #ΠΑΣΟΚ
https://t.co/u14lrNGqXk",γ αρβανιτιδησ πρασινη επιχειρηματικοτητα και κυκλικη οικονομια τα μεγαλα στοιχηματα του αυριο αρβανιτιδησ επιχειρηματικοτητα πασοκ,2
Πράσινη ενέργεια των εκκατομυρίων ευρώ που μπαίνουν σε συγκεκριμένες τσέπες μόνο... https://t.co/a4D5CKrJQr,πρασινη ενεργεια των εκκατομυριων ευρω που μπαινουν σε συγκεκριμενεσ τσεπεσ μονο,2
"Χαράλαμπος Σημαντώνης (Ένωση Ναυτιλίας Μικρών Αποστάσεων): Να δοθούν κίνητρα για τη πράσινη μετάβαση της shortsea - Ρεπορτάζ και ειδήσεις για την Οικονομία, τις Επιχειρήσεις, το Χρηματιστήριο, την Πολιτική #mononewsGR https://t.co/hHRrnRJ2Fw",χαραλαμποσ σημαντωνησ ενωση ναυτιλιασ μικρων αποστασεων να δοθουν κινητρα για τη πρασινη μεταβαση τησ shosea ρεπορταζ και ειδησεισ για την οικονομια τισ επιχειρησεισ το χρηματιστηριο την πολιτικη mononewsgr,2
Η Περιφέρεια Κεντρικής Μακεδονίας μέλος της πρωτοβουλίας Ευρωπαϊκών Πόλεων και Περιφερειών που στηρίζουν την κυκλική οικονομία - https://t.co/eRdyC6Q1nY,η περιφερεια κεντρικησ μακεδονιασ μελοσ τησ πρωτοβουλιασ ευρωπαϊκων πολεων και περιφερειων που στηριζουν την κυκλικη οικονομια,2
"RT @KBakoyannis: Πράσινη ενέργεια, μηδενική εκπομπή ρύπων,βιώσιμη κινητικότητα. Βαρύγδουπες έννοιες.Η βασική μετάβαση που απαιτεί η κλιματι…", kbakoyannis πρασινη ενεργεια μηδενικη εκπομπη ρυπωνβιωσιμη κινητικοτητα βαρυγδουπεσ εννοιεση βασικη μεταβαση που απαιτει η κλιματι,2
"Γεωργιάδης: Όσο αυξάνεται στο ενεργειακό μείγμα η πράσινη ενέργεια, η βιομηχανία μας θα γίνεται πιο ανταγωνιστική - Ρεπορτάζ και ειδήσεις για την Οικονομία, τις Επιχειρήσεις, το Χρηματιστήριο, την Πολιτική #mononewsGR https://t.co/y59AjE4Clw",γεωργιαδησ οσο αυξανεται στο ενεργειακο μειγμα η πρασινη ενεργεια η βιομηχανια μασ θα γινεται πιο ανταγωνιστικη ρεπορταζ και ειδησεισ για την οικονομια τισ επιχειρησεισ το χρηματιστηριο την πολιτικη mononewsgr,2
[Κλικ και διαβάστε στο cnn] #Γεωργιάδης: Η πράσινη ενέργεια θα κάνει πιο ανταγωνιστική την ελληνική  #Βιομηχανία https://t.co/UFDOPJOWry,κλικ και διαβαστε στο cnn γεωργιαδησ η πρασινη ενεργεια θα κανει πιο ανταγωνιστικη την ελληνικη βιομηχανια,2
Κυκλική Οικονομία: Ώρα για δράση αλλά με ποιους και με ποιο τρόπο https://t.co/ki9j55Ka29,κυκλικη οικονομια ωρα για δραση αλλα με ποιουσ και με ποιο τροπο,2
"Άδ. Γεωργιάδης: «Όσο αυξάνεται στο ενεργειακό μείγμα η πράσινη ενέργεια, η βιομηχανία μας θα γίνεται πιο ανταγωνιστική» https://t.co/24huj1WST3",αδ γεωργιαδησ οσο αυξανεται στο ενεργειακο μειγμα η πρασινη ενεργεια η βιομηχανια μασ θα γινεται πιο ανταγωνιστικη,2
"Περιφέρεια Αττική: Με 100% ευρωπαϊκή χρηματοδότηση η «πράσινη» ανάπλαση του Φαληρικού Όρμου - Ρεπορτάζ και ειδήσεις για την Οικονομία, τις Επιχειρήσεις, το Χρηματιστήριο, την Πολιτική #mononewsGR https://t.co/XEvfDbJaD4",περιφερεια αττικη με ευρωπαϊκη χρηματοδοτηση η πρασινη αναπλαση του φαληρικου ορμου ρεπορταζ και ειδησεισ για την οικονομια τισ επιχειρησεισ το χρηματιστηριο την πολιτικη mononewsgr,2
"Μαρίνα Χατζημανώλη στο 6ο Ετήσιο Φόρουμ Κυπριακής Ναυτιλίας Capital Link: Προτεραιότητά μας η μετάβαση σε μια πράσινη και ψηφιακή ναυτιλία - Ρεπορτάζ και ειδήσεις για την Οικονομία, τις Επιχειρήσεις, το Χρηματιστήριο, την Πολιτική #mononewsGR https://t.co/EyS1PKGTjg",μαρινα χατζημανωλη στο ο ετησιο φορουμ κυπριακησ ναυτιλιασ capital link προτεραιοτητα μασ η μεταβαση σε μια πρασινη και ψηφιακη ναυτιλια ρεπορταζ και ειδησεισ για την οικονομια τισ επιχειρησεισ το χρηματιστηριο την πολιτικη mononewsgr,2
Ορσαλία Παρθένη: Αειφορία στη μόδα και την Parthenis #mononewsGR https://t.co/qvK6pbuwud,ορσαλια παρθενη αειφορια στη μοδα και την pahenis mononewsgr,2
"Αγοραστός στο CNN Greece: Στρατηγική μας, η πράσινη ενέργεια να γίνει πράσινη συνέργεια https://t.co/IxU9yrZS2e",αγοραστοσ στο cnn greece στρατηγικη μασ η πρασινη ενεργεια να γινει πρασινη συνεργεια,2
Όμιλος Motor Oil: Ενισχύει έμπρακτα την κυκλική οικονομία https://t.co/8f4XMElW7f,ομιλοσ motor oil ενισχυει εμπρακτα την κυκλικη οικονομια,2
"ΗΜΕΡΙΔΑ ΧΙΟΥ: ΚΥΚΛΙΚΗ ΟΙΚΟΝΟΜΙΑ ΚΑΙ ΕΠΙΧΕΙΡΗΜΑΤΙΚΟΤΗΤΑ 
https://t.co/8Iet7HP6AM https://t.co/KfPNXI8G97",ημεριδα χιου κυκλικη οικονομια και επιχειρηματικοτητα,2
"Θεόδωρος Κόντες: Πράσινη μετάβαση στη ναυτιλία και στον θαλάσσιο τουρισμό - Ρεπορτάζ και ειδήσεις για την Οικονομία, τις Επιχειρήσεις, το Χρηματιστήριο, την Πολιτική #mononewsGR https://t.co/BM8e4Z2nuU",θεοδωροσ κοντεσ πρασινη μεταβαση στη ναυτιλια και στον θαλασσιο τουρισμο ρεπορταζ και ειδησεισ για την οικονομια τισ επιχειρησεισ το χρηματιστηριο την πολιτικη mononewsgr,2
"Υπό την αιγίδα της Περιφέρειας Αττικής, η 5η Διεθνής Έκθεση Verde.Tec για τις Πράσινες Τεχνολογίες και την Κυκλική Οικονομία-Βραβεία στην Περιφέρεια Αττικής και στον ΕΣΝΑ για τις καινοτόμες δράσεις στην ανακύκλωση https://t.co/Q88LvX2Ubo https://t.co/OUdmBzDPxF",υπο την αιγιδα τησ περιφερειασ αττικησ η η διεθνησ εκθεση verdetec για τισ πρασινεσ τεχνολογιεσ και την κυκλικη οικονομιαβραβεια στην περιφερεια αττικησ και στον εσνα για τισ καινοτομεσ δρασεισ στην ανακυκλωση,2
"Day Group: Φροντίζει για το περιβάλλον και συμβάλλει ενεργά στην μείωση του ενεργειακού αποτυπώματος - Ρεπορτάζ και ειδήσεις για την Οικονομία, τις Επιχειρήσεις, το Χρηματιστήριο, την Πολιτική #mononewsGR https://t.co/4P72JvQEK6",day group φροντιζει για το περιβαλλον και συμβαλλει ενεργα στην μειωση του ενεργειακου αποτυπωματοσ ρεπορταζ και ειδησεισ για την οικονομια τισ επιχειρησεισ το χρηματιστηριο την πολιτικη mononewsgr,2
"Πληθαίνουν τα δημοσιεύματα σε ΜΜΕ του εξωτερικού που ξεχωρίζουν τους Λειψούς ανάμεσα στους Ελληνικούς προορισμούς που προωθούν το βιώσιμο τουρισμό. 
   Η γερμανική εκδοχή του Euronews, καθώς και η ιστοσελίδα Griechenland Zeitung, αναδεικνύουν τις

https://t.co/vacMkmraVw",πληθαινουν τα δημοσιευματα σε μμε του εξωτερικου που ξεχωριζουν τουσ λειψουσ αναμεσα στουσ ελληνικουσ προορισμουσ που προωθουν το βιωσιμο τουρισμο η γερμανικη εκδοχη του euronews καθωσ και η ιστοσελιδα griechenland zeitung αναδεικνυουν τισ,2
"Ε. Βασιλάκη για Autohellas: «Στόχος οι καλές αμοιβές για τους μετόχους μας, με βιώσιμο μέρισμα» - Ρεπορτάζ και ειδήσεις για την Οικονομία, τις Επιχειρήσεις, το Χρηματιστήριο, την Πολιτική #mononewsGR https://t.co/Ht0rahsn2y",ε βασιλακη για autohellas στοχοσ οι καλεσ αμοιβεσ για τουσ μετοχουσ μασ με βιωσιμο μερισμα ρεπορταζ και ειδησεισ για την οικονομια τισ επιχειρησεισ το χρηματιστηριο την πολιτικη mononewsgr,2
"Morgan Stanley: Ποιες ευρωπαϊκές μετοχές να αποφύγετε και ποιες να αγοράσετε στο «προβληματικό» τραπεζικό περιβάλλον - Ρεπορτάζ και ειδήσεις για την Οικονομία, τις Επιχειρήσεις, το Χρηματιστήριο, την Πολιτική #mononewsGR https://t.co/ZGPHQ24bRa",morgan stanley ποιεσ ευρωπαϊκεσ μετοχεσ να αποφυγετε και ποιεσ να αγορασετε στο προβληματικο τραπεζικο περιβαλλον ρεπορταζ και ειδησεισ για την οικονομια τισ επιχειρησεισ το χρηματιστηριο την πολιτικη mononewsgr,2
"Το Ευρωπαϊκό Συμβούλιο καλεί όλους όσοι συμμετέχουν στην κατάρτιση νομοθεσίας για την ενέργεια να καταλήξουν «άμεσα σε συμφωνία» όσον αφορά «όλες» τις προτάσεις προκειμένου «να επιταχυνθεί η πράσινη μετάβαση», καθώς και «να προχωρήσει, χωρίς

https://t.co/JeI6Vptxjo",το ευρωπαϊκο συμβουλιο καλει ολουσ οσοι συμμετεχουν στην καταρτιση νομοθεσιασ για την ενεργεια να καταληξουν αμεσα σε συμφωνια οσον αφορα ολεσ τισ προτασεισ προκειμενου να επιταχυνθει η πρασινη μεταβαση καθωσ και να προχωρησει χωρισ,2
"Έλενα Χουλιάρα (AstraZeneca): Ως το 2030 έρχονται 20 νέα φάρμακα και αρνητικό αποτύπωμα άνθρακα - Ρεπορτάζ και ειδήσεις για την Οικονομία, τις Επιχειρήσεις, το Χρηματιστήριο, την Πολιτική #mononewsGR https://t.co/Qq8caohHsW",ελενα χουλιαρα astrazeneca ωσ το ερχονται νεα φαρμακα και αρνητικο αποτυπωμα ανθρακα ρεπορταζ και ειδησεισ για την οικονομια τισ επιχειρησεισ το χρηματιστηριο την πολιτικη mononewsgr,2
"ΕΕΕ: Η συμφωνία για τον Κανονισμό FuelEU Maritime θετική εξέλιξη για την πράσινη μετάβαση της ναυτιλίας - Ρεπορτάζ και ειδήσεις για την Οικονομία, τις Επιχειρήσεις, το Χρηματιστήριο, την Πολιτική #mononewsGR https://t.co/ACE70zxNdU",εεε η συμφωνια για τον κανονισμο fueleu maritime θετικη εξελιξη για την πρασινη μεταβαση τησ ναυτιλιασ ρεπορταζ και ειδησεισ για την οικονομια τισ επιχειρησεισ το χρηματιστηριο την πολιτικη mononewsgr,2
"Σε νέο ψηφιακό περιβάλλον η φορολογία με την διασύνδεση ταμειακών μηχανών και POS - Ρεπορτάζ και ειδήσεις για την Οικονομία, τις Επιχειρήσεις, το Χρηματιστήριο, την Πολιτική #mononewsGR https://t.co/sF9Yrwh4Af",σε νεο ψηφιακο περιβαλλον η φορολογια με την διασυνδεση ταμειακων μηχανων και pos ρεπορταζ και ειδησεισ για την οικονομια τισ επιχειρησεισ το χρηματιστηριο την πολιτικη mononewsgr,2
"Ευτύχης Βασιλάκης για Autohellas: Στόχος οι καλές αμοιβές για τους μετόχους μας, με βιώσιμο μέρισμα - mononewsTV - Ρεπορτάζ και ειδήσεις για την Οικονομία, τις Επιχειρήσεις, το Χρηματιστήριο, την Πολιτική #mononewsGR https://t.co/usECwrQqgt",ευτυχησ βασιλακησ για autohellas στοχοσ οι καλεσ αμοιβεσ για τουσ μετοχουσ μασ με βιωσιμο μερισμα mononewstv ρεπορταζ και ειδησεισ για την οικονομια τισ επιχειρησεισ το χρηματιστηριο την πολιτικη mononewsgr,2
Στρατηγικές βιώσιμων και υπεύθυνων επενδύσεων υιοθέτησε η ΚΤΚ για συμβολή σε πράσινη ευρωπαϊκή οικονομία https://t.co/xSpTN9ENMO,στρατηγικεσ βιωσιμων και υπευθυνων επενδυσεων υιοθετησε η κτκ για συμβολη σε πρασινη ευρωπαϊκη οικονομια,2
"Brown Hotels επί Art Athina: Ιδού μία κυκλική έκθεση ταξίδι - Ρεπορτάζ και ειδήσεις για την Οικονομία, τις Επιχειρήσεις, το Χρηματιστήριο, την Πολιτική #mononewsGR https://t.co/Nb2cSzEXLY",brown hotels επι a athina ιδου μια κυκλικη εκθεση ταξιδι ρεπορταζ και ειδησεισ για την οικονομια τισ επιχειρησεισ το χρηματιστηριο την πολιτικη mononewsgr,2
EY και Microsoft βοηθούν τις επιχειρήσεις στην επίτευξη των κλιματικών στόχων για μηδενικό καθαρό αποτύπωμα άνθρακα https://t.co/BXusFVVYKd,ey και microsoft βοηθουν τισ επιχειρησεισ στην επιτευξη των κλιματικων στοχων για μηδενικο καθαρο αποτυπωμα ανθρακα,2
"Mελίνα Τραυλού: Χωρίς τη ναυτιλία δεν μπορεί να υπάρξει πράσινη μετάβαση, ούτε στρατηγική αυτονομία της ΕΕ - Ρεπορτάζ και ειδήσεις για την Οικονομία, τις Επιχειρήσεις, το Χρηματιστήριο, την Πολιτική #mononewsGR https://t.co/uhAxcpru2F",mελινα τραυλου χωρισ τη ναυτιλια δεν μπορει να υπαρξει πρασινη μεταβαση ουτε στρατηγικη αυτονομια τησ εε ρεπορταζ και ειδησεισ για την οικονομια τισ επιχειρησεισ το χρηματιστηριο την πολιτικη mononewsgr,2
"ΕΕ: Προσωρινή συμφωνία για τη μείωση εκπομπών στα πλοία - Τραυλού: Χωρίς τη ναυτιλία δεν μπορεί να υπάρξει πράσινη μετάβαση - Ρεπορτάζ και ειδήσεις για την Οικονομία, τις Επιχειρήσεις, το Χρηματιστήριο, την Πολιτική #mononewsGR https://t.co/w5sOrQldOy",εε προσωρινη συμφωνια για τη μειωση εκπομπων στα πλοια τραυλου χωρισ τη ναυτιλια δεν μπορει να υπαρξει πρασινη μεταβαση ρεπορταζ και ειδησεισ για την οικονομια τισ επιχειρησεισ το χρηματιστηριο την πολιτικη mononewsgr,2
"Μελίνα Τραυλού: Χωρίς τη ναυτιλία δεν μπορεί να υπάρξει πράσινη μετάβαση, ούτε στρατηγική αυτονομία της ΕΕ - mononewsTV - Ρεπορτάζ και ειδήσεις για την Οικονομία, τις Επιχειρήσεις, το Χρηματιστήριο, την Πολιτική #mononewsGR https://t.co/bL4Ff6Diup",μελινα τραυλου χωρισ τη ναυτιλια δεν μπορει να υπαρξει πρασινη μεταβαση ουτε στρατηγικη αυτονομια τησ εε mononewstv ρεπορταζ και ειδησεισ για την οικονομια τισ επιχειρησεισ το χρηματιστηριο την πολιτικη mononewsgr,2
Πετρέλαιο: Τι σημαίνει η κίνηση-σοκ του OPEC+ για τη μετάβαση στην πράσινη ενέργεια https://t.co/EzEcZtfScr #businessnewsgr,πετρελαιο τι σημαινει η κινησησοκ του opec για τη μεταβαση στην πρασινη ενεργεια businessnewsgr,2
"Οικονομία, πράσινη μετάβαση, ψηφιακή μεταρρύθμιση συζήτησε η ΠτΒ με Φ. Λέιν https://t.co/lYAtKu3Pib",οικονομια πρασινη μεταβαση ψηφιακη μεταρρυθμιση συζητησε η πτβ με φ λειν,2
"RT @PIOcy: Ομιλία Υπουργού Γεωργίας, Αγροτικής Ανάπτυξης και Περιβάλλοντος κ. Πέτρου Ξενοφώντος στο Συνέδριο με θέμα «Πράσινη Μετάβαση και…", piocy ομιλια υπουργου γεωργιασ αγροτικησ αναπτυξησ και περιβαλλοντοσ κ πετρου ξενοφωντοσ στο συνεδριο με θεμα πρασινη μεταβαση και,2
Πράσινη ενέργεια: Άλμα στις πατέντες για μπαταρίες και υδρογόνο [γραφήματα] https://t.co/CQRsAT7vU8,πρασινη ενεργεια αλμα στισ πατεντεσ για μπαταριεσ και υδρογονο γραφηματα,2
"Αλέξης Τσίπρας: Η προοδευτική κυβέρνηση θα είναι βιώσιμη και μακράς πνοής - Ρεπορτάζ και ειδήσεις για την Οικονομία, τις Επιχειρήσεις, το Χρηματιστήριο, την Πολιτική #mononewsGR https://t.co/mB7LtumtT0",αλεξησ τσιπρασ η προοδευτικη κυβερνηση θα ειναι βιωσιμη και μακρασ πνοησ ρεπορταζ και ειδησεισ για την οικονομια τισ επιχειρησεισ το χρηματιστηριο την πολιτικη mononewsgr,2
Τα 9 ρεκόρ που έσπασε η ενεργειακή αγορά το 2022 στην Ελλάδα – Στροφή σε πράσινη ενέργεια - https://t.co/tzPbchl9pw https://t.co/uHS06oJXUQ,τα ρεκορ που εσπασε η ενεργειακη αγορα το στην ελλαδα στροφη σε πρασινη ενεργεια,2
RT @sofokleous10: Εννέα ρεκόρ έσπασε η ενεργειακή αγορά το 2022-Στροφή σε πράσινη ενέργεια https://t.co/T2pr66chGa, sofokleous εννεα ρεκορ εσπασε η ενεργειακη αγορα το στροφη σε πρασινη ενεργεια,2
ΣΕΒ: Διαδικτυακή εκδήλωση “Innovation Ready” με τίτλο «Μία νέα οικονομία βασισμένη στην βιομηχανική συμβίωση και την πράσινη ενέργεια αναδύεται» https://t.co/gs8wVSfy8j,σεβ διαδικτυακη εκδηλωση innovation ready με τιτλο μια νεα οικονομια βασισμενη στην βιομηχανικη συμβιωση και την πρασινη ενεργεια αναδυεται,2
Έρχεται το 1ο Forum για την Κυκλική Οικονομία - https://t.co/eiOPQNSsIs https://t.co/3kiwrM4TVz,ερχεται το ο forum για την κυκλικη οικονομια,2
"Το λιμάνι του Ηρακλείου μετατρέπεται σε smart port – Οι πρωτοβουλίες του διευθύνοντος συμβούλου Μηνά Παπαδάκη για την πράσινη μετάβαση | Ρεπορτάζ και ειδήσεις για την Οικονομία, τις Επιχειρήσεις, το Χρηματιστήριο, την Πολιτική https://t.co/VtGbjlxSfP",το λιμανι του ηρακλειου μετατρεπεται σε sma po οι πρωτοβουλιεσ του διευθυνοντοσ συμβουλου μηνα παπαδακη για την πρασινη μεταβαση ρεπορταζ και ειδησεισ για την οικονομια τισ επιχειρησεισ το χρηματιστηριο την πολιτικη,2
"Το 1ο Forum για την Κυκλική Οικονομία, στη Θεσσαλονίκη (8-10/6) https://t.co/7s5OQzAlHu",το ο forum για την κυκλικη οικονομια στη θεσσαλονικη,2
Κυκλική Οικονομία στην Πράξη: Δωρεάν διανομή 5.000 σάκων λιπάσματος στο Γεωργικό Συνεταιρισμό Κορωπίου από την Περιφέρεια Αττικής και τον ΕΔΣΝΑ https://t.co/22bWvlGjNC,κυκλικη οικονομια στην πραξη δωρεαν διανομη σακων λιπασματοσ στο γεωργικο συνεταιρισμο κορωπιου απο την περιφερεια αττικησ και τον εδσνα,2
"RT @PIOcy: Το Προεδρικό Μέγαρο καθίσταται πρότυπο μετάβασης στην κυκλική οικονομία. «Το Μηδέν, Το Μείζον» 
➡️ https://t.co/WTecPm2euM https…", piocy το προεδρικο μεγαρο καθισταται προτυπο μεταβασησ στην κυκλικη οικονομια το μηδεν το μειζον,2
Ενεργειακή μετάβαση - Πράσινη Ενέργεια: Η Ελλάδα ως ενεργειακό HUB και οι προοπτικές https://t.co/Vg0cfEQejH via @bankingnewsgr,ενεργειακη μεταβαση πρασινη ενεργεια η ελλαδα ωσ ενεργειακο hub και οι προοπτικεσ via bankingnewsgr,2
Μελέτη BCG: Επενδύοντας σε μια πράσινη οικονομία υδρογόνου #businessnewsgr https://t.co/BlUlxFHSEt,μελετη bcg επενδυοντασ σε μια πρασινη οικονομια υδρογονου businessnewsgr,2
"Στις μέρες, μας το οικονομικό περιβάλλον παγκοσμίως μεταβάλλεται ραγδαία, θέτοντας τις επιχειρήσεις ενώπιον σημαντικών και πολυεπίπεδων https://t.co/TJ83YHM2K3 https://t.co/x8AHqkgzS5",στισ μερεσ μασ το οικονομικο περιβαλλον παγκοσμιωσ μεταβαλλεται ραγδαια θετοντασ τισ επιχειρησεισ ενωπιον σημαντικων και πολυεπιπεδων,2
"Σκρέκας: Στηρίζουμε την ηλεκτροκίνηση, αναπτύσσουμε την «πράσινη» οικονομία https://t.co/f1fDcI2RD2",σκρεκασ στηριζουμε την ηλεκτροκινηση αναπτυσσουμε την πρασινη οικονομια,2
Κυκλική Οικονομία στην πράξη από την Περιφέρεια Αττικής και τον ΕΔΣΝΑ https://t.co/jHEdU3ifM3 https://t.co/qPFmOtbEK2,κυκλικη οικονομια στην πραξη απο την περιφερεια αττικησ και τον εδσνα,2
Νέο πρόγραμμα απασχόλησης 5.000 ανέργων: Ξεκινούν σήμερα οι αιτήσεις -Έμφαση σε πράσινη οικονομία και γυναίκες - https://t.co/RfED0Wqpa1,νεο προγραμμα απασχολησησ ανεργων ξεκινουν σημερα οι αιτησεισ εμφαση σε πρασινη οικονομια και γυναικεσ,2
ΔΥΠΑ: Ξεκινούν οι αιτήσεις για το νέο πρόγραμμα απασχόλησης 5.000 ανέργων – Έμφαση σε πράσινη οικονομία και γυναίκες https://t.co/HXGHzGWsjj,δυπα ξεκινουν οι αιτησεισ για το νεο προγραμμα απασχολησησ ανεργων εμφαση σε πρασινη οικονομια και γυναικεσ,2
"Από σήμερα οι αιτήσεις για το νέο πρόγραμμα απασχόλησης 5.000 ανέργων - Έμφαση σε πράσινη οικονομία και γυναίκες

https://t.co/cOZbAmPRqq https://t.co/sQiWpdqY0A",απο σημερα οι αιτησεισ για το νεο προγραμμα απασχολησησ ανεργων εμφαση σε πρασινη οικονομια και γυναικεσ,2
"Κώστας Καραμανλής: Η χώρα χρειάζεται βιώσιμη κυβέρνηση - Δεν έχει την πολυτέλεια για ατέρμονα κομματικά παζάρια - Ρεπορτάζ και ειδήσεις για την Οικονομία, τις Επιχειρήσεις, το Χρηματιστήριο, την Πολιτική #mononewsGR https://t.co/ZdkZUa0u2x",κωστασ καραμανλησ η χωρα χρειαζεται βιωσιμη κυβερνηση δεν εχει την πολυτελεια για ατερμονα κομματικα παζαρια ρεπορταζ και ειδησεισ για την οικονομια τισ επιχειρησεισ το χρηματιστηριο την πολιτικη mononewsgr,2
"JUMBO: Σταθερή πορεία ανάπτυξης τετραμήνου κατά 25% παρά το ασταθές περιβάλλον | Ρεπορτάζ και ειδήσεις για την Οικονομία, τις Επιχειρήσεις, το Χρηματιστήριο, την Πολιτική https://t.co/LAEMjeYo87",jumbo σταθερη πορεια αναπτυξησ τετραμηνου κατα παρα το ασταθεσ περιβαλλον ρεπορταζ και ειδησεισ για την οικονομια τισ επιχειρησεισ το χρηματιστηριο την πολιτικη,2
"Πολιτικό σεισμό προκαλεί ο Σκέρτσος για τις γερμανικές αποζημιώσεις: Ας τις ξεχάσουμε, προέχει η... κλιματική κρίση https://t.co/QMC4opu4W6 via @bankingnewsgr",πολιτικο σεισμο προκαλει ο σκερτσοσ για τισ γερμανικεσ αποζημιωσεισ ασ τισ ξεχασουμε προεχει η κλιματικη κριση via bankingnewsgr,2
"Πολιτικό σεισμό προκαλεί ο Σκέρτσος για τις γερμανικές αποζημιώσεις: Ας τις ξεχάσουμε, προέχει η κλιματική κρίση https://t.co/67GGuOx1Yz via @bankingnewsgr",πολιτικο σεισμο προκαλει ο σκερτσοσ για τισ γερμανικεσ αποζημιωσεισ ασ τισ ξεχασουμε προεχει η κλιματικη κριση via bankingnewsgr,2
"Πολιτικό σεισμό προκαλεί ο Σκέρτσος για τις γερμανικές αποζημιώσεις: Ας τις ξεχάσουμε, προέχει η κλιματική κρίση https://t.co/nS3b7hnJBl via @bankingnewsgr",πολιτικο σεισμο προκαλει ο σκερτσοσ για τισ γερμανικεσ αποζημιωσεισ ασ τισ ξεχασουμε προεχει η κλιματικη κριση via bankingnewsgr,2
Πολιτικό σεισμό προκαλεί ο Σκέρτσος για τις γερμανικές αποζημιώσεις: Ας τις ξεχάσουμε και να αφιερωθούμε στην κλιματική κρίση https://t.co/5CllW1pAAq via @bankingnewsgr,πολιτικο σεισμο προκαλει ο σκερτσοσ για τισ γερμανικεσ αποζημιωσεισ ασ τισ ξεχασουμε και να αφιερωθουμε στην κλιματικη κριση via bankingnewsgr,2
Τι θέλουν οι μέτοχοι των πετρελαϊκών για την επόμενη ημέρα ως προς την μετάβαση που επιχειρείται στην πράσινη ενέργεια https://t.co/0EA9noTtIG,τι θελουν οι μετοχοι των πετρελαϊκων για την επομενη ημερα ωσ προσ την μεταβαση που επιχειρειται στην πρασινη ενεργεια,2
"Οδηγώντας τις Επιχειρήσεις στην Κλιματική Ουδετερότητα https://t.co/jF3R4gFnRR 
#klima #περιβάλλον #epixeiriseis #εβεα #ontimenewsgr",οδηγωντασ τισ επιχειρησεισ στην κλιματικη ουδετεροτητα klima περιβαλλον epixeiriseis εβεα ontimenewsgr,2
"Mytilineos: Οι νέες business στο Κάλγκαρι του Καναδά και η κυριαρχία στην πράσινη ενέργεια- Τι αγόρασε | Ρεπορτάζ και ειδήσεις για την Οικονομία, τις Επιχειρήσεις, το Χρηματιστήριο, την Πολιτική https://t.co/TEQuzCnEVb",mytilineos οι νεεσ business στο καλγκαρι του καναδα και η κυριαρχια στην πρασινη ενεργεια τι αγορασε ρεπορταζ και ειδησεισ για την οικονομια τισ επιχειρησεισ το χρηματιστηριο την πολιτικη,2
"Έτοιμη για την πράσινη κόλαση! | Ρεπορτάζ και ειδήσεις για την Οικονομία, τις Επιχειρήσεις, το Χρηματιστήριο, την Πολιτική https://t.co/sRXCg8UZcj",ετοιμη για την πρασινη κολαση ρεπορταζ και ειδησεισ για την οικονομια τισ επιχειρησεισ το χρηματιστηριο την πολιτικη,2
"H κλιματική κρίση χτύπησε τη F1! - Ρεπορτάζ και ειδήσεις για την Οικονομία, τις Επιχειρήσεις, το Χρηματιστήριο, την Πολιτική #mononewsGR https://t.co/MyHbC8Qgut",h κλιματικη κριση χτυπησε τη f ρεπορταζ και ειδησεισ για την οικονομια τισ επιχειρησεισ το χρηματιστηριο την πολιτικη mononewsgr,2
"#Cyprus #EU #desalination #circulareconomy 
Πρακτικές αφαλάτωσης και κυκλική οικονομία στην ΕΕ σε συνέδριο στη Λεμεσό https://t.co/XREu5JpGo0",cyprus eu desalination circulareconomy πρακτικεσ αφαλατωσησ και κυκλικη οικονομια στην εε σε συνεδριο στη λεμεσο,2
"Θερμοκήπια Θράκης: Κηπευτικά που κάνουν καλό στο περιβάλλον και τον άνθρωπο – Με βραβευμένη συσκευασία #mononewsGR | Ρεπορτάζ και ειδήσεις για την Οικονομία, τις Επιχειρήσεις, το Χρηματιστήριο, την Πολιτική https://t.co/oltwP0bBMG",θερμοκηπια θρακησ κηπευτικα που κανουν καλο στο περιβαλλον και τον ανθρωπο με βραβευμενη συσκευασια mononewsgr ρεπορταζ και ειδησεισ για την οικονομια τισ επιχειρησεισ το χρηματιστηριο την πολιτικη,2
RT @sofokleous10: ΤΑΙΠΕΔ: Σεμινάρια για την αειφορία στα λιμάνια και τις μαρίνες https://t.co/SkPJ83lfHs, sofokleous ταιπεδ σεμιναρια για την αειφορια στα λιμανια και τισ μαρινεσ,2
"Optima bank: Φιλικές προς το περιβάλλον οι νέες χρεωστικές κάρτες - Ρεπορτάζ και ειδήσεις για την Οικονομία, τις Επιχειρήσεις, το Χρηματιστήριο, την Πολιτική #mononewsGR https://t.co/H5Z3UGKKpY",optima bank φιλικεσ προσ το περιβαλλον οι νεεσ χρεωστικεσ καρτεσ ρεπορταζ και ειδησεισ για την οικονομια τισ επιχειρησεισ το χρηματιστηριο την πολιτικη mononewsgr,2
"♻️ Συμμετοχή του Δήμου Μαραθώνος στην Attica Green Expo 2023.

▪️Ο Δήμος Μαραθώνος συμμετέχει για πρώτη φορά στην Attica Green Expo 2023, την έκθεση για την πράσινη κυκλική οικονομία, τα εγκαίνια της οποίας πραγματοποιήθηκαν την Τετάρτη 24 Μαΐου στο

https://t.co/ifmzTPoWnz https://t.co/i4igbGssw6",συμμετοχη του δημου μαραθωνοσ στην attica green expo ο δημοσ μαραθωνοσ συμμετεχει για πρωτη φορα στην attica green expo την εκθεση για την πρασινη κυκλικη οικονομια τα εγκαινια τησ οποιασ πραγματοποιηθηκαν την τεταρτη μαΐου στο,2
"Ολλανδία: Η πράσινη μετάβαση της Ευρώπης είναι αδύνατη χωρίς την Κίνα - Ρεπορτάζ και ειδήσεις για την Οικονομία, τις Επιχειρήσεις, το Χρηματιστήριο, την Πολιτική #mononewsGR https://t.co/jAycIxfT51",ολλανδια η πρασινη μεταβαση τησ ευρωπησ ειναι αδυνατη χωρισ την κινα ρεπορταζ και ειδησεισ για την οικονομια τισ επιχειρησεισ το χρηματιστηριο την πολιτικη mononewsgr,2
"♻️🔋 Motor Oil: Ηγέτης στην πράσινη ενέργεια – Πώς θα φτάσει στο 40% EBITDA από ΑΠΕ #MotorOil #mononewsGR | Ρεπορτάζ και ειδήσεις για την Οικονομία, τις Επιχειρήσεις, το Χρηματιστήριο, την Πολιτική https://t.co/uPQ2x0PiQy",motor oil ηγετησ στην πρασινη ενεργεια πωσ θα φτασει στο ebitda απο απε motoroil mononewsgr ρεπορταζ και ειδησεισ για την οικονομια τισ επιχειρησεισ το χρηματιστηριο την πολιτικη,2
Στο συνέδριο “Πράσινη Μετάβαση και Κυκλική Οικονομία στην Τοπική Αυτοδιοίκηση” συμμετείχε ο Δήμαρχος #Δημοκρατική #Ρόδος #Δωδεκάνησα https://t.co/h3pyoQ468N,στο συνεδριο πρασινη μεταβαση και κυκλικη οικονομια στην τοπικη αυτοδιοικηση συμμετειχε ο δημαρχοσ δημοκρατικη ροδοσ δωδεκανησα,2
Tetra Pak: Η συμβολή των χάρτινων συσκευασιών στην κυκλική οικονομία #businessnewsgr https://t.co/w9QuGe68ZT,tetra pak η συμβολη των χαρτινων συσκευασιων στην κυκλικη οικονομια businessnewsgr,2
RT @sofokleous10: Έλον Μασκ: Δίκαιο οικονομικό περιβάλλον για τις ξένες επιχειρήσεις του υποσχέθηκε ο Κινέζος ΥΠΕΞ https://t.co/pFwuUoOPWz, sofokleous ελον μασκ δικαιο οικονομικο περιβαλλον για τισ ξενεσ επιχειρησεισ του υποσχεθηκε ο κινεζοσ υπεξ,2
"Στρατηγικές #ESG που οδηγούν το μεταλλευτικό κλάδο στη βιώσιμη ανάπτυξη #mononewsGR | Ρεπορτάζ και ειδήσεις για την Οικονομία, τις Επιχειρήσεις, το Χρηματιστήριο, την Πολιτική
https://t.co/3bbWlztlK6",στρατηγικεσ esg που οδηγουν το μεταλλευτικο κλαδο στη βιωσιμη αναπτυξη mononewsgr ρεπορταζ και ειδησεισ για την οικονομια τισ επιχειρησεισ το χρηματιστηριο την πολιτικη,2
"ΔΕΠΑ Εμπορίας: Ευθύνη απέναντι στο περιβάλλον και πράσινος μετασχηματισμός #mononewsGR | Ρεπορτάζ και ειδήσεις για την Οικονομία, τις Επιχειρήσεις, το Χρηματιστήριο, την Πολιτική
https://t.co/ktZcGBDdCa",δεπα εμποριασ ευθυνη απεναντι στο περιβαλλον και πρασινοσ μετασχηματισμοσ mononewsgr ρεπορταζ και ειδησεισ για την οικονομια τισ επιχειρησεισ το χρηματιστηριο την πολιτικη,2
"Τα πλαστικά απειλούν το περιβάλλον το οικοσύστημα και τον άνθρωπο #mononewsGR | Ρεπορτάζ και ειδήσεις για την Οικονομία, τις Επιχειρήσεις, το Χρηματιστήριο, την Πολιτική
https://t.co/BETQKLLR1k",τα πλαστικα απειλουν το περιβαλλον το οικοσυστημα και τον ανθρωπο mononewsgr ρεπορταζ και ειδησεισ για την οικονομια τισ επιχειρησεισ το χρηματιστηριο την πολιτικη,2
"ΔΕΗ e-bike Festival: Με ποδήλατο προς έναν πιο βιώσιμο κόσμο #mononewsGR #ΔΕΗ | Ρεπορτάζ και ειδήσεις για την Οικονομία, τις Επιχειρήσεις, το Χρηματιστήριο, την Πολιτική
https://t.co/WG4ulCJAL1",δεη ebike festival με ποδηλατο προσ εναν πιο βιωσιμο κοσμο mononewsgr δεη ρεπορταζ και ειδησεισ για την οικονομια τισ επιχειρησεισ το χρηματιστηριο την πολιτικη,2
ΓΣΕΕ: Είναι καιρός να επιταχυνθεί η μετάβαση σε μία κυκλική οικονομία #businessnewsgr https://t.co/VqgPzL2xTi,γσεε ειναι καιροσ να επιταχυνθει η μεταβαση σε μια κυκλικη οικονομια businessnewsgr,2
ΓΣΕΕ: Είναι καιρός να επιταχυνθεί η μετάβαση σε μία κυκλική οικονομία https://t.co/JJr7Zyroao,γσεε ειναι καιροσ να επιταχυνθει η μεταβαση σε μια κυκλικη οικονομια,2
"ΓΣΕΕ: Είναι καιρός να επιταχυνθεί η μετάβαση σε μία κυκλική οικονομία

https://t.co/FML18NfXbK https://t.co/lJzdCrMl5i",γσεε ειναι καιροσ να επιταχυνθει η μεταβαση σε μια κυκλικη οικονομια,2
RT @TheOpinion_News: ΕΒΕΘ: Με 9 επιχειρήσεις-μέλη του στην 1η Διεθνή Έκθεση για την Κυκλική Οικονομία Forward Green #Thessaloniki #skg #The…, theopinion_news εβεθ με επιχειρησεισμελη του στην η διεθνη εκθεση για την κυκλικη οικονομια forward green thessaloniki skg the,2
"Η #Bentley για το περιβάλλον! #mononewsGR | Ρεπορτάζ και ειδήσεις για την Οικονομία, τις Επιχειρήσεις, το Χρηματιστήριο, την Πολιτική https://t.co/AkzrTpZM2z",η bentley για το περιβαλλον mononewsgr ρεπορταζ και ειδησεισ για την οικονομια τισ επιχειρησεισ το χρηματιστηριο την πολιτικη,2
Παγκόσμια Ημέρα Περιβάλλοντος: Ολοκληρωμένη στρατηγική της Sunlight Group για την κυκλική οικονομία https://t.co/W8JUVV8MLz,παγκοσμια ημερα περιβαλλοντοσ ολοκληρωμενη στρατηγικη τησ sunlight group για την κυκλικη οικονομια,2
ΓΣΕΕ: Είναι καιρός να επιταχυνθεί η μετάβαση σε μία κυκλική οικονομία #businessnewsgr https://t.co/zrOdxpcNgu,γσεε ειναι καιροσ να επιταχυνθει η μεταβαση σε μια κυκλικη οικονομια businessnewsgr,2
Κάμερα χωρίς φακό «φαντάζεται» τις φωτογραφίες με τη βοήθεια της τεχνητής νοημοσύνης. Η κάμερα θα εμφανίζει τις φωτογραφίες με βάση τις περιγραφές από το περιβάλλον. https://t.co/NPEMDPaAE4 https://t.co/JofU7gVaPz,καμερα χωρισ φακο φανταζεται τισ φωτογραφιεσ με τη βοηθεια τησ τεχνητησ νοημοσυνησ η καμερα θα εμφανιζει τισ φωτογραφιεσ με βαση τισ περιγραφεσ απο το περιβαλλον,2
ΔΝΤ: Ζητά αυστηρότερη δημοσιονομική πολιτική και… πράσινη ενέργεια – «Η Ανατολική Ευρώπη αντιμετωπίζει βαθιά οικονομική “ουλή”» https://t.co/KWTkHiftNg,δντ ζητα αυστηροτερη δημοσιονομικη πολιτικη και πρασινη ενεργεια η ανατολικη ευρωπη αντιμετωπιζει βαθια οικονομικη ουλη,2
"Παντελής Κάπρος: Κεντρικός στόχος της μάχης για το περιβάλλον είναι ο μηδενισμός της καύσης ορυκτών καυσίμων - Ρεπορτάζ και ειδήσεις για την Οικονομία, τις Επιχειρήσεις, το Χρηματιστήριο, την Πολιτική #mononewsGR https://t.co/YVq4MuuZBF",παντελησ καπροσ κεντρικοσ στοχοσ τησ μαχησ για το περιβαλλον ειναι ο μηδενισμοσ τησ καυσησ ορυκτων καυσιμων ρεπορταζ και ειδησεισ για την οικονομια τισ επιχειρησεισ το χρηματιστηριο την πολιτικη mononewsgr,2
"Αλέξης Τσίπρας για Παγκόσμια Ημέρα Περιβάλλοντος: «Ημέρα συναγερμού για την κλιματική κρίση, η πράσινη μετάβαση να είναι δίκαιη μετάβαση» - #OknewsGr https://t.co/CEE7wFz8fV",αλεξησ τσιπρασ για παγκοσμια ημερα περιβαλλοντοσ ημερα συναγερμου για την κλιματικη κριση η πρασινη μεταβαση να ειναι δικαιη μεταβαση oknewsgr,2
"#WorldEnvironmentDay 
.@atsipras: 
«Ημέρα συναγερμού για την κλιματική κρίση η Ημέρα Περιβάλλοντος - Η πράσινη μετάβαση να είναι δίκαιη μετάβαση» 

#WorldEnvironmentDay2023 #environment #EnvironmentDay #BeatPlasticPollution 

https://t.co/xbd7g3iHv9",worldenvironmentday atsipras ημερα συναγερμου για την κλιματικη κριση η ημερα περιβαλλοντοσ η πρασινη μεταβαση να ειναι δικαιη μεταβαση worldenvironmentday environment environmentday beatplasticpollution,2
"ΚΚΕ: Ενάντια στην εκμετάλλευση του περιβάλλοντος, ενάντια στην πανάκριβη «πράσινη» ενέργεια https://t.co/jzsnbBNYft",κκε εναντια στην εκμεταλλευση του περιβαλλοντοσ εναντια στην πανακριβη πρασινη ενεργεια,2
"#ΚΚΕ: 
«Ενάντια στην εκμετάλλευση και υποβάθμιση του περιβάλλοντος, ενάντια στην πανάκριβη για τον λαό αλλά κερδοφόρα για τους ομίλους ""πράσινη"" ενέργεια» 

https://t.co/N0OX5qKsyq https://t.co/Zy9F0sXg1Y",κκε εναντια στην εκμεταλλευση και υποβαθμιση του περιβαλλοντοσ εναντια στην πανακριβη για τον λαο αλλα κερδοφορα για τουσ ομιλουσ πρασινη ενεργεια,2
"Γ. Κρεμλής / Η κυκλική οικονομία το κοινό όραμα για τη διάσωση του πλανήτη μας,
https://t.co/q3mxPFqRB1,",γ κρεμλησ η κυκλικη οικονομια το κοινο οραμα για τη διασωση του πλανητη μασ,2
"Η 1η Διεθνής Έκθεση Κυκλικής Οικονομίας ForwardGreen από τις 8 έως τις 10 Ιουνίου στο Διεθνές Εκθεσιακό Κέντρο Θεσσαλονίκης - Τιμώμενη Χώρα η Βουλγαρία, 138 εκθέτες, 60 ξένοι εμπορικοί επισκέπτες, Forum για την Κυκλική Οικονομία και πλήθος εκδηλώσεων https://t.co/cALUOzdUb7",η η διεθνησ εκθεση κυκλικησ οικονομιασ forwardgreen απο τισ εωσ τισ ιουνιου στο διεθνεσ εκθεσιακο κεντρο θεσσαλονικησ τιμωμενη χωρα η βουλγαρια εκθετεσ ξενοι εμπορικοι επισκεπτεσ forum για την κυκλικη οικονομια και πληθοσ εκδηλωσεων,2
"1η FORWARD GREEN: ""Ντεμπούτο"" της Έκθεσης για την Κυκλική Οικονομία με 138 εκθέτες και πάνω από 270 ραντεβού ελληνικών και βουλγαρικών επιχειρήσεων - https://t.co/eiOPQNT0y0 https://t.co/u7tYRX0hmG 
#Forward_Green #Κυκλική_Οικονομία",η forward green ντεμπουτο τησ εκθεσησ για την κυκλικη οικονομια με εκθετεσ και πανω απο ραντεβου ελληνικων και βουλγαρικων επιχειρησεων forward_green κυκλικη_οικονομια,2
"1η FORWARD GREEN: ""Ντεμπούτο"" της Έκθεσης για την Κυκλική Οικονομία με 138 εκθέτες και πάνω από 270 ραντεβού ελληνικών και βουλγαρικών επιχειρήσεων - https://t.co/eiOPQNSsIs https://t.co/3hjWVdGxQW #forward_green #ΔΕΘ #Θεσσαλονίκη #Θεσσαλονικη",η forward green ντεμπουτο τησ εκθεσησ για την κυκλικη οικονομια με εκθετεσ και πανω απο ραντεβου ελληνικων και βουλγαρικων επιχειρησεων forward_green δεθ θεσσαλονικη θεσσαλονικη,2
"Εθνική Τράπεζα και Περιβάλλον: Από τη στρατηγική στην πράξη #mononewsGR | Ρεπορτάζ και ειδήσεις για την Οικονομία, τις Επιχειρήσεις, το Χρηματιστήριο, την Πολιτική
https://t.co/bE5JLvEeGM",εθνικη τραπεζα και περιβαλλον απο τη στρατηγικη στην πραξη mononewsgr ρεπορταζ και ειδησεισ για την οικονομια τισ επιχειρησεισ το χρηματιστηριο την πολιτικη,2
1ο Forum για την Κυκλική Οικονομία: Έρχονται επενδύσεις-Αναπτυξιακές προοπτικές για την ελληνική βιομηχανία από την Κυκλική Οικονομία-Κρίσιμος ο ρόλος της εκπαίδευσης - https://t.co/eiOPQNSsIs https://t.co/o8hvkX61Nm,ο forum για την κυκλικη οικονομια ερχονται επενδυσεισαναπτυξιακεσ προοπτικεσ για την ελληνικη βιομηχανια απο την κυκλικη οικονομιακρισιμοσ ο ρολοσ τησ εκπαιδευσησ,2
RT @sofokleous10: Σαράντη (ΣΒΕ) : Ανάγκη για επενδύσεις στην κυκλική οικονομία https://t.co/JF2CGLmbjO, sofokleous σαραντη σβε αναγκη για επενδυσεισ στην κυκλικη οικονομια,2
"Η παγκόσμια οικονομία βάλλεται από δομικά στοιχεία αστάθειας (χρέος, ανισοκατανομή πλούτου, πράσινη μετάβαση), αλλά και από στοιχεία που συνδέονται  με την ακόρεστη επιθυμία κέρδους και με την προσπάθεια επικυριαρχίας / εξουσίας (στρατιωτικές δαπάνες).
https://t.co/iNVQo2q4cy",η παγκοσμια οικονομια βαλλεται απο δομικα στοιχεια ασταθειασ χρεοσ ανισοκατανομη πλουτου πρασινη μεταβαση αλλα και απο στοιχεια που συνδεονται με την ακορεστη επιθυμια κερδουσ και με την προσπαθεια επικυριαρχιασ εξουσιασ στρατιωτικεσ δαπανεσ,2
"ΑΔΜΗΕ: Πράσινη η μισή ηλεκτρική #ενέργεια στην #Ελλάδα τον Μάιο

https://t.co/FOWF8NF8dg https://t.co/n32Ub9zSr5",αδμηε πρασινη η μιση ηλεκτρικη ενεργεια στην ελλαδα τον μαιο,2
Forward Green: Μια μοναδική έκθεση για την Κυκλική Οικονομία σε «ανθισμένο» φόντο και με πολλαπλά μηνύματα βιώσιμης ανάπτυξης https://t.co/IL67SWK05X https://t.co/KOsTFFTvHA,forward green μια μοναδικη εκθεση για την κυκλικη οικονομια σε ανθισμενο φοντο και με πολλαπλα μηνυματα βιωσιμησ αναπτυξησ,2
"Πράσινη η μισή ηλεκτρική ενέργεια στην Ελλάδα τον Μάιο
https://t.co/HjJPEEU6Z4",πρασινη η μιση ηλεκτρικη ενεργεια στην ελλαδα τον μαιο,2
ΑΔΜΗΕ: Πράσινη η μισή ηλεκτρική ενέργεια στην Ελλάδα τον Μάιο #businessnewsgr https://t.co/TNEhnjJ82O,αδμηε πρασινη η μιση ηλεκτρικη ενεργεια στην ελλαδα τον μαιο businessnewsgr,2
ΑΔΜΗΕ: Πράσινη η μισή ηλεκτρική ενέργεια στην Ελλάδα τον Μάιο– Αναλυτικά τα στοιχεία - https://t.co/DvcfX1gORD https://t.co/K0cloIKW8R,αδμηε πρασινη η μιση ηλεκτρικη ενεργεια στην ελλαδα τον μαιο αναλυτικα τα στοιχεια,2
ΑΔΜΗΕ: Πράσινη η μισή ηλεκτρική ενέργεια στην Ελλάδα τον Μάιο https://t.co/SGAluOdZyk,αδμηε πρασινη η μιση ηλεκτρικη ενεργεια στην ελλαδα τον μαιο,2
ΑΔΜΗΕ: «Πράσινη» η μισή ηλεκτρική ενέργεια στην Ελλάδα τον Μάιο #businessnewsgr https://t.co/QkcoXL8gR3,αδμηε πρασινη η μιση ηλεκτρικη ενεργεια στην ελλαδα τον μαιο businessnewsgr,2
ΑΔΜΗΕ: Πράσινη η μισή ηλεκτρική ενέργεια στην Ελλάδα τον Μάιο -Νέο ιστορικό υψηλό https://t.co/RlDVsdepst,αδμηε πρασινη η μιση ηλεκτρικη ενεργεια στην ελλαδα τον μαιο νεο ιστορικο υψηλο,2
ΑΔΜΗΕ: Πράσινη η μισή ηλεκτρική ενέργεια στην Ελλάδα τον Μάιο https://t.co/6LvudvqBuL,αδμηε πρασινη η μιση ηλεκτρικη ενεργεια στην ελλαδα τον μαιο,2
RT @dimigalano: Ευτυχώς που παράγουμε αρκετή πράσινη ενέργεια από ΑΠΕ και οι τιμές στο ράφι πέφτουν., dimigalano ευτυχωσ που παραγουμε αρκετη πρασινη ενεργεια απο απε και οι τιμεσ στο ραφι πεφτουν,2
Ο πρόεδρος της ΚΕΔΕ στο otavoice για Κυκλική Οικονομία και Forward Green Expo https://t.co/QS5bDF1GIO,ο προεδροσ τησ κεδε στο otavoice για κυκλικη οικονομια και forward green expo,2
Πράσινη Ατζέντα – Γερμανία: Κάθε νέο σύστημα θέρμανσης θα πρέπει να έχει τουλάχιστον 65% πράσινη ενέργεια!!! https://t.co/vpegqVTetY,πρασινη ατζεντα γερμανια καθε νεο συστημα θερμανσησ θα πρεπει να εχει τουλαχιστον πρασινη ενεργεια,2
"Στρεπτόκοκκος: Θετικά 6 παιδιά από το περιβάλλον του 7χρονου που πέθανε #στρεπτοκοκκος | Ρεπορτάζ και ειδήσεις για την Οικονομία, τις Επιχειρήσεις, το Χρηματιστήριο, την Πολιτική https://t.co/WU6yUBOYZO",στρεπτοκοκκοσ θετικα παιδια απο το περιβαλλον του χρονου που πεθανε στρεπτοκοκκοσ ρεπορταζ και ειδησεισ για την οικονομια τισ επιχειρησεισ το χρηματιστηριο την πολιτικη,2
"Περιστέρης: Η Τέρνα Ενεργειακή συνεχίζει το επενδυτικό πλάνο 5,5 δισ. στην πράσινη ενέργεια #businessnewsgr https://t.co/WsicyLoBxq",περιστερησ η τερνα ενεργειακη συνεχιζει το επενδυτικο πλανο δισ στην πρασινη ενεργεια businessnewsgr,2
"Κυκλική οικονομία: Οι νέοι κανόνες για πιο ανθεκτικές, ενεργειακά αποδοτικές και εύκολα επισκευάσιμες κινητές συσκευές #businessnewsgr https://t.co/ZVh4NkdH13",κυκλικη οικονομια οι νεοι κανονεσ για πιο ανθεκτικεσ ενεργειακα αποδοτικεσ και ευκολα επισκευασιμεσ κινητεσ συσκευεσ businessnewsgr,2
RT @sofokleous10: Η οικονομία της Ευρωζώνης αντιμετωπίζει προκλήσεις λόγω των υψηλών τιμών και του ενεργειακού σοκ που προκαλεί η “πράσινη…, sofokleous η οικονομια τησ ευρωζωνησ αντιμετωπιζει προκλησεισ λογω των υψηλων τιμων και του ενεργειακου σοκ που προκαλει η πρασινη,2
"#ECONOMIST Gala Dinner - Κρις #Μπάρτον: Η ενίσχυση των σχέσεων #Βρετανίας και #Ελλάδας στο εμπόριο και τις επενδύσεις είναι πιο σημαντική τώρα που κάνουμε τη μετάβαση των οικονομιών μας για ένα βιώσιμο μέλλον

https://t.co/0lsBGun6aR https://t.co/7KvT571WHL",economist gala dinner κρισ μπαρτον η ενισχυση των σχεσεων βρετανιασ και ελλαδασ στο εμποριο και τισ επενδυσεισ ειναι πιο σημαντικη τωρα που κανουμε τη μεταβαση των οικονομιων μασ για ενα βιωσιμο μελλον,2
Η Lidl Ελλάς επενδύει στην πράσινη ενέργεια. Επεκτείνει την τοποθέτηση φωτοβολταϊκών συστημάτων και σταθμών ηλεκτρικής φόρτισης στις εγκαταστάσεις της.Περισσότερα... https://t.co/UiFzGgIoDT https://t.co/UQAUyf9Az1,η lidl ελλασ επενδυει στην πρασινη ενεργεια επεκτεινει την τοποθετηση φωτοβολταϊκων συστηματων και σταθμων ηλεκτρικησ φορτισησ στισ εγκαταστασεισ τησπερισσοτερα,2
Lidl Ελλάς: Επενδύει στην πράσινη ενέργεια #businessnewsgr https://t.co/AbtNfSsdrz,lidl ελλασ επενδυει στην πρασινη ενεργεια businessnewsgr,2
"Ενισχυόμενα οικολογικά προγράμματα για φυτοκάλυψη, κυκλική οικονομία, αναβαθμίδες και μνημειακούς ελαιώνες https://t.co/5imJkVyH6q",ενισχυομενα οικολογικα προγραμματα για φυτοκαλυψη κυκλικη οικονομια αναβαθμιδεσ και μνημειακουσ ελαιωνεσ,2
"Μία από τις σημαντικότερες δίκες για την #κλιματική_κρίση εκτυλίσσεται αυτές τις μέρες στην πολιτεία της #Μοντάνα των #ΗΠΑ

https://t.co/JzAl9nxAms",μια απο τισ σημαντικοτερεσ δικεσ για την κλιματικη_κριση εκτυλισσεται αυτεσ τισ μερεσ στην πολιτεια τησ μοντανα των ηπα,2
Η Lidl Ελλάς επενδύει στην πράσινη ενέργεια https://t.co/ksZnPs68SU,η lidl ελλασ επενδυει στην πρασινη ενεργεια,2
"Ελληνογερμανικό Επιμελητήριο: 1ο Forum για την Κυκλική Οικονομία, Forward Green Expo https://t.co/B5ZvRFUtVE",ελληνογερμανικο επιμελητηριο ο forum για την κυκλικη οικονομια forward green expo,2
Έρχεται το «Εξοικονομώ» για επιχειρήσεις. Πρόσθετη ‘’πράσινη’’ χρηματοδότηση 800 εκατ. ευρώ από την ΕΕ μέχρι το τέλος του έτους - 89 επενδύσεις για την ενέργεια…Περισσότερα... https://t.co/zQAcG7ABjr https://t.co/ZVNFjHJ7MZ,ερχεται το εξοικονομω για επιχειρησεισ προσθετη πρασινη χρηματοδοτηση εκατ ευρω απο την εε μεχρι το τελοσ του ετουσ επενδυσεισ για την ενεργειαπερισσοτερα,2
Νίκος Μαντζούφας (Ταμείο Ανάκαμψης): Έρχεται το «Εξοικονομώ» για επιχειρήσεις - Πρόσθετη ‘’πράσινη’’ χρηματοδότηση 800 εκατ. ευρώ από την ΕΕ μέχρι το τέλος του έτους - 89 επενδύσεις για την ενέργεια στο Ταμείο Ανάκαμψης μέσα σε ένα χρόνο https://t.co/6IL6VLV4Aw https://t.co/8g9OZBwnrG,νικοσ μαντζουφασ ταμειο ανακαμψησ ερχεται το εξοικονομω για επιχειρησεισ προσθετη πρασινη χρηματοδοτηση εκατ ευρω απο την εε μεχρι το τελοσ του ετουσ επενδυσεισ για την ενεργεια στο ταμειο ανακαμψησ μεσα σε ενα χρονο,2
"Μάθετε πώς ο GS1 ενισχύει τη   διαφάνεια, τη βιωσιμότητα και την κυκλική οικονομία σε όλη την αλυσίδα εφοδιασμού. https://t.co/9Js5BLGZXZ 

#GS1Barcode50 #SupplyChain https://t.co/K9pGjlJHWZ",μαθετε πωσ ο gs ενισχυει τη διαφανεια τη βιωσιμοτητα και την κυκλικη οικονομια σε ολη την αλυσιδα εφοδιασμου gsbarcode supplychain,2
"RT @GiorgosKyrtsos: Η Ελλάδα φλέγεται και ο Μητσοτάκης που είχε τις «λύσεις» απλά χαμογελάει..
Επί Τσίπρα απέδιδε τις καταστροφές στα λάθη…", giorgoskysos η ελλαδα φλεγεται και ο μητσοτακησ που ειχε τισ λυσεισ απλα χαμογελαει επι τσιπρα απεδιδε τισ καταστροφεσ στα λαθη,2
Siemens: Η Building X και τα κτίρια με μηδενικό αποτύπωμα άνθρακα (infographic) https://t.co/Tdx6Afde6c,siemens η building x και τα κτιρια με μηδενικο αποτυπωμα ανθρακα infographic,2
Νομοσχέδιο για το περιβάλλον: «Μετάβαση στη πράσινη οικονομία» λέει η κυβέρνηση- Καταψηφίζει η αντιπολίτευση https://t.co/m2DtNnT01r,νομοσχεδιο για το περιβαλλον μεταβαση στη πρασινη οικονομια λεει η κυβερνηση καταψηφιζει η αντιπολιτευση,2
Συνεχίζονται τα μεγάλα deals στην πράσινη ενέργεια https://t.co/NGnPtCU75b,συνεχιζονται τα μεγαλα deals στην πρασινη ενεργεια,2
Νομοσχέδιο για το περιβάλλον: «Μετάβαση στη πράσινη οικονομία» λέει η κυβέρνηση- Καταψηφίζει η αντιπολίτευση https://t.co/YSRXBpzFad,νομοσχεδιο για το περιβαλλον μεταβαση στη πρασινη οικονομια λεει η κυβερνηση καταψηφιζει η αντιπολιτευση,2
86η ΔΕΘ: Η κυκλική οικονομία στο επίκεντρο του ειδικού αφιερώματος https://t.co/LMEGjzF2Fj,η δεθ η κυκλικη οικονομια στο επικεντρο του ειδικου αφιερωματοσ,2
Ελληνικές Αλυκές: Παραγωγική διαδικασία με έμφαση στην κυκλική οικονομία https://t.co/qkQH3Xf5WQ,ελληνικεσ αλυκεσ παραγωγικη διαδικασια με εμφαση στην κυκλικη οικονομια,2
"RT @VMdesignblogg: Μια μπουλντόζα θάβει λεπίδες ανεμογεννητριών, καθώς όταν φθείρονται δεν υπάρχει τρόπος ανακύκλωσης. Πράσινη ενέργεια και…", vmdesignblogg μια μπουλντοζα θαβει λεπιδεσ ανεμογεννητριων καθωσ οταν φθειρονται δεν υπαρχει τροποσ ανακυκλωσησ πρασινη ενεργεια και,2
"RT @VMdesignblogg: Μια μπουλντόζα θάβει λεπίδες ανεμογεννητριών, καθώς όταν φθείρονται δεν υπάρχει τρόπος ανακύκλωσης. Πράσινη ενέργεια και…", vmdesignblogg μια μπουλντοζα θαβει λεπιδεσ ανεμογεννητριων καθωσ οταν φθειρονται δεν υπαρχει τροποσ ανακυκλωσησ πρασινη ενεργεια και,2
Κομισιόν: Νέοι κανόνες περί ευθύνης για την τεχνητή νοημοσύνη και την κυκλική οικονομία https://t.co/MCzUmmT1NN,κομισιον νεοι κανονεσ περι ευθυνησ για την τεχνητη νοημοσυνη και την κυκλικη οικονομια,2
MORE: Μισό εκατομμύριο νοικοκυριά θα ηλεκτροδοτεί με πράσινη ενέργεια η Μοtor Oil https://t.co/XWkSbzxAWr,more μισο εκατομμυριο νοικοκυρια θα ηλεκτροδοτει με πρασινη ενεργεια η μοtor oil,2
"Β. Κικίλιας: Έργα υποδομής, πράσινη οικονομία και καμπάνια για τον βιώσιμο τουρισμό https://t.co/tzmobvkVtu",β κικιλιασ εργα υποδομησ πρασινη οικονομια και καμπανια για τον βιωσιμο τουρισμο,2
διαΝΕΟσις: Μπορεί η ελληνική οικονομία να γίνει κυκλική; Ποια θα ήταν τα οφέλη https://t.co/7fSiWfhSAw,διανεοσισ μπορει η ελληνικη οικονομια να γινει κυκλικη ποια θα ηταν τα οφελη,2
"διαΝΕΟσις: 'Κυκλική οικονομία: Ευκαιρίες, προκλήσεις και επιδράσεις στην ελληνική οικονομία' https://t.co/D2sO9Zj1J9",διανεοσισ κυκλικη οικονομια ευκαιριεσ προκλησεισ και επιδρασεισ στην ελληνικη οικονομια,2
Γ. Περιστέρης: Η ενεργειακή κρίση θα ήταν σχεδόν αμελητέα αν είχε γίνει η πράσινη μετάβαση στην ενέργεια https://t.co/hwhwMaDFey,γ περιστερησ η ενεργειακη κριση θα ηταν σχεδον αμελητεα αν ειχε γινει η πρασινη μεταβαση στην ενεργεια,2
"📍 Η επιτάχυνση της μετάβασης σε καύσιμα με μικρότερο αποτύπωμα άνθρακα προϋποθέτει μια σειρά επιλογών και δράσεων για τις κυβερνήσεις, τη βιομηχανία και τους οδηγούς.  https://t.co/yDGSBYoUPu",η επιταχυνση τησ μεταβασησ σε καυσιμα με μικροτερο αποτυπωμα ανθρακα προϋποθετει μια σειρα επιλογων και δρασεων για τισ κυβερνησεισ τη βιομηχανια και τουσ οδηγουσ,2
Ευρώπη: Αυτός είναι ο πιο βιώσιμος προορισμός για αγορές - Δείτε τις υπόλοιπες χώρες https://t.co/Xkgpih2P11,ευρωπη αυτοσ ειναι ο πιο βιωσιμοσ προορισμοσ για αγορεσ δειτε τισ υπολοιπεσ χωρεσ,2
Ευρώπη: Αυτός είναι ο πιο βιώσιμος προορισμός για αγορές - Δείτε τις υπόλοιπες χώρες https://t.co/oOaA7G4Xpe,ευρωπη αυτοσ ειναι ο πιο βιωσιμοσ προορισμοσ για αγορεσ δειτε τισ υπολοιπεσ χωρεσ,2
"📍 Ο ελληνικός εξορυκτικός κλάδος στηρίζει τη μετάβαση στο μοντέλο κυκλικής οικονομίας, δημιουργώντας πολλαπλά οφέλη για το περιβάλλον, την κοινωνία και την οικονομία https://t.co/rWm8UpPPbz",ο ελληνικοσ εξορυκτικοσ κλαδοσ στηριζει τη μεταβαση στο μοντελο κυκλικησ οικονομιασ δημιουργωντασ πολλαπλα οφελη για το περιβαλλον την κοινωνια και την οικονομια,2
Eurometaux: Καλεί την ΕΕ να στηρίξει τη βιομηχανία μετάλλων με πακέτο για την πράσινη ενέργεια https://t.co/WwVf8K5MIo,eurometaux καλει την εε να στηριξει τη βιομηχανια μεταλλων με πακετο για την πρασινη ενεργεια,2
"Άδ. Γεωργιάδης: Όσο αυξάνεται στο ενεργειακό μείγμα η πράσινη ενέργεια, η βιομηχανία μας θα γίνεται πιο ανταγωνιστική https://t.co/nmRpRHj2dm",αδ γεωργιαδησ οσο αυξανεται στο ενεργειακο μειγμα η πρασινη ενεργεια η βιομηχανια μασ θα γινεται πιο ανταγωνιστικη,2
"Γεωργιάδης: Όλο και πιο ανταγωνιστική η βιομηχανία μας, όσο αυξάνεται η πράσινη ενέργεια στο ενεργειακό μίγμα https://t.co/aJWr83fH7C",γεωργιαδησ ολο και πιο ανταγωνιστικη η βιομηχανια μασ οσο αυξανεται η πρασινη ενεργεια στο ενεργειακο μιγμα,2
Αυτή η χώρα κάνει στροφή στην πράσινη ενέργεια - Πόσα θα δώσει για τη μείωση στις εκπομπές άνθρακα https://t.co/kLWm77lUME,αυτη η χωρα κανει στροφη στην πρασινη ενεργεια ποσα θα δωσει για τη μειωση στισ εκπομπεσ ανθρακα,2
Κομισιόν: Πράσινη ενέργεια made in the EU - Αυτές είναι οι προτάσεις https://t.co/V1oQZEoZMQ,κομισιον πρασινη ενεργεια made in the eu αυτεσ ειναι οι προτασεισ,2
Goldman Sachs: Πόσα τρισ. δολ. θα κοστίσει η νομοθεσία για πράσινη ενέργεια στον Μπάιντεν https://t.co/NTQapzZBZP,goldman sachs ποσα τρισ δολ θα κοστισει η νομοθεσια για πρασινη ενεργεια στον μπαιντεν,2
Πετρέλαιο: Τι σημαίνει η κίνηση-σοκ του OPEC+ για τη μετάβαση στην πράσινη ενέργεια https://t.co/EJbUWC1fb1,πετρελαιο τι σημαινει η κινησησοκ του opec για τη μεταβαση στην πρασινη ενεργεια,2
ΕΤΕ: Ώθηση στις εξαγωγές από το παραδοσιακό ελαιόλαδο και «πράσινη» τεχνολογία (γράφημα) | Ειδήσεις για την Οικονομία | newmoney https://t.co/xQxv7QMFv2,ετε ωθηση στισ εξαγωγεσ απο το παραδοσιακο ελαιολαδο και πρασινη τεχνολογια γραφημα ειδησεισ για την οικονομια newmoney,2
Κλιματική αλλαγή: Κινδυνεύουν (και) οι πολικές αρκούδες | Ειδήσεις για την Οικονομία | newmoney https://t.co/nNCFWxtTLL,κλιματικη αλλαγη κινδυνευουν και οι πολικεσ αρκουδεσ ειδησεισ για την οικονομια newmoney,2
Γερμανία: Ετοιμάζει ταμείο €2 δισ. με σκοπό να εξασφαλίσει πρώτες ύλες για την πράσινη μετάβαση | Ειδήσεις για την Οικονομία | newmoney https://t.co/KshIfvkT1E,γερμανια ετοιμαζει ταμειο δισ με σκοπο να εξασφαλισει πρωτεσ υλεσ για την πρασινη μεταβαση ειδησεισ για την οικονομια newmoney,2
Κλιματική αλλαγή: «Red alert» για την υπερθέρμανση των ωκεανών και το λιώσιμο των πάγων (pics) | Ειδήσεις για την Οικονομία | newmoney https://t.co/tD7475Tk7h,κλιματικη αλλαγη red ale για την υπερθερμανση των ωκεανων και το λιωσιμο των παγων pics ειδησεισ για την οικονομια newmoney,2
Κομισιόν: Μείωση χρέους και ελλειμμάτων και επενδύσεις στην πράσινη και ψηφιακή μετάβαση | Ειδήσεις για την Οικονομία | newmoney https://t.co/TyR36jCoH5,κομισιον μειωση χρεουσ και ελλειμματων και επενδυσεισ στην πρασινη και ψηφιακη μεταβαση ειδησεισ για την οικονομια newmoney,2
'Sell in May and go away' ή… buy; Τι βλέπουν οι αναλυτές για τις αγορές και πόσο βιώσιμο είναι το πρόσφατο ράλι #capitalgr https://t.co/ALkgQmNKPB,sell in may and go away η buy τι βλεπουν οι αναλυτεσ για τισ αγορεσ και ποσο βιωσιμο ειναι το προσφατο ραλι capitalgr,2
"και καλύτερα όπλα και μετά προσπαθούμε να το κάνουμε να μοιάζει ότι προωθούμε την ειρήνη.

Δεν ακυρώνουμε εξορύξεις επειδή θέλουμε περισσότερη πράσινη ενέργεια ή για άλλα πράσινα άλογα. Κάνουμε εξορύξεις και μετά στρέφουμε τις κάμερες στο πόσο πράσινο είναι το Ελληνικό πχ. -&gt;",και καλυτερα οπλα και μετα προσπαθουμε να το κανουμε να μοιαζει οτι προωθουμε την ειρηνη δεν ακυρωνουμε εξορυξεισ επειδη θελουμε περισσοτερη πρασινη ενεργεια η για αλλα πρασινα αλογα κανουμε εξορυξεισ και μετα στρεφουμε τισ καμερεσ στο ποσο πρασινο ειναι το ελληνικο πχ gt,2
Η κλιματική αλλαγή πήγε Ισπανία: Μετά την ξηρασία και τον καύσωνα… χιόνισε | Ειδήσεις για την Οικονομία | newmoney https://t.co/wPImHtiwXZ,η κλιματικη αλλαγη πηγε ισπανια μετα την ξηρασια και τον καυσωνα χιονισε ειδησεισ για την οικονομια newmoney,2
H KPMG στηρίζει το περιβάλλον: φυτεύει 2.000 δέντρα με τη βοήθεια της WE4ALL | Ειδήσεις για την Οικονομία | newmoney https://t.co/Op4wm0NS6T,h kpmg στηριζει το περιβαλλον φυτευει δεντρα με τη βοηθεια τησ weall ειδησεισ για την οικονομια newmoney,2
Κλιματική κρίση: Κατά πόσο η ξηρασία θα μετατρέψει το ελαιόλαδο σε είδος πολυτελείας | Ειδήσεις για την Οικονομία | newmoney https://t.co/e6QUOjfKq6,κλιματικη κριση κατα ποσο η ξηρασια θα μετατρεψει το ελαιολαδο σε ειδοσ πολυτελειασ ειδησεισ για την οικονομια newmoney,2
Διαγωνισμός για νέους επιχειρηματίες: Πόσο βιώσιμη είναι η επιχειρηματική ιδέα σου | Ειδήσεις για την Οικονομία | newmoney https://t.co/PFitRSPqxj,διαγωνισμοσ για νεουσ επιχειρηματιεσ ποσο βιωσιμη ειναι η επιχειρηματικη ιδεα σου ειδησεισ για την οικονομια newmoney,2
Σεμίραμις Παληού από το Όσλο: Από τις ηγέτιδες εταιρείες διεθνώς στον δρόμο για την πράσινη μετάβαση η Diana Shipping | Ειδήσεις για την Οικονομία | newmoney https://t.co/ZIIsvPaJnG,σεμιραμισ παληου απο το οσλο απο τισ ηγετιδεσ εταιρειεσ διεθνωσ στον δρομο για την πρασινη μεταβαση η diana shipping ειδησεισ για την οικονομια newmoney,2
ΑΒ Βασιλόπουλος: Eπιβραβεύεται για την καινοτομία της και τον σεβασμό προς το περιβάλλον | Ειδήσεις για την Οικονομία | newmoney https://t.co/cE1NDbeH7Y,αβ βασιλοπουλοσ eπιβραβευεται για την καινοτομια τησ και τον σεβασμο προσ το περιβαλλον ειδησεισ για την οικονομια newmoney,2
Lidl Ελλάς: Επενδύει στην πράσινη ενέργεια | Ειδήσεις για την Οικονομία | newmoney https://t.co/X5AYT094J3,lidl ελλασ επενδυει στην πρασινη ενεργεια ειδησεισ για την οικονομια newmoney,2
ΕΕ για το κλίμα: Σε κίνδυνο η Πράσινη Συμφωνία λόγω «πολιτιστικών πολέμων» | Ειδήσεις για την Οικονομία | newmoney https://t.co/PUlBIkPaPS,εε για το κλιμα σε κινδυνο η πρασινη συμφωνια λογω πολιτιστικων πολεμων ειδησεισ για την οικονομια newmoney,2
Στο Παρίσι ξεκινά η προσπάθεια για ένα νέο Μπρέτον Γουντς – Φτώχεια και κλιματική αλλαγή στο επίκεντρο | Ειδήσεις για την Οικονομία | newmoney https://t.co/HBOAtCx7xq,στο παρισι ξεκινα η προσπαθεια για ενα νεο μπρετον γουντσ φτωχεια και κλιματικη αλλαγη στο επικεντρο ειδησεισ για την οικονομια newmoney,2
Έρευνα ΣΕΒ: Το 53% των επιχειρήσεων δεν είναι επαρκώς ενημερωμένες για την Κυκλική Οικονομία | Ειδήσεις για την Οικονομία | newmoney https://t.co/I1X54p7EHQ,ερευνα σεβ το των επιχειρησεων δεν ειναι επαρκωσ ενημερωμενεσ για την κυκλικη οικονομια ειδησεισ για την οικονομια newmoney,2
Μακρόν: Ζητά «χρηματοδοτικό σοκ» για φτώχεια και κλιματική αλλαγή | Ειδήσεις για την Οικονομία | newmoney https://t.co/KMiV5UZYWo,μακρον ζητα χρηματοδοτικο σοκ για φτωχεια και κλιματικη αλλαγη ειδησεισ για την οικονομια newmoney,2
